command,pointer,valid,type,channel,head_hex,triple_referenced,triple_sound_indices,direct_source_reference
0,0x008E42,True,1,0,01000000,False,,
1,0x008E5B,True,1,0,01000000,False,,
2,0x008E6D,True,1,0,01000000,False,,
3,0x008E7F,True,1,0,01000000,False,,
4,0x008EE8,True,1,0,01000000,False,,
5,0x008F11,True,1,0,01000000,False,,
6,0x008F32,True,1,0,01000000,False,,
7,0x008F63,True,1,0,01000000,False,,
8,0x008F75,True,1,0,01000000,False,,
9,0xFFFFFF,False,,,,False,,
10,0xFFFFFF,False,,,,False,,
11,0x008F87,True,1,0,01000000,False,,wmania_tune segment A
12,0xFFFFFF,False,,,,False,,
13,0x008E32,True,2,0,0200000b,False,,wmania_tune segment C
14,0xFFFFFF,False,,,,False,,wmania_tune segment B
15,0x008FD8,True,1,0,01000000,False,,
16,0x0090D3,True,1,0,01000000,False,,
17,0x009138,True,1,0,01000000,False,,
18,0x009181,True,1,0,01000000,False,,
19,0xFFFFFF,False,,,,False,,
20,0xFFFFFF,False,,,,False,,
21,0xFFFFFF,False,,,,False,,
22,0xFFFFFF,False,,,,False,,
23,0xFFFFFF,False,,,,False,,
24,0xFFFFFF,False,,,,False,,
25,0x009204,True,1,0,01000000,False,,
26,0x0092C9,True,1,0,01000000,False,,
27,0x00937A,True,1,0,01000000,False,,
28,0x008E36,True,2,0,0200001a,False,,
29,0x008E3A,True,2,0,0200001b,False,,
30,0x008E3E,True,2,0,02000012,False,,
31,0xFFFFFF,False,,,,False,,
32,0xFFFFFF,False,,,,False,,
33,0xFFFFFF,False,,,,False,,
34,0xFFFFFF,False,,,,False,,
35,0xFFFFFF,False,,,,False,,
36,0xFFFFFF,False,,,,False,,
37,0xFFFFFF,False,,,,False,,
38,0xFFFFFF,False,,,,False,,
39,0xFFFFFF,False,,,,False,,
40,0xFFFFFF,False,,,,False,,
41,0xFFFFFF,False,,,,False,,
42,0xFFFFFF,False,,,,False,,
43,0xFFFFFF,False,,,,False,,
44,0xFFFFFF,False,,,,False,,
45,0xFFFFFF,False,,,,False,,
46,0xFFFFFF,False,,,,False,,
47,0xFFFFFF,False,,,,False,,
48,0xFFFFFF,False,,,,False,,
49,0xFFFFFF,False,,,,False,,
50,0xFFFFFF,False,,,,False,,
51,0xFFFFFF,False,,,,False,,
52,0xFFFFFF,False,,,,False,,
53,0xFFFFFF,False,,,,False,,
54,0xFFFFFF,False,,,,False,,
55,0xFFFFFF,False,,,,False,,
56,0xFFFFFF,False,,,,False,,
57,0xFFFFFF,False,,,,False,,
58,0xFFFFFF,False,,,,False,,
59,0xFFFFFF,False,,,,False,,
60,0xFFFFFF,False,,,,False,,
61,0xFFFFFF,False,,,,False,,
62,0xFFFFFF,False,,,,False,,
63,0xFFFFFF,False,,,,False,,
64,0x00938C,True,1,1,01010001,False,,
65,0x009391,True,1,2,01020001,False,,
66,0x009396,True,1,3,01030001,False,,
67,0x00939B,True,1,4,01040001,False,,
68,0xFFFFFF,False,,,,False,,
69,0xFFFFFF,False,,,,False,,
70,0xFFFFFF,False,,,,False,,
71,0xFFFFFF,False,,,,False,,
72,0xFFFFFF,False,,,,False,,
73,0xFFFFFF,False,,,,False,,
74,0xFFFFFF,False,,,,False,,
75,0xFFFFFF,False,,,,False,,
76,0xFFFFFF,False,,,,False,,
77,0xFFFFFF,False,,,,False,,
78,0xFFFFFF,False,,,,False,,
79,0xFFFFFF,False,,,,False,,
80,0xFFFFFF,False,,,,False,,
81,0xFFFFFF,False,,,,False,,
82,0xFFFFFF,False,,,,False,,
83,0xFFFFFF,False,,,,False,,
84,0xFFFFFF,False,,,,False,,
85,0xFFFFFF,False,,,,False,,
86,0xFFFFFF,False,,,,False,,
87,0xFFFFFF,False,,,,False,,
88,0xFFFFFF,False,,,,False,,
89,0xFFFFFF,False,,,,False,,
90,0xFFFFFF,False,,,,False,,
91,0xFFFFFF,False,,,,False,,
92,0xFFFFFF,False,,,,False,,
93,0xFFFFFF,False,,,,False,,
94,0xFFFFFF,False,,,,False,,
95,0xFFFFFF,False,,,,False,,
96,0x0093A0,True,1,1,01010000,False,,
97,0x0093B2,True,1,1,01010000,False,,
98,0x009460,True,1,1,01010000,False,,
99,0x009472,True,1,1,01010000,False,,
100,0x009484,True,1,1,01010000,False,,
101,0x00949E,True,1,1,01010000,False,,
102,0x0094B8,True,1,1,01010000,False,,
103,0xFFFFFF,False,,,,False,,
104,0xFFFFFF,False,,,,False,,
105,0xFFFFFF,False,,,,False,,
106,0xFFFFFF,False,,,,False,,
107,0xFFFFFF,False,,,,False,,
108,0xFFFFFF,False,,,,False,,
109,0xFFFFFF,False,,,,False,,
110,0xFFFFFF,False,,,,False,,
111,0xFFFFFF,False,,,,False,,
112,0xFFFFFF,False,,,,False,,
113,0xFFFFFF,False,,,,False,,
114,0xFFFFFF,False,,,,False,,
115,0xFFFFFF,False,,,,False,,
116,0xFFFFFF,False,,,,False,,
117,0xFFFFFF,False,,,,False,,
118,0xFFFFFF,False,,,,False,,
119,0xFFFFFF,False,,,,False,,
120,0xFFFFFF,False,,,,False,,
121,0xFFFFFF,False,,,,False,,
122,0xFFFFFF,False,,,,False,,
123,0xFFFFFF,False,,,,False,,
124,0xFFFFFF,False,,,,False,,
125,0xFFFFFF,False,,,,False,,
126,0xFFFFFF,False,,,,False,,
127,0xFFFFFF,False,,,,False,,
128,0x0094CA,True,1,1,01010000,True,001,
129,0x0094E8,True,1,2,01020000,False,,
130,0x009506,True,1,3,01030000,False,,
131,0x009524,True,1,4,01040000,False,,
132,0x009542,True,1,1,01010000,True,002,
133,0x009560,True,1,2,01020000,False,,
134,0x00957E,True,1,3,01030000,False,,
135,0x00959C,True,1,4,01040000,False,,
136,0x0095BA,True,1,1,01010000,True,004,
137,0x0095CC,True,1,2,01020000,False,,
138,0x0095DE,True,1,3,01030000,False,,
139,0x0095F0,True,1,4,01040000,False,,
140,0x009602,True,1,1,01010000,True,005,
141,0x009620,True,1,2,01020000,False,,
142,0x00963E,True,1,3,01030000,False,,
143,0x00965C,True,1,4,01040000,False,,
144,0x00967A,True,1,1,01010000,True,006,
145,0x009698,True,1,2,01020000,False,,
146,0x0096B6,True,1,3,01030000,False,,
147,0x0096D4,True,1,4,01040000,False,,
148,0x0096F2,True,1,1,01010000,True,007,
149,0x009704,True,1,2,01020000,False,,
150,0x009716,True,1,3,01030000,False,,
151,0x009728,True,1,4,01040000,False,,
152,0x00973A,True,1,1,01010000,True,008,
153,0x00974C,True,1,2,01020000,False,,
154,0x00975E,True,1,3,01030000,False,,
155,0x009770,True,1,4,01040000,False,,
156,0x009782,True,1,1,01010000,True,009,
157,0x0097A0,True,1,2,01020000,False,,
158,0x0097BE,True,1,3,01030000,False,,
159,0x0097DC,True,1,4,01040000,False,,
160,0x0097FA,True,1,1,01010000,True,04E,
161,0x00980C,True,1,2,01020000,False,,
162,0x00981E,True,1,3,01030000,False,,
163,0x009830,True,1,4,01040000,False,,
164,0x0097FA,True,1,1,01010000,True,04F,
165,0x00980C,True,1,2,01020000,False,,
166,0x00981E,True,1,3,01030000,False,,
167,0x009830,True,1,4,01040000,False,,
168,0x009842,True,1,1,01010000,True,00E,
169,0x009860,True,1,2,01020000,False,,
170,0x00987E,True,1,3,01030000,False,,
171,0x00989C,True,1,4,01040000,False,,
172,0x0098BA,True,1,1,01010000,True,00F,
173,0x0098D8,True,1,2,01020000,False,,
174,0x0098F6,True,1,3,01030000,False,,
175,0x009914,True,1,4,01040000,False,,
176,0x009932,True,1,1,01010000,True,010 035 040,
177,0x009950,True,1,2,01020000,False,,
178,0x00996E,True,1,3,01030000,False,,
179,0x00998C,True,1,4,01040000,False,,
180,0x0099AA,True,1,1,01010000,True,011,
181,0x0099C8,True,1,2,01020000,False,,
182,0x0099E6,True,1,3,01030000,False,,
183,0x009A04,True,1,4,01040000,False,,
184,0x009A22,True,1,1,01010000,True,012,
185,0x009A40,True,1,2,01020000,False,,
186,0x009A5E,True,1,3,01030000,False,,
187,0x009A7C,True,1,4,01040000,False,,
188,0x009A9A,True,1,1,01010000,True,013,
189,0x009AB8,True,1,2,01020000,False,,
190,0x009AD6,True,1,3,01030000,False,,
191,0x009AF4,True,1,4,01040000,False,,
192,0x009A9A,True,1,1,01010000,True,014,
193,0x009AB8,True,1,2,01020000,False,,
194,0x009AD6,True,1,3,01030000,False,,
195,0x009AF4,True,1,4,01040000,False,,
196,0x009B12,True,1,1,01010000,True,015,
197,0x009B30,True,1,2,01020000,False,,
198,0x009B4E,True,1,3,01030000,False,,
199,0x009B6C,True,1,4,01040000,False,,
200,0x009B8A,True,1,1,01010000,True,016,
201,0x009BA8,True,1,2,01020000,False,,
202,0x009BC6,True,1,3,01030000,False,,
203,0x009BE4,True,1,4,01040000,False,,
204,0x009C02,True,1,1,01010000,True,017,
205,0x009C20,True,1,2,01020000,False,,
206,0x009C3E,True,1,3,01030000,False,,
207,0x009C5C,True,1,4,01040000,False,,
208,0x009C7A,True,1,1,01010000,True,018 0DD,
209,0x009C98,True,1,2,01020000,False,,
210,0x009CB6,True,1,3,01030000,False,,
211,0x009CD4,True,1,4,01040000,False,,
212,0x009CF2,True,1,1,01010000,True,019,
213,0x009D10,True,1,2,01020000,False,,
214,0x009D2E,True,1,3,01030000,False,,
215,0x009D4C,True,1,4,01040000,False,,
216,0x009D6A,True,1,1,01010000,True,01A,
217,0x009D88,True,1,2,01020000,False,,
218,0x009DA6,True,1,3,01030000,False,,
219,0x009DC4,True,1,4,01040000,False,,
220,0x009DE2,True,1,1,01010000,True,01B 034,
221,0x009E00,True,1,2,01020000,False,,
222,0x009E1E,True,1,3,01030000,False,,
223,0x009E3C,True,1,4,01040000,False,,
224,0x009E5A,True,1,1,01010000,True,01C,
225,0x009E78,True,1,2,01020000,False,,
226,0x009E96,True,1,3,01030000,False,,
227,0x009EB4,True,1,4,01040000,False,,
228,0x009ED2,True,1,1,01010000,True,01D,
229,0x009F14,True,1,2,01020000,False,,
230,0x009F56,True,1,3,01030000,False,,
231,0x009F98,True,1,4,01040000,False,,
232,0x009FDA,True,1,1,01010000,True,01E 0A8,
233,0x009FEC,True,1,2,01020000,False,,
234,0x009FFE,True,1,3,01030000,False,,
235,0x00A010,True,1,4,01040000,False,,
236,0x00A022,True,1,1,01010000,True,01F 033,
237,0x00A040,True,1,2,01020000,False,,
238,0x00A05E,True,1,3,01030000,False,,
239,0x00A07C,True,1,4,01040000,False,,
240,0x00A202,True,1,1,01010000,True,020,
241,0x00A214,True,1,2,01020000,False,,
242,0x00A226,True,1,3,01030000,False,,
243,0x00A238,True,1,4,01040000,False,,
244,0x00A09A,True,1,1,01010000,True,021 0CB,
245,0x00A0B8,True,1,2,01020000,False,,
246,0x00A0D6,True,1,3,01030000,False,,
247,0x00A0F4,True,1,4,01040000,False,,
248,0x00A112,True,1,1,01010000,True,022 0CC,
249,0x00A130,True,1,2,01020000,False,,
250,0x00A14E,True,1,3,01030000,False,,
251,0x00A16C,True,1,4,01040000,False,,
252,0x00A24A,True,1,1,01010000,True,023,
253,0x00A25C,True,1,2,01020000,False,,
254,0x00A26E,True,1,3,01030000,False,,
255,0x00A280,True,1,4,01040000,False,,
256,0x00A24A,True,1,1,01010000,True,024,
257,0x00A25C,True,1,2,01020000,False,,
258,0x00A26E,True,1,3,01030000,False,,
259,0x00A280,True,1,4,01040000,False,,
260,0x00A18A,True,1,1,01010000,True,025 037,
261,0x00A1A8,True,1,2,01020000,False,,
262,0x00A1C6,True,1,3,01030000,False,,
263,0x00A1E4,True,1,4,01040000,False,,
264,0xFFFFFF,False,,,,True,026,
265,0xFFFFFF,False,,,,False,,
266,0xFFFFFF,False,,,,False,,
267,0xFFFFFF,False,,,,False,,
268,0x00A202,True,1,1,01010000,True,027,
269,0x00A214,True,1,2,01020000,False,,
270,0x00A226,True,1,3,01030000,False,,
271,0x00A238,True,1,4,01040000,False,,
272,0x00A202,True,1,1,01010000,True,028,
273,0x00A214,True,1,2,01020000,False,,
274,0x00A226,True,1,3,01030000,False,,
275,0x00A238,True,1,4,01040000,False,,
276,0x00A24A,True,1,1,01010000,True,029,
277,0x00A25C,True,1,2,01020000,False,,
278,0x00A26E,True,1,3,01030000,False,,
279,0x00A280,True,1,4,01040000,False,,
280,0xFFFFFF,False,,,,True,02A,
281,0xFFFFFF,False,,,,False,,
282,0xFFFFFF,False,,,,False,,
283,0xFFFFFF,False,,,,False,,
284,0xFFFFFF,False,,,,True,02B,
285,0xFFFFFF,False,,,,False,,
286,0xFFFFFF,False,,,,False,,
287,0xFFFFFF,False,,,,False,,
288,0x00A292,True,1,1,01010000,True,02C,
289,0x00A2A4,True,1,2,01020000,False,,
290,0x00A2B6,True,1,3,01030000,False,,
291,0x00A2C8,True,1,4,01040000,False,,
292,0x00A2DA,True,1,1,01010000,True,02D,
293,0x00A2EC,True,1,2,01020000,False,,
294,0x00A2FE,True,1,3,01030000,False,,
295,0x00A310,True,1,4,01040000,False,,
296,0x00A292,True,1,1,01010000,True,02E,
297,0x00A2A4,True,1,2,01020000,False,,
298,0x00A2B6,True,1,3,01030000,False,,
299,0x00A2C8,True,1,4,01040000,False,,
300,0x00A2DA,True,1,1,01010000,True,02F,
301,0x00A2EC,True,1,2,01020000,False,,
302,0x00A2FE,True,1,3,01030000,False,,
303,0x00A310,True,1,4,01040000,False,,
304,0xFFFFFF,False,,,,True,030,
305,0xFFFFFF,False,,,,False,,
306,0xFFFFFF,False,,,,False,,
307,0xFFFFFF,False,,,,False,,
308,0xFFFFFF,False,,,,True,031,
309,0xFFFFFF,False,,,,False,,
310,0xFFFFFF,False,,,,False,,
311,0xFFFFFF,False,,,,False,,
312,0x00A322,True,1,1,01010000,True,032,
313,0x00A334,True,1,2,01020000,False,,
314,0x00A346,True,1,3,01030000,False,,
315,0x00A358,True,1,4,01040000,False,,
316,0x00A36A,True,1,1,01010000,True,0C0,
317,0x00A388,True,1,2,01020000,False,,
318,0x00A3A6,True,1,3,01030000,False,,
319,0x00A3C4,True,1,4,01040000,False,,
320,0x00A3E2,True,1,1,01010000,True,0C2,
321,0x00A400,True,1,2,01020000,False,,
322,0x00A41E,True,1,3,01030000,False,,
323,0x00A43C,True,1,4,01040000,False,,
324,0x00A45A,True,1,1,01010000,True,0CD,
325,0x00A478,True,1,2,01020000,False,,
326,0x00A496,True,1,3,01030000,False,,
327,0x00A4B4,True,1,4,01040000,False,,
328,0x00A4D2,True,1,1,01010000,True,0B1,
329,0x00A4E4,True,1,2,01020000,False,,
330,0x00A4F6,True,1,3,01030000,False,,
331,0x00A508,True,1,4,01040000,False,,
332,0xFFFFFF,False,,,,False,,
333,0xFFFFFF,False,,,,False,,
334,0xFFFFFF,False,,,,False,,
335,0xFFFFFF,False,,,,True,0B3,
336,0xFFFFFF,False,,,,False,,
337,0xFFFFFF,False,,,,False,,
338,0xFFFFFF,False,,,,False,,
339,0xFFFFFF,False,,,,False,,
340,0x00A51A,True,1,1,01010000,False,,
341,0x00A538,True,1,2,01020000,False,,
342,0x00A556,True,1,3,01030000,False,,
343,0x00A574,True,1,4,01040000,False,,
344,0x00A51A,True,1,1,01010000,True,0B4,
345,0x00A538,True,1,2,01020000,False,,
346,0x00A556,True,1,3,01030000,False,,
347,0x00A574,True,1,4,01040000,False,,
348,0x00A592,True,1,1,01010000,True,0AC,
349,0x00A5B0,True,1,2,01020000,False,,
350,0x00A5CE,True,1,3,01030000,False,,
351,0x00A5EC,True,1,4,01040000,False,,
352,0x00A60A,True,1,1,01010000,True,0B2,
353,0x00A628,True,1,2,01020000,False,,
354,0x00A646,True,1,3,01030000,False,,
355,0x00A664,True,1,4,01040000,False,,
356,0x00B0D2,True,1,1,01010000,False,,
357,0x00B0E4,True,1,2,01020000,False,,
358,0x00B0F6,True,1,3,01030000,False,,
359,0x00B108,True,1,4,01040000,False,,
360,0x00A682,True,1,1,01010000,True,0AA,
361,0x00A6A0,True,1,2,01020000,False,,
362,0x00A6BE,True,1,3,01030000,False,,
363,0x00A6DC,True,1,4,01040000,False,,
364,0x00A6FA,True,1,1,01010000,False,,
365,0x00A718,True,1,2,01020000,False,,
366,0x00A736,True,1,3,01030000,False,,
367,0x00A754,True,1,4,01040000,False,,
368,0x00A772,True,1,1,01010000,True,0AD,
369,0x00A790,True,1,2,01020000,False,,
370,0x00A7AE,True,1,3,01030000,False,,
371,0x00A7CC,True,1,4,01040000,False,,
372,0x00A7EA,True,1,1,01010000,False,,
373,0x00A7FC,True,1,2,01020000,False,,
374,0x00A80E,True,1,3,01030000,False,,
375,0x00A820,True,1,4,01040000,False,,
376,0x00A832,True,1,1,01010000,True,0B6,
377,0x00A844,True,1,2,01020000,False,,
378,0x00A856,True,1,3,01030000,False,,
379,0x00A868,True,1,4,01040000,False,,
380,0x00A6FA,True,1,1,01010000,True,0BE,
381,0x00A718,True,1,2,01020000,False,,
382,0x00A736,True,1,3,01030000,False,,
383,0x00A754,True,1,4,01040000,False,,
384,0xFFFFFF,False,,,,False,,
385,0xFFFFFF,False,,,,False,,
386,0xFFFFFF,False,,,,False,,
387,0xFFFFFF,False,,,,False,,
388,0xFFFFFF,False,,,,False,,
389,0xFFFFFF,False,,,,False,,
390,0xFFFFFF,False,,,,False,,
391,0xFFFFFF,False,,,,False,,
392,0xFFFFFF,False,,,,False,,
393,0xFFFFFF,False,,,,False,,
394,0xFFFFFF,False,,,,False,,
395,0xFFFFFF,False,,,,False,,
396,0xFFFFFF,False,,,,False,,
397,0xFFFFFF,False,,,,False,,
398,0xFFFFFF,False,,,,False,,
399,0xFFFFFF,False,,,,False,,
400,0xFFFFFF,False,,,,False,,
401,0xFFFFFF,False,,,,False,,
402,0xFFFFFF,False,,,,False,,
403,0xFFFFFF,False,,,,False,,
404,0xFFFFFF,False,,,,False,,
405,0xFFFFFF,False,,,,False,,
406,0xFFFFFF,False,,,,False,,
407,0xFFFFFF,False,,,,False,,
408,0x00A87A,True,1,1,01010000,True,03D,
409,0x00A898,True,1,2,01020000,False,,
410,0x00A8B6,True,1,3,01030000,False,,
411,0x00A8D4,True,1,4,01040000,False,,
412,0x00A8F2,True,1,1,01010000,True,00B,
413,0x00A910,True,1,2,01020000,False,,
414,0x00A92E,True,1,3,01030000,False,,
415,0x00A94C,True,1,4,01040000,False,,
416,0x00A96A,True,1,1,01010000,True,00C,
417,0x00A988,True,1,2,01020000,False,,
418,0x00A9A6,True,1,3,01030000,False,,
419,0x00A9C4,True,1,4,01040000,False,,
420,0x00A9E2,True,1,1,01010000,False,,
421,0x00AA00,True,1,2,01020000,False,,
422,0x00AA1E,True,1,3,01030000,False,,
423,0x00AA3C,True,1,4,01040000,False,,
424,0x00AA5A,True,1,1,01010000,True,00D,
425,0x00AA78,True,1,2,01020000,False,,
426,0x00AA96,True,1,3,01030000,False,,
427,0x00AAB4,True,1,4,01040000,False,,
428,0x00AAD2,True,1,1,01010000,True,046,
429,0x00AAE4,True,1,2,01020000,False,,
430,0x00AAF6,True,1,3,01030000,False,,
431,0x00AB08,True,1,4,01040000,False,,
432,0x00AB1A,True,1,1,01010000,True,047,
433,0x00AB2C,True,1,2,01020000,False,,
434,0x00AB3E,True,1,3,01030000,True,0B5,
435,0x00AB50,True,1,4,01040000,False,,
436,0xFFFFFF,False,,,,False,,
437,0xFFFFFF,False,,,,False,,
438,0xFFFFFF,False,,,,False,,
439,0xFFFFFF,False,,,,False,,
440,0xFFFFFF,False,,,,False,,
441,0xFFFFFF,False,,,,False,,
442,0xFFFFFF,False,,,,False,,
443,0xFFFFFF,False,,,,False,,
444,0xFFFFFF,False,,,,False,,
445,0xFFFFFF,False,,,,False,,
446,0xFFFFFF,False,,,,False,,
447,0xFFFFFF,False,,,,False,,
448,0x00AB62,True,1,1,01010000,False,,
449,0x00AB80,True,1,2,01020000,False,,
450,0x00AB9E,True,1,3,01030000,False,,
451,0x00ABBC,True,1,4,01040000,False,,
452,0xFFFFFF,False,,,,False,,
453,0xFFFFFF,False,,,,False,,
454,0xFFFFFF,False,,,,False,,
455,0xFFFFFF,False,,,,False,,
456,0xFFFFFF,False,,,,False,,
457,0xFFFFFF,False,,,,False,,
458,0xFFFFFF,False,,,,False,,
459,0xFFFFFF,False,,,,False,,
460,0x00ABDA,True,1,1,01010000,True,00A,
461,0x00ABEC,True,1,2,01020000,False,,
462,0x00ABFE,True,1,3,01030000,False,,
463,0x00AC10,True,1,4,01040000,False,,
464,0x00AC22,True,1,1,01010000,True,098,
465,0x00AC64,True,1,2,01020000,False,,
466,0x00ACA6,True,1,3,01030000,False,,
467,0x00ACE8,True,1,4,01040000,False,,
468,0x00938C,True,1,1,01010001,True,0D7,
469,0x009391,True,1,2,01020001,False,,
470,0x009396,True,1,3,01030001,False,,
471,0x00939B,True,1,4,01040001,False,,
472,0x00938C,True,1,1,01010001,True,0D8,
473,0x009391,True,1,2,01020001,False,,
474,0x009396,True,1,3,01030001,False,,
475,0x00939B,True,1,4,01040001,False,,
476,0x00938C,True,1,1,01010001,True,0D9,
477,0x009391,True,1,2,01020001,False,,
478,0x009396,True,1,3,01030001,False,,
479,0x00939B,True,1,4,01040001,False,,
480,0x00AD2A,True,1,1,01010000,True,0DA,
481,0x00AD3C,True,1,2,01020000,False,,
482,0x00AD4E,True,1,3,01030000,False,,
483,0x00AD60,True,1,4,01040000,False,,
484,0x00938C,True,1,1,01010001,True,0DB,
485,0x009391,True,1,2,01020001,False,,
486,0x009396,True,1,3,01030001,False,,
487,0x00939B,True,1,4,01040001,False,,
488,0x00938C,True,1,1,01010001,True,0DC,
489,0x009391,True,1,2,01020001,False,,
490,0x009396,True,1,3,01030001,False,,
491,0x00939B,True,1,4,01040001,False,,
492,0xFFFFFF,False,,,,False,,
493,0xFFFFFF,False,,,,False,,
494,0xFFFFFF,False,,,,False,,
495,0xFFFFFF,False,,,,False,,
496,0xFFFFFF,False,,,,False,,
497,0xFFFFFF,False,,,,False,,
498,0xFFFFFF,False,,,,False,,
499,0xFFFFFF,False,,,,False,,
500,0xFFFFFF,False,,,,False,,
501,0xFFFFFF,False,,,,False,,
502,0xFFFFFF,False,,,,False,,
503,0xFFFFFF,False,,,,False,,
504,0xFFFFFF,False,,,,False,,
505,0xFFFFFF,False,,,,False,,
506,0xFFFFFF,False,,,,False,,
507,0xFFFFFF,False,,,,False,,
508,0xFFFFFF,False,,,,False,,
509,0xFFFFFF,False,,,,False,,
510,0xFFFFFF,False,,,,False,,
511,0xFFFFFF,False,,,,False,,
512,0x00938C,True,1,1,01010001,False,,
513,0x009391,True,1,2,01020001,False,,
514,0x009396,True,1,3,01030001,False,,
515,0x00939B,True,1,4,01040001,False,,
516,0x00AD72,True,1,1,01010000,False,,
517,0x00AD84,True,1,2,01020000,False,,
518,0x00AD96,True,1,3,01030000,False,,
519,0x00ADA8,True,1,4,01040000,False,,
520,0x00ADBA,True,1,1,01010000,False,,
521,0x00ADCC,True,1,2,01020000,False,,
522,0x00ADDE,True,1,3,01030000,False,,
523,0x00ADF0,True,1,4,01040000,False,,
524,0x00AE02,True,1,1,01010000,True,050,
525,0x00AE14,True,1,2,01020000,False,,
526,0x00AE26,True,1,3,01030000,False,,
527,0x00AE38,True,1,4,01040000,False,,
528,0xFFFFFF,False,,,,True,051,
529,0xFFFFFF,False,,,,False,,
530,0xFFFFFF,False,,,,False,,
531,0xFFFFFF,False,,,,False,,
532,0xFFFFFF,False,,,,False,,
533,0xFFFFFF,False,,,,False,,
534,0xFFFFFF,False,,,,False,,
535,0xFFFFFF,False,,,,False,,
536,0xFFFFFF,False,,,,True,053,
537,0xFFFFFF,False,,,,False,,
538,0xFFFFFF,False,,,,False,,
539,0xFFFFFF,False,,,,False,,
540,0xFFFFFF,False,,,,True,054,
541,0xFFFFFF,False,,,,False,,
542,0xFFFFFF,False,,,,False,,
543,0xFFFFFF,False,,,,False,,
544,0x00AE4A,True,1,1,01010000,True,055,
545,0x00AE5C,True,1,2,01020000,False,,
546,0x00AE6E,True,1,3,01030000,False,,
547,0x00AE80,True,1,4,01040000,False,,
548,0x00AE4A,True,1,1,01010000,True,056,
549,0x00AE5C,True,1,2,01020000,False,,
550,0x00AE6E,True,1,3,01030000,False,,
551,0x00AE80,True,1,4,01040000,False,,
552,0x00AE92,True,1,1,01010000,True,057,
553,0x00AEA4,True,1,2,01020000,False,,
554,0x00AEB6,True,1,3,01030000,False,,
555,0x00AEC8,True,1,4,01040000,False,,
556,0x00AE92,True,1,1,01010000,True,058,
557,0x00AEA4,True,1,2,01020000,False,,
558,0x00AEB6,True,1,3,01030000,False,,
559,0x00AEC8,True,1,4,01040000,False,,
560,0x00AEDA,True,1,1,01010000,True,059,
561,0x00AEEC,True,1,2,01020000,False,,
562,0x00AEFE,True,1,3,01030000,False,,
563,0x00AF10,True,1,4,01040000,False,,
564,0x019646,True,1,1,01010000,True,282,
565,0x019664,True,1,2,01020000,False,,
566,0x019682,True,1,3,01030000,False,,
567,0x0196A0,True,1,4,01040000,False,,
568,0x00AF22,True,1,1,01010000,True,283,
569,0x00AF34,True,1,2,01020000,False,,
570,0x00AF46,True,1,3,01030000,False,,
571,0x00AF58,True,1,4,01040000,False,,
572,0x00AF6A,True,1,1,01010000,True,284,
573,0x00AF7C,True,1,2,01020000,False,,
574,0x00AF8E,True,1,3,01030000,False,,
575,0x00AFA0,True,1,4,01040000,False,,
576,0x00AFB2,True,1,1,01010000,True,285,
577,0x00AFC4,True,1,2,01020000,False,,
578,0x00AFD6,True,1,3,01030000,False,,
579,0x00AFE8,True,1,4,01040000,False,,
580,0x00AFFA,True,1,1,01010000,True,286,
581,0x00B00C,True,1,2,01020000,False,,
582,0x00B01E,True,1,3,01030000,False,,
583,0x00B030,True,1,4,01040000,False,,
584,0x00B042,True,1,1,01010000,True,287,
585,0x00B054,True,1,2,01020000,False,,
586,0x00B066,True,1,3,01030000,False,,
587,0x00B078,True,1,4,01040000,False,,
588,0x00B08A,True,1,1,01010000,True,0D3,
589,0x00B09C,True,1,2,01020000,False,,
590,0x00B0AE,True,1,3,01030000,False,,
591,0x00B0C0,True,1,4,01040000,False,,
592,0x00B0D2,True,1,1,01010000,True,0D4,
593,0x00B0E4,True,1,2,01020000,False,,
594,0x00B0F6,True,1,3,01030000,False,,
595,0x00B108,True,1,4,01040000,False,,
596,0x00B11A,True,1,1,01010000,True,0D5,
597,0x00B12C,True,1,2,01020000,False,,
598,0x00B13E,True,1,3,01030000,False,,
599,0x00B150,True,1,4,01040000,False,,
600,0x00B162,True,1,1,01010000,True,0D6,
601,0x00B174,True,1,2,01020000,False,,
602,0x00B186,True,1,3,01030000,False,,
603,0x00B198,True,1,4,01040000,False,,
604,0xFFFFFF,False,,,,False,,
605,0xFFFFFF,False,,,,False,,
606,0xFFFFFF,False,,,,False,,
607,0xFFFFFF,False,,,,False,,
608,0xFFFFFF,False,,,,False,,
609,0xFFFFFF,False,,,,False,,
610,0xFFFFFF,False,,,,False,,
611,0xFFFFFF,False,,,,False,,
612,0xFFFFFF,False,,,,False,,
613,0xFFFFFF,False,,,,False,,
614,0xFFFFFF,False,,,,False,,
615,0xFFFFFF,False,,,,False,,
616,0xFFFFFF,False,,,,False,,
617,0xFFFFFF,False,,,,False,,
618,0xFFFFFF,False,,,,False,,
619,0xFFFFFF,False,,,,False,,
620,0xFFFFFF,False,,,,False,,
621,0xFFFFFF,False,,,,False,,
622,0xFFFFFF,False,,,,False,,
623,0xFFFFFF,False,,,,False,,
624,0xFFFFFF,False,,,,False,,
625,0xFFFFFF,False,,,,False,,
626,0xFFFFFF,False,,,,False,,
627,0xFFFFFF,False,,,,False,,
628,0xFFFFFF,False,,,,False,,
629,0xFFFFFF,False,,,,False,,
630,0xFFFFFF,False,,,,False,,
631,0xFFFFFF,False,,,,False,,
632,0xFFFFFF,False,,,,False,,
633,0xFFFFFF,False,,,,False,,
634,0xFFFFFF,False,,,,False,,
635,0xFFFFFF,False,,,,False,,
636,0xFFFFFF,False,,,,False,,
637,0xFFFFFF,False,,,,False,,
638,0xFFFFFF,False,,,,False,,
639,0xFFFFFF,False,,,,False,,
640,0xFFFFFF,False,,,,True,060,
641,0xFFFFFF,False,,,,False,,
642,0xFFFFFF,False,,,,False,,
643,0xFFFFFF,False,,,,False,,
644,0x00B1AA,True,1,1,01010000,True,061,
645,0x00B1C4,True,1,2,01020000,False,,
646,0x00B1DE,True,1,3,01030000,False,,
647,0x00B1F8,True,1,4,01040000,False,,
648,0x00B212,True,1,1,01010000,True,062,
649,0x00B224,True,1,2,01020000,False,,
650,0x00B236,True,1,3,01030000,False,,
651,0x00B248,True,1,4,01040000,False,,
652,0x00B25A,True,1,1,01010000,True,063,
653,0x00B26C,True,1,2,01020000,False,,
654,0x00B27E,True,1,3,01030000,False,,
655,0x00B290,True,1,4,01040000,False,,
656,0xFFFFFF,False,,,,True,064,
657,0xFFFFFF,False,,,,False,,
658,0xFFFFFF,False,,,,False,,
659,0xFFFFFF,False,,,,False,,
660,0xFFFFFF,False,,,,False,,
661,0xFFFFFF,False,,,,False,,
662,0xFFFFFF,False,,,,False,,
663,0xFFFFFF,False,,,,False,,
664,0xFFFFFF,False,,,,False,,
665,0xFFFFFF,False,,,,False,,
666,0xFFFFFF,False,,,,False,,
667,0xFFFFFF,False,,,,False,,
668,0xFFFFFF,False,,,,False,,
669,0xFFFFFF,False,,,,False,,
670,0xFFFFFF,False,,,,False,,
671,0xFFFFFF,False,,,,False,,
672,0xFFFFFF,False,,,,False,,
673,0xFFFFFF,False,,,,False,,
674,0xFFFFFF,False,,,,False,,
675,0xFFFFFF,False,,,,False,,
676,0xFFFFFF,False,,,,False,,
677,0xFFFFFF,False,,,,False,,
678,0xFFFFFF,False,,,,False,,
679,0xFFFFFF,False,,,,False,,
680,0xFFFFFF,False,,,,False,,
681,0xFFFFFF,False,,,,False,,
682,0xFFFFFF,False,,,,False,,
683,0xFFFFFF,False,,,,False,,
684,0xFFFFFF,False,,,,False,,
685,0xFFFFFF,False,,,,False,,
686,0xFFFFFF,False,,,,False,,
687,0xFFFFFF,False,,,,False,,
688,0xFFFFFF,False,,,,False,,
689,0xFFFFFF,False,,,,False,,
690,0xFFFFFF,False,,,,False,,
691,0xFFFFFF,False,,,,False,,
692,0xFFFFFF,False,,,,False,,
693,0xFFFFFF,False,,,,False,,
694,0xFFFFFF,False,,,,False,,
695,0xFFFFFF,False,,,,False,,
696,0xFFFFFF,False,,,,False,,
697,0xFFFFFF,False,,,,False,,
698,0xFFFFFF,False,,,,False,,
699,0xFFFFFF,False,,,,False,,
700,0xFFFFFF,False,,,,False,,
701,0xFFFFFF,False,,,,False,,
702,0xFFFFFF,False,,,,False,,
703,0xFFFFFF,False,,,,False,,
704,0xFFFFFF,False,,,,False,,
705,0xFFFFFF,False,,,,False,,
706,0xFFFFFF,False,,,,False,,
707,0xFFFFFF,False,,,,False,,
708,0xFFFFFF,False,,,,False,,
709,0xFFFFFF,False,,,,False,,
710,0xFFFFFF,False,,,,False,,
711,0xFFFFFF,False,,,,False,,
712,0xFFFFFF,False,,,,False,,
713,0xFFFFFF,False,,,,False,,
714,0xFFFFFF,False,,,,False,,
715,0xFFFFFF,False,,,,False,,
716,0xFFFFFF,False,,,,False,,
717,0xFFFFFF,False,,,,False,,
718,0xFFFFFF,False,,,,False,,
719,0xFFFFFF,False,,,,False,,
720,0xFFFFFF,False,,,,False,,
721,0xFFFFFF,False,,,,False,,
722,0xFFFFFF,False,,,,False,,
723,0xFFFFFF,False,,,,False,,
724,0xFFFFFF,False,,,,False,,
725,0xFFFFFF,False,,,,False,,
726,0xFFFFFF,False,,,,False,,
727,0xFFFFFF,False,,,,False,,
728,0xFFFFFF,False,,,,False,,
729,0xFFFFFF,False,,,,False,,
730,0xFFFFFF,False,,,,False,,
731,0xFFFFFF,False,,,,False,,
732,0xFFFFFF,False,,,,False,,
733,0xFFFFFF,False,,,,False,,
734,0xFFFFFF,False,,,,False,,
735,0xFFFFFF,False,,,,False,,
736,0xFFFFFF,False,,,,False,,
737,0xFFFFFF,False,,,,False,,
738,0xFFFFFF,False,,,,False,,
739,0xFFFFFF,False,,,,False,,
740,0xFFFFFF,False,,,,False,,
741,0xFFFFFF,False,,,,False,,
742,0xFFFFFF,False,,,,False,,
743,0xFFFFFF,False,,,,False,,
744,0xFFFFFF,False,,,,False,,
745,0xFFFFFF,False,,,,False,,
746,0xFFFFFF,False,,,,False,,
747,0xFFFFFF,False,,,,False,,
748,0xFFFFFF,False,,,,False,,
749,0xFFFFFF,False,,,,False,,
750,0xFFFFFF,False,,,,False,,
751,0xFFFFFF,False,,,,False,,
752,0xFFFFFF,False,,,,False,,
753,0xFFFFFF,False,,,,False,,
754,0xFFFFFF,False,,,,False,,
755,0xFFFFFF,False,,,,False,,
756,0xFFFFFF,False,,,,False,,
757,0xFFFFFF,False,,,,False,,
758,0xFFFFFF,False,,,,False,,
759,0xFFFFFF,False,,,,False,,
760,0xFFFFFF,False,,,,False,,
761,0xFFFFFF,False,,,,False,,
762,0xFFFFFF,False,,,,False,,
763,0xFFFFFF,False,,,,False,,
764,0xFFFFFF,False,,,,False,,
765,0xFFFFFF,False,,,,False,,
766,0xFFFFFF,False,,,,False,,
767,0xFFFFFF,False,,,,False,,
768,0x00B2A2,True,1,1,01010000,True,05A,
769,0x00B2B4,True,1,2,01020000,False,,
770,0x00B2C6,True,1,3,01030000,False,,
771,0x00B2D8,True,1,4,01040000,False,,
772,0x00B2EA,True,1,1,01010000,True,05B,
773,0x00B304,True,1,2,01020000,False,,
774,0x00B31E,True,1,3,01030000,False,,
775,0x00B338,True,1,4,01040000,False,,
776,0xFFFFFF,False,,,,False,,
777,0xFFFFFF,False,,,,False,,
778,0xFFFFFF,False,,,,False,,
779,0xFFFFFF,False,,,,False,,
780,0xFFFFFF,False,,,,False,,
781,0xFFFFFF,False,,,,False,,
782,0xFFFFFF,False,,,,False,,
783,0xFFFFFF,False,,,,False,,
784,0xFFFFFF,False,,,,False,,
785,0xFFFFFF,False,,,,False,,
786,0xFFFFFF,False,,,,False,,
787,0xFFFFFF,False,,,,False,,
788,0xFFFFFF,False,,,,False,,
789,0xFFFFFF,False,,,,True,0B0,
790,0xFFFFFF,False,,,,False,,
791,0xFFFFFF,False,,,,False,,
792,0xFFFFFF,False,,,,False,,
793,0xFFFFFF,False,,,,False,,
794,0xFFFFFF,False,,,,False,,
795,0xFFFFFF,False,,,,False,,
796,0xFFFFFF,False,,,,False,,
797,0xFFFFFF,False,,,,False,,
798,0xFFFFFF,False,,,,False,,
799,0xFFFFFF,False,,,,False,,
800,0xFFFFFF,False,,,,False,,
801,0xFFFFFF,False,,,,False,,
802,0xFFFFFF,False,,,,False,,
803,0xFFFFFF,False,,,,False,,
804,0xFFFFFF,False,,,,False,,
805,0xFFFFFF,False,,,,False,,
806,0xFFFFFF,False,,,,False,,
807,0xFFFFFF,False,,,,False,,
808,0xFFFFFF,False,,,,False,,
809,0xFFFFFF,False,,,,False,,
810,0xFFFFFF,False,,,,False,,
811,0xFFFFFF,False,,,,False,,
812,0xFFFFFF,False,,,,False,,
813,0xFFFFFF,False,,,,False,,
814,0xFFFFFF,False,,,,False,,
815,0xFFFFFF,False,,,,False,,
816,0xFFFFFF,False,,,,False,,
817,0xFFFFFF,False,,,,False,,
818,0xFFFFFF,False,,,,False,,
819,0xFFFFFF,False,,,,False,,
820,0xFFFFFF,False,,,,False,,
821,0xFFFFFF,False,,,,False,,
822,0xFFFFFF,False,,,,False,,
823,0xFFFFFF,False,,,,False,,
824,0xFFFFFF,False,,,,False,,
825,0xFFFFFF,False,,,,False,,
826,0xFFFFFF,False,,,,False,,
827,0xFFFFFF,False,,,,False,,
828,0xFFFFFF,False,,,,False,,
829,0xFFFFFF,False,,,,False,,
830,0xFFFFFF,False,,,,False,,
831,0xFFFFFF,False,,,,False,,
832,0xFFFFFF,False,,,,False,,
833,0xFFFFFF,False,,,,False,,
834,0xFFFFFF,False,,,,False,,
835,0xFFFFFF,False,,,,False,,
836,0xFFFFFF,False,,,,False,,
837,0xFFFFFF,False,,,,False,,
838,0xFFFFFF,False,,,,False,,
839,0xFFFFFF,False,,,,False,,
840,0xFFFFFF,False,,,,False,,
841,0xFFFFFF,False,,,,False,,
842,0xFFFFFF,False,,,,False,,
843,0xFFFFFF,False,,,,False,,
844,0xFFFFFF,False,,,,False,,
845,0xFFFFFF,False,,,,False,,
846,0xFFFFFF,False,,,,False,,
847,0xFFFFFF,False,,,,False,,
848,0xFFFFFF,False,,,,False,,
849,0xFFFFFF,False,,,,False,,
850,0xFFFFFF,False,,,,False,,
851,0xFFFFFF,False,,,,False,,
852,0xFFFFFF,False,,,,False,,
853,0xFFFFFF,False,,,,False,,
854,0xFFFFFF,False,,,,False,,
855,0xFFFFFF,False,,,,False,,
856,0xFFFFFF,False,,,,False,,
857,0xFFFFFF,False,,,,False,,
858,0xFFFFFF,False,,,,False,,
859,0xFFFFFF,False,,,,False,,
860,0xFFFFFF,False,,,,False,,
861,0xFFFFFF,False,,,,False,,
862,0xFFFFFF,False,,,,False,,
863,0xFFFFFF,False,,,,False,,
864,0xFFFFFF,False,,,,False,,
865,0xFFFFFF,False,,,,False,,
866,0xFFFFFF,False,,,,False,,
867,0xFFFFFF,False,,,,False,,
868,0xFFFFFF,False,,,,False,,
869,0xFFFFFF,False,,,,False,,
870,0xFFFFFF,False,,,,False,,
871,0xFFFFFF,False,,,,False,,
872,0xFFFFFF,False,,,,False,,
873,0xFFFFFF,False,,,,False,,
874,0xFFFFFF,False,,,,False,,
875,0xFFFFFF,False,,,,False,,
876,0xFFFFFF,False,,,,False,,
877,0xFFFFFF,False,,,,False,,
878,0xFFFFFF,False,,,,False,,
879,0xFFFFFF,False,,,,False,,
880,0xFFFFFF,False,,,,False,,
881,0xFFFFFF,False,,,,False,,
882,0xFFFFFF,False,,,,False,,
883,0xFFFFFF,False,,,,False,,
884,0xFFFFFF,False,,,,False,,
885,0xFFFFFF,False,,,,False,,
886,0xFFFFFF,False,,,,False,,
887,0xFFFFFF,False,,,,False,,
888,0xFFFFFF,False,,,,False,,
889,0xFFFFFF,False,,,,False,,
890,0xFFFFFF,False,,,,False,,
891,0xFFFFFF,False,,,,False,,
892,0xFFFFFF,False,,,,False,,
893,0xFFFFFF,False,,,,False,,
894,0xFFFFFF,False,,,,False,,
895,0xFFFFFF,False,,,,False,,
896,0xFFFFFF,False,,,,False,,
897,0xFFFFFF,False,,,,False,,
898,0xFFFFFF,False,,,,False,,
899,0xFFFFFF,False,,,,False,,
900,0x00B352,True,1,1,01010000,True,066,
901,0x00B364,True,1,2,01020000,False,,
902,0x00B376,True,1,3,01030000,False,,
903,0x00B388,True,1,4,01040000,False,,
904,0x00B39A,True,1,1,01010000,True,042 067,
905,0x00B3B4,True,1,2,01020000,False,,
906,0x00B3CE,True,1,3,01030000,False,,
907,0x00B3E8,True,1,4,01040000,False,,
908,0x00B39A,True,1,1,01010000,True,068,
909,0x00B3B4,True,1,2,01020000,False,,
910,0x00B3CE,True,1,3,01030000,False,,
911,0x00B3E8,True,1,4,01040000,False,,
912,0x00B402,True,1,1,01010000,True,069,
913,0x00B414,True,1,2,01020000,False,,
914,0x00B426,True,1,3,01030000,False,,
915,0x00B438,True,1,4,01040000,False,,
916,0x00B44A,True,1,1,01010000,True,06A,
917,0x00B45C,True,1,2,01020000,False,,
918,0x00B46E,True,1,3,01030000,False,,
919,0x00B480,True,1,4,01040000,False,,
920,0x00B492,True,1,1,01010000,True,06B,
921,0x00B4A4,True,1,2,01020000,False,,
922,0x00B4B6,True,1,3,01030000,False,,
923,0x00B4C8,True,1,4,01040000,False,,
924,0xFFFFFF,False,,,,False,,
925,0xFFFFFF,False,,,,False,,
926,0xFFFFFF,False,,,,False,,
927,0xFFFFFF,False,,,,False,,
928,0xFFFFFF,False,,,,False,,
929,0xFFFFFF,False,,,,False,,
930,0xFFFFFF,False,,,,False,,
931,0xFFFFFF,False,,,,False,,
932,0x00B4DA,True,1,1,01010000,True,06E,
933,0x00B4EC,True,1,2,01020000,False,,
934,0x00B4FE,True,1,3,01030000,False,,
935,0x00B510,True,1,4,01040000,False,,
936,0x00B522,True,1,1,01010000,True,06F,
937,0x00B534,True,1,2,01020000,False,,
938,0x00B546,True,1,3,01030000,False,,
939,0x00B558,True,1,4,01040000,False,,
940,0xFFFFFF,False,,,,False,,
941,0xFFFFFF,False,,,,False,,
942,0xFFFFFF,False,,,,False,,
943,0xFFFFFF,False,,,,False,,
944,0xFFFFFF,False,,,,False,,
945,0xFFFFFF,False,,,,False,,
946,0xFFFFFF,False,,,,False,,
947,0xFFFFFF,False,,,,False,,
948,0xFFFFFF,False,,,,False,,
949,0xFFFFFF,False,,,,False,,
950,0xFFFFFF,False,,,,False,,
951,0xFFFFFF,False,,,,False,,
952,0xFFFFFF,False,,,,False,,
953,0xFFFFFF,False,,,,False,,
954,0xFFFFFF,False,,,,False,,
955,0xFFFFFF,False,,,,False,,
956,0xFFFFFF,False,,,,False,,
957,0xFFFFFF,False,,,,False,,
958,0xFFFFFF,False,,,,False,,
959,0xFFFFFF,False,,,,False,,
960,0xFFFFFF,False,,,,False,,
961,0xFFFFFF,False,,,,False,,
962,0xFFFFFF,False,,,,False,,
963,0xFFFFFF,False,,,,False,,
964,0xFFFFFF,False,,,,False,,
965,0xFFFFFF,False,,,,False,,
966,0xFFFFFF,False,,,,False,,
967,0xFFFFFF,False,,,,False,,
968,0xFFFFFF,False,,,,False,,
969,0xFFFFFF,False,,,,False,,
970,0xFFFFFF,False,,,,False,,
971,0xFFFFFF,False,,,,False,,
972,0xFFFFFF,False,,,,False,,
973,0xFFFFFF,False,,,,False,,
974,0xFFFFFF,False,,,,False,,
975,0xFFFFFF,False,,,,False,,
976,0xFFFFFF,False,,,,False,,
977,0xFFFFFF,False,,,,False,,
978,0xFFFFFF,False,,,,False,,
979,0xFFFFFF,False,,,,False,,
980,0x00B56A,True,1,2,01020000,False,,
981,0x00B57C,True,1,2,01020000,False,,
982,0x00B58E,True,1,2,01020000,False,,
983,0x00B5A0,True,1,2,01020000,False,,
984,0x00B5B2,True,1,2,01020000,False,,
985,0x00B5C4,True,1,2,01020000,False,,
986,0x00B5D6,True,1,2,01020000,False,,
987,0x00B5E8,True,1,2,01020000,False,,
988,0x00B5E8,True,1,2,01020000,False,,
989,0x00B5E8,True,1,2,01020000,False,,
990,0x00B5FA,True,1,0,01000000,False,,
991,0x00B60F,True,1,0,01000000,False,,
992,0xFFFFFF,False,,,,False,,
993,0x00B624,True,1,0,01000000,False,,
994,0x00B629,True,1,1,01010000,False,,stop channel 1
995,0x00B62E,True,1,2,01020000,False,,stop channel 2
996,0x00B633,True,1,3,01030000,False,,stop channel 3
997,0x00B638,True,1,4,01040000,False,,stop channel 4
998,0x00B63D,True,1,5,01050000,False,,
999,0x00B642,True,1,0,01000000,False,,
1000,0x009204,True,1,0,01000000,False,,
1001,0x00B64B,True,1,1,01010000,False,,
1002,0x00B654,True,1,2,01020000,False,,
1003,0x00B65D,True,1,3,01030000,False,,
1004,0x00B666,True,1,4,01040000,False,,
1005,0x00B66F,True,1,0,01000000,False,,
1006,0x00B6BA,True,1,0,01000000,False,,
1007,0xFFFFFF,False,,,,False,,
1008,0xFFFFFF,False,,,,False,,
1009,0xFFFFFF,False,,,,False,,
1010,0xFFFFFF,False,,,,False,,
1011,0xFFFFFF,False,,,,False,,
1012,0xFFFFFF,False,,,,False,,
1013,0xFFFFFF,False,,,,False,,
1014,0xFFFFFF,False,,,,False,,
1015,0xFFFFFF,False,,,,False,,
1016,0xFFFFFF,False,,,,False,,
1017,0xFFFFFF,False,,,,False,,
1018,0xFFFFFF,False,,,,False,,
1019,0xFFFFFF,False,,,,False,,
1020,0xFFFFFF,False,,,,False,,
1021,0xFFFFFF,False,,,,False,,
1022,0xFFFFFF,False,,,,False,,
1023,0xFFFFFF,False,,,,False,,
1024,0xFFFFFF,False,,,,False,,
1025,0xFFFFFF,False,,,,False,,
1026,0xFFFFFF,False,,,,False,,
1027,0xFFFFFF,False,,,,False,,
1028,0xFFFFFF,False,,,,False,,
1029,0xFFFFFF,False,,,,False,,
1030,0xFFFFFF,False,,,,False,,
1031,0xFFFFFF,False,,,,False,,
1032,0xFFFFFF,False,,,,False,,
1033,0xFFFFFF,False,,,,False,,
1034,0xFFFFFF,False,,,,False,,
1035,0xFFFFFF,False,,,,False,,
1036,0xFFFFFF,False,,,,False,,
1037,0xFFFFFF,False,,,,False,,
1038,0xFFFFFF,False,,,,False,,
1039,0xFFFFFF,False,,,,False,,
1040,0xFFFFFF,False,,,,False,,
1041,0xFFFFFF,False,,,,False,,
1042,0xFFFFFF,False,,,,False,,
1043,0xFFFFFF,False,,,,False,,
1044,0x00B6DC,True,1,1,01010000,False,,
1045,0x00B6EE,True,1,2,01020000,True,085,
1046,0x00B700,True,1,3,01030000,False,,
1047,0x00B712,True,1,4,01040000,False,,
1048,0xFFFFFF,False,,,,True,086,
1049,0xFFFFFF,False,,,,False,,
1050,0xFFFFFF,False,,,,False,,
1051,0xFFFFFF,False,,,,True,087,
1052,0xFFFFFF,False,,,,False,,
1053,0xFFFFFF,False,,,,False,,
1054,0xFFFFFF,False,,,,True,088,
1055,0xFFFFFF,False,,,,False,,
1056,0x00B6DC,True,1,1,01010000,False,,
1057,0x00B6EE,True,1,2,01020000,True,089,
1058,0x00B700,True,1,3,01030000,False,,
1059,0x00B712,True,1,4,01040000,False,,
1060,0x00B724,True,1,1,01010000,True,08A,
1061,0x00B736,True,1,2,01020000,False,,
1062,0x00B748,True,1,3,01030000,False,,
1063,0x00B75A,True,1,4,01040000,True,08B,
1064,0xFFFFFF,False,,,,False,,
1065,0xFFFFFF,False,,,,False,,
1066,0xFFFFFF,False,,,,True,08C,
1067,0xFFFFFF,False,,,,False,,
1068,0xFFFFFF,False,,,,False,,
1069,0xFFFFFF,False,,,,True,08D,
1070,0xFFFFFF,False,,,,False,,
1071,0xFFFFFF,False,,,,False,,
1072,0xFFFFFF,False,,,,True,08E,
1073,0xFFFFFF,False,,,,False,,
1074,0xFFFFFF,False,,,,False,,
1075,0xFFFFFF,False,,,,True,08F 090,
1076,0xFFFFFF,False,,,,False,,
1077,0xFFFFFF,False,,,,False,,
1078,0xFFFFFF,False,,,,True,091,
1079,0xFFFFFF,False,,,,False,,
1080,0x00B76C,True,1,1,01010000,False,,
1081,0x00B77E,True,1,2,01020000,True,092,
1082,0x00B790,True,1,3,01030000,False,,
1083,0x00B7A2,True,1,4,01040000,False,,
1084,0x00B76C,True,1,1,01010000,True,093,
1085,0x00B77E,True,1,2,01020000,False,,
1086,0x00B790,True,1,3,01030000,False,,
1087,0x00B7A2,True,1,4,01040000,True,094,
1088,0xFFFFFF,False,,,,False,,
1089,0xFFFFFF,False,,,,False,,
1090,0xFFFFFF,False,,,,False,,
1091,0xFFFFFF,False,,,,False,,
1092,0xFFFFFF,False,,,,False,,
1093,0xFFFFFF,False,,,,False,,
1094,0xFFFFFF,False,,,,False,,
1095,0xFFFFFF,False,,,,False,,
1096,0x00B76C,True,1,1,01010000,False,,
1097,0x00B77E,True,1,2,01020000,False,,
1098,0x00B790,True,1,3,01030000,False,,
1099,0x00B7A2,True,1,4,01040000,False,,
1100,0xFFFFFF,False,,,,False,,
1101,0xFFFFFF,False,,,,False,,
1102,0xFFFFFF,False,,,,False,,
1103,0xFFFFFF,False,,,,False,,
1104,0x00B76C,True,1,1,01010000,False,,
1105,0x00B77E,True,1,2,01020000,False,,
1106,0x00B790,True,1,3,01030000,False,,
1107,0x00B7A2,True,1,4,01040000,False,,
1108,0x00B76C,True,1,1,01010000,False,,
1109,0x00B77E,True,1,2,01020000,False,,
1110,0x00B790,True,1,3,01030000,False,,
1111,0x00B7A2,True,1,4,01040000,False,,
1112,0xFFFFFF,False,,,,False,,
1113,0xFFFFFF,False,,,,False,,
1114,0xFFFFFF,False,,,,False,,
1115,0xFFFFFF,False,,,,False,,
1116,0x00B7B4,True,1,1,01010000,True,071,
1117,0x00B7D2,True,1,2,01020000,False,,
1118,0x00B7F0,True,1,3,01030000,False,,
1119,0x00B80E,True,1,4,01040000,False,,
1120,0x00B82C,True,1,1,01010000,True,072,
1121,0x00B84A,True,1,2,01020000,False,,
1122,0x00B868,True,1,3,01030000,False,,
1123,0x00B886,True,1,4,01040000,False,,
1124,0x00B8A4,True,1,1,01010000,True,073,
1125,0x00B8C2,True,1,2,01020000,False,,
1126,0x00B8E0,True,1,3,01030000,False,,
1127,0x00B8FE,True,1,4,01040000,False,,
1128,0x00B8A4,True,1,1,01010000,True,074,
1129,0x00B8C2,True,1,2,01020000,False,,
1130,0x00B8E0,True,1,3,01030000,False,,
1131,0x00B8FE,True,1,4,01040000,False,,
1132,0xFFFFFF,False,,,,True,075,
1133,0xFFFFFF,False,,,,False,,
1134,0xFFFFFF,False,,,,False,,
1135,0xFFFFFF,False,,,,False,,
1136,0xFFFFFF,False,,,,False,,
1137,0xFFFFFF,False,,,,False,,
1138,0xFFFFFF,False,,,,False,,
1139,0xFFFFFF,False,,,,False,,
1140,0xFFFFFF,False,,,,False,,
1141,0xFFFFFF,False,,,,False,,
1142,0xFFFFFF,False,,,,False,,
1143,0xFFFFFF,False,,,,False,,
1144,0xFFFFFF,False,,,,False,,
1145,0xFFFFFF,False,,,,False,,
1146,0xFFFFFF,False,,,,False,,
1147,0xFFFFFF,False,,,,False,,
1148,0x00B91C,True,1,1,01010000,True,079,
1149,0x00B92E,True,1,2,01020000,False,,
1150,0x00B940,True,1,3,01030000,False,,
1151,0x00B952,True,1,4,01040000,False,,
1152,0xFFFFFF,False,,,,False,,
1153,0xFFFFFF,False,,,,False,,
1154,0xFFFFFF,False,,,,False,,
1155,0xFFFFFF,False,,,,False,,
1156,0xFFFFFF,False,,,,False,,
1157,0xFFFFFF,False,,,,False,,
1158,0xFFFFFF,False,,,,False,,
1159,0xFFFFFF,False,,,,False,,
1160,0x00B964,True,1,1,01010000,True,07C,
1161,0x00B982,True,1,2,01020000,False,,
1162,0x00B9A0,True,1,3,01030000,False,,
1163,0x00B9BE,True,1,4,01040000,False,,
1164,0xFFFFFF,False,,,,False,,
1165,0xFFFFFF,False,,,,False,,
1166,0xFFFFFF,False,,,,False,,
1167,0xFFFFFF,False,,,,False,,
1168,0xFFFFFF,False,,,,False,,
1169,0xFFFFFF,False,,,,False,,
1170,0xFFFFFF,False,,,,False,,
1171,0xFFFFFF,False,,,,False,,
1172,0x00B9DC,True,1,1,01010000,False,,
1173,0x00B9FA,True,1,2,01020000,False,,
1174,0x00BA18,True,1,3,01030000,False,,
1175,0x00BA36,True,1,4,01040000,False,,
1176,0x00938C,True,1,1,01010001,False,,
1177,0x009391,True,1,2,01020001,False,,
1178,0x009396,True,1,3,01030001,False,,
1179,0x00939B,True,1,4,01040001,False,,
1180,0x00BA54,True,1,1,01010000,True,0CE,
1181,0x00BA72,True,1,2,01020000,False,,
1182,0x00BA90,True,1,3,01030000,False,,
1183,0x00BAAE,True,1,4,01040000,False,,
1184,0x00BACC,True,1,1,01010000,True,0CF,
1185,0x00BADE,True,1,2,01020000,False,,
1186,0x00BAF0,True,1,3,01030000,False,,
1187,0x00BB02,True,1,4,01040000,False,,
1188,0x00BB14,True,1,1,01010000,True,0D0,
1189,0x00BB32,True,1,2,01020000,False,,
1190,0x00BB50,True,1,3,01030000,False,,
1191,0x00BB6E,True,1,4,01040000,False,,
1192,0x00BB8C,True,1,1,01010000,True,0D1,
1193,0x00BBAA,True,1,2,01020000,False,,
1194,0x00BBC8,True,1,3,01030000,False,,
1195,0x00BBE6,True,1,4,01040000,False,,
1196,0x00BC04,True,1,1,01010000,True,082,
1197,0x00BC16,True,1,2,01020000,False,,
1198,0x00BC28,True,1,3,01030000,False,,
1199,0x00BC3A,True,1,4,01040000,False,,
1200,0x00BC04,True,1,1,01010000,False,,
1201,0x00BC16,True,1,2,01020000,False,,
1202,0x00BC28,True,1,3,01030000,False,,
1203,0x00BC3A,True,1,4,01040000,False,,
1204,0x00BC4C,True,1,1,01010000,False,,
1205,0x00BC5E,True,1,2,01020000,False,,
1206,0x00BC70,True,1,3,01030000,False,,
1207,0x00BC82,True,1,4,01040000,False,,
1208,0x00BC94,True,1,1,01010000,True,0D2,
1209,0x00BCD6,True,1,2,01020000,False,,
1210,0x00BD18,True,1,3,01030000,False,,
1211,0x00BD5A,True,1,4,01040000,False,,
1212,0x00BD9C,True,1,1,01010000,False,,
1213,0x00BDAE,True,1,2,01020000,False,,
1214,0x00BDC0,True,1,3,01030000,False,,
1215,0x00BDD2,True,1,4,01040000,False,,
1216,0x00BDE4,True,1,1,01010000,False,,
1217,0x00BE02,True,1,2,01020000,False,,
1218,0x00BE20,True,1,3,01030000,False,,
1219,0x00BE3E,True,1,4,01040000,False,,
1220,0x00BE5C,True,1,1,01010000,True,0AE,
1221,0x00BE7A,True,1,2,01020000,False,,
1222,0x00BE98,True,1,3,01030000,False,,
1223,0x00BEB6,True,1,4,01040000,False,,
1224,0x00BED4,True,1,1,01010000,True,0AF,
1225,0x00BEF2,True,1,2,01020000,False,,
1226,0x00BF10,True,1,3,01030000,False,,
1227,0x00BF2E,True,1,4,01040000,False,,
1228,0x00BF4C,True,1,1,01010000,True,099,
1229,0x00BF6A,True,1,2,01020000,False,,
1230,0x00BF88,True,1,3,01030000,False,,
1231,0x00BFA6,True,1,4,01040000,False,,
1232,0x00BFC4,True,1,1,01010000,True,09A,
1233,0x00BFE2,True,1,2,01020000,False,,
1234,0x00C000,True,1,3,01030000,False,,
1235,0x00C01E,True,1,4,01040000,False,,
1236,0x00C03C,True,1,1,01010000,True,041 0AB,
1237,0x00C05A,True,1,2,01020000,False,,
1238,0x00C078,True,1,3,01030000,False,,
1239,0x00C096,True,1,4,01040000,False,,
1240,0x00C0B4,True,1,1,01010000,True,09C,
1241,0x00C0D2,True,1,2,01020000,False,,
1242,0x00C0F0,True,1,3,01030000,False,,
1243,0x00C10E,True,1,4,01040000,False,,
1244,0x00C12C,True,1,1,01010000,True,09D,
1245,0x00C14A,True,1,2,01020000,False,,
1246,0x00C168,True,1,3,01030000,False,,
1247,0x00C186,True,1,4,01040000,False,,
1248,0x00C1A4,True,1,1,01010000,True,09E,
1249,0x00C1C2,True,1,2,01020000,False,,
1250,0x00C1E0,True,1,3,01030000,False,,
1251,0x00C1FE,True,1,4,01040000,False,,
1252,0x00C21C,True,1,1,01010000,True,09F,
1253,0x00C23A,True,1,2,01020000,False,,
1254,0x00C258,True,1,3,01030000,False,,
1255,0x00C276,True,1,4,01040000,False,,
1256,0x00C12C,True,1,1,01010000,True,0A0,
1257,0x00C14A,True,1,2,01020000,False,,
1258,0x00C168,True,1,3,01030000,False,,
1259,0x00C186,True,1,4,01040000,False,,
1260,0x00C1A4,True,1,1,01010000,True,0A1,
1261,0x00C1C2,True,1,2,01020000,False,,
1262,0x00C1E0,True,1,3,01030000,False,,
1263,0x00C1FE,True,1,4,01040000,False,,
1264,0x00938C,True,1,1,01010001,True,0A2,
1265,0x009391,True,1,2,01020001,False,,
1266,0x009396,True,1,3,01030001,False,,
1267,0x00939B,True,1,4,01040001,False,,
1268,0x00C294,True,1,1,01010000,True,0A3,
1269,0x00C2B2,True,1,2,01020000,False,,
1270,0x00C2D0,True,1,3,01030000,False,,
1271,0x00C2EE,True,1,4,01040000,False,,
1272,0xFFFFFF,False,,,,False,,
1273,0xFFFFFF,False,,,,False,,
1274,0xFFFFFF,False,,,,False,,
1275,0xFFFFFF,False,,,,False,,
1276,0xFFFFFF,False,,,,False,,
1277,0xFFFFFF,False,,,,False,,
1278,0xFFFFFF,False,,,,False,,
1279,0xFFFFFF,False,,,,False,,
1280,0x00C30C,True,1,1,01010000,True,076 0BF,
1281,0x00C32A,True,1,2,01020000,False,,
1282,0x00C348,True,1,3,01030000,False,,
1283,0x00C366,True,1,4,01040000,False,,
1284,0x00C384,True,1,1,01010000,True,03C,
1285,0x00C396,True,1,2,01020000,False,,
1286,0x00C3A8,True,1,3,01030000,False,,
1287,0x00C3BA,True,1,4,01040000,False,,
1288,0x00C3CC,True,1,1,01010000,True,077 0A5 0C1,
1289,0x00C3EA,True,1,2,01020000,False,,
1290,0x00C408,True,1,3,01030000,False,,
1291,0x00C426,True,1,4,01040000,False,,
1292,0xFFFFFF,False,,,,False,,
1293,0xFFFFFF,False,,,,False,,
1294,0xFFFFFF,False,,,,False,,
1295,0xFFFFFF,False,,,,False,,
1296,0x00C444,True,1,1,01010000,True,078 0C3,
1297,0x00C462,True,1,2,01020000,False,,
1298,0x00C480,True,1,3,01030000,False,,
1299,0x00C49E,True,1,4,01040000,False,,
1300,0xFFFFFF,False,,,,False,,
1301,0xFFFFFF,False,,,,False,,
1302,0xFFFFFF,False,,,,False,,
1303,0xFFFFFF,False,,,,False,,
1304,0x00C4BC,True,1,1,01010000,True,0C5,
1305,0x00C4DA,True,1,2,01020000,False,,
1306,0x00C4F8,True,1,3,01030000,False,,
1307,0x00C516,True,1,4,01040000,False,,
1308,0xFFFFFF,False,,,,False,,
1309,0xFFFFFF,False,,,,False,,
1310,0xFFFFFF,False,,,,False,,
1311,0xFFFFFF,False,,,,False,,
1312,0xFFFFFF,False,,,,False,,
1313,0xFFFFFF,False,,,,False,,
1314,0xFFFFFF,False,,,,False,,
1315,0xFFFFFF,False,,,,False,,
1316,0xFFFFFF,False,,,,False,,
1317,0xFFFFFF,False,,,,False,,
1318,0xFFFFFF,False,,,,False,,
1319,0xFFFFFF,False,,,,False,,
1320,0xFFFFFF,False,,,,False,,
1321,0xFFFFFF,False,,,,False,,
1322,0xFFFFFF,False,,,,False,,
1323,0xFFFFFF,False,,,,False,,
1324,0xFFFFFF,False,,,,False,,
1325,0xFFFFFF,False,,,,False,,
1326,0xFFFFFF,False,,,,False,,
1327,0xFFFFFF,False,,,,False,,
1328,0xFFFFFF,False,,,,False,,
1329,0xFFFFFF,False,,,,False,,
1330,0xFFFFFF,False,,,,False,,
1331,0xFFFFFF,False,,,,False,,
1332,0xFFFFFF,False,,,,False,,
1333,0xFFFFFF,False,,,,False,,
1334,0xFFFFFF,False,,,,False,,
1335,0xFFFFFF,False,,,,False,,
1336,0xFFFFFF,False,,,,False,,
1337,0xFFFFFF,False,,,,False,,
1338,0xFFFFFF,False,,,,False,,
1339,0xFFFFFF,False,,,,False,,
1340,0xFFFFFF,False,,,,False,,
1341,0xFFFFFF,False,,,,False,,
1342,0xFFFFFF,False,,,,False,,
1343,0xFFFFFF,False,,,,False,,
1344,0xFFFFFF,False,,,,False,,
1345,0xFFFFFF,False,,,,False,,
1346,0xFFFFFF,False,,,,False,,
1347,0xFFFFFF,False,,,,False,,
1348,0xFFFFFF,False,,,,False,,
1349,0xFFFFFF,False,,,,False,,
1350,0xFFFFFF,False,,,,False,,
1351,0xFFFFFF,False,,,,False,,
1352,0xFFFFFF,False,,,,False,,
1353,0xFFFFFF,False,,,,False,,
1354,0xFFFFFF,False,,,,False,,
1355,0xFFFFFF,False,,,,False,,
1356,0xFFFFFF,False,,,,False,,
1357,0xFFFFFF,False,,,,False,,
1358,0xFFFFFF,False,,,,False,,
1359,0xFFFFFF,False,,,,False,,
1360,0xFFFFFF,False,,,,False,,
1361,0xFFFFFF,False,,,,False,,
1362,0xFFFFFF,False,,,,False,,
1363,0xFFFFFF,False,,,,False,,
1364,0xFFFFFF,False,,,,True,0B7,
1365,0xFFFFFF,False,,,,False,,
1366,0xFFFFFF,False,,,,False,,
1367,0xFFFFFF,False,,,,False,,
1368,0xFFFFFF,False,,,,True,0B8,
1369,0xFFFFFF,False,,,,False,,
1370,0xFFFFFF,False,,,,False,,
1371,0xFFFFFF,False,,,,False,,
1372,0xFFFFFF,False,,,,False,,
1373,0xFFFFFF,False,,,,False,,
1374,0xFFFFFF,False,,,,False,,
1375,0xFFFFFF,False,,,,False,,
1376,0x00C534,True,1,1,01010000,True,048,
1377,0x00C552,True,1,2,01020000,False,,
1378,0x00C570,True,1,3,01030000,False,,
1379,0x00C58E,True,1,4,01040000,False,,
1380,0xFFFFFF,False,,,,False,,
1381,0xFFFFFF,False,,,,False,,
1382,0xFFFFFF,False,,,,False,,
1383,0xFFFFFF,False,,,,False,,
1384,0xFFFFFF,False,,,,False,,
1385,0xFFFFFF,False,,,,False,,
1386,0xFFFFFF,False,,,,False,,
1387,0xFFFFFF,False,,,,False,,
1388,0xFFFFFF,False,,,,False,,
1389,0xFFFFFF,False,,,,False,,
1390,0xFFFFFF,False,,,,False,,
1391,0xFFFFFF,False,,,,False,,
1392,0xFFFFFF,False,,,,False,,
1393,0xFFFFFF,False,,,,False,,
1394,0xFFFFFF,False,,,,False,,
1395,0xFFFFFF,False,,,,False,,
1396,0xFFFFFF,False,,,,False,,
1397,0xFFFFFF,False,,,,False,,
1398,0xFFFFFF,False,,,,False,,
1399,0xFFFFFF,False,,,,False,,
1400,0xFFFFFF,False,,,,False,,
1401,0xFFFFFF,False,,,,False,,
1402,0xFFFFFF,False,,,,False,,
1403,0xFFFFFF,False,,,,False,,
1404,0xFFFFFF,False,,,,False,,
1405,0xFFFFFF,False,,,,False,,
1406,0xFFFFFF,False,,,,False,,
1407,0xFFFFFF,False,,,,False,,
1408,0xFFFFFF,False,,,,False,,
1409,0xFFFFFF,False,,,,False,,
1410,0xFFFFFF,False,,,,False,,
1411,0xFFFFFF,False,,,,False,,
1412,0xFFFFFF,False,,,,False,,
1413,0xFFFFFF,False,,,,False,,
1414,0xFFFFFF,False,,,,False,,
1415,0xFFFFFF,False,,,,False,,
1416,0xFFFFFF,False,,,,False,,
1417,0xFFFFFF,False,,,,False,,
1418,0xFFFFFF,False,,,,False,,
1419,0xFFFFFF,False,,,,False,,
1420,0xFFFFFF,False,,,,False,,
1421,0xFFFFFF,False,,,,False,,
1422,0xFFFFFF,False,,,,False,,
1423,0xFFFFFF,False,,,,False,,
1424,0xFFFFFF,False,,,,False,,
1425,0xFFFFFF,False,,,,False,,
1426,0xFFFFFF,False,,,,False,,
1427,0xFFFFFF,False,,,,False,,
1428,0xFFFFFF,False,,,,False,,
1429,0xFFFFFF,False,,,,False,,
1430,0xFFFFFF,False,,,,False,,
1431,0xFFFFFF,False,,,,False,,
1432,0xFFFFFF,False,,,,False,,
1433,0xFFFFFF,False,,,,False,,
1434,0xFFFFFF,False,,,,False,,
1435,0xFFFFFF,False,,,,False,,
1436,0x00C5AC,True,1,1,01010000,True,043,
1437,0x00C5CA,True,1,2,01020000,False,,
1438,0x00C5E8,True,1,3,01030000,False,,
1439,0x00C606,True,1,4,01040000,False,,
1440,0xFFFFFF,False,,,,True,044,
1441,0xFFFFFF,False,,,,False,,
1442,0xFFFFFF,False,,,,False,,
1443,0xFFFFFF,False,,,,False,,
1444,0x00C624,True,1,1,01010000,True,045,
1445,0x00C642,True,1,2,01020000,False,,
1446,0x00C660,True,1,3,01030000,False,,
1447,0x00C67E,True,1,4,01040000,False,,
1448,0x00C69C,True,1,1,01010000,True,03E,
1449,0x00C6BA,True,1,2,01020000,False,,
1450,0x00C6D8,True,1,3,01030000,False,,
1451,0x00C6F6,True,1,4,01040000,False,,
1452,0x00C714,True,1,1,01010000,True,03F,
1453,0x00C726,True,1,2,01020000,False,,
1454,0x00C738,True,1,3,01030000,False,,
1455,0x00C74A,True,1,4,01040000,False,,
1456,0x00C75C,True,1,1,01010000,True,0C7,
1457,0x00C76E,True,1,2,01020000,False,,
1458,0x00C780,True,1,3,01030000,False,,
1459,0x00C792,True,1,4,01040000,False,,
1460,0x00C7A4,True,1,1,01010000,True,0C8,
1461,0x00C7B6,True,1,2,01020000,False,,
1462,0x00C7C8,True,1,3,01030000,False,,
1463,0x00C7DA,True,1,4,01040000,False,,
1464,0xFFFFFF,False,,,,False,,
1465,0xFFFFFF,False,,,,False,,
1466,0xFFFFFF,False,,,,False,,
1467,0xFFFFFF,False,,,,False,,
1468,0xFFFFFF,False,,,,False,,
1469,0xFFFFFF,False,,,,False,,
1470,0xFFFFFF,False,,,,False,,
1471,0xFFFFFF,False,,,,False,,
1472,0x00C7EC,True,1,1,01010000,True,0BC,
1473,0x00C7FE,True,1,2,01020000,False,,
1474,0x00C810,True,1,3,01030000,False,,
1475,0x00C822,True,1,4,01040000,False,,
1476,0x00C834,True,1,1,01010000,True,0BD,
1477,0x00C846,True,1,2,01020000,False,,
1478,0x00C858,True,1,3,01030000,False,,
1479,0x00C86A,True,1,4,01040000,False,,
1480,0x00C87C,True,1,1,01010000,True,003,
1481,0x00C88E,True,1,2,01020000,False,,
1482,0x00C8A0,True,1,3,01030000,False,,
1483,0x00C8B2,True,1,4,01040000,False,,
1484,0x00C8C4,True,1,1,01010000,True,0B9,
1485,0x00C8D6,True,1,2,01020000,False,,
1486,0x00C8E8,True,1,3,01030000,False,,
1487,0x00C8FA,True,1,4,01040000,False,,
1488,0x00C90C,True,1,1,01010000,True,0BA,
1489,0x00C91E,True,1,2,01020000,False,,
1490,0x00C930,True,1,3,01030000,False,,
1491,0x00C942,True,1,4,01040000,False,,
1492,0x00C954,True,1,1,01010000,True,09B,
1493,0x00C996,True,1,2,01020000,False,,
1494,0x00C9D8,True,1,3,01030000,False,,
1495,0x00CA1A,True,1,4,01040000,False,,
1496,0xFFFFFF,False,,,,False,,
1497,0xFFFFFF,False,,,,False,,
1498,0xFFFFFF,False,,,,False,,
1499,0xFFFFFF,False,,,,False,,
1500,0xFFFFFF,False,,,,False,,
1501,0xFFFFFF,False,,,,False,,
1502,0xFFFFFF,False,,,,False,,
1503,0xFFFFFF,False,,,,False,,
1504,0xFFFFFF,False,,,,False,,
1505,0xFFFFFF,False,,,,False,,
1506,0xFFFFFF,False,,,,False,,
1507,0xFFFFFF,False,,,,False,,
1508,0xFFFFFF,False,,,,False,,
1509,0xFFFFFF,False,,,,False,,
1510,0xFFFFFF,False,,,,False,,
1511,0xFFFFFF,False,,,,False,,
1512,0x00CA5C,True,1,1,01010000,True,049,
1513,0x00CA6E,True,1,2,01020000,False,,
1514,0x00CA80,True,1,3,01030000,False,,
1515,0x00CA92,True,1,4,01040000,False,,
1516,0x00CAA4,True,1,1,01010000,True,0C4,
1517,0x00CAB6,True,1,2,01020000,False,,
1518,0x00CAC8,True,1,3,01030000,False,,
1519,0x00CADA,True,1,4,01040000,False,,
1520,0x00CAEC,True,1,1,01010000,True,0BB,
1521,0x00CAFE,True,1,2,01020000,False,,
1522,0x00CB10,True,1,3,01030000,False,,
1523,0x00CB22,True,1,4,01040000,False,,
1524,0xFFFFFF,False,,,,False,,
1525,0xFFFFFF,False,,,,False,,
1526,0xFFFFFF,False,,,,False,,
1527,0xFFFFFF,False,,,,False,,
1528,0xFFFFFF,False,,,,True,07D,
1529,0xFFFFFF,False,,,,False,,
1530,0xFFFFFF,False,,,,False,,
1531,0xFFFFFF,False,,,,False,,
1532,0xFFFFFF,False,,,,False,,
1533,0xFFFFFF,False,,,,False,,
1534,0xFFFFFF,False,,,,False,,
1535,0xFFFFFF,False,,,,False,,
1536,0xFFFFFF,False,,,,True,07E,
1537,0xFFFFFF,False,,,,False,,
1538,0xFFFFFF,False,,,,False,,
1539,0xFFFFFF,False,,,,False,,
1540,0xFFFFFF,False,,,,False,,
1541,0xFFFFFF,False,,,,False,,
1542,0xFFFFFF,False,,,,False,,
1543,0xFFFFFF,False,,,,False,,
1544,0xFFFFFF,False,,,,True,07F,
1545,0xFFFFFF,False,,,,False,,
1546,0xFFFFFF,False,,,,False,,
1547,0xFFFFFF,False,,,,False,,
1548,0xFFFFFF,False,,,,False,,
1549,0xFFFFFF,False,,,,False,,
1550,0xFFFFFF,False,,,,False,,
1551,0xFFFFFF,False,,,,False,,
1552,0xFFFFFF,False,,,,True,080,
1553,0xFFFFFF,False,,,,False,,
1554,0xFFFFFF,False,,,,False,,
1555,0xFFFFFF,False,,,,False,,
1556,0x00CB34,True,1,1,01010000,True,04A,
1557,0x00CB46,True,1,2,01020000,False,,
1558,0x00CB58,True,1,3,01030000,False,,
1559,0x00CB6A,True,1,4,01040000,False,,
1560,0x00CB7C,True,1,1,01010000,True,04B,
1561,0x00CB8E,True,1,2,01020000,False,,
1562,0x00CBA0,True,1,3,01030000,False,,
1563,0x00CBB2,True,1,4,01040000,False,,
1564,0x00CBC4,True,1,1,01010000,True,04C,
1565,0x00CBD6,True,1,2,01020000,False,,
1566,0x00CBE8,True,1,3,01030000,False,,
1567,0x00CBFA,True,1,4,01040000,False,,
1568,0x00CC0C,True,1,1,01010000,True,04D,
1569,0x00CC1E,True,1,2,01020000,False,,
1570,0x00CC30,True,1,3,01030000,False,,
1571,0x00CC42,True,1,4,01040000,False,,
1572,0x00CC54,True,1,1,01010000,False,,
1573,0x00CC72,True,1,2,01020000,False,,
1574,0x00CC90,True,1,3,01030000,False,,
1575,0x00CCAE,True,1,4,01040000,False,,
1576,0x00CCCC,True,1,1,01010000,True,0A9,
1577,0x00CCDE,True,1,2,01020000,False,,
1578,0x00CCF0,True,1,3,01030000,False,,
1579,0x00CD02,True,1,4,01040000,False,,
1580,0x00CD14,True,1,1,01010000,True,0C6,
1581,0x00CD32,True,1,2,01020000,False,,
1582,0x00CD50,True,1,3,01030000,False,,
1583,0x00CD6E,True,1,4,01040000,False,,
1584,0xFFFFFF,False,,,,False,,
1585,0xFFFFFF,False,,,,False,,
1586,0xFFFFFF,False,,,,False,,
1587,0xFFFFFF,False,,,,False,,
1588,0xFFFFFF,False,,,,False,,
1589,0xFFFFFF,False,,,,False,,
1590,0xFFFFFF,False,,,,False,,
1591,0xFFFFFF,False,,,,False,,
1592,0xFFFFFF,False,,,,False,,
1593,0xFFFFFF,False,,,,False,,
1594,0xFFFFFF,False,,,,False,,
1595,0xFFFFFF,False,,,,False,,
1596,0xFFFFFF,False,,,,False,,
1597,0xFFFFFF,False,,,,False,,
1598,0xFFFFFF,False,,,,False,,
1599,0xFFFFFF,False,,,,False,,
1600,0x00CD8C,True,1,1,01010000,True,290,
1601,0x00CD9E,True,1,2,01020000,False,,
1602,0x00CDB0,True,1,3,01030000,False,,
1603,0x00CDC2,True,1,4,01040000,False,,
1604,0x00CDD4,True,1,1,01010000,True,291,
1605,0x00CDE6,True,1,2,01020000,False,,
1606,0x00CDF8,True,1,3,01030000,False,,
1607,0x00CE0A,True,1,4,01040000,False,,
1608,0x00CE1C,True,1,1,01010000,True,292,
1609,0x00CE2E,True,1,2,01020000,False,,
1610,0x00CE40,True,1,3,01030000,False,,
1611,0x00CE52,True,1,4,01040000,False,,
1612,0x00CE64,True,1,1,01010000,True,293,
1613,0x00CE76,True,1,2,01020000,False,,
1614,0x00CE88,True,1,3,01030000,False,,
1615,0x00CE9A,True,1,4,01040000,False,,
1616,0x00CEAC,True,1,1,01010000,True,039 294,
1617,0x00CF5A,True,1,2,01020000,False,,
1618,0x00D008,True,1,3,01030000,False,,
1619,0x00D0B6,True,1,4,01040000,False,,
1620,0x00D164,True,1,1,01010000,True,295,
1621,0x00D176,True,1,2,01020000,False,,
1622,0x00D188,True,1,3,01030000,False,,
1623,0x00D19A,True,1,4,01040000,False,,
1624,0x00D1AC,True,1,1,01010000,True,296,
1625,0x00D1BE,True,1,2,01020000,False,,
1626,0x00D1D0,True,1,3,01030000,False,,
1627,0x00D1E2,True,1,4,01040000,False,,
1628,0x00D1F4,True,1,1,01010000,True,297,
1629,0x00D20E,True,1,2,01020000,False,,
1630,0x00D228,True,1,3,01030000,False,,
1631,0x00D242,True,1,4,01040000,False,,
1632,0x00D25C,True,1,1,01010000,True,298,
1633,0x00D276,True,1,2,01020000,False,,
1634,0x00D290,True,1,3,01030000,False,,
1635,0x00D2AA,True,1,4,01040000,False,,
1636,0x00D2C4,True,1,1,01010000,True,299,
1637,0x00D2D6,True,1,2,01020000,False,,
1638,0x00D2E8,True,1,3,01030000,False,,
1639,0x00D2FA,True,1,4,01040000,False,,
1640,0xFFFFFF,False,,,,False,,
1641,0xFFFFFF,False,,,,False,,
1642,0xFFFFFF,False,,,,False,,
1643,0xFFFFFF,False,,,,False,,
1644,0xFFFFFF,False,,,,False,,
1645,0xFFFFFF,False,,,,False,,
1646,0xFFFFFF,False,,,,False,,
1647,0xFFFFFF,False,,,,False,,
1648,0xFFFFFF,False,,,,False,,
1649,0xFFFFFF,False,,,,False,,
1650,0xFFFFFF,False,,,,False,,
1651,0xFFFFFF,False,,,,False,,
1652,0xFFFFFF,False,,,,False,,
1653,0xFFFFFF,False,,,,False,,
1654,0xFFFFFF,False,,,,False,,
1655,0xFFFFFF,False,,,,False,,
1656,0xFFFFFF,False,,,,False,,
1657,0xFFFFFF,False,,,,False,,
1658,0xFFFFFF,False,,,,False,,
1659,0xFFFFFF,False,,,,False,,
1660,0xFFFFFF,False,,,,False,,
1661,0xFFFFFF,False,,,,False,,
1662,0xFFFFFF,False,,,,False,,
1663,0xFFFFFF,False,,,,False,,
1664,0xFFFFFF,False,,,,False,,
1665,0xFFFFFF,False,,,,False,,
1666,0xFFFFFF,False,,,,False,,
1667,0xFFFFFF,False,,,,False,,
1668,0xFFFFFF,False,,,,False,,
1669,0xFFFFFF,False,,,,False,,
1670,0xFFFFFF,False,,,,False,,
1671,0xFFFFFF,False,,,,False,,
1672,0xFFFFFF,False,,,,False,,
1673,0xFFFFFF,False,,,,False,,
1674,0xFFFFFF,False,,,,False,,
1675,0xFFFFFF,False,,,,False,,
1676,0xFFFFFF,False,,,,False,,
1677,0xFFFFFF,False,,,,False,,
1678,0xFFFFFF,False,,,,False,,
1679,0xFFFFFF,False,,,,False,,
1680,0xFFFFFF,False,,,,False,,
1681,0xFFFFFF,False,,,,False,,
1682,0xFFFFFF,False,,,,False,,
1683,0xFFFFFF,False,,,,False,,
1684,0xFFFFFF,False,,,,False,,
1685,0xFFFFFF,False,,,,False,,
1686,0xFFFFFF,False,,,,False,,
1687,0xFFFFFF,False,,,,False,,
1688,0xFFFFFF,False,,,,False,,
1689,0xFFFFFF,False,,,,False,,
1690,0xFFFFFF,False,,,,False,,
1691,0xFFFFFF,False,,,,False,,
1692,0xFFFFFF,False,,,,False,,
1693,0xFFFFFF,False,,,,False,,
1694,0xFFFFFF,False,,,,False,,
1695,0xFFFFFF,False,,,,False,,
1696,0xFFFFFF,False,,,,False,,
1697,0xFFFFFF,False,,,,False,,
1698,0xFFFFFF,False,,,,False,,
1699,0xFFFFFF,False,,,,False,,
1700,0xFFFFFF,False,,,,False,,
1701,0xFFFFFF,False,,,,False,,
1702,0xFFFFFF,False,,,,False,,
1703,0xFFFFFF,False,,,,False,,
1704,0xFFFFFF,False,,,,False,,
1705,0xFFFFFF,False,,,,False,,
1706,0xFFFFFF,False,,,,False,,
1707,0xFFFFFF,False,,,,False,,
1708,0xFFFFFF,False,,,,False,,
1709,0xFFFFFF,False,,,,False,,
1710,0xFFFFFF,False,,,,False,,
1711,0xFFFFFF,False,,,,False,,
1712,0xFFFFFF,False,,,,False,,
1713,0xFFFFFF,False,,,,False,,
1714,0xFFFFFF,False,,,,False,,
1715,0xFFFFFF,False,,,,False,,
1716,0xFFFFFF,False,,,,False,,
1717,0xFFFFFF,False,,,,False,,
1718,0xFFFFFF,False,,,,False,,
1719,0xFFFFFF,False,,,,False,,
1720,0xFFFFFF,False,,,,False,,
1721,0xFFFFFF,False,,,,False,,
1722,0xFFFFFF,False,,,,False,,
1723,0xFFFFFF,False,,,,False,,
1724,0xFFFFFF,False,,,,False,,
1725,0xFFFFFF,False,,,,False,,
1726,0xFFFFFF,False,,,,False,,
1727,0xFFFFFF,False,,,,False,,
1728,0xFFFFFF,False,,,,False,,
1729,0xFFFFFF,False,,,,False,,
1730,0xFFFFFF,False,,,,False,,
1731,0xFFFFFF,False,,,,False,,
1732,0xFFFFFF,False,,,,False,,
1733,0xFFFFFF,False,,,,False,,
1734,0xFFFFFF,False,,,,False,,
1735,0xFFFFFF,False,,,,False,,
1736,0xFFFFFF,False,,,,False,,
1737,0xFFFFFF,False,,,,False,,
1738,0xFFFFFF,False,,,,False,,
1739,0xFFFFFF,False,,,,False,,
1740,0xFFFFFF,False,,,,False,,
1741,0xFFFFFF,False,,,,False,,
1742,0xFFFFFF,False,,,,False,,
1743,0xFFFFFF,False,,,,False,,
1744,0xFFFFFF,False,,,,False,,
1745,0xFFFFFF,False,,,,False,,
1746,0xFFFFFF,False,,,,False,,
1747,0xFFFFFF,False,,,,False,,
1748,0xFFFFFF,False,,,,False,,
1749,0xFFFFFF,False,,,,False,,
1750,0xFFFFFF,False,,,,False,,
1751,0xFFFFFF,False,,,,False,,
1752,0xFFFFFF,False,,,,False,,
1753,0xFFFFFF,False,,,,False,,
1754,0xFFFFFF,False,,,,False,,
1755,0xFFFFFF,False,,,,False,,
1756,0xFFFFFF,False,,,,False,,
1757,0xFFFFFF,False,,,,False,,
1758,0xFFFFFF,False,,,,False,,
1759,0xFFFFFF,False,,,,False,,
1760,0xFFFFFF,False,,,,False,,
1761,0xFFFFFF,False,,,,False,,
1762,0xFFFFFF,False,,,,False,,
1763,0xFFFFFF,False,,,,False,,
1764,0xFFFFFF,False,,,,False,,
1765,0xFFFFFF,False,,,,False,,
1766,0xFFFFFF,False,,,,False,,
1767,0xFFFFFF,False,,,,False,,
1768,0xFFFFFF,False,,,,False,,
1769,0xFFFFFF,False,,,,False,,
1770,0xFFFFFF,False,,,,False,,
1771,0xFFFFFF,False,,,,False,,
1772,0xFFFFFF,False,,,,False,,
1773,0xFFFFFF,False,,,,False,,
1774,0xFFFFFF,False,,,,False,,
1775,0xFFFFFF,False,,,,False,,
1776,0xFFFFFF,False,,,,False,,
1777,0xFFFFFF,False,,,,False,,
1778,0xFFFFFF,False,,,,False,,
1779,0xFFFFFF,False,,,,False,,
1780,0xFFFFFF,False,,,,False,,
1781,0xFFFFFF,False,,,,False,,
1782,0xFFFFFF,False,,,,False,,
1783,0xFFFFFF,False,,,,False,,
1784,0xFFFFFF,False,,,,False,,
1785,0xFFFFFF,False,,,,False,,
1786,0xFFFFFF,False,,,,False,,
1787,0xFFFFFF,False,,,,False,,
1788,0xFFFFFF,False,,,,False,,
1789,0xFFFFFF,False,,,,False,,
1790,0xFFFFFF,False,,,,False,,
1791,0xFFFFFF,False,,,,False,,
1792,0xFFFFFF,False,,,,False,,
1793,0xFFFFFF,False,,,,False,,
1794,0xFFFFFF,False,,,,False,,
1795,0xFFFFFF,False,,,,False,,
1796,0xFFFFFF,False,,,,False,,
1797,0xFFFFFF,False,,,,False,,
1798,0xFFFFFF,False,,,,False,,
1799,0xFFFFFF,False,,,,False,,
1800,0xFFFFFF,False,,,,False,,
1801,0xFFFFFF,False,,,,False,,
1802,0xFFFFFF,False,,,,False,,
1803,0xFFFFFF,False,,,,False,,
1804,0xFFFFFF,False,,,,False,,
1805,0xFFFFFF,False,,,,False,,
1806,0xFFFFFF,False,,,,False,,
1807,0xFFFFFF,False,,,,False,,
1808,0xFFFFFF,False,,,,False,,
1809,0xFFFFFF,False,,,,False,,
1810,0xFFFFFF,False,,,,False,,
1811,0xFFFFFF,False,,,,False,,
1812,0xFFFFFF,False,,,,False,,
1813,0xFFFFFF,False,,,,False,,
1814,0xFFFFFF,False,,,,False,,
1815,0xFFFFFF,False,,,,False,,
1816,0xFFFFFF,False,,,,False,,
1817,0xFFFFFF,False,,,,False,,
1818,0xFFFFFF,False,,,,False,,
1819,0xFFFFFF,False,,,,False,,
1820,0xFFFFFF,False,,,,False,,
1821,0xFFFFFF,False,,,,False,,
1822,0xFFFFFF,False,,,,False,,
1823,0xFFFFFF,False,,,,False,,
1824,0xFFFFFF,False,,,,False,,
1825,0xFFFFFF,False,,,,False,,
1826,0xFFFFFF,False,,,,False,,
1827,0xFFFFFF,False,,,,False,,
1828,0xFFFFFF,False,,,,False,,
1829,0xFFFFFF,False,,,,False,,
1830,0xFFFFFF,False,,,,False,,
1831,0xFFFFFF,False,,,,False,,
1832,0xFFFFFF,False,,,,False,,
1833,0xFFFFFF,False,,,,False,,
1834,0xFFFFFF,False,,,,False,,
1835,0xFFFFFF,False,,,,False,,
1836,0xFFFFFF,False,,,,False,,
1837,0xFFFFFF,False,,,,False,,
1838,0xFFFFFF,False,,,,False,,
1839,0xFFFFFF,False,,,,False,,
1840,0xFFFFFF,False,,,,False,,
1841,0xFFFFFF,False,,,,False,,
1842,0xFFFFFF,False,,,,False,,
1843,0xFFFFFF,False,,,,False,,
1844,0xFFFFFF,False,,,,False,,
1845,0xFFFFFF,False,,,,False,,
1846,0xFFFFFF,False,,,,False,,
1847,0xFFFFFF,False,,,,False,,
1848,0xFFFFFF,False,,,,False,,
1849,0xFFFFFF,False,,,,False,,
1850,0xFFFFFF,False,,,,False,,
1851,0xFFFFFF,False,,,,False,,
1852,0xFFFFFF,False,,,,False,,
1853,0xFFFFFF,False,,,,False,,
1854,0xFFFFFF,False,,,,False,,
1855,0xFFFFFF,False,,,,False,,
1856,0xFFFFFF,False,,,,False,,
1857,0xFFFFFF,False,,,,False,,
1858,0xFFFFFF,False,,,,False,,
1859,0xFFFFFF,False,,,,False,,
1860,0xFFFFFF,False,,,,False,,
1861,0xFFFFFF,False,,,,False,,
1862,0xFFFFFF,False,,,,False,,
1863,0xFFFFFF,False,,,,False,,
1864,0xFFFFFF,False,,,,False,,
1865,0xFFFFFF,False,,,,False,,
1866,0xFFFFFF,False,,,,False,,
1867,0xFFFFFF,False,,,,False,,
1868,0xFFFFFF,False,,,,False,,
1869,0xFFFFFF,False,,,,False,,
1870,0xFFFFFF,False,,,,False,,
1871,0xFFFFFF,False,,,,False,,
1872,0xFFFFFF,False,,,,False,,
1873,0xFFFFFF,False,,,,False,,
1874,0xFFFFFF,False,,,,False,,
1875,0xFFFFFF,False,,,,False,,
1876,0xFFFFFF,False,,,,False,,
1877,0xFFFFFF,False,,,,False,,
1878,0xFFFFFF,False,,,,False,,
1879,0xFFFFFF,False,,,,False,,
1880,0xFFFFFF,False,,,,False,,
1881,0xFFFFFF,False,,,,False,,
1882,0xFFFFFF,False,,,,False,,
1883,0xFFFFFF,False,,,,False,,
1884,0xFFFFFF,False,,,,False,,
1885,0xFFFFFF,False,,,,False,,
1886,0xFFFFFF,False,,,,False,,
1887,0xFFFFFF,False,,,,False,,
1888,0xFFFFFF,False,,,,False,,
1889,0xFFFFFF,False,,,,False,,
1890,0xFFFFFF,False,,,,False,,
1891,0xFFFFFF,False,,,,False,,
1892,0xFFFFFF,False,,,,False,,
1893,0xFFFFFF,False,,,,False,,
1894,0xFFFFFF,False,,,,False,,
1895,0xFFFFFF,False,,,,False,,
1896,0xFFFFFF,False,,,,False,,
1897,0xFFFFFF,False,,,,False,,
1898,0xFFFFFF,False,,,,False,,
1899,0xFFFFFF,False,,,,False,,
1900,0xFFFFFF,False,,,,False,,
1901,0xFFFFFF,False,,,,False,,
1902,0xFFFFFF,False,,,,False,,
1903,0xFFFFFF,False,,,,False,,
1904,0xFFFFFF,False,,,,False,,
1905,0xFFFFFF,False,,,,False,,
1906,0xFFFFFF,False,,,,False,,
1907,0xFFFFFF,False,,,,False,,
1908,0xFFFFFF,False,,,,False,,
1909,0xFFFFFF,False,,,,False,,
1910,0xFFFFFF,False,,,,False,,
1911,0xFFFFFF,False,,,,False,,
1912,0xFFFFFF,False,,,,False,,
1913,0xFFFFFF,False,,,,False,,
1914,0xFFFFFF,False,,,,False,,
1915,0xFFFFFF,False,,,,False,,
1916,0xFFFFFF,False,,,,False,,
1917,0xFFFFFF,False,,,,False,,
1918,0xFFFFFF,False,,,,False,,
1919,0xFFFFFF,False,,,,False,,
1920,0xFFFFFF,False,,,,False,,
1921,0xFFFFFF,False,,,,False,,
1922,0xFFFFFF,False,,,,False,,
1923,0xFFFFFF,False,,,,False,,
1924,0xFFFFFF,False,,,,False,,
1925,0xFFFFFF,False,,,,False,,
1926,0xFFFFFF,False,,,,False,,
1927,0xFFFFFF,False,,,,False,,
1928,0xFFFFFF,False,,,,False,,
1929,0xFFFFFF,False,,,,False,,
1930,0xFFFFFF,False,,,,False,,
1931,0xFFFFFF,False,,,,False,,
1932,0xFFFFFF,False,,,,False,,
1933,0xFFFFFF,False,,,,False,,
1934,0xFFFFFF,False,,,,False,,
1935,0xFFFFFF,False,,,,False,,
1936,0xFFFFFF,False,,,,False,,
1937,0xFFFFFF,False,,,,False,,
1938,0xFFFFFF,False,,,,False,,
1939,0xFFFFFF,False,,,,False,,
1940,0xFFFFFF,False,,,,False,,
1941,0xFFFFFF,False,,,,False,,
1942,0xFFFFFF,False,,,,False,,
1943,0xFFFFFF,False,,,,False,,
1944,0xFFFFFF,False,,,,False,,
1945,0xFFFFFF,False,,,,False,,
1946,0xFFFFFF,False,,,,False,,
1947,0xFFFFFF,False,,,,False,,
1948,0xFFFFFF,False,,,,False,,
1949,0xFFFFFF,False,,,,False,,
1950,0xFFFFFF,False,,,,False,,
1951,0xFFFFFF,False,,,,False,,
1952,0xFFFFFF,False,,,,False,,
1953,0xFFFFFF,False,,,,False,,
1954,0xFFFFFF,False,,,,False,,
1955,0xFFFFFF,False,,,,False,,
1956,0xFFFFFF,False,,,,False,,
1957,0xFFFFFF,False,,,,False,,
1958,0xFFFFFF,False,,,,False,,
1959,0xFFFFFF,False,,,,False,,
1960,0xFFFFFF,False,,,,False,,
1961,0xFFFFFF,False,,,,False,,
1962,0xFFFFFF,False,,,,False,,
1963,0xFFFFFF,False,,,,False,,
1964,0xFFFFFF,False,,,,False,,
1965,0xFFFFFF,False,,,,False,,
1966,0xFFFFFF,False,,,,False,,
1967,0xFFFFFF,False,,,,False,,
1968,0xFFFFFF,False,,,,False,,
1969,0xFFFFFF,False,,,,False,,
1970,0xFFFFFF,False,,,,False,,
1971,0xFFFFFF,False,,,,False,,
1972,0xFFFFFF,False,,,,False,,
1973,0xFFFFFF,False,,,,False,,
1974,0xFFFFFF,False,,,,False,,
1975,0xFFFFFF,False,,,,False,,
1976,0xFFFFFF,False,,,,False,,
1977,0xFFFFFF,False,,,,False,,
1978,0xFFFFFF,False,,,,False,,
1979,0xFFFFFF,False,,,,False,,
1980,0xFFFFFF,False,,,,False,,
1981,0xFFFFFF,False,,,,False,,
1982,0xFFFFFF,False,,,,False,,
1983,0xFFFFFF,False,,,,False,,
1984,0xFFFFFF,False,,,,False,,
1985,0xFFFFFF,False,,,,False,,
1986,0xFFFFFF,False,,,,False,,
1987,0xFFFFFF,False,,,,False,,
1988,0xFFFFFF,False,,,,False,,
1989,0xFFFFFF,False,,,,False,,
1990,0xFFFFFF,False,,,,False,,
1991,0xFFFFFF,False,,,,False,,
1992,0xFFFFFF,False,,,,False,,
1993,0xFFFFFF,False,,,,False,,
1994,0xFFFFFF,False,,,,False,,
1995,0xFFFFFF,False,,,,False,,
1996,0xFFFFFF,False,,,,False,,
1997,0xFFFFFF,False,,,,False,,
1998,0xFFFFFF,False,,,,False,,
1999,0xFFFFFF,False,,,,False,,
2000,0xFFFFFF,False,,,,False,,
2001,0xFFFFFF,False,,,,False,,
2002,0xFFFFFF,False,,,,False,,
2003,0xFFFFFF,False,,,,False,,
2004,0xFFFFFF,False,,,,False,,
2005,0xFFFFFF,False,,,,False,,
2006,0xFFFFFF,False,,,,False,,
2007,0xFFFFFF,False,,,,False,,
2008,0xFFFFFF,False,,,,False,,
2009,0xFFFFFF,False,,,,False,,
2010,0xFFFFFF,False,,,,False,,
2011,0xFFFFFF,False,,,,False,,
2012,0xFFFFFF,False,,,,False,,
2013,0xFFFFFF,False,,,,False,,
2014,0xFFFFFF,False,,,,False,,
2015,0xFFFFFF,False,,,,False,,
2016,0xFFFFFF,False,,,,False,,
2017,0xFFFFFF,False,,,,False,,
2018,0xFFFFFF,False,,,,False,,
2019,0xFFFFFF,False,,,,False,,
2020,0xFFFFFF,False,,,,False,,
2021,0xFFFFFF,False,,,,False,,
2022,0xFFFFFF,False,,,,False,,
2023,0xFFFFFF,False,,,,False,,
2024,0xFFFFFF,False,,,,False,,
2025,0xFFFFFF,False,,,,False,,
2026,0xFFFFFF,False,,,,False,,
2027,0xFFFFFF,False,,,,False,,
2028,0xFFFFFF,False,,,,False,,
2029,0xFFFFFF,False,,,,False,,
2030,0xFFFFFF,False,,,,False,,
2031,0xFFFFFF,False,,,,False,,
2032,0xFFFFFF,False,,,,False,,
2033,0xFFFFFF,False,,,,False,,
2034,0xFFFFFF,False,,,,False,,
2035,0xFFFFFF,False,,,,False,,
2036,0xFFFFFF,False,,,,False,,
2037,0xFFFFFF,False,,,,False,,
2038,0xFFFFFF,False,,,,False,,
2039,0xFFFFFF,False,,,,False,,
2040,0xFFFFFF,False,,,,False,,
2041,0xFFFFFF,False,,,,False,,
2042,0xFFFFFF,False,,,,False,,
2043,0xFFFFFF,False,,,,False,,
2044,0xFFFFFF,False,,,,False,,
2045,0xFFFFFF,False,,,,False,,
2046,0xFFFFFF,False,,,,False,,
2047,0xFFFFFF,False,,,,False,,
2048,0x00D30C,True,1,5,01050000,False,,
2049,0x00D3C4,True,1,5,01050000,False,,
2050,0x00D3E5,True,1,5,01050000,False,,
2051,0x00D32D,True,1,5,01050000,False,,
2052,0xFFFFFF,False,,,,False,,
2053,0x00D34E,True,1,5,01050000,False,,
2054,0x00D32D,True,1,5,01050000,False,,
2055,0x00D34E,True,1,5,01050000,False,,
2056,0x00D36F,True,1,5,01050000,False,,
2057,0x00D389,True,1,5,01050000,False,,
2058,0x00D3AA,True,1,5,01050000,False,,
2059,0x00D3C4,True,1,5,01050000,False,,
2060,0x00D3E5,True,1,5,01050000,False,,
2061,0x00D3E5,True,1,5,01050000,False,,
2062,0x00D406,True,1,5,01050000,False,,
2063,0x00D427,True,1,5,01050000,False,,
2064,0x00D448,True,1,5,01050000,False,,
2065,0x00D469,True,1,5,01050000,False,,
2066,0xFFFFFF,False,,,,False,,
2067,0xFFFFFF,False,,,,False,,
2068,0xFFFFFF,False,,,,False,,
2069,0xFFFFFF,False,,,,False,,
2070,0xFFFFFF,False,,,,False,,
2071,0xFFFFFF,False,,,,False,,
2072,0xFFFFFF,False,,,,False,,
2073,0xFFFFFF,False,,,,False,,
2074,0xFFFFFF,False,,,,False,,
2075,0xFFFFFF,False,,,,False,,
2076,0xFFFFFF,False,,,,False,,
2077,0xFFFFFF,False,,,,False,,
2078,0xFFFFFF,False,,,,False,,
2079,0xFFFFFF,False,,,,False,,
2080,0xFFFFFF,False,,,,False,,
2081,0xFFFFFF,False,,,,False,,
2082,0xFFFFFF,False,,,,False,,
2083,0xFFFFFF,False,,,,False,,
2084,0xFFFFFF,False,,,,False,,
2085,0xFFFFFF,False,,,,False,,
2086,0xFFFFFF,False,,,,False,,
2087,0xFFFFFF,False,,,,False,,
2088,0xFFFFFF,False,,,,False,,
2089,0xFFFFFF,False,,,,False,,
2090,0xFFFFFF,False,,,,False,,
2091,0xFFFFFF,False,,,,False,,
2092,0xFFFFFF,False,,,,False,,
2093,0xFFFFFF,False,,,,False,,
2094,0xFFFFFF,False,,,,False,,
2095,0xFFFFFF,False,,,,False,,
2096,0xFFFFFF,False,,,,False,,
2097,0xFFFFFF,False,,,,False,,
2098,0xFFFFFF,False,,,,False,,
2099,0xFFFFFF,False,,,,False,,
2100,0xFFFFFF,False,,,,False,,
2101,0xFFFFFF,False,,,,False,,
2102,0xFFFFFF,False,,,,False,,
2103,0xFFFFFF,False,,,,False,,
2104,0xFFFFFF,False,,,,False,,
2105,0xFFFFFF,False,,,,False,,
2106,0xFFFFFF,False,,,,False,,
2107,0xFFFFFF,False,,,,False,,
2108,0xFFFFFF,False,,,,False,,
2109,0xFFFFFF,False,,,,False,,
2110,0xFFFFFF,False,,,,False,,
2111,0xFFFFFF,False,,,,False,,
2112,0xFFFFFF,False,,,,False,,
2113,0xFFFFFF,False,,,,False,,
2114,0xFFFFFF,False,,,,False,,
2115,0xFFFFFF,False,,,,False,,
2116,0xFFFFFF,False,,,,False,,
2117,0xFFFFFF,False,,,,False,,
2118,0xFFFFFF,False,,,,False,,
2119,0xFFFFFF,False,,,,False,,
2120,0xFFFFFF,False,,,,False,,
2121,0xFFFFFF,False,,,,False,,
2122,0xFFFFFF,False,,,,False,,
2123,0xFFFFFF,False,,,,False,,
2124,0xFFFFFF,False,,,,False,,
2125,0xFFFFFF,False,,,,False,,
2126,0xFFFFFF,False,,,,False,,
2127,0xFFFFFF,False,,,,False,,
2128,0xFFFFFF,False,,,,False,,
2129,0xFFFFFF,False,,,,False,,
2130,0xFFFFFF,False,,,,False,,
2131,0xFFFFFF,False,,,,False,,
2132,0xFFFFFF,False,,,,False,,
2133,0xFFFFFF,False,,,,False,,
2134,0xFFFFFF,False,,,,False,,
2135,0xFFFFFF,False,,,,False,,
2136,0xFFFFFF,False,,,,False,,
2137,0xFFFFFF,False,,,,False,,
2138,0xFFFFFF,False,,,,False,,
2139,0xFFFFFF,False,,,,False,,
2140,0xFFFFFF,False,,,,False,,
2141,0xFFFFFF,False,,,,False,,
2142,0xFFFFFF,False,,,,False,,
2143,0xFFFFFF,False,,,,False,,
2144,0xFFFFFF,False,,,,False,,
2145,0xFFFFFF,False,,,,False,,
2146,0xFFFFFF,False,,,,False,,
2147,0xFFFFFF,False,,,,False,,
2148,0xFFFFFF,False,,,,False,,
2149,0xFFFFFF,False,,,,False,,
2150,0xFFFFFF,False,,,,False,,
2151,0xFFFFFF,False,,,,False,,
2152,0xFFFFFF,False,,,,False,,
2153,0xFFFFFF,False,,,,False,,
2154,0xFFFFFF,False,,,,False,,
2155,0xFFFFFF,False,,,,False,,
2156,0xFFFFFF,False,,,,False,,
2157,0xFFFFFF,False,,,,False,,
2158,0xFFFFFF,False,,,,False,,
2159,0xFFFFFF,False,,,,False,,
2160,0xFFFFFF,False,,,,False,,
2161,0xFFFFFF,False,,,,False,,
2162,0xFFFFFF,False,,,,False,,
2163,0xFFFFFF,False,,,,False,,
2164,0xFFFFFF,False,,,,False,,
2165,0xFFFFFF,False,,,,False,,
2166,0xFFFFFF,False,,,,False,,
2167,0xFFFFFF,False,,,,False,,
2168,0xFFFFFF,False,,,,False,,
2169,0xFFFFFF,False,,,,False,,
2170,0xFFFFFF,False,,,,False,,
2171,0xFFFFFF,False,,,,False,,
2172,0xFFFFFF,False,,,,False,,
2173,0xFFFFFF,False,,,,False,,
2174,0xFFFFFF,False,,,,False,,
2175,0xFFFFFF,False,,,,False,,
2176,0xFFFFFF,False,,,,False,,
2177,0xFFFFFF,False,,,,False,,
2178,0xFFFFFF,False,,,,False,,
2179,0xFFFFFF,False,,,,False,,
2180,0xFFFFFF,False,,,,False,,
2181,0xFFFFFF,False,,,,False,,
2182,0xFFFFFF,False,,,,False,,
2183,0xFFFFFF,False,,,,False,,
2184,0xFFFFFF,False,,,,False,,
2185,0xFFFFFF,False,,,,False,,
2186,0xFFFFFF,False,,,,False,,
2187,0xFFFFFF,False,,,,False,,
2188,0xFFFFFF,False,,,,False,,
2189,0xFFFFFF,False,,,,False,,
2190,0xFFFFFF,False,,,,False,,
2191,0xFFFFFF,False,,,,False,,
2192,0xFFFFFF,False,,,,False,,
2193,0xFFFFFF,False,,,,False,,
2194,0xFFFFFF,False,,,,False,,
2195,0xFFFFFF,False,,,,False,,
2196,0xFFFFFF,False,,,,False,,
2197,0xFFFFFF,False,,,,False,,
2198,0xFFFFFF,False,,,,False,,
2199,0xFFFFFF,False,,,,False,,
2200,0xFFFFFF,False,,,,False,,
2201,0xFFFFFF,False,,,,False,,
2202,0xFFFFFF,False,,,,False,,
2203,0xFFFFFF,False,,,,False,,
2204,0xFFFFFF,False,,,,False,,
2205,0xFFFFFF,False,,,,False,,
2206,0xFFFFFF,False,,,,False,,
2207,0xFFFFFF,False,,,,False,,
2208,0xFFFFFF,False,,,,False,,
2209,0xFFFFFF,False,,,,False,,
2210,0xFFFFFF,False,,,,False,,
2211,0xFFFFFF,False,,,,False,,
2212,0xFFFFFF,False,,,,False,,
2213,0xFFFFFF,False,,,,False,,
2214,0xFFFFFF,False,,,,False,,
2215,0xFFFFFF,False,,,,False,,
2216,0xFFFFFF,False,,,,False,,
2217,0xFFFFFF,False,,,,False,,
2218,0xFFFFFF,False,,,,False,,
2219,0xFFFFFF,False,,,,False,,
2220,0xFFFFFF,False,,,,False,,
2221,0xFFFFFF,False,,,,False,,
2222,0xFFFFFF,False,,,,False,,
2223,0xFFFFFF,False,,,,False,,
2224,0xFFFFFF,False,,,,False,,
2225,0xFFFFFF,False,,,,False,,
2226,0xFFFFFF,False,,,,False,,
2227,0xFFFFFF,False,,,,False,,
2228,0xFFFFFF,False,,,,False,,
2229,0xFFFFFF,False,,,,False,,
2230,0xFFFFFF,False,,,,False,,
2231,0xFFFFFF,False,,,,False,,
2232,0xFFFFFF,False,,,,False,,
2233,0xFFFFFF,False,,,,False,,
2234,0xFFFFFF,False,,,,False,,
2235,0xFFFFFF,False,,,,False,,
2236,0xFFFFFF,False,,,,False,,
2237,0xFFFFFF,False,,,,False,,
2238,0xFFFFFF,False,,,,False,,
2239,0xFFFFFF,False,,,,False,,
2240,0xFFFFFF,False,,,,False,,
2241,0xFFFFFF,False,,,,False,,
2242,0xFFFFFF,False,,,,False,,
2243,0xFFFFFF,False,,,,False,,
2244,0xFFFFFF,False,,,,False,,
2245,0xFFFFFF,False,,,,False,,
2246,0xFFFFFF,False,,,,False,,
2247,0xFFFFFF,False,,,,False,,
2248,0xFFFFFF,False,,,,False,,
2249,0xFFFFFF,False,,,,False,,
2250,0xFFFFFF,False,,,,False,,
2251,0xFFFFFF,False,,,,False,,
2252,0xFFFFFF,False,,,,False,,
2253,0xFFFFFF,False,,,,False,,
2254,0xFFFFFF,False,,,,False,,
2255,0xFFFFFF,False,,,,False,,
2256,0xFFFFFF,False,,,,False,,
2257,0xFFFFFF,False,,,,False,,
2258,0xFFFFFF,False,,,,False,,
2259,0xFFFFFF,False,,,,False,,
2260,0xFFFFFF,False,,,,False,,
2261,0xFFFFFF,False,,,,False,,
2262,0xFFFFFF,False,,,,False,,
2263,0xFFFFFF,False,,,,False,,
2264,0xFFFFFF,False,,,,False,,
2265,0xFFFFFF,False,,,,False,,
2266,0xFFFFFF,False,,,,False,,
2267,0xFFFFFF,False,,,,False,,
2268,0xFFFFFF,False,,,,False,,
2269,0xFFFFFF,False,,,,False,,
2270,0xFFFFFF,False,,,,False,,
2271,0xFFFFFF,False,,,,False,,
2272,0xFFFFFF,False,,,,False,,
2273,0xFFFFFF,False,,,,False,,
2274,0xFFFFFF,False,,,,False,,
2275,0xFFFFFF,False,,,,False,,
2276,0xFFFFFF,False,,,,False,,
2277,0xFFFFFF,False,,,,False,,
2278,0xFFFFFF,False,,,,False,,
2279,0xFFFFFF,False,,,,False,,
2280,0xFFFFFF,False,,,,False,,
2281,0xFFFFFF,False,,,,False,,
2282,0xFFFFFF,False,,,,False,,
2283,0xFFFFFF,False,,,,False,,
2284,0xFFFFFF,False,,,,False,,
2285,0xFFFFFF,False,,,,False,,
2286,0xFFFFFF,False,,,,False,,
2287,0xFFFFFF,False,,,,False,,
2288,0xFFFFFF,False,,,,False,,
2289,0xFFFFFF,False,,,,False,,
2290,0xFFFFFF,False,,,,False,,
2291,0xFFFFFF,False,,,,False,,
2292,0xFFFFFF,False,,,,False,,
2293,0xFFFFFF,False,,,,False,,
2294,0xFFFFFF,False,,,,False,,
2295,0xFFFFFF,False,,,,False,,
2296,0xFFFFFF,False,,,,False,,
2297,0xFFFFFF,False,,,,False,,
2298,0xFFFFFF,False,,,,False,,
2299,0xFFFFFF,False,,,,False,,
2300,0xFFFFFF,False,,,,False,,
2301,0xFFFFFF,False,,,,False,,
2302,0xFFFFFF,False,,,,False,,
2303,0xFFFFFF,False,,,,False,,
2304,0xFFFFFF,False,,,,False,,
2305,0xFFFFFF,False,,,,False,,
2306,0xFFFFFF,False,,,,False,,
2307,0xFFFFFF,False,,,,False,,
2308,0xFFFFFF,False,,,,False,,
2309,0xFFFFFF,False,,,,False,,
2310,0xFFFFFF,False,,,,False,,
2311,0xFFFFFF,False,,,,False,,
2312,0xFFFFFF,False,,,,False,,
2313,0xFFFFFF,False,,,,False,,
2314,0xFFFFFF,False,,,,False,,
2315,0xFFFFFF,False,,,,False,,
2316,0xFFFFFF,False,,,,False,,
2317,0xFFFFFF,False,,,,False,,
2318,0xFFFFFF,False,,,,False,,
2319,0xFFFFFF,False,,,,False,,
2320,0xFFFFFF,False,,,,False,,
2321,0xFFFFFF,False,,,,False,,
2322,0xFFFFFF,False,,,,False,,
2323,0xFFFFFF,False,,,,False,,
2324,0xFFFFFF,False,,,,False,,
2325,0xFFFFFF,False,,,,False,,
2326,0xFFFFFF,False,,,,False,,
2327,0xFFFFFF,False,,,,False,,
2328,0xFFFFFF,False,,,,False,,
2329,0xFFFFFF,False,,,,False,,
2330,0xFFFFFF,False,,,,False,,
2331,0xFFFFFF,False,,,,False,,
2332,0xFFFFFF,False,,,,False,,
2333,0xFFFFFF,False,,,,False,,
2334,0xFFFFFF,False,,,,False,,
2335,0xFFFFFF,False,,,,False,,
2336,0xFFFFFF,False,,,,False,,
2337,0xFFFFFF,False,,,,False,,
2338,0xFFFFFF,False,,,,False,,
2339,0xFFFFFF,False,,,,False,,
2340,0xFFFFFF,False,,,,False,,
2341,0xFFFFFF,False,,,,False,,
2342,0xFFFFFF,False,,,,False,,
2343,0xFFFFFF,False,,,,False,,
2344,0xFFFFFF,False,,,,False,,
2345,0xFFFFFF,False,,,,False,,
2346,0xFFFFFF,False,,,,False,,
2347,0xFFFFFF,False,,,,False,,
2348,0xFFFFFF,False,,,,False,,
2349,0xFFFFFF,False,,,,False,,
2350,0xFFFFFF,False,,,,False,,
2351,0xFFFFFF,False,,,,False,,
2352,0xFFFFFF,False,,,,False,,
2353,0xFFFFFF,False,,,,False,,
2354,0xFFFFFF,False,,,,False,,
2355,0xFFFFFF,False,,,,False,,
2356,0xFFFFFF,False,,,,False,,
2357,0xFFFFFF,False,,,,False,,
2358,0xFFFFFF,False,,,,False,,
2359,0xFFFFFF,False,,,,False,,
2360,0xFFFFFF,False,,,,False,,
2361,0xFFFFFF,False,,,,False,,
2362,0xFFFFFF,False,,,,False,,
2363,0xFFFFFF,False,,,,False,,
2364,0xFFFFFF,False,,,,False,,
2365,0xFFFFFF,False,,,,False,,
2366,0xFFFFFF,False,,,,False,,
2367,0xFFFFFF,False,,,,False,,
2368,0xFFFFFF,False,,,,False,,
2369,0xFFFFFF,False,,,,False,,
2370,0xFFFFFF,False,,,,False,,
2371,0xFFFFFF,False,,,,False,,
2372,0xFFFFFF,False,,,,False,,
2373,0xFFFFFF,False,,,,False,,
2374,0xFFFFFF,False,,,,False,,
2375,0xFFFFFF,False,,,,False,,
2376,0xFFFFFF,False,,,,False,,
2377,0xFFFFFF,False,,,,False,,
2378,0xFFFFFF,False,,,,False,,
2379,0xFFFFFF,False,,,,False,,
2380,0xFFFFFF,False,,,,False,,
2381,0xFFFFFF,False,,,,False,,
2382,0xFFFFFF,False,,,,False,,
2383,0xFFFFFF,False,,,,False,,
2384,0xFFFFFF,False,,,,False,,
2385,0xFFFFFF,False,,,,False,,
2386,0xFFFFFF,False,,,,False,,
2387,0xFFFFFF,False,,,,False,,
2388,0xFFFFFF,False,,,,False,,
2389,0xFFFFFF,False,,,,False,,
2390,0xFFFFFF,False,,,,False,,
2391,0xFFFFFF,False,,,,False,,
2392,0xFFFFFF,False,,,,False,,
2393,0xFFFFFF,False,,,,False,,
2394,0xFFFFFF,False,,,,False,,
2395,0xFFFFFF,False,,,,False,,
2396,0xFFFFFF,False,,,,False,,
2397,0xFFFFFF,False,,,,False,,
2398,0xFFFFFF,False,,,,False,,
2399,0xFFFFFF,False,,,,False,,
2400,0xFFFFFF,False,,,,False,,
2401,0xFFFFFF,False,,,,False,,
2402,0xFFFFFF,False,,,,False,,
2403,0xFFFFFF,False,,,,False,,
2404,0xFFFFFF,False,,,,False,,
2405,0xFFFFFF,False,,,,False,,
2406,0xFFFFFF,False,,,,False,,
2407,0xFFFFFF,False,,,,False,,
2408,0xFFFFFF,False,,,,False,,
2409,0xFFFFFF,False,,,,False,,
2410,0xFFFFFF,False,,,,False,,
2411,0xFFFFFF,False,,,,False,,
2412,0xFFFFFF,False,,,,False,,
2413,0xFFFFFF,False,,,,False,,
2414,0xFFFFFF,False,,,,False,,
2415,0xFFFFFF,False,,,,False,,
2416,0xFFFFFF,False,,,,False,,
2417,0xFFFFFF,False,,,,False,,
2418,0xFFFFFF,False,,,,False,,
2419,0xFFFFFF,False,,,,False,,
2420,0xFFFFFF,False,,,,False,,
2421,0xFFFFFF,False,,,,False,,
2422,0xFFFFFF,False,,,,False,,
2423,0xFFFFFF,False,,,,False,,
2424,0xFFFFFF,False,,,,False,,
2425,0xFFFFFF,False,,,,False,,
2426,0xFFFFFF,False,,,,False,,
2427,0xFFFFFF,False,,,,False,,
2428,0xFFFFFF,False,,,,False,,
2429,0xFFFFFF,False,,,,False,,
2430,0xFFFFFF,False,,,,False,,
2431,0xFFFFFF,False,,,,False,,
2432,0xFFFFFF,False,,,,False,,
2433,0xFFFFFF,False,,,,False,,
2434,0xFFFFFF,False,,,,False,,
2435,0xFFFFFF,False,,,,False,,
2436,0xFFFFFF,False,,,,False,,
2437,0xFFFFFF,False,,,,False,,
2438,0xFFFFFF,False,,,,False,,
2439,0xFFFFFF,False,,,,False,,
2440,0xFFFFFF,False,,,,False,,
2441,0xFFFFFF,False,,,,False,,
2442,0xFFFFFF,False,,,,False,,
2443,0xFFFFFF,False,,,,False,,
2444,0xFFFFFF,False,,,,False,,
2445,0xFFFFFF,False,,,,False,,
2446,0xFFFFFF,False,,,,False,,
2447,0xFFFFFF,False,,,,False,,
2448,0xFFFFFF,False,,,,False,,
2449,0xFFFFFF,False,,,,False,,
2450,0xFFFFFF,False,,,,False,,
2451,0xFFFFFF,False,,,,False,,
2452,0xFFFFFF,False,,,,False,,
2453,0xFFFFFF,False,,,,False,,
2454,0xFFFFFF,False,,,,False,,
2455,0xFFFFFF,False,,,,False,,
2456,0xFFFFFF,False,,,,False,,
2457,0xFFFFFF,False,,,,False,,
2458,0xFFFFFF,False,,,,False,,
2459,0xFFFFFF,False,,,,False,,
2460,0xFFFFFF,False,,,,False,,
2461,0xFFFFFF,False,,,,False,,
2462,0xFFFFFF,False,,,,False,,
2463,0xFFFFFF,False,,,,False,,
2464,0xFFFFFF,False,,,,False,,
2465,0xFFFFFF,False,,,,False,,
2466,0xFFFFFF,False,,,,False,,
2467,0xFFFFFF,False,,,,False,,
2468,0xFFFFFF,False,,,,False,,
2469,0xFFFFFF,False,,,,False,,
2470,0xFFFFFF,False,,,,False,,
2471,0xFFFFFF,False,,,,False,,
2472,0xFFFFFF,False,,,,False,,
2473,0xFFFFFF,False,,,,False,,
2474,0xFFFFFF,False,,,,False,,
2475,0xFFFFFF,False,,,,False,,
2476,0xFFFFFF,False,,,,False,,
2477,0xFFFFFF,False,,,,False,,
2478,0xFFFFFF,False,,,,False,,
2479,0xFFFFFF,False,,,,False,,
2480,0xFFFFFF,False,,,,False,,
2481,0xFFFFFF,False,,,,False,,
2482,0xFFFFFF,False,,,,False,,
2483,0xFFFFFF,False,,,,False,,
2484,0xFFFFFF,False,,,,False,,
2485,0xFFFFFF,False,,,,False,,
2486,0xFFFFFF,False,,,,False,,
2487,0xFFFFFF,False,,,,False,,
2488,0xFFFFFF,False,,,,False,,
2489,0xFFFFFF,False,,,,False,,
2490,0xFFFFFF,False,,,,False,,
2491,0xFFFFFF,False,,,,False,,
2492,0xFFFFFF,False,,,,False,,
2493,0xFFFFFF,False,,,,False,,
2494,0xFFFFFF,False,,,,False,,
2495,0xFFFFFF,False,,,,False,,
2496,0xFFFFFF,False,,,,False,,
2497,0xFFFFFF,False,,,,False,,
2498,0xFFFFFF,False,,,,False,,
2499,0xFFFFFF,False,,,,False,,
2500,0xFFFFFF,False,,,,False,,
2501,0xFFFFFF,False,,,,False,,
2502,0xFFFFFF,False,,,,False,,
2503,0xFFFFFF,False,,,,False,,
2504,0xFFFFFF,False,,,,False,,
2505,0xFFFFFF,False,,,,False,,
2506,0xFFFFFF,False,,,,False,,
2507,0xFFFFFF,False,,,,False,,
2508,0xFFFFFF,False,,,,False,,
2509,0xFFFFFF,False,,,,False,,
2510,0xFFFFFF,False,,,,False,,
2511,0xFFFFFF,False,,,,False,,
2512,0xFFFFFF,False,,,,False,,
2513,0xFFFFFF,False,,,,False,,
2514,0xFFFFFF,False,,,,False,,
2515,0xFFFFFF,False,,,,False,,
2516,0xFFFFFF,False,,,,False,,
2517,0xFFFFFF,False,,,,False,,
2518,0xFFFFFF,False,,,,False,,
2519,0xFFFFFF,False,,,,False,,
2520,0xFFFFFF,False,,,,False,,
2521,0xFFFFFF,False,,,,False,,
2522,0xFFFFFF,False,,,,False,,
2523,0xFFFFFF,False,,,,False,,
2524,0xFFFFFF,False,,,,False,,
2525,0xFFFFFF,False,,,,False,,
2526,0xFFFFFF,False,,,,False,,
2527,0xFFFFFF,False,,,,False,,
2528,0xFFFFFF,False,,,,False,,
2529,0xFFFFFF,False,,,,False,,
2530,0xFFFFFF,False,,,,False,,
2531,0xFFFFFF,False,,,,False,,
2532,0xFFFFFF,False,,,,False,,
2533,0xFFFFFF,False,,,,False,,
2534,0xFFFFFF,False,,,,False,,
2535,0xFFFFFF,False,,,,False,,
2536,0xFFFFFF,False,,,,False,,
2537,0xFFFFFF,False,,,,False,,
2538,0xFFFFFF,False,,,,False,,
2539,0xFFFFFF,False,,,,False,,
2540,0xFFFFFF,False,,,,False,,
2541,0xFFFFFF,False,,,,False,,
2542,0xFFFFFF,False,,,,False,,
2543,0xFFFFFF,False,,,,False,,
2544,0xFFFFFF,False,,,,False,,
2545,0xFFFFFF,False,,,,False,,
2546,0xFFFFFF,False,,,,False,,
2547,0xFFFFFF,False,,,,False,,
2548,0xFFFFFF,False,,,,False,,
2549,0xFFFFFF,False,,,,False,,
2550,0xFFFFFF,False,,,,False,,
2551,0xFFFFFF,False,,,,False,,
2552,0xFFFFFF,False,,,,False,,
2553,0xFFFFFF,False,,,,False,,
2554,0xFFFFFF,False,,,,False,,
2555,0xFFFFFF,False,,,,False,,
2556,0xFFFFFF,False,,,,False,,
2557,0xFFFFFF,False,,,,False,,
2558,0xFFFFFF,False,,,,False,,
2559,0xFFFFFF,False,,,,False,,
2560,0x00D47B,True,1,1,01010000,True,1FB,
2561,0x00D48D,True,1,2,01020000,False,,
2562,0x00D49F,True,1,3,01030000,False,,
2563,0x00D4B1,True,1,4,01040000,False,,
2564,0x00D4C3,True,1,1,01010000,True,1FC,
2565,0x00D4D5,True,1,2,01020000,False,,
2566,0x00D4E7,True,1,3,01030000,False,,
2567,0x00D4F9,True,1,4,01040000,False,,
2568,0x00D50B,True,1,1,01010000,True,1FD,
2569,0x00D51D,True,1,2,01020000,False,,
2570,0x00D52F,True,1,3,01030000,False,,
2571,0x00D541,True,1,4,01040000,False,,
2572,0x00D553,True,1,1,01010000,True,1FF,
2573,0x00D565,True,1,2,01020000,False,,
2574,0x00D577,True,1,3,01030000,False,,
2575,0x00D589,True,1,4,01040000,False,,
2576,0x00D59B,True,1,1,01010000,True,1FE,
2577,0x00D5AD,True,1,2,01020000,False,,
2578,0x00D5BF,True,1,3,01030000,False,,
2579,0x00D5D1,True,1,4,01040000,False,,
2580,0xFFFFFF,False,,,,False,,
2581,0xFFFFFF,False,,,,False,,
2582,0xFFFFFF,False,,,,False,,
2583,0xFFFFFF,False,,,,False,,
2584,0xFFFFFF,False,,,,False,,
2585,0xFFFFFF,False,,,,False,,
2586,0xFFFFFF,False,,,,False,,
2587,0xFFFFFF,False,,,,False,,
2588,0xFFFFFF,False,,,,False,,
2589,0xFFFFFF,False,,,,False,,
2590,0xFFFFFF,False,,,,False,,
2591,0xFFFFFF,False,,,,False,,
2592,0xFFFFFF,False,,,,False,,
2593,0xFFFFFF,False,,,,False,,
2594,0xFFFFFF,False,,,,False,,
2595,0xFFFFFF,False,,,,False,,
2596,0xFFFFFF,False,,,,False,,
2597,0xFFFFFF,False,,,,False,,
2598,0xFFFFFF,False,,,,False,,
2599,0xFFFFFF,False,,,,False,,
2600,0xFFFFFF,False,,,,False,,
2601,0xFFFFFF,False,,,,False,,
2602,0xFFFFFF,False,,,,False,,
2603,0xFFFFFF,False,,,,False,,
2604,0xFFFFFF,False,,,,False,,
2605,0xFFFFFF,False,,,,False,,
2606,0xFFFFFF,False,,,,False,,
2607,0xFFFFFF,False,,,,False,,
2608,0xFFFFFF,False,,,,False,,
2609,0xFFFFFF,False,,,,False,,
2610,0xFFFFFF,False,,,,False,,
2611,0xFFFFFF,False,,,,False,,
2612,0xFFFFFF,False,,,,False,,
2613,0xFFFFFF,False,,,,False,,
2614,0xFFFFFF,False,,,,False,,
2615,0xFFFFFF,False,,,,False,,
2616,0xFFFFFF,False,,,,False,,
2617,0xFFFFFF,False,,,,False,,
2618,0xFFFFFF,False,,,,False,,
2619,0xFFFFFF,False,,,,False,,
2620,0xFFFFFF,False,,,,False,,
2621,0xFFFFFF,False,,,,False,,
2622,0xFFFFFF,False,,,,False,,
2623,0xFFFFFF,False,,,,False,,
2624,0xFFFFFF,False,,,,False,,
2625,0xFFFFFF,False,,,,False,,
2626,0xFFFFFF,False,,,,False,,
2627,0xFFFFFF,False,,,,False,,
2628,0xFFFFFF,False,,,,False,,
2629,0xFFFFFF,False,,,,False,,
2630,0xFFFFFF,False,,,,False,,
2631,0xFFFFFF,False,,,,False,,
2632,0xFFFFFF,False,,,,False,,
2633,0xFFFFFF,False,,,,False,,
2634,0xFFFFFF,False,,,,False,,
2635,0xFFFFFF,False,,,,False,,
2636,0xFFFFFF,False,,,,False,,
2637,0xFFFFFF,False,,,,False,,
2638,0xFFFFFF,False,,,,False,,
2639,0xFFFFFF,False,,,,False,,
2640,0xFFFFFF,False,,,,False,,
2641,0xFFFFFF,False,,,,False,,
2642,0xFFFFFF,False,,,,False,,
2643,0xFFFFFF,False,,,,False,,
2644,0xFFFFFF,False,,,,False,,
2645,0xFFFFFF,False,,,,False,,
2646,0xFFFFFF,False,,,,False,,
2647,0xFFFFFF,False,,,,False,,
2648,0xFFFFFF,False,,,,False,,
2649,0xFFFFFF,False,,,,False,,
2650,0xFFFFFF,False,,,,False,,
2651,0xFFFFFF,False,,,,False,,
2652,0xFFFFFF,False,,,,False,,
2653,0xFFFFFF,False,,,,False,,
2654,0xFFFFFF,False,,,,False,,
2655,0xFFFFFF,False,,,,False,,
2656,0xFFFFFF,False,,,,False,,
2657,0xFFFFFF,False,,,,False,,
2658,0xFFFFFF,False,,,,False,,
2659,0xFFFFFF,False,,,,False,,
2660,0xFFFFFF,False,,,,False,,
2661,0xFFFFFF,False,,,,False,,
2662,0xFFFFFF,False,,,,False,,
2663,0xFFFFFF,False,,,,False,,
2664,0xFFFFFF,False,,,,False,,
2665,0xFFFFFF,False,,,,False,,
2666,0xFFFFFF,False,,,,False,,
2667,0xFFFFFF,False,,,,False,,
2668,0xFFFFFF,False,,,,False,,
2669,0xFFFFFF,False,,,,False,,
2670,0xFFFFFF,False,,,,False,,
2671,0xFFFFFF,False,,,,False,,
2672,0xFFFFFF,False,,,,False,,
2673,0xFFFFFF,False,,,,False,,
2674,0xFFFFFF,False,,,,False,,
2675,0xFFFFFF,False,,,,False,,
2676,0xFFFFFF,False,,,,False,,
2677,0xFFFFFF,False,,,,False,,
2678,0xFFFFFF,False,,,,False,,
2679,0xFFFFFF,False,,,,False,,
2680,0xFFFFFF,False,,,,False,,
2681,0xFFFFFF,False,,,,False,,
2682,0xFFFFFF,False,,,,False,,
2683,0xFFFFFF,False,,,,False,,
2684,0xFFFFFF,False,,,,False,,
2685,0xFFFFFF,False,,,,False,,
2686,0xFFFFFF,False,,,,False,,
2687,0xFFFFFF,False,,,,False,,
2688,0xFFFFFF,False,,,,False,,
2689,0xFFFFFF,False,,,,False,,
2690,0xFFFFFF,False,,,,False,,
2691,0xFFFFFF,False,,,,False,,
2692,0xFFFFFF,False,,,,False,,
2693,0xFFFFFF,False,,,,False,,
2694,0xFFFFFF,False,,,,False,,
2695,0xFFFFFF,False,,,,False,,
2696,0xFFFFFF,False,,,,False,,
2697,0xFFFFFF,False,,,,False,,
2698,0xFFFFFF,False,,,,False,,
2699,0xFFFFFF,False,,,,False,,
2700,0xFFFFFF,False,,,,False,,
2701,0xFFFFFF,False,,,,False,,
2702,0xFFFFFF,False,,,,False,,
2703,0xFFFFFF,False,,,,False,,
2704,0xFFFFFF,False,,,,False,,
2705,0xFFFFFF,False,,,,False,,
2706,0xFFFFFF,False,,,,False,,
2707,0xFFFFFF,False,,,,False,,
2708,0xFFFFFF,False,,,,False,,
2709,0xFFFFFF,False,,,,False,,
2710,0xFFFFFF,False,,,,False,,
2711,0xFFFFFF,False,,,,False,,
2712,0xFFFFFF,False,,,,False,,
2713,0xFFFFFF,False,,,,False,,
2714,0xFFFFFF,False,,,,False,,
2715,0xFFFFFF,False,,,,False,,
2716,0xFFFFFF,False,,,,False,,
2717,0xFFFFFF,False,,,,False,,
2718,0xFFFFFF,False,,,,False,,
2719,0xFFFFFF,False,,,,False,,
2720,0xFFFFFF,False,,,,False,,
2721,0xFFFFFF,False,,,,False,,
2722,0xFFFFFF,False,,,,False,,
2723,0xFFFFFF,False,,,,False,,
2724,0xFFFFFF,False,,,,False,,
2725,0xFFFFFF,False,,,,False,,
2726,0xFFFFFF,False,,,,False,,
2727,0xFFFFFF,False,,,,False,,
2728,0xFFFFFF,False,,,,False,,
2729,0xFFFFFF,False,,,,False,,
2730,0xFFFFFF,False,,,,False,,
2731,0xFFFFFF,False,,,,False,,
2732,0xFFFFFF,False,,,,False,,
2733,0xFFFFFF,False,,,,False,,
2734,0xFFFFFF,False,,,,False,,
2735,0xFFFFFF,False,,,,False,,
2736,0xFFFFFF,False,,,,False,,
2737,0xFFFFFF,False,,,,False,,
2738,0xFFFFFF,False,,,,False,,
2739,0xFFFFFF,False,,,,False,,
2740,0xFFFFFF,False,,,,False,,
2741,0xFFFFFF,False,,,,False,,
2742,0xFFFFFF,False,,,,False,,
2743,0xFFFFFF,False,,,,False,,
2744,0xFFFFFF,False,,,,False,,
2745,0xFFFFFF,False,,,,False,,
2746,0xFFFFFF,False,,,,False,,
2747,0xFFFFFF,False,,,,False,,
2748,0xFFFFFF,False,,,,False,,
2749,0xFFFFFF,False,,,,False,,
2750,0xFFFFFF,False,,,,False,,
2751,0xFFFFFF,False,,,,False,,
2752,0xFFFFFF,False,,,,False,,
2753,0xFFFFFF,False,,,,False,,
2754,0xFFFFFF,False,,,,False,,
2755,0xFFFFFF,False,,,,False,,
2756,0xFFFFFF,False,,,,False,,
2757,0xFFFFFF,False,,,,False,,
2758,0xFFFFFF,False,,,,False,,
2759,0xFFFFFF,False,,,,False,,
2760,0xFFFFFF,False,,,,False,,
2761,0xFFFFFF,False,,,,False,,
2762,0xFFFFFF,False,,,,False,,
2763,0xFFFFFF,False,,,,False,,
2764,0xFFFFFF,False,,,,False,,
2765,0xFFFFFF,False,,,,False,,
2766,0xFFFFFF,False,,,,False,,
2767,0xFFFFFF,False,,,,False,,
2768,0xFFFFFF,False,,,,False,,
2769,0xFFFFFF,False,,,,False,,
2770,0xFFFFFF,False,,,,False,,
2771,0xFFFFFF,False,,,,False,,
2772,0xFFFFFF,False,,,,False,,
2773,0xFFFFFF,False,,,,False,,
2774,0xFFFFFF,False,,,,False,,
2775,0xFFFFFF,False,,,,False,,
2776,0xFFFFFF,False,,,,False,,
2777,0xFFFFFF,False,,,,False,,
2778,0xFFFFFF,False,,,,False,,
2779,0xFFFFFF,False,,,,False,,
2780,0xFFFFFF,False,,,,False,,
2781,0xFFFFFF,False,,,,False,,
2782,0xFFFFFF,False,,,,False,,
2783,0xFFFFFF,False,,,,False,,
2784,0xFFFFFF,False,,,,False,,
2785,0xFFFFFF,False,,,,False,,
2786,0xFFFFFF,False,,,,False,,
2787,0xFFFFFF,False,,,,False,,
2788,0xFFFFFF,False,,,,False,,
2789,0xFFFFFF,False,,,,False,,
2790,0xFFFFFF,False,,,,False,,
2791,0xFFFFFF,False,,,,False,,
2792,0xFFFFFF,False,,,,False,,
2793,0xFFFFFF,False,,,,False,,
2794,0xFFFFFF,False,,,,False,,
2795,0xFFFFFF,False,,,,False,,
2796,0xFFFFFF,False,,,,False,,
2797,0xFFFFFF,False,,,,False,,
2798,0xFFFFFF,False,,,,False,,
2799,0xFFFFFF,False,,,,False,,
2800,0xFFFFFF,False,,,,False,,
2801,0xFFFFFF,False,,,,False,,
2802,0xFFFFFF,False,,,,False,,
2803,0xFFFFFF,False,,,,False,,
2804,0xFFFFFF,False,,,,False,,
2805,0xFFFFFF,False,,,,False,,
2806,0xFFFFFF,False,,,,False,,
2807,0xFFFFFF,False,,,,False,,
2808,0xFFFFFF,False,,,,False,,
2809,0xFFFFFF,False,,,,False,,
2810,0xFFFFFF,False,,,,False,,
2811,0xFFFFFF,False,,,,False,,
2812,0xFFFFFF,False,,,,False,,
2813,0xFFFFFF,False,,,,False,,
2814,0xFFFFFF,False,,,,False,,
2815,0xFFFFFF,False,,,,False,,
2816,0xFFFFFF,False,,,,False,,
2817,0xFFFFFF,False,,,,False,,
2818,0xFFFFFF,False,,,,False,,
2819,0xFFFFFF,False,,,,False,,
2820,0xFFFFFF,False,,,,False,,
2821,0xFFFFFF,False,,,,False,,
2822,0xFFFFFF,False,,,,False,,
2823,0xFFFFFF,False,,,,False,,
2824,0xFFFFFF,False,,,,False,,
2825,0xFFFFFF,False,,,,False,,
2826,0xFFFFFF,False,,,,False,,
2827,0xFFFFFF,False,,,,False,,
2828,0xFFFFFF,False,,,,False,,
2829,0xFFFFFF,False,,,,False,,
2830,0xFFFFFF,False,,,,False,,
2831,0xFFFFFF,False,,,,False,,
2832,0xFFFFFF,False,,,,False,,
2833,0xFFFFFF,False,,,,False,,
2834,0xFFFFFF,False,,,,False,,
2835,0xFFFFFF,False,,,,False,,
2836,0xFFFFFF,False,,,,False,,
2837,0xFFFFFF,False,,,,False,,
2838,0xFFFFFF,False,,,,False,,
2839,0xFFFFFF,False,,,,False,,
2840,0xFFFFFF,False,,,,False,,
2841,0xFFFFFF,False,,,,False,,
2842,0xFFFFFF,False,,,,False,,
2843,0xFFFFFF,False,,,,False,,
2844,0xFFFFFF,False,,,,False,,
2845,0xFFFFFF,False,,,,False,,
2846,0xFFFFFF,False,,,,False,,
2847,0xFFFFFF,False,,,,False,,
2848,0xFFFFFF,False,,,,False,,
2849,0xFFFFFF,False,,,,False,,
2850,0xFFFFFF,False,,,,False,,
2851,0xFFFFFF,False,,,,False,,
2852,0xFFFFFF,False,,,,False,,
2853,0xFFFFFF,False,,,,False,,
2854,0xFFFFFF,False,,,,False,,
2855,0xFFFFFF,False,,,,False,,
2856,0xFFFFFF,False,,,,False,,
2857,0xFFFFFF,False,,,,False,,
2858,0xFFFFFF,False,,,,False,,
2859,0xFFFFFF,False,,,,False,,
2860,0xFFFFFF,False,,,,False,,
2861,0xFFFFFF,False,,,,False,,
2862,0xFFFFFF,False,,,,False,,
2863,0xFFFFFF,False,,,,False,,
2864,0xFFFFFF,False,,,,False,,
2865,0xFFFFFF,False,,,,False,,
2866,0xFFFFFF,False,,,,False,,
2867,0xFFFFFF,False,,,,False,,
2868,0xFFFFFF,False,,,,False,,
2869,0xFFFFFF,False,,,,False,,
2870,0xFFFFFF,False,,,,False,,
2871,0xFFFFFF,False,,,,False,,
2872,0xFFFFFF,False,,,,False,,
2873,0xFFFFFF,False,,,,False,,
2874,0xFFFFFF,False,,,,False,,
2875,0xFFFFFF,False,,,,False,,
2876,0xFFFFFF,False,,,,False,,
2877,0xFFFFFF,False,,,,False,,
2878,0xFFFFFF,False,,,,False,,
2879,0xFFFFFF,False,,,,False,,
2880,0xFFFFFF,False,,,,False,,
2881,0xFFFFFF,False,,,,False,,
2882,0xFFFFFF,False,,,,False,,
2883,0xFFFFFF,False,,,,False,,
2884,0xFFFFFF,False,,,,False,,
2885,0xFFFFFF,False,,,,False,,
2886,0xFFFFFF,False,,,,False,,
2887,0xFFFFFF,False,,,,False,,
2888,0xFFFFFF,False,,,,False,,
2889,0xFFFFFF,False,,,,False,,
2890,0xFFFFFF,False,,,,False,,
2891,0xFFFFFF,False,,,,False,,
2892,0xFFFFFF,False,,,,False,,
2893,0xFFFFFF,False,,,,False,,
2894,0xFFFFFF,False,,,,False,,
2895,0xFFFFFF,False,,,,False,,
2896,0xFFFFFF,False,,,,False,,
2897,0xFFFFFF,False,,,,False,,
2898,0xFFFFFF,False,,,,False,,
2899,0xFFFFFF,False,,,,False,,
2900,0xFFFFFF,False,,,,False,,
2901,0xFFFFFF,False,,,,False,,
2902,0xFFFFFF,False,,,,False,,
2903,0xFFFFFF,False,,,,False,,
2904,0xFFFFFF,False,,,,False,,
2905,0xFFFFFF,False,,,,False,,
2906,0xFFFFFF,False,,,,False,,
2907,0xFFFFFF,False,,,,False,,
2908,0xFFFFFF,False,,,,False,,
2909,0xFFFFFF,False,,,,False,,
2910,0xFFFFFF,False,,,,False,,
2911,0xFFFFFF,False,,,,False,,
2912,0xFFFFFF,False,,,,False,,
2913,0xFFFFFF,False,,,,False,,
2914,0xFFFFFF,False,,,,False,,
2915,0xFFFFFF,False,,,,False,,
2916,0xFFFFFF,False,,,,False,,
2917,0xFFFFFF,False,,,,False,,
2918,0xFFFFFF,False,,,,False,,
2919,0xFFFFFF,False,,,,False,,
2920,0xFFFFFF,False,,,,False,,
2921,0xFFFFFF,False,,,,False,,
2922,0xFFFFFF,False,,,,False,,
2923,0xFFFFFF,False,,,,False,,
2924,0xFFFFFF,False,,,,False,,
2925,0xFFFFFF,False,,,,False,,
2926,0xFFFFFF,False,,,,False,,
2927,0xFFFFFF,False,,,,False,,
2928,0xFFFFFF,False,,,,False,,
2929,0xFFFFFF,False,,,,False,,
2930,0xFFFFFF,False,,,,False,,
2931,0xFFFFFF,False,,,,False,,
2932,0xFFFFFF,False,,,,False,,
2933,0xFFFFFF,False,,,,False,,
2934,0xFFFFFF,False,,,,False,,
2935,0xFFFFFF,False,,,,False,,
2936,0xFFFFFF,False,,,,False,,
2937,0xFFFFFF,False,,,,False,,
2938,0xFFFFFF,False,,,,False,,
2939,0xFFFFFF,False,,,,False,,
2940,0xFFFFFF,False,,,,False,,
2941,0xFFFFFF,False,,,,False,,
2942,0xFFFFFF,False,,,,False,,
2943,0xFFFFFF,False,,,,False,,
2944,0xFFFFFF,False,,,,False,,
2945,0xFFFFFF,False,,,,False,,
2946,0xFFFFFF,False,,,,False,,
2947,0xFFFFFF,False,,,,False,,
2948,0xFFFFFF,False,,,,False,,
2949,0xFFFFFF,False,,,,False,,
2950,0xFFFFFF,False,,,,False,,
2951,0xFFFFFF,False,,,,False,,
2952,0xFFFFFF,False,,,,False,,
2953,0xFFFFFF,False,,,,False,,
2954,0xFFFFFF,False,,,,False,,
2955,0xFFFFFF,False,,,,False,,
2956,0xFFFFFF,False,,,,False,,
2957,0xFFFFFF,False,,,,False,,
2958,0xFFFFFF,False,,,,False,,
2959,0xFFFFFF,False,,,,False,,
2960,0xFFFFFF,False,,,,False,,
2961,0xFFFFFF,False,,,,False,,
2962,0xFFFFFF,False,,,,False,,
2963,0xFFFFFF,False,,,,False,,
2964,0xFFFFFF,False,,,,False,,
2965,0xFFFFFF,False,,,,False,,
2966,0xFFFFFF,False,,,,False,,
2967,0xFFFFFF,False,,,,False,,
2968,0xFFFFFF,False,,,,False,,
2969,0xFFFFFF,False,,,,False,,
2970,0xFFFFFF,False,,,,False,,
2971,0xFFFFFF,False,,,,False,,
2972,0xFFFFFF,False,,,,False,,
2973,0xFFFFFF,False,,,,False,,
2974,0xFFFFFF,False,,,,False,,
2975,0xFFFFFF,False,,,,False,,
2976,0xFFFFFF,False,,,,False,,
2977,0xFFFFFF,False,,,,False,,
2978,0xFFFFFF,False,,,,False,,
2979,0xFFFFFF,False,,,,False,,
2980,0xFFFFFF,False,,,,False,,
2981,0xFFFFFF,False,,,,False,,
2982,0xFFFFFF,False,,,,False,,
2983,0xFFFFFF,False,,,,False,,
2984,0xFFFFFF,False,,,,False,,
2985,0xFFFFFF,False,,,,False,,
2986,0xFFFFFF,False,,,,False,,
2987,0xFFFFFF,False,,,,False,,
2988,0xFFFFFF,False,,,,False,,
2989,0xFFFFFF,False,,,,False,,
2990,0xFFFFFF,False,,,,False,,
2991,0xFFFFFF,False,,,,False,,
2992,0xFFFFFF,False,,,,False,,
2993,0xFFFFFF,False,,,,False,,
2994,0xFFFFFF,False,,,,False,,
2995,0xFFFFFF,False,,,,False,,
2996,0xFFFFFF,False,,,,False,,
2997,0xFFFFFF,False,,,,False,,
2998,0xFFFFFF,False,,,,False,,
2999,0xFFFFFF,False,,,,False,,
3000,0xFFFFFF,False,,,,False,,
3001,0xFFFFFF,False,,,,False,,
3002,0xFFFFFF,False,,,,False,,
3003,0xFFFFFF,False,,,,False,,
3004,0xFFFFFF,False,,,,False,,
3005,0xFFFFFF,False,,,,False,,
3006,0xFFFFFF,False,,,,False,,
3007,0xFFFFFF,False,,,,False,,
3008,0xFFFFFF,False,,,,False,,
3009,0xFFFFFF,False,,,,False,,
3010,0xFFFFFF,False,,,,False,,
3011,0xFFFFFF,False,,,,False,,
3012,0xFFFFFF,False,,,,False,,
3013,0xFFFFFF,False,,,,False,,
3014,0xFFFFFF,False,,,,False,,
3015,0xFFFFFF,False,,,,False,,
3016,0xFFFFFF,False,,,,False,,
3017,0xFFFFFF,False,,,,False,,
3018,0xFFFFFF,False,,,,False,,
3019,0xFFFFFF,False,,,,False,,
3020,0xFFFFFF,False,,,,False,,
3021,0xFFFFFF,False,,,,False,,
3022,0xFFFFFF,False,,,,False,,
3023,0xFFFFFF,False,,,,False,,
3024,0xFFFFFF,False,,,,False,,
3025,0xFFFFFF,False,,,,False,,
3026,0xFFFFFF,False,,,,False,,
3027,0xFFFFFF,False,,,,False,,
3028,0xFFFFFF,False,,,,False,,
3029,0xFFFFFF,False,,,,False,,
3030,0xFFFFFF,False,,,,False,,
3031,0xFFFFFF,False,,,,False,,
3032,0xFFFFFF,False,,,,False,,
3033,0xFFFFFF,False,,,,False,,
3034,0xFFFFFF,False,,,,False,,
3035,0xFFFFFF,False,,,,False,,
3036,0xFFFFFF,False,,,,False,,
3037,0xFFFFFF,False,,,,False,,
3038,0xFFFFFF,False,,,,False,,
3039,0xFFFFFF,False,,,,False,,
3040,0xFFFFFF,False,,,,False,,
3041,0xFFFFFF,False,,,,False,,
3042,0xFFFFFF,False,,,,False,,
3043,0xFFFFFF,False,,,,False,,
3044,0xFFFFFF,False,,,,False,,
3045,0xFFFFFF,False,,,,False,,
3046,0xFFFFFF,False,,,,False,,
3047,0xFFFFFF,False,,,,False,,
3048,0xFFFFFF,False,,,,False,,
3049,0xFFFFFF,False,,,,False,,
3050,0xFFFFFF,False,,,,False,,
3051,0xFFFFFF,False,,,,False,,
3052,0xFFFFFF,False,,,,False,,
3053,0xFFFFFF,False,,,,False,,
3054,0xFFFFFF,False,,,,False,,
3055,0xFFFFFF,False,,,,False,,
3056,0xFFFFFF,False,,,,False,,
3057,0xFFFFFF,False,,,,False,,
3058,0xFFFFFF,False,,,,False,,
3059,0xFFFFFF,False,,,,False,,
3060,0xFFFFFF,False,,,,False,,
3061,0xFFFFFF,False,,,,False,,
3062,0xFFFFFF,False,,,,False,,
3063,0xFFFFFF,False,,,,False,,
3064,0xFFFFFF,False,,,,False,,
3065,0xFFFFFF,False,,,,False,,
3066,0xFFFFFF,False,,,,False,,
3067,0xFFFFFF,False,,,,False,,
3068,0xFFFFFF,False,,,,False,,
3069,0xFFFFFF,False,,,,False,,
3070,0xFFFFFF,False,,,,False,,
3071,0xFFFFFF,False,,,,False,,
3072,0x00D5E3,True,1,1,01010000,True,0E0,
3073,0x00D601,True,1,2,01020000,False,,
3074,0x00D61F,True,1,3,01030000,False,,
3075,0x00D63D,True,1,4,01040000,False,,
3076,0x00D65B,True,1,1,01010000,True,0E1,
3077,0x00D679,True,1,2,01020000,False,,
3078,0x00D697,True,1,3,01030000,False,,
3079,0x00D6B5,True,1,4,01040000,False,,
3080,0x00D6D3,True,1,1,01010000,True,0E2,
3081,0x00D6F1,True,1,2,01020000,False,,
3082,0x00D70F,True,1,3,01030000,False,,
3083,0x00D72D,True,1,4,01040000,False,,
3084,0x00D74B,True,1,1,01010000,True,0E3,
3085,0x00D769,True,1,2,01020000,False,,
3086,0x00D787,True,1,3,01030000,False,,
3087,0x00D7A5,True,1,4,01040000,False,,
3088,0x00D7C3,True,1,1,01010000,True,0E4,
3089,0x00D7E1,True,1,2,01020000,False,,
3090,0x00D7FF,True,1,3,01030000,False,,
3091,0x00D81D,True,1,4,01040000,False,,
3092,0x00D83B,True,1,1,01010000,True,0E5,
3093,0x00D859,True,1,2,01020000,False,,
3094,0x00D877,True,1,3,01030000,False,,
3095,0x00D895,True,1,4,01040000,False,,
3096,0x00D8B3,True,1,1,01010000,True,0E6,
3097,0x00D8D1,True,1,2,01020000,False,,
3098,0x00D8EF,True,1,3,01030000,False,,
3099,0x00D90D,True,1,4,01040000,False,,
3100,0x00D92B,True,1,1,01010000,True,0E7,
3101,0x00D949,True,1,2,01020000,False,,
3102,0x00D967,True,1,3,01030000,False,,
3103,0x00D985,True,1,4,01040000,False,,
3104,0x00D9A3,True,1,1,01010000,True,0E8,
3105,0x00D9C1,True,1,2,01020000,False,,
3106,0x00D9DF,True,1,3,01030000,False,,
3107,0x00D9FD,True,1,4,01040000,False,,
3108,0x00DA1B,True,1,1,01010000,True,0E9,
3109,0x00DA39,True,1,2,01020000,False,,
3110,0x00DA57,True,1,3,01030000,False,,
3111,0x00DA75,True,1,4,01040000,False,,
3112,0x00DA93,True,1,1,01010000,True,0EA,
3113,0x00DAB1,True,1,2,01020000,False,,
3114,0x00DACF,True,1,3,01030000,False,,
3115,0x00DAED,True,1,4,01040000,False,,
3116,0x00DB0B,True,1,1,01010000,True,0EB,
3117,0x00DB29,True,1,2,01020000,False,,
3118,0x00DB47,True,1,3,01030000,False,,
3119,0x00DB65,True,1,4,01040000,False,,
3120,0x00DB83,True,1,1,01010000,True,0EC,
3121,0x00DBA1,True,1,2,01020000,False,,
3122,0x00DBBF,True,1,3,01030000,False,,
3123,0x00DBDD,True,1,4,01040000,False,,
3124,0x00DBFB,True,1,1,01010000,True,0ED,
3125,0x00DC19,True,1,2,01020000,False,,
3126,0x00DC37,True,1,3,01030000,False,,
3127,0x00DC55,True,1,4,01040000,False,,
3128,0x00DC73,True,1,1,01010000,True,0EE,
3129,0x00DC91,True,1,2,01020000,False,,
3130,0x00DCAF,True,1,3,01030000,False,,
3131,0x00DCCD,True,1,4,01040000,False,,
3132,0x00DCEB,True,1,1,01010000,True,0EF,
3133,0x00DD09,True,1,2,01020000,False,,
3134,0x00DD27,True,1,3,01030000,False,,
3135,0x00DD45,True,1,4,01040000,False,,
3136,0x00DD63,True,1,1,01010000,True,0F0,
3137,0x00DD81,True,1,2,01020000,False,,
3138,0x00DD9F,True,1,3,01030000,False,,
3139,0x00DDBD,True,1,4,01040000,False,,
3140,0x00DDDB,True,1,1,01010000,True,0F1,
3141,0x00DDF9,True,1,2,01020000,False,,
3142,0x00DE17,True,1,3,01030000,False,,
3143,0x00DE35,True,1,4,01040000,False,,
3144,0x00DE53,True,1,1,01010000,True,0F2,
3145,0x00DE79,True,1,2,01020000,False,,
3146,0x00DE9F,True,1,3,01030000,False,,
3147,0x00DEC5,True,1,4,01040000,False,,
3148,0x00DEEB,True,1,1,01010000,True,0F3,
3149,0x00DF09,True,1,2,01020000,False,,
3150,0x00DF27,True,1,3,01030000,False,,
3151,0x00DF45,True,1,4,01040000,False,,
3152,0x00DF63,True,1,1,01010000,True,0F4,
3153,0x00DF81,True,1,2,01020000,False,,
3154,0x00DF9F,True,1,3,01030000,False,,
3155,0x00DFBD,True,1,4,01040000,False,,
3156,0x00DFDB,True,1,1,01010000,True,0F5,
3157,0x00DFF9,True,1,2,01020000,False,,
3158,0x00E017,True,1,3,01030000,False,,
3159,0x00E035,True,1,4,01040000,False,,
3160,0x00E053,True,1,1,01010000,True,0F6,
3161,0x00E071,True,1,2,01020000,False,,
3162,0x00E08F,True,1,3,01030000,False,,
3163,0x00E0AD,True,1,4,01040000,False,,
3164,0x00E0CB,True,1,1,01010000,True,0F7,
3165,0x00E0E9,True,1,2,01020000,False,,
3166,0x00E107,True,1,3,01030000,False,,
3167,0x00E125,True,1,4,01040000,False,,
3168,0x00E143,True,1,1,01010000,True,0F8,
3169,0x00E161,True,1,2,01020000,False,,
3170,0x00E17F,True,1,3,01030000,False,,
3171,0x00E19D,True,1,4,01040000,False,,
3172,0x00E1BB,True,1,1,01010000,True,0F9,
3173,0x00E1D9,True,1,2,01020000,False,,
3174,0x00E1F7,True,1,3,01030000,False,,
3175,0x00E215,True,1,4,01040000,False,,
3176,0x00E233,True,1,1,01010000,True,0FA,
3177,0x00E251,True,1,2,01020000,False,,
3178,0x00E26F,True,1,3,01030000,False,,
3179,0x00E28D,True,1,4,01040000,False,,
3180,0x00E2AB,True,1,1,01010000,True,0FB,
3181,0x00E2C9,True,1,2,01020000,False,,
3182,0x00E2E7,True,1,3,01030000,False,,
3183,0x00E305,True,1,4,01040000,False,,
3184,0x00E323,True,1,1,01010000,True,0FC,
3185,0x00E341,True,1,2,01020000,False,,
3186,0x00E35F,True,1,3,01030000,False,,
3187,0x00E37D,True,1,4,01040000,False,,
3188,0x00E39B,True,1,1,01010000,True,0FD,
3189,0x00E3B9,True,1,2,01020000,False,,
3190,0x00E3D7,True,1,3,01030000,False,,
3191,0x00E3F5,True,1,4,01040000,False,,
3192,0x00E413,True,1,1,01010000,True,0FE,
3193,0x00E431,True,1,2,01020000,False,,
3194,0x00E44F,True,1,3,01030000,False,,
3195,0x00E46D,True,1,4,01040000,False,,
3196,0x00E48B,True,1,1,01010000,True,0FF,
3197,0x00E4A9,True,1,2,01020000,False,,
3198,0x00E4C7,True,1,3,01030000,False,,
3199,0x00E4E5,True,1,4,01040000,False,,
3200,0x00E503,True,1,1,01010000,True,100,
3201,0x00E521,True,1,2,01020000,False,,
3202,0x00E53F,True,1,3,01030000,False,,
3203,0x00E55D,True,1,4,01040000,False,,
3204,0x00E57B,True,1,1,01010000,True,101,
3205,0x00E599,True,1,2,01020000,False,,
3206,0x00E5B7,True,1,3,01030000,False,,
3207,0x00E5D5,True,1,4,01040000,False,,
3208,0x00E5F3,True,1,1,01010000,True,102,
3209,0x00E611,True,1,2,01020000,False,,
3210,0x00E62F,True,1,3,01030000,False,,
3211,0x00E64D,True,1,4,01040000,False,,
3212,0x00E66B,True,1,1,01010000,True,103,
3213,0x00E689,True,1,2,01020000,False,,
3214,0x00E6A7,True,1,3,01030000,False,,
3215,0x00E6C5,True,1,4,01040000,False,,
3216,0x00E6E3,True,1,1,01010000,True,104,
3217,0x00E701,True,1,2,01020000,False,,
3218,0x00E71F,True,1,3,01030000,False,,
3219,0x00E73D,True,1,4,01040000,False,,
3220,0x00E75B,True,1,1,01010000,True,105,
3221,0x00E779,True,1,2,01020000,False,,
3222,0x00E797,True,1,3,01030000,False,,
3223,0x00E7B5,True,1,4,01040000,False,,
3224,0x00E7D3,True,1,1,01010000,True,106,
3225,0x00E7F1,True,1,2,01020000,False,,
3226,0x00E80F,True,1,3,01030000,False,,
3227,0x00E82D,True,1,4,01040000,False,,
3228,0x00E84B,True,1,1,01010000,True,107 134,
3229,0x00E869,True,1,2,01020000,False,,
3230,0x00E887,True,1,3,01030000,False,,
3231,0x00E8A5,True,1,4,01040000,False,,
3232,0x00E8C3,True,1,1,01010000,True,108 135,
3233,0x00E8E1,True,1,2,01020000,False,,
3234,0x00E8FF,True,1,3,01030000,False,,
3235,0x00E91D,True,1,4,01040000,False,,
3236,0x00E93B,True,1,1,01010000,True,109,
3237,0x00E961,True,1,2,01020000,False,,
3238,0x00E987,True,1,3,01030000,False,,
3239,0x00E9AD,True,1,4,01040000,False,,
3240,0x00E9D3,True,1,1,01010000,True,10A,
3241,0x00E9F9,True,1,2,01020000,False,,
3242,0x00EA1F,True,1,3,01030000,False,,
3243,0x00EA45,True,1,4,01040000,False,,
3244,0x00EA6B,True,1,1,01010000,True,10B,
3245,0x00EA91,True,1,2,01020000,False,,
3246,0x00EAB7,True,1,3,01030000,False,,
3247,0x00EADD,True,1,4,01040000,False,,
3248,0x00EB03,True,1,1,01010000,True,10C,
3249,0x00EB29,True,1,2,01020000,False,,
3250,0x00EB4F,True,1,3,01030000,False,,
3251,0x00EB75,True,1,4,01040000,False,,
3252,0x00EB9B,True,1,1,01010000,True,10D,
3253,0x00EBC1,True,1,2,01020000,False,,
3254,0x00EBE7,True,1,3,01030000,False,,
3255,0x00EC0D,True,1,4,01040000,False,,
3256,0x00EC33,True,1,1,01010000,True,10E,
3257,0x00EC59,True,1,2,01020000,False,,
3258,0x00EC7F,True,1,3,01030000,False,,
3259,0x00ECA5,True,1,4,01040000,False,,
3260,0x00ECCB,True,1,1,01010000,True,10F,
3261,0x00ECF1,True,1,2,01020000,False,,
3262,0x00ED17,True,1,3,01030000,False,,
3263,0x00ED3D,True,1,4,01040000,False,,
3264,0x00ED63,True,1,1,01010000,True,110,
3265,0x00ED89,True,1,2,01020000,False,,
3266,0x00EDAF,True,1,3,01030000,False,,
3267,0x00EDD5,True,1,4,01040000,False,,
3268,0x00EDFB,True,1,1,01010000,True,167,
3269,0x00EE21,True,1,2,01020000,False,,
3270,0x00EE47,True,1,3,01030000,False,,
3271,0x00EE6D,True,1,4,01040000,False,,
3272,0x00EE93,True,1,1,01010000,True,168,
3273,0x00EEB9,True,1,2,01020000,False,,
3274,0x00EEDF,True,1,3,01030000,False,,
3275,0x00EF05,True,1,4,01040000,False,,
3276,0x00EF2B,True,1,1,01010000,True,169,
3277,0x00EF51,True,1,2,01020000,False,,
3278,0x00EF77,True,1,3,01030000,False,,
3279,0x00EF9D,True,1,4,01040000,False,,
3280,0x00EFC3,True,1,1,01010000,True,16A,
3281,0x00EFE9,True,1,2,01020000,False,,
3282,0x00F00F,True,1,3,01030000,False,,
3283,0x00F035,True,1,4,01040000,False,,
3284,0x00F05B,True,1,1,01010000,True,16B,
3285,0x00F081,True,1,2,01020000,False,,
3286,0x00F0A7,True,1,3,01030000,False,,
3287,0x00F0CD,True,1,4,01040000,False,,
3288,0x00F0F3,True,1,1,01010000,True,16C,
3289,0x00F119,True,1,2,01020000,False,,
3290,0x00F13F,True,1,3,01030000,False,,
3291,0x00F165,True,1,4,01040000,False,,
3292,0x00F18B,True,1,1,01010000,True,16D,
3293,0x00F1B1,True,1,2,01020000,False,,
3294,0x00F1D7,True,1,3,01030000,False,,
3295,0x00F1FD,True,1,4,01040000,False,,
3296,0x00F223,True,1,1,01010000,True,16E,
3297,0x00F249,True,1,2,01020000,False,,
3298,0x00F26F,True,1,3,01030000,False,,
3299,0x00F295,True,1,4,01040000,False,,
3300,0x00F2BB,True,1,1,01010000,True,13D,
3301,0x00F2D9,True,1,2,01020000,False,,
3302,0x00F2F7,True,1,3,01030000,False,,
3303,0x00F315,True,1,4,01040000,False,,
3304,0x00F333,True,1,1,01010000,False,,
3305,0x00F351,True,1,2,01020000,False,,
3306,0x00F36F,True,1,3,01030000,False,,
3307,0x00F38D,True,1,4,01040000,False,,
3308,0x00F3AB,True,1,1,01010000,True,158,
3309,0x00F3C9,True,1,2,01020000,False,,
3310,0x00F3E7,True,1,3,01030000,False,,
3311,0x00F405,True,1,4,01040000,False,,
3312,0x00F423,True,1,1,01010000,True,157,
3313,0x00F441,True,1,2,01020000,False,,
3314,0x00F45F,True,1,3,01030000,False,,
3315,0x00F47D,True,1,4,01040000,False,,
3316,0x00F49B,True,1,1,01010000,True,148,
3317,0x00F4B9,True,1,2,01020000,False,,
3318,0x00F4D7,True,1,3,01030000,False,,
3319,0x00F4F5,True,1,4,01040000,False,,
3320,0x00F513,True,1,1,01010000,True,149,
3321,0x00F531,True,1,2,01020000,False,,
3322,0x00F54F,True,1,3,01030000,False,,
3323,0x00F56D,True,1,4,01040000,False,,
3324,0x00F58B,True,1,1,01010000,True,14A,
3325,0x00F5A9,True,1,2,01020000,False,,
3326,0x00F5C7,True,1,3,01030000,False,,
3327,0x00F5E5,True,1,4,01040000,False,,
3328,0x00F603,True,1,1,01010000,True,13E,
3329,0x00F621,True,1,2,01020000,False,,
3330,0x00F63F,True,1,3,01030000,False,,
3331,0x00F65D,True,1,4,01040000,False,,
3332,0x00F67B,True,1,1,01010000,True,14B,
3333,0x00F699,True,1,2,01020000,False,,
3334,0x00F6B7,True,1,3,01030000,False,,
3335,0x00F6D5,True,1,4,01040000,False,,
3336,0x00F6F3,True,1,1,01010000,True,14C,
3337,0x00F711,True,1,2,01020000,False,,
3338,0x00F72F,True,1,3,01030000,False,,
3339,0x00F74D,True,1,4,01040000,False,,
3340,0xFFFFFF,False,,,,True,14D,
3341,0xFFFFFF,False,,,,False,,
3342,0xFFFFFF,False,,,,False,,
3343,0xFFFFFF,False,,,,False,,
3344,0xFFFFFF,False,,,,False,,
3345,0xFFFFFF,False,,,,False,,
3346,0xFFFFFF,False,,,,False,,
3347,0xFFFFFF,False,,,,False,,
3348,0xFFFFFF,False,,,,False,,
3349,0xFFFFFF,False,,,,False,,
3350,0xFFFFFF,False,,,,False,,
3351,0xFFFFFF,False,,,,False,,
3352,0x00F76B,True,1,1,01010000,True,14E,
3353,0x00F789,True,1,2,01020000,False,,
3354,0x00F7A7,True,1,3,01030000,False,,
3355,0x00F7C5,True,1,4,01040000,False,,
3356,0x00F7E3,True,1,1,01010000,True,12A,
3357,0x00F801,True,1,2,01020000,False,,
3358,0x00F81F,True,1,3,01030000,False,,
3359,0x00F83D,True,1,4,01040000,False,,
3360,0x00F85B,True,1,1,01010000,True,129,
3361,0x00F879,True,1,2,01020000,False,,
3362,0x00F897,True,1,3,01030000,False,,
3363,0x00F8B5,True,1,4,01040000,False,,
3364,0x00F8D3,True,1,1,01010000,True,14F,
3365,0x00F8F1,True,1,2,01020000,False,,
3366,0x00F90F,True,1,3,01030000,False,,
3367,0x00F92D,True,1,4,01040000,False,,
3368,0x00F94B,True,1,1,01010000,True,13F,
3369,0x00F969,True,1,2,01020000,False,,
3370,0x00F987,True,1,3,01030000,False,,
3371,0x00F9A5,True,1,4,01040000,False,,
3372,0x00F9C3,True,1,1,01010000,True,150,
3373,0x00F9E1,True,1,2,01020000,False,,
3374,0x00F9FF,True,1,3,01030000,False,,
3375,0x00FA1D,True,1,4,01040000,False,,
3376,0x00F9C3,True,1,1,01010000,True,151,
3377,0x00F9E1,True,1,2,01020000,False,,
3378,0x00F9FF,True,1,3,01030000,False,,
3379,0x00FA1D,True,1,4,01040000,False,,
3380,0xFFFFFF,False,,,,True,140,
3381,0xFFFFFF,False,,,,False,,
3382,0xFFFFFF,False,,,,False,,
3383,0xFFFFFF,False,,,,False,,
3384,0x00FA3B,True,1,1,01010000,True,141,
3385,0x00FA59,True,1,2,01020000,False,,
3386,0x00FA77,True,1,3,01030000,False,,
3387,0x00FA95,True,1,4,01040000,False,,
3388,0x00FA3B,True,1,1,01010000,True,142,
3389,0x00FA59,True,1,2,01020000,False,,
3390,0x00FA77,True,1,3,01030000,False,,
3391,0x00FA95,True,1,4,01040000,False,,
3392,0x00FAB3,True,1,1,01010000,True,147,
3393,0x00FAD1,True,1,2,01020000,False,,
3394,0x00FAEF,True,1,3,01030000,False,,
3395,0x00FB0D,True,1,4,01040000,False,,
3396,0x00FAB3,True,1,1,01010000,True,145,
3397,0x00FAD1,True,1,2,01020000,False,,
3398,0x00FAEF,True,1,3,01030000,False,,
3399,0x00FB0D,True,1,4,01040000,False,,
3400,0x00FB2B,True,1,1,01010000,True,146,
3401,0x00FB49,True,1,2,01020000,False,,
3402,0x00FB67,True,1,3,01030000,False,,
3403,0x00FB85,True,1,4,01040000,False,,
3404,0x00FBA3,True,1,1,01010000,True,152,
3405,0x00FBC1,True,1,2,01020000,False,,
3406,0x00FBDF,True,1,3,01030000,False,,
3407,0x00FBFD,True,1,4,01040000,False,,
3408,0xFFFFFF,False,,,,False,,
3409,0xFFFFFF,False,,,,False,,
3410,0xFFFFFF,False,,,,False,,
3411,0xFFFFFF,False,,,,False,,
3412,0x00FC1B,True,1,1,01010000,True,111,
3413,0x00FC41,True,1,2,01020000,False,,
3414,0x00FC67,True,1,3,01030000,False,,
3415,0x00FC8D,True,1,4,01040000,False,,
3416,0x00FCB3,True,1,1,01010000,True,112,
3417,0x00FCD9,True,1,2,01020000,False,,
3418,0x00FCFF,True,1,3,01030000,False,,
3419,0x00FD25,True,1,4,01040000,False,,
3420,0x00FD4B,True,1,1,01010000,True,113,
3421,0x00FD71,True,1,2,01020000,False,,
3422,0x00FD97,True,1,3,01030000,False,,
3423,0x00FDBD,True,1,4,01040000,False,,
3424,0x00FDE3,True,1,1,01010000,True,114,
3425,0x00FE09,True,1,2,01020000,False,,
3426,0x00FE2F,True,1,3,01030000,False,,
3427,0x00FE55,True,1,4,01040000,False,,
3428,0x00FE7B,True,1,1,01010000,True,115,
3429,0x00FEA1,True,1,2,01020000,False,,
3430,0x00FEC7,True,1,3,01030000,False,,
3431,0x00FEED,True,1,4,01040000,False,,
3432,0x00FF13,True,1,1,01010000,True,116,
3433,0x00FF39,True,1,2,01020000,False,,
3434,0x00FF5F,True,1,3,01030000,False,,
3435,0x00FF85,True,1,4,01040000,False,,
3436,0x00FFAB,True,1,1,01010000,True,117,
3437,0x00FFD1,True,1,2,01020000,False,,
3438,0x00FFF7,True,1,3,01030000,False,,
3439,0x01001D,True,1,4,01040000,False,,
3440,0x010043,True,1,1,01010000,True,118,
3441,0x010069,True,1,2,01020000,False,,
3442,0x01008F,True,1,3,01030000,False,,
3443,0x0100B5,True,1,4,01040000,False,,
3444,0x0100DB,True,1,1,01010000,True,119,
3445,0x010101,True,1,2,01020000,False,,
3446,0x010127,True,1,3,01030000,False,,
3447,0x01014D,True,1,4,01040000,False,,
3448,0x010173,True,1,1,01010000,True,11A,
3449,0x010199,True,1,2,01020000,False,,
3450,0x0101BF,True,1,3,01030000,False,,
3451,0x0101E5,True,1,4,01040000,False,,
3452,0x01020B,True,1,1,01010000,True,11B,
3453,0x010231,True,1,2,01020000,False,,
3454,0x010257,True,1,3,01030000,False,,
3455,0x01027D,True,1,4,01040000,False,,
3456,0x0102A3,True,1,1,01010000,True,11C,
3457,0x0102C9,True,1,2,01020000,False,,
3458,0x0102EF,True,1,3,01030000,False,,
3459,0x010315,True,1,4,01040000,False,,
3460,0x01033B,True,1,1,01010000,True,11D,
3461,0x010361,True,1,2,01020000,False,,
3462,0x010387,True,1,3,01030000,False,,
3463,0x0103AD,True,1,4,01040000,False,,
3464,0x0103D3,True,1,1,01010000,True,11E,
3465,0x0103F9,True,1,2,01020000,False,,
3466,0x01041F,True,1,3,01030000,False,,
3467,0x010445,True,1,4,01040000,False,,
3468,0x01046B,True,1,1,01010000,True,11F,
3469,0x010491,True,1,2,01020000,False,,
3470,0x0104B7,True,1,3,01030000,False,,
3471,0x0104DD,True,1,4,01040000,False,,
3472,0x010503,True,1,1,01010000,True,120,
3473,0x010529,True,1,2,01020000,False,,
3474,0x01054F,True,1,3,01030000,False,,
3475,0x010575,True,1,4,01040000,False,,
3476,0x01059B,True,1,1,01010000,True,121,
3477,0x0105C1,True,1,2,01020000,False,,
3478,0x0105E7,True,1,3,01030000,False,,
3479,0x01060D,True,1,4,01040000,False,,
3480,0x010633,True,1,1,01010000,True,122,
3481,0x010659,True,1,2,01020000,False,,
3482,0x01067F,True,1,3,01030000,False,,
3483,0x0106A5,True,1,4,01040000,False,,
3484,0x0106CB,True,1,1,01010000,True,123,
3485,0x0106F1,True,1,2,01020000,False,,
3486,0x010717,True,1,3,01030000,False,,
3487,0x01073D,True,1,4,01040000,False,,
3488,0x010763,True,1,1,01010000,True,124,
3489,0x010789,True,1,2,01020000,False,,
3490,0x0107AF,True,1,3,01030000,False,,
3491,0x0107D5,True,1,4,01040000,False,,
3492,0x0107FB,True,1,1,01010000,True,125,
3493,0x010821,True,1,2,01020000,False,,
3494,0x010847,True,1,3,01030000,False,,
3495,0x01086D,True,1,4,01040000,False,,
3496,0x010893,True,1,1,01010000,True,126,
3497,0x0108B9,True,1,2,01020000,False,,
3498,0x0108DF,True,1,3,01030000,False,,
3499,0x010905,True,1,4,01040000,False,,
3500,0x01092B,True,1,1,01010000,True,127,
3501,0x010951,True,1,2,01020000,False,,
3502,0x010977,True,1,3,01030000,False,,
3503,0x01099D,True,1,4,01040000,False,,
3504,0x0109C3,True,1,1,01010000,True,128,
3505,0x0109E9,True,1,2,01020000,False,,
3506,0x010A0F,True,1,3,01030000,False,,
3507,0x010A35,True,1,4,01040000,False,,
3508,0x010A5B,True,1,1,01010000,True,138,
3509,0x010A79,True,1,2,01020000,False,,
3510,0x010A97,True,1,3,01030000,False,,
3511,0x010AB5,True,1,4,01040000,False,,
3512,0x010AD3,True,1,1,01010000,True,139,
3513,0x010AF1,True,1,2,01020000,False,,
3514,0x010B0F,True,1,3,01030000,False,,
3515,0x010B2D,True,1,4,01040000,False,,
3516,0x010B4B,True,1,1,01010000,True,13A,
3517,0x010B69,True,1,2,01020000,False,,
3518,0x010B87,True,1,3,01030000,False,,
3519,0x010BA5,True,1,4,01040000,False,,
3520,0xFFFFFF,False,,,,False,,
3521,0xFFFFFF,False,,,,False,,
3522,0xFFFFFF,False,,,,False,,
3523,0xFFFFFF,False,,,,False,,
3524,0xFFFFFF,False,,,,False,,
3525,0xFFFFFF,False,,,,False,,
3526,0xFFFFFF,False,,,,False,,
3527,0xFFFFFF,False,,,,False,,
3528,0xFFFFFF,False,,,,True,137,
3529,0xFFFFFF,False,,,,False,,
3530,0xFFFFFF,False,,,,False,,
3531,0xFFFFFF,False,,,,False,,
3532,0x010BC3,True,1,1,01010000,True,13B,
3533,0x010BE1,True,1,2,01020000,False,,
3534,0x010BFF,True,1,3,01030000,False,,
3535,0x010C1D,True,1,4,01040000,False,,
3536,0x010C3B,True,1,1,01010000,True,153,
3537,0x010C59,True,1,2,01020000,False,,
3538,0x010C77,True,1,3,01030000,False,,
3539,0x010C95,True,1,4,01040000,False,,
3540,0x010CB3,True,1,1,01010000,True,154,
3541,0x010CD1,True,1,2,01020000,False,,
3542,0x010CEF,True,1,3,01030000,False,,
3543,0x010D0D,True,1,4,01040000,False,,
3544,0x010D2B,True,1,1,01010000,True,155,
3545,0x010D49,True,1,2,01020000,False,,
3546,0x010D67,True,1,3,01030000,False,,
3547,0x010D85,True,1,4,01040000,False,,
3548,0x010DA3,True,1,1,01010000,True,156,
3549,0x010DC1,True,1,2,01020000,False,,
3550,0x010DDF,True,1,3,01030000,False,,
3551,0x010DFD,True,1,4,01040000,False,,
3552,0x010E1B,True,1,1,01010000,False,,
3553,0x010E39,True,1,2,01020000,False,,
3554,0x010E57,True,1,3,01030000,False,,
3555,0x010E75,True,1,4,01040000,False,,
3556,0x010E93,True,1,1,01010000,True,143,
3557,0x010EB1,True,1,2,01020000,False,,
3558,0x010ECF,True,1,3,01030000,False,,
3559,0x010EED,True,1,4,01040000,False,,
3560,0xFFFFFF,False,,,,False,,
3561,0xFFFFFF,False,,,,False,,
3562,0xFFFFFF,False,,,,False,,
3563,0xFFFFFF,False,,,,False,,
3564,0x010F0B,True,1,1,01010000,True,13C,
3565,0x010F29,True,1,2,01020000,False,,
3566,0x010F47,True,1,3,01030000,False,,
3567,0x010F65,True,1,4,01040000,False,,
3568,0x010F83,True,1,1,01010000,True,144,
3569,0x010FA1,True,1,2,01020000,False,,
3570,0x010FBF,True,1,3,01030000,False,,
3571,0x010FDD,True,1,4,01040000,False,,
3572,0x00F333,True,1,1,01010000,False,,
3573,0x00F351,True,1,2,01020000,False,,
3574,0x00F36F,True,1,3,01030000,False,,
3575,0x00F38D,True,1,4,01040000,False,,
3576,0x00F333,True,1,1,01010000,False,,
3577,0x00F351,True,1,2,01020000,False,,
3578,0x00F36F,True,1,3,01030000,False,,
3579,0x00F38D,True,1,4,01040000,False,,
3580,0x010FFB,True,1,1,01010000,True,159,
3581,0x011019,True,1,2,01020000,False,,
3582,0x011037,True,1,3,01030000,False,,
3583,0x011055,True,1,4,01040000,False,,
3584,0x011073,True,1,1,01010000,True,15A,
3585,0x011091,True,1,2,01020000,False,,
3586,0x0110AF,True,1,3,01030000,False,,
3587,0x0110CD,True,1,4,01040000,False,,
3588,0x0110EB,True,1,1,01010000,True,15B,
3589,0x011109,True,1,2,01020000,False,,
3590,0x011127,True,1,3,01030000,False,,
3591,0x011145,True,1,4,01040000,False,,
3592,0x011163,True,1,1,01010000,True,15C,
3593,0x011181,True,1,2,01020000,False,,
3594,0x01119F,True,1,3,01030000,False,,
3595,0x0111BD,True,1,4,01040000,False,,
3596,0xFFFFFF,False,,,,False,,
3597,0xFFFFFF,False,,,,False,,
3598,0xFFFFFF,False,,,,False,,
3599,0xFFFFFF,False,,,,False,,
3600,0x0111DB,True,1,1,01010000,True,15E,
3601,0x0111F9,True,1,2,01020000,False,,
3602,0x011217,True,1,3,01030000,False,,
3603,0x011235,True,1,4,01040000,False,,
3604,0x011253,True,1,1,01010000,True,15F,
3605,0x011271,True,1,2,01020000,False,,
3606,0x01128F,True,1,3,01030000,False,,
3607,0x0112AD,True,1,4,01040000,False,,
3608,0x0112CB,True,1,1,01010000,True,160,
3609,0x0112E9,True,1,2,01020000,False,,
3610,0x011307,True,1,3,01030000,False,,
3611,0x011325,True,1,4,01040000,False,,
3612,0x011343,True,1,1,01010000,True,161,
3613,0x011361,True,1,2,01020000,False,,
3614,0x01137F,True,1,3,01030000,False,,
3615,0x01139D,True,1,4,01040000,False,,
3616,0x0113BB,True,1,1,01010000,True,162,
3617,0x0113D9,True,1,2,01020000,False,,
3618,0x0113F7,True,1,3,01030000,False,,
3619,0x011415,True,1,4,01040000,False,,
3620,0x00F513,True,1,1,01010000,False,,
3621,0x00F531,True,1,2,01020000,False,,
3622,0x00F54F,True,1,3,01030000,False,,
3623,0x00F56D,True,1,4,01040000,False,,
3624,0x011433,True,1,1,01010000,True,164,
3625,0x011451,True,1,2,01020000,False,,
3626,0x01146F,True,1,3,01030000,False,,
3627,0x01148D,True,1,4,01040000,False,,
3628,0x0114AB,True,1,1,01010000,True,136,
3629,0x0114C9,True,1,2,01020000,False,,
3630,0x0114E7,True,1,3,01030000,False,,
3631,0x011505,True,1,4,01040000,False,,
3632,0x011523,True,1,1,01010000,True,165,
3633,0x011541,True,1,2,01020000,False,,
3634,0x01155F,True,1,3,01030000,False,,
3635,0x01157D,True,1,4,01040000,False,,
3636,0x01159B,True,1,1,01010000,True,166,
3637,0x0115B9,True,1,2,01020000,False,,
3638,0x0115D7,True,1,3,01030000,False,,
3639,0x0115F5,True,1,4,01040000,False,,
3640,0x011613,True,1,1,01010000,True,12B,
3641,0x011631,True,1,2,01020000,False,,
3642,0x01164F,True,1,3,01030000,False,,
3643,0x01166D,True,1,4,01040000,False,,
3644,0x01168B,True,1,1,01010000,True,12C,
3645,0x0116A9,True,1,2,01020000,False,,
3646,0x0116C7,True,1,3,01030000,False,,
3647,0x0116E5,True,1,4,01040000,False,,
3648,0x011703,True,1,1,01010000,True,12D,
3649,0x011721,True,1,2,01020000,False,,
3650,0x01173F,True,1,3,01030000,False,,
3651,0x01175D,True,1,4,01040000,False,,
3652,0x01177B,True,1,1,01010000,True,12E,
3653,0x011799,True,1,2,01020000,False,,
3654,0x0117B7,True,1,3,01030000,False,,
3655,0x0117D5,True,1,4,01040000,False,,
3656,0x0117F3,True,1,1,01010000,True,12F,
3657,0x011811,True,1,2,01020000,False,,
3658,0x01182F,True,1,3,01030000,False,,
3659,0x01184D,True,1,4,01040000,False,,
3660,0x01186B,True,1,1,01010000,True,130,
3661,0x011889,True,1,2,01020000,False,,
3662,0x0118A7,True,1,3,01030000,False,,
3663,0x0118C5,True,1,4,01040000,False,,
3664,0x0118E3,True,1,1,01010000,True,131,
3665,0x011901,True,1,2,01020000,False,,
3666,0x01191F,True,1,3,01030000,False,,
3667,0x01193D,True,1,4,01040000,False,,
3668,0x01195B,True,1,1,01010000,True,132,
3669,0x011979,True,1,2,01020000,False,,
3670,0x011997,True,1,3,01030000,False,,
3671,0x0119B5,True,1,4,01040000,False,,
3672,0x0119D3,True,1,1,01010000,True,133,
3673,0x0119F1,True,1,2,01020000,False,,
3674,0x011A0F,True,1,3,01030000,False,,
3675,0x011A2D,True,1,4,01040000,False,,
3676,0x011A4B,True,1,1,01010000,False,,
3677,0x011A69,True,1,2,01020000,False,,
3678,0x011A87,True,1,3,01030000,False,,
3679,0x011AA5,True,1,4,01040000,False,,
3680,0x011AC3,True,1,1,01010000,True,16F,
3681,0x011AE1,True,1,2,01020000,False,,
3682,0x011AFF,True,1,3,01030000,False,,
3683,0x011B1D,True,1,4,01040000,False,,
3684,0x011B3B,True,1,1,01010000,True,170,
3685,0x011B59,True,1,2,01020000,False,,
3686,0x011B77,True,1,3,01030000,False,,
3687,0x011B95,True,1,4,01040000,False,,
3688,0x011BB3,True,1,1,01010000,True,171,
3689,0x011BD1,True,1,2,01020000,False,,
3690,0x011BEF,True,1,3,01030000,False,,
3691,0x011C0D,True,1,4,01040000,False,,
3692,0xFFFFFF,False,,,,True,172,
3693,0xFFFFFF,False,,,,False,,
3694,0xFFFFFF,False,,,,False,,
3695,0xFFFFFF,False,,,,False,,
3696,0xFFFFFF,False,,,,True,173,
3697,0xFFFFFF,False,,,,False,,
3698,0xFFFFFF,False,,,,False,,
3699,0xFFFFFF,False,,,,False,,
3700,0xFFFFFF,False,,,,True,174,
3701,0xFFFFFF,False,,,,False,,
3702,0xFFFFFF,False,,,,False,,
3703,0xFFFFFF,False,,,,False,,
3704,0xFFFFFF,False,,,,True,175,
3705,0xFFFFFF,False,,,,False,,
3706,0xFFFFFF,False,,,,False,,
3707,0xFFFFFF,False,,,,False,,
3708,0xFFFFFF,False,,,,True,176,
3709,0xFFFFFF,False,,,,False,,
3710,0xFFFFFF,False,,,,False,,
3711,0xFFFFFF,False,,,,False,,
3712,0xFFFFFF,False,,,,True,177,
3713,0xFFFFFF,False,,,,False,,
3714,0xFFFFFF,False,,,,False,,
3715,0xFFFFFF,False,,,,False,,
3716,0xFFFFFF,False,,,,True,178,
3717,0xFFFFFF,False,,,,False,,
3718,0xFFFFFF,False,,,,False,,
3719,0xFFFFFF,False,,,,False,,
3720,0xFFFFFF,False,,,,True,179,
3721,0xFFFFFF,False,,,,False,,
3722,0xFFFFFF,False,,,,False,,
3723,0xFFFFFF,False,,,,False,,
3724,0x011C2B,True,1,1,01010000,True,17A,
3725,0x011C49,True,1,2,01020000,False,,
3726,0x011C67,True,1,3,01030000,False,,
3727,0x011C85,True,1,4,01040000,False,,
3728,0x011CA3,True,1,1,01010000,True,17B,
3729,0x011CC1,True,1,2,01020000,False,,
3730,0x011CDF,True,1,3,01030000,False,,
3731,0x011CFD,True,1,4,01040000,False,,
3732,0x011D1B,True,1,1,01010000,False,,
3733,0x011D39,True,1,2,01020000,False,,
3734,0x011D57,True,1,3,01030000,False,,
3735,0x011D75,True,1,4,01040000,False,,
3736,0x011D1B,True,1,1,01010000,True,17D,
3737,0x011D39,True,1,2,01020000,False,,
3738,0x011D57,True,1,3,01030000,False,,
3739,0x011D75,True,1,4,01040000,False,,
3740,0x011D93,True,1,1,01010000,True,17E,
3741,0x011DB1,True,1,2,01020000,False,,
3742,0x011DCF,True,1,3,01030000,False,,
3743,0x011DED,True,1,4,01040000,False,,
3744,0x011E0B,True,1,1,01010000,True,17F,
3745,0x011E29,True,1,2,01020000,False,,
3746,0x011E47,True,1,3,01030000,False,,
3747,0x011E65,True,1,4,01040000,False,,
3748,0x011E83,True,1,1,01010000,True,180,
3749,0x011EA1,True,1,2,01020000,False,,
3750,0x011EBF,True,1,3,01030000,False,,
3751,0x011EDD,True,1,4,01040000,False,,
3752,0x011EFB,True,1,1,01010000,True,181,
3753,0x011F19,True,1,2,01020000,False,,
3754,0x011F37,True,1,3,01030000,False,,
3755,0x011F55,True,1,4,01040000,False,,
3756,0x011F73,True,1,1,01010000,True,182,
3757,0x011F91,True,1,2,01020000,False,,
3758,0x011FAF,True,1,3,01030000,False,,
3759,0x011FCD,True,1,4,01040000,False,,
3760,0x011FEB,True,1,1,01010000,True,183,
3761,0x012009,True,1,2,01020000,False,,
3762,0x012027,True,1,3,01030000,False,,
3763,0x012045,True,1,4,01040000,False,,
3764,0x012063,True,1,1,01010000,True,184,
3765,0x012081,True,1,2,01020000,False,,
3766,0x01209F,True,1,3,01030000,False,,
3767,0x0120BD,True,1,4,01040000,False,,
3768,0x0120DB,True,1,1,01010000,True,185,
3769,0x0120F9,True,1,2,01020000,False,,
3770,0x012117,True,1,3,01030000,False,,
3771,0x012135,True,1,4,01040000,False,,
3772,0xFFFFFF,False,,,,False,,
3773,0xFFFFFF,False,,,,False,,
3774,0xFFFFFF,False,,,,False,,
3775,0xFFFFFF,False,,,,False,,
3776,0x012153,True,1,1,01010000,True,187,
3777,0x012171,True,1,2,01020000,False,,
3778,0x01218F,True,1,3,01030000,False,,
3779,0x0121AD,True,1,4,01040000,False,,
3780,0x0121CB,True,1,1,01010000,True,188,
3781,0x0121F1,True,1,2,01020000,False,,
3782,0x012217,True,1,3,01030000,False,,
3783,0x01223D,True,1,4,01040000,False,,
3784,0xFFFFFF,False,,,,False,,
3785,0xFFFFFF,False,,,,False,,
3786,0xFFFFFF,False,,,,False,,
3787,0xFFFFFF,False,,,,False,,
3788,0x012263,True,1,1,01010000,True,18A,
3789,0x012289,True,1,2,01020000,False,,
3790,0x0122AF,True,1,3,01030000,False,,
3791,0x0122D5,True,1,4,01040000,False,,
3792,0x0122FB,True,1,1,01010000,True,18B,
3793,0x012319,True,1,2,01020000,False,,
3794,0x012337,True,1,3,01030000,False,,
3795,0x012355,True,1,4,01040000,False,,
3796,0x012373,True,1,1,01010000,True,18C,
3797,0x012391,True,1,2,01020000,False,,
3798,0x0123AF,True,1,3,01030000,False,,
3799,0x0123CD,True,1,4,01040000,False,,
3800,0x0123EB,True,1,1,01010000,True,18D,
3801,0x012411,True,1,2,01020000,False,,
3802,0x012437,True,1,3,01030000,False,,
3803,0x01245D,True,1,4,01040000,False,,
3804,0xFFFFFF,False,,,,True,18E,
3805,0xFFFFFF,False,,,,False,,
3806,0xFFFFFF,False,,,,False,,
3807,0xFFFFFF,False,,,,False,,
3808,0x012483,True,1,1,01010000,True,18F,
3809,0x0124A1,True,1,2,01020000,False,,
3810,0x0124BF,True,1,3,01030000,False,,
3811,0x0124DD,True,1,4,01040000,False,,
3812,0xFFFFFF,False,,,,False,,
3813,0xFFFFFF,False,,,,False,,
3814,0xFFFFFF,False,,,,False,,
3815,0xFFFFFF,False,,,,False,,
3816,0xFFFFFF,False,,,,False,,
3817,0xFFFFFF,False,,,,False,,
3818,0xFFFFFF,False,,,,False,,
3819,0xFFFFFF,False,,,,False,,
3820,0xFFFFFF,False,,,,False,,
3821,0xFFFFFF,False,,,,False,,
3822,0xFFFFFF,False,,,,False,,
3823,0xFFFFFF,False,,,,False,,
3824,0xFFFFFF,False,,,,False,,
3825,0xFFFFFF,False,,,,False,,
3826,0xFFFFFF,False,,,,False,,
3827,0xFFFFFF,False,,,,False,,
3828,0xFFFFFF,False,,,,False,,
3829,0xFFFFFF,False,,,,False,,
3830,0xFFFFFF,False,,,,False,,
3831,0xFFFFFF,False,,,,False,,
3832,0xFFFFFF,False,,,,False,,
3833,0xFFFFFF,False,,,,False,,
3834,0xFFFFFF,False,,,,False,,
3835,0xFFFFFF,False,,,,False,,
3836,0xFFFFFF,False,,,,False,,
3837,0xFFFFFF,False,,,,False,,
3838,0xFFFFFF,False,,,,False,,
3839,0xFFFFFF,False,,,,False,,
3840,0xFFFFFF,False,,,,False,,
3841,0xFFFFFF,False,,,,False,,
3842,0xFFFFFF,False,,,,False,,
3843,0xFFFFFF,False,,,,False,,
3844,0x0124FB,True,1,1,01010000,True,198,
3845,0x012519,True,1,2,01020000,False,,
3846,0x012537,True,1,3,01030000,False,,
3847,0x012555,True,1,4,01040000,False,,
3848,0xFFFFFF,False,,,,False,,
3849,0xFFFFFF,False,,,,False,,
3850,0xFFFFFF,False,,,,False,,
3851,0xFFFFFF,False,,,,False,,
3852,0x012573,True,1,1,01010000,True,19A,
3853,0x012591,True,1,2,01020000,False,,
3854,0x0125AF,True,1,3,01030000,False,,
3855,0x0125CD,True,1,4,01040000,False,,
3856,0x0125EB,True,1,1,01010000,True,19B,
3857,0x012609,True,1,2,01020000,False,,
3858,0x012627,True,1,3,01030000,False,,
3859,0x012645,True,1,4,01040000,False,,
3860,0x012663,True,1,1,01010000,True,19C,
3861,0x012681,True,1,2,01020000,False,,
3862,0x01269F,True,1,3,01030000,False,,
3863,0x0126BD,True,1,4,01040000,False,,
3864,0x0126DB,True,1,1,01010000,True,19D,
3865,0x0126F9,True,1,2,01020000,False,,
3866,0x012717,True,1,3,01030000,False,,
3867,0x012735,True,1,4,01040000,False,,
3868,0x012753,True,1,1,01010000,True,19E,
3869,0x012771,True,1,2,01020000,False,,
3870,0x01278F,True,1,3,01030000,False,,
3871,0x0127AD,True,1,4,01040000,False,,
3872,0x0127CB,True,1,1,01010000,True,19F,
3873,0x0127E9,True,1,2,01020000,False,,
3874,0x012807,True,1,3,01030000,False,,
3875,0x012825,True,1,4,01040000,False,,
3876,0x012843,True,1,1,01010000,True,1A0,
3877,0x012861,True,1,2,01020000,False,,
3878,0x01287F,True,1,3,01030000,False,,
3879,0x01289D,True,1,4,01040000,False,,
3880,0x0128BB,True,1,1,01010000,True,1A1,
3881,0x0128D9,True,1,2,01020000,False,,
3882,0x0128F7,True,1,3,01030000,False,,
3883,0x012915,True,1,4,01040000,False,,
3884,0x012933,True,1,1,01010000,True,1A2,
3885,0x012951,True,1,2,01020000,False,,
3886,0x01296F,True,1,3,01030000,False,,
3887,0x01298D,True,1,4,01040000,False,,
3888,0x0129AB,True,1,1,01010000,True,1A3,
3889,0x0129C9,True,1,2,01020000,False,,
3890,0x0129E7,True,1,3,01030000,False,,
3891,0x012A05,True,1,4,01040000,False,,
3892,0x012A23,True,1,1,01010000,True,1A4,
3893,0x012A41,True,1,2,01020000,False,,
3894,0x012A5F,True,1,3,01030000,False,,
3895,0x012A7D,True,1,4,01040000,False,,
3896,0x012A9B,True,1,1,01010000,True,1A5,
3897,0x012AB9,True,1,2,01020000,False,,
3898,0x012AD7,True,1,3,01030000,False,,
3899,0x012AF5,True,1,4,01040000,False,,
3900,0x012B13,True,1,1,01010000,True,1A6,
3901,0x012B31,True,1,2,01020000,False,,
3902,0x012B4F,True,1,3,01030000,False,,
3903,0x012B6D,True,1,4,01040000,False,,
3904,0x012B8B,True,1,1,01010000,True,1A7,
3905,0x012BA9,True,1,2,01020000,False,,
3906,0x012BC7,True,1,3,01030000,False,,
3907,0x012BE5,True,1,4,01040000,False,,
3908,0x012C03,True,1,1,01010000,True,1A8,
3909,0x012C21,True,1,2,01020000,False,,
3910,0x012C3F,True,1,3,01030000,False,,
3911,0x012C5D,True,1,4,01040000,False,,
3912,0xFFFFFF,False,,,,False,,
3913,0xFFFFFF,False,,,,False,,
3914,0xFFFFFF,False,,,,False,,
3915,0xFFFFFF,False,,,,False,,
3916,0x012C7B,True,1,1,01010000,True,1AA,
3917,0x012C99,True,1,2,01020000,False,,
3918,0x012CB7,True,1,3,01030000,False,,
3919,0x012CD5,True,1,4,01040000,False,,
3920,0xFFFFFF,False,,,,False,,
3921,0xFFFFFF,False,,,,False,,
3922,0xFFFFFF,False,,,,False,,
3923,0xFFFFFF,False,,,,False,,
3924,0x012CF3,True,1,1,01010000,True,1AC,
3925,0x012D11,True,1,2,01020000,False,,
3926,0x012D2F,True,1,3,01030000,False,,
3927,0x012D4D,True,1,4,01040000,False,,
3928,0x012D6B,True,1,1,01010000,True,1AD,
3929,0x012D89,True,1,2,01020000,False,,
3930,0x012DA7,True,1,3,01030000,False,,
3931,0x012DC5,True,1,4,01040000,False,,
3932,0x012DE3,True,1,1,01010000,True,1AE,
3933,0x012E01,True,1,2,01020000,False,,
3934,0x012E1F,True,1,3,01030000,False,,
3935,0x012E3D,True,1,4,01040000,False,,
3936,0xFFFFFF,False,,,,False,,
3937,0xFFFFFF,False,,,,False,,
3938,0xFFFFFF,False,,,,False,,
3939,0xFFFFFF,False,,,,False,,
3940,0xFFFFFF,False,,,,False,,
3941,0xFFFFFF,False,,,,False,,
3942,0xFFFFFF,False,,,,False,,
3943,0xFFFFFF,False,,,,False,,
3944,0xFFFFFF,False,,,,False,,
3945,0xFFFFFF,False,,,,False,,
3946,0xFFFFFF,False,,,,False,,
3947,0xFFFFFF,False,,,,False,,
3948,0xFFFFFF,False,,,,False,,
3949,0xFFFFFF,False,,,,False,,
3950,0xFFFFFF,False,,,,False,,
3951,0xFFFFFF,False,,,,False,,
3952,0xFFFFFF,False,,,,False,,
3953,0xFFFFFF,False,,,,False,,
3954,0xFFFFFF,False,,,,False,,
3955,0xFFFFFF,False,,,,False,,
3956,0xFFFFFF,False,,,,False,,
3957,0xFFFFFF,False,,,,False,,
3958,0xFFFFFF,False,,,,False,,
3959,0xFFFFFF,False,,,,False,,
3960,0xFFFFFF,False,,,,False,,
3961,0xFFFFFF,False,,,,False,,
3962,0xFFFFFF,False,,,,False,,
3963,0xFFFFFF,False,,,,False,,
3964,0xFFFFFF,False,,,,False,,
3965,0xFFFFFF,False,,,,False,,
3966,0xFFFFFF,False,,,,False,,
3967,0xFFFFFF,False,,,,False,,
3968,0xFFFFFF,False,,,,False,,
3969,0xFFFFFF,False,,,,False,,
3970,0xFFFFFF,False,,,,False,,
3971,0xFFFFFF,False,,,,False,,
3972,0xFFFFFF,False,,,,False,,
3973,0xFFFFFF,False,,,,False,,
3974,0xFFFFFF,False,,,,False,,
3975,0xFFFFFF,False,,,,False,,
3976,0xFFFFFF,False,,,,False,,
3977,0xFFFFFF,False,,,,False,,
3978,0xFFFFFF,False,,,,False,,
3979,0xFFFFFF,False,,,,False,,
3980,0x012E5B,True,1,1,01010000,True,1BA,
3981,0x012E79,True,1,2,01020000,False,,
3982,0x012E97,True,1,3,01030000,False,,
3983,0x012EB5,True,1,4,01040000,False,,
3984,0x012ED3,True,1,1,01010000,True,1BB,
3985,0x012EF1,True,1,2,01020000,False,,
3986,0x012F0F,True,1,3,01030000,False,,
3987,0x012F2D,True,1,4,01040000,False,,
3988,0x012F4B,True,1,1,01010000,True,1BC,
3989,0x012F69,True,1,2,01020000,False,,
3990,0x012F87,True,1,3,01030000,False,,
3991,0x012FA5,True,1,4,01040000,False,,
3992,0x012FC3,True,1,1,01010000,True,190,
3993,0x012FE1,True,1,2,01020000,False,,
3994,0x012FFF,True,1,3,01030000,False,,
3995,0x01301D,True,1,4,01040000,False,,
3996,0x01303B,True,1,1,01010000,True,191,
3997,0x013059,True,1,2,01020000,False,,
3998,0x013077,True,1,3,01030000,False,,
3999,0x013095,True,1,4,01040000,False,,
4000,0x0130B3,True,1,1,01010000,True,192,
4001,0x0130D1,True,1,2,01020000,False,,
4002,0x0130EF,True,1,3,01030000,False,,
4003,0x01310D,True,1,4,01040000,False,,
4004,0xFFFFFF,False,,,,False,,
4005,0xFFFFFF,False,,,,False,,
4006,0xFFFFFF,False,,,,False,,
4007,0xFFFFFF,False,,,,False,,
4008,0xFFFFFF,False,,,,False,,
4009,0xFFFFFF,False,,,,False,,
4010,0xFFFFFF,False,,,,False,,
4011,0xFFFFFF,False,,,,False,,
4012,0xFFFFFF,False,,,,False,,
4013,0xFFFFFF,False,,,,False,,
4014,0xFFFFFF,False,,,,False,,
4015,0xFFFFFF,False,,,,False,,
4016,0xFFFFFF,False,,,,False,,
4017,0xFFFFFF,False,,,,False,,
4018,0xFFFFFF,False,,,,False,,
4019,0xFFFFFF,False,,,,False,,
4020,0xFFFFFF,False,,,,False,,
4021,0xFFFFFF,False,,,,False,,
4022,0xFFFFFF,False,,,,False,,
4023,0xFFFFFF,False,,,,False,,
4024,0xFFFFFF,False,,,,False,,
4025,0xFFFFFF,False,,,,False,,
4026,0xFFFFFF,False,,,,False,,
4027,0xFFFFFF,False,,,,False,,
4028,0xFFFFFF,False,,,,False,,
4029,0xFFFFFF,False,,,,False,,
4030,0xFFFFFF,False,,,,False,,
4031,0xFFFFFF,False,,,,False,,
4032,0xFFFFFF,False,,,,False,,
4033,0xFFFFFF,False,,,,False,,
4034,0xFFFFFF,False,,,,False,,
4035,0xFFFFFF,False,,,,False,,
4036,0xFFFFFF,False,,,,False,,
4037,0xFFFFFF,False,,,,False,,
4038,0xFFFFFF,False,,,,False,,
4039,0xFFFFFF,False,,,,False,,
4040,0xFFFFFF,False,,,,False,,
4041,0xFFFFFF,False,,,,False,,
4042,0xFFFFFF,False,,,,False,,
4043,0xFFFFFF,False,,,,False,,
4044,0xFFFFFF,False,,,,False,,
4045,0xFFFFFF,False,,,,False,,
4046,0xFFFFFF,False,,,,False,,
4047,0xFFFFFF,False,,,,False,,
4048,0xFFFFFF,False,,,,False,,
4049,0xFFFFFF,False,,,,False,,
4050,0xFFFFFF,False,,,,False,,
4051,0xFFFFFF,False,,,,False,,
4052,0xFFFFFF,False,,,,False,,
4053,0xFFFFFF,False,,,,False,,
4054,0xFFFFFF,False,,,,False,,
4055,0xFFFFFF,False,,,,False,,
4056,0xFFFFFF,False,,,,False,,
4057,0xFFFFFF,False,,,,False,,
4058,0xFFFFFF,False,,,,False,,
4059,0xFFFFFF,False,,,,False,,
4060,0xFFFFFF,False,,,,False,,
4061,0xFFFFFF,False,,,,False,,
4062,0xFFFFFF,False,,,,False,,
4063,0xFFFFFF,False,,,,False,,
4064,0xFFFFFF,False,,,,False,,
4065,0xFFFFFF,False,,,,False,,
4066,0xFFFFFF,False,,,,False,,
4067,0xFFFFFF,False,,,,False,,
4068,0xFFFFFF,False,,,,False,,
4069,0xFFFFFF,False,,,,False,,
4070,0xFFFFFF,False,,,,False,,
4071,0xFFFFFF,False,,,,False,,
4072,0xFFFFFF,False,,,,False,,
4073,0xFFFFFF,False,,,,False,,
4074,0xFFFFFF,False,,,,False,,
4075,0xFFFFFF,False,,,,False,,
4076,0xFFFFFF,False,,,,False,,
4077,0xFFFFFF,False,,,,False,,
4078,0xFFFFFF,False,,,,False,,
4079,0xFFFFFF,False,,,,False,,
4080,0xFFFFFF,False,,,,False,,
4081,0xFFFFFF,False,,,,False,,
4082,0xFFFFFF,False,,,,False,,
4083,0xFFFFFF,False,,,,False,,
4084,0xFFFFFF,False,,,,False,,
4085,0xFFFFFF,False,,,,False,,
4086,0xFFFFFF,False,,,,False,,
4087,0xFFFFFF,False,,,,False,,
4088,0xFFFFFF,False,,,,False,,
4089,0xFFFFFF,False,,,,False,,
4090,0xFFFFFF,False,,,,False,,
4091,0xFFFFFF,False,,,,False,,
4092,0xFFFFFF,False,,,,False,,
4093,0xFFFFFF,False,,,,False,,
4094,0xFFFFFF,False,,,,False,,
4095,0xFFFFFF,False,,,,False,,
4096,0xFFFFFF,False,,,,False,,
4097,0xFFFFFF,False,,,,False,,
4098,0xFFFFFF,False,,,,False,,
4099,0xFFFFFF,False,,,,False,,
4100,0xFFFFFF,False,,,,False,,
4101,0xFFFFFF,False,,,,False,,
4102,0xFFFFFF,False,,,,False,,
4103,0xFFFFFF,False,,,,False,,
4104,0xFFFFFF,False,,,,False,,
4105,0xFFFFFF,False,,,,False,,
4106,0xFFFFFF,False,,,,False,,
4107,0xFFFFFF,False,,,,False,,
4108,0xFFFFFF,False,,,,False,,
4109,0xFFFFFF,False,,,,False,,
4110,0xFFFFFF,False,,,,False,,
4111,0xFFFFFF,False,,,,False,,
4112,0xFFFFFF,False,,,,False,,
4113,0xFFFFFF,False,,,,False,,
4114,0xFFFFFF,False,,,,False,,
4115,0xFFFFFF,False,,,,False,,
4116,0xFFFFFF,False,,,,False,,
4117,0xFFFFFF,False,,,,False,,
4118,0xFFFFFF,False,,,,False,,
4119,0xFFFFFF,False,,,,False,,
4120,0xFFFFFF,False,,,,False,,
4121,0xFFFFFF,False,,,,False,,
4122,0xFFFFFF,False,,,,False,,
4123,0xFFFFFF,False,,,,False,,
4124,0xFFFFFF,False,,,,False,,
4125,0xFFFFFF,False,,,,False,,
4126,0xFFFFFF,False,,,,False,,
4127,0xFFFFFF,False,,,,False,,
4128,0xFFFFFF,False,,,,False,,
4129,0xFFFFFF,False,,,,False,,
4130,0xFFFFFF,False,,,,False,,
4131,0xFFFFFF,False,,,,False,,
4132,0xFFFFFF,False,,,,False,,
4133,0xFFFFFF,False,,,,False,,
4134,0xFFFFFF,False,,,,False,,
4135,0xFFFFFF,False,,,,False,,
4136,0xFFFFFF,False,,,,False,,
4137,0xFFFFFF,False,,,,False,,
4138,0xFFFFFF,False,,,,False,,
4139,0xFFFFFF,False,,,,False,,
4140,0xFFFFFF,False,,,,False,,
4141,0xFFFFFF,False,,,,False,,
4142,0xFFFFFF,False,,,,False,,
4143,0xFFFFFF,False,,,,False,,
4144,0xFFFFFF,False,,,,False,,
4145,0xFFFFFF,False,,,,False,,
4146,0xFFFFFF,False,,,,False,,
4147,0xFFFFFF,False,,,,False,,
4148,0xFFFFFF,False,,,,False,,
4149,0xFFFFFF,False,,,,False,,
4150,0xFFFFFF,False,,,,False,,
4151,0xFFFFFF,False,,,,False,,
4152,0xFFFFFF,False,,,,False,,
4153,0xFFFFFF,False,,,,False,,
4154,0xFFFFFF,False,,,,False,,
4155,0xFFFFFF,False,,,,False,,
4156,0xFFFFFF,False,,,,False,,
4157,0xFFFFFF,False,,,,False,,
4158,0xFFFFFF,False,,,,False,,
4159,0xFFFFFF,False,,,,False,,
4160,0xFFFFFF,False,,,,False,,
4161,0xFFFFFF,False,,,,False,,
4162,0xFFFFFF,False,,,,False,,
4163,0xFFFFFF,False,,,,False,,
4164,0xFFFFFF,False,,,,False,,
4165,0xFFFFFF,False,,,,False,,
4166,0xFFFFFF,False,,,,False,,
4167,0xFFFFFF,False,,,,False,,
4168,0xFFFFFF,False,,,,False,,
4169,0xFFFFFF,False,,,,False,,
4170,0xFFFFFF,False,,,,False,,
4171,0xFFFFFF,False,,,,False,,
4172,0xFFFFFF,False,,,,False,,
4173,0xFFFFFF,False,,,,False,,
4174,0xFFFFFF,False,,,,False,,
4175,0xFFFFFF,False,,,,False,,
4176,0xFFFFFF,False,,,,False,,
4177,0xFFFFFF,False,,,,False,,
4178,0xFFFFFF,False,,,,False,,
4179,0xFFFFFF,False,,,,False,,
4180,0xFFFFFF,False,,,,False,,
4181,0xFFFFFF,False,,,,False,,
4182,0xFFFFFF,False,,,,False,,
4183,0xFFFFFF,False,,,,False,,
4184,0xFFFFFF,False,,,,False,,
4185,0xFFFFFF,False,,,,False,,
4186,0xFFFFFF,False,,,,False,,
4187,0xFFFFFF,False,,,,False,,
4188,0xFFFFFF,False,,,,False,,
4189,0xFFFFFF,False,,,,False,,
4190,0xFFFFFF,False,,,,False,,
4191,0xFFFFFF,False,,,,False,,
4192,0xFFFFFF,False,,,,False,,
4193,0xFFFFFF,False,,,,False,,
4194,0xFFFFFF,False,,,,False,,
4195,0xFFFFFF,False,,,,False,,
4196,0xFFFFFF,False,,,,False,,
4197,0xFFFFFF,False,,,,False,,
4198,0xFFFFFF,False,,,,False,,
4199,0xFFFFFF,False,,,,False,,
4200,0xFFFFFF,False,,,,False,,
4201,0xFFFFFF,False,,,,False,,
4202,0xFFFFFF,False,,,,False,,
4203,0xFFFFFF,False,,,,False,,
4204,0xFFFFFF,False,,,,False,,
4205,0xFFFFFF,False,,,,False,,
4206,0xFFFFFF,False,,,,False,,
4207,0xFFFFFF,False,,,,False,,
4208,0xFFFFFF,False,,,,False,,
4209,0xFFFFFF,False,,,,False,,
4210,0xFFFFFF,False,,,,False,,
4211,0xFFFFFF,False,,,,False,,
4212,0xFFFFFF,False,,,,False,,
4213,0xFFFFFF,False,,,,False,,
4214,0xFFFFFF,False,,,,False,,
4215,0xFFFFFF,False,,,,False,,
4216,0xFFFFFF,False,,,,False,,
4217,0xFFFFFF,False,,,,False,,
4218,0xFFFFFF,False,,,,False,,
4219,0xFFFFFF,False,,,,False,,
4220,0xFFFFFF,False,,,,False,,
4221,0xFFFFFF,False,,,,False,,
4222,0xFFFFFF,False,,,,False,,
4223,0xFFFFFF,False,,,,False,,
4224,0xFFFFFF,False,,,,False,,
4225,0xFFFFFF,False,,,,False,,
4226,0xFFFFFF,False,,,,False,,
4227,0xFFFFFF,False,,,,False,,
4228,0xFFFFFF,False,,,,False,,
4229,0xFFFFFF,False,,,,False,,
4230,0xFFFFFF,False,,,,False,,
4231,0xFFFFFF,False,,,,False,,
4232,0xFFFFFF,False,,,,False,,
4233,0xFFFFFF,False,,,,False,,
4234,0xFFFFFF,False,,,,False,,
4235,0xFFFFFF,False,,,,False,,
4236,0xFFFFFF,False,,,,False,,
4237,0xFFFFFF,False,,,,False,,
4238,0xFFFFFF,False,,,,False,,
4239,0xFFFFFF,False,,,,False,,
4240,0xFFFFFF,False,,,,False,,
4241,0xFFFFFF,False,,,,False,,
4242,0xFFFFFF,False,,,,False,,
4243,0xFFFFFF,False,,,,False,,
4244,0xFFFFFF,False,,,,False,,
4245,0xFFFFFF,False,,,,False,,
4246,0xFFFFFF,False,,,,False,,
4247,0xFFFFFF,False,,,,False,,
4248,0xFFFFFF,False,,,,False,,
4249,0xFFFFFF,False,,,,False,,
4250,0xFFFFFF,False,,,,False,,
4251,0xFFFFFF,False,,,,False,,
4252,0xFFFFFF,False,,,,False,,
4253,0xFFFFFF,False,,,,False,,
4254,0xFFFFFF,False,,,,False,,
4255,0xFFFFFF,False,,,,False,,
4256,0xFFFFFF,False,,,,False,,
4257,0xFFFFFF,False,,,,False,,
4258,0xFFFFFF,False,,,,False,,
4259,0xFFFFFF,False,,,,False,,
4260,0xFFFFFF,False,,,,False,,
4261,0xFFFFFF,False,,,,False,,
4262,0xFFFFFF,False,,,,False,,
4263,0xFFFFFF,False,,,,False,,
4264,0xFFFFFF,False,,,,False,,
4265,0xFFFFFF,False,,,,False,,
4266,0xFFFFFF,False,,,,False,,
4267,0xFFFFFF,False,,,,False,,
4268,0xFFFFFF,False,,,,False,,
4269,0xFFFFFF,False,,,,False,,
4270,0xFFFFFF,False,,,,False,,
4271,0xFFFFFF,False,,,,False,,
4272,0xFFFFFF,False,,,,False,,
4273,0xFFFFFF,False,,,,False,,
4274,0xFFFFFF,False,,,,False,,
4275,0xFFFFFF,False,,,,False,,
4276,0xFFFFFF,False,,,,False,,
4277,0xFFFFFF,False,,,,False,,
4278,0xFFFFFF,False,,,,False,,
4279,0xFFFFFF,False,,,,False,,
4280,0xFFFFFF,False,,,,False,,
4281,0xFFFFFF,False,,,,False,,
4282,0xFFFFFF,False,,,,False,,
4283,0xFFFFFF,False,,,,False,,
4284,0xFFFFFF,False,,,,False,,
4285,0xFFFFFF,False,,,,False,,
4286,0xFFFFFF,False,,,,False,,
4287,0xFFFFFF,False,,,,False,,
4288,0xFFFFFF,False,,,,False,,
4289,0xFFFFFF,False,,,,False,,
4290,0xFFFFFF,False,,,,False,,
4291,0xFFFFFF,False,,,,False,,
4292,0xFFFFFF,False,,,,False,,
4293,0xFFFFFF,False,,,,False,,
4294,0xFFFFFF,False,,,,False,,
4295,0xFFFFFF,False,,,,False,,
4296,0xFFFFFF,False,,,,False,,
4297,0xFFFFFF,False,,,,False,,
4298,0xFFFFFF,False,,,,False,,
4299,0xFFFFFF,False,,,,False,,
4300,0xFFFFFF,False,,,,False,,
4301,0xFFFFFF,False,,,,False,,
4302,0xFFFFFF,False,,,,False,,
4303,0xFFFFFF,False,,,,False,,
4304,0xFFFFFF,False,,,,False,,
4305,0xFFFFFF,False,,,,False,,
4306,0xFFFFFF,False,,,,False,,
4307,0xFFFFFF,False,,,,False,,
4308,0xFFFFFF,False,,,,False,,
4309,0xFFFFFF,False,,,,False,,
4310,0xFFFFFF,False,,,,False,,
4311,0xFFFFFF,False,,,,False,,
4312,0xFFFFFF,False,,,,False,,
4313,0xFFFFFF,False,,,,False,,
4314,0xFFFFFF,False,,,,False,,
4315,0xFFFFFF,False,,,,False,,
4316,0xFFFFFF,False,,,,False,,
4317,0xFFFFFF,False,,,,False,,
4318,0xFFFFFF,False,,,,False,,
4319,0xFFFFFF,False,,,,False,,
4320,0xFFFFFF,False,,,,False,,
4321,0xFFFFFF,False,,,,False,,
4322,0xFFFFFF,False,,,,False,,
4323,0xFFFFFF,False,,,,False,,
4324,0xFFFFFF,False,,,,False,,
4325,0xFFFFFF,False,,,,False,,
4326,0xFFFFFF,False,,,,False,,
4327,0xFFFFFF,False,,,,False,,
4328,0xFFFFFF,False,,,,False,,
4329,0xFFFFFF,False,,,,False,,
4330,0xFFFFFF,False,,,,False,,
4331,0xFFFFFF,False,,,,False,,
4332,0xFFFFFF,False,,,,False,,
4333,0xFFFFFF,False,,,,False,,
4334,0xFFFFFF,False,,,,False,,
4335,0xFFFFFF,False,,,,False,,
4336,0xFFFFFF,False,,,,False,,
4337,0xFFFFFF,False,,,,False,,
4338,0xFFFFFF,False,,,,False,,
4339,0xFFFFFF,False,,,,False,,
4340,0xFFFFFF,False,,,,False,,
4341,0xFFFFFF,False,,,,False,,
4342,0xFFFFFF,False,,,,False,,
4343,0xFFFFFF,False,,,,False,,
4344,0xFFFFFF,False,,,,False,,
4345,0xFFFFFF,False,,,,False,,
4346,0xFFFFFF,False,,,,False,,
4347,0xFFFFFF,False,,,,False,,
4348,0xFFFFFF,False,,,,False,,
4349,0xFFFFFF,False,,,,False,,
4350,0xFFFFFF,False,,,,False,,
4351,0xFFFFFF,False,,,,False,,
4352,0xFFFFFF,False,,,,False,,
4353,0xFFFFFF,False,,,,False,,
4354,0xFFFFFF,False,,,,False,,
4355,0xFFFFFF,False,,,,False,,
4356,0xFFFFFF,False,,,,False,,
4357,0xFFFFFF,False,,,,False,,
4358,0xFFFFFF,False,,,,False,,
4359,0xFFFFFF,False,,,,False,,
4360,0xFFFFFF,False,,,,False,,
4361,0xFFFFFF,False,,,,False,,
4362,0xFFFFFF,False,,,,False,,
4363,0xFFFFFF,False,,,,False,,
4364,0xFFFFFF,False,,,,False,,
4365,0xFFFFFF,False,,,,False,,
4366,0xFFFFFF,False,,,,False,,
4367,0xFFFFFF,False,,,,False,,
4368,0xFFFFFF,False,,,,False,,
4369,0xFFFFFF,False,,,,False,,
4370,0xFFFFFF,False,,,,False,,
4371,0xFFFFFF,False,,,,False,,
4372,0xFFFFFF,False,,,,False,,
4373,0xFFFFFF,False,,,,False,,
4374,0xFFFFFF,False,,,,False,,
4375,0xFFFFFF,False,,,,False,,
4376,0xFFFFFF,False,,,,False,,
4377,0xFFFFFF,False,,,,False,,
4378,0xFFFFFF,False,,,,False,,
4379,0xFFFFFF,False,,,,False,,
4380,0xFFFFFF,False,,,,False,,
4381,0xFFFFFF,False,,,,False,,
4382,0xFFFFFF,False,,,,False,,
4383,0xFFFFFF,False,,,,False,,
4384,0xFFFFFF,False,,,,False,,
4385,0xFFFFFF,False,,,,False,,
4386,0xFFFFFF,False,,,,False,,
4387,0xFFFFFF,False,,,,False,,
4388,0xFFFFFF,False,,,,False,,
4389,0xFFFFFF,False,,,,False,,
4390,0xFFFFFF,False,,,,False,,
4391,0xFFFFFF,False,,,,False,,
4392,0xFFFFFF,False,,,,False,,
4393,0xFFFFFF,False,,,,False,,
4394,0xFFFFFF,False,,,,False,,
4395,0xFFFFFF,False,,,,False,,
4396,0xFFFFFF,False,,,,False,,
4397,0xFFFFFF,False,,,,False,,
4398,0xFFFFFF,False,,,,False,,
4399,0xFFFFFF,False,,,,False,,
4400,0xFFFFFF,False,,,,False,,
4401,0xFFFFFF,False,,,,False,,
4402,0xFFFFFF,False,,,,False,,
4403,0xFFFFFF,False,,,,False,,
4404,0xFFFFFF,False,,,,False,,
4405,0xFFFFFF,False,,,,False,,
4406,0xFFFFFF,False,,,,False,,
4407,0xFFFFFF,False,,,,False,,
4408,0xFFFFFF,False,,,,False,,
4409,0xFFFFFF,False,,,,False,,
4410,0xFFFFFF,False,,,,False,,
4411,0xFFFFFF,False,,,,False,,
4412,0xFFFFFF,False,,,,False,,
4413,0xFFFFFF,False,,,,False,,
4414,0xFFFFFF,False,,,,False,,
4415,0xFFFFFF,False,,,,False,,
4416,0xFFFFFF,False,,,,False,,
4417,0xFFFFFF,False,,,,False,,
4418,0xFFFFFF,False,,,,False,,
4419,0xFFFFFF,False,,,,False,,
4420,0xFFFFFF,False,,,,False,,
4421,0xFFFFFF,False,,,,False,,
4422,0xFFFFFF,False,,,,False,,
4423,0xFFFFFF,False,,,,False,,
4424,0xFFFFFF,False,,,,False,,
4425,0xFFFFFF,False,,,,False,,
4426,0xFFFFFF,False,,,,False,,
4427,0xFFFFFF,False,,,,False,,
4428,0xFFFFFF,False,,,,False,,
4429,0xFFFFFF,False,,,,False,,
4430,0xFFFFFF,False,,,,False,,
4431,0xFFFFFF,False,,,,False,,
4432,0xFFFFFF,False,,,,False,,
4433,0xFFFFFF,False,,,,False,,
4434,0xFFFFFF,False,,,,False,,
4435,0xFFFFFF,False,,,,False,,
4436,0xFFFFFF,False,,,,False,,
4437,0xFFFFFF,False,,,,False,,
4438,0xFFFFFF,False,,,,False,,
4439,0xFFFFFF,False,,,,False,,
4440,0xFFFFFF,False,,,,False,,
4441,0xFFFFFF,False,,,,False,,
4442,0xFFFFFF,False,,,,False,,
4443,0xFFFFFF,False,,,,False,,
4444,0xFFFFFF,False,,,,False,,
4445,0xFFFFFF,False,,,,False,,
4446,0xFFFFFF,False,,,,False,,
4447,0xFFFFFF,False,,,,False,,
4448,0xFFFFFF,False,,,,False,,
4449,0xFFFFFF,False,,,,False,,
4450,0xFFFFFF,False,,,,False,,
4451,0xFFFFFF,False,,,,False,,
4452,0xFFFFFF,False,,,,False,,
4453,0xFFFFFF,False,,,,False,,
4454,0xFFFFFF,False,,,,False,,
4455,0xFFFFFF,False,,,,False,,
4456,0xFFFFFF,False,,,,False,,
4457,0xFFFFFF,False,,,,False,,
4458,0xFFFFFF,False,,,,False,,
4459,0xFFFFFF,False,,,,False,,
4460,0xFFFFFF,False,,,,False,,
4461,0xFFFFFF,False,,,,False,,
4462,0xFFFFFF,False,,,,False,,
4463,0xFFFFFF,False,,,,False,,
4464,0xFFFFFF,False,,,,False,,
4465,0xFFFFFF,False,,,,False,,
4466,0xFFFFFF,False,,,,False,,
4467,0xFFFFFF,False,,,,False,,
4468,0xFFFFFF,False,,,,False,,
4469,0xFFFFFF,False,,,,False,,
4470,0xFFFFFF,False,,,,False,,
4471,0xFFFFFF,False,,,,False,,
4472,0xFFFFFF,False,,,,False,,
4473,0xFFFFFF,False,,,,False,,
4474,0xFFFFFF,False,,,,False,,
4475,0xFFFFFF,False,,,,False,,
4476,0xFFFFFF,False,,,,False,,
4477,0xFFFFFF,False,,,,False,,
4478,0xFFFFFF,False,,,,False,,
4479,0xFFFFFF,False,,,,False,,
4480,0xFFFFFF,False,,,,False,,
4481,0xFFFFFF,False,,,,False,,
4482,0xFFFFFF,False,,,,False,,
4483,0xFFFFFF,False,,,,False,,
4484,0xFFFFFF,False,,,,False,,
4485,0xFFFFFF,False,,,,False,,
4486,0xFFFFFF,False,,,,False,,
4487,0xFFFFFF,False,,,,False,,
4488,0xFFFFFF,False,,,,False,,
4489,0xFFFFFF,False,,,,False,,
4490,0xFFFFFF,False,,,,False,,
4491,0xFFFFFF,False,,,,False,,
4492,0xFFFFFF,False,,,,False,,
4493,0xFFFFFF,False,,,,False,,
4494,0xFFFFFF,False,,,,False,,
4495,0xFFFFFF,False,,,,False,,
4496,0xFFFFFF,False,,,,False,,
4497,0xFFFFFF,False,,,,False,,
4498,0xFFFFFF,False,,,,False,,
4499,0xFFFFFF,False,,,,False,,
4500,0x01312B,True,1,1,01010000,True,200,
4501,0x013149,True,1,2,01020000,False,,
4502,0x013167,True,1,3,01030000,False,,
4503,0x013185,True,1,4,01040000,False,,
4504,0x0131A3,True,1,1,01010000,True,201,
4505,0x0131C1,True,1,2,01020000,False,,
4506,0x0131DF,True,1,3,01030000,False,,
4507,0x0131FD,True,1,4,01040000,False,,
4508,0x01321B,True,1,1,01010000,True,202,
4509,0x013239,True,1,2,01020000,False,,
4510,0x013257,True,1,3,01030000,False,,
4511,0x013275,True,1,4,01040000,False,,
4512,0x013293,True,1,1,01010000,True,203,
4513,0x0132B1,True,1,2,01020000,False,,
4514,0x0132CF,True,1,3,01030000,False,,
4515,0x0132ED,True,1,4,01040000,False,,
4516,0x013293,True,1,1,01010000,True,204,
4517,0x0132B1,True,1,2,01020000,False,,
4518,0x0132CF,True,1,3,01030000,False,,
4519,0x0132ED,True,1,4,01040000,False,,
4520,0x013293,True,1,1,01010000,True,205,
4521,0x0132B1,True,1,2,01020000,False,,
4522,0x0132CF,True,1,3,01030000,False,,
4523,0x0132ED,True,1,4,01040000,False,,
4524,0x01330B,True,1,1,01010000,True,206,
4525,0x01331D,True,1,2,01020000,False,,
4526,0x01332F,True,1,3,01030000,False,,
4527,0x013341,True,1,4,01040000,False,,
4528,0x01330B,True,1,1,01010000,True,234,
4529,0x01331D,True,1,2,01020000,False,,
4530,0x01332F,True,1,3,01030000,False,,
4531,0x013341,True,1,4,01040000,False,,
4532,0x013353,True,1,1,01010000,True,235,
4533,0x013365,True,1,2,01020000,False,,
4534,0x013377,True,1,3,01030000,False,,
4535,0x013389,True,1,4,01040000,False,,
4536,0x01339B,True,1,1,01010000,True,207,
4537,0x0133AD,True,1,2,01020000,False,,
4538,0x0133BF,True,1,3,01030000,False,,
4539,0x0133D1,True,1,4,01040000,False,,
4540,0x0133E3,True,1,1,01010000,True,208,
4541,0x0133F5,True,1,2,01020000,False,,
4542,0x013407,True,1,3,01030000,False,,
4543,0x013419,True,1,4,01040000,False,,
4544,0xFFFFFF,False,,,,True,209,
4545,0xFFFFFF,False,,,,False,,
4546,0xFFFFFF,False,,,,False,,
4547,0xFFFFFF,False,,,,False,,
4548,0x01342B,True,1,1,01010000,True,20A,
4549,0x013449,True,1,2,01020000,False,,
4550,0x013467,True,1,3,01030000,False,,
4551,0x013485,True,1,4,01040000,False,,
4552,0x01342B,True,1,1,01010000,True,20B,
4553,0x013449,True,1,2,01020000,False,,
4554,0x013467,True,1,3,01030000,False,,
4555,0x013485,True,1,4,01040000,False,,
4556,0x0134A3,True,1,1,01010000,True,20C,
4557,0x0134C1,True,1,2,01020000,False,,
4558,0x0134DF,True,1,3,01030000,False,,
4559,0x0134FD,True,1,4,01040000,False,,
4560,0x01351B,True,1,1,01010000,True,20D,
4561,0x013539,True,1,2,01020000,False,,
4562,0x013557,True,1,3,01030000,False,,
4563,0x013575,True,1,4,01040000,False,,
4564,0x013593,True,1,1,01010000,True,20E,
4565,0x0135B1,True,1,2,01020000,False,,
4566,0x0135CF,True,1,3,01030000,False,,
4567,0x0135ED,True,1,4,01040000,False,,
4568,0x01360B,True,1,1,01010000,True,20F,
4569,0x01361D,True,1,2,01020000,False,,
4570,0x01362F,True,1,3,01030000,False,,
4571,0x013641,True,1,4,01040000,False,,
4572,0x013653,True,1,1,01010000,True,210,
4573,0x013665,True,1,2,01020000,False,,
4574,0x013677,True,1,3,01030000,False,,
4575,0x013689,True,1,4,01040000,False,,
4576,0x01369B,True,1,1,01010000,True,211,
4577,0x0136AD,True,1,2,01020000,False,,
4578,0x0136BF,True,1,3,01030000,False,,
4579,0x0136D1,True,1,4,01040000,False,,
4580,0x0136E3,True,1,1,01010000,True,212,
4581,0x0136F5,True,1,2,01020000,False,,
4582,0x013707,True,1,3,01030000,False,,
4583,0x013719,True,1,4,01040000,False,,
4584,0x0136E3,True,1,1,01010000,True,213,
4585,0x0136F5,True,1,2,01020000,False,,
4586,0x013707,True,1,3,01030000,False,,
4587,0x013719,True,1,4,01040000,False,,
4588,0xFFFFFF,False,,,,True,214,
4589,0xFFFFFF,False,,,,False,,
4590,0xFFFFFF,False,,,,False,,
4591,0xFFFFFF,False,,,,False,,
4592,0x01372B,True,1,1,01010000,True,215,
4593,0x01373D,True,1,2,01020000,False,,
4594,0x01374F,True,1,3,01030000,False,,
4595,0x013761,True,1,4,01040000,False,,
4596,0x013773,True,1,1,01010000,True,216,
4597,0x013785,True,1,2,01020000,False,,
4598,0x013797,True,1,3,01030000,False,,
4599,0x0137A9,True,1,4,01040000,False,,
4600,0x0137BB,True,1,1,01010000,True,217,
4601,0x0137CD,True,1,2,01020000,False,,
4602,0x0137DF,True,1,3,01030000,False,,
4603,0x0137F1,True,1,4,01040000,False,,
4604,0x013803,True,1,1,01010000,True,218,
4605,0x013815,True,1,2,01020000,False,,
4606,0x013827,True,1,3,01030000,False,,
4607,0x013839,True,1,4,01040000,False,,
4608,0x01384B,True,1,1,01010000,True,219,
4609,0x0138B1,True,1,2,01020000,False,,
4610,0x013917,True,1,3,01030000,False,,
4611,0x01397D,True,1,4,01040000,False,,
4612,0x0139E3,True,1,1,01010000,True,21A,
4613,0x013A2C,True,1,2,01020000,False,,
4614,0x013A72,True,1,3,01030000,False,,
4615,0x013AB8,True,1,4,01040000,False,,
4616,0x013AFE,True,1,1,01010000,True,21B,
4617,0x013B10,True,1,2,01020000,False,,
4618,0x013B22,True,1,3,01030000,False,,
4619,0x013B34,True,1,4,01040000,False,,
4620,0x013B46,True,1,1,01010000,True,21C,
4621,0x013B58,True,1,2,01020000,False,,
4622,0x013B6A,True,1,3,01030000,False,,
4623,0x013B7C,True,1,4,01040000,False,,
4624,0x013B8E,True,1,1,01010000,True,21D,
4625,0x013BA0,True,1,2,01020000,False,,
4626,0x013BB2,True,1,3,01030000,False,,
4627,0x013BC4,True,1,4,01040000,False,,
4628,0x013BD6,True,1,1,01010000,True,21E,
4629,0x013BE8,True,1,2,01020000,False,,
4630,0x013BFA,True,1,3,01030000,False,,
4631,0x013C0C,True,1,4,01040000,False,,
4632,0x013C1E,True,1,1,01010000,True,21F,
4633,0x013C30,True,1,2,01020000,False,,
4634,0x013C42,True,1,3,01030000,False,,
4635,0x013C54,True,1,4,01040000,False,,
4636,0x013C66,True,1,1,01010000,True,220,
4637,0x013C78,True,1,2,01020000,False,,
4638,0x013C8A,True,1,3,01030000,False,,
4639,0x013C9C,True,1,4,01040000,False,,
4640,0x013C66,True,1,1,01010000,True,221,
4641,0x013C78,True,1,2,01020000,False,,
4642,0x013C8A,True,1,3,01030000,False,,
4643,0x013C9C,True,1,4,01040000,False,,
4644,0x013CAE,True,1,1,01010000,True,222,
4645,0x013CC0,True,1,2,01020000,False,,
4646,0x013CD2,True,1,3,01030000,False,,
4647,0x013CE4,True,1,4,01040000,False,,
4648,0x013CF6,True,1,1,01010000,True,223,
4649,0x013D08,True,1,2,01020000,False,,
4650,0x013D1A,True,1,3,01030000,False,,
4651,0x013D2C,True,1,4,01040000,False,,
4652,0x013D3E,True,1,1,01010000,True,224,
4653,0x013D50,True,1,2,01020000,False,,
4654,0x013D62,True,1,3,01030000,False,,
4655,0x013D74,True,1,4,01040000,False,,
4656,0x013D3E,True,1,1,01010000,True,225,
4657,0x013D50,True,1,2,01020000,False,,
4658,0x013D62,True,1,3,01030000,False,,
4659,0x013D74,True,1,4,01040000,False,,
4660,0x013D3E,True,1,1,01010000,True,226,
4661,0x013D50,True,1,2,01020000,False,,
4662,0x013D62,True,1,3,01030000,False,,
4663,0x013D74,True,1,4,01040000,False,,
4664,0x013D3E,True,1,1,01010000,True,227,
4665,0x013D50,True,1,2,01020000,False,,
4666,0x013D62,True,1,3,01030000,False,,
4667,0x013D74,True,1,4,01040000,False,,
4668,0x013D3E,True,1,1,01010000,True,228,
4669,0x013D50,True,1,2,01020000,False,,
4670,0x013D62,True,1,3,01030000,False,,
4671,0x013D74,True,1,4,01040000,False,,
4672,0x013D86,True,1,1,01010000,True,229,
4673,0x013D98,True,1,2,01020000,False,,
4674,0x013DAA,True,1,3,01030000,False,,
4675,0x013DBC,True,1,4,01040000,False,,
4676,0x013D86,True,1,1,01010000,True,22A,
4677,0x013D98,True,1,2,01020000,False,,
4678,0x013DAA,True,1,3,01030000,False,,
4679,0x013DBC,True,1,4,01040000,False,,
4680,0x013DCE,True,1,1,01010000,True,22B,
4681,0x013DEC,True,1,2,01020000,False,,
4682,0x013E0A,True,1,3,01030000,False,,
4683,0x013E28,True,1,4,01040000,False,,
4684,0x013E46,True,1,1,01010000,True,22C,
4685,0x013E64,True,1,2,01020000,False,,
4686,0x013E82,True,1,3,01030000,False,,
4687,0x013EA0,True,1,4,01040000,False,,
4688,0x013EBE,True,1,1,01010000,True,22D,
4689,0x013EDC,True,1,2,01020000,False,,
4690,0x013EFA,True,1,3,01030000,False,,
4691,0x013F18,True,1,4,01040000,False,,
4692,0x013F36,True,1,1,01010000,True,22E,
4693,0x013F54,True,1,2,01020000,False,,
4694,0x013F72,True,1,3,01030000,False,,
4695,0x013F90,True,1,4,01040000,False,,
4696,0x013FAE,True,1,1,01010000,True,22F,
4697,0x013FCC,True,1,2,01020000,False,,
4698,0x013FEA,True,1,3,01030000,False,,
4699,0x014008,True,1,4,01040000,False,,
4700,0x014026,True,1,1,01010000,True,230,
4701,0x014044,True,1,2,01020000,False,,
4702,0x014062,True,1,3,01030000,False,,
4703,0x014080,True,1,4,01040000,False,,
4704,0x014026,True,1,1,01010000,True,231,
4705,0x014044,True,1,2,01020000,False,,
4706,0x014062,True,1,3,01030000,False,,
4707,0x014080,True,1,4,01040000,False,,
4708,0x01409E,True,1,1,01010000,True,232,
4709,0x0140BC,True,1,2,01020000,False,,
4710,0x0140DA,True,1,3,01030000,False,,
4711,0x0140F8,True,1,4,01040000,False,,
4712,0x014116,True,1,1,01010000,True,233,
4713,0x014134,True,1,2,01020000,False,,
4714,0x014152,True,1,3,01030000,False,,
4715,0x014170,True,1,4,01040000,False,,
4716,0x013BD6,True,1,1,01010000,False,,
4717,0x013BE8,True,1,2,01020000,False,,
4718,0x013BFA,True,1,3,01030000,False,,
4719,0x013C0C,True,1,4,01040000,False,,
4720,0x013C1E,True,1,1,01010000,False,,
4721,0x013C30,True,1,2,01020000,False,,
4722,0x013C42,True,1,3,01030000,False,,
4723,0x013C54,True,1,4,01040000,False,,
4724,0xFFFFFF,False,,,,False,,
4725,0xFFFFFF,False,,,,False,,
4726,0xFFFFFF,False,,,,False,,
4727,0xFFFFFF,False,,,,False,,
4728,0xFFFFFF,False,,,,False,,
4729,0xFFFFFF,False,,,,False,,
4730,0xFFFFFF,False,,,,False,,
4731,0xFFFFFF,False,,,,False,,
4732,0xFFFFFF,False,,,,False,,
4733,0xFFFFFF,False,,,,False,,
4734,0xFFFFFF,False,,,,False,,
4735,0xFFFFFF,False,,,,False,,
4736,0xFFFFFF,False,,,,False,,
4737,0xFFFFFF,False,,,,False,,
4738,0xFFFFFF,False,,,,False,,
4739,0xFFFFFF,False,,,,False,,
4740,0xFFFFFF,False,,,,False,,
4741,0xFFFFFF,False,,,,False,,
4742,0xFFFFFF,False,,,,False,,
4743,0xFFFFFF,False,,,,False,,
4744,0xFFFFFF,False,,,,False,,
4745,0xFFFFFF,False,,,,False,,
4746,0xFFFFFF,False,,,,False,,
4747,0xFFFFFF,False,,,,False,,
4748,0xFFFFFF,False,,,,False,,
4749,0xFFFFFF,False,,,,False,,
4750,0xFFFFFF,False,,,,False,,
4751,0xFFFFFF,False,,,,False,,
4752,0xFFFFFF,False,,,,False,,
4753,0xFFFFFF,False,,,,False,,
4754,0xFFFFFF,False,,,,False,,
4755,0xFFFFFF,False,,,,False,,
4756,0xFFFFFF,False,,,,False,,
4757,0xFFFFFF,False,,,,False,,
4758,0xFFFFFF,False,,,,False,,
4759,0xFFFFFF,False,,,,False,,
4760,0xFFFFFF,False,,,,False,,
4761,0xFFFFFF,False,,,,False,,
4762,0xFFFFFF,False,,,,False,,
4763,0xFFFFFF,False,,,,False,,
4764,0xFFFFFF,False,,,,False,,
4765,0xFFFFFF,False,,,,False,,
4766,0xFFFFFF,False,,,,False,,
4767,0xFFFFFF,False,,,,False,,
4768,0xFFFFFF,False,,,,False,,
4769,0xFFFFFF,False,,,,False,,
4770,0xFFFFFF,False,,,,False,,
4771,0xFFFFFF,False,,,,False,,
4772,0xFFFFFF,False,,,,False,,
4773,0xFFFFFF,False,,,,False,,
4774,0xFFFFFF,False,,,,False,,
4775,0xFFFFFF,False,,,,False,,
4776,0xFFFFFF,False,,,,False,,
4777,0xFFFFFF,False,,,,False,,
4778,0xFFFFFF,False,,,,False,,
4779,0xFFFFFF,False,,,,False,,
4780,0xFFFFFF,False,,,,False,,
4781,0xFFFFFF,False,,,,False,,
4782,0xFFFFFF,False,,,,False,,
4783,0xFFFFFF,False,,,,False,,
4784,0xFFFFFF,False,,,,False,,
4785,0xFFFFFF,False,,,,False,,
4786,0xFFFFFF,False,,,,False,,
4787,0xFFFFFF,False,,,,False,,
4788,0xFFFFFF,False,,,,False,,
4789,0xFFFFFF,False,,,,False,,
4790,0xFFFFFF,False,,,,False,,
4791,0xFFFFFF,False,,,,False,,
4792,0xFFFFFF,False,,,,False,,
4793,0xFFFFFF,False,,,,False,,
4794,0xFFFFFF,False,,,,False,,
4795,0xFFFFFF,False,,,,False,,
4796,0xFFFFFF,False,,,,False,,
4797,0xFFFFFF,False,,,,False,,
4798,0xFFFFFF,False,,,,False,,
4799,0xFFFFFF,False,,,,False,,
4800,0x01418E,True,1,1,01010000,True,236,
4801,0x0141A0,True,1,2,01020000,False,,
4802,0x0141B2,True,1,3,01030000,False,,
4803,0x0141C4,True,1,4,01040000,False,,
4804,0x0141D6,True,1,1,01010000,True,237,
4805,0x0141E8,True,1,2,01020000,False,,
4806,0x0141FA,True,1,3,01030000,False,,
4807,0x01420C,True,1,4,01040000,False,,
4808,0x01421E,True,1,1,01010000,True,238,
4809,0x014230,True,1,2,01020000,False,,
4810,0x014242,True,1,3,01030000,False,,
4811,0x014254,True,1,4,01040000,False,,
4812,0x014266,True,1,1,01010000,True,239,
4813,0x014278,True,1,2,01020000,False,,
4814,0x01428A,True,1,3,01030000,False,,
4815,0x01429C,True,1,4,01040000,False,,
4816,0x0142AE,True,1,1,01010000,True,23A,
4817,0x0142C0,True,1,2,01020000,False,,
4818,0x0142D2,True,1,3,01030000,False,,
4819,0x0142E4,True,1,4,01040000,False,,
4820,0x0142F6,True,1,1,01010000,True,23B,
4821,0x014308,True,1,2,01020000,False,,
4822,0x01431A,True,1,3,01030000,False,,
4823,0x01432C,True,1,4,01040000,False,,
4824,0x01433E,True,1,1,01010000,True,23C,
4825,0x014384,True,1,2,01020000,False,,
4826,0x0143CA,True,1,3,01030000,False,,
4827,0x014410,True,1,4,01040000,False,,
4828,0x014456,True,1,1,01010000,True,23D,
4829,0x014468,True,1,2,01020000,False,,
4830,0x01447A,True,1,3,01030000,False,,
4831,0x01448C,True,1,4,01040000,False,,
4832,0x01449E,True,1,1,01010000,True,23E,
4833,0x0144B0,True,1,2,01020000,False,,
4834,0x0144C2,True,1,3,01030000,False,,
4835,0x0144D4,True,1,4,01040000,False,,
4836,0x0144E6,True,1,1,01010000,True,23F,
4837,0x0144F8,True,1,2,01020000,False,,
4838,0x01450A,True,1,3,01030000,False,,
4839,0x01451C,True,1,4,01040000,False,,
4840,0x01452E,True,1,1,01010000,True,240,
4841,0x014540,True,1,2,01020000,False,,
4842,0x014552,True,1,3,01030000,False,,
4843,0x014564,True,1,4,01040000,False,,
4844,0x014576,True,1,1,01010000,True,241,
4845,0x014588,True,1,2,01020000,False,,
4846,0x01459A,True,1,3,01030000,False,,
4847,0x0145AC,True,1,4,01040000,False,,
4848,0x0145BE,True,1,1,01010000,True,242,
4849,0x0145D0,True,1,2,01020000,False,,
4850,0x0145E2,True,1,3,01030000,False,,
4851,0x0145F4,True,1,4,01040000,False,,
4852,0x014606,True,1,1,01010000,True,243,
4853,0x014618,True,1,2,01020000,False,,
4854,0x01462A,True,1,3,01030000,False,,
4855,0x01463C,True,1,4,01040000,False,,
4856,0x01464E,True,1,1,01010000,True,244,
4857,0x014660,True,1,2,01020000,False,,
4858,0x014672,True,1,3,01030000,False,,
4859,0x014684,True,1,4,01040000,False,,
4860,0x014696,True,1,1,01010000,True,245,
4861,0x0146A8,True,1,2,01020000,False,,
4862,0x0146BA,True,1,3,01030000,False,,
4863,0x0146CC,True,1,4,01040000,False,,
4864,0x0146DE,True,1,1,01010000,True,246,
4865,0x0146F0,True,1,2,01020000,False,,
4866,0x014702,True,1,3,01030000,False,,
4867,0x014714,True,1,4,01040000,False,,
4868,0x014726,True,1,1,01010000,True,247,
4869,0x014738,True,1,2,01020000,False,,
4870,0x01474A,True,1,3,01030000,False,,
4871,0x01475C,True,1,4,01040000,False,,
4872,0x01476E,True,1,1,01010000,True,248,
4873,0x014780,True,1,2,01020000,False,,
4874,0x014792,True,1,3,01030000,False,,
4875,0x0147A4,True,1,4,01040000,False,,
4876,0x0147B6,True,1,1,01010000,True,249,
4877,0x0147C8,True,1,2,01020000,False,,
4878,0x0147DA,True,1,3,01030000,False,,
4879,0x0147EC,True,1,4,01040000,False,,
4880,0x0147FE,True,1,1,01010000,True,24A,
4881,0x014810,True,1,2,01020000,False,,
4882,0x014822,True,1,3,01030000,False,,
4883,0x014834,True,1,4,01040000,False,,
4884,0x014846,True,1,1,01010000,True,24B,
4885,0x014858,True,1,2,01020000,False,,
4886,0x01486A,True,1,3,01030000,False,,
4887,0x01487C,True,1,4,01040000,False,,
4888,0x01488E,True,1,1,01010000,True,24C,
4889,0x0148A0,True,1,2,01020000,False,,
4890,0x0148B2,True,1,3,01030000,False,,
4891,0x0148C4,True,1,4,01040000,False,,
4892,0x0148D6,True,1,1,01010000,True,24D,
4893,0x0148E8,True,1,2,01020000,False,,
4894,0x0148FA,True,1,3,01030000,False,,
4895,0x01490C,True,1,4,01040000,False,,
4896,0x01491E,True,1,1,01010000,True,24E,
4897,0x014930,True,1,2,01020000,False,,
4898,0x014942,True,1,3,01030000,False,,
4899,0x014954,True,1,4,01040000,False,,
4900,0x014966,True,1,1,01010000,True,24F,
4901,0x014978,True,1,2,01020000,False,,
4902,0x01498A,True,1,3,01030000,False,,
4903,0x01499C,True,1,4,01040000,False,,
4904,0x0149AE,True,1,1,01010000,True,250,
4905,0x0149CC,True,1,2,01020000,False,,
4906,0x0149EA,True,1,3,01030000,False,,
4907,0x014A08,True,1,4,01040000,False,,
4908,0x014A26,True,1,1,01010000,True,251,
4909,0x014A44,True,1,2,01020000,False,,
4910,0x014A62,True,1,3,01030000,False,,
4911,0x014A80,True,1,4,01040000,False,,
4912,0x014A9E,True,1,1,01010000,True,252,
4913,0x014ABC,True,1,2,01020000,False,,
4914,0x014ADA,True,1,3,01030000,False,,
4915,0x014AF8,True,1,4,01040000,False,,
4916,0x014B16,True,1,1,01010000,True,253,
4917,0x014B34,True,1,2,01020000,False,,
4918,0x014B52,True,1,3,01030000,False,,
4919,0x014B70,True,1,4,01040000,False,,
4920,0x014B8E,True,1,1,01010000,True,254,
4921,0x014BAC,True,1,2,01020000,False,,
4922,0x014BCA,True,1,3,01030000,False,,
4923,0x014BE8,True,1,4,01040000,False,,
4924,0x014C06,True,1,1,01010000,True,255,
4925,0x014C24,True,1,2,01020000,False,,
4926,0x014C42,True,1,3,01030000,False,,
4927,0x014C60,True,1,4,01040000,False,,
4928,0x014C7E,True,1,1,01010000,True,256,
4929,0x014C9C,True,1,2,01020000,False,,
4930,0x014CBA,True,1,3,01030000,False,,
4931,0x014CD8,True,1,4,01040000,False,,
4932,0x014CF6,True,1,1,01010000,True,257,
4933,0x014D14,True,1,2,01020000,False,,
4934,0x014D32,True,1,3,01030000,False,,
4935,0x014D50,True,1,4,01040000,False,,
4936,0x014D6E,True,1,1,01010000,True,258,
4937,0x014D8C,True,1,2,01020000,False,,
4938,0x014DAA,True,1,3,01030000,False,,
4939,0x014DC8,True,1,4,01040000,False,,
4940,0x014DE6,True,1,1,01010000,True,259,
4941,0x014E04,True,1,2,01020000,False,,
4942,0x014E22,True,1,3,01030000,False,,
4943,0x014E40,True,1,4,01040000,False,,
4944,0x014E5E,True,1,1,01010000,True,25A,
4945,0x014E7C,True,1,2,01020000,False,,
4946,0x014E9A,True,1,3,01030000,False,,
4947,0x014EB8,True,1,4,01040000,False,,
4948,0x014ED6,True,1,1,01010000,True,25B,
4949,0x014EF4,True,1,2,01020000,False,,
4950,0x014F12,True,1,3,01030000,False,,
4951,0x014F30,True,1,4,01040000,False,,
4952,0x014F4E,True,1,1,01010000,True,25C,
4953,0x014F6C,True,1,2,01020000,False,,
4954,0x014F8A,True,1,3,01030000,False,,
4955,0x014FA8,True,1,4,01040000,False,,
4956,0x014FC6,True,1,1,01010000,True,25D,
4957,0x014FE4,True,1,2,01020000,False,,
4958,0x015002,True,1,3,01030000,False,,
4959,0x015020,True,1,4,01040000,False,,
4960,0x01503E,True,1,1,01010000,True,25E,
4961,0x01505C,True,1,2,01020000,False,,
4962,0x01507A,True,1,3,01030000,False,,
4963,0x015098,True,1,4,01040000,False,,
4964,0x0150B6,True,1,1,01010000,True,25F,
4965,0x0150D4,True,1,2,01020000,False,,
4966,0x0150F2,True,1,3,01030000,False,,
4967,0x015110,True,1,4,01040000,False,,
4968,0x01512E,True,1,1,01010000,True,260,
4969,0x01514C,True,1,2,01020000,False,,
4970,0x01516A,True,1,3,01030000,False,,
4971,0x015188,True,1,4,01040000,False,,
4972,0x0151A6,True,1,1,01010000,True,261,
4973,0x0151C4,True,1,2,01020000,False,,
4974,0x0151E2,True,1,3,01030000,False,,
4975,0x015200,True,1,4,01040000,False,,
4976,0x01521E,True,1,1,01010000,True,262,
4977,0x01523C,True,1,2,01020000,False,,
4978,0x01525A,True,1,3,01030000,False,,
4979,0x015278,True,1,4,01040000,False,,
4980,0x015296,True,1,1,01010000,True,263,
4981,0x0152B4,True,1,2,01020000,False,,
4982,0x0152D2,True,1,3,01030000,False,,
4983,0x0152F0,True,1,4,01040000,False,,
4984,0x01530E,True,1,1,01010000,True,264,
4985,0x01532C,True,1,2,01020000,False,,
4986,0x01534A,True,1,3,01030000,False,,
4987,0x015368,True,1,4,01040000,False,,
4988,0x015386,True,1,1,01010000,True,265,
4989,0x0153A4,True,1,2,01020000,False,,
4990,0x0153C2,True,1,3,01030000,False,,
4991,0x0153E0,True,1,4,01040000,False,,
4992,0x0153FE,True,1,1,01010000,True,266,
4993,0x01541C,True,1,2,01020000,False,,
4994,0x01543A,True,1,3,01030000,False,,
4995,0x015458,True,1,4,01040000,False,,
4996,0xFFFFFF,False,,,,False,,
4997,0xFFFFFF,False,,,,False,,
4998,0xFFFFFF,False,,,,False,,
4999,0xFFFFFF,False,,,,False,,
5000,0x015476,True,1,1,01010000,True,267,
5001,0x015494,True,1,2,01020000,False,,
5002,0x0154B2,True,1,3,01030000,False,,
5003,0x0154D0,True,1,4,01040000,False,,
5004,0x0154EE,True,1,1,01010000,True,268,
5005,0x01550C,True,1,2,01020000,False,,
5006,0x01552A,True,1,3,01030000,False,,
5007,0x015548,True,1,4,01040000,False,,
5008,0x015566,True,1,1,01010000,True,269,
5009,0x015584,True,1,2,01020000,False,,
5010,0x0155A2,True,1,3,01030000,False,,
5011,0x0155C0,True,1,4,01040000,False,,
5012,0x0155DE,True,1,1,01010000,True,26A,
5013,0x0155FC,True,1,2,01020000,False,,
5014,0x01561A,True,1,3,01030000,False,,
5015,0x015638,True,1,4,01040000,False,,
5016,0x015656,True,1,1,01010000,True,26B,
5017,0x015674,True,1,2,01020000,False,,
5018,0x015692,True,1,3,01030000,False,,
5019,0x0156B0,True,1,4,01040000,False,,
5020,0x0156CE,True,1,1,01010000,True,26C,
5021,0x0156EC,True,1,2,01020000,False,,
5022,0x01570A,True,1,3,01030000,False,,
5023,0x015728,True,1,4,01040000,False,,
5024,0x015746,True,1,1,01010000,True,26D,
5025,0x015764,True,1,2,01020000,False,,
5026,0x015782,True,1,3,01030000,False,,
5027,0x0157A0,True,1,4,01040000,False,,
5028,0x0157BE,True,1,1,01010000,True,26E,
5029,0x0157DC,True,1,2,01020000,False,,
5030,0x0157FA,True,1,3,01030000,False,,
5031,0x015818,True,1,4,01040000,False,,
5032,0x015836,True,1,1,01010000,True,26F,
5033,0x015854,True,1,2,01020000,False,,
5034,0x015872,True,1,3,01030000,False,,
5035,0x015890,True,1,4,01040000,False,,
5036,0x0158AE,True,1,1,01010000,True,270,
5037,0x0158CC,True,1,2,01020000,False,,
5038,0x0158EA,True,1,3,01030000,False,,
5039,0x015908,True,1,4,01040000,False,,
5040,0x015926,True,1,1,01010000,True,271,
5041,0x015944,True,1,2,01020000,False,,
5042,0x015962,True,1,3,01030000,False,,
5043,0x015980,True,1,4,01040000,False,,
5044,0x01599E,True,1,1,01010000,True,272,
5045,0x0159B0,True,1,2,01020000,False,,
5046,0x0159C2,True,1,3,01030000,False,,
5047,0x0159D4,True,1,4,01040000,False,,
5048,0x0159E6,True,1,1,01010000,True,273,
5049,0x0159F8,True,1,2,01020000,False,,
5050,0x015A0A,True,1,3,01030000,False,,
5051,0x015A1C,True,1,4,01040000,False,,
5052,0x015A2E,True,1,1,01010000,True,274,
5053,0x015A40,True,1,2,01020000,False,,
5054,0x015A52,True,1,3,01030000,False,,
5055,0x015A64,True,1,4,01040000,False,,
5056,0x015A76,True,1,1,01010000,True,275,
5057,0x015A88,True,1,2,01020000,False,,
5058,0x015A9A,True,1,3,01030000,False,,
5059,0x015AAC,True,1,4,01040000,False,,
5060,0x015ABE,True,1,1,01010000,True,276,
5061,0x015AD0,True,1,2,01020000,False,,
5062,0x015AE2,True,1,3,01030000,False,,
5063,0x015AF4,True,1,4,01040000,False,,
5064,0x015B06,True,1,1,01010000,True,277,
5065,0x015B18,True,1,2,01020000,False,,
5066,0x015B2A,True,1,3,01030000,False,,
5067,0x015B3C,True,1,4,01040000,False,,
5068,0x015B4E,True,1,1,01010000,True,278,
5069,0x015B60,True,1,2,01020000,False,,
5070,0x015B72,True,1,3,01030000,False,,
5071,0x015B84,True,1,4,01040000,False,,
5072,0x015B96,True,1,1,01010000,True,279,
5073,0x015BA8,True,1,2,01020000,False,,
5074,0x015BBA,True,1,3,01030000,False,,
5075,0x015BCC,True,1,4,01040000,False,,
5076,0x015BDE,True,1,1,01010000,True,27A,
5077,0x015BF0,True,1,2,01020000,False,,
5078,0x015C02,True,1,3,01030000,False,,
5079,0x015C14,True,1,4,01040000,False,,
5080,0x015C26,True,1,1,01010000,True,27B,
5081,0x015C38,True,1,2,01020000,False,,
5082,0x015C4A,True,1,3,01030000,False,,
5083,0x015C5C,True,1,4,01040000,False,,
5084,0x015C6E,True,1,1,01010000,True,27C,
5085,0x015C80,True,1,2,01020000,False,,
5086,0x015C92,True,1,3,01030000,False,,
5087,0x015CA4,True,1,4,01040000,False,,
5088,0x015CB6,True,1,1,01010000,True,27D,
5089,0x015CC8,True,1,2,01020000,False,,
5090,0x015CDA,True,1,3,01030000,False,,
5091,0x015CEC,True,1,4,01040000,False,,
5092,0x015CFE,True,1,1,01010000,True,27E,
5093,0x015D10,True,1,2,01020000,False,,
5094,0x015D22,True,1,3,01030000,False,,
5095,0x015D34,True,1,4,01040000,False,,
5096,0x015D46,True,1,1,01010000,True,27F,
5097,0x015D58,True,1,2,01020000,False,,
5098,0x015D6A,True,1,3,01030000,False,,
5099,0x015D7C,True,1,4,01040000,False,,
5100,0x015D8E,True,1,1,01010000,True,280,
5101,0x015DA0,True,1,2,01020000,False,,
5102,0x015DB2,True,1,3,01030000,False,,
5103,0x015DC4,True,1,4,01040000,False,,
5104,0x015DD6,True,1,1,01010000,True,281,
5105,0x015E54,True,1,2,01020000,False,,
5106,0x015ED2,True,1,3,01030000,False,,
5107,0x015F50,True,1,4,01040000,False,,
5108,0xFFFFFF,False,,,,False,,
5109,0xFFFFFF,False,,,,False,,
5110,0xFFFFFF,False,,,,False,,
5111,0xFFFFFF,False,,,,False,,
5112,0xFFFFFF,False,,,,False,,
5113,0xFFFFFF,False,,,,False,,
5114,0xFFFFFF,False,,,,False,,
5115,0xFFFFFF,False,,,,False,,
5116,0xFFFFFF,False,,,,False,,
5117,0xFFFFFF,False,,,,False,,
5118,0xFFFFFF,False,,,,False,,
5119,0xFFFFFF,False,,,,False,,
5120,0xFFFFFF,False,,,,False,,
5121,0xFFFFFF,False,,,,False,,
5122,0xFFFFFF,False,,,,False,,
5123,0xFFFFFF,False,,,,False,,
5124,0xFFFFFF,False,,,,False,,
5125,0xFFFFFF,False,,,,False,,
5126,0xFFFFFF,False,,,,False,,
5127,0xFFFFFF,False,,,,False,,
5128,0xFFFFFF,False,,,,False,,
5129,0xFFFFFF,False,,,,False,,
5130,0xFFFFFF,False,,,,False,,
5131,0xFFFFFF,False,,,,False,,
5132,0xFFFFFF,False,,,,False,,
5133,0xFFFFFF,False,,,,False,,
5134,0xFFFFFF,False,,,,False,,
5135,0xFFFFFF,False,,,,False,,
5136,0xFFFFFF,False,,,,False,,
5137,0xFFFFFF,False,,,,False,,
5138,0xFFFFFF,False,,,,False,,
5139,0xFFFFFF,False,,,,False,,
5140,0xFFFFFF,False,,,,False,,
5141,0xFFFFFF,False,,,,False,,
5142,0xFFFFFF,False,,,,False,,
5143,0xFFFFFF,False,,,,False,,
5144,0xFFFFFF,False,,,,False,,
5145,0xFFFFFF,False,,,,False,,
5146,0xFFFFFF,False,,,,False,,
5147,0xFFFFFF,False,,,,False,,
5148,0xFFFFFF,False,,,,False,,
5149,0xFFFFFF,False,,,,False,,
5150,0xFFFFFF,False,,,,False,,
5151,0xFFFFFF,False,,,,False,,
5152,0xFFFFFF,False,,,,False,,
5153,0xFFFFFF,False,,,,False,,
5154,0xFFFFFF,False,,,,False,,
5155,0xFFFFFF,False,,,,False,,
5156,0xFFFFFF,False,,,,False,,
5157,0xFFFFFF,False,,,,False,,
5158,0xFFFFFF,False,,,,False,,
5159,0xFFFFFF,False,,,,False,,
5160,0xFFFFFF,False,,,,False,,
5161,0xFFFFFF,False,,,,False,,
5162,0xFFFFFF,False,,,,False,,
5163,0xFFFFFF,False,,,,False,,
5164,0xFFFFFF,False,,,,False,,
5165,0xFFFFFF,False,,,,False,,
5166,0xFFFFFF,False,,,,False,,
5167,0xFFFFFF,False,,,,False,,
5168,0xFFFFFF,False,,,,False,,
5169,0xFFFFFF,False,,,,False,,
5170,0xFFFFFF,False,,,,False,,
5171,0xFFFFFF,False,,,,False,,
5172,0xFFFFFF,False,,,,False,,
5173,0xFFFFFF,False,,,,False,,
5174,0xFFFFFF,False,,,,False,,
5175,0xFFFFFF,False,,,,False,,
5176,0xFFFFFF,False,,,,False,,
5177,0xFFFFFF,False,,,,False,,
5178,0xFFFFFF,False,,,,False,,
5179,0xFFFFFF,False,,,,False,,
5180,0xFFFFFF,False,,,,False,,
5181,0xFFFFFF,False,,,,False,,
5182,0xFFFFFF,False,,,,False,,
5183,0xFFFFFF,False,,,,False,,
5184,0xFFFFFF,False,,,,False,,
5185,0xFFFFFF,False,,,,False,,
5186,0xFFFFFF,False,,,,False,,
5187,0xFFFFFF,False,,,,False,,
5188,0xFFFFFF,False,,,,False,,
5189,0xFFFFFF,False,,,,False,,
5190,0xFFFFFF,False,,,,False,,
5191,0xFFFFFF,False,,,,False,,
5192,0xFFFFFF,False,,,,False,,
5193,0xFFFFFF,False,,,,False,,
5194,0xFFFFFF,False,,,,False,,
5195,0xFFFFFF,False,,,,False,,
5196,0xFFFFFF,False,,,,False,,
5197,0xFFFFFF,False,,,,False,,
5198,0xFFFFFF,False,,,,False,,
5199,0xFFFFFF,False,,,,False,,
5200,0xFFFFFF,False,,,,False,,
5201,0xFFFFFF,False,,,,False,,
5202,0xFFFFFF,False,,,,False,,
5203,0xFFFFFF,False,,,,False,,
5204,0xFFFFFF,False,,,,False,,
5205,0xFFFFFF,False,,,,False,,
5206,0xFFFFFF,False,,,,False,,
5207,0xFFFFFF,False,,,,False,,
5208,0xFFFFFF,False,,,,False,,
5209,0xFFFFFF,False,,,,False,,
5210,0xFFFFFF,False,,,,False,,
5211,0xFFFFFF,False,,,,False,,
5212,0xFFFFFF,False,,,,False,,
5213,0xFFFFFF,False,,,,False,,
5214,0xFFFFFF,False,,,,False,,
5215,0xFFFFFF,False,,,,False,,
5216,0xFFFFFF,False,,,,False,,
5217,0xFFFFFF,False,,,,False,,
5218,0xFFFFFF,False,,,,False,,
5219,0xFFFFFF,False,,,,False,,
5220,0xFFFFFF,False,,,,False,,
5221,0xFFFFFF,False,,,,False,,
5222,0xFFFFFF,False,,,,False,,
5223,0xFFFFFF,False,,,,False,,
5224,0xFFFFFF,False,,,,False,,
5225,0xFFFFFF,False,,,,False,,
5226,0xFFFFFF,False,,,,False,,
5227,0xFFFFFF,False,,,,False,,
5228,0xFFFFFF,False,,,,False,,
5229,0xFFFFFF,False,,,,False,,
5230,0xFFFFFF,False,,,,False,,
5231,0xFFFFFF,False,,,,False,,
5232,0xFFFFFF,False,,,,False,,
5233,0xFFFFFF,False,,,,False,,
5234,0xFFFFFF,False,,,,False,,
5235,0xFFFFFF,False,,,,False,,
5236,0xFFFFFF,False,,,,False,,
5237,0xFFFFFF,False,,,,False,,
5238,0xFFFFFF,False,,,,False,,
5239,0xFFFFFF,False,,,,False,,
5240,0xFFFFFF,False,,,,False,,
5241,0xFFFFFF,False,,,,False,,
5242,0xFFFFFF,False,,,,False,,
5243,0xFFFFFF,False,,,,False,,
5244,0xFFFFFF,False,,,,False,,
5245,0xFFFFFF,False,,,,False,,
5246,0xFFFFFF,False,,,,False,,
5247,0xFFFFFF,False,,,,False,,
5248,0xFFFFFF,False,,,,False,,
5249,0xFFFFFF,False,,,,False,,
5250,0xFFFFFF,False,,,,False,,
5251,0xFFFFFF,False,,,,False,,
5252,0xFFFFFF,False,,,,False,,
5253,0xFFFFFF,False,,,,False,,
5254,0xFFFFFF,False,,,,False,,
5255,0xFFFFFF,False,,,,False,,
5256,0xFFFFFF,False,,,,False,,
5257,0xFFFFFF,False,,,,False,,
5258,0xFFFFFF,False,,,,False,,
5259,0xFFFFFF,False,,,,False,,
5260,0xFFFFFF,False,,,,False,,
5261,0xFFFFFF,False,,,,False,,
5262,0xFFFFFF,False,,,,False,,
5263,0xFFFFFF,False,,,,False,,
5264,0xFFFFFF,False,,,,False,,
5265,0xFFFFFF,False,,,,False,,
5266,0xFFFFFF,False,,,,False,,
5267,0xFFFFFF,False,,,,False,,
5268,0xFFFFFF,False,,,,False,,
5269,0xFFFFFF,False,,,,False,,
5270,0xFFFFFF,False,,,,False,,
5271,0xFFFFFF,False,,,,False,,
5272,0xFFFFFF,False,,,,False,,
5273,0xFFFFFF,False,,,,False,,
5274,0xFFFFFF,False,,,,False,,
5275,0xFFFFFF,False,,,,False,,
5276,0xFFFFFF,False,,,,False,,
5277,0xFFFFFF,False,,,,False,,
5278,0xFFFFFF,False,,,,False,,
5279,0xFFFFFF,False,,,,False,,
5280,0xFFFFFF,False,,,,False,,
5281,0xFFFFFF,False,,,,False,,
5282,0xFFFFFF,False,,,,False,,
5283,0xFFFFFF,False,,,,False,,
5284,0xFFFFFF,False,,,,False,,
5285,0xFFFFFF,False,,,,False,,
5286,0xFFFFFF,False,,,,False,,
5287,0xFFFFFF,False,,,,False,,
5288,0xFFFFFF,False,,,,False,,
5289,0xFFFFFF,False,,,,False,,
5290,0xFFFFFF,False,,,,False,,
5291,0xFFFFFF,False,,,,False,,
5292,0xFFFFFF,False,,,,False,,
5293,0xFFFFFF,False,,,,False,,
5294,0xFFFFFF,False,,,,False,,
5295,0xFFFFFF,False,,,,False,,
5296,0xFFFFFF,False,,,,False,,
5297,0xFFFFFF,False,,,,False,,
5298,0xFFFFFF,False,,,,False,,
5299,0xFFFFFF,False,,,,False,,
5300,0xFFFFFF,False,,,,False,,
5301,0xFFFFFF,False,,,,False,,
5302,0xFFFFFF,False,,,,False,,
5303,0xFFFFFF,False,,,,False,,
5304,0xFFFFFF,False,,,,False,,
5305,0xFFFFFF,False,,,,False,,
5306,0xFFFFFF,False,,,,False,,
5307,0xFFFFFF,False,,,,False,,
5308,0xFFFFFF,False,,,,False,,
5309,0xFFFFFF,False,,,,False,,
5310,0xFFFFFF,False,,,,False,,
5311,0xFFFFFF,False,,,,False,,
5312,0xFFFFFF,False,,,,False,,
5313,0xFFFFFF,False,,,,False,,
5314,0xFFFFFF,False,,,,False,,
5315,0xFFFFFF,False,,,,False,,
5316,0xFFFFFF,False,,,,False,,
5317,0xFFFFFF,False,,,,False,,
5318,0xFFFFFF,False,,,,False,,
5319,0xFFFFFF,False,,,,False,,
5320,0xFFFFFF,False,,,,False,,
5321,0xFFFFFF,False,,,,False,,
5322,0xFFFFFF,False,,,,False,,
5323,0xFFFFFF,False,,,,False,,
5324,0xFFFFFF,False,,,,False,,
5325,0xFFFFFF,False,,,,False,,
5326,0xFFFFFF,False,,,,False,,
5327,0xFFFFFF,False,,,,False,,
5328,0xFFFFFF,False,,,,False,,
5329,0xFFFFFF,False,,,,False,,
5330,0xFFFFFF,False,,,,False,,
5331,0xFFFFFF,False,,,,False,,
5332,0xFFFFFF,False,,,,False,,
5333,0xFFFFFF,False,,,,False,,
5334,0xFFFFFF,False,,,,False,,
5335,0xFFFFFF,False,,,,False,,
5336,0xFFFFFF,False,,,,False,,
5337,0xFFFFFF,False,,,,False,,
5338,0xFFFFFF,False,,,,False,,
5339,0xFFFFFF,False,,,,False,,
5340,0xFFFFFF,False,,,,False,,
5341,0xFFFFFF,False,,,,False,,
5342,0xFFFFFF,False,,,,False,,
5343,0xFFFFFF,False,,,,False,,
5344,0xFFFFFF,False,,,,False,,
5345,0xFFFFFF,False,,,,False,,
5346,0xFFFFFF,False,,,,False,,
5347,0xFFFFFF,False,,,,False,,
5348,0xFFFFFF,False,,,,False,,
5349,0xFFFFFF,False,,,,False,,
5350,0xFFFFFF,False,,,,False,,
5351,0xFFFFFF,False,,,,False,,
5352,0xFFFFFF,False,,,,False,,
5353,0xFFFFFF,False,,,,False,,
5354,0xFFFFFF,False,,,,False,,
5355,0xFFFFFF,False,,,,False,,
5356,0xFFFFFF,False,,,,False,,
5357,0xFFFFFF,False,,,,False,,
5358,0xFFFFFF,False,,,,False,,
5359,0xFFFFFF,False,,,,False,,
5360,0xFFFFFF,False,,,,False,,
5361,0xFFFFFF,False,,,,False,,
5362,0xFFFFFF,False,,,,False,,
5363,0xFFFFFF,False,,,,False,,
5364,0xFFFFFF,False,,,,False,,
5365,0xFFFFFF,False,,,,False,,
5366,0xFFFFFF,False,,,,False,,
5367,0xFFFFFF,False,,,,False,,
5368,0xFFFFFF,False,,,,False,,
5369,0xFFFFFF,False,,,,False,,
5370,0xFFFFFF,False,,,,False,,
5371,0xFFFFFF,False,,,,False,,
5372,0xFFFFFF,False,,,,False,,
5373,0xFFFFFF,False,,,,False,,
5374,0xFFFFFF,False,,,,False,,
5375,0xFFFFFF,False,,,,False,,
5376,0xFFFFFF,False,,,,False,,
5377,0xFFFFFF,False,,,,False,,
5378,0xFFFFFF,False,,,,False,,
5379,0xFFFFFF,False,,,,False,,
5380,0xFFFFFF,False,,,,False,,
5381,0xFFFFFF,False,,,,False,,
5382,0xFFFFFF,False,,,,False,,
5383,0xFFFFFF,False,,,,False,,
5384,0xFFFFFF,False,,,,False,,
5385,0xFFFFFF,False,,,,False,,
5386,0xFFFFFF,False,,,,False,,
5387,0xFFFFFF,False,,,,False,,
5388,0xFFFFFF,False,,,,False,,
5389,0xFFFFFF,False,,,,False,,
5390,0xFFFFFF,False,,,,False,,
5391,0xFFFFFF,False,,,,False,,
5392,0xFFFFFF,False,,,,False,,
5393,0xFFFFFF,False,,,,False,,
5394,0xFFFFFF,False,,,,False,,
5395,0xFFFFFF,False,,,,False,,
5396,0xFFFFFF,False,,,,False,,
5397,0xFFFFFF,False,,,,False,,
5398,0xFFFFFF,False,,,,False,,
5399,0xFFFFFF,False,,,,False,,
5400,0xFFFFFF,False,,,,False,,
5401,0xFFFFFF,False,,,,False,,
5402,0xFFFFFF,False,,,,False,,
5403,0xFFFFFF,False,,,,False,,
5404,0xFFFFFF,False,,,,False,,
5405,0xFFFFFF,False,,,,False,,
5406,0xFFFFFF,False,,,,False,,
5407,0xFFFFFF,False,,,,False,,
5408,0xFFFFFF,False,,,,False,,
5409,0xFFFFFF,False,,,,False,,
5410,0xFFFFFF,False,,,,False,,
5411,0xFFFFFF,False,,,,False,,
5412,0xFFFFFF,False,,,,False,,
5413,0xFFFFFF,False,,,,False,,
5414,0xFFFFFF,False,,,,False,,
5415,0xFFFFFF,False,,,,False,,
5416,0xFFFFFF,False,,,,False,,
5417,0xFFFFFF,False,,,,False,,
5418,0xFFFFFF,False,,,,False,,
5419,0xFFFFFF,False,,,,False,,
5420,0xFFFFFF,False,,,,False,,
5421,0xFFFFFF,False,,,,False,,
5422,0xFFFFFF,False,,,,False,,
5423,0xFFFFFF,False,,,,False,,
5424,0xFFFFFF,False,,,,False,,
5425,0xFFFFFF,False,,,,False,,
5426,0xFFFFFF,False,,,,False,,
5427,0xFFFFFF,False,,,,False,,
5428,0xFFFFFF,False,,,,False,,
5429,0xFFFFFF,False,,,,False,,
5430,0xFFFFFF,False,,,,False,,
5431,0xFFFFFF,False,,,,False,,
5432,0xFFFFFF,False,,,,False,,
5433,0xFFFFFF,False,,,,False,,
5434,0xFFFFFF,False,,,,False,,
5435,0xFFFFFF,False,,,,False,,
5436,0xFFFFFF,False,,,,False,,
5437,0xFFFFFF,False,,,,False,,
5438,0xFFFFFF,False,,,,False,,
5439,0xFFFFFF,False,,,,False,,
5440,0xFFFFFF,False,,,,False,,
5441,0xFFFFFF,False,,,,False,,
5442,0xFFFFFF,False,,,,False,,
5443,0xFFFFFF,False,,,,False,,
5444,0xFFFFFF,False,,,,False,,
5445,0xFFFFFF,False,,,,False,,
5446,0xFFFFFF,False,,,,False,,
5447,0xFFFFFF,False,,,,False,,
5448,0xFFFFFF,False,,,,False,,
5449,0xFFFFFF,False,,,,False,,
5450,0xFFFFFF,False,,,,False,,
5451,0xFFFFFF,False,,,,False,,
5452,0xFFFFFF,False,,,,False,,
5453,0xFFFFFF,False,,,,False,,
5454,0xFFFFFF,False,,,,False,,
5455,0xFFFFFF,False,,,,False,,
5456,0xFFFFFF,False,,,,False,,
5457,0xFFFFFF,False,,,,False,,
5458,0xFFFFFF,False,,,,False,,
5459,0xFFFFFF,False,,,,False,,
5460,0xFFFFFF,False,,,,False,,
5461,0xFFFFFF,False,,,,False,,
5462,0xFFFFFF,False,,,,False,,
5463,0xFFFFFF,False,,,,False,,
5464,0xFFFFFF,False,,,,False,,
5465,0xFFFFFF,False,,,,False,,
5466,0xFFFFFF,False,,,,False,,
5467,0xFFFFFF,False,,,,False,,
5468,0xFFFFFF,False,,,,False,,
5469,0xFFFFFF,False,,,,False,,
5470,0xFFFFFF,False,,,,False,,
5471,0xFFFFFF,False,,,,False,,
5472,0xFFFFFF,False,,,,False,,
5473,0xFFFFFF,False,,,,False,,
5474,0xFFFFFF,False,,,,False,,
5475,0xFFFFFF,False,,,,False,,
5476,0xFFFFFF,False,,,,False,,
5477,0xFFFFFF,False,,,,False,,
5478,0xFFFFFF,False,,,,False,,
5479,0xFFFFFF,False,,,,False,,
5480,0xFFFFFF,False,,,,False,,
5481,0xFFFFFF,False,,,,False,,
5482,0xFFFFFF,False,,,,False,,
5483,0xFFFFFF,False,,,,False,,
5484,0xFFFFFF,False,,,,False,,
5485,0xFFFFFF,False,,,,False,,
5486,0xFFFFFF,False,,,,False,,
5487,0xFFFFFF,False,,,,False,,
5488,0xFFFFFF,False,,,,False,,
5489,0xFFFFFF,False,,,,False,,
5490,0xFFFFFF,False,,,,False,,
5491,0xFFFFFF,False,,,,False,,
5492,0xFFFFFF,False,,,,False,,
5493,0xFFFFFF,False,,,,False,,
5494,0xFFFFFF,False,,,,False,,
5495,0xFFFFFF,False,,,,False,,
5496,0xFFFFFF,False,,,,False,,
5497,0xFFFFFF,False,,,,False,,
5498,0xFFFFFF,False,,,,False,,
5499,0xFFFFFF,False,,,,False,,
5500,0xFFFFFF,False,,,,False,,
5501,0xFFFFFF,False,,,,False,,
5502,0xFFFFFF,False,,,,False,,
5503,0xFFFFFF,False,,,,False,,
5504,0xFFFFFF,False,,,,False,,
5505,0xFFFFFF,False,,,,False,,
5506,0xFFFFFF,False,,,,False,,
5507,0xFFFFFF,False,,,,False,,
5508,0xFFFFFF,False,,,,False,,
5509,0xFFFFFF,False,,,,False,,
5510,0xFFFFFF,False,,,,False,,
5511,0xFFFFFF,False,,,,False,,
5512,0xFFFFFF,False,,,,False,,
5513,0xFFFFFF,False,,,,False,,
5514,0xFFFFFF,False,,,,False,,
5515,0xFFFFFF,False,,,,False,,
5516,0xFFFFFF,False,,,,False,,
5517,0xFFFFFF,False,,,,False,,
5518,0xFFFFFF,False,,,,False,,
5519,0xFFFFFF,False,,,,False,,
5520,0xFFFFFF,False,,,,False,,
5521,0xFFFFFF,False,,,,False,,
5522,0xFFFFFF,False,,,,False,,
5523,0xFFFFFF,False,,,,False,,
5524,0xFFFFFF,False,,,,False,,
5525,0xFFFFFF,False,,,,False,,
5526,0xFFFFFF,False,,,,False,,
5527,0xFFFFFF,False,,,,False,,
5528,0xFFFFFF,False,,,,False,,
5529,0xFFFFFF,False,,,,False,,
5530,0xFFFFFF,False,,,,False,,
5531,0xFFFFFF,False,,,,False,,
5532,0xFFFFFF,False,,,,False,,
5533,0xFFFFFF,False,,,,False,,
5534,0xFFFFFF,False,,,,False,,
5535,0xFFFFFF,False,,,,False,,
5536,0xFFFFFF,False,,,,False,,
5537,0xFFFFFF,False,,,,False,,
5538,0xFFFFFF,False,,,,False,,
5539,0xFFFFFF,False,,,,False,,
5540,0xFFFFFF,False,,,,False,,
5541,0xFFFFFF,False,,,,False,,
5542,0xFFFFFF,False,,,,False,,
5543,0xFFFFFF,False,,,,False,,
5544,0xFFFFFF,False,,,,False,,
5545,0xFFFFFF,False,,,,False,,
5546,0xFFFFFF,False,,,,False,,
5547,0xFFFFFF,False,,,,False,,
5548,0xFFFFFF,False,,,,False,,
5549,0xFFFFFF,False,,,,False,,
5550,0xFFFFFF,False,,,,False,,
5551,0xFFFFFF,False,,,,False,,
5552,0xFFFFFF,False,,,,False,,
5553,0xFFFFFF,False,,,,False,,
5554,0xFFFFFF,False,,,,False,,
5555,0xFFFFFF,False,,,,False,,
5556,0xFFFFFF,False,,,,False,,
5557,0xFFFFFF,False,,,,False,,
5558,0xFFFFFF,False,,,,False,,
5559,0xFFFFFF,False,,,,False,,
5560,0xFFFFFF,False,,,,False,,
5561,0xFFFFFF,False,,,,False,,
5562,0xFFFFFF,False,,,,False,,
5563,0xFFFFFF,False,,,,False,,
5564,0xFFFFFF,False,,,,False,,
5565,0xFFFFFF,False,,,,False,,
5566,0xFFFFFF,False,,,,False,,
5567,0xFFFFFF,False,,,,False,,
5568,0xFFFFFF,False,,,,False,,
5569,0xFFFFFF,False,,,,False,,
5570,0xFFFFFF,False,,,,False,,
5571,0xFFFFFF,False,,,,False,,
5572,0xFFFFFF,False,,,,False,,
5573,0xFFFFFF,False,,,,False,,
5574,0xFFFFFF,False,,,,False,,
5575,0xFFFFFF,False,,,,False,,
5576,0xFFFFFF,False,,,,False,,
5577,0xFFFFFF,False,,,,False,,
5578,0xFFFFFF,False,,,,False,,
5579,0xFFFFFF,False,,,,False,,
5580,0xFFFFFF,False,,,,False,,
5581,0xFFFFFF,False,,,,False,,
5582,0xFFFFFF,False,,,,False,,
5583,0xFFFFFF,False,,,,False,,
5584,0xFFFFFF,False,,,,False,,
5585,0xFFFFFF,False,,,,False,,
5586,0xFFFFFF,False,,,,False,,
5587,0xFFFFFF,False,,,,False,,
5588,0xFFFFFF,False,,,,False,,
5589,0xFFFFFF,False,,,,False,,
5590,0xFFFFFF,False,,,,False,,
5591,0xFFFFFF,False,,,,False,,
5592,0xFFFFFF,False,,,,False,,
5593,0xFFFFFF,False,,,,False,,
5594,0xFFFFFF,False,,,,False,,
5595,0xFFFFFF,False,,,,False,,
5596,0xFFFFFF,False,,,,False,,
5597,0xFFFFFF,False,,,,False,,
5598,0xFFFFFF,False,,,,False,,
5599,0xFFFFFF,False,,,,False,,
5600,0xFFFFFF,False,,,,False,,
5601,0xFFFFFF,False,,,,False,,
5602,0xFFFFFF,False,,,,False,,
5603,0xFFFFFF,False,,,,False,,
5604,0xFFFFFF,False,,,,False,,
5605,0xFFFFFF,False,,,,False,,
5606,0xFFFFFF,False,,,,False,,
5607,0xFFFFFF,False,,,,False,,
5608,0xFFFFFF,False,,,,False,,
5609,0xFFFFFF,False,,,,False,,
5610,0xFFFFFF,False,,,,False,,
5611,0xFFFFFF,False,,,,False,,
5612,0xFFFFFF,False,,,,False,,
5613,0xFFFFFF,False,,,,False,,
5614,0xFFFFFF,False,,,,False,,
5615,0xFFFFFF,False,,,,False,,
5616,0xFFFFFF,False,,,,False,,
5617,0xFFFFFF,False,,,,False,,
5618,0xFFFFFF,False,,,,False,,
5619,0xFFFFFF,False,,,,False,,
5620,0xFFFFFF,False,,,,False,,
5621,0xFFFFFF,False,,,,False,,
5622,0xFFFFFF,False,,,,False,,
5623,0xFFFFFF,False,,,,False,,
5624,0xFFFFFF,False,,,,False,,
5625,0xFFFFFF,False,,,,False,,
5626,0xFFFFFF,False,,,,False,,
5627,0xFFFFFF,False,,,,False,,
5628,0xFFFFFF,False,,,,False,,
5629,0xFFFFFF,False,,,,False,,
5630,0xFFFFFF,False,,,,False,,
5631,0xFFFFFF,False,,,,False,,
5632,0xFFFFFF,False,,,,False,,
5633,0xFFFFFF,False,,,,False,,
5634,0xFFFFFF,False,,,,False,,
5635,0xFFFFFF,False,,,,False,,
5636,0xFFFFFF,False,,,,False,,
5637,0xFFFFFF,False,,,,False,,
5638,0xFFFFFF,False,,,,False,,
5639,0xFFFFFF,False,,,,False,,
5640,0xFFFFFF,False,,,,False,,
5641,0xFFFFFF,False,,,,False,,
5642,0xFFFFFF,False,,,,False,,
5643,0xFFFFFF,False,,,,False,,
5644,0xFFFFFF,False,,,,False,,
5645,0xFFFFFF,False,,,,False,,
5646,0xFFFFFF,False,,,,False,,
5647,0xFFFFFF,False,,,,False,,
5648,0xFFFFFF,False,,,,False,,
5649,0xFFFFFF,False,,,,False,,
5650,0xFFFFFF,False,,,,False,,
5651,0xFFFFFF,False,,,,False,,
5652,0xFFFFFF,False,,,,False,,
5653,0xFFFFFF,False,,,,False,,
5654,0xFFFFFF,False,,,,False,,
5655,0xFFFFFF,False,,,,False,,
5656,0xFFFFFF,False,,,,False,,
5657,0xFFFFFF,False,,,,False,,
5658,0xFFFFFF,False,,,,False,,
5659,0xFFFFFF,False,,,,False,,
5660,0xFFFFFF,False,,,,False,,
5661,0xFFFFFF,False,,,,False,,
5662,0xFFFFFF,False,,,,False,,
5663,0xFFFFFF,False,,,,False,,
5664,0xFFFFFF,False,,,,False,,
5665,0xFFFFFF,False,,,,False,,
5666,0xFFFFFF,False,,,,False,,
5667,0xFFFFFF,False,,,,False,,
5668,0xFFFFFF,False,,,,False,,
5669,0xFFFFFF,False,,,,False,,
5670,0xFFFFFF,False,,,,False,,
5671,0xFFFFFF,False,,,,False,,
5672,0xFFFFFF,False,,,,False,,
5673,0xFFFFFF,False,,,,False,,
5674,0xFFFFFF,False,,,,False,,
5675,0xFFFFFF,False,,,,False,,
5676,0xFFFFFF,False,,,,False,,
5677,0xFFFFFF,False,,,,False,,
5678,0xFFFFFF,False,,,,False,,
5679,0xFFFFFF,False,,,,False,,
5680,0xFFFFFF,False,,,,False,,
5681,0xFFFFFF,False,,,,False,,
5682,0xFFFFFF,False,,,,False,,
5683,0xFFFFFF,False,,,,False,,
5684,0xFFFFFF,False,,,,False,,
5685,0xFFFFFF,False,,,,False,,
5686,0xFFFFFF,False,,,,False,,
5687,0xFFFFFF,False,,,,False,,
5688,0xFFFFFF,False,,,,False,,
5689,0xFFFFFF,False,,,,False,,
5690,0xFFFFFF,False,,,,False,,
5691,0xFFFFFF,False,,,,False,,
5692,0xFFFFFF,False,,,,False,,
5693,0xFFFFFF,False,,,,False,,
5694,0xFFFFFF,False,,,,False,,
5695,0xFFFFFF,False,,,,False,,
5696,0xFFFFFF,False,,,,False,,
5697,0xFFFFFF,False,,,,False,,
5698,0xFFFFFF,False,,,,False,,
5699,0xFFFFFF,False,,,,False,,
5700,0xFFFFFF,False,,,,False,,
5701,0xFFFFFF,False,,,,False,,
5702,0xFFFFFF,False,,,,False,,
5703,0xFFFFFF,False,,,,False,,
5704,0xFFFFFF,False,,,,False,,
5705,0xFFFFFF,False,,,,False,,
5706,0xFFFFFF,False,,,,False,,
5707,0xFFFFFF,False,,,,False,,
5708,0xFFFFFF,False,,,,False,,
5709,0xFFFFFF,False,,,,False,,
5710,0xFFFFFF,False,,,,False,,
5711,0xFFFFFF,False,,,,False,,
5712,0xFFFFFF,False,,,,False,,
5713,0xFFFFFF,False,,,,False,,
5714,0xFFFFFF,False,,,,False,,
5715,0xFFFFFF,False,,,,False,,
5716,0xFFFFFF,False,,,,False,,
5717,0xFFFFFF,False,,,,False,,
5718,0xFFFFFF,False,,,,False,,
5719,0xFFFFFF,False,,,,False,,
5720,0xFFFFFF,False,,,,False,,
5721,0xFFFFFF,False,,,,False,,
5722,0xFFFFFF,False,,,,False,,
5723,0xFFFFFF,False,,,,False,,
5724,0xFFFFFF,False,,,,False,,
5725,0xFFFFFF,False,,,,False,,
5726,0xFFFFFF,False,,,,False,,
5727,0xFFFFFF,False,,,,False,,
5728,0xFFFFFF,False,,,,False,,
5729,0xFFFFFF,False,,,,False,,
5730,0xFFFFFF,False,,,,False,,
5731,0xFFFFFF,False,,,,False,,
5732,0xFFFFFF,False,,,,False,,
5733,0xFFFFFF,False,,,,False,,
5734,0xFFFFFF,False,,,,False,,
5735,0xFFFFFF,False,,,,False,,
5736,0xFFFFFF,False,,,,False,,
5737,0xFFFFFF,False,,,,False,,
5738,0xFFFFFF,False,,,,False,,
5739,0xFFFFFF,False,,,,False,,
5740,0xFFFFFF,False,,,,False,,
5741,0xFFFFFF,False,,,,False,,
5742,0xFFFFFF,False,,,,False,,
5743,0xFFFFFF,False,,,,False,,
5744,0xFFFFFF,False,,,,False,,
5745,0xFFFFFF,False,,,,False,,
5746,0xFFFFFF,False,,,,False,,
5747,0xFFFFFF,False,,,,False,,
5748,0xFFFFFF,False,,,,False,,
5749,0xFFFFFF,False,,,,False,,
5750,0xFFFFFF,False,,,,False,,
5751,0xFFFFFF,False,,,,False,,
5752,0xFFFFFF,False,,,,False,,
5753,0xFFFFFF,False,,,,False,,
5754,0xFFFFFF,False,,,,False,,
5755,0xFFFFFF,False,,,,False,,
5756,0xFFFFFF,False,,,,False,,
5757,0xFFFFFF,False,,,,False,,
5758,0xFFFFFF,False,,,,False,,
5759,0xFFFFFF,False,,,,False,,
5760,0xFFFFFF,False,,,,False,,
5761,0xFFFFFF,False,,,,False,,
5762,0xFFFFFF,False,,,,False,,
5763,0xFFFFFF,False,,,,False,,
5764,0xFFFFFF,False,,,,False,,
5765,0xFFFFFF,False,,,,False,,
5766,0xFFFFFF,False,,,,False,,
5767,0xFFFFFF,False,,,,False,,
5768,0xFFFFFF,False,,,,False,,
5769,0xFFFFFF,False,,,,False,,
5770,0xFFFFFF,False,,,,False,,
5771,0xFFFFFF,False,,,,False,,
5772,0xFFFFFF,False,,,,False,,
5773,0xFFFFFF,False,,,,False,,
5774,0xFFFFFF,False,,,,False,,
5775,0xFFFFFF,False,,,,False,,
5776,0xFFFFFF,False,,,,False,,
5777,0xFFFFFF,False,,,,False,,
5778,0xFFFFFF,False,,,,False,,
5779,0xFFFFFF,False,,,,False,,
5780,0xFFFFFF,False,,,,False,,
5781,0xFFFFFF,False,,,,False,,
5782,0xFFFFFF,False,,,,False,,
5783,0xFFFFFF,False,,,,False,,
5784,0xFFFFFF,False,,,,False,,
5785,0xFFFFFF,False,,,,False,,
5786,0xFFFFFF,False,,,,False,,
5787,0xFFFFFF,False,,,,False,,
5788,0xFFFFFF,False,,,,False,,
5789,0xFFFFFF,False,,,,False,,
5790,0xFFFFFF,False,,,,False,,
5791,0xFFFFFF,False,,,,False,,
5792,0xFFFFFF,False,,,,False,,
5793,0xFFFFFF,False,,,,False,,
5794,0xFFFFFF,False,,,,False,,
5795,0xFFFFFF,False,,,,False,,
5796,0xFFFFFF,False,,,,False,,
5797,0xFFFFFF,False,,,,False,,
5798,0xFFFFFF,False,,,,False,,
5799,0xFFFFFF,False,,,,False,,
5800,0xFFFFFF,False,,,,False,,
5801,0xFFFFFF,False,,,,False,,
5802,0xFFFFFF,False,,,,False,,
5803,0xFFFFFF,False,,,,False,,
5804,0xFFFFFF,False,,,,False,,
5805,0xFFFFFF,False,,,,False,,
5806,0xFFFFFF,False,,,,False,,
5807,0xFFFFFF,False,,,,False,,
5808,0xFFFFFF,False,,,,False,,
5809,0xFFFFFF,False,,,,False,,
5810,0xFFFFFF,False,,,,False,,
5811,0xFFFFFF,False,,,,False,,
5812,0xFFFFFF,False,,,,False,,
5813,0xFFFFFF,False,,,,False,,
5814,0xFFFFFF,False,,,,False,,
5815,0xFFFFFF,False,,,,False,,
5816,0xFFFFFF,False,,,,False,,
5817,0xFFFFFF,False,,,,False,,
5818,0xFFFFFF,False,,,,False,,
5819,0xFFFFFF,False,,,,False,,
5820,0xFFFFFF,False,,,,False,,
5821,0xFFFFFF,False,,,,False,,
5822,0xFFFFFF,False,,,,False,,
5823,0xFFFFFF,False,,,,False,,
5824,0xFFFFFF,False,,,,False,,
5825,0xFFFFFF,False,,,,False,,
5826,0xFFFFFF,False,,,,False,,
5827,0xFFFFFF,False,,,,False,,
5828,0xFFFFFF,False,,,,False,,
5829,0xFFFFFF,False,,,,False,,
5830,0xFFFFFF,False,,,,False,,
5831,0xFFFFFF,False,,,,False,,
5832,0xFFFFFF,False,,,,False,,
5833,0xFFFFFF,False,,,,False,,
5834,0xFFFFFF,False,,,,False,,
5835,0xFFFFFF,False,,,,False,,
5836,0xFFFFFF,False,,,,False,,
5837,0xFFFFFF,False,,,,False,,
5838,0xFFFFFF,False,,,,False,,
5839,0xFFFFFF,False,,,,False,,
5840,0xFFFFFF,False,,,,False,,
5841,0xFFFFFF,False,,,,False,,
5842,0xFFFFFF,False,,,,False,,
5843,0xFFFFFF,False,,,,False,,
5844,0xFFFFFF,False,,,,False,,
5845,0xFFFFFF,False,,,,False,,
5846,0xFFFFFF,False,,,,False,,
5847,0xFFFFFF,False,,,,False,,
5848,0xFFFFFF,False,,,,False,,
5849,0xFFFFFF,False,,,,False,,
5850,0xFFFFFF,False,,,,False,,
5851,0xFFFFFF,False,,,,False,,
5852,0xFFFFFF,False,,,,False,,
5853,0xFFFFFF,False,,,,False,,
5854,0xFFFFFF,False,,,,False,,
5855,0xFFFFFF,False,,,,False,,
5856,0xFFFFFF,False,,,,False,,
5857,0xFFFFFF,False,,,,False,,
5858,0xFFFFFF,False,,,,False,,
5859,0xFFFFFF,False,,,,False,,
5860,0xFFFFFF,False,,,,False,,
5861,0xFFFFFF,False,,,,False,,
5862,0xFFFFFF,False,,,,False,,
5863,0xFFFFFF,False,,,,False,,
5864,0xFFFFFF,False,,,,False,,
5865,0xFFFFFF,False,,,,False,,
5866,0xFFFFFF,False,,,,False,,
5867,0xFFFFFF,False,,,,False,,
5868,0xFFFFFF,False,,,,False,,
5869,0xFFFFFF,False,,,,False,,
5870,0xFFFFFF,False,,,,False,,
5871,0xFFFFFF,False,,,,False,,
5872,0xFFFFFF,False,,,,False,,
5873,0xFFFFFF,False,,,,False,,
5874,0xFFFFFF,False,,,,False,,
5875,0xFFFFFF,False,,,,False,,
5876,0xFFFFFF,False,,,,False,,
5877,0xFFFFFF,False,,,,False,,
5878,0xFFFFFF,False,,,,False,,
5879,0xFFFFFF,False,,,,False,,
5880,0xFFFFFF,False,,,,False,,
5881,0xFFFFFF,False,,,,False,,
5882,0xFFFFFF,False,,,,False,,
5883,0xFFFFFF,False,,,,False,,
5884,0xFFFFFF,False,,,,False,,
5885,0xFFFFFF,False,,,,False,,
5886,0xFFFFFF,False,,,,False,,
5887,0xFFFFFF,False,,,,False,,
5888,0xFFFFFF,False,,,,False,,
5889,0xFFFFFF,False,,,,False,,
5890,0xFFFFFF,False,,,,False,,
5891,0xFFFFFF,False,,,,False,,
5892,0xFFFFFF,False,,,,False,,
5893,0xFFFFFF,False,,,,False,,
5894,0xFFFFFF,False,,,,False,,
5895,0xFFFFFF,False,,,,False,,
5896,0xFFFFFF,False,,,,False,,
5897,0xFFFFFF,False,,,,False,,
5898,0xFFFFFF,False,,,,False,,
5899,0xFFFFFF,False,,,,False,,
5900,0xFFFFFF,False,,,,False,,
5901,0xFFFFFF,False,,,,False,,
5902,0xFFFFFF,False,,,,False,,
5903,0xFFFFFF,False,,,,False,,
5904,0xFFFFFF,False,,,,False,,
5905,0xFFFFFF,False,,,,False,,
5906,0xFFFFFF,False,,,,False,,
5907,0xFFFFFF,False,,,,False,,
5908,0xFFFFFF,False,,,,False,,
5909,0xFFFFFF,False,,,,False,,
5910,0xFFFFFF,False,,,,False,,
5911,0xFFFFFF,False,,,,False,,
5912,0xFFFFFF,False,,,,False,,
5913,0xFFFFFF,False,,,,False,,
5914,0xFFFFFF,False,,,,False,,
5915,0xFFFFFF,False,,,,False,,
5916,0xFFFFFF,False,,,,False,,
5917,0xFFFFFF,False,,,,False,,
5918,0xFFFFFF,False,,,,False,,
5919,0xFFFFFF,False,,,,False,,
5920,0xFFFFFF,False,,,,False,,
5921,0xFFFFFF,False,,,,False,,
5922,0xFFFFFF,False,,,,False,,
5923,0xFFFFFF,False,,,,False,,
5924,0xFFFFFF,False,,,,False,,
5925,0xFFFFFF,False,,,,False,,
5926,0xFFFFFF,False,,,,False,,
5927,0xFFFFFF,False,,,,False,,
5928,0xFFFFFF,False,,,,False,,
5929,0xFFFFFF,False,,,,False,,
5930,0xFFFFFF,False,,,,False,,
5931,0xFFFFFF,False,,,,False,,
5932,0xFFFFFF,False,,,,False,,
5933,0xFFFFFF,False,,,,False,,
5934,0xFFFFFF,False,,,,False,,
5935,0xFFFFFF,False,,,,False,,
5936,0xFFFFFF,False,,,,False,,
5937,0xFFFFFF,False,,,,False,,
5938,0xFFFFFF,False,,,,False,,
5939,0xFFFFFF,False,,,,False,,
5940,0xFFFFFF,False,,,,False,,
5941,0xFFFFFF,False,,,,False,,
5942,0xFFFFFF,False,,,,False,,
5943,0xFFFFFF,False,,,,False,,
5944,0xFFFFFF,False,,,,False,,
5945,0xFFFFFF,False,,,,False,,
5946,0xFFFFFF,False,,,,False,,
5947,0xFFFFFF,False,,,,False,,
5948,0xFFFFFF,False,,,,False,,
5949,0xFFFFFF,False,,,,False,,
5950,0xFFFFFF,False,,,,False,,
5951,0xFFFFFF,False,,,,False,,
5952,0xFFFFFF,False,,,,False,,
5953,0xFFFFFF,False,,,,False,,
5954,0xFFFFFF,False,,,,False,,
5955,0xFFFFFF,False,,,,False,,
5956,0xFFFFFF,False,,,,False,,
5957,0xFFFFFF,False,,,,False,,
5958,0xFFFFFF,False,,,,False,,
5959,0xFFFFFF,False,,,,False,,
5960,0xFFFFFF,False,,,,False,,
5961,0xFFFFFF,False,,,,False,,
5962,0xFFFFFF,False,,,,False,,
5963,0xFFFFFF,False,,,,False,,
5964,0xFFFFFF,False,,,,False,,
5965,0xFFFFFF,False,,,,False,,
5966,0xFFFFFF,False,,,,False,,
5967,0xFFFFFF,False,,,,False,,
5968,0xFFFFFF,False,,,,False,,
5969,0xFFFFFF,False,,,,False,,
5970,0xFFFFFF,False,,,,False,,
5971,0xFFFFFF,False,,,,False,,
5972,0xFFFFFF,False,,,,False,,
5973,0xFFFFFF,False,,,,False,,
5974,0xFFFFFF,False,,,,False,,
5975,0xFFFFFF,False,,,,False,,
5976,0xFFFFFF,False,,,,False,,
5977,0xFFFFFF,False,,,,False,,
5978,0xFFFFFF,False,,,,False,,
5979,0xFFFFFF,False,,,,False,,
5980,0xFFFFFF,False,,,,False,,
5981,0xFFFFFF,False,,,,False,,
5982,0xFFFFFF,False,,,,False,,
5983,0xFFFFFF,False,,,,False,,
5984,0xFFFFFF,False,,,,False,,
5985,0xFFFFFF,False,,,,False,,
5986,0xFFFFFF,False,,,,False,,
5987,0xFFFFFF,False,,,,False,,
5988,0xFFFFFF,False,,,,False,,
5989,0xFFFFFF,False,,,,False,,
5990,0xFFFFFF,False,,,,False,,
5991,0xFFFFFF,False,,,,False,,
5992,0xFFFFFF,False,,,,False,,
5993,0xFFFFFF,False,,,,False,,
5994,0xFFFFFF,False,,,,False,,
5995,0xFFFFFF,False,,,,False,,
5996,0xFFFFFF,False,,,,False,,
5997,0xFFFFFF,False,,,,False,,
5998,0xFFFFFF,False,,,,False,,
5999,0xFFFFFF,False,,,,False,,
6000,0xFFFFFF,False,,,,False,,
6001,0xFFFFFF,False,,,,False,,
6002,0xFFFFFF,False,,,,False,,
6003,0xFFFFFF,False,,,,False,,
6004,0xFFFFFF,False,,,,False,,
6005,0xFFFFFF,False,,,,False,,
6006,0xFFFFFF,False,,,,False,,
6007,0xFFFFFF,False,,,,False,,
6008,0xFFFFFF,False,,,,False,,
6009,0xFFFFFF,False,,,,False,,
6010,0xFFFFFF,False,,,,False,,
6011,0xFFFFFF,False,,,,False,,
6012,0xFFFFFF,False,,,,False,,
6013,0xFFFFFF,False,,,,False,,
6014,0xFFFFFF,False,,,,False,,
6015,0xFFFFFF,False,,,,False,,
6016,0xFFFFFF,False,,,,False,,
6017,0xFFFFFF,False,,,,False,,
6018,0xFFFFFF,False,,,,False,,
6019,0xFFFFFF,False,,,,False,,
6020,0xFFFFFF,False,,,,False,,
6021,0xFFFFFF,False,,,,False,,
6022,0xFFFFFF,False,,,,False,,
6023,0xFFFFFF,False,,,,False,,
6024,0xFFFFFF,False,,,,False,,
6025,0xFFFFFF,False,,,,False,,
6026,0xFFFFFF,False,,,,False,,
6027,0xFFFFFF,False,,,,False,,
6028,0xFFFFFF,False,,,,False,,
6029,0xFFFFFF,False,,,,False,,
6030,0xFFFFFF,False,,,,False,,
6031,0xFFFFFF,False,,,,False,,
6032,0xFFFFFF,False,,,,False,,
6033,0xFFFFFF,False,,,,False,,
6034,0xFFFFFF,False,,,,False,,
6035,0xFFFFFF,False,,,,False,,
6036,0xFFFFFF,False,,,,False,,
6037,0xFFFFFF,False,,,,False,,
6038,0xFFFFFF,False,,,,False,,
6039,0xFFFFFF,False,,,,False,,
6040,0xFFFFFF,False,,,,False,,
6041,0xFFFFFF,False,,,,False,,
6042,0xFFFFFF,False,,,,False,,
6043,0xFFFFFF,False,,,,False,,
6044,0xFFFFFF,False,,,,False,,
6045,0xFFFFFF,False,,,,False,,
6046,0xFFFFFF,False,,,,False,,
6047,0xFFFFFF,False,,,,False,,
6048,0xFFFFFF,False,,,,False,,
6049,0xFFFFFF,False,,,,False,,
6050,0xFFFFFF,False,,,,False,,
6051,0xFFFFFF,False,,,,False,,
6052,0xFFFFFF,False,,,,False,,
6053,0xFFFFFF,False,,,,False,,
6054,0xFFFFFF,False,,,,False,,
6055,0xFFFFFF,False,,,,False,,
6056,0xFFFFFF,False,,,,False,,
6057,0xFFFFFF,False,,,,False,,
6058,0xFFFFFF,False,,,,False,,
6059,0xFFFFFF,False,,,,False,,
6060,0xFFFFFF,False,,,,False,,
6061,0xFFFFFF,False,,,,False,,
6062,0xFFFFFF,False,,,,False,,
6063,0xFFFFFF,False,,,,False,,
6064,0xFFFFFF,False,,,,False,,
6065,0xFFFFFF,False,,,,False,,
6066,0xFFFFFF,False,,,,False,,
6067,0xFFFFFF,False,,,,False,,
6068,0xFFFFFF,False,,,,False,,
6069,0xFFFFFF,False,,,,False,,
6070,0xFFFFFF,False,,,,False,,
6071,0xFFFFFF,False,,,,False,,
6072,0xFFFFFF,False,,,,False,,
6073,0xFFFFFF,False,,,,False,,
6074,0xFFFFFF,False,,,,False,,
6075,0xFFFFFF,False,,,,False,,
6076,0xFFFFFF,False,,,,False,,
6077,0xFFFFFF,False,,,,False,,
6078,0xFFFFFF,False,,,,False,,
6079,0xFFFFFF,False,,,,False,,
6080,0xFFFFFF,False,,,,False,,
6081,0xFFFFFF,False,,,,False,,
6082,0xFFFFFF,False,,,,False,,
6083,0xFFFFFF,False,,,,False,,
6084,0xFFFFFF,False,,,,False,,
6085,0xFFFFFF,False,,,,False,,
6086,0xFFFFFF,False,,,,False,,
6087,0xFFFFFF,False,,,,False,,
6088,0xFFFFFF,False,,,,False,,
6089,0xFFFFFF,False,,,,False,,
6090,0xFFFFFF,False,,,,False,,
6091,0xFFFFFF,False,,,,False,,
6092,0xFFFFFF,False,,,,False,,
6093,0xFFFFFF,False,,,,False,,
6094,0xFFFFFF,False,,,,False,,
6095,0xFFFFFF,False,,,,False,,
6096,0xFFFFFF,False,,,,False,,
6097,0xFFFFFF,False,,,,False,,
6098,0xFFFFFF,False,,,,False,,
6099,0xFFFFFF,False,,,,False,,
6100,0xFFFFFF,False,,,,False,,
6101,0xFFFFFF,False,,,,False,,
6102,0xFFFFFF,False,,,,False,,
6103,0xFFFFFF,False,,,,False,,
6104,0xFFFFFF,False,,,,False,,
6105,0xFFFFFF,False,,,,False,,
6106,0xFFFFFF,False,,,,False,,
6107,0xFFFFFF,False,,,,False,,
6108,0xFFFFFF,False,,,,False,,
6109,0xFFFFFF,False,,,,False,,
6110,0xFFFFFF,False,,,,False,,
6111,0xFFFFFF,False,,,,False,,
6112,0xFFFFFF,False,,,,False,,
6113,0xFFFFFF,False,,,,False,,
6114,0xFFFFFF,False,,,,False,,
6115,0xFFFFFF,False,,,,False,,
6116,0xFFFFFF,False,,,,False,,
6117,0xFFFFFF,False,,,,False,,
6118,0xFFFFFF,False,,,,False,,
6119,0xFFFFFF,False,,,,False,,
6120,0xFFFFFF,False,,,,False,,
6121,0xFFFFFF,False,,,,False,,
6122,0xFFFFFF,False,,,,False,,
6123,0xFFFFFF,False,,,,False,,
6124,0xFFFFFF,False,,,,False,,
6125,0xFFFFFF,False,,,,False,,
6126,0xFFFFFF,False,,,,False,,
6127,0xFFFFFF,False,,,,False,,
6128,0xFFFFFF,False,,,,False,,
6129,0xFFFFFF,False,,,,False,,
6130,0xFFFFFF,False,,,,False,,
6131,0xFFFFFF,False,,,,False,,
6132,0xFFFFFF,False,,,,False,,
6133,0xFFFFFF,False,,,,False,,
6134,0xFFFFFF,False,,,,False,,
6135,0xFFFFFF,False,,,,False,,
6136,0xFFFFFF,False,,,,False,,
6137,0xFFFFFF,False,,,,False,,
6138,0xFFFFFF,False,,,,False,,
6139,0xFFFFFF,False,,,,False,,
6140,0xFFFFFF,False,,,,False,,
6141,0xFFFFFF,False,,,,False,,
6142,0xFFFFFF,False,,,,False,,
6143,0xFFFFFF,False,,,,False,,
6144,0x015FCE,True,1,1,01010000,True,1F9,
6145,0x015FEC,True,1,2,01020000,False,,
6146,0x01600A,True,1,3,01030000,False,,
6147,0x016028,True,1,4,01040000,False,,
6148,0x016046,True,1,1,01010000,True,1FA,
6149,0x016064,True,1,2,01020000,False,,
6150,0x016082,True,1,3,01030000,False,,
6151,0x0160A0,True,1,4,01040000,False,,
6152,0xFFFFFF,False,,,,False,,
6153,0xFFFFFF,False,,,,False,,
6154,0xFFFFFF,False,,,,False,,
6155,0xFFFFFF,False,,,,False,,
6156,0x0160BE,True,1,1,01010000,True,1DC,
6157,0x0160E4,True,1,2,01020000,False,,
6158,0x01610A,True,1,3,01030000,False,,
6159,0x016130,True,1,4,01040000,False,,
6160,0xFFFFFF,False,,,,False,,
6161,0xFFFFFF,False,,,,False,,
6162,0xFFFFFF,False,,,,False,,
6163,0xFFFFFF,False,,,,False,,
6164,0x016156,True,1,1,01010000,True,1DB,
6165,0x01617C,True,1,2,01020000,False,,
6166,0x0161A2,True,1,3,01030000,False,,
6167,0x0161C8,True,1,4,01040000,False,,
6168,0x0161EE,True,1,1,01010000,True,1DD,
6169,0x016214,True,1,2,01020000,False,,
6170,0x01623A,True,1,3,01030000,False,,
6171,0x016260,True,1,4,01040000,False,,
6172,0x016286,True,1,1,01010000,True,1DE,
6173,0x0162AC,True,1,2,01020000,False,,
6174,0x0162D2,True,1,3,01030000,False,,
6175,0x0162F8,True,1,4,01040000,False,,
6176,0x01631E,True,1,1,01010000,True,1DF,
6177,0x016344,True,1,2,01020000,False,,
6178,0x01636A,True,1,3,01030000,False,,
6179,0x016390,True,1,4,01040000,False,,
6180,0x0163B6,True,1,1,01010000,True,1E0,
6181,0x0163DC,True,1,2,01020000,False,,
6182,0x016402,True,1,3,01030000,False,,
6183,0x016428,True,1,4,01040000,False,,
6184,0xFFFFFF,False,,,,False,,
6185,0xFFFFFF,False,,,,False,,
6186,0xFFFFFF,False,,,,False,,
6187,0xFFFFFF,False,,,,False,,
6188,0xFFFFFF,False,,,,False,,
6189,0xFFFFFF,False,,,,False,,
6190,0xFFFFFF,False,,,,False,,
6191,0xFFFFFF,False,,,,False,,
6192,0x01644E,True,1,1,01010000,True,1E1,
6193,0x016474,True,1,2,01020000,False,,
6194,0x01649A,True,1,3,01030000,False,,
6195,0x0164C0,True,1,4,01040000,False,,
6196,0x0164E6,True,1,1,01010000,True,1E2,
6197,0x01650C,True,1,2,01020000,False,,
6198,0x016532,True,1,3,01030000,False,,
6199,0x016558,True,1,4,01040000,False,,
6200,0x01657E,True,1,1,01010000,True,2B4,
6201,0x0165A4,True,1,2,01020000,False,,
6202,0x0165CA,True,1,3,01030000,False,,
6203,0x0165F0,True,1,4,01040000,False,,
6204,0xFFFFFF,False,,,,False,,
6205,0xFFFFFF,False,,,,False,,
6206,0xFFFFFF,False,,,,False,,
6207,0xFFFFFF,False,,,,False,,
6208,0x016616,True,1,1,01010000,True,2B6,
6209,0x01663C,True,1,2,01020000,False,,
6210,0x016662,True,1,3,01030000,False,,
6211,0x016688,True,1,4,01040000,False,,
6212,0x0166AE,True,1,1,01010000,True,2B7,
6213,0x0166D4,True,1,2,01020000,False,,
6214,0x0166FA,True,1,3,01030000,False,,
6215,0x016720,True,1,4,01040000,False,,
6216,0x016746,True,1,1,01010000,True,2B8,
6217,0x01676C,True,1,2,01020000,False,,
6218,0x016792,True,1,3,01030000,False,,
6219,0x0167B8,True,1,4,01040000,False,,
6220,0x0167DE,True,1,1,01010000,True,2B9,
6221,0x016804,True,1,2,01020000,False,,
6222,0x01682A,True,1,3,01030000,False,,
6223,0x016850,True,1,4,01040000,False,,
6224,0x016876,True,1,1,01010000,True,2BA,
6225,0x01689C,True,1,2,01020000,False,,
6226,0x0168C2,True,1,3,01030000,False,,
6227,0x0168E8,True,1,4,01040000,False,,
6228,0xFFFFFF,False,,,,False,,
6229,0xFFFFFF,False,,,,False,,
6230,0xFFFFFF,False,,,,False,,
6231,0xFFFFFF,False,,,,False,,
6232,0xFFFFFF,False,,,,False,,
6233,0xFFFFFF,False,,,,False,,
6234,0xFFFFFF,False,,,,False,,
6235,0xFFFFFF,False,,,,False,,
6236,0x01690E,True,1,1,01010000,True,2BB,
6237,0x016934,True,1,2,01020000,False,,
6238,0x01695A,True,1,3,01030000,False,,
6239,0x016980,True,1,4,01040000,False,,
6240,0x0169A6,True,1,1,01010000,True,2BE,
6241,0x0169CC,True,1,2,01020000,False,,
6242,0x0169F2,True,1,3,01030000,False,,
6243,0x016A18,True,1,4,01040000,False,,
6244,0xFFFFFF,False,,,,False,,
6245,0xFFFFFF,False,,,,False,,
6246,0xFFFFFF,False,,,,False,,
6247,0xFFFFFF,False,,,,False,,
6248,0xFFFFFF,False,,,,False,,
6249,0xFFFFFF,False,,,,False,,
6250,0xFFFFFF,False,,,,False,,
6251,0xFFFFFF,False,,,,False,,
6252,0xFFFFFF,False,,,,False,,
6253,0xFFFFFF,False,,,,False,,
6254,0xFFFFFF,False,,,,False,,
6255,0xFFFFFF,False,,,,False,,
6256,0xFFFFFF,False,,,,False,,
6257,0xFFFFFF,False,,,,False,,
6258,0xFFFFFF,False,,,,False,,
6259,0xFFFFFF,False,,,,False,,
6260,0xFFFFFF,False,,,,False,,
6261,0xFFFFFF,False,,,,False,,
6262,0xFFFFFF,False,,,,False,,
6263,0xFFFFFF,False,,,,False,,
6264,0xFFFFFF,False,,,,False,,
6265,0xFFFFFF,False,,,,False,,
6266,0xFFFFFF,False,,,,False,,
6267,0xFFFFFF,False,,,,False,,
6268,0xFFFFFF,False,,,,False,,
6269,0xFFFFFF,False,,,,False,,
6270,0xFFFFFF,False,,,,False,,
6271,0xFFFFFF,False,,,,False,,
6272,0xFFFFFF,False,,,,False,,
6273,0xFFFFFF,False,,,,False,,
6274,0xFFFFFF,False,,,,False,,
6275,0xFFFFFF,False,,,,False,,
6276,0x016A3E,True,1,1,01010000,True,2C7,
6277,0x016A5C,True,1,2,01020000,False,,
6278,0x016A7A,True,1,3,01030000,False,,
6279,0x016A98,True,1,4,01040000,False,,
6280,0x016AB6,True,1,1,01010000,True,2C8,
6281,0x016AD4,True,1,2,01020000,False,,
6282,0x016AF2,True,1,3,01030000,False,,
6283,0x016B10,True,1,4,01040000,False,,
6284,0x016B2E,True,1,1,01010000,True,2C9,
6285,0x016B4C,True,1,2,01020000,False,,
6286,0x016B6A,True,1,3,01030000,False,,
6287,0x016B88,True,1,4,01040000,False,,
6288,0x016BA6,True,1,1,01010000,True,2CA,
6289,0x016BC4,True,1,2,01020000,False,,
6290,0x016BE2,True,1,3,01030000,False,,
6291,0x016C00,True,1,4,01040000,False,,
6292,0x016C1E,True,1,1,01010000,True,2CB,
6293,0x016C3C,True,1,2,01020000,False,,
6294,0x016C5A,True,1,3,01030000,False,,
6295,0x016C78,True,1,4,01040000,False,,
6296,0x016C96,True,1,1,01010000,True,2CC,
6297,0x016CB4,True,1,2,01020000,False,,
6298,0x016CD2,True,1,3,01030000,False,,
6299,0x016CF0,True,1,4,01040000,False,,
6300,0x016D0E,True,1,1,01010000,True,2CD,
6301,0x016D2C,True,1,2,01020000,False,,
6302,0x016D4A,True,1,3,01030000,False,,
6303,0x016D68,True,1,4,01040000,False,,
6304,0x016D86,True,1,1,01010000,True,2CE,
6305,0x016DA4,True,1,2,01020000,False,,
6306,0x016DC2,True,1,3,01030000,False,,
6307,0x016DE0,True,1,4,01040000,False,,
6308,0x016DFE,True,1,1,01010000,True,2CF,
6309,0x016E24,True,1,2,01020000,False,,
6310,0x016E4A,True,1,3,01030000,False,,
6311,0x016E70,True,1,4,01040000,False,,
6312,0x016E96,True,1,1,01010000,False,,
6313,0x016EBC,True,1,2,01020000,False,,
6314,0x016EE2,True,1,3,01030000,False,,
6315,0x016F08,True,1,4,01040000,False,,
6316,0x016F2E,True,1,1,01010000,True,2D1,
6317,0x016F54,True,1,2,01020000,False,,
6318,0x016F7A,True,1,3,01030000,False,,
6319,0x016FA0,True,1,4,01040000,False,,
6320,0x016FC6,True,1,1,01010000,True,2D2,
6321,0x016FEC,True,1,2,01020000,False,,
6322,0x017012,True,1,3,01030000,False,,
6323,0x017038,True,1,4,01040000,False,,
6324,0x01705E,True,1,1,01010000,True,2D3,
6325,0x017084,True,1,2,01020000,False,,
6326,0x0170AA,True,1,3,01030000,False,,
6327,0x0170D0,True,1,4,01040000,False,,
6328,0x0170F6,True,1,1,01010000,True,2D4,
6329,0x01711C,True,1,2,01020000,False,,
6330,0x017142,True,1,3,01030000,False,,
6331,0x017168,True,1,4,01040000,False,,
6332,0x01718E,True,1,1,01010000,True,2D5,
6333,0x0171B4,True,1,2,01020000,False,,
6334,0x0171DA,True,1,3,01030000,False,,
6335,0x017200,True,1,4,01040000,False,,
6336,0x017226,True,1,1,01010000,True,2D6,
6337,0x01724C,True,1,2,01020000,False,,
6338,0x017272,True,1,3,01030000,False,,
6339,0x017298,True,1,4,01040000,False,,
6340,0x0172BE,True,1,1,01010000,False,,
6341,0x0172E4,True,1,2,01020000,False,,
6342,0x01730A,True,1,3,01030000,False,,
6343,0x017330,True,1,4,01040000,False,,
6344,0x017356,True,1,1,01010000,True,2D8,
6345,0x01737C,True,1,2,01020000,False,,
6346,0x0173A2,True,1,3,01030000,False,,
6347,0x0173C8,True,1,4,01040000,False,,
6348,0x0173EE,True,1,1,01010000,True,2D9,
6349,0x01740C,True,1,2,01020000,False,,
6350,0x01742A,True,1,3,01030000,False,,
6351,0x017448,True,1,4,01040000,False,,
6352,0x017466,True,1,1,01010000,True,2DA,
6353,0x01748C,True,1,2,01020000,False,,
6354,0x0174B2,True,1,3,01030000,False,,
6355,0x0174D8,True,1,4,01040000,False,,
6356,0x0174FE,True,1,1,01010000,True,2DB,
6357,0x01751C,True,1,2,01020000,False,,
6358,0x01753A,True,1,3,01030000,False,,
6359,0x017558,True,1,4,01040000,False,,
6360,0x017576,True,1,1,01010000,True,2DC,
6361,0x017594,True,1,2,01020000,False,,
6362,0x0175B2,True,1,3,01030000,False,,
6363,0x0175D0,True,1,4,01040000,False,,
6364,0x0175EE,True,1,1,01010000,True,1D1,
6365,0x01760C,True,1,2,01020000,False,,
6366,0x01762A,True,1,3,01030000,False,,
6367,0x017648,True,1,4,01040000,False,,
6368,0x017666,True,1,1,01010000,True,1D2,
6369,0x017684,True,1,2,01020000,False,,
6370,0x0176A2,True,1,3,01030000,False,,
6371,0x0176C0,True,1,4,01040000,False,,
6372,0x0176DE,True,1,1,01010000,False,,
6373,0x0176FC,True,1,2,01020000,False,,
6374,0x01771A,True,1,3,01030000,False,,
6375,0x017738,True,1,4,01040000,False,,
6376,0x017756,True,1,1,01010000,True,2DD,
6377,0x017774,True,1,2,01020000,False,,
6378,0x017792,True,1,3,01030000,False,,
6379,0x0177B0,True,1,4,01040000,False,,
6380,0x0177CE,True,1,1,01010000,True,1D9,
6381,0x0177EC,True,1,2,01020000,False,,
6382,0x01780A,True,1,3,01030000,False,,
6383,0x017828,True,1,4,01040000,False,,
6384,0x017846,True,1,1,01010000,True,1DA,
6385,0x017864,True,1,2,01020000,False,,
6386,0x017882,True,1,3,01030000,False,,
6387,0x0178A0,True,1,4,01040000,False,,
6388,0x0178BE,True,1,1,01010000,True,1D8,
6389,0x0178DC,True,1,2,01020000,False,,
6390,0x0178FA,True,1,3,01030000,False,,
6391,0x017918,True,1,4,01040000,False,,
6392,0x017936,True,1,1,01010000,True,1E4,
6393,0x017954,True,1,2,01020000,False,,
6394,0x017972,True,1,3,01030000,False,,
6395,0x017990,True,1,4,01040000,False,,
6396,0x0179AE,True,1,1,01010000,True,1E9,
6397,0x0179CC,True,1,2,01020000,False,,
6398,0x0179EA,True,1,3,01030000,False,,
6399,0x017A08,True,1,4,01040000,False,,
6400,0x017A26,True,1,1,01010000,True,1D0,
6401,0x017A44,True,1,2,01020000,False,,
6402,0x017A62,True,1,3,01030000,False,,
6403,0x017A80,True,1,4,01040000,False,,
6404,0x017A9E,True,1,1,01010000,True,1EB,
6405,0x017ABC,True,1,2,01020000,False,,
6406,0x017ADA,True,1,3,01030000,False,,
6407,0x017AF8,True,1,4,01040000,False,,
6408,0x017B16,True,1,1,01010000,True,1EC,
6409,0x017B34,True,1,2,01020000,False,,
6410,0x017B52,True,1,3,01030000,False,,
6411,0x017B70,True,1,4,01040000,False,,
6412,0x017B8E,True,1,1,01010000,True,2DE,
6413,0x017BAC,True,1,2,01020000,False,,
6414,0x017BCA,True,1,3,01030000,False,,
6415,0x017BE8,True,1,4,01040000,False,,
6416,0x017C06,True,1,1,01010000,False,,
6417,0x017C24,True,1,2,01020000,False,,
6418,0x017C42,True,1,3,01030000,False,,
6419,0x017C60,True,1,4,01040000,False,,
6420,0x017C7E,True,1,1,01010000,False,,
6421,0x017C9C,True,1,2,01020000,False,,
6422,0x017CBA,True,1,3,01030000,False,,
6423,0x017CD8,True,1,4,01040000,False,,
6424,0x017CF6,True,1,1,01010000,True,2E1,
6425,0x017D14,True,1,2,01020000,False,,
6426,0x017D32,True,1,3,01030000,False,,
6427,0x017D50,True,1,4,01040000,False,,
6428,0x017D6E,True,1,1,01010000,True,2E2,
6429,0x017D8C,True,1,2,01020000,False,,
6430,0x017DAA,True,1,3,01030000,False,,
6431,0x017DC8,True,1,4,01040000,False,,
6432,0x017DE6,True,1,1,01010000,True,2E3,
6433,0x017E04,True,1,2,01020000,False,,
6434,0x017E22,True,1,3,01030000,False,,
6435,0x017E40,True,1,4,01040000,False,,
6436,0x017E5E,True,1,1,01010000,True,1D6,
6437,0x017E7C,True,1,2,01020000,False,,
6438,0x017E9A,True,1,3,01030000,False,,
6439,0x017EB8,True,1,4,01040000,False,,
6440,0x017ED6,True,1,1,01010000,True,2E4,
6441,0x017EF4,True,1,2,01020000,False,,
6442,0x017F12,True,1,3,01030000,False,,
6443,0x017F30,True,1,4,01040000,False,,
6444,0x017F4E,True,1,1,01010000,True,1D7,
6445,0x017F6C,True,1,2,01020000,False,,
6446,0x017F8A,True,1,3,01030000,False,,
6447,0x017FA8,True,1,4,01040000,False,,
6448,0x017FC6,True,1,1,01010000,True,1D5,
6449,0x017FE4,True,1,2,01020000,False,,
6450,0x018002,True,1,3,01030000,False,,
6451,0x018020,True,1,4,01040000,False,,
6452,0x01803E,True,1,1,01010000,True,2E5,
6453,0x01805C,True,1,2,01020000,False,,
6454,0x01807A,True,1,3,01030000,False,,
6455,0x018098,True,1,4,01040000,False,,
6456,0x0180B6,True,1,1,01010000,True,2E6,
6457,0x0180D4,True,1,2,01020000,False,,
6458,0x0180F2,True,1,3,01030000,False,,
6459,0x018110,True,1,4,01040000,False,,
6460,0x01812E,True,1,1,01010000,True,2E7,
6461,0x01814C,True,1,2,01020000,False,,
6462,0x01816A,True,1,3,01030000,False,,
6463,0x018188,True,1,4,01040000,False,,
6464,0x0181A6,True,1,1,01010000,True,1D3,
6465,0x0181C4,True,1,2,01020000,False,,
6466,0x0181E2,True,1,3,01030000,False,,
6467,0x018200,True,1,4,01040000,False,,
6468,0x01821E,True,1,1,01010000,True,1D4,
6469,0x01823C,True,1,2,01020000,False,,
6470,0x01825A,True,1,3,01030000,False,,
6471,0x018278,True,1,4,01040000,False,,
6472,0x018296,True,1,1,01010000,True,2E8,
6473,0x0182B4,True,1,2,01020000,False,,
6474,0x0182D2,True,1,3,01030000,False,,
6475,0x0182F0,True,1,4,01040000,False,,
6476,0x01830E,True,1,1,01010000,True,1E3,
6477,0x01832C,True,1,2,01020000,False,,
6478,0x01834A,True,1,3,01030000,False,,
6479,0x018368,True,1,4,01040000,False,,
6480,0x018386,True,1,1,01010000,True,1E5,
6481,0x0183A4,True,1,2,01020000,False,,
6482,0x0183C2,True,1,3,01030000,False,,
6483,0x0183E0,True,1,4,01040000,False,,
6484,0x0183FE,True,1,1,01010000,True,1E6,
6485,0x01841C,True,1,2,01020000,False,,
6486,0x01843A,True,1,3,01030000,False,,
6487,0x018458,True,1,4,01040000,False,,
6488,0x018476,True,1,1,01010000,True,2E9,
6489,0x018494,True,1,2,01020000,False,,
6490,0x0184B2,True,1,3,01030000,False,,
6491,0x0184D0,True,1,4,01040000,False,,
6492,0x0184EE,True,1,1,01010000,True,2EA,
6493,0x01850C,True,1,2,01020000,False,,
6494,0x01852A,True,1,3,01030000,False,,
6495,0x018548,True,1,4,01040000,False,,
6496,0x018566,True,1,1,01010000,True,2EB,
6497,0x018584,True,1,2,01020000,False,,
6498,0x0185A2,True,1,3,01030000,False,,
6499,0x0185C0,True,1,4,01040000,False,,
6500,0x0185DE,True,1,1,01010000,True,1E7,
6501,0x0185FC,True,1,2,01020000,False,,
6502,0x01861A,True,1,3,01030000,False,,
6503,0x018638,True,1,4,01040000,False,,
6504,0x018656,True,1,1,01010000,True,1E8,
6505,0x018674,True,1,2,01020000,False,,
6506,0x018692,True,1,3,01030000,False,,
6507,0x0186B0,True,1,4,01040000,False,,
6508,0x0186CE,True,1,1,01010000,True,1EA,
6509,0x0186EC,True,1,2,01020000,False,,
6510,0x01870A,True,1,3,01030000,False,,
6511,0x018728,True,1,4,01040000,False,,
6512,0x018746,True,1,1,01010000,True,2EC,
6513,0x018764,True,1,2,01020000,False,,
6514,0x018782,True,1,3,01030000,False,,
6515,0x0187A0,True,1,4,01040000,False,,
6516,0x0187BE,True,1,1,01010000,True,2ED,
6517,0x0187DC,True,1,2,01020000,False,,
6518,0x0187FA,True,1,3,01030000,False,,
6519,0x018818,True,1,4,01040000,False,,
6520,0x018836,True,1,1,01010000,True,2EE,
6521,0x018854,True,1,2,01020000,False,,
6522,0x018872,True,1,3,01030000,False,,
6523,0x018890,True,1,4,01040000,False,,
6524,0xFFFFFF,False,,,,False,,
6525,0xFFFFFF,False,,,,False,,
6526,0xFFFFFF,False,,,,False,,
6527,0xFFFFFF,False,,,,False,,
6528,0x0188AE,True,1,1,01010000,True,2EF,
6529,0x0188CC,True,1,2,01020000,False,,
6530,0x0188EA,True,1,3,01030000,False,,
6531,0x018908,True,1,4,01040000,False,,
6532,0x018926,True,1,1,01010000,True,1EE,
6533,0x018944,True,1,2,01020000,False,,
6534,0x018962,True,1,3,01030000,False,,
6535,0x018980,True,1,4,01040000,False,,
6536,0x01899E,True,1,1,01010000,True,1ED,
6537,0x0189BC,True,1,2,01020000,False,,
6538,0x0189DA,True,1,3,01030000,False,,
6539,0x0189F8,True,1,4,01040000,False,,
6540,0x018A16,True,1,1,01010000,True,1EF 2F1,
6541,0x018A34,True,1,2,01020000,False,,
6542,0x018A52,True,1,3,01030000,False,,
6543,0x018A70,True,1,4,01040000,False,,
6544,0x018A8E,True,1,1,01010000,True,2F2,
6545,0x018AAC,True,1,2,01020000,False,,
6546,0x018ACA,True,1,3,01030000,False,,
6547,0x018AE8,True,1,4,01040000,False,,
6548,0x018B06,True,1,1,01010000,True,2F3,
6549,0x018B24,True,1,2,01020000,False,,
6550,0x018B42,True,1,3,01030000,False,,
6551,0x018B60,True,1,4,01040000,False,,
6552,0x018B7E,True,1,1,01010000,True,2F4,
6553,0x018B9C,True,1,2,01020000,False,,
6554,0x018BBA,True,1,3,01030000,False,,
6555,0x018BD8,True,1,4,01040000,False,,
6556,0x018BF6,True,1,1,01010000,True,1F8,
6557,0x018C14,True,1,2,01020000,False,,
6558,0x018C32,True,1,3,01030000,False,,
6559,0x018C50,True,1,4,01040000,False,,
6560,0x018C6E,True,1,1,01010000,True,2F5,
6561,0x018C8C,True,1,2,01020000,False,,
6562,0x018CAA,True,1,3,01030000,False,,
6563,0x018CC8,True,1,4,01040000,False,,
6564,0x018CE6,True,1,1,01010000,True,1F0,
6565,0x018D04,True,1,2,01020000,False,,
6566,0x018D22,True,1,3,01030000,False,,
6567,0x018D40,True,1,4,01040000,False,,
6568,0x018D5E,True,1,1,01010000,True,2F6,
6569,0x018D7C,True,1,2,01020000,False,,
6570,0x018D9A,True,1,3,01030000,False,,
6571,0x018DB8,True,1,4,01040000,False,,
6572,0x018DD6,True,1,1,01010000,True,1F1,
6573,0x018DF4,True,1,2,01020000,False,,
6574,0x018E12,True,1,3,01030000,False,,
6575,0x018E30,True,1,4,01040000,False,,
6576,0x018E4E,True,1,1,01010000,True,2F7,
6577,0x018E6C,True,1,2,01020000,False,,
6578,0x018E8A,True,1,3,01030000,False,,
6579,0x018EA8,True,1,4,01040000,False,,
6580,0x018EC6,True,1,1,01010000,True,1F2,
6581,0x018EE4,True,1,2,01020000,False,,
6582,0x018F02,True,1,3,01030000,False,,
6583,0x018F20,True,1,4,01040000,False,,
6584,0x018F3E,True,1,1,01010000,True,1F4,
6585,0x018F5C,True,1,2,01020000,False,,
6586,0x018F7A,True,1,3,01030000,False,,
6587,0x018F98,True,1,4,01040000,False,,
6588,0x018FB6,True,1,1,01010000,True,1F3,
6589,0x018FD4,True,1,2,01020000,False,,
6590,0x018FF2,True,1,3,01030000,False,,
6591,0x019010,True,1,4,01040000,False,,
6592,0x01902E,True,1,1,01010000,True,2F8,
6593,0x01904C,True,1,2,01020000,False,,
6594,0x01906A,True,1,3,01030000,False,,
6595,0x019088,True,1,4,01040000,False,,
6596,0x0190A6,True,1,1,01010000,False,,
6597,0x0190C4,True,1,2,01020000,False,,
6598,0x0190E2,True,1,3,01030000,False,,
6599,0x019100,True,1,4,01040000,False,,
6600,0x01911E,True,1,1,01010000,True,1F5,
6601,0x01913C,True,1,2,01020000,False,,
6602,0x01915A,True,1,3,01030000,False,,
6603,0x019178,True,1,4,01040000,False,,
6604,0x019196,True,1,1,01010000,True,1F6,
6605,0x0191B4,True,1,2,01020000,False,,
6606,0x0191D2,True,1,3,01030000,False,,
6607,0x0191F0,True,1,4,01040000,False,,
6608,0x01920E,True,1,1,01010000,True,2F9,
6609,0x01922C,True,1,2,01020000,False,,
6610,0x01924A,True,1,3,01030000,False,,
6611,0x019268,True,1,4,01040000,False,,
6612,0x019286,True,1,1,01010000,True,2FA,
6613,0x0192A4,True,1,2,01020000,False,,
6614,0x0192C2,True,1,3,01030000,False,,
6615,0x0192E0,True,1,4,01040000,False,,
6616,0x0192FE,True,1,1,01010000,True,2FB,
6617,0x01931C,True,1,2,01020000,False,,
6618,0x01933A,True,1,3,01030000,False,,
6619,0x019358,True,1,4,01040000,False,,
6620,0x019376,True,1,1,01010000,True,2FC,
6621,0x019394,True,1,2,01020000,False,,
6622,0x0193B2,True,1,3,01030000,False,,
6623,0x0193D0,True,1,4,01040000,False,,
6624,0x0193EE,True,1,1,01010000,True,2FD,
6625,0x01940C,True,1,2,01020000,False,,
6626,0x01942A,True,1,3,01030000,False,,
6627,0x019448,True,1,4,01040000,False,,
6628,0x019466,True,1,1,01010000,True,2FE,
6629,0x019484,True,1,2,01020000,False,,
6630,0x0194A2,True,1,3,01030000,False,,
6631,0x0194C0,True,1,4,01040000,False,,
6632,0x0194DE,True,1,1,01010000,True,2FF,
6633,0x0194FC,True,1,2,01020000,False,,
6634,0x01951A,True,1,3,01030000,False,,
6635,0x019538,True,1,4,01040000,False,,
6636,0x019556,True,1,1,01010000,True,300,
6637,0x019574,True,1,2,01020000,False,,
6638,0x019592,True,1,3,01030000,False,,
6639,0x0195B0,True,1,4,01040000,False,,
6640,0x0195CE,True,1,1,01010000,True,301,
6641,0x0195EC,True,1,2,01020000,False,,
6642,0x01960A,True,1,3,01030000,False,,
6643,0x019628,True,1,4,01040000,False,,
6644,0x019646,True,1,1,01010000,True,302,
6645,0x019664,True,1,2,01020000,False,,
6646,0x019682,True,1,3,01030000,False,,
6647,0x0196A0,True,1,4,01040000,False,,
