/* Generated by tools/wlpal.py from IMGPAL.ASM. Do not edit.
 *
 * Each palette is a count word followed by that many RGB555
 * colours, which is exactly how PAL.ASM reads one. The count
 * word's low nine bits are the length; the rest are flags.
 */
#include "wm/arcade/wm_arcade_pal.h"

static const uint16_t pal_ALEX_P[] = {
    0x0040, 0x0000, 0x6318, 0x0000, 0x6F14, 0x6E8C, 0x6A87, 0x5EB3,
    0x5A90, 0x5A2C, 0x5A25, 0x4E51, 0x4E2F, 0x4E0C, 0x4960, 0x3DCC,
    0x3DAB, 0x3D87, 0x3D64, 0x3168, 0x3164, 0x2D27, 0x2D03, 0x20E4,
    0x20E1, 0x1CA3, 0x1C80, 0x1C00, 0x1481, 0x1060, 0x1060, 0x0C00,
    0x0000, 0x4E93, 0x4651, 0x31EE, 0x35CD, 0x216A, 0x2148, 0x1543,
    0x1D07, 0x10C4, 0x10C0, 0x10A4, 0x0CA4, 0x0C82, 0x0881, 0x0083,
    0x0880, 0x0480, 0x0862, 0x0860, 0x0041, 0x0040, 0x0040, 0x0020,
    0x0020, 0x0000, 0x1C28, 0x0864, 0x0000, 0x420F, 0x318B, 0x1083,
    0x10E7,
};
static const uint16_t pal_FRTROW_P[] = {
    0x0040, 0x0000, 0x6B5A, 0x294A, 0x2108, 0x1CE7, 0x18C6, 0x14A5,
    0x1084, 0x0842, 0x0000, 0x7756, 0x66F6, 0x62B2, 0x5AB5, 0x5671,
    0x5651, 0x562E, 0x51EE, 0x51A2, 0x4A31, 0x4A0E, 0x4A0B, 0x45CD,
    0x45CC, 0x4565, 0x41AA, 0x39AD, 0x398B, 0x398A, 0x3569, 0x3549,
    0x3526, 0x34C5, 0x34C2, 0x2CC5, 0x2929, 0x2928, 0x2906, 0x28A4,
    0x24E5, 0x24C5, 0x2442, 0x20E6, 0x20A4, 0x18A4, 0x1883, 0x1862,
    0x1821, 0x1441, 0x1041, 0x1021, 0x0800, 0x0862, 0x14C9, 0x18A7,
    0x0C64, 0x0422, 0x0841, 0x1465, 0x1D08, 0x14C6, 0x0C84, 0x0442,
    0x7FDD,
};
static const uint16_t pal_SDCRWD_P[] = {
    0x0040, 0x0000, 0x6B5A, 0x318C, 0x2D6B, 0x2108, 0x1084, 0x0842,
    0x0000, 0x7756, 0x5610, 0x45CD, 0x45CC, 0x41AA, 0x39AD, 0x398A,
    0x3968, 0x3549, 0x3526, 0x3128, 0x2D49, 0x2D28, 0x2928, 0x2907,
    0x2904, 0x28A4, 0x2507, 0x2442, 0x20E6, 0x20C5, 0x20A4, 0x1CC5,
    0x1C21, 0x18A4, 0x18A1, 0x1883, 0x1821, 0x1061, 0x0800, 0x2128,
    0x1D07, 0x18E6, 0x14C5, 0x0480, 0x0440, 0x29D1, 0x2950, 0x14D2,
    0x154D, 0x110B, 0x08A8, 0x18A7, 0x0886, 0x0C64, 0x0824, 0x0422,
    0x18C5, 0x14A4, 0x1083, 0x0841, 0x254A, 0x14C6, 0x0C84, 0x0442,
    0x34C6,
};
static const uint16_t pal_JOYDEW_P[] = {
    0x0040, 0x0000, 0x6B5A, 0x1084, 0x0842, 0x7756, 0x62B2, 0x5651,
    0x562E, 0x51EE, 0x4A31, 0x45CD, 0x41AA, 0x416B, 0x39AD, 0x3549,
    0x34C6, 0x3444, 0x3127, 0x2907, 0x28E6, 0x28A4, 0x2883, 0x2844,
    0x24E8, 0x24C5, 0x24A7, 0x2442, 0x20E6, 0x20A4, 0x2083, 0x1C21,
    0x1862, 0x1821, 0x1441, 0x1021, 0x0800, 0x427C, 0x3E36, 0x4655,
    0x2992, 0x14D2, 0x35F1, 0x2571, 0x316D, 0x254D, 0x190D, 0x14EC,
    0x110B, 0x252A, 0x14C9, 0x1469, 0x0868, 0x18A7, 0x0867, 0x1086,
    0x0C64, 0x0444, 0x0824, 0x0424, 0x0422, 0x45F1, 0x1465, 0x0822,
    0x1929,
};
static const uint16_t pal_JAKE_P[] = {
    0x0040, 0x0000, 0x0000, 0x66F5, 0x626E, 0x6267, 0x5693, 0x5671,
    0x564E, 0x562B, 0x51E9, 0x4A0B, 0x460E, 0x45ED, 0x45C9, 0x45A6,
    0x4565, 0x4168, 0x39AA, 0x39A6, 0x3569, 0x3545, 0x3522, 0x2926,
    0x2923, 0x24E5, 0x24C2, 0x1CC3, 0x18A4, 0x18A1, 0x1481, 0x1441,
    0x0820, 0x56D5, 0x4E93, 0x3E0F, 0x29AC, 0x298A, 0x2D87, 0x1D85,
    0x2549, 0x1906, 0x18E6, 0x14E6, 0x14C4, 0x10C3, 0x08C5, 0x10A4,
    0x10A2, 0x0883, 0x0483, 0x0881, 0x0862, 0x0860, 0x0462, 0x0440,
    0x296C, 0x246A, 0x10A6, 0x0422, 0x4A51, 0x39CD, 0x18C5, 0x1929,
    0x0D08,
};
static const uint16_t pal_MARNE_P[] = {
    0x0040, 0x0000, 0x6B5A, 0x1CE7, 0x0000, 0x7756, 0x66F5, 0x62D2,
    0x6270, 0x626E, 0x6267, 0x5693, 0x5671, 0x564E, 0x562B, 0x55C6,
    0x51EE, 0x51E9, 0x51A2, 0x4A0B, 0x460E, 0x45ED, 0x45C9, 0x45A6,
    0x4565, 0x4542, 0x39AA, 0x39A6, 0x3569, 0x3545, 0x3522, 0x34E2,
    0x34C5, 0x2926, 0x2923, 0x24E5, 0x24C2, 0x2441, 0x20C1, 0x1CC3,
    0x18A4, 0x18A2, 0x18A1, 0x1481, 0x1441, 0x0820, 0x56D5, 0x2549,
    0x1906, 0x18E6, 0x14E6, 0x14C4, 0x08C5, 0x10A4, 0x10A2, 0x0483,
    0x0881, 0x0862, 0x0860, 0x0440, 0x4A51, 0x39CD, 0x18C5, 0x1929,
    0x7FDD,
};
static const uint16_t pal_FLASH_P[] = {
    0x0040, 0x0000, 0x6B5A, 0x318C, 0x2D6B, 0x2108, 0x1CE7, 0x18C6,
    0x14A5, 0x1084, 0x0842, 0x0000, 0x5AB5, 0x51A2, 0x4A31, 0x39AD,
    0x2D4A, 0x2D46, 0x2929, 0x24C5, 0x20A4, 0x18A4, 0x18A2, 0x1883,
    0x1062, 0x3E0F, 0x2549, 0x2128, 0x1D07, 0x18E6, 0x14C5, 0x10A4,
    0x0C83, 0x0862, 0x0441, 0x427C, 0x01B7, 0x0173, 0x21B2, 0x00ED,
    0x008A, 0x14C9, 0x08A8, 0x18A7, 0x0867, 0x14A6, 0x10A6, 0x1086,
    0x0886, 0x0C64, 0x0444, 0x0424, 0x0422, 0x4A51, 0x18C5, 0x14A4,
    0x1083, 0x0841, 0x2D8C, 0x254A, 0x1D08, 0x14C6, 0x0442, 0x6FDF,
    0x7FDD,
};
static const uint16_t pal_VOGEL_P[] = {
    0x0040, 0x0000, 0x318C, 0x2D6B, 0x2108, 0x1CE7, 0x18C6, 0x14A5,
    0x1084, 0x4A31, 0x460F, 0x41AA, 0x4168, 0x39AD, 0x396A, 0x3526,
    0x34C6, 0x316B, 0x3149, 0x3128, 0x3127, 0x2D49, 0x2D46, 0x2D28,
    0x2CC5, 0x2929, 0x2906, 0x28E6, 0x28A4, 0x24C5, 0x24A3, 0x20E6,
    0x2083, 0x1CC3, 0x18A4, 0x1862, 0x1841, 0x1441, 0x1062, 0x0821,
    0x0820, 0x0800, 0x3E0F, 0x2547, 0x2128, 0x1906, 0x18E6, 0x14C5,
    0x10A4, 0x0C83, 0x0862, 0x0441, 0x14C9, 0x18A7, 0x10A6, 0x1086,
    0x4A51, 0x39CD, 0x18C5, 0x1083, 0x0841, 0x45F1, 0x1D08, 0x14C6,
    0x0442,
};
static const uint16_t pal_JASON_P[] = {
    0x0036, 0x0000, 0x2108, 0x1CE7, 0x14A5, 0x1084, 0x0842, 0x40A7,
    0x3DCE, 0x3CC6, 0x39AD, 0x38A5, 0x358B, 0x3549, 0x316B, 0x3127,
    0x2D49, 0x2D28, 0x2CC5, 0x2CC4, 0x2928, 0x28E6, 0x28A4, 0x20E6,
    0x20C5, 0x20A4, 0x2083, 0x1CC5, 0x18A4, 0x1883, 0x1862, 0x1062,
    0x1041, 0x1021, 0x0821, 0x0800, 0x1523, 0x14C4, 0x427C, 0x01B7,
    0x0173, 0x00ED, 0x008A, 0x18A7, 0x1086, 0x0886, 0x0C64, 0x0422,
    0x18C5, 0x14A4, 0x1083, 0x0822, 0x1102, 0x40C6, 0x6FDF,
};
static const uint16_t pal_FARCRD_P[] = {
    0x0040, 0x0000, 0x2D6B, 0x2108, 0x1CE7, 0x14A5, 0x1084, 0x0842,
    0x4A31, 0x4A0E, 0x45CD, 0x3DCE, 0x3CC6, 0x39AD, 0x396A, 0x3928,
    0x38A5, 0x3549, 0x316B, 0x3127, 0x2D49, 0x2D28, 0x2CC5, 0x2CC4,
    0x2929, 0x2928, 0x28E6, 0x28A4, 0x24C5, 0x24A3, 0x20E6, 0x20C5,
    0x20A4, 0x2083, 0x1CC5, 0x18A4, 0x1883, 0x1862, 0x1062, 0x1041,
    0x0820, 0x0800, 0x14C4, 0x427C, 0x01B7, 0x0173, 0x254D, 0x00ED,
    0x008A, 0x14C9, 0x18A7, 0x0867, 0x10A6, 0x1086, 0x0886, 0x0C64,
    0x0444, 0x0422, 0x14A4, 0x1083, 0x0822, 0x1D08, 0x1102, 0x40C6,
    0x6FDF,
};
static const uint16_t pal_FLASH4_P[] = {
    0x002A, 0x0000, 0x2108, 0x1CE7, 0x14A5, 0x1084, 0x0842, 0x20C5,
    0x20A4, 0x1CC5, 0x18A4, 0x1883, 0x1862, 0x1062, 0x0821, 0x0800,
    0x0C83, 0x0883, 0x427C, 0x01B7, 0x0173, 0x254D, 0x00ED, 0x252A,
    0x008A, 0x14C9, 0x18A7, 0x0867, 0x14A6, 0x10A6, 0x1086, 0x0886,
    0x0C64, 0x0444, 0x0424, 0x0422, 0x18C5, 0x14A4, 0x1083, 0x0822,
    0x1D08, 0x14C6, 0x6FDF,
};
static const uint16_t pal_BIGFLSH_P[] = {
    0x0016, 0x0000, 0x6BBE, 0x0573, 0x0152, 0x0111, 0x01D5, 0x06DB,
    0x01B4, 0x0237, 0x0278, 0x0216, 0x2955, 0x31F8, 0x39F5, 0x3A99,
    0x4F1E, 0x4AD9, 0x5ADD, 0x5B9E, 0x1931, 0x4A79, 0x5B5D,
};
static const uint16_t pal_CHIP_B_P[] = {
    0x0010, 0x318C, 0x635E, 0x52DA, 0x4A98, 0x4256, 0x3E35, 0x35F3,
    0x2DB1, 0x256F, 0x190C, 0x10CA, 0x0888, 0x0446, 0x0445, 0x0443,
    0x0442,
};
static const uint16_t pal_SMWWF_P[] = {
    0x007E, 0x2108, 0x7FFF, 0x775C, 0x731C, 0x7731, 0x772E, 0x772A,
    0x76F6, 0x6EFB, 0x7706, 0x76EE, 0x6EDA, 0x62DC, 0x76E2, 0x72B4,
    0x76E0, 0x76AB, 0x76C2, 0x6A98, 0x768D, 0x7291, 0x6699, 0x6E77,
    0x5A9C, 0x7685, 0x7668, 0x6677, 0x6E54, 0x6E51, 0x724A, 0x7660,
    0x6E4F, 0x7643, 0x7640, 0x6257, 0x7227, 0x6634, 0x6A12, 0x7600,
    0x6DEF, 0x7204, 0x5E37, 0x5257, 0x4A5A, 0x4A59, 0x6DE7, 0x5A33,
    0x65ED, 0x7562, 0x69C5, 0x5DF1, 0x7180, 0x59F5, 0x65E2, 0x658C,
    0x3E19, 0x618F, 0x59D2, 0x65C1, 0x6965, 0x6D42, 0x59B1, 0x59CD,
    0x49F5, 0x6961, 0x35F9, 0x6D21, 0x51D3, 0x70E1, 0x5D6B, 0x39D8,
    0x6161, 0x31D8, 0x68E2, 0x68E1, 0x7081, 0x5D28, 0x6105, 0x5D41,
    0x5189, 0x5D08, 0x5D22, 0x4991, 0x5564, 0x5942, 0x60E3, 0x6C62,
    0x5923, 0x64A2, 0x6481, 0x494E, 0x6084, 0x5109, 0x6082, 0x58C1,
    0x58A1, 0x54C2, 0x50C6, 0x4D02, 0x450C, 0x6021, 0x3D2E, 0x44EA,
    0x5842, 0x44E5, 0x48A5, 0x390D, 0x4C81, 0x5401, 0x3CE2, 0x4466,
    0x38CA, 0x38C8, 0x4822, 0x4401, 0x30A2, 0x3405, 0x2889, 0x3801,
    0x3042, 0x2446, 0x2402, 0x1802, 0x1002, 0x0400, 0x0000,
};
static const uint16_t pal_CSELBK_P[] = {
    0x0016, 0x0000, 0x0C85, 0x1486, 0x14A7, 0x0C64, 0x14C8, 0x0C43,
    0x0421, 0x0422, 0x1CE9, 0x256F, 0x1CEA, 0x1D0B, 0x1D2C, 0x254D,
    0x254E, 0x2DB1, 0x2D90, 0x35D3, 0x2DB2, 0x35F4, 0x3615,
};
static const uint16_t pal_SPKBLU_P[] = {
    0x0008, 0x0000, 0x7FFF, 0x6BDF, 0x53BF, 0x3F9F, 0x2B7F, 0x135F,
    0x033F,
};
static const uint16_t pal_SPKYEL_P[] = {
    0x0008, 0x0000, 0x7FFF, 0x7FF4, 0x7FEA, 0x7FE0, 0x7F40, 0x7EA0,
    0x7E00,
};
static const uint16_t pal_SPKGRN_P[] = {
    0x0008, 0x0000, 0x7FFF, 0x6BFA, 0x53F4, 0x3FEF, 0x2BEA, 0x13E4,
    0x03E0,
};
static const uint16_t pal_SPKPRP_P[] = {
    0x0008, 0x0000, 0x7FFF, 0x7F5F, 0x7E9F, 0x7DFF, 0x7D5F, 0x7C9F,
    0x7C1F,
};
static const uint16_t pal_SPKTRQ_P[] = {
    0x0008, 0x0000, 0x7FFF, 0x6BFF, 0x53FF, 0x3FFF, 0x2BFF, 0x13FF,
    0x03FF,
};
static const uint16_t pal_NMAT_P[] = {
    0x0038, 0x0000, 0x7799, 0x7779, 0x7778, 0x7379, 0x7378, 0x7757,
    0x7358, 0x7357, 0x6F58, 0x7336, 0x7735, 0x7337, 0x6F38, 0x6F37,
    0x6F36, 0x6B37, 0x6F16, 0x6F15, 0x6B17, 0x6B16, 0x6F13, 0x6EF5,
    0x6EF3, 0x6AF5, 0x6AF4, 0x66F5, 0x66F4, 0x62F5, 0x66D4, 0x66D3,
    0x62D5, 0x62D4, 0x62D3, 0x66B3, 0x5EB3, 0x5EB2, 0x6292, 0x5E92,
    0x5A91, 0x5E71, 0x5A71, 0x5670, 0x5650, 0x564F, 0x5250, 0x524F,
    0x5230, 0x522F, 0x4E2F, 0x4E2E, 0x4E0F, 0x4E0E, 0x4A0E, 0x45ED,
    0x45CC,
};
static const uint16_t pal_CRPL_G_P[] = {
    0x0017, 0x0000, 0x6B5A, 0x6739, 0x5EF7, 0x5AD6, 0x56B5, 0x5294,
    0x4E73, 0x4A52, 0x4631, 0x4210, 0x3DEF, 0x39CE, 0x35AD, 0x318C,
    0x2D6B, 0x294A, 0x2529, 0x2108, 0x1CE7, 0x18C6, 0x14A5, 0x0001,
};
static const uint16_t pal_CRPL_B_P[] = {
    0x0016, 0x0000, 0x3DFE, 0x39DD, 0x319B, 0x2D7A, 0x2959, 0x2538,
    0x2117, 0x1CF6, 0x18D5, 0x14B4, 0x1093, 0x0C72, 0x0851, 0x0430,
    0x000F, 0x000E, 0x000D, 0x000C, 0x000B, 0x000A, 0x0009,
};
static const uint16_t pal_CRPL_R_P[] = {
    0x0016, 0x0000, 0x7DEF, 0x79CE, 0x718C, 0x6D6B, 0x694A, 0x6529,
    0x6108, 0x5CE7, 0x58C6, 0x54A5, 0x5084, 0x4C63, 0x4842, 0x4421,
    0x3C00, 0x3800, 0x3400, 0x3000, 0x2C00, 0x2800, 0x2400,
};
static const uint16_t pal_CRUTBH_P[] = {
    0x0100, 0x0000, 0x0C22, 0x1464, 0x1064, 0x1485, 0x1CC7, 0x316D,
    0x18A7, 0x39AF, 0x001F, 0x0844, 0x14AA, 0x18CB, 0x18CA, 0x14A8,
    0x18C9, 0x14A7, 0x2D6F, 0x318F, 0x318E, 0x35AF, 0x3DF1, 0x4E75,
    0x2D6C, 0x5296, 0x35AE, 0x5EF8, 0x6319, 0x673A, 0x003F, 0x005F,
    0x1D0E, 0x00BF, 0x18EC, 0x35D3, 0x00DF, 0x14CA, 0x1D0D, 0x18EB,
    0x3E15, 0x14C9, 0x18EA, 0x31B0, 0x39F2, 0x4210, 0x3E13, 0x013F,
    0x35D0, 0x015F, 0x017F, 0x4E96, 0x019F, 0x01BF, 0x01DF, 0x021F,
    0x025F, 0x029F, 0x02BF, 0x031F, 0x033F, 0x0041, 0x0120, 0x02A0,
    0x0862, 0x0C61, 0x0841, 0x7F98, 0x1483, 0x460F, 0x0820, 0x1882,
    0x0C41, 0x7B34, 0x7F55, 0x7735, 0x1062, 0x41EE, 0x7B13, 0x7F34,
    0x7B35, 0x3947, 0x6E8F, 0x7F13, 0x20A3, 0x76D1, 0x7AF2, 0x7B14,
    0x7F35, 0x7EF2, 0x6691, 0x6A2C, 0x1883, 0x726E, 0x768F, 0x7ED1,
    0x664E, 0x6E90, 0x76D2, 0x7AF3, 0x7F14, 0x72F4, 0x2082, 0x724D,
    0x766E, 0x7A8F, 0x1CA4, 0x7EF3, 0x418A, 0x6EB2, 0x1041, 0x3D05,
    0x1462, 0x28C4, 0x6E0B, 0x6A2D, 0x7690, 0x5E0D, 0x7AB1, 0x7ED2,
    0x5251, 0x28A3, 0x65EB, 0x4968, 0x6A0C, 0x6E2D, 0x724E, 0x766F,
    0x6A70, 0x72B2, 0x5125, 0x65CA, 0x30E5, 0x1C83, 0x6E0C, 0x722D,
    0x764E, 0x7A6F, 0x5DEC, 0x3D48, 0x662E, 0x2D07, 0x3D8B, 0x3481,
    0x38A2, 0x1441, 0x4505, 0x1862, 0x30C4, 0x4D47, 0x5168, 0x5589,
    0x59AA, 0x5DCB, 0x20A4, 0x61EC, 0x660D, 0x24C5, 0x6E4F, 0x4DAB,
    0x3549, 0x5EF7, 0x44C3, 0x4905, 0x4D26, 0x5147, 0x38E5, 0x2083,
    0x5D89, 0x3D06, 0x61AA, 0x4127, 0x5DAA, 0x65CB, 0x61CB, 0x4969,
    0x6A0D, 0x764F, 0x6E2E, 0x7670, 0x55CC, 0x3107, 0x1420, 0x1841,
    0x1C62, 0x38C4, 0x5968, 0x6189, 0x24A4, 0x4948, 0x69EC, 0x4D69,
    0x762E, 0x28C5, 0x7A70, 0x2CE6, 0x3CC4, 0x40E5, 0x2483, 0x4906,
    0x4D27, 0x4927, 0x4D48, 0x5169, 0x598A, 0x558A, 0x5DAB, 0x59AB,
    0x3461, 0x2062, 0x2883, 0x4D06, 0x5548, 0x5148, 0x28A4, 0x5569,
    0x5D8A, 0x1C20, 0x2020, 0x2862, 0x3083, 0x2CA4, 0x30C5, 0x34E6,
    0x4128, 0x4549, 0x2841, 0x3062, 0x34A4, 0x3CC5, 0x38C5, 0x40E6,
    0x3CA4, 0x48C5, 0x4CE6, 0x5149, 0x5928, 0x0400, 0x0800, 0x0C00,
    0x0C21, 0x1442, 0x1042, 0x1863, 0x0821, 0x24C6, 0x0C42, 0x1063,
    0x20E7, 0x5EB5, 0x3DCE, 0x4A31, 0x4E52, 0x5273, 0x5694, 0x0421,
    0x7FFF,
};
static const uint16_t pal_CRUTBM_P[] = {
    0x0100, 0x0000, 0x1001, 0x0822, 0x001F, 0x0420, 0x18C5, 0x5EF6,
    0x5E6C, 0x628D, 0x6ACF, 0x6AF2, 0x4E2E, 0x6B15, 0x6F36, 0x562B,
    0x5A4C, 0x3546, 0x62B1, 0x66D2, 0x6AF3, 0x666C, 0x626D, 0x6717,
    0x0C41, 0x3126, 0x520C, 0x7F55, 0x6EF3, 0x564F, 0x7336, 0x5ED5,
    0x6F59, 0x4588, 0x7ACF, 0x6ED2, 0x3526, 0x3947, 0x7EF1, 0x6E8F,
    0x7F13, 0x562E, 0x622C, 0x7F35, 0x7F78, 0x55A8, 0x3926, 0x49AA,
    0x7AD1, 0x5A2E, 0x5E4F, 0x7F57, 0x726E, 0x622D, 0x7ED1, 0x7AF3,
    0x7F14, 0x2907, 0x2082, 0x5987, 0x4946, 0x5DA8, 0x3905, 0x3D26,
    0x7A4C, 0x4147, 0x7A8F, 0x4989, 0x7EB0, 0x418A, 0x45AB, 0x6EB2,
    0x6F38, 0x2C81, 0x4D46, 0x71E9, 0x61A8, 0x65C9, 0x61EB, 0x4D89,
    0x7E8F, 0x49CC, 0x4DED, 0x66F6, 0x7359, 0x5103, 0x30A2, 0x34C3,
    0x69C9, 0x4126, 0x760B, 0x4547, 0x3506, 0x51AA, 0x622E, 0x560E,
    0x7AF4, 0x48E3, 0x5125, 0x6166, 0x5546, 0x69A8, 0x2CC4, 0x7A2C,
    0x30E5, 0x69EB, 0x7E4D, 0x3D48, 0x4169, 0x4DCC, 0x6271, 0x3D8B,
    0x6ED4, 0x5E93, 0x6F17, 0x2882, 0x2CA3, 0x4926, 0x34E5, 0x3906,
    0x5589, 0x59AA, 0x3D27, 0x7E6F, 0x20A4, 0x6E4F, 0x4DAB, 0x7ED3,
    0x55ED, 0x3128, 0x6671, 0x3549, 0x66D5, 0x3C81, 0x50E3, 0x2C82,
    0x4D05, 0x6DA9, 0x2083, 0x71EB, 0x3D06, 0x4127, 0x65EC, 0x6E0D,
    0x7E91, 0x6E92, 0x4081, 0x1841, 0x5505, 0x1C62, 0x3CE5, 0x6189,
    0x24A4, 0x760D, 0x762E, 0x59CC, 0x3949, 0x76B3, 0x6EF6, 0x7738,
    0x3CA3, 0x38A3, 0x6989, 0x4506, 0x4D27, 0x71CB, 0x75EC, 0x7A0D,
    0x3507, 0x7A92, 0x3040, 0x40A3, 0x2062, 0x2883, 0x44E5, 0x5148,
    0x28A4, 0x5569, 0x3907, 0x3D49, 0x416A, 0x6AB4, 0x1C20, 0x3C61,
    0x4CC4, 0x2462, 0x30A4, 0x5948, 0x6169, 0x34C5, 0x698A, 0x658A,
    0x6DAB, 0x30C5, 0x38E6, 0x75ED, 0x34E6, 0x4128, 0x4549, 0x3D28,
    0x4DAC, 0x76F6, 0x3483, 0x34A4, 0x3CC5, 0x40E6, 0x4949, 0x558B,
    0x5107, 0x5528, 0x4D28, 0x5D6A, 0x5D49, 0x0400, 0x0800, 0x0C00,
    0x1000, 0x1400, 0x2000, 0x2800, 0x3421, 0x1021, 0x2C63, 0x0C21,
    0x1442, 0x30A5, 0x1042, 0x1863, 0x0821, 0x2084, 0x1C84, 0x1463,
    0x20A5, 0x2CE7, 0x24C6, 0x1884, 0x59EF, 0x1CA5, 0x24E7, 0x396B,
    0x6273, 0x6694, 0x1484, 0x3D8C, 0x2D29, 0x3DAD, 0x6AF7, 0x2929,
    0x316B, 0x5EB5, 0x62F7, 0x6718, 0x0842, 0x2529, 0x2D6B, 0x5EF7,
    0x7FFF,
};
static const uint16_t pal_CRUTDK_P[] = {
    0x0100, 0x0000, 0x70A7, 0x4085, 0x658D, 0x60C8, 0x59AE, 0x5403,
    0x5803, 0x6424, 0x6845, 0x2443, 0x74EA, 0x3064, 0x34C7, 0x516C,
    0x3423, 0x5866, 0x656D, 0x59F0, 0x4403, 0x5C25, 0x3023, 0x3444,
    0x1C43, 0x7719, 0x5046, 0x6868, 0x6A33, 0x5C47, 0x2423, 0x4846,
    0x3845, 0x2844, 0x2085, 0x452B, 0x5C89, 0x5CCB, 0x2403, 0x548A,
    0x6AF8, 0x1823, 0x2C66, 0x5DF2, 0x2065, 0x6550, 0x488A, 0x550E,
    0x2086, 0x1C65, 0x6B19, 0x6172, 0x1464, 0x65D4, 0x34CA, 0x350B,
    0x3849, 0x6E37, 0x48AD, 0x49B0, 0x1023, 0x2C68, 0x1C86, 0x4E12,
    0x1444, 0x5A75, 0x66D8, 0x6297, 0x731B, 0x1845, 0x5634, 0x1C46,
    0x61B6, 0x3D4E, 0x6257, 0x4570, 0x344C, 0x3CCE, 0x1846, 0x28CA,
    0x5E37, 0x6A9A, 0x6699, 0x5E77, 0x775D, 0x2069, 0x5636, 0x6ADB,
    0x294A, 0x41B1, 0x1848, 0x669C, 0x5EB8, 0x45D3, 0x733E, 0x5E99,
    0x28CD, 0x206D, 0x20CA, 0x777F, 0x49B7, 0x6B3B, 0x7BBF, 0x0C44,
    0x2D0F, 0x3991, 0x4E36, 0x5678, 0x5239, 0x5276, 0x62DC, 0x0C27,
    0x0824, 0x186C, 0x0C45, 0x5E9D, 0x0C28, 0x1067, 0x737F, 0x104A,
    0x146C, 0x45F9, 0x0405, 0x671E, 0x6B3F, 0x0828, 0x3593, 0x2511,
    0x2D53, 0x569D, 0x18C6, 0x0C4D, 0x1CD0, 0x3598, 0x1495, 0x1CD3,
    0x0413, 0x0429, 0x0C73, 0x0C6F, 0x2D73, 0x0C65, 0x35B5, 0x3DF8,
    0x463A, 0x4E7C, 0x4216, 0x4E79, 0x5EFE, 0x5ADC, 0x4214, 0x1085,
    0x39D0, 0x318D, 0x4211, 0x004E, 0x39F5, 0x0071, 0x35D3, 0x2D90,
    0x08AF, 0x08AA, 0x212A, 0x1D08, 0x14C5, 0x6374, 0x5B50, 0x464F,
    0x52B2, 0x6B78, 0x73BA, 0x4A8D, 0x5EF7, 0x4AC8, 0x5F14, 0x4AC6,
    0x14C2, 0x422D, 0x56D2, 0x5AF3, 0x56B5, 0x3A06, 0x4E8F, 0x5F13,
    0x1D02, 0x35E2, 0x2123, 0x5F11, 0x5AF1, 0x6333, 0x3A02, 0x56CF,
    0x2962, 0x52AD, 0x31A3, 0x4A64, 0x4224, 0x4A66, 0x7FE0, 0x5285,
    0x1CE2, 0x2943, 0x39C6, 0x2D65, 0x18C3, 0x2945, 0x2105, 0x4A4D,
    0x56B0, 0x5290, 0x4E70, 0x5291, 0x3DED, 0x4A50, 0x5AD4, 0x6316,
    0x6F79, 0x4E72, 0x5AD5, 0x5EF6, 0x41E4, 0x2503, 0x2D45, 0x18A2,
    0x1CC3, 0x2926, 0x18A3, 0x2506, 0x14A5, 0x20E5, 0x7F52, 0x7F0F,
    0x6E04, 0x6A6B, 0x1483, 0x2CE3, 0x7F11, 0x1CC5, 0x20C4, 0x7EAD,
    0x664D, 0x5A0D, 0x7AB1, 0x5E50, 0x7AD4, 0x6A0E, 0x61EE, 0x6630,
    0x7272, 0x7C00, 0x5673, 0x5EB5, 0x62D6, 0x39AD, 0x4A31, 0x737B,
    0x7FFF,
};
static const uint16_t pal_CRUTLX_P[] = {
    0x0100, 0x0000, 0x3801, 0x4885, 0x3422, 0x3022, 0x3443, 0x3C64,
    0x3C85, 0x2801, 0x3043, 0x3864, 0x38A6, 0x4D2A, 0x558D, 0x2001,
    0x3085, 0x2C85, 0x34A6, 0x452A, 0x494B, 0x412A, 0x454B, 0x518D,
    0x55CF, 0x6211, 0x2043, 0x59F0, 0x6253, 0x3844, 0x3865, 0x2464,
    0x456C, 0x3044, 0x3886, 0x3486, 0x3CC8, 0x59AF, 0x1001, 0x3424,
    0x55AF, 0x5DF1, 0x418D, 0x45AE, 0x49CF, 0x3445, 0x3866, 0x3C87,
    0x6654, 0x5E95, 0x49F0, 0x2486, 0x314B, 0x6F3A, 0x316C, 0x6F7A,
    0x3527, 0x1041, 0x3D69, 0x7AF4, 0x30E5, 0x7AD3, 0x30C4, 0x69A9,
    0x34E5, 0x7AB2, 0x7B16, 0x6567, 0x6988, 0x6DA9, 0x65CB, 0x6E0D,
    0x722E, 0x764F, 0x724F, 0x7670, 0x7A91, 0x7EB2, 0x5E0E, 0x72B3,
    0x7AF5, 0x5105, 0x6967, 0x5926, 0x1C62, 0x6589, 0x69AA, 0x69CB,
    0x6DEC, 0x69EC, 0x720D, 0x7A70, 0x7292, 0x76B3, 0x7AD4, 0x7EF5,
    0x7B59, 0x5D05, 0x6126, 0x5D26, 0x6147, 0x6168, 0x6989, 0x598A,
    0x3507, 0x6E2F, 0x6A2F, 0x6E50, 0x7A92, 0x7692, 0x7AB3, 0x6526,
    0x2883, 0x5106, 0x5527, 0x61AB, 0x65CC, 0x720E, 0x69ED, 0x65ED,
    0x722F, 0x7250, 0x7671, 0x5A0F, 0x7B17, 0x7B38, 0x7F59, 0x50A3,
    0x4CC4, 0x54E5, 0x4CE5, 0x5906, 0x5D27, 0x5D48, 0x5948, 0x5D69,
    0x3D07, 0x69CC, 0x4128, 0x496A, 0x51CD, 0x6651, 0x6A72, 0x6251,
    0x7AF6, 0x7F17, 0x72D5, 0x2420, 0x34A4, 0x38C5, 0x4528, 0x516A,
    0x4949, 0x59AC, 0x5DCD, 0x55AC, 0x6A0F, 0x6E51, 0x7272, 0x76B4,
    0x7AD5, 0x4483, 0x48C5, 0x4CE6, 0x5507, 0x5107, 0x5528, 0x5128,
    0x5949, 0x5D6A, 0x5149, 0x556A, 0x5D8B, 0x65CD, 0x65EE, 0x4462,
    0x4C83, 0x54A4, 0x4CA4, 0x48A4, 0x54C5, 0x50C5, 0x4CC5, 0x54E6,
    0x616A, 0x0400, 0x1000, 0x1400, 0x3800, 0x7C00, 0x3C21, 0x3821,
    0x2C21, 0x2821, 0x2021, 0x4042, 0x3C42, 0x3842, 0x4063, 0x2442,
    0x4484, 0x2042, 0x4CA5, 0x2C63, 0x48A5, 0x1C42, 0x2863, 0x44A5,
    0x40A5, 0x2463, 0x3CA5, 0x2C84, 0x40C6, 0x34A5, 0x48E7, 0x1442,
    0x2884, 0x30A5, 0x1C63, 0x38C6, 0x2CA5, 0x3CE7, 0x30C6, 0x28A5,
    0x4529, 0x558C, 0x30E7, 0x59CE, 0x5DEF, 0x6210, 0x7AB5, 0x7ED6,
    0x394A, 0x4DCE, 0x51EF, 0x6E94, 0x6252, 0x7AF7, 0x5631, 0x45CE,
    0x5E73, 0x6294, 0x66B5, 0x5652, 0x6AF7, 0x7339, 0x775A, 0x7B7B,
    0x6B18, 0x7B9C, 0x4610, 0x4A31, 0x5694, 0x62F7, 0x5ED6, 0x6718,
    0x7FFF,
};
static const uint16_t pal_CRUTRR_P[] = {
    0x0100, 0x0000, 0x392A, 0x1864, 0x2086, 0x5253, 0x30C9, 0x356C,
    0x5674, 0x2CC9, 0x24A8, 0x2488, 0x28A9, 0x2489, 0x1866, 0x2088,
    0x24A9, 0x1C87, 0x1465, 0x354D, 0x45D1, 0x314C, 0x5A76, 0x20E8,
    0x292A, 0x358D, 0x5AB6, 0x62F8, 0x288B, 0x248A, 0x2089, 0x24AA,
    0x3D70, 0x396F, 0x41B1, 0x49F3, 0x248B, 0x1C88, 0x3D90, 0x4E14,
    0x398F, 0x354F, 0x45F3, 0x358E, 0x2D4C, 0x5ED8, 0x3180, 0x7FE0,
    0x2949, 0x318B, 0x39CD, 0x7B4C, 0x45C5, 0x41A5, 0x7F2A, 0x770C,
    0x41A6, 0x45C7, 0x7B2E, 0x45A5, 0x7B0C, 0x1061, 0x2D03, 0x66AE,
    0x4186, 0x2D04, 0x3524, 0x728A, 0x4165, 0x51E9, 0x72AD, 0x0820,
    0x24C3, 0x0C41, 0x666D, 0x1461, 0x28E4, 0x1062, 0x55EA, 0x24A2,
    0x28C3, 0x1C82, 0x2CE4, 0x1440, 0x1861, 0x3505, 0x30E4, 0x660B,
    0x0C20, 0x2082, 0x5566, 0x5987, 0x24A3, 0x6A0B, 0x620C, 0x4E30,
    0x1840, 0x5545, 0x1041, 0x5966, 0x34E4, 0x71E9, 0x3D05, 0x5167,
    0x65C9, 0x1462, 0x28C4, 0x764D, 0x4568, 0x4D89, 0x7AB1, 0x55EC,
    0x49CC, 0x2482, 0x5945, 0x6587, 0x75C8, 0x38E4, 0x71C8, 0x28A3,
    0x5146, 0x75E9, 0x5567, 0x6DEA, 0x4126, 0x760B, 0x4547, 0x762C,
    0x3506, 0x3081, 0x2061, 0x38C3, 0x6145, 0x5125, 0x6166, 0x3CE4,
    0x5546, 0x6DA8, 0x69A8, 0x4105, 0x5967, 0x71C9, 0x6DC9, 0x4526,
    0x5D88, 0x2CC4, 0x7A0B, 0x4947, 0x7A2C, 0x30E5, 0x1C83, 0x7E4D,
    0x4D68, 0x6E0C, 0x59CB, 0x3D48, 0x6A4F, 0x14A5, 0x3DEF, 0x1441,
    0x40E4, 0x6D87, 0x5D46, 0x2CA3, 0x5946, 0x71A8, 0x79C9, 0x5D67,
    0x75C9, 0x6588, 0x1862, 0x4926, 0x79EA, 0x30C4, 0x69A9, 0x34E5,
    0x5589, 0x7E6F, 0x20A4, 0x24C5, 0x3C81, 0x2861, 0x40A2, 0x2C82,
    0x40C3, 0x5D25, 0x30A3, 0x4905, 0x5126, 0x6D88, 0x34C4, 0x6988,
    0x4D26, 0x5547, 0x6DA9, 0x5147, 0x38E5, 0x2083, 0x5568, 0x3D06,
    0x4127, 0x5DAA, 0x65CB, 0x7670, 0x4481, 0x48C3, 0x6525, 0x48E4,
    0x38C4, 0x5D47, 0x3CE5, 0x75CA, 0x4106, 0x69AA, 0x65AA, 0x4527,
    0x28C5, 0x2CE6, 0x54C3, 0x3CA3, 0x50E4, 0x6568, 0x2483, 0x4906,
    0x6989, 0x4506, 0x4927, 0x558A, 0x3861, 0x3461, 0x2883, 0x28A4,
    0x2CC5, 0x30E6, 0x4CA3, 0x2462, 0x30A4, 0x2CA4, 0x34C5, 0x4D6A,
    0x7C00, 0x0C21, 0x1042, 0x1863, 0x0821, 0x2CC6, 0x4129, 0x1C84,
    0x414A, 0x3929, 0x45CE, 0x2929, 0x316B, 0x2D4A, 0x4610, 0x4E52,
    0x7FFF,
};
static const uint16_t pal_CRUTSM_P[] = {
    0x0100, 0x0000, 0x552A, 0x512A, 0x40C7, 0x3CC7, 0x4509, 0x4D2A,
    0x596C, 0x4D4B, 0x40E8, 0x3CE8, 0x412A, 0x4D6C, 0x2885, 0x2CA6,
    0x48E9, 0x5D8E, 0x456C, 0x556D, 0x6695, 0x30E8, 0x61F1, 0x7AB7,
    0x34A7, 0x618F, 0x5632, 0x7234, 0x20A6, 0x24C7, 0x1C85, 0x59B0,
    0x6E55, 0x7ED9, 0x518F, 0x28E8, 0x49F0, 0x6696, 0x51F1, 0x7F1B,
    0x7277, 0x418E, 0x314B, 0x0C22, 0x6A15, 0x59D2, 0x7A99, 0x1885,
    0x1CA6, 0x7ADA, 0x5E34, 0x6EB8, 0x2909, 0x2D2A, 0x3DAE, 0x7F7D,
    0x1464, 0x7A79, 0x7ABA, 0x72B9, 0x7679, 0x7A9A, 0x7EBB, 0x7E9B,
    0x312B, 0x1C86, 0x7ABB, 0x76FB, 0x7F9E, 0x0842, 0x1865, 0x7A9B,
    0x5A75, 0x7EBC, 0x7AFC, 0x7F1D, 0x7E9C, 0x7ADC, 0x7EFD, 0x7F7E,
    0x7ABC, 0x7F3E, 0x7EFE, 0x1044, 0x1465, 0x1064, 0x20C8, 0x1485,
    0x1CC7, 0x316C, 0x2D4B, 0x358D, 0x41F0, 0x3DCF, 0x4A32, 0x4E53,
    0x1466, 0x1486, 0x18A7, 0x3DD0, 0x0001, 0x210C, 0x252B, 0x1CE8,
    0x35AE, 0x296F, 0x35D2, 0x31B0, 0x2D8F, 0x254C, 0x35D0, 0x4233,
    0x3A13, 0x296C, 0x4A74, 0x1660, 0x6738, 0x4A0D, 0x522E, 0x4E51,
    0x20E6, 0x45ED, 0x7F13, 0x7F14, 0x4A0F, 0x4989, 0x3527, 0x7AF4,
    0x2D07, 0x28E6, 0x7ED3, 0x3549, 0x7B16, 0x5651, 0x4D8A, 0x7E91,
    0x3107, 0x7EB2, 0x6E92, 0x418B, 0x7E70, 0x2CE6, 0x3528, 0x3D6A,
    0x28A4, 0x3907, 0x7A71, 0x3928, 0x7671, 0x3D49, 0x498B, 0x30C5,
    0x3D07, 0x7A2F, 0x4128, 0x7E50, 0x4549, 0x7A50, 0x3D28, 0x518B,
    0x7E71, 0x4149, 0x55CD, 0x5E30, 0x598B, 0x4D6A, 0x5DCD, 0x660F,
    0x7693, 0x7AB4, 0x5549, 0x596A, 0x618B, 0x556A, 0x65AC, 0x61AC,
    0x69CD, 0x760F, 0x6DEE, 0x61CD, 0x6E0F, 0x65EE, 0x7230, 0x6E30,
    0x7A72, 0x6D8B, 0x69AC, 0x71CD, 0x79EE, 0x75EE, 0x0400, 0x0800,
    0x1400, 0x1800, 0x2400, 0x2800, 0x2C00, 0x3000, 0x3400, 0x3800,
    0x4000, 0x4800, 0x5000, 0x5400, 0x6000, 0x6400, 0x1421, 0x1842,
    0x1442, 0x5129, 0x616B, 0x4508, 0x658C, 0x1042, 0x1863, 0x0821,
    0x2084, 0x4929, 0x618C, 0x4D4A, 0x5D8C, 0x34E7, 0x61AD, 0x24A5,
    0x494A, 0x558C, 0x30E7, 0x1C84, 0x454A, 0x496B, 0x7652, 0x20A5,
    0x2CE7, 0x5DEF, 0x24C6, 0x1884, 0x6631, 0x4DAD, 0x28E7, 0x6A52,
    0x1063, 0x4DCE, 0x20C6, 0x76D6, 0x354A, 0x24E7, 0x18A5, 0x4E10,
    0x5231, 0x5652, 0x398C, 0x5A73, 0x20E7, 0x45EF, 0x2508, 0x5EB5,
    0x7FFF,
};
static const uint16_t pal_CRUTYK_P[] = {
    0x0100, 0x0000, 0x0000, 0x0000, 0x0C21, 0x0C41, 0x1041, 0x1062,
    0x1063, 0x1400, 0x1420, 0x1441, 0x1462, 0x1463, 0x1484, 0x1485,
    0x1441, 0x1800, 0x1841, 0x1862, 0x1882, 0x1883, 0x18A4, 0x1861,
    0x1841, 0x1C00, 0x1C41, 0x1C62, 0x1C82, 0x1C83, 0x1CC5, 0x1CC7,
    0x2000, 0x2020, 0x20A4, 0x20C5, 0x20C6, 0x20E7, 0x2108, 0x2062,
    0x2400, 0x2441, 0x2462, 0x2482, 0x24A3, 0x24A5, 0x24E7, 0x2508,
    0x2482, 0x2800, 0x2820, 0x2821, 0x2841, 0x2842, 0x2883, 0x28A3,
    0x28C4, 0x28C5, 0x2907, 0x2928, 0x2929, 0x2949, 0x2C00, 0x2C21,
    0x2C83, 0x2CA4, 0x2CA5, 0x2CC3, 0x2CC6, 0x2CE7, 0x2D08, 0x2D09,
    0x2D29, 0x2D49, 0x2D4A, 0x2D6A, 0x3000, 0x3062, 0x3083, 0x30A3,
    0x30A4, 0x30C4, 0x30C5, 0x30E5, 0x30E7, 0x3108, 0x3149, 0x314A,
    0x316A, 0x316B, 0x318B, 0x30A4, 0x3400, 0x3461, 0x3482, 0x34A3,
    0x34A4, 0x34C4, 0x34E4, 0x34E5, 0x3507, 0x354A, 0x356B, 0x358B,
    0x358C, 0x35AD, 0x3800, 0x3883, 0x38C4, 0x38E5, 0x38E6, 0x3907,
    0x3908, 0x394A, 0x396B, 0x398C, 0x39AC, 0x39AD, 0x3CC3, 0x3CC4,
    0x3CE4, 0x3CE5, 0x3D05, 0x3D08, 0x3D29, 0x3D69, 0x3D6A, 0x3D6B,
    0x3D8B, 0x3D8C, 0x3DAD, 0x3DCD, 0x3DCE, 0x40C3, 0x40C4, 0x40E4,
    0x40E5, 0x4129, 0x416B, 0x418C, 0x41AD, 0x4482, 0x44E4, 0x44E5,
    0x4505, 0x4506, 0x4547, 0x4569, 0x4589, 0x45AD, 0x45EF, 0x460F,
    0x4633, 0x48C3, 0x48E4, 0x4925, 0x4926, 0x49AD, 0x49CE, 0x4A0F,
    0x4A10, 0x4D04, 0x4D05, 0x4D25, 0x4D26, 0x4D47, 0x4D68, 0x4DAB,
    0x4DCE, 0x4DEF, 0x4E10, 0x4E52, 0x5126, 0x5146, 0x5147, 0x5167,
    0x51AA, 0x5230, 0x5231, 0x5525, 0x5547, 0x5567, 0x5568, 0x5589,
    0x562F, 0x5652, 0x5673, 0x5694, 0x5946, 0x5967, 0x5968, 0x5988,
    0x5989, 0x5A93, 0x5AB6, 0x5AD7, 0x5D46, 0x5D67, 0x5D88, 0x5DA9,
    0x5DAA, 0x5E71, 0x5EB4, 0x5EB5, 0x5EF8, 0x6187, 0x6188, 0x61A8,
    0x61A9, 0x62D5, 0x62D6, 0x62F7, 0x62F8, 0x6587, 0x65A8, 0x65AA,
    0x65C9, 0x65CA, 0x65EC, 0x660D, 0x66F7, 0x6718, 0x6739, 0x69A9,
    0x69C9, 0x69CA, 0x69EB, 0x6A2E, 0x6AF6, 0x6B39, 0x6DC9, 0x6DEA,
    0x6DEB, 0x6E0B, 0x6E0C, 0x6E90, 0x6F7A, 0x71EA, 0x720B, 0x720C,
    0x722C, 0x722D, 0x722E, 0x760B, 0x760C, 0x762D, 0x764E, 0x7A2C,
    0x7A4D, 0x7A4E, 0x7A6F, 0x7A90, 0x7BDE, 0x7E6E, 0x7E6F, 0x7ED2,
    0x7FFF,
};
static const uint16_t pal_CRUTUN_P[] = {
    0x0100, 0x0000, 0x0000, 0x0000, 0x0000, 0x0000, 0x0000, 0x0000,
    0x0000, 0x0000, 0x0000, 0x0000, 0x0000, 0x0000, 0x0000, 0x0000,
    0x0000, 0x0000, 0x0000, 0x0000, 0x0000, 0x0000, 0x0000, 0x0000,
    0x0000, 0x0000, 0x0000, 0x0000, 0x0000, 0x0000, 0x0000, 0x0000,
    0x0000, 0x0000, 0x0000, 0x0000, 0x0000, 0x0000, 0x0000, 0x0000,
    0x0000, 0x0000, 0x0000, 0x0000, 0x0000, 0x0000, 0x0000, 0x0000,
    0x0000, 0x0000, 0x0000, 0x0000, 0x0000, 0x0000, 0x0000, 0x0000,
    0x0000, 0x0000, 0x0000, 0x0000, 0x0020, 0x0400, 0x0420, 0x0421,
    0x0441, 0x0800, 0x0820, 0x0841, 0x0842, 0x0C00, 0x0C41, 0x0C42,
    0x0C62, 0x0C63, 0x0C62, 0x0C41, 0x0C62, 0x0C83, 0x1062, 0x1000,
    0x1041, 0x1062, 0x1062, 0x1083, 0x1062, 0x1062, 0x1062, 0x1062,
    0x1420, 0x1484, 0x14A4, 0x1484, 0x14A4, 0x1800, 0x1861, 0x18A4,
    0x18A5, 0x18C5, 0x18C6, 0x18E6, 0x1C83, 0x1CA3, 0x1CC5, 0x1CC6,
    0x1CE7, 0x1D07, 0x2040, 0x2060, 0x20A4, 0x20C4, 0x20C5, 0x20E6,
    0x20E7, 0x2107, 0x2108, 0x2460, 0x24C5, 0x24E5, 0x24E6, 0x2508,
    0x2528, 0x2529, 0x2549, 0x2860, 0x28C4, 0x2928, 0x2929, 0x2949,
    0x294A, 0x296A, 0x296B, 0x2C80, 0x2CE5, 0x2D06, 0x2D4A, 0x2D6B,
    0x30A1, 0x316A, 0x316B, 0x316C, 0x318B, 0x318C, 0x34C2, 0x3504,
    0x3527, 0x358B, 0x358C, 0x35AC, 0x35AD, 0x35CD, 0x38C2, 0x38E2,
    0x38E3, 0x3905, 0x3926, 0x3969, 0x39AD, 0x39CE, 0x3CE2, 0x3D04,
    0x3D05, 0x3D24, 0x3D25, 0x3D47, 0x3DCE, 0x3DCF, 0x3DEE, 0x3DEF,
    0x4103, 0x4104, 0x4125, 0x4126, 0x4147, 0x41AA, 0x41CF, 0x41EF,
    0x41F0, 0x4210, 0x4524, 0x4545, 0x4546, 0x4568, 0x4589, 0x4610,
    0x4611, 0x4630, 0x4631, 0x4944, 0x4945, 0x4946, 0x4967, 0x49A9,
    0x49CB, 0x4A0F, 0x4A31, 0x4A52, 0x4A53, 0x4D65, 0x4D66, 0x4D87,
    0x4D88, 0x4DA9, 0x4DAA, 0x4E52, 0x4E73, 0x4E94, 0x5166, 0x5186,
    0x5187, 0x5188, 0x51A8, 0x51A9, 0x5273, 0x5293, 0x5294, 0x5586,
    0x55A7, 0x55A8, 0x55CA, 0x55EB, 0x55EC, 0x5693, 0x5694, 0x5695,
    0x56B4, 0x56B5, 0x59C9, 0x59EA, 0x5A0D, 0x5AB5, 0x5AD5, 0x5AD6,
    0x5DC8, 0x5DC9, 0x5DEA, 0x5DEB, 0x5E0B, 0x5E0D, 0x5ED6, 0x5EF6,
    0x5EF7, 0x61E9, 0x61EA, 0x620A, 0x620B, 0x622C, 0x62F7, 0x662C,
    0x664D, 0x664E, 0x6718, 0x6A2B, 0x6A2C, 0x6E4D, 0x6E6D, 0x6E6E,
    0x7FFF,
};
static const uint16_t pal_CRHI_B_P[] = {
    0x0003, 0x2D6B, 0x001F, 0x7FFF,
};
static const uint16_t pal_CRHI_R_P[] = {
    0x0003, 0x2D6B, 0x7C00, 0x7FFF,
};
static const uint16_t pal_robo_p[] = {
    0x0010, 0x0000, 0x7C00, 0x7DA0, 0x7C1F, 0x7DC0, 0x7FE1, 0x03E0,
    0x001F, 0x3DEF, 0x7FFF, 0x00F9, 0x6001, 0x073F, 0x784B, 0x7951,
    0x6300,
};
static const uint16_t pal_OSGEMD[] = {
    0x002B, 0x212B, 0x7F25, 0x675B, 0x673B, 0x633A, 0x5F1A, 0x5AFA,
    0x56DA, 0x52DA, 0x52BA, 0x4E9A, 0x4A79, 0x4678, 0x4657, 0x4237,
    0x3E16, 0x3A15, 0x35D3, 0x31D2, 0x2DB1, 0x2990, 0x256F, 0x214E,
    0x214D, 0x1D2C, 0x77BD, 0x14C8, 0x0000, 0x0C63, 0x20E6, 0x6180,
    0x5D40, 0x54E0, 0x5100, 0x48A0, 0x4480, 0x4060, 0x3820, 0x3400,
    0x3000, 0x2800, 0x2000, 0x6E46,
};
static const uint16_t pal_ORANGPAL[] = {
    0x002B, 0x212B, 0x7FA0, 0x7F30, 0x7F10, 0x7EEF, 0x7E8B, 0x7ECB,
    0x7EC0, 0x7EC0, 0x7E60, 0x7E20, 0x7E00, 0x7DE0, 0x7DC0, 0x7DA0,
    0x7D80, 0x7D60, 0x6180, 0x6180, 0x5D60, 0x5940, 0x5520, 0x5100,
    0x5100, 0x4CE0, 0x7FFE, 0x14C8, 0x0000, 0x0C63, 0x20E6, 0x6180,
    0x5D40, 0x54E0, 0x50C0, 0x48A0, 0x4480, 0x4060, 0x3820, 0x3400,
    0x3000, 0x2800, 0x2000, 0x6E47,
};
static const uint16_t pal_GREENPAL[] = {
    0x002B, 0x212B, 0x7F25, 0x4FEA, 0x436A, 0x4389, 0x3FA9, 0x33E9,
    0x33C9, 0x2FC9, 0x2326, 0x3386, 0x2F65, 0x2B44, 0x2323, 0x2303,
    0x22C2, 0x2281, 0x2240, 0x2240, 0x2220, 0x2200, 0x21E0, 0x21C0,
    0x21C0, 0x21A0, 0x7FF9, 0x14C8, 0x0000, 0x0C63, 0x20E6, 0x6180,
    0x5D40, 0x54E0, 0x50C0, 0x48A0, 0x4480, 0x4060, 0x3820, 0x3400,
    0x3000, 0x2800, 0x2000, 0x6E47,
};
static const uint16_t pal_BLUE[] = {
    0x002B, 0x212B, 0x7F25, 0x63BF, 0x539F, 0x4F9F, 0x4B7F, 0x4B3F,
    0x0F3F, 0x0F3F, 0x02BF, 0x02FF, 0x02BF, 0x029F, 0x027F, 0x025F,
    0x023F, 0x021E, 0x01DC, 0x01DB, 0x01BA, 0x0199, 0x0178, 0x0157,
    0x0156, 0x0135, 0x7BDF, 0x14C8, 0x0000, 0x0C63, 0x20E6, 0x6180,
    0x5D40, 0x54E0, 0x50C0, 0x48A0, 0x4480, 0x4060, 0x3820, 0x3400,
    0x3000, 0x2800, 0x2000, 0x6E47,
};
static const uint16_t pal_REDPAL[] = {
    0x002B, 0x212B, 0x7F25, 0x7E2E, 0x7DED, 0x7DAC, 0x7D8B, 0x7DCD,
    0x79AD, 0x75AD, 0x758D, 0x7929, 0x7508, 0x70E7, 0x6CE6, 0x68E6,
    0x64A4, 0x6084, 0x38A2, 0x54A2, 0x50A2, 0x4CA2, 0x48A2, 0x44A2,
    0x44A2, 0x2CA2, 0x7F39, 0x14C8, 0x0000, 0x0C63, 0x20E6, 0x6180,
    0x5D40, 0x54E0, 0x50C0, 0x48A0, 0x4480, 0x4060, 0x3820, 0x3400,
    0x3000, 0x2800, 0x2000, 0x6E47,
};
static const uint16_t pal_WHITEPAL[] = {
    0x002B, 0x212B, 0x7F25, 0x7BFF, 0x7BDF, 0x77DE, 0x73BE, 0x6F9E,
    0x6B7E, 0x677E, 0x675E, 0x5F18, 0x5AF7, 0x56F6, 0x56D5, 0x52B5,
    0x4E94, 0x4A93, 0x4651, 0x4250, 0x3E2F, 0x3A0E, 0x35ED, 0x31CC,
    0x31CB, 0x2DAA, 0x7FFF, 0x14C8, 0x0000, 0x0C63, 0x20E6, 0x6180,
    0x5D40, 0x54E0, 0x50C0, 0x48A0, 0x4480, 0x4060, 0x3820, 0x3400,
    0x3000, 0x2800, 0x2000, 0x6E47,
};
static const uint16_t pal_PURPLE[] = {
    0x002B, 0x212B, 0x7F25, 0x7E1F, 0x7DFF, 0x7DFF, 0x7DDF, 0x79BF,
    0x759F, 0x719F, 0x681D, 0x701E, 0x6C1D, 0x681C, 0x641B, 0x601A,
    0x5C19, 0x5417, 0x4C16, 0x4815, 0x4414, 0x4013, 0x3C12, 0x3811,
    0x3810, 0x340F, 0x7FBE, 0x14C8, 0x0000, 0x0C63, 0x20E6, 0x6180,
    0x5D40, 0x54E0, 0x50C0, 0x48A0, 0x4480, 0x4060, 0x3820, 0x3400,
    0x3000, 0x2800, 0x2000, 0x6E47,
};
static const uint16_t pal_TURQUSE[] = {
    0x002B, 0x212B, 0x7F25, 0x4FFE, 0x4FDC, 0x4FBB, 0x4F9A, 0x1FFE,
    0x1BFE, 0x17FE, 0x0339, 0x0398, 0x0377, 0x0356, 0x0335, 0x0314,
    0x02F3, 0x02D2, 0x0252, 0x0251, 0x0230, 0x020F, 0x01EE, 0x01CD,
    0x01CC, 0x01AB, 0x77FF, 0x14C8, 0x0000, 0x0C63, 0x20E6, 0x6180,
    0x5D40, 0x54E0, 0x50C0, 0x48A0, 0x4480, 0x4060, 0x3820, 0x3400,
    0x3000, 0x2800, 0x2000, 0x6E47,
};
static const uint16_t pal_RUBYPAL[] = {
    0x002B, 0x212B, 0x7F25, 0x7E53, 0x7E33, 0x7E32, 0x7E12, 0x7DF2,
    0x7DD2, 0x7DD2, 0x7D70, 0x7D2F, 0x790E, 0x78ED, 0x78CC, 0x74AB,
    0x708A, 0x6C48, 0x6889, 0x6488, 0x6087, 0x5C86, 0x5885, 0x5484,
    0x5484, 0x5084, 0x7FBD, 0x14C8, 0x0000, 0x0C63, 0x20E6, 0x6180,
    0x5D40, 0x54E0, 0x50C0, 0x48A0, 0x4480, 0x4060, 0x3820, 0x3400,
    0x3000, 0x2800, 0x2000, 0x6E47,
};
static const uint16_t pal_AQUAPAL[] = {
    0x002B, 0x212B, 0x7F25, 0x33FF, 0x33FF, 0x2FFF, 0x2BFF, 0x27FF,
    0x23FF, 0x1FFF, 0x035F, 0x033F, 0x031E, 0x02FF, 0x02DE, 0x02BD,
    0x029C, 0x025B, 0x027C, 0x027D, 0x025E, 0x0236, 0x0215, 0x01F4,
    0x01F3, 0x01D2, 0x67FF, 0x14C8, 0x0000, 0x0C63, 0x20E6, 0x6180,
    0x5D40, 0x54E0, 0x50C0, 0x48A0, 0x4480, 0x4060, 0x3820, 0x3400,
    0x3000, 0x2800, 0x2000, 0x6E47,
};
static const uint16_t pal_WHITE2PAL[] = {
    0x002B, 0x212B, 0x7F25, 0x7BFF, 0x7BDF, 0x77DE, 0x73BE, 0x6F9E,
    0x6B7E, 0x677E, 0x675E, 0x7FFF, 0x7FFF, 0x7FFF, 0x7FFF, 0x7FFF,
    0x7FFF, 0x7FFF, 0x7FFF, 0x7FFF, 0x7FFF, 0x7FFF, 0x7FFF, 0x7FFF,
    0x7FFF, 0x7FFE, 0x7FFF, 0x14C8, 0x0000, 0x0C63, 0x20E6, 0x6180,
    0x5D40, 0x54E0, 0x50C0, 0x48A0, 0x4480, 0x4060, 0x3820, 0x3400,
    0x3000, 0x2800, 0x2000, 0x6E47,
};
static const uint16_t pal_GOLD[] = {
    0x002B, 0x212B, 0x7F63, 0x7FA5, 0x7F85, 0x7F84, 0x7F64, 0x7F44,
    0x7F24, 0x7F24, 0x7EE0, 0x7EC0, 0x7AA0, 0x7680, 0x7660, 0x7240,
    0x6E40, 0x6E00, 0x6600, 0x6200, 0x5DE0, 0x59C0, 0x55A0, 0x5180,
    0x5180, 0x4D60, 0x77BD, 0x14C8, 0x0000, 0x0C63, 0x20E6, 0x6180,
    0x5D40, 0x54E0, 0x50C0, 0x48A0, 0x4480, 0x4060, 0x3820, 0x3400,
    0x3000, 0x2800, 0x2000, 0x6E47,
};
static const uint16_t pal_REDPAL2[] = {
    0x002B, 0x0000, 0x7F25, 0x7E79, 0x7E59, 0x7E58, 0x7E38, 0x7E18,
    0x7DF8, 0x7DF8, 0x7D96, 0x7D55, 0x7D34, 0x7D13, 0x7CF2, 0x7CD1,
    0x7CB0, 0x7C6E, 0x7CAF, 0x7CAE, 0x7CAD, 0x7CAC, 0x78AB, 0x74AA,
    0x74AA, 0x70AA, 0x7FBD, 0x14C8, 0x0000, 0x0C63, 0x20E6, 0x6180,
    0x5D40, 0x54E0, 0x50C0, 0x48A0, 0x4480, 0x4060, 0x3820, 0x3400,
    0x3000, 0x2800, 0x2000, 0x6E47,
};
static const uint16_t pal_WINFONT[] = {
    0x0003, 0x2D6B, 0x7FA0, 0x1020,
};
static const uint16_t pal_FNT9WHT_P[] = {
    0x0003, 0x2D6B, 0x0000, 0x7FFF,
};
static const uint16_t pal_FNT9RED_P[] = {
    0x0003, 0x2D6B, 0x0000, 0x7C00,
};
static const uint16_t pal_FNT9WHT2P[] = {
    0x0003, 0x2D6B, 0x0000, 0x7FFF,
};
static const uint16_t pal_FNT9YEL_P[] = {
    0x0003, 0x2D6B, 0x0000, 0x7FE0,
};
static const uint16_t pal_FNT9PRP_P[] = {
    0x0003, 0x2D6B, 0x0000, 0x7C1F,
};
static const uint16_t pal_WSF_W_P[] = {
    0x0003, 0x318C, 0x7FFF, 0x0000,
};
static const uint16_t pal_WSF_Y_P[] = {
    0x0003, 0x0000, 0x7FE0, 0x0000,
};
static const uint16_t pal_WSF_R_P[] = {
    0x0003, 0x0000, 0x7C00, 0x0000,
};
static const uint16_t pal_WGFS_W_P[] = {
    0x000A, 0x318C, 0x7FFF, 0x7BDE, 0x739C, 0x6F7B, 0x6B5A, 0x6739,
    0x5EF7, 0x5AD6, 0x0000,
};
static const uint16_t pal_WGSF_B_P[] = {
    0x000A, 0x0000, 0x7FFF, 0x77DF, 0x6B9E, 0x637E, 0x5B5E, 0x533E,
    0x46FD, 0x42DC, 0x0000,
};
static const uint16_t pal_WGSF_P_P[] = {
    0x000A, 0x0000, 0x7FFF, 0x7FBF, 0x7B5E, 0x7B1E, 0x7ADE, 0x76BD,
    0x6E7B, 0x6A5A, 0x0000,
};
static const uint16_t pal_WGSF_Y_P[] = {
    0x000A, 0x0000, 0x7FE0, 0x7FC0, 0x7F80, 0x7F60, 0x7F40, 0x7F20,
    0x7EE0, 0x7EC0, 0x0000,
};
static const uint16_t pal_WGSF_R_P[] = {
    0x000A, 0x0000, 0x7C00, 0x7800, 0x7000, 0x6C00, 0x6800, 0x6400,
    0x5C00, 0x5800, 0x0000,
};
static const uint16_t pal_SGMD8RED[] = {
    0x000C, 0x212B, 0x7CA0, 0x0000, 0x7D4A, 0x7D29, 0x7D08, 0x7CE7,
    0x7CC6, 0x7CA5, 0x7C63, 0x7C42, 0x7C00,
};
static const uint16_t pal_SGMD8YEL[] = {
    0x0010, 0x0000, 0x7F25, 0x0000, 0x7FE0, 0x7FC0, 0x7FA0, 0x7F80,
    0x7F60, 0x7F40, 0x7F20, 0x7F00, 0x7EE0, 0x02E0, 0x7FFF, 0x6940,
    0x027B,
};
static const uint16_t pal_SGMD8BLU[] = {
    0x000C, 0x212B, 0x7F25, 0x0000, 0x3EDF, 0x3ABE, 0x36BE, 0x327C,
    0x2A5B, 0x263A, 0x2218, 0x1E18, 0x1DF8,
};
static const uint16_t pal_SGMD8VIO[] = {
    0x000C, 0x212B, 0x7F25, 0x0000, 0x641F, 0x601F, 0x5C1F, 0x581F,
    0x501F, 0x4C1F, 0x481F, 0x441F, 0x441F,
};
static const uint16_t pal_SGMD8WHT[] = {
    0x000C, 0x212B, 0x7F25, 0x0000, 0x7FFF, 0x7BDE, 0x77BD, 0x739C,
    0x6F7B, 0x6B5A, 0x6318, 0x5EF7, 0x5AD6,
};
static const uint16_t pal_SGMD8GRY[] = {
    0x000C, 0x212B, 0x7F25, 0x0000, 0x6739, 0x6318, 0x5EF7, 0x5AD6,
    0x56B5, 0x5294, 0x4E73, 0x4A52, 0x4631,
};
static const uint16_t pal_SGMD8WHT2[] = {
    0x000C, 0x0000, 0x7F25, 0x0000, 0x7FFF, 0x7FFF, 0x7FFF, 0x7FFF,
    0x7FFF, 0x7BDE, 0x739C, 0x6F7B, 0x6B5A,
};
static const uint16_t pal_SGMD8RED2[] = {
    0x000C, 0x0000, 0x7CA0, 0x0000, 0x7CE7, 0x7CC6, 0x7CA5, 0x7C84,
    0x7C63, 0x7C42, 0x7C00, 0x7C00, 0x7C00,
};
static const uint16_t pal_SGMD8GLD[] = {
    0x000C, 0x212B, 0x7F25, 0x0000, 0x7F40, 0x7F20, 0x7F20, 0x7EE0,
    0x7EC0, 0x7EA0, 0x7E80, 0x7E80, 0x7E60,
};
static const uint16_t pal_DUXPAL[] = {
    0x000B, 0x0000, 0x7C00, 0x6739, 0x001F, 0x35AD, 0x77A0, 0x741A,
    0x001A, 0x0015, 0x0010, 0x000B,
};
static const uint16_t pal_HORZTRN1P[] = {
    0x001F, 0x318C, 0x204E, 0x202E, 0x246F, 0x2490, 0x2890, 0x2470,
    0x2CB1, 0x2C91, 0x2C90, 0x2CB2, 0x242F, 0x202F, 0x1C2E, 0x204F,
    0x38D2, 0x3091, 0x3090, 0x3491, 0x3490, 0x38D1, 0x34B1, 0x286F,
    0x140D, 0x30F4, 0x40F7, 0x100B, 0x0C0A, 0x0408, 0x5134, 0x7FFF,
};
static const uint16_t pal_DIAGP[] = {
    0x001D, 0x0000, 0x56B5, 0x7BDE, 0x7800, 0x7640, 0x77A0, 0x03C0,
    0x001E, 0x3A8E, 0x035E, 0x35AD, 0x6F00, 0x033F, 0x79F7, 0x781E,
    0x677F, 0x6F9F, 0x7FFF, 0x25DA, 0x0004, 0x0000, 0x0043, 0xBF79,
    0xFCAB, 0xD306, 0x12A6, 0x6FB1, 0x7C00, 0x03E0,
};
static const uint16_t pal_LAVA1_P[] = {
    0x0009, 0x0000, 0x7CA2, 0x6802, 0x4865, 0x4065, 0x3444, 0x2C44,
    0x2443, 0x1C22,
};
static const uint16_t pal_LAVA2_P[] = {
    0x0009, 0x0000, 0x7881, 0x6401, 0x4444, 0x3C44, 0x3023, 0x2823,
    0x2022, 0x1801,
};
static const uint16_t pal_LAVA3_P[] = {
    0x0009, 0x0000, 0x74A2, 0x6002, 0x4065, 0x3865, 0x2C44, 0x2444,
    0x1C43, 0x1422,
};
static const uint16_t pal_LAVA4_P[] = {
    0x0009, 0x0000, 0x70A2, 0x5C02, 0x3C65, 0x3465, 0x2844, 0x2044,
    0x1843, 0x1022,
};
static const uint16_t pal_LAVA5_P[] = {
    0x0009, 0x0000, 0x6CA2, 0x5802, 0x3865, 0x3065, 0x2444, 0x1C44,
    0x1443, 0x0C22,
};
static const uint16_t pal_LAVA6_P[] = {
    0x0009, 0x0000, 0x68A2, 0x5402, 0x3465, 0x2C65, 0x2044, 0x1844,
    0x1043, 0x0822,
};
static const uint16_t pal_LAVA7_P[] = {
    0x0009, 0x0000, 0x64A2, 0x5002, 0x3065, 0x2865, 0x1C44, 0x1444,
    0x0C43, 0x0422,
};
static const uint16_t pal_LAVA8_P[] = {
    0x0009, 0x0000, 0x60A2, 0x4C02, 0x2C65, 0x2465, 0x1844, 0x1044,
    0x0843, 0x0022,
};
static const uint16_t pal_LAVA9_P[] = {
    0x0009, 0x0000, 0x40A2, 0x2C02, 0x0C65, 0x0465, 0x0044, 0x0044,
    0x0043, 0x0022,
};
static const uint16_t pal_LAVA10_P[] = {
    0x0009, 0x0000, 0x58A2, 0x4402, 0x2465, 0x1C65, 0x1044, 0x0844,
    0x0043, 0x0022,
};
static const uint16_t pal_BARB_P[] = {
    0x000F, 0x0000, 0x5EFF, 0x4E7F, 0x35BE, 0x295D, 0x211C, 0x0016,
    0x0014, 0x0011, 0x000F, 0x000D, 0x000B, 0x0009, 0x0007, 0x0421,
};
static const uint16_t pal_FLASHP_P[] = {
    0x0030, 0x0000, 0x6F7C, 0x6F3C, 0x6EFC, 0x6EBC, 0x6E7C, 0x6E3C,
    0x6DFC, 0x6DBC, 0x6D7C, 0x6D5C, 0x6D1C, 0x6CBC, 0x6C9C, 0x6C3C,
    0x6C1C, 0x6C1C, 0x681B, 0x6019, 0x5C18, 0x5416, 0x4C14, 0x4412,
    0x3C10, 0x380F, 0x300D, 0x280B, 0x240A, 0x1807, 0x1406, 0x1005,
    0x0000, 0x7FFF, 0x7FFA, 0x7FF6, 0x7FF1, 0x7FED, 0x7FE8, 0x7FE4,
    0x7FE0, 0x7B80, 0x7700, 0x72C1, 0x6E62, 0x6A22, 0x65C3, 0x6183,
    0x6164,
};
static const uint16_t pal_FLASHR_P[] = {
    0x0030, 0x0000, 0x7FDE, 0x7F9C, 0x7F5A, 0x7F18, 0x7ED6, 0x7E94,
    0x7E52, 0x7E10, 0x7DCE, 0x7DAD, 0x7D6B, 0x7929, 0x7908, 0x74C6,
    0x74A5, 0x6CA5, 0x6884, 0x6084, 0x5C84, 0x5863, 0x5063, 0x4C42,
    0x4442, 0x4042, 0x3C21, 0x3421, 0x3021, 0x2800, 0x2400, 0x2000,
    0x0000, 0x7FFF, 0x7FDB, 0x7FB6, 0x7FB2, 0x7B8E, 0x7B6A, 0x7B46,
    0x7B42, 0x76E2, 0x72A2, 0x7262, 0x6E23, 0x6A03, 0x65C3, 0x65A3,
    0x6164,
};
static const uint16_t pal_DPLT_R_P[] = {
    0x001F, 0x0000, 0x7FDE, 0x7F9C, 0x7F5A, 0x7F18, 0x7ED6, 0x7E94,
    0x7E52, 0x7E10, 0x7DCE, 0x7DAD, 0x7D6B, 0x7929, 0x7908, 0x74C6,
    0x74A5, 0x6CA5, 0x6884, 0x6084, 0x5C84, 0x5863, 0x5063, 0x4C42,
    0x4442, 0x4042, 0x3C21, 0x3421, 0x3021, 0x2800, 0x2400, 0x2000,
};
static const uint16_t pal_SWWFBB_P[] = {
    0x0020, 0x318C, 0x7B8A, 0x7B73, 0x7B2F, 0x7AE9, 0x6EEF, 0x62AE,
    0x6E8B, 0x6E65, 0x5E4A, 0x6226, 0x59E4, 0x41E8, 0x5961, 0x4D21,
    0x4164, 0x3947, 0x3944, 0x4101, 0x2905, 0x30C2, 0x20A1, 0x099F,
    0x109F, 0x211A, 0x1099, 0x04B6, 0x0914, 0x0432, 0x042C, 0x0066,
    0x02C2,
};
static const uint16_t pal_SPLOG01P[] = {
    0x0012, 0x318C, 0x6739, 0x5EF7, 0x56B5, 0x4A52, 0x35AD, 0x2529,
    0x0013, 0x0011, 0x000F, 0x000D, 0x3193, 0x18D9, 0x18D3, 0x18CC,
    0x0009, 0x0005, 0x0001,
};
static const uint16_t pal_SPLOG02P[] = {
    0x002A, 0x318C, 0x7FFF, 0x77BD, 0x6F7B, 0x6739, 0x5EF7, 0x56B5,
    0x4A52, 0x35AD, 0x2529, 0x001F, 0x001D, 0x001A, 0x0017, 0x0015,
    0x0013, 0x0011, 0x000F, 0x000D, 0x673F, 0x4E7F, 0x4E79, 0x3279,
    0x319F, 0x4D99, 0x30DF, 0x3199, 0x18DF, 0x1999, 0x3193, 0x30D9,
    0x1993, 0x3019, 0x18D9, 0x00D9, 0x30D3, 0x1819, 0x18D3, 0x18CC,
    0x0009, 0x0005, 0x0001,
};
static const uint16_t pal_SPLOG03P[] = {
    0x0012, 0x0000, 0x6739, 0x5EF7, 0x56B5, 0x4A52, 0x35AD, 0x2529,
    0x0013, 0x0011, 0x000F, 0x000D, 0x3193, 0x30D3, 0x18D3, 0x18CC,
    0x0009, 0x0005, 0x0001,
};
static const uint16_t pal_SPLOG04P[] = {
    0x0040, 0x0000, 0x7FFF, 0x77BD, 0x6F7B, 0x6739, 0x5EF7, 0x56B5,
    0x4A52, 0x35AD, 0x2529, 0x7F39, 0x7E73, 0x7E6C, 0x6673, 0x666C,
    0x7D86, 0x7CC6, 0x658C, 0x7CC0, 0x6586, 0x6580, 0x64C6, 0x4D8C,
    0x64C0, 0x4D86, 0x4CCC, 0x4CC6, 0x4CC0, 0x4C06, 0x3400, 0x6800,
    0x5C00, 0x5400, 0x4C00, 0x4400, 0x001F, 0x001D, 0x001A, 0x0017,
    0x0015, 0x0013, 0x0011, 0x000D, 0x4F33, 0x4E7F, 0x4E79, 0x3279,
    0x3199, 0x1999, 0x3193, 0x1993, 0x18D9, 0x30D3, 0x18D3, 0x00D3,
    0x18CC, 0x0009, 0x0005, 0x0001, 0x4E6C, 0x67FF, 0x4F39, 0x3273,
    0x198C,
};
static const uint16_t pal_SPLOG05P[] = {
    0x003D, 0x0000, 0x7FFF, 0x77BD, 0x6F7B, 0x6739, 0x5EF7, 0x56B5,
    0x4A52, 0x7F39, 0x7F33, 0x7E73, 0x7E6C, 0x6673, 0x666C, 0x7D8C,
    0x7D86, 0x7CC6, 0x658C, 0x7CC0, 0x7C06, 0x64CC, 0x64C6, 0x64C0,
    0x7C00, 0x7400, 0x6800, 0x5C00, 0x001F, 0x001D, 0x001A, 0x0017,
    0x0015, 0x0013, 0x0011, 0x000D, 0x67F9, 0x673F, 0x4F3F, 0x667F,
    0x4E7F, 0x327F, 0x4E79, 0x1A7F, 0x3279, 0x319F, 0x199F, 0x3199,
    0x18DF, 0x1999, 0x3193, 0x00DF, 0x181F, 0x18D9, 0x00D9, 0x0009,
    0x0005, 0x0001, 0x7FF9, 0x6733, 0x67FF, 0x4F39,
};
static const uint16_t pal_SPLOG06P[] = {
    0x0033, 0x318C, 0x7FFF, 0x77BD, 0x6F7B, 0x5EF7, 0x4A52, 0x7F39,
    0x7F33, 0x7E73, 0x7E6C, 0x7D93, 0x666C, 0x7D8C, 0x7D86, 0x7D80,
    0x7CC6, 0x7CC0, 0x30C6, 0x3400, 0x2400, 0x1400, 0x7C00, 0x7400,
    0x6800, 0x5C00, 0x5400, 0x4C00, 0x4400, 0x001F, 0x001D, 0x001A,
    0x0017, 0x0015, 0x0013, 0x0011, 0x000D, 0x673F, 0x4F3F, 0x4E7F,
    0x327F, 0x319F, 0x18DF, 0x00DF, 0x1993, 0x0009, 0x0005, 0x0001,
    0x7FF9, 0x67FF, 0x4FFF, 0x198C,
};
static const uint16_t pal_SPLOG07P[] = {
    0x0040, 0x318C, 0x7FFF, 0x77BD, 0x6F7B, 0x35AD, 0x14A5, 0x7F39,
    0x7F33, 0x7EF2, 0x7E79, 0x7E73, 0x7E6C, 0x7E66, 0x6673, 0x7D93,
    0x7D8C, 0x7D86, 0x7D80, 0x7CCC, 0x7CC6, 0x658C, 0x7CC0, 0x6580,
    0x7C06, 0x64CC, 0x64C6, 0x4C06, 0x30C0, 0x3400, 0x2400, 0x1400,
    0x7C00, 0x6800, 0x5400, 0x001F, 0x001D, 0x001A, 0x0017, 0x0015,
    0x0013, 0x0011, 0x000D, 0x1980, 0x673F, 0x4F3F, 0x333F, 0x4E7F,
    0x327F, 0x4D9F, 0x319F, 0x199F, 0x18DF, 0x00DF, 0x18D3, 0x18CC,
    0x0009, 0x0005, 0x0001, 0x7FF9, 0x4E66, 0x3180, 0x18C0, 0x67FF,
    0x4FFF,
};
static const uint16_t pal_SPLOG08P[] = {
    0x003A, 0x318C, 0x7FFF, 0x77BD, 0x6F7B, 0x6739, 0x5EF7, 0x7F39,
    0x7F33, 0x7E73, 0x7E6C, 0x7D86, 0x7CC6, 0x658C, 0x7CC0, 0x64C6,
    0x4D8C, 0x64C0, 0x4D86, 0x3400, 0x7C00, 0x7400, 0x6800, 0x5C00,
    0x5400, 0x4C00, 0x4400, 0x001F, 0x001D, 0x001A, 0x0017, 0x0015,
    0x0013, 0x0011, 0x000D, 0x673F, 0x4F3F, 0x4E7F, 0x327F, 0x4E79,
    0x3279, 0x319F, 0x199F, 0x3199, 0x18DF, 0x1999, 0x00DF, 0x1993,
    0x18D9, 0x00D9, 0x1819, 0x18CC, 0x0009, 0x0005, 0x0001, 0x7FF9,
    0x67FF, 0x4FFF, 0x3339,
};
static const uint16_t pal_SPLOG09P[] = {
    0x003F, 0x0000, 0x7FFF, 0x77BD, 0x6F7B, 0x6739, 0x5EF7, 0x56B5,
    0x4A52, 0x7F39, 0x7F33, 0x7E73, 0x6673, 0x666C, 0x7D8C, 0x658C,
    0x6586, 0x64C6, 0x4D8C, 0x64C0, 0x4D86, 0x4CCC, 0x4CC6, 0x4CC0,
    0x4C06, 0x6800, 0x5C00, 0x5400, 0x4C00, 0x001F, 0x001D, 0x001A,
    0x0017, 0x0015, 0x0013, 0x0011, 0x000D, 0x4F3F, 0x4E7F, 0x4E79,
    0x3279, 0x4D99, 0x3199, 0x18DF, 0x1999, 0x3193, 0x30D9, 0x1993,
    0x18D9, 0x00D9, 0x1819, 0x18D3, 0x00D3, 0x1813, 0x0009, 0x0005,
    0x0001, 0x7FF9, 0x7FF3, 0x6733, 0x7F3F, 0x67FF, 0x4F39, 0x3273,
};
static const uint16_t pal_SPLOG10P[] = {
    0x002D, 0x0000, 0x7FFF, 0x77BD, 0x6F7B, 0x6739, 0x5EF7, 0x56B5,
    0x4A52, 0x35AD, 0x2529, 0x14A5, 0x4D8C, 0x4D86, 0x4CC6, 0x4CC0,
    0x4C06, 0x5C00, 0x5400, 0x4C00, 0x4400, 0x001A, 0x0017, 0x0015,
    0x0013, 0x0011, 0x000F, 0x000D, 0x4F33, 0x4F2C, 0x4E79, 0x3199,
    0x3193, 0x1993, 0x18D3, 0x00D3, 0x1813, 0x18CC, 0x0009, 0x0005,
    0x0001, 0x4E6C, 0x3186, 0x4D93, 0x3273, 0x198C,
};
static const uint16_t pal_SPLOG11P[] = {
    0x002D, 0x0000, 0x7FFF, 0x77BD, 0x6F7B, 0x6739, 0x5EF7, 0x56B5,
    0x4A52, 0x35AD, 0x2529, 0x14A5, 0x7F33, 0x7F2C, 0x7EF2, 0x7E73,
    0x6673, 0x666C, 0x7D86, 0x7CC0, 0x4D8C, 0x4D86, 0x30C6, 0x24E3,
    0x3400, 0x2400, 0x1481, 0x1400, 0x7C00, 0x7400, 0x6800, 0x5C00,
    0x5400, 0x4C00, 0x4400, 0x0011, 0x326C, 0x1986, 0x0009, 0x0001,
    0x6733, 0x4E6C, 0x3186, 0x18C0, 0x00C6, 0x3273,
};
static const uint16_t pal_SPLOG12P[] = {
    0x0040, 0x0000, 0x7FFF, 0x77BD, 0x6F7B, 0x6739, 0x5EF7, 0x56B5,
    0x4A52, 0x35AD, 0x2529, 0x14A5, 0x7F33, 0x7F2C, 0x7EF2, 0x7E73,
    0x7E66, 0x6673, 0x666C, 0x7D8C, 0x7D86, 0x7CC6, 0x7CC0, 0x64C6,
    0x4D8C, 0x4D86, 0x4CC6, 0x30C6, 0x30C0, 0x24E3, 0x3400, 0x2400,
    0x1481, 0x1400, 0x7C00, 0x7400, 0x6800, 0x5C00, 0x5400, 0x4C00,
    0x4400, 0x001D, 0x001A, 0x0015, 0x4F33, 0x4F2C, 0x326C, 0x1986,
    0x673F, 0x4F3F, 0x4E79, 0x18DF, 0x18D3, 0x0005, 0x0001, 0x6733,
    0x4E6C, 0x3186, 0x1806, 0x00C6, 0x67FF, 0x4F39, 0x1A73, 0x198C,
    0x018C,
};
static const uint16_t pal_SPLOG13P[] = {
    0x0037, 0x318C, 0x7FFF, 0x6F7B, 0x6739, 0x5EF7, 0x56B5, 0x4A52,
    0x35AD, 0x2529, 0x14A5, 0x7F33, 0x7F2C, 0x7E6C, 0x7E66, 0x6673,
    0x666C, 0x7D8C, 0x7D86, 0x7CC0, 0x4D8C, 0x4D86, 0x4CC6, 0x30C6,
    0x30C0, 0x24E3, 0x3400, 0x2400, 0x1481, 0x1400, 0x7C00, 0x7400,
    0x6800, 0x5C00, 0x4C00, 0x4400, 0x0011, 0x000D, 0x1986, 0x0080,
    0x673F, 0x4E79, 0x3193, 0x18D9, 0x18D3, 0x18CC, 0x0009, 0x0005,
    0x0001, 0x6733, 0x4E6C, 0x4E66, 0x3186, 0x18C0, 0x00C6, 0x4F39,
};
static const uint16_t pal_SPLOG14P[] = {
    0x0040, 0x0000, 0x7FFF, 0x77BD, 0x6F7B, 0x6739, 0x5EF7, 0x56B5,
    0x4A52, 0x35AD, 0x2529, 0x14A5, 0x7F39, 0x7F33, 0x7E73, 0x7E6C,
    0x6673, 0x7D8C, 0x7D86, 0x7CC6, 0x658C, 0x7CC0, 0x7C06, 0x1400,
    0x7C00, 0x7400, 0x001F, 0x001D, 0x001A, 0x0017, 0x0015, 0x0013,
    0x0011, 0x000D, 0x67F9, 0x0080, 0x673F, 0x4F3F, 0x667F, 0x4E7F,
    0x327F, 0x4E79, 0x1A7F, 0x319F, 0x199F, 0x3199, 0x18DF, 0x3193,
    0x00DF, 0x18D9, 0x00D9, 0x1819, 0x1813, 0x18CC, 0x0009, 0x0005,
    0x0001, 0x7FF9, 0x6733, 0x4E6C, 0x3186, 0x18C0, 0x00C6, 0x67FF,
    0x4F39,
};
static const uint16_t pal_SPLOG15P[] = {
    0x003B, 0x318C, 0x7FFF, 0x77BD, 0x6F7B, 0x6739, 0x5EF7, 0x56B5,
    0x4A52, 0x35AD, 0x2529, 0x14A5, 0x7F39, 0x7F33, 0x7F2C, 0x7E79,
    0x7E73, 0x7E6C, 0x7E66, 0x7D8C, 0x7D86, 0x7CC6, 0x7CC0, 0x6586,
    0x7C06, 0x4D8C, 0x7C00, 0x7400, 0x001F, 0x001D, 0x001A, 0x0017,
    0x0015, 0x0013, 0x0011, 0x000D, 0x673F, 0x4F3F, 0x4E7F, 0x327F,
    0x4E79, 0x319F, 0x199F, 0x019F, 0x3199, 0x18DF, 0x00DF, 0x181F,
    0x18D9, 0x00D9, 0x1819, 0x18D3, 0x18CC, 0x0009, 0x0005, 0x0001,
    0x7FF9, 0x6733, 0x67FF, 0x4F39,
};
static const uint16_t pal_SPLOG16P[] = {
    0x0020, 0x318C, 0x7FFF, 0x77BD, 0x6F7B, 0x5EF7, 0x4A52, 0x35AD,
    0x2529, 0x14A5, 0x0017, 0x0015, 0x0013, 0x0011, 0x000D, 0x673F,
    0x667F, 0x4E79, 0x3279, 0x3199, 0x3193, 0x30D9, 0x30D3, 0x18D3,
    0x00D3, 0x1813, 0x18CC, 0x0009, 0x0005, 0x0001, 0x7FF9, 0x6733,
    0x4E6C,
};
static const uint16_t pal_SPLOG17P[] = {
    0x0020, 0x318C, 0x7FFF, 0x77BD, 0x6F7B, 0x6739, 0x5EF7, 0x56B5,
    0x4A52, 0x35AD, 0x2529, 0x14A5, 0x001A, 0x0017, 0x0015, 0x0013,
    0x0011, 0x000D, 0x673F, 0x4E7F, 0x4E79, 0x3199, 0x3193, 0x18D9,
    0x30D3, 0x18D3, 0x18CC, 0x0009, 0x0005, 0x0001, 0x7FF9, 0x6733,
    0x3186,
};
static const uint16_t pal_ATTTXT_P[] = {
    0x0003, 0x212B, 0x7FE0, 0x0000,
};
static const uint16_t pal_MGP_G_P[] = {
    0x001F, 0x0000, 0x7BDE, 0x77BD, 0x739C, 0x6F7B, 0x6B5A, 0x6739,
    0x6318, 0x5EF7, 0x5AD6, 0x56B5, 0x5294, 0x4E73, 0x4A52, 0x4631,
    0x4210, 0x3DEF, 0x39CE, 0x35AD, 0x318C, 0x2D6B, 0x294A, 0x2529,
    0x2108, 0x1CE7, 0x18C6, 0x14A5, 0x1084, 0x0C63, 0x0842, 0x0421,
};
static const uint16_t pal_CRUTPLTGP[] = {
    0x0017, 0x0000, 0x7FFF, 0x6B5A, 0x6739, 0x5EF7, 0x5AD6, 0x56B5,
    0x5294, 0x4E73, 0x4A52, 0x4631, 0x4210, 0x3DEF, 0x39CE, 0x35AD,
    0x318C, 0x2D6B, 0x294A, 0x2529, 0x2108, 0x1CE7, 0x18C6, 0x14A5,
};
static const uint16_t pal_SPEAR_P[] = {
    0x001C, 0x0000, 0x7F5A, 0x7B18, 0x7AD6, 0x7694, 0x7252, 0x7210,
    0x6DCE, 0x6DAD, 0x696B, 0x6529, 0x6508, 0x60C6, 0x60A5, 0x58A5,
    0x5484, 0x4C84, 0x4884, 0x4463, 0x3C63, 0x3842, 0x3042, 0x2C42,
    0x2821, 0x2021, 0x1C21, 0x1400, 0x1000,
};
static const uint16_t pal_SHADOW_P[] = {
    0x0002, 0x1CE7, 0x0000,
};
static const uint16_t pal_WNSC_W_P[] = {
    0x0004, 0x0000, 0x7FFF, 0x0000, 0x0000,
};
static const uint16_t pal_HANDS_P[] = {
    0x0040, 0x40B8, 0x1D8A, 0x0000, 0x0020, 0x0081, 0x2A0E, 0x0125,
    0x00E3, 0x0D88, 0x0546, 0x0060, 0x15CA, 0x15A9, 0x0967, 0x0104,
    0x1E0C, 0x1DEB, 0x2E6F, 0x262D, 0x36B1, 0x2A4E, 0x220C, 0x3EF3,
    0x3290, 0x1188, 0x1E0D, 0x36D3, 0x3F16, 0x0966, 0x19CA, 0x1167,
    0x1166, 0x0944, 0x21EB, 0x19A8, 0x0923, 0x479B, 0x00C2, 0x1186,
    0x32B3, 0x01EA, 0x222F, 0x0544, 0x36F5, 0x04E3, 0x2E90, 0x2E92,
    0x00C0, 0x264F, 0x2A71, 0x0080, 0x0925, 0x2EB3, 0x04E2, 0x00A1,
    0x21EA, 0x1126, 0x4568, 0x3D26, 0x3505, 0x2CC4, 0x24A3, 0x1C82,
    0x1462,
};
static const uint16_t pal_COFFIN_P[] = {
    0x0031, 0x208A, 0x0CA4, 0x39A9, 0x3567, 0x2D46, 0x2926, 0x2505,
    0x20E5, 0x1CE4, 0x18C4, 0x31AA, 0x2D89, 0x2969, 0x2548, 0x2528,
    0x2507, 0x2506, 0x20E6, 0x1CC5, 0x14E5, 0x18A5, 0x10C4, 0x0883,
    0x0863, 0x0462, 0x0442, 0x0CA3, 0x1CE5, 0x20E7, 0x24C7, 0x24E6,
    0x1D27, 0x2906, 0x1906, 0x0C83, 0x18C5, 0x10A4, 0x2508, 0x1CC6,
    0x20E4, 0x2D26, 0x2905, 0x24E5, 0x1CC4, 0x18A3, 0x1483, 0x0C62,
    0x29A9, 0x31CA,
};
static const uint16_t pal_MATCOF_P[] = {
    0x0040, 0x208A, 0x3167, 0x2968, 0x2127, 0x7799, 0x7779, 0x7778,
    0x7379, 0x7378, 0x7757, 0x7358, 0x7357, 0x6F58, 0x7336, 0x7735,
    0x7337, 0x6F38, 0x6F37, 0x6F36, 0x6B37, 0x6F16, 0x6F15, 0x6B17,
    0x6B16, 0x6F13, 0x6EF5, 0x6EF3, 0x6AF5, 0x6AF4, 0x66F5, 0x66F4,
    0x62F5, 0x66D4, 0x66D3, 0x62D5, 0x62D4, 0x62D3, 0x66B3, 0x5EB3,
    0x5EB2, 0x5E92, 0x5A91, 0x5A71, 0x5670, 0x564F, 0x5250, 0x524F,
    0x522F, 0x4E2F, 0x4E2E, 0x4A0E, 0x45ED, 0x45CC, 0x0441, 0x0C41,
    0x0000, 0x0000, 0x0000, 0x0C62, 0x10A3, 0x18C4, 0x1D05, 0x2DA9,
    0x35CA,
};
static const uint16_t pal_TMBMAT_P[] = {
    0x0040, 0x208A, 0x39A9, 0x3567, 0x7FDB, 0x7B9A, 0x7779, 0x7758,
    0x7358, 0x7337, 0x6F37, 0x6F36, 0x6B37, 0x6F16, 0x6B17, 0x6B16,
    0x6B15, 0x66F5, 0x66F4, 0x6AD4, 0x66D4, 0x62D3, 0x66B3, 0x62B3,
    0x5EB2, 0x5E91, 0x5A92, 0x5A91, 0x5A71, 0x5671, 0x5670, 0x5650,
    0x5250, 0x4E2F, 0x4E0E, 0x24E6, 0x2906, 0x0C83, 0x3DEF, 0x39CE,
    0x35AD, 0x318C, 0x2D6B, 0x294A, 0x2529, 0x2108, 0x1CE7, 0x18C6,
    0x14A5, 0x1084, 0x0842, 0x2D26, 0x2905, 0x1CC4, 0x18A3, 0x1483,
    0x0C62, 0x4146, 0x3925, 0x3505, 0x2CE4, 0x28C3, 0x20A3, 0x0862,
    0x360B,
};
static const uint16_t pal_BALL_p[] = {
    0x003F, 0x7C1F, 0x0808, 0x1806, 0x1088, 0x000A, 0x1CC5, 0x2C81,
    0x000C, 0x3002, 0x000E, 0x3800, 0x2184, 0x28CA, 0x0011, 0x0852,
    0x0013, 0x318A, 0x39C0, 0x440E, 0x2CF2, 0x5C00, 0x4600, 0x1097,
    0x540C, 0x2017, 0x3855, 0x4E25, 0x085B, 0x38D7, 0x32EA, 0x18DB,
    0x5680, 0x686C, 0x46AC, 0x7406, 0x2B68, 0x5CD3, 0x562E, 0x7C00,
    0x7C42, 0x472A, 0x6E66, 0x7D4A, 0x295F, 0x6D15, 0x3BE8, 0x35BF,
    0x7DCE, 0x3BEE, 0x6F2C, 0x49FF, 0x4BF2, 0x7E73, 0x7DF6, 0x6755,
    0x659F, 0x5E7F, 0x57F5, 0x75FF, 0x6FF5, 0x7EBF, 0x7F99, 0x77FD,
};
static const uint16_t pal_GLOVEP_P[] = {
    0x001D, 0x318C, 0x7E9F, 0x7A5E, 0x761D, 0x71BC, 0x6D7B, 0x695A,
    0x64F9, 0x60D8, 0x58B6, 0x54B5, 0x5094, 0x4C73, 0x4872, 0x4451,
    0x4050, 0x3C2F, 0x382E, 0x302C, 0x300C, 0x2C0B, 0x280A, 0x2409,
    0x2008, 0x1C07, 0x1806, 0x1405, 0x0421, 0x0441,
};
static const uint16_t pal_FIRBAL_P[] = {
    0x003D, 0x318C, 0x7FFF, 0x7FF8, 0x7FF5, 0x7FF2, 0x7FCE, 0x7FAA,
    0x7F85, 0x7F51, 0x7F4D, 0x7F48, 0x7F26, 0x7F22, 0x7EC5, 0x7E8C,
    0x7EA8, 0x7EC1, 0x7E6C, 0x7E46, 0x7E29, 0x7E21, 0x7DE6, 0x7DC8,
    0x7DE4, 0x7DE3, 0x7DE0, 0x7DA6, 0x7DA4, 0x7DA3, 0x7DA0, 0x75A6,
    0x75A4, 0x75C0, 0x7948, 0x7564, 0x7580, 0x7941, 0x6DA1, 0x70E6,
    0x6D20, 0x6924, 0x70E0, 0x64C1, 0x5CC4, 0x6061, 0x5880, 0x5062,
    0x48A0, 0x4C60, 0x4C42, 0x4C00, 0x4063, 0x4040, 0x3C42, 0x4000,
    0x3C00, 0x3000, 0x2842, 0x2C00, 0x2000, 0x1800,
};
static const uint16_t pal_DNKBLU_P[] = {
    0x0040, 0x0000, 0x7FFF, 0x6F7B, 0x5EF7, 0x4E73, 0x3DEF, 0x2D6B,
    0x2529, 0x1CE7, 0x14A5, 0x0C63, 0x0421, 0x7FEB, 0x7FA5, 0x7B41,
    0x6EC0, 0x6260, 0x5F8F, 0x536B, 0x4748, 0x3705, 0x2AE3, 0x1EC0,
    0x1A80, 0x1640, 0x1600, 0x11C1, 0x1181, 0x0D41, 0x0D01, 0x7EF9,
    0x7E55, 0x7DD1, 0x7CC8, 0x7400, 0x6C00, 0x6400, 0x5C00, 0x5400,
    0x4C00, 0x4400, 0x3800, 0x3000, 0x2021, 0x67BF, 0x3AFE, 0x227D,
    0x01BB, 0x0179, 0x0136, 0x00F4, 0x00D2, 0x008F, 0x006D, 0x004B,
    0x0028, 0x0027, 0x626E, 0x5A0E, 0x45A9, 0x4566, 0x3926, 0x1C83,
    0x1841,
};
static const uint16_t pal_BAMBLU_P[] = {
    0x0040, 0x00E7, 0x7FFF, 0x4A52, 0x4210, 0x39CE, 0x318C, 0x2D6B,
    0x2529, 0x1CE7, 0x14A5, 0x0C63, 0x0842, 0x7D46, 0x7126, 0x6CC2,
    0x6126, 0x60C4, 0x6C41, 0x60A2, 0x5C41, 0x5083, 0x4C41, 0x3C20,
    0x3020, 0x1800, 0x77FA, 0x327E, 0x1996, 0x0D59, 0x1153, 0x0512,
    0x00F1, 0x00CF, 0x006D, 0x7F79, 0x7F55, 0x7B13, 0x7AD1, 0x728F,
    0x766D, 0x6A4D, 0x626B, 0x65E9, 0x59C9, 0x5187, 0x4D87, 0x5165,
    0x4585, 0x4901, 0x4103, 0x3903, 0x34C1, 0x2840, 0x1000, 0x7BEF,
    0x7FC2, 0x7F82, 0x7EE1, 0x7E60, 0x7DC0, 0x7D20, 0x64E0, 0x4CA0,
    0x4080,
};
static const uint16_t pal_UNDPRP_P[] = {
    0x0040, 0x0000, 0x7BBB, 0x7B77, 0x76F3, 0x6EB0, 0x666F, 0x5E2D,
    0x51EB, 0x49CB, 0x45A9, 0x4167, 0x3947, 0x3D25, 0x3D03, 0x3105,
    0x30E3, 0x28C3, 0x2C80, 0x2081, 0x1861, 0x1840, 0x1420, 0x0C00,
    0x7BDD, 0x6B39, 0x6717, 0x62F6, 0x5AD5, 0x5272, 0x4A51, 0x420F,
    0x3DEE, 0x39CD, 0x35AC, 0x318B, 0x316A, 0x2949, 0x2107, 0x1CE6,
    0x14C5, 0x14A4, 0x0C83, 0x0862, 0x0841, 0x0441, 0x0420, 0x781E,
    0x701C, 0x681A, 0x6419, 0x5C17, 0x5415, 0x5014, 0x4812, 0x4010,
    0x380E, 0x340D, 0x2C0B, 0x2409, 0x2008, 0x1806, 0x1004, 0x0C03,
    0x0401,
};
static const uint16_t pal_MKCOIN_P[] = {
    0x003F, 0x001F, 0x7FFF, 0x77BD, 0x7FE4, 0x7F83, 0x6B5A, 0x6739,
    0x7F01, 0x6B22, 0x7EE1, 0x76E6, 0x7EC2, 0x5AD6, 0x7EA1, 0x7E41,
    0x7E21, 0x66A1, 0x5294, 0x7D60, 0x6A24, 0x4A52, 0x522E, 0x5642,
    0x4631, 0x65E0, 0x7CC0, 0x78A0, 0x6161, 0x39CE, 0x45C5, 0x35AD,
    0x45A0, 0x4D60, 0x4942, 0x5880, 0x3969, 0x5860, 0x4540, 0x4500,
    0x3941, 0x294A, 0x40E0, 0x3520, 0x3CC0, 0x2529, 0x4040, 0x1CE7,
    0x3440, 0x20C5, 0x24C0, 0x2C60, 0x2460, 0x14A5, 0x2420, 0x1880,
    0x1840, 0x1820, 0x0C63, 0x1040, 0x1020, 0x0C40, 0x0820, 0x0000,
};
static const uint16_t pal_TM_P[] = {
    0x0002, 0x0000, 0x7FFF,
};
static const uint16_t pal_mKlIGHT_p[] = {
    0x0020, 0x001F, 0x675E, 0x5F1D, 0x5AFC, 0x56DA, 0x56D9, 0x52B9,
    0x5298, 0x4E97, 0x4E77, 0x4A76, 0x4655, 0x4634, 0x4234, 0x4213,
    0x3DF2, 0x35CE, 0x2D8E, 0x2D6D, 0x294C, 0x254C, 0x252B, 0x210A,
    0x2109, 0x18E8, 0x18C7, 0x14A6, 0x1084, 0x0C63, 0x0842, 0x0421,
    0x7FFF,
};
static const uint16_t pal_IDRAG_P[] = {
    0x003B, 0x001F, 0x7FA0, 0x7762, 0x7720, 0x6B05, 0x7AE1, 0x6AE1,
    0x7AA1, 0x7601, 0x6DE1, 0x69E4, 0x6DC1, 0x6225, 0x6201, 0x7141,
    0x65A4, 0x7501, 0x4E24, 0x5220, 0x7101, 0x70E1, 0x6541, 0x6901,
    0x68E1, 0x6101, 0x60C1, 0x5CC2, 0x58E2, 0x5122, 0x50E2, 0x4522,
    0x50A1, 0x4CA1, 0x2D43, 0x4481, 0x4082, 0x3481, 0x3841, 0x2CC1,
    0x3461, 0x3081, 0x24C5, 0x2C61, 0x1CC1, 0x2841, 0x2461, 0x2061,
    0x1C41, 0x0C84, 0x1461, 0x1420, 0x0C42, 0x1000, 0x0441, 0x0022,
    0x0421, 0x0800, 0x0021, 0x0000,
};
static const uint16_t pal_ILIGHT_P[] = {
    0x0040, 0x0000, 0x1C64, 0x1C85, 0x1C65, 0x1C86, 0x1C87, 0x1887,
    0x1888, 0x2D4C, 0x1889, 0x188A, 0x188B, 0x148B, 0x148D, 0x148C,
    0x148F, 0x148E, 0x1093, 0x1092, 0x1091, 0x1090, 0x18CF, 0x0C98,
    0x0C97, 0x0C96, 0x0C95, 0x10B8, 0x0479, 0x0478, 0x089C, 0x089B,
    0x089A, 0x0C94, 0x2135, 0x049D, 0x049E, 0x049F, 0x0477, 0x0475,
    0x0476, 0x0473, 0x0899, 0x0898, 0x14F7, 0x049C, 0x0499, 0x049A,
    0x049B, 0x0498, 0x0472, 0x0CDB, 0x10F7, 0x31B3, 0x31B1, 0x4A49,
    0x4E6A, 0x62E6, 0x7FA0, 0x7761, 0x7762, 0x5689, 0x5242, 0x3987,
    0x1C63,
};
static const uint16_t pal_IMK_P[] = {
    0x0040, 0x001F, 0x7EE5, 0x7E86, 0x7AA5, 0x7AA4, 0x5EB4, 0x7685,
    0x5A93, 0x7644, 0x6E44, 0x6645, 0x71C3, 0x4E52, 0x6227, 0x69E4,
    0x6DA3, 0x6D63, 0x5DE7, 0x6D02, 0x6902, 0x55C5, 0x6143, 0x5983,
    0x68C2, 0x5189, 0x41AD, 0x60C2, 0x5525, 0x4D66, 0x6462, 0x58E2,
    0x54E5, 0x2DAE, 0x3D86, 0x5882, 0x396A, 0x48E6, 0x4143, 0x2D6B,
    0x3D45, 0x4C82, 0x3923, 0x4481, 0x2928, 0x4082, 0x2508, 0x3483,
    0x2CC4, 0x20E7, 0x28C5, 0x28C3, 0x2483, 0x14C6, 0x20A3, 0x2462,
    0x0CA6, 0x10A5, 0x1C62, 0x1483, 0x1842, 0x1022, 0x0843, 0x0422,
    0x0000,
};
static const uint16_t pal_IRAID_P[] = {
    0x0040, 0x0000, 0x0000, 0x0822, 0x292A, 0x3DCF, 0x18A7, 0x3DD1,
    0x292D, 0x5698, 0x5AB9, 0x1CCC, 0x0828, 0x0C49, 0x0C6A, 0x108A,
    0x1087, 0x39D5, 0x252D, 0x4A56, 0x4A55, 0x0026, 0x298E, 0x09F0,
    0x09AE, 0x6F9B, 0x0C62, 0x2947, 0x7FF6, 0x7FFC, 0x7FD4, 0x7FB2,
    0x7F4E, 0x0C40, 0x6E86, 0x6269, 0x76EB, 0x7F50, 0x6ECD, 0x7732,
    0x6B15, 0x6AD0, 0x4984, 0x7F76, 0x72AD, 0x1483, 0x0820, 0x61A2,
    0x45A9, 0x7AF0, 0x28E4, 0x6A6D, 0x5E2D, 0x3127, 0x4DEC, 0x4146,
    0x5DEA, 0x51A9, 0x3948, 0x49CC, 0x1C83, 0x5589, 0x0400, 0x354A,
    0x7FFF,
};
static const uint16_t pal_IKAHN_P[] = {
    0x003C, 0x0000, 0x0000, 0x4885, 0x4464, 0x5086, 0x4465, 0x2064,
    0x1464, 0x4231, 0x7BFF, 0x6759, 0x4A71, 0x35A7, 0x2947, 0x2D68,
    0x14A4, 0x420D, 0x318A, 0x18C5, 0x5292, 0x5AD4, 0x7FFD, 0x4630,
    0x6738, 0x739B, 0x77BC, 0x3DCA, 0x7BBA, 0x20C3, 0x62D3, 0x18A4,
    0x34A3, 0x24A4, 0x1C21, 0x3084, 0x1042, 0x18A5, 0x1CC6, 0x5694,
    0x0421, 0x0C63, 0x1084, 0x14A5, 0x18C6, 0x1CE7, 0x2108, 0x294A,
    0x2D6B, 0x35AD, 0x39CE, 0x3DEF, 0x4A52, 0x4E73, 0x5294, 0x5AD6,
    0x6B5A, 0x6F7B, 0x739C, 0x7BDE, 0x7FFF,
};
static const uint16_t pal_ITHREE_P[] = {
    0x003B, 0x0000, 0x0000, 0x0001, 0x0022, 0x0063, 0x0863, 0x18E7,
    0x10A4, 0x7EC5, 0x7286, 0x20E5, 0x7A84, 0x6E45, 0x6625, 0x51C6,
    0x61E4, 0x7A66, 0x6206, 0x4D84, 0x0820, 0x1CC5, 0x7E03, 0x65A3,
    0x7E25, 0x4D86, 0x622B, 0x6DA3, 0x38E2, 0x2CC3, 0x4503, 0x726E,
    0x5D43, 0x4903, 0x3DAC, 0x1C61, 0x3D05, 0x1462, 0x6D23, 0x498A,
    0x62B4, 0x66B4, 0x5527, 0x2C41, 0x6927, 0x6CA3, 0x4083, 0x60C5,
    0x5C20, 0x6C41, 0x6062, 0x7CE6, 0x5863, 0x3442, 0x2484, 0x2D08,
    0x4DCE, 0x6294, 0x4610, 0x2D6B,
};
static const uint16_t pal_IYIN_P[] = {
    0x003E, 0x001F, 0x7FA0, 0x7F80, 0x7F40, 0x7F00, 0x7B00, 0x7EC0,
    0x72E0, 0x7E80, 0x7E60, 0x7A80, 0x7E20, 0x7A40, 0x6E80, 0x7640,
    0x7DE0, 0x7620, 0x7D80, 0x75A0, 0x7D40, 0x7960, 0x6A00, 0x7D00,
    0x6220, 0x7CE0, 0x69A0, 0x5A00, 0x6580, 0x6D20, 0x61A0, 0x74C0,
    0x5DC0, 0x6920, 0x6900, 0x68C0, 0x51C0, 0x5960, 0x5D20, 0x5180,
    0x4980, 0x5100, 0x4580, 0x4940, 0x4540, 0x50A0, 0x44E0, 0x4C80,
    0x44A0, 0x3920, 0x3C80, 0x34C0, 0x2CE0, 0x3460, 0x28A0, 0x3040,
    0x2C40, 0x1860, 0x1C20, 0x1000, 0x0C00, 0x0800, 0x0000,
};
static const uint16_t pal_IGORO_P[] = {
    0x0039, 0x0000, 0x14A5, 0x2906, 0x2907, 0x2D28, 0x2908, 0x2909,
    0x2D2A, 0x3130, 0x2D2B, 0x290B, 0x3117, 0x3118, 0x395B, 0x3D7C,
    0x3D7B, 0x419C, 0x2D14, 0x3135, 0x3D7E, 0x3D7D, 0x419E, 0x2D15,
    0x2D17, 0x2D18, 0x3139, 0x3138, 0x3136, 0x355B, 0x355A, 0x397C,
    0x397A, 0x3D9C, 0x41BC, 0x45DF, 0x45DE, 0x45DD, 0x2911, 0x2D31,
    0x2D30, 0x397D, 0x3153, 0x3D9E, 0x41BF, 0x2913, 0x2914, 0x2D34,
    0x3158, 0x3155, 0x3579, 0x2D3C, 0x250D, 0x250E, 0x2510, 0x2927,
    0x2905, 0x2D26,
};
static const uint16_t pal_IQ_P[] = {
    0x003F, 0x001F, 0x0000, 0x5A96, 0x3DB3, 0x292C, 0x39B0, 0x3DD1,
    0x4E55, 0x28F3, 0x3152, 0x567B, 0x3576, 0x250D, 0x0C13, 0x1890,
    0x45FB, 0x0C30, 0x1879, 0x357A, 0x0811, 0x1054, 0x1476, 0x1475,
    0x1897, 0x24F8, 0x291B, 0x357C, 0x040B, 0x1CB9, 0x040E, 0x0009,
    0x0860, 0x2540, 0x1CE0, 0x3180, 0x3DE0, 0x4A41, 0x4201, 0x2D61,
    0x5AC3, 0x7BC7, 0x4626, 0x738A, 0x6733, 0x7784, 0x62E2, 0x6B25,
    0x62E5, 0x5685, 0x6F49, 0x62E8, 0x670D, 0x6F4F, 0x3DC4, 0x568A,
    0x5ECC, 0x5AAF, 0x460D, 0x5AB2, 0x566F, 0x4E31, 0x5252, 0x5ED6,
};
static const uint16_t pal_ISKULL_P[] = {
    0x0039, 0x001F, 0x0000, 0x0400, 0x0820, 0x0843, 0x0C41, 0x0C42,
    0x1063, 0x10A5, 0x1CA4, 0x1CC5, 0x20C4, 0x24C4, 0x24E6, 0x2507,
    0x2529, 0x28E5, 0x2907, 0x2CE5, 0x3128, 0x3548, 0x3569, 0x358C,
    0x398C, 0x39AB, 0x3D69, 0x418A, 0x41AD, 0x420F, 0x45CC, 0x4A0E,
    0x522F, 0x5272, 0x562F, 0x5631, 0x5650, 0x5694, 0x5E71, 0x5E92,
    0x5ED6, 0x6293, 0x62B4, 0x66D4, 0x6AF5, 0x6B17, 0x6B38, 0x6E8F,
    0x6EF5, 0x6F37, 0x6F5A, 0x7316, 0x7758, 0x779B, 0x7B9B, 0x7FDC,
    0x7FDE, 0x7FFF,
};
static const uint16_t pal_BOX1_P[] = {
    0x001B, 0x001F, 0x1084, 0x14A5, 0x18C6, 0x1CE7, 0x2108, 0x2529,
    0x294A, 0x2D6B, 0x318C, 0x35AD, 0x39CE, 0x3DEF, 0x4210, 0x4631,
    0x4A52, 0x4E73, 0x5294, 0x56B5, 0x5EF7, 0x6318, 0x6739, 0x6B5A,
    0x6F7B, 0x739C, 0x77BD, 0x7FFF,
};
static const uint16_t pal_FWWHT_P[] = {
    0x0010, 0x352D, 0x7FFF, 0x7BDE, 0x77BD, 0x739C, 0x6B5A, 0x6739,
    0x6318, 0x5EF7, 0x5AD6, 0x56B5, 0x5294, 0x4A52, 0x4631, 0x4210,
    0x3DEF,
};
static const uint16_t pal_FWBLV_P[] = {
    0x0010, 0x0000, 0x7FFF, 0x7BBF, 0x779F, 0x737F, 0x6F3F, 0x6F1F,
    0x6ADF, 0x66BF, 0x627F, 0x5E5F, 0x5A1F, 0x55FF, 0x51BF, 0x4D9F,
    0x4D7F,
};
static const uint16_t pal_FWPNK_P[] = {
    0x0010, 0x0000, 0x7FFF, 0x7FBE, 0x7F5D, 0x7F1C, 0x7EDB, 0x7E9A,
    0x7E39, 0x7DF8, 0x7DB7, 0x7D56, 0x7D15, 0x7CD4, 0x7C93, 0x7C32,
    0x7C11,
};
static const uint16_t pal_FWBLU_P[] = {
    0x0010, 0x0000, 0x7FFF, 0x7BFF, 0x77FF, 0x73DF, 0x6FDF, 0x6BDF,
    0x67DF, 0x63DF, 0x53BF, 0x479F, 0x377F, 0x2B7F, 0x1B5F, 0x0F5F,
    0x033F,
};
static const uint16_t pal_FWPRP_P[] = {
    0x0010, 0x0000, 0x7FFF, 0x7FBF, 0x7B9F, 0x7B5F, 0x7B1F, 0x7AFF,
    0x76BF, 0x769F, 0x763F, 0x71DF, 0x717F, 0x6D1F, 0x6CBF, 0x685F,
    0x681F,
};
static const uint16_t pal_FWYEL_P[] = {
    0x0010, 0x0000, 0x7FFF, 0x7FFB, 0x7FF8, 0x7FF4, 0x7FF1, 0x7FED,
    0x7FEA, 0x7FE6, 0x7FE3, 0x7FE0, 0x7FA0, 0x7F40, 0x7F00, 0x7EA0,
    0x7E60,
};
static const uint16_t pal_BLDSPIN_P[] = {
    0x0010, 0x346E, 0x7FFF, 0x5AD6, 0x5294, 0x4E73, 0x4A52, 0x4631,
    0x4210, 0x3DEF, 0x39CE, 0x318C, 0x2D6B, 0x2529, 0x2108, 0x1CE7,
    0x18C6,
};
static const uint16_t pal_SHNRED_P[] = {
    0x003F, 0x0000, 0x7FDD, 0x7F98, 0x7F58, 0x7F34, 0x7AD1, 0x7AB0,
    0x768F, 0x6E90, 0x6E6E, 0x6E4D, 0x622C, 0x5E0C, 0x59EA, 0x5DC9,
    0x55CA, 0x51A8, 0x4D89, 0x4D87, 0x4567, 0x4925, 0x4124, 0x3925,
    0x3D03, 0x38E2, 0x38C1, 0x30E4, 0x30C3, 0x3480, 0x2460, 0x2420,
    0x1C40, 0x1400, 0x0400, 0x76D6, 0x720F, 0x6DAB, 0x7128, 0x70C5,
    0x6C42, 0x6800, 0x6400, 0x5800, 0x5000, 0x4800, 0x3800, 0x2800,
    0x1800, 0x7BDE, 0x739C, 0x6B5A, 0x6318, 0x5AD6, 0x5294, 0x4631,
    0x3DEF, 0x35AD, 0x2D6B, 0x2529, 0x1CE7, 0x14A5, 0x0C63, 0x0421,
};
static const uint16_t pal_YOKRED_P[] = {
    0x0040, 0x0000, 0x7FFF, 0x739C, 0x6B5A, 0x6318, 0x5AD6, 0x5294,
    0x4A52, 0x4210, 0x39CE, 0x318C, 0x294A, 0x2108, 0x14A5, 0x0C63,
    0x0421, 0x0400, 0x7F9A, 0x7B14, 0x7EF1, 0x7ACF, 0x76B0, 0x768E,
    0x6E4B, 0x6A4D, 0x622C, 0x660B, 0x5A0C, 0x59EA, 0x51A8, 0x5187,
    0x4988, 0x4966, 0x4124, 0x4102, 0x3904, 0x38E2, 0x30A1, 0x3480,
    0x2881, 0x2840, 0x2400, 0x1400, 0x7E91, 0x7DAA, 0x7905, 0x70C3,
    0x6CE4, 0x64A2, 0x6081, 0x5CA2, 0x5860, 0x5840, 0x5460, 0x5040,
    0x4C60, 0x4C40, 0x4420, 0x4000, 0x3C20, 0x3C00, 0x3400, 0x2C00,
    0x2000,
};
static const uint16_t pal_RZRGRN_P[] = {
    0x0040, 0x0000, 0x7FDE, 0x4A50, 0x41ED, 0x35CD, 0x2D8C, 0x1D07,
    0x18E6, 0x14C5, 0x10A4, 0x0C83, 0x0862, 0x0821, 0x0000, 0x7FFE,
    0x7FDA, 0x7F98, 0x7F55, 0x7F54, 0x7F35, 0x7F12, 0x7EF3, 0x7ED0,
    0x7ED1, 0x7AD2, 0x7EAF, 0x7E8E, 0x7290, 0x766E, 0x724E, 0x6A4E,
    0x6E2D, 0x620C, 0x65EA, 0x5DEB, 0x5DCA, 0x59CA, 0x55A8, 0x5188,
    0x4D67, 0x4125, 0x4502, 0x38E3, 0x3461, 0x2061, 0x1C20, 0x1000,
    0x7FE8, 0x7FA0, 0x7EE0, 0x65E0, 0x3D80, 0x0785, 0x0323, 0x02A1,
    0x0240, 0x0200, 0x01C0, 0x01A0, 0x0180, 0x0160, 0x0120, 0x00E0,
    0x00A0,
};
static const uint16_t pal_LEXWHT_P[] = {
    0x0040, 0x0000, 0x7FDD, 0x7FBC, 0x7F55, 0x7AF4, 0x7AB2, 0x7AB0,
    0x7A6E, 0x6E4D, 0x722C, 0x6A2D, 0x660D, 0x5E0D, 0x61EB, 0x5DC9,
    0x59A9, 0x5189, 0x5167, 0x4546, 0x4103, 0x3D04, 0x3505, 0x2CC3,
    0x2C81, 0x2440, 0x1800, 0x0400, 0x529A, 0x39DB, 0x319A, 0x2955,
    0x18D1, 0x084D, 0x042A, 0x6D8C, 0x6D07, 0x6863, 0x4C42, 0x3863,
    0x3800, 0x2800, 0x7BDE, 0x739C, 0x6739, 0x56B5, 0x4631, 0x2529,
    0x14A5, 0x0C63, 0x7FFF, 0x77BD, 0x6F7B, 0x6739, 0x5EF7, 0x5AD6,
    0x5294, 0x4A52, 0x4210, 0x39CE, 0x318C, 0x294A, 0x2108, 0x18C6,
    0x14A5,
};
static const uint16_t pal_DPLT_W_P[] = {
    0x001F, 0x0000, 0x7FFF, 0x7FFF, 0x7BDE, 0x77BD, 0x739C, 0x6F7B,
    0x6B5A, 0x6739, 0x6318, 0x5EF7, 0x5AD6, 0x56B5, 0x5294, 0x4E73,
    0x4A52, 0x4631, 0x4210, 0x3DEF, 0x39CE, 0x35AD, 0x318C, 0x2D6B,
    0x294A, 0x2529, 0x2108, 0x1CE7, 0x18C6, 0x14A5, 0x1084, 0x0C63,
};
static const uint16_t pal_CHGLWB1P[] = {
    0x0040, 0x0000, 0x674B, 0x5F05, 0x4EC4, 0x4E89, 0x4E81, 0x4266,
    0x4662, 0x3E28, 0x4223, 0x3E04, 0x35E8, 0x39E5, 0x39E2, 0x31C8,
    0x35C3, 0x31AC, 0x31C1, 0x31A5, 0x2DA2, 0x2989, 0x2D84, 0x2982,
    0x2D66, 0x2968, 0x256A, 0x2563, 0x2947, 0x214A, 0x2547, 0x2D41,
    0x2525, 0x2123, 0x2108, 0x1D21, 0x2105, 0x2102, 0x20E3, 0x18E4,
    0x18C5, 0x14C2, 0x18A4, 0x14A5, 0x10A3, 0x0C83, 0x52D4, 0x4254,
    0x35F3, 0x2D8C, 0x254C, 0x212A, 0x1D0B, 0x2108, 0x1CE8, 0x18C8,
    0x14A8, 0x14A5, 0x1087, 0x1484, 0x1085, 0x0C63, 0x0864, 0x0C45,
    0x0423,
};
static const uint16_t pal_CHGLWB2P[] = {
    0x0040, 0x0000, 0x632B, 0x5AE5, 0x4AA4, 0x4A69, 0x4A61, 0x3E46,
    0x4242, 0x3A08, 0x3E03, 0x39E4, 0x31C8, 0x35C5, 0x35C2, 0x2DA8,
    0x31A3, 0x2D8C, 0x2DA1, 0x2D85, 0x2982, 0x2569, 0x2964, 0x2562,
    0x2946, 0x2548, 0x214A, 0x2143, 0x2527, 0x1D2A, 0x2127, 0x2921,
    0x2105, 0x1D03, 0x1CE8, 0x1901, 0x1CE5, 0x1CE2, 0x1CC3, 0x14C4,
    0x14A5, 0x10A2, 0x1484, 0x1085, 0x0C83, 0x0863, 0x52D4, 0x4254,
    0x35F3, 0x2D8C, 0x254C, 0x212A, 0x1D0B, 0x2108, 0x1CE8, 0x18C8,
    0x14A8, 0x14A5, 0x1087, 0x1484, 0x1085, 0x0C63, 0x0864, 0x0C45,
    0x0423,
};
static const uint16_t pal_CHGLWB3P[] = {
    0x0040, 0x0000, 0x5F0B, 0x56C5, 0x4684, 0x4649, 0x4641, 0x3A26,
    0x3E22, 0x35E8, 0x39E3, 0x35C4, 0x2DA8, 0x31A5, 0x31A2, 0x2988,
    0x2D83, 0x296C, 0x2981, 0x2965, 0x2562, 0x2149, 0x2544, 0x2142,
    0x2526, 0x2128, 0x1D2A, 0x1D23, 0x2107, 0x190A, 0x1D07, 0x2501,
    0x1CE5, 0x18E3, 0x18C8, 0x14E1, 0x18C5, 0x18C2, 0x18A3, 0x10A4,
    0x1085, 0x0C82, 0x1064, 0x0C65, 0x0863, 0x0443, 0x52D4, 0x4254,
    0x35F3, 0x2D8C, 0x254C, 0x212A, 0x1D0B, 0x2108, 0x1CE8, 0x18C8,
    0x14A8, 0x14A5, 0x1087, 0x1484, 0x1085, 0x0C63, 0x0864, 0x0C45,
    0x0423,
};
static const uint16_t pal_CHGLWB4P[] = {
    0x0040, 0x0000, 0x5AEB, 0x52A5, 0x4264, 0x4229, 0x4221, 0x3606,
    0x3A02, 0x31C8, 0x35C3, 0x31A4, 0x2988, 0x2D85, 0x2D82, 0x2568,
    0x2963, 0x254C, 0x2561, 0x2545, 0x2142, 0x1D29, 0x2124, 0x1D22,
    0x2106, 0x1D08, 0x190A, 0x1903, 0x1CE7, 0x14EA, 0x18E7, 0x20E1,
    0x18C5, 0x14C3, 0x14A8, 0x10C1, 0x14A5, 0x14A2, 0x1483, 0x0C84,
    0x0C65, 0x0862, 0x0C44, 0x0845, 0x0443, 0x0023, 0x52D4, 0x4254,
    0x35F3, 0x2D8C, 0x254C, 0x212A, 0x1D0B, 0x2108, 0x1CE8, 0x18C8,
    0x14A8, 0x14A5, 0x1087, 0x1484, 0x1085, 0x0C63, 0x0864, 0x0C45,
    0x0423,
};
static const uint16_t pal_CHGLWB5P[] = {
    0x0040, 0x0000, 0x56CB, 0x4E85, 0x3E44, 0x3E09, 0x3E01, 0x31E6,
    0x35E2, 0x2DA8, 0x31A3, 0x2D84, 0x2568, 0x2965, 0x2962, 0x2148,
    0x2543, 0x212C, 0x2141, 0x2125, 0x1D22, 0x1D29, 0x2124, 0x1D22,
    0x2106, 0x1D08, 0x190A, 0x1903, 0x1CE7, 0x14EA, 0x18E7, 0x20E1,
    0x18C5, 0x14C3, 0x14A8, 0x10C1, 0x14A5, 0x14A2, 0x1483, 0x0C84,
    0x0C65, 0x0862, 0x0C44, 0x0845, 0x0443, 0x0023, 0x52D4, 0x4254,
    0x35F3, 0x2D8C, 0x254C, 0x212A, 0x1D0B, 0x2108, 0x1CE8, 0x18C8,
    0x14A8, 0x14A5, 0x1087, 0x1484, 0x1085, 0x0C63, 0x0864, 0x0C45,
    0x0423,
};
static const uint16_t pal_CHGLWB6P[] = {
    0x0040, 0x0000, 0x52AB, 0x4A65, 0x3A24, 0x39E9, 0x39E1, 0x2DC6,
    0x31C2, 0x2988, 0x2D83, 0x2964, 0x2148, 0x2545, 0x2542, 0x1D28,
    0x2123, 0x1D0C, 0x1D21, 0x1D05, 0x1902, 0x1D29, 0x2124, 0x1D22,
    0x2106, 0x1D08, 0x190A, 0x1903, 0x1CE7, 0x14EA, 0x18E7, 0x20E1,
    0x18C5, 0x14C3, 0x14A8, 0x10C1, 0x14A5, 0x14A2, 0x1483, 0x0C84,
    0x0C65, 0x0862, 0x0C44, 0x0845, 0x0443, 0x0023, 0x52D4, 0x4254,
    0x35F3, 0x2D8C, 0x254C, 0x212A, 0x1D0B, 0x2108, 0x1CE8, 0x18C8,
    0x14A8, 0x14A5, 0x1087, 0x1484, 0x1085, 0x0C63, 0x0864, 0x0C45,
    0x0423,
};
static const uint16_t pal_CHGLWB7P[] = {
    0x0040, 0x0000, 0x4E8B, 0x4645, 0x3604, 0x35C9, 0x35C1, 0x29A6,
    0x2DA2, 0x2568, 0x2963, 0x2544, 0x1D28, 0x2125, 0x2122, 0x1908,
    0x1D03, 0x18EC, 0x1901, 0x18E5, 0x14E2, 0x1D29, 0x2124, 0x1D22,
    0x2106, 0x1D08, 0x190A, 0x1903, 0x1CE7, 0x14EA, 0x18E7, 0x20E1,
    0x18C5, 0x14C3, 0x14A8, 0x10C1, 0x14A5, 0x14A2, 0x1483, 0x0C84,
    0x0C65, 0x0862, 0x0C44, 0x0845, 0x0443, 0x0023, 0x52D4, 0x4254,
    0x35F3, 0x2D8C, 0x254C, 0x212A, 0x1D0B, 0x2108, 0x1CE8, 0x18C8,
    0x14A8, 0x14A5, 0x1087, 0x1484, 0x1085, 0x0C63, 0x0864, 0x0C45,
    0x0423,
};
static const uint16_t pal_CHGLWB8P[] = {
    0x0040, 0x0000, 0x4A6B, 0x4225, 0x31E4, 0x31A9, 0x31A1, 0x2586,
    0x2982, 0x2148, 0x2543, 0x2124, 0x1908, 0x1D05, 0x1D02, 0x14E8,
    0x18E3, 0x14CC, 0x14E1, 0x14C5, 0x10C2, 0x1D29, 0x2124, 0x1D22,
    0x2106, 0x1D08, 0x190A, 0x1903, 0x1CE7, 0x14EA, 0x18E7, 0x20E1,
    0x18C5, 0x14C3, 0x14A8, 0x10C1, 0x14A5, 0x14A2, 0x1483, 0x0C84,
    0x0C65, 0x0862, 0x0C44, 0x0845, 0x0443, 0x0023, 0x52D4, 0x4254,
    0x35F3, 0x2D8C, 0x254C, 0x212A, 0x1D0B, 0x2108, 0x1CE8, 0x18C8,
    0x14A8, 0x14A5, 0x1087, 0x1484, 0x1085, 0x0C63, 0x0864, 0x0C45,
    0x0423,
};
static const uint16_t pal_CHGLWB9P[] = {
    0x0040, 0x0000, 0x464B, 0x3E05, 0x2DC4, 0x2D89, 0x2D81, 0x2166,
    0x2562, 0x1D28, 0x2123, 0x1D04, 0x14E8, 0x18E5, 0x18E2, 0x10C8,
    0x14C3, 0x10AC, 0x10C1, 0x10A5, 0x0CA2, 0x1D29, 0x2124, 0x1D22,
    0x2106, 0x1D08, 0x190A, 0x1903, 0x1CE7, 0x14EA, 0x18E7, 0x20E1,
    0x18C5, 0x14C3, 0x14A8, 0x10C1, 0x14A5, 0x14A2, 0x1483, 0x0C84,
    0x0C65, 0x0862, 0x0C44, 0x0845, 0x0443, 0x0023, 0x52D4, 0x4254,
    0x35F3, 0x2D8C, 0x254C, 0x212A, 0x1D0B, 0x2108, 0x1CE8, 0x18C8,
    0x14A8, 0x14A5, 0x1087, 0x1484, 0x1085, 0x0C63, 0x0864, 0x0C45,
    0x0423,
};
static const uint16_t pal_CHGLWT1P[] = {
    0x0040, 0x0000, 0x632F, 0x56D4, 0x4E90, 0x5286, 0x4E68, 0x4663,
    0x4244, 0x4228, 0x3E25, 0x3A08, 0x3E04, 0x3A06, 0x39EC, 0x3DE9,
    0x35E8, 0x3DE2, 0x35E6, 0x39CA, 0x39C5, 0x35C5, 0x31C7, 0x31AC,
    0x31A9, 0x2DA8, 0x31A3, 0x3186, 0x298A, 0x2988, 0x2D84, 0x2D6B,
    0x2D82, 0x2D65, 0x2569, 0x2548, 0x2546, 0x2540, 0x2107, 0x2104,
    0x1CE6, 0x18E3, 0x18C7, 0x10C2, 0x14A5, 0x0C44, 0x4674, 0x35F0,
    0x35CE, 0x2D90, 0x2D8E, 0x296D, 0x256B, 0x254A, 0x214A, 0x252D,
    0x1D0C, 0x190B, 0x1D0A, 0x18C8, 0x14A8, 0x14A6, 0x1085, 0x0C65,
    0x0844,
};
static const uint16_t pal_CHGLWT2P[] = {
    0x0040, 0x0000, 0x5F0F, 0x52B4, 0x4A70, 0x4E66, 0x4A48, 0x4243,
    0x3E24, 0x3E08, 0x3A05, 0x35E8, 0x39E4, 0x35E6, 0x35CC, 0x39C9,
    0x31C8, 0x39C2, 0x31C6, 0x35AA, 0x35A5, 0x31A5, 0x2DA7, 0x2D8C,
    0x2D89, 0x2988, 0x2D83, 0x2D66, 0x256A, 0x2568, 0x2964, 0x294B,
    0x2962, 0x2945, 0x2149, 0x2128, 0x2126, 0x2120, 0x1CE7, 0x1CE4,
    0x18C6, 0x14C3, 0x14A7, 0x0CA2, 0x1085, 0x0824, 0x4674, 0x35F0,
    0x35CE, 0x2D90, 0x2D8E, 0x296D, 0x256B, 0x254A, 0x214A, 0x252D,
    0x1D0C, 0x190B, 0x1D0A, 0x18C8, 0x14A8, 0x14A6, 0x1085, 0x0C65,
    0x0844,
};
static const uint16_t pal_CHGLWT3P[] = {
    0x0040, 0x0000, 0x5AEF, 0x4E94, 0x4650, 0x4A46, 0x4628, 0x3E23,
    0x3A04, 0x39E8, 0x35E5, 0x31C8, 0x35C4, 0x31C6, 0x31AC, 0x35A9,
    0x2DA8, 0x35A2, 0x2DA6, 0x318A, 0x3185, 0x2D85, 0x2987, 0x296C,
    0x2969, 0x2568, 0x2963, 0x2946, 0x214A, 0x2148, 0x2544, 0x252B,
    0x2542, 0x2525, 0x1D29, 0x1D08, 0x1D06, 0x1D00, 0x18C7, 0x18C4,
    0x14A6, 0x10A3, 0x1087, 0x0882, 0x0C65, 0x0404, 0x4674, 0x35F0,
    0x35CE, 0x2D90, 0x2D8E, 0x296D, 0x256B, 0x254A, 0x214A, 0x252D,
    0x1D0C, 0x190B, 0x1D0A, 0x18C8, 0x14A8, 0x14A6, 0x1085, 0x0C65,
    0x0844,
};
static const uint16_t pal_CHGLWT4P[] = {
    0x0040, 0x0000, 0x56CF, 0x4A74, 0x4230, 0x4626, 0x4208, 0x3A03,
    0x35E4, 0x35C8, 0x31C5, 0x2DA8, 0x31A4, 0x2DA6, 0x2D8C, 0x3189,
    0x2988, 0x3182, 0x2986, 0x2D6A, 0x2D65, 0x2965, 0x2567, 0x254C,
    0x2549, 0x2148, 0x2543, 0x2526, 0x214A, 0x2148, 0x2544, 0x252B,
    0x2542, 0x2525, 0x1D29, 0x1D08, 0x1D06, 0x1D00, 0x18C7, 0x18C4,
    0x14A6, 0x10A3, 0x1087, 0x0882, 0x0C65, 0x0404, 0x4674, 0x35F0,
    0x35CE, 0x2D90, 0x2D8E, 0x296D, 0x256B, 0x254A, 0x214A, 0x252D,
    0x1D0C, 0x190B, 0x1D0A, 0x18C8, 0x14A8, 0x14A6, 0x1085, 0x0C65,
    0x0844,
};
static const uint16_t pal_CHGLWT5P[] = {
    0x0040, 0x0000, 0x52AF, 0x4654, 0x3E10, 0x4206, 0x3DE8, 0x35E3,
    0x31C4, 0x31A8, 0x2DA5, 0x2988, 0x2D84, 0x2986, 0x296C, 0x2D69,
    0x2568, 0x2D62, 0x2566, 0x294A, 0x2945, 0x2545, 0x2147, 0x212C,
    0x2129, 0x1D28, 0x2123, 0x2106, 0x214A, 0x2148, 0x2544, 0x252B,
    0x2542, 0x2525, 0x1D29, 0x1D08, 0x1D06, 0x1D00, 0x18C7, 0x18C4,
    0x14A6, 0x10A3, 0x1087, 0x0882, 0x0C65, 0x0404, 0x4674, 0x35F0,
    0x35CE, 0x2D90, 0x2D8E, 0x296D, 0x256B, 0x254A, 0x214A, 0x252D,
    0x1D0C, 0x190B, 0x1D0A, 0x18C8, 0x14A8, 0x14A6, 0x1085, 0x0C65,
    0x0844,
};
static const uint16_t pal_CHGLWT6P[] = {
    0x0040, 0x0000, 0x4E8F, 0x4234, 0x39F0, 0x3DE6, 0x39C8, 0x31C3,
    0x2DA4, 0x2D88, 0x2985, 0x2568, 0x2964, 0x2566, 0x254C, 0x2949,
    0x2148, 0x2942, 0x2146, 0x252A, 0x2525, 0x2125, 0x1D27, 0x212C,
    0x2129, 0x1D28, 0x2123, 0x2106, 0x214A, 0x2148, 0x2544, 0x252B,
    0x2542, 0x2525, 0x1D29, 0x1D08, 0x1D06, 0x1D00, 0x18C7, 0x18C4,
    0x14A6, 0x10A3, 0x1087, 0x0882, 0x0C65, 0x0404, 0x4674, 0x35F0,
    0x35CE, 0x2D90, 0x2D8E, 0x296D, 0x256B, 0x254A, 0x214A, 0x252D,
    0x1D0C, 0x190B, 0x1D0A, 0x18C8, 0x14A8, 0x14A6, 0x1085, 0x0C65,
    0x0844,
};
static const uint16_t pal_CHGLWT7P[] = {
    0x0040, 0x0000, 0x4A6F, 0x3E14, 0x35D0, 0x39C6, 0x35A8, 0x2DA3,
    0x2984, 0x2968, 0x2565, 0x2148, 0x2544, 0x2146, 0x212C, 0x2529,
    0x1D28, 0x2522, 0x1D26, 0x210A, 0x2105, 0x1D05, 0x1907, 0x212C,
    0x2129, 0x1D28, 0x2123, 0x2106, 0x214A, 0x2148, 0x2544, 0x252B,
    0x2542, 0x2525, 0x1D29, 0x1D08, 0x1D06, 0x1D00, 0x18C7, 0x18C4,
    0x14A6, 0x10A3, 0x1087, 0x0882, 0x0C65, 0x0404, 0x4674, 0x35F0,
    0x35CE, 0x2D90, 0x2D8E, 0x296D, 0x256B, 0x254A, 0x214A, 0x252D,
    0x1D0C, 0x190B, 0x1D0A, 0x18C8, 0x14A8, 0x14A6, 0x1085, 0x0C65,
    0x0844,
};
static const uint16_t pal_CHGLWT8P[] = {
    0x0040, 0x0000, 0x464F, 0x39F4, 0x31B0, 0x35A6, 0x3188, 0x2983,
    0x2564, 0x2548, 0x2145, 0x1D28, 0x2124, 0x1D26, 0x1D0C, 0x2109,
    0x1908, 0x2102, 0x1906, 0x1CEA, 0x1CE5, 0x18E5, 0x14E7, 0x212C,
    0x2129, 0x1D28, 0x2123, 0x2106, 0x214A, 0x2148, 0x2544, 0x252B,
    0x2542, 0x2525, 0x1D29, 0x1D08, 0x1D06, 0x1D00, 0x18C7, 0x18C4,
    0x14A6, 0x10A3, 0x1087, 0x0882, 0x0C65, 0x0404, 0x4674, 0x35F0,
    0x35CE, 0x2D90, 0x2D8E, 0x296D, 0x256B, 0x254A, 0x214A, 0x252D,
    0x1D0C, 0x190B, 0x1D0A, 0x18C8, 0x14A8, 0x14A6, 0x1085, 0x0C65,
    0x0844,
};
static const uint16_t pal_CHGLWT9P[] = {
    0x0040, 0x0000, 0x422F, 0x35D4, 0x2D90, 0x3186, 0x2D68, 0x2563,
    0x2144, 0x2128, 0x1D25, 0x1908, 0x1D04, 0x1906, 0x18EC, 0x1CE9,
    0x14E8, 0x1CE2, 0x14E6, 0x18CA, 0x18C5, 0x14C5, 0x14E7, 0x212C,
    0x2129, 0x1D28, 0x2123, 0x2106, 0x214A, 0x2148, 0x2544, 0x252B,
    0x2542, 0x2525, 0x1D29, 0x1D08, 0x1D06, 0x1D00, 0x18C7, 0x18C4,
    0x14A6, 0x10A3, 0x1087, 0x0882, 0x0C65, 0x0404, 0x4674, 0x35F0,
    0x35CE, 0x2D90, 0x2D8E, 0x296D, 0x256B, 0x254A, 0x214A, 0x252D,
    0x1D0C, 0x190B, 0x1D0A, 0x18C8, 0x14A8, 0x14A6, 0x1085, 0x0C65,
    0x0844,
};
static const uint16_t pal_MGP_R_PA[] = {
    0x001F, 0x0000, 0x7FDE, 0x7F9C, 0x7F5A, 0x7B18, 0x7AD6, 0x7694,
    0x7252, 0x7210, 0x6DCE, 0x6DAD, 0x696B, 0x6529, 0x6508, 0x60C6,
    0x60A5, 0x58A5, 0x5484, 0x4C84, 0x4884, 0x4463, 0x3C63, 0x3842,
    0x3042, 0x2C42, 0x2821, 0x2021, 0x1C21, 0x1400, 0x1000, 0x0C00,
};
static const uint16_t pal_INFO_P[] = {
    0x0004, 0x318C, 0x0000, 0x7FFF, 0x7FE0,
};
static const uint16_t pal_BICON10P[] = {
    0x0029, 0x0000, 0x7FFF, 0x6F7B, 0x6318, 0x5AD6, 0x5294, 0x4A52,
    0x4631, 0x4210, 0x3DEF, 0x39CE, 0x35AD, 0x318C, 0x294A, 0x2529,
    0x2108, 0x1CE7, 0x18C6, 0x0842, 0x0000, 0x7FDE, 0x6CA5, 0x6884,
    0x7B5A, 0x7AD6, 0x7652, 0x75EF, 0x716B, 0x7108, 0x6484, 0x5C63,
    0x5842, 0x5442, 0x5042, 0x4C21, 0x4421, 0x4021, 0x3C00, 0x3800,
    0x3000, 0x2C00,
};
static const uint16_t pal_BICON20P[] = {
    0x001B, 0x0000, 0x7FFF, 0x6F7B, 0x6318, 0x5AD6, 0x5294, 0x4A52,
    0x4631, 0x4210, 0x3DEF, 0x39CE, 0x35AD, 0x294A, 0x2529, 0x2108,
    0x0000, 0x77FD, 0x6BFA, 0x63D8, 0x53D4, 0x2FAB, 0x02E0, 0x0280,
    0x01E0, 0x01A0, 0x0160, 0x0120,
};
static const uint16_t pal_BICON30P[] = {
    0x001C, 0x0000, 0x7FFF, 0x6F7B, 0x6318, 0x5AD6, 0x5294, 0x4A52,
    0x4631, 0x4210, 0x3DEF, 0x39CE, 0x35AD, 0x294A, 0x2529, 0x2108,
    0x0000, 0x77BF, 0x673F, 0x5ADF, 0x529F, 0x4A5F, 0x421F, 0x319F,
    0x0016, 0x0011, 0x000E, 0x000B, 0x0008,
};
static const uint16_t pal_BICON40P[] = {
    0x0021, 0x0000, 0x7FFF, 0x6F7B, 0x6318, 0x5AD6, 0x5294, 0x4A52,
    0x4631, 0x4210, 0x3DEF, 0x39CE, 0x35AD, 0x318C, 0x294A, 0x2529,
    0x2108, 0x0000, 0x7FBF, 0x7F3F, 0x7E9F, 0x7E5F, 0x7DDF, 0x7C3F,
    0x6419, 0x5C17, 0x5816, 0x5014, 0x4812, 0x4010, 0x380E, 0x300C,
    0x280A, 0x2008,
};
static const uint16_t pal_BICON50P[] = {
    0x0022, 0x0000, 0x7FFF, 0x6F7B, 0x6318, 0x5AD6, 0x5294, 0x4A52,
    0x4631, 0x4210, 0x3DEF, 0x39CE, 0x35AD, 0x294A, 0x2529, 0x2108,
    0x0000, 0x7FFB, 0x7FF3, 0x7FEF, 0x7FEB, 0x7FE3, 0x7F80, 0x7F40,
    0x7F20, 0x7EE0, 0x7EA0, 0x7E80, 0x7E40, 0x6E00, 0x5DA0, 0x4D60,
    0x3D20, 0x2CC0, 0x1C80,
};
static const uint16_t pal_BICON60P[] = {
    0x0028, 0x0000, 0x7FFF, 0x6F7B, 0x6318, 0x5AD6, 0x5294, 0x4A52,
    0x4631, 0x4210, 0x3DEF, 0x39CE, 0x35AD, 0x294A, 0x2529, 0x2108,
    0x0000, 0x7F9C, 0x7F5A, 0x7ED6, 0x7E94, 0x7E52, 0x7E10, 0x7DCE,
    0x7DAD, 0x7929, 0x74C6, 0x6CA5, 0x6884, 0x6084, 0x5C84, 0x5863,
    0x5063, 0x4C42, 0x4442, 0x4042, 0x3C21, 0x3421, 0x3021, 0x2800,
    0x2400,
};
static const uint16_t pal_BICON70P[] = {
    0x0020, 0x0000, 0x7FFF, 0x6F7B, 0x6318, 0x5AD6, 0x5294, 0x4A52,
    0x4631, 0x4210, 0x3DEF, 0x39CE, 0x35AD, 0x294A, 0x2529, 0x2108,
    0x0000, 0x77FD, 0x6BFA, 0x63D8, 0x53D4, 0x2FAB, 0x1FA7, 0x0340,
    0x02E0, 0x02A0, 0x0280, 0x0240, 0x0200, 0x01E0, 0x01A0, 0x0160,
    0x0120,
};
static const uint16_t pal_BICON80P[] = {
    0x001F, 0x0000, 0x7FFF, 0x6F7B, 0x6318, 0x5AD6, 0x5294, 0x4210,
    0x3DEF, 0x39CE, 0x35AD, 0x294A, 0x2529, 0x2108, 0x0000, 0x6F7F,
    0x673F, 0x5ADF, 0x4A5F, 0x421F, 0x39DF, 0x295F, 0x14BF, 0x001F,
    0x0019, 0x0016, 0x0013, 0x0011, 0x000E, 0x000B, 0x0008, 0x0005,
};
static const uint16_t pal_BICON00P[] = {
    0x001D, 0x0000, 0x7FFF, 0x6F7B, 0x6318, 0x5AD6, 0x5294, 0x4A52,
    0x4631, 0x4210, 0x3DEF, 0x39CE, 0x35AD, 0x294A, 0x2529, 0x2108,
    0x0000, 0x7FEF, 0x7FE0, 0x7FA0, 0x7F80, 0x7F40, 0x7EE0, 0x7EA0,
    0x7E80, 0x7E40, 0x4D60, 0x7F60, 0x7FC0, 0x7F00,
};
static const uint16_t pal_BICON1_P[] = {
    0x0018, 0x2D6B, 0x7FFF, 0x0000, 0x7FFB, 0x7FEF, 0x7FE3, 0x7FA0,
    0x7F80, 0x7F40, 0x7F20, 0x7EA0, 0x6E00, 0x73FF, 0x6BDF, 0x5FDF,
    0x53BF, 0x4BBF, 0x3F9F, 0x02DF, 0x029B, 0x0191, 0x014F, 0x010D,
    0x00CB,
};
static const uint16_t pal_BICON5_P[] = {
    0x0019, 0x2D6B, 0x7FFF, 0x739C, 0x6F7B, 0x6318, 0x5AD6, 0x5294,
    0x4A52, 0x4631, 0x4210, 0x3DEF, 0x39CE, 0x318C, 0x294A, 0x2108,
    0x0000, 0x7FFB, 0x7FEF, 0x7FE3, 0x7FA0, 0x7F80, 0x7F40, 0x7F20,
    0x7EA0, 0x6E00,
};
static const uint16_t pal_BICON90_P[] = {
    0x001F, 0x318C, 0x7FFF, 0x6F7B, 0x6318, 0x4A52, 0x4631, 0x4210,
    0x3DEF, 0x39CE, 0x35AD, 0x318C, 0x294A, 0x2529, 0x2108, 0x0000,
    0x7F3F, 0x7EDF, 0x765D, 0x75DD, 0x759D, 0x751D, 0x741D, 0x6C1B,
    0x5C17, 0x5415, 0x5014, 0x4010, 0x380E, 0x300C, 0x2008, 0x0401,
};
static const uint16_t pal_DPLT_P2P[] = {
    0x0020, 0x0000, 0x6F7C, 0x6F3C, 0x6EFC, 0x6EBC, 0x6E7C, 0x6E3C,
    0x6DFC, 0x6DBC, 0x6D7C, 0x6D5C, 0x6D1C, 0x6CBC, 0x6C9C, 0x6C3C,
    0x6C1C, 0x6C1C, 0x681B, 0x6019, 0x5C18, 0x5416, 0x4C14, 0x4412,
    0x3C10, 0x380F, 0x300D, 0x280B, 0x240A, 0x1807, 0x1406, 0x1005,
    0x7FFF,
};
static const uint16_t pal_CHGLWB_P[] = {
    0x0040, 0x318C, 0x6B6B, 0x6325, 0x52E4, 0x52A9, 0x52A1, 0x4686,
    0x4A82, 0x4248, 0x4643, 0x4224, 0x3A08, 0x3E05, 0x3E02, 0x35E8,
    0x39E3, 0x35CC, 0x35E1, 0x35C5, 0x31C2, 0x2DA9, 0x31A4, 0x2DA2,
    0x3186, 0x2D88, 0x298A, 0x2983, 0x2D67, 0x256A, 0x2967, 0x3161,
    0x2945, 0x2543, 0x2528, 0x2141, 0x2525, 0x2522, 0x2503, 0x1D04,
    0x1CE5, 0x18E2, 0x1CC4, 0x18C5, 0x14C3, 0x10A3, 0x52D4, 0x4254,
    0x35F3, 0x2D8C, 0x254C, 0x212A, 0x1D0B, 0x2108, 0x1CE8, 0x18C8,
    0x14A8, 0x14A5, 0x1087, 0x1484, 0x1085, 0x0C63, 0x0864, 0x0C45,
    0x0423,
};
static const uint16_t pal_CHGLWT_P[] = {
    0x0040, 0x318C, 0x674F, 0x5AF4, 0x52B0, 0x56A6, 0x5288, 0x4A83,
    0x4664, 0x4648, 0x4245, 0x3E28, 0x4224, 0x3E26, 0x3E0C, 0x4209,
    0x3A08, 0x4202, 0x3A06, 0x3DEA, 0x3DE5, 0x39E5, 0x35E7, 0x35CC,
    0x35C9, 0x31C8, 0x35C3, 0x35A6, 0x2DAA, 0x2DA8, 0x31A4, 0x318B,
    0x31A2, 0x3185, 0x2989, 0x2968, 0x2966, 0x2960, 0x2527, 0x2524,
    0x2106, 0x1D03, 0x1CE7, 0x14E2, 0x18C5, 0x1064, 0x4674, 0x35F0,
    0x35CE, 0x2D90, 0x2D8E, 0x296D, 0x256B, 0x254A, 0x214A, 0x252D,
    0x1D0C, 0x190B, 0x1D0A, 0x18C8, 0x14A8, 0x14A6, 0x1085, 0x0C65,
    0x0844,
};
static const uint16_t pal_CHSHDB_P[] = {
    0x0032, 0x0000, 0x0441, 0x0443, 0x0844, 0x0C66, 0x0442, 0x1087,
    0x0C65, 0x14A8, 0x1CEB, 0x0843, 0x1086, 0x14A7, 0x0C64, 0x1085,
    0x14CA, 0x212D, 0x254E, 0x1D0C, 0x0866, 0x10A8, 0x14C9, 0x18EA,
    0x0C87, 0x1D0B, 0x0865, 0x14C8, 0x18E9, 0x10A7, 0x0C86, 0x10C9,
    0x14EA, 0x190B, 0x0864, 0x0443, 0x192C, 0x10C8, 0x14E9, 0x10A6,
    0x14C7, 0x0886, 0x0CA7, 0x0C85, 0x190A, 0x0885, 0x0441, 0x0884,
    0x0442, 0x0863, 0x0441,
};
static const uint16_t pal_CHSHDT_P[] = {
    0x003D, 0x0000, 0x0844, 0x0C66, 0x0442, 0x14A9, 0x1087, 0x0C65,
    0x14A8, 0x1CEB, 0x252E, 0x0843, 0x210C, 0x1086, 0x14A7, 0x0C64,
    0x1085, 0x10AA, 0x10A9, 0x14CA, 0x18EB, 0x212D, 0x0C88, 0x1D0C,
    0x0866, 0x10A8, 0x14C9, 0x18EA, 0x0C87, 0x1D0B, 0x2570, 0x2DB2,
    0x0865, 0x14C8, 0x18E9, 0x14EB, 0x190C, 0x1D2D, 0x214E, 0x10A7,
    0x2990, 0x0C86, 0x10C9, 0x14EA, 0x0CA8, 0x1D2C, 0x190B, 0x0864,
    0x0443, 0x192C, 0x10C8, 0x14E9, 0x10A6, 0x0886, 0x0CA7, 0x0C85,
    0x190A, 0x0885, 0x0441, 0x0442, 0x0863, 0x0441,
};
static const uint16_t pal_BEYES[] = {
    0x0016, 0x21EB, 0x316C, 0x0424, 0x0CAD, 0x5254, 0x14B5, 0x66F8,
    0x7BBE, 0x18FB, 0x2D72, 0x2D7F, 0x4E7F, 0x3E12, 0x1D1D, 0x41CF,
    0x62D7, 0x7E73, 0x75CE, 0x694A, 0x60C6, 0x5463, 0x4C00,
};
static const uint16_t pal_BGLAS_P[] = {
    0x0013, 0x314C, 0x7D7D, 0x723C, 0x7CB9, 0x7CB6, 0x7C75, 0x78B2,
    0x6954, 0x7831, 0x68D5, 0x6871, 0x64D0, 0x51B1, 0x682E, 0x50D2,
    0x4C2B, 0x3489, 0x2C06, 0x1023,
};
static const uint16_t pal_PERFCT_P[] = {
    0x0018, 0x0000, 0x7F60, 0x7F40, 0x7F80, 0x7F40, 0x7F80, 0x7FC3,
    0x7FEA, 0x7FEC, 0x7FED, 0x7FE9, 0x7FFF, 0x73DF, 0x67DF, 0x5BBF,
    0x4F9F, 0x437F, 0x3B7F, 0x2F5F, 0x233F, 0x173F, 0x029E, 0x027D,
    0x0000,
};
static const uint16_t pal_RPERFCT_P[] = {
    0x0018, 0x318C, 0x7C00, 0x7C00, 0x7C00, 0x7C00, 0x7C00, 0x7C00,
    0x7C00, 0x7C00, 0x7C00, 0x7C00, 0x7FFF, 0x73DF, 0x67DF, 0x5BBF,
    0x4F9F, 0x437F, 0x3B7F, 0x2F5F, 0x233F, 0x173F, 0x029E, 0x027D,
    0x0000,
};
static const uint16_t pal_SPITBLU_P[] = {
    0x0016, 0x0000, 0x73FF, 0x6BDE, 0x5FBD, 0x5B9D, 0x537C, 0x4B5B,
    0x435A, 0x3B19, 0x36F9, 0x2ED8, 0x2AB7, 0x2296, 0x1E75, 0x1A55,
    0x1634, 0x1213, 0x0DF2, 0x09D1, 0x05B1, 0x0190, 0x016F,
};
static const uint16_t pal_RNDPLT_P[] = {
    0x0020, 0x0000, 0x7F3F, 0x76BB, 0x729A, 0x6A58, 0x6637, 0x6216,
    0x5DF5, 0x59D4, 0x55B3, 0x5192, 0x4D71, 0x4950, 0x452F, 0x410E,
    0x3CED, 0x38CC, 0x34AB, 0x308A, 0x2C69, 0x2848, 0x2427, 0x2006,
    0x1C05, 0x1403, 0x0000, 0x7FE0, 0x7FC0, 0x7FA0, 0x7F80, 0x7F60,
    0x7F40,
};
static const uint16_t pal_RNDNUM_P[] = {
    0x000A, 0x0000, 0x7FFF, 0x7BDE, 0x739C, 0x6F7B, 0x6B5A, 0x6739,
    0x5EF7, 0x5AD6, 0x0000,
};
static const uint16_t pal_COMBO_P[] = {
    0x0020, 0x0000, 0x7FFF, 0x4E73, 0x318C, 0x0000, 0x7FE0, 0x7FC0,
    0x7F80, 0x7F60, 0x7F40, 0x7F20, 0x7EE0, 0x7EC0, 0x7BDF, 0x77DF,
    0x73BF, 0x6F9F, 0x6B9F, 0x677F, 0x637F, 0x5F5F, 0x573F, 0x531F,
    0x4B1F, 0x46FF, 0x3EDF, 0x3ABF, 0x36BF, 0x329F, 0x2E7F, 0x2A7F,
    0x265F,
};
static const uint16_t pal_SUPER_P[] = {
    0x001E, 0x0000, 0x294A, 0x7FFF, 0x7BDE, 0x77BD, 0x739C, 0x6F7B,
    0x6B5A, 0x6739, 0x6318, 0x5EF7, 0x5AD6, 0x4E73, 0x4A52, 0x4631,
    0x35AD, 0x318C, 0x2D6B, 0x2529, 0x2108, 0x1CE7, 0x7BBD, 0x779C,
    0x737B, 0x0000, 0x5415, 0x79DE, 0x701C, 0x6419, 0x5415,
};
static const uint16_t pal_PWREMP_P[] = {
    0x001C, 0x0000, 0x7FFF, 0x7BDE, 0x77BD, 0x739C, 0x6F7B, 0x6B5A,
    0x6739, 0x6318, 0x5EF7, 0x5AD6, 0x56B5, 0x5294, 0x4E73, 0x4A52,
    0x4631, 0x4210, 0x3DEF, 0x39CE, 0x35AD, 0x318C, 0x2529, 0x2108,
    0x1CE7, 0x18C6, 0x14A5, 0x1084, 0x0000,
};
static const uint16_t pal_FGR2YL_P[] = {
    0x0020, 0x0000, 0x7FE0, 0x7FE0, 0x73C0, 0x6BC0, 0x63C0, 0x5BC0,
    0x53C0, 0x4BC0, 0x3FC0, 0x37A0, 0x2FA0, 0x27A0, 0x1FA0, 0x17A0,
    0x0FA0, 0x07A0, 0x03A0, 0x4A40, 0x4240, 0x3E40, 0x3640, 0x3240,
    0x2A40, 0x2640, 0x2240, 0x1A40, 0x1640, 0x0E40, 0x0A40, 0x0640,
    0x0240,
};
static const uint16_t pal_FYL2RD_P[] = {
    0x0020, 0x2CAB, 0x7000, 0x7020, 0x7060, 0x70A0, 0x70C0, 0x7500,
    0x7540, 0x7580, 0x75C0, 0x7A00, 0x7A40, 0x7A80, 0x7AC0, 0x7B20,
    0x7F60, 0x7FA0, 0x7FE0, 0x4400, 0x4420, 0x4460, 0x44A0, 0x44C0,
    0x4900, 0x4920, 0x4940, 0x4980, 0x49A0, 0x49C0, 0x4A00, 0x4A20,
    0x4A40,
};
static const uint16_t pal_DCLIQU3[] = {
    0x0018, 0x0000, 0x3170, 0x2D4F, 0x292E, 0x250D, 0x20EC, 0x1CCB,
    0x1488, 0x18AA, 0x35B1, 0x18A9, 0x3DD2, 0x41F3, 0x4634, 0x4E55,
    0x5297, 0x5EF9, 0x5AB8, 0x0022, 0x0444, 0x0C46, 0x1D0B, 0x671A,
    0x739C,
};
static const uint16_t pal_BGSPRKL_P[] = {
    0x0010, 0x318C, 0x7FFF, 0x7FBF, 0x77BF, 0x779F, 0x675F, 0x5F3F,
    0x671C, 0x4EDF, 0x42BF, 0x3A7F, 0x365F, 0x2A5F, 0x265F, 0x1E1F,
    0x11FF,
};
static const uint16_t pal_SPARKL_P[] = {
    0x0010, 0x318C, 0x7FFF, 0x7FBF, 0x77BF, 0x779F, 0x675F, 0x5F3F,
    0x671C, 0x4EDF, 0x42BF, 0x3A7F, 0x365F, 0x2A5F, 0x265F, 0x1E1F,
    0x11FF,
};
static const uint16_t pal_XPLODE_P[] = {
    0x001A, 0x18C6, 0x7FE9, 0x7FE5, 0x7FE3, 0x7FA2, 0x7F42, 0x7EA1,
    0x7E21, 0x6E21, 0x71E1, 0x69A1, 0x5D81, 0x5960, 0x5140, 0x4D40,
    0x4920, 0x4100, 0x3D00, 0x38E0, 0x30C0, 0x2CC0, 0x28A0, 0x2080,
    0x2060, 0x1C80, 0x1860,
};
static const uint16_t pal_BLUEEX_P[] = {
    0x001A, 0x18D5, 0x7FFF, 0x6FDF, 0x67BF, 0x5F7E, 0x535E, 0x4B3E,
    0x42FE, 0x3ADE, 0x2E9D, 0x267D, 0x1E3D, 0x15FD, 0x0DBC, 0x059C,
    0x015C, 0x013A, 0x0118, 0x0117, 0x00F5, 0x00D3, 0x00D1, 0x00AF,
    0x008E, 0x008C, 0x006A,
};
static const uint16_t pal_BRITEX_P[] = {
    0x001A, 0x2108, 0x7FF8, 0x7FD5, 0x7FD1, 0x7FCE, 0x7FCB, 0x7FC8,
    0x7B67, 0x7B26, 0x7AE5, 0x76A4, 0x7663, 0x7622, 0x75E1, 0x7180,
    0x7140, 0x6920, 0x6120, 0x5D20, 0x5520, 0x4D00, 0x4500, 0x3CE0,
    0x34E0, 0x30C0, 0x28A0,
};
static const uint16_t pal_SMOKE_P[] = {
    0x0013, 0x152B, 0x7FFF, 0x7BDE, 0x77BD, 0x739C, 0x6B5A, 0x6739,
    0x6318, 0x5EF7, 0x5AD6, 0x56B5, 0x4E73, 0x4A52, 0x4631, 0x4210,
    0x3DEF, 0x35AD, 0x318C, 0x2D6B,
};
static const uint16_t pal_SALTTR_P[] = {
    0x0010, 0x316D, 0x7FFF, 0x7BDE, 0x77BD, 0x739C, 0x6B5A, 0x6739,
    0x6318, 0x5EF7, 0x5AD6, 0x56B5, 0x5294, 0x4A52, 0x4631, 0x4210,
    0x3DEF,
};
static const uint16_t pal_NPLM_P[] = {
    0x0013, 0x0000, 0x4CA0, 0x60A2, 0x64E0, 0x6CC2, 0x4080, 0x7DC0,
    0x7D20, 0x7E60, 0x60C4, 0x5083, 0x7EE1, 0x6126, 0x7126, 0x6A4D,
    0x7F82, 0x7FC2, 0x4901, 0x7BEF,
};
static const uint16_t pal_REPR_P[] = {
    0x0018, 0x0000, 0x7FFF, 0x779C, 0x6B39, 0x62F7, 0x5694, 0x4E52,
    0x45EF, 0x39AD, 0x314A, 0x2508, 0x1CC6, 0x1084, 0x0842, 0x7D8C,
    0x7108, 0x64A5, 0x5C63, 0x5021, 0x4800, 0x3C00, 0x3400, 0x2800,
    0x2000,
};
static const uint16_t pal_SKULL_P[] = {
    0x003F, 0x18C6, 0x7FFC, 0x7FFA, 0x7FD9, 0x7FB8, 0x7F97, 0x7F96,
    0x7F95, 0x7B96, 0x7B75, 0x7753, 0x7354, 0x7333, 0x6F11, 0x6B33,
    0x6F13, 0x6F11, 0x6B13, 0x6AF1, 0x66F0, 0x66D1, 0x62D1, 0x62AE,
    0x5EAE, 0x5AB0, 0x5E8F, 0x5E8C, 0x5A8F, 0x5A6C, 0x566B, 0x568E,
    0x5A4D, 0x5A4C, 0x564D, 0x522C, 0x4E2E, 0x4E4C, 0x520B, 0x4E0B,
    0x49EA, 0x460B, 0x460A, 0x41E9, 0x3DC9, 0x3DC8, 0x3DA9, 0x39A8,
    0x35A9, 0x3587, 0x3167, 0x3166, 0x2D47, 0x2D46, 0x2925, 0x2505,
    0x2104, 0x20E5, 0x20E4, 0x1CE6, 0x1CC3, 0x1883, 0x14A3, 0x1082,
};
static const uint16_t pal_LAMB_P[] = {
    0x0020, 0x18C6, 0x7FBB, 0x7B36, 0x7EF4, 0x7EB2, 0x66F4, 0x7E71,
    0x62D3, 0x5691, 0x75EC, 0x6E0E, 0x71AA, 0x65CD, 0x6D89, 0x4E2F,
    0x6568, 0x6547, 0x5189, 0x5526, 0x5903, 0x4D06, 0x358A, 0x40E5,
    0x3907, 0x34C4, 0x34A3, 0x1CE6, 0x24C5, 0x2883, 0x2062, 0x1C83,
    0x1441,
};
static const uint16_t pal_HART_P[] = {
    0x003E, 0x18C6, 0x7E9F, 0x7E7F, 0x7E1E, 0x7DDC, 0x7DBC, 0x7DBB,
    0x7D7A, 0x7D59, 0x7D38, 0x7D16, 0x7CF6, 0x78F5, 0x78B4, 0x74D4,
    0x74B4, 0x7493, 0x6954, 0x6953, 0x6933, 0x6553, 0x6C92, 0x6132,
    0x6891, 0x6871, 0x5D32, 0x60F1, 0x6471, 0x5D11, 0x6470, 0x5CF0,
    0x6070, 0x606F, 0x58B0, 0x5C6F, 0x54F0, 0x58AF, 0x54CF, 0x586F,
    0x586E, 0x548E, 0x546E, 0x508D, 0x4CAE, 0x506D, 0x488D, 0x4C4C,
    0x448C, 0x484B, 0x446C, 0x404B, 0x3C4A, 0x3849, 0x3449, 0x3028,
    0x3027, 0x2C28, 0x2C27, 0x2426, 0x2025, 0x1C24, 0x1403,
};
static const uint16_t pal_FISH_P[] = {
    0x0016, 0x18C6, 0x77D9, 0x6F96, 0x6753, 0x5F11, 0x56CF, 0x4EAC,
    0x466B, 0x3E29, 0x35E7, 0x31C6, 0x2984, 0x2144, 0x1D24, 0x18E3,
    0x10C3, 0x0C82, 0x6A00, 0x51A0, 0x3D40, 0x28C0, 0x1CA0,
};
static const uint16_t pal_BLAD_P[] = {
    0x0010, 0x18C6, 0x7FFF, 0x56B5, 0x5294, 0x4E73, 0x4A52, 0x4631,
    0x4210, 0x3DEF, 0x39CE, 0x35AD, 0x318C, 0x2D6B, 0x294A, 0x2529,
    0x1CE7,
};
static const uint16_t pal_STAR_P[] = {
    0x0016, 0x18C6, 0x7F17, 0x7E51, 0x7D6B, 0x7C03, 0x6801, 0x5400,
    0x4000, 0x5F1F, 0x465C, 0x2D9A, 0x1CF8, 0x0C76, 0x0850, 0x084B,
    0x7FDF, 0x6F3B, 0x5ED7, 0x4E53, 0x3DCF, 0x2D4B, 0x20E8,
};
static const uint16_t pal_DBELL_P[] = {
    0x0010, 0x18C6, 0x7FFF, 0x77BD, 0x6F7B, 0x6739, 0x5EF7, 0x56B5,
    0x4E73, 0x4A52, 0x4210, 0x39CE, 0x318C, 0x294A, 0x2108, 0x18C6,
    0x14A5,
};
static const uint16_t pal_BAT_P[] = {
    0x000E, 0x18C6, 0x4E73, 0x4631, 0x4210, 0x3DEF, 0x35AD, 0x318C,
    0x294A, 0x2529, 0x2108, 0x18C6, 0x14A5, 0x0C63, 0x0842,
};
static const uint16_t pal_TOMB_P[] = {
    0x003A, 0x24C7, 0x739C, 0x6B7A, 0x6B5A, 0x6739, 0x6318, 0x5EF7,
    0x5AF6, 0x5AD6, 0x56B5, 0x52B4, 0x5294, 0x4E93, 0x4E73, 0x4A72,
    0x4A52, 0x4651, 0x4631, 0x4230, 0x4210, 0x3E0F, 0x3DEF, 0x39EE,
    0x39CE, 0x35CD, 0x35AD, 0x31AC, 0x318C, 0x2D8B, 0x2D6B, 0x296A,
    0x294A, 0x2549, 0x2529, 0x2128, 0x2108, 0x1D07, 0x1CE7, 0x18E6,
    0x18C6, 0x14C5, 0x14A5, 0x10A4, 0x1084, 0x0C83, 0x0C63, 0x0862,
    0x0842, 0x77BD, 0x675C, 0x5B1B, 0x4ADB, 0x3E9A, 0x3239, 0x2619,
    0x1DD8, 0x1197, 0x0957,
};
static const uint16_t pal_GHOST_P[] = {
    0x0017, 0x316B, 0x7BBB, 0x7BDD, 0x6B39, 0x6717, 0x62F6, 0x5AD5,
    0x5693, 0x5272, 0x4A51, 0x420F, 0x41EE, 0x3DEE, 0x39CD, 0x39AC,
    0x35AC, 0x318B, 0x2D8B, 0x316A, 0x2949, 0x2107, 0x1CE6, 0x18C5,
};
static const uint16_t pal_DIZZY_P[] = {
    0x0010, 0x00A8, 0x7FEE, 0x7FE9, 0x7FE8, 0x7FE7, 0x7FE5, 0x7F80,
    0x7B60, 0x7720, 0x7300, 0x6EE0, 0x6AC0, 0x66A0, 0x6280, 0x5A40,
    0x5200,
};
static const uint16_t pal_BMDZP[] = {
    0x0008, 0x7C1F, 0x77FA, 0x7BEF, 0x7FC2, 0x7F82, 0x7EE1, 0x7E60,
    0x7DC0,
};
static const uint16_t pal_YKDZP[] = {
    0x000F, 0x7C1F, 0x7B5B, 0x76D7, 0x6E54, 0x65D0, 0x5A0C, 0x5D8C,
    0x5D6D, 0x556B, 0x4D4A, 0x4929, 0x4108, 0x38E7, 0x30C6, 0x2CA5,
};
static const uint16_t pal_UNDZP[] = {
    0x000D, 0x7C1F, 0x7BBB, 0x7BDD, 0x6B39, 0x6717, 0x62F6, 0x5AD5,
    0x5693, 0x5272, 0x4A51, 0x420F, 0x39CD, 0x318B,
};
static const uint16_t pal_RAZDIZP[] = {
    0x0016, 0x1931, 0x7FDE, 0x4A50, 0x41ED, 0x35CD, 0x2D8C, 0x1D07,
    0x18E6, 0x10A4, 0x0000, 0x737B, 0x6B38, 0x62F6, 0x5AB4, 0x5272,
    0x420E, 0x39ED, 0x35AC, 0x2D8A, 0x2969, 0x2128, 0x0842,
};
static const uint16_t pal_MPLTPRPP[] = {
    0x001D, 0x0000, 0x7F3F, 0x7F1E, 0x7EFD, 0x76BB, 0x729A, 0x6A58,
    0x6637, 0x6216, 0x5DF5, 0x59D4, 0x55B3, 0x5192, 0x4D71, 0x4950,
    0x452F, 0x410E, 0x3CED, 0x38CC, 0x34AB, 0x308B, 0x308A, 0x2C69,
    0x2848, 0x2427, 0x2006, 0x1C05, 0x1804, 0x1403,
};
static const uint16_t pal_WGSF_W_P1[] = {
    0x000A, 0x318C, 0x7FFF, 0x7BDE, 0x739C, 0x6F7B, 0x6B5A, 0x6739,
    0x5EF7, 0x5AD6, 0x0000,
};
static const uint16_t pal_DPLT_B_P[] = {
    0x001F, 0x0000, 0x7BDF, 0x739F, 0x6B7F, 0x673F, 0x5F1F, 0x56DF,
    0x52BF, 0x4A9F, 0x425F, 0x3E3F, 0x361F, 0x31DF, 0x29BF, 0x259F,
    0x217F, 0x1D5E, 0x193C, 0x151A, 0x10F9, 0x0CD7, 0x0CB5, 0x0894,
    0x0892, 0x0871, 0x046F, 0x044E, 0x004C, 0x002B, 0x0009, 0x0008,
};
static const uint16_t pal_WBOXREDP[] = {
    0x0010, 0x0000, 0x7EF7, 0x7E73, 0x79AD, 0x754A, 0x7108, 0x5800,
    0x5000, 0x4400, 0x3C00, 0x3400, 0x2C00, 0x2400, 0x1C00, 0x7FE0,
    0x0000,
};
static const uint16_t pal_WBOXBLUP[] = {
    0x0010, 0x0000, 0x5EFF, 0x4E7F, 0x35BE, 0x295D, 0x211C, 0x0016,
    0x0014, 0x0011, 0x000F, 0x000D, 0x000B, 0x0009, 0x0007, 0x7FE0,
    0x0000,
};
static const uint16_t pal_RECVRB_P[] = {
    0x0030, 0x0000, 0x5EFF, 0x4E7F, 0x35BE, 0x295D, 0x211C, 0x0016,
    0x0014, 0x0011, 0x000F, 0x000D, 0x000B, 0x0009, 0x0007, 0x7FFF,
    0x0000, 0x03A0, 0x07A0, 0x0FA0, 0x17A0, 0x1FC0, 0x27C0, 0x2FC0,
    0x37C0, 0x43C0, 0x4BC0, 0x53C0, 0x5BE0, 0x63E0, 0x6FE0, 0x77E0,
    0x7FE0, 0x7FA0, 0x7F60, 0x7B20, 0x7AC0, 0x7A80, 0x7A40, 0x7A00,
    0x75C0, 0x7580, 0x7540, 0x7500, 0x70C0, 0x70A0, 0x7060, 0x7020,
    0x7000,
};
static const uint16_t pal_RECVRR_P[] = {
    0x0030, 0x0000, 0x7EF7, 0x7E73, 0x79AD, 0x754A, 0x7108, 0x5800,
    0x5000, 0x4400, 0x3C00, 0x3400, 0x2C00, 0x2400, 0x1C00, 0x7FFF,
    0x0000, 0x03A0, 0x07A0, 0x0FA0, 0x17A0, 0x1FC0, 0x27C0, 0x2FC0,
    0x37C0, 0x43C0, 0x4BC0, 0x53C0, 0x5BE0, 0x63E0, 0x6FE0, 0x77E0,
    0x7FE0, 0x7FA0, 0x7F60, 0x7B20, 0x7AC0, 0x7A80, 0x7A40, 0x7A00,
    0x75C0, 0x7580, 0x7540, 0x7500, 0x70C0, 0x70A0, 0x7060, 0x7020,
    0x7000,
};
static const uint16_t pal_RECBLK_P[] = {
    0x0003, 0x2CAB, 0x7FFF, 0x0000,
};
static const uint16_t pal_SHNMUG_P[] = {
    0x0079, 0x0000, 0x0C21, 0x0C42, 0x1021, 0x1421, 0x1441, 0x1462,
    0x1463, 0x1442, 0x1461, 0x1484, 0x1861, 0x1862, 0x1882, 0x1883,
    0x1884, 0x18A5, 0x1C62, 0x1C84, 0x1C83, 0x2083, 0x2084, 0x20A4,
    0x20A5, 0x20E7, 0x2484, 0x24A4, 0x24C5, 0x24E6, 0x2508, 0x28A4,
    0x28C5, 0x2929, 0x2CA4, 0x2CC5, 0x2CE5, 0x2CE6, 0x2D4A, 0x34E5,
    0x3506, 0x3507, 0x3529, 0x358C, 0x3D06, 0x3D26, 0x3D27, 0x3D8A,
    0x3DCE, 0x40E5, 0x4106, 0x4127, 0x4128, 0x4148, 0x4149, 0x418C,
    0x41EE, 0x41EF, 0x4947, 0x4948, 0x4949, 0x4988, 0x4989, 0x49EE,
    0x4A31, 0x4D07, 0x4D26, 0x4D47, 0x4D48, 0x4D88, 0x4D89, 0x4D8A,
    0x4DCA, 0x4E2F, 0x4E52, 0x5588, 0x55C9, 0x55CA, 0x55EA, 0x5631,
    0x5651, 0x5692, 0x5694, 0x5D89, 0x5DC9, 0x5DCA, 0x5DEA, 0x5DEC,
    0x5E52, 0x5E92, 0x5ED6, 0x61C9, 0x61CA, 0x61EC, 0x622C, 0x62D4,
    0x65EC, 0x662A, 0x662C, 0x662E, 0x66D4, 0x66D6, 0x66D7, 0x66F6,
    0x6A2C, 0x6A4E, 0x6A4F, 0x6AF6, 0x6AF7, 0x6B17, 0x6E2E, 0x6E4E,
    0x6E4F, 0x6F17, 0x6F18, 0x724E, 0x724F, 0x728F, 0x7291, 0x768F,
    0x7691, 0x76D1,
};
static const uint16_t pal_JASMUG_P[] = {
    0x007B, 0x0000, 0x0821, 0x0C21, 0x0C42, 0x1021, 0x1041, 0x1063,
    0x1082, 0x1084, 0x1421, 0x1441, 0x1463, 0x1484, 0x1821, 0x1841,
    0x1862, 0x1883, 0x1884, 0x18A4, 0x18A5, 0x18C6, 0x1C41, 0x1C62,
    0x1CC5, 0x2041, 0x2083, 0x2084, 0x20A4, 0x2462, 0x2466, 0x2482,
    0x2484, 0x24A3, 0x24A4, 0x24A5, 0x24C6, 0x2507, 0x2861, 0x28C4,
    0x28C5, 0x28E5, 0x28E6, 0x28E8, 0x2906, 0x2946, 0x2C82, 0x2C84,
    0x2CA3, 0x2CA4, 0x2CC4, 0x2CC5, 0x2CE5, 0x34A3, 0x34C4, 0x34C5,
    0x34E6, 0x3505, 0x3506, 0x3526, 0x38C4, 0x38E4, 0x38E5, 0x3906,
    0x3927, 0x3928, 0x3948, 0x3CE5, 0x3D05, 0x3D28, 0x3D47, 0x3D48,
    0x3D49, 0x4506, 0x4507, 0x4527, 0x4528, 0x4547, 0x4548, 0x4549,
    0x4588, 0x4927, 0x4928, 0x4947, 0x4948, 0x4989, 0x498A, 0x49A9,
    0x49AA, 0x49AD, 0x4D89, 0x4DA9, 0x4DAA, 0x4DAC, 0x5589, 0x55A9,
    0x55AA, 0x55CA, 0x55CC, 0x59CA, 0x59CC, 0x59CD, 0x5A94, 0x5DAA,
    0x5DCA, 0x5E0C, 0x5E0D, 0x61AC, 0x61CC, 0x620C, 0x620D, 0x620E,
    0x65CD, 0x662D, 0x662E, 0x664E, 0x6650, 0x6A2E, 0x6A50, 0x6E90,
    0x6670, 0x6A90, 0x6B15, 0x6E91,
};
static const uint16_t pal_JAKMUG_P[] = {
    0x0076, 0x0000, 0x0821, 0x0C21, 0x0C42, 0x0C63, 0x1021, 0x1041,
    0x1042, 0x1441, 0x1463, 0x1484, 0x14A5, 0x1821, 0x1841, 0x1862,
    0x1884, 0x1C41, 0x1CA2, 0x1CC6, 0x1CE7, 0x2041, 0x2062, 0x2063,
    0x2082, 0x20C6, 0x2108, 0x24A4, 0x24E7, 0x254A, 0x2C83, 0x2CA3,
    0x2D08, 0x3061, 0x30C3, 0x30C4, 0x30E4, 0x316B, 0x318C, 0x34E6,
    0x356A, 0x35AD, 0x35CE, 0x38C4, 0x38E4, 0x3906, 0x3947, 0x398A,
    0x39CD, 0x3CE5, 0x3D06, 0x3D46, 0x3D47, 0x3DCE, 0x3E10, 0x44C4,
    0x458A, 0x458B, 0x4631, 0x4946, 0x4988, 0x4A10, 0x4A31, 0x4A52,
    0x4D67, 0x4D68, 0x4D8A, 0x4DAB, 0x4E52, 0x4E73, 0x518A, 0x51A7,
    0x51AA, 0x51CC, 0x520C, 0x520E, 0x5252, 0x5272, 0x5273, 0x5294,
    0x5567, 0x55CC, 0x564E, 0x5653, 0x56D6, 0x56F7, 0x5DAA, 0x5E2E,
    0x61CA, 0x61CC, 0x620C, 0x6293, 0x62F7, 0x6318, 0x6339, 0x662D,
    0x664E, 0x6670, 0x66F7, 0x6718, 0x6A0D, 0x6A4D, 0x6B39, 0x6E50,
    0x6E6E, 0x6E70, 0x6E92, 0x6F5A, 0x737B, 0x7691, 0x76D2, 0x76F4,
    0x7AD2, 0x7AF3, 0x7F34, 0x7F36, 0x7F57, 0x7F58, 0x7F98,
};
static const uint16_t pal_EUGMUG_P[] = {
    0x0079, 0x0000, 0x0821, 0x0822, 0x0823, 0x0C21, 0x0C22, 0x0C23,
    0x1021, 0x1022, 0x1023, 0x1421, 0x1441, 0x1442, 0x1443, 0x1444,
    0x1462, 0x1841, 0x1842, 0x1862, 0x1883, 0x1C41, 0x1C84, 0x2041,
    0x2061, 0x20A4, 0x20A7, 0x2441, 0x2481, 0x2482, 0x24A3, 0x24C5,
    0x2821, 0x2861, 0x2907, 0x2C81, 0x2C82, 0x2CA3, 0x2D28, 0x3468,
    0x3481, 0x34A2, 0x34C3, 0x34E4, 0x34E5, 0x3506, 0x3507, 0x3528,
    0x3905, 0x3948, 0x3949, 0x3CE3, 0x3CE4, 0x3D05, 0x3D48, 0x3D4A,
    0x3D8A, 0x40C3, 0x4125, 0x4126, 0x4127, 0x41AC, 0x48E5, 0x4926,
    0x4947, 0x4CE7, 0x4D46, 0x4D47, 0x4D88, 0x4DCC, 0x5147, 0x5186,
    0x51A8, 0x51CA, 0x51EE, 0x522F, 0x5946, 0x5988, 0x59A9, 0x59CC,
    0x5DCA, 0x5DEC, 0x5DED, 0x61A7, 0x61C8, 0x61CA, 0x61EA, 0x65EA,
    0x65EC, 0x664D, 0x6A2D, 0x6A4D, 0x6A4E, 0x6E4E, 0x6E6F, 0x6EF5,
    0x724E, 0x724F, 0x726E, 0x726F, 0x72B1, 0x7336, 0x766E, 0x766F,
    0x76AF, 0x76D2, 0x7738, 0x7AAE, 0x7AAF, 0x7EAF, 0x7ED1, 0x7EF2,
    0x7F12, 0x7F13, 0x7F99, 0x7F33, 0x7F98, 0x7FDD, 0x7FDB, 0x7FDD,
    0x7FBE, 0x7FDD,
};
static const uint16_t pal_JSHMUG_P[] = {
    0x0076, 0x0000, 0x0421, 0x0422, 0x0423, 0x0426, 0x0428, 0x0821,
    0x0822, 0x0824, 0x0842, 0x0843, 0x0862, 0x0C21, 0x0C22, 0x0C23,
    0x0C24, 0x0C43, 0x0C62, 0x0C63, 0x0C64, 0x0C82, 0x0C83, 0x0C84,
    0x1063, 0x1064, 0x1083, 0x10A3, 0x10A4, 0x10C5, 0x1421, 0x1442,
    0x1443, 0x1485, 0x14A4, 0x14A5, 0x14C5, 0x14C6, 0x14E5, 0x14E6,
    0x1841, 0x1842, 0x1884, 0x18A5, 0x18E5, 0x18E6, 0x1906, 0x1C62,
    0x1D07, 0x1D27, 0x2062, 0x2128, 0x2149, 0x2483, 0x2484, 0x24E6,
    0x2549, 0x2568, 0x2569, 0x2882, 0x28A3, 0x298A, 0x2CA3, 0x2CC4,
    0x30C5, 0x30E5, 0x3106, 0x3905, 0x3926, 0x3CA5, 0x3D05, 0x3D06,
    0x3D27, 0x3D28, 0x4126, 0x4905, 0x4926, 0x4947, 0x4968, 0x4969,
    0x4D67, 0x4D68, 0x4D88, 0x4D89, 0x5168, 0x5187, 0x5188, 0x5189,
    0x51CA, 0x5588, 0x55C9, 0x55CA, 0x55EA, 0x55EB, 0x59C9, 0x59CA,
    0x59EA, 0x59EB, 0x61EA, 0x61EB, 0x620B, 0x620C, 0x624E, 0x660B,
    0x660C, 0x664F, 0x6A4E, 0x6A6E, 0x6E4C, 0x6E6C, 0x726E, 0x728F,
    0x7290, 0x766E, 0x768F, 0x7690, 0x76B0, 0x76B2, 0x76D3,
};
static const uint16_t pal_MIKMUG_P[] = {
    0x0071, 0x0000, 0x0821, 0x0841, 0x0842, 0x0C21, 0x0C41, 0x0C42,
    0x0C62, 0x1021, 0x1041, 0x1042, 0x1062, 0x1063, 0x1083, 0x1421,
    0x1441, 0x1461, 0x1462, 0x1463, 0x1484, 0x1862, 0x1863, 0x1883,
    0x18A4, 0x1C61, 0x1C63, 0x1C83, 0x1CA4, 0x1CC5, 0x1CC6, 0x2063,
    0x2083, 0x20A3, 0x20A4, 0x2106, 0x2462, 0x24C3, 0x24C5, 0x24E6,
    0x2506, 0x2507, 0x2CA3, 0x2CC5, 0x2CE4, 0x2CE6, 0x2CE7, 0x30C3,
    0x30E5, 0x30E6, 0x3106, 0x3107, 0x3147, 0x3148, 0x38C4, 0x38E4,
    0x38E5, 0x38E6, 0x3905, 0x3906, 0x3946, 0x3947, 0x3948, 0x396A,
    0x3CE4, 0x3CE5, 0x3D05, 0x3D68, 0x44E6, 0x4546, 0x4567, 0x4568,
    0x45AA, 0x45AB, 0x4946, 0x4967, 0x4968, 0x5106, 0x5167, 0x5168,
    0x51A8, 0x51CA, 0x59A8, 0x59C8, 0x59CA, 0x59CB, 0x61CA, 0x61CB,
    0x620B, 0x65CA, 0x662D, 0x6DCB, 0x6E0D, 0x6E2D, 0x722D, 0x722E,
    0x735A, 0x762E, 0x766D, 0x766E, 0x76B0, 0x7A70, 0x7AB0, 0x7AB1,
    0x7AF0, 0x7AF3, 0x7EF1, 0x7F13, 0x7F11, 0x7F13, 0x7F55, 0x7F75,
    0x7F98, 0x7FDC,
};
static const uint16_t pal_MRKMUG_P[] = {
    0x0072, 0x0000, 0x0821, 0x0C21, 0x1021, 0x1041, 0x1421, 0x1441,
    0x1442, 0x1821, 0x1861, 0x1862, 0x1883, 0x1C61, 0x1C62, 0x1C82,
    0x1C83, 0x1CA4, 0x1CA5, 0x2041, 0x2062, 0x2082, 0x2083, 0x20A3,
    0x20A4, 0x2461, 0x2482, 0x2483, 0x24A2, 0x24A3, 0x24C3, 0x24C4,
    0x2CA3, 0x2CE5, 0x2D06, 0x30A3, 0x30A4, 0x30C4, 0x30E4, 0x30E5,
    0x30E6, 0x3106, 0x38C4, 0x38E4, 0x3906, 0x3907, 0x40E4, 0x40E5,
    0x4105, 0x4106, 0x4147, 0x4168, 0x41AA, 0x4505, 0x4506, 0x4507,
    0x4546, 0x4567, 0x4568, 0x45AA, 0x4D46, 0x4D67, 0x4DAA, 0x4DEB,
    0x5567, 0x5568, 0x55A8, 0x55AA, 0x560D, 0x59A7, 0x59A8, 0x59AA,
    0x59EB, 0x5A4F, 0x61A8, 0x61AA, 0x61EB, 0x6290, 0x660B, 0x660D,
    0x66B2, 0x6DEA, 0x6E0B, 0x6E0D, 0x6E4D, 0x6E4F, 0x6EF4, 0x6EF5,
    0x724D, 0x724F, 0x7315, 0x7317, 0x768F, 0x76B0, 0x7717, 0x7A4F,
    0x7A90, 0x7AB0, 0x7AB2, 0x7B78, 0x7B7A, 0x7B9C, 0x7AB4, 0x7AF2,
    0x7B9A, 0x7B9B, 0x7EF4, 0x7FBC, 0x7FBD, 0x7FDD, 0x7FDE, 0x7FDE,
    0x7FFE, 0x7FFF, 0x7FFF,
};
static const uint16_t pal_TONMUG_P[] = {
    0x0076, 0x2D6B, 0x0401, 0x0402, 0x0405, 0x0409, 0x0400, 0x0806,
    0x0803, 0x1047, 0x1467, 0x0800, 0x0C20, 0x1462, 0x3DAB, 0x2D28,
    0x45ED, 0x7FFD, 0x7FFE, 0x7FFF, 0x41A9, 0x7FFC, 0x7F99, 0x20A3,
    0x2D06, 0x3D89, 0x66B3, 0x7B79, 0x7FBB, 0x7FDC, 0x45CC, 0x1862,
    0x1C83, 0x520F, 0x3D68, 0x560D, 0x7FBA, 0x7FDB, 0x24C5, 0x7F9B,
    0x3106, 0x7F76, 0x4DA9, 0x7F56, 0x7F77, 0x5E70, 0x3CE1, 0x1863,
    0x1021, 0x30E5, 0x4127, 0x59C9, 0x4568, 0x726D, 0x4D89, 0x660C,
    0x51A9, 0x55CB, 0x4589, 0x7AD1, 0x7F55, 0x1841, 0x2CC4, 0x1442,
    0x3D28, 0x3528, 0x38E4, 0x5167, 0x59A9, 0x65EB, 0x5189, 0x726E,
    0x5DEC, 0x660D, 0x2482, 0x2CA3, 0x3906, 0x3D27, 0x59CB, 0x7A8F,
    0x6E6F, 0x5E0E, 0x2062, 0x2483, 0x30C4, 0x4128, 0x30E6, 0x65EC,
    0x7EB0, 0x7ED1, 0x7690, 0x55CC, 0x38E5, 0x4D27, 0x2CC5, 0x55AB,
    0x6E2E, 0x3928, 0x6E0D, 0x7EB1, 0x1000, 0x3082, 0x4106, 0x7ED3,
    0x1842, 0x30C5, 0x24A5, 0x38A3, 0x5989, 0x3040, 0x2420, 0x1C42,
    0x2CC6, 0x2442, 0x3C84, 0x2C22, 0x1C85, 0x0C22, 0x1885,
};
static const uint16_t pal_SALMUG_P[] = {
    0x0078, 0x0000, 0x0821, 0x0822, 0x0823, 0x0C22, 0x0C26, 0x1021,
    0x1022, 0x1042, 0x1421, 0x1442, 0x1445, 0x1463, 0x1821, 0x1C85,
    0x1C62, 0x1C82, 0x1C83, 0x1C84, 0x20A4, 0x2441, 0x24A3, 0x28A2,
    0x28C4, 0x28C6, 0x30A3, 0x34C3, 0x34C4, 0x34E5, 0x3526, 0x3529,
    0x38E3, 0x38E5, 0x38E6, 0x3905, 0x3906, 0x3967, 0x3CE4, 0x3D06,
    0x44E6, 0x4526, 0x4567, 0x4588, 0x4589, 0x4925, 0x4926, 0x4966,
    0x4987, 0x49A9, 0x49CB, 0x4D88, 0x4DCC, 0x5587, 0x5588, 0x55A6,
    0x55A7, 0x562D, 0x59A9, 0x59C9, 0x59CB, 0x5A2D, 0x5A2E, 0x5A30,
    0x5A4E, 0x5E2E, 0x5E4C, 0x5E4D, 0x5E50, 0x65A9, 0x65CB, 0x660B,
    0x664E, 0x6690, 0x6691, 0x66B1, 0x69C8, 0x69CB, 0x6A0C, 0x6A4B,
    0x6A4D, 0x6AAE, 0x6AB1, 0x6E0C, 0x6E2D, 0x6E2E, 0x6ED2, 0x6F15,
    0x722D, 0x722E, 0x724C, 0x724D, 0x72D1, 0x7314, 0x7316, 0x768E,
    0x7714, 0x7715, 0x7732, 0x7734, 0x7758, 0x7A8E, 0x7AAD, 0x7AB0,
    0x7B32, 0x7B34, 0x7B35, 0x7B56, 0x7AAB, 0x7AD0, 0x7B54, 0x7B76,
    0x7F76, 0x7F78, 0x7F9A, 0x7F98, 0x7FB9, 0x7FBA, 0x7FBA, 0x7FFB,
    0x7FFD,
};
static const uint16_t pal_WWFICONP[] = {
    0x0079, 0x318C, 0x7DC0, 0x7E80, 0x7E20, 0x7EA0, 0x7ECD, 0x7F00,
    0x7EA3, 0x7EA1, 0x7F51, 0x7F87, 0x7FFF, 0x7FBF, 0x7DA1, 0x7FB8,
    0x7FB1, 0x7FAD, 0x7F40, 0x7FA8, 0x7D80, 0x7F3E, 0x7F3C, 0x7F9F,
    0x7D41, 0x7EDB, 0x7E2B, 0x7521, 0x75C1, 0x7560, 0x7718, 0x771C,
    0x773E, 0x7541, 0x7561, 0x7688, 0x6CE1, 0x6CA1, 0x6CC1, 0x6EDB,
    0x6E08, 0x6C82, 0x64C1, 0x6521, 0x6461, 0x6656, 0x6612, 0x6568,
    0x5C21, 0x5C01, 0x5C61, 0x5E99, 0x5D82, 0x5461, 0x5613, 0x4CA1,
    0x4C41, 0x4DD2, 0x4E16, 0x4D69, 0x4DCB, 0x4D41, 0x4DB1, 0x4801,
    0x4841, 0x49B1, 0x4A13, 0x416D, 0x418F, 0x41D3, 0x3421, 0x354D,
    0x3591, 0x3001, 0x3044, 0x30EA, 0x30C8, 0x252D, 0x2001, 0x2044,
    0x2041, 0x1067, 0x1001, 0x1002, 0x1044, 0x0802, 0x0401, 0x0000,
    0x77BF, 0x779F, 0x675F, 0x6F3F, 0x5F3F, 0x671F, 0x671C, 0x571F,
    0x66DC, 0x4EDF, 0x4ADF, 0x42BF, 0x3ABF, 0x2EBF, 0x3A7F, 0x365F,
    0x5659, 0x2E7F, 0x2A7F, 0x2A5F, 0x265F, 0x1E5F, 0x1E3F, 0x1E1F,
    0x163F, 0x11FF, 0x05DF, 0x05BF, 0x01DF, 0x019F, 0x0099, 0x0846,
    0x0403, 0x0001,
};
static const uint16_t pal_BLOOD_P[] = {
    0x000B, 0x0000, 0x7CA3, 0x7483, 0x7083, 0x6883, 0x6083, 0x6083,
    0x5C83, 0x5063, 0x4463, 0x4800,
};
static const uint16_t pal_BATP[] = {
    0x000D, 0x7C1F, 0x2949, 0x1CC6, 0x14A5, 0x14A5, 0x1084, 0x0C63,
    0x0843, 0x0842, 0x0820, 0x0000, 0x0000, 0x0000,
};
static const uint16_t pal_SWTP[] = {
    0x0010, 0x7C1F, 0x7FFF, 0x6B5A, 0x6739, 0x5EF7, 0x5AD6, 0x56B5,
    0x4E73, 0x4A52, 0x4631, 0x3DEF, 0x35AD, 0x2D6B, 0x294A, 0x18C6,
    0x1C83,
};
static const uint16_t pal_TURKEYP[] = {
    0x0074, 0x7C1F, 0x7FFF, 0x7FFE, 0x7FFB, 0x7FFA, 0x7FF9, 0x7FF8,
    0x7FF6, 0x7FDB, 0x7FD9, 0x7FD7, 0x7FD5, 0x7FD3, 0x7FB8, 0x7FB7,
    0x7FB5, 0x7FAF, 0x7F96, 0x7F93, 0x7F73, 0x7F72, 0x7F71, 0x7F56,
    0x7F53, 0x7F52, 0x7F4F, 0x7F2F, 0x7F15, 0x7F2C, 0x7F12, 0x7710,
    0x7EEE, 0x7AF0, 0x76F2, 0x7EEB, 0x6EF6, 0x7AED, 0x76EE, 0x7ECE,
    0x7AD0, 0x6ECF, 0x6AD1, 0x7AAC, 0x76AE, 0x72AF, 0x7E6A, 0x7E67,
    0x6EAC, 0x766A, 0x726E, 0x7648, 0x6A6E, 0x6E6B, 0x6E6A, 0x79E6,
    0x666A, 0x6A4C, 0x7209, 0x6A2A, 0x6E08, 0x6A28, 0x6E06, 0x5E4D,
    0x662C, 0x662A, 0x6DC7, 0x5E2B, 0x65E8, 0x6209, 0x69C5, 0x65E6,
    0x5A0D, 0x65C5, 0x61C7, 0x5DE8, 0x55EB, 0x6185, 0x5DA6, 0x59C7,
    0x5D88, 0x55A8, 0x5985, 0x55A6, 0x5589, 0x4DAB, 0x5567, 0x5945,
    0x4DA8, 0x5565, 0x4D67, 0x5145, 0x4D66, 0x5105, 0x4569, 0x4947,
    0x4568, 0x4566, 0x4925, 0x4905, 0x4147, 0x4525, 0x3D66, 0x3D49,
    0x3D47, 0x48C5, 0x4105, 0x3D25, 0x40C5, 0x3907, 0x3905, 0x3526,
    0x38C5, 0x34E5, 0x30C5, 0x2CA5, 0x24A5,
};
static const uint16_t pal_FIREBL_P[] = {
    0x0015, 0x00E7, 0x4A52, 0x4210, 0x39CE, 0x2D6B, 0x6CC2, 0x60A2,
    0x5C41, 0x3020, 0x1800, 0x2840, 0x7BEF, 0x7FC2, 0x7F82, 0x7EE1,
    0x7E60, 0x7DC0, 0x7D20, 0x64E0, 0x4CA0, 0x4080,
};
static const uint16_t pal_ORNGPAL[] = {
    0x0040, 0x0000, 0x0800, 0x0C20, 0x1020, 0x1440, 0x1840, 0x1C40,
    0x2060, 0x2460, 0x2860, 0x2880, 0x2C80, 0x2C80, 0x30A0, 0x30A0,
    0x34A0, 0x34C0, 0x38C0, 0x38C0, 0x3CE0, 0x3CE0, 0x40E0, 0x4100,
    0x4500, 0x4900, 0x4920, 0x4D20, 0x4D20, 0x5140, 0x5140, 0x5540,
    0x5560, 0x5960, 0x5960, 0x5D80, 0x5DA0, 0x61C1, 0x61E2, 0x6603,
    0x6624, 0x6A45, 0x6A66, 0x6E87, 0x6EA8, 0x72C9, 0x72EA, 0x770B,
    0x772C, 0x7B4D, 0x7B6E, 0x7F8F, 0x7FB0, 0x0C00, 0x1840, 0x2880,
    0x38C0, 0x4520, 0x51A0, 0x5A03, 0x5120, 0x5DA0, 0x6603, 0x6E45,
    0x7687,
};
static const uint16_t pal_WHTPAL[] = {
    0x0040, 0x0000, 0x1084, 0x14A5, 0x18C6, 0x1CE7, 0x1CE8, 0x2108,
    0x2109, 0x2529, 0x294A, 0x294B, 0x2D6B, 0x318C, 0x318D, 0x35AD,
    0x35AE, 0x39CE, 0x3DEF, 0x3DF0, 0x4210, 0x4631, 0x4632, 0x4A52,
    0x4A53, 0x4E73, 0x4E74, 0x5294, 0x5295, 0x56B5, 0x56B6, 0x5AD6,
    0x5AD7, 0x5EF7, 0x5EF8, 0x6318, 0x6319, 0x6739, 0x673A, 0x6B5A,
    0x6B5B, 0x6F7B, 0x6F7C, 0x739C, 0x739D, 0x73BD, 0x77BD, 0x77BE,
    0x77DE, 0x7BDE, 0x7BDF, 0x7BFF, 0x7FFF, 0x14A5, 0x2108, 0x294A,
    0x35AD, 0x3DEF, 0x4631, 0x4E73, 0x4A52, 0x5294, 0x5AD6, 0x6318,
    0x6B5A,
};
static const uint16_t pal_LGRYPAL[] = {
    0x0040, 0x0000, 0x0842, 0x0863, 0x0C63, 0x0C64, 0x0C84, 0x1084,
    0x1085, 0x10A5, 0x14A5, 0x14A6, 0x14C6, 0x18C6, 0x18C7, 0x18E7,
    0x1CE7, 0x1CE8, 0x1D08, 0x2108, 0x2109, 0x2129, 0x2529, 0x252A,
    0x254A, 0x294A, 0x294B, 0x2D6B, 0x318C, 0x35AD, 0x39CE, 0x3DEF,
    0x4210, 0x4631, 0x4A52, 0x4E73, 0x5294, 0x56B5, 0x5AD6, 0x5EF7,
    0x6318, 0x6739, 0x6B5A, 0x6B5B, 0x6F7B, 0x6F7C, 0x739C, 0x739D,
    0x77BD, 0x77BE, 0x7BDE, 0x7BDF, 0x7FFF, 0x1084, 0x14A5, 0x2529,
    0x2D6B, 0x35AD, 0x3DEF, 0x4A52, 0x318C, 0x3DEF, 0x4A52, 0x5294,
    0x5EF7,
};
static const uint16_t pal_GREYPAL[] = {
    0x0040, 0x0000, 0x0842, 0x0863, 0x0C63, 0x0C84, 0x1084, 0x1085,
    0x10A5, 0x14A5, 0x14A6, 0x14C6, 0x18C6, 0x18C7, 0x18E7, 0x1CE7,
    0x1CE8, 0x1D08, 0x2108, 0x2109, 0x2129, 0x2529, 0x252A, 0x254A,
    0x294A, 0x294B, 0x296B, 0x2D6B, 0x2D6C, 0x2D8C, 0x318C, 0x318D,
    0x31AD, 0x35AD, 0x35AE, 0x35CE, 0x39CE, 0x39CF, 0x39EF, 0x3DEF,
    0x4210, 0x4631, 0x4A52, 0x4E73, 0x4E74, 0x5294, 0x56B5, 0x5AD6,
    0x5EF7, 0x6318, 0x6739, 0x6B5A, 0x6F7B, 0x0000, 0x0C63, 0x14A5,
    0x2108, 0x2D6B, 0x3DEF, 0x4A52, 0x2D6B, 0x3DEF, 0x4A52, 0x5294,
    0x5AD6,
};
static const uint16_t pal_scorep[] = {
    0x003F, 0x0000, 0x0005, 0x03E0, 0x02C0, 0x01E0, 0x2D6B, 0x7C00,
    0x14A5, 0x0000, 0x7FFF, 0x7F60, 0x01B4, 0x0278, 0x0237, 0x00E9,
    0x0216, 0x01D5, 0x0573, 0x0152, 0x0111, 0x7FA0, 0x7F20, 0x7F00,
    0x7EE0, 0x7EC0, 0x7EA0, 0x00D0, 0x7FE0, 0x18C6, 0x0699, 0x06DB,
    0x06BA, 0x0AFB, 0x0F9E, 0x0F7E, 0x0B5D, 0x0B1C, 0x0258, 0x13BF,
    0x01F6, 0x7F25, 0x2800, 0x6B5A, 0x000B, 0x6B5F, 0x7F21, 0x4A54,
    0x7FA7, 0x7220, 0x39D0, 0x7BDE, 0x739C, 0x6F7B, 0x6739, 0x6318,
    0x5EF7, 0x18D2, 0x5AD6, 0x7FFF, 0x4E73, 0x3DEF, 0x294A, 0x7FFF,
};
static const uint16_t pal_shadow_p[] = {
    0x0002, 0x18D5, 0x0842,
};
static const uint16_t pal_jmeter_p[] = {
    0x0005, 0x0000, 0x001F, 0x7F60, 0x01E0, 0x0000,
};
static const uint16_t pal_HEALTH_P[] = {
    0x001F, 0x0000, 0x02C0, 0x0721, 0x13A4, 0x3BCE, 0x4FF3, 0x0240,
    0x779C, 0x77BD, 0x3DEF, 0x5AD6, 0x56B5, 0x5EF7, 0x6318, 0x2529,
    0x294A, 0x4C00, 0x5C00, 0x7000, 0x6400, 0x5800, 0x3C00, 0x3000,
    0x001F, 0x0300, 0x1084, 0x0360, 0x03A0, 0x0340, 0x01E0, 0x0160,
};
static const uint16_t pal_TEXT_P[] = {
    0x0004, 0x0000, 0x7FE0, 0x0000, 0x7FFF,
};
static const uint16_t pal_BARR_P[] = {
    0x000F, 0x0000, 0x7EF7, 0x7E73, 0x79AD, 0x754A, 0x7108, 0x5800,
    0x5000, 0x4400, 0x3C00, 0x3400, 0x2C00, 0x2400, 0x1C00, 0x0421,
};
static const uint16_t pal_RRMUGA_P[] = {
    0x00FF, 0x7C1F, 0x4593, 0x3930, 0x4D95, 0x310E, 0x28CB, 0x288B,
    0x28AC, 0x2CAC, 0x288C, 0x2CAD, 0x2C8C, 0x28AB, 0x2C8D, 0x3909,
    0x5DEB, 0x660D, 0x6DEA, 0x5D67, 0x5925, 0x5524, 0x722B, 0x764C,
    0x7A4C, 0x7E4C, 0x7E6C, 0x7E2B, 0x7E0A, 0x79E9, 0x79EA, 0x7E0B,
    0x75E9, 0x69A8, 0x6987, 0x65A8, 0x5546, 0x48E4, 0x38A2, 0x3082,
    0x2061, 0x1840, 0x1861, 0x1862, 0x1062, 0x0C41, 0x1061, 0x0C61,
    0x1463, 0x1466, 0x1C88, 0x248B, 0x24AA, 0x248A, 0x2489, 0x288A,
    0x2488, 0x208A, 0x2889, 0x1886, 0x18A6, 0x1084, 0x4172, 0x3D31,
    0x350F, 0x2CAB, 0x2C8B, 0x34EA, 0x4149, 0x61ED, 0x4D05, 0x44E3,
    0x61EA, 0x6E2C, 0x7A8F, 0x7A6C, 0x7E4B, 0x75EA, 0x71A9, 0x5DA8,
    0x5526, 0x2062, 0x1841, 0x1441, 0x0C42, 0x0C62, 0x1042, 0x1063,
    0x1065, 0x1887, 0x2069, 0x2089, 0x20A9, 0x1485, 0x4152, 0x24CA,
    0x288D, 0x28AD, 0x2CEC, 0x3D27, 0x4967, 0x3061, 0x38C3, 0x2C81,
    0x38E5, 0x4D68, 0x6E4D, 0x720A, 0x7209, 0x7A2B, 0x7A0A, 0x7E2A,
    0x760A, 0x6DC9, 0x6587, 0x6167, 0x5D68, 0x2862, 0x1C41, 0x1462,
    0x18A4, 0x1847, 0x5196, 0x2CC5, 0x34E4, 0x30C3, 0x1C62, 0x3527,
    0x4547, 0x51A9, 0x6E0A, 0x7A2A, 0x7A0B, 0x2C82, 0x1482, 0x1082,
    0x1483, 0x1446, 0x1C68, 0x28AA, 0x2CAE, 0x30ED, 0x20A4, 0x3105,
    0x762B, 0x720B, 0x2861, 0x30CD, 0x24AB, 0x2088, 0x1C61, 0x20C5,
    0x2CE6, 0x2CC3, 0x4D88, 0x59C9, 0x65C9, 0x1C40, 0x1440, 0x1041,
    0x308D, 0x24A3, 0x1883, 0x20E6, 0x2906, 0x3968, 0x3925, 0x5987,
    0x4D45, 0x4504, 0x1045, 0x2087, 0x1442, 0x1461, 0x0C21, 0x1044,
    0x2C8E, 0x1863, 0x1866, 0x1465, 0x2C89, 0x30AC, 0x2068, 0x30AD,
    0x0C40, 0x2469, 0x14A3, 0x0820, 0x0C20, 0x0841, 0x246A, 0x4573,
    0x30AE, 0x0C24, 0x1CC5, 0x4974, 0x0822, 0x0821, 0x49B4, 0x1C63,
    0x0C43, 0x28A9, 0x2869, 0x1C66, 0x4DB5, 0x2467, 0x1846, 0x308C,
    0x30AB, 0x0800, 0x1043, 0x286A, 0x1C67, 0x1022, 0x1443, 0x2468,
    0x1C87, 0x30CC, 0x1822, 0x1484, 0x1C46, 0x2888, 0x2C8A, 0x24A9,
    0x30EC, 0x2CAF, 0x2C8F, 0x0401, 0x308E, 0x0402, 0x2867, 0x20A8,
    0x312E, 0x30AF, 0x30CF, 0x4DD5, 0x59D6, 0x5A16, 0x34AE, 0x5E79,
    0x4171, 0x5A77, 0x62DB, 0x629B, 0x5A39, 0x59F9, 0x59D8, 0x55D7,
    0x55B6, 0x51B6, 0x3D71, 0x59F8, 0x55B8, 0x51B7, 0x627B, 0x3950,
};
static const uint16_t pal_RRMUGB_P[] = {
    0x00FD, 0x7C1F, 0x4593, 0x3D31, 0x310E, 0x20A9, 0x2489, 0x2088,
    0x2067, 0x2488, 0x24AA, 0x28AC, 0x28AB, 0x24AB, 0x288B, 0x24AC,
    0x248B, 0x28AD, 0x38EC, 0x4D88, 0x55AA, 0x5DAA, 0x65A8, 0x69A9,
    0x6947, 0x79EB, 0x7DEB, 0x7DCA, 0x79C9, 0x79A8, 0x75A9, 0x79EA,
    0x7A0B, 0x760A, 0x75CA, 0x7E4E, 0x7E8F, 0x7E91, 0x7E6F, 0x7E2D,
    0x7E0C, 0x79ED, 0x75EB, 0x71CA, 0x6DA9, 0x4172, 0x30ED, 0x1C88,
    0x2086, 0x248A, 0x288C, 0x4969, 0x59CB, 0x61CB, 0x6167, 0x7DEA,
    0x75C9, 0x7A2C, 0x7E4D, 0x7E2C, 0x7A0C, 0x79CA, 0x3D71, 0x350F,
    0x2089, 0x28AA, 0x4129, 0x5189, 0x6DEA, 0x7187, 0x7E6E, 0x24CA,
    0x3929, 0x6567, 0x75EA, 0x6D67, 0x71A8, 0x6DA8, 0x71A9, 0x7E0B,
    0x7E6D, 0x7E4C, 0x3529, 0x4547, 0x5D88, 0x65AA, 0x71EB, 0x6D87,
    0x7A4D, 0x7E0D, 0x3930, 0x2D05, 0x75A8, 0x7E2B, 0x7A2B, 0x7A4C,
    0x7DE9, 0x7E70, 0x7E90, 0x7E4F, 0x28CB, 0x288A, 0x2CC5, 0x30E3,
    0x4569, 0x6EB3, 0x7716, 0x560F, 0x4D8A, 0x55CC, 0x766E, 0x71C8,
    0x6DA7, 0x7A0A, 0x75E9, 0x762C, 0x760B, 0x7A6E, 0x7A4E, 0x4D95,
    0x28A9, 0x2CC6, 0x34E5, 0x2883, 0x3906, 0x6EF5, 0x3527, 0x6E6F,
    0x71E9, 0x71C9, 0x7A90, 0x6E0B, 0x4974, 0x24A8, 0x3104, 0x2CE3,
    0x3D48, 0x45AB, 0x24A3, 0x24A2, 0x51CB, 0x7EB1, 0x6DC9, 0x69A8,
    0x762F, 0x6E2F, 0x61EC, 0x5DCC, 0x2469, 0x2889, 0x2888, 0x24A5,
    0x6A0C, 0x6146, 0x5D45, 0x6587, 0x5525, 0x4CC3, 0x7691, 0x620E,
    0x38E5, 0x34A4, 0x3D05, 0x4526, 0x5567, 0x5D67, 0x4573, 0x2CEC,
    0x2887, 0x2482, 0x2083, 0x1C62, 0x660C, 0x6145, 0x6125, 0x5D25,
    0x44C3, 0x3882, 0x3461, 0x2441, 0x1C41, 0x4D26, 0x2C8B, 0x2464,
    0x2483, 0x4D47, 0x69A7, 0x5903, 0x54E3, 0x44A3, 0x3062, 0x28A4,
    0x4505, 0x6967, 0x58E4, 0x4CA2, 0x4481, 0x3861, 0x2C62, 0x2463,
    0x4905, 0x2CAB, 0x2C8C, 0x2CAD, 0x34E8, 0x6946, 0x6526, 0x2C40,
    0x3D2A, 0x5987, 0x6D66, 0x6D46, 0x4152, 0x288D, 0x7188, 0x7167,
    0x3082, 0x2CAC, 0x7588, 0x6566, 0x44E5, 0x5568, 0x2C8D, 0x454A,
    0x720B, 0x69EC, 0x7A6F, 0x2C8A, 0x412B, 0x79E9, 0x6966, 0x7EF2,
    0x7EB2, 0x7AB1, 0x7A4F, 0x7E09, 0x7F14, 0x6987, 0x660B, 0x7E0A,
    0x7ED1, 0x7EB0, 0x6D88, 0x75C8, 0x71EA, 0x6988, 0x2869, 0x30CA,
    0x4D6A, 0x6DAA, 0x7DC9, 0x6965, 0x7E4B, 0x7E6C,
};
static const uint16_t pal_RRMUGC_P[] = {
    0x00FD, 0x7C1F, 0x6D89, 0x6988, 0x6147, 0x6568, 0x5D68, 0x5D47,
    0x5947, 0x5125, 0x4905, 0x40C4, 0x38A4, 0x30A4, 0x2CA4, 0x30E5,
    0x3906, 0x4527, 0x55AA, 0x6A2D, 0x65CA, 0x4D25, 0x48E4, 0x5126,
    0x65AB, 0x762C, 0x7E6F, 0x7E8F, 0x764D, 0x5924, 0x2C00, 0x2800,
    0x2000, 0x1820, 0x1441, 0x1462, 0x1062, 0x1483, 0x1045, 0x1446,
    0x1C68, 0x248A, 0x2489, 0x24AA, 0x20A9, 0x1886, 0x18A6, 0x1084,
    0x75A9, 0x6DA8, 0x6567, 0x6167, 0x5D46, 0x4D05, 0x44C4, 0x3CC4,
    0x28A3, 0x3D07, 0x5189, 0x65EC, 0x5D89, 0x7E4D, 0x5903, 0x6DEA,
    0x3861, 0x1C20, 0x1842, 0x1461, 0x1463, 0x18A4, 0x1847, 0x2069,
    0x75C9, 0x6DA9, 0x6588, 0x5D67, 0x5546, 0x3CC3, 0x34A3, 0x2CA3,
    0x3506, 0x4948, 0x598A, 0x5DCB, 0x4906, 0x6DEC, 0x768F, 0x760B,
    0x48C4, 0x2400, 0x1466, 0x24CA, 0x28AA, 0x24AB, 0x288A, 0x79EB,
    0x75CA, 0x71CA, 0x69A9, 0x5967, 0x3482, 0x34E6, 0x3907, 0x3D06,
    0x5169, 0x5147, 0x44E4, 0x44E5, 0x5969, 0x764E, 0x7A2C, 0x3000,
    0x1821, 0x1442, 0x1065, 0x28CB, 0x24A9, 0x2088, 0x75EA, 0x6187,
    0x4904, 0x3CA3, 0x3481, 0x2882, 0x2483, 0x4D67, 0x3461, 0x248B,
    0x2087, 0x6188, 0x5547, 0x2861, 0x2041, 0x1841, 0x1862, 0x20A4,
    0x28E5, 0x5168, 0x44A3, 0x7AF2, 0x6987, 0x4CC4, 0x1C21, 0x2488,
    0x7A0B, 0x71EA, 0x6DC9, 0x1C41, 0x3D27, 0x4568, 0x6166, 0x5D45,
    0x1883, 0x2889, 0x28AB, 0x1C88, 0x71EB, 0x75EB, 0x5946, 0x3CA2,
    0x1C40, 0x2CE6, 0x55CA, 0x4503, 0x5568, 0x6A2E, 0x1861, 0x1887,
    0x2089, 0x1C87, 0x1866, 0x65A8, 0x4D04, 0x40C3, 0x2461, 0x3948,
    0x498A, 0x3CA1, 0x5148, 0x5146, 0x1840, 0x2086, 0x6189, 0x65A9,
    0x61A8, 0x5D87, 0x24C4, 0x4D89, 0x40E4, 0x2C20, 0x2068, 0x2467,
    0x2487, 0x5968, 0x5966, 0x5525, 0x2020, 0x1041, 0x1042, 0x51ED,
    0x6A6F, 0x5567, 0x5107, 0x288C, 0x3882, 0x0C21, 0x0C42, 0x49CC,
    0x5E2D, 0x620B, 0x1021, 0x3926, 0x2460, 0x1440, 0x5167, 0x34A2,
    0x28A9, 0x3082, 0x1061, 0x38C4, 0x2C62, 0x2441, 0x0C41, 0x5926,
    0x5105, 0x38A3, 0x5526, 0x5505, 0x3083, 0x2883, 0x288B, 0x3483,
    0x1C62, 0x1063, 0x208A, 0x30A3, 0x1C61, 0x44C5, 0x2061, 0x48E5,
    0x1863, 0x1C42, 0x5106, 0x2C82, 0x1044, 0x5D66, 0x2462, 0x0C61,
    0x6146, 0x2468, 0x2888, 0x0C62, 0x1083, 0x69A8,
};
static const uint16_t pal_RRMUGD_P[] = {
    0x00FD, 0x7C1F, 0x3D71, 0x3930, 0x310E, 0x24AB, 0x248A, 0x24AA,
    0x20AA, 0x24A9, 0x20A9, 0x2089, 0x2088, 0x2488, 0x2087, 0x1C85,
    0x1C87, 0x1C66, 0x2CE7, 0x3D47, 0x4547, 0x4569, 0x4948, 0x5569,
    0x5548, 0x5127, 0x5528, 0x4907, 0x4D28, 0x4D49, 0x4D69, 0x4527,
    0x38E5, 0x4106, 0x3D06, 0x34C5, 0x2883, 0x2083, 0x2084, 0x1862,
    0x4172, 0x30ED, 0x208A, 0x1C88, 0x3106, 0x4968, 0x4D48, 0x5989,
    0x5DAA, 0x61AA, 0x5549, 0x4D6A, 0x51AA, 0x4D89, 0x4528, 0x4127,
    0x4107, 0x3CE6, 0x2CC4, 0x2489, 0x20A8, 0x1C65, 0x69ED, 0x5148,
    0x5149, 0x4DAA, 0x55CC, 0x4105, 0x30A4, 0x2CA4, 0x3950, 0x350F,
    0x4593, 0x248B, 0x20C5, 0x4969, 0x4D27, 0x65CB, 0x65CC, 0x5969,
    0x55CB, 0x59CA, 0x59EC, 0x5189, 0x4126, 0x34E6, 0x28A9, 0x2065,
    0x2067, 0x3D48, 0x4D68, 0x5D89, 0x596A, 0x556A, 0x5169, 0x3D05,
    0x24AC, 0x3D4B, 0x416A, 0x3108, 0x4589, 0x5968, 0x4D26, 0x5568,
    0x5168, 0x4927, 0x352A, 0x664E, 0x458B, 0x4D47, 0x4526, 0x28AA,
    0x2CE9, 0x4DAC, 0x4506, 0x5547, 0x5147, 0x288B, 0x392B, 0x30E8,
    0x5947, 0x5926, 0x5105, 0x5D68, 0x6189, 0x5D47, 0x4D25, 0x4926,
    0x40E5, 0x4D45, 0x5988, 0x6DAA, 0x71AA, 0x75EC, 0x6568, 0x6D69,
    0x6589, 0x69A9, 0x6588, 0x65A9, 0x5167, 0x61C9, 0x6989, 0x79ED,
    0x75CB, 0x6D89, 0x6DCA, 0x5D67, 0x5546, 0x5567, 0x716A, 0x7169,
    0x6D6A, 0x75AC, 0x6DA9, 0x6988, 0x5D46, 0x1C68, 0x28CB, 0x3929,
    0x48E6, 0x4D07, 0x5D69, 0x656B, 0x6129, 0x7A0D, 0x6167, 0x3D31,
    0x38A4, 0x3483, 0x6E72, 0x7717, 0x72B3, 0x6250, 0x6230, 0x4949,
    0x7230, 0x5D88, 0x61A9, 0x5DA9, 0x4906, 0x48E4, 0x3883, 0x5A0D,
    0x2D05, 0x5166, 0x54C4, 0x48A4, 0x44A4, 0x6A0D, 0x59A9, 0x28AB,
    0x6188, 0x5CE5, 0x5928, 0x662D, 0x6126, 0x5967, 0x5146, 0x288A,
    0x5948, 0x4D06, 0x61A8, 0x5946, 0x44C3, 0x5DA8, 0x4481, 0x40A3,
    0x5D87, 0x28AC, 0x5DC9, 0x3462, 0x3461, 0x24CA, 0x2D06, 0x5D25,
    0x4CC3, 0x3C40, 0x2C20, 0x2863, 0x2063, 0x2CEC, 0x6D88, 0x6947,
    0x48A2, 0x4062, 0x3020, 0x722E, 0x762D, 0x65A8, 0x6DA8, 0x7E4F,
    0x75A9, 0x6D87, 0x6926, 0x4860, 0x6187, 0x6DC9, 0x7ED1, 0x79EA,
    0x75C9, 0x6504, 0x54A2, 0x79C9, 0x58E3, 0x7E2E, 0x49B4, 0x7E91,
    0x20AB, 0x7A0B, 0x79A8, 0x7EF4, 0x7EB2, 0x69A8,
};
static const uint16_t pal_RRMUGE_P[] = {
    0x00FB, 0x7C1F, 0x1862, 0x1463, 0x1462, 0x1883, 0x28C5, 0x4569,
    0x4527, 0x40E5, 0x5147, 0x6A2E, 0x7A90, 0x7A6E, 0x75EB, 0x50E4,
    0x2800, 0x2861, 0x3D48, 0x51EC, 0x4587, 0x3D05, 0x3D45, 0x34C3,
    0x2883, 0x2CE5, 0x2083, 0x1841, 0x2CE4, 0x560C, 0x668D, 0x6A8C,
    0x728A, 0x6E68, 0x6E47, 0x59E7, 0x51C6, 0x45A9, 0x3D89, 0x3569,
    0x2928, 0x4630, 0x2D2C, 0x1C88, 0x1CA8, 0x20A8, 0x2089, 0x1887,
    0x18A6, 0x1485, 0x1084, 0x1C83, 0x3526, 0x4948, 0x4906, 0x4D05,
    0x65CB, 0x762C, 0x6DAA, 0x40A3, 0x3400, 0x3062, 0x2CA4, 0x3D07,
    0x3505, 0x24A1, 0x2062, 0x1CA3, 0x1C82, 0x4D89, 0x4987, 0x55A7,
    0x4D84, 0x34E1, 0x2907, 0x1CA4, 0x2D4A, 0x2088, 0x1886, 0x28E6,
    0x4D8A, 0x4D69, 0x44E6, 0x4CE5, 0x5968, 0x724F, 0x762E, 0x6DEB,
    0x5125, 0x3820, 0x2041, 0x1461, 0x2506, 0x2D05, 0x4105, 0x20A9,
    0x24CA, 0x28CB, 0x356B, 0x2087, 0x4969, 0x4D27, 0x5126, 0x6587,
    0x50E3, 0x3860, 0x2420, 0x1441, 0x1061, 0x1062, 0x1442, 0x1041,
    0x3547, 0x28E4, 0x24C2, 0x34A4, 0x2C63, 0x24C4, 0x416A, 0x4927,
    0x4D26, 0x61A9, 0x69A9, 0x5947, 0x4CC2, 0x38A2, 0x28E5, 0x24A4,
    0x1466, 0x1C87, 0x18A8, 0x38C5, 0x38E6, 0x34A3, 0x4926, 0x4D48,
    0x5568, 0x6DEC, 0x6167, 0x3C81, 0x3061, 0x1CA2, 0x1065, 0x1CA9,
    0x4106, 0x2C84, 0x3D28, 0x5589, 0x6E0B, 0x1820, 0x4126, 0x3CE5,
    0x38C4, 0x2CC5, 0x28A4, 0x3CE4, 0x6DC9, 0x65C9, 0x1042, 0x24E6,
    0x2884, 0x28A5, 0x38E5, 0x5DEC, 0x5988, 0x5145, 0x1483, 0x1044,
    0x1045, 0x0C24, 0x0C23, 0x1847, 0x34C4, 0x30C5, 0x5DCB, 0x5DA9,
    0x1063, 0x2069, 0x1888, 0x28C4, 0x65EC, 0x5546, 0x1C89, 0x1CA7,
    0x4547, 0x3CC4, 0x558A, 0x6A0C, 0x5567, 0x3081, 0x1C68, 0x248A,
    0x4528, 0x2CC4, 0x4506, 0x44C3, 0x24A8, 0x4D68, 0x4127, 0x4947,
    0x4D47, 0x4946, 0x34E5, 0x30C4, 0x1C86, 0x5DAA, 0x4D67, 0x4526,
    0x30E5, 0x34C5, 0x5D89, 0x5566, 0x2488, 0x5167, 0x34E6, 0x2489,
    0x208A, 0x4D46, 0x61AA, 0x5D88, 0x24A9, 0x20AA, 0x248B, 0x24AA,
    0x5146, 0x38A4, 0x59A8, 0x38E4, 0x4D6A, 0x660D, 0x7F36, 0x7736,
    0x3CC3, 0x4968, 0x768F, 0x7EF1, 0x720B, 0x24AB, 0x764D, 0x7FDB,
    0x6ED2, 0x20AB, 0x7E4D, 0x7A2C, 0x7F35, 0x7691, 0x4081, 0x7EAF,
    0x5924, 0x5547, 0x5989, 0x7AB2,
};
static const uint16_t pal_RRMUGF_P[] = {
    0x00FD, 0x7C1F, 0x24CA, 0x1465, 0x1485, 0x20C5, 0x1CA4, 0x1CC4,
    0x2105, 0x20A4, 0x1480, 0x1483, 0x1484, 0x352E, 0x20A9, 0x14A5,
    0x2527, 0x24C6, 0x2505, 0x2525, 0x20A1, 0x2483, 0x3950, 0x30ED,
    0x2528, 0x310E, 0x28CB, 0x1886, 0x18A6, 0x1866, 0x1CC6, 0x2D6A,
    0x2907, 0x316B, 0x2D48, 0x28C7, 0x35A9, 0x35AA, 0x3587, 0x3566,
    0x3105, 0x30E1, 0x34E5, 0x354F, 0x350F, 0x18A7, 0x1887, 0x5E4F,
    0x45AA, 0x45EC, 0x524F, 0x4DEB, 0x5EAF, 0x5EEE, 0x5E49, 0x5E27,
    0x5E28, 0x5E6A, 0x5ECB, 0x5E89, 0x59E6, 0x4D60, 0x2CEC, 0x208A,
    0x1CAA, 0x20AA, 0x1C89, 0x1C88, 0x1C87, 0x2088, 0x1C67, 0x1C86,
    0x1CA9, 0x2089, 0x396C, 0x5E2F, 0x6EF5, 0x6AB3, 0x624F, 0x72F2,
    0x7FB4, 0x7FAF, 0x7F0A, 0x7EE9, 0x7EC9, 0x7EA8, 0x7ECA, 0x7F2D,
    0x7F2C, 0x7F0B, 0x7F6F, 0x7FD4, 0x7FD3, 0x7FCF, 0x7F6B, 0x61A0,
    0x1CA8, 0x2068, 0x6691, 0x4DCC, 0x7336, 0x7335, 0x7FD6, 0x7F09,
    0x7EEB, 0x7F4D, 0x7EEA, 0x7FF1, 0x7F8D, 0x7F8B, 0x61C0, 0x1C68,
    0x1C66, 0x1867, 0x2087, 0x354C, 0x62D4, 0x562F, 0x6F37, 0x5E70,
    0x4DA8, 0x7F53, 0x7F2B, 0x7244, 0x5E91, 0x4589, 0x4DAB, 0x6F57,
    0x7B75, 0x7FB3, 0x76E9, 0x312A, 0x4548, 0x7358, 0x5E6D, 0x66AF,
    0x7EC8, 0x7F0C, 0x7B2A, 0x20A8, 0x2086, 0x55ED, 0x7311, 0x7F2A,
    0x7F91, 0x5E2D, 0x7332, 0x5A2B, 0x7F07, 0x560C, 0x6270, 0x7EE8,
    0x7377, 0x6AAF, 0x2067, 0x7799, 0x66B3, 0x7B78, 0x6AB1, 0x51EB,
    0x6ECF, 0x396B, 0x6EF1, 0x20A7, 0x5E72, 0x418D, 0x7B9B, 0x2489,
    0x49A7, 0x7773, 0x24AA, 0x1888, 0x3D6E, 0x72F6, 0x72F5, 0x7B32,
    0x20AB, 0x45AE, 0x4586, 0x72F0, 0x7EA7, 0x24A9, 0x248A, 0x2488,
    0x352C, 0x5A30, 0x3D65, 0x7795, 0x66D6, 0x1CA7, 0x24AB, 0x5E93,
    0x560A, 0x3D49, 0x4147, 0x4545, 0x24A8, 0x28C9, 0x3928, 0x3D05,
    0x38E2, 0x30C3, 0x4526, 0x5189, 0x59CB, 0x28A3, 0x3906, 0x4D26,
    0x5168, 0x5DEC, 0x4125, 0x20A6, 0x2CC5, 0x28A4, 0x5547, 0x61EC,
    0x55AA, 0x38E5, 0x4D05, 0x5126, 0x5D8A, 0x3CE6, 0x5528, 0x34E6,
    0x5948, 0x1883, 0x1862, 0x5947, 0x4947, 0x2062, 0x4D68, 0x1463,
    0x1462, 0x4528, 0x24A7, 0x1461, 0x248B, 0x3506, 0x3D71, 0x2D05,
    0x1442, 0x3930, 0x34A4, 0x3947, 0x40E5, 0x3083, 0x4172, 0x48E5,
    0x48E6, 0x44E6, 0x4593, 0x28AB, 0x1C65, 0x4D28,
};
static const uint16_t pal_RRMUGG_P[] = {
    0x00FF, 0x7C1F, 0x1484, 0x1884, 0x20A4, 0x1C84, 0x1CA4, 0x30E6,
    0x3506, 0x3547, 0x4963, 0x5167, 0x5569, 0x5968, 0x5D89, 0x5DAA,
    0x5DEB, 0x65A2, 0x69C4, 0x6DC7, 0x6DA8, 0x75EA, 0x79EB, 0x7A0B,
    0x7E0B, 0x7DEB, 0x7E2C, 0x7E4C, 0x7E6D, 0x7E8E, 0x61A1, 0x65A5,
    0x75CA, 0x7E2B, 0x7E4D, 0x7E8D, 0x5D81, 0x6587, 0x6DC8, 0x71CA,
    0x75CB, 0x7E6C, 0x5941, 0x6987, 0x6A02, 0x72A7, 0x71C9, 0x7DCB,
    0x76EB, 0x65C2, 0x79CA, 0x7E4B, 0x7F4C, 0x6E46, 0x71C8, 0x71A9,
    0x79EA, 0x7EC9, 0x7F2C, 0x6206, 0x75C9, 0x79CB, 0x7F0A, 0x7F2B,
    0x71E8, 0x7DEC, 0x7DEA, 0x7E0A, 0x7F0B, 0x7EEA, 0x6E04, 0x6DC2,
    0x71E7, 0x75E9, 0x7E2A, 0x79C9, 0x7268, 0x7B0B, 0x71E5, 0x7267,
    0x760B, 0x7A0A, 0x7EA9, 0x5522, 0x7207, 0x7EA7, 0x7689, 0x5563,
    0x65E5, 0x5963, 0x75C8, 0x4903, 0x4D01, 0x7FD6, 0x7F4E, 0x7EE7,
    0x7E65, 0x76AA, 0x4CE3, 0x4480, 0x72D0, 0x7BB7, 0x7F2E, 0x76EC,
    0x44C2, 0x3840, 0x48E1, 0x5965, 0x6167, 0x6188, 0x38E3, 0x4525,
    0x4DA9, 0x55E9, 0x4964, 0x7AEE, 0x3820, 0x3880, 0x4145, 0x2CA1,
    0x4547, 0x34C3, 0x6E6D, 0x7EED, 0x7F2A, 0x772C, 0x3440, 0x61C9,
    0x6DCA, 0x4947, 0x3081, 0x3D25, 0x3CE5, 0x6A8F, 0x7F4B, 0x7F09,
    0x44E5, 0x71E9, 0x560B, 0x3D23, 0x3D26, 0x5E4C, 0x7F73, 0x5584,
    0x5589, 0x6A0B, 0x4D68, 0x6F14, 0x7FD8, 0x65ED, 0x2461, 0x28A2,
    0x66D1, 0x5982, 0x38A3, 0x2861, 0x34C4, 0x34A3, 0x38E6, 0x6270,
    0x7B31, 0x50C0, 0x4060, 0x6169, 0x65AA, 0x4D25, 0x562F, 0x5A0C,
    0x6ED1, 0x6E6A, 0x770B, 0x5920, 0x5504, 0x4DC9, 0x51A7, 0x5A2A,
    0x76EF, 0x7FAC, 0x7B2A, 0x5D67, 0x28A4, 0x1841, 0x1862, 0x2483,
    0x51EB, 0x7F71, 0x7F8F, 0x5926, 0x5527, 0x4D26, 0x2CC5, 0x2462,
    0x4569, 0x7AF1, 0x7F91, 0x7FCF, 0x7FAB, 0x3020, 0x6DAA, 0x560D,
    0x7FF0, 0x7F69, 0x7F07, 0x5984, 0x556A, 0x7F95, 0x772F, 0x7F89,
    0x4928, 0x55AA, 0x65CB, 0x624D, 0x7F75, 0x76C9, 0x7F47, 0x71EA,
    0x2420, 0x3505, 0x2CE3, 0x4DCA, 0x30A4, 0x4127, 0x6A0D, 0x71EB,
    0x5987, 0x2481, 0x666E, 0x6E8D, 0x6A27, 0x7FD3, 0x7F05, 0x1CA3,
    0x762C, 0x5925, 0x4CE4, 0x2C00, 0x5EB2, 0x6A90, 0x7731, 0x6628,
    0x6EAB, 0x7793, 0x7BD4, 0x1463, 0x724F, 0x2863, 0x5609, 0x6712,
    0x1041, 0x2CE6, 0x7A90, 0x7A4E, 0x498A, 0x3D67, 0x5E6E, 0x7353,
};
static const uint16_t pal_RRMUGH_P[] = {
    0x00FC, 0x7C1F, 0x1884, 0x1484, 0x1084, 0x1C84, 0x1CA4, 0x24A5,
    0x3526, 0x3546, 0x3506, 0x30E6, 0x30C6, 0x30C5, 0x24C6, 0x2084,
    0x5DEB, 0x5DC9, 0x5DA9, 0x5D87, 0x5D66, 0x5966, 0x5967, 0x5566,
    0x5146, 0x4946, 0x3D06, 0x34E6, 0x24A4, 0x7E8D, 0x7E6D, 0x7E4C,
    0x7E6C, 0x7E4B, 0x7E2B, 0x7E09, 0x7DE9, 0x79E9, 0x79C9, 0x75C9,
    0x75C8, 0x6DA7, 0x6D86, 0x6986, 0x7E2C, 0x7E0A, 0x79C8, 0x71C7,
    0x7E2A, 0x7A09, 0x79E8, 0x75E8, 0x71C8, 0x6DA6, 0x7E29, 0x71A7,
    0x6987, 0x71A8, 0x6586, 0x69A7, 0x75E7, 0x75C7, 0x7E6B, 0x7E4A,
    0x6566, 0x5946, 0x75E9, 0x5945, 0x20A5, 0x6565, 0x20A4, 0x6D87,
    0x5546, 0x6166, 0x7A0A, 0x6966, 0x6187, 0x6DA8, 0x6587, 0x6588,
    0x5567, 0x20C5, 0x71C9, 0x65A7, 0x65C9, 0x5188, 0x2506, 0x6988,
    0x69A8, 0x65CA, 0x660C, 0x59EC, 0x3507, 0x1CC4, 0x6DC8, 0x69C9,
    0x69EA, 0x6A4F, 0x562D, 0x2CE6, 0x75EA, 0x6DA9, 0x6DC9, 0x6E2D,
    0x624E, 0x55CA, 0x4567, 0x2CE5, 0x6E2E, 0x7270, 0x7690, 0x4945,
    0x4505, 0x71E9, 0x69C8, 0x724F, 0x6A70, 0x4D25, 0x4925, 0x44E4,
    0x4D05, 0x5125, 0x5D67, 0x5145, 0x4D04, 0x2CE3, 0x5925, 0x5525,
    0x5124, 0x4CE3, 0x1883, 0x1083, 0x5D46, 0x5104, 0x4CE4, 0x6167,
    0x5524, 0x3CC4, 0x1482, 0x1061, 0x6567, 0x5504, 0x38A2, 0x1081,
    0x6DE9, 0x6D88, 0x50E4, 0x44A3, 0x44C3, 0x3481, 0x1861, 0x1062,
    0x71A9, 0x5105, 0x3881, 0x2C61, 0x2460, 0x1C62, 0x4906, 0x5568,
    0x34A2, 0x5147, 0x6146, 0x1483, 0x34C3, 0x4905, 0x2862, 0x2062,
    0x20A3, 0x3060, 0x2882, 0x1C21, 0x14A5, 0x1485, 0x2880, 0x38E3,
    0x5E0A, 0x666D, 0x4DA6, 0x2481, 0x1CC7, 0x2509, 0x14C6, 0x7F0A,
    0x7288, 0x61E4, 0x6E4A, 0x76EE, 0x7B2F, 0x7F6F, 0x7FB0, 0x730D,
    0x1C80, 0x358E, 0x4631, 0x296B, 0x7EC8, 0x7EEA, 0x7F4D, 0x7F8F,
    0x7F8D, 0x5E86, 0x2D05, 0x4E75, 0x4654, 0x14A6, 0x7F09, 0x7F6B,
    0x6AA9, 0x4DC7, 0x45A9, 0x398A, 0x358B, 0x39CF, 0x56B7, 0x56D7,
    0x35D0, 0x7F07, 0x7EA7, 0x5A06, 0x4DC8, 0x5670, 0x4632, 0x4E95,
    0x3E12, 0x39B0, 0x1C88, 0x18A6, 0x7EE6, 0x7EA8, 0x76EB, 0x6669,
    0x5E6D, 0x4A10, 0x2D8D, 0x3DF0, 0x5EF9, 0x2088, 0x7EA5, 0x72EC,
    0x5E28, 0x522F, 0x41EE, 0x318D, 0x4653, 0x56D8, 0x7F92, 0x7A65,
    0x7666, 0x7AAA, 0x666A, 0x4A0F, 0x4A53,
};
static const uint16_t pal_UNMUGA_P[] = {
    0x0063, 0x7C1F, 0x5EF7, 0x5294, 0x56B5, 0x6318, 0x4A52, 0x39AD,
    0x358D, 0x318C, 0x358C, 0x316C, 0x356C, 0x14A5, 0x0000, 0x0400,
    0x0420, 0x35AD, 0x0401, 0x5AD6, 0x39CE, 0x294A, 0x316B, 0x2D6B,
    0x18A6, 0x2D6C, 0x318B, 0x0822, 0x20E8, 0x5AB6, 0x4E73, 0x356B,
    0x18A5, 0x1484, 0x0020, 0x5694, 0x5AB5, 0x4E53, 0x39AE, 0x314B,
    0x2D4B, 0x0C63, 0x4E52, 0x316A, 0x2D4A, 0x0C42, 0x5695, 0x2D2A,
    0x2929, 0x0821, 0x62F7, 0x292A, 0x2D29, 0x24E7, 0x4A32, 0x20E7,
    0x0421, 0x2908, 0x2909, 0x18A4, 0x62F8, 0x2508, 0x314A, 0x4A31,
    0x2928, 0x2D49, 0x2509, 0x6718, 0x24E8, 0x1042, 0x4631, 0x1CC7,
    0x2108, 0x18C6, 0x0842, 0x20C7, 0x1043, 0x0C43, 0x5ED6, 0x5273,
    0x1CC6, 0x20C6, 0x6F5A, 0x41EF, 0x1063, 0x6739, 0x6F7B, 0x4611,
    0x4A11, 0x4210, 0x77BD, 0x6B5A, 0x6F5B, 0x6B39, 0x6719, 0x5ED7,
    0x5EB6, 0x5A95, 0x5674, 0x3DEF,
};
static const uint16_t pal_UNMUGB_P[] = {
    0x007B, 0x7C1F, 0x0421, 0x0420, 0x0821, 0x0841, 0x0C41, 0x1883,
    0x1441, 0x1861, 0x1862, 0x0C20, 0x0820, 0x0400, 0x0000, 0x1062,
    0x1083, 0x358B, 0x5293, 0x4A4F, 0x4A51, 0x2D6B, 0x294A, 0x2529,
    0x2108, 0x1082, 0x18C5, 0x2948, 0x420E, 0x5EF7, 0x5294, 0x0C83,
    0x14A5, 0x5F17, 0x6339, 0x0441, 0x39CE, 0x5AD6, 0x5F18, 0x0020,
    0x2528, 0x56D5, 0x6739, 0x14A4, 0x5EF6, 0x5ED6, 0x4210, 0x56B4,
    0x6738, 0x0840, 0x0C42, 0x1CE6, 0x5AB5, 0x6319, 0x6718, 0x35AD,
    0x18A5, 0x56B5, 0x6719, 0x2D6A, 0x6318, 0x20E7, 0x4E73, 0x0842,
    0x0C62, 0x6338, 0x62F8, 0x5EF8, 0x0861, 0x0C61, 0x0862, 0x39ED,
    0x6F9A, 0x77BB, 0x6B59, 0x6317, 0x62F7, 0x0C63, 0x2107, 0x1483,
    0x14C4, 0x5AD3, 0x1484, 0x1084, 0x2505, 0x41ED, 0x5ED5, 0x20E5,
    0x316B, 0x4A2F, 0x5AB3, 0x5273, 0x3E0F, 0x3E10, 0x35CE, 0x2D6C,
    0x2D4A, 0x5AD7, 0x5695, 0x39CF, 0x296B, 0x2508, 0x2928, 0x52B4,
    0x41F0, 0x5AF6, 0x5ED7, 0x5AB6, 0x41EF, 0x4A32, 0x20E8, 0x5AF7,
    0x3DCE, 0x2D8B, 0x4632, 0x56D6, 0x35CD, 0x6F7B, 0x6F5A, 0x6B5A,
    0x6F5B, 0x3DEF, 0x673A, 0x6B3A,
};
static const uint16_t pal_UNMUGC_P[] = {
    0x00FF, 0x7C1F, 0x6318, 0x56B5, 0x5294, 0x4631, 0x4A32, 0x4A52,
    0x4E73, 0x4630, 0x4610, 0x4210, 0x4A31, 0x41EF, 0x3DCE, 0x318B,
    0x1CC6, 0x0841, 0x14A5, 0x0C62, 0x0421, 0x0821, 0x0000, 0x0420,
    0x0C42, 0x1462, 0x20C5, 0x3107, 0x45AA, 0x4589, 0x34C2, 0x4546,
    0x4D87, 0x5187, 0x4D45, 0x55A7, 0x59C8, 0x6209, 0x5DE8, 0x4611,
    0x4A11, 0x420F, 0x358C, 0x2528, 0x1084, 0x2928, 0x1484, 0x0400,
    0x0C41, 0x18A3, 0x2927, 0x45CC, 0x3D24, 0x4D66, 0x4D89, 0x51A7,
    0x51A8, 0x5186, 0x4211, 0x35AD, 0x316B, 0x3DEE, 0x20E6, 0x1884,
    0x0820, 0x1063, 0x18A4, 0x0C21, 0x0C00, 0x1461, 0x28E6, 0x45CB,
    0x4DCB, 0x55C9, 0x59C9, 0x55A8, 0x4632, 0x41F0, 0x39AD, 0x2D4A,
    0x2D49, 0x18A5, 0x0842, 0x1CC5, 0x3548, 0x3D69, 0x4969, 0x51CB,
    0x59EB, 0x5DEA, 0x620A, 0x61EA, 0x5DC9, 0x59A8, 0x6739, 0x4652,
    0x4A53, 0x31AD, 0x294A, 0x2D6A, 0x1CE6, 0x1483, 0x398A, 0x41AA,
    0x5E0C, 0x61EB, 0x660B, 0x6A4D, 0x6A2C, 0x6A0B, 0x61E9, 0x5DE9,
    0x5EF8, 0x5295, 0x56B4, 0x6738, 0x4E74, 0x3DF0, 0x2D6B, 0x2507,
    0x5A0C, 0x6A6F, 0x666F, 0x620B, 0x6A0A, 0x62F7, 0x5694, 0x6718,
    0x5273, 0x3DEF, 0x39CE, 0x1062, 0x51EC, 0x5E2D, 0x72B2, 0x6E91,
    0x662C, 0x6E0B, 0x65EA, 0x5EF7, 0x4E52, 0x1083, 0x18C6, 0x41AB,
    0x4DEC, 0x622D, 0x6A2B, 0x6E2B, 0x3DCF, 0x35AE, 0x0C63, 0x55EA,
    0x59CA, 0x5588, 0x660A, 0x5693, 0x4E72, 0x41EE, 0x4A51, 0x39AE,
    0x3549, 0x55CA, 0x55A9, 0x5188, 0x5DEB, 0x5DCA, 0x5AD6, 0x2947,
    0x3169, 0x39CC, 0x4E53, 0x1CC7, 0x59EA, 0x660C, 0x662B, 0x420E,
    0x462F, 0x3D89, 0x55EB, 0x620C, 0x316A, 0x14A3, 0x3149, 0x51EB,
    0x560C, 0x3569, 0x5A2D, 0x1CA4, 0x55AA, 0x5587, 0x59CB, 0x3148,
    0x5E2C, 0x622C, 0x4504, 0x4126, 0x5E0B, 0x356A, 0x5E91, 0x4503,
    0x3CC2, 0x3CE4, 0x3926, 0x4148, 0x55CB, 0x662D, 0x664D, 0x562F,
    0x5E4F, 0x30C5, 0x34E6, 0x59CC, 0x622E, 0x1862, 0x28C5, 0x24A4,
    0x3D47, 0x5E0D, 0x0401, 0x1463, 0x4E0E, 0x5650, 0x418B, 0x45AB,
    0x5A2F, 0x5ED7, 0x0021, 0x0001, 0x5ED3, 0x6716, 0x62F5, 0x41AC,
    0x460E, 0x5AB5, 0x5695, 0x0C43, 0x0422, 0x5ED6, 0x62F8, 0x292A,
    0x1CE7, 0x1485, 0x0843, 0x318C, 0x2D4B, 0x1CE8, 0x14A6, 0x1064,
    0x0823, 0x358D, 0x20E8, 0x18A6, 0x316C, 0x314B, 0x18C7, 0x1085,
};
static const uint16_t pal_UNMUGD_P[] = {
    0x00FE, 0x7C1F, 0x59C8, 0x5DE8, 0x55A7, 0x59A7, 0x5DC8, 0x620A,
    0x6A4C, 0x6A2B, 0x660A, 0x61E9, 0x5DE9, 0x4945, 0x2861, 0x1800,
    0x1000, 0x0C00, 0x0800, 0x0420, 0x0820, 0x0421, 0x0021, 0x0000,
    0x0400, 0x0841, 0x0C42, 0x14A3, 0x1483, 0x0C41, 0x59A8, 0x662B,
    0x660B, 0x34C2, 0x1C00, 0x0020, 0x0C40, 0x6A2C, 0x4103, 0x2420,
    0x1400, 0x5DC9, 0x5DEA, 0x6A4D, 0x6E6D, 0x6E4D, 0x4D45, 0x3081,
    0x0821, 0x620B, 0x6E4C, 0x6A0B, 0x61EA, 0x5587, 0x4102, 0x2000,
    0x6E2C, 0x59E9, 0x4D65, 0x2C60, 0x662C, 0x726E, 0x65EA, 0x59C7,
    0x3CE2, 0x6E6E, 0x4123, 0x2020, 0x59C9, 0x5586, 0x5186, 0x2C81,
    0x5E0A, 0x4124, 0x1C20, 0x0C62, 0x55C9, 0x4D87, 0x1820, 0x1841,
    0x1461, 0x1861, 0x1041, 0x0C20, 0x1042, 0x1062, 0x0C21, 0x0C61,
    0x728E, 0x728F, 0x4966, 0x34C3, 0x3904, 0x3503, 0x3D03, 0x2CA2,
    0x1C40, 0x1420, 0x1862, 0x1883, 0x1020, 0x76AF, 0x55A8, 0x5187,
    0x2860, 0x2460, 0x2481, 0x2082, 0x76B0, 0x5165, 0x4523, 0x30A0,
    0x2C80, 0x28A1, 0x2040, 0x0840, 0x72B0, 0x6A4E, 0x664D, 0x4D24,
    0x4503, 0x38C1, 0x2060, 0x1860, 0x1440, 0x6A8F, 0x6A6E, 0x620C,
    0x622B, 0x4D44, 0x4923, 0x2461, 0x1C60, 0x662D, 0x622C, 0x5E0B,
    0x5A0A, 0x51C9, 0x51A8, 0x4944, 0x4524, 0x34A1, 0x2061, 0x4DA8,
    0x6A6D, 0x664C, 0x59EA, 0x5166, 0x30A1, 0x1C61, 0x1441, 0x664E,
    0x55C8, 0x55EA, 0x51A9, 0x55CA, 0x55A9, 0x4545, 0x34C1, 0x2440,
    0x6E91, 0x7290, 0x622D, 0x4D88, 0x5DEB, 0x5188, 0x4525, 0x4967,
    0x38E2, 0x1462, 0x1082, 0x72B1, 0x7291, 0x55EC, 0x4567, 0x4988,
    0x5E2C, 0x4D66, 0x6E70, 0x6A6F, 0x5E0D, 0x4DAA, 0x560B, 0x2880,
    0x1083, 0x5A0D, 0x59EB, 0x4968, 0x4DA9, 0x49A8, 0x51E9, 0x55E9,
    0x18A4, 0x1484, 0x18C4, 0x4168, 0x3D47, 0x3D26, 0x5E4E, 0x624E,
    0x5A0C, 0x14A4, 0x1CE6, 0x2108, 0x1CE7, 0x3527, 0x2CE5, 0x30C4,
    0x560C, 0x5E2D, 0x38E3, 0x2107, 0x2949, 0x2926, 0x51CB, 0x59EC,
    0x59CA, 0x20A4, 0x3948, 0x45AB, 0x4DCC, 0x55EB, 0x5E0C, 0x4D67,
    0x20E6, 0x3D8A, 0x562E, 0x4125, 0x316A, 0x318B, 0x4E0D, 0x6AD3,
    0x664F, 0x51A7, 0x30C2, 0x1463, 0x0401, 0x422F, 0x3568, 0x5A50,
    0x6290, 0x51EA, 0x0441, 0x3DEC, 0x52B3, 0x4E71, 0x294A, 0x2529,
    0x45EB, 0x49A9, 0x2CA1, 0x56B4, 0x24C2, 0x3E0D, 0x464E,
};
static const uint16_t pal_UNMUGE_P[] = {
    0x00FF, 0x7C1F, 0x6739, 0x5EF7, 0x6318, 0x56B5, 0x4E73, 0x5272,
    0x5273, 0x4E72, 0x4E52, 0x5252, 0x5294, 0x5694, 0x56B4, 0x39CE,
    0x2929, 0x3DED, 0x2D6A, 0x318A, 0x420E, 0x2527, 0x0C41, 0x1CE6,
    0x1083, 0x0841, 0x0420, 0x0862, 0x14A5, 0x18C5, 0x0421, 0x6738,
    0x5EF6, 0x5ED6, 0x6317, 0x4E53, 0x5673, 0x4A52, 0x3DCE, 0x35AC,
    0x3DEE, 0x316A, 0x35CC, 0x2507, 0x0821, 0x1483, 0x14A4, 0x14A3,
    0x318B, 0x0400, 0x0C63, 0x0000, 0x6718, 0x62F7, 0x5274, 0x4210,
    0x4610, 0x4630, 0x31AC, 0x18A5, 0x0C42, 0x1063, 0x2107, 0x10A3,
    0x2949, 0x5695, 0x5AB5, 0x39AD, 0x5693, 0x41EF, 0x4631, 0x2529,
    0x0842, 0x296A, 0x5674, 0x4A51, 0x420F, 0x3DEF, 0x1CE7, 0x0C62,
    0x1CC6, 0x20E6, 0x5293, 0x5ED5, 0x35AD, 0x316B, 0x294A, 0x39CD,
    0x358C, 0x18C6, 0x1084, 0x1484, 0x5AB4, 0x5AD6, 0x358B, 0x0822,
    0x41EE, 0x460F, 0x39AC, 0x2928, 0x5ED7, 0x4A31, 0x3DCD, 0x2D49,
    0x0820, 0x1062, 0x1CA3, 0x1862, 0x2948, 0x18A4, 0x2528, 0x18A3,
    0x1462, 0x20A3, 0x24A3, 0x2D4A, 0x1CC4, 0x24C3, 0x28C4, 0x2CC3,
    0x30E4, 0x4A30, 0x18C4, 0x1CE5, 0x2106, 0x1882, 0x20C4, 0x28E5,
    0x28E4, 0x3504, 0x3904, 0x3CE3, 0x462F, 0x39CC, 0x4A50, 0x3D25,
    0x3D04, 0x4A53, 0x41ED, 0x460E, 0x0840, 0x20E5, 0x24E5, 0x2CE5,
    0x4545, 0x4524, 0x4103, 0x2D69, 0x28E6, 0x2D06, 0x3527, 0x4D86,
    0x5166, 0x4945, 0x4A32, 0x1CA4, 0x24C5, 0x3D47, 0x4566, 0x4966,
    0x5186, 0x5587, 0x1883, 0x20C5, 0x4188, 0x4587, 0x4987, 0x4D87,
    0x5187, 0x55A7, 0x1461, 0x1CA2, 0x2D05, 0x4588, 0x4988, 0x4DA8,
    0x51A8, 0x59C8, 0x59A8, 0x3DCC, 0x1082, 0x24E6, 0x20A2, 0x2CC4,
    0x4189, 0x4589, 0x49A9, 0x55C9, 0x55CB, 0x59E9, 0x5E0A, 0x59EB,
    0x6719, 0x62F8, 0x4611, 0x318C, 0x0C61, 0x2506, 0x3569, 0x3DAA,
    0x45CB, 0x3906, 0x4568, 0x5E0B, 0x41CE, 0x49CB, 0x49AA, 0x620B,
    0x622C, 0x41AA, 0x4DEC, 0x4DA9, 0x51A7, 0x664D, 0x4E74, 0x2D6B,
    0x6A6E, 0x4E51, 0x1C83, 0x51A9, 0x6E8F, 0x1CC5, 0x3948, 0x620C,
    0x662C, 0x6E4D, 0x728E, 0x24A2, 0x4D68, 0x61EA, 0x6A2C, 0x5AB6,
    0x3DCF, 0x24C4, 0x4527, 0x4926, 0x59C9, 0x5DC9, 0x660B, 0x4D88,
    0x5588, 0x5987, 0x4632, 0x4652, 0x20E7, 0x3546, 0x55A9, 0x5DE9,
    0x61E9, 0x5DC8, 0x1042, 0x34C2, 0x620A, 0x660A, 0x6A2A, 0x662A,
};
static const uint16_t pal_UNMUGF_P[] = {
    0x007E, 0x7C1F, 0x0421, 0x20E6, 0x2548, 0x14A3, 0x0821, 0x0420,
    0x0400, 0x0000, 0x0020, 0x1CE7, 0x2969, 0x18C5, 0x0841, 0x0C62,
    0x2528, 0x1082, 0x0C63, 0x1083, 0x1484, 0x0401, 0x1020, 0x0C00,
    0x0800, 0x0820, 0x2082, 0x1420, 0x1000, 0x1063, 0x28A2, 0x2060,
    0x0C42, 0x34C2, 0x2461, 0x1400, 0x3CE2, 0x2C81, 0x2460, 0x40E2,
    0x34A2, 0x2040, 0x1820, 0x4103, 0x4523, 0x3CE3, 0x34C1, 0x38C1,
    0x4104, 0x38E3, 0x2860, 0x1C20, 0x4D65, 0x4D45, 0x4924, 0x4503,
    0x18A4, 0x0840, 0x5186, 0x5166, 0x4965, 0x30A1, 0x1C40, 0x0C61,
    0x51A7, 0x4D66, 0x4525, 0x4524, 0x3D03, 0x38C2, 0x0842, 0x55C8,
    0x55C9, 0x4D87, 0x4967, 0x4946, 0x4945, 0x4966, 0x2420, 0x5DEA,
    0x55EA, 0x51C9, 0x5A0A, 0x55E9, 0x55A8, 0x4565, 0x4123, 0x622C,
    0x664D, 0x5187, 0x6E6E, 0x6E8F, 0x38E2, 0x2440, 0x728F, 0x768F,
    0x620C, 0x59C9, 0x1800, 0x728E, 0x726E, 0x660C, 0x620A, 0x38C3,
    0x0C41, 0x6E6D, 0x6A4D, 0x61EA, 0x5DE9, 0x59C8, 0x6A4C, 0x6E4D,
    0x662C, 0x55A7, 0x1C00, 0x5DC9, 0x61E9, 0x6A2C, 0x59A7, 0x5586,
    0x5165, 0x59A8, 0x6A6C, 0x5DC8, 0x1062, 0x55A6, 0x5DE8,
};
static const uint16_t pal_UNMUGG_P[] = {
    0x007F, 0x7C1F, 0x56B5, 0x39AE, 0x316B, 0x2909, 0x20E8, 0x1CC7,
    0x1CE7, 0x1CC6, 0x18C6, 0x1485, 0x0400, 0x4631, 0x2509, 0x2929,
    0x2108, 0x2529, 0x1084, 0x0001, 0x292A, 0x2508, 0x0C63, 0x6318,
    0x39AD, 0x35AD, 0x358D, 0x398D, 0x358C, 0x318C, 0x0401, 0x0000,
    0x0421, 0x5EF7, 0x5274, 0x4610, 0x4210, 0x41F0, 0x41EF, 0x3DCF,
    0x3DEF, 0x0420, 0x5294, 0x4611, 0x0020, 0x45F0, 0x18A6, 0x2D4B,
    0x0C42, 0x3DF0, 0x14A5, 0x4A31, 0x316C, 0x0C43, 0x3DCE, 0x0821,
    0x420F, 0x0801, 0x3DEE, 0x39CE, 0x1085, 0x2D6B, 0x294A, 0x4A11,
    0x4630, 0x4A30, 0x316A, 0x5AB5, 0x4A10, 0x2D4A, 0x35AC, 0x39CF,
    0x1484, 0x39CD, 0x5AD5, 0x4A51, 0x0842, 0x318D, 0x1043, 0x0021,
    0x5ED6, 0x4E52, 0x4A52, 0x6718, 0x5AD6, 0x62F7, 0x5694, 0x2D6A,
    0x2507, 0x4E73, 0x4E53, 0x4A32, 0x4E32, 0x1CE6, 0x2528, 0x14A4,
    0x0820, 0x6719, 0x5695, 0x5273, 0x2D69, 0x14A3, 0x1062, 0x6739,
    0x4E74, 0x4A53, 0x318B, 0x0C62, 0x0841, 0x5293, 0x2549, 0x18C5,
    0x1483, 0x56B4, 0x1083, 0x18A5, 0x1063, 0x4E72, 0x0822, 0x5295,
    0x0840, 0x0C41, 0x1D07, 0x4E94, 0x3DED, 0x0C21, 0x5272, 0x0441,
};
static const uint16_t pal_UNMUGH_P[] = {
    0x000C, 0x7C1F, 0x0400, 0x0420, 0x0821, 0x1083, 0x0841, 0x0C63,
    0x18C6, 0x1063, 0x18C5, 0x2128, 0x1D06,
};
static const uint16_t pal_BMMUGA_P[] = {
    0x00FE, 0x4814, 0x62AE, 0x5A4C, 0x626D, 0x66AE, 0x49A8, 0x49A9,
    0x4987, 0x4566, 0x45A8, 0x4188, 0x4589, 0x30E4, 0x2061, 0x1C62,
    0x2083, 0x1C83, 0x24C5, 0x20A4, 0x24A4, 0x1C84, 0x1CA4, 0x28E6,
    0x2063, 0x2084, 0x28A6, 0x2085, 0x20A5, 0x24E6, 0x2507, 0x3128,
    0x3D6A, 0x51EE, 0x5E30, 0x5E2F, 0x7F36, 0x76F2, 0x7EB1, 0x7F57,
    0x7ED3, 0x5E6C, 0x6ECE, 0x4D88, 0x4988, 0x4588, 0x4167, 0x1C41,
    0x1884, 0x1863, 0x1463, 0x1883, 0x1462, 0x1CA3, 0x2484, 0x1C85,
    0x2907, 0x2908, 0x41AC, 0x51CD, 0x76B3, 0x7AF5, 0x7F14, 0x4D89,
    0x4DA9, 0x4568, 0x4567, 0x3505, 0x1C64, 0x1464, 0x1CA5, 0x314A,
    0x49CC, 0x6671, 0x76F4, 0x7EB3, 0x1CC5, 0x398C, 0x4DEF, 0x6A92,
    0x76B1, 0x4DA8, 0x4587, 0x4187, 0x4168, 0x4DCA, 0x28A3, 0x24A5,
    0x3549, 0x45EF, 0x4E0F, 0x51EA, 0x1C20, 0x3507, 0x30C6, 0x3D8B,
    0x562E, 0x5A6E, 0x5EAD, 0x562B, 0x4948, 0x4968, 0x4127, 0x4547,
    0x4989, 0x4DC9, 0x1483, 0x2CC5, 0x30C5, 0x30E6, 0x28A4, 0x3D49,
    0x3D28, 0x28C5, 0x458B, 0x518A, 0x4DEA, 0x3CE5, 0x38A4, 0x4D68,
    0x34A3, 0x38C4, 0x4146, 0x3D05, 0x4546, 0x1862, 0x1062, 0x3D07,
    0x34E6, 0x30E7, 0x520A, 0x4D49, 0x38E4, 0x34A5, 0x40E6, 0x3CC3,
    0x4D69, 0x2020, 0x34C5, 0x3CC5, 0x38A3, 0x4548, 0x4947, 0x4528,
    0x4D48, 0x3CC4, 0x49AC, 0x4DAA, 0x38E5, 0x30E3, 0x4949, 0x2861,
    0x4149, 0x4DCB, 0x66CF, 0x2C63, 0x38E6, 0x4969, 0x3CE4, 0x456A,
    0x4148, 0x5189, 0x6AD0, 0x1C42, 0x1C63, 0x1442, 0x34E5, 0x4169,
    0x5DCA, 0x6A4D, 0x726E, 0x726D, 0x30C4, 0x4549, 0x4D28, 0x4927,
    0x59AA, 0x4106, 0x4506, 0x5167, 0x5968, 0x4CE5, 0x722F, 0x3D45,
    0x38C5, 0x4107, 0x59CD, 0x5568, 0x6A2E, 0x4166, 0x2C81, 0x34C6,
    0x556A, 0x4905, 0x40E4, 0x1C82, 0x1441, 0x4527, 0x5187, 0x4505,
    0x3D46, 0x4126, 0x4147, 0x4D6B, 0x49EB, 0x45A9, 0x2CC3, 0x2481,
    0x6ED1, 0x49CA, 0x4DEB, 0x45CA, 0x49EA, 0x45C9, 0x2CC4, 0x6AD1,
    0x4E0C, 0x4E0B, 0x520B, 0x4E0A, 0x522B, 0x3D88, 0x2CE5, 0x4DE9,
    0x49C9, 0x28C4, 0x522C, 0x30E5, 0x4526, 0x49E9, 0x520C, 0x2CE4,
    0x562C, 0x562D, 0x66B1, 0x4569, 0x66D1, 0x5A4D, 0x564C, 0x668D,
    0x62AF, 0x6EF2, 0x6AAE, 0x522D, 0x6F14, 0x7F7A, 0x7737, 0x6ED3,
    0x6ED2, 0x6ED0, 0x6F13, 0x7777, 0x7734, 0x6AD2, 0x4C75,
};
static const uint16_t pal_BMMUGB_P[] = {
    0x00FB, 0x4814, 0x7F34, 0x7F13, 0x7EF1, 0x7ED0, 0x7EF0, 0x7EF2,
    0x7ECF, 0x6A0B, 0x61C9, 0x4D68, 0x55AB, 0x51EC, 0x4568, 0x4DAA,
    0x51CB, 0x4DAB, 0x38E5, 0x5589, 0x6E2E, 0x7AF3, 0x7EB1, 0x69EB,
    0x6D87, 0x7A2C, 0x726D, 0x6A4E, 0x6A8E, 0x6AAF, 0x668D, 0x628D,
    0x5E6C, 0x5A2B, 0x5E6D, 0x562B, 0x626D, 0x66AF, 0x66AE, 0x5E4C,
    0x5A6C, 0x4E0B, 0x3588, 0x2506, 0x18A4, 0x7EF3, 0x59CA, 0x4DA9,
    0x4969, 0x4D89, 0x51AB, 0x558A, 0x5989, 0x65A9, 0x722C, 0x7AAF,
    0x7A0B, 0x6E6D, 0x6A8D, 0x6AAE, 0x5A4B, 0x564B, 0x5A6D, 0x628E,
    0x520B, 0x3988, 0x7ED1, 0x7ED2, 0x7F11, 0x5DEA, 0x5A0C, 0x5DEC,
    0x518A, 0x5E0A, 0x6A2C, 0x7A6E, 0x722B, 0x6A6C, 0x6ACF, 0x66AD,
    0x626C, 0x562A, 0x5E8D, 0x66CF, 0x6ED0, 0x522B, 0x2926, 0x61EB,
    0x61AA, 0x5568, 0x61EC, 0x55AA, 0x55CB, 0x664D, 0x664E, 0x624C,
    0x5E2B, 0x664C, 0x6A4C, 0x668E, 0x6ECF, 0x560A, 0x62AD, 0x3568,
    0x7EB3, 0x726E, 0x768F, 0x6E8F, 0x660C, 0x59C9, 0x620C, 0x5DCB,
    0x59AA, 0x6ACE, 0x5A4C, 0x520A, 0x62AE, 0x522C, 0x7AD1, 0x59A8,
    0x622D, 0x51A9, 0x49CC, 0x49AC, 0x41AA, 0x4989, 0x620D, 0x624D,
    0x562C, 0x4946, 0x76B1, 0x7AF2, 0x5987, 0x662D, 0x5189, 0x45CC,
    0x45AC, 0x498A, 0x5A6E, 0x5E4D, 0x5A4A, 0x564C, 0x5E0E, 0x520D,
    0x562E, 0x6671, 0x72F2, 0x76D0, 0x76CF, 0x768D, 0x5588, 0x49AB,
    0x49AA, 0x5A2D, 0x55EB, 0x59EA, 0x55CA, 0x622E, 0x564E, 0x5A2A,
    0x20E5, 0x51EB, 0x560C, 0x5E0D, 0x59EB, 0x5A0D, 0x51AA, 0x4DCB,
    0x4D69, 0x7311, 0x626B, 0x6EEF, 0x5E6B, 0x628C, 0x4589, 0x5167,
    0x5A2C, 0x5E4B, 0x668C, 0x3567, 0x2505, 0x4968, 0x4547, 0x6AEF,
    0x6ECE, 0x66AC, 0x622C, 0x55A8, 0x59CB, 0x5968, 0x5A6B, 0x6EEE,
    0x5DA8, 0x6A4D, 0x4D88, 0x49A9, 0x5E8C, 0x4E09, 0x5106, 0x660B,
    0x51E9, 0x3147, 0x5587, 0x5D89, 0x6A4B, 0x59C7, 0x51CA, 0x4DE8,
    0x45CB, 0x4DC7, 0x7A8D, 0x764B, 0x5565, 0x5988, 0x662C, 0x5967,
    0x5609, 0x4527, 0x5E0C, 0x5DCA, 0x4D45, 0x4905, 0x4927, 0x562D,
    0x5188, 0x51A8, 0x5A4D, 0x4D87, 0x4948, 0x5DEB, 0x5E0B, 0x4DA8,
    0x5A0B, 0x5E4A, 0x4D48, 0x4503, 0x5E2D, 0x1CC4, 0x4928, 0x5E2C,
    0x4505, 0x55EA, 0x3547, 0x59A9, 0x2105, 0x55A9, 0x522A, 0x1CA4,
    0x558B, 0x4D8A, 0x5E8E, 0x520C,
};
static const uint16_t pal_BMMUGC_P[] = {
    0x00FF, 0x4814, 0x316B, 0x2529, 0x2508, 0x0821, 0x0C21, 0x0C41,
    0x0820, 0x0C42, 0x1463, 0x1863, 0x1C84, 0x2084, 0x2CC6, 0x3D08,
    0x4D6A, 0x5548, 0x5949, 0x5D48, 0x5D49, 0x6169, 0x5127, 0x48E5,
    0x4483, 0x40A4, 0x3CA4, 0x40E7, 0x4507, 0x556A, 0x6E4F, 0x7EF4,
    0x7F14, 0x7F55, 0x7F33, 0x0420, 0x1063, 0x1462, 0x1C63, 0x24A5,
    0x2CC5, 0x2CA4, 0x34C5, 0x3CE6, 0x4D28, 0x5128, 0x4907, 0x40C5,
    0x3883, 0x4D47, 0x6E2E, 0x7F53, 0x318B, 0x1042, 0x1884, 0x1442,
    0x34E7, 0x4528, 0x44E6, 0x34A3, 0x34A4, 0x4107, 0x40E6, 0x7271,
    0x7ED3, 0x2528, 0x20A4, 0x20A5, 0x28A6, 0x30C6, 0x38E7, 0x3D07,
    0x3CC5, 0x2C63, 0x2060, 0x2462, 0x28A4, 0x2083, 0x2C84, 0x61EE,
    0x1C83, 0x1CA4, 0x2484, 0x2884, 0x2882, 0x1C42, 0x1441, 0x51AA,
    0x724F, 0x7E6E, 0x7E90, 0x1443, 0x1022, 0x1842, 0x55AD, 0x59CD,
    0x61CC, 0x69EC, 0x7A4E, 0x1C85, 0x1864, 0x1464, 0x2085, 0x2485,
    0x59AC, 0x6A0C, 0x6DCA, 0x658A, 0x6588, 0x760C, 0x1CA5, 0x28A5,
    0x2CA5, 0x4969, 0x7E70, 0x764D, 0x760B, 0x65C8, 0x5947, 0x35AC,
    0x1843, 0x1862, 0x24C5, 0x30E7, 0x3507, 0x34E6, 0x69AC, 0x7A8F,
    0x1062, 0x1483, 0x24C6, 0x5D8B, 0x75EC, 0x7E2E, 0x6DE9, 0x3063,
    0x44C6, 0x7A4F, 0x7A6F, 0x7A6E, 0x7A2C, 0x6567, 0x69A9, 0x71CB,
    0x3CE7, 0x6DAA, 0x7A0C, 0x75EA, 0x71AA, 0x79EC, 0x656A, 0x7E2D,
    0x75EB, 0x71CA, 0x7A0D, 0x2509, 0x3484, 0x38C6, 0x7E4F, 0x7E4E,
    0x7E4D, 0x30A4, 0x3CC6, 0x75CB, 0x7E0D, 0x71EB, 0x30E6, 0x30A5,
    0x34A5, 0x5D28, 0x24A4, 0x5948, 0x5D6A, 0x7E6F, 0x2929, 0x0C20,
    0x0800, 0x4506, 0x5D69, 0x7A2B, 0x7E91, 0x71EA, 0x2949, 0x38E6,
    0x5969, 0x5D89, 0x7A2D, 0x39AD, 0x2D4A, 0x1484, 0x39CD, 0x6987,
    0x34C6, 0x48E6, 0x3DCE, 0x24A6, 0x0C00, 0x5525, 0x5A6C, 0x49E9,
    0x66AE, 0x45A8, 0x4DAA, 0x4989, 0x1000, 0x1C62, 0x4DEA, 0x6ACF,
    0x45C9, 0x4547, 0x2861, 0x1C20, 0x49ED, 0x1C41, 0x5927, 0x61CB,
    0x7EB3, 0x5A8D, 0x562B, 0x3081, 0x4127, 0x2020, 0x416A, 0x3504,
    0x4549, 0x662E, 0x2C81, 0x4988, 0x34C3, 0x7F36, 0x3D05, 0x7AB1,
    0x7A91, 0x30E8, 0x3128, 0x4D8C, 0x6E93, 0x626D, 0x49A9, 0x4DA9,
    0x49A8, 0x3D6A, 0x76F6, 0x41AC, 0x6230, 0x6A72, 0x6651, 0x76B3,
    0x4987, 0x2507, 0x3549, 0x5E2F, 0x51CD, 0x6EB4, 0x72B4, 0x7EB1,
};
static const uint16_t pal_BMMUGD_P[] = {
    0x00FE, 0x4814, 0x7EF2, 0x7E8E, 0x69C9, 0x6166, 0x69A8, 0x71EC,
    0x760C, 0x7E70, 0x7EB2, 0x7EF4, 0x7ED3, 0x7F15, 0x7ED2, 0x7EB1,
    0x7ED1, 0x7EB0, 0x7EAF, 0x7E8D, 0x7A6C, 0x760B, 0x6187, 0x5545,
    0x5DA8, 0x65CA, 0x5547, 0x48E4, 0x38A2, 0x5589, 0x7F13, 0x7F33,
    0x76D1, 0x3040, 0x2800, 0x2060, 0x2062, 0x1862, 0x20A4, 0x1CA4,
    0x1884, 0x18A4, 0x1C84, 0x1484, 0x1084, 0x7F12, 0x7A4D, 0x7E2D,
    0x7E4F, 0x7F36, 0x7F35, 0x7EF3, 0x7E8F, 0x7E6D, 0x7E6C, 0x7A4C,
    0x61A8, 0x48E3, 0x40A2, 0x5168, 0x7F34, 0x7F53, 0x7B32, 0x5D87,
    0x2C40, 0x18A5, 0x1083, 0x7F57, 0x7F14, 0x7E90, 0x7E6E, 0x7E4D,
    0x5967, 0x65C9, 0x5125, 0x4D05, 0x4926, 0x6EAD, 0x1883, 0x7F55,
    0x40E4, 0x76B2, 0x7711, 0x4D45, 0x2083, 0x1CC5, 0x7E6F, 0x7E91,
    0x7E4E, 0x7E4C, 0x7A0B, 0x71E9, 0x40C3, 0x7690, 0x7F51, 0x620B,
    0x20E5, 0x1063, 0x7A6E, 0x7EF1, 0x7AD1, 0x7AB0, 0x6DAA, 0x7E2C,
    0x71EB, 0x6DCA, 0x7F32, 0x7F11, 0x764D, 0x7A8F, 0x6169, 0x6E4E,
    0x7EF0, 0x4D47, 0x61AB, 0x6E2E, 0x7A2D, 0x6987, 0x4505, 0x6E0D,
    0x5DE9, 0x2081, 0x5528, 0x5126, 0x5D48, 0x616A, 0x762E, 0x7ED0,
    0x7EAE, 0x7ECF, 0x6E4D, 0x3C81, 0x3CA4, 0x40A4, 0x4CE6, 0x596A,
    0x61AC, 0x69AC, 0x6DEC, 0x7A8E, 0x2C80, 0x4D28, 0x7271, 0x5E0B,
    0x5DEB, 0x724E, 0x7A6D, 0x7AAE, 0x50E5, 0x3483, 0x30A4, 0x5E2E,
    0x7A0C, 0x7A0D, 0x7E2E, 0x48A3, 0x6671, 0x6E50, 0x65EC, 0x768D,
    0x14A4, 0x7E0C, 0x7A4E, 0x5DAA, 0x7AF2, 0x5925, 0x358A, 0x3568,
    0x2506, 0x7E0D, 0x5927, 0x5945, 0x50E3, 0x5A70, 0x5E6D, 0x3988,
    0x2906, 0x7A4F, 0x7A6F, 0x5103, 0x316A, 0x49E9, 0x49C7, 0x2CA3,
    0x28E6, 0x3D8B, 0x62B1, 0x5EB1, 0x45A6, 0x6AAE, 0x628E, 0x40A1,
    0x2CC5, 0x45AB, 0x5E6E, 0x6AF3, 0x7753, 0x6ACF, 0x7732, 0x628F,
    0x3D07, 0x522C, 0x6EF0, 0x628D, 0x564C, 0x3588, 0x4DEC, 0x62AF,
    0x626D, 0x7A4B, 0x4D03, 0x3420, 0x66AF, 0x5209, 0x66AE, 0x6DC7,
    0x6A0B, 0x4881, 0x3841, 0x55AA, 0x4DCB, 0x666E, 0x5A4B, 0x3567,
    0x2505, 0x7AAF, 0x76F3, 0x55CB, 0x5E2C, 0x660C, 0x562B, 0x5E8D,
    0x66CF, 0x62AE, 0x7AD0, 0x768F, 0x5E8E, 0x7B33, 0x7FB7, 0x7FB5,
    0x51E7, 0x7A2C, 0x668E, 0x4E0A, 0x7F78, 0x764B, 0x7EB4, 0x4D89,
    0x7AF1, 0x59EC, 0x4568, 0x7AD2, 0x45EA, 0x55EC, 0x3925,
};
static const uint16_t pal_BMMUGE_P[] = {
    0x00FF, 0x4814, 0x316B, 0x2508, 0x354A, 0x2929, 0x0C42, 0x0C22,
    0x0C21, 0x0821, 0x0820, 0x0C41, 0x1042, 0x1062, 0x1462, 0x18A4,
    0x2484, 0x24C6, 0x3507, 0x396B, 0x0841, 0x1483, 0x1CA4, 0x1883,
    0x24C5, 0x2083, 0x3907, 0x1463, 0x2084, 0x2CC5, 0x28A4, 0x1063,
    0x1884, 0x20A6, 0x28C6, 0x2CC6, 0x30C5, 0x30A4, 0x2D6B, 0x314A,
    0x1441, 0x1CA5, 0x3D49, 0x3CE6, 0x3CC5, 0x3483, 0x4528, 0x2528,
    0x1C84, 0x28E6, 0x4549, 0x558B, 0x5148, 0x44E5, 0x40C5, 0x40E6,
    0x2529, 0x0842, 0x24A5, 0x3508, 0x4129, 0x556A, 0x5D8B, 0x5948,
    0x5107, 0x4CE6, 0x44C5, 0x3928, 0x4948, 0x5589, 0x5127, 0x5527,
    0x5507, 0x5106, 0x48E5, 0x0800, 0x20A5, 0x2D07, 0x4128, 0x5569,
    0x5968, 0x5526, 0x5506, 0x0822, 0x1863, 0x4127, 0x5549, 0x5548,
    0x5528, 0x2884, 0x3D28, 0x3D07, 0x4D48, 0x5128, 0x4CE5, 0x4D07,
    0x596A, 0x0C20, 0x0C62, 0x38E7, 0x38C6, 0x4107, 0x4507, 0x4506,
    0x4D28, 0x44C4, 0x48E6, 0x5949, 0x34A4, 0x4106, 0x4906, 0x5928,
    0x5D49, 0x616A, 0x51AD, 0x454A, 0x356B, 0x1C83, 0x3CE7, 0x6169,
    0x696A, 0x59CE, 0x414A, 0x4D8C, 0x416B, 0x2C84, 0x2042, 0x1400,
    0x1000, 0x0C00, 0x20A4, 0x4949, 0x2C63, 0x2462, 0x2883, 0x34C5,
    0x3D27, 0x4907, 0x5927, 0x518C, 0x516B, 0x558C, 0x40A5, 0x3C63,
    0x2800, 0x0C01, 0x34E6, 0x4D69, 0x3CA4, 0x2000, 0x1821, 0x5DAD,
    0x59AD, 0x4CC6, 0x48A5, 0x1800, 0x1001, 0x2CE7, 0x3908, 0x4D49,
    0x1842, 0x1442, 0x5DCE, 0x50E6, 0x4CA5, 0x4063, 0x2400, 0x30E7,
    0x2C41, 0x1C63, 0x54E6, 0x3C43, 0x0801, 0x34E7, 0x4928, 0x44E6,
    0x3041, 0x1021, 0x28A5, 0x1C00, 0x1864, 0x4947, 0x4D29, 0x3C42,
    0x1043, 0x1464, 0x3948, 0x4D89, 0x456B, 0x394A, 0x28A6, 0x3D08,
    0x4929, 0x3421, 0x516A, 0x2908, 0x4529, 0x4D4A, 0x5149, 0x1862,
    0x4D6A, 0x61AB, 0x6DEC, 0x71ED, 0x5969, 0x1C42, 0x61AC, 0x79ED,
    0x7E2F, 0x1484, 0x5D6A, 0x5D28, 0x4483, 0x7A50, 0x7E50, 0x618A,
    0x5D48, 0x3820, 0x2CA5, 0x6E2E, 0x7AB4, 0x7E92, 0x48A3, 0x30C6,
    0x61CC, 0x7672, 0x7F36, 0x7E71, 0x618B, 0x658B, 0x658A, 0x6569,
    0x50C5, 0x69EE, 0x7692, 0x7F79, 0x7EB3, 0x656A, 0x34C6, 0x764E,
    0x7EF4, 0x7ED3, 0x7E91, 0x318C, 0x5D69, 0x4062, 0x660D, 0x724F,
    0x7A70, 0x7EF3, 0x2085, 0x48A4, 0x38E6, 0x7ED2, 0x7F13, 0x7F34,
};
static const uint16_t pal_BMMUGF_P[] = {
    0x00FF, 0x4814, 0x3D28, 0x34E6, 0x3CE6, 0x30C5, 0x28A4, 0x2083,
    0x2484, 0x2CC5, 0x1C62, 0x3507, 0x4D8B, 0x5DCA, 0x5DAA, 0x5DA8,
    0x61A8, 0x6166, 0x50E3, 0x3420, 0x2400, 0x1C20, 0x1841, 0x1041,
    0x1042, 0x0C41, 0x1063, 0x1463, 0x24E9, 0x316E, 0x3DD4, 0x35B5,
    0x2973, 0x2574, 0x18EE, 0x0C88, 0x1486, 0x18A6, 0x18A5, 0x1884,
    0x1484, 0x1483, 0x1084, 0x1062, 0x3CC5, 0x30A4, 0x2883, 0x2060,
    0x1C41, 0x1C83, 0x4549, 0x558B, 0x5967, 0x4CC2, 0x2800, 0x1421,
    0x1442, 0x2D6F, 0x254E, 0x18CA, 0x1485, 0x18A4, 0x1083, 0x3907,
    0x40E6, 0x65CA, 0x3C61, 0x14A4, 0x4107, 0x4D6A, 0x4907, 0x40E5,
    0x4507, 0x40C5, 0x4106, 0x2863, 0x2463, 0x20C5, 0x5DED, 0x69EA,
    0x5125, 0x0C42, 0x1CA5, 0x4506, 0x5549, 0x4D48, 0x4D07, 0x5107,
    0x4D06, 0x4906, 0x4527, 0x4528, 0x3D48, 0x55CB, 0x48E5, 0x2420,
    0x14A5, 0x4D28, 0x5948, 0x61AC, 0x5528, 0x4D27, 0x3462, 0x2064,
    0x5E2E, 0x660C, 0x6E0D, 0x760D, 0x61AB, 0x38A2, 0x2000, 0x1462,
    0x4CE6, 0x5969, 0x596A, 0x5D49, 0x5D48, 0x616A, 0x698B, 0x75ED,
    0x762E, 0x6169, 0x5D69, 0x6250, 0x6E70, 0x764E, 0x764D, 0x3040,
    0x1CA4, 0x69CB, 0x6DCB, 0x7E2E, 0x7A4F, 0x7E70, 0x6589, 0x6DEC,
    0x5968, 0x34A3, 0x664E, 0x6E4F, 0x7E6E, 0x5546, 0x2020, 0x1CC6,
    0x1883, 0x7A4E, 0x7E91, 0x7E90, 0x71CB, 0x6DEB, 0x5547, 0x44A3,
    0x55CC, 0x7690, 0x768F, 0x7E8E, 0x40C3, 0x20E6, 0x5949, 0x7E4F,
    0x7E6F, 0x7E2D, 0x7E4E, 0x760B, 0x7EAF, 0x1CC5, 0x7A6F, 0x79ED,
    0x4D05, 0x40C4, 0x4547, 0x4526, 0x6E91, 0x7ED0, 0x69AC, 0x4081,
    0x4D47, 0x4926, 0x7EB0, 0x7E8F, 0x75AC, 0x6DCA, 0x3C81, 0x5589,
    0x4927, 0x4505, 0x3CC3, 0x7A8E, 0x1862, 0x79EE, 0x71AB, 0x5925,
    0x40E4, 0x5167, 0x7A8F, 0x18C5, 0x7E30, 0x44E4, 0x7ED2, 0x7AAF,
    0x6E4C, 0x516A, 0x48A1, 0x5587, 0x4D45, 0x61EF, 0x5DAC, 0x6E2E,
    0x69EB, 0x6E0A, 0x65C9, 0x5567, 0x76F3, 0x65EC, 0x5D68, 0x44C4,
    0x7A4D, 0x69C9, 0x3481, 0x7AAE, 0x7F11, 0x5166, 0x4D26, 0x44E5,
    0x5D87, 0x5566, 0x6AAE, 0x7A6E, 0x5146, 0x7F33, 0x666D, 0x76D1,
    0x7EB2, 0x3CA4, 0x7A0B, 0x5E0B, 0x2C40, 0x7EF4, 0x50E5, 0x71EE,
    0x7ECF, 0x7209, 0x7F36, 0x7EB1, 0x48A3, 0x7EAE, 0x7E8D, 0x7A4B,
    0x71E9, 0x6187, 0x6DA9, 0x4061, 0x4462, 0x7A90, 0x5545, 0x7F53,
};
static const uint16_t pal_BMMUGG_P[] = {
    0x00FD, 0x4814, 0x316B, 0x18A5, 0x0C21, 0x1464, 0x1063, 0x18C6,
    0x1884, 0x1C84, 0x1CA4, 0x458C, 0x2509, 0x1084, 0x24E6, 0x24E5,
    0x2084, 0x396B, 0x2908, 0x35AD, 0x3528, 0x358B, 0x3548, 0x3507,
    0x30C6, 0x1863, 0x1883, 0x2CC5, 0x3D28, 0x456A, 0x4DAD, 0x5210,
    0x5652, 0x56B5, 0x4E0F, 0x55CC, 0x498A, 0x496A, 0x4DCD, 0x55AC,
    0x560C, 0x55CB, 0x558B, 0x5189, 0x4D89, 0x3DAD, 0x28E9, 0x2CE6,
    0x38E6, 0x5E0F, 0x6E71, 0x76B3, 0x7EB2, 0x7F14, 0x7FDD, 0x7FFF,
    0x7758, 0x6A91, 0x660D, 0x65ED, 0x7338, 0x7F7C, 0x7B7B, 0x6EF8,
    0x6E93, 0x7E90, 0x7E8F, 0x7E4F, 0x61A9, 0x59AB, 0x5169, 0x660E,
    0x7EF2, 0x726D, 0x312B, 0x2064, 0x38E8, 0x4528, 0x516A, 0x59AC,
    0x65EE, 0x722E, 0x7E70, 0x7F59, 0x7FFE, 0x77BC, 0x66B4, 0x4D49,
    0x7317, 0x7BBD, 0x6F7A, 0x6F19, 0x7FDE, 0x777A, 0x76F8, 0x6DEB,
    0x5946, 0x4D05, 0x6273, 0x6EF7, 0x62F7, 0x6AB6, 0x72B6, 0x72B4,
    0x7272, 0x7650, 0x7EF5, 0x6A31, 0x61AC, 0x6DEE, 0x7B9A, 0x6B17,
    0x3D49, 0x5A52, 0x764F, 0x5D87, 0x4CC2, 0x44A3, 0x6ED5, 0x7BDE,
    0x520F, 0x49EF, 0x69ED, 0x7F77, 0x779B, 0x2487, 0x1867, 0x72F6,
    0x72D3, 0x6E2E, 0x48C4, 0x38C5, 0x4107, 0x51EF, 0x5EB3, 0x720D,
    0x7ED1, 0x7F13, 0x6EF3, 0x6271, 0x2CA3, 0x1C87, 0x5EB6, 0x40E6,
    0x49AE, 0x5A71, 0x5DEF, 0x5DA9, 0x3CA3, 0x3083, 0x28A5, 0x2D2B,
    0x6717, 0x62D5, 0x3D07, 0x30A5, 0x51F0, 0x5651, 0x6A2D, 0x5507,
    0x3CA5, 0x2C66, 0x1C88, 0x3DAE, 0x7691, 0x7F37, 0x768F, 0x5547,
    0x44C5, 0x38A7, 0x2CAA, 0x24AB, 0x20A9, 0x5ED4, 0x3905, 0x6630,
    0x3C61, 0x3463, 0x34C8, 0x30ED, 0x28CE, 0x1CAD, 0x1CAB, 0x7A2E,
    0x4928, 0x7F96, 0x7B75, 0x44E3, 0x3CC3, 0x34C5, 0x2800, 0x2D0E,
    0x24EF, 0x61AB, 0x40A5, 0x6E72, 0x2000, 0x1800, 0x1420, 0x24EC,
    0x392B, 0x6168, 0x48A3, 0x1042, 0x24E8, 0x24EB, 0x496C, 0x59CD,
    0x4D07, 0x72D4, 0x0C41, 0x1483, 0x456C, 0x5926, 0x6EB5, 0x0821,
    0x0C42, 0x6E4F, 0x5125, 0x1822, 0x0C01, 0x1041, 0x48E6, 0x1864,
    0x1043, 0x0C22, 0x458A, 0x45EE, 0x316C, 0x1486, 0x2D07, 0x0C20,
    0x1466, 0x6A0B, 0x4081, 0x1462, 0x396C, 0x2D2C, 0x660B, 0x3460,
    0x1062, 0x50E6, 0x4149, 0x596B, 0x1463, 0x2C41, 0x0841, 0x1443,
    0x1442, 0x2063, 0x1422, 0x0820, 0x0801, 0x1CA5,
};
static const uint16_t pal_BMMUGH_P[] = {
    0x00FE, 0x4814, 0x1C84, 0x1022, 0x1042, 0x0C42, 0x0C41, 0x1043,
    0x1084, 0x0C44, 0x0824, 0x0C43, 0x1063, 0x1484, 0x1064, 0x20C7,
    0x24C5, 0x0C21, 0x1085, 0x1086, 0x1485, 0x1021, 0x0C22, 0x1062,
    0x3548, 0x1463, 0x1486, 0x1087, 0x1487, 0x1488, 0x1065, 0x18A6,
    0x2486, 0x20A4, 0x2C84, 0x18A9, 0x4547, 0x30A4, 0x1842, 0x1421,
    0x1CC7, 0x1CCB, 0x1CCC, 0x18AC, 0x0C67, 0x1CC9, 0x28E9, 0x34C8,
    0x30A7, 0x3CA7, 0x34A8, 0x2C88, 0x2489, 0x24CB, 0x20AA, 0x18AA,
    0x5505, 0x3C61, 0x3CE6, 0x40E6, 0x3CC5, 0x2022, 0x250A, 0x292F,
    0x250F, 0x2510, 0x2911, 0x2511, 0x20EE, 0x0C48, 0x0826, 0x2909,
    0x292C, 0x412D, 0x4D0B, 0x54C8, 0x54A7, 0x4467, 0x3CAA, 0x34CD,
    0x30EE, 0x2D10, 0x20EC, 0x2463, 0x250D, 0x2910, 0x1069, 0x1464,
    0x3D2E, 0x4D2C, 0x50A8, 0x44A9, 0x38CC, 0x2CC6, 0x34E6, 0x3CA4,
    0x1C21, 0x24F1, 0x148C, 0x1044, 0x48EA, 0x58EA, 0x50EC, 0x40CC,
    0x2931, 0x3507, 0x1821, 0x2509, 0x18EF, 0x292B, 0x350F, 0x38EE,
    0x2CEF, 0x2930, 0x3D07, 0x1083, 0x108A, 0x316E, 0x40E7, 0x2C42,
    0x2110, 0x4507, 0x4D28, 0x44E6, 0x2C83, 0x20E8, 0x4D48, 0x2530,
    0x5128, 0x4D07, 0x44C5, 0x0843, 0x0C63, 0x2D4E, 0x4D27, 0x5127,
    0x4D06, 0x44E5, 0x3883, 0x2420, 0x40C6, 0x48E6, 0x3462, 0x2531,
    0x44E7, 0x48E7, 0x5149, 0x4906, 0x0C62, 0x4907, 0x40C5, 0x40A4,
    0x2C41, 0x1820, 0x1041, 0x44C6, 0x1420, 0x2950, 0x2533, 0x2532,
    0x2111, 0x1C20, 0x2953, 0x2512, 0x2820, 0x1C00, 0x1400, 0x2952,
    0x2133, 0x44C4, 0x3483, 0x1800, 0x48C6, 0x4CE6, 0x48C5, 0x40C4,
    0x0841, 0x2974, 0x2553, 0x50E6, 0x4CC6, 0x4CE7, 0x5107, 0x1C01,
    0x1442, 0x1462, 0x2D30, 0x2D53, 0x2112, 0x5D48, 0x5527, 0x5507,
    0x2D72, 0x2D73, 0x2554, 0x2132, 0x5106, 0x2D4D, 0x2973, 0x2D95,
    0x2976, 0x2534, 0x2932, 0x4529, 0x3591, 0x2130, 0x2D97, 0x31B7,
    0x2513, 0x3862, 0x3171, 0x31B8, 0x3990, 0x40E5, 0x41D2, 0x3193,
    0x2131, 0x5928, 0x5927, 0x3DD2, 0x4216, 0x6168, 0x5526, 0x4A38,
    0x31B5, 0x35D8, 0x2CC5, 0x30C5, 0x5D47, 0x40A3, 0x41F8, 0x39F9,
    0x2083, 0x1C83, 0x5589, 0x5D89, 0x6589, 0x69A9, 0x6167, 0x5506,
    0x421A, 0x1D0F, 0x14A5, 0x4549, 0x59CB, 0x65AA, 0x48A3, 0x3020,
    0x3DD5, 0x39FA, 0x31D7, 0x456A, 0x59AB, 0x39B2, 0x4639,
};
static const uint16_t pal_YKMUGA_P[] = {
    0x00FE, 0x4814, 0x54A5, 0x4063, 0x4842, 0x594A, 0x3C00, 0x3800,
    0x3000, 0x2C00, 0x2800, 0x3400, 0x3C62, 0x5547, 0x65C9, 0x65A9,
    0x69A8, 0x65A8, 0x69C9, 0x71E9, 0x6DC9, 0x71EA, 0x760A, 0x760B,
    0x720B, 0x720A, 0x6DE9, 0x69C8, 0x69A9, 0x6588, 0x4463, 0x2400,
    0x3C83, 0x5968, 0x61A8, 0x5D87, 0x6587, 0x6DC8, 0x5D67, 0x6188,
    0x4863, 0x4C42, 0x5D4A, 0x3882, 0x6187, 0x6988, 0x6167, 0x5D66,
    0x58A5, 0x4C63, 0x5042, 0x5D8C, 0x4442, 0x3862, 0x69A7, 0x6DEA,
    0x6DA8, 0x598C, 0x3C63, 0x4000, 0x5967, 0x65A7, 0x69C7, 0x5546,
    0x71C9, 0x6166, 0x6586, 0x5945, 0x2000, 0x61A7, 0x6186, 0x5D46,
    0x5946, 0x50A5, 0x3863, 0x3C82, 0x5D88, 0x5D47, 0x5925, 0x1400,
    0x1800, 0x1C00, 0x5989, 0x5DA9, 0x61A9, 0x5988, 0x5926, 0x5505,
    0x5525, 0x5126, 0x4D46, 0x4505, 0x4CA5, 0x558A, 0x5DCB, 0x61ED,
    0x6A2F, 0x5DED, 0x59AC, 0x6210, 0x7292, 0x61CB, 0x6589, 0x5504,
    0x5125, 0x4D26, 0x4526, 0x3D05, 0x30E4, 0x2CC4, 0x3883, 0x4D68,
    0x51A9, 0x5E0D, 0x6A70, 0x7F59, 0x7AD3, 0x7291, 0x5567, 0x3D26,
    0x34E5, 0x28C4, 0x20A3, 0x1CA3, 0x1863, 0x4967, 0x55E9, 0x5E0B,
    0x7B13, 0x72D1, 0x6E6F, 0x7AB0, 0x5146, 0x5166, 0x30E5, 0x24C4,
    0x1461, 0x1041, 0x38C3, 0x4567, 0x6A2D, 0x4D67, 0x4D47, 0x28C3,
    0x1CA4, 0x1883, 0x1462, 0x1062, 0x1061, 0x38E5, 0x3526, 0x4568,
    0x45A9, 0x2CE4, 0x28E4, 0x18A4, 0x4884, 0x3062, 0x30E6, 0x28C5,
    0x1C83, 0x1483, 0x20C5, 0x20A6, 0x1884, 0x20E6, 0x1CC5, 0x18A3,
    0x2507, 0x28E8, 0x2D29, 0x314A, 0x3169, 0x316A, 0x2907, 0x1C85,
    0x2484, 0x2D08, 0x5271, 0x35AB, 0x4A2F, 0x356A, 0x2928, 0x39AD,
    0x4A11, 0x354B, 0x4400, 0x1882, 0x4800, 0x4C00, 0x5400, 0x5000,
    0x1482, 0x5084, 0x1463, 0x5063, 0x5484, 0x5DAD, 0x316B, 0x5CC6,
    0x20E5, 0x2908, 0x2D28, 0x50E7, 0x50C6, 0x4CE7, 0x59CE, 0x5108,
    0x5DCE, 0x4D08, 0x554A, 0x5DEF, 0x4484, 0x3421, 0x61EF, 0x2821,
    0x1000, 0x5529, 0x596B, 0x5129, 0x44E7, 0x3484, 0x2C42, 0x2842,
    0x2421, 0x2C21, 0x2021, 0x3021, 0x3821, 0x5D6B, 0x6252, 0x516B,
    0x4929, 0x40E7, 0x3CC6, 0x38C6, 0x40C6, 0x44C6, 0x44A5, 0x4C84,
    0x7318, 0x6294, 0x6231, 0x5A10, 0x59EF, 0x618C, 0x6AB5, 0x48A5,
    0x5463, 0x5863, 0x6A73, 0x556B, 0x48E7, 0x48C6, 0x59AD,
};
static const uint16_t pal_YKMUGB_P[] = {
    0x0080, 0x4814, 0x6588, 0x5D67, 0x5967, 0x5588, 0x5168, 0x4968,
    0x3527, 0x24C4, 0x1C83, 0x1462, 0x1883, 0x20C5, 0x1CA4, 0x24E5,
    0x1483, 0x1800, 0x1C00, 0x2400, 0x2C00, 0x3000, 0x1400, 0x5D88,
    0x6188, 0x5567, 0x5568, 0x4D68, 0x4547, 0x3D48, 0x2CE5, 0x20C4,
    0x1C82, 0x1882, 0x1041, 0x1461, 0x1862, 0x1863, 0x1884, 0x1CA5,
    0x1463, 0x1062, 0x2800, 0x1000, 0x5547, 0x5189, 0x4527, 0x34E5,
    0x30E6, 0x24C5, 0x5966, 0x5947, 0x5127, 0x4D47, 0x3D06, 0x3506,
    0x28C5, 0x1482, 0x1042, 0x2000, 0x5D66, 0x5968, 0x5148, 0x1C84,
    0x4948, 0x3D27, 0x1441, 0x3400, 0x5D46, 0x5988, 0x4548, 0x3106,
    0x0C41, 0x1061, 0x5587, 0x4568, 0x20A4, 0x5D87, 0x5167, 0x4D67,
    0x3926, 0x24A3, 0x3149, 0x3800, 0x4505, 0x3D26, 0x3105, 0x28C4,
    0x1CA3, 0x0C21, 0x14A3, 0x1CC5, 0x1443, 0x1843, 0x0821, 0x0C62,
    0x1442, 0x1842, 0x1C42, 0x3C00, 0x18A4, 0x2928, 0x20A5, 0x2907,
    0x2906, 0x20E5, 0x24E6, 0x1864, 0x4000, 0x4463, 0x4063, 0x4863,
    0x4800, 0x4400, 0x4C00, 0x5000, 0x598C, 0x5D8C, 0x5D4A, 0x594A,
    0x614A, 0x5D29, 0x5929, 0x5508, 0x50A5, 0x34A5, 0x58A5, 0x54A5,
    0x4CA5,
};
static const uint16_t pal_YKMUGC_P[] = {
    0x00FF, 0x4814, 0x50A5, 0x3C42, 0x4042, 0x554A, 0x3800, 0x2C00,
    0x2800, 0x3400, 0x3000, 0x1C00, 0x2400, 0x69C9, 0x6DEA, 0x71EA,
    0x760B, 0x7E6D, 0x764D, 0x6E0B, 0x6E0C, 0x762C, 0x61A9, 0x5125,
    0x5968, 0x5547, 0x5946, 0x5D88, 0x5926, 0x5D46, 0x6166, 0x6588,
    0x6DC9, 0x6587, 0x720B, 0x7A2C, 0x7E8F, 0x7EB0, 0x7ED1, 0x7E6E,
    0x7E6C, 0x7E4D, 0x7A4D, 0x594A, 0x3C00, 0x1800, 0x2000, 0x720A,
    0x7A4C, 0x69EA, 0x764F, 0x69CA, 0x6189, 0x5525, 0x5104, 0x5D67,
    0x61A8, 0x7690, 0x69A9, 0x6DCA, 0x6DE9, 0x7A4E, 0x762B, 0x5168,
    0x4526, 0x3CC4, 0x3CA2, 0x44A2, 0x44C3, 0x48E3, 0x65A8, 0x71EC,
    0x69AA, 0x6186, 0x71CA, 0x7EF2, 0x7E2C, 0x69A8, 0x71E9, 0x7A2D,
    0x65CB, 0x40C4, 0x61AA, 0x5126, 0x4D05, 0x44A0, 0x5D66, 0x75EA,
    0x7A0B, 0x4000, 0x69C8, 0x7A6F, 0x7670, 0x59AA, 0x3861, 0x6168,
    0x3D26, 0x2C83, 0x2C62, 0x3061, 0x6D88, 0x7A0C, 0x7E2D, 0x7E6F,
    0x7E4E, 0x79EB, 0x7E0C, 0x4842, 0x4C00, 0x1400, 0x5105, 0x71EB,
    0x5504, 0x6DEC, 0x69CB, 0x4CE4, 0x4442, 0x4062, 0x7A4F, 0x7735,
    0x76D1, 0x48A2, 0x6586, 0x5505, 0x5925, 0x6DEB, 0x7F98, 0x6DA8,
    0x50E4, 0x6DA9, 0x75EB, 0x58A5, 0x5967, 0x6187, 0x7F55, 0x6988,
    0x5D87, 0x5966, 0x65A7, 0x7A2E, 0x762E, 0x5524, 0x65A9, 0x5D47,
    0x6188, 0x5945, 0x760A, 0x7A8D, 0x7B12, 0x61A7, 0x5545, 0x7609,
    0x65C8, 0x6DC8, 0x5947, 0x3062, 0x30C3, 0x4505, 0x5589, 0x4927,
    0x4D89, 0x5E0C, 0x55AB, 0x59CB, 0x3CA4, 0x3105, 0x2083, 0x45AB,
    0x5A72, 0x3549, 0x24A4, 0x496A, 0x34A2, 0x6690, 0x6AF3, 0x6F37,
    0x354A, 0x394A, 0x6F59, 0x77BC, 0x6A2E, 0x50E3, 0x2D06, 0x1CA2,
    0x5271, 0x779A, 0x5691, 0x41CB, 0x5DC9, 0x6165, 0x69A7, 0x55CB,
    0x66B2, 0x6F57, 0x7379, 0x4A2F, 0x5ED5, 0x3946, 0x6AF5, 0x66D5,
    0x4884, 0x3545, 0x20C0, 0x7FFD, 0x5E70, 0x4D03, 0x7BBA, 0x7FFE,
    0x6737, 0x5630, 0x34E5, 0x4147, 0x2CC3, 0x4DCB, 0x5503, 0x722B,
    0x3D03, 0x34E1, 0x41A6, 0x7796, 0x7799, 0x4947, 0x4D45, 0x660B,
    0x3CC3, 0x662E, 0x55A7, 0x5E0B, 0x4968, 0x3D05, 0x69EB, 0x30E6,
    0x7A6D, 0x5124, 0x24C4, 0x2462, 0x2861, 0x620C, 0x2C21, 0x2CA4,
    0x34A1, 0x3507, 0x61ED, 0x2CE5, 0x1C63, 0x54A5, 0x7E4C, 0x6E4F,
    0x5E0F, 0x4DAC, 0x3D08, 0x38E6, 0x4063, 0x5DEC, 0x4463, 0x7A6E,
};
static const uint16_t pal_YKMUGD_P[] = {
    0x00FE, 0x4814, 0x7A4D, 0x7E6E, 0x7E4D, 0x7E4E, 0x7E6F, 0x7E90,
    0x7EB1, 0x7A70, 0x7A6F, 0x7E8F, 0x722C, 0x7E8E, 0x7E6D, 0x762B,
    0x6DEA, 0x65A9, 0x5947, 0x6DEB, 0x764E, 0x4CE5, 0x3840, 0x4CA3,
    0x54E5, 0x5925, 0x69A8, 0x7E91, 0x65EC, 0x5189, 0x7757, 0x41CC,
    0x1884, 0x20C5, 0x1882, 0x1862, 0x1C62, 0x2400, 0x2800, 0x3800,
    0x3400, 0x2C00, 0x1C00, 0x1800, 0x1400, 0x1000, 0x7A6E, 0x7EB2,
    0x7A4E, 0x720C, 0x6188, 0x6589, 0x6DCB, 0x69EC, 0x3C62, 0x5926,
    0x69AA, 0x5DA9, 0x4127, 0x7336, 0x5230, 0x1CA4, 0x20C6, 0x1863,
    0x1C61, 0x2000, 0x4000, 0x3C00, 0x3000, 0x7ED1, 0x7ED2, 0x762D,
    0x71EB, 0x69CA, 0x65EB, 0x6127, 0x720D, 0x5126, 0x4525, 0x4A0E,
    0x7EB0, 0x7A91, 0x69CB, 0x6168, 0x5D68, 0x71EC, 0x6E0C, 0x6189,
    0x72B1, 0x6588, 0x6167, 0x44C3, 0x3D04, 0x6EF3, 0x41AB, 0x20A3,
    0x24E5, 0x1C83, 0x7E4C, 0x7A90, 0x722D, 0x61AA, 0x7A2E, 0x76F5,
    0x38A2, 0x6EF4, 0x3D48, 0x1C84, 0x1C82, 0x61A9, 0x6E0D, 0x40A3,
    0x4D28, 0x6EB3, 0x40E5, 0x3881, 0x4D68, 0x66B2, 0x2CE5, 0x1883,
    0x7E2C, 0x7E2B, 0x7A0A, 0x7A2B, 0x7A2C, 0x5568, 0x4D26, 0x5547,
    0x7670, 0x4D47, 0x5DEC, 0x7779, 0x4D49, 0x3CC3, 0x6A91, 0x5E91,
    0x24C5, 0x7A0C, 0x79EA, 0x7E0B, 0x7E0A, 0x7A4C, 0x7AB0, 0x4925,
    0x660D, 0x5DAA, 0x558A, 0x6651, 0x55CE, 0x59CE, 0x779A, 0x3106,
    0x7A0B, 0x71EA, 0x760A, 0x7A8E, 0x6A0D, 0x4D48, 0x62B1, 0x66F5,
    0x3D8A, 0x1CA3, 0x75C9, 0x75EA, 0x7EAF, 0x7A8F, 0x7AB1, 0x6A2D,
    0x4547, 0x3906, 0x34E5, 0x20A4, 0x24E6, 0x1483, 0x2061, 0x75CA,
    0x71A8, 0x6A0C, 0x30E6, 0x2CE6, 0x1462, 0x1463, 0x65A8, 0x69C9,
    0x6DE9, 0x6E2D, 0x3927, 0x2081, 0x69EA, 0x722B, 0x764C, 0x6E2E,
    0x3926, 0x6E0B, 0x7A6D, 0x7E6C, 0x7A2A, 0x5DCB, 0x4D89, 0x65C7,
    0x6E4B, 0x3D27, 0x2D07, 0x1482, 0x1CC5, 0x69C8, 0x720A, 0x7609,
    0x762C, 0x720B, 0x69E9, 0x762A, 0x20E6, 0x20E5, 0x660B, 0x2507,
    0x2908, 0x24E7, 0x1461, 0x7A4B, 0x1484, 0x1CA5, 0x1CC6, 0x18A4,
    0x1062, 0x760B, 0x5587, 0x4D69, 0x3907, 0x3149, 0x2D48, 0x4949,
    0x20C4, 0x24C6, 0x5E0B, 0x55CA, 0x498A, 0x18A3, 0x1C63, 0x5525,
    0x6587, 0x4568, 0x3928, 0x5945, 0x75EB, 0x65C9, 0x28A4, 0x6DC9,
    0x768F, 0x24C4, 0x4968, 0x1063, 0x6DC8, 0x3D47, 0x4948,
};
static const uint16_t pal_YKMUGE_P[] = {
    0x00FC, 0x4814, 0x4063, 0x3000, 0x3821, 0x4CA5, 0x3400, 0x2800,
    0x2400, 0x2821, 0x34C5, 0x3506, 0x30E5, 0x2CA4, 0x34E6, 0x30C4,
    0x30A4, 0x34C4, 0x38C4, 0x38C5, 0x38E5, 0x4127, 0x4463, 0x3C21,
    0x3800, 0x2000, 0x2C42, 0x30E4, 0x2CA3, 0x30C5, 0x38E6, 0x3D06,
    0x2CC4, 0x34C3, 0x38E4, 0x4106, 0x3CE5, 0x40E6, 0x3CE6, 0x2C00,
    0x34E4, 0x3CC4, 0x40E5, 0x3CC5, 0x4105, 0x34E5, 0x4506, 0x4505,
    0x4527, 0x4526, 0x1C00, 0x3D05, 0x3CE4, 0x4906, 0x44E5, 0x4D06,
    0x4907, 0x40C4, 0x4D27, 0x4D26, 0x4905, 0x48A5, 0x2C41, 0x40E4,
    0x4D47, 0x5147, 0x4D05, 0x28A4, 0x5148, 0x5127, 0x5126, 0x5106,
    0x5527, 0x50A5, 0x3CA4, 0x5548, 0x5526, 0x4507, 0x4528, 0x4107,
    0x5146, 0x5547, 0x5968, 0x5568, 0x3483, 0x4927, 0x4926, 0x5167,
    0x5D89, 0x5947, 0x5948, 0x3462, 0x5589, 0x5DAA, 0x5168, 0x5989,
    0x5D68, 0x5967, 0x5D88, 0x5567, 0x2C21, 0x5988, 0x5969, 0x4021,
    0x5587, 0x59A8, 0x65EB, 0x65CB, 0x61AA, 0x5D69, 0x50E7, 0x3061,
    0x61CA, 0x65CA, 0x61A8, 0x69E9, 0x69C9, 0x65A9, 0x6189, 0x61A9,
    0x5DA9, 0x4042, 0x65EC, 0x660E, 0x6E4F, 0x7270, 0x6E2E, 0x766E,
    0x764D, 0x69A9, 0x65A8, 0x6587, 0x65AA, 0x69EB, 0x6E2C, 0x724D,
    0x7E8F, 0x76AF, 0x7EB0, 0x7690, 0x720C, 0x69EA, 0x6DEB, 0x6DC9,
    0x6188, 0x6E0C, 0x6A0A, 0x724C, 0x6E0B, 0x6A0B, 0x69A8, 0x6588,
    0x69CA, 0x65C9, 0x3C42, 0x5546, 0x5D67, 0x65C8, 0x6E0A, 0x720B,
    0x764C, 0x722C, 0x6E2B, 0x722D, 0x4CE7, 0x5946, 0x6DEA, 0x722B,
    0x760B, 0x6DCA, 0x5D66, 0x6167, 0x6187, 0x71E9, 0x71EA, 0x6DEC,
    0x5125, 0x69C8, 0x762C, 0x71CA, 0x44A5, 0x4D25, 0x6DE9, 0x7A4D,
    0x7A6E, 0x760C, 0x71EB, 0x554A, 0x5525, 0x5D87, 0x61A7, 0x720A,
    0x7E6E, 0x7A2D, 0x6DA7, 0x5DA8, 0x61C9, 0x5566, 0x762D, 0x7E4D,
    0x1800, 0x3CA3, 0x40C3, 0x7E4E, 0x7A4C, 0x760A, 0x3CC3, 0x6DC8,
    0x61CB, 0x69CB, 0x4CE4, 0x5105, 0x7A2C, 0x5D47, 0x69AA, 0x6589,
    0x71EC, 0x658A, 0x44C4, 0x7E6F, 0x7A4E, 0x1400, 0x5966, 0x6E2D,
    0x3861, 0x40A3, 0x7A2B, 0x762B, 0x65A7, 0x61EB, 0x5DCB, 0x4547,
    0x4548, 0x38E7, 0x4484, 0x4D04, 0x69C7, 0x6E09, 0x766C, 0x6E4D,
    0x4D68, 0x44C5, 0x5D46, 0x7A6F, 0x75EA, 0x6168, 0x7E2C, 0x766D,
    0x5926, 0x5545, 0x7E6D, 0x7E6C, 0x7A6D,
};
static const uint16_t pal_YKMUGF_P[] = {
    0x00FE, 0x4814, 0x4527, 0x3507, 0x524F, 0x6F5A, 0x5693, 0x1CC5,
    0x1483, 0x1463, 0x1862, 0x2CE5, 0x6718, 0x737B, 0x7FFE, 0x7FFF,
    0x779C, 0x56B7, 0x673A, 0x6F9D, 0x5B1A, 0x56D8, 0x2D6C, 0x5ED7,
    0x41F1, 0x358F, 0x7FDD, 0x7BBD, 0x5631, 0x45CD, 0x2C85, 0x2443,
    0x1400, 0x1000, 0x34E5, 0x3549, 0x1063, 0x20A3, 0x396A, 0x5A93,
    0x7BDE, 0x4A31, 0x2929, 0x5EB4, 0x1C83, 0x24C5, 0x28E6, 0x4DEE,
    0x7FDE, 0x6B17, 0x6272, 0x3CE7, 0x2800, 0x2C00, 0x2400, 0x2000,
    0x1800, 0x1883, 0x1062, 0x1484, 0x20A4, 0x6737, 0x6B3A, 0x4611,
    0x5695, 0x1884, 0x1865, 0x1465, 0x1423, 0x28A6, 0x3D48, 0x4DED,
    0x66F3, 0x7B99, 0x6EF5, 0x6693, 0x4928, 0x3400, 0x1C00, 0x1CC7,
    0x24E9, 0x252A, 0x5672, 0x520F, 0x3D27, 0x3800, 0x1462, 0x316C,
    0x62F7, 0x56B8, 0x296E, 0x35B0, 0x4E54, 0x292A, 0x18A6, 0x20EA,
    0x1466, 0x5ED3, 0x3D89, 0x34E6, 0x1042, 0x1486, 0x7BDF, 0x739B,
    0x6F7C, 0x4D27, 0x3D28, 0x5274, 0x398C, 0x24C7, 0x3DEF, 0x45EF,
    0x3000, 0x5126, 0x5547, 0x5148, 0x4548, 0x4528, 0x4E73, 0x6B38,
    0x5589, 0x4D89, 0x498A, 0x7BFF, 0x292C, 0x3DAE, 0x2C63, 0x5967,
    0x5D88, 0x55AA, 0x5AD8, 0x314A, 0x5968, 0x5D87, 0x59CA, 0x55CB,
    0x458A, 0x2D07, 0x460F, 0x4000, 0x61A8, 0x65CA, 0x0C65, 0x20A7,
    0x660B, 0x660D, 0x5E2F, 0x1CE9, 0x2109, 0x65C9, 0x69EA, 0x6E0B,
    0x662E, 0x624F, 0x777C, 0x77BE, 0x4E95, 0x4A32, 0x6F59, 0x6A0C,
    0x6E4E, 0x6A70, 0x5E71, 0x722D, 0x724E, 0x6E91, 0x6AB2, 0x5F18,
    0x764D, 0x722C, 0x766F, 0x76B2, 0x3D47, 0x35AC, 0x69E9, 0x764E,
    0x7A6F, 0x7690, 0x55CC, 0x4969, 0x4A35, 0x5ED5, 0x7E8F, 0x7EB1,
    0x7E90, 0x5DAB, 0x720C, 0x720B, 0x7A6E, 0x7A4D, 0x7EF2, 0x65AA,
    0x5670, 0x762D, 0x766E, 0x6DEC, 0x1CA3, 0x1C82, 0x7EB2, 0x762E,
    0x7F14, 0x7F13, 0x7E6F, 0x7A90, 0x4D47, 0x38E5, 0x7A4E, 0x7E6E,
    0x7EB0, 0x7ED1, 0x65ED, 0x7AB0, 0x7A4F, 0x4CE5, 0x5927, 0x764F,
    0x7670, 0x69A9, 0x6187, 0x726F, 0x1882, 0x7AB1, 0x7E4E, 0x6167,
    0x760C, 0x71EC, 0x6168, 0x6671, 0x3128, 0x7A70, 0x7A2D, 0x5525,
    0x76F4, 0x762C, 0x5DED, 0x7315, 0x1861, 0x7E91, 0x69AA, 0x50E5,
    0x44A1, 0x54E3, 0x2506, 0x720D, 0x5D6A, 0x3C61, 0x4C83, 0x5D25,
    0x7716, 0x768F, 0x58E4, 0x6126, 0x7A91, 0x69EE, 0x4482,
};
static const uint16_t pal_YKMUGG_P[] = {
    0x00FE, 0x4814, 0x20A4, 0x1400, 0x1464, 0x18A5, 0x2509, 0x1084,
    0x1CC7, 0x1484, 0x1041, 0x1884, 0x1C84, 0x18A4, 0x14A6, 0x14A5,
    0x1483, 0x1063, 0x1062, 0x2C00, 0x2000, 0x1CE8, 0x1841, 0x1CA4,
    0x1CC5, 0x294A, 0x20E8, 0x2D6B, 0x20C6, 0x3400, 0x1C00, 0x35AD,
    0x0C21, 0x2483, 0x20C5, 0x0422, 0x2D4A, 0x3C63, 0x2800, 0x316B,
    0x4210, 0x296B, 0x2CA4, 0x30C4, 0x2CC4, 0x294B, 0x3DCF, 0x41CF,
    0x1886, 0x39AE, 0x3821, 0x3063, 0x3D6B, 0x356C, 0x292A, 0x28E7,
    0x2840, 0x34C3, 0x3CC4, 0x3D26, 0x3949, 0x2D29, 0x35AF, 0x5695,
    0x5EF7, 0x6739, 0x4063, 0x30E6, 0x4A31, 0x56B6, 0x4E53, 0x2041,
    0x3861, 0x4D05, 0x5147, 0x4D47, 0x4968, 0x458A, 0x6F5A, 0x739C,
    0x7BDE, 0x7FFF, 0x7BDF, 0x4A32, 0x77BD, 0x6F7C, 0x39D1, 0x2400,
    0x5252, 0x6F9C, 0x737C, 0x40C3, 0x4D26, 0x398D, 0x5EF8, 0x77BE,
    0x5EB6, 0x10A5, 0x1463, 0x7FDE, 0x3000, 0x5274, 0x44E4, 0x5546,
    0x5167, 0x4169, 0x3D8B, 0x4654, 0x2D6D, 0x4E93, 0x737B, 0x62F8,
    0x6F3A, 0x6AF7, 0x1885, 0x20A6, 0x44A5, 0x4632, 0x4E2F, 0x2883,
    0x3461, 0x5547, 0x5146, 0x5693, 0x5AB5, 0x41CD, 0x1485, 0x1864,
    0x7BBD, 0x62F7, 0x460F, 0x35D0, 0x5276, 0x1043, 0x3CA1, 0x5967,
    0x5568, 0x4589, 0x779C, 0x0C63, 0x0421, 0x1042, 0x0824, 0x1066,
    0x252B, 0x1CA5, 0x4652, 0x6B39, 0x4DEE, 0x4CE4, 0x4D8A, 0x1D0B,
    0x0C66, 0x4E94, 0x4695, 0x673A, 0x52D8, 0x2DB0, 0x0C64, 0x4E75,
    0x48A5, 0x5589, 0x1883, 0x2462, 0x51EF, 0x5566, 0x5587, 0x4D89,
    0x739D, 0x14C8, 0x396C, 0x5567, 0x49AC, 0x1085, 0x41F1, 0x49F0,
    0x5232, 0x4128, 0x5525, 0x5E93, 0x779D, 0x5F18, 0x30A5, 0x7318,
    0x5125, 0x5A71, 0x77BC, 0x41AD, 0x34C4, 0x48E3, 0x5651, 0x31CF,
    0x2C62, 0x7B9B, 0x5126, 0x55CB, 0x4DCD, 0x3129, 0x7FDF, 0x7BFF,
    0x77FF, 0x3549, 0x38A3, 0x55AB, 0x6717, 0x5D88, 0x4DCB, 0x739B,
    0x5DAA, 0x55EC, 0x1863, 0x7BBE, 0x2021, 0x2020, 0x40A3, 0x5105,
    0x2420, 0x30A3, 0x4505, 0x59EC, 0x2421, 0x1462, 0x2D27, 0x7FFE,
    0x4E51, 0x456A, 0x1442, 0x3421, 0x0445, 0x5505, 0x5926, 0x38C3,
    0x6167, 0x5D68, 0x4527, 0x5524, 0x61A9, 0x38A4, 0x34A4, 0x65C9,
    0x5ED5, 0x30A4, 0x34C5, 0x5945, 0x34E5, 0x5545, 0x5D87, 0x5230,
    0x7FDD, 0x65CA, 0x5DCB, 0x5E0D, 0x622D, 0x5A0E, 0x30E5,
};
static const uint16_t pal_YKMUGH_P[] = {
    0x00FE, 0x4814, 0x1062, 0x1000, 0x1084, 0x1CC6, 0x1CE7, 0x18C6,
    0x18A5, 0x1484, 0x1064, 0x14A5, 0x1063, 0x1042, 0x1043, 0x1044,
    0x0C44, 0x1485, 0x2108, 0x1CE6, 0x1083, 0x2529, 0x1CC7, 0x0824,
    0x1085, 0x20E8, 0x41CF, 0x20E7, 0x18A6, 0x3DEF, 0x4210, 0x41F0,
    0x358C, 0x292A, 0x2D4B, 0x316B, 0x0844, 0x2D4C, 0x56B6, 0x6739,
    0x4E53, 0x1464, 0x6318, 0x5695, 0x5AB5, 0x2929, 0x5253, 0x294A,
    0x358E, 0x779D, 0x7FDF, 0x7FFF, 0x7BBD, 0x1463, 0x1443, 0x1864,
    0x1865, 0x312A, 0x1465, 0x356C, 0x62F7, 0x6F5A, 0x6B18, 0x356A,
    0x1884, 0x7BBE, 0x739D, 0x6B5A, 0x1863, 0x6B39, 0x77BC, 0x24C6,
    0x24E6, 0x1483, 0x5674, 0x7BDE, 0x739C, 0x2D6B, 0x4E11, 0x5EF7,
    0x0C64, 0x18A4, 0x28E9, 0x77BD, 0x5AD6, 0x6F5B, 0x0864, 0x0443,
    0x1D29, 0x635A, 0x1444, 0x1C65, 0x354B, 0x24C7, 0x5ED6, 0x1065,
    0x0423, 0x0C43, 0x2507, 0x779C, 0x20E6, 0x6B5B, 0x250A, 0x0C45,
    0x14A6, 0x5ED8, 0x6B3A, 0x4630, 0x24A6, 0x2508, 0x1844, 0x1885,
    0x6718, 0x5EB6, 0x4633, 0x777C, 0x6B19, 0x1C85, 0x420F, 0x314B,
    0x7BDF, 0x6F7B, 0x2528, 0x398D, 0x1C84, 0x3DAE, 0x5293, 0x62F8,
    0x2109, 0x1843, 0x7FDE, 0x737B, 0x396B, 0x1C64, 0x41AD, 0x0C21,
    0x5272, 0x3569, 0x1883, 0x5AD5, 0x0C66, 0x673A, 0x4E32, 0x4611,
    0x358B, 0x4631, 0x5273, 0x5AD7, 0x4E95, 0x5653, 0x0C23, 0x4A54,
    0x2509, 0x5672, 0x1CA5, 0x2D4A, 0x1045, 0x356B, 0x1CA4, 0x1466,
    0x3DD0, 0x6719, 0x316E, 0x39B0, 0x6319, 0x1CE8, 0x20C7, 0x49F0,
    0x77BE, 0x28A6, 0x1023, 0x2064, 0x5ED7, 0x3D6C, 0x24E7, 0x1C63,
    0x2085, 0x3127, 0x5A93, 0x5252, 0x1462, 0x1862, 0x45CD, 0x7FFE,
    0x3DAB, 0x0C65, 0x292D, 0x6F39, 0x392A, 0x6F7C, 0x7B9C, 0x1442,
    0x28E6, 0x1461, 0x1CEA, 0x4A35, 0x24C5, 0x4610, 0x6AF7, 0x0C41,
    0x7BBC, 0x6F37, 0x5651, 0x3949, 0x0865, 0x0845, 0x214C, 0x212C,
    0x7337, 0x7359, 0x4211, 0x6F7A, 0x2907, 0x7BFF, 0x5632, 0x4653,
    0x5F19, 0x0424, 0x5673, 0x30E7, 0x45F2, 0x5652, 0x1021, 0x2063,
    0x28C5, 0x779B, 0x3129, 0x41AB, 0x6B38, 0x1800, 0x1C62, 0x4A0F,
    0x6F59, 0x20A3, 0x3928, 0x49CD, 0x5E71, 0x66D5, 0x5E72, 0x5631,
    0x7738, 0x28A5, 0x6B7B, 0x3E12, 0x56F9, 0x4675, 0x4E76, 0x77FF,
    0x6F9E, 0x5F3A, 0x4EB8, 0x3E15, 0x2D90, 0x1D2D, 0x1400,
};
static const uint16_t pal_BHMUGA_P[] = {
    0x00FD, 0x4814, 0x2573, 0x1D0E, 0x2572, 0x39F7, 0x2551, 0x1CED,
    0x190D, 0x18EC, 0x18EB, 0x190C, 0x1D0D, 0x212F, 0x2151, 0x2D07,
    0x1CA4, 0x24E6, 0x20A4, 0x1441, 0x1440, 0x1841, 0x2840, 0x3CC3,
    0x4D44, 0x766D, 0x728F, 0x7F54, 0x7F13, 0x7EF2, 0x7B34, 0x76B2,
    0x662E, 0x51AA, 0x4527, 0x4924, 0x40E2, 0x620C, 0x726E, 0x7690,
    0x76F4, 0x6A2D, 0x7EF5, 0x6E50, 0x5DEE, 0x51AC, 0x30E6, 0x2462,
    0x2862, 0x498A, 0x3549, 0x24C5, 0x1463, 0x1462, 0x1483, 0x1883,
    0x0C21, 0x1CC4, 0x358B, 0x3D8B, 0x28E6, 0x3106, 0x562F, 0x5DEC,
    0x3D49, 0x210B, 0x190B, 0x18EA, 0x1D0B, 0x1D2E, 0x1D0C, 0x1CEC,
    0x1D2D, 0x14C9, 0x1087, 0x10A7, 0x1085, 0x1D30, 0x14CA, 0x214F,
    0x1D0A, 0x1442, 0x2C81, 0x4103, 0x5567, 0x660B, 0x7AF1, 0x55CC,
    0x38E5, 0x38A4, 0x34A2, 0x5568, 0x61CA, 0x61C9, 0x6A4D, 0x5DC9,
    0x6A4E, 0x4D8C, 0x2CA5, 0x49CD, 0x1CA3, 0x396A, 0x1C83, 0x3128,
    0x24A3, 0x28A3, 0x520D, 0x210C, 0x1CEB, 0x1D0F, 0x2552, 0x3080,
    0x4505, 0x7AB0, 0x76D2, 0x6A2E, 0x4D69, 0x3D28, 0x28C5, 0x30C4,
    0x5DEB, 0x55CA, 0x4D47, 0x55A9, 0x624F, 0x4E0F, 0x1041, 0x1882,
    0x2D28, 0x45AC, 0x354A, 0x1862, 0x212C, 0x190E, 0x10A6, 0x1D2F,
    0x1D4E, 0x14EC, 0x18A8, 0x18C9, 0x1021, 0x3D05, 0x51EE, 0x2481,
    0x4147, 0x3D27, 0x3947, 0x1042, 0x418B, 0x2150, 0x212E, 0x14A7,
    0x18ED, 0x1CEA, 0x18CA, 0x4988, 0x4568, 0x5250, 0x49EE, 0x49EA,
    0x3923, 0x292D, 0x2550, 0x2570, 0x18CB, 0x1086, 0x190A, 0x1C82,
    0x45CC, 0x4DC8, 0x210E, 0x2130, 0x35F6, 0x18C6, 0x5A92, 0x4A0C,
    0x20EB, 0x18CC, 0x14A8, 0x35D5, 0x1422, 0x3505, 0x1D2C, 0x1040,
    0x314C, 0x2972, 0x41CE, 0x62B4, 0x252C, 0x210D, 0x1063, 0x3D8C,
    0x24E3, 0x45CB, 0x3988, 0x252D, 0x2571, 0x212D, 0x4E30, 0x1CEE,
    0x2171, 0x0C41, 0x2506, 0x0C42, 0x1D50, 0x1464, 0x1461, 0x3147,
    0x1062, 0x2993, 0x2DB4, 0x2D2A, 0x18A3, 0x2994, 0x2508, 0x460E,
    0x2D49, 0x2864, 0x38C7, 0x2D94, 0x4238, 0x24E8, 0x210F, 0x1CA7,
    0x20EC, 0x2995, 0x20A6, 0x5210, 0x5E52, 0x5A31, 0x5A94, 0x2553,
    0x252F, 0x2152, 0x2D4F, 0x28C3, 0x1487, 0x1CCB, 0x31B5, 0x4259,
    0x3A17, 0x4EBB, 0x4A79, 0x2971, 0x0C66, 0x0C87, 0x675C, 0x5ADC,
    0x4A99, 0x2DB6, 0x2DB5, 0x31B6, 0x39F8, 0x3A18,
};
static const uint16_t pal_BHMUGB_P[] = {
    0x00FB, 0x4814, 0x2552, 0x2553, 0x2994, 0x1D2F, 0x190C, 0x18EC,
    0x18EA, 0x18EB, 0x14EB, 0x18C9, 0x14CA, 0x1041, 0x1C83, 0x1462,
    0x2CC5, 0x1C20, 0x2861, 0x4106, 0x4548, 0x38E5, 0x3D28, 0x5A30,
    0x6EB2, 0x620D, 0x59A8, 0x65EB, 0x5966, 0x69E9, 0x7AB0, 0x7F13,
    0x7F55, 0x7F34, 0x7AD1, 0x7AD2, 0x7690, 0x724E, 0x7A91, 0x1D0E,
    0x2151, 0x212E, 0x1D0D, 0x1D2E, 0x1D0C, 0x1CEB, 0x18CA, 0x14EA,
    0x24C4, 0x1883, 0x1C84, 0x1441, 0x1461, 0x2062, 0x3907, 0x1CA3,
    0x3549, 0x6AF7, 0x6672, 0x34A2, 0x40A2, 0x5125, 0x61A8, 0x766F,
    0x7F35, 0x7EF3, 0x7F14, 0x7A90, 0x6E2D, 0x7AF2, 0x2573, 0x2551,
    0x2150, 0x2130, 0x1CEC, 0x1CA4, 0x1862, 0x1420, 0x2040, 0x3506,
    0x24C3, 0x1CA0, 0x2904, 0x62F4, 0x49ED, 0x3D8A, 0x2C83, 0x2820,
    0x3880, 0x7F56, 0x7EF2, 0x722D, 0x212D, 0x18CB, 0x1882, 0x1442,
    0x20A4, 0x34C5, 0x30E6, 0x2CA4, 0x3948, 0x2862, 0x48E2, 0x766E,
    0x7B35, 0x190D, 0x1D2D, 0x1483, 0x1062, 0x1863, 0x1841, 0x4D48,
    0x3CC3, 0x40E2, 0x6A0B, 0x7F33, 0x7FB8, 0x6E91, 0x7670, 0x6E2E,
    0x5948, 0x5547, 0x190B, 0x18C7, 0x1860, 0x14A7, 0x1CC5, 0x18A4,
    0x1042, 0x1463, 0x1884, 0x24A3, 0x3061, 0x4925, 0x768F, 0x61EC,
    0x5168, 0x4D26, 0x1C63, 0x1842, 0x1C42, 0x726E, 0x6E4E, 0x5588,
    0x5127, 0x2DB6, 0x1CED, 0x1D2C, 0x1C62, 0x38A4, 0x3CE6, 0x18ED,
    0x18A3, 0x61AB, 0x722F, 0x764F, 0x726F, 0x662F, 0x516A, 0x518B,
    0x1061, 0x4124, 0x5DEC, 0x5DEB, 0x724F, 0x7AB2, 0x5DEF, 0x55EE,
    0x498C, 0x1861, 0x6E4D, 0x724D, 0x7EAF, 0x7EB1, 0x7ED3, 0x7AB1,
    0x76F4, 0x14A8, 0x1C41, 0x7A6E, 0x7EB0, 0x7ED2, 0x14C9, 0x1C40,
    0x7ED1, 0x7F76, 0x7F77, 0x7F97, 0x7F15, 0x76F3, 0x18A8, 0x1C61,
    0x4D44, 0x59A7, 0x7F12, 0x7F96, 0x7FB7, 0x5DC9, 0x7334, 0x7F78,
    0x1CEA, 0x5565, 0x7A6D, 0x7F11, 0x7F32, 0x7F54, 0x7F75, 0x7B14,
    0x6EF2, 0x18EE, 0x3481, 0x7ECF, 0x7F53, 0x7F74, 0x7B96, 0x7FD9,
    0x7FDA, 0x61C8, 0x7EF1, 0x7F95, 0x7B33, 0x44C1, 0x76F1, 0x2C81,
    0x59AB, 0x4903, 0x6187, 0x7ED0, 0x44A1, 0x7EF0, 0x44E4, 0x28E6,
    0x76B2, 0x660B, 0x14CB, 0x2420, 0x7F57, 0x3CA2, 0x4D6A, 0x7AF4,
    0x3D05, 0x2572, 0x1CA5, 0x24E6, 0x2972, 0x39F7, 0x2550, 0x2D07,
    0x3CC1, 0x5587, 0x6A50, 0x4947,
};
static const uint16_t pal_BHMUGC_P[] = {
    0x00FE, 0x4814, 0x7AB1, 0x7A70, 0x722E, 0x5989, 0x69EC, 0x6A2D,
    0x720C, 0x724D, 0x7AAF, 0x7AD3, 0x7F13, 0x7F55, 0x7F34, 0x726F,
    0x7270, 0x7691, 0x61EC, 0x4D26, 0x55AB, 0x55EC, 0x30E6, 0x3D28,
    0x3107, 0x20A4, 0x1462, 0x24C5, 0x1CA3, 0x1CA4, 0x1C84, 0x1041,
    0x1442, 0x2083, 0x1C83, 0x24E6, 0x1021, 0x0C01, 0x1883, 0x3548,
    0x20C4, 0x24E4, 0x3947, 0x14C9, 0x18C9, 0x18CA, 0x14A7, 0x14A6,
    0x14A8, 0x18EA, 0x1085, 0x1086, 0x1084, 0x59AA, 0x69EE, 0x6A2E,
    0x69EB, 0x61CB, 0x6E4E, 0x660D, 0x5DEC, 0x4149, 0x4DAC, 0x2D07,
    0x1042, 0x1884, 0x1863, 0x1842, 0x418A, 0x5A91, 0x460D, 0x1C82,
    0x18C6, 0x14EA, 0x10A7, 0x622E, 0x624F, 0x6A70, 0x7739, 0x76B2,
    0x768F, 0x7EF4, 0x4106, 0x416A, 0x28C5, 0x0C41, 0x1483, 0x1862,
    0x1461, 0x28E3, 0x4E0C, 0x4E2F, 0x24E5, 0x2D05, 0x1860, 0x14C7,
    0x18EB, 0x1CEC, 0x6EB2, 0x7B57, 0x4D47, 0x4504, 0x4D68, 0x61AA,
    0x5147, 0x5DCA, 0x18A3, 0x1882, 0x5589, 0x49A9, 0x3546, 0x5EB2,
    0x3D6A, 0x28A4, 0x2062, 0x2041, 0x3062, 0x3483, 0x3883, 0x40E5,
    0x5168, 0x7F14, 0x6E91, 0x3D48, 0x0C21, 0x1C80, 0x190B, 0x3105,
    0x3927, 0x30C5, 0x4D28, 0x5127, 0x7B14, 0x1062, 0x0800, 0x0C20,
    0x1441, 0x1CA6, 0x1087, 0x38E4, 0x4547, 0x4905, 0x498A, 0x18A4,
    0x0820, 0x1D0C, 0x190C, 0x34A4, 0x660B, 0x3128, 0x1040, 0x4188,
    0x1CEB, 0x28E6, 0x2C63, 0x40E7, 0x7AB2, 0x2D28, 0x20E9, 0x18CB,
    0x556A, 0x1463, 0x5E0E, 0x4128, 0x3CE7, 0x76D3, 0x1063, 0x18A5,
    0x190D, 0x76F4, 0x7F35, 0x7F76, 0x38C2, 0x1440, 0x7B35, 0x7F97,
    0x7F77, 0x7F98, 0x55CB, 0x4103, 0x562D, 0x1061, 0x1D0D, 0x7F54,
    0x20C5, 0x0C00, 0x1CC5, 0x5E0B, 0x7F56, 0x6E4D, 0x3D05, 0x1CA5,
    0x1D0E, 0x7F75, 0x2883, 0x1022, 0x1C63, 0x2507, 0x5671, 0x45CC,
    0x1487, 0x7F36, 0x41AC, 0x1C85, 0x24C4, 0x2D03, 0x2480, 0x1485,
    0x7714, 0x48E3, 0x5E0D, 0x3D8A, 0x3DA9, 0x2CE1, 0x3D8C, 0x6AD1,
    0x5545, 0x7F78, 0x1443, 0x6B15, 0x1486, 0x40C3, 0x5987, 0x7F15,
    0x24C3, 0x18A8, 0x3460, 0x61A9, 0x1CEA, 0x2550, 0x29B3, 0x2973,
    0x2971, 0x212E, 0x7B56, 0x210D, 0x214F, 0x2572, 0x254D, 0x294F,
    0x31D4, 0x1D2C, 0x356B, 0x250B, 0x1D2D, 0x7757, 0x7FDA, 0x7B34,
    0x5DEE, 0x4D45, 0x7B55, 0x7FD9, 0x6ED3, 0x1464, 0x0C22,
};
static const uint16_t pal_BHMUGD_P[] = {
    0x00FE, 0x4814, 0x1D2F, 0x190D, 0x2573, 0x1D0E, 0x14CB, 0x14EA,
    0x14CA, 0x18EA, 0x18CB, 0x14EB, 0x18CA, 0x18EB, 0x14C9, 0x1462,
    0x0C41, 0x1042, 0x14A8, 0x18EC, 0x18A5, 0x18A4, 0x1463, 0x0C21,
    0x0821, 0x0820, 0x14C8, 0x1041, 0x1CC4, 0x18C7, 0x1484, 0x0C20,
    0x1020, 0x1485, 0x1CA4, 0x18C8, 0x1884, 0x1885, 0x1021, 0x1000,
    0x1C20, 0x1883, 0x1486, 0x14A5, 0x1C84, 0x1441, 0x1800, 0x3082,
    0x14EC, 0x190C, 0x1882, 0x14A7, 0x1062, 0x20A4, 0x1841, 0x2841,
    0x4507, 0x190B, 0x1CED, 0x18A7, 0x1421, 0x2020, 0x2400, 0x40E5,
    0x5168, 0x18ED, 0x1487, 0x2420, 0x4D47, 0x598A, 0x14A9, 0x1CEC,
    0x1D0D, 0x14A6, 0x1C41, 0x3081, 0x4906, 0x5989, 0x14AA, 0x1483,
    0x2062, 0x2441, 0x4505, 0x5568, 0x2130, 0x18C9, 0x1D2E, 0x210E,
    0x38A3, 0x4926, 0x5147, 0x2994, 0x1D0C, 0x1863, 0x1400, 0x1C00,
    0x5148, 0x5969, 0x212F, 0x1061, 0x0C42, 0x1442, 0x5569, 0x5549,
    0x5149, 0x2151, 0x18A8, 0x1481, 0x3CA4, 0x5528, 0x1488, 0x1CA3,
    0x1420, 0x2C41, 0x5D8A, 0x5949, 0x5589, 0x5D69, 0x18A9, 0x1CA5,
    0x2C61, 0x5548, 0x618A, 0x5D49, 0x5927, 0x658A, 0x1862, 0x558A,
    0x4D06, 0x4CE5, 0x54E6, 0x2000, 0x4D68, 0x44E6, 0x4928, 0x1821,
    0x3062, 0x4927, 0x596A, 0x2552, 0x18AA, 0x1860, 0x1820, 0x3CC4,
    0x65CB, 0x10A9, 0x1461, 0x5189, 0x5DAA, 0x65EA, 0x3CC3, 0x59AA,
    0x5DCA, 0x1C63, 0x2820, 0x61CB, 0x5DCC, 0x5D89, 0x61AA, 0x65CC,
    0x1CE9, 0x24C5, 0x5968, 0x65EB, 0x6A0D, 0x2150, 0x18EE, 0x1CC9,
    0x2483, 0x2021, 0x69CB, 0x69EC, 0x5169, 0x2995, 0x2572, 0x190E,
    0x3461, 0x61AB, 0x4D27, 0x2DB6, 0x1D50, 0x1CEA, 0x20C3, 0x1C83,
    0x2CA4, 0x5127, 0x65A9, 0x69EB, 0x6E0E, 0x1D2D, 0x1D30, 0x2571,
    0x2173, 0x1CEB, 0x1C82, 0x2862, 0x6E0D, 0x5947, 0x7A71, 0x7AB0,
    0x1D0F, 0x5988, 0x65AB, 0x71ED, 0x720C, 0x6E0C, 0x65AA, 0x6DEB,
    0x7EF4, 0x7F56, 0x212E, 0x24C6, 0x1842, 0x65CA, 0x762C, 0x7A8F,
    0x7EF2, 0x7F34, 0x1861, 0x1440, 0x30A4, 0x4905, 0x722C, 0x768F,
    0x764D, 0x1C62, 0x1840, 0x34C4, 0x4D46, 0x6E2D, 0x766E, 0x7F13,
    0x7A6E, 0x2840, 0x61CA, 0x722D, 0x2CE5, 0x2883, 0x6A0C, 0x6DCA,
    0x7AD1, 0x2861, 0x2C60, 0x59A9, 0x5DA9, 0x71EB, 0x1C61, 0x30C3,
    0x4D67, 0x5D88, 0x6187, 0x69C9, 0x2551, 0x516A, 0x69EA,
};
static const uint16_t pal_BHMUGE_P[] = {
    0x00FF, 0x4814, 0x0C21, 0x1021, 0x1C63, 0x2063, 0x2464, 0x2484,
    0x2483, 0x2463, 0x2884, 0x2C84, 0x3484, 0x38A4, 0x44C5, 0x4CE5,
    0x5105, 0x5968, 0x5D8A, 0x30A5, 0x34C6, 0x38E6, 0x38E7, 0x34E7,
    0x30C6, 0x34A6, 0x28A4, 0x2462, 0x2863, 0x2C83, 0x3084, 0x5527,
    0x5947, 0x30A4, 0x3CE6, 0x4107, 0x4527, 0x4928, 0x4927, 0x4948,
    0x4D49, 0x4528, 0x3CE7, 0x38C6, 0x34C7, 0x3083, 0x4905, 0x4106,
    0x4507, 0x4D48, 0x5169, 0x5569, 0x598A, 0x598B, 0x59AB, 0x55AB,
    0x516A, 0x5149, 0x4D69, 0x44E6, 0x2864, 0x4D47, 0x558A, 0x5989,
    0x61CB, 0x65ED, 0x61ED, 0x5DCC, 0x518A, 0x3D07, 0x5148, 0x5589,
    0x61CC, 0x5DA9, 0x6A0D, 0x764F, 0x724F, 0x6E2F, 0x724E, 0x6E2E,
    0x660D, 0x558B, 0x34C5, 0x34A5, 0x34A4, 0x38C5, 0x5DAA, 0x69ED,
    0x6A0E, 0x6E2D, 0x722D, 0x7A4F, 0x7E70, 0x7A90, 0x7AB0, 0x7ED1,
    0x7AB1, 0x7690, 0x6E4E, 0x6A2E, 0x4D28, 0x65C9, 0x65EB, 0x7A70,
    0x7E90, 0x7EB0, 0x7EF2, 0x7ED2, 0x7EB2, 0x766F, 0x61EC, 0x61AA,
    0x61A9, 0x65CA, 0x6E0C, 0x762E, 0x764E, 0x7E6F, 0x7EB1, 0x7A91,
    0x7650, 0x65EC, 0x3CC6, 0x5D89, 0x618A, 0x65CB, 0x6DEC, 0x720C,
    0x762D, 0x7A6F, 0x7A6E, 0x7A4E, 0x7E8F, 0x61CA, 0x61EB, 0x5DAB,
    0x4548, 0x4127, 0x5548, 0x6189, 0x69EB, 0x6E0B, 0x722E, 0x69EC,
    0x4D07, 0x5128, 0x5147, 0x5D88, 0x6A0C, 0x6E0D, 0x61AB, 0x5DCB,
    0x4908, 0x4907, 0x720D, 0x55AA, 0x5D6A, 0x65AC, 0x618B, 0x658B,
    0x6DAB, 0x69CC, 0x760D, 0x7A2E, 0x720E, 0x59AA, 0x6DCD, 0x7A51,
    0x7A30, 0x75EE, 0x71ED, 0x7E4F, 0x762F, 0x7A71, 0x7A73, 0x7E92,
    0x660C, 0x5D27, 0x6568, 0x6589, 0x7ED3, 0x7E71, 0x4CC7, 0x50E7,
    0x5928, 0x65A9, 0x724D, 0x6E2C, 0x616B, 0x69AD, 0x5549, 0x4D27,
    0x5568, 0x6A2D, 0x5DCA, 0x7670, 0x7E91, 0x722F, 0x7671, 0x7270,
    0x722C, 0x7EF3, 0x7EF4, 0x7A8F, 0x766E, 0x6E4D, 0x7A92, 0x7AB3,
    0x7AB2, 0x768F, 0x7250, 0x7F14, 0x7F36, 0x726E, 0x59A9, 0x7F55,
    0x6188, 0x7ED0, 0x7F33, 0x7F75, 0x7AF2, 0x7A2D, 0x7F13, 0x620C,
    0x5DEB, 0x760C, 0x7F35, 0x660B, 0x5DAC, 0x3442, 0x3841, 0x762C,
    0x6DED, 0x6E0E, 0x71EB, 0x7EF1, 0x7F57, 0x7F15, 0x7F76, 0x7F98,
    0x7F77, 0x7F34, 0x6A2C, 0x7B14, 0x7AF3, 0x7B55, 0x7F97, 0x7AD2,
    0x726F, 0x7AD1, 0x7F12, 0x7F54, 0x7F56, 0x7AD3, 0x7A6D, 0x7A8E,
};
static const uint16_t pal_BHMUGF_P[] = {
    0x00FD, 0x4814, 0x61AB, 0x59AA, 0x5968, 0x5569, 0x4D49, 0x4D8A,
    0x4549, 0x3D28, 0x20A4, 0x18A6, 0x18A4, 0x2D6B, 0x6319, 0x7BDE,
    0x6B3A, 0x1464, 0x1485, 0x1487, 0x212A, 0x3DF0, 0x4613, 0x41F1,
    0x3DEF, 0x358D, 0x2D2A, 0x18C7, 0x1462, 0x2908, 0x316C, 0x20C6,
    0x1084, 0x14A6, 0x5D89, 0x518A, 0x3D07, 0x3507, 0x1862, 0x5ED5,
    0x77BC, 0x5273, 0x252C, 0x3E13, 0x5ED9, 0x675D, 0x56B9, 0x398D,
    0x314B, 0x2D4C, 0x358F, 0x20E9, 0x18C9, 0x2508, 0x1D07, 0x4969,
    0x30E6, 0x1441, 0x3549, 0x5250, 0x5693, 0x4611, 0x5F19, 0x77DF,
    0x52B7, 0x41F2, 0x56B5, 0x4E93, 0x56F7, 0x14A5, 0x5547, 0x28C5,
    0x1CA3, 0x358A, 0x4A31, 0x3DAE, 0x28E9, 0x6F5A, 0x73BE, 0x673B,
    0x4A56, 0x3DF2, 0x35B0, 0x39B0, 0x66F9, 0x35CF, 0x10A6, 0x1086,
    0x4D27, 0x5127, 0x5589, 0x4D89, 0x51AC, 0x30A5, 0x30C5, 0x30C3,
    0x2CE3, 0x4E2F, 0x6F7C, 0x312B, 0x7BBD, 0x4E74, 0x4E96, 0x4E53,
    0x5ED6, 0x18EB, 0x1D0C, 0x14C9, 0x1085, 0x4D69, 0x24A3, 0x39AB,
    0x5A95, 0x4A32, 0x56D8, 0x296F, 0x18EC, 0x10A8, 0x61CB, 0x5DEC,
    0x4948, 0x3949, 0x2CE6, 0x1C83, 0x5AB7, 0x6B39, 0x1D2C, 0x18ED,
    0x190B, 0x18EA, 0x4506, 0x4947, 0x456A, 0x3528, 0x62D5, 0x5676,
    0x14A4, 0x1484, 0x14CA, 0x18CB, 0x10A7, 0x3CC5, 0x48E6, 0x4D48,
    0x4127, 0x458A, 0x1020, 0x1461, 0x737B, 0x45EF, 0x41CB, 0x1860,
    0x14C7, 0x40C5, 0x59AC, 0x4D6A, 0x1861, 0x3147, 0x41CD, 0x2D8F,
    0x1CEA, 0x1883, 0x3CE6, 0x5DCB, 0x41AC, 0x5255, 0x2994, 0x2571,
    0x1087, 0x4527, 0x5128, 0x4949, 0x1041, 0x2D48, 0x739B, 0x5AB8,
    0x1CC5, 0x190C, 0x190D, 0x4528, 0x44E6, 0x4D28, 0x2D07, 0x1C82,
    0x24C5, 0x737D, 0x1CEC, 0x1C61, 0x62F7, 0x62FA, 0x6F3D, 0x292C,
    0x1D0D, 0x4507, 0x1440, 0x4106, 0x0C20, 0x0C21, 0x1841, 0x7BDD,
    0x18CA, 0x4107, 0x2D25, 0x56B1, 0x1882, 0x14A7, 0x0C41, 0x24C2,
    0x1D2E, 0x24A0, 0x1460, 0x2993, 0x2972, 0x1CEB, 0x2D03, 0x1CED,
    0x212F, 0x1D30, 0x1840, 0x18A9, 0x5E0D, 0x55CB, 0x55CC, 0x1C80,
    0x620C, 0x2CA4, 0x2060, 0x1060, 0x18A3, 0x28E0, 0x61EC, 0x2507,
    0x1483, 0x1040, 0x2463, 0x38A4, 0x4DCD, 0x4547, 0x38A3, 0x1061,
    0x38C3, 0x4968, 0x2862, 0x6A0D, 0x1C41, 0x6E50, 0x660E, 0x516A,
    0x4D68, 0x1C60, 0x6A4F, 0x3905, 0x3522, 0x396B,
};
static const uint16_t pal_BHMUGG_P[] = {
    0x00FE, 0x4814, 0x35AC, 0x1CE6, 0x14A4, 0x1084, 0x1062, 0x1042,
    0x1483, 0x1022, 0x1021, 0x1001, 0x1063, 0x1484, 0x0C21, 0x4E52,
    0x358B, 0x14A5, 0x1000, 0x1884, 0x1C84, 0x20A4, 0x24C5, 0x20A6,
    0x20E7, 0x4610, 0x2D4A, 0x2508, 0x1043, 0x1400, 0x1421, 0x41EE,
    0x0C42, 0x0C41, 0x0C00, 0x1C64, 0x1C83, 0x34C5, 0x3507, 0x30C6,
    0x2CC5, 0x2CE8, 0x2D28, 0x1885, 0x4A30, 0x316B, 0x1800, 0x2063,
    0x2C84, 0x4507, 0x518A, 0x5549, 0x4D48, 0x4D07, 0x4928, 0x492A,
    0x454B, 0x416C, 0x3509, 0x5272, 0x3DCE, 0x5271, 0x1463, 0x1401,
    0x2000, 0x4D4A, 0x3863, 0x48E5, 0x38A4, 0x48A1, 0x69A9, 0x7A0D,
    0x7A2E, 0x764F, 0x762E, 0x7A70, 0x6169, 0x6DEC, 0x760D, 0x71EC,
    0x69CB, 0x69AB, 0x65AB, 0x658A, 0x6DAD, 0x69B0, 0x6E75, 0x5694,
    0x5693, 0x4E51, 0x1CA5, 0x2C22, 0x38A3, 0x40E6, 0x5128, 0x44A1,
    0x50E5, 0x6DCB, 0x5D68, 0x5927, 0x5127, 0x65AA, 0x6189, 0x6168,
    0x69AE, 0x69F1, 0x2820, 0x48E8, 0x516C, 0x34A4, 0x3CC5, 0x44E5,
    0x40A3, 0x6E0D, 0x61AA, 0x4D05, 0x5547, 0x0C43, 0x18A5, 0x3464,
    0x40E8, 0x3CE6, 0x3483, 0x44A4, 0x5D47, 0x6DCA, 0x6DEB, 0x618A,
    0x5AD6, 0x1464, 0x3000, 0x61AE, 0x6147, 0x6568, 0x5AB3, 0x5AB4,
    0x616C, 0x556B, 0x3462, 0x6569, 0x71CB, 0x658B, 0x616A, 0x6149,
    0x5D8A, 0x4CE3, 0x7E4F, 0x460E, 0x3041, 0x61AB, 0x4A32, 0x0821,
    0x2C63, 0x4108, 0x6148, 0x5AD5, 0x4A0F, 0x5674, 0x1C42, 0x618B,
    0x50E6, 0x3DED, 0x39AD, 0x1442, 0x48E6, 0x5105, 0x41ED, 0x1822,
    0x5D89, 0x61CC, 0x5DAC, 0x1CA6, 0x0C22, 0x0800, 0x464F, 0x1041,
    0x0C20, 0x3E0D, 0x1420, 0x2C41, 0x3169, 0x6738, 0x18A4, 0x69CA,
    0x69EB, 0x6F7B, 0x2926, 0x737B, 0x1462, 0x65CB, 0x77BC, 0x0820,
    0x5AD3, 0x460D, 0x739A, 0x6317, 0x44C3, 0x4236, 0x4E4F, 0x3DCB,
    0x62F4, 0x62F7, 0x1020, 0x2150, 0x39F3, 0x4E91, 0x6B79, 0x0841,
    0x296E, 0x2DB0, 0x3E15, 0x6B17, 0x2D49, 0x1D0E, 0x2552, 0x35AF,
    0x5291, 0x6758, 0x190D, 0x18EB, 0x256E, 0x14CB, 0x3E0F, 0x56D5,
    0x4652, 0x35CF, 0x18C9, 0x0C63, 0x5928, 0x2130, 0x18EC, 0x212C,
    0x296D, 0x4E93, 0x14EB, 0x14EA, 0x210B, 0x14CA, 0x18EA, 0x18CB,
    0x254D, 0x1D0B, 0x14C9, 0x2994, 0x212F, 0x0801, 0x14A9, 0x14EC,
    0x18CA, 0x14A6, 0x2C83, 0x1485, 0x2483, 0x1CC5, 0x1C41,
};
static const uint16_t pal_BHMUGH_P[] = {
    0x00FC, 0x4814, 0x1001, 0x1000, 0x1084, 0x1063, 0x1042, 0x1083,
    0x0C42, 0x1022, 0x1021, 0x1062, 0x1082, 0x0C81, 0x1484, 0x0C21,
    0x0C22, 0x10A5, 0x14A5, 0x1884, 0x20A6, 0x1C85, 0x18A4, 0x1043,
    0x14A4, 0x1064, 0x1020, 0x1401, 0x1801, 0x2401, 0x30E7, 0x3529,
    0x28E7, 0x20A5, 0x1CA5, 0x1CC6, 0x20C6, 0x1463, 0x2402, 0x3065,
    0x3CE6, 0x4D2A, 0x494A, 0x3D49, 0x24E6, 0x1C84, 0x1883, 0x2507,
    0x2D6B, 0x2508, 0x45AD, 0x2C01, 0x3C01, 0x614D, 0x7A74, 0x6E31,
    0x4528, 0x34E5, 0x3549, 0x1863, 0x1442, 0x24C6, 0x1864, 0x1462,
    0x1483, 0x18A5, 0x14A3, 0x39CE, 0x318C, 0x6E75, 0x352A, 0x3423,
    0x556C, 0x55AD, 0x34A4, 0x498C, 0x2D07, 0x24E7, 0x20E7, 0x0C41,
    0x10A3, 0x3E10, 0x56B4, 0x69F1, 0x6634, 0x48C8, 0x65D0, 0x5D8D,
    0x4D8B, 0x314A, 0x20C7, 0x1041, 0x1081, 0x41ED, 0x56B3, 0x698D,
    0x2464, 0x4001, 0x696E, 0x7A13, 0x65AC, 0x5569, 0x55ED, 0x1CC5,
    0x20E6, 0x20C5, 0x1482, 0x2949, 0x6758, 0x69AA, 0x69AF, 0x6633,
    0x30E8, 0x1421, 0x1443, 0x1822, 0x4844, 0x694D, 0x75F0, 0x516A,
    0x1CA4, 0x69F2, 0x3421, 0x4063, 0x592B, 0x5D6C, 0x4DCC, 0x2928,
    0x14A2, 0x65F2, 0x5A33, 0x3C24, 0x5CEB, 0x4969, 0x416A, 0x1CA6,
    0x6211, 0x3D6A, 0x3C22, 0x54EA, 0x7233, 0x35AB, 0x65AA, 0x6DEC,
    0x65EF, 0x658E, 0x4D29, 0x6168, 0x65ED, 0x5DCC, 0x4465, 0x596B,
    0x3908, 0x20E8, 0x1885, 0x20C3, 0x1881, 0x2105, 0x6189, 0x69CB,
    0x660E, 0x1841, 0x2863, 0x3843, 0x3C64, 0x4507, 0x49CE, 0x10A4,
    0x6989, 0x55EE, 0x2063, 0x44A7, 0x552A, 0x2C03, 0x4CA9, 0x61B0,
    0x5DEF, 0x14C6, 0x0C01, 0x2083, 0x6E0C, 0x664F, 0x5D2C, 0x55AA,
    0x418A, 0x0C00, 0x720D, 0x660D, 0x3D2A, 0x2CA5, 0x71EC, 0x5D68,
    0x5947, 0x40E8, 0x28C5, 0x6E2E, 0x5DAA, 0x3507, 0x398A, 0x69C9,
    0x69EE, 0x40A5, 0x5529, 0x3D27, 0x0C20, 0x5D89, 0x59F0, 0x3463,
    0x38A4, 0x65CB, 0x48E6, 0x55F0, 0x1400, 0x2041, 0x5107, 0x40C5,
    0x5927, 0x0821, 0x4D89, 0x0820, 0x5547, 0x5505, 0x5DCB, 0x5589,
    0x4D06, 0x39AD, 0x4947, 0x3DCD, 0x44E6, 0x1485, 0x4149, 0x0422,
    0x5274, 0x5928, 0x4A32, 0x45F0, 0x2D2A, 0x5A94, 0x41EF, 0x24C7,
    0x14A6, 0x6B5A, 0x3083, 0x3CC5, 0x48E5, 0x77BD, 0x4E52, 0x2C83,
    0x4D05, 0x739B, 0x210B, 0x294C, 0x316D,
};
static const uint16_t pal_LXMUGA_P[] = {
    0x00FE, 0x0000, 0x2C43, 0x3444, 0x4466, 0x50E9, 0x2023, 0x1823,
    0x1443, 0x1C44, 0x1C43, 0x1C23, 0x2024, 0x2044, 0x2444, 0x38E8,
    0x38E7, 0x2842, 0x3085, 0x1C21, 0x2022, 0x516A, 0x5D69, 0x69AB,
    0x69EC, 0x762F, 0x7271, 0x7A70, 0x7A91, 0x7AB3, 0x7AF5, 0x7F15,
    0x7F17, 0x7AF6, 0x7F38, 0x7F59, 0x7F7B, 0x7B7C, 0x7BBD, 0x54EA,
    0x1423, 0x34A6, 0x59F0, 0x4128, 0x2843, 0x4D6B, 0x2043, 0x44C7,
    0x5528, 0x5927, 0x6147, 0x6169, 0x7AD3, 0x3C44, 0x2423, 0x1822,
    0x1802, 0x1C22, 0x2823, 0x2844, 0x51EF, 0x3D08, 0x2C63, 0x2421,
    0x38A5, 0x5506, 0x5D47, 0x5905, 0x720D, 0x7692, 0x58EA, 0x1C24,
    0x4DAE, 0x458C, 0x2C85, 0x2C42, 0x4CC5, 0x50C5, 0x7691, 0x76B4,
    0x34C9, 0x51F0, 0x414A, 0x34C6, 0x4929, 0x4CE6, 0x4883, 0x4CA4,
    0x6E0D, 0x724F, 0x1421, 0x454D, 0x6273, 0x3D07, 0x4549, 0x4D8B,
    0x4949, 0x38A3, 0x4D07, 0x44A3, 0x6189, 0x618A, 0x7672, 0x2464,
    0x2466, 0x51F2, 0x6AB6, 0x6275, 0x5E52, 0x6AB5, 0x38C5, 0x5549,
    0x44A5, 0x44C5, 0x5D8B, 0x61AC, 0x65CC, 0x6E2F, 0x4065, 0x2045,
    0x2CA8, 0x6EF9, 0x6695, 0x6AD5, 0x5A0F, 0x4107, 0x558B, 0x59CD,
    0x50E6, 0x5D6A, 0x69EE, 0x620F, 0x6A50, 0x40A7, 0x6EF6, 0x6651,
    0x51AC, 0x61EE, 0x6A30, 0x59EF, 0x5D89, 0x733A, 0x779D, 0x6693,
    0x59AC, 0x6A93, 0x3C86, 0x2866, 0x5A54, 0x6F19, 0x4DAC, 0x55CD,
    0x6630, 0x2422, 0x3D2C, 0x777D, 0x7339, 0x5A31, 0x775B, 0x7317,
    0x3483, 0x3462, 0x3863, 0x28A7, 0x5A34, 0x6F1A, 0x560F, 0x5E51,
    0x4DF0, 0x44E8, 0x59AE, 0x72D5, 0x3063, 0x4D2B, 0x3043, 0x2465,
    0x5610, 0x2822, 0x2064, 0x2CEA, 0x4DCF, 0x38A6, 0x72F9, 0x34C5,
    0x5653, 0x412A, 0x1843, 0x76F7, 0x2863, 0x1422, 0x416E, 0x4DF2,
    0x66D8, 0x7BBE, 0x66D6, 0x1023, 0x4590, 0x7FFE, 0x62B6, 0x3D2A,
    0x2485, 0x1842, 0x352B, 0x2CC9, 0x7FDE, 0x7FDF, 0x1C66, 0x5E96,
    0x7BFF, 0x7FFF, 0x7BDE, 0x5A32, 0x396E, 0x7BDF, 0x77BF, 0x3D4B,
    0x1022, 0x1442, 0x5634, 0x777E, 0x496C, 0x592C, 0x3CA7, 0x1043,
    0x3D6D, 0x6F5A, 0x2488, 0x5633, 0x1402, 0x2487, 0x30EA, 0x5675,
    0x6EFA, 0x6719, 0x77DE, 0x352D, 0x5A77, 0x6F5C, 0x733C, 0x2065,
    0x49B0, 0x3509, 0x7BFE, 0x458F, 0x66FA, 0x1C42, 0x1403, 0x38EA,
    0x510A, 0x38A7, 0x3CA6, 0x6DF1, 0x596D, 0x512C, 0x44A8,
};
static const uint16_t pal_LXMUGB_P[] = {
    0x00FC, 0x0000, 0x7F59, 0x7F38, 0x7AF5, 0x7AB3, 0x7A91, 0x7670,
    0x7A4F, 0x722E, 0x720D, 0x6DCA, 0x6D88, 0x6147, 0x5D26, 0x5526,
    0x4CE6, 0x3CA4, 0x2422, 0x1C22, 0x1402, 0x0C02, 0x1023, 0x0C22,
    0x1423, 0x1022, 0x1443, 0x1802, 0x2064, 0x2864, 0x2403, 0x2823,
    0x2802, 0x2822, 0x2C23, 0x1422, 0x71EC, 0x6589, 0x5D47, 0x4CC4,
    0x40A4, 0x3021, 0x2442, 0x1C43, 0x1002, 0x1823, 0x2043, 0x30A4,
    0x2402, 0x7B15, 0x6987, 0x6125, 0x5504, 0x2821, 0x1C02, 0x0C21,
    0x1421, 0x2C84, 0x2021, 0x2C22, 0x6E0D, 0x61AA, 0x6126, 0x3043,
    0x1C23, 0x1842, 0x0822, 0x2423, 0x1822, 0x6E2F, 0x65CB, 0x6568,
    0x5925, 0x50E4, 0x44A3, 0x2842, 0x2022, 0x2443, 0x34C7, 0x1001,
    0x2843, 0x2824, 0x6DEC, 0x6187, 0x4CC3, 0x48A2, 0x38A3, 0x2C42,
    0x2C63, 0x34C5, 0x38E6, 0x1801, 0x1021, 0x61ED, 0x69EE, 0x5D68,
    0x4D05, 0x1843, 0x2803, 0x6A71, 0x6A92, 0x72B3, 0x72B4, 0x6E4F,
    0x5DAA, 0x5D89, 0x4948, 0x40E6, 0x40E5, 0x38E5, 0x1C41, 0x1821,
    0x2485, 0x3D08, 0x2002, 0x72F5, 0x7291, 0x660D, 0x51AB, 0x4D27,
    0x4107, 0x2462, 0x1C21, 0x2463, 0x2023, 0x59CD, 0x660F, 0x6651,
    0x5168, 0x51AC, 0x2863, 0x2042, 0x2063, 0x38E8, 0x5147, 0x5DCB,
    0x59AC, 0x55CD, 0x2C62, 0x6A72, 0x6A91, 0x664F, 0x55CC, 0x3083,
    0x6272, 0x6230, 0x5E0F, 0x4D8A, 0x2C83, 0x3508, 0x1C63, 0x4DAC,
    0x1C01, 0x59EE, 0x496A, 0x4D8B, 0x51CC, 0x55ED, 0x4549, 0x416A,
    0x6EB4, 0x55CB, 0x4128, 0x1401, 0x6ED4, 0x498A, 0x5E30, 0x1C42,
    0x51CD, 0x51EE, 0x2483, 0x30E9, 0x0802, 0x4105, 0x4947, 0x498B,
    0x3D07, 0x6693, 0x560F, 0x2CC5, 0x1400, 0x4DAB, 0x49AB, 0x1000,
    0x5E52, 0x5E51, 0x4DCD, 0x4DCE, 0x72F6, 0x51ED, 0x7338, 0x7359,
    0x6AD7, 0x24C6, 0x392B, 0x458D, 0x66D6, 0x735B, 0x6F19, 0x3D4A,
    0x7317, 0x6695, 0x51AE, 0x66B6, 0x5E74, 0x779D, 0x5E94, 0x5210,
    0x2CC7, 0x5E93, 0x5252, 0x7B9D, 0x7B7C, 0x6AF8, 0x5A33, 0x66F9,
    0x6F3A, 0x777C, 0x733B, 0x6AB6, 0x5612, 0x3D6C, 0x7FFE, 0x7BBE,
    0x45AE, 0x416C, 0x0C42, 0x779E, 0x4DF0, 0x2CC8, 0x1C44, 0x2086,
    0x5EB7, 0x51F1, 0x49AF, 0x352A, 0x4E32, 0x28A6, 0x2066, 0x30EA,
    0x1444, 0x3065, 0x2C43, 0x512C, 0x4CEA, 0x48A8, 0x40A7, 0x4466,
    0x4065, 0x3C45, 0x3C65, 0x3844, 0x3C44,
};
static const uint16_t pal_LXMUGC_P[] = {
    0x00FF, 0x0000, 0x3444, 0x4045, 0x5066, 0x3C44, 0x3024, 0x2824,
    0x2844, 0x2C44, 0x3045, 0x3044, 0x3065, 0x38A7, 0x4D4C, 0x65F0,
    0x69EF, 0x598B, 0x69EC, 0x720E, 0x764F, 0x7A71, 0x7AB2, 0x7A92,
    0x7671, 0x7270, 0x724F, 0x6E2E, 0x7AB3, 0x7EF5, 0x7F16, 0x7F37,
    0x7670, 0x7E91, 0x766F, 0x724E, 0x722E, 0x722F, 0x7272, 0x2444,
    0x2424, 0x2C45, 0x3445, 0x6E52, 0x59AD, 0x5D6A, 0x720D, 0x7650,
    0x7692, 0x76B3, 0x7AD4, 0x7AD3, 0x7691, 0x7250, 0x7EF4, 0x7AF4,
    0x7A91, 0x76B4, 0x2C43, 0x2843, 0x2C24, 0x3023, 0x3043, 0x3865,
    0x7230, 0x616A, 0x658B, 0x760E, 0x7AB1, 0x722D, 0x6DCB, 0x7EB2,
    0x7EB1, 0x764E, 0x7AF5, 0x7B16, 0x40A6, 0x69AC, 0x6E0D, 0x7ED2,
    0x7A90, 0x7AD5, 0x2423, 0x3465, 0x3866, 0x48C9, 0x6DF0, 0x616C,
    0x7EF6, 0x7ED4, 0x7EB3, 0x7A93, 0x7B17, 0x2842, 0x2823, 0x3844,
    0x5528, 0x61AC, 0x5928, 0x658A, 0x6589, 0x69AA, 0x65AA, 0x5968,
    0x65CB, 0x7ED3, 0x7F58, 0x3864, 0x514A, 0x65AB, 0x65CC, 0x6A30,
    0x76D4, 0x7F15, 0x762E, 0x7F36, 0x48C6, 0x76D6, 0x7AF6, 0x72B3,
    0x2443, 0x3464, 0x618B, 0x54E5, 0x54E7, 0x44A5, 0x596C, 0x5DAE,
    0x6651, 0x6E74, 0x7251, 0x7F79, 0x4CC5, 0x660F, 0x4929, 0x44E8,
    0x65EE, 0x30A6, 0x2C85, 0x38C7, 0x492A, 0x5DCE, 0x5107, 0x48A6,
    0x558D, 0x44E7, 0x2485, 0x2CC7, 0x452A, 0x4508, 0x4461, 0x4063,
    0x4C66, 0x6610, 0x516C, 0x44C5, 0x3882, 0x3C84, 0x3863, 0x48A4,
    0x5D27, 0x6567, 0x58E4, 0x54A3, 0x5084, 0x4064, 0x2043, 0x3C64,
    0x5548, 0x4D06, 0x6569, 0x69A9, 0x5D05, 0x4C83, 0x3822, 0x2044,
    0x2445, 0x40A8, 0x2863, 0x2C86, 0x2023, 0x6E4F, 0x720C, 0x3084,
    0x2864, 0x1C23, 0x1C43, 0x7AB4, 0x2845, 0x2825, 0x34C8, 0x1C44,
    0x1823, 0x2464, 0x7F17, 0x7F39, 0x7F59, 0x7B38, 0x7F38, 0x50A8,
    0x2C66, 0x4D6E, 0x3D2A, 0x2C65, 0x38A9, 0x6653, 0x762D, 0x7A6F,
    0x7B59, 0x7F7A, 0x7F5A, 0x7B58, 0x1C24, 0x38CA, 0x51AF, 0x1822,
    0x760D, 0x7F7B, 0x7B5A, 0x1843, 0x1C22, 0x71EC, 0x7F9B, 0x7B37,
    0x7B18, 0x7B39, 0x3CE8, 0x34C7, 0x71EB, 0x2024, 0x4D8E, 0x2865,
    0x618A, 0x7E92, 0x7ED5, 0x7693, 0x1C42, 0x61AB, 0x760C, 0x58A8,
    0x2022, 0x7271, 0x7AD6, 0x4065, 0x1842, 0x61AA, 0x7F18, 0x50E9,
    0x4066, 0x58EA, 0x7AF8, 0x2C64, 0x1802, 0x34C5, 0x558A, 0x7F9C,
};
static const uint16_t pal_LXMUGD_P[] = {
    0x00FE, 0x0000, 0x76B4, 0x7B18, 0x7F18, 0x7AF6, 0x7AD4, 0x7AB4,
    0x7692, 0x7271, 0x7670, 0x764F, 0x720D, 0x6DEC, 0x69CB, 0x69AA,
    0x6168, 0x5D06, 0x50E6, 0x4CE7, 0x5128, 0x59AD, 0x4D29, 0x40C6,
    0x4084, 0x7672, 0x7A72, 0x7250, 0x65CD, 0x4528, 0x2443, 0x1001,
    0x1022, 0x1443, 0x1002, 0x1423, 0x1822, 0x3085, 0x3423, 0x3823,
    0x3863, 0x3044, 0x3403, 0x3424, 0x3023, 0x2422, 0x0C22, 0x7B38,
    0x7F39, 0x7292, 0x6E0E, 0x6DED, 0x6DCC, 0x6DCB, 0x5506, 0x512A,
    0x492A, 0x4D6B, 0x44C5, 0x5D6A, 0x618A, 0x6E51, 0x558C, 0x34C7,
    0x1422, 0x1023, 0x0C03, 0x1802, 0x2864, 0x3004, 0x3824, 0x2423,
    0x7F17, 0x7AF5, 0x7AD5, 0x76B3, 0x7691, 0x722E, 0x6E0D, 0x6DEB,
    0x69CA, 0x6989, 0x6147, 0x4D6C, 0x4D07, 0x5989, 0x7270, 0x5DEE,
    0x2C85, 0x1421, 0x3422, 0x7251, 0x722F, 0x720E, 0x5928, 0x6211,
    0x6A52, 0x4507, 0x7671, 0x7293, 0x0C01, 0x1021, 0x2464, 0x0C43,
    0x7F38, 0x7F5A, 0x7F59, 0x76D5, 0x6589, 0x5969, 0x596C, 0x5DF0,
    0x6E94, 0x660E, 0x6E30, 0x1844, 0x3024, 0x76B2, 0x7AB2, 0x7650,
    0x6547, 0x5D26, 0x5549, 0x556B, 0x65F0, 0x6E92, 0x7AF4, 0x660D,
    0x5D8B, 0x4948, 0x1000, 0x1C23, 0x2C43, 0x3022, 0x3043, 0x3002,
    0x7B15, 0x72B3, 0x558B, 0x76D3, 0x59CD, 0x1801, 0x1C43, 0x3003,
    0x7651, 0x5D27, 0x5906, 0x69ED, 0x65AC, 0x7693, 0x1823, 0x2C24,
    0x2C23, 0x7EF5, 0x54E4, 0x54E5, 0x50E5, 0x4CC5, 0x50C5, 0x69CC,
    0x3D28, 0x1C22, 0x2C22, 0x2022, 0x7B39, 0x76F7, 0x5926, 0x4483,
    0x3C84, 0x4063, 0x69AC, 0x55EC, 0x1402, 0x7B19, 0x6ED7, 0x3529,
    0x2485, 0x2CA7, 0x40E8, 0x3021, 0x5927, 0x2801, 0x2023, 0x3864,
    0x48A4, 0x55AE, 0x452A, 0x5905, 0x54C4, 0x5505, 0x3883, 0x2401,
    0x2823, 0x1C41, 0x616A, 0x5907, 0x1400, 0x2C02, 0x3441, 0x1401,
    0x61CB, 0x50C4, 0x2802, 0x5D47, 0x7ED4, 0x6E4F, 0x50E4, 0x0C02,
    0x0C23, 0x0822, 0x30A6, 0x2822, 0x7A91, 0x7ED3, 0x20A6, 0x69EC,
    0x1024, 0x1044, 0x38E8, 0x7A70, 0x71EC, 0x6DCA, 0x762F, 0x69A9,
    0x6988, 0x48A3, 0x2C03, 0x71EA, 0x6DA9, 0x71A9, 0x6567, 0x6146,
    0x6DC9, 0x2803, 0x7A6F, 0x762E, 0x69A8, 0x6DA8, 0x58E5, 0x71C9,
    0x6566, 0x6545, 0x6125, 0x54C3, 0x6987, 0x0823, 0x0802, 0x2402,
    0x720B, 0x6546, 0x6126, 0x2403, 0x7A4D, 0x6967, 0x38C6,
};
static const uint16_t pal_LXMUGE_P[] = {
    0x00FB, 0x0000, 0x7739, 0x775B, 0x72F8, 0x7B3A, 0x7B5B, 0x7B7C,
    0x72D6, 0x6E73, 0x660F, 0x5D8B, 0x5D69, 0x5528, 0x558D, 0x6E30,
    0x4D28, 0x4CC5, 0x5906, 0x50C5, 0x4CA4, 0x4CA5, 0x4463, 0x4043,
    0x4063, 0x4065, 0x3C64, 0x3843, 0x4064, 0x3C44, 0x4044, 0x3C43,
    0x3C22, 0x3842, 0x7B38, 0x777D, 0x7B7E, 0x7693, 0x65CC, 0x5D6A,
    0x554A, 0x6A32, 0x5927, 0x5926, 0x50A4, 0x4883, 0x4443, 0x3C42,
    0x7BBF, 0x6E51, 0x5DAC, 0x5549, 0x76B5, 0x6E93, 0x558B, 0x5507,
    0x5505, 0x4C84, 0x4863, 0x4442, 0x4042, 0x779C, 0x7B9D, 0x7FFF,
    0x6F19, 0x6694, 0x59CE, 0x40E8, 0x516E, 0x6611, 0x5547, 0x48A5,
    0x48A4, 0x4464, 0x4485, 0x50E6, 0x5907, 0x4884, 0x731A, 0x6ED7,
    0x6653, 0x5E11, 0x6A74, 0x7B9B, 0x5E12, 0x7297, 0x4D07, 0x4CC6,
    0x5928, 0x5D48, 0x5D27, 0x6148, 0x6127, 0x5948, 0x6E95, 0x61EE,
    0x492B, 0x3CE9, 0x450A, 0x498D, 0x4DCE, 0x55CF, 0x556D, 0x658A,
    0x69AA, 0x6169, 0x6589, 0x6569, 0x618A, 0x3865, 0x3423, 0x3444,
    0x3445, 0x3424, 0x3844, 0x518E, 0x6E96, 0x65AB, 0x65AC, 0x69ED,
    0x6DEE, 0x69CC, 0x3C85, 0x3845, 0x3443, 0x40C7, 0x4885, 0x6E0E,
    0x6E0F, 0x7651, 0x7251, 0x7272, 0x7250, 0x722E, 0x6DED, 0x5D68,
    0x6F3A, 0x6F5B, 0x62B6, 0x4D4C, 0x3464, 0x3824, 0x5949, 0x61AB,
    0x722F, 0x7671, 0x7AB3, 0x65AA, 0x4445, 0x5066, 0x4865, 0x3045,
    0x2C44, 0x3024, 0x3025, 0x3465, 0x3446, 0x3846, 0x5969, 0x6A0F,
    0x7AB5, 0x7AD6, 0x7271, 0x6E0D, 0x6E2F, 0x3C65, 0x3C45, 0x44A6,
    0x720E, 0x7AD4, 0x6E2E, 0x3044, 0x69AC, 0x6DCD, 0x7650, 0x7AD3,
    0x764F, 0x6DCB, 0x69EC, 0x2C45, 0x6149, 0x616A, 0x69CD, 0x2C24,
    0x5D49, 0x6168, 0x2C23, 0x58E5, 0x58E6, 0x5D26, 0x6147, 0x6128,
    0x59AF, 0x61F0, 0x40A8, 0x44EA, 0x59F1, 0x6232, 0x618B, 0x658B,
    0x7230, 0x4045, 0x2C43, 0x48E9, 0x38A8, 0x4D2C, 0x552B, 0x7274,
    0x2824, 0x3CA7, 0x6674, 0x48A6, 0x69D0, 0x65AE, 0x5D6C, 0x2C25,
    0x7A73, 0x5D2A, 0x656C, 0x3425, 0x48EA, 0x4D6E, 0x6A0E, 0x7AF8,
    0x6DEC, 0x2844, 0x75ED, 0x720D, 0x3065, 0x6A76, 0x762F, 0x720F,
    0x76D5, 0x71EB, 0x6DA9, 0x34A7, 0x5E53, 0x762E, 0x7A71, 0x7670,
    0x3C63, 0x3863, 0x4DAE, 0x65CB, 0x7A91, 0x50E8, 0x6DCC, 0x7F58,
    0x7691, 0x7F37, 0x764D, 0x7A6F,
};
static const uint16_t pal_LXMUGF_P[] = {
    0x00FD, 0x0000, 0x3843, 0x3443, 0x3423, 0x3023, 0x3444, 0x3844,
    0x4064, 0x4484, 0x48A4, 0x54C5, 0x5927, 0x6169, 0x65AB, 0x69ED,
    0x65ED, 0x6A0D, 0x6E0E, 0x65EC, 0x660C, 0x6E6E, 0x7690, 0x76D1,
    0x5DAA, 0x4D06, 0x3842, 0x3402, 0x3823, 0x2823, 0x1C22, 0x1022,
    0x0C22, 0x3422, 0x3022, 0x2C23, 0x2C43, 0x2C22, 0x3043, 0x3C43,
    0x4063, 0x50C5, 0x69CC, 0x69EC, 0x69CB, 0x65CC, 0x65CB, 0x61AA,
    0x728F, 0x5968, 0x4483, 0x3421, 0x3822, 0x3803, 0x3403, 0x2822,
    0x1822, 0x5507, 0x65AA, 0x6DEC, 0x5D68, 0x726F, 0x660B, 0x5D89,
    0x4CE6, 0x3821, 0x3C23, 0x1422, 0x3C63, 0x2423, 0x3863, 0x4485,
    0x4CC6, 0x5528, 0x5D6A, 0x61AB, 0x5548, 0x3885, 0x3C24, 0x3824,
    0x3424, 0x2402, 0x1002, 0x5106, 0x4CC5, 0x44A4, 0x4084, 0x2422,
    0x50E6, 0x5928, 0x618A, 0x6189, 0x5947, 0x48E5, 0x3802, 0x1443,
    0x5948, 0x5107, 0x5D48, 0x5526, 0x5527, 0x722F, 0x6E4D, 0x48C4,
    0x3463, 0x48C7, 0x4CE7, 0x5949, 0x5126, 0x61EC, 0x48C6, 0x61CC,
    0x3042, 0x2C21, 0x48C5, 0x5D69, 0x5105, 0x3C42, 0x4CE5, 0x3442,
    0x44A5, 0x5926, 0x48C3, 0x7A91, 0x724D, 0x3C22, 0x5969, 0x5506,
    0x7670, 0x5DCA, 0x44C5, 0x2443, 0x4CC7, 0x4D05, 0x3C83, 0x50E5,
    0x4CE4, 0x48E6, 0x556B, 0x4528, 0x4085, 0x5D26, 0x3841, 0x618B,
    0x4CC4, 0x48E7, 0x59EF, 0x4DAD, 0x3485, 0x5D49, 0x40C6, 0x658B,
    0x4D28, 0x55AC, 0x5E31, 0x30A6, 0x616A, 0x69CD, 0x4883, 0x4D4A,
    0x55AE, 0x6253, 0x55F0, 0x3063, 0x2001, 0x2022, 0x65CD, 0x5A33,
    0x6ED8, 0x5E53, 0x2C44, 0x2464, 0x6DEE, 0x65AC, 0x6254, 0x731A,
    0x458C, 0x5127, 0x40A4, 0x2C84, 0x3CE6, 0x55CF, 0x6AB6, 0x66B5,
    0x1C01, 0x38A6, 0x6E30, 0x59AE, 0x6ED6, 0x412A, 0x4549, 0x6DED,
    0x5905, 0x51AB, 0x1802, 0x720D, 0x54E5, 0x3462, 0x38C4, 0x3483,
    0x3004, 0x3862, 0x4507, 0x55CC, 0x6DCC, 0x71EC, 0x6147, 0x54C4,
    0x50A3, 0x5906, 0x4D48, 0x4D8A, 0x34C4, 0x69AA, 0x5D27, 0x50A4,
    0x5907, 0x40A5, 0x3024, 0x6989, 0x58E5, 0x3D07, 0x34C6, 0x456B,
    0x0C42, 0x7A70, 0x71EB, 0x6587, 0x6127, 0x54E4, 0x50C4, 0x1C43,
    0x3908, 0x7A92, 0x2485, 0x1823, 0x1402, 0x658A, 0x1401, 0x1423,
    0x1844, 0x3003, 0x2023, 0x1023, 0x7AB4, 0x7692, 0x7672, 0x5D06,
    0x0C23, 0x1444, 0x6E51, 0x7AD5, 0x5D07, 0x7B16,
};
static const uint16_t pal_LXMUGG_P[] = {
    0x00FE, 0x0000, 0x49EF, 0x3128, 0x20C6, 0x1884, 0x1C83, 0x1863,
    0x1442, 0x1042, 0x1462, 0x1463, 0x1862, 0x6EB5, 0x6E93, 0x20C5,
    0x2084, 0x1C63, 0x1C62, 0x2083, 0x6EF7, 0x418B, 0x3D4A, 0x416A,
    0x3D49, 0x3D28, 0x3D07, 0x38E6, 0x34C5, 0x30A4, 0x38E5, 0x76D4,
    0x6ED5, 0x5E51, 0x6630, 0x660F, 0x5E0F, 0x65EE, 0x5DCD, 0x5DAC,
    0x5D8A, 0x5569, 0x4D06, 0x4CC5, 0x4CE6, 0x5506, 0x5948, 0x5968,
    0x5969, 0x5989, 0x6A93, 0x6E72, 0x6E51, 0x6A51, 0x6A30, 0x6E71,
    0x7272, 0x6E30, 0x6A0F, 0x6A0E, 0x69EE, 0x65CD, 0x65AC, 0x5949,
    0x50E5, 0x5928, 0x5927, 0x5D49, 0x5D48, 0x5D27, 0x6149, 0x658A,
    0x6169, 0x6589, 0x6168, 0x65AB, 0x65CB, 0x61AA, 0x618A, 0x72D7,
    0x7271, 0x6E50, 0x6A2F, 0x65ED, 0x65CC, 0x54E6, 0x5907, 0x5906,
    0x6189, 0x65AA, 0x69CC, 0x69EC, 0x6E2F, 0x6E0D, 0x6E0F, 0x69ED,
    0x5D47, 0x6148, 0x6147, 0x65A9, 0x61A9, 0x69CB, 0x6A10, 0x6E52,
    0x6E73, 0x5528, 0x618B, 0x5D68, 0x65EC, 0x6A71, 0x6EB3, 0x7293,
    0x5D6B, 0x61AB, 0x5547, 0x5926, 0x616A, 0x69CD, 0x5D26, 0x6568,
    0x6588, 0x69AB, 0x6DCC, 0x6DEC, 0x72B4, 0x6569, 0x6A92, 0x6E31,
    0x6E4F, 0x5D69, 0x6E2E, 0x6E0E, 0x660D, 0x6E10, 0x6E70, 0x61CC,
    0x6127, 0x6188, 0x6A50, 0x724F, 0x7B18, 0x6DED, 0x722E, 0x722D,
    0x5105, 0x69A9, 0x69C9, 0x6A2E, 0x50C4, 0x6AB3, 0x658B, 0x48A4,
    0x4462, 0x4CA4, 0x50C5, 0x7691, 0x7A91, 0x4883, 0x4442, 0x4863,
    0x4483, 0x3C42, 0x4042, 0x4043, 0x4463, 0x4C84, 0x58E5, 0x6A31,
    0x6E53, 0x7274, 0x4063, 0x3C43, 0x4464, 0x4CA5, 0x5E31, 0x6E74,
    0x72B6, 0x72F8, 0x6A53, 0x6632, 0x6A32, 0x4884, 0x4062, 0x4022,
    0x3C63, 0x3822, 0x4885, 0x6673, 0x7AF7, 0x5D06, 0x3821, 0x50A4,
    0x54E5, 0x6EB6, 0x773B, 0x7B3B, 0x7B7D, 0x7B9D, 0x7BBE, 0x777D,
    0x7B5B, 0x5D07, 0x48A5, 0x6A73, 0x7718, 0x775B, 0x4CA6, 0x4484,
    0x3423, 0x3843, 0x4864, 0x4C85, 0x6A72, 0x6650, 0x5DEE, 0x54E4,
    0x4041, 0x4443, 0x554A, 0x6ED8, 0x72FA, 0x773C, 0x7B7E, 0x6F19,
    0x55CE, 0x4D29, 0x44C7, 0x3443, 0x3C44, 0x6F17, 0x7FDF, 0x779E,
    0x58E6, 0x3842, 0x518B, 0x3421, 0x6F1B, 0x4508, 0x7317, 0x3C62,
    0x61EC, 0x512A, 0x5E52, 0x55AD, 0x4507, 0x48E8, 0x55AF, 0x7B9A,
    0x3C83, 0x5905, 0x50E4, 0x7AF8, 0x44C5, 0x4CC3, 0x54C4,
};
static const uint16_t pal_LXMUGH_P[] = {
    0x00FB, 0x0000, 0x1462, 0x1883, 0x1884, 0x18A4, 0x1463, 0x1042,
    0x0C42, 0x1442, 0x1862, 0x2483, 0x1C83, 0x1C84, 0x20A4, 0x20C5,
    0x20C6, 0x38E5, 0x34C5, 0x34A4, 0x34E6, 0x3926, 0x3D28, 0x3D49,
    0x3D47, 0x3506, 0x2882, 0x5968, 0x5168, 0x5547, 0x5126, 0x5989,
    0x5DAA, 0x5DCB, 0x5DEC, 0x620C, 0x620D, 0x5E0C, 0x59C9, 0x59A9,
    0x5588, 0x4D27, 0x44C4, 0x40C3, 0x3CC3, 0x3083, 0x2842, 0x1C41,
    0x0C22, 0x65AB, 0x65AA, 0x6589, 0x6189, 0x6188, 0x6168, 0x5D68,
    0x5947, 0x5D48, 0x5948, 0x5906, 0x5D69, 0x65CB, 0x65EC, 0x6A0D,
    0x6A2D, 0x660C, 0x65EB, 0x61CA, 0x61AA, 0x5DA9, 0x5988, 0x5969,
    0x61CB, 0x61EC, 0x4D05, 0x44A4, 0x3C83, 0x2442, 0x1821, 0x1022,
    0x65CA, 0x65A9, 0x61A9, 0x6A0C, 0x61ED, 0x6A2E, 0x662D, 0x61EB,
    0x48E4, 0x40A3, 0x3443, 0x1822, 0x6DEC, 0x69EC, 0x69CB, 0x69CA,
    0x69EB, 0x618A, 0x6E2D, 0x5D88, 0x48C3, 0x61AB, 0x5D89, 0x65CC,
    0x660D, 0x662E, 0x3C63, 0x69ED, 0x6DED, 0x61CC, 0x6A70, 0x6E91,
    0x6EB1, 0x6A90, 0x6A6F, 0x664E, 0x6E0D, 0x6DEB, 0x6E4F, 0x6A2F,
    0x65EA, 0x6E6F, 0x6E90, 0x72B1, 0x72B2, 0x72D2, 0x76D1, 0x664D,
    0x61EA, 0x3C62, 0x3401, 0x2C23, 0x1C22, 0x1422, 0x0C02, 0x6A0E,
    0x6E70, 0x7291, 0x6A4F, 0x72D3, 0x72F3, 0x3022, 0x3023, 0x6E2E,
    0x6A4E, 0x6EB2, 0x660B, 0x3441, 0x6E0C, 0x76B1, 0x6E4E, 0x726F,
    0x7290, 0x6EB0, 0x6E6E, 0x3422, 0x2422, 0x6E2F, 0x6E50, 0x7292,
    0x72B3, 0x72D4, 0x72D5, 0x76F5, 0x3862, 0x3423, 0x72F5, 0x7716,
    0x72B4, 0x6A71, 0x662C, 0x3842, 0x6E0E, 0x7B15, 0x7B37, 0x7B59,
    0x72F4, 0x7691, 0x72B0, 0x5105, 0x3821, 0x7250, 0x7271, 0x6E71,
    0x7270, 0x76F6, 0x7B7A, 0x7759, 0x7738, 0x3402, 0x76D4, 0x7B38,
    0x775A, 0x5DA8, 0x3002, 0x1002, 0x76B2, 0x7AF5, 0x76D3, 0x7715,
    0x76F4, 0x6A4D, 0x61C9, 0x4883, 0x0C01, 0x76B3, 0x5928, 0x69CC,
    0x58E5, 0x76F3, 0x76D2, 0x6A0B, 0x3841, 0x50A4, 0x54C5, 0x69AA,
    0x7692, 0x6A2C, 0x3822, 0x3403, 0x4CA4, 0x6ED4, 0x6A6E, 0x6147,
    0x69A9, 0x722F, 0x4063, 0x3C22, 0x3802, 0x3C23, 0x3823, 0x722D,
    0x7670, 0x3C43, 0x54C6, 0x58E6, 0x5905, 0x3C42, 0x6E8F, 0x3843,
    0x3824, 0x3424, 0x50A3, 0x6DCB, 0x76F2, 0x7AF3, 0x728F, 0x4863,
    0x4464, 0x3844, 0x658A, 0x76B0,
};
static const uint16_t pal_DKMUGA_P[] = {
    0x00FA, 0x0000, 0x5E97, 0x6AFA, 0x6F3B, 0x737C, 0x6B1A, 0x66FA,
    0x62B9, 0x66D9, 0x66D8, 0x62D5, 0x5AB1, 0x5A8F, 0x528B, 0x4A47,
    0x4A64, 0x4222, 0x39E1, 0x39C2, 0x3DE3, 0x35C2, 0x39E4, 0x31A2,
    0x2D81, 0x2962, 0x18C3, 0x18A4, 0x1484, 0x1887, 0x250A, 0x45F0,
    0x6B19, 0x6AF9, 0x6AFC, 0x731C, 0x731E, 0x5EB7, 0x6F1B, 0x66BA,
    0x66B9, 0x62B7, 0x4A4B, 0x4A25, 0x3E02, 0x3DE2, 0x3E03, 0x39E3,
    0x39A3, 0x2961, 0x35A4, 0x14A3, 0x1465, 0x2D2B, 0x5674, 0x6F1A,
    0x5EBA, 0x62D9, 0x62D7, 0x5691, 0x4A2A, 0x4606, 0x4223, 0x3E22,
    0x3A02, 0x3A03, 0x3E05, 0x4644, 0x4646, 0x4224, 0x35C1, 0x35C5,
    0x2561, 0x14A1, 0x1062, 0x1487, 0x1CA8, 0x2D4D, 0x5694, 0x731A,
    0x6F1E, 0x66B8, 0x62B6, 0x5A73, 0x524A, 0x4203, 0x3DC3, 0x5285,
    0x31A1, 0x2D83, 0x2523, 0x18A3, 0x356D, 0x5EB6, 0x7319, 0x4A09,
    0x5286, 0x4E84, 0x4643, 0x39E2, 0x2563, 0x1CE4, 0x39AF, 0x72FB,
    0x6F1C, 0x6B1B, 0x6299, 0x62D8, 0x5A93, 0x4E4D, 0x4228, 0x4EC3,
    0x1900, 0x1CC9, 0x39CE, 0x5AB6, 0x66F8, 0x6298, 0x6297, 0x6296,
    0x526E, 0x4A68, 0x4241, 0x4A63, 0x52C3, 0x4221, 0x2520, 0x20C3,
    0x1CE7, 0x316B, 0x5672, 0x6AF7, 0x62B8, 0x5E98, 0x5A95, 0x4E73,
    0x4A30, 0x2DA4, 0x2944, 0x2104, 0x1864, 0x24E9, 0x4610, 0x6B3B,
    0x5670, 0x3DED, 0x4E2F, 0x4E4E, 0x462E, 0x464F, 0x20E7, 0x5E96,
    0x4E2D, 0x45EB, 0x3DE6, 0x41E9, 0x420A, 0x460C, 0x464B, 0x3DC2,
    0x3E01, 0x2929, 0x318D, 0x6317, 0x6678, 0x3DE8, 0x3E06, 0x4648,
    0x3E42, 0x3A22, 0x3601, 0x671A, 0x5E77, 0x5A76, 0x3DA8, 0x39A5,
    0x3E41, 0x1D02, 0x2544, 0x14E3, 0x62F8, 0x66F9, 0x5E76, 0x62B5,
    0x5230, 0x41E6, 0x39C3, 0x3E23, 0x20E5, 0x1D07, 0x4A14, 0x777E,
    0x5E78, 0x5A77, 0x4A27, 0x41E5, 0x1D04, 0x1524, 0x1D09, 0x6277,
    0x6293, 0x524D, 0x4202, 0x4622, 0x4603, 0x5E57, 0x5A97, 0x5A75,
    0x5A71, 0x3E82, 0x35C6, 0x35A7, 0x522F, 0x522D, 0x2DC0, 0x3162,
    0x4A87, 0x4623, 0x2922, 0x5658, 0x4683, 0x5A56, 0x5A57, 0x568F,
    0x4A23, 0x5696, 0x5656, 0x4E8E, 0x568D, 0x3E09, 0x5636, 0x5635,
    0x5693, 0x46A5, 0x4E8D, 0x41E3, 0x6F5C, 0x737B, 0x5ED4, 0x5ED3,
    0x5AD0, 0x5ACF, 0x5ED6, 0x739C, 0x6F5A, 0x6B59, 0x6719, 0x6B3A,
    0x62F9, 0x6F3A, 0x5A96,
};
static const uint16_t pal_DKMUGB_P[] = {
    0x00FC, 0x0000, 0x733E, 0x7B3E, 0x7B1D, 0x7B7F, 0x7B9F, 0x775F,
    0x779F, 0x777F, 0x735F, 0x735E, 0x6F1E, 0x671A, 0x5A97, 0x5ED5,
    0x460C, 0x3165, 0x39E7, 0x4A67, 0x4A65, 0x4EA7, 0x4A84, 0x4261,
    0x39E1, 0x35E1, 0x35C2, 0x2562, 0x2522, 0x1D03, 0x31A3, 0x3E04,
    0x4224, 0x4226, 0x4645, 0x4646, 0x3E06, 0x3DEB, 0x5271, 0x5694,
    0x5253, 0x4E32, 0x358C, 0x2509, 0x20E8, 0x18C7, 0x6EFD, 0x733D,
    0x6B3A, 0x5273, 0x5691, 0x35C4, 0x4624, 0x3A21, 0x3A02, 0x2981,
    0x2962, 0x4203, 0x4205, 0x4225, 0x4648, 0x4A69, 0x466A, 0x4A8B,
    0x462B, 0x464C, 0x4E6D, 0x41EC, 0x460F, 0x6EFE, 0x775E, 0x737F,
    0x737E, 0x6F1C, 0x671D, 0x5AF8, 0x4E51, 0x426F, 0x35A4, 0x3A61,
    0x39E3, 0x2560, 0x1D21, 0x2964, 0x4204, 0x3E22, 0x3E23, 0x3E42,
    0x3E45, 0x35A9, 0x41EB, 0x31AA, 0x6F5E, 0x62F7, 0x5A93, 0x3DE8,
    0x2961, 0x39C3, 0x4625, 0x4242, 0x3163, 0x39E4, 0x3E03, 0x3DE3,
    0x4629, 0x4A2B, 0x316B, 0x5F1A, 0x5F17, 0x56D4, 0x4E8F, 0x4E89,
    0x3E28, 0x4A2D, 0x4A2E, 0x398D, 0x673E, 0x56B7, 0x3A03, 0x3603,
    0x2E01, 0x3601, 0x39E2, 0x5272, 0x398F, 0x1CC8, 0x62D9, 0x4E52,
    0x2D82, 0x3E02, 0x4A09, 0x5235, 0x777E, 0x3DED, 0x360B, 0x3A22,
    0x3A23, 0x4A4B, 0x526F, 0x5673, 0x5274, 0x3DCE, 0x2D84, 0x5655,
    0x5A77, 0x731B, 0x735B, 0x39A9, 0x4E4E, 0x5E77, 0x72FB, 0x62DA,
    0x3167, 0x35A6, 0x3DE2, 0x4E90, 0x5693, 0x5A75, 0x5A76, 0x4E14,
    0x356E, 0x6EFB, 0x2D46, 0x3DC2, 0x39A3, 0x4E8D, 0x5255, 0x5676,
    0x777D, 0x6B39, 0x5252, 0x2948, 0x20E4, 0x2923, 0x3DC3, 0x41E4,
    0x31A1, 0x39C2, 0x4A27, 0x528D, 0x5A8F, 0x526D, 0x4E74, 0x6739,
    0x6F5C, 0x1D25, 0x1CE3, 0x2DE1, 0x52CA, 0x41E9, 0x5A95, 0x5675,
    0x5677, 0x5657, 0x35CB, 0x4A30, 0x4610, 0x3148, 0x20E3, 0x5AB1,
    0x5231, 0x5A57, 0x2504, 0x2121, 0x5E76, 0x396E, 0x2DC4, 0x5658,
    0x5257, 0x5256, 0x5656, 0x1CE0, 0x5A78, 0x5A56, 0x396D, 0x2DC2,
    0x5638, 0x5636, 0x24E1, 0x5672, 0x5E57, 0x5A35, 0x5A37, 0x3604,
    0x41E7, 0x5674, 0x39A5, 0x5654, 0x35C6, 0x5A72, 0x5276, 0x5254,
    0x49F4, 0x3161, 0x4DF3, 0x4E36, 0x5EB8, 0x5ED7, 0x5E99, 0x5EB9,
    0x5E98, 0x5AB8, 0x5A98, 0x6716, 0x6315, 0x316D, 0x62F4, 0x5AD3,
    0x5A99, 0x62B7, 0x62B8, 0x5275, 0x41D1,
};
static const uint16_t pal_DKMUGC_P[] = {
    0x00FD, 0x0000, 0x66D9, 0x733B, 0x7359, 0x5A91, 0x45EA, 0x3DA7,
    0x4E4B, 0x39C8, 0x3185, 0x31A7, 0x2D86, 0x3A29, 0x4ACE, 0x466B,
    0x35C7, 0x2504, 0x18A3, 0x1CC4, 0x18C3, 0x20E3, 0x24C5, 0x2926,
    0x1063, 0x1865, 0x354D, 0x5A56, 0x62B6, 0x1CC7, 0x51F6, 0x7BBF,
    0x7B7F, 0x7FDF, 0x5EBA, 0x106B, 0x18B1, 0x62DD, 0x7B3E, 0x6AFB,
    0x72FC, 0x7B3B, 0x7233, 0x5D2B, 0x737B, 0x3166, 0x3E07, 0x2D85,
    0x2DE6, 0x29C9, 0x2944, 0x1884, 0x1065, 0x1846, 0x5EB7, 0x6EFC,
    0x731D, 0x39AE, 0x0826, 0x779F, 0x671B, 0x18AE, 0x044F, 0x0890,
    0x2515, 0x6B5D, 0x777F, 0x733E, 0x7B5D, 0x6F1C, 0x735C, 0x5AB3,
    0x4A2D, 0x2544, 0x3EAF, 0x3A4D, 0x3AA9, 0x1486, 0x18A9, 0x66B8,
    0x45F4, 0x4A3A, 0x39B6, 0x2D98, 0x35B9, 0x5ABD, 0x62F4, 0x3DE7,
    0x39A5, 0x25A4, 0x2E4A, 0x3A86, 0x3627, 0x1466, 0x2CEB, 0x6F19,
    0x6F1B, 0x0C2C, 0x1470, 0x6F1E, 0x739C, 0x66D7, 0x5672, 0x460A,
    0x3A47, 0x3647, 0x2E2C, 0x28CC, 0x66DA, 0x2D52, 0x6AF8, 0x5EB4,
    0x2DC4, 0x2122, 0x290D, 0x6F5E, 0x4636, 0x39B2, 0x3E18, 0x62B4,
    0x526E, 0x4668, 0x2924, 0x3152, 0x20D1, 0x084A, 0x106C, 0x084E,
    0x5A79, 0x4646, 0x470B, 0x1484, 0x1026, 0x088E, 0x208B, 0x28AA,
    0x24A9, 0x5ACF, 0x4209, 0x3E45, 0x4AA9, 0x4F0D, 0x4AA5, 0x3605,
    0x1483, 0x1025, 0x1848, 0x2888, 0x34C8, 0x30A7, 0x1428, 0x5691,
    0x3DE4, 0x4226, 0x35E5, 0x2466, 0x51D0, 0x1829, 0x5692, 0x7B9D,
    0x1449, 0x1825, 0x1827, 0x102B, 0x35C2, 0x1886, 0x49D3, 0x0842,
    0x2469, 0x184A, 0x66BD, 0x41E6, 0x31A2, 0x52C9, 0x4644, 0x2963,
    0x084C, 0x042D, 0x62D3, 0x3E04, 0x1D02, 0x2D83, 0x042F, 0x046D,
    0x6B16, 0x4224, 0x4243, 0x1CE1, 0x14C1, 0x4A67, 0x3A01, 0x6718,
    0x6F7A, 0x4E2B, 0x14E4, 0x14C2, 0x3603, 0x39E3, 0x2542, 0x20C8,
    0x4E31, 0x20EA, 0x739A, 0x5ED2, 0x4A68, 0x31C1, 0x3E02, 0x2541,
    0x2582, 0x0C70, 0x6B58, 0x5AD1, 0x1481, 0x45F9, 0x3E42, 0x1D25,
    0x2526, 0x62BA, 0x631E, 0x2D46, 0x41EF, 0x3E81, 0x2D81, 0x4283,
    0x3E41, 0x673C, 0x5ED4, 0x4A65, 0x2961, 0x6AF7, 0x52D2, 0x6313,
    0x3641, 0x0CC3, 0x6AFE, 0x2121, 0x3621, 0x5694, 0x5309, 0x25A1,
    0x290A, 0x5ED7, 0x31A1, 0x4A27, 0x39A3, 0x0C84, 0x6AB9, 0x526B,
    0x5287, 0x4A29, 0x5266, 0x39C1, 0x2DC2, 0x56B6,
};
static const uint16_t pal_DKMUGD_P[] = {
    0x00FF, 0x0000, 0x5CE9, 0x60EC, 0x71D3, 0x7F5D, 0x7FDF, 0x7B9F,
    0x779F, 0x4A55, 0x0C69, 0x0874, 0x18D5, 0x567A, 0x4632, 0x146D,
    0x6B3D, 0x6F5F, 0x777F, 0x5EFC, 0x569C, 0x62FC, 0x5EF9, 0x35AE,
    0x1064, 0x0822, 0x1463, 0x18A3, 0x2905, 0x2D85, 0x31A2, 0x39E4,
    0x4649, 0x2DA0, 0x2963, 0x2D82, 0x2121, 0x2562, 0x2522, 0x35E4,
    0x18C2, 0x18C4, 0x7F3B, 0x7AFA, 0x4E59, 0x08AF, 0x0450, 0x0CB6,
    0x5ABC, 0x52B9, 0x20D2, 0x62FE, 0x5ADB, 0x35D1, 0x0424, 0x0824,
    0x1466, 0x18A5, 0x2505, 0x4227, 0x2561, 0x1081, 0x35C3, 0x18D1,
    0x0C71, 0x24F6, 0x671F, 0x5F1D, 0x14AE, 0x004C, 0x2935, 0x6B3F,
    0x0445, 0x0C64, 0x1084, 0x2D66, 0x2DE4, 0x2DA7, 0x1D02, 0x14C0,
    0x1D21, 0x3E04, 0x3602, 0x2582, 0x777D, 0x739D, 0x042C, 0x6F5D,
    0x52BA, 0x1483, 0x2545, 0x2D65, 0x631D, 0x4E99, 0x14A6, 0x1CC7,
    0x1925, 0x0CA2, 0x3666, 0x3644, 0x3A64, 0x4678, 0x52DB, 0x675E,
    0x5EBB, 0x18E9, 0x3627, 0x2E04, 0x4AA9, 0x3EC8, 0x3AA5, 0x3A03,
    0x733F, 0x4A3A, 0x0C6B, 0x28AD, 0x186A, 0x3177, 0x567C, 0x4E97,
    0x20E9, 0x28A7, 0x3DE9, 0x4687, 0x4647, 0x46C6, 0x042B, 0x206C,
    0x248B, 0x2CAB, 0x34CA, 0x38CC, 0x086E, 0x1514, 0x39DA, 0x3E5B,
    0x56FD, 0x252B, 0x4B29, 0x4307, 0x7B7F, 0x084D, 0x0828, 0x30A7,
    0x206B, 0x044F, 0x0452, 0x35B7, 0x35A7, 0x3E66, 0x530A, 0x3E42,
    0x3601, 0x0007, 0x080A, 0x2489, 0x2467, 0x2CC9, 0x2CCA, 0x4DF0,
    0x2CA8, 0x1C48, 0x106B, 0x1471, 0x0C93, 0x3184, 0x4244, 0x4EC7,
    0x4684, 0x4EA6, 0x39E3, 0x1049, 0x1827, 0x1425, 0x0890, 0x5EDE,
    0x6AFD, 0x5F1E, 0x2E01, 0x2DE1, 0x3E26, 0x3643, 0x4223, 0x14C2,
    0x0028, 0x042F, 0x45FB, 0x52C9, 0x46C5, 0x35E1, 0x3A21, 0x4224,
    0x4243, 0x7B3E, 0x044B, 0x0C2D, 0x0C72, 0x0886, 0x2DC2, 0x0490,
    0x1475, 0x214D, 0x0C46, 0x35C7, 0x2580, 0x3E81, 0x3A41, 0x2932,
    0x5277, 0x2DAF, 0x4A85, 0x4283, 0x4639, 0x1D12, 0x0CD1, 0x2990,
    0x46C3, 0x18E1, 0x56FE, 0x463C, 0x20E3, 0x4A83, 0x2961, 0x4A7B,
    0x2506, 0x2509, 0x18A1, 0x4A65, 0x31A1, 0x39E1, 0x1D2A, 0x4261,
    0x56B7, 0x2923, 0x6EFF, 0x571D, 0x3A32, 0x733D, 0x52F9, 0x3A2E,
    0x2584, 0x62DB, 0x1D63, 0x1940, 0x29AA, 0x2D4A, 0x462E, 0x39E6,
    0x3168, 0x673B, 0x39A7, 0x41EC, 0x41CB, 0x56D2, 0x3661, 0x62F6,
};
static const uint16_t pal_DKMUGE_P[] = {
    0x00FF, 0x0000, 0x65AE, 0x764E, 0x7252, 0x76D6, 0x7B1A, 0x7B5D,
    0x7B3E, 0x7B7E, 0x7B9F, 0x5EB9, 0x28A9, 0x0C29, 0x040A, 0x084E,
    0x144C, 0x2829, 0x4446, 0x5424, 0x5803, 0x6823, 0x5044, 0x2422,
    0x1023, 0x1044, 0x1025, 0x454E, 0x49D2, 0x34C9, 0x2825, 0x38A6,
    0x352A, 0x392D, 0x6A4D, 0x779E, 0x771D, 0x6699, 0x18AA, 0x0006,
    0x002D, 0x004F, 0x002E, 0x084D, 0x3825, 0x5466, 0x5824, 0x3422,
    0x1825, 0x55D1, 0x458F, 0x59AE, 0x777E, 0x6F1E, 0x49D5, 0x0409,
    0x08AE, 0x144A, 0x3849, 0x4C46, 0x0C21, 0x0C45, 0x0425, 0x1046,
    0x1865, 0x5632, 0x4402, 0x6045, 0x6424, 0x7B3D, 0x292E, 0x082C,
    0x1C02, 0x1462, 0x7064, 0x7AAE, 0x7AD1, 0x7AF8, 0x5A79, 0x24CD,
    0x4045, 0x0C25, 0x1866, 0x5E55, 0x44A6, 0x6C65, 0x6E8D, 0x5637,
    0x1026, 0x6655, 0x6632, 0x4C05, 0x6027, 0x5026, 0x4C26, 0x5869,
    0x6469, 0x004D, 0x4C44, 0x4869, 0x54CE, 0x5532, 0x6DF8, 0x65D5,
    0x5D74, 0x55D6, 0x0807, 0x0090, 0x0050, 0x0C2F, 0x5E56, 0x494A,
    0x50AB, 0x71C9, 0x69AA, 0x080B, 0x48AA, 0x5654, 0x554D, 0x773E,
    0x72FD, 0x6ADD, 0x6E6A, 0x6525, 0x5083, 0x1C00, 0x5A34, 0x4424,
    0x6ABA, 0x6EDA, 0x6EB9, 0x654A, 0x0C46, 0x66B6, 0x72FB, 0x592B,
    0x5615, 0x608A, 0x34AD, 0x6679, 0x54A7, 0x775D, 0x7FDF, 0x1C26,
    0x2CA7, 0x564D, 0x5A36, 0x65D1, 0x4546, 0x38C2, 0x3971, 0x5C47,
    0x66F9, 0x1CA5, 0x2CC6, 0x7F30, 0x5E2A, 0x1420, 0x656E, 0x086B,
    0x18A3, 0x6E8B, 0x7F0D, 0x7AC9, 0x4921, 0x66BA, 0x76B8, 0x2884,
    0x59A9, 0x44C1, 0x7F09, 0x7EA6, 0x6E03, 0x24C2, 0x4551, 0x72BB,
    0x44CC, 0x7A45, 0x5561, 0x20A5, 0x6047, 0x6175, 0x2511, 0x65C5,
    0x2086, 0x20C6, 0x66DB, 0x4A36, 0x55A6, 0x1C41, 0x1C63, 0x2927,
    0x35B2, 0x6DC2, 0x20C4, 0x2949, 0x6B3A, 0x72F9, 0x5865, 0x7A22,
    0x6ED9, 0x1D0E, 0x71E2, 0x5D82, 0x1441, 0x3547, 0x458B, 0x0849,
    0x7649, 0x35CA, 0x39B5, 0x4A59, 0x446C, 0x4E33, 0x046B, 0x4D86,
    0x6E04, 0x3D22, 0x048B, 0x1CC7, 0x2904, 0x1CC5, 0x5E9D, 0x66D2,
    0x5AB2, 0x18A7, 0x2DB0, 0x2D47, 0x29AF, 0x31CE, 0x2506, 0x2505,
    0x5A95, 0x14A5, 0x1D06, 0x2545, 0x45D8, 0x6825, 0x4E2D, 0x2D45,
    0x29AA, 0x2923, 0x3954, 0x790A, 0x70A7, 0x6716, 0x568F, 0x4A2B,
    0x35A6, 0x362F, 0x1491, 0x6886, 0x2986, 0x328C, 0x14F4, 0x6C66,
};
static const uint16_t pal_DKMUGF_P[] = {
    0x00FE, 0x0000, 0x3D51, 0x49B1, 0x5A56, 0x6676, 0x59D1, 0x592E,
    0x4889, 0x4445, 0x69D5, 0x76DD, 0x6B1F, 0x62BC, 0x5659, 0x3549,
    0x24E6, 0x3844, 0x34A6, 0x2C23, 0x2C64, 0x2043, 0x1843, 0x1023,
    0x0C24, 0x0822, 0x0C44, 0x0826, 0x0C47, 0x088A, 0x0849, 0x24E9,
    0x59A9, 0x76D5, 0x7F7D, 0x3002, 0x2002, 0x1802, 0x5846, 0x6A79,
    0x6B1D, 0x6ADA, 0x2C43, 0x1044, 0x1487, 0x2929, 0x1D0A, 0x18C9,
    0x1027, 0x1C25, 0x552A, 0x652D, 0x7B3B, 0x44A5, 0x6424, 0x6445,
    0x6845, 0x64A6, 0x6C66, 0x7066, 0x588A, 0x771D, 0x567D, 0x2C24,
    0x0445, 0x1D4D, 0x294E, 0x14AE, 0x2025, 0x4C02, 0x79D0, 0x2401,
    0x6C25, 0x6823, 0x78C9, 0x5469, 0x7216, 0x7B3D, 0x6ABC, 0x492D,
    0x1043, 0x1024, 0x2046, 0x5402, 0x6467, 0x76BA, 0x733F, 0x2867,
    0x39AE, 0x14E7, 0x0404, 0x1028, 0x6027, 0x6449, 0x58CD, 0x48AE,
    0x5EBD, 0x62BF, 0x4572, 0x2445, 0x1844, 0x0466, 0x2DAE, 0x1827,
    0x2826, 0x5914, 0x5D31, 0x5978, 0x69D9, 0x59DA, 0x59DD, 0x497A,
    0x4977, 0x44B2, 0x60CD, 0x62DD, 0x1046, 0x7B7F, 0x737F, 0x7BBF,
    0x6F5F, 0x49B6, 0x5EDE, 0x4E5C, 0x6B3B, 0x1866, 0x1CC7, 0x6EFE,
    0x6ABE, 0x775D, 0x5DF4, 0x4C49, 0x5EBE, 0x1484, 0x1D26, 0x6ADD,
    0x66FF, 0x45CE, 0x2526, 0x0886, 0x7FDF, 0x779F, 0x64AA, 0x6551,
    0x18A4, 0x58A6, 0x671E, 0x5A97, 0x1CC4, 0x3883, 0x5926, 0x58A3,
    0x316D, 0x4E56, 0x4A59, 0x2993, 0x0CAC, 0x2926, 0x4946, 0x4D02,
    0x59CE, 0x6A31, 0x5EDD, 0x5ABA, 0x39B1, 0x673D, 0x3E34, 0x3526,
    0x65AA, 0x5A32, 0x65ED, 0x6A2E, 0x7672, 0x6EB2, 0x6EB6, 0x4632,
    0x4929, 0x40A3, 0x38CD, 0x3DF5, 0x1CA6, 0x2D47, 0x2147, 0x35A9,
    0x45CA, 0x4A2D, 0x30AA, 0x2524, 0x14E5, 0x29A8, 0x2C69, 0x2D85,
    0x2565, 0x464A, 0x7B16, 0x76B2, 0x2026, 0x3C49, 0x569D, 0x1D02,
    0x35C7, 0x3E0C, 0x2925, 0x18C2, 0x2965, 0x654A, 0x3A48, 0x39E7,
    0x2123, 0x35C5, 0x3A45, 0x39A7, 0x3C4C, 0x6593, 0x4266, 0x46A6,
    0x2542, 0x2521, 0x2962, 0x31A5, 0x3603, 0x39E4, 0x3587, 0x486C,
    0x38F1, 0x4A9D, 0x56BE, 0x5F1F, 0x1CF0, 0x28CF, 0x2DA3, 0x3E87,
    0x35C3, 0x28D1, 0x246D, 0x49F9, 0x7679, 0x675D, 0x3E12, 0x4AA8,
    0x2141, 0x4707, 0x2961, 0x3DB9, 0x56FE, 0x1D80, 0x798F, 0x7086,
    0x56DC, 0x6F9F, 0x2555, 0x002E, 0x0C93, 0x6F7D, 0x2551,
};
static const uint16_t pal_DKMUGG_P[] = {
    0x00FB, 0x0000, 0x3929, 0x2002, 0x1802, 0x1022, 0x0C22, 0x1867,
    0x2929, 0x14C9, 0x0842, 0x1044, 0x18A6, 0x0442, 0x1443, 0x0841,
    0x550A, 0x3023, 0x1C21, 0x28AA, 0x0820, 0x28C5, 0x1CA3, 0x5D6B,
    0x64C9, 0x294D, 0x2926, 0x614A, 0x5D09, 0x454A, 0x3001, 0x2C23,
    0x1844, 0x4A32, 0x49CD, 0x0445, 0x0845, 0x1843, 0x3D88, 0x20C2,
    0x4CA6, 0x4022, 0x5442, 0x5863, 0x58A5, 0x3843, 0x2449, 0x38ED,
    0x5635, 0x6F3A, 0x66B5, 0x5A2F, 0x59CB, 0x3947, 0x49A9, 0x4566,
    0x5E09, 0x696D, 0x596C, 0x48A9, 0x4845, 0x64C5, 0x6CA4, 0x78C4,
    0x756A, 0x75CE, 0x5906, 0x2421, 0x2067, 0x3571, 0x7FBF, 0x7B7E,
    0x7B7D, 0x777A, 0x7AD2, 0x0866, 0x0446, 0x6A4D, 0x662A, 0x6626,
    0x58E8, 0x5045, 0x6084, 0x68A3, 0x70A2, 0x74C3, 0x7526, 0x7E4D,
    0x7DC9, 0x7124, 0x6905, 0x1829, 0x6EDA, 0x7FDF, 0x775D, 0x34A6,
    0x7377, 0x5E27, 0x64C6, 0x78C3, 0x7D45, 0x7E0B, 0x7523, 0x1824,
    0x1C26, 0x28CD, 0x77BE, 0x773D, 0x5611, 0x0825, 0x1024, 0x1001,
    0x612B, 0x59AE, 0x6529, 0x6CC5, 0x7D26, 0x7D67, 0x565A, 0x0407,
    0x0826, 0x6F17, 0x5D2A, 0x7D24, 0x7DA6, 0x7DA5, 0x4843, 0x352D,
    0x0C4B, 0x0425, 0x61AD, 0x6929, 0x7DC6, 0x3427, 0x0403, 0x002C,
    0x004D, 0x45D1, 0x0885, 0x556B, 0x5529, 0x61AE, 0x3024, 0x002B,
    0x004F, 0x0028, 0x18AC, 0x0487, 0x0887, 0x7062, 0x7DC5, 0x2804,
    0x59F6, 0x004A, 0x0468, 0x65CF, 0x5C81, 0x3CCB, 0x779D, 0x002E,
    0x0C29, 0x6C63, 0x4401, 0x3C03, 0x4E35, 0x0868, 0x5861, 0x44CD,
    0x080C, 0x5844, 0x4801, 0x65F5, 0x5AB7, 0x4822, 0x5423, 0x2C67,
    0x4551, 0x08A8, 0x6864, 0x6C23, 0x6443, 0x2427, 0x0C0A, 0x5001,
    0x5C03, 0x04C8, 0x04A9, 0x69AB, 0x6841, 0x6421, 0x6003, 0x2424,
    0x5AB8, 0x2043, 0x65ED, 0x6969, 0x0071, 0x08AA, 0x0CEB, 0x2C64,
    0x2044, 0x7883, 0x4043, 0x3DB2, 0x3444, 0x2C43, 0x7A8F, 0x7F9D,
    0x1066, 0x2D51, 0x0091, 0x008F, 0x08C9, 0x3463, 0x3447, 0x6A58,
    0x76FC, 0x6087, 0x5571, 0x0030, 0x150B, 0x3844, 0x5868, 0x150C,
    0x04AA, 0x69F1, 0x102D, 0x3468, 0x6653, 0x76DA, 0x777E, 0x0072,
    0x5C04, 0x5066, 0x6D8C, 0x6DCF, 0x086F, 0x5405, 0x3C24, 0x773E,
    0x7B3E, 0x696B, 0x71F0, 0x6A56, 0x6DAE, 0x7B3C, 0x1426, 0x7211,
    0x3596, 0x4E3A, 0x56BD, 0x41B5,
};
static const uint16_t pal_DKMUGH_P[] = {
    0x00FF, 0x0000, 0x1CC5, 0x24C5, 0x0C43, 0x0424, 0x0445, 0x0823,
    0x1044, 0x1CC6, 0x1883, 0x0801, 0x1463, 0x18A5, 0x0C41, 0x0422,
    0x0442, 0x1886, 0x1422, 0x1802, 0x28E5, 0x0C45, 0x20E6, 0x1441,
    0x1801, 0x2D27, 0x2D04, 0x24C3, 0x2509, 0x49A9, 0x4DA6, 0x45A6,
    0x3968, 0x3124, 0x3523, 0x2D02, 0x3126, 0x3D6E, 0x3DAE, 0x1C42,
    0x2422, 0x6649, 0x5E09, 0x55E9, 0x560B, 0x51C7, 0x4DC6, 0x49A4,
    0x4565, 0x3945, 0x28E3, 0x0C24, 0x312A, 0x354A, 0x2444, 0x2C03,
    0x3002, 0x6E8A, 0x6A6D, 0x51EA, 0x2CA4, 0x38E7, 0x622D, 0x55C4,
    0x51A5, 0x354D, 0x2507, 0x1401, 0x2C24, 0x3024, 0x3803, 0x4002,
    0x562C, 0x20A4, 0x0867, 0x1848, 0x392C, 0x6A90, 0x5E06, 0x4DC5,
    0x1466, 0x2424, 0x3044, 0x664A, 0x0848, 0x0C4A, 0x24A9, 0x6271,
    0x59E9, 0x4584, 0x0400, 0x1024, 0x1C24, 0x2401, 0x3C01, 0x4401,
    0x626E, 0x14A7, 0x668F, 0x3D85, 0x0826, 0x0447, 0x0426, 0x2C44,
    0x4168, 0x72D1, 0x3927, 0x3D47, 0x59E7, 0x2843, 0x6A27, 0x20A3,
    0x4802, 0x1485, 0x6E49, 0x4844, 0x6629, 0x59E5, 0x1C60, 0x1C44,
    0x2443, 0x2820, 0x2061, 0x1826, 0x3D89, 0x0828, 0x0449, 0x0428,
    0x1027, 0x3400, 0x3063, 0x4443, 0x3C63, 0x38C4, 0x5546, 0x3CA5,
    0x2C82, 0x72AC, 0x48C1, 0x54C6, 0x40C6, 0x252D, 0x4D44, 0x76AB,
    0x7E66, 0x65A2, 0x3860, 0x4843, 0x49D2, 0x3881, 0x6A29, 0x7E87,
    0x7E23, 0x60E6, 0x4A16, 0x56D7, 0x046A, 0x5DA6, 0x7AAD, 0x7E21,
    0x7E25, 0x7A68, 0x3DB1, 0x77BE, 0x726A, 0x7EEB, 0x7E65, 0x7E43,
    0x7226, 0x5064, 0x28ED, 0x6F5C, 0x5F1A, 0x14A9, 0x5984, 0x7ECC,
    0x5AB9, 0x0C88, 0x7E89, 0x7E85, 0x5522, 0x5003, 0x777D, 0x35B6,
    0x7B0D, 0x350D, 0x737E, 0x6F3C, 0x3440, 0x66F9, 0x673F, 0x394A,
    0x4526, 0x7646, 0x7B7E, 0x7739, 0x55A6, 0x6F3A, 0x671C, 0x49CF,
    0x4D24, 0x7229, 0x6DC6, 0x1847, 0x5212, 0x7668, 0x54E2, 0x4926,
    0x7625, 0x4C20, 0x465A, 0x4A9B, 0x4ABC, 0x3E15, 0x206A, 0x2027,
    0x5148, 0x724C, 0x7A8A, 0x4441, 0x35F8, 0x3E39, 0x465C, 0x56DE,
    0x5EBF, 0x567A, 0x3972, 0x2067, 0x3085, 0x34C5, 0x5ADD, 0x5F1E,
    0x56BE, 0x5EFE, 0x56DD, 0x62DF, 0x5A9D, 0x34A6, 0x2087, 0x3D6D,
    0x65E8, 0x7689, 0x7E28, 0x7B98, 0x5DCC, 0x567E, 0x6F5F, 0x6B3E,
    0x45B5, 0x2C87, 0x000A, 0x660B, 0x768E, 0x7AAF, 0x3CA7, 0x3C44,
};
static const uint16_t pal_SMMUGA_P[] = {
    0x00FE, 0x0000, 0x7F3D, 0x7F5D, 0x7F9D, 0x7F1D, 0x7EFD, 0x7EDD,
    0x7EDC, 0x7EBC, 0x7EDB, 0x7EDA, 0x7F5B, 0x416A, 0x1864, 0x5635,
    0x4633, 0x1CC9, 0x252C, 0x4E95, 0x3E31, 0x360F, 0x1486, 0x24E6,
    0x352A, 0x4DF0, 0x3129, 0x28E8, 0x39AC, 0x1CA6, 0x24E8, 0x20A6,
    0x2CC7, 0x3929, 0x4D4A, 0x516B, 0x5D8C, 0x596A, 0x598B, 0x61AD,
    0x61AC, 0x69CD, 0x6DEE, 0x69AB, 0x69AC, 0x7F3C, 0x7F9E, 0x7F5E,
    0x7F1E, 0x7F3E, 0x7EFC, 0x7EF9, 0x7275, 0x2444, 0x4DCF, 0x1C85,
    0x0C44, 0x35D1, 0x2DD1, 0x252B, 0x2D2A, 0x5A73, 0x41AE, 0x4610,
    0x20A5, 0x516C, 0x61CD, 0x618B, 0x65AD, 0x65AC, 0x5D8B, 0x7AFC,
    0x7235, 0x69F1, 0x2865, 0x1423, 0x1465, 0x1466, 0x14A9, 0x294F,
    0x256F, 0x2D8F, 0x2D4A, 0x5674, 0x5EB4, 0x2D6C, 0x354C, 0x498B,
    0x65CE, 0x5DAB, 0x556A, 0x514B, 0x514A, 0x4508, 0x2423, 0x1C66,
    0x24EB, 0x3DD0, 0x3DB0, 0x4A11, 0x5210, 0x5A51, 0x30E6, 0x1001,
    0x2D08, 0x2D09, 0x1863, 0x3107, 0x3D07, 0x4528, 0x558D, 0x598A,
    0x7B3C, 0x5DF2, 0x2CA6, 0x6AF7, 0x6273, 0x28A5, 0x356A, 0x558B,
    0x5149, 0x4D49, 0x7F1C, 0x7EFE, 0x76FA, 0x6EB7, 0x6275, 0x7718,
    0x72B7, 0x7B7C, 0x6AB5, 0x3CE8, 0x3D2A, 0x396A, 0x2D29, 0x49AD,
    0x5DCD, 0x7B3D, 0x7656, 0x7E99, 0x40E8, 0x3949, 0x34E8, 0x412A,
    0x618C, 0x7AFB, 0x5DB1, 0x34A9, 0x34EA, 0x24C5, 0x59AB, 0x4529,
    0x4549, 0x76B9, 0x5D8F, 0x3CE7, 0x5D8A, 0x516A, 0x76D9, 0x3085,
    0x4929, 0x556E, 0x40A9, 0x556B, 0x4129, 0x7E9A, 0x6E36, 0x38A7,
    0x558F, 0x6A73, 0x5E2F, 0x7E9B, 0x7E7A, 0x492C, 0x394C, 0x7E79,
    0x1802, 0x41AC, 0x55EF, 0x7F5C, 0x7EBB, 0x7ADB, 0x6E35, 0x4128,
    0x7F9C, 0x7E9C, 0x7EBA, 0x2425, 0x28A8, 0x4108, 0x2908, 0x6234,
    0x3046, 0x4589, 0x2D07, 0x418B, 0x7EBD, 0x7A56, 0x512D, 0x456C,
    0x4DAE, 0x3549, 0x2929, 0x2508, 0x1CC6, 0x7636, 0x3147, 0x18A3,
    0x4D2B, 0x69F3, 0x48EA, 0x41CD, 0x39CC, 0x358A, 0x398A, 0x2507,
    0x2D28, 0x28C5, 0x7EDE, 0x4DED, 0x2905, 0x35A9, 0x2928, 0x7F1B,
    0x6E56, 0x2D69, 0x7E5A, 0x7A9A, 0x6613, 0x39CE, 0x41EF, 0x358C,
    0x1CC5, 0x7E7B, 0x61D1, 0x65F3, 0x6570, 0x4D4C, 0x7EFB, 0x7EBE,
    0x7E9D, 0x7638, 0x6DF4, 0x6591, 0x7A39, 0x7E5B, 0x7A3A, 0x7A7B,
    0x7F7C, 0x7F7D, 0x7FFF, 0x7B5C, 0x7EFA, 0x7F3B, 0x7F1A,
};
static const uint16_t pal_SMMUGB_P[] = {
    0x00FB, 0x0000, 0x6DAC, 0x69AB, 0x6DCD, 0x71ED, 0x65AC, 0x71EE,
    0x65CD, 0x6E0D, 0x6E0E, 0x5DEC, 0x5189, 0x4D8A, 0x4149, 0x3D69,
    0x3107, 0x3128, 0x2D07, 0x20C6, 0x24C6, 0x24C7, 0x2D29, 0x354B,
    0x3D8C, 0x312A, 0x396B, 0x314A, 0x356A, 0x41AD, 0x5E10, 0x5DB1,
    0x7B1C, 0x7F1E, 0x7EFE, 0x6A7A, 0x4190, 0x310C, 0x24E8, 0x596B,
    0x5949, 0x61AB, 0x5D8B, 0x6DEE, 0x518B, 0x4949, 0x4D89, 0x4589,
    0x458B, 0x3508, 0x28E7, 0x28E8, 0x1C85, 0x20A5, 0x45EE, 0x354A,
    0x3D8B, 0x3129, 0x55CD, 0x596F, 0x7F5D, 0x516A, 0x59AC, 0x55AD,
    0x496A, 0x2D09, 0x2909, 0x20A6, 0x396C, 0x316A, 0x2D4A, 0x3549,
    0x5D70, 0x7B3D, 0x5149, 0x4929, 0x4DAC, 0x4129, 0x3529, 0x30E7,
    0x358B, 0x356B, 0x3929, 0x6191, 0x456A, 0x3108, 0x2D49, 0x24E7,
    0x2D2A, 0x558F, 0x69F3, 0x7AFC, 0x3528, 0x45CD, 0x20E6, 0x316B,
    0x55EE, 0x28E5, 0x392A, 0x2908, 0x2D08, 0x520F, 0x6A13, 0x452B,
    0x3109, 0x2929, 0x314B, 0x2928, 0x20C5, 0x5DD1, 0x61B2, 0x7B1D,
    0x7EBE, 0x2D28, 0x4DCE, 0x6A3A, 0x4170, 0x24E6, 0x2507, 0x356C,
    0x456D, 0x556F, 0x6E15, 0x414F, 0x3509, 0x2508, 0x20C7, 0x358C,
    0x2D6C, 0x3D2C, 0x7659, 0x24A8, 0x1CC5, 0x7699, 0x1CC6, 0x1CA5,
    0x20E7, 0x61D2, 0x7AFB, 0x7EFD, 0x1CA6, 0x18A5, 0x1886, 0x1C86,
    0x6DF5, 0x7F1D, 0x7EBC, 0x1CA4, 0x1885, 0x1C87, 0x3589, 0x3D89,
    0x516D, 0x7257, 0x30EB, 0x1884, 0x18A6, 0x14A6, 0x7EDD, 0x30EC,
    0x7617, 0x1864, 0x1485, 0x30E9, 0x4DAF, 0x7235, 0x7A9B, 0x1465,
    0x14C6, 0x1CA7, 0x7A79, 0x61D1, 0x6571, 0x1866, 0x1466, 0x496D,
    0x7E7C, 0x7E7E, 0x7A57, 0x7E5B, 0x7E7D, 0x1463, 0x7E5C, 0x6A18,
    0x1887, 0x252A, 0x5DD2, 0x71F6, 0x7E19, 0x7DF9, 0x7E5D, 0x1863,
    0x65D5, 0x7A17, 0x7E1A, 0x7E3C, 0x55D0, 0x5570, 0x7239, 0x7DFB,
    0x7E1B, 0x7E3B, 0x18A7, 0x7A3A, 0x7A1B, 0x1C84, 0x7E3A, 0x5190,
    0x79F7, 0x69F8, 0x18A4, 0x4D6E, 0x69F7, 0x3CE9, 0x452C, 0x7A1A,
    0x7DFC, 0x412E, 0x6DB4, 0x4D2D, 0x512D, 0x6E17, 0x763A, 0x7A3B,
    0x65B4, 0x59AF, 0x6614, 0x5DB3, 0x71FA, 0x71D8, 0x765B, 0x7A5C,
    0x7EDC, 0x7ADC, 0x76BA, 0x6A59, 0x775C, 0x775B, 0x773C, 0x771B,
    0x7719, 0x7F3D, 0x5A15, 0x7B3C, 0x7B1B, 0x76FB, 0x7AFD, 0x7F1C,
    0x7EFC, 0x59F4, 0x7ED9, 0x7EB9,
};
static const uint16_t pal_SMMUGC_P[] = {
    0x00FD, 0x0000, 0x7EFC, 0x7F3C, 0x7F5C, 0x7EDB, 0x7E77, 0x4CEA,
    0x3865, 0x4D2F, 0x6E55, 0x452B, 0x3CC8, 0x30E7, 0x416C, 0x55AD,
    0x3507, 0x28A5, 0x1C83, 0x20A3, 0x24C7, 0x28C7, 0x34E8, 0x554C,
    0x5DAC, 0x5D6C, 0x594B, 0x512A, 0x4949, 0x4D4B, 0x514B, 0x61AC,
    0x6DAD, 0x6DCD, 0x61CE, 0x720F, 0x79EE, 0x79ED, 0x7E0F, 0x7E30,
    0x7E51, 0x7E99, 0x592D, 0x40AA, 0x59D0, 0x38A6, 0x40C7, 0x6A30,
    0x6E0F, 0x7250, 0x7630, 0x61CD, 0x48E7, 0x4909, 0x4509, 0x71CD,
    0x71AC, 0x7E0D, 0x7E79, 0x6DD1, 0x40E8, 0x65AE, 0x7E72, 0x5929,
    0x4886, 0x5109, 0x492A, 0x7E92, 0x656A, 0x7B3A, 0x7A16, 0x2865,
    0x44EC, 0x5DAF, 0x48E8, 0x69EE, 0x592B, 0x616E, 0x69AE, 0x720D,
    0x7EBB, 0x4D6C, 0x75CE, 0x40A5, 0x3CC7, 0x7EB4, 0x7A4F, 0x552C,
    0x3908, 0x6A73, 0x65AB, 0x7F9C, 0x7212, 0x40A8, 0x4DCF, 0x62D6,
    0x7294, 0x598B, 0x3CA5, 0x5D6E, 0x7E74, 0x4D8C, 0x76D5, 0x7292,
    0x4D27, 0x7EBC, 0x7635, 0x392A, 0x394C, 0x4D8E, 0x34A8, 0x3CEA,
    0x75F2, 0x456B, 0x51CC, 0x3D68, 0x2D07, 0x5651, 0x5EB5, 0x5672,
    0x562F, 0x40A7, 0x3CA8, 0x398A, 0x66B2, 0x5AB1, 0x2D28, 0x1843,
    0x28E8, 0x34A7, 0x492C, 0x4D6E, 0x44EB, 0x7E32, 0x6610, 0x1C85,
    0x1CC6, 0x6F16, 0x5631, 0x0C22, 0x1C66, 0x24C8, 0x55AE, 0x518B,
    0x1865, 0x20A8, 0x20A6, 0x3D4B, 0x7B36, 0x7EF5, 0x7A97, 0x2485,
    0x1887, 0x1486, 0x294D, 0x5EF7, 0x5F17, 0x0442, 0x1465, 0x45CD,
    0x5DCD, 0x59CE, 0x6E33, 0x41AE, 0x3E32, 0x1D2D, 0x18C9, 0x4655,
    0x56D7, 0x5F18, 0x0421, 0x6B19, 0x5A51, 0x49AB, 0x50E9, 0x3484,
    0x5A75, 0x35D1, 0x3A55, 0x29B2, 0x4A96, 0x31CF, 0x4652, 0x294A,
    0x66F9, 0x418C, 0x516E, 0x2DB4, 0x35F5, 0x4ABA, 0x5AD8, 0x7FFF,
    0x49F1, 0x20AA, 0x358C, 0x5EB7, 0x49CD, 0x352A, 0x6F5C, 0x779C,
    0x2D8E, 0x1D08, 0x1024, 0x779B, 0x3509, 0x5695, 0x1466, 0x24CA,
    0x28A6, 0x72D7, 0x30EA, 0x737C, 0x6F9A, 0x2529, 0x212A, 0x5A53,
    0x3D8D, 0x354B, 0x28A8, 0x318E, 0x3DEF, 0x51EE, 0x1463, 0x41CE,
    0x5232, 0x2D0A, 0x76F8, 0x1022, 0x3DAF, 0x1823, 0x1021, 0x0C65,
    0x4A0D, 0x4E93, 0x31CD, 0x1C21, 0x6E70, 0x7A91, 0x5E10, 0x24C4,
    0x7F1E, 0x7696, 0x7ED3, 0x28C4, 0x6252, 0x0C43, 0x4E2B, 0x7EFE,
    0x6311, 0x1CC5, 0x28CB, 0x6F9D, 0x3A0F, 0x0C86,
};
static const uint16_t pal_SMMUGD_P[] = {
    0x00FA, 0x0000, 0x7E70, 0x7E71, 0x7E92, 0x7E91, 0x7EB2, 0x7ED2,
    0x7EF3, 0x7F13, 0x7F57, 0x7F96, 0x7F14, 0x7FBB, 0x660D, 0x44E7,
    0x3063, 0x556A, 0x72D6, 0x7F79, 0x3083, 0x6E32, 0x6EF7, 0x3929,
    0x1065, 0x14A7, 0x1CA7, 0x2D2A, 0x24E9, 0x24C7, 0x2508, 0x2909,
    0x3129, 0x4D6D, 0x6614, 0x7F5D, 0x7F5F, 0x7F3F, 0x7F1F, 0x6A9A,
    0x4190, 0x312C, 0x7EF2, 0x7F54, 0x7E50, 0x69ED, 0x5D6B, 0x6E31,
    0x7F36, 0x7ED3, 0x7E0D, 0x7AD6, 0x44C3, 0x48C7, 0x7EF9, 0x6EB5,
    0x1443, 0x20A6, 0x2929, 0x2908, 0x2D08, 0x454C, 0x65F1, 0x7EFA,
    0x7DED, 0x7EF4, 0x75AD, 0x7149, 0x7230, 0x50E6, 0x6E52, 0x7F5A,
    0x1083, 0x1CC8, 0x2D29, 0x392A, 0x59AF, 0x7677, 0x7E51, 0x7E2F,
    0x7E93, 0x798B, 0x7DEE, 0x7EB4, 0x7273, 0x7F39, 0x6ED5, 0x0C42,
    0x2D4A, 0x1CC6, 0x2D09, 0x558E, 0x7655, 0x7EB3, 0x7A51, 0x7A30,
    0x7A71, 0x7A93, 0x76D4, 0x6E92, 0x5DCD, 0x34E7, 0x314A, 0x76FA,
    0x7F1D, 0x7EFF, 0x7E4F, 0x7670, 0x6DEE, 0x61AD, 0x5D6C, 0x518C,
    0x28E8, 0x356C, 0x398C, 0x316B, 0x314B, 0x312A, 0x416A, 0x5DD0,
    0x76B8, 0x6A7A, 0x65CD, 0x51AB, 0x394A, 0x2D49, 0x396C, 0x396A,
    0x3D4A, 0x6E35, 0x7E72, 0x7A50, 0x3507, 0x28C6, 0x396B, 0x356B,
    0x354A, 0x3549, 0x398B, 0x3DAD, 0x4DAC, 0x6A0F, 0x5DCE, 0x354B,
    0x3DCE, 0x39AD, 0x398D, 0x3D8C, 0x3D4B, 0x5DB0, 0x7B1B, 0x51CC,
    0x2D27, 0x1C84, 0x3DCD, 0x662F, 0x1C83, 0x2D28, 0x2507, 0x3D6B,
    0x75EF, 0x7A92, 0x2CA5, 0x356A, 0x39AE, 0x358C, 0x41AD, 0x6631,
    0x7AD3, 0x7735, 0x7AD2, 0x7691, 0x4169, 0x5E72, 0x6273, 0x7716,
    0x76D2, 0x764F, 0x562D, 0x20C5, 0x2928, 0x492B, 0x5DAC, 0x498A,
    0x28C5, 0x358B, 0x316A, 0x7EB8, 0x38E8, 0x5D8B, 0x69AB, 0x762F,
    0x4929, 0x45CD, 0x3969, 0x496A, 0x7A97, 0x3D8D, 0x3DAC, 0x39AC,
    0x7233, 0x4109, 0x61EF, 0x418B, 0x3D6A, 0x556C, 0x49CD, 0x76B3,
    0x5E0F, 0x49EE, 0x7F3E, 0x4949, 0x6E50, 0x75CD, 0x6E4F, 0x49CB,
    0x45CE, 0x7696, 0x7F1E, 0x562F, 0x7234, 0x6A0D, 0x6E90, 0x5A0D,
    0x49AE, 0x7AB3, 0x30E8, 0x69F1, 0x4A0F, 0x762D, 0x7AB2, 0x4D89,
    0x5A30, 0x59CB, 0x5230, 0x5E70, 0x76D9, 0x4A10, 0x626F, 0x51EF,
    0x7A70, 0x28A6, 0x6632, 0x65D2, 0x4189, 0x65B1, 0x7B3E, 0x71AB,
    0x6DAC, 0x61AB, 0x55CB,
};
static const uint16_t pal_SMMUGE_P[] = {
    0x00FD, 0x0000, 0x2D2B, 0x39AE, 0x41F0, 0x5633, 0x4DAF, 0x496B,
    0x514A, 0x596B, 0x5D8B, 0x4129, 0x2CA6, 0x24A6, 0x24A7, 0x1466,
    0x1465, 0x1886, 0x1866, 0x1865, 0x18A7, 0x1CC8, 0x20C8, 0x1887,
    0x1045, 0x1C86, 0x1C85, 0x1885, 0x20A6, 0x1C87, 0x1CA6, 0x1CA5,
    0x2908, 0x3D8D, 0x4A31, 0x41EF, 0x2D4B, 0x1CC7, 0x2D4C, 0x39CF,
    0x416C, 0x454A, 0x4D2A, 0x5DAC, 0x4949, 0x4D29, 0x452B, 0x34E7,
    0x2086, 0x1066, 0x1486, 0x1CA8, 0x20A7, 0x1CA7, 0x24C7, 0x18A6,
    0x2508, 0x1044, 0x358D, 0x354D, 0x314B, 0x3509, 0x556C, 0x5549,
    0x44E7, 0x2CC5, 0x20A5, 0x1864, 0x1884, 0x24C8, 0x1C84, 0x5274,
    0x352A, 0x2487, 0x3D2A, 0x4D4C, 0x618C, 0x30E9, 0x20A8, 0x250A,
    0x1445, 0x20C9, 0x62D7, 0x4611, 0x4612, 0x24C9, 0x1C66, 0x28E8,
    0x5D6C, 0x3CE8, 0x28A8, 0x24EA, 0x1467, 0x5695, 0x24E9, 0x20E8,
    0x2486, 0x3929, 0x59CE, 0x38C7, 0x1464, 0x24E8, 0x4A32, 0x4E73,
    0x34EA, 0x5273, 0x1485, 0x2087, 0x14C6, 0x1867, 0x28C7, 0x3107,
    0x20E9, 0x14E8, 0x214A, 0x0C45, 0x1064, 0x18A5, 0x1423, 0x1843,
    0x1844, 0x18A4, 0x1444, 0x1065, 0x3D4B, 0x1424, 0x458D, 0x4D8B,
    0x558C, 0x518B, 0x2065, 0x65CD, 0x0C24, 0x55EF, 0x6A71, 0x7274,
    0x7273, 0x40E9, 0x3D6C, 0x498D, 0x5DCD, 0x6DEE, 0x6E0F, 0x412C,
    0x1C65, 0x1C45, 0x2066, 0x7E93, 0x7ED3, 0x7A73, 0x61AD, 0x4549,
    0x61AC, 0x69CC, 0x6DED, 0x762F, 0x7A0E, 0x59B2, 0x5634, 0x5A75,
    0x49CF, 0x7231, 0x7ED5, 0x7EB7, 0x7F18, 0x7651, 0x69CD, 0x76BA,
    0x72B9, 0x6AB8, 0x731A, 0x458E, 0x7ED6, 0x7F9C, 0x4907, 0x65AB,
    0x7EDB, 0x7EF9, 0x7F3B, 0x55F1, 0x24E5, 0x2907, 0x1463, 0x7E94,
    0x7F17, 0x7F78, 0x48E7, 0x65AC, 0x71ED, 0x69AD, 0x71CC, 0x71CD,
    0x6DEC, 0x6DCC, 0x75ED, 0x7E4F, 0x7E50, 0x7EFC, 0x59F1, 0x1483,
    0x1CA4, 0x3149, 0x0C43, 0x3CEA, 0x7A11, 0x6DCD, 0x71EE, 0x75CD,
    0x75CC, 0x79ED, 0x7E91, 0x6612, 0x2023, 0x5529, 0x71EC, 0x7F3C,
    0x2C65, 0x1823, 0x1845, 0x65AE, 0x65CE, 0x5969, 0x65AD, 0x7E76,
    0x65B0, 0x66F8, 0x558F, 0x79EE, 0x698E, 0x71F2, 0x3885, 0x5E93,
    0x1841, 0x1001, 0x71AD, 0x75AE, 0x7EB9, 0x7614, 0x3CA7, 0x38A8,
    0x658C, 0x658D, 0x7A35, 0x71B2, 0x3067, 0x5DAE, 0x616B, 0x618D,
    0x7F5C, 0x7A13, 0x48C8, 0x3024, 0x61F2, 0x28A5,
};
static const uint16_t pal_SMMUGF_P[] = {
    0x00FE, 0x0000, 0x1886, 0x2D09, 0x24C7, 0x20C5, 0x20A6, 0x2509,
    0x28E8, 0x3529, 0x28E7, 0x24E9, 0x20A5, 0x3549, 0x452B, 0x55AD,
    0x5DCE, 0x6E12, 0x7235, 0x7636, 0x71F5, 0x7677, 0x69B2, 0x65B3,
    0x7AFB, 0x7F1F, 0x7EFF, 0x6A59, 0x418F, 0x312C, 0x1C88, 0x1466,
    0x28EB, 0x45F1, 0x1486, 0x1CC6, 0x396C, 0x356A, 0x2D2A, 0x294A,
    0x3D8C, 0x396A, 0x30E8, 0x498D, 0x558F, 0x59AE, 0x69F3, 0x7A36,
    0x6E17, 0x6173, 0x765A, 0x7EFD, 0x14A8, 0x5254, 0x3DF0, 0x0823,
    0x1866, 0x28A7, 0x3929, 0x458C, 0x520E, 0x4A0E, 0x49CC, 0x45CC,
    0x3989, 0x3127, 0x458B, 0x3D49, 0x452C, 0x65D2, 0x6DF4, 0x5D71,
    0x7EBD, 0x0C44, 0x6718, 0x0C43, 0x1885, 0x310A, 0x392A, 0x4D4D,
    0x6A7A, 0x4190, 0x4E73, 0x14E7, 0x1465, 0x414A, 0x1865, 0x456D,
    0x59B0, 0x6A14, 0x6171, 0x6DF6, 0x7A9A, 0x62F7, 0x35CF, 0x318C,
    0x2907, 0x2CC5, 0x3D8B, 0x2C85, 0x5DD1, 0x596F, 0x550F, 0x6A9A,
    0x5696, 0x5294, 0x3A10, 0x0CA6, 0x4DAE, 0x6612, 0x3D0C, 0x59B3,
    0x7F1D, 0x6F3A, 0x4212, 0x56D6, 0x30C7, 0x4129, 0x598D, 0x556E,
    0x6614, 0x771D, 0x7F5F, 0x354C, 0x4E33, 0x6759, 0x1485, 0x4149,
    0x55AB, 0x61EF, 0x69F1, 0x7ED9, 0x66FA, 0x5EF9, 0x35AF, 0x0804,
    0x20A8, 0x5A54, 0x4DCB, 0x498B, 0x494B, 0x7AB7, 0x66D8, 0x7B9D,
    0x1CE8, 0x7B1B, 0x5EB5, 0x5AB6, 0x4611, 0x5E53, 0x6E56, 0x7FBE,
    0x49CE, 0x6F5A, 0x252A, 0x0402, 0x72BA, 0x516B, 0x6A72, 0x6AD6,
    0x72D9, 0x598B, 0x5A30, 0x65CD, 0x61AE, 0x6AD5, 0x5A2F, 0x7E4F,
    0x720D, 0x65AC, 0x61AB, 0x596B, 0x492A, 0x40E8, 0x2043, 0x1863,
    0x5E2D, 0x7314, 0x55EB, 0x59EB, 0x69EF, 0x7630, 0x40E7, 0x7232,
    0x6651, 0x72F5, 0x622E, 0x7E91, 0x7E71, 0x764F, 0x2C63, 0x72B6,
    0x7F18, 0x7EF6, 0x7EF4, 0x55CF, 0x3CE8, 0x6292, 0x72F3, 0x5DCD,
    0x7F5D, 0x6A0D, 0x552A, 0x6E10, 0x7F16, 0x7F35, 0x7EB2, 0x7291,
    0x3CE7, 0x1823, 0x2065, 0x6A91, 0x7ED3, 0x4D06, 0x4CC6, 0x7273,
    0x7F7B, 0x7E72, 0x7F57, 0x7AB4, 0x7270, 0x6548, 0x6E0F, 0x7F78,
    0x7E2F, 0x75CD, 0x72B4, 0x51CD, 0x6E95, 0x762E, 0x7FBB, 0x7293,
    0x65F1, 0x7A10, 0x5509, 0x6DAD, 0x0C66, 0x7298, 0x7F13, 0x7EF1,
    0x656B, 0x596C, 0x4085, 0x7B99, 0x6230, 0x50E8, 0x7737, 0x7759,
    0x1023, 0x76DA, 0x7F55, 0x34A7, 0x5D2B, 0x6E92, 0x7FFD,
};
static const uint16_t pal_SMMUGG_P[] = {
    0x00FF, 0x0000, 0x20E8, 0x1485, 0x0C63, 0x1063, 0x0C01, 0x1483,
    0x1885, 0x1C83, 0x20A5, 0x1CC7, 0x14C7, 0x1486, 0x1CC8, 0x20C7,
    0x2507, 0x2509, 0x3D8D, 0x1465, 0x0C23, 0x0C64, 0x1061, 0x2D4B,
    0x252A, 0x0C41, 0x20C5, 0x2D49, 0x318B, 0x314B, 0x316C, 0x41AF,
    0x2D09, 0x318D, 0x41CF, 0x252C, 0x35CF, 0x254C, 0x296C, 0x318E,
    0x39CF, 0x4DCF, 0x4DAF, 0x416D, 0x3109, 0x2CE7, 0x20A6, 0x1886,
    0x4653, 0x52B6, 0x4EB7, 0x4676, 0x56D6, 0x52B5, 0x4210, 0x418D,
    0x5673, 0x62F7, 0x6719, 0x4D8D, 0x49F0, 0x4E11, 0x30E9, 0x28E8,
    0x1865, 0x1866, 0x18AA, 0x2D8D, 0x3E31, 0x1843, 0x6F7D, 0x77BE,
    0x6B7E, 0x675C, 0x5AFA, 0x5F1B, 0x6B5B, 0x5F19, 0x6F9C, 0x0C66,
    0x5A51, 0x7BDD, 0x7BBC, 0x3D6C, 0x5632, 0x312B, 0x1466, 0x18EB,
    0x4235, 0x3E34, 0x216E, 0x0CE8, 0x14A8, 0x20A8, 0x1CA8, 0x5255,
    0x673A, 0x6F9E, 0x677E, 0x5F3C, 0x779D, 0x258D, 0x0486, 0x292A,
    0x28A6, 0x7318, 0x7FFE, 0x41F0, 0x4E32, 0x4632, 0x4A55, 0x3DF3,
    0x292C, 0x39AE, 0x675B, 0x4675, 0x14EA, 0x14C8, 0x1023, 0x4E53,
    0x62F8, 0x679D, 0x4695, 0x55AE, 0x4DB0, 0x5E32, 0x2CA8, 0x1D2B,
    0x0CA8, 0x0C85, 0x4AD7, 0x25AF, 0x152B, 0x24EA, 0x59F0, 0x5E10,
    0x392A, 0x35B0, 0x0C86, 0x5ED7, 0x4E95, 0x31D1, 0x6253, 0x51CE,
    0x3D8B, 0x2D8E, 0x35D3, 0x6B3A, 0x6B39, 0x6737, 0x5ED5, 0x4A71,
    0x4651, 0x6F78, 0x59CE, 0x456B, 0x1D2C, 0x3E33, 0x3DF0, 0x5693,
    0x4E0F, 0x45CC, 0x2D47, 0x4E0C, 0x6232, 0x494B, 0x3D09, 0x28A5,
    0x2D6E, 0x737A, 0x7379, 0x6B57, 0x6AD3, 0x3549, 0x4189, 0x49A9,
    0x59AE, 0x5E53, 0x518D, 0x452A, 0x5EB5, 0x5650, 0x3D6B, 0x3127,
    0x460F, 0x3DA9, 0x51EB, 0x38E8, 0x1823, 0x1824, 0x254B, 0x2907,
    0x4DCB, 0x560B, 0x1D09, 0x5A0C, 0x55F1, 0x4592, 0x3D69, 0x352D,
    0x4569, 0x49AB, 0x1469, 0x1CCD, 0x2910, 0x3552, 0x314F, 0x31B3,
    0x4E9A, 0x5ABC, 0x66FD, 0x41F2, 0x18C5, 0x1509, 0x29AB, 0x49ED,
    0x4D6D, 0x4236, 0x2D90, 0x1D4B, 0x59AD, 0x556C, 0x3E56, 0x518B,
    0x3610, 0x2549, 0x62F5, 0x30E7, 0x0CC7, 0x5210, 0x418B, 0x3E51,
    0x6EF6, 0x5DCD, 0x65EE, 0x660E, 0x6A30, 0x6230, 0x6ED5, 0x72F5,
    0x7737, 0x6DED, 0x764E, 0x76D1, 0x7B13, 0x61AD, 0x6DEE, 0x7652,
    0x6E0F, 0x3D07, 0x4109, 0x55F2, 0x514A, 0x4928, 0x40E7, 0x38E7,
};
static const uint16_t pal_SMMUGH_P[] = {
    0x00FB, 0x0000, 0x2529, 0x1CC7, 0x1485, 0x1C85, 0x1C83, 0x24A5,
    0x24E5, 0x318C, 0x2D6C, 0x294B, 0x1CA6, 0x28A5, 0x2CC5, 0x30E5,
    0x30E7, 0x3127, 0x252A, 0x1CE9, 0x41EF, 0x4210, 0x39F0, 0x35CF,
    0x312C, 0x312A, 0x30EA, 0x30E8, 0x3D27, 0x4127, 0x4128, 0x4169,
    0x4189, 0x6338, 0x6B39, 0x6B5A, 0x675A, 0x673A, 0x62F8, 0x5EB7,
    0x5674, 0x5253, 0x5651, 0x5E31, 0x6611, 0x61F1, 0x69F0, 0x69EF,
    0x6A2D, 0x6A2F, 0x6A4E, 0x664D, 0x51CA, 0x7FBC, 0x7FFF, 0x77DE,
    0x779C, 0x777C, 0x7B5C, 0x7EFC, 0x7F1C, 0x7EBA, 0x7E7A, 0x7A75,
    0x7E90, 0x7E8F, 0x7ED1, 0x7FBB, 0x7FFD, 0x72D8, 0x7674, 0x7A93,
    0x7A71, 0x6A4D, 0x779B, 0x7718, 0x7672, 0x2D07, 0x1063, 0x771B,
    0x7ED9, 0x7ED3, 0x7B9E, 0x7F3B, 0x76B7, 0x7EB4, 0x622C, 0x28C7,
    0x7758, 0x7735, 0x6ED0, 0x66B1, 0x7F5A, 0x76F6, 0x620E, 0x7757,
    0x5E8F, 0x6A91, 0x666E, 0x5A0B, 0x7B77, 0x7B19, 0x7EB6, 0x6253,
    0x24E8, 0x560D, 0x5E4D, 0x6A8F, 0x72B1, 0x5E0C, 0x72F3, 0x41F0,
    0x316C, 0x59EB, 0x7713, 0x7B75, 0x7FD9, 0x7F79, 0x7FDB, 0x6B3A,
    0x356A, 0x24C7, 0x49A9, 0x668E, 0x7716, 0x777A, 0x7B37, 0x7B99,
    0x20A6, 0x51C9, 0x51A9, 0x4547, 0x49AA, 0x55EC, 0x72F1, 0x6AF7,
    0x418F, 0x3947, 0x458A, 0x4DCB, 0x3928, 0x562E, 0x416A, 0x59EC,
    0x6F13, 0x6A74, 0x416C, 0x3129, 0x3D89, 0x41AC, 0x3549, 0x2D08,
    0x3DAC, 0x45CC, 0x4DCC, 0x4E0F, 0x4E0D, 0x2505, 0x6EF2, 0x520B,
    0x3567, 0x3D49, 0x6EF4, 0x7A73, 0x6E30, 0x5E4F, 0x5E2E, 0x564D,
    0x566F, 0x45CB, 0x6670, 0x59AB, 0x760F, 0x65EE, 0x3D4A, 0x5A4B,
    0x3D8B, 0x2507, 0x4E50, 0x6EB2, 0x518B, 0x61ED, 0x5DEE, 0x3D2A,
    0x3105, 0x7B34, 0x4E30, 0x4DE9, 0x7B13, 0x4DAC, 0x412B, 0x4DEE,
    0x5E71, 0x6292, 0x358B, 0x3D6C, 0x55EF, 0x59AC, 0x7651, 0x7231,
    0x2D48, 0x7632, 0x28E8, 0x38E9, 0x496B, 0x5DAF, 0x71F4, 0x7E76,
    0x7635, 0x7E78, 0x65F4, 0x3D2C, 0x556B, 0x55AD, 0x7EB9, 0x7EBD,
    0x6A37, 0x416F, 0x65AD, 0x6A38, 0x6A71, 0x7ED5, 0x6A59, 0x1C66,
    0x6E72, 0x7EDB, 0x1C65, 0x76B3, 0x4D28, 0x1CA8, 0x28A7, 0x38E6,
    0x7294, 0x4969, 0x1466, 0x496C, 0x4190, 0x556D, 0x7A35, 0x24A8,
    0x2D0A, 0x5190, 0x5DD2, 0x69F4, 0x7698, 0x6592, 0x7B1E, 0x7EDE,
    0x6614, 0x7656, 0x6E15, 0x69F3,
};
static const uint16_t pal_ATTMTR_P[] = {
    0x0012, 0x2CAB, 0x7FFF, 0x6F7B, 0x6B5A, 0x6739, 0x6318, 0x5EF7,
    0x5AD6, 0x5294, 0x4E73, 0x4A52, 0x35AD, 0x2D6B, 0x2529, 0x2108,
    0x1CE7, 0x1084, 0x13A4,
};
static const uint16_t pal_GLVHIT_P[] = {
    0x0019, 0x0000, 0x6FBF, 0x6FBF, 0x6FBF, 0x6FBF, 0x6FBF, 0x6FBF,
    0x6FBF, 0x6FBF, 0x637F, 0x573E, 0x46DE, 0x3E9D, 0x2E3D, 0x25DC,
    0x197C, 0x0D1C, 0x04BB, 0x0099, 0x0077, 0x0055, 0x0034, 0x0012,
    0x0010, 0x000E,
};
static const uint16_t pal_SALTP[] = {
    0x0007, 0x394E, 0x7FFF, 0x739C, 0x6318, 0x5294, 0x4631, 0x35AD,
};
static const uint16_t pal_ROPE_R_P[] = {
    0x0010, 0x0000, 0x7210, 0x6DAD, 0x6529, 0x60C6, 0x5C84, 0x5821,
    0x5000, 0x4800, 0x4400, 0x3C00, 0x3800, 0x3000, 0x2800, 0x2400,
    0x1C00,
};
static const uint16_t pal_ROPE_W_P[] = {
    0x0010, 0x0000, 0x7FFF, 0x739C, 0x6B5A, 0x6739, 0x5EF7, 0x4631,
    0x5294, 0x4A52, 0x35AD, 0x3DEF, 0x39CE, 0x318C, 0x294A, 0x2529,
    0x1CE7,
};
static const uint16_t pal_ROPE_B_P[] = {
    0x0010, 0x0000, 0x4EFE, 0x427D, 0x3A3C, 0x31FB, 0x2DD9, 0x2998,
    0x2177, 0x1D36, 0x1915, 0x14F3, 0x10B2, 0x0C91, 0x0870, 0x084F,
    0x042E,
};
static const uint16_t pal_WRESCH_P[] = {
    0x007C, 0x318C, 0x7FF0, 0x7FD5, 0x7FE7, 0x7BB7, 0x7FC9, 0x7FAC,
    0x7B94, 0x7FC0, 0x7BA9, 0x7BA0, 0x7772, 0x7760, 0x7F40, 0x6F49,
    0x772B, 0x6F00, 0x6AEA, 0x76E0, 0x6AC7, 0x72C0, 0x66E0, 0x7280,
    0x5EA0, 0x6680, 0x5E85, 0x79E0, 0x566E, 0x6E00, 0x6640, 0x5660,
    0x5E40, 0x6620, 0x69E0, 0x7540, 0x65E2, 0x65E0, 0x55F4, 0x5A20,
    0x65A0, 0x6183, 0x6560, 0x598D, 0x6540, 0x6500, 0x5580, 0x60E0,
    0x49C0, 0x45C0, 0x5140, 0x58C0, 0x4D20, 0x3986, 0x450C, 0x3D80,
    0x4CE0, 0x5480, 0x4108, 0x3960, 0x48C0, 0x5060, 0x3929, 0x4C80,
    0x3540, 0x4860, 0x3CA7, 0x38E4, 0x3CA0, 0x4440, 0x2D00, 0x4020,
    0x2504, 0x3C00, 0x28E0, 0x3046, 0x2C0A, 0x24E0, 0x3800, 0x3400,
    0x3020, 0x20C0, 0x2408, 0x2C00, 0x2800, 0x2420, 0x1880, 0x1C05,
    0x1C03, 0x2000, 0x1460, 0x1C00, 0x0C00, 0x0400, 0x6BBE, 0x5BDF,
    0x577F, 0x2B3E, 0x1B1F, 0x4299, 0x16BC, 0x2E9B, 0x5275, 0x4A54,
    0x0A7B, 0x39D1, 0x05F7, 0x2DD1, 0x35AE, 0x2550, 0x312F, 0x290C,
    0x0C08, 0x7FFF, 0x7FFC, 0x7BFF, 0x677B, 0x5F18, 0x52F7, 0x39EF,
    0x1D6B, 0x2529, 0x0CA5, 0x0C03, 0x0021,
};
static const uint16_t pal_LEX3P[] = {
    0x007C, 0x7C1F, 0x0C85, 0x10A6, 0x0864, 0x0422, 0x0443, 0x14C8,
    0x0843, 0x0000, 0x1D09, 0x29AE, 0x216C, 0x1D4C, 0x084A, 0x56B6,
    0x46D6, 0x3E95, 0x3632, 0x214B, 0x2DD0, 0x575A, 0x3A74, 0x084D,
    0x14CE, 0x31CE, 0x4B39, 0x46F8, 0x298B, 0x215A, 0x4653, 0x14D6,
    0x215D, 0x35F1, 0x0C92, 0x191B, 0x0C8E, 0x2E10, 0x57BD, 0x1822,
    0x45AE, 0x2802, 0x5674, 0x45F0, 0x635A, 0x360F, 0x3403, 0x4823,
    0x5423, 0x6844, 0x1D3C, 0x38A6, 0x1C64, 0x48E9, 0x4675, 0x14DA,
    0x3844, 0x3CE8, 0x2864, 0x392A, 0x7045, 0x6423, 0x5A33, 0x48A6,
    0x5AF9, 0x4824, 0x5424, 0x592A, 0x452B, 0x3D6D, 0x6D6D, 0x712A,
    0x70C9, 0x7087, 0x14D1, 0x0C21, 0x6D2B, 0x24E8, 0x28A6, 0x6632,
    0x714C, 0x0C9A, 0x68E9, 0x69F1, 0x0859, 0x0856, 0x0451, 0x54C9,
    0x537C, 0x0C22, 0x718E, 0x58A7, 0x18FC, 0x67BD, 0x677C, 0x0C8A,
    0x299C, 0x4F7C, 0x0C7C, 0x4678, 0x7611, 0x361A, 0x55AE, 0x65AE,
    0x514D, 0x6AD6, 0x29BA, 0x496D, 0x4AFC, 0x6675, 0x39F9, 0x68A7,
    0x7295, 0x1D10, 0x1936, 0x2DF4, 0x0CB6, 0x2152, 0x2E0F, 0x3E9C,
    0x3A5C, 0x35B4, 0x68EC, 0x51F0, 0x73BD,
};
static const uint16_t pal_RZR3P[] = {
    0x007F, 0x7C1F, 0x0443, 0x0864, 0x0421, 0x0422, 0x0843, 0x10A7,
    0x14C9, 0x0C86, 0x1D0C, 0x0C85, 0x294C, 0x1829, 0x1446, 0x65E1,
    0x4942, 0x24A3, 0x1423, 0x0823, 0x4925, 0x7660, 0x6E20, 0x59A1,
    0x2886, 0x1825, 0x28A9, 0x1C06, 0x2809, 0x2007, 0x1424, 0x1846,
    0x6645, 0x2C66, 0x48A9, 0x444A, 0x3C0C, 0x402D, 0x342A, 0x356A,
    0x5546, 0x61C4, 0x50E9, 0x48AE, 0x38A6, 0x61A3, 0x44C6, 0x2408,
    0x190A, 0x5562, 0x2C0A, 0x2448, 0x7220, 0x5A06, 0x39AC, 0x59C9,
    0x4A0E, 0x55C5, 0x6623, 0x4DA6, 0x6601, 0x54E7, 0x3466, 0x3DCD,
    0x3DEF, 0x69E3, 0x6164, 0x2849, 0x69E1, 0x45C9, 0x0C24, 0x14C7,
    0x398A, 0x6E41, 0x3DF0, 0x65C2, 0x358D, 0x41ED, 0x4A0B, 0x5609,
    0x4210, 0x38C2, 0x2045, 0x34A9, 0x3E10, 0x3E0F, 0x5E03, 0x1045,
    0x5128, 0x6A22, 0x3C8D, 0x2447, 0x6643, 0x316C, 0x7681, 0x4A52,
    0x2463, 0x1845, 0x2826, 0x4E51, 0x44C2, 0x564D, 0x3921, 0x2D6B,
    0x2865, 0x35CE, 0x6A62, 0x2C6A, 0x48F0, 0x1CA1, 0x4D11, 0x2425,
    0x76A2, 0x6A83, 0x72E3, 0x3063, 0x4929, 0x4D2C, 0x1C87, 0x61E9,
    0x512D, 0x4D82, 0x2D01, 0x6EC3, 0x3907, 0x6A84, 0x1085, 0x6683,
};
static const uint16_t pal_SHN3P[] = {
    0x007F, 0x7C1F, 0x10A6, 0x14AA, 0x0443, 0x0864, 0x0843, 0x0422,
    0x0421, 0x0C86, 0x0C01, 0x1422, 0x3402, 0x2822, 0x4802, 0x5403,
    0x5404, 0x5CC9, 0x190A, 0x4426, 0x1D2C, 0x39AE, 0x254A, 0x3E0F,
    0x6B3A, 0x66B6, 0x590B, 0x596D, 0x4651, 0x5487, 0x5DF0, 0x5AB6,
    0x6252, 0x6AF8, 0x0824, 0x5E52, 0x38C9, 0x146D, 0x146A, 0x0C27,
    0x2452, 0x49CF, 0x0C46, 0x2074, 0x1C71, 0x3825, 0x4509, 0x0C48,
    0x5805, 0x2D8B, 0x48A7, 0x5DAE, 0x3886, 0x5466, 0x24B5, 0x2D38,
    0x3DD1, 0x306D, 0x210F, 0x20EA, 0x3152, 0x28B2, 0x4848, 0x5C26,
    0x24CE, 0x3470, 0x2C4A, 0x18AD, 0x28F6, 0x3536, 0x3159, 0x34B2,
    0x5027, 0x1CD0, 0x384A, 0x5867, 0x6654, 0x65D0, 0x4A5A, 0x2D17,
    0x45F6, 0x28D5, 0x45F0, 0x2C6E, 0x644A, 0x41DC, 0x39BB, 0x4617,
    0x5849, 0x48AE, 0x48AA, 0x446D, 0x34AE, 0x34F5, 0x2531, 0x28B5,
    0x28B6, 0x24D5, 0x24D6, 0x24B6, 0x44B1, 0x54AE, 0x4956, 0x45BA,
    0x5512, 0x58D1, 0x4E94, 0x354D, 0x688E, 0x586D, 0x5EDC, 0x686C,
    0x739C, 0x1067, 0x3DDC, 0x2D8C, 0x5535, 0x4D78, 0x614E, 0x4A5D,
    0x6F7C, 0x618F, 0x60F2, 0x5DD4, 0x64AB, 0x708E, 0x706E, 0x737B,
};
static const uint16_t pal_UND3P[] = {
    0x007E, 0x7C1F, 0x1D09, 0x18E8, 0x0C64, 0x0C85, 0x14A6, 0x0442,
    0x0422, 0x0843, 0x10A5, 0x0421, 0x18C7, 0x212A, 0x292D, 0x2D8D,
    0x35D1, 0x31CE, 0x2129, 0x14C6, 0x296B, 0x3A32, 0x52D6, 0x4675,
    0x254A, 0x1064, 0x14C5, 0x298B, 0x4253, 0x5B39, 0x675B, 0x4AB6,
    0x56F8, 0x5716, 0x0C83, 0x360F, 0x49B1, 0x3D50, 0x24ED, 0x0C66,
    0x14A3, 0x20E9, 0x6B7C, 0x77DE, 0x6F9D, 0x6BBB, 0x2E0D, 0x3E54,
    0x2DB0, 0x18A6, 0x4693, 0x1063, 0x1D07, 0x4F17, 0x1CC4, 0x2149,
    0x2D0B, 0x24E3, 0x3545, 0x3543, 0x3989, 0x394A, 0x2906, 0x18A4,
    0x3D86, 0x49AA, 0x5A2D, 0x5E26, 0x6669, 0x6AAD, 0x6A89, 0x66D1,
    0x4A2E, 0x5A29, 0x5651, 0x626D, 0x6E87, 0x49A6, 0x76C9, 0x72EC,
    0x24E4, 0x66D4, 0x5E8E, 0x5A91, 0x51E3, 0x55E6, 0x5675, 0x3974,
    0x41B5, 0x51ED, 0x6647, 0x3953, 0x55EA, 0x49AD, 0x352E, 0x3112,
    0x3553, 0x76C6, 0x3550, 0x4163, 0x3D94, 0x3111, 0x416A, 0x6B36,
    0x4E09, 0x61E8, 0x0C61, 0x416E, 0x2D03, 0x4165, 0x7F07, 0x2CF0,
    0x2D10, 0x3931, 0x4171, 0x0821, 0x30F1, 0x7F09, 0x2D69, 0x772C,
    0x2929, 0x7312, 0x28EF, 0x0822, 0x24EE, 0x28ED, 0x45A3,
};
static const uint16_t pal_YOK3P[] = {
    0x007F, 0x7C1F, 0x0C65, 0x10A6, 0x0864, 0x0443, 0x0C64, 0x0442,
    0x0422, 0x0C86, 0x0843, 0x0421, 0x0021, 0x0822, 0x0C21, 0x1021,
    0x2442, 0x4463, 0x3042, 0x1C21, 0x0C85, 0x3463, 0x3C63, 0x2842,
    0x14C8, 0x2C63, 0x4884, 0x1C42, 0x4C84, 0x0000, 0x1422, 0x2C42,
    0x1C22, 0x0844, 0x5084, 0x0001, 0x10A7, 0x5484, 0x5D29, 0x3863,
    0x4063, 0x4484, 0x3484, 0x58A5, 0x654A, 0x1D0B, 0x18EA, 0x1C85,
    0x5884, 0x1442, 0x6D4A, 0x54A5, 0x7DEF, 0x1086, 0x18C9, 0x14C7,
    0x0863, 0x1087, 0x5CA5, 0x0423, 0x4CA5, 0x7E73, 0x0400, 0x64C6,
    0x0401, 0x50A5, 0x2021, 0x4CE7, 0x4231, 0x3C64, 0x7E94, 0x5D4A,
    0x3C84, 0x3063, 0x3442, 0x2863, 0x6508, 0x2022, 0x754A, 0x60A5,
    0x7FFF, 0x7F9C, 0x658C, 0x54A4, 0x75EF, 0x758C, 0x0842, 0x4C63,
    0x0C42, 0x7E31, 0x0865, 0x3C42, 0x3064, 0x6908, 0x54C6, 0x2C43,
    0x796B, 0x2843, 0x4064, 0x44C6, 0x7DAD, 0x6D8C, 0x24E8, 0x7EF7,
    0x7F7B, 0x5CC6, 0x68E7, 0x68A5, 0x7108, 0x2C64, 0x48A5, 0x2464,
    0x5529, 0x5083, 0x2C84, 0x2D8C, 0x316B, 0x5C84, 0x1485, 0x2484,
    0x0C43, 0x4083, 0x2108, 0x38A6, 0x1D2C, 0x3CC6, 0x1C64, 0x10A8,
};
static const uint16_t pal_BAM3P[] = {
    0x007B, 0x7C1F, 0x0422, 0x0864, 0x0443, 0x0843, 0x0C86, 0x0421,
    0x14A6, 0x14C9, 0x2822, 0x1401, 0x5841, 0x2C20, 0x2840, 0x58A1,
    0x256D, 0x190A, 0x4064, 0x54E8, 0x514B, 0x28C9, 0x4ED9, 0x4EDA,
    0x35D1, 0x4AB9, 0x252B, 0x29AF, 0x3613, 0x46B8, 0x25B2, 0x4276,
    0x2420, 0x0445, 0x0CA8, 0x3656, 0x356D, 0x24A6, 0x0467, 0x04CC,
    0x152E, 0x392A, 0x2440, 0x4697, 0x3DAE, 0x4441, 0x3420, 0x45B0,
    0x38A5, 0x2462, 0x1570, 0x1D91, 0x1DB2, 0x29F4, 0x2657, 0x10EC,
    0x0C01, 0x3A98, 0x2865, 0x0469, 0x0C22, 0x3A97, 0x418F, 0x3C82,
    0x1A35, 0x048B, 0x1465, 0x1E13, 0x44C5, 0x54C5, 0x1615, 0x08C9,
    0x0489, 0x198F, 0x11F4, 0x11D3, 0x0CCA, 0x68A1, 0x092F, 0x1191,
    0x090A, 0x2482, 0x1DD3, 0x4481, 0x1C83, 0x31F4, 0x0DD4, 0x34E8,
    0x6841, 0x4D07, 0x11B2, 0x4529, 0x3906, 0x5905, 0x1DD1, 0x0DB2,
    0x2422, 0x04CB, 0x70C1, 0x2842, 0x2151, 0x52FA, 0x6D01, 0x571A,
    0x46D9, 0x08AA, 0x7122, 0x3D8B, 0x2E78, 0x2E98, 0x146A, 0x5D03,
    0x1C6E, 0x1A36, 0x0C66, 0x3809, 0x246D, 0x1E56, 0x0D70, 0x0424,
    0x2A97, 0x3278, 0x04C9, 0x0C24,
};
static const uint16_t pal_DNK3P[] = {
    0x007F, 0x7C1F, 0x0422, 0x0864, 0x10A6, 0x14C8, 0x0D4C, 0x0C86,
    0x1821, 0x2821, 0x3801, 0x4401, 0x0E54, 0x0B7F, 0x0B9F, 0x5801,
    0x3845, 0x2464, 0x4465, 0x1B9E, 0x516C, 0x175F, 0x1026, 0x182A,
    0x4DB3, 0x186E, 0x1071, 0x3071, 0x1492, 0x2CAC, 0x3674, 0x279E,
    0x3B9E, 0x1074, 0x1496, 0x34A6, 0x2B1A, 0x2B5E, 0x529A, 0x0C70,
    0x18BB, 0x314C, 0x084A, 0x0C6D, 0x2C82, 0x48A1, 0x4921, 0x54C2,
    0x1DD6, 0x1A9B, 0x3B19, 0x5642, 0x6EE5, 0x6F02, 0x7322, 0x6AA2,
    0x2EDD, 0x2D91, 0x14AE, 0x6F26, 0x6F29, 0x6E75, 0x6B3A, 0x56D6,
    0x28A5, 0x1F3B, 0x72C5, 0x6F32, 0x4A52, 0x72C2, 0x6F2D, 0x5522,
    0x66FA, 0x6B5C, 0x4AD6, 0x3881, 0x7325, 0x45C1, 0x3562, 0x55C1,
    0x373E, 0x6A42, 0x524B, 0x4A93, 0x317B, 0x4616, 0x71B2, 0x714D,
    0x5612, 0x6C8B, 0x4B19, 0x4946, 0x4C8C, 0x5A76, 0x20FB, 0x6EAB,
    0x49A6, 0x5319, 0x4CE6, 0x737B, 0x44F1, 0x739C, 0x55C4, 0x7266,
    0x58C6, 0x61C5, 0x7262, 0x5126, 0x5B17, 0x6800, 0x4B7D, 0x7349,
    0x47BD, 0x7821, 0x737C, 0x70C1, 0x78A5, 0x64A6, 0x71C1, 0x7521,
    0x57BD, 0x6867, 0x639C, 0x5864, 0x6941, 0x68C0, 0x69C1, 0x6525,
};
static const uint16_t pal_HRT3P[] = {
    0x007F, 0x7C1F, 0x0864, 0x0422, 0x0443, 0x0843, 0x0421, 0x1087,
    0x0C86, 0x0C85, 0x1488, 0x1465, 0x0823, 0x18A9, 0x1CCA, 0x1CC9,
    0x18AA, 0x20EB, 0x14C8, 0x210B, 0x250D, 0x48CD, 0x54CE, 0x38EC,
    0x34AA, 0x24AA, 0x24A9, 0x5CAE, 0x64AE, 0x64CE, 0x2CAA, 0x292D,
    0x1085, 0x3CAB, 0x6CAE, 0x54CD, 0x6CCF, 0x5CCE, 0x294D, 0x58AD,
    0x44AB, 0x6CF0, 0x18C7, 0x2889, 0x14C7, 0x6D11, 0x6532, 0x6530,
    0x452E, 0x352E, 0x24EC, 0x6D74, 0x5951, 0x254E, 0x50AC, 0x6D72,
    0x6DB5, 0x28CB, 0x4950, 0x4991, 0x30CB, 0x64AD, 0x64F0, 0x6D0E,
    0x6572, 0x55B2, 0x7216, 0x6E15, 0x30C9, 0x71F4, 0x71D6, 0x6151,
    0x6D93, 0x6E58, 0x3089, 0x6D32, 0x71B6, 0x1885, 0x1C87, 0x2086,
    0x2CC9, 0x552F, 0x7278, 0x5E15, 0x7194, 0x1468, 0x3468, 0x4469,
    0x70CF, 0x2846, 0x70F1, 0x7112, 0x6CF2, 0x7173, 0x6CB0, 0x7174,
    0x1043, 0x5CF0, 0x3067, 0x38CB, 0x7193, 0x0C66, 0x2868, 0x6CAD,
    0x24C9, 0x7151, 0x54AB, 0x7131, 0x498F, 0x712F, 0x350A, 0x688B,
    0x60ED, 0x6CCD, 0x6D51, 0x3889, 0x292E, 0x294E, 0x546B, 0x1CEC,
    0x58CD, 0x64B0, 0x54AE, 0x1D0B, 0x39B1, 0x318F, 0x3970, 0x254C,
};
static const uint16_t pal_FUJI_P[] = {
    0x0040, 0x1931, 0x7FFE, 0x6B39, 0x6718, 0x62F7, 0x6AD1, 0x5ED6,
    0x5AB5, 0x6A6D, 0x5694, 0x6149, 0x5273, 0x5504, 0x624C, 0x4E52,
    0x5E2E, 0x5230, 0x4881, 0x4A31, 0x620B, 0x3041, 0x4A0F, 0x4610,
    0x5A0B, 0x41EF, 0x4DCD, 0x41CD, 0x3DCE, 0x4DAA, 0x41AC, 0x39AD,
    0x458B, 0x398B, 0x358C, 0x4169, 0x396A, 0x316B, 0x3D46, 0x2D4A,
    0x3926, 0x3129, 0x3507, 0x2929, 0x2907, 0x2508, 0x28E7, 0x2442,
    0x20E7, 0x20C5, 0x1CC6, 0x1CC5, 0x20A5, 0x18A5, 0x1883, 0x1484,
    0x1483, 0x1863, 0x1063, 0x1041, 0x1021, 0x0C42, 0x0C41, 0x0821,
    0x0400,
};
static const uint16_t pal_URNFRM_P[] = {
    0x002B, 0x240B, 0x7BBB, 0x7B77, 0x76F3, 0x6EB0, 0x66B1, 0x666F,
    0x5A4F, 0x5E2D, 0x562D, 0x51EB, 0x49CB, 0x45A9, 0x4167, 0x3947,
    0x3D25, 0x3D03, 0x3105, 0x30E3, 0x28C3, 0x2081, 0x1861, 0x7BDD,
    0x6F7F, 0x6B5E, 0x631E, 0x5EFD, 0x56BD, 0x529C, 0x4E7B, 0x463B,
    0x421A, 0x3DFA, 0x39D9, 0x3198, 0x2D77, 0x2957, 0x2536, 0x2534,
    0x1CF0, 0x1CEB, 0x1CE6, 0x18C5,
};
static const uint16_t pal_CHAIR_P[] = {
    0x0039, 0x7C1F, 0x7FDE, 0x7B9A, 0x775A, 0x7B36, 0x6738, 0x76D5,
    0x76D3, 0x6AD5, 0x6AB2, 0x5AB5, 0x5A93, 0x626F, 0x6251, 0x4E52,
    0x5A31, 0x5A2E, 0x61EF, 0x4E0E, 0x55CD, 0x55CA, 0x49AD, 0x5186,
    0x45AA, 0x5149, 0x5146, 0x398C, 0x50E6, 0x4529, 0x4907, 0x4923,
    0x44E6, 0x44C5, 0x3926, 0x3529, 0x4483, 0x4442, 0x38A5, 0x2D06,
    0x3883, 0x3442, 0x24C5, 0x28A2, 0x3000, 0x1CA5, 0x2C00, 0x2C00,
    0x2821, 0x18A2, 0x2800, 0x2400, 0x2000, 0x2000, 0x1C00, 0x1800,
    0x0800, 0x0000,
};

/* Sorted by name so the lookup can bisect. */
const wm_palette wm_palettes[] = {
    { "ALEX_P", pal_ALEX_P },
    { "AQUAPAL", pal_AQUAPAL },
    { "ATTMTR_P", pal_ATTMTR_P },
    { "ATTTXT_P", pal_ATTTXT_P },
    { "BALL_p", pal_BALL_p },
    { "BAM3P", pal_BAM3P },
    { "BAMBLU_P", pal_BAMBLU_P },
    { "BARB_P", pal_BARB_P },
    { "BARR_P", pal_BARR_P },
    { "BATP", pal_BATP },
    { "BAT_P", pal_BAT_P },
    { "BEYES", pal_BEYES },
    { "BGLAS_P", pal_BGLAS_P },
    { "BGSPRKL_P", pal_BGSPRKL_P },
    { "BHMUGA_P", pal_BHMUGA_P },
    { "BHMUGB_P", pal_BHMUGB_P },
    { "BHMUGC_P", pal_BHMUGC_P },
    { "BHMUGD_P", pal_BHMUGD_P },
    { "BHMUGE_P", pal_BHMUGE_P },
    { "BHMUGF_P", pal_BHMUGF_P },
    { "BHMUGG_P", pal_BHMUGG_P },
    { "BHMUGH_P", pal_BHMUGH_P },
    { "BICON00P", pal_BICON00P },
    { "BICON10P", pal_BICON10P },
    { "BICON1_P", pal_BICON1_P },
    { "BICON20P", pal_BICON20P },
    { "BICON30P", pal_BICON30P },
    { "BICON40P", pal_BICON40P },
    { "BICON50P", pal_BICON50P },
    { "BICON5_P", pal_BICON5_P },
    { "BICON60P", pal_BICON60P },
    { "BICON70P", pal_BICON70P },
    { "BICON80P", pal_BICON80P },
    { "BICON90_P", pal_BICON90_P },
    { "BIGFLSH_P", pal_BIGFLSH_P },
    { "BLAD_P", pal_BLAD_P },
    { "BLDSPIN_P", pal_BLDSPIN_P },
    { "BLOOD_P", pal_BLOOD_P },
    { "BLUE", pal_BLUE },
    { "BLUEEX_P", pal_BLUEEX_P },
    { "BMDZP", pal_BMDZP },
    { "BMMUGA_P", pal_BMMUGA_P },
    { "BMMUGB_P", pal_BMMUGB_P },
    { "BMMUGC_P", pal_BMMUGC_P },
    { "BMMUGD_P", pal_BMMUGD_P },
    { "BMMUGE_P", pal_BMMUGE_P },
    { "BMMUGF_P", pal_BMMUGF_P },
    { "BMMUGG_P", pal_BMMUGG_P },
    { "BMMUGH_P", pal_BMMUGH_P },
    { "BOX1_P", pal_BOX1_P },
    { "BRITEX_P", pal_BRITEX_P },
    { "CHAIR_P", pal_CHAIR_P },
    { "CHGLWB1P", pal_CHGLWB1P },
    { "CHGLWB2P", pal_CHGLWB2P },
    { "CHGLWB3P", pal_CHGLWB3P },
    { "CHGLWB4P", pal_CHGLWB4P },
    { "CHGLWB5P", pal_CHGLWB5P },
    { "CHGLWB6P", pal_CHGLWB6P },
    { "CHGLWB7P", pal_CHGLWB7P },
    { "CHGLWB8P", pal_CHGLWB8P },
    { "CHGLWB9P", pal_CHGLWB9P },
    { "CHGLWB_P", pal_CHGLWB_P },
    { "CHGLWT1P", pal_CHGLWT1P },
    { "CHGLWT2P", pal_CHGLWT2P },
    { "CHGLWT3P", pal_CHGLWT3P },
    { "CHGLWT4P", pal_CHGLWT4P },
    { "CHGLWT5P", pal_CHGLWT5P },
    { "CHGLWT6P", pal_CHGLWT6P },
    { "CHGLWT7P", pal_CHGLWT7P },
    { "CHGLWT8P", pal_CHGLWT8P },
    { "CHGLWT9P", pal_CHGLWT9P },
    { "CHGLWT_P", pal_CHGLWT_P },
    { "CHIP_B_P", pal_CHIP_B_P },
    { "CHSHDB_P", pal_CHSHDB_P },
    { "CHSHDT_P", pal_CHSHDT_P },
    { "COFFIN_P", pal_COFFIN_P },
    { "COMBO_P", pal_COMBO_P },
    { "CRHI_B_P", pal_CRHI_B_P },
    { "CRHI_R_P", pal_CRHI_R_P },
    { "CRPL_B_P", pal_CRPL_B_P },
    { "CRPL_G_P", pal_CRPL_G_P },
    { "CRPL_R_P", pal_CRPL_R_P },
    { "CRUTBH_P", pal_CRUTBH_P },
    { "CRUTBM_P", pal_CRUTBM_P },
    { "CRUTDK_P", pal_CRUTDK_P },
    { "CRUTLX_P", pal_CRUTLX_P },
    { "CRUTPLTGP", pal_CRUTPLTGP },
    { "CRUTRR_P", pal_CRUTRR_P },
    { "CRUTSM_P", pal_CRUTSM_P },
    { "CRUTUN_P", pal_CRUTUN_P },
    { "CRUTYK_P", pal_CRUTYK_P },
    { "CSELBK_P", pal_CSELBK_P },
    { "DBELL_P", pal_DBELL_P },
    { "DCLIQU3", pal_DCLIQU3 },
    { "DIAGP", pal_DIAGP },
    { "DIZZY_P", pal_DIZZY_P },
    { "DKMUGA_P", pal_DKMUGA_P },
    { "DKMUGB_P", pal_DKMUGB_P },
    { "DKMUGC_P", pal_DKMUGC_P },
    { "DKMUGD_P", pal_DKMUGD_P },
    { "DKMUGE_P", pal_DKMUGE_P },
    { "DKMUGF_P", pal_DKMUGF_P },
    { "DKMUGG_P", pal_DKMUGG_P },
    { "DKMUGH_P", pal_DKMUGH_P },
    { "DNK3P", pal_DNK3P },
    { "DNKBLU_P", pal_DNKBLU_P },
    { "DPLT_B_P", pal_DPLT_B_P },
    { "DPLT_P2P", pal_DPLT_P2P },
    { "DPLT_R_P", pal_DPLT_R_P },
    { "DPLT_W_P", pal_DPLT_W_P },
    { "DUXPAL", pal_DUXPAL },
    { "EUGMUG_P", pal_EUGMUG_P },
    { "FARCRD_P", pal_FARCRD_P },
    { "FGR2YL_P", pal_FGR2YL_P },
    { "FIRBAL_P", pal_FIRBAL_P },
    { "FIREBL_P", pal_FIREBL_P },
    { "FISH_P", pal_FISH_P },
    { "FLASH4_P", pal_FLASH4_P },
    { "FLASHP_P", pal_FLASHP_P },
    { "FLASHR_P", pal_FLASHR_P },
    { "FLASH_P", pal_FLASH_P },
    { "FNT9PRP_P", pal_FNT9PRP_P },
    { "FNT9RED_P", pal_FNT9RED_P },
    { "FNT9WHT2P", pal_FNT9WHT2P },
    { "FNT9WHT_P", pal_FNT9WHT_P },
    { "FNT9YEL_P", pal_FNT9YEL_P },
    { "FRTROW_P", pal_FRTROW_P },
    { "FUJI_P", pal_FUJI_P },
    { "FWBLU_P", pal_FWBLU_P },
    { "FWBLV_P", pal_FWBLV_P },
    { "FWPNK_P", pal_FWPNK_P },
    { "FWPRP_P", pal_FWPRP_P },
    { "FWWHT_P", pal_FWWHT_P },
    { "FWYEL_P", pal_FWYEL_P },
    { "FYL2RD_P", pal_FYL2RD_P },
    { "GHOST_P", pal_GHOST_P },
    { "GLOVEP_P", pal_GLOVEP_P },
    { "GLVHIT_P", pal_GLVHIT_P },
    { "GOLD", pal_GOLD },
    { "GREENPAL", pal_GREENPAL },
    { "GREYPAL", pal_GREYPAL },
    { "HANDS_P", pal_HANDS_P },
    { "HART_P", pal_HART_P },
    { "HEALTH_P", pal_HEALTH_P },
    { "HORZTRN1P", pal_HORZTRN1P },
    { "HRT3P", pal_HRT3P },
    { "IDRAG_P", pal_IDRAG_P },
    { "IGORO_P", pal_IGORO_P },
    { "IKAHN_P", pal_IKAHN_P },
    { "ILIGHT_P", pal_ILIGHT_P },
    { "IMK_P", pal_IMK_P },
    { "INFO_P", pal_INFO_P },
    { "IQ_P", pal_IQ_P },
    { "IRAID_P", pal_IRAID_P },
    { "ISKULL_P", pal_ISKULL_P },
    { "ITHREE_P", pal_ITHREE_P },
    { "IYIN_P", pal_IYIN_P },
    { "JAKE_P", pal_JAKE_P },
    { "JAKMUG_P", pal_JAKMUG_P },
    { "JASMUG_P", pal_JASMUG_P },
    { "JASON_P", pal_JASON_P },
    { "JOYDEW_P", pal_JOYDEW_P },
    { "JSHMUG_P", pal_JSHMUG_P },
    { "LAMB_P", pal_LAMB_P },
    { "LAVA10_P", pal_LAVA10_P },
    { "LAVA1_P", pal_LAVA1_P },
    { "LAVA2_P", pal_LAVA2_P },
    { "LAVA3_P", pal_LAVA3_P },
    { "LAVA4_P", pal_LAVA4_P },
    { "LAVA5_P", pal_LAVA5_P },
    { "LAVA6_P", pal_LAVA6_P },
    { "LAVA7_P", pal_LAVA7_P },
    { "LAVA8_P", pal_LAVA8_P },
    { "LAVA9_P", pal_LAVA9_P },
    { "LEX3P", pal_LEX3P },
    { "LEXWHT_P", pal_LEXWHT_P },
    { "LGRYPAL", pal_LGRYPAL },
    { "LXMUGA_P", pal_LXMUGA_P },
    { "LXMUGB_P", pal_LXMUGB_P },
    { "LXMUGC_P", pal_LXMUGC_P },
    { "LXMUGD_P", pal_LXMUGD_P },
    { "LXMUGE_P", pal_LXMUGE_P },
    { "LXMUGF_P", pal_LXMUGF_P },
    { "LXMUGG_P", pal_LXMUGG_P },
    { "LXMUGH_P", pal_LXMUGH_P },
    { "MARNE_P", pal_MARNE_P },
    { "MATCOF_P", pal_MATCOF_P },
    { "MGP_G_P", pal_MGP_G_P },
    { "MGP_R_PA", pal_MGP_R_PA },
    { "MIKMUG_P", pal_MIKMUG_P },
    { "MKCOIN_P", pal_MKCOIN_P },
    { "MPLTPRPP", pal_MPLTPRPP },
    { "MRKMUG_P", pal_MRKMUG_P },
    { "NMAT_P", pal_NMAT_P },
    { "NPLM_P", pal_NPLM_P },
    { "ORANGPAL", pal_ORANGPAL },
    { "ORNGPAL", pal_ORNGPAL },
    { "OSGEMD", pal_OSGEMD },
    { "PERFCT_P", pal_PERFCT_P },
    { "PURPLE", pal_PURPLE },
    { "PWREMP_P", pal_PWREMP_P },
    { "RAZDIZP", pal_RAZDIZP },
    { "RECBLK_P", pal_RECBLK_P },
    { "RECVRB_P", pal_RECVRB_P },
    { "RECVRR_P", pal_RECVRR_P },
    { "REDPAL", pal_REDPAL },
    { "REDPAL2", pal_REDPAL2 },
    { "REPR_P", pal_REPR_P },
    { "RNDNUM_P", pal_RNDNUM_P },
    { "RNDPLT_P", pal_RNDPLT_P },
    { "ROPE_B_P", pal_ROPE_B_P },
    { "ROPE_R_P", pal_ROPE_R_P },
    { "ROPE_W_P", pal_ROPE_W_P },
    { "RPERFCT_P", pal_RPERFCT_P },
    { "RRMUGA_P", pal_RRMUGA_P },
    { "RRMUGB_P", pal_RRMUGB_P },
    { "RRMUGC_P", pal_RRMUGC_P },
    { "RRMUGD_P", pal_RRMUGD_P },
    { "RRMUGE_P", pal_RRMUGE_P },
    { "RRMUGF_P", pal_RRMUGF_P },
    { "RRMUGG_P", pal_RRMUGG_P },
    { "RRMUGH_P", pal_RRMUGH_P },
    { "RUBYPAL", pal_RUBYPAL },
    { "RZR3P", pal_RZR3P },
    { "RZRGRN_P", pal_RZRGRN_P },
    { "SALMUG_P", pal_SALMUG_P },
    { "SALTP", pal_SALTP },
    { "SALTTR_P", pal_SALTTR_P },
    { "SDCRWD_P", pal_SDCRWD_P },
    { "SGMD8BLU", pal_SGMD8BLU },
    { "SGMD8GLD", pal_SGMD8GLD },
    { "SGMD8GRY", pal_SGMD8GRY },
    { "SGMD8RED", pal_SGMD8RED },
    { "SGMD8RED2", pal_SGMD8RED2 },
    { "SGMD8VIO", pal_SGMD8VIO },
    { "SGMD8WHT", pal_SGMD8WHT },
    { "SGMD8WHT2", pal_SGMD8WHT2 },
    { "SGMD8YEL", pal_SGMD8YEL },
    { "SHADOW_P", pal_SHADOW_P },
    { "SHN3P", pal_SHN3P },
    { "SHNMUG_P", pal_SHNMUG_P },
    { "SHNRED_P", pal_SHNRED_P },
    { "SKULL_P", pal_SKULL_P },
    { "SMMUGA_P", pal_SMMUGA_P },
    { "SMMUGB_P", pal_SMMUGB_P },
    { "SMMUGC_P", pal_SMMUGC_P },
    { "SMMUGD_P", pal_SMMUGD_P },
    { "SMMUGE_P", pal_SMMUGE_P },
    { "SMMUGF_P", pal_SMMUGF_P },
    { "SMMUGG_P", pal_SMMUGG_P },
    { "SMMUGH_P", pal_SMMUGH_P },
    { "SMOKE_P", pal_SMOKE_P },
    { "SMWWF_P", pal_SMWWF_P },
    { "SPARKL_P", pal_SPARKL_P },
    { "SPEAR_P", pal_SPEAR_P },
    { "SPITBLU_P", pal_SPITBLU_P },
    { "SPKBLU_P", pal_SPKBLU_P },
    { "SPKGRN_P", pal_SPKGRN_P },
    { "SPKPRP_P", pal_SPKPRP_P },
    { "SPKTRQ_P", pal_SPKTRQ_P },
    { "SPKYEL_P", pal_SPKYEL_P },
    { "SPLOG01P", pal_SPLOG01P },
    { "SPLOG02P", pal_SPLOG02P },
    { "SPLOG03P", pal_SPLOG03P },
    { "SPLOG04P", pal_SPLOG04P },
    { "SPLOG05P", pal_SPLOG05P },
    { "SPLOG06P", pal_SPLOG06P },
    { "SPLOG07P", pal_SPLOG07P },
    { "SPLOG08P", pal_SPLOG08P },
    { "SPLOG09P", pal_SPLOG09P },
    { "SPLOG10P", pal_SPLOG10P },
    { "SPLOG11P", pal_SPLOG11P },
    { "SPLOG12P", pal_SPLOG12P },
    { "SPLOG13P", pal_SPLOG13P },
    { "SPLOG14P", pal_SPLOG14P },
    { "SPLOG15P", pal_SPLOG15P },
    { "SPLOG16P", pal_SPLOG16P },
    { "SPLOG17P", pal_SPLOG17P },
    { "STAR_P", pal_STAR_P },
    { "SUPER_P", pal_SUPER_P },
    { "SWTP", pal_SWTP },
    { "SWWFBB_P", pal_SWWFBB_P },
    { "TEXT_P", pal_TEXT_P },
    { "TMBMAT_P", pal_TMBMAT_P },
    { "TM_P", pal_TM_P },
    { "TOMB_P", pal_TOMB_P },
    { "TONMUG_P", pal_TONMUG_P },
    { "TURKEYP", pal_TURKEYP },
    { "TURQUSE", pal_TURQUSE },
    { "UND3P", pal_UND3P },
    { "UNDPRP_P", pal_UNDPRP_P },
    { "UNDZP", pal_UNDZP },
    { "UNMUGA_P", pal_UNMUGA_P },
    { "UNMUGB_P", pal_UNMUGB_P },
    { "UNMUGC_P", pal_UNMUGC_P },
    { "UNMUGD_P", pal_UNMUGD_P },
    { "UNMUGE_P", pal_UNMUGE_P },
    { "UNMUGF_P", pal_UNMUGF_P },
    { "UNMUGG_P", pal_UNMUGG_P },
    { "UNMUGH_P", pal_UNMUGH_P },
    { "URNFRM_P", pal_URNFRM_P },
    { "VOGEL_P", pal_VOGEL_P },
    { "WBOXBLUP", pal_WBOXBLUP },
    { "WBOXREDP", pal_WBOXREDP },
    { "WGFS_W_P", pal_WGFS_W_P },
    { "WGSF_B_P", pal_WGSF_B_P },
    { "WGSF_P_P", pal_WGSF_P_P },
    { "WGSF_R_P", pal_WGSF_R_P },
    { "WGSF_W_P1", pal_WGSF_W_P1 },
    { "WGSF_Y_P", pal_WGSF_Y_P },
    { "WHITE2PAL", pal_WHITE2PAL },
    { "WHITEPAL", pal_WHITEPAL },
    { "WHTPAL", pal_WHTPAL },
    { "WINFONT", pal_WINFONT },
    { "WNSC_W_P", pal_WNSC_W_P },
    { "WRESCH_P", pal_WRESCH_P },
    { "WSF_R_P", pal_WSF_R_P },
    { "WSF_W_P", pal_WSF_W_P },
    { "WSF_Y_P", pal_WSF_Y_P },
    { "WWFICONP", pal_WWFICONP },
    { "XPLODE_P", pal_XPLODE_P },
    { "YKDZP", pal_YKDZP },
    { "YKMUGA_P", pal_YKMUGA_P },
    { "YKMUGB_P", pal_YKMUGB_P },
    { "YKMUGC_P", pal_YKMUGC_P },
    { "YKMUGD_P", pal_YKMUGD_P },
    { "YKMUGE_P", pal_YKMUGE_P },
    { "YKMUGF_P", pal_YKMUGF_P },
    { "YKMUGG_P", pal_YKMUGG_P },
    { "YKMUGH_P", pal_YKMUGH_P },
    { "YOK3P", pal_YOK3P },
    { "YOKRED_P", pal_YOKRED_P },
    { "jmeter_p", pal_jmeter_p },
    { "mKlIGHT_p", pal_mKlIGHT_p },
    { "robo_p", pal_robo_p },
    { "scorep", pal_scorep },
    { "shadow_p", pal_shadow_p },
};

const int wm_palette_count = 337;
