/* Auto-generated from verified WWF Wolf Unit graphics ROM + ERHDRS/ERPALS. */
#include "wm/select_background.h"

static const uint8_t px_wm_progress_h0_049fc2c8[] __attribute__((aligned(8))) = {
    0x00, 0x00, 0x00, 0x00, 0x00, 0x00, 0x00, 0x00, 0x00, 0x00, 0x00, 0x00, 0x00, 0x00, 0x00, 0x00, 0x00, 0x00, 0x00, 0x00, 0x00, 0x00, 0x00, 0x00,
    0x00, 0x00, 0x00, 0x36, 0x36, 0x36, 0x00, 0x00, 0x00, 0x00, 0x00, 0x00, 0x00, 0x00, 0x00, 0x00, 0x00, 0x00, 0x00, 0x00, 0x00, 0x00, 0x00, 0x00,
    0x00, 0x00, 0x00, 0x00, 0x00, 0x00, 0x00, 0x00, 0x00, 0x00, 0x00, 0x00, 0x00, 0x00, 0x00, 0x00, 0x00, 0x00, 0x00, 0x00, 0x00, 0x00, 0x00, 0x00,
    0x00, 0x00, 0x00, 0x00, 0x00, 0x00, 0x00, 0x00, 0x00, 0x00, 0x00, 0x00, 0x00, 0x00, 0x00, 0x00, 0x00, 0x00, 0x00, 0x00, 0x00, 0x00, 0x00, 0x00,
    0x00, 0x00, 0x00, 0x00, 0x00, 0x00, 0x00, 0x00, 0x00, 0x00, 0x00, 0x00, 0x00, 0x00, 0x00, 0x00, 0x00, 0x00, 0x00, 0x00, 0x00, 0x36, 0x38, 0x38,
    0x36, 0x36, 0x36, 0x36, 0x00, 0x00, 0x00, 0x00, 0x00, 0x00, 0x00, 0x00, 0x00, 0x00, 0x00, 0x00, 0x00, 0x00, 0x00, 0x00, 0x00, 0x00, 0x00, 0x00,
    0x00, 0x00, 0x00, 0x00, 0x00, 0x00, 0x00, 0x00, 0x00, 0x00, 0x00, 0x00, 0x00, 0x00, 0x00, 0x00, 0x00, 0x00, 0x00, 0x00, 0x00, 0x00, 0x00, 0x00,
    0x00, 0x00, 0x00, 0x00, 0x00, 0x00, 0x00, 0x00, 0x00, 0x00, 0x00, 0x00, 0x00, 0x00, 0x00, 0x00, 0x00, 0x00, 0x00, 0x00, 0x00, 0x00, 0x00, 0x00,
    0x00, 0x00, 0x00, 0x00, 0x00, 0x00, 0x00, 0x00, 0x00, 0x00, 0x00, 0x00, 0x00, 0x00, 0x00, 0x00, 0x00, 0x00, 0x00, 0x00, 0x00, 0x00, 0x36, 0x36,
    0x00, 0x00, 0x00, 0x00, 0x00, 0x00, 0x00, 0x00, 0x00, 0x00, 0x00, 0x00, 0x00, 0x00, 0x00, 0x00, 0x00, 0x00, 0x00, 0x00, 0x00, 0x00, 0x00, 0x00,
    0x00, 0x00, 0x00, 0x00, 0x00, 0x00, 0x00, 0x00, 0x00, 0x00, 0x00, 0x00, 0x00, 0x00, 0x00, 0x00, 0x00, 0x00, 0x00, 0x00, 0x00, 0x00, 0x00, 0x00,
    0x00, 0x00, 0x00, 0x00, 0x00, 0x00, 0x00, 0x00, 0x00, 0x00, 0x00, 0x00, 0x00, 0x00, 0x00, 0x00, 0x00, 0x00, 0x00, 0x00, 0x00, 0x00, 0x00, 0x00,
    0x00, 0x00, 0x00, 0x00, 0x00, 0x00, 0x00, 0x00, 0x00, 0x00, 0x00, 0x00, 0x00, 0x38, 0x38, 0x38, 0x38, 0x38, 0x00, 0x36, 0x00, 0x00, 0x00, 0x00,
    0x00, 0x00, 0x00, 0x00, 0x00, 0x00, 0x00, 0x00, 0x00, 0x00, 0x00, 0x00, 0x00, 0x00, 0x00, 0x00, 0x00, 0x00, 0x00, 0x00, 0x00, 0x00, 0x00, 0x00,
    0x00, 0x00, 0x00, 0x00, 0x00, 0x00, 0x00, 0x00, 0x00, 0x00, 0x00, 0x00, 0x00, 0x00, 0x00, 0x00, 0x00, 0x00, 0x00, 0x00, 0x00, 0x00, 0x00, 0x00,
    0x00, 0x00, 0x00, 0x00, 0x00, 0x00, 0x00, 0x00, 0x00, 0x00, 0x00, 0x00, 0x00, 0x00, 0x00, 0x00, 0x00, 0x00, 0x00, 0x00, 0x00, 0x00, 0x00, 0x00,
    0x00, 0x00, 0x00, 0x00, 0x00, 0x00, 0x00, 0x00, 0x00, 0x38, 0x00, 0x38, 0x38, 0x38, 0x38, 0x38, 0x00, 0x00, 0x00, 0x00, 0x00, 0x00, 0x00, 0x00,
    0x00, 0x00, 0x00, 0x00, 0x00, 0x00, 0x00, 0x00, 0x00, 0x00, 0x00, 0x00, 0x00, 0x00, 0x00, 0x00, 0x00, 0x00, 0x00, 0x00, 0x00, 0x00, 0x00, 0x00,
    0x00, 0x00, 0x00, 0x00, 0x00, 0x00, 0x00, 0x00, 0x00, 0x00, 0x00, 0x00, 0x00, 0x00, 0x00, 0x00, 0x00, 0x00, 0x00, 0x00, 0x00, 0x00, 0x00, 0x00,
    0x00, 0x00, 0x00, 0x00, 0x00, 0x00, 0x00, 0x00, 0x00, 0x00, 0x00, 0x00, 0x00, 0x00, 0x00, 0x00, 0x00, 0x00, 0x00, 0x00, 0x00, 0x00, 0x00, 0x00,
    0x00, 0x00, 0x00, 0x00, 0x00, 0x25, 0x3A, 0x25, 0x3B, 0x38, 0x38, 0x00, 0x38, 0x00, 0x00, 0x00, 0x00, 0x00, 0x00, 0x00, 0x00, 0x00, 0x00, 0x00,
    0x00, 0x00, 0x00, 0x00, 0x00, 0x00, 0x00, 0x00, 0x00, 0x00, 0x00, 0x00, 0x00, 0x00, 0x00, 0x00, 0x00, 0x00, 0x00, 0x00, 0x00, 0x00, 0x00, 0x00,
    0x00, 0x00, 0x00, 0x00, 0x00, 0x00, 0x00, 0x00, 0x00, 0x00, 0x00, 0x00, 0x00, 0x00, 0x00, 0x00, 0x00, 0x00, 0x00, 0x00, 0x00, 0x00, 0x00, 0x00,
    0x00, 0x00, 0x00, 0x00, 0x00, 0x00, 0x00, 0x00, 0x00, 0x00, 0x00, 0x00, 0x00, 0x00, 0x00, 0x00, 0x00, 0x00, 0x00, 0x00, 0x00, 0x00, 0x00, 0x00,
    0x00, 0x25, 0x38, 0x38, 0x38, 0x25, 0x25, 0x23, 0x00, 0x00, 0x00, 0x00, 0x00, 0x00, 0x00, 0x00, 0x00, 0x00, 0x00, 0x00, 0x00, 0x00, 0x00, 0x00,
    0x00, 0x00, 0x00, 0x00, 0x00, 0x00, 0x00, 0x00, 0x00, 0x00, 0x00, 0x00, 0x00, 0x00, 0x00, 0x00, 0x00, 0x00, 0x00, 0x00, 0x00, 0x00, 0x00, 0x00,
    0x00, 0x00, 0x00, 0x00, 0x00, 0x00, 0x00, 0x00, 0x00, 0x00, 0x00, 0x00, 0x00, 0x00, 0x00, 0x00, 0x00, 0x00, 0x00, 0x00, 0x00, 0x00, 0x00, 0x00,
    0x00, 0x00, 0x00, 0x00, 0x00, 0x00, 0x00, 0x00, 0x00, 0x00, 0x00, 0x00, 0x00, 0x00, 0x00, 0x00, 0x00, 0x00, 0x00, 0x00, 0x00, 0x05, 0x00, 0x39,
    0x25, 0x39, 0x3A, 0x25, 0x00, 0x00, 0x00, 0x00, 0x00, 0x00, 0x00, 0x00, 0x00, 0x00, 0x00, 0x00, 0x00, 0x00, 0x00, 0x00, 0x00, 0x00, 0x00, 0x00,
    0x00, 0x00, 0x00, 0x00, 0x00, 0x00, 0x00, 0x00, 0x00, 0x00, 0x00, 0x00, 0x00, 0x00, 0x00, 0x00, 0x00, 0x00, 0x00, 0x00, 0x00, 0x00, 0x00, 0x00,
    0x00, 0x00, 0x00, 0x00, 0x00, 0x00, 0x00, 0x00, 0x00, 0x00, 0x00, 0x00, 0x00, 0x00, 0x00, 0x00, 0x00, 0x00, 0x00, 0x00, 0x00, 0x00, 0x00, 0x00,
    0x00, 0x00, 0x00, 0x00, 0x00, 0x00, 0x00, 0x00, 0x00, 0x00, 0x00, 0x00, 0x00, 0x00, 0x00, 0x00, 0x00, 0x3A, 0x00, 0x23, 0x38, 0x25, 0x3A, 0x00,
    0x00, 0x00, 0x00, 0x00, 0x36, 0x00, 0x00, 0x00, 0x00, 0x00, 0x00, 0x00, 0x00, 0x00, 0x00, 0x00, 0x00, 0x00, 0x00, 0x00, 0x00, 0x00, 0x00, 0x00,
    0x00, 0x00, 0x00, 0x00, 0x00, 0x00, 0x00, 0x00, 0x00, 0x00, 0x00, 0x00, 0x00, 0x00, 0x00, 0x00, 0x00, 0x00, 0x00, 0x00, 0x00, 0x00, 0x00, 0x00,
    0x00, 0x00, 0x00, 0x00, 0x00, 0x00, 0x00, 0x00, 0x00, 0x00, 0x00, 0x00, 0x00, 0x00, 0x00, 0x00, 0x00, 0x00, 0x00, 0x00, 0x00, 0x00, 0x00, 0x00,
    0x00, 0x00, 0x00, 0x00, 0x00, 0x00, 0x00, 0x00, 0x00, 0x00, 0x00, 0x00, 0x38, 0x38, 0x25, 0x23, 0x3A, 0x23, 0x1F, 0x00, 0x36, 0x36, 0x36, 0x00,
    0x36, 0x36, 0x28, 0x00, 0x00, 0x00, 0x00, 0x00, 0x00, 0x00, 0x00, 0x00, 0x00, 0x00, 0x00, 0x00, 0x00, 0x00, 0x00, 0x00, 0x00, 0x00, 0x00, 0x00,
    0x00, 0x00, 0x00, 0x00, 0x00, 0x00, 0x00, 0x00, 0x00, 0x00, 0x00, 0x00, 0x00, 0x00, 0x00, 0x00, 0x00, 0x00, 0x00, 0x00, 0x00, 0x00, 0x00, 0x00,
    0x00, 0x00, 0x00, 0x00, 0x00, 0x00, 0x00, 0x00, 0x00, 0x00, 0x00, 0x00, 0x00, 0x00, 0x00, 0x00, 0x00, 0x00, 0x00, 0x00, 0x00, 0x00, 0x00, 0x00,
    0x00, 0x00, 0x00, 0x00, 0x00, 0x00, 0x36, 0x36, 0x36, 0x3A, 0x25, 0x23, 0x23, 0x25, 0x38, 0x00, 0x38, 0x38, 0x38, 0x36, 0x38, 0x36, 0x36, 0x00,
    0x00, 0x00, 0x00, 0x00, 0x00, 0x00, 0x00, 0x00, 0x00, 0x00, 0x00, 0x00, 0x00, 0x00, 0x00, 0x00, 0x00, 0x00, 0x00, 0x00, 0x00, 0x00, 0x00, 0x00,
    0x00, 0x00, 0x00, 0x00, 0x00, 0x00, 0x00, 0x00, 0x00, 0x00, 0x00, 0x00, 0x00, 0x00, 0x00, 0x00, 0x00, 0x00, 0x00, 0x00, 0x00, 0x00, 0x00, 0x00,
    0x00, 0x00, 0x00, 0x00, 0x00, 0x00, 0x00, 0x00, 0x00, 0x00, 0x00, 0x00, 0x00, 0x00, 0x00, 0x00, 0x00, 0x00, 0x00, 0x00, 0x00, 0x00, 0x00, 0x00,
    0x36, 0x36, 0x00, 0x28, 0x00, 0x3A, 0x3A, 0x39, 0x39, 0x36, 0x28, 0x38, 0x38, 0x38, 0x38, 0x38, 0x38, 0x38, 0x38, 0x36, 0x36, 0x21, 0x22, 0x00,
    0x00, 0x00, 0x00, 0x00, 0x00, 0x00, 0x00, 0x00, 0x00, 0x00, 0x00, 0x00, 0x00, 0x00, 0x00, 0x00, 0x00, 0x00, 0x00, 0x00, 0x00, 0x00, 0x00, 0x00,
    0x00, 0x00, 0x00, 0x00, 0x03, 0x03, 0x03, 0x00, 0x00, 0x00, 0x00, 0x00, 0x00, 0x00, 0x00, 0x00, 0x00, 0x00, 0x00, 0x00, 0x00, 0x00, 0x00, 0x00,
    0x00, 0x00, 0x00, 0x00, 0x00, 0x00, 0x00, 0x00, 0x00, 0x00, 0x00, 0x00, 0x00, 0x21, 0x22, 0x00, 0x00, 0x00, 0x00, 0x36, 0x38, 0x38, 0x28, 0x28,
    0x28, 0x28, 0x36, 0x05, 0x38, 0x28, 0x38, 0x38, 0x38, 0x28, 0x38, 0x38, 0x38, 0x38, 0x25, 0x25, 0x25, 0x25, 0x25, 0x25, 0x00, 0x00, 0x00, 0x00,
    0x00, 0x00, 0x00, 0x00, 0x00, 0x00, 0x00, 0x00, 0x00, 0x00, 0x00, 0x00, 0x00, 0x00, 0x00, 0x00, 0x00, 0x00, 0x00, 0x00, 0x00, 0x00, 0x00, 0x34,
    0x04, 0x03, 0x03, 0x34, 0x34, 0x00, 0x00, 0x00, 0x00, 0x00, 0x00, 0x00, 0x00, 0x00, 0x00, 0x00, 0x00, 0x00, 0x00, 0x00, 0x00, 0x00, 0x00, 0x00,
    0x00, 0x00, 0x00, 0x00, 0x00, 0x00, 0x00, 0x00, 0x21, 0x21, 0x21, 0x21, 0x00, 0x00, 0x00, 0x38, 0x28, 0x28, 0x28, 0x38, 0x38, 0x38, 0x38, 0x38,
    0x38, 0x38, 0x38, 0x38, 0x38, 0x28, 0x28, 0x38, 0x27, 0x27, 0x23, 0x23, 0x22, 0x21, 0x21, 0x21, 0x25, 0x25, 0x3A, 0x3A, 0x00, 0x00, 0x00, 0x00,
    0x00, 0x00, 0x00, 0x00, 0x00, 0x00, 0x00, 0x00, 0x00, 0x00, 0x00, 0x00, 0x00, 0x00, 0x00, 0x00, 0x00, 0x00, 0x00, 0x36, 0x36, 0x36, 0x05, 0x05,
    0x36, 0x37, 0x00, 0x00, 0x00, 0x00, 0x00, 0x00, 0x00, 0x00, 0x00, 0x00, 0x00, 0x00, 0x00, 0x00, 0x00, 0x00, 0x00, 0x00, 0x00, 0x00, 0x00, 0x27,
    0x27, 0x27, 0x27, 0x25, 0x23, 0x23, 0x23, 0x23, 0x25, 0x25, 0x3A, 0x38, 0x28, 0x28, 0x28, 0x28, 0x28, 0x38, 0x28, 0x28, 0x28, 0x28, 0x28, 0x28,
    0x28, 0x38, 0x28, 0x28, 0x27, 0x06, 0x23, 0x23, 0x23, 0x22, 0x23, 0x22, 0x3A, 0x25, 0x25, 0x3A, 0x00, 0x00, 0x00, 0x00, 0x00, 0x00, 0x00, 0x00,
    0x00, 0x00, 0x00, 0x00, 0x00, 0x00, 0x00, 0x00, 0x00, 0x00, 0x00, 0x00, 0x00, 0x00, 0x00, 0x06, 0x22, 0x1F, 0x1F, 0x05, 0x06, 0x37, 0x00, 0x00,
    0x00, 0x00, 0x00, 0x00, 0x00, 0x00, 0x00, 0x00, 0x00, 0x00, 0x00, 0x00, 0x00, 0x00, 0x00, 0x00, 0x00, 0x00, 0x00, 0x27, 0x27, 0x06, 0x28, 0x28,
    0x27, 0x25, 0x25, 0x27, 0x28, 0x06, 0x3A, 0x28, 0x38, 0x28, 0x3A, 0x3A, 0x28, 0x28, 0x28, 0x3A, 0x3A, 0x3A, 0x3A, 0x3A, 0x28, 0x28, 0x38, 0x27,
    0x27, 0x28, 0x27, 0x06, 0x06, 0x25, 0x06, 0x06, 0x27, 0x25, 0x25, 0x25, 0x00, 0x00, 0x00, 0x00, 0x00, 0x00, 0x00, 0x00, 0x00, 0x00, 0x00, 0x00,
    0x00, 0x00, 0x00, 0x00, 0x00, 0x00, 0x00, 0x00, 0x00, 0x00, 0x00, 0x23, 0x26, 0x26, 0x26, 0x26, 0x25, 0x06, 0x00, 0x00, 0x00, 0x00, 0x00, 0x00,
    0x00, 0x00, 0x00, 0x00, 0x00, 0x00, 0x00, 0x00, 0x00, 0x00, 0x00, 0x00, 0x00, 0x00, 0x00, 0x27, 0x25, 0x06, 0x27, 0x27, 0x25, 0x22, 0x23, 0x25,
    0x28, 0x28, 0x3A, 0x3A, 0x28, 0x28, 0x3A, 0x3A, 0x28, 0x28, 0x28, 0x3A, 0x28, 0x28, 0x28, 0x3A, 0x3A, 0x28, 0x28, 0x27, 0x06, 0x27, 0x27, 0x06,
    0x25, 0x22, 0x25, 0x27, 0x27, 0x06, 0x25, 0x25, 0x00, 0x00, 0x00, 0x00, 0x00, 0x00, 0x00, 0x00, 0x00, 0x00, 0x00, 0x00, 0x00, 0x00, 0x00, 0x00,
    0x00, 0x00, 0x00, 0x00, 0x00, 0x00, 0x1E, 0x23, 0x24, 0x24, 0x23, 0x24, 0x24, 0x25, 0x00, 0x00, 0x00, 0x00, 0x00, 0x00, 0x00, 0x00, 0x00, 0x00,
    0x00, 0x00, 0x00, 0x00, 0x00, 0x00, 0x00, 0x00, 0x00, 0x00, 0x00, 0x27, 0x27, 0x27, 0x27, 0x25, 0x24, 0x22, 0x23, 0x22, 0x27, 0x28, 0x25, 0x3A,
    0x28, 0x28, 0x28, 0x3A, 0x28, 0x28, 0x28, 0x3A, 0x3A, 0x3A, 0x3A, 0x3A, 0x3A, 0x28, 0x28, 0x27, 0x27, 0x28, 0x27, 0x25, 0x25, 0x1F, 0x23, 0x23,
    0x27, 0x27, 0x25, 0x27, 0x00, 0x00, 0x00, 0x00, 0x00, 0x00, 0x00, 0x00, 0x00, 0x00, 0x00, 0x00, 0x00, 0x00, 0x00, 0x00, 0x00, 0x00, 0x00, 0x00,
    0x00, 0x00, 0x1E, 0x19, 0x1B, 0x1E, 0x20, 0x19, 0x1E, 0x23, 0x00, 0x00, 0x00, 0x00, 0x00, 0x00, 0x00, 0x00, 0x00, 0x00, 0x00, 0x00, 0x00, 0x00,
    0x00, 0x00, 0x00, 0x00, 0x00, 0x00, 0x00, 0x00, 0x27, 0x28, 0x25, 0x22, 0x23, 0x22, 0x1E, 0x1E, 0x25, 0x27, 0x06, 0x25, 0x38, 0x28, 0x28, 0x26,
    0x28, 0x28, 0x3A, 0x3A, 0x3A, 0x3A, 0x3A, 0x3A, 0x3A, 0x28, 0x28, 0x27, 0x27, 0x27, 0x25, 0x23, 0x25, 0x21, 0x22, 0x23, 0x25, 0x27, 0x06, 0x00,
    0x00, 0x00, 0x00, 0x00, 0x00, 0x00, 0x00, 0x00, 0x00, 0x00, 0x00, 0x00, 0x00, 0x00, 0x00, 0x00, 0x00, 0x00, 0x00, 0x00, 0x00, 0x00, 0x26, 0x19,
    0x23, 0x24, 0x26, 0x23, 0x1F, 0x00, 0x00, 0x00, 0x00, 0x00, 0x00, 0x00, 0x00, 0x00, 0x00, 0x00, 0x00, 0x00, 0x00, 0x00, 0x00, 0x00, 0x00, 0x00,
    0x00, 0x00, 0x00, 0x00, 0x00, 0x25, 0x25, 0x23, 0x23, 0x22, 0x1E, 0x1E, 0x25, 0x27, 0x06, 0x25, 0x28, 0x28, 0x28, 0x26, 0x28, 0x28, 0x28, 0x3A,
    0x3A, 0x3A, 0x3A, 0x3A, 0x28, 0x38, 0x28, 0x27, 0x28, 0x28, 0x25, 0x22, 0x24, 0x21, 0x1E, 0x23, 0x28, 0x27, 0x00, 0x00, 0x00, 0x00, 0x00, 0x00,
    0x00, 0x00, 0x00, 0x00, 0x00, 0x00, 0x00, 0x00, 0x00, 0x00, 0x00, 0x00, 0x00, 0x00, 0x00, 0x00, 0x00, 0x00, 0x00, 0x19, 0x23, 0x1F, 0x23, 0x23,
    0x24, 0x00, 0x00, 0x00, 0x00, 0x00, 0x00, 0x00, 0x00, 0x00, 0x00, 0x00, 0x00, 0x00, 0x00, 0x00, 0x00, 0x00, 0x00, 0x00, 0x00, 0x00, 0x00, 0x00,
    0x00, 0x00, 0x00, 0x23, 0x22, 0x21, 0x21, 0x21, 0x28, 0x27, 0x28, 0x25, 0x28, 0x28, 0x28, 0x28, 0x28, 0x28, 0x3A, 0x3A, 0x3A, 0x3A, 0x28, 0x28,
    0x38, 0x28, 0x28, 0x28, 0x28, 0x28, 0x24, 0x23, 0x23, 0x21, 0x21, 0x23, 0x3A, 0x03, 0x00, 0x00, 0x00, 0x00, 0x00, 0x00, 0x00, 0x00, 0x00, 0x00,
    0x00, 0x00, 0x00, 0x00, 0x00, 0x00, 0x00, 0x00, 0x00, 0x00, 0x00, 0x00, 0x00, 0x00, 0x1E, 0x19, 0x1E, 0x1E, 0x1E, 0x24, 0x24, 0x00, 0x00, 0x00,
    0x00, 0x00, 0x00, 0x00, 0x00, 0x00, 0x00, 0x00, 0x00, 0x00, 0x00, 0x00, 0x00, 0x00, 0x00, 0x00, 0x00, 0x00, 0x27, 0x00, 0x00, 0x00, 0x23, 0x23,
    0x23, 0x22, 0x22, 0x22, 0x3A, 0x33, 0x28, 0x28, 0x28, 0x38, 0x28, 0x28, 0x28, 0x28, 0x3A, 0x3A, 0x3A, 0x3A, 0x3A, 0x3A, 0x28, 0x38, 0x28, 0x03,
    0x17, 0x17, 0x24, 0x23, 0x23, 0x22, 0x23, 0x23, 0x05, 0x17, 0x02, 0x04, 0x00, 0x00, 0x00, 0x00, 0x00, 0x00, 0x00, 0x00, 0x00, 0x00, 0x00, 0x00,
    0x00, 0x00, 0x00, 0x00, 0x00, 0x00, 0x00, 0x20, 0x16, 0x16, 0x1A, 0x1E, 0x1E, 0x23, 0x24, 0x24, 0x23, 0x00, 0x00, 0x00, 0x00, 0x00, 0x00, 0x00,
    0x00, 0x00, 0x00, 0x00, 0x00, 0x00, 0x00, 0x00, 0x00, 0x00, 0x00, 0x00, 0x00, 0x38, 0x34, 0x31, 0x17, 0x17, 0x22, 0x24, 0x23, 0x22, 0x1F, 0x23,
    0x30, 0x3C, 0x30, 0x34, 0x36, 0x28, 0x28, 0x28, 0x28, 0x28, 0x28, 0x28, 0x28, 0x28, 0x28, 0x28, 0x28, 0x28, 0x03, 0x17, 0x01, 0x18, 0x22, 0x23,
    0x23, 0x22, 0x22, 0x1E, 0x17, 0x13, 0x13, 0x13, 0x02, 0x04, 0x00, 0x00, 0x00, 0x00, 0x00, 0x00, 0x00, 0x00, 0x00, 0x00, 0x00, 0x00, 0x00, 0x00,
    0x00, 0x20, 0x16, 0x1A, 0x16, 0x16, 0x1A, 0x19, 0x19, 0x23, 0x23, 0x1C, 0x20, 0x1C, 0x1A, 0x1A, 0x24, 0x00, 0x00, 0x00, 0x00, 0x00, 0x00, 0x00,
    0x00, 0x00, 0x00, 0x00, 0x00, 0x00, 0x00, 0x00, 0x38, 0x36, 0x30, 0x2D, 0x17, 0x17, 0x30, 0x34, 0x23, 0x1F, 0x1E, 0x23, 0x17, 0x2D, 0x2D, 0x17,
    0x3C, 0x34, 0x36, 0x28, 0x28, 0x28, 0x28, 0x28, 0x28, 0x28, 0x28, 0x28, 0x36, 0x03, 0x17, 0x01, 0x01, 0x17, 0x21, 0x23, 0x22, 0x1E, 0x21, 0x1D,
    0x13, 0x01, 0x01, 0x01, 0x01, 0x17, 0x03, 0x36, 0x00, 0x00, 0x00, 0x00, 0x00, 0x00, 0x00, 0x00, 0x00, 0x00, 0x00, 0x24, 0x16, 0x16, 0x16, 0x1A,
    0x1A, 0x20, 0x20, 0x1A, 0x1C, 0x1C, 0x1A, 0x20, 0x24, 0x24, 0x1A, 0x16, 0x16, 0x16, 0x24, 0x00, 0x00, 0x00, 0x00, 0x00, 0x00, 0x00, 0x00, 0x00,
    0x00, 0x00, 0x00, 0x27, 0x36, 0x04, 0x3C, 0x2D, 0x2D, 0x2D, 0x17, 0x30, 0x33, 0x22, 0x1F, 0x3C, 0x2D, 0x2D, 0x2D, 0x2D, 0x2D, 0x2D, 0x31, 0x36,
    0x28, 0x28, 0x28, 0x28, 0x28, 0x28, 0x28, 0x36, 0x03, 0x01, 0x01, 0x01, 0x01, 0x01, 0x18, 0x21, 0x1F, 0x1F, 0x03, 0x18, 0x01, 0x01, 0x01, 0x01,
    0x01, 0x01, 0x01, 0x03, 0x05, 0x00, 0x00, 0x00, 0x00, 0x00, 0x00, 0x00, 0x00, 0x00, 0x24, 0x16, 0x16, 0x16, 0x16, 0x1A, 0x20, 0x20, 0x20, 0x1A,
    0x1C, 0x1C, 0x20, 0x20, 0x20, 0x1C, 0x1A, 0x16, 0x16, 0x16, 0x16, 0x24, 0x00, 0x00, 0x00, 0x00, 0x00, 0x00, 0x00, 0x00, 0x00, 0x00, 0x27, 0x36,
    0x34, 0x3C, 0x2D, 0x2D, 0x2D, 0x2D, 0x2D, 0x2D, 0x2D, 0x17, 0x17, 0x2D, 0x2D, 0x2D, 0x2D, 0x2D, 0x17, 0x2D, 0x2D, 0x31, 0x36, 0x28, 0x28, 0x28,
    0x28, 0x28, 0x28, 0x04, 0x13, 0x01, 0x01, 0x01, 0x01, 0x01, 0x01, 0x13, 0x17, 0x18, 0x17, 0x01, 0x01, 0x01, 0x01, 0x01, 0x01, 0x01, 0x13, 0x01,
    0x03, 0x36, 0x00, 0x00, 0x00, 0x00, 0x00, 0x00, 0x00, 0x24, 0x1A, 0x1A, 0x16, 0x16, 0x16, 0x16, 0x16, 0x16, 0x16, 0x16, 0x16, 0x16, 0x1A, 0x16,
    0x16, 0x16, 0x16, 0x16, 0x16, 0x1A, 0x1A, 0x1C, 0x00, 0x00, 0x00, 0x00, 0x00, 0x00, 0x00, 0x00, 0x00, 0x27, 0x36, 0x34, 0x30, 0x2D, 0x2D, 0x2D,
    0x2D, 0x2D, 0x2D, 0x2D, 0x2D, 0x2D, 0x2D, 0x2D, 0x17, 0x17, 0x2D, 0x2D, 0x3C, 0x2D, 0x2D, 0x2D, 0x31, 0x36, 0x28, 0x28, 0x28, 0x28, 0x36, 0x03,
    0x17, 0x13, 0x01, 0x01, 0x01, 0x01, 0x01, 0x01, 0x01, 0x01, 0x01, 0x01, 0x01, 0x01, 0x01, 0x01, 0x01, 0x01, 0x01, 0x01, 0x01, 0x04, 0x00, 0x00,
    0x00, 0x00, 0x00, 0x00, 0x24, 0x1A, 0x1A, 0x1A, 0x1A, 0x1A, 0x16, 0x16, 0x16, 0x16, 0x16, 0x16, 0x16, 0x16, 0x16, 0x1A, 0x1A, 0x16, 0x16, 0x16,
    0x16, 0x1A, 0x1A, 0x1C, 0x24, 0x00, 0x00, 0x00, 0x00, 0x00, 0x00, 0x00, 0x00, 0x38, 0x36, 0x31, 0x2D, 0x2D, 0x2D, 0x2D, 0x17, 0x30, 0x3C, 0x3C,
    0x3C, 0x30, 0x30, 0x30, 0x31, 0x33, 0x33, 0x30, 0x3C, 0x17, 0x2D, 0x2D, 0x2D, 0x34, 0x28, 0x28, 0x28, 0x28, 0x05, 0x17, 0x17, 0x13, 0x01, 0x13,
    0x02, 0x02, 0x18, 0x02, 0x03, 0x1D, 0x23, 0x28, 0x25, 0x28, 0x28, 0x13, 0x01, 0x13, 0x13, 0x01, 0x01, 0x04, 0x00, 0x00, 0x00, 0x00, 0x00, 0x24,
    0x1A, 0x1A, 0x1A, 0x1C, 0x1C, 0x1A, 0x16, 0x16, 0x16, 0x16, 0x16, 0x16, 0x16, 0x16, 0x16, 0x1A, 0x1A, 0x16, 0x16, 0x1A, 0x1A, 0x1A, 0x1A, 0x1C,
    0x1C, 0x00, 0x00, 0x00, 0x00, 0x00, 0x00, 0x00, 0x27, 0x36, 0x33, 0x3C, 0x2D, 0x2D, 0x3C, 0x3C, 0x30, 0x36, 0x33, 0x31, 0x34, 0x36, 0x36, 0x33,
    0x34, 0x36, 0x34, 0x30, 0x3C, 0x17, 0x2D, 0x2D, 0x2D, 0x17, 0x28, 0x28, 0x28, 0x05, 0x03, 0x17, 0x17, 0x13, 0x13, 0x17, 0x36, 0x25, 0x25, 0x24,
    0x39, 0x3B, 0x28, 0x1C, 0x19, 0x0F, 0x1B, 0x26, 0x13, 0x13, 0x01, 0x01, 0x17, 0x22, 0x00, 0x00, 0x00, 0x00, 0x24, 0x1A, 0x16, 0x1A, 0x1A, 0x1C,
    0x1C, 0x1A, 0x1A, 0x16, 0x16, 0x16, 0x16, 0x16, 0x16, 0x1A, 0x1A, 0x16, 0x16, 0x16, 0x16, 0x1A, 0x1A, 0x20, 0x20, 0x1C, 0x1C, 0x24, 0x00, 0x00,
    0x00, 0x00, 0x00, 0x00, 0x38, 0x34, 0x3C, 0x2D, 0x2D, 0x2D, 0x3C, 0x30, 0x30, 0x36, 0x33, 0x36, 0x36, 0x36, 0x36, 0x36, 0x33, 0x33, 0x31, 0x31,
    0x31, 0x30, 0x17, 0x2D, 0x30, 0x22, 0x28, 0x28, 0x28, 0x04, 0x13, 0x17, 0x17, 0x13, 0x02, 0x02, 0x21, 0x05, 0x05, 0x04, 0x25, 0x28, 0x23, 0x0E,
    0x11, 0x0E, 0x0E, 0x23, 0x23, 0x17, 0x01, 0x13, 0x01, 0x23, 0x28, 0x28, 0x28, 0x28, 0x1A, 0x1A, 0x16, 0x1A, 0x1A, 0x20, 0x20, 0x20, 0x1C, 0x16,
    0x16, 0x16, 0x16, 0x16, 0x1A, 0x1A, 0x1A, 0x1A, 0x1A, 0x16, 0x1A, 0x1C, 0x20, 0x24, 0x20, 0x1C, 0x1C, 0x20, 0x00, 0x00, 0x00, 0x00, 0x00, 0x00,
    0x38, 0x34, 0x2D, 0x2D, 0x2D, 0x2D, 0x30, 0x31, 0x30, 0x38, 0x36, 0x23, 0x25, 0x25, 0x23, 0x36, 0x34, 0x36, 0x36, 0x33, 0x33, 0x33, 0x3C, 0x3C,
    0x23, 0x23, 0x28, 0x28, 0x28, 0x04, 0x13, 0x01, 0x01, 0x01, 0x04, 0x02, 0x39, 0x25, 0x23, 0x36, 0x25, 0x26, 0x0D, 0x0E, 0x11, 0x1F, 0x1C, 0x20,
    0x36, 0x17, 0x13, 0x18, 0x23, 0x22, 0x28, 0x28, 0x28, 0x24, 0x1A, 0x16, 0x16, 0x1A, 0x1A, 0x20, 0x24, 0x1B, 0x1F, 0x16, 0x1C, 0x1F, 0x25, 0x1A,
    0x1C, 0x1A, 0x16, 0x1C, 0x20, 0x1A, 0x1A, 0x20, 0x20, 0x25, 0x20, 0x1A, 0x1A, 0x20, 0x24, 0x00, 0x00, 0x00, 0x00, 0x00, 0x00, 0x22, 0x33, 0x3C,
    0x17, 0x17, 0x00, 0x30, 0x30, 0x36, 0x34, 0x21, 0x23, 0x23, 0x23, 0x36, 0x34, 0x38, 0x36, 0x31, 0x31, 0x22, 0x22, 0x23, 0x23, 0x22, 0x28, 0x28,
    0x28, 0x23, 0x03, 0x05, 0x25, 0x37, 0x25, 0x02, 0x04, 0x06, 0x23, 0x23, 0x23, 0x25, 0x15, 0x24, 0x0C, 0x26, 0x24, 0x1F, 0x27, 0x02, 0x18, 0x1F,
    0x23, 0x23, 0x25, 0x28, 0x28, 0x20, 0x1C, 0x1A, 0x1A, 0x1C, 0x20, 0x24, 0x24, 0x20, 0x24, 0x24, 0x24, 0x27, 0x28, 0x20, 0x20, 0x1A, 0x16, 0x1C,
    0x20, 0x1A, 0x20, 0x20, 0x20, 0x25, 0x24, 0x1A, 0x1A, 0x1A, 0x20, 0x00, 0x00, 0x00, 0x00, 0x00, 0x00, 0x23, 0x24, 0x1F, 0x21, 0x22, 0x00, 0x30,
    0x30, 0x36, 0x36, 0x04, 0x05, 0x1D, 0x22, 0x34, 0x13, 0x19, 0x12, 0x34, 0x31, 0x23, 0x23, 0x23, 0x23, 0x23, 0x25, 0x28, 0x25, 0x23, 0x23, 0x27,
    0x26, 0x23, 0x22, 0x26, 0x04, 0x06, 0x21, 0x05, 0x21, 0x1F, 0x09, 0x11, 0x0A, 0x24, 0x12, 0x15, 0x24, 0x24, 0x23, 0x1F, 0x22, 0x22, 0x25, 0x28,
    0x28, 0x22, 0x1E, 0x1A, 0x1A, 0x20, 0x20, 0x1C, 0x24, 0x19, 0x20, 0x24, 0x20, 0x26, 0x27, 0x24, 0x20, 0x1A, 0x16, 0x1C, 0x20, 0x1A, 0x20, 0x20,
    0x20, 0x25, 0x24, 0x1A, 0x1A, 0x1A, 0x1F, 0x24, 0x00, 0x00, 0x00, 0x00, 0x25, 0x23, 0x24, 0x1F, 0x1F, 0x22, 0x00, 0x33, 0x33, 0x36, 0x36, 0x31,
    0x31, 0x30, 0x03, 0x21, 0x20, 0x20, 0x19, 0x20, 0x25, 0x02, 0x1F, 0x23, 0x23, 0x24, 0x25, 0x28, 0x27, 0x1F, 0x28, 0x26, 0x27, 0x26, 0x26, 0x28,
    0x25, 0x36, 0x22, 0x22, 0x03, 0x14, 0x11, 0x09, 0x0F, 0x20, 0x12, 0x1B, 0x1B, 0x26, 0x26, 0x22, 0x21, 0x23, 0x28, 0x28, 0x28, 0x1D, 0x12, 0x1E,
    0x1E, 0x20, 0x24, 0x20, 0x24, 0x0E, 0x12, 0x24, 0x24, 0x24, 0x1C, 0x27, 0x1A, 0x1A, 0x16, 0x1C, 0x23, 0x1A, 0x20, 0x20, 0x20, 0x25, 0x27, 0x20,
    0x1E, 0x1D, 0x21, 0x1D, 0x00, 0x00, 0x00, 0x00, 0x27, 0x25, 0x25, 0x21, 0x1E, 0x1D, 0x34, 0x34, 0x34, 0x36, 0x38, 0x34, 0x33, 0x31, 0x23, 0x24,
    0x20, 0x1C, 0x1C, 0x1A, 0x19, 0x26, 0x1F, 0x25, 0x28, 0x27, 0x28, 0x28, 0x28, 0x1F, 0x26, 0x1B, 0x24, 0x20, 0x1F, 0x1F, 0x26, 0x36, 0x25, 0x22,
    0x22, 0x22, 0x15, 0x0D, 0x15, 0x20, 0x15, 0x1C, 0x25, 0x26, 0x25, 0x22, 0x1E, 0x23, 0x28, 0x28, 0x28, 0x1F, 0x15, 0x12, 0x12, 0x19, 0x03, 0x36,
    0x28, 0x12, 0x11, 0x0E, 0x1C, 0x1B, 0x1C, 0x27, 0x1A, 0x16, 0x16, 0x1A, 0x23, 0x1C, 0x20, 0x20, 0x20, 0x24, 0x27, 0x22, 0x19, 0x12, 0x02, 0x1E,
    0x27, 0x00, 0x00, 0x00, 0x00, 0x25, 0x25, 0x23, 0x1E, 0x00, 0x36, 0x36, 0x33, 0x34, 0x36, 0x34, 0x34, 0x33, 0x28, 0x20, 0x0E, 0x12, 0x0F, 0x12,
    0x0D, 0x1F, 0x28, 0x26, 0x28, 0x28, 0x28, 0x28, 0x28, 0x23, 0x24, 0x20, 0x24, 0x1C, 0x24, 0x1F, 0x26, 0x39, 0x03, 0x39, 0x3A, 0x39, 0x15, 0x0D,
    0x11, 0x19, 0x1B, 0x1F, 0x39, 0x26, 0x23, 0x21, 0x22, 0x26, 0x28, 0x28, 0x28, 0x28, 0x20, 0x15, 0x12, 0x19, 0x19, 0x03, 0x27, 0x09, 0x11, 0x1E,
    0x14, 0x26, 0x26, 0x26, 0x1C, 0x1A, 0x1A, 0x1A, 0x20, 0x20, 0x20, 0x20, 0x20, 0x20, 0x39, 0x19, 0x12, 0x12, 0x1E, 0x1E, 0x27, 0x27, 0x00, 0x00,
    0x00, 0x00, 0x00, 0x00, 0x00, 0x00, 0x34, 0x33, 0x33, 0x33, 0x34, 0x31, 0x33, 0x36, 0x36, 0x26, 0x19, 0x0E, 0x0E, 0x0E, 0x0E, 0x19, 0x25, 0x26,
    0x28, 0x28, 0x28, 0x28, 0x28, 0x23, 0x26, 0x26, 0x28, 0x20, 0x26, 0x1F, 0x24, 0x25, 0x36, 0x36, 0x36, 0x03, 0x15, 0x15, 0x23, 0x26, 0x26, 0x1C,
    0x22, 0x23, 0x22, 0x1F, 0x23, 0x28, 0x28, 0x28, 0x28, 0x28, 0x28, 0x20, 0x16, 0x19, 0x12, 0x19, 0x12, 0x09, 0x12, 0x23, 0x09, 0x27, 0x1F, 0x24,
    0x20, 0x20, 0x20, 0x20, 0x20, 0x20, 0x24, 0x24, 0x23, 0x20, 0x02, 0x19, 0x14, 0x19, 0x15, 0x1F, 0x27, 0x00, 0x00, 0x00, 0x00, 0x00, 0x00, 0x00,
    0x00, 0x00, 0x00, 0x30, 0x3C, 0x3C, 0x31, 0x30, 0x30, 0x30, 0x26, 0x24, 0x19, 0x1F, 0x1B, 0x16, 0x1A, 0x1B, 0x27, 0x24, 0x28, 0x28, 0x28, 0x28,
    0x28, 0x28, 0x20, 0x1B, 0x26, 0x19, 0x24, 0x1F, 0x20, 0x05, 0x05, 0x03, 0x17, 0x17, 0x15, 0x10, 0x19, 0x1C, 0x19, 0x1C, 0x23, 0x22, 0x22, 0x22,
    0x28, 0x28, 0x28, 0x28, 0x28, 0x28, 0x28, 0x28, 0x20, 0x20, 0x16, 0x15, 0x12, 0x09, 0x09, 0x11, 0x08, 0x26, 0x1B, 0x20, 0x25, 0x25, 0x24, 0x24,
    0x22, 0x22, 0x22, 0x25, 0x34, 0x34, 0x1D, 0x1D, 0x1D, 0x19, 0x1F, 0x27, 0x00, 0x00, 0x00, 0x00, 0x00, 0x00, 0x00, 0x00, 0x00, 0x00, 0x00, 0x17,
    0x17, 0x13, 0x01, 0x13, 0x3C, 0x3C, 0x20, 0x1F, 0x19, 0x20, 0x1C, 0x1C, 0x1A, 0x15, 0x1F, 0x3A, 0x28, 0x28, 0x28, 0x28, 0x28, 0x28, 0x23, 0x1F,
    0x24, 0x24, 0x26, 0x24, 0x26, 0x03, 0x01, 0x2D, 0x3C, 0x02, 0x3C, 0x02, 0x12, 0x12, 0x12, 0x15, 0x19, 0x0C, 0x3C, 0x2D, 0x28, 0x28, 0x28, 0x28,
    0x28, 0x28, 0x28, 0x28, 0x28, 0x28, 0x28, 0x20, 0x1E, 0x28, 0x09, 0x0E, 0x0D, 0x26, 0x1C, 0x06, 0x06, 0x06, 0x06, 0x06, 0x06, 0x06, 0x36, 0x36,
    0x36, 0x34, 0x34, 0x21, 0x21, 0x1D, 0x1E, 0x27, 0x00, 0x00, 0x00, 0x00, 0x00, 0x00, 0x00, 0x00, 0x00, 0x00, 0x00, 0x17, 0x13, 0x01, 0x01, 0x01,
    0x01, 0x01, 0x21, 0x20, 0x19, 0x12, 0x15, 0x12, 0x15, 0x0E, 0x0E, 0x3A, 0x28, 0x28, 0x28, 0x28, 0x28, 0x28, 0x28, 0x24, 0x24, 0x24, 0x26, 0x26,
    0x28, 0x13, 0x2D, 0x13, 0x34, 0x17, 0x3C, 0x30, 0x33, 0x34, 0x34, 0x34, 0x3A, 0x32, 0x30, 0x3C, 0x02, 0x2D, 0x28, 0x28, 0x28, 0x28, 0x28, 0x28,
    0x28, 0x06, 0x05, 0x20, 0x1F, 0x28, 0x28, 0x11, 0x15, 0x26, 0x20, 0x36, 0x36, 0x36, 0x36, 0x36, 0x06, 0x36, 0x05, 0x04, 0x03, 0x3C, 0x04, 0x34,
    0x04, 0x04, 0x39, 0x27, 0x00, 0x00, 0x00, 0x00, 0x00, 0x00, 0x00, 0x00, 0x00, 0x00, 0x1D, 0x02, 0x17, 0x13, 0x01, 0x01, 0x01, 0x01, 0x01, 0x24,
    0x20, 0x1F, 0x24, 0x24, 0x1C, 0x15, 0x23, 0x23, 0x28, 0x28, 0x28, 0x28, 0x28, 0x28, 0x28, 0x26, 0x24, 0x1F, 0x27, 0x25, 0x02, 0x13, 0x3C, 0x3C,
    0x34, 0x3C, 0x3C, 0x30, 0x33, 0x32, 0x37, 0x36, 0x36, 0x33, 0x3C, 0x3C, 0x03, 0x03, 0x3C, 0x28, 0x28, 0x28, 0x28, 0x28, 0x28, 0x36, 0x21, 0x23,
    0x05, 0x28, 0x28, 0x11, 0x0D, 0x20, 0x26, 0x36, 0x36, 0x36, 0x05, 0x34, 0x25, 0x05, 0x36, 0x34, 0x04, 0x03, 0x03, 0x04, 0x04, 0x04, 0x04, 0x00,
    0x00, 0x00, 0x00, 0x00, 0x00, 0x00, 0x00, 0x00, 0x00, 0x20, 0x1F, 0x1E, 0x1D, 0x17, 0x01, 0x01, 0x01, 0x01, 0x13, 0x24, 0x24, 0x1F, 0x1B, 0x16,
    0x19, 0x1B, 0x1E, 0x23, 0x25, 0x28, 0x28, 0x28, 0x19, 0x0D, 0x10, 0x27, 0x28, 0x26, 0x25, 0x17, 0x03, 0x30, 0x30, 0x34, 0x3C, 0x30, 0x3C, 0x3C,
    0x03, 0x31, 0x03, 0x3C, 0x3C, 0x3C, 0x3C, 0x17, 0x30, 0x36, 0x32, 0x32, 0x28, 0x28, 0x28, 0x28, 0x38, 0x36, 0x34, 0x34, 0x36, 0x28, 0x1B, 0x0D,
    0x0F, 0x24, 0x20, 0x26, 0x36, 0x34, 0x36, 0x36, 0x36, 0x3B, 0x36, 0x36, 0x05, 0x04, 0x03, 0x03, 0x3C, 0x17, 0x17, 0x05, 0x28, 0x00, 0x00, 0x00,
    0x00, 0x00, 0x00, 0x00, 0x23, 0x1F, 0x1E, 0x1E, 0x1E, 0x03, 0x13, 0x01, 0x13, 0x17, 0x02, 0x20, 0x24, 0x26, 0x1F, 0x1B, 0x20, 0x19, 0x1E, 0x22,
    0x24, 0x28, 0x28, 0x28, 0x08, 0x07, 0x09, 0x19, 0x21, 0x1F, 0x04, 0x3C, 0x37, 0x34, 0x31, 0x32, 0x3C, 0x30, 0x3C, 0x3C, 0x3C, 0x31, 0x3C, 0x3C,
    0x3C, 0x3C, 0x3C, 0x17, 0x30, 0x32, 0x32, 0x37, 0x34, 0x28, 0x28, 0x28, 0x06, 0x34, 0x36, 0x28, 0x26, 0x1B, 0x1C, 0x0E, 0x16, 0x1F, 0x1F, 0x28,
    0x26, 0x28, 0x05, 0x36, 0x3B, 0x3B, 0x06, 0x06, 0x06, 0x05, 0x04, 0x03, 0x3C, 0x17, 0x3C, 0x04, 0x06, 0x00, 0x00, 0x00, 0x00, 0x00, 0x00, 0x23,
    0x22, 0x1E, 0x1D, 0x1E, 0x1E, 0x21, 0x02, 0x13, 0x17, 0x02, 0x39, 0x20, 0x24, 0x26, 0x26, 0x26, 0x24, 0x12, 0x1F, 0x23, 0x23, 0x23, 0x27, 0x28,
    0x0A, 0x07, 0x09, 0x0C, 0x0C, 0x11, 0x34, 0x34, 0x32, 0x34, 0x33, 0x34, 0x3C, 0x31, 0x3C, 0x03, 0x30, 0x31, 0x3C, 0x3C, 0x3C, 0x3C, 0x3C, 0x3C,
    0x31, 0x32, 0x32, 0x32, 0x36, 0x28, 0x28, 0x28, 0x38, 0x36, 0x28, 0x27, 0x3A, 0x26, 0x12, 0x09, 0x12, 0x26, 0x28, 0x28, 0x28, 0x28, 0x28, 0x25,
    0x05, 0x36, 0x36, 0x06, 0x06, 0x36, 0x05, 0x04, 0x03, 0x03, 0x03, 0x33, 0x36, 0x00, 0x00, 0x00, 0x00, 0x00, 0x00, 0x1F, 0x1E, 0x1D, 0x21, 0x1F,
    0x22, 0x22, 0x21, 0x02, 0x1D, 0x22, 0x14, 0x24, 0x24, 0x20, 0x20, 0x1B, 0x15, 0x0F, 0x09, 0x0A, 0x1D, 0x23, 0x27, 0x28, 0x28, 0x09, 0x07, 0x09,
    0x0C, 0x31, 0x37, 0x37, 0x37, 0x37, 0x37, 0x34, 0x31, 0x3C, 0x3C, 0x3C, 0x31, 0x33, 0x03, 0x3C, 0x3C, 0x3C, 0x3C, 0x03, 0x31, 0x32, 0x37, 0x32,
    0x36, 0x31, 0x28, 0x28, 0x28, 0x28, 0x28, 0x28, 0x28, 0x28, 0x28, 0x28, 0x28, 0x28, 0x28, 0x28, 0x28, 0x28, 0x28, 0x28, 0x25, 0x05, 0x36, 0x36,
    0x36, 0x36, 0x27, 0x05, 0x04, 0x04, 0x34, 0x33, 0x06, 0x00, 0x00, 0x00, 0x00, 0x00, 0x24, 0x1F, 0x1E, 0x1E, 0x22, 0x22, 0x23, 0x22, 0x39, 0x3A,
    0x25, 0x07, 0x09, 0x16, 0x20, 0x1F, 0x1B, 0x15, 0x16, 0x12, 0x08, 0x07, 0x07, 0x08, 0x10, 0x21, 0x26, 0x23, 0x09, 0x08, 0x08, 0x37, 0x36, 0x32,
    0x36, 0x37, 0x37, 0x33, 0x03, 0x03, 0x03, 0x03, 0x33, 0x34, 0x31, 0x03, 0x03, 0x30, 0x03, 0x31, 0x31, 0x34, 0x36, 0x36, 0x36, 0x36, 0x28, 0x28,
    0x28, 0x28, 0x28, 0x28, 0x28, 0x28, 0x28, 0x28, 0x28, 0x27, 0x36, 0x28, 0x28, 0x28, 0x28, 0x28, 0x28, 0x25, 0x05, 0x06, 0x06, 0x27, 0x06, 0x05,
    0x04, 0x34, 0x36, 0x36, 0x06, 0x00, 0x00, 0x00, 0x00, 0x27, 0x25, 0x23, 0x22, 0x23, 0x25, 0x39, 0x23, 0x11, 0x08, 0x07, 0x08, 0x08, 0x09, 0x09,
    0x0E, 0x0F, 0x0F, 0x12, 0x0D, 0x09, 0x07, 0x07, 0x07, 0x07, 0x07, 0x07, 0x11, 0x26, 0x12, 0x09, 0x0D, 0x28, 0x36, 0x32, 0x34, 0x37, 0x37, 0x32,
    0x31, 0x31, 0x33, 0x33, 0x33, 0x33, 0x31, 0x31, 0x33, 0x30, 0x30, 0x32, 0x34, 0x36, 0x36, 0x36, 0x32, 0x32, 0x36, 0x28, 0x28, 0x28, 0x28, 0x28,
    0x27, 0x26, 0x3A, 0x3A, 0x1F, 0x36, 0x39, 0x39, 0x3A, 0x28, 0x28, 0x28, 0x28, 0x28, 0x25, 0x05, 0x36, 0x27, 0x36, 0x34, 0x04, 0x05, 0x36, 0x36,
    0x00, 0x00, 0x00, 0x00, 0x00, 0x27, 0x25, 0x25, 0x3A, 0x25, 0x25, 0x00, 0x0D, 0x08, 0x08, 0x08, 0x08, 0x08, 0x09, 0x09, 0x09, 0x09, 0x08, 0x08,
    0x08, 0x07, 0x07, 0x07, 0x07, 0x07, 0x07, 0x07, 0x08, 0x0D, 0x21, 0x0C, 0x04, 0x37, 0x37, 0x32, 0x32, 0x37, 0x37, 0x37, 0x32, 0x33, 0x34, 0x34,
    0x33, 0x33, 0x34, 0x31, 0x33, 0x33, 0x30, 0x32, 0x37, 0x36, 0x36, 0x36, 0x32, 0x36, 0x36, 0x28, 0x28, 0x28, 0x28, 0x28, 0x02, 0x02, 0x02, 0x02,
    0x13, 0x21, 0x1D, 0x02, 0x03, 0x03, 0x28, 0x28, 0x28, 0x28, 0x25, 0x25, 0x27, 0x27, 0x36, 0x04, 0x04, 0x05, 0x36, 0x06, 0x00, 0x00, 0x00, 0x00,
    0x00, 0x00, 0x06, 0x06, 0x06, 0x06, 0x25, 0x10, 0x09, 0x0C, 0x0C, 0x09, 0x09, 0x08, 0x08, 0x08, 0x08, 0x08, 0x07, 0x07, 0x07, 0x07, 0x07, 0x07,
    0x07, 0x07, 0x07, 0x07, 0x07, 0x07, 0x19, 0x13, 0x36, 0x37, 0x32, 0x32, 0x34, 0x37, 0x37, 0x37, 0x37, 0x32, 0x34, 0x33, 0x31, 0x31, 0x33, 0x31,
    0x31, 0x33, 0x30, 0x32, 0x36, 0x37, 0x36, 0x32, 0x34, 0x36, 0x36, 0x28, 0x28, 0x28, 0x28, 0x28, 0x17, 0x18, 0x1F, 0x02, 0x27, 0x39, 0x21, 0x02,
    0x02, 0x03, 0x21, 0x28, 0x28, 0x28, 0x28, 0x25, 0x36, 0x27, 0x36, 0x34, 0x34, 0x05, 0x36, 0x00, 0x00, 0x00, 0x00, 0x00, 0x00, 0x00, 0x00, 0x06,
    0x27, 0x06, 0x25, 0x10, 0x09, 0x10, 0x0D, 0x09, 0x09, 0x09, 0x08, 0x08, 0x08, 0x07, 0x07, 0x07, 0x07, 0x07, 0x07, 0x07, 0x07, 0x07, 0x07, 0x07,
    0x07, 0x07, 0x0D, 0x36, 0x36, 0x32, 0x32, 0x32, 0x34, 0x23, 0x37, 0x36, 0x37, 0x36, 0x33, 0x30, 0x30, 0x30, 0x31, 0x31, 0x31, 0x34, 0x31, 0x32,
    0x36, 0x37, 0x36, 0x32, 0x32, 0x36, 0x37, 0x28, 0x28, 0x28, 0x27, 0x25, 0x21, 0x21, 0x25, 0x23, 0x25, 0x25, 0x25, 0x21, 0x21, 0x21, 0x27, 0x28,
    0x28, 0x28, 0x28, 0x28, 0x28, 0x27, 0x36, 0x05, 0x34, 0x36, 0x38, 0x00, 0x00, 0x00, 0x00, 0x00, 0x00, 0x00, 0x00, 0x00, 0x27, 0x06, 0x19, 0x19,
    0x11, 0x14, 0x10, 0x09, 0x09, 0x09, 0x08, 0x08, 0x08, 0x07, 0x07, 0x07, 0x07, 0x07, 0x07, 0x07, 0x07, 0x07, 0x07, 0x08, 0x08, 0x07, 0x0D, 0x27,
    0x37, 0x34, 0x36, 0x32, 0x31, 0x23, 0x37, 0x36, 0x37, 0x36, 0x34, 0x33, 0x33, 0x30, 0x03, 0x30, 0x31, 0x33, 0x31, 0x32, 0x32, 0x37, 0x37, 0x37,
    0x37, 0x37, 0x37, 0x28, 0x28, 0x27, 0x1E, 0x1E, 0x03, 0x27, 0x36, 0x22, 0x23, 0x3A, 0x21, 0x26, 0x23, 0x02, 0x39, 0x26, 0x28, 0x28, 0x28, 0x28,
    0x28, 0x28, 0x36, 0x05, 0x05, 0x36, 0x00, 0x00, 0x00, 0x00, 0x00, 0x00, 0x00, 0x00, 0x00, 0x00, 0x03, 0x02, 0x19, 0x1F, 0x11, 0x0C, 0x21, 0x0D,
    0x0C, 0x0C, 0x09, 0x08, 0x0A, 0x0D, 0x23, 0x0D, 0x0A, 0x08, 0x08, 0x07, 0x07, 0x08, 0x08, 0x08, 0x09, 0x07, 0x0C, 0x39, 0x36, 0x33, 0x34, 0x36,
    0x36, 0x28, 0x36, 0x36, 0x32, 0x32, 0x32, 0x33, 0x34, 0x34, 0x31, 0x31, 0x33, 0x34, 0x33, 0x32, 0x32, 0x28, 0x37, 0x37, 0x37, 0x37, 0x37, 0x28,
    0x28, 0x27, 0x02, 0x19, 0x21, 0x06, 0x02, 0x3A, 0x28, 0x25, 0x12, 0x1E, 0x27, 0x23, 0x21, 0x36, 0x28, 0x28, 0x28, 0x28, 0x25, 0x25, 0x36, 0x34,
    0x05, 0x05, 0x00, 0x00, 0x00, 0x00, 0x00, 0x00, 0x00, 0x00, 0x00, 0x3A, 0x24, 0x22, 0x0D, 0x19, 0x11, 0x0D, 0x1E, 0x1B, 0x1E, 0x21, 0x1F, 0x19,
    0x25, 0x19, 0x10, 0x03, 0x24, 0x25, 0x12, 0x12, 0x1B, 0x10, 0x09, 0x07, 0x09, 0x07, 0x0C, 0x03, 0x26, 0x15, 0x1B, 0x25, 0x28, 0x37, 0x37, 0x32,
    0x36, 0x36, 0x32, 0x34, 0x34, 0x34, 0x33, 0x31, 0x34, 0x34, 0x33, 0x32, 0x32, 0x37, 0x37, 0x36, 0x37, 0x37, 0x37, 0x28, 0x28, 0x28, 0x23, 0x21,
    0x27, 0x21, 0x23, 0x26, 0x28, 0x27, 0x23, 0x02, 0x25, 0x28, 0x21, 0x36, 0x28, 0x28, 0x28, 0x28, 0x28, 0x27, 0x28, 0x05, 0x36, 0x00, 0x00, 0x00,
    0x00, 0x00, 0x00, 0x00, 0x00, 0x00, 0x00, 0x22, 0x23, 0x22, 0x11, 0x12, 0x10, 0x10, 0x1F, 0x1F, 0x27, 0x21, 0x27, 0x21, 0x27, 0x02, 0x19, 0x21,
    0x0D, 0x23, 0x10, 0x02, 0x23, 0x1F, 0x0C, 0x08, 0x09, 0x07, 0x0A, 0x18, 0x26, 0x19, 0x1C, 0x26, 0x28, 0x36, 0x37, 0x36, 0x36, 0x37, 0x36, 0x32,
    0x34, 0x34, 0x34, 0x33, 0x34, 0x34, 0x33, 0x31, 0x36, 0x36, 0x37, 0x36, 0x21, 0x21, 0x36, 0x28, 0x28, 0x28, 0x26, 0x21, 0x36, 0x21, 0x25, 0x1F,
    0x26, 0x21, 0x21, 0x21, 0x22, 0x23, 0x21, 0x36, 0x28, 0x28, 0x28, 0x24, 0x1F, 0x1B, 0x28, 0x06, 0x27, 0x00, 0x00, 0x00, 0x00, 0x00, 0x00, 0x00,
    0x00, 0x00, 0x00, 0x21, 0x21, 0x1E, 0x0C, 0x0D, 0x10, 0x11, 0x23, 0x02, 0x22, 0x02, 0x3A, 0x13, 0x02, 0x10, 0x1F, 0x23, 0x08, 0x24, 0x19, 0x02,
    0x0D, 0x21, 0x08, 0x08, 0x09, 0x07, 0x09, 0x0A, 0x25, 0x0F, 0x15, 0x24, 0x23, 0x36, 0x36, 0x36, 0x36, 0x34, 0x36, 0x32, 0x34, 0x34, 0x34, 0x34,
    0x33, 0x34, 0x34, 0x33, 0x37, 0x36, 0x36, 0x1F, 0x0F, 0x1B, 0x26, 0x28, 0x28, 0x28, 0x28, 0x21, 0x21, 0x23, 0x23, 0x1E, 0x27, 0x23, 0x21, 0x25,
    0x23, 0x3A, 0x23, 0x36, 0x04, 0x28, 0x28, 0x1C, 0x0F, 0x19, 0x05, 0x06, 0x00, 0x00, 0x00, 0x00, 0x00, 0x00, 0x00, 0x00, 0x00, 0x00, 0x00, 0x03,
    0x1B, 0x23, 0x09, 0x0C, 0x12, 0x10, 0x1F, 0x13, 0x02, 0x20, 0x1F, 0x10, 0x0A, 0x0C, 0x21, 0x0D, 0x08, 0x10, 0x10, 0x1E, 0x11, 0x04, 0x08, 0x09,
    0x09, 0x08, 0x09, 0x08, 0x22, 0x1C, 0x12, 0x1F, 0x27, 0x28, 0x32, 0x32, 0x36, 0x34, 0x34, 0x32, 0x34, 0x34, 0x34, 0x34, 0x34, 0x31, 0x34, 0x32,
    0x37, 0x3B, 0x24, 0x0F, 0x0F, 0x24, 0x28, 0x28, 0x28, 0x28, 0x28, 0x23, 0x24, 0x26, 0x1F, 0x25, 0x21, 0x25, 0x17, 0x02, 0x22, 0x23, 0x25, 0x27,
    0x25, 0x28, 0x28, 0x20, 0x15, 0x1B, 0x03, 0x36, 0x00, 0x00, 0x00, 0x00, 0x00, 0x00, 0x00, 0x00, 0x00, 0x00, 0x00, 0x23, 0x14, 0x20, 0x09, 0x08,
    0x12, 0x1E, 0x21, 0x02, 0x26, 0x1B, 0x14, 0x11, 0x09, 0x19, 0x24, 0x12, 0x07, 0x08, 0x09, 0x0D, 0x0D, 0x21, 0x09, 0x09, 0x0A, 0x09, 0x08, 0x08,
    0x0D, 0x26, 0x12, 0x12, 0x1B, 0x23, 0x37, 0x32, 0x36, 0x36, 0x34, 0x34, 0x32, 0x33, 0x33, 0x33, 0x32, 0x33, 0x32, 0x37, 0x37, 0x26, 0x16, 0x12,
    0x15, 0x26, 0x20, 0x0F, 0x1C, 0x28, 0x27, 0x25, 0x3A, 0x28, 0x39, 0x39, 0x23, 0x19, 0x02, 0x3A, 0x25, 0x23, 0x23, 0x28, 0x28, 0x28, 0x28, 0x12,
    0x0F, 0x1B, 0x02, 0x36, 0x00, 0x00, 0x00, 0x00, 0x00, 0x00, 0x00, 0x00, 0x00, 0x00, 0x00, 0x23, 0x12, 0x12, 0x10, 0x09, 0x0C, 0x19, 0x1F, 0x19,
    0x24, 0x1F, 0x1B, 0x14, 0x0C, 0x0C, 0x0C, 0x0D, 0x08, 0x0C, 0x0C, 0x10, 0x11, 0x19, 0x11, 0x09, 0x0C, 0x08, 0x07, 0x07, 0x07, 0x24, 0x15, 0x0E,
    0x12, 0x26, 0x37, 0x37, 0x32, 0x36, 0x32, 0x32, 0x36, 0x32, 0x32, 0x32, 0x34, 0x33, 0x32, 0x37, 0x37, 0x26, 0x12, 0x12, 0x1B, 0x28, 0x1F, 0x0E,
    0x0F, 0x24, 0x28, 0x25, 0x39, 0x28, 0x23, 0x39, 0x04, 0x21, 0x23, 0x3A, 0x22, 0x21, 0x21, 0x27, 0x28, 0x28, 0x0D, 0x0E, 0x19, 0x1B, 0x36, 0x36,
    0x28, 0x00, 0x00, 0x00, 0x00, 0x00, 0x00, 0x00, 0x00, 0x00, 0x00, 0x26, 0x3A, 0x20, 0x24, 0x20, 0x0D, 0x14, 0x24, 0x02, 0x1F, 0x24, 0x1B, 0x0C,
    0x0C, 0x09, 0x08, 0x11, 0x08, 0x09, 0x0C, 0x0E, 0x09, 0x11, 0x0C, 0x02, 0x14, 0x12, 0x02, 0x03, 0x03, 0x26, 0x24, 0x19, 0x12, 0x15, 0x27, 0x37,
    0x37, 0x37, 0x37, 0x32, 0x36, 0x32, 0x32, 0x36, 0x36, 0x32, 0x36, 0x37, 0x37, 0x0F, 0x12, 0x15, 0x28, 0x28, 0x15, 0x12, 0x15, 0x26, 0x28, 0x28,
    0x23, 0x3A, 0x39, 0x23, 0x28, 0x21, 0x25, 0x03, 0x23, 0x27, 0x27, 0x28, 0x28, 0x26, 0x1D, 0x02, 0x05, 0x36, 0x36, 0x06, 0x27, 0x00, 0x00, 0x00,
    0x00, 0x00, 0x00, 0x00, 0x00, 0x00, 0x00, 0x00, 0x00, 0x26, 0x24, 0x24, 0x19, 0x23, 0x27, 0x19, 0x12, 0x19, 0x19, 0x10, 0x19, 0x0D, 0x11, 0x0D,
    0x11, 0x0D, 0x0D, 0x08, 0x07, 0x08, 0x09, 0x39, 0x26, 0x1C, 0x15, 0x1F, 0x28, 0x28, 0x28, 0x26, 0x19, 0x0E, 0x1F, 0x27, 0x36, 0x25, 0x37, 0x36,
    0x3B, 0x34, 0x34, 0x37, 0x36, 0x36, 0x21, 0x25, 0x24, 0x0E, 0x0F, 0x28, 0x28, 0x28, 0x1B, 0x12, 0x1C, 0x28, 0x28, 0x28, 0x25, 0x21, 0x18, 0x21,
    0x23, 0x02, 0x03, 0x02, 0x39, 0x28, 0x28, 0x23, 0x0E, 0x14, 0x28, 0x05, 0x05, 0x39, 0x05, 0x05, 0x36, 0x27, 0x00, 0x00, 0x00, 0x00, 0x00, 0x00,
    0x00, 0x00, 0x00, 0x00, 0x00, 0x28, 0x26, 0x20, 0x16, 0x20, 0x1F, 0x12, 0x10, 0x12, 0x0C, 0x0C, 0x10, 0x12, 0x0D, 0x09, 0x09, 0x07, 0x07, 0x07,
    0x07, 0x08, 0x0C, 0x1F, 0x1C, 0x0E, 0x12, 0x20, 0x28, 0x28, 0x28, 0x28, 0x26, 0x12, 0x0E, 0x1B, 0x26, 0x31, 0x21, 0x31, 0x03, 0x03, 0x04, 0x04,
    0x03, 0x03, 0x1F, 0x1F, 0x20, 0x10, 0x1E, 0x28, 0x28, 0x28, 0x19, 0x11, 0x24, 0x28, 0x28, 0x28, 0x25, 0x02, 0x02, 0x02, 0x13, 0x02, 0x03, 0x02,
    0x26, 0x24, 0x15, 0x09, 0x11, 0x0E, 0x26, 0x05, 0x25, 0x39, 0x21, 0x03, 0x02, 0x05, 0x00, 0x00, 0x00, 0x00, 0x00, 0x00, 0x00, 0x00, 0x00, 0x00,
    0x00, 0x00, 0x26, 0x24, 0x1C, 0x19, 0x12, 0x19, 0x12, 0x12, 0x0A, 0x09, 0x0A, 0x09, 0x09, 0x08, 0x07, 0x07, 0x07, 0x07, 0x07, 0x08, 0x10, 0x0F,
    0x0E, 0x0E, 0x1B, 0x26, 0x28, 0x28, 0x28, 0x28, 0x23, 0x1F, 0x0E, 0x0E, 0x1F, 0x1F, 0x31, 0x3C, 0x3C, 0x03, 0x03, 0x03, 0x03, 0x23, 0x1B, 0x0D,
    0x12, 0x19, 0x37, 0x28, 0x28, 0x28, 0x0E, 0x11, 0x0E, 0x20, 0x27, 0x28, 0x27, 0x05, 0x05, 0x05, 0x39, 0x3A, 0x3A, 0x25, 0x23, 0x0E, 0x0D, 0x0D,
    0x0F, 0x10, 0x1E, 0x28, 0x28, 0x05, 0x18, 0x17, 0x18, 0x03, 0x05, 0x00, 0x00, 0x00, 0x00, 0x00, 0x00, 0x00, 0x00, 0x00, 0x00, 0x00, 0x00, 0x24,
    0x1C, 0x15, 0x15, 0x15, 0x19, 0x0D, 0x0A, 0x0A, 0x09, 0x0A, 0x09, 0x09, 0x08, 0x07, 0x07, 0x07, 0x07, 0x11, 0x0F, 0x0E, 0x0E, 0x0E, 0x1F, 0x28,
    0x28, 0x28, 0x28, 0x28, 0x3A, 0x26, 0x12, 0x0E, 0x0E, 0x0E, 0x1B, 0x05, 0x03, 0x17, 0x13, 0x03, 0x23, 0x12, 0x0D, 0x11, 0x10, 0x23, 0x36, 0x28,
    0x28, 0x28, 0x0D, 0x0D, 0x11, 0x19, 0x13, 0x25, 0x28, 0x28, 0x28, 0x23, 0x23, 0x23, 0x26, 0x26, 0x25, 0x21, 0x10, 0x12, 0x0F, 0x12, 0x28, 0x28,
    0x28, 0x28, 0x06, 0x03, 0x18, 0x02, 0x02, 0x00, 0x00, 0x00, 0x00, 0x00, 0x00, 0x00, 0x00, 0x00, 0x00, 0x00, 0x00, 0x00, 0x1C, 0x1C, 0x1F, 0x1F,
    0x24, 0x0A, 0x0A, 0x0A, 0x0A, 0x08, 0x08, 0x08, 0x08, 0x08, 0x08, 0x08, 0x10, 0x1F, 0x1C, 0x15, 0x12, 0x12, 0x23, 0x28, 0x28, 0x28, 0x28, 0x28,
    0x39, 0x25, 0x1F, 0x12, 0x0E, 0x0F, 0x0E, 0x1F, 0x31, 0x02, 0x02, 0x23, 0x0F, 0x0E, 0x0E, 0x0D, 0x15, 0x36, 0x21, 0x28, 0x28, 0x28, 0x28, 0x0D,
    0x19, 0x26, 0x26, 0x28, 0x28, 0x28, 0x28, 0x23, 0x23, 0x25, 0x27, 0x28, 0x28, 0x28, 0x26, 0x22, 0x20, 0x28, 0x28, 0x28, 0x28, 0x28, 0x28, 0x00,
    0x00, 0x00, 0x00, 0x00, 0x00, 0x00, 0x00, 0x00, 0x00, 0x00, 0x00, 0x00, 0x00, 0x00, 0x00, 0x00, 0x00, 0x24, 0x26, 0x26, 0x25, 0x0C, 0x0A, 0x09,
    0x08, 0x07, 0x07, 0x07, 0x08, 0x08, 0x08, 0x0C, 0x10, 0x20, 0x24, 0x24, 0x1C, 0x26, 0x28, 0x28, 0x28, 0x28, 0x28, 0x04, 0x39, 0x21, 0x03, 0x19,
    0x12, 0x0F, 0x12, 0x1C, 0x21, 0x39, 0x03, 0x1B, 0x0F, 0x12, 0x16, 0x12, 0x1F, 0x21, 0x03, 0x28, 0x28, 0x28, 0x28, 0x28, 0x28, 0x28, 0x28, 0x28,
    0x28, 0x28, 0x28, 0x23, 0x23, 0x25, 0x28, 0x28, 0x28, 0x28, 0x28, 0x28, 0x28, 0x28, 0x28, 0x28, 0x28, 0x28, 0x00, 0x00, 0x00, 0x00, 0x00, 0x00,
    0x00, 0x00, 0x00, 0x00, 0x00, 0x00, 0x00, 0x00, 0x00, 0x00, 0x00, 0x00, 0x00, 0x00, 0x23, 0x1B, 0x12, 0x0D, 0x0D, 0x0C, 0x0A, 0x08, 0x08, 0x08,
    0x07, 0x07, 0x07, 0x0A, 0x09, 0x0C, 0x10, 0x14, 0x0D, 0x28, 0x28, 0x28, 0x28, 0x28, 0x28, 0x04, 0x04, 0x23, 0x03, 0x21, 0x22, 0x1B, 0x1F, 0x20,
    0x31, 0x03, 0x05, 0x23, 0x1F, 0x1E, 0x19, 0x19, 0x03, 0x03, 0x03, 0x28, 0x28, 0x28, 0x28, 0x28, 0x28, 0x28, 0x28, 0x28, 0x28, 0x28, 0x39, 0x39,
    0x39, 0x23, 0x27, 0x28, 0x28, 0x28, 0x28, 0x28, 0x28, 0x28, 0x28, 0x28, 0x00, 0x00, 0x00, 0x00, 0x00, 0x00, 0x00, 0x00, 0x00, 0x00, 0x00, 0x00,
};

static const uint8_t px_wm_progress_h1_04a03198[] __attribute__((aligned(8))) = {
    0x0E, 0x0E, 0x0E, 0x0F, 0x10, 0x10, 0x10, 0x10, 0x10, 0x10, 0x4A, 0x10, 0x10, 0x10, 0x0F, 0x0E, 0x0E, 0x0E, 0x0E, 0x0E, 0x0E, 0x0E, 0x0D, 0x0E,
    0x0E, 0x0F, 0x0F, 0x0F, 0x0F, 0x0F, 0x0F, 0x0F, 0x0F, 0x0F, 0x0F, 0x0F, 0x0F, 0x0E, 0x0E, 0x0E, 0x0E, 0x0F, 0x0F, 0x10, 0x0F, 0x0F, 0x0E, 0x0F,
    0x0F, 0x0F, 0x0E, 0x0E, 0x0D, 0x0D, 0x0F, 0x0F, 0x10, 0x0F, 0x0F, 0x0F, 0x0F, 0x0F, 0x0F, 0x0E, 0x0E, 0x0E, 0x0E, 0x0F, 0x0F, 0x10, 0x0F, 0x0F,
    0x0E, 0x0E, 0x0E, 0x0D, 0x0E, 0x0E, 0x0E, 0x0E, 0x0F, 0x0F, 0x10, 0x10, 0x0F, 0x10, 0x10, 0x10, 0x4A, 0x10, 0x10, 0x10, 0x10, 0x10, 0x10, 0x0F,
    0x0E, 0x0E, 0x0E, 0x00, 0x0F, 0x0F, 0x0F, 0x0F, 0x0E, 0x0E, 0x0E, 0x0E, 0x0E, 0x0E, 0x0E, 0x0E, 0x0E, 0x0E, 0x0E, 0x0E, 0x0D, 0x0D, 0x0D, 0x0E,
    0x0E, 0x0D, 0x0E, 0x0E, 0x0E, 0x0E, 0x0E, 0x0E, 0x0E, 0x0E, 0x0E, 0x0E, 0x0E, 0x0E, 0x0E, 0x0E, 0x0E, 0x0D, 0x0D, 0x0D, 0x0D, 0x0D, 0x0D, 0x0D,
    0x0D, 0x0D, 0x0D, 0x0C, 0x0D, 0x0D, 0x0E, 0x0E, 0x0E, 0x0F, 0x0F, 0x0F, 0x10, 0x10, 0x10, 0x0F, 0x0F, 0x0E, 0x0E, 0x0D, 0x0E, 0x0E, 0x0D, 0x0D,
    0x0E, 0x0E, 0x0E, 0x0F, 0x0F, 0x0E, 0x0E, 0x0E, 0x0E, 0x0D, 0x0D, 0x0D, 0x0E, 0x0D, 0x0D, 0x0E, 0x0E, 0x0E, 0x0E, 0x0E, 0x0E, 0x0E, 0x0E, 0x0E,
    0x0E, 0x0E, 0x0E, 0x0F, 0x0F, 0x0F, 0x0F, 0x00, 0x0D, 0x0D, 0x0D, 0x0D, 0x0D, 0x0D, 0x0D, 0x0D, 0x0D, 0x0D, 0x0D, 0x0D, 0x0C, 0x0C, 0x0C, 0x0C,
    0x0C, 0x0D, 0x0D, 0x0D, 0x0D, 0x0D, 0x0D, 0x0D, 0x0D, 0x0D, 0x0D, 0x0E, 0x0C, 0x0C, 0x0B, 0x0B, 0x0C, 0x0C, 0x0B, 0x0B, 0x0B, 0x0B, 0x0B, 0x0B,
    0x0B, 0x0B, 0x0C, 0x0C, 0x0C, 0x0B, 0x0B, 0x0C, 0x0C, 0x0C, 0x0D, 0x0D, 0x0D, 0x0D, 0x0D, 0x0D, 0x0D, 0x0D, 0x0D, 0x0C, 0x0C, 0x0C, 0x0C, 0x0C,
    0x0C, 0x0C, 0x0C, 0x0C, 0x0C, 0x0C, 0x0C, 0x0D, 0x0C, 0x0C, 0x0C, 0x0C, 0x0C, 0x0B, 0x0B, 0x0B, 0x0B, 0x0B, 0x0B, 0x0C, 0x0C, 0x0C, 0x0C, 0x0D,
    0x0D, 0x0D, 0x0D, 0x0D, 0x0D, 0x0D, 0x0D, 0x0D, 0x0D, 0x0D, 0x0D, 0x00, 0x06, 0x06, 0x06, 0x06, 0x06, 0x06, 0x06, 0x06, 0x06, 0x07, 0x07, 0x08,
    0x49, 0x08, 0x07, 0x06, 0x06, 0x49, 0x06, 0x07, 0x07, 0x06, 0x06, 0x04, 0x05, 0x06, 0x05, 0x06, 0x04, 0x04, 0x06, 0x06, 0x07, 0x07, 0x05, 0x05,
    0x04, 0x04, 0x04, 0x04, 0x06, 0x08, 0x06, 0x05, 0x05, 0x04, 0x03, 0x03, 0x03, 0x03, 0x03, 0x03, 0x03, 0x04, 0x04, 0x04, 0x04, 0x06, 0x06, 0x06,
    0x06, 0x06, 0x06, 0x06, 0x06, 0x06, 0x06, 0x05, 0x05, 0x04, 0x04, 0x04, 0x04, 0x04, 0x04, 0x04, 0x04, 0x03, 0x03, 0x03, 0x03, 0x03, 0x03, 0x04,
    0x04, 0x04, 0x04, 0x04, 0x05, 0x05, 0x05, 0x06, 0x06, 0x06, 0x06, 0x06, 0x06, 0x06, 0x06, 0x00, 0x41, 0x41, 0x41, 0x41, 0x41, 0x41, 0x41, 0x41,
    0x42, 0x42, 0x42, 0x42, 0x42, 0x42, 0x42, 0x42, 0x42, 0x42, 0x42, 0x42, 0x42, 0x42, 0x42, 0x42, 0x42, 0x42, 0x42, 0x42, 0x42, 0x42, 0x42, 0x42,
    0x42, 0x42, 0x42, 0x42, 0x42, 0x42, 0x42, 0x42, 0x42, 0x42, 0x42, 0x42, 0x42, 0x42, 0x42, 0x42, 0x44, 0x44, 0x42, 0x42, 0x42, 0x42, 0x42, 0x42,
    0x42, 0x42, 0x42, 0x42, 0x42, 0x42, 0x42, 0x42, 0x42, 0x42, 0x42, 0x42, 0x42, 0x42, 0x42, 0x42, 0x42, 0x42, 0x42, 0x42, 0x42, 0x42, 0x42, 0x42,
    0x42, 0x42, 0x42, 0x42, 0x42, 0x42, 0x42, 0x42, 0x42, 0x42, 0x42, 0x41, 0x41, 0x41, 0x41, 0x41, 0x41, 0x41, 0x41, 0x00, 0x37, 0x37, 0x37, 0x37,
    0x37, 0x37, 0x37, 0x37, 0x37, 0x37, 0x37, 0x37, 0x37, 0x37, 0x37, 0x37, 0x37, 0x37, 0x37, 0x37, 0x37, 0x37, 0x3A, 0x38, 0x3A, 0x38, 0x3A, 0x3A,
    0x3A, 0x3A, 0x3A, 0x3A, 0x3A, 0x3B, 0x3B, 0x3B, 0x3B, 0x3C, 0x3B, 0x3C, 0x3B, 0x3C, 0x3B, 0x3A, 0x3B, 0x3A, 0x3B, 0x3A, 0x3B, 0x3A, 0x3B, 0x3A,
    0x3A, 0x3A, 0x3A, 0x3A, 0x37, 0x3A, 0x37, 0x3A, 0x37, 0x3A, 0x37, 0x3A, 0x37, 0x3A, 0x37, 0x3A, 0x37, 0x37, 0x37, 0x37, 0x37, 0x37, 0x37, 0x37,
    0x37, 0x37, 0x37, 0x37, 0x37, 0x37, 0x37, 0x37, 0x37, 0x37, 0x37, 0x37, 0x37, 0x37, 0x37, 0x37, 0x37, 0x37, 0x37, 0x37, 0x37, 0x37, 0x37, 0x00,
    0x37, 0x31, 0x37, 0x31, 0x37, 0x31, 0x37, 0x31, 0x37, 0x37, 0x37, 0x37, 0x37, 0x37, 0x37, 0x37, 0x34, 0x37, 0x34, 0x34, 0x37, 0x31, 0x37, 0x34,
    0x37, 0x37, 0x37, 0x37, 0x37, 0x3A, 0x37, 0x3A, 0x3A, 0x3A, 0x3A, 0x3A, 0x3C, 0x3A, 0x3C, 0x3A, 0x3C, 0x3A, 0x3A, 0x3A, 0x3A, 0x3A, 0x3A, 0x3A,
    0x3A, 0x37, 0x3A, 0x37, 0x3A, 0x37, 0x3A, 0x37, 0x3A, 0x37, 0x3A, 0x37, 0x37, 0x37, 0x37, 0x37, 0x37, 0x37, 0x37, 0x37, 0x37, 0x37, 0x37, 0x37,
    0x37, 0x37, 0x37, 0x37, 0x34, 0x37, 0x34, 0x37, 0x34, 0x37, 0x34, 0x37, 0x31, 0x31, 0x31, 0x31, 0x31, 0x31, 0x31, 0x31, 0x31, 0x31, 0x31, 0x31,
    0x31, 0x31, 0x31, 0x00, 0x34, 0x37, 0x31, 0x37, 0x31, 0x37, 0x31, 0x37, 0x31, 0x37, 0x31, 0x37, 0x31, 0x37, 0x31, 0x37, 0x37, 0x37, 0x37, 0x37,
    0x31, 0x37, 0x31, 0x37, 0x34, 0x37, 0x34, 0x34, 0x37, 0x37, 0x37, 0x3A, 0x37, 0x3A, 0x3A, 0x3C, 0x3A, 0x3C, 0x3A, 0x3C, 0x3A, 0x3A, 0x37, 0x3A,
    0x37, 0x3A, 0x37, 0x3A, 0x37, 0x3A, 0x37, 0x3A, 0x37, 0x3A, 0x37, 0x37, 0x37, 0x37, 0x37, 0x37, 0x37, 0x37, 0x37, 0x37, 0x37, 0x34, 0x34, 0x34,
    0x34, 0x37, 0x34, 0x37, 0x37, 0x34, 0x37, 0x34, 0x37, 0x34, 0x37, 0x34, 0x37, 0x34, 0x37, 0x34, 0x31, 0x37, 0x31, 0x37, 0x31, 0x37, 0x31, 0x37,
    0x31, 0x37, 0x31, 0x37, 0x31, 0x37, 0x31, 0x00, 0x37, 0x31, 0x37, 0x31, 0x37, 0x31, 0x37, 0x31, 0x37, 0x31, 0x37, 0x31, 0x37, 0x31, 0x37, 0x31,
    0x37, 0x31, 0x37, 0x31, 0x37, 0x37, 0x37, 0x37, 0x37, 0x37, 0x37, 0x3A, 0x37, 0x3A, 0x3A, 0x3A, 0x3C, 0x3C, 0x3C, 0x3C, 0x3C, 0x3A, 0x3A, 0x3A,
    0x3A, 0x3A, 0x3A, 0x37, 0x3A, 0x37, 0x3A, 0x37, 0x34, 0x37, 0x34, 0x37, 0x34, 0x37, 0x34, 0x37, 0x34, 0x37, 0x34, 0x37, 0x37, 0x34, 0x37, 0x34,
    0x37, 0x34, 0x37, 0x34, 0x37, 0x34, 0x37, 0x34, 0x37, 0x37, 0x37, 0x37, 0x37, 0x37, 0x37, 0x37, 0x37, 0x37, 0x37, 0x37, 0x37, 0x31, 0x37, 0x31,
    0x37, 0x31, 0x37, 0x34, 0x37, 0x34, 0x37, 0x34, 0x37, 0x34, 0x37, 0x00, 0x37, 0x37, 0x37, 0x37, 0x37, 0x37, 0x37, 0x37, 0x37, 0x37, 0x37, 0x37,
    0x37, 0x37, 0x37, 0x37, 0x37, 0x37, 0x37, 0x37, 0x37, 0x37, 0x37, 0x37, 0x31, 0x31, 0x37, 0x31, 0x37, 0x31, 0x37, 0x37, 0x3A, 0x37, 0x3A, 0x3A,
    0x3C, 0x3C, 0x3C, 0x3A, 0x3A, 0x37, 0x37, 0x3A, 0x37, 0x3B, 0x37, 0x3A, 0x37, 0x3A, 0x37, 0x3A, 0x37, 0x3A, 0x37, 0x3A, 0x37, 0x3A, 0x37, 0x3A,
    0x3A, 0x37, 0x3B, 0x37, 0x3B, 0x37, 0x3B, 0x37, 0x3A, 0x37, 0x3A, 0x37, 0x3A, 0x37, 0x3A, 0x37, 0x3A, 0x37, 0x3A, 0x37, 0x37, 0x37, 0x37, 0x3A,
    0x37, 0x37, 0x37, 0x37, 0x37, 0x37, 0x37, 0x37, 0x37, 0x37, 0x37, 0x37, 0x37, 0x37, 0x37, 0x00, 0x34, 0x37, 0x34, 0x37, 0x34, 0x37, 0x34, 0x37,
    0x34, 0x37, 0x34, 0x34, 0x34, 0x34, 0x34, 0x37, 0x34, 0x37, 0x31, 0x37, 0x31, 0x37, 0x31, 0x37, 0x34, 0x37, 0x34, 0x37, 0x33, 0x37, 0x34, 0x37,
    0x37, 0x37, 0x37, 0x37, 0x37, 0x37, 0x37, 0x37, 0x31, 0x37, 0x31, 0x34, 0x37, 0x34, 0x37, 0x35, 0x37, 0x37, 0x35, 0x37, 0x34, 0x37, 0x34, 0x37,
    0x35, 0x37, 0x37, 0x37, 0x3A, 0x3A, 0x37, 0x3A, 0x37, 0x3A, 0x37, 0x3A, 0x37, 0x3A, 0x37, 0x3A, 0x37, 0x3A, 0x37, 0x3A, 0x37, 0x3A, 0x37, 0x37,
    0x3A, 0x37, 0x3A, 0x37, 0x34, 0x34, 0x34, 0x37, 0x34, 0x37, 0x34, 0x37, 0x34, 0x37, 0x34, 0x37, 0x34, 0x37, 0x34, 0x00, 0x37, 0x31, 0x37, 0x31,
    0x37, 0x34, 0x34, 0x34, 0x34, 0x34, 0x2E, 0x31, 0x2E, 0x31, 0x31, 0x34, 0x33, 0x34, 0x34, 0x34, 0x34, 0x34, 0x34, 0x34, 0x2E, 0x34, 0x33, 0x2E,
    0x34, 0x34, 0x34, 0x31, 0x31, 0x33, 0x37, 0x34, 0x37, 0x34, 0x37, 0x34, 0x2E, 0x33, 0x33, 0x2E, 0x33, 0x34, 0x33, 0x33, 0x33, 0x33, 0x33, 0x35,
    0x37, 0x35, 0x37, 0x34, 0x37, 0x34, 0x37, 0x34, 0x37, 0x37, 0x38, 0x38, 0x38, 0x38, 0x38, 0x38, 0x38, 0x38, 0x38, 0x38, 0x38, 0x38, 0x38, 0x38,
    0x38, 0x33, 0x38, 0x37, 0x38, 0x37, 0x33, 0x34, 0x30, 0x31, 0x31, 0x31, 0x34, 0x31, 0x37, 0x31, 0x37, 0x31, 0x37, 0x31, 0x37, 0x31, 0x37, 0x00,
    0x37, 0x37, 0x37, 0x34, 0x37, 0x31, 0x37, 0x34, 0x37, 0x34, 0x34, 0x34, 0x37, 0x34, 0x34, 0x2E, 0x34, 0x2E, 0x34, 0x2E, 0x34, 0x2E, 0x34, 0x37,
    0x34, 0x37, 0x31, 0x34, 0x2E, 0x33, 0x2E, 0x2E, 0x34, 0x2E, 0x34, 0x34, 0x34, 0x33, 0x34, 0x33, 0x2E, 0x2E, 0x33, 0x33, 0x33, 0x2E, 0x2E, 0x33,
    0x34, 0x34, 0x37, 0x33, 0x35, 0x33, 0x35, 0x35, 0x35, 0x37, 0x34, 0x37, 0x34, 0x37, 0x33, 0x37, 0x33, 0x37, 0x33, 0x38, 0x33, 0x38, 0x33, 0x38,
    0x33, 0x38, 0x33, 0x38, 0x33, 0x38, 0x33, 0x38, 0x33, 0x33, 0x34, 0x2E, 0x34, 0x34, 0x34, 0x30, 0x34, 0x34, 0x34, 0x34, 0x34, 0x37, 0x34, 0x37,
    0x34, 0x37, 0x34, 0x00, 0x34, 0x37, 0x34, 0x37, 0x34, 0x37, 0x34, 0x37, 0x34, 0x37, 0x34, 0x37, 0x34, 0x37, 0x2E, 0x32, 0x2E, 0x34, 0x34, 0x34,
    0x34, 0x34, 0x37, 0x34, 0x37, 0x31, 0x37, 0x31, 0x37, 0x31, 0x31, 0x34, 0x2E, 0x34, 0x2E, 0x34, 0x2E, 0x2E, 0x34, 0x2E, 0x34, 0x34, 0x34, 0x33,
    0x2E, 0x33, 0x2E, 0x2E, 0x33, 0x33, 0x33, 0x33, 0x33, 0x33, 0x34, 0x34, 0x34, 0x34, 0x34, 0x34, 0x34, 0x33, 0x33, 0x33, 0x33, 0x33, 0x33, 0x33,
    0x33, 0x33, 0x33, 0x33, 0x33, 0x33, 0x33, 0x33, 0x33, 0x33, 0x33, 0x33, 0x33, 0x33, 0x2E, 0x32, 0x2E, 0x30, 0x34, 0x34, 0x34, 0x34, 0x30, 0x34,
    0x30, 0x34, 0x34, 0x34, 0x37, 0x31, 0x37, 0x00, 0x2E, 0x30, 0x34, 0x34, 0x37, 0x34, 0x37, 0x34, 0x37, 0x34, 0x37, 0x34, 0x37, 0x34, 0x37, 0x2E,
    0x37, 0x34, 0x37, 0x37, 0x34, 0x37, 0x34, 0x37, 0x37, 0x37, 0x37, 0x37, 0x31, 0x37, 0x31, 0x37, 0x31, 0x31, 0x31, 0x31, 0x31, 0x31, 0x31, 0x31,
    0x31, 0x33, 0x30, 0x33, 0x33, 0x2E, 0x33, 0x34, 0x33, 0x33, 0x33, 0x35, 0x33, 0x35, 0x35, 0x35, 0x34, 0x34, 0x34, 0x34, 0x34, 0x34, 0x34, 0x34,
    0x34, 0x34, 0x34, 0x34, 0x34, 0x34, 0x34, 0x2E, 0x34, 0x2E, 0x34, 0x2E, 0x34, 0x2E, 0x34, 0x2E, 0x34, 0x2E, 0x32, 0x2E, 0x32, 0x2E, 0x32, 0x2E,
    0x34, 0x2E, 0x34, 0x30, 0x34, 0x30, 0x34, 0x34, 0x34, 0x30, 0x2E, 0x00, 0x31, 0x34, 0x34, 0x34, 0x34, 0x34, 0x34, 0x34, 0x34, 0x34, 0x34, 0x37,
    0x31, 0x37, 0x31, 0x37, 0x31, 0x37, 0x31, 0x37, 0x37, 0x37, 0x37, 0x37, 0x39, 0x39, 0x38, 0x38, 0x37, 0x37, 0x37, 0x37, 0x37, 0x37, 0x37, 0x37,
    0x34, 0x37, 0x34, 0x37, 0x34, 0x37, 0x34, 0x34, 0x34, 0x34, 0x34, 0x34, 0x34, 0x34, 0x34, 0x34, 0x34, 0x31, 0x31, 0x31, 0x31, 0x31, 0x31, 0x31,
    0x34, 0x34, 0x34, 0x34, 0x33, 0x33, 0x34, 0x34, 0x31, 0x34, 0x31, 0x34, 0x31, 0x34, 0x31, 0x34, 0x31, 0x34, 0x2E, 0x34, 0x2E, 0x34, 0x31, 0x37,
    0x31, 0x37, 0x31, 0x37, 0x2E, 0x34, 0x30, 0x34, 0x30, 0x34, 0x30, 0x34, 0x30, 0x34, 0x31, 0x00, 0x34, 0x2E, 0x34, 0x2E, 0x34, 0x34, 0x34, 0x34,
    0x34, 0x34, 0x34, 0x34, 0x34, 0x2E, 0x31, 0x31, 0x31, 0x36, 0x37, 0x36, 0x37, 0x37, 0x38, 0x38, 0x36, 0x36, 0x36, 0x36, 0x36, 0x36, 0x36, 0x36,
    0x36, 0x36, 0x31, 0x31, 0x31, 0x31, 0x30, 0x31, 0x30, 0x31, 0x30, 0x31, 0x31, 0x31, 0x2E, 0x31, 0x31, 0x31, 0x31, 0x34, 0x33, 0x34, 0x34, 0x34,
    0x34, 0x34, 0x34, 0x34, 0x2E, 0x34, 0x33, 0x2E, 0x34, 0x34, 0x34, 0x31, 0x31, 0x33, 0x34, 0x34, 0x34, 0x34, 0x2E, 0x34, 0x2E, 0x33, 0x33, 0x2E,
    0x33, 0x34, 0x31, 0x31, 0x31, 0x2E, 0x34, 0x2E, 0x34, 0x2E, 0x34, 0x2E, 0x34, 0x34, 0x34, 0x2E, 0x34, 0x2E, 0x34, 0x00, 0x34, 0x34, 0x34, 0x34,
    0x34, 0x34, 0x2E, 0x34, 0x2E, 0x34, 0x2E, 0x34, 0x2E, 0x34, 0x2E, 0x34, 0x31, 0x31, 0x31, 0x34, 0x31, 0x31, 0x31, 0x31, 0x31, 0x31, 0x31, 0x30,
    0x31, 0x30, 0x31, 0x30, 0x31, 0x30, 0x31, 0x30, 0x31, 0x30, 0x31, 0x30, 0x31, 0x31, 0x2E, 0x34, 0x2E, 0x2E, 0x2E, 0x2E, 0x34, 0x34, 0x34, 0x2E,
    0x34, 0x2E, 0x34, 0x2E, 0x34, 0x2E, 0x34, 0x2E, 0x34, 0x2E, 0x2E, 0x34, 0x34, 0x33, 0x2E, 0x2E, 0x34, 0x2E, 0x34, 0x2E, 0x34, 0x33, 0x34, 0x33,
    0x2E, 0x2E, 0x33, 0x33, 0x33, 0x2E, 0x31, 0x34, 0x2E, 0x34, 0x2E, 0x34, 0x2E, 0x34, 0x2E, 0x34, 0x2E, 0x34, 0x34, 0x34, 0x34, 0x34, 0x34, 0x00,
    0x31, 0x34, 0x2E, 0x34, 0x34, 0x2E, 0x34, 0x2E, 0x34, 0x34, 0x2E, 0x34, 0x2E, 0x2E, 0x2E, 0x2E, 0x30, 0x2E, 0x30, 0x2E, 0x2E, 0x2E, 0x30, 0x30,
    0x2E, 0x31, 0x2E, 0x31, 0x2E, 0x31, 0x2E, 0x31, 0x2E, 0x31, 0x30, 0x31, 0x30, 0x31, 0x30, 0x31, 0x30, 0x31, 0x30, 0x30, 0x30, 0x30, 0x34, 0x34,
    0x34, 0x34, 0x2E, 0x32, 0x2E, 0x34, 0x2E, 0x34, 0x2E, 0x34, 0x2E, 0x34, 0x34, 0x34, 0x34, 0x2E, 0x2E, 0x33, 0x31, 0x34, 0x2E, 0x34, 0x2E, 0x34,
    0x2E, 0x2E, 0x34, 0x2E, 0x34, 0x34, 0x34, 0x33, 0x2E, 0x33, 0x33, 0x2E, 0x33, 0x2E, 0x33, 0x34, 0x2E, 0x34, 0x34, 0x2E, 0x34, 0x2E, 0x34, 0x34,
    0x2E, 0x34, 0x31, 0x00, 0x2E, 0x33, 0x34, 0x33, 0x2E, 0x33, 0x2E, 0x33, 0x2E, 0x33, 0x34, 0x2E, 0x34, 0x34, 0x2E, 0x33, 0x2E, 0x33, 0x2E, 0x33,
    0x2E, 0x34, 0x2E, 0x2E, 0x2E, 0x30, 0x2E, 0x30, 0x31, 0x30, 0x31, 0x30, 0x31, 0x30, 0x31, 0x30, 0x2E, 0x30, 0x2E, 0x30, 0x30, 0x30, 0x30, 0x34,
    0x34, 0x2E, 0x34, 0x2E, 0x32, 0x2E, 0x32, 0x2E, 0x32, 0x2E, 0x34, 0x2E, 0x34, 0x2E, 0x34, 0x2E, 0x2E, 0x2E, 0x31, 0x2E, 0x31, 0x31, 0x2E, 0x31,
    0x33, 0x31, 0x33, 0x2E, 0x2E, 0x31, 0x2E, 0x33, 0x2E, 0x33, 0x30, 0x33, 0x33, 0x2E, 0x2E, 0x33, 0x2E, 0x34, 0x34, 0x2E, 0x34, 0x33, 0x36, 0x33,
    0x33, 0x33, 0x2E, 0x33, 0x34, 0x33, 0x2E, 0x00, 0x33, 0x34, 0x33, 0x2E, 0x34, 0x2E, 0x33, 0x2E, 0x33, 0x2E, 0x33, 0x2E, 0x33, 0x2E, 0x33, 0x2E,
    0x33, 0x2E, 0x2E, 0x2E, 0x2E, 0x2E, 0x34, 0x2E, 0x30, 0x2E, 0x30, 0x2E, 0x30, 0x2E, 0x30, 0x2E, 0x30, 0x2E, 0x30, 0x2E, 0x30, 0x2E, 0x30, 0x2E,
    0x30, 0x30, 0x30, 0x30, 0x2E, 0x34, 0x2E, 0x32, 0x2E, 0x32, 0x2E, 0x32, 0x2E, 0x2E, 0x2E, 0x2E, 0x2E, 0x2E, 0x2E, 0x34, 0x2E, 0x31, 0x2E, 0x31,
    0x31, 0x2E, 0x31, 0x2E, 0x31, 0x2E, 0x31, 0x2E, 0x31, 0x2E, 0x31, 0x2E, 0x31, 0x30, 0x2E, 0x33, 0x33, 0x36, 0x33, 0x36, 0x33, 0x36, 0x33, 0x36,
    0x33, 0x36, 0x33, 0x36, 0x33, 0x36, 0x34, 0x36, 0x33, 0x36, 0x33, 0x00, 0x34, 0x36, 0x34, 0x33, 0x31, 0x33, 0x2E, 0x34, 0x2E, 0x33, 0x2E, 0x33,
    0x2E, 0x33, 0x2E, 0x33, 0x2E, 0x33, 0x2E, 0x33, 0x2E, 0x33, 0x2E, 0x33, 0x2E, 0x32, 0x2E, 0x32, 0x2E, 0x2E, 0x2E, 0x2E, 0x2E, 0x2E, 0x2E, 0x2E,
    0x2E, 0x2E, 0x2E, 0x2E, 0x2E, 0x2E, 0x2E, 0x2E, 0x2E, 0x2E, 0x2E, 0x2E, 0x2E, 0x2E, 0x2E, 0x2E, 0x2E, 0x2E, 0x2E, 0x2E, 0x2E, 0x2E, 0x2E, 0x2E,
    0x34, 0x2E, 0x2E, 0x2E, 0x2E, 0x31, 0x2E, 0x31, 0x31, 0x2E, 0x2E, 0x34, 0x33, 0x33, 0x2E, 0x30, 0x33, 0x30, 0x33, 0x34, 0x30, 0x34, 0x2E, 0x33,
    0x2E, 0x33, 0x36, 0x33, 0x36, 0x36, 0x36, 0x36, 0x36, 0x36, 0x36, 0x33, 0x36, 0x36, 0x34, 0x00, 0x36, 0x33, 0x36, 0x36, 0x36, 0x36, 0x34, 0x33,
    0x34, 0x33, 0x34, 0x30, 0x34, 0x30, 0x34, 0x30, 0x33, 0x2E, 0x33, 0x2E, 0x33, 0x2E, 0x33, 0x2E, 0x33, 0x2E, 0x33, 0x2E, 0x33, 0x2E, 0x33, 0x2E,
    0x33, 0x2E, 0x34, 0x2E, 0x33, 0x2E, 0x33, 0x2E, 0x2E, 0x2E, 0x2E, 0x2E, 0x34, 0x2E, 0x2E, 0x34, 0x34, 0x2E, 0x2E, 0x2E, 0x2E, 0x2E, 0x2E, 0x2E,
    0x2E, 0x2E, 0x2E, 0x2E, 0x2E, 0x2E, 0x2E, 0x2E, 0x33, 0x2E, 0x2E, 0x33, 0x2E, 0x33, 0x36, 0x33, 0x36, 0x33, 0x36, 0x33, 0x36, 0x33, 0x36, 0x33,
    0x36, 0x33, 0x33, 0x34, 0x34, 0x34, 0x34, 0x34, 0x34, 0x36, 0x34, 0x36, 0x34, 0x36, 0x36, 0x36, 0x36, 0x33, 0x36, 0x00, 0x36, 0x38, 0x36, 0x38,
    0x36, 0x38, 0x36, 0x36, 0x34, 0x33, 0x36, 0x33, 0x36, 0x33, 0x36, 0x33, 0x33, 0x2E, 0x34, 0x2E, 0x34, 0x34, 0x34, 0x34, 0x2E, 0x33, 0x2E, 0x33,
    0x2E, 0x33, 0x2E, 0x32, 0x2E, 0x32, 0x2E, 0x32, 0x2E, 0x32, 0x2E, 0x32, 0x2E, 0x2E, 0x2E, 0x33, 0x2E, 0x2E, 0x2E, 0x2E, 0x2E, 0x2E, 0x33, 0x33,
    0x2E, 0x2E, 0x2E, 0x2E, 0x2E, 0x2E, 0x2E, 0x33, 0x2E, 0x32, 0x2E, 0x32, 0x2E, 0x32, 0x2E, 0x32, 0x2E, 0x32, 0x2E, 0x34, 0x2E, 0x34, 0x2E, 0x33,
    0x33, 0x36, 0x33, 0x36, 0x31, 0x36, 0x33, 0x33, 0x36, 0x33, 0x36, 0x33, 0x36, 0x33, 0x34, 0x36, 0x36, 0x38, 0x36, 0x38, 0x36, 0x38, 0x36, 0x00,
    0x38, 0x38, 0x38, 0x38, 0x38, 0x38, 0x38, 0x38, 0x38, 0x36, 0x38, 0x36, 0x38, 0x36, 0x36, 0x36, 0x36, 0x36, 0x36, 0x36, 0x36, 0x33, 0x33, 0x33,
    0x33, 0x33, 0x36, 0x33, 0x36, 0x33, 0x36, 0x33, 0x32, 0x33, 0x33, 0x32, 0x33, 0x2E, 0x34, 0x2E, 0x34, 0x2E, 0x33, 0x2E, 0x2E, 0x2E, 0x2E, 0x2E,
    0x33, 0x34, 0x34, 0x2E, 0x2E, 0x33, 0x2E, 0x2E, 0x2E, 0x2E, 0x2E, 0x2E, 0x2E, 0x2E, 0x2E, 0x2E, 0x2E, 0x33, 0x2E, 0x33, 0x33, 0x33, 0x34, 0x2E,
    0x33, 0x34, 0x34, 0x34, 0x33, 0x34, 0x31, 0x33, 0x36, 0x31, 0x36, 0x36, 0x36, 0x36, 0x38, 0x36, 0x38, 0x36, 0x38, 0x38, 0x38, 0x38, 0x38, 0x38,
    0x38, 0x38, 0x38, 0x00, 0x32, 0x38, 0x32, 0x38, 0x36, 0x36, 0x36, 0x36, 0x36, 0x33, 0x36, 0x33, 0x36, 0x33, 0x36, 0x36, 0x33, 0x36, 0x33, 0x36,
    0x33, 0x36, 0x33, 0x36, 0x33, 0x36, 0x33, 0x36, 0x33, 0x33, 0x33, 0x2E, 0x33, 0x2E, 0x33, 0x2E, 0x33, 0x33, 0x2E, 0x33, 0x2E, 0x33, 0x2E, 0x33,
    0x2E, 0x33, 0x2E, 0x33, 0x2E, 0x2E, 0x2E, 0x2E, 0x2E, 0x2E, 0x2E, 0x2E, 0x2E, 0x2E, 0x2E, 0x2E, 0x2E, 0x2E, 0x33, 0x2E, 0x33, 0x2E, 0x2E, 0x2E,
    0x33, 0x2E, 0x33, 0x2E, 0x2E, 0x33, 0x2E, 0x31, 0x34, 0x31, 0x2E, 0x33, 0x31, 0x33, 0x33, 0x36, 0x36, 0x33, 0x36, 0x33, 0x36, 0x33, 0x36, 0x36,
    0x36, 0x36, 0x36, 0x38, 0x32, 0x38, 0x32, 0x00, 0x33, 0x36, 0x33, 0x36, 0x33, 0x36, 0x33, 0x36, 0x33, 0x36, 0x33, 0x36, 0x33, 0x36, 0x33, 0x36,
    0x33, 0x33, 0x33, 0x33, 0x33, 0x33, 0x33, 0x33, 0x33, 0x33, 0x33, 0x2E, 0x33, 0x34, 0x2E, 0x33, 0x2E, 0x33, 0x2E, 0x33, 0x2E, 0x2E, 0x2E, 0x2E,
    0x2E, 0x2E, 0x34, 0x2E, 0x2E, 0x2E, 0x2E, 0x2E, 0x34, 0x2E, 0x2E, 0x2E, 0x2E, 0x2E, 0x2E, 0x2E, 0x2E, 0x2E, 0x2E, 0x2E, 0x2E, 0x33, 0x2E, 0x33,
    0x2E, 0x2E, 0x30, 0x33, 0x2E, 0x33, 0x30, 0x30, 0x2E, 0x2E, 0x33, 0x2E, 0x34, 0x34, 0x34, 0x2E, 0x33, 0x2E, 0x33, 0x36, 0x33, 0x36, 0x33, 0x36,
    0x33, 0x36, 0x33, 0x36, 0x33, 0x36, 0x33, 0x36, 0x33, 0x36, 0x33, 0x00, 0x33, 0x33, 0x33, 0x33, 0x36, 0x33, 0x36, 0x33, 0x36, 0x33, 0x36, 0x33,
    0x36, 0x33, 0x33, 0x33, 0x30, 0x33, 0x30, 0x33, 0x30, 0x33, 0x2E, 0x33, 0x30, 0x33, 0x30, 0x33, 0x2E, 0x33, 0x30, 0x2E, 0x2E, 0x33, 0x2E, 0x2E,
    0x2E, 0x2E, 0x2E, 0x2E, 0x2E, 0x2E, 0x2E, 0x2E, 0x2E, 0x2E, 0x2E, 0x2E, 0x2E, 0x2E, 0x2E, 0x2E, 0x2E, 0x33, 0x2E, 0x2E, 0x33, 0x2E, 0x33, 0x2E,
    0x2E, 0x2E, 0x33, 0x2E, 0x33, 0x30, 0x2E, 0x2E, 0x30, 0x2E, 0x33, 0x30, 0x2E, 0x33, 0x2E, 0x33, 0x30, 0x30, 0x34, 0x2E, 0x33, 0x34, 0x30, 0x33,
    0x33, 0x33, 0x36, 0x33, 0x36, 0x33, 0x36, 0x33, 0x36, 0x33, 0x36, 0x33, 0x33, 0x33, 0x33, 0x00, 0x2F, 0x32, 0x2F, 0x32, 0x32, 0x32, 0x32, 0x32,
    0x32, 0x32, 0x32, 0x32, 0x32, 0x32, 0x32, 0x32, 0x32, 0x32, 0x32, 0x33, 0x33, 0x2E, 0x33, 0x2E, 0x33, 0x2E, 0x33, 0x30, 0x2E, 0x30, 0x2E, 0x30,
    0x2E, 0x2E, 0x2E, 0x33, 0x2E, 0x2E, 0x33, 0x2E, 0x2E, 0x2E, 0x2E, 0x33, 0x2E, 0x33, 0x2E, 0x2E, 0x2E, 0x2E, 0x2E, 0x2E, 0x2E, 0x2E, 0x2E, 0x32,
    0x2E, 0x32, 0x2E, 0x33, 0x2E, 0x33, 0x2E, 0x33, 0x2E, 0x33, 0x2E, 0x2E, 0x33, 0x2E, 0x30, 0x30, 0x34, 0x2E, 0x34, 0x2E, 0x30, 0x34, 0x30, 0x34,
    0x34, 0x34, 0x32, 0x32, 0x32, 0x32, 0x32, 0x32, 0x32, 0x32, 0x32, 0x32, 0x32, 0x32, 0x32, 0x32, 0x2F, 0x32, 0x2F, 0x00, 0x2F, 0x2F, 0x32, 0x2F,
    0x32, 0x2F, 0x32, 0x2F, 0x32, 0x2F, 0x32, 0x2F, 0x32, 0x2F, 0x32, 0x30, 0x32, 0x30, 0x30, 0x30, 0x30, 0x30, 0x2E, 0x33, 0x30, 0x33, 0x30, 0x30,
    0x2E, 0x2E, 0x2E, 0x2E, 0x2E, 0x2E, 0x30, 0x34, 0x33, 0x2E, 0x33, 0x2E, 0x2E, 0x2E, 0x2E, 0x34, 0x2E, 0x33, 0x2E, 0x2E, 0x2E, 0x2E, 0x2E, 0x2E,
    0x32, 0x2E, 0x32, 0x2E, 0x32, 0x2E, 0x32, 0x2E, 0x32, 0x2E, 0x33, 0x30, 0x33, 0x30, 0x33, 0x33, 0x33, 0x2E, 0x33, 0x2E, 0x2E, 0x2E, 0x2E, 0x30,
    0x31, 0x30, 0x34, 0x34, 0x34, 0x2E, 0x32, 0x30, 0x32, 0x2F, 0x32, 0x2F, 0x32, 0x2F, 0x32, 0x2F, 0x32, 0x2F, 0x32, 0x2F, 0x32, 0x2F, 0x2F, 0x00,
    0x28, 0x2E, 0x2E, 0x2E, 0x2F, 0x2F, 0x2F, 0x32, 0x2F, 0x32, 0x2F, 0x32, 0x2F, 0x32, 0x2F, 0x32, 0x2F, 0x32, 0x2F, 0x2F, 0x2F, 0x2F, 0x2E, 0x2F,
    0x33, 0x2E, 0x34, 0x34, 0x33, 0x30, 0x2E, 0x33, 0x34, 0x2E, 0x2E, 0x2E, 0x2E, 0x2E, 0x2E, 0x2E, 0x2E, 0x2E, 0x2E, 0x2E, 0x2E, 0x2E, 0x34, 0x34,
    0x2E, 0x2E, 0x33, 0x2E, 0x2E, 0x2E, 0x2E, 0x33, 0x2E, 0x2E, 0x33, 0x2E, 0x2E, 0x32, 0x2E, 0x32, 0x2E, 0x32, 0x2E, 0x30, 0x2E, 0x33, 0x2E, 0x33,
    0x33, 0x2E, 0x34, 0x2E, 0x2E, 0x30, 0x33, 0x30, 0x2E, 0x34, 0x2F, 0x32, 0x2F, 0x32, 0x2F, 0x32, 0x2F, 0x32, 0x2F, 0x32, 0x2F, 0x2F, 0x2F, 0x2E,
    0x2E, 0x2E, 0x28, 0x00, 0x2E, 0x28, 0x2E, 0x28, 0x2E, 0x2E, 0x2E, 0x2E, 0x2E, 0x2F, 0x2F, 0x2F, 0x2F, 0x2F, 0x2F, 0x2F, 0x32, 0x2F, 0x32, 0x2F,
    0x32, 0x2F, 0x32, 0x2E, 0x2E, 0x33, 0x2E, 0x2E, 0x2E, 0x2E, 0x30, 0x2E, 0x2E, 0x2E, 0x2E, 0x2E, 0x2E, 0x2E, 0x2E, 0x2E, 0x2E, 0x2E, 0x2E, 0x34,
    0x2E, 0x34, 0x2E, 0x34, 0x2E, 0x33, 0x2E, 0x33, 0x2E, 0x33, 0x33, 0x2E, 0x33, 0x2E, 0x33, 0x2E, 0x33, 0x2E, 0x32, 0x2E, 0x32, 0x31, 0x32, 0x31,
    0x34, 0x34, 0x34, 0x2E, 0x2E, 0x34, 0x2E, 0x34, 0x2E, 0x34, 0x30, 0x34, 0x2E, 0x2E, 0x34, 0x2E, 0x2F, 0x2F, 0x2F, 0x2F, 0x2F, 0x2F, 0x2E, 0x2E,
    0x2E, 0x2E, 0x2E, 0x28, 0x2E, 0x28, 0x2E, 0x00, 0x28, 0x2E, 0x28, 0x2E, 0x28, 0x28, 0x2E, 0x2E, 0x2F, 0x2E, 0x2F, 0x2E, 0x2F, 0x2E, 0x2F, 0x2E,
    0x2E, 0x32, 0x2F, 0x32, 0x2F, 0x32, 0x2F, 0x2E, 0x2E, 0x2E, 0x2E, 0x2E, 0x2E, 0x30, 0x33, 0x2E, 0x33, 0x2E, 0x33, 0x2E, 0x33, 0x2E, 0x33, 0x2E,
    0x33, 0x2E, 0x34, 0x2E, 0x33, 0x2E, 0x34, 0x2E, 0x33, 0x2E, 0x33, 0x2E, 0x33, 0x2E, 0x33, 0x33, 0x2E, 0x33, 0x33, 0x33, 0x2E, 0x34, 0x2E, 0x34,
    0x33, 0x2E, 0x33, 0x33, 0x34, 0x2E, 0x34, 0x2E, 0x34, 0x2E, 0x34, 0x2E, 0x34, 0x2E, 0x35, 0x2F, 0x2E, 0x34, 0x2E, 0x34, 0x2F, 0x2E, 0x2F, 0x2E,
    0x2F, 0x2E, 0x2F, 0x2E, 0x2E, 0x28, 0x28, 0x2E, 0x28, 0x2E, 0x28, 0x00, 0x2E, 0x28, 0x2E, 0x28, 0x28, 0x28, 0x2E, 0x2E, 0x28, 0x2E, 0x28, 0x2E,
    0x2E, 0x28, 0x2E, 0x2E, 0x2E, 0x2E, 0x2E, 0x2E, 0x2E, 0x2E, 0x2E, 0x33, 0x2E, 0x33, 0x2E, 0x2E, 0x2E, 0x33, 0x2E, 0x33, 0x2E, 0x34, 0x2E, 0x33,
    0x2E, 0x34, 0x2E, 0x33, 0x2E, 0x33, 0x2E, 0x33, 0x2E, 0x34, 0x2E, 0x34, 0x2E, 0x34, 0x2E, 0x32, 0x2E, 0x31, 0x2E, 0x2E, 0x33, 0x34, 0x34, 0x2E,
    0x34, 0x2E, 0x34, 0x2E, 0x34, 0x34, 0x2E, 0x34, 0x2E, 0x34, 0x2E, 0x34, 0x2E, 0x34, 0x2E, 0x34, 0x2E, 0x35, 0x2F, 0x35, 0x2E, 0x2E, 0x35, 0x2E,
    0x2E, 0x28, 0x2E, 0x2E, 0x28, 0x2E, 0x28, 0x2E, 0x2E, 0x28, 0x28, 0x28, 0x2E, 0x28, 0x2E, 0x00, 0x28, 0x2E, 0x28, 0x2E, 0x2E, 0x28, 0x2E, 0x28,
    0x2E, 0x28, 0x2E, 0x2E, 0x2E, 0x2E, 0x2E, 0x2E, 0x2E, 0x2E, 0x2E, 0x2E, 0x2E, 0x2E, 0x2E, 0x2E, 0x2E, 0x2E, 0x2E, 0x2E, 0x34, 0x2E, 0x2E, 0x34,
    0x33, 0x34, 0x2E, 0x34, 0x34, 0x34, 0x34, 0x2E, 0x34, 0x2E, 0x34, 0x2E, 0x34, 0x2E, 0x34, 0x2E, 0x34, 0x2E, 0x32, 0x2E, 0x32, 0x2E, 0x30, 0x2E,
    0x2E, 0x33, 0x34, 0x34, 0x2E, 0x34, 0x2E, 0x35, 0x34, 0x34, 0x34, 0x2E, 0x34, 0x2E, 0x34, 0x2E, 0x34, 0x2E, 0x34, 0x2E, 0x34, 0x2E, 0x34, 0x2E,
    0x35, 0x2F, 0x2E, 0x35, 0x2E, 0x2E, 0x2E, 0x2E, 0x2E, 0x28, 0x2E, 0x28, 0x2E, 0x28, 0x2E, 0x2E, 0x28, 0x2E, 0x28, 0x00, 0x2E, 0x28, 0x2E, 0x28,
    0x28, 0x2E, 0x2E, 0x2E, 0x2E, 0x2E, 0x2E, 0x2E, 0x2E, 0x2E, 0x2E, 0x2E, 0x2E, 0x2E, 0x28, 0x2E, 0x30, 0x2E, 0x30, 0x2E, 0x30, 0x2E, 0x28, 0x30,
    0x2E, 0x30, 0x2E, 0x30, 0x2E, 0x30, 0x34, 0x2E, 0x34, 0x2E, 0x34, 0x34, 0x30, 0x34, 0x30, 0x34, 0x30, 0x31, 0x30, 0x34, 0x34, 0x2E, 0x2E, 0x34,
    0x2E, 0x2E, 0x2E, 0x2E, 0x34, 0x2E, 0x35, 0x2E, 0x34, 0x2E, 0x34, 0x2E, 0x2E, 0x2E, 0x33, 0x34, 0x2E, 0x34, 0x2E, 0x34, 0x2E, 0x34, 0x2E, 0x34,
    0x2E, 0x35, 0x2F, 0x35, 0x2E, 0x2E, 0x35, 0x2E, 0x2E, 0x2E, 0x2E, 0x2E, 0x2E, 0x2E, 0x2E, 0x2E, 0x2E, 0x2E, 0x28, 0x28, 0x2E, 0x28, 0x2E, 0x00,
    0x28, 0x28, 0x28, 0x2E, 0x2E, 0x2E, 0x2E, 0x2E, 0x2E, 0x2E, 0x2E, 0x2E, 0x2E, 0x2E, 0x28, 0x2E, 0x2E, 0x2E, 0x2E, 0x2E, 0x2E, 0x2E, 0x2E, 0x2E,
    0x2E, 0x31, 0x2E, 0x31, 0x2E, 0x31, 0x33, 0x33, 0x33, 0x34, 0x30, 0x34, 0x34, 0x34, 0x34, 0x34, 0x34, 0x34, 0x34, 0x34, 0x34, 0x30, 0x31, 0x30,
    0x31, 0x30, 0x34, 0x30, 0x34, 0x34, 0x34, 0x2E, 0x34, 0x34, 0x34, 0x34, 0x34, 0x34, 0x34, 0x34, 0x2E, 0x34, 0x34, 0x2E, 0x34, 0x2E, 0x34, 0x2E,
    0x34, 0x2E, 0x34, 0x2E, 0x33, 0x2E, 0x33, 0x2E, 0x2E, 0x2E, 0x2E, 0x2E, 0x28, 0x2E, 0x2E, 0x2E, 0x2E, 0x2E, 0x2E, 0x2E, 0x2E, 0x2E, 0x2E, 0x2E,
    0x28, 0x28, 0x28, 0x00, 0x2E, 0x28, 0x28, 0x28, 0x2E, 0x2E, 0x28, 0x2E, 0x28, 0x2E, 0x28, 0x2E, 0x28, 0x2E, 0x2E, 0x2E, 0x2E, 0x2E, 0x28, 0x28,
    0x2E, 0x2E, 0x2E, 0x2E, 0x28, 0x2E, 0x2E, 0x2E, 0x31, 0x2E, 0x31, 0x2E, 0x31, 0x2E, 0x31, 0x2E, 0x31, 0x31, 0x31, 0x33, 0x33, 0x34, 0x34, 0x34,
    0x34, 0x34, 0x34, 0x34, 0x34, 0x34, 0x34, 0x34, 0x34, 0x34, 0x34, 0x36, 0x34, 0x37, 0x34, 0x37, 0x34, 0x37, 0x34, 0x34, 0x34, 0x34, 0x34, 0x33,
    0x34, 0x34, 0x2E, 0x34, 0x2E, 0x34, 0x2E, 0x2E, 0x2E, 0x2E, 0x2E, 0x2E, 0x2E, 0x2E, 0x2E, 0x2E, 0x2E, 0x2E, 0x28, 0x2E, 0x28, 0x2E, 0x28, 0x2E,
    0x28, 0x2E, 0x2E, 0x28, 0x28, 0x28, 0x2E, 0x00, 0x2E, 0x28, 0x2E, 0x28, 0x2E, 0x28, 0x2E, 0x28, 0x2E, 0x28, 0x2E, 0x28, 0x2E, 0x28, 0x2E, 0x28,
    0x2E, 0x2E, 0x2E, 0x2E, 0x2E, 0x2E, 0x2E, 0x2E, 0x2E, 0x33, 0x2E, 0x33, 0x2E, 0x2E, 0x2E, 0x2E, 0x2E, 0x2E, 0x2E, 0x2E, 0x33, 0x2E, 0x33, 0x2E,
    0x33, 0x2E, 0x31, 0x31, 0x31, 0x31, 0x34, 0x34, 0x36, 0x34, 0x36, 0x34, 0x36, 0x34, 0x36, 0x36, 0x37, 0x36, 0x37, 0x39, 0x37, 0x39, 0x37, 0x34,
    0x37, 0x34, 0x34, 0x34, 0x37, 0x34, 0x34, 0x2E, 0x33, 0x2E, 0x33, 0x2E, 0x28, 0x2E, 0x2E, 0x28, 0x2E, 0x28, 0x2E, 0x28, 0x2E, 0x28, 0x2E, 0x28,
    0x2E, 0x28, 0x2E, 0x28, 0x2E, 0x28, 0x2E, 0x28, 0x2E, 0x28, 0x2E, 0x00, 0x2E, 0x2E, 0x28, 0x28, 0x2E, 0x2C, 0x28, 0x2C, 0x28, 0x2C, 0x28, 0x2C,
    0x28, 0x2E, 0x28, 0x2E, 0x28, 0x2E, 0x28, 0x28, 0x2E, 0x28, 0x33, 0x2E, 0x2E, 0x2E, 0x2E, 0x34, 0x2E, 0x2E, 0x33, 0x2E, 0x2E, 0x2E, 0x2E, 0x2E,
    0x2E, 0x2E, 0x2E, 0x2E, 0x2E, 0x2E, 0x30, 0x34, 0x2E, 0x33, 0x30, 0x34, 0x34, 0x36, 0x34, 0x36, 0x34, 0x36, 0x34, 0x36, 0x36, 0x37, 0x37, 0x37,
    0x37, 0x37, 0x37, 0x37, 0x34, 0x37, 0x34, 0x37, 0x34, 0x37, 0x35, 0x34, 0x2E, 0x2E, 0x2E, 0x2E, 0x2E, 0x2E, 0x28, 0x2E, 0x28, 0x2E, 0x28, 0x2E,
    0x28, 0x2E, 0x28, 0x2C, 0x28, 0x2C, 0x28, 0x2C, 0x28, 0x2C, 0x2E, 0x28, 0x28, 0x2E, 0x2E, 0x00,
};

static const uint8_t px_wm_progress_h2_04a09ef8[] __attribute__((aligned(8))) = {
    0x00, 0x00, 0x00, 0x00, 0x00, 0x00, 0x00, 0x00, 0x00, 0x00, 0x00, 0x00, 0x00, 0x00, 0x00, 0x00, 0x00, 0x00, 0x00, 0x00, 0x00, 0x00, 0x00, 0x00,
    0x00, 0x00, 0x00, 0x00, 0x00, 0x00, 0x00, 0x00, 0x00, 0x00, 0x00, 0x00, 0x00, 0x00, 0x00, 0x00, 0x1F, 0x1F, 0x00, 0x00, 0x00, 0x00, 0x00, 0x00,
    0x00, 0x00, 0x00, 0x00, 0x00, 0x00, 0x00, 0x00, 0x00, 0x00, 0x00, 0x00, 0x00, 0x00, 0x00, 0x00, 0x00, 0x00, 0x00, 0x00, 0x00, 0x00, 0x00, 0x00,
    0x00, 0x00, 0x00, 0x00, 0x00, 0x00, 0x00, 0x00, 0x00, 0x00, 0x00, 0x00, 0x00, 0x00, 0x00, 0x00, 0x00, 0x00, 0x00, 0x00, 0x00, 0x00, 0x00, 0x1E,
    0x00, 0x1E, 0x00, 0x00, 0x00, 0x00, 0x00, 0x00, 0x00, 0x00, 0x00, 0x00, 0x00, 0x00, 0x00, 0x00, 0x1D, 0x28, 0x28, 0x27, 0x00, 0x00, 0x00, 0x00,
    0x00, 0x00, 0x00, 0x00, 0x00, 0x00, 0x00, 0x00, 0x00, 0x00, 0x00, 0x00, 0x00, 0x00, 0x00, 0x00, 0x00, 0x00, 0x00, 0x00, 0x00, 0x00, 0x00, 0x00,
    0x00, 0x00, 0x00, 0x00, 0x00, 0x00, 0x00, 0x00, 0x00, 0x00, 0x00, 0x00, 0x00, 0x00, 0x00, 0x00, 0x00, 0x00, 0x00, 0x00, 0x00, 0x00, 0x00, 0x1E,
    0x1E, 0x1E, 0x00, 0x00, 0x00, 0x00, 0x00, 0x00, 0x00, 0x00, 0x00, 0x00, 0x00, 0x00, 0x00, 0x00, 0x1B, 0x03, 0x03, 0x28, 0x00, 0x00, 0x00, 0x00,
    0x00, 0x00, 0x00, 0x00, 0x00, 0x00, 0x00, 0x00, 0x00, 0x00, 0x00, 0x00, 0x00, 0x00, 0x00, 0x00, 0x00, 0x00, 0x00, 0x00, 0x00, 0x00, 0x00, 0x00,
    0x00, 0x00, 0x00, 0x00, 0x00, 0x00, 0x00, 0x00, 0x00, 0x00, 0x00, 0x00, 0x00, 0x00, 0x00, 0x00, 0x00, 0x00, 0x00, 0x00, 0x00, 0x00, 0x00, 0x00,
    0x1E, 0x1E, 0x00, 0x00, 0x00, 0x00, 0x00, 0x00, 0x00, 0x00, 0x00, 0x00, 0x00, 0x00, 0x00, 0x00, 0x02, 0x28, 0x28, 0x1F, 0x0D, 0x00, 0x00, 0x00,
    0x00, 0x00, 0x00, 0x00, 0x00, 0x00, 0x00, 0x00, 0x00, 0x00, 0x00, 0x00, 0x00, 0x00, 0x00, 0x00, 0x00, 0x00, 0x00, 0x00, 0x00, 0x00, 0x00, 0x00,
    0x00, 0x00, 0x00, 0x00, 0x00, 0x00, 0x00, 0x00, 0x00, 0x00, 0x00, 0x00, 0x00, 0x00, 0x00, 0x00, 0x00, 0x00, 0x00, 0x00, 0x00, 0x00, 0x00, 0x00,
    0x1E, 0x00, 0x00, 0x00, 0x00, 0x00, 0x00, 0x00, 0x00, 0x00, 0x00, 0x00, 0x1E, 0x00, 0x17, 0x03, 0x02, 0x1C, 0x1F, 0x22, 0x00, 0x00, 0x00, 0x00,
    0x00, 0x00, 0x00, 0x00, 0x00, 0x00, 0x00, 0x00, 0x00, 0x00, 0x00, 0x00, 0x00, 0x00, 0x00, 0x00, 0x00, 0x00, 0x00, 0x00, 0x00, 0x00, 0x00, 0x00,
    0x00, 0x00, 0x00, 0x00, 0x00, 0x00, 0x00, 0x00, 0x00, 0x00, 0x00, 0x00, 0x00, 0x00, 0x00, 0x00, 0x00, 0x00, 0x00, 0x00, 0x00, 0x00, 0x00, 0x1D,
    0x1D, 0x1E, 0x00, 0x00, 0x00, 0x00, 0x00, 0x00, 0x00, 0x00, 0x00, 0x00, 0x1E, 0x17, 0x17, 0x28, 0x1D, 0x05, 0x0D, 0x00, 0x00, 0x00, 0x00, 0x00,
    0x00, 0x00, 0x00, 0x00, 0x00, 0x00, 0x00, 0x00, 0x00, 0x00, 0x00, 0x00, 0x00, 0x00, 0x00, 0x00, 0x00, 0x00, 0x00, 0x00, 0x00, 0x00, 0x00, 0x00,
    0x00, 0x00, 0x00, 0x00, 0x00, 0x00, 0x00, 0x00, 0x00, 0x00, 0x00, 0x00, 0x00, 0x00, 0x00, 0x00, 0x00, 0x00, 0x00, 0x00, 0x00, 0x1E, 0x00, 0x1E,
    0x1E, 0x00, 0x00, 0x00, 0x00, 0x00, 0x00, 0x00, 0x00, 0x00, 0x00, 0x1E, 0x1E, 0x17, 0x02, 0x27, 0x1F, 0x00, 0x00, 0x00, 0x00, 0x00, 0x00, 0x00,
    0x00, 0x00, 0x00, 0x00, 0x00, 0x1D, 0x1D, 0x1C, 0x28, 0x1C, 0x1D, 0x00, 0x00, 0x00, 0x00, 0x00, 0x00, 0x00, 0x00, 0x00, 0x00, 0x00, 0x00, 0x00,
    0x00, 0x00, 0x00, 0x00, 0x00, 0x00, 0x00, 0x00, 0x00, 0x00, 0x00, 0x00, 0x00, 0x00, 0x00, 0x00, 0x00, 0x00, 0x00, 0x00, 0x1E, 0x1D, 0x00, 0x1E,
    0x00, 0x00, 0x00, 0x00, 0x00, 0x00, 0x00, 0x00, 0x00, 0x00, 0x00, 0x1E, 0x17, 0x28, 0x28, 0x1C, 0x0D, 0x00, 0x00, 0x00, 0x1E, 0x1E, 0x00, 0x00,
    0x00, 0x00, 0x00, 0x00, 0x00, 0x1D, 0x1D, 0x1C, 0x1C, 0x1C, 0x1D, 0x1F, 0x00, 0x00, 0x00, 0x00, 0x00, 0x00, 0x00, 0x00, 0x00, 0x00, 0x00, 0x00,
    0x00, 0x00, 0x00, 0x00, 0x00, 0x00, 0x00, 0x00, 0x00, 0x00, 0x00, 0x00, 0x00, 0x00, 0x00, 0x00, 0x1E, 0x1E, 0x00, 0x1E, 0x1D, 0x1D, 0x1E, 0x00,
    0x00, 0x00, 0x00, 0x00, 0x00, 0x00, 0x00, 0x00, 0x00, 0x00, 0x00, 0x1E, 0x27, 0x28, 0x27, 0x1C, 0x00, 0x00, 0x00, 0x00, 0x00, 0x1E, 0x1E, 0x00,
    0x00, 0x00, 0x00, 0x00, 0x1F, 0x1D, 0x1F, 0x1F, 0x10, 0x10, 0x1F, 0x1F, 0x00, 0x00, 0x00, 0x00, 0x00, 0x00, 0x00, 0x00, 0x00, 0x00, 0x00, 0x00,
    0x00, 0x00, 0x00, 0x00, 0x00, 0x00, 0x00, 0x00, 0x00, 0x00, 0x00, 0x00, 0x00, 0x00, 0x00, 0x00, 0x00, 0x1E, 0x1D, 0x1E, 0x17, 0x1D, 0x1E, 0x00,
    0x00, 0x00, 0x00, 0x00, 0x00, 0x00, 0x00, 0x00, 0x00, 0x1E, 0x1E, 0x17, 0x27, 0x28, 0x27, 0x1C, 0x00, 0x00, 0x1E, 0x1E, 0x1E, 0x1E, 0x1E, 0x00,
    0x00, 0x00, 0x00, 0x00, 0x20, 0x10, 0x1F, 0x04, 0x03, 0x04, 0x20, 0x22, 0x00, 0x00, 0x00, 0x00, 0x00, 0x00, 0x00, 0x00, 0x00, 0x00, 0x00, 0x00,
    0x00, 0x00, 0x00, 0x00, 0x00, 0x00, 0x00, 0x00, 0x00, 0x00, 0x00, 0x00, 0x00, 0x00, 0x00, 0x00, 0x00, 0x00, 0x00, 0x1E, 0x17, 0x1D, 0x1E, 0x00,
    0x00, 0x00, 0x00, 0x00, 0x00, 0x00, 0x00, 0x00, 0x00, 0x1E, 0x1E, 0x17, 0x15, 0x28, 0x02, 0x1D, 0x00, 0x00, 0x1E, 0x00, 0x1E, 0x1E, 0x1E, 0x1E,
    0x1E, 0x00, 0x00, 0x20, 0x1F, 0x04, 0x03, 0x03, 0x03, 0x04, 0x10, 0x20, 0x00, 0x00, 0x00, 0x00, 0x00, 0x00, 0x00, 0x00, 0x00, 0x00, 0x00, 0x00,
    0x00, 0x00, 0x00, 0x00, 0x00, 0x00, 0x00, 0x00, 0x00, 0x00, 0x00, 0x00, 0x00, 0x00, 0x00, 0x00, 0x00, 0x00, 0x00, 0x1E, 0x17, 0x1D, 0x1E, 0x00,
    0x00, 0x00, 0x00, 0x00, 0x00, 0x1E, 0x1E, 0x1E, 0x1E, 0x1E, 0x1E, 0x15, 0x27, 0x28, 0x28, 0x10, 0x00, 0x1E, 0x1E, 0x1E, 0x00, 0x00, 0x1E, 0x1E,
    0x1E, 0x00, 0x00, 0x1F, 0x04, 0x28, 0x28, 0x03, 0x03, 0x28, 0x03, 0x00, 0x00, 0x00, 0x00, 0x00, 0x00, 0x00, 0x00, 0x00, 0x00, 0x00, 0x00, 0x00,
    0x00, 0x00, 0x00, 0x00, 0x00, 0x00, 0x00, 0x00, 0x00, 0x00, 0x00, 0x00, 0x00, 0x00, 0x00, 0x00, 0x00, 0x00, 0x00, 0x1D, 0x1D, 0x1E, 0x00, 0x00,
    0x00, 0x00, 0x1E, 0x1E, 0x1E, 0x1E, 0x1E, 0x1E, 0x1E, 0x1E, 0x1E, 0x15, 0x27, 0x02, 0x28, 0x1F, 0x1E, 0x1F, 0x1E, 0x1E, 0x1E, 0x1E, 0x1E, 0x1F,
    0x1E, 0x00, 0x00, 0x03, 0x1C, 0x17, 0x28, 0x03, 0x04, 0x28, 0x28, 0x00, 0x00, 0x00, 0x00, 0x00, 0x00, 0x00, 0x00, 0x00, 0x00, 0x00, 0x00, 0x00,
    0x00, 0x00, 0x00, 0x00, 0x00, 0x00, 0x00, 0x00, 0x00, 0x00, 0x00, 0x00, 0x00, 0x00, 0x00, 0x00, 0x00, 0x00, 0x00, 0x1E, 0x1E, 0x00, 0x00, 0x00,
    0x00, 0x00, 0x1E, 0x1D, 0x1D, 0x1D, 0x1D, 0x1D, 0x1E, 0x1D, 0x1E, 0x15, 0x18, 0x02, 0x02, 0x27, 0x28, 0x28, 0x1B, 0x1D, 0x1F, 0x1F, 0x0F, 0x1F,
    0x1F, 0x00, 0x00, 0x00, 0x1C, 0x17, 0x03, 0x04, 0x04, 0x28, 0x00, 0x00, 0x00, 0x00, 0x00, 0x00, 0x00, 0x00, 0x00, 0x00, 0x00, 0x00, 0x00, 0x00,
    0x00, 0x00, 0x00, 0x00, 0x1E, 0x1E, 0x00, 0x17, 0x1E, 0x00, 0x00, 0x00, 0x00, 0x00, 0x00, 0x00, 0x00, 0x00, 0x00, 0x00, 0x00, 0x00, 0x00, 0x00,
    0x00, 0x00, 0x1E, 0x1E, 0x1E, 0x1D, 0x1D, 0x1D, 0x1D, 0x1D, 0x17, 0x17, 0x15, 0x28, 0x02, 0x27, 0x27, 0x27, 0x28, 0x07, 0x07, 0x07, 0x24, 0x24,
    0x0A, 0x0C, 0x0C, 0x00, 0x04, 0x1C, 0x17, 0x04, 0x04, 0x1B, 0x00, 0x00, 0x00, 0x00, 0x00, 0x00, 0x00, 0x00, 0x00, 0x00, 0x00, 0x00, 0x00, 0x00,
    0x00, 0x00, 0x21, 0x21, 0x21, 0x1F, 0x21, 0x1E, 0x17, 0x1E, 0x00, 0x00, 0x00, 0x00, 0x00, 0x00, 0x00, 0x00, 0x00, 0x00, 0x00, 0x00, 0x1E, 0x00,
    0x00, 0x00, 0x1D, 0x00, 0x1D, 0x1D, 0x1D, 0x1D, 0x1D, 0x17, 0x17, 0x17, 0x17, 0x15, 0x28, 0x28, 0x02, 0x18, 0x1B, 0x24, 0x07, 0x07, 0x07, 0x07,
    0x07, 0x09, 0x24, 0x08, 0x03, 0x03, 0x28, 0x1B, 0x1B, 0x00, 0x00, 0x00, 0x00, 0x00, 0x00, 0x00, 0x00, 0x00, 0x00, 0x00, 0x00, 0x00, 0x00, 0x00,
    0x00, 0x00, 0x21, 0x1F, 0x04, 0x04, 0x04, 0x21, 0x1F, 0x17, 0x1E, 0x00, 0x00, 0x00, 0x00, 0x00, 0x00, 0x00, 0x00, 0x00, 0x1E, 0x1E, 0x00, 0x1E,
    0x1E, 0x00, 0x00, 0x1D, 0x1D, 0x1D, 0x17, 0x17, 0x17, 0x17, 0x15, 0x15, 0x15, 0x13, 0x15, 0x15, 0x17, 0x17, 0x1D, 0x1D, 0x1D, 0x1C, 0x04, 0x04,
    0x17, 0x09, 0x24, 0x0A, 0x1F, 0x04, 0x03, 0x03, 0x1D, 0x0F, 0x05, 0x26, 0x0D, 0x00, 0x00, 0x00, 0x00, 0x00, 0x00, 0x00, 0x00, 0x00, 0x00, 0x00,
    0x00, 0x00, 0x1F, 0x1F, 0x04, 0x23, 0x03, 0x03, 0x1F, 0x1E, 0x17, 0x00, 0x00, 0x00, 0x00, 0x00, 0x00, 0x00, 0x1E, 0x00, 0x1E, 0x1E, 0x1E, 0x1E,
    0x1E, 0x1D, 0x1D, 0x1D, 0x1D, 0x17, 0x17, 0x17, 0x15, 0x15, 0x15, 0x15, 0x13, 0x12, 0x13, 0x15, 0x15, 0x15, 0x17, 0x1D, 0x1D, 0x1D, 0x04, 0x17,
    0x17, 0x09, 0x24, 0x25, 0x25, 0x03, 0x28, 0x1B, 0x24, 0x24, 0x24, 0x04, 0x25, 0x05, 0x00, 0x00, 0x00, 0x00, 0x00, 0x00, 0x00, 0x00, 0x00, 0x00,
    0x00, 0x00, 0x21, 0x04, 0x1F, 0x23, 0x1F, 0x1D, 0x1F, 0x1E, 0x17, 0x00, 0x00, 0x00, 0x00, 0x00, 0x00, 0x1E, 0x00, 0x1E, 0x1E, 0x00, 0x1E, 0x1E,
    0x1E, 0x1E, 0x1D, 0x1D, 0x17, 0x17, 0x17, 0x15, 0x15, 0x15, 0x15, 0x15, 0x13, 0x12, 0x13, 0x15, 0x15, 0x15, 0x17, 0x17, 0x1D, 0x1D, 0x1D, 0x17,
    0x17, 0x09, 0x24, 0x24, 0x24, 0x24, 0x1B, 0x03, 0x24, 0x24, 0x24, 0x24, 0x24, 0x25, 0x26, 0x0D, 0x00, 0x00, 0x00, 0x00, 0x00, 0x00, 0x00, 0x00,
    0x00, 0x00, 0x1F, 0x1D, 0x1D, 0x02, 0x23, 0x23, 0x1F, 0x00, 0x17, 0x00, 0x00, 0x00, 0x00, 0x00, 0x00, 0x1E, 0x00, 0x1E, 0x1E, 0x1E, 0x1E, 0x1E,
    0x1E, 0x17, 0x1D, 0x00, 0x00, 0x00, 0x15, 0x15, 0x15, 0x13, 0x15, 0x13, 0x13, 0x12, 0x13, 0x13, 0x15, 0x13, 0x15, 0x17, 0x17, 0x1D, 0x1D, 0x1D,
    0x17, 0x09, 0x09, 0x09, 0x24, 0x24, 0x24, 0x24, 0x24, 0x24, 0x24, 0x24, 0x09, 0x24, 0x25, 0x0C, 0x26, 0x00, 0x00, 0x00, 0x00, 0x00, 0x00, 0x00,
    0x00, 0x1F, 0x04, 0x04, 0x1D, 0x24, 0x23, 0x23, 0x1D, 0x00, 0x17, 0x00, 0x00, 0x00, 0x00, 0x00, 0x00, 0x1E, 0x00, 0x00, 0x00, 0x00, 0x1E, 0x1E,
    0x1E, 0x17, 0x00, 0x00, 0x1E, 0x17, 0x17, 0x15, 0x13, 0x15, 0x13, 0x13, 0x13, 0x12, 0x12, 0x13, 0x13, 0x15, 0x13, 0x15, 0x17, 0x17, 0x1D, 0x1D,
    0x17, 0x09, 0x09, 0x07, 0x24, 0x24, 0x24, 0x09, 0x09, 0x09, 0x24, 0x09, 0x09, 0x09, 0x24, 0x24, 0x24, 0x26, 0x00, 0x00, 0x00, 0x00, 0x00, 0x00,
    0x00, 0x1F, 0x1F, 0x1F, 0x04, 0x23, 0x03, 0x1D, 0x1F, 0x00, 0x1E, 0x00, 0x00, 0x00, 0x00, 0x17, 0x17, 0x17, 0x1E, 0x00, 0x1E, 0x1E, 0x1E, 0x17,
    0x1E, 0x00, 0x00, 0x1E, 0x1D, 0x17, 0x17, 0x15, 0x15, 0x13, 0x13, 0x13, 0x12, 0x11, 0x12, 0x13, 0x13, 0x13, 0x15, 0x13, 0x15, 0x17, 0x17, 0x1D,
    0x24, 0x24, 0x07, 0x07, 0x24, 0x24, 0x24, 0x09, 0x07, 0x07, 0x09, 0x09, 0x09, 0x24, 0x24, 0x24, 0x24, 0x25, 0x05, 0x0D, 0x00, 0x00, 0x00, 0x00,
    0x00, 0x1F, 0x1F, 0x04, 0x1F, 0x1F, 0x1D, 0x1D, 0x1F, 0x00, 0x1E, 0x21, 0x00, 0x00, 0x0A, 0x09, 0x18, 0x15, 0x17, 0x1E, 0x1E, 0x00, 0x1E, 0x1E,
    0x17, 0x00, 0x00, 0x1E, 0x17, 0x17, 0x17, 0x17, 0x15, 0x13, 0x13, 0x12, 0x12, 0x11, 0x12, 0x12, 0x13, 0x13, 0x13, 0x15, 0x15, 0x17, 0x17, 0x1D,
    0x24, 0x24, 0x17, 0x07, 0x24, 0x24, 0x24, 0x24, 0x07, 0x07, 0x09, 0x24, 0x24, 0x24, 0x24, 0x24, 0x24, 0x04, 0x0F, 0x05, 0x0D, 0x00, 0x00, 0x00,
    0x1F, 0x1F, 0x1F, 0x04, 0x04, 0x04, 0x03, 0x1E, 0x1E, 0x21, 0x21, 0x00, 0x00, 0x0A, 0x0A, 0x09, 0x18, 0x18, 0x15, 0x1E, 0x1E, 0x00, 0x20, 0x17,
    0x1E, 0x00, 0x00, 0x1E, 0x17, 0x17, 0x17, 0x17, 0x15, 0x13, 0x12, 0x12, 0x11, 0x29, 0x11, 0x12, 0x12, 0x13, 0x13, 0x13, 0x15, 0x15, 0x17, 0x1D,
    0x24, 0x24, 0x09, 0x09, 0x24, 0x24, 0x24, 0x17, 0x07, 0x07, 0x24, 0x24, 0x24, 0x24, 0x24, 0x24, 0x24, 0x24, 0x04, 0x0F, 0x05, 0x0D, 0x00, 0x00,
    0x00, 0x00, 0x21, 0x21, 0x21, 0x21, 0x1D, 0x1F, 0x1E, 0x1E, 0x17, 0x17, 0x1E, 0x0C, 0x0A, 0x09, 0x18, 0x18, 0x15, 0x17, 0x1D, 0x1D, 0x1D, 0x1D,
    0x1D, 0x17, 0x17, 0x17, 0x15, 0x15, 0x13, 0x12, 0x12, 0x12, 0x11, 0x11, 0x29, 0x29, 0x29, 0x11, 0x11, 0x12, 0x12, 0x12, 0x13, 0x13, 0x15, 0x15,
    0x17, 0x17, 0x17, 0x17, 0x24, 0x24, 0x17, 0x17, 0x09, 0x09, 0x24, 0x24, 0x24, 0x25, 0x25, 0x24, 0x24, 0x24, 0x04, 0x25, 0x0F, 0x05, 0x22, 0x0D,
    0x00, 0x00, 0x00, 0x00, 0x21, 0x00, 0x21, 0x21, 0x21, 0x1E, 0x1E, 0x1E, 0x0D, 0x0D, 0x0C, 0x0C, 0x0C, 0x1D, 0x1D, 0x17, 0x15, 0x17, 0x00, 0x17,
    0x1E, 0x00, 0x00, 0x1E, 0x17, 0x17, 0x15, 0x13, 0x13, 0x13, 0x12, 0x12, 0x11, 0x29, 0x11, 0x12, 0x12, 0x13, 0x13, 0x13, 0x15, 0x15, 0x17, 0x1D,
    0x24, 0x24, 0x17, 0x09, 0x24, 0x24, 0x17, 0x07, 0x24, 0x24, 0x24, 0x24, 0x24, 0x25, 0x1F, 0x1F, 0x0F, 0x0F, 0x25, 0x25, 0x0F, 0x0C, 0x05, 0x0D,
    0x00, 0x00, 0x00, 0x00, 0x00, 0x00, 0x00, 0x00, 0x0E, 0x0D, 0x05, 0x0E, 0x17, 0x0D, 0x0C, 0x0A, 0x0D, 0x0E, 0x0D, 0x1D, 0x17, 0x15, 0x17, 0x1E,
    0x17, 0x00, 0x00, 0x1E, 0x1D, 0x17, 0x15, 0x12, 0x13, 0x13, 0x13, 0x12, 0x12, 0x11, 0x12, 0x12, 0x13, 0x13, 0x13, 0x15, 0x15, 0x15, 0x17, 0x1D,
    0x24, 0x24, 0x17, 0x09, 0x09, 0x07, 0x07, 0x09, 0x24, 0x24, 0x24, 0x24, 0x25, 0x0C, 0x26, 0x00, 0x00, 0x05, 0x0F, 0x0C, 0x0C, 0x05, 0x05, 0x0D,
    0x00, 0x00, 0x00, 0x00, 0x00, 0x00, 0x00, 0x00, 0x00, 0x0D, 0x0D, 0x0E, 0x0D, 0x0C, 0x09, 0x0A, 0x0A, 0x0C, 0x0E, 0x05, 0x1D, 0x17, 0x00, 0x00,
    0x00, 0x00, 0x1E, 0x1E, 0x1E, 0x17, 0x17, 0x13, 0x12, 0x12, 0x13, 0x13, 0x12, 0x11, 0x12, 0x13, 0x13, 0x13, 0x15, 0x13, 0x15, 0x17, 0x17, 0x1D,
    0x24, 0x24, 0x17, 0x15, 0x17, 0x17, 0x17, 0x21, 0x09, 0x09, 0x24, 0x24, 0x25, 0x0C, 0x0D, 0x00, 0x00, 0x00, 0x00, 0x0D, 0x0D, 0x0D, 0x0D, 0x0D,
    0x00, 0x00, 0x00, 0x00, 0x00, 0x00, 0x00, 0x00, 0x00, 0x00, 0x0D, 0x0D, 0x0C, 0x0A, 0x09, 0x09, 0x07, 0x07, 0x05, 0x0D, 0x1D, 0x17, 0x00, 0x00,
    0x00, 0x00, 0x00, 0x1E, 0x1E, 0x1D, 0x17, 0x17, 0x15, 0x13, 0x12, 0x13, 0x12, 0x12, 0x13, 0x13, 0x13, 0x15, 0x13, 0x15, 0x15, 0x17, 0x25, 0x24,
    0x24, 0x17, 0x15, 0x17, 0x21, 0x1F, 0x21, 0x21, 0x21, 0x09, 0x24, 0x24, 0x25, 0x0C, 0x0D, 0x00, 0x00, 0x00, 0x00, 0x00, 0x00, 0x00, 0x0D, 0x00,
    0x00, 0x00, 0x00, 0x00, 0x00, 0x00, 0x00, 0x17, 0x17, 0x15, 0x00, 0x0D, 0x0B, 0x0A, 0x09, 0x06, 0x06, 0x08, 0x25, 0x0D, 0x00, 0x1E, 0x27, 0x15,
    0x15, 0x17, 0x00, 0x1E, 0x1E, 0x1E, 0x1D, 0x17, 0x17, 0x15, 0x13, 0x12, 0x13, 0x12, 0x13, 0x13, 0x15, 0x13, 0x15, 0x15, 0x15, 0x17, 0x17, 0x24,
    0x17, 0x15, 0x1D, 0x21, 0x03, 0x1B, 0x1B, 0x1F, 0x21, 0x24, 0x24, 0x24, 0x25, 0x0C, 0x0D, 0x00, 0x00, 0x00, 0x00, 0x00, 0x00, 0x00, 0x00, 0x00,
    0x00, 0x00, 0x00, 0x00, 0x00, 0x00, 0x09, 0x06, 0x08, 0x15, 0x00, 0x00, 0x0C, 0x0A, 0x09, 0x06, 0x06, 0x0A, 0x05, 0x04, 0x00, 0x25, 0x06, 0x06,
    0x27, 0x15, 0x00, 0x00, 0x00, 0x1E, 0x1E, 0x1D, 0x17, 0x17, 0x15, 0x13, 0x12, 0x12, 0x13, 0x15, 0x13, 0x15, 0x15, 0x17, 0x17, 0x17, 0x17, 0x17,
    0x15, 0x17, 0x1F, 0x02, 0x02, 0x01, 0x03, 0x1D, 0x1F, 0x21, 0x24, 0x24, 0x04, 0x1F, 0x0D, 0x00, 0x00, 0x00, 0x00, 0x00, 0x00, 0x00, 0x00, 0x00,
    0x00, 0x00, 0x00, 0x00, 0x00, 0x00, 0x09, 0x06, 0x15, 0x17, 0x00, 0x00, 0x0C, 0x0C, 0x0A, 0x09, 0x07, 0x0C, 0x0D, 0x19, 0x00, 0x1F, 0x07, 0x06,
    0x27, 0x15, 0x17, 0x00, 0x00, 0x1E, 0x1E, 0x1E, 0x1D, 0x1D, 0x17, 0x15, 0x15, 0x12, 0x13, 0x15, 0x15, 0x15, 0x17, 0x17, 0x17, 0x17, 0x1D, 0x17,
    0x15, 0x17, 0x1D, 0x19, 0x1D, 0x01, 0x1D, 0x1B, 0x21, 0x24, 0x24, 0x24, 0x04, 0x0F, 0x0D, 0x00, 0x00, 0x00, 0x00, 0x00, 0x00, 0x00, 0x00, 0x00,
    0x00, 0x00, 0x00, 0x00, 0x00, 0x0C, 0x09, 0x06, 0x15, 0x00, 0x00, 0x25, 0x0C, 0x0C, 0x0B, 0x0C, 0x0C, 0x0C, 0x1C, 0x18, 0x15, 0x19, 0x1C, 0x07,
    0x1D, 0x15, 0x17, 0x00, 0x00, 0x00, 0x1E, 0x1E, 0x1E, 0x1D, 0x1D, 0x17, 0x15, 0x13, 0x15, 0x15, 0x15, 0x17, 0x17, 0x1D, 0x1D, 0x1D, 0x1D, 0x17,
    0x15, 0x00, 0x1D, 0x01, 0x01, 0x16, 0x19, 0x19, 0x1D, 0x1D, 0x04, 0x04, 0x04, 0x0F, 0x05, 0x00, 0x00, 0x00, 0x00, 0x00, 0x00, 0x00, 0x00, 0x00,
    0x00, 0x00, 0x00, 0x00, 0x00, 0x0A, 0x08, 0x27, 0x18, 0x18, 0x25, 0x25, 0x0A, 0x0A, 0x0C, 0x0C, 0x25, 0x1D, 0x19, 0x15, 0x15, 0x15, 0x19, 0x0C,
    0x1D, 0x15, 0x17, 0x00, 0x00, 0x00, 0x00, 0x00, 0x1E, 0x1E, 0x1E, 0x17, 0x15, 0x15, 0x12, 0x17, 0x17, 0x17, 0x1D, 0x1D, 0x1D, 0x1D, 0x1D, 0x00,
    0x15, 0x00, 0x19, 0x01, 0x01, 0x02, 0x19, 0x1B, 0x1B, 0x04, 0x1F, 0x1F, 0x1F, 0x0F, 0x05, 0x0D, 0x00, 0x00, 0x00, 0x00, 0x00, 0x00, 0x00, 0x00,
    0x00, 0x00, 0x00, 0x00, 0x0A, 0x07, 0x08, 0x27, 0x27, 0x1D, 0x1F, 0x0C, 0x0C, 0x0A, 0x0C, 0x0C, 0x0A, 0x1C, 0x27, 0x16, 0x27, 0x15, 0x27, 0x0A,
    0x09, 0x27, 0x15, 0x17, 0x00, 0x00, 0x00, 0x00, 0x00, 0x1E, 0x1E, 0x17, 0x17, 0x15, 0x13, 0x17, 0x17, 0x1D, 0x1D, 0x1D, 0x1E, 0x00, 0x00, 0x00,
    0x17, 0x00, 0x1D, 0x19, 0x02, 0x01, 0x1B, 0x1D, 0x1D, 0x04, 0x1F, 0x0F, 0x1F, 0x0F, 0x0F, 0x05, 0x0D, 0x00, 0x00, 0x00, 0x00, 0x00, 0x00, 0x00,
    0x00, 0x00, 0x00, 0x00, 0x0A, 0x07, 0x27, 0x14, 0x1C, 0x1D, 0x1D, 0x04, 0x04, 0x25, 0x0A, 0x24, 0x1D, 0x19, 0x27, 0x27, 0x27, 0x27, 0x18, 0x0A,
    0x0A, 0x27, 0x18, 0x15, 0x1E, 0x00, 0x00, 0x1E, 0x17, 0x1E, 0x1E, 0x1E, 0x17, 0x15, 0x15, 0x1E, 0x1D, 0x1D, 0x00, 0x1E, 0x1F, 0x00, 0x00, 0x1E,
    0x17, 0x00, 0x1D, 0x19, 0x19, 0x1D, 0x04, 0x03, 0x1D, 0x1D, 0x22, 0x05, 0x1F, 0x0F, 0x0F, 0x0F, 0x05, 0x0D, 0x00, 0x00, 0x00, 0x00, 0x00, 0x00,
    0x00, 0x00, 0x0C, 0x0A, 0x0A, 0x07, 0x14, 0x19, 0x19, 0x1D, 0x1D, 0x1D, 0x1D, 0x1D, 0x1D, 0x1D, 0x1D, 0x1D, 0x19, 0x27, 0x27, 0x18, 0x18, 0x0A,
    0x0A, 0x18, 0x18, 0x15, 0x1E, 0x00, 0x00, 0x1E, 0x17, 0x17, 0x00, 0x1E, 0x1D, 0x15, 0x1D, 0x1E, 0x1D, 0x00, 0x00, 0x00, 0x1F, 0x00, 0x00, 0x00,
    0x1A, 0x1A, 0x17, 0x17, 0x02, 0x1B, 0x1B, 0x03, 0x1D, 0x1D, 0x1D, 0x0D, 0x22, 0x05, 0x0F, 0x0F, 0x1F, 0x22, 0x00, 0x00, 0x00, 0x00, 0x00, 0x00,
    0x00, 0x00, 0x0B, 0x0A, 0x07, 0x06, 0x16, 0x1C, 0x1D, 0x1C, 0x1D, 0x1D, 0x10, 0x10, 0x10, 0x10, 0x1D, 0x1D, 0x1D, 0x19, 0x18, 0x18, 0x1D, 0x0A,
    0x0C, 0x24, 0x18, 0x15, 0x1E, 0x00, 0x00, 0x1E, 0x17, 0x15, 0x00, 0x1E, 0x1D, 0x17, 0x1D, 0x1E, 0x00, 0x00, 0x00, 0x00, 0x00, 0x00, 0x17, 0x15,
    0x15, 0x17, 0x17, 0x1C, 0x19, 0x1E, 0x1E, 0x1E, 0x1E, 0x1E, 0x1E, 0x1E, 0x00, 0x0D, 0x05, 0x1F, 0x1F, 0x22, 0x0D, 0x00, 0x00, 0x00, 0x00, 0x00,
    0x00, 0x0C, 0x0B, 0x09, 0x07, 0x06, 0x27, 0x1D, 0x10, 0x1D, 0x1F, 0x10, 0x10, 0x10, 0x1F, 0x10, 0x10, 0x1F, 0x1D, 0x1D, 0x1D, 0x1D, 0x1D, 0x00,
    0x0C, 0x0C, 0x1D, 0x15, 0x1E, 0x00, 0x00, 0x00, 0x1E, 0x15, 0x00, 0x1E, 0x1D, 0x17, 0x1E, 0x1E, 0x00, 0x00, 0x00, 0x00, 0x17, 0x15, 0x15, 0x17,
    0x17, 0x17, 0x1E, 0x1E, 0x1E, 0x00, 0x1E, 0x00, 0x00, 0x1E, 0x1E, 0x1E, 0x1E, 0x00, 0x0D, 0x0D, 0x22, 0x0D, 0x00, 0x00, 0x00, 0x00, 0x00, 0x00,
    0x00, 0x0C, 0x0A, 0x09, 0x07, 0x02, 0x18, 0x1F, 0x1F, 0x1F, 0x1F, 0x1F, 0x1F, 0x1F, 0x1F, 0x1F, 0x1F, 0x1F, 0x1F, 0x1D, 0x1D, 0x1D, 0x1D, 0x1E,
    0x00, 0x0C, 0x15, 0x17, 0x1E, 0x00, 0x00, 0x00, 0x1E, 0x17, 0x00, 0x00, 0x1E, 0x17, 0x1E, 0x1E, 0x00, 0x00, 0x00, 0x17, 0x15, 0x17, 0x1D, 0x1A,
    0x1E, 0x00, 0x00, 0x00, 0x00, 0x00, 0x00, 0x00, 0x00, 0x00, 0x1E, 0x1E, 0x1E, 0x00, 0x00, 0x00, 0x0D, 0x00, 0x00, 0x00, 0x00, 0x00, 0x00, 0x00,
    0x00, 0x0C, 0x0A, 0x09, 0x09, 0x17, 0x00, 0x00, 0x1F, 0x10, 0x1F, 0x1F, 0x1F, 0x22, 0x22, 0x22, 0x1F, 0x1F, 0x1F, 0x22, 0x1D, 0x1D, 0x1D, 0x1E,
    0x00, 0x1E, 0x17, 0x1E, 0x00, 0x00, 0x00, 0x00, 0x1E, 0x17, 0x00, 0x00, 0x1E, 0x17, 0x1E, 0x00, 0x00, 0x00, 0x00, 0x15, 0x17, 0x1A, 0x00, 0x00,
    0x00, 0x00, 0x00, 0x00, 0x00, 0x00, 0x00, 0x00, 0x00, 0x00, 0x1E, 0x00, 0x00, 0x00, 0x00, 0x00, 0x00, 0x00, 0x00, 0x00, 0x00, 0x00, 0x00, 0x00,
    0x00, 0x00, 0x09, 0x0A, 0x17, 0x00, 0x00, 0x00, 0x1F, 0x10, 0x22, 0x1F, 0x1F, 0x1D, 0x1F, 0x1F, 0x22, 0x1F, 0x1F, 0x22, 0x1D, 0x1D, 0x1D, 0x1E,
    0x00, 0x1E, 0x1E, 0x00, 0x00, 0x00, 0x00, 0x00, 0x00, 0x1E, 0x00, 0x00, 0x1E, 0x17, 0x1E, 0x00, 0x00, 0x00, 0x1E, 0x17, 0x1A, 0x1A, 0x00, 0x00,
    0x00, 0x00, 0x00, 0x00, 0x00, 0x00, 0x00, 0x00, 0x00, 0x00, 0x00, 0x00, 0x00, 0x00, 0x00, 0x00, 0x00, 0x00, 0x00, 0x00, 0x00, 0x00, 0x00, 0x00,
    0x00, 0x00, 0x00, 0x00, 0x00, 0x00, 0x00, 0x00, 0x1D, 0x10, 0x22, 0x1F, 0x1F, 0x1F, 0x1F, 0x1F, 0x00, 0x22, 0x22, 0x1D, 0x1D, 0x1D, 0x17, 0x1E,
    0x00, 0x00, 0x00, 0x00, 0x00, 0x00, 0x00, 0x00, 0x00, 0x00, 0x00, 0x00, 0x1E, 0x1D, 0x1E, 0x00, 0x00, 0x00, 0x1E, 0x17, 0x1A, 0x1E, 0x1E, 0x1E,
    0x00, 0x00, 0x00, 0x05, 0x05, 0x00, 0x00, 0x00, 0x00, 0x00, 0x00, 0x00, 0x00, 0x00, 0x00, 0x00, 0x00, 0x00, 0x00, 0x00, 0x00, 0x00, 0x00, 0x00,
    0x00, 0x00, 0x00, 0x00, 0x00, 0x00, 0x00, 0x00, 0x1D, 0x1F, 0x00, 0x1F, 0x1F, 0x10, 0x1D, 0x10, 0x10, 0x1F, 0x1F, 0x1D, 0x1D, 0x17, 0x27, 0x1E,
    0x00, 0x00, 0x00, 0x00, 0x00, 0x00, 0x00, 0x00, 0x00, 0x00, 0x00, 0x00, 0x1E, 0x1D, 0x00, 0x00, 0x00, 0x00, 0x17, 0x1A, 0x1E, 0x1E, 0x00, 0x00,
    0x00, 0x00, 0x00, 0x1F, 0x0F, 0x00, 0x00, 0x00, 0x00, 0x00, 0x00, 0x00, 0x00, 0x00, 0x00, 0x00, 0x00, 0x00, 0x00, 0x00, 0x00, 0x00, 0x00, 0x00,
    0x00, 0x00, 0x00, 0x00, 0x00, 0x00, 0x00, 0x00, 0x1F, 0x1F, 0x00, 0x1F, 0x1F, 0x1F, 0x1F, 0x10, 0x1F, 0x1F, 0x1F, 0x1D, 0x1D, 0x17, 0x15, 0x17,
    0x00, 0x00, 0x00, 0x00, 0x00, 0x00, 0x00, 0x00, 0x00, 0x00, 0x00, 0x00, 0x00, 0x1D, 0x00, 0x00, 0x00, 0x00, 0x17, 0x1A, 0x00, 0x00, 0x00, 0x00,
    0x00, 0x00, 0x00, 0x0F, 0x0F, 0x00, 0x00, 0x00, 0x00, 0x00, 0x00, 0x00, 0x00, 0x00, 0x00, 0x00, 0x00, 0x00, 0x00, 0x00, 0x00, 0x00, 0x00, 0x00,
    0x00, 0x00, 0x00, 0x00, 0x00, 0x00, 0x00, 0x00, 0x22, 0x22, 0x00, 0x1F, 0x1F, 0x1F, 0x1F, 0x1F, 0x10, 0x1F, 0x1F, 0x1F, 0x1D, 0x1C, 0x15, 0x17,
    0x1E, 0x00, 0x00, 0x00, 0x00, 0x00, 0x00, 0x00, 0x00, 0x00, 0x00, 0x00, 0x00, 0x1D, 0x00, 0x00, 0x00, 0x00, 0x1E, 0x1A, 0x00, 0x00, 0x00, 0x00,
    0x00, 0x00, 0x00, 0x1F, 0x0F, 0x00, 0x00, 0x00, 0x00, 0x00, 0x00, 0x00, 0x00, 0x00, 0x00, 0x00, 0x00, 0x00, 0x00, 0x00, 0x00, 0x00, 0x00, 0x00,
    0x00, 0x00, 0x00, 0x00, 0x00, 0x00, 0x00, 0x00, 0x22, 0x22, 0x0D, 0x22, 0x1F, 0x1F, 0x1F, 0x1F, 0x1F, 0x1F, 0x1F, 0x1F, 0x1D, 0x1C, 0x17, 0x15,
    0x1E, 0x00, 0x00, 0x00, 0x00, 0x00, 0x00, 0x00, 0x00, 0x00, 0x00, 0x00, 0x00, 0x1E, 0x00, 0x00, 0x00, 0x00, 0x1E, 0x1A, 0x00, 0x00, 0x00, 0x21,
    0x00, 0x1E, 0x0F, 0x1F, 0x1F, 0x00, 0x00, 0x00, 0x00, 0x00, 0x00, 0x00, 0x00, 0x00, 0x00, 0x00, 0x00, 0x00, 0x00, 0x00, 0x00, 0x00, 0x00, 0x00,
    0x00, 0x00, 0x00, 0x00, 0x00, 0x00, 0x00, 0x00, 0x22, 0x22, 0x0D, 0x22, 0x10, 0x1F, 0x1F, 0x1F, 0x1F, 0x1F, 0x1C, 0x1C, 0x1C, 0x1C, 0x17, 0x15,
    0x1E, 0x00, 0x00, 0x00, 0x00, 0x00, 0x00, 0x00, 0x00, 0x00, 0x00, 0x00, 0x00, 0x1E, 0x00, 0x00, 0x00, 0x00, 0x1E, 0x1E, 0x00, 0x00, 0x00, 0x21,
    0x1E, 0x1E, 0x0F, 0x1F, 0x00, 0x00, 0x00, 0x00, 0x00, 0x00, 0x00, 0x00, 0x00, 0x00, 0x00, 0x00, 0x00, 0x00, 0x00, 0x00, 0x00, 0x00, 0x00, 0x00,
    0x00, 0x00, 0x00, 0x00, 0x00, 0x00, 0x00, 0x00, 0x22, 0x22, 0x22, 0x05, 0x1F, 0x1F, 0x1D, 0x1D, 0x1D, 0x1D, 0x1D, 0x1D, 0x1C, 0x1D, 0x1C, 0x15,
    0x1E, 0x00, 0x00, 0x00, 0x00, 0x00, 0x00, 0x00, 0x00, 0x00, 0x00, 0x00, 0x00, 0x1E, 0x00, 0x00, 0x00, 0x00, 0x1E, 0x1E, 0x00, 0x00, 0x21, 0x21,
    0x1E, 0x1F, 0x1D, 0x00, 0x00, 0x00, 0x00, 0x00, 0x00, 0x00, 0x00, 0x00, 0x00, 0x00, 0x00, 0x00, 0x00, 0x00, 0x00, 0x00, 0x00, 0x00, 0x00, 0x00,
    0x00, 0x00, 0x00, 0x00, 0x00, 0x00, 0x00, 0x05, 0x00, 0x05, 0x05, 0x05, 0x05, 0x1F, 0x1D, 0x1D, 0x03, 0x03, 0x03, 0x03, 0x03, 0x1D, 0x1C, 0x15,
    0x17, 0x1E, 0x00, 0x00, 0x00, 0x00, 0x00, 0x00, 0x00, 0x00, 0x00, 0x00, 0x00, 0x1E, 0x00, 0x00, 0x00, 0x00, 0x1E, 0x1E, 0x00, 0x00, 0x21, 0x1E,
    0x0F, 0x0F, 0x1F, 0x00, 0x00, 0x00, 0x00, 0x00, 0x00, 0x00, 0x00, 0x00, 0x00, 0x00, 0x00, 0x00, 0x00, 0x00, 0x00, 0x00, 0x00, 0x00, 0x00, 0x00,
    0x00, 0x00, 0x00, 0x00, 0x00, 0x00, 0x00, 0x00, 0x00, 0x00, 0x05, 0x05, 0x05, 0x1F, 0x1F, 0x1D, 0x03, 0x1B, 0x28, 0x1C, 0x1C, 0x1D, 0x1C, 0x1D,
    0x17, 0x1E, 0x00, 0x00, 0x00, 0x00, 0x00, 0x00, 0x00, 0x00, 0x00, 0x00, 0x00, 0x00, 0x00, 0x00, 0x00, 0x00, 0x00, 0x00, 0x00, 0x00, 0x21, 0x1D,
    0x0F, 0x1D, 0x1F, 0x00, 0x00, 0x00, 0x00, 0x00, 0x00, 0x00, 0x00, 0x00, 0x00, 0x00, 0x00, 0x00, 0x00, 0x00, 0x00, 0x00, 0x00, 0x00, 0x00, 0x00,
    0x00, 0x00, 0x00, 0x00, 0x00, 0x00, 0x00, 0x00, 0x00, 0x00, 0x05, 0x1F, 0x1F, 0x0F, 0x1F, 0x1D, 0x1D, 0x1D, 0x28, 0x1C, 0x1C, 0x1D, 0x1C, 0x1C,
    0x17, 0x1E, 0x00, 0x00, 0x00, 0x00, 0x00, 0x00, 0x00, 0x21, 0x21, 0x1E, 0x1E, 0x1E, 0x1E, 0x00, 0x00, 0x00, 0x00, 0x00, 0x21, 0x21, 0x1E, 0x1D,
    0x0F, 0x1F, 0x22, 0x00, 0x00, 0x00, 0x00, 0x00, 0x00, 0x00, 0x00, 0x00, 0x00, 0x00, 0x00, 0x00, 0x00, 0x00, 0x00, 0x00, 0x00, 0x00, 0x00, 0x00,
    0x00, 0x00, 0x00, 0x00, 0x00, 0x00, 0x00, 0x00, 0x00, 0x1F, 0x05, 0x05, 0x05, 0x0F, 0x0F, 0x1D, 0x1F, 0x1F, 0x1D, 0x1B, 0x03, 0x1D, 0x1C, 0x1C,
    0x17, 0x1E, 0x00, 0x00, 0x00, 0x00, 0x1F, 0x0C, 0x0C, 0x1E, 0x17, 0x17, 0x17, 0x1E, 0x21, 0x0C, 0x0C, 0x00, 0x00, 0x00, 0x21, 0x21, 0x1E, 0x17,
    0x05, 0x05, 0x22, 0x00, 0x00, 0x00, 0x00, 0x00, 0x00, 0x00, 0x00, 0x00, 0x00, 0x00, 0x00, 0x00, 0x00, 0x00, 0x00, 0x00, 0x00, 0x00, 0x00, 0x00,
    0x00, 0x00, 0x00, 0x00, 0x00, 0x00, 0x00, 0x00, 0x00, 0x05, 0x05, 0x05, 0x05, 0x0F, 0x0F, 0x1F, 0x1F, 0x1F, 0x1D, 0x04, 0x04, 0x04, 0x23, 0x1C,
    0x1E, 0x1E, 0x00, 0x00, 0x00, 0x00, 0x0C, 0x0C, 0x1E, 0x1E, 0x1E, 0x00, 0x1A, 0x1E, 0x1E, 0x21, 0x0C, 0x00, 0x00, 0x00, 0x21, 0x21, 0x17, 0x1D,
    0x05, 0x05, 0x00, 0x00, 0x00, 0x00, 0x00, 0x00, 0x00, 0x00, 0x00, 0x00, 0x00, 0x00, 0x00, 0x00, 0x00, 0x00, 0x00, 0x00, 0x00, 0x00, 0x00, 0x00,
    0x00, 0x00, 0x00, 0x00, 0x00, 0x00, 0x00, 0x00, 0x00, 0x05, 0x05, 0x05, 0x05, 0x05, 0x1F, 0x1F, 0x1F, 0x1F, 0x1F, 0x1D, 0x04, 0x04, 0x23, 0x24,
    0x1E, 0x1E, 0x00, 0x00, 0x00, 0x00, 0x0C, 0x00, 0x1E, 0x22, 0x00, 0x26, 0x05, 0x26, 0x05, 0x1E, 0x21, 0x00, 0x00, 0x00, 0x21, 0x21, 0x17, 0x1F,
    0x05, 0x05, 0x0D, 0x00, 0x00, 0x00, 0x00, 0x00, 0x00, 0x00, 0x00, 0x00, 0x00, 0x00, 0x00, 0x00, 0x00, 0x00, 0x00, 0x00, 0x00, 0x00, 0x00, 0x00,
    0x00, 0x00, 0x00, 0x00, 0x00, 0x00, 0x00, 0x00, 0x00, 0x05, 0x05, 0x05, 0x05, 0x00, 0x1F, 0x00, 0x1F, 0x1F, 0x1F, 0x1F, 0x04, 0x04, 0x04, 0x24,
    0x1E, 0x1E, 0x00, 0x00, 0x00, 0x00, 0x00, 0x00, 0x21, 0x05, 0x04, 0x04, 0x1F, 0x1F, 0x22, 0x21, 0x00, 0x00, 0x00, 0x00, 0x1F, 0x21, 0x1E, 0x1F,
    0x05, 0x05, 0x1F, 0x05, 0x05, 0x00, 0x00, 0x00, 0x00, 0x00, 0x00, 0x00, 0x00, 0x00, 0x00, 0x00, 0x00, 0x00, 0x00, 0x00, 0x00, 0x00, 0x00, 0x00,
    0x00, 0x00, 0x00, 0x00, 0x00, 0x00, 0x00, 0x00, 0x00, 0x00, 0x00, 0x00, 0x00, 0x00, 0x00, 0x00, 0x00, 0x1F, 0x00, 0x1F, 0x1F, 0x1F, 0x04, 0x04,
    0x1E, 0x1E, 0x00, 0x00, 0x00, 0x00, 0x00, 0x00, 0x21, 0x1F, 0x1F, 0x22, 0x1F, 0x1F, 0x1F, 0x21, 0x00, 0x00, 0x00, 0x00, 0x1F, 0x1E, 0x21, 0x1E,
    0x05, 0x05, 0x1F, 0x1F, 0x1F, 0x00, 0x00, 0x00, 0x00, 0x00, 0x00, 0x00, 0x00, 0x00, 0x00, 0x00, 0x00, 0x00, 0x00, 0x00, 0x00, 0x00, 0x00, 0x00,
    0x00, 0x00, 0x00, 0x00, 0x00, 0x00, 0x00, 0x00, 0x00, 0x00, 0x00, 0x00, 0x00, 0x00, 0x00, 0x1F, 0x00, 0x1F, 0x00, 0x00, 0x1F, 0x1F, 0x1F, 0x22,
    0x0D, 0x00, 0x00, 0x00, 0x00, 0x00, 0x00, 0x00, 0x00, 0x22, 0x1F, 0x1F, 0x0F, 0x1F, 0x1F, 0x1F, 0x1F, 0x00, 0x00, 0x00, 0x00, 0x00, 0x00, 0x00,
    0x00, 0x00, 0x00, 0x00, 0x00, 0x00, 0x00, 0x00, 0x00, 0x00, 0x00, 0x00, 0x00, 0x00, 0x00, 0x00, 0x00, 0x00, 0x00, 0x00, 0x00, 0x00, 0x00, 0x00,
    0x00, 0x00, 0x00, 0x00, 0x00, 0x00, 0x00, 0x00, 0x00, 0x00, 0x00, 0x00, 0x00, 0x00, 0x00, 0x00, 0x00, 0x00, 0x1F, 0x00, 0x22, 0x1F, 0x1F, 0x1F,
    0x0D, 0x00, 0x00, 0x00, 0x00, 0x00, 0x00, 0x00, 0x00, 0x00, 0x00, 0x04, 0x00, 0x05, 0x00, 0x00, 0x00, 0x00, 0x00, 0x00, 0x00, 0x00, 0x00, 0x00,
    0x00, 0x00, 0x00, 0x00, 0x00, 0x00, 0x00, 0x00, 0x00, 0x00, 0x00, 0x00, 0x00, 0x00, 0x00, 0x00, 0x00, 0x00, 0x00, 0x00, 0x00, 0x00, 0x00, 0x00,
    0x00, 0x00, 0x00, 0x00, 0x00, 0x00, 0x00, 0x00, 0x00, 0x00, 0x00, 0x00, 0x00, 0x00, 0x00, 0x00, 0x00, 0x00, 0x00, 0x00, 0x00, 0x22, 0x1F, 0x1F,
    0x00, 0x00, 0x00, 0x00, 0x00, 0x00, 0x00, 0x00, 0x00, 0x00, 0x00, 0x00, 0x00, 0x00, 0x00, 0x00, 0x00, 0x00, 0x00, 0x00, 0x00, 0x00, 0x00, 0x00,
    0x00, 0x00, 0x00, 0x00, 0x00, 0x00, 0x00, 0x00, 0x00, 0x00, 0x00, 0x00, 0x00, 0x00, 0x00, 0x00, 0x00, 0x00, 0x00, 0x00, 0x00, 0x00, 0x00, 0x00,
    0x00, 0x00, 0x00, 0x00, 0x00, 0x00, 0x00, 0x00, 0x00, 0x00, 0x00, 0x00, 0x00, 0x00, 0x00, 0x00, 0x00, 0x00, 0x00, 0x00, 0x00, 0x00, 0x1F, 0x00,
    0x00, 0x00, 0x00, 0x00, 0x00, 0x00, 0x00, 0x00, 0x00, 0x00, 0x00, 0x00, 0x04, 0x04, 0x00, 0x00, 0x00, 0x00, 0x00, 0x00, 0x00, 0x00, 0x00, 0x00,
    0x00, 0x00, 0x00, 0x00, 0x00, 0x00, 0x00, 0x00, 0x00, 0x00, 0x00, 0x00, 0x00, 0x00, 0x00, 0x00, 0x00, 0x00, 0x00, 0x00, 0x00, 0x00, 0x00, 0x00,
};

static const uint8_t px_wm_progress_h3_04a0e610[] __attribute__((aligned(8))) = {
    0x03, 0x03, 0x03, 0x03, 0x03, 0x03, 0x03, 0x03, 0x03, 0x03, 0x03, 0x03, 0x03, 0x03, 0x03, 0x03, 0x03, 0x03, 0x03, 0x03, 0x03, 0x03, 0x03, 0x03,
    0x03, 0x03, 0x03, 0x03, 0x03, 0x03, 0x03, 0x03, 0x03, 0x03, 0x03, 0x03, 0x03, 0x03, 0x03, 0x03, 0x03, 0x03, 0x03, 0x03, 0x03, 0x03, 0x03, 0x03,
    0x03, 0x03, 0x03, 0x03, 0x03, 0x03, 0x03, 0x03, 0x03, 0x03, 0x03, 0x03, 0x03, 0x03, 0x03, 0x03, 0x03, 0x03, 0x03, 0x03, 0x03, 0x03, 0x06, 0x03,
    0x03, 0x03, 0x03, 0x03, 0x03, 0x03, 0x03, 0x03, 0x03, 0x03, 0x03, 0x03, 0x03, 0x03, 0x03, 0x03, 0x03, 0x03, 0x03, 0x03, 0x03, 0x03, 0x03, 0x03,
    0x03, 0x03, 0x03, 0x03, 0x03, 0x03, 0x03, 0x03, 0x03, 0x03, 0x03, 0x03, 0x03, 0x03, 0x03, 0x03, 0x03, 0x03, 0x03, 0x03, 0x03, 0x03, 0x03, 0x03,
    0x03, 0x03, 0x03, 0x03, 0x03, 0x03, 0x03, 0x03, 0x03, 0x03, 0x03, 0x03, 0x03, 0x03, 0x03, 0x03, 0x03, 0x03, 0x03, 0x03, 0x03, 0x06, 0x00, 0x00,
    0x14, 0x14, 0x18, 0x03, 0x18, 0x18, 0x18, 0x14, 0x18, 0x14, 0x18, 0x14, 0x18, 0x18, 0x18, 0x14, 0x18, 0x14, 0x03, 0x18, 0x18, 0x03, 0x03, 0x03,
    0x03, 0x18, 0x03, 0x18, 0x18, 0x14, 0x14, 0x18, 0x14, 0x18, 0x14, 0x18, 0x18, 0x18, 0x14, 0x18, 0x18, 0x14, 0x18, 0x18, 0x18, 0x03, 0x03, 0x18,
    0x14, 0x14, 0x18, 0x14, 0x18, 0x14, 0x18, 0x14, 0x18, 0x14, 0x18, 0x18, 0x18, 0x14, 0x03, 0x18, 0x18, 0x03, 0x18, 0x03, 0x14, 0x18, 0x06, 0x14,
    0x14, 0x18, 0x03, 0x18, 0x18, 0x18, 0x14, 0x18, 0x14, 0x18, 0x14, 0x18, 0x18, 0x18, 0x14, 0x18, 0x14, 0x03, 0x18, 0x18, 0x03, 0x03, 0x03, 0x03,
    0x18, 0x03, 0x18, 0x18, 0x14, 0x14, 0x18, 0x14, 0x18, 0x14, 0x18, 0x18, 0x18, 0x14, 0x18, 0x18, 0x14, 0x18, 0x18, 0x18, 0x03, 0x03, 0x18, 0x14,
    0x14, 0x18, 0x14, 0x18, 0x14, 0x18, 0x14, 0x18, 0x14, 0x18, 0x18, 0x18, 0x14, 0x03, 0x18, 0x18, 0x03, 0x18, 0x03, 0x14, 0x18, 0x06, 0x00, 0x00,
    0x14, 0x02, 0x14, 0x18, 0x18, 0x14, 0x18, 0x14, 0x18, 0x14, 0x18, 0x18, 0x14, 0x18, 0x14, 0x14, 0x18, 0x18, 0x18, 0x18, 0x03, 0x18, 0x03, 0x18,
    0x03, 0x18, 0x18, 0x03, 0x03, 0x18, 0x14, 0x18, 0x18, 0x18, 0x14, 0x14, 0x18, 0x14, 0x18, 0x18, 0x14, 0x18, 0x14, 0x18, 0x14, 0x18, 0x18, 0x14,
    0x02, 0x14, 0x14, 0x18, 0x14, 0x18, 0x14, 0x18, 0x14, 0x18, 0x14, 0x14, 0x18, 0x18, 0x18, 0x18, 0x18, 0x18, 0x03, 0x18, 0x03, 0x18, 0x06, 0x14,
    0x02, 0x14, 0x18, 0x18, 0x14, 0x18, 0x14, 0x18, 0x14, 0x18, 0x18, 0x14, 0x18, 0x14, 0x14, 0x18, 0x18, 0x18, 0x18, 0x03, 0x18, 0x03, 0x18, 0x03,
    0x18, 0x18, 0x03, 0x03, 0x18, 0x14, 0x18, 0x18, 0x18, 0x14, 0x14, 0x18, 0x14, 0x18, 0x18, 0x14, 0x18, 0x14, 0x18, 0x14, 0x18, 0x18, 0x14, 0x02,
    0x14, 0x14, 0x18, 0x14, 0x18, 0x14, 0x18, 0x14, 0x18, 0x14, 0x14, 0x18, 0x18, 0x18, 0x18, 0x18, 0x18, 0x03, 0x18, 0x03, 0x18, 0x06, 0x00, 0x00,
    0x06, 0x04, 0x04, 0x03, 0x04, 0x03, 0x04, 0x04, 0x04, 0x04, 0x04, 0x03, 0x04, 0x03, 0x04, 0x03, 0x04, 0x04, 0x05, 0x04, 0x05, 0x04, 0x05, 0x04,
    0x05, 0x04, 0x05, 0x04, 0x03, 0x04, 0x18, 0x04, 0x05, 0x04, 0x03, 0x04, 0x03, 0x04, 0x03, 0x04, 0x04, 0x04, 0x04, 0x04, 0x03, 0x04, 0x03, 0x04,
    0x04, 0x06, 0x04, 0x04, 0x03, 0x03, 0x03, 0x03, 0x03, 0x03, 0x03, 0x18, 0x03, 0x03, 0x04, 0x04, 0x04, 0x03, 0x04, 0x03, 0x04, 0x03, 0x06, 0x06,
    0x04, 0x04, 0x03, 0x04, 0x03, 0x04, 0x04, 0x04, 0x04, 0x04, 0x03, 0x04, 0x03, 0x04, 0x03, 0x04, 0x04, 0x05, 0x04, 0x05, 0x04, 0x05, 0x04, 0x05,
    0x04, 0x05, 0x04, 0x03, 0x04, 0x18, 0x04, 0x05, 0x04, 0x03, 0x04, 0x03, 0x04, 0x03, 0x04, 0x04, 0x04, 0x04, 0x04, 0x03, 0x04, 0x03, 0x04, 0x04,
    0x06, 0x04, 0x04, 0x03, 0x03, 0x03, 0x03, 0x03, 0x03, 0x03, 0x18, 0x03, 0x03, 0x04, 0x04, 0x04, 0x03, 0x04, 0x03, 0x04, 0x03, 0x06, 0x00, 0x00,
    0x05, 0x04, 0x03, 0x03, 0x03, 0x04, 0x03, 0x04, 0x04, 0x04, 0x03, 0x04, 0x03, 0x04, 0x04, 0x04, 0x04, 0x04, 0x05, 0x05, 0x05, 0x05, 0x04, 0x05,
    0x04, 0x04, 0x04, 0x04, 0x04, 0x04, 0x04, 0x18, 0x04, 0x04, 0x04, 0x04, 0x04, 0x03, 0x04, 0x03, 0x04, 0x04, 0x04, 0x03, 0x04, 0x03, 0x03, 0x03,
    0x04, 0x04, 0x03, 0x04, 0x04, 0x03, 0x04, 0x03, 0x04, 0x04, 0x04, 0x04, 0x04, 0x04, 0x04, 0x05, 0x04, 0x04, 0x05, 0x04, 0x03, 0x04, 0x06, 0x05,
    0x04, 0x03, 0x03, 0x03, 0x04, 0x03, 0x04, 0x04, 0x04, 0x03, 0x04, 0x03, 0x04, 0x04, 0x04, 0x04, 0x04, 0x05, 0x05, 0x05, 0x05, 0x04, 0x05, 0x04,
    0x04, 0x04, 0x04, 0x04, 0x04, 0x04, 0x18, 0x04, 0x04, 0x04, 0x04, 0x04, 0x03, 0x04, 0x03, 0x04, 0x04, 0x04, 0x03, 0x04, 0x03, 0x03, 0x03, 0x04,
    0x04, 0x03, 0x04, 0x04, 0x03, 0x04, 0x03, 0x04, 0x04, 0x04, 0x04, 0x04, 0x04, 0x04, 0x05, 0x04, 0x04, 0x05, 0x04, 0x03, 0x04, 0x06, 0x00, 0x00,
    0x05, 0x03, 0x04, 0x03, 0x04, 0x03, 0x04, 0x04, 0x03, 0x04, 0x03, 0x04, 0x04, 0x04, 0x04, 0x04, 0x04, 0x03, 0x05, 0x05, 0x05, 0x04, 0x05, 0x04,
    0x04, 0x04, 0x04, 0x04, 0x04, 0x03, 0x04, 0x05, 0x03, 0x04, 0x04, 0x04, 0x04, 0x04, 0x04, 0x03, 0x04, 0x03, 0x04, 0x04, 0x03, 0x04, 0x03, 0x04,
    0x03, 0x03, 0x04, 0x04, 0x03, 0x04, 0x03, 0x04, 0x03, 0x04, 0x04, 0x04, 0x04, 0x03, 0x05, 0x04, 0x05, 0x04, 0x05, 0x04, 0x04, 0x03, 0x06, 0x05,
    0x03, 0x04, 0x03, 0x04, 0x03, 0x04, 0x04, 0x03, 0x04, 0x03, 0x04, 0x04, 0x04, 0x04, 0x04, 0x04, 0x03, 0x05, 0x05, 0x05, 0x04, 0x05, 0x04, 0x04,
    0x04, 0x04, 0x04, 0x04, 0x03, 0x04, 0x05, 0x03, 0x04, 0x04, 0x04, 0x04, 0x04, 0x04, 0x03, 0x04, 0x03, 0x04, 0x04, 0x03, 0x04, 0x03, 0x04, 0x03,
    0x03, 0x04, 0x04, 0x03, 0x04, 0x03, 0x04, 0x03, 0x04, 0x04, 0x04, 0x04, 0x03, 0x05, 0x04, 0x05, 0x04, 0x05, 0x04, 0x04, 0x03, 0x06, 0x00, 0x00,
    0x05, 0x04, 0x03, 0x04, 0x03, 0x04, 0x04, 0x04, 0x03, 0x03, 0x05, 0x03, 0x04, 0x04, 0x03, 0x05, 0x04, 0x05, 0x04, 0x05, 0x04, 0x05, 0x05, 0x05,
    0x04, 0x05, 0x05, 0x04, 0x05, 0x04, 0x04, 0x04, 0x05, 0x04, 0x05, 0x03, 0x04, 0x04, 0x03, 0x05, 0x03, 0x03, 0x04, 0x04, 0x04, 0x03, 0x04, 0x03,
    0x04, 0x03, 0x04, 0x04, 0x03, 0x03, 0x04, 0x03, 0x04, 0x04, 0x03, 0x05, 0x04, 0x05, 0x04, 0x05, 0x04, 0x05, 0x05, 0x04, 0x03, 0x04, 0x06, 0x05,
    0x04, 0x03, 0x04, 0x03, 0x04, 0x04, 0x04, 0x03, 0x03, 0x05, 0x03, 0x04, 0x04, 0x03, 0x05, 0x04, 0x05, 0x04, 0x05, 0x04, 0x05, 0x05, 0x05, 0x04,
    0x05, 0x05, 0x04, 0x05, 0x04, 0x04, 0x04, 0x05, 0x04, 0x05, 0x03, 0x04, 0x04, 0x03, 0x05, 0x03, 0x03, 0x04, 0x04, 0x04, 0x03, 0x04, 0x03, 0x04,
    0x03, 0x04, 0x04, 0x03, 0x03, 0x04, 0x03, 0x04, 0x04, 0x03, 0x05, 0x04, 0x05, 0x04, 0x05, 0x04, 0x05, 0x05, 0x04, 0x03, 0x04, 0x06, 0x00, 0x00,
    0x05, 0x04, 0x04, 0x04, 0x04, 0x05, 0x04, 0x03, 0x04, 0x03, 0x04, 0x04, 0x04, 0x04, 0x05, 0x04, 0x05, 0x04, 0x05, 0x05, 0x05, 0x04, 0x05, 0x05,
    0x05, 0x04, 0x04, 0x05, 0x04, 0x04, 0x04, 0x05, 0x04, 0x05, 0x04, 0x05, 0x04, 0x04, 0x04, 0x04, 0x03, 0x04, 0x03, 0x04, 0x05, 0x04, 0x04, 0x04,
    0x04, 0x03, 0x04, 0x03, 0x3B, 0x3B, 0x26, 0x26, 0x04, 0x04, 0x05, 0x04, 0x05, 0x04, 0x05, 0x04, 0x06, 0x05, 0x04, 0x05, 0x04, 0x03, 0x06, 0x05,
    0x04, 0x04, 0x04, 0x04, 0x05, 0x04, 0x03, 0x04, 0x03, 0x04, 0x04, 0x04, 0x04, 0x05, 0x04, 0x05, 0x04, 0x05, 0x05, 0x05, 0x04, 0x05, 0x05, 0x05,
    0x04, 0x04, 0x05, 0x04, 0x04, 0x04, 0x05, 0x04, 0x05, 0x04, 0x05, 0x04, 0x04, 0x04, 0x04, 0x03, 0x04, 0x03, 0x04, 0x05, 0x04, 0x04, 0x04, 0x04,
    0x03, 0x04, 0x03, 0x04, 0x04, 0x03, 0x04, 0x04, 0x04, 0x05, 0x04, 0x05, 0x04, 0x05, 0x04, 0x06, 0x05, 0x04, 0x05, 0x04, 0x03, 0x06, 0x00, 0x00,
    0x05, 0x03, 0x04, 0x03, 0x03, 0x04, 0x03, 0x04, 0x04, 0x04, 0x03, 0x04, 0x04, 0x05, 0x04, 0x05, 0x05, 0x05, 0x05, 0x05, 0x05, 0x05, 0x05, 0x05,
    0x05, 0x05, 0x04, 0x04, 0x05, 0x05, 0x04, 0x05, 0x05, 0x05, 0x05, 0x04, 0x05, 0x04, 0x04, 0x03, 0x04, 0x04, 0x04, 0x03, 0x04, 0x03, 0x03, 0x04,
    0x03, 0x03, 0x03, 0x3B, 0x31, 0x31, 0x31, 0x3B, 0x31, 0x05, 0x04, 0x05, 0x04, 0x05, 0x04, 0x06, 0x05, 0x03, 0x05, 0x04, 0x04, 0x04, 0x06, 0x05,
    0x03, 0x04, 0x03, 0x03, 0x04, 0x03, 0x04, 0x04, 0x04, 0x03, 0x04, 0x04, 0x05, 0x04, 0x03, 0x0B, 0x0B, 0x11, 0x14, 0x05, 0x05, 0x05, 0x05, 0x05,
    0x05, 0x04, 0x04, 0x05, 0x05, 0x04, 0x05, 0x05, 0x05, 0x05, 0x04, 0x05, 0x04, 0x04, 0x03, 0x04, 0x04, 0x04, 0x03, 0x04, 0x03, 0x03, 0x04, 0x03,
    0x03, 0x03, 0x04, 0x04, 0x04, 0x04, 0x03, 0x04, 0x05, 0x04, 0x05, 0x04, 0x05, 0x04, 0x06, 0x05, 0x03, 0x05, 0x04, 0x04, 0x04, 0x06, 0x00, 0x00,
    0x05, 0x03, 0x03, 0x04, 0x04, 0x04, 0x04, 0x04, 0x03, 0x04, 0x03, 0x04, 0x04, 0x04, 0x05, 0x04, 0x06, 0x05, 0x06, 0x05, 0x05, 0x05, 0x04, 0x05,
    0x05, 0x04, 0x05, 0x05, 0x05, 0x05, 0x05, 0x05, 0x05, 0x06, 0x04, 0x05, 0x04, 0x04, 0x04, 0x03, 0x04, 0x03, 0x04, 0x04, 0x04, 0x04, 0x04, 0x03,
    0x03, 0x04, 0x26, 0x3B, 0x25, 0x25, 0x3B, 0x3B, 0x31, 0x26, 0x05, 0x04, 0x06, 0x05, 0x06, 0x05, 0x03, 0x04, 0x04, 0x04, 0x04, 0x03, 0x06, 0x05,
    0x03, 0x03, 0x04, 0x04, 0x04, 0x04, 0x04, 0x03, 0x04, 0x03, 0x04, 0x04, 0x04, 0x03, 0x13, 0x15, 0x13, 0x0B, 0x0A, 0x14, 0x05, 0x04, 0x05, 0x05,
    0x04, 0x05, 0x05, 0x05, 0x05, 0x05, 0x05, 0x05, 0x06, 0x04, 0x05, 0x04, 0x04, 0x04, 0x03, 0x04, 0x03, 0x04, 0x04, 0x04, 0x04, 0x04, 0x03, 0x03,
    0x04, 0x04, 0x04, 0x03, 0x04, 0x03, 0x04, 0x04, 0x04, 0x05, 0x04, 0x06, 0x05, 0x06, 0x05, 0x03, 0x04, 0x04, 0x04, 0x04, 0x03, 0x06, 0x00, 0x00,
    0x05, 0x04, 0x05, 0x04, 0x04, 0x05, 0x04, 0x04, 0x03, 0x04, 0x03, 0x03, 0x04, 0x05, 0x04, 0x05, 0x04, 0x05, 0x05, 0x05, 0x05, 0x05, 0x05, 0x05,
    0x05, 0x05, 0x05, 0x04, 0x05, 0x05, 0x05, 0x05, 0x05, 0x04, 0x05, 0x04, 0x05, 0x04, 0x03, 0x03, 0x04, 0x03, 0x04, 0x04, 0x05, 0x04, 0x04, 0x05,
    0x04, 0x04, 0x26, 0x21, 0x16, 0x16, 0x19, 0x04, 0x21, 0x26, 0x04, 0x05, 0x04, 0x05, 0x05, 0x04, 0x05, 0x04, 0x05, 0x04, 0x04, 0x04, 0x06, 0x05,
    0x04, 0x05, 0x04, 0x04, 0x05, 0x04, 0x04, 0x03, 0x04, 0x03, 0x03, 0x04, 0x05, 0x15, 0x1C, 0x1C, 0x1C, 0x1B, 0x13, 0x0B, 0x05, 0x05, 0x05, 0x05,
    0x05, 0x05, 0x04, 0x05, 0x05, 0x05, 0x05, 0x05, 0x04, 0x05, 0x04, 0x05, 0x04, 0x03, 0x03, 0x04, 0x03, 0x04, 0x04, 0x05, 0x04, 0x04, 0x05, 0x04,
    0x04, 0x04, 0x04, 0x03, 0x04, 0x04, 0x03, 0x04, 0x05, 0x04, 0x05, 0x04, 0x05, 0x05, 0x04, 0x05, 0x04, 0x05, 0x04, 0x04, 0x04, 0x06, 0x00, 0x00,
    0x05, 0x04, 0x04, 0x05, 0x04, 0x05, 0x04, 0x04, 0x04, 0x04, 0x03, 0x03, 0x05, 0x04, 0x05, 0x04, 0x05, 0x04, 0x3D, 0x14, 0x01, 0x14, 0x3D, 0x05,
    0x04, 0x05, 0x04, 0x05, 0x05, 0x05, 0x04, 0x05, 0x04, 0x05, 0x04, 0x05, 0x04, 0x05, 0x03, 0x03, 0x04, 0x04, 0x04, 0x04, 0x05, 0x04, 0x05, 0x04,
    0x04, 0x03, 0x27, 0x1B, 0x1C, 0x19, 0x12, 0x04, 0x04, 0x25, 0x05, 0x04, 0x05, 0x04, 0x05, 0x05, 0x04, 0x05, 0x06, 0x05, 0x04, 0x04, 0x06, 0x05,
    0x04, 0x04, 0x05, 0x04, 0x05, 0x04, 0x04, 0x04, 0x04, 0x03, 0x03, 0x05, 0x13, 0x15, 0x1B, 0x11, 0x0A, 0x13, 0x1B, 0x0B, 0x13, 0x05, 0x05, 0x04,
    0x05, 0x04, 0x05, 0x05, 0x05, 0x04, 0x05, 0x04, 0x05, 0x04, 0x05, 0x04, 0x05, 0x03, 0x03, 0x04, 0x04, 0x04, 0x04, 0x05, 0x04, 0x05, 0x04, 0x04,
    0x03, 0x04, 0x04, 0x04, 0x04, 0x03, 0x04, 0x05, 0x04, 0x05, 0x04, 0x05, 0x04, 0x05, 0x05, 0x04, 0x05, 0x06, 0x05, 0x04, 0x04, 0x06, 0x00, 0x00,
    0x05, 0x03, 0x04, 0x04, 0x03, 0x04, 0x04, 0x04, 0x05, 0x05, 0x04, 0x05, 0x04, 0x05, 0x04, 0x05, 0x05, 0x05, 0x05, 0x14, 0x0C, 0x0C, 0x14, 0x05,
    0x05, 0x04, 0x05, 0x04, 0x05, 0x04, 0x04, 0x05, 0x05, 0x05, 0x05, 0x04, 0x05, 0x04, 0x05, 0x04, 0x05, 0x05, 0x04, 0x04, 0x04, 0x03, 0x04, 0x04,
    0x03, 0x04, 0x25, 0x1B, 0x1C, 0x25, 0x19, 0x1B, 0x04, 0x21, 0x04, 0x05, 0x04, 0x05, 0x05, 0x04, 0x05, 0x03, 0x04, 0x06, 0x05, 0x04, 0x06, 0x05,
    0x03, 0x04, 0x04, 0x03, 0x04, 0x04, 0x04, 0x05, 0x05, 0x04, 0x05, 0x04, 0x1B, 0x1C, 0x19, 0x12, 0x14, 0x0D, 0x12, 0x13, 0x1B, 0x05, 0x05, 0x05,
    0x04, 0x05, 0x04, 0x05, 0x04, 0x04, 0x05, 0x05, 0x05, 0x05, 0x04, 0x05, 0x04, 0x05, 0x04, 0x05, 0x05, 0x04, 0x04, 0x04, 0x03, 0x04, 0x04, 0x03,
    0x04, 0x04, 0x04, 0x05, 0x05, 0x04, 0x05, 0x04, 0x05, 0x04, 0x05, 0x04, 0x05, 0x05, 0x04, 0x05, 0x03, 0x04, 0x06, 0x05, 0x04, 0x06, 0x00, 0x00,
    0x05, 0x04, 0x03, 0x03, 0x04, 0x04, 0x03, 0x03, 0x05, 0x06, 0x05, 0x05, 0x05, 0x04, 0x05, 0x04, 0x06, 0x06, 0x06, 0x06, 0x06, 0x06, 0x05, 0x06,
    0x05, 0x05, 0x05, 0x04, 0x04, 0x05, 0x04, 0x05, 0x04, 0x05, 0x04, 0x05, 0x04, 0x05, 0x05, 0x05, 0x06, 0x05, 0x03, 0x03, 0x04, 0x04, 0x03, 0x03,
    0x04, 0x03, 0x21, 0x16, 0x12, 0x1B, 0x12, 0x12, 0x12, 0x21, 0x05, 0x04, 0x03, 0x04, 0x04, 0x05, 0x04, 0x05, 0x04, 0x04, 0x06, 0x05, 0x06, 0x05,
    0x04, 0x03, 0x03, 0x04, 0x04, 0x03, 0x03, 0x05, 0x06, 0x05, 0x05, 0x05, 0x1C, 0x1C, 0x39, 0x21, 0x1C, 0x04, 0x03, 0x19, 0x15, 0x05, 0x05, 0x05,
    0x05, 0x05, 0x04, 0x04, 0x05, 0x04, 0x05, 0x04, 0x05, 0x04, 0x05, 0x04, 0x05, 0x05, 0x05, 0x06, 0x05, 0x03, 0x03, 0x04, 0x04, 0x03, 0x03, 0x04,
    0x03, 0x03, 0x03, 0x05, 0x06, 0x05, 0x05, 0x05, 0x04, 0x05, 0x04, 0x03, 0x04, 0x04, 0x05, 0x04, 0x05, 0x04, 0x04, 0x06, 0x05, 0x06, 0x00, 0x00,
    0x05, 0x04, 0x03, 0x03, 0x04, 0x04, 0x04, 0x05, 0x04, 0x05, 0x04, 0x04, 0x05, 0x05, 0x05, 0x05, 0x3F, 0x32, 0x26, 0x26, 0x26, 0x26, 0x26, 0x26,
    0x05, 0x04, 0x05, 0x05, 0x05, 0x05, 0x05, 0x04, 0x03, 0x04, 0x05, 0x05, 0x05, 0x05, 0x04, 0x04, 0x05, 0x04, 0x05, 0x04, 0x04, 0x04, 0x03, 0x03,
    0x04, 0x04, 0x04, 0x1C, 0x1C, 0x1B, 0x04, 0x16, 0x16, 0x05, 0x04, 0x05, 0x04, 0x03, 0x04, 0x04, 0x05, 0x04, 0x05, 0x04, 0x05, 0x06, 0x06, 0x05,
    0x04, 0x03, 0x03, 0x04, 0x04, 0x04, 0x05, 0x04, 0x05, 0x04, 0x04, 0x05, 0x15, 0x1C, 0x1C, 0x21, 0x15, 0x1C, 0x1C, 0x1B, 0x11, 0x05, 0x04, 0x05,
    0x04, 0x05, 0x05, 0x05, 0x05, 0x05, 0x04, 0x03, 0x04, 0x05, 0x05, 0x05, 0x05, 0x04, 0x04, 0x05, 0x04, 0x05, 0x04, 0x04, 0x04, 0x03, 0x03, 0x04,
    0x04, 0x04, 0x05, 0x04, 0x05, 0x04, 0x04, 0x04, 0x05, 0x04, 0x05, 0x04, 0x03, 0x04, 0x04, 0x05, 0x04, 0x05, 0x04, 0x05, 0x06, 0x06, 0x00, 0x00,
    0x05, 0x04, 0x04, 0x03, 0x04, 0x04, 0x05, 0x04, 0x06, 0x05, 0x04, 0x04, 0x05, 0x05, 0x04, 0x04, 0x05, 0x27, 0x21, 0x1C, 0x1B, 0x1C, 0x21, 0x27,
    0x05, 0x05, 0x04, 0x05, 0x06, 0x05, 0x04, 0x03, 0x04, 0x05, 0x04, 0x04, 0x05, 0x05, 0x04, 0x04, 0x05, 0x06, 0x04, 0x05, 0x04, 0x04, 0x03, 0x04,
    0x04, 0x04, 0x05, 0x21, 0x1C, 0x03, 0x16, 0x1B, 0x1B, 0x04, 0x04, 0x04, 0x03, 0x04, 0x03, 0x04, 0x03, 0x04, 0x05, 0x04, 0x04, 0x05, 0x06, 0x05,
    0x04, 0x04, 0x03, 0x04, 0x04, 0x05, 0x04, 0x06, 0x05, 0x04, 0x04, 0x05, 0x15, 0x16, 0x13, 0x15, 0x0B, 0x03, 0x11, 0x03, 0x11, 0x05, 0x06, 0x05,
    0x05, 0x04, 0x05, 0x06, 0x05, 0x04, 0x03, 0x04, 0x05, 0x04, 0x04, 0x05, 0x05, 0x04, 0x04, 0x05, 0x06, 0x04, 0x05, 0x04, 0x04, 0x03, 0x04, 0x04,
    0x04, 0x05, 0x04, 0x06, 0x05, 0x04, 0x04, 0x05, 0x04, 0x04, 0x04, 0x03, 0x04, 0x03, 0x04, 0x03, 0x04, 0x05, 0x04, 0x04, 0x05, 0x06, 0x00, 0x00,
    0x05, 0x04, 0x03, 0x05, 0x04, 0x05, 0x04, 0x05, 0x05, 0x04, 0x06, 0x05, 0x04, 0x05, 0x05, 0x05, 0x04, 0x21, 0x03, 0x11, 0x14, 0x12, 0x19, 0x3A,
    0x04, 0x05, 0x05, 0x04, 0x04, 0x04, 0x04, 0x04, 0x03, 0x04, 0x05, 0x05, 0x05, 0x04, 0x05, 0x06, 0x04, 0x05, 0x05, 0x04, 0x05, 0x04, 0x05, 0x03,
    0x04, 0x03, 0x04, 0x21, 0x21, 0x03, 0x16, 0x03, 0x1B, 0x05, 0x04, 0x05, 0x04, 0x03, 0x04, 0x03, 0x04, 0x04, 0x05, 0x06, 0x04, 0x04, 0x06, 0x05,
    0x04, 0x03, 0x05, 0x04, 0x05, 0x04, 0x05, 0x05, 0x04, 0x06, 0x05, 0x04, 0x1B, 0x21, 0x13, 0x1B, 0x1C, 0x13, 0x13, 0x1B, 0x1B, 0x05, 0x06, 0x04,
    0x05, 0x05, 0x04, 0x04, 0x04, 0x04, 0x04, 0x03, 0x04, 0x05, 0x05, 0x05, 0x04, 0x05, 0x06, 0x04, 0x05, 0x05, 0x04, 0x05, 0x04, 0x05, 0x03, 0x32,
    0x02, 0x2D, 0x03, 0x02, 0x04, 0x06, 0x05, 0x04, 0x05, 0x04, 0x05, 0x04, 0x03, 0x04, 0x03, 0x04, 0x04, 0x05, 0x06, 0x04, 0x04, 0x06, 0x00, 0x00,
    0x05, 0x03, 0x04, 0x04, 0x04, 0x04, 0x04, 0x04, 0x04, 0x04, 0x04, 0x04, 0x04, 0x05, 0x05, 0x04, 0x3B, 0x1B, 0x3A, 0x1B, 0x16, 0x3A, 0x20, 0x1C,
    0x12, 0x05, 0x04, 0x05, 0x05, 0x05, 0x05, 0x05, 0x04, 0x04, 0x04, 0x05, 0x05, 0x04, 0x04, 0x04, 0x04, 0x04, 0x04, 0x04, 0x04, 0x04, 0x04, 0x04,
    0x03, 0x03, 0x27, 0x21, 0x21, 0x21, 0x03, 0x21, 0x21, 0x27, 0x05, 0x04, 0x04, 0x04, 0x03, 0x04, 0x05, 0x05, 0x05, 0x04, 0x04, 0x05, 0x06, 0x05,
    0x03, 0x04, 0x04, 0x04, 0x04, 0x04, 0x04, 0x04, 0x04, 0x04, 0x04, 0x04, 0x1B, 0x1B, 0x1C, 0x25, 0x1B, 0x1B, 0x19, 0x1B, 0x1C, 0x04, 0x05, 0x05,
    0x05, 0x04, 0x05, 0x05, 0x05, 0x05, 0x05, 0x04, 0x04, 0x04, 0x05, 0x05, 0x04, 0x04, 0x04, 0x04, 0x04, 0x04, 0x04, 0x04, 0x04, 0x04, 0x32, 0x32,
    0x39, 0x32, 0x32, 0x30, 0x01, 0x04, 0x04, 0x04, 0x04, 0x05, 0x04, 0x04, 0x04, 0x03, 0x04, 0x05, 0x05, 0x05, 0x04, 0x04, 0x05, 0x06, 0x00, 0x00,
    0x05, 0x03, 0x03, 0x03, 0x03, 0x03, 0x04, 0x03, 0x04, 0x04, 0x04, 0x04, 0x04, 0x04, 0x04, 0x04, 0x1C, 0x20, 0x19, 0x1C, 0x12, 0x12, 0x14, 0x16,
    0x05, 0x05, 0x05, 0x04, 0x06, 0x04, 0x04, 0x04, 0x04, 0x04, 0x04, 0x04, 0x04, 0x04, 0x04, 0x04, 0x04, 0x04, 0x03, 0x04, 0x03, 0x03, 0x31, 0x32,
    0x32, 0x32, 0x32, 0x1B, 0x1C, 0x1C, 0x03, 0x19, 0x21, 0x26, 0x32, 0x31, 0x3B, 0x04, 0x04, 0x04, 0x05, 0x04, 0x04, 0x05, 0x04, 0x04, 0x06, 0x05,
    0x03, 0x03, 0x03, 0x03, 0x03, 0x04, 0x03, 0x04, 0x04, 0x04, 0x04, 0x04, 0x1C, 0x1C, 0x1B, 0x1B, 0x13, 0x13, 0x1B, 0x1B, 0x1C, 0x04, 0x04, 0x05,
    0x05, 0x05, 0x04, 0x06, 0x04, 0x04, 0x04, 0x04, 0x04, 0x04, 0x04, 0x04, 0x04, 0x04, 0x04, 0x04, 0x04, 0x03, 0x04, 0x03, 0x03, 0x03, 0x32, 0x32,
    0x32, 0x32, 0x3B, 0x3B, 0x32, 0x19, 0x04, 0x03, 0x04, 0x04, 0x04, 0x03, 0x04, 0x04, 0x04, 0x05, 0x04, 0x04, 0x05, 0x04, 0x04, 0x06, 0x00, 0x00,
    0x05, 0x04, 0x03, 0x03, 0x03, 0x04, 0x03, 0x04, 0x03, 0x04, 0x04, 0x04, 0x04, 0x05, 0x05, 0x05, 0x05, 0x20, 0x16, 0x21, 0x19, 0x12, 0x14, 0x19,
    0x04, 0x04, 0x05, 0x05, 0x05, 0x05, 0x04, 0x05, 0x05, 0x05, 0x05, 0x05, 0x05, 0x04, 0x04, 0x04, 0x04, 0x03, 0x04, 0x03, 0x32, 0x32, 0x31, 0x31,
    0x30, 0x31, 0x32, 0x3B, 0x21, 0x04, 0x03, 0x04, 0x3B, 0x32, 0x31, 0x31, 0x31, 0x31, 0x31, 0x04, 0x04, 0x04, 0x05, 0x04, 0x04, 0x05, 0x06, 0x05,
    0x04, 0x03, 0x03, 0x03, 0x04, 0x03, 0x04, 0x03, 0x04, 0x04, 0x04, 0x04, 0x1C, 0x1B, 0x21, 0x1C, 0x1B, 0x13, 0x13, 0x1B, 0x1C, 0x05, 0x04, 0x04,
    0x04, 0x05, 0x05, 0x05, 0x05, 0x04, 0x05, 0x05, 0x05, 0x05, 0x05, 0x05, 0x04, 0x04, 0x04, 0x04, 0x03, 0x04, 0x03, 0x04, 0x03, 0x03, 0x32, 0x3B,
    0x21, 0x32, 0x3B, 0x31, 0x3A, 0x31, 0x03, 0x04, 0x05, 0x04, 0x04, 0x04, 0x05, 0x03, 0x04, 0x04, 0x04, 0x05, 0x04, 0x04, 0x05, 0x06, 0x00, 0x00,
    0x05, 0x03, 0x04, 0x03, 0x04, 0x05, 0x04, 0x04, 0x04, 0x04, 0x04, 0x03, 0x05, 0x04, 0x05, 0x05, 0x04, 0x05, 0x04, 0x21, 0x1C, 0x1C, 0x12, 0x1C,
    0x05, 0x04, 0x04, 0x04, 0x04, 0x04, 0x04, 0x05, 0x05, 0x04, 0x05, 0x05, 0x04, 0x05, 0x03, 0x04, 0x04, 0x04, 0x04, 0x26, 0x31, 0x31, 0x31, 0x31,
    0x31, 0x31, 0x32, 0x26, 0x27, 0x32, 0x3B, 0x27, 0x26, 0x32, 0x31, 0x31, 0x31, 0x32, 0x32, 0x26, 0x04, 0x05, 0x04, 0x03, 0x05, 0x04, 0x06, 0x05,
    0x03, 0x04, 0x03, 0x04, 0x05, 0x04, 0x04, 0x04, 0x04, 0x04, 0x2A, 0x2C, 0x04, 0x1B, 0x1B, 0x1C, 0x1B, 0x13, 0x1B, 0x1C, 0x1B, 0x2A, 0x03, 0x05,
    0x04, 0x04, 0x04, 0x04, 0x04, 0x04, 0x05, 0x05, 0x04, 0x05, 0x05, 0x04, 0x05, 0x03, 0x04, 0x04, 0x04, 0x04, 0x04, 0x05, 0x04, 0x32, 0x31, 0x3B,
    0x13, 0x12, 0x13, 0x03, 0x21, 0x32, 0x3B, 0x05, 0x04, 0x05, 0x04, 0x04, 0x04, 0x04, 0x05, 0x04, 0x05, 0x04, 0x03, 0x05, 0x04, 0x06, 0x00, 0x00,
    0x05, 0x04, 0x05, 0x04, 0x04, 0x04, 0x04, 0x04, 0x03, 0x05, 0x03, 0x05, 0x04, 0x05, 0x04, 0x02, 0x29, 0x01, 0x1B, 0x04, 0x03, 0x16, 0x03, 0x19,
    0x04, 0x04, 0x03, 0x05, 0x04, 0x05, 0x05, 0x06, 0x05, 0x05, 0x05, 0x04, 0x05, 0x04, 0x05, 0x03, 0x05, 0x03, 0x26, 0x3B, 0x31, 0x31, 0x31, 0x32,
    0x26, 0x26, 0x32, 0x3B, 0x3B, 0x31, 0x31, 0x31, 0x31, 0x31, 0x31, 0x31, 0x31, 0x26, 0x26, 0x26, 0x27, 0x04, 0x05, 0x04, 0x04, 0x05, 0x06, 0x05,
    0x04, 0x05, 0x04, 0x04, 0x04, 0x04, 0x04, 0x03, 0x2A, 0x15, 0x15, 0x15, 0x19, 0x39, 0x1B, 0x1B, 0x1C, 0x1B, 0x1C, 0x1C, 0x15, 0x15, 0x2A, 0x2C,
    0x2A, 0x03, 0x05, 0x04, 0x05, 0x05, 0x06, 0x05, 0x05, 0x05, 0x04, 0x05, 0x04, 0x05, 0x03, 0x05, 0x03, 0x04, 0x04, 0x04, 0x04, 0x1B, 0x32, 0x20,
    0x1C, 0x25, 0x16, 0x3B, 0x3A, 0x3B, 0x05, 0x04, 0x04, 0x04, 0x04, 0x04, 0x05, 0x04, 0x04, 0x04, 0x04, 0x05, 0x04, 0x04, 0x05, 0x06, 0x00, 0x00,
    0x05, 0x04, 0x05, 0x05, 0x04, 0x04, 0x05, 0x04, 0x04, 0x05, 0x05, 0x02, 0x0C, 0x29, 0x29, 0x0C, 0x01, 0x14, 0x21, 0x1C, 0x04, 0x1B, 0x04, 0x04,
    0x09, 0x38, 0x01, 0x02, 0x04, 0x05, 0x05, 0x05, 0x05, 0x05, 0x05, 0x05, 0x05, 0x04, 0x05, 0x05, 0x05, 0x26, 0x26, 0x31, 0x31, 0x31, 0x31, 0x3B,
    0x25, 0x04, 0x26, 0x3B, 0x31, 0x30, 0x30, 0x31, 0x31, 0x31, 0x3B, 0x31, 0x31, 0x3B, 0x32, 0x26, 0x3B, 0x05, 0x04, 0x05, 0x04, 0x05, 0x06, 0x05,
    0x04, 0x05, 0x05, 0x04, 0x04, 0x05, 0x04, 0x2A, 0x15, 0x15, 0x0A, 0x0A, 0x15, 0x04, 0x21, 0x1B, 0x1B, 0x1C, 0x1C, 0x1C, 0x15, 0x15, 0x15, 0x15,
    0x2C, 0x2A, 0x03, 0x04, 0x05, 0x05, 0x05, 0x05, 0x05, 0x05, 0x05, 0x05, 0x04, 0x05, 0x05, 0x05, 0x04, 0x04, 0x05, 0x04, 0x04, 0x05, 0x22, 0x16,
    0x13, 0x24, 0x0A, 0x1C, 0x06, 0x1C, 0x04, 0x05, 0x04, 0x04, 0x04, 0x04, 0x04, 0x04, 0x04, 0x04, 0x05, 0x04, 0x05, 0x04, 0x05, 0x06, 0x00, 0x00,
    0x05, 0x04, 0x04, 0x04, 0x04, 0x04, 0x04, 0x05, 0x06, 0x05, 0x0C, 0x09, 0x08, 0x08, 0x09, 0x08, 0x0C, 0x01, 0x20, 0x1C, 0x1C, 0x04, 0x19, 0x14,
    0x08, 0x37, 0x08, 0x08, 0x0C, 0x05, 0x05, 0x05, 0x05, 0x05, 0x05, 0x05, 0x05, 0x05, 0x05, 0x05, 0x26, 0x32, 0x32, 0x3B, 0x31, 0x3B, 0x32, 0x26,
    0x16, 0x14, 0x26, 0x06, 0x2B, 0x08, 0x04, 0x2D, 0x04, 0x01, 0x2B, 0x32, 0x31, 0x31, 0x32, 0x32, 0x32, 0x32, 0x04, 0x04, 0x04, 0x05, 0x06, 0x05,
    0x04, 0x04, 0x04, 0x04, 0x04, 0x04, 0x2A, 0x2A, 0x15, 0x15, 0x15, 0x15, 0x15, 0x2A, 0x2A, 0x2C, 0x1B, 0x1C, 0x1C, 0x16, 0x15, 0x15, 0x15, 0x0A,
    0x15, 0x2A, 0x2A, 0x04, 0x05, 0x05, 0x05, 0x05, 0x05, 0x05, 0x05, 0x05, 0x05, 0x05, 0x05, 0x05, 0x06, 0x05, 0x04, 0x04, 0x04, 0x04, 0x25, 0x1C,
    0x14, 0x3B, 0x01, 0x12, 0x21, 0x04, 0x05, 0x04, 0x05, 0x04, 0x05, 0x04, 0x05, 0x05, 0x04, 0x05, 0x04, 0x04, 0x04, 0x04, 0x05, 0x06, 0x00, 0x00,
    0x05, 0x04, 0x03, 0x04, 0x05, 0x04, 0x04, 0x04, 0x04, 0x02, 0x29, 0x37, 0x08, 0x08, 0x09, 0x08, 0x29, 0x29, 0x02, 0x1B, 0x1B, 0x20, 0x1C, 0x29,
    0x08, 0x37, 0x37, 0x37, 0x29, 0x02, 0x04, 0x06, 0x05, 0x05, 0x06, 0x04, 0x05, 0x04, 0x05, 0x04, 0x26, 0x31, 0x32, 0x3B, 0x31, 0x3B, 0x26, 0x06,
    0x16, 0x02, 0x06, 0x2B, 0x06, 0x08, 0x25, 0x24, 0x2B, 0x08, 0x38, 0x26, 0x26, 0x3B, 0x32, 0x26, 0x3B, 0x3B, 0x32, 0x06, 0x05, 0x05, 0x06, 0x05,
    0x04, 0x03, 0x04, 0x05, 0x04, 0x04, 0x2A, 0x2A, 0x2A, 0x15, 0x15, 0x15, 0x2A, 0x15, 0x2A, 0x2C, 0x1C, 0x2D, 0x2C, 0x15, 0x15, 0x2A, 0x2A, 0x15,
    0x2A, 0x2A, 0x2A, 0x2A, 0x05, 0x04, 0x06, 0x05, 0x05, 0x06, 0x04, 0x05, 0x04, 0x05, 0x04, 0x04, 0x04, 0x04, 0x04, 0x04, 0x05, 0x04, 0x03, 0x21,
    0x14, 0x22, 0x19, 0x12, 0x3B, 0x04, 0x05, 0x04, 0x04, 0x04, 0x04, 0x05, 0x05, 0x03, 0x04, 0x05, 0x05, 0x05, 0x06, 0x05, 0x05, 0x06, 0x00, 0x00,
    0x05, 0x03, 0x03, 0x03, 0x04, 0x03, 0x04, 0x03, 0x04, 0x38, 0x09, 0x08, 0x08, 0x08, 0x08, 0x09, 0x08, 0x29, 0x38, 0x01, 0x02, 0x02, 0x29, 0x08,
    0x08, 0x08, 0x08, 0x08, 0x08, 0x38, 0x14, 0x05, 0x04, 0x06, 0x04, 0x05, 0x04, 0x04, 0x04, 0x26, 0x32, 0x31, 0x32, 0x32, 0x3B, 0x32, 0x32, 0x05,
    0x01, 0x02, 0x24, 0x03, 0x14, 0x09, 0x08, 0x02, 0x09, 0x09, 0x09, 0x06, 0x25, 0x27, 0x32, 0x26, 0x3B, 0x3B, 0x31, 0x32, 0x04, 0x05, 0x06, 0x05,
    0x03, 0x03, 0x03, 0x04, 0x03, 0x2A, 0x2A, 0x2A, 0x2A, 0x2A, 0x2A, 0x2A, 0x2C, 0x2A, 0x32, 0x32, 0x2A, 0x30, 0x2C, 0x2D, 0x2C, 0x2A, 0x2A, 0x2A,
    0x2A, 0x2A, 0x2A, 0x2A, 0x2A, 0x05, 0x05, 0x04, 0x06, 0x04, 0x05, 0x04, 0x04, 0x04, 0x05, 0x04, 0x04, 0x03, 0x04, 0x03, 0x04, 0x31, 0x03, 0x21,
    0x1C, 0x16, 0x11, 0x16, 0x32, 0x32, 0x32, 0x31, 0x04, 0x05, 0x04, 0x06, 0x04, 0x05, 0x04, 0x05, 0x04, 0x04, 0x04, 0x04, 0x05, 0x06, 0x00, 0x00,
    0x05, 0x03, 0x03, 0x03, 0x03, 0x04, 0x03, 0x04, 0x0C, 0x08, 0x08, 0x08, 0x08, 0x08, 0x08, 0x09, 0x09, 0x08, 0x08, 0x29, 0x08, 0x08, 0x08, 0x08,
    0x08, 0x08, 0x08, 0x08, 0x08, 0x08, 0x01, 0x14, 0x05, 0x04, 0x04, 0x04, 0x04, 0x05, 0x26, 0x32, 0x31, 0x31, 0x31, 0x26, 0x26, 0x03, 0x27, 0x06,
    0x01, 0x04, 0x26, 0x2B, 0x01, 0x09, 0x09, 0x37, 0x08, 0x09, 0x08, 0x04, 0x04, 0x05, 0x05, 0x27, 0x32, 0x31, 0x31, 0x32, 0x05, 0x05, 0x06, 0x05,
    0x03, 0x03, 0x03, 0x03, 0x2A, 0x2A, 0x2A, 0x2A, 0x2A, 0x2A, 0x2A, 0x2A, 0x2C, 0x30, 0x32, 0x31, 0x06, 0x06, 0x3A, 0x3A, 0x2A, 0x2A, 0x2A, 0x2A,
    0x2A, 0x2A, 0x2A, 0x2A, 0x2A, 0x2C, 0x05, 0x05, 0x04, 0x04, 0x04, 0x04, 0x05, 0x05, 0x05, 0x05, 0x05, 0x04, 0x32, 0x3B, 0x3B, 0x32, 0x16, 0x1C,
    0x20, 0x25, 0x22, 0x14, 0x32, 0x31, 0x31, 0x31, 0x31, 0x31, 0x3B, 0x04, 0x05, 0x05, 0x05, 0x05, 0x04, 0x05, 0x05, 0x05, 0x05, 0x06, 0x00, 0x00,
    0x05, 0x04, 0x03, 0x03, 0x03, 0x03, 0x04, 0x0C, 0x29, 0x08, 0x29, 0x08, 0x08, 0x08, 0x08, 0x29, 0x14, 0x01, 0x02, 0x29, 0x08, 0x08, 0x08, 0x08,
    0x08, 0x08, 0x08, 0x08, 0x08, 0x08, 0x08, 0x02, 0x04, 0x04, 0x05, 0x04, 0x05, 0x26, 0x26, 0x32, 0x31, 0x31, 0x32, 0x26, 0x03, 0x03, 0x27, 0x05,
    0x02, 0x06, 0x31, 0x14, 0x06, 0x02, 0x01, 0x09, 0x09, 0x38, 0x06, 0x05, 0x04, 0x04, 0x04, 0x04, 0x32, 0x26, 0x32, 0x27, 0x3B, 0x05, 0x06, 0x05,
    0x04, 0x03, 0x03, 0x15, 0x15, 0x2A, 0x15, 0x2A, 0x2A, 0x2A, 0x2A, 0x2D, 0x2C, 0x32, 0x32, 0x31, 0x2C, 0x2D, 0x3A, 0x31, 0x2D, 0x2A, 0x2A, 0x2C,
    0x2A, 0x2A, 0x15, 0x2A, 0x2A, 0x2A, 0x2C, 0x04, 0x04, 0x05, 0x04, 0x05, 0x04, 0x05, 0x04, 0x05, 0x03, 0x32, 0x31, 0x31, 0x30, 0x32, 0x1C, 0x0D,
    0x11, 0x16, 0x19, 0x32, 0x31, 0x31, 0x32, 0x32, 0x32, 0x31, 0x31, 0x31, 0x32, 0x04, 0x04, 0x04, 0x04, 0x04, 0x05, 0x05, 0x05, 0x06, 0x00, 0x00,
    0x05, 0x03, 0x04, 0x05, 0x04, 0x03, 0x02, 0x38, 0x29, 0x08, 0x08, 0x08, 0x38, 0x08, 0x01, 0x3D, 0x1C, 0x1B, 0x1C, 0x21, 0x03, 0x02, 0x01, 0x29,
    0x08, 0x08, 0x08, 0x08, 0x08, 0x2D, 0x39, 0x2D, 0x14, 0x04, 0x05, 0x04, 0x05, 0x04, 0x21, 0x31, 0x3B, 0x32, 0x32, 0x04, 0x03, 0x04, 0x27, 0x06,
    0x16, 0x25, 0x30, 0x26, 0x2B, 0x0C, 0x01, 0x08, 0x01, 0x25, 0x26, 0x26, 0x27, 0x06, 0x05, 0x04, 0x32, 0x27, 0x25, 0x21, 0x21, 0x05, 0x06, 0x05,
    0x03, 0x04, 0x05, 0x2A, 0x2A, 0x2A, 0x15, 0x2A, 0x2C, 0x2A, 0x2C, 0x2A, 0x2C, 0x26, 0x31, 0x2D, 0x2D, 0x06, 0x3A, 0x32, 0x3A, 0x2A, 0x2A, 0x2C,
    0x2C, 0x2A, 0x15, 0x2A, 0x2A, 0x2A, 0x04, 0x04, 0x04, 0x05, 0x04, 0x05, 0x04, 0x04, 0x04, 0x05, 0x32, 0x31, 0x31, 0x31, 0x30, 0x31, 0x32, 0x3A,
    0x3A, 0x30, 0x3B, 0x32, 0x31, 0x32, 0x32, 0x32, 0x32, 0x31, 0x31, 0x31, 0x31, 0x32, 0x26, 0x05, 0x04, 0x05, 0x04, 0x05, 0x05, 0x06, 0x00, 0x00,
    0x05, 0x04, 0x05, 0x04, 0x04, 0x04, 0x38, 0x09, 0x29, 0x08, 0x08, 0x29, 0x0C, 0x01, 0x2B, 0x2B, 0x03, 0x14, 0x02, 0x2B, 0x14, 0x03, 0x1C, 0x1B,
    0x14, 0x01, 0x01, 0x1C, 0x03, 0x25, 0x3A, 0x04, 0x25, 0x06, 0x05, 0x04, 0x05, 0x21, 0x1C, 0x1C, 0x21, 0x03, 0x05, 0x03, 0x04, 0x04, 0x3B, 0x24,
    0x02, 0x31, 0x26, 0x31, 0x02, 0x08, 0x08, 0x08, 0x06, 0x04, 0x30, 0x31, 0x32, 0x30, 0x06, 0x06, 0x06, 0x21, 0x04, 0x19, 0x20, 0x05, 0x06, 0x05,
    0x04, 0x05, 0x04, 0x04, 0x2C, 0x2C, 0x2C, 0x2A, 0x06, 0x2A, 0x2A, 0x2A, 0x2C, 0x31, 0x32, 0x31, 0x25, 0x2C, 0x3A, 0x32, 0x3A, 0x2A, 0x2A, 0x2C,
    0x2D, 0x2A, 0x2A, 0x2A, 0x2C, 0x04, 0x04, 0x05, 0x05, 0x05, 0x04, 0x05, 0x04, 0x05, 0x04, 0x32, 0x31, 0x32, 0x31, 0x32, 0x31, 0x31, 0x31, 0x31,
    0x31, 0x31, 0x31, 0x31, 0x31, 0x31, 0x31, 0x32, 0x31, 0x3B, 0x3B, 0x3B, 0x31, 0x31, 0x31, 0x31, 0x32, 0x03, 0x04, 0x03, 0x05, 0x06, 0x00, 0x00,
    0x05, 0x05, 0x05, 0x03, 0x05, 0x29, 0x08, 0x09, 0x08, 0x08, 0x08, 0x29, 0x01, 0x14, 0x14, 0x01, 0x38, 0x0C, 0x0C, 0x01, 0x02, 0x01, 0x02, 0x14,
    0x06, 0x06, 0x05, 0x1C, 0x21, 0x3B, 0x25, 0x3A, 0x3A, 0x1C, 0x04, 0x05, 0x04, 0x25, 0x19, 0x03, 0x1B, 0x04, 0x04, 0x05, 0x04, 0x05, 0x32, 0x31,
    0x14, 0x3A, 0x26, 0x27, 0x31, 0x06, 0x04, 0x06, 0x04, 0x04, 0x05, 0x06, 0x3A, 0x31, 0x32, 0x31, 0x31, 0x31, 0x31, 0x06, 0x06, 0x03, 0x06, 0x05,
    0x05, 0x05, 0x03, 0x12, 0x0B, 0x13, 0x13, 0x06, 0x06, 0x2C, 0x2A, 0x2A, 0x2D, 0x3A, 0x32, 0x31, 0x25, 0x06, 0x2D, 0x31, 0x3A, 0x2A, 0x2A, 0x2C,
    0x06, 0x15, 0x0A, 0x0C, 0x0A, 0x05, 0x04, 0x04, 0x05, 0x04, 0x05, 0x04, 0x05, 0x05, 0x32, 0x32, 0x3B, 0x32, 0x31, 0x05, 0x27, 0x32, 0x32, 0x27,
    0x27, 0x05, 0x05, 0x06, 0x05, 0x05, 0x32, 0x32, 0x32, 0x31, 0x32, 0x3B, 0x31, 0x32, 0x31, 0x32, 0x31, 0x32, 0x1B, 0x04, 0x03, 0x06, 0x00, 0x00,
    0x05, 0x04, 0x03, 0x05, 0x03, 0x04, 0x01, 0x08, 0x08, 0x08, 0x08, 0x0C, 0x02, 0x01, 0x08, 0x08, 0x08, 0x08, 0x0C, 0x02, 0x01, 0x29, 0x08, 0x08,
    0x29, 0x01, 0x39, 0x1C, 0x1C, 0x03, 0x15, 0x21, 0x31, 0x3A, 0x39, 0x04, 0x03, 0x25, 0x1C, 0x16, 0x1C, 0x04, 0x04, 0x05, 0x04, 0x03, 0x05, 0x2D,
    0x01, 0x2B, 0x26, 0x3B, 0x32, 0x27, 0x27, 0x26, 0x16, 0x0C, 0x2D, 0x31, 0x31, 0x27, 0x32, 0x3B, 0x31, 0x3B, 0x31, 0x31, 0x06, 0x04, 0x06, 0x05,
    0x04, 0x03, 0x05, 0x14, 0x0A, 0x0B, 0x13, 0x06, 0x06, 0x2C, 0x2A, 0x2A, 0x2A, 0x2C, 0x32, 0x31, 0x24, 0x31, 0x31, 0x32, 0x3A, 0x2D, 0x2A, 0x2A,
    0x06, 0x06, 0x0A, 0x0A, 0x0A, 0x11, 0x04, 0x04, 0x04, 0x05, 0x04, 0x03, 0x04, 0x04, 0x32, 0x32, 0x32, 0x32, 0x32, 0x05, 0x27, 0x27, 0x27, 0x05,
    0x05, 0x05, 0x06, 0x27, 0x05, 0x05, 0x32, 0x32, 0x32, 0x31, 0x32, 0x31, 0x31, 0x32, 0x31, 0x31, 0x31, 0x21, 0x1C, 0x1B, 0x04, 0x06, 0x00, 0x00,
    0x05, 0x04, 0x05, 0x04, 0x05, 0x04, 0x21, 0x19, 0x0D, 0x29, 0x08, 0x14, 0x02, 0x02, 0x01, 0x02, 0x01, 0x0C, 0x02, 0x2B, 0x1B, 0x14, 0x08, 0x02,
    0x01, 0x06, 0x3B, 0x15, 0x0D, 0x0D, 0x0A, 0x12, 0x21, 0x27, 0x27, 0x3D, 0x05, 0x04, 0x21, 0x16, 0x15, 0x04, 0x03, 0x04, 0x04, 0x05, 0x26, 0x2B,
    0x38, 0x06, 0x26, 0x31, 0x2B, 0x02, 0x01, 0x38, 0x37, 0x01, 0x06, 0x3B, 0x31, 0x32, 0x31, 0x31, 0x26, 0x32, 0x32, 0x3B, 0x3B, 0x06, 0x06, 0x05,
    0x04, 0x05, 0x06, 0x0D, 0x0B, 0x0B, 0x31, 0x32, 0x06, 0x2C, 0x2C, 0x2A, 0x2C, 0x2C, 0x3B, 0x31, 0x31, 0x06, 0x3A, 0x30, 0x30, 0x2D, 0x2A, 0x2A,
    0x30, 0x06, 0x06, 0x0A, 0x0A, 0x11, 0x04, 0x04, 0x05, 0x04, 0x04, 0x05, 0x04, 0x32, 0x32, 0x31, 0x32, 0x32, 0x32, 0x05, 0x05, 0x05, 0x05, 0x05,
    0x05, 0x06, 0x05, 0x05, 0x05, 0x05, 0x32, 0x32, 0x32, 0x32, 0x32, 0x32, 0x31, 0x31, 0x32, 0x32, 0x32, 0x1C, 0x12, 0x1C, 0x05, 0x06, 0x00, 0x00,
    0x05, 0x05, 0x04, 0x06, 0x04, 0x05, 0x20, 0x12, 0x14, 0x12, 0x12, 0x3A, 0x01, 0x14, 0x14, 0x02, 0x02, 0x01, 0x02, 0x11, 0x11, 0x14, 0x38, 0x2B,
    0x02, 0x31, 0x3B, 0x11, 0x0D, 0x0D, 0x0A, 0x11, 0x1C, 0x3B, 0x32, 0x05, 0x04, 0x05, 0x24, 0x1C, 0x16, 0x05, 0x04, 0x04, 0x05, 0x26, 0x32, 0x3B,
    0x06, 0x27, 0x32, 0x26, 0x06, 0x08, 0x09, 0x38, 0x2B, 0x06, 0x3B, 0x32, 0x27, 0x3B, 0x3A, 0x31, 0x31, 0x31, 0x32, 0x32, 0x32, 0x31, 0x06, 0x05,
    0x05, 0x04, 0x3A, 0x11, 0x0D, 0x13, 0x06, 0x26, 0x2C, 0x2A, 0x2A, 0x2A, 0x2C, 0x32, 0x32, 0x06, 0x3A, 0x2D, 0x06, 0x30, 0x32, 0x31, 0x2A, 0x2A,
    0x30, 0x06, 0x06, 0x11, 0x0D, 0x12, 0x04, 0x05, 0x04, 0x04, 0x05, 0x04, 0x32, 0x32, 0x31, 0x32, 0x32, 0x31, 0x32, 0x05, 0x05, 0x05, 0x27, 0x05,
    0x05, 0x05, 0x05, 0x05, 0x05, 0x05, 0x27, 0x3B, 0x04, 0x05, 0x04, 0x04, 0x05, 0x32, 0x32, 0x32, 0x21, 0x16, 0x12, 0x1C, 0x06, 0x06, 0x00, 0x00,
    0x05, 0x04, 0x06, 0x05, 0x05, 0x1F, 0x19, 0x12, 0x14, 0x12, 0x2B, 0x24, 0x14, 0x02, 0x2B, 0x14, 0x02, 0x0C, 0x01, 0x02, 0x01, 0x06, 0x30, 0x06,
    0x2D, 0x3A, 0x15, 0x02, 0x39, 0x1C, 0x1C, 0x3A, 0x21, 0x20, 0x25, 0x06, 0x06, 0x05, 0x04, 0x21, 0x19, 0x1B, 0x1B, 0x26, 0x3B, 0x3B, 0x3B, 0x26,
    0x26, 0x32, 0x31, 0x31, 0x32, 0x30, 0x05, 0x26, 0x3B, 0x06, 0x32, 0x32, 0x3B, 0x3A, 0x25, 0x1C, 0x3A, 0x3A, 0x27, 0x32, 0x32, 0x32, 0x06, 0x05,
    0x04, 0x06, 0x25, 0x12, 0x14, 0x13, 0x22, 0x26, 0x2C, 0x2A, 0x2A, 0x15, 0x2D, 0x32, 0x32, 0x06, 0x2D, 0x06, 0x2C, 0x06, 0x30, 0x30, 0x2A, 0x2C,
    0x32, 0x3B, 0x06, 0x0D, 0x14, 0x03, 0x05, 0x05, 0x05, 0x05, 0x05, 0x32, 0x32, 0x31, 0x31, 0x31, 0x32, 0x32, 0x3B, 0x05, 0x05, 0x27, 0x27, 0x05,
    0x05, 0x05, 0x05, 0x05, 0x05, 0x27, 0x05, 0x32, 0x06, 0x05, 0x05, 0x05, 0x05, 0x05, 0x04, 0x05, 0x1C, 0x12, 0x12, 0x1B, 0x05, 0x06, 0x00, 0x00,
    0x04, 0x05, 0x05, 0x05, 0x05, 0x1F, 0x19, 0x12, 0x12, 0x19, 0x03, 0x3A, 0x02, 0x01, 0x05, 0x03, 0x2B, 0x14, 0x02, 0x01, 0x06, 0x02, 0x02, 0x05,
    0x2B, 0x21, 0x0A, 0x0D, 0x15, 0x04, 0x1C, 0x1C, 0x15, 0x15, 0x15, 0x31, 0x05, 0x05, 0x06, 0x05, 0x1C, 0x0B, 0x0B, 0x0B, 0x0B, 0x13, 0x13, 0x12,
    0x03, 0x25, 0x26, 0x32, 0x31, 0x32, 0x26, 0x32, 0x32, 0x30, 0x32, 0x27, 0x21, 0x25, 0x25, 0x15, 0x3B, 0x3B, 0x21, 0x06, 0x32, 0x32, 0x06, 0x04,
    0x05, 0x05, 0x25, 0x16, 0x11, 0x11, 0x22, 0x26, 0x2D, 0x2C, 0x2A, 0x2A, 0x3A, 0x2D, 0x2C, 0x2C, 0x2C, 0x2A, 0x2A, 0x2A, 0x2C, 0x2C, 0x2A, 0x2D,
    0x31, 0x3B, 0x03, 0x14, 0x12, 0x03, 0x05, 0x05, 0x05, 0x05, 0x05, 0x3B, 0x31, 0x3B, 0x31, 0x31, 0x32, 0x32, 0x32, 0x06, 0x05, 0x06, 0x05, 0x27,
    0x05, 0x06, 0x05, 0x05, 0x27, 0x27, 0x05, 0x32, 0x3B, 0x06, 0x05, 0x06, 0x05, 0x05, 0x05, 0x05, 0x1C, 0x12, 0x12, 0x21, 0x06, 0x06, 0x00, 0x00,
    0x05, 0x04, 0x05, 0x05, 0x05, 0x1B, 0x19, 0x13, 0x13, 0x19, 0x03, 0x03, 0x01, 0x38, 0x01, 0x38, 0x0C, 0x02, 0x2B, 0x11, 0x16, 0x0C, 0x0C, 0x02,
    0x2B, 0x31, 0x1C, 0x11, 0x12, 0x15, 0x02, 0x19, 0x15, 0x39, 0x31, 0x3F, 0x06, 0x06, 0x05, 0x05, 0x13, 0x0A, 0x0A, 0x0A, 0x0B, 0x0A, 0x0A, 0x0A,
    0x0A, 0x0B, 0x03, 0x26, 0x32, 0x32, 0x32, 0x32, 0x27, 0x06, 0x32, 0x3B, 0x13, 0x0D, 0x15, 0x11, 0x20, 0x19, 0x14, 0x06, 0x32, 0x31, 0x06, 0x05,
    0x04, 0x05, 0x05, 0x1C, 0x12, 0x12, 0x03, 0x26, 0x30, 0x2C, 0x2C, 0x2C, 0x2A, 0x2A, 0x2A, 0x2A, 0x2A, 0x2A, 0x2A, 0x2A, 0x2A, 0x2A, 0x2C, 0x2C,
    0x3B, 0x06, 0x14, 0x11, 0x03, 0x06, 0x06, 0x05, 0x05, 0x05, 0x1B, 0x1B, 0x1B, 0x31, 0x32, 0x31, 0x3B, 0x32, 0x27, 0x27, 0x06, 0x27, 0x27, 0x05,
    0x05, 0x05, 0x05, 0x27, 0x27, 0x06, 0x32, 0x32, 0x06, 0x05, 0x06, 0x05, 0x05, 0x05, 0x04, 0x05, 0x19, 0x11, 0x12, 0x05, 0x04, 0x06, 0x00, 0x00,
    0x06, 0x04, 0x06, 0x06, 0x06, 0x1C, 0x1C, 0x03, 0x11, 0x16, 0x1B, 0x21, 0x14, 0x38, 0x29, 0x0C, 0x38, 0x08, 0x08, 0x0C, 0x0D, 0x02, 0x0D, 0x0C,
    0x29, 0x06, 0x3B, 0x1C, 0x19, 0x22, 0x27, 0x21, 0x1C, 0x3A, 0x32, 0x05, 0x06, 0x06, 0x06, 0x0A, 0x0A, 0x0B, 0x0B, 0x0B, 0x0A, 0x0A, 0x0A, 0x0B,
    0x0A, 0x0A, 0x0A, 0x06, 0x26, 0x31, 0x26, 0x26, 0x32, 0x12, 0x32, 0x3B, 0x1C, 0x21, 0x21, 0x39, 0x3A, 0x21, 0x21, 0x3A, 0x32, 0x06, 0x06, 0x06,
    0x04, 0x06, 0x06, 0x06, 0x1C, 0x11, 0x11, 0x1C, 0x31, 0x31, 0x30, 0x30, 0x30, 0x30, 0x30, 0x06, 0x2C, 0x2D, 0x2C, 0x2C, 0x2C, 0x06, 0x30, 0x31,
    0x21, 0x1C, 0x1C, 0x11, 0x06, 0x05, 0x06, 0x05, 0x05, 0x06, 0x3B, 0x1B, 0x15, 0x19, 0x31, 0x27, 0x27, 0x32, 0x27, 0x05, 0x05, 0x27, 0x27, 0x27,
    0x06, 0x06, 0x27, 0x27, 0x05, 0x06, 0x32, 0x22, 0x06, 0x32, 0x05, 0x06, 0x05, 0x04, 0x05, 0x05, 0x16, 0x12, 0x04, 0x05, 0x05, 0x06, 0x00, 0x00,
    0x05, 0x05, 0x05, 0x05, 0x05, 0x05, 0x04, 0x19, 0x12, 0x11, 0x11, 0x04, 0x3B, 0x06, 0x01, 0x29, 0x38, 0x0C, 0x38, 0x38, 0x29, 0x08, 0x29, 0x0C,
    0x01, 0x14, 0x32, 0x1C, 0x19, 0x1C, 0x1D, 0x20, 0x20, 0x3A, 0x32, 0x2D, 0x05, 0x05, 0x0A, 0x0A, 0x0B, 0x0B, 0x0B, 0x0B, 0x12, 0x13, 0x0B, 0x14,
    0x0B, 0x13, 0x0B, 0x16, 0x30, 0x06, 0x30, 0x3F, 0x26, 0x19, 0x31, 0x3B, 0x20, 0x22, 0x22, 0x24, 0x25, 0x3A, 0x21, 0x3A, 0x32, 0x06, 0x0A, 0x05,
    0x05, 0x05, 0x05, 0x05, 0x05, 0x03, 0x11, 0x14, 0x03, 0x3B, 0x3B, 0x31, 0x3B, 0x31, 0x31, 0x32, 0x31, 0x32, 0x32, 0x32, 0x32, 0x26, 0x26, 0x03,
    0x0D, 0x03, 0x21, 0x05, 0x05, 0x05, 0x05, 0x05, 0x05, 0x05, 0x05, 0x1B, 0x15, 0x13, 0x03, 0x25, 0x3B, 0x32, 0x05, 0x05, 0x06, 0x27, 0x27, 0x27,
    0x27, 0x27, 0x27, 0x05, 0x05, 0x27, 0x32, 0x22, 0x06, 0x32, 0x05, 0x05, 0x05, 0x05, 0x05, 0x1B, 0x16, 0x19, 0x05, 0x05, 0x05, 0x05, 0x00, 0x00,
    0x05, 0x06, 0x05, 0x05, 0x06, 0x04, 0x05, 0x3A, 0x1C, 0x12, 0x14, 0x14, 0x04, 0x31, 0x31, 0x06, 0x06, 0x06, 0x06, 0x2B, 0x06, 0x06, 0x06, 0x06,
    0x06, 0x06, 0x26, 0x20, 0x15, 0x1C, 0x03, 0x20, 0x20, 0x3A, 0x32, 0x3A, 0x04, 0x05, 0x0A, 0x0A, 0x0A, 0x0A, 0x0A, 0x0B, 0x19, 0x0B, 0x14, 0x13,
    0x19, 0x0A, 0x0A, 0x12, 0x31, 0x31, 0x26, 0x26, 0x32, 0x27, 0x06, 0x32, 0x24, 0x3B, 0x1C, 0x20, 0x21, 0x3B, 0x24, 0x27, 0x32, 0x06, 0x06, 0x12,
    0x06, 0x06, 0x05, 0x05, 0x04, 0x05, 0x11, 0x14, 0x01, 0x11, 0x06, 0x25, 0x31, 0x31, 0x30, 0x31, 0x30, 0x30, 0x31, 0x31, 0x3A, 0x25, 0x12, 0x0A,
    0x0A, 0x0D, 0x14, 0x05, 0x06, 0x05, 0x06, 0x05, 0x05, 0x05, 0x06, 0x05, 0x1B, 0x12, 0x11, 0x03, 0x31, 0x32, 0x31, 0x27, 0x27, 0x05, 0x06, 0x31,
    0x14, 0x14, 0x0C, 0x03, 0x31, 0x06, 0x06, 0x32, 0x30, 0x32, 0x05, 0x06, 0x06, 0x06, 0x1C, 0x16, 0x1C, 0x05, 0x05, 0x06, 0x05, 0x05, 0x00, 0x00,
    0x05, 0x05, 0x05, 0x06, 0x05, 0x2B, 0x2B, 0x06, 0x06, 0x1B, 0x19, 0x12, 0x14, 0x12, 0x1C, 0x06, 0x3F, 0x06, 0x06, 0x06, 0x06, 0x06, 0x06, 0x06,
    0x06, 0x06, 0x24, 0x19, 0x15, 0x20, 0x3B, 0x22, 0x19, 0x3A, 0x32, 0x3B, 0x12, 0x02, 0x0A, 0x0A, 0x16, 0x03, 0x04, 0x20, 0x13, 0x0B, 0x0B, 0x19,
    0x13, 0x0A, 0x0A, 0x3A, 0x32, 0x30, 0x30, 0x31, 0x26, 0x30, 0x2D, 0x3A, 0x27, 0x3B, 0x25, 0x25, 0x31, 0x27, 0x3B, 0x32, 0x32, 0x14, 0x2B, 0x2D,
    0x06, 0x06, 0x05, 0x06, 0x05, 0x06, 0x0D, 0x14, 0x14, 0x06, 0x03, 0x26, 0x31, 0x32, 0x31, 0x31, 0x31, 0x31, 0x31, 0x31, 0x31, 0x16, 0x04, 0x12,
    0x03, 0x0A, 0x0D, 0x06, 0x06, 0x05, 0x06, 0x06, 0x06, 0x05, 0x06, 0x06, 0x22, 0x1B, 0x12, 0x0D, 0x0D, 0x06, 0x30, 0x3B, 0x32, 0x06, 0x06, 0x01,
    0x02, 0x3D, 0x04, 0x14, 0x2B, 0x06, 0x05, 0x32, 0x3B, 0x32, 0x05, 0x05, 0x1C, 0x11, 0x0D, 0x11, 0x05, 0x05, 0x05, 0x05, 0x05, 0x06, 0x00, 0x00,
    0x06, 0x06, 0x30, 0x30, 0x2B, 0x2B, 0x3D, 0x3D, 0x05, 0x06, 0x06, 0x1B, 0x13, 0x11, 0x14, 0x12, 0x21, 0x30, 0x06, 0x06, 0x05, 0x05, 0x05, 0x05,
    0x06, 0x0D, 0x1B, 0x12, 0x1B, 0x20, 0x20, 0x21, 0x1C, 0x25, 0x27, 0x25, 0x1B, 0x1B, 0x12, 0x0A, 0x0D, 0x21, 0x14, 0x3B, 0x20, 0x0A, 0x0A, 0x13,
    0x0B, 0x0A, 0x0A, 0x26, 0x32, 0x31, 0x31, 0x32, 0x2D, 0x16, 0x21, 0x01, 0x1D, 0x22, 0x24, 0x3B, 0x3B, 0x24, 0x24, 0x3A, 0x3A, 0x19, 0x14, 0x14,
    0x01, 0x37, 0x05, 0x06, 0x30, 0x05, 0x14, 0x12, 0x1C, 0x25, 0x06, 0x31, 0x31, 0x3B, 0x31, 0x31, 0x31, 0x05, 0x06, 0x30, 0x06, 0x05, 0x31, 0x2D,
    0x2D, 0x2D, 0x0A, 0x06, 0x06, 0x06, 0x30, 0x06, 0x06, 0x06, 0x06, 0x06, 0x06, 0x06, 0x1B, 0x12, 0x11, 0x0D, 0x12, 0x03, 0x32, 0x2D, 0x06, 0x06,
    0x31, 0x31, 0x31, 0x31, 0x31, 0x06, 0x06, 0x32, 0x3B, 0x32, 0x32, 0x1C, 0x12, 0x11, 0x11, 0x1C, 0x06, 0x06, 0x06, 0x06, 0x30, 0x30, 0x00, 0x00,
    0x30, 0x06, 0x06, 0x3D, 0x3D, 0x2B, 0x3D, 0x3D, 0x05, 0x05, 0x06, 0x3F, 0x24, 0x04, 0x01, 0x14, 0x0D, 0x1C, 0x06, 0x30, 0x06, 0x0A, 0x09, 0x0A,
    0x1B, 0x0D, 0x12, 0x0D, 0x1B, 0x19, 0x1C, 0x21, 0x1C, 0x22, 0x21, 0x04, 0x1C, 0x1F, 0x1D, 0x12, 0x12, 0x0A, 0x0B, 0x0A, 0x0A, 0x0A, 0x0A, 0x0A,
    0x0B, 0x0B, 0x04, 0x26, 0x26, 0x26, 0x32, 0x05, 0x2D, 0x24, 0x24, 0x14, 0x02, 0x21, 0x24, 0x24, 0x24, 0x24, 0x22, 0x1D, 0x22, 0x0A, 0x16, 0x0C,
    0x02, 0x21, 0x06, 0x06, 0x05, 0x05, 0x06, 0x3A, 0x31, 0x06, 0x30, 0x31, 0x31, 0x32, 0x31, 0x31, 0x06, 0x31, 0x31, 0x31, 0x30, 0x30, 0x30, 0x3A,
    0x31, 0x31, 0x25, 0x06, 0x06, 0x06, 0x06, 0x06, 0x06, 0x31, 0x32, 0x31, 0x32, 0x31, 0x32, 0x1B, 0x11, 0x11, 0x13, 0x0D, 0x0D, 0x06, 0x26, 0x32,
    0x32, 0x32, 0x32, 0x32, 0x32, 0x32, 0x26, 0x31, 0x32, 0x32, 0x31, 0x12, 0x12, 0x0D, 0x31, 0x25, 0x06, 0x30, 0x30, 0x06, 0x06, 0x06, 0x00, 0x00,
    0x30, 0x06, 0x2B, 0x05, 0x05, 0x2B, 0x3D, 0x05, 0x05, 0x05, 0x06, 0x06, 0x3F, 0x3B, 0x1B, 0x14, 0x0D, 0x0D, 0x14, 0x21, 0x08, 0x0A, 0x0D, 0x1B,
    0x1B, 0x13, 0x1B, 0x0D, 0x0D, 0x21, 0x25, 0x1C, 0x1B, 0x1D, 0x25, 0x22, 0x1B, 0x24, 0x1B, 0x12, 0x1B, 0x13, 0x0C, 0x0B, 0x13, 0x19, 0x1C, 0x1C,
    0x21, 0x06, 0x30, 0x32, 0x32, 0x26, 0x2D, 0x06, 0x31, 0x25, 0x1F, 0x31, 0x0C, 0x0D, 0x19, 0x1D, 0x1D, 0x1B, 0x1C, 0x19, 0x01, 0x02, 0x14, 0x02,
    0x27, 0x24, 0x1D, 0x05, 0x05, 0x25, 0x3A, 0x06, 0x3A, 0x30, 0x30, 0x31, 0x31, 0x31, 0x31, 0x06, 0x26, 0x3A, 0x3A, 0x3A, 0x24, 0x25, 0x3B, 0x30,
    0x30, 0x30, 0x31, 0x31, 0x06, 0x06, 0x06, 0x32, 0x31, 0x31, 0x30, 0x31, 0x31, 0x31, 0x32, 0x32, 0x1B, 0x1B, 0x16, 0x0D, 0x14, 0x32, 0x3B, 0x3B,
    0x3A, 0x21, 0x39, 0x06, 0x31, 0x32, 0x32, 0x31, 0x32, 0x32, 0x26, 0x32, 0x2B, 0x31, 0x31, 0x31, 0x06, 0x30, 0x30, 0x06, 0x06, 0x06, 0x00, 0x00,
    0x06, 0x2B, 0x30, 0x05, 0x05, 0x3D, 0x3D, 0x3D, 0x3D, 0x05, 0x3D, 0x06, 0x30, 0x3F, 0x32, 0x32, 0x12, 0x12, 0x12, 0x12, 0x0D, 0x1B, 0x12, 0x1B,
    0x12, 0x12, 0x1B, 0x1B, 0x1B, 0x24, 0x22, 0x1F, 0x25, 0x22, 0x24, 0x24, 0x22, 0x1D, 0x1B, 0x1B, 0x1B, 0x1B, 0x13, 0x21, 0x31, 0x26, 0x25, 0x1C,
    0x25, 0x06, 0x06, 0x26, 0x26, 0x0C, 0x02, 0x31, 0x31, 0x31, 0x1F, 0x24, 0x1C, 0x09, 0x09, 0x29, 0x0A, 0x0A, 0x09, 0x09, 0x01, 0x39, 0x01, 0x25,
    0x24, 0x24, 0x27, 0x14, 0x3B, 0x31, 0x25, 0x30, 0x30, 0x31, 0x30, 0x31, 0x31, 0x32, 0x31, 0x06, 0x24, 0x11, 0x11, 0x13, 0x19, 0x15, 0x39, 0x31,
    0x31, 0x31, 0x30, 0x31, 0x30, 0x06, 0x32, 0x31, 0x31, 0x31, 0x32, 0x30, 0x31, 0x31, 0x32, 0x32, 0x32, 0x22, 0x21, 0x31, 0x32, 0x32, 0x15, 0x21,
    0x3B, 0x24, 0x04, 0x27, 0x3B, 0x03, 0x32, 0x31, 0x32, 0x32, 0x32, 0x32, 0x32, 0x32, 0x32, 0x32, 0x31, 0x32, 0x32, 0x06, 0x06, 0x06, 0x00, 0x00,
    0x30, 0x06, 0x3F, 0x05, 0x3D, 0x05, 0x06, 0x06, 0x05, 0x3D, 0x06, 0x26, 0x3F, 0x26, 0x32, 0x32, 0x1F, 0x12, 0x12, 0x12, 0x13, 0x1B, 0x12, 0x1B,
    0x1B, 0x12, 0x12, 0x1B, 0x1B, 0x1B, 0x1D, 0x1D, 0x21, 0x1D, 0x1D, 0x1B, 0x1B, 0x1B, 0x1D, 0x1B, 0x21, 0x1B, 0x12, 0x15, 0x25, 0x21, 0x21, 0x06,
    0x25, 0x06, 0x06, 0x06, 0x3B, 0x08, 0x09, 0x29, 0x31, 0x3F, 0x3B, 0x1F, 0x24, 0x01, 0x08, 0x08, 0x08, 0x37, 0x37, 0x08, 0x2D, 0x29, 0x2D, 0x24,
    0x27, 0x21, 0x14, 0x0C, 0x02, 0x31, 0x30, 0x30, 0x30, 0x31, 0x30, 0x32, 0x3B, 0x32, 0x31, 0x31, 0x20, 0x19, 0x19, 0x13, 0x19, 0x20, 0x21, 0x32,
    0x31, 0x31, 0x30, 0x30, 0x06, 0x06, 0x32, 0x31, 0x31, 0x31, 0x31, 0x31, 0x31, 0x31, 0x3B, 0x32, 0x32, 0x32, 0x32, 0x32, 0x32, 0x31, 0x16, 0x11,
    0x1C, 0x19, 0x0D, 0x20, 0x15, 0x11, 0x31, 0x31, 0x32, 0x32, 0x32, 0x31, 0x32, 0x32, 0x3B, 0x32, 0x32, 0x32, 0x32, 0x06, 0x06, 0x06, 0x00, 0x00,
    0x30, 0x30, 0x30, 0x06, 0x06, 0x05, 0x06, 0x06, 0x06, 0x06, 0x06, 0x32, 0x32, 0x32, 0x32, 0x24, 0x1B, 0x16, 0x16, 0x1B, 0x19, 0x24, 0x13, 0x1B,
    0x1B, 0x12, 0x12, 0x12, 0x1B, 0x1B, 0x24, 0x1D, 0x1D, 0x1B, 0x1B, 0x1B, 0x1B, 0x1B, 0x1D, 0x1B, 0x21, 0x1C, 0x02, 0x21, 0x04, 0x31, 0x06, 0x05,
    0x04, 0x21, 0x21, 0x1B, 0x02, 0x02, 0x02, 0x09, 0x02, 0x31, 0x32, 0x1D, 0x24, 0x03, 0x37, 0x08, 0x08, 0x37, 0x37, 0x01, 0x39, 0x01, 0x24, 0x22,
    0x31, 0x0C, 0x0C, 0x14, 0x09, 0x30, 0x30, 0x25, 0x30, 0x30, 0x31, 0x31, 0x3B, 0x25, 0x06, 0x04, 0x15, 0x1C, 0x24, 0x21, 0x24, 0x3B, 0x39, 0x06,
    0x31, 0x31, 0x30, 0x31, 0x30, 0x06, 0x32, 0x30, 0x31, 0x31, 0x32, 0x3B, 0x32, 0x32, 0x31, 0x32, 0x32, 0x3B, 0x31, 0x32, 0x3B, 0x03, 0x15, 0x13,
    0x0D, 0x13, 0x0C, 0x13, 0x11, 0x19, 0x32, 0x26, 0x31, 0x32, 0x32, 0x32, 0x32, 0x31, 0x31, 0x32, 0x31, 0x32, 0x32, 0x30, 0x30, 0x30, 0x00, 0x00,
    0x30, 0x30, 0x30, 0x30, 0x06, 0x06, 0x06, 0x06, 0x06, 0x06, 0x06, 0x3B, 0x3B, 0x3B, 0x27, 0x27, 0x27, 0x1C, 0x0C, 0x1B, 0x22, 0x24, 0x19, 0x1B,
    0x1B, 0x1B, 0x12, 0x12, 0x1B, 0x19, 0x1F, 0x1D, 0x1B, 0x1B, 0x1B, 0x1B, 0x1B, 0x1B, 0x1D, 0x1B, 0x1D, 0x22, 0x13, 0x21, 0x1D, 0x24, 0x24, 0x24,
    0x24, 0x24, 0x24, 0x29, 0x29, 0x2B, 0x2B, 0x2B, 0x2B, 0x2D, 0x32, 0x1B, 0x24, 0x24, 0x08, 0x37, 0x08, 0x37, 0x37, 0x02, 0x0C, 0x2B, 0x24, 0x24,
    0x31, 0x29, 0x29, 0x2B, 0x01, 0x31, 0x30, 0x30, 0x30, 0x30, 0x30, 0x31, 0x24, 0x22, 0x21, 0x15, 0x19, 0x03, 0x1C, 0x15, 0x21, 0x39, 0x03, 0x06,
    0x3B, 0x31, 0x30, 0x31, 0x30, 0x30, 0x32, 0x32, 0x32, 0x31, 0x31, 0x31, 0x3B, 0x32, 0x32, 0x32, 0x32, 0x3B, 0x27, 0x32, 0x32, 0x31, 0x15, 0x15,
    0x11, 0x21, 0x21, 0x1D, 0x20, 0x27, 0x06, 0x22, 0x32, 0x31, 0x31, 0x32, 0x32, 0x32, 0x32, 0x31, 0x32, 0x32, 0x30, 0x30, 0x30, 0x30, 0x00, 0x00,
    0x31, 0x06, 0x30, 0x31, 0x30, 0x06, 0x06, 0x06, 0x06, 0x06, 0x05, 0x06, 0x30, 0x30, 0x06, 0x06, 0x30, 0x06, 0x0A, 0x1B, 0x1B, 0x24, 0x1B, 0x1B,
    0x1B, 0x1B, 0x1B, 0x12, 0x1B, 0x13, 0x1D, 0x1B, 0x1B, 0x1D, 0x1B, 0x1B, 0x1B, 0x1B, 0x1F, 0x1B, 0x1D, 0x24, 0x19, 0x21, 0x24, 0x04, 0x04, 0x30,
    0x06, 0x30, 0x30, 0x08, 0x08, 0x02, 0x0C, 0x01, 0x03, 0x31, 0x32, 0x1D, 0x24, 0x3B, 0x09, 0x37, 0x37, 0x37, 0x37, 0x2B, 0x29, 0x31, 0x24, 0x3B,
    0x3A, 0x29, 0x14, 0x01, 0x29, 0x26, 0x31, 0x30, 0x30, 0x30, 0x30, 0x31, 0x22, 0x21, 0x21, 0x1F, 0x1C, 0x11, 0x13, 0x19, 0x21, 0x15, 0x26, 0x32,
    0x26, 0x30, 0x30, 0x31, 0x30, 0x30, 0x30, 0x32, 0x31, 0x31, 0x31, 0x31, 0x3B, 0x31, 0x30, 0x1F, 0x09, 0x37, 0x37, 0x37, 0x37, 0x14, 0x20, 0x19,
    0x19, 0x1D, 0x20, 0x1D, 0x24, 0x0A, 0x37, 0x08, 0x37, 0x31, 0x31, 0x32, 0x32, 0x32, 0x31, 0x31, 0x32, 0x32, 0x30, 0x30, 0x30, 0x30, 0x00, 0x00,
    0x31, 0x30, 0x30, 0x31, 0x30, 0x06, 0x05, 0x06, 0x06, 0x06, 0x06, 0x05, 0x30, 0x06, 0x30, 0x30, 0x06, 0x0C, 0x0D, 0x12, 0x13, 0x31, 0x19, 0x1B,
    0x1B, 0x1B, 0x13, 0x1B, 0x1B, 0x12, 0x24, 0x1B, 0x1B, 0x1D, 0x1B, 0x1B, 0x1B, 0x1D, 0x1B, 0x1B, 0x1D, 0x3B, 0x1C, 0x21, 0x24, 0x1C, 0x16, 0x30,
    0x30, 0x30, 0x30, 0x37, 0x37, 0x29, 0x29, 0x09, 0x0C, 0x3D, 0x32, 0x3A, 0x2B, 0x2B, 0x01, 0x37, 0x37, 0x37, 0x08, 0x03, 0x09, 0x27, 0x24, 0x3A,
    0x39, 0x14, 0x2B, 0x02, 0x0C, 0x26, 0x31, 0x30, 0x30, 0x30, 0x30, 0x26, 0x30, 0x31, 0x30, 0x30, 0x25, 0x20, 0x21, 0x1C, 0x24, 0x3B, 0x26, 0x26,
    0x26, 0x31, 0x30, 0x31, 0x30, 0x30, 0x06, 0x06, 0x3B, 0x31, 0x31, 0x31, 0x31, 0x31, 0x3B, 0x37, 0x08, 0x37, 0x37, 0x08, 0x08, 0x16, 0x1C, 0x20,
    0x19, 0x1C, 0x20, 0x20, 0x19, 0x09, 0x09, 0x09, 0x37, 0x37, 0x31, 0x32, 0x32, 0x32, 0x31, 0x32, 0x32, 0x31, 0x30, 0x30, 0x30, 0x30, 0x00, 0x00,
    0x31, 0x30, 0x30, 0x30, 0x30, 0x30, 0x06, 0x06, 0x05, 0x06, 0x06, 0x05, 0x06, 0x30, 0x30, 0x30, 0x30, 0x08, 0x12, 0x13, 0x12, 0x31, 0x1B, 0x1B,
    0x1B, 0x1B, 0x1B, 0x12, 0x12, 0x1B, 0x24, 0x1B, 0x1B, 0x1D, 0x1B, 0x1B, 0x1B, 0x1F, 0x1D, 0x1B, 0x19, 0x31, 0x1C, 0x1C, 0x25, 0x12, 0x02, 0x30,
    0x30, 0x30, 0x30, 0x37, 0x37, 0x09, 0x29, 0x01, 0x0C, 0x2D, 0x32, 0x2B, 0x01, 0x29, 0x39, 0x08, 0x37, 0x37, 0x29, 0x14, 0x09, 0x27, 0x27, 0x39,
    0x14, 0x2B, 0x01, 0x01, 0x0C, 0x26, 0x31, 0x30, 0x31, 0x31, 0x31, 0x26, 0x30, 0x30, 0x1B, 0x1B, 0x32, 0x21, 0x21, 0x21, 0x31, 0x3B, 0x32, 0x1B,
    0x1F, 0x31, 0x30, 0x26, 0x30, 0x31, 0x30, 0x30, 0x31, 0x31, 0x31, 0x31, 0x31, 0x31, 0x08, 0x37, 0x37, 0x08, 0x37, 0x29, 0x0A, 0x08, 0x03, 0x21,
    0x39, 0x3B, 0x32, 0x3B, 0x01, 0x09, 0x03, 0x29, 0x08, 0x09, 0x09, 0x29, 0x32, 0x32, 0x31, 0x32, 0x32, 0x31, 0x30, 0x30, 0x30, 0x30, 0x00, 0x00,
    0x31, 0x30, 0x30, 0x30, 0x30, 0x30, 0x31, 0x06, 0x05, 0x05, 0x05, 0x05, 0x05, 0x30, 0x30, 0x30, 0x30, 0x0D, 0x1F, 0x1F, 0x1B, 0x31, 0x12, 0x1B,
    0x13, 0x1B, 0x1B, 0x1B, 0x1B, 0x1F, 0x1B, 0x13, 0x19, 0x1B, 0x1F, 0x1B, 0x1B, 0x1F, 0x25, 0x22, 0x1B, 0x27, 0x22, 0x1B, 0x25, 0x16, 0x0D, 0x30,
    0x30, 0x30, 0x31, 0x08, 0x08, 0x29, 0x29, 0x02, 0x01, 0x06, 0x32, 0x29, 0x29, 0x29, 0x39, 0x16, 0x37, 0x37, 0x29, 0x14, 0x02, 0x27, 0x24, 0x3A,
    0x16, 0x16, 0x0C, 0x01, 0x01, 0x31, 0x26, 0x30, 0x31, 0x32, 0x29, 0x16, 0x12, 0x12, 0x12, 0x16, 0x06, 0x31, 0x3B, 0x3B, 0x27, 0x32, 0x31, 0x19,
    0x1F, 0x1B, 0x1B, 0x1B, 0x30, 0x30, 0x30, 0x30, 0x32, 0x31, 0x31, 0x31, 0x31, 0x37, 0x37, 0x08, 0x37, 0x08, 0x37, 0x37, 0x13, 0x08, 0x0C, 0x3B,
    0x3B, 0x32, 0x27, 0x21, 0x09, 0x0C, 0x2B, 0x29, 0x09, 0x0C, 0x0C, 0x09, 0x08, 0x26, 0x31, 0x32, 0x32, 0x30, 0x31, 0x30, 0x30, 0x30, 0x00, 0x00,
    0x31, 0x31, 0x31, 0x31, 0x30, 0x31, 0x30, 0x30, 0x06, 0x05, 0x05, 0x05, 0x06, 0x05, 0x30, 0x31, 0x31, 0x19, 0x1F, 0x1B, 0x1B, 0x3B, 0x15, 0x1D,
    0x1B, 0x1B, 0x1B, 0x1B, 0x1B, 0x1B, 0x1B, 0x1B, 0x1B, 0x1B, 0x1B, 0x1B, 0x1B, 0x1B, 0x22, 0x1F, 0x1D, 0x27, 0x27, 0x22, 0x24, 0x15, 0x16, 0x30,
    0x31, 0x30, 0x31, 0x29, 0x09, 0x29, 0x29, 0x0C, 0x19, 0x06, 0x32, 0x01, 0x14, 0x0A, 0x02, 0x39, 0x09, 0x37, 0x14, 0x2D, 0x31, 0x27, 0x27, 0x2B,
    0x03, 0x0C, 0x29, 0x02, 0x14, 0x31, 0x26, 0x31, 0x31, 0x08, 0x0C, 0x1B, 0x1B, 0x09, 0x08, 0x37, 0x29, 0x2B, 0x31, 0x3B, 0x26, 0x3A, 0x01, 0x29,
    0x0C, 0x12, 0x1B, 0x1B, 0x30, 0x31, 0x30, 0x31, 0x32, 0x31, 0x32, 0x31, 0x31, 0x37, 0x37, 0x37, 0x08, 0x08, 0x29, 0x08, 0x03, 0x0C, 0x0C, 0x14,
    0x1C, 0x04, 0x14, 0x01, 0x0C, 0x39, 0x0C, 0x29, 0x01, 0x01, 0x0C, 0x0C, 0x29, 0x32, 0x32, 0x32, 0x31, 0x31, 0x31, 0x30, 0x31, 0x31, 0x00, 0x00,
    0x31, 0x31, 0x30, 0x30, 0x31, 0x31, 0x31, 0x30, 0x31, 0x06, 0x06, 0x06, 0x05, 0x05, 0x3D, 0x30, 0x30, 0x1B, 0x22, 0x1F, 0x1B, 0x24, 0x1B, 0x1B,
    0x1B, 0x1B, 0x1B, 0x13, 0x1B, 0x1B, 0x1B, 0x1B, 0x13, 0x13, 0x1B, 0x12, 0x1B, 0x19, 0x1F, 0x1D, 0x1B, 0x27, 0x27, 0x25, 0x1C, 0x04, 0x15, 0x24,
    0x24, 0x24, 0x24, 0x01, 0x0C, 0x01, 0x01, 0x0C, 0x14, 0x03, 0x31, 0x01, 0x03, 0x39, 0x03, 0x39, 0x2B, 0x29, 0x31, 0x32, 0x32, 0x32, 0x32, 0x2B,
    0x03, 0x01, 0x01, 0x39, 0x14, 0x30, 0x26, 0x31, 0x30, 0x0C, 0x1B, 0x1B, 0x13, 0x29, 0x08, 0x08, 0x08, 0x09, 0x0A, 0x0A, 0x14, 0x01, 0x29, 0x14,
    0x0C, 0x14, 0x12, 0x1B, 0x1B, 0x31, 0x30, 0x30, 0x32, 0x31, 0x31, 0x31, 0x08, 0x37, 0x37, 0x37, 0x09, 0x09, 0x11, 0x0C, 0x16, 0x0D, 0x02, 0x14,
    0x2B, 0x14, 0x14, 0x01, 0x01, 0x04, 0x0C, 0x01, 0x01, 0x02, 0x01, 0x01, 0x0C, 0x09, 0x32, 0x31, 0x31, 0x30, 0x30, 0x30, 0x31, 0x31, 0x00, 0x00,
    0x32, 0x31, 0x31, 0x31, 0x31, 0x31, 0x30, 0x30, 0x31, 0x06, 0x05, 0x05, 0x05, 0x05, 0x14, 0x0C, 0x31, 0x1B, 0x1B, 0x19, 0x1B, 0x25, 0x22, 0x1B,
    0x13, 0x13, 0x13, 0x13, 0x1B, 0x1B, 0x1B, 0x1B, 0x1B, 0x13, 0x12, 0x12, 0x1B, 0x19, 0x1F, 0x1B, 0x1D, 0x22, 0x21, 0x1B, 0x1B, 0x22, 0x15, 0x30,
    0x31, 0x31, 0x31, 0x29, 0x29, 0x2B, 0x03, 0x01, 0x01, 0x39, 0x06, 0x39, 0x2B, 0x01, 0x0C, 0x01, 0x2B, 0x2B, 0x31, 0x32, 0x32, 0x32, 0x32, 0x2B,
    0x01, 0x14, 0x0C, 0x0C, 0x02, 0x30, 0x25, 0x26, 0x30, 0x0A, 0x1B, 0x1B, 0x0C, 0x2D, 0x06, 0x14, 0x0A, 0x0A, 0x0A, 0x0A, 0x20, 0x16, 0x29, 0x02,
    0x03, 0x31, 0x14, 0x1F, 0x1B, 0x31, 0x30, 0x31, 0x32, 0x31, 0x31, 0x31, 0x37, 0x37, 0x37, 0x08, 0x0C, 0x29, 0x2B, 0x0C, 0x01, 0x01, 0x0C, 0x01,
    0x29, 0x29, 0x01, 0x0C, 0x01, 0x14, 0x0C, 0x0C, 0x14, 0x14, 0x01, 0x01, 0x0D, 0x09, 0x08, 0x2B, 0x31, 0x26, 0x30, 0x31, 0x31, 0x31, 0x00, 0x00,
    0x32, 0x31, 0x31, 0x31, 0x31, 0x31, 0x31, 0x30, 0x31, 0x31, 0x06, 0x05, 0x05, 0x06, 0x01, 0x29, 0x16, 0x21, 0x21, 0x04, 0x1B, 0x1C, 0x25, 0x12,
    0x12, 0x12, 0x13, 0x1B, 0x1B, 0x1B, 0x1B, 0x1B, 0x1B, 0x12, 0x12, 0x12, 0x1B, 0x19, 0x1F, 0x19, 0x22, 0x1D, 0x1B, 0x1D, 0x1D, 0x22, 0x1D, 0x30,
    0x31, 0x31, 0x31, 0x3D, 0x0A, 0x08, 0x09, 0x29, 0x03, 0x03, 0x31, 0x32, 0x31, 0x25, 0x3A, 0x2B, 0x03, 0x39, 0x21, 0x27, 0x27, 0x3F, 0x26, 0x19,
    0x09, 0x09, 0x29, 0x01, 0x01, 0x31, 0x24, 0x26, 0x31, 0x0A, 0x1B, 0x1D, 0x01, 0x31, 0x31, 0x0A, 0x0A, 0x0A, 0x15, 0x19, 0x24, 0x1D, 0x15, 0x31,
    0x06, 0x39, 0x2B, 0x1F, 0x1B, 0x1B, 0x31, 0x31, 0x26, 0x31, 0x32, 0x32, 0x37, 0x37, 0x37, 0x08, 0x01, 0x29, 0x2D, 0x02, 0x02, 0x03, 0x14, 0x1C,
    0x06, 0x39, 0x0A, 0x0A, 0x01, 0x25, 0x3A, 0x06, 0x0C, 0x02, 0x16, 0x14, 0x01, 0x29, 0x08, 0x29, 0x31, 0x32, 0x31, 0x31, 0x31, 0x31, 0x00, 0x00,
    0x32, 0x31, 0x31, 0x31, 0x31, 0x31, 0x31, 0x31, 0x31, 0x24, 0x31, 0x06, 0x06, 0x2B, 0x08, 0x29, 0x1C, 0x24, 0x1F, 0x1B, 0x12, 0x12, 0x21, 0x13,
    0x12, 0x12, 0x1B, 0x1B, 0x12, 0x0A, 0x1B, 0x12, 0x0D, 0x12, 0x12, 0x12, 0x12, 0x1B, 0x1F, 0x1B, 0x3B, 0x1B, 0x1B, 0x1B, 0x1B, 0x16, 0x19, 0x24,
    0x24, 0x24, 0x1B, 0x0C, 0x29, 0x09, 0x37, 0x37, 0x08, 0x08, 0x2D, 0x3B, 0x24, 0x24, 0x27, 0x27, 0x24, 0x24, 0x24, 0x24, 0x1F, 0x32, 0x2D, 0x08,
    0x37, 0x08, 0x0C, 0x02, 0x2D, 0x31, 0x26, 0x31, 0x31, 0x1B, 0x1B, 0x32, 0x32, 0x31, 0x02, 0x0A, 0x0A, 0x0A, 0x21, 0x1B, 0x1B, 0x1F, 0x13, 0x31,
    0x30, 0x31, 0x32, 0x27, 0x1B, 0x1B, 0x21, 0x31, 0x31, 0x31, 0x31, 0x08, 0x37, 0x37, 0x37, 0x37, 0x0C, 0x16, 0x03, 0x3A, 0x3A, 0x31, 0x25, 0x31,
    0x31, 0x32, 0x27, 0x3A, 0x3A, 0x21, 0x39, 0x3A, 0x01, 0x01, 0x0C, 0x01, 0x01, 0x0C, 0x08, 0x37, 0x31, 0x31, 0x31, 0x31, 0x31, 0x31, 0x00, 0x00,
    0x32, 0x31, 0x31, 0x31, 0x31, 0x31, 0x31, 0x31, 0x31, 0x24, 0x26, 0x06, 0x2B, 0x02, 0x29, 0x29, 0x14, 0x12, 0x0D, 0x0D, 0x1B, 0x1B, 0x25, 0x21,
    0x0A, 0x0A, 0x0A, 0x0A, 0x0A, 0x0A, 0x1B, 0x13, 0x12, 0x1B, 0x12, 0x12, 0x1B, 0x1B, 0x12, 0x21, 0x3B, 0x19, 0x12, 0x13, 0x13, 0x04, 0x31, 0x31,
    0x31, 0x31, 0x31, 0x31, 0x08, 0x09, 0x37, 0x09, 0x0A, 0x0A, 0x39, 0x27, 0x24, 0x24, 0x24, 0x24, 0x24, 0x24, 0x24, 0x24, 0x1F, 0x25, 0x03, 0x0A,
    0x0C, 0x08, 0x0C, 0x03, 0x05, 0x31, 0x26, 0x31, 0x31, 0x1B, 0x25, 0x32, 0x32, 0x3A, 0x21, 0x21, 0x03, 0x1C, 0x20, 0x0A, 0x13, 0x1B, 0x1B, 0x25,
    0x31, 0x31, 0x32, 0x27, 0x22, 0x1B, 0x1B, 0x31, 0x31, 0x31, 0x31, 0x37, 0x37, 0x37, 0x37, 0x37, 0x29, 0x03, 0x39, 0x31, 0x14, 0x31, 0x2D, 0x06,
    0x31, 0x26, 0x27, 0x20, 0x20, 0x20, 0x19, 0x15, 0x0C, 0x29, 0x0C, 0x0C, 0x09, 0x29, 0x31, 0x31, 0x31, 0x31, 0x31, 0x31, 0x31, 0x31, 0x00, 0x00,
    0x32, 0x31, 0x32, 0x32, 0x32, 0x31, 0x31, 0x31, 0x31, 0x24, 0x06, 0x06, 0x01, 0x08, 0x38, 0x01, 0x02, 0x12, 0x12, 0x1B, 0x12, 0x0D, 0x19, 0x27,
    0x1B, 0x0A, 0x0A, 0x0A, 0x1B, 0x1B, 0x1B, 0x13, 0x12, 0x12, 0x12, 0x12, 0x12, 0x13, 0x19, 0x25, 0x1B, 0x1B, 0x1F, 0x1F, 0x1D, 0x1C, 0x31, 0x31,
    0x31, 0x31, 0x31, 0x31, 0x02, 0x09, 0x14, 0x13, 0x0A, 0x0A, 0x15, 0x2B, 0x02, 0x16, 0x2B, 0x39, 0x06, 0x21, 0x03, 0x04, 0x2B, 0x14, 0x0D, 0x0A,
    0x19, 0x03, 0x14, 0x3A, 0x31, 0x32, 0x22, 0x31, 0x12, 0x1F, 0x32, 0x32, 0x32, 0x3B, 0x21, 0x19, 0x11, 0x11, 0x11, 0x11, 0x12, 0x13, 0x16, 0x21,
    0x3A, 0x3B, 0x32, 0x32, 0x27, 0x24, 0x1F, 0x25, 0x31, 0x31, 0x32, 0x32, 0x37, 0x37, 0x37, 0x08, 0x29, 0x19, 0x14, 0x04, 0x3A, 0x3B, 0x31, 0x26,
    0x3B, 0x3B, 0x3B, 0x3B, 0x22, 0x24, 0x3A, 0x06, 0x02, 0x29, 0x0C, 0x09, 0x29, 0x2D, 0x32, 0x31, 0x31, 0x32, 0x32, 0x32, 0x32, 0x32, 0x00, 0x00,
    0x32, 0x32, 0x32, 0x32, 0x32, 0x31, 0x31, 0x32, 0x32, 0x22, 0x06, 0x06, 0x01, 0x08, 0x29, 0x02, 0x32, 0x0D, 0x1B, 0x1B, 0x1B, 0x0A, 0x0C, 0x1C,
    0x12, 0x0D, 0x1B, 0x1B, 0x1F, 0x19, 0x1D, 0x1B, 0x1B, 0x1B, 0x1B, 0x12, 0x12, 0x1B, 0x25, 0x25, 0x13, 0x12, 0x24, 0x24, 0x22, 0x1D, 0x31, 0x32,
    0x32, 0x32, 0x31, 0x31, 0x32, 0x2B, 0x19, 0x20, 0x0A, 0x08, 0x0A, 0x15, 0x26, 0x32, 0x26, 0x27, 0x32, 0x32, 0x32, 0x32, 0x32, 0x15, 0x0A, 0x0A,
    0x1C, 0x3B, 0x31, 0x32, 0x31, 0x31, 0x21, 0x1B, 0x1B, 0x31, 0x31, 0x31, 0x06, 0x30, 0x06, 0x25, 0x21, 0x21, 0x1F, 0x1B, 0x13, 0x19, 0x22, 0x27,
    0x31, 0x31, 0x32, 0x2D, 0x2B, 0x03, 0x1B, 0x22, 0x31, 0x31, 0x31, 0x31, 0x29, 0x08, 0x37, 0x08, 0x02, 0x0A, 0x01, 0x39, 0x3B, 0x06, 0x04, 0x06,
    0x06, 0x06, 0x30, 0x31, 0x32, 0x30, 0x32, 0x32, 0x02, 0x29, 0x29, 0x11, 0x3A, 0x25, 0x31, 0x32, 0x31, 0x31, 0x31, 0x32, 0x32, 0x32, 0x00, 0x00,
    0x32, 0x32, 0x32, 0x31, 0x32, 0x32, 0x32, 0x31, 0x32, 0x24, 0x06, 0x01, 0x02, 0x08, 0x01, 0x02, 0x32, 0x02, 0x1B, 0x25, 0x1D, 0x09, 0x37, 0x08,
    0x08, 0x08, 0x0D, 0x13, 0x12, 0x22, 0x1D, 0x1B, 0x1F, 0x1B, 0x1B, 0x12, 0x19, 0x1B, 0x0D, 0x0A, 0x09, 0x01, 0x3A, 0x32, 0x27, 0x32, 0x32, 0x31,
    0x32, 0x31, 0x32, 0x31, 0x32, 0x31, 0x31, 0x27, 0x20, 0x0D, 0x0A, 0x0A, 0x21, 0x3B, 0x3A, 0x3A, 0x3A, 0x30, 0x31, 0x32, 0x31, 0x0D, 0x11, 0x19,
    0x3B, 0x32, 0x31, 0x32, 0x31, 0x31, 0x1C, 0x1B, 0x2B, 0x2B, 0x2B, 0x2D, 0x3F, 0x03, 0x02, 0x16, 0x0D, 0x0D, 0x19, 0x19, 0x1B, 0x19, 0x21, 0x21,
    0x31, 0x31, 0x26, 0x06, 0x06, 0x31, 0x1B, 0x1F, 0x31, 0x31, 0x32, 0x31, 0x0A, 0x0D, 0x0A, 0x0C, 0x06, 0x37, 0x14, 0x26, 0x3B, 0x06, 0x30, 0x3B,
    0x03, 0x39, 0x3B, 0x32, 0x32, 0x31, 0x27, 0x32, 0x02, 0x03, 0x11, 0x19, 0x19, 0x03, 0x32, 0x32, 0x32, 0x32, 0x31, 0x32, 0x32, 0x32, 0x00, 0x00,
    0x32, 0x32, 0x32, 0x32, 0x32, 0x32, 0x32, 0x32, 0x32, 0x32, 0x14, 0x2B, 0x02, 0x01, 0x01, 0x32, 0x32, 0x32, 0x1B, 0x27, 0x22, 0x0D, 0x08, 0x08,
    0x08, 0x09, 0x11, 0x1B, 0x1D, 0x1D, 0x1B, 0x1B, 0x1B, 0x12, 0x19, 0x1B, 0x15, 0x0D, 0x0A, 0x0D, 0x0A, 0x16, 0x31, 0x31, 0x3B, 0x32, 0x32, 0x32,
    0x32, 0x32, 0x32, 0x32, 0x32, 0x06, 0x06, 0x26, 0x27, 0x25, 0x0D, 0x0A, 0x0C, 0x21, 0x3B, 0x06, 0x3A, 0x3A, 0x31, 0x3A, 0x0D, 0x0D, 0x15, 0x39,
    0x32, 0x31, 0x06, 0x32, 0x32, 0x32, 0x16, 0x1B, 0x22, 0x22, 0x27, 0x32, 0x32, 0x14, 0x01, 0x11, 0x03, 0x12, 0x15, 0x16, 0x03, 0x03, 0x04, 0x2D,
    0x06, 0x06, 0x31, 0x32, 0x27, 0x27, 0x1B, 0x24, 0x32, 0x32, 0x32, 0x32, 0x0A, 0x08, 0x0A, 0x1C, 0x3A, 0x08, 0x01, 0x31, 0x27, 0x04, 0x25, 0x39,
    0x25, 0x31, 0x21, 0x3B, 0x21, 0x26, 0x32, 0x3B, 0x06, 0x39, 0x19, 0x0A, 0x11, 0x19, 0x32, 0x32, 0x32, 0x32, 0x32, 0x32, 0x32, 0x32, 0x00, 0x00,
    0x32, 0x32, 0x32, 0x32, 0x32, 0x31, 0x32, 0x32, 0x32, 0x32, 0x32, 0x32, 0x32, 0x32, 0x32, 0x32, 0x31, 0x32, 0x32, 0x32, 0x0A, 0x0A, 0x09, 0x0C,
    0x0C, 0x03, 0x22, 0x1B, 0x1D, 0x1B, 0x1B, 0x1B, 0x1B, 0x1B, 0x1F, 0x22, 0x0D, 0x0D, 0x0D, 0x0D, 0x0D, 0x0C, 0x29, 0x02, 0x08, 0x32, 0x32, 0x32,
    0x32, 0x32, 0x32, 0x32, 0x32, 0x06, 0x2B, 0x02, 0x2D, 0x31, 0x01, 0x08, 0x0A, 0x0D, 0x3A, 0x30, 0x3A, 0x31, 0x22, 0x0D, 0x0A, 0x0A, 0x0A, 0x3A,
    0x31, 0x02, 0x05, 0x32, 0x32, 0x32, 0x14, 0x1B, 0x1B, 0x1F, 0x24, 0x32, 0x32, 0x31, 0x31, 0x06, 0x31, 0x31, 0x31, 0x31, 0x31, 0x31, 0x26, 0x06,
    0x06, 0x3F, 0x32, 0x32, 0x24, 0x1F, 0x1B, 0x1B, 0x32, 0x32, 0x32, 0x32, 0x0A, 0x08, 0x37, 0x0A, 0x08, 0x01, 0x06, 0x32, 0x32, 0x31, 0x31, 0x3A,
    0x30, 0x31, 0x27, 0x32, 0x32, 0x32, 0x32, 0x31, 0x3A, 0x16, 0x0D, 0x0A, 0x11, 0x19, 0x32, 0x32, 0x32, 0x32, 0x32, 0x32, 0x32, 0x32, 0x00, 0x00,
    0x32, 0x32, 0x32, 0x32, 0x32, 0x32, 0x32, 0x32, 0x32, 0x32, 0x32, 0x32, 0x32, 0x32, 0x32, 0x32, 0x32, 0x32, 0x32, 0x37, 0x37, 0x37, 0x37, 0x29,
    0x1B, 0x31, 0x31, 0x25, 0x12, 0x12, 0x1B, 0x12, 0x12, 0x1B, 0x13, 0x3A, 0x16, 0x22, 0x0D, 0x12, 0x0C, 0x08, 0x37, 0x37, 0x37, 0x08, 0x01, 0x32,
    0x32, 0x32, 0x32, 0x26, 0x32, 0x30, 0x04, 0x0C, 0x09, 0x14, 0x0A, 0x0A, 0x0B, 0x15, 0x19, 0x31, 0x30, 0x31, 0x13, 0x1B, 0x0D, 0x13, 0x0D, 0x3A,
    0x2B, 0x02, 0x31, 0x32, 0x32, 0x32, 0x14, 0x1B, 0x1B, 0x3F, 0x06, 0x3F, 0x3F, 0x3F, 0x06, 0x2D, 0x3D, 0x06, 0x31, 0x3F, 0x31, 0x31, 0x31, 0x06,
    0x05, 0x05, 0x31, 0x3B, 0x3B, 0x3B, 0x24, 0x24, 0x32, 0x32, 0x32, 0x31, 0x11, 0x0A, 0x09, 0x37, 0x37, 0x0C, 0x2B, 0x31, 0x32, 0x32, 0x32, 0x32,
    0x32, 0x32, 0x32, 0x32, 0x32, 0x32, 0x32, 0x32, 0x16, 0x0A, 0x0A, 0x0D, 0x1C, 0x32, 0x31, 0x32, 0x32, 0x32, 0x32, 0x32, 0x32, 0x32, 0x00, 0x00,
    0x32, 0x32, 0x32, 0x32, 0x32, 0x32, 0x32, 0x32, 0x32, 0x32, 0x32, 0x32, 0x32, 0x32, 0x32, 0x32, 0x32, 0x32, 0x32, 0x37, 0x37, 0x37, 0x37, 0x08,
    0x02, 0x11, 0x1B, 0x1C, 0x22, 0x21, 0x32, 0x25, 0x12, 0x1B, 0x1F, 0x1B, 0x12, 0x04, 0x1B, 0x29, 0x29, 0x08, 0x29, 0x08, 0x37, 0x37, 0x37, 0x32,
    0x32, 0x32, 0x32, 0x26, 0x32, 0x3F, 0x30, 0x2B, 0x08, 0x0C, 0x19, 0x0D, 0x0B, 0x15, 0x21, 0x2D, 0x31, 0x16, 0x03, 0x1D, 0x0D, 0x13, 0x16, 0x3A,
    0x02, 0x2D, 0x32, 0x32, 0x32, 0x32, 0x32, 0x1B, 0x1B, 0x31, 0x31, 0x31, 0x31, 0x31, 0x2D, 0x3D, 0x2D, 0x3D, 0x05, 0x31, 0x3F, 0x3F, 0x06, 0x05,
    0x2D, 0x05, 0x06, 0x30, 0x32, 0x27, 0x27, 0x27, 0x32, 0x31, 0x3B, 0x31, 0x2D, 0x20, 0x20, 0x0A, 0x0A, 0x08, 0x08, 0x29, 0x31, 0x32, 0x32, 0x32,
    0x32, 0x32, 0x32, 0x32, 0x32, 0x32, 0x26, 0x31, 0x0A, 0x0A, 0x15, 0x21, 0x3B, 0x31, 0x31, 0x30, 0x30, 0x32, 0x32, 0x32, 0x32, 0x32, 0x00, 0x00,
    0x32, 0x32, 0x32, 0x32, 0x32, 0x32, 0x32, 0x32, 0x32, 0x32, 0x32, 0x32, 0x32, 0x32, 0x32, 0x32, 0x32, 0x37, 0x37, 0x37, 0x37, 0x37, 0x08, 0x29,
    0x01, 0x02, 0x2B, 0x04, 0x21, 0x06, 0x32, 0x32, 0x1C, 0x1F, 0x1F, 0x12, 0x0A, 0x0D, 0x14, 0x29, 0x0C, 0x0C, 0x29, 0x08, 0x37, 0x08, 0x08, 0x29,
    0x01, 0x2B, 0x32, 0x26, 0x32, 0x06, 0x2D, 0x2D, 0x01, 0x09, 0x21, 0x0A, 0x20, 0x13, 0x31, 0x21, 0x3A, 0x06, 0x25, 0x1C, 0x1B, 0x11, 0x04, 0x39,
    0x04, 0x30, 0x32, 0x32, 0x32, 0x32, 0x32, 0x06, 0x31, 0x21, 0x02, 0x2D, 0x31, 0x06, 0x3D, 0x3D, 0x2D, 0x3D, 0x05, 0x05, 0x32, 0x31, 0x05, 0x05,
    0x05, 0x05, 0x05, 0x31, 0x32, 0x03, 0x2B, 0x06, 0x32, 0x32, 0x32, 0x32, 0x2B, 0x2D, 0x3A, 0x3A, 0x1C, 0x11, 0x0C, 0x09, 0x09, 0x2B, 0x31, 0x31,
    0x32, 0x32, 0x31, 0x31, 0x3A, 0x04, 0x03, 0x0D, 0x20, 0x22, 0x3B, 0x27, 0x3B, 0x30, 0x06, 0x32, 0x30, 0x06, 0x32, 0x32, 0x32, 0x32, 0x00, 0x00,
    0x32, 0x32, 0x32, 0x32, 0x32, 0x32, 0x32, 0x32, 0x32, 0x32, 0x32, 0x32, 0x32, 0x32, 0x32, 0x32, 0x32, 0x37, 0x37, 0x37, 0x08, 0x37, 0x08, 0x29,
    0x02, 0x04, 0x3D, 0x14, 0x2B, 0x06, 0x32, 0x32, 0x31, 0x1B, 0x12, 0x0A, 0x12, 0x13, 0x01, 0x02, 0x2B, 0x01, 0x29, 0x08, 0x08, 0x29, 0x0C, 0x29,
    0x29, 0x01, 0x32, 0x31, 0x32, 0x32, 0x32, 0x31, 0x06, 0x01, 0x39, 0x19, 0x04, 0x11, 0x31, 0x3A, 0x06, 0x39, 0x06, 0x11, 0x25, 0x02, 0x21, 0x03,
    0x06, 0x32, 0x32, 0x32, 0x32, 0x32, 0x32, 0x06, 0x31, 0x14, 0x09, 0x0A, 0x2D, 0x31, 0x05, 0x06, 0x06, 0x06, 0x06, 0x06, 0x31, 0x06, 0x05, 0x06,
    0x06, 0x31, 0x31, 0x31, 0x31, 0x0A, 0x1B, 0x09, 0x32, 0x32, 0x32, 0x2B, 0x2B, 0x04, 0x06, 0x30, 0x3B, 0x31, 0x25, 0x20, 0x19, 0x0C, 0x0C, 0x01,
    0x2B, 0x2D, 0x11, 0x11, 0x0D, 0x0A, 0x1C, 0x3A, 0x27, 0x27, 0x32, 0x32, 0x31, 0x3B, 0x31, 0x30, 0x32, 0x32, 0x32, 0x32, 0x32, 0x32, 0x00, 0x00,
    0x32, 0x32, 0x32, 0x32, 0x32, 0x32, 0x32, 0x32, 0x32, 0x32, 0x32, 0x32, 0x32, 0x32, 0x32, 0x32, 0x08, 0x29, 0x08, 0x29, 0x0C, 0x01, 0x01, 0x02,
    0x01, 0x01, 0x3D, 0x3D, 0x05, 0x30, 0x32, 0x32, 0x32, 0x25, 0x12, 0x12, 0x12, 0x21, 0x2B, 0x02, 0x01, 0x29, 0x02, 0x06, 0x06, 0x14, 0x01, 0x01,
    0x2B, 0x2B, 0x32, 0x06, 0x26, 0x32, 0x32, 0x32, 0x3B, 0x03, 0x2B, 0x3A, 0x04, 0x1C, 0x31, 0x06, 0x39, 0x06, 0x06, 0x16, 0x25, 0x14, 0x39, 0x2B,
    0x06, 0x32, 0x32, 0x32, 0x32, 0x32, 0x32, 0x32, 0x06, 0x15, 0x11, 0x03, 0x06, 0x3F, 0x06, 0x31, 0x06, 0x31, 0x31, 0x31, 0x06, 0x31, 0x06, 0x3F,
    0x31, 0x31, 0x31, 0x3F, 0x31, 0x1C, 0x1B, 0x19, 0x32, 0x32, 0x05, 0x2D, 0x39, 0x06, 0x31, 0x31, 0x32, 0x32, 0x32, 0x32, 0x27, 0x25, 0x0D, 0x37,
    0x08, 0x29, 0x2B, 0x09, 0x0D, 0x21, 0x3B, 0x32, 0x32, 0x32, 0x32, 0x32, 0x32, 0x32, 0x32, 0x3B, 0x31, 0x32, 0x32, 0x32, 0x32, 0x32, 0x00, 0x00,
    0x32, 0x32, 0x32, 0x32, 0x32, 0x32, 0x32, 0x32, 0x32, 0x32, 0x32, 0x32, 0x32, 0x32, 0x32, 0x32, 0x14, 0x01, 0x01, 0x01, 0x01, 0x01, 0x14, 0x05,
    0x06, 0x03, 0x2D, 0x2D, 0x31, 0x31, 0x31, 0x31, 0x31, 0x3B, 0x06, 0x31, 0x31, 0x27, 0x2D, 0x0C, 0x0C, 0x2B, 0x06, 0x06, 0x06, 0x02, 0x02, 0x14,
    0x2D, 0x2B, 0x32, 0x32, 0x31, 0x32, 0x32, 0x32, 0x31, 0x06, 0x31, 0x3B, 0x3B, 0x3B, 0x3A, 0x06, 0x06, 0x3A, 0x39, 0x39, 0x30, 0x31, 0x31, 0x31,
    0x32, 0x32, 0x32, 0x32, 0x32, 0x32, 0x32, 0x32, 0x32, 0x1C, 0x1C, 0x03, 0x25, 0x32, 0x3F, 0x06, 0x31, 0x31, 0x3F, 0x31, 0x31, 0x31, 0x3F, 0x31,
    0x3F, 0x31, 0x31, 0x3F, 0x32, 0x25, 0x3A, 0x21, 0x32, 0x32, 0x3F, 0x32, 0x30, 0x31, 0x32, 0x32, 0x32, 0x32, 0x32, 0x32, 0x32, 0x32, 0x20, 0x08,
    0x0D, 0x21, 0x06, 0x09, 0x15, 0x27, 0x32, 0x32, 0x32, 0x32, 0x32, 0x31, 0x32, 0x32, 0x32, 0x32, 0x32, 0x31, 0x32, 0x32, 0x32, 0x32, 0x00, 0x00,
    0x32, 0x32, 0x32, 0x32, 0x32, 0x32, 0x32, 0x32, 0x32, 0x32, 0x32, 0x32, 0x32, 0x32, 0x32, 0x32, 0x3D, 0x01, 0x02, 0x02, 0x05, 0x14, 0x0C, 0x14,
    0x02, 0x2D, 0x3F, 0x26, 0x3B, 0x3A, 0x39, 0x39, 0x2D, 0x06, 0x06, 0x31, 0x31, 0x32, 0x31, 0x02, 0x06, 0x05, 0x2B, 0x2B, 0x01, 0x14, 0x14, 0x2B,
    0x05, 0x2D, 0x32, 0x32, 0x06, 0x32, 0x32, 0x32, 0x31, 0x31, 0x25, 0x1C, 0x1C, 0x21, 0x31, 0x27, 0x27, 0x32, 0x31, 0x21, 0x19, 0x15, 0x21, 0x3B,
    0x3B, 0x32, 0x32, 0x32, 0x32, 0x32, 0x32, 0x32, 0x32, 0x2D, 0x27, 0x27, 0x32, 0x06, 0x3F, 0x06, 0x3F, 0x31, 0x3F, 0x3F, 0x3F, 0x32, 0x32, 0x31,
    0x3F, 0x31, 0x3F, 0x3F, 0x32, 0x32, 0x32, 0x06, 0x32, 0x32, 0x31, 0x32, 0x3F, 0x32, 0x32, 0x32, 0x3B, 0x31, 0x32, 0x32, 0x32, 0x26, 0x3B, 0x0A,
    0x15, 0x11, 0x03, 0x0D, 0x21, 0x32, 0x32, 0x31, 0x32, 0x32, 0x3F, 0x32, 0x32, 0x32, 0x32, 0x32, 0x32, 0x32, 0x32, 0x32, 0x32, 0x32, 0x00, 0x00,
    0x32, 0x32, 0x32, 0x32, 0x32, 0x32, 0x32, 0x32, 0x32, 0x32, 0x32, 0x32, 0x32, 0x32, 0x32, 0x32, 0x32, 0x02, 0x02, 0x02, 0x2D, 0x31, 0x2D, 0x30,
    0x2D, 0x3F, 0x32, 0x32, 0x3B, 0x31, 0x31, 0x31, 0x31, 0x30, 0x3A, 0x30, 0x30, 0x3A, 0x31, 0x31, 0x32, 0x3D, 0x3D, 0x2B, 0x05, 0x05, 0x2B, 0x05,
    0x06, 0x32, 0x32, 0x32, 0x32, 0x31, 0x32, 0x32, 0x21, 0x03, 0x15, 0x15, 0x19, 0x20, 0x20, 0x3B, 0x32, 0x32, 0x20, 0x15, 0x13, 0x15, 0x1D, 0x1D,
    0x21, 0x3B, 0x32, 0x32, 0x32, 0x32, 0x32, 0x32, 0x32, 0x02, 0x31, 0x32, 0x32, 0x2D, 0x31, 0x31, 0x3F, 0x06, 0x3F, 0x3F, 0x32, 0x32, 0x3F, 0x3F,
    0x3F, 0x31, 0x3F, 0x3F, 0x3F, 0x32, 0x32, 0x39, 0x32, 0x32, 0x06, 0x32, 0x31, 0x32, 0x32, 0x32, 0x32, 0x32, 0x32, 0x32, 0x32, 0x32, 0x27, 0x0D,
    0x0D, 0x15, 0x19, 0x20, 0x3B, 0x32, 0x32, 0x32, 0x32, 0x32, 0x32, 0x32, 0x32, 0x32, 0x32, 0x32, 0x32, 0x32, 0x32, 0x32, 0x32, 0x32, 0x00, 0x00,
    0x32, 0x32, 0x32, 0x32, 0x32, 0x32, 0x32, 0x32, 0x32, 0x32, 0x32, 0x32, 0x32, 0x32, 0x32, 0x32, 0x32, 0x14, 0x14, 0x02, 0x2B, 0x2D, 0x31, 0x31,
    0x06, 0x32, 0x31, 0x30, 0x39, 0x2D, 0x39, 0x04, 0x03, 0x03, 0x2B, 0x2B, 0x2B, 0x2B, 0x2D, 0x06, 0x31, 0x2B, 0x2D, 0x2D, 0x2D, 0x02, 0x3D, 0x30,
    0x06, 0x32, 0x32, 0x32, 0x32, 0x32, 0x32, 0x3A, 0x19, 0x19, 0x19, 0x15, 0x19, 0x19, 0x20, 0x31, 0x31, 0x31, 0x21, 0x15, 0x13, 0x19, 0x1D, 0x22,
    0x24, 0x3B, 0x32, 0x32, 0x32, 0x32, 0x32, 0x32, 0x32, 0x0C, 0x2D, 0x31, 0x3F, 0x02, 0x3F, 0x3F, 0x3F, 0x31, 0x3F, 0x3F, 0x32, 0x32, 0x32, 0x32,
    0x3F, 0x3F, 0x3F, 0x3F, 0x3F, 0x32, 0x31, 0x39, 0x32, 0x32, 0x30, 0x32, 0x32, 0x32, 0x32, 0x32, 0x32, 0x32, 0x32, 0x26, 0x32, 0x31, 0x31, 0x39,
    0x0D, 0x12, 0x19, 0x31, 0x32, 0x31, 0x3A, 0x30, 0x32, 0x32, 0x32, 0x32, 0x32, 0x32, 0x32, 0x32, 0x32, 0x32, 0x32, 0x32, 0x32, 0x32, 0x00, 0x00,
    0x32, 0x32, 0x32, 0x32, 0x32, 0x32, 0x32, 0x32, 0x32, 0x32, 0x32, 0x32, 0x32, 0x32, 0x32, 0x32, 0x32, 0x2B, 0x14, 0x02, 0x3D, 0x3D, 0x2D, 0x06,
    0x06, 0x26, 0x32, 0x32, 0x31, 0x31, 0x31, 0x31, 0x31, 0x31, 0x31, 0x31, 0x31, 0x31, 0x31, 0x26, 0x32, 0x2B, 0x2D, 0x2B, 0x14, 0x2B, 0x2D, 0x30,
    0x06, 0x32, 0x32, 0x32, 0x32, 0x32, 0x31, 0x39, 0x15, 0x11, 0x13, 0x12, 0x13, 0x19, 0x22, 0x31, 0x31, 0x31, 0x25, 0x13, 0x11, 0x15, 0x1C, 0x19,
    0x22, 0x3B, 0x27, 0x32, 0x32, 0x32, 0x32, 0x32, 0x32, 0x0C, 0x01, 0x06, 0x06, 0x2B, 0x3F, 0x3F, 0x31, 0x3F, 0x3F, 0x3F, 0x26, 0x06, 0x31, 0x32,
    0x3F, 0x3F, 0x3F, 0x3F, 0x3F, 0x32, 0x31, 0x0A, 0x32, 0x32, 0x39, 0x32, 0x32, 0x32, 0x32, 0x32, 0x32, 0x32, 0x32, 0x32, 0x32, 0x32, 0x32, 0x32,
    0x32, 0x27, 0x32, 0x32, 0x32, 0x32, 0x32, 0x32, 0x32, 0x31, 0x32, 0x32, 0x32, 0x32, 0x32, 0x32, 0x32, 0x32, 0x32, 0x32, 0x32, 0x32, 0x00, 0x00,
    0x32, 0x32, 0x32, 0x32, 0x32, 0x32, 0x32, 0x32, 0x32, 0x32, 0x32, 0x32, 0x32, 0x32, 0x32, 0x32, 0x32, 0x02, 0x14, 0x02, 0x14, 0x2B, 0x14, 0x14,
    0x2B, 0x26, 0x32, 0x32, 0x32, 0x32, 0x32, 0x32, 0x32, 0x32, 0x32, 0x32, 0x32, 0x32, 0x32, 0x32, 0x31, 0x2B, 0x02, 0x14, 0x14, 0x14, 0x06, 0x30,
    0x06, 0x32, 0x32, 0x32, 0x32, 0x32, 0x26, 0x1C, 0x15, 0x0D, 0x0A, 0x11, 0x15, 0x19, 0x22, 0x3B, 0x32, 0x32, 0x21, 0x13, 0x11, 0x15, 0x11, 0x13,
    0x21, 0x3B, 0x32, 0x32, 0x32, 0x32, 0x32, 0x32, 0x32, 0x0A, 0x14, 0x32, 0x32, 0x32, 0x32, 0x3F, 0x06, 0x3F, 0x3F, 0x32, 0x32, 0x31, 0x3F, 0x32,
    0x3F, 0x3F, 0x3F, 0x3F, 0x3F, 0x32, 0x27, 0x3B, 0x32, 0x32, 0x06, 0x32, 0x32, 0x32, 0x32, 0x32, 0x32, 0x32, 0x32, 0x32, 0x32, 0x32, 0x32, 0x32,
    0x32, 0x32, 0x32, 0x32, 0x32, 0x32, 0x32, 0x32, 0x32, 0x31, 0x32, 0x32, 0x32, 0x32, 0x32, 0x32, 0x32, 0x32, 0x32, 0x32, 0x32, 0x32, 0x00, 0x00,
    0x32, 0x32, 0x32, 0x32, 0x32, 0x32, 0x32, 0x32, 0x32, 0x32, 0x32, 0x32, 0x32, 0x32, 0x32, 0x32, 0x32, 0x02, 0x14, 0x02, 0x02, 0x3D, 0x2B, 0x2B,
    0x02, 0x32, 0x32, 0x32, 0x32, 0x32, 0x32, 0x32, 0x32, 0x32, 0x32, 0x32, 0x32, 0x32, 0x32, 0x32, 0x14, 0x01, 0x14, 0x14, 0x02, 0x14, 0x06, 0x06,
    0x32, 0x32, 0x32, 0x32, 0x32, 0x32, 0x32, 0x39, 0x19, 0x11, 0x13, 0x19, 0x19, 0x20, 0x22, 0x3B, 0x32, 0x32, 0x20, 0x15, 0x15, 0x19, 0x19, 0x19,
    0x21, 0x24, 0x32, 0x32, 0x32, 0x32, 0x32, 0x32, 0x32, 0x31, 0x32, 0x32, 0x32, 0x32, 0x32, 0x3F, 0x3F, 0x31, 0x3F, 0x32, 0x32, 0x32, 0x32, 0x3F,
    0x31, 0x31, 0x31, 0x3F, 0x32, 0x32, 0x3F, 0x32, 0x32, 0x32, 0x32, 0x3F, 0x32, 0x32, 0x32, 0x32, 0x32, 0x3F, 0x32, 0x32, 0x32, 0x32, 0x32, 0x32,
    0x32, 0x32, 0x32, 0x32, 0x32, 0x32, 0x32, 0x32, 0x32, 0x32, 0x32, 0x32, 0x32, 0x32, 0x32, 0x32, 0x32, 0x32, 0x32, 0x32, 0x32, 0x32, 0x00, 0x00,
    0x32, 0x32, 0x32, 0x32, 0x32, 0x32, 0x32, 0x32, 0x32, 0x32, 0x32, 0x32, 0x32, 0x32, 0x32, 0x32, 0x32, 0x32, 0x01, 0x02, 0x02, 0x2B, 0x2D, 0x3D,
    0x2B, 0x32, 0x32, 0x32, 0x32, 0x32, 0x32, 0x32, 0x32, 0x32, 0x32, 0x32, 0x32, 0x32, 0x32, 0x32, 0x01, 0x02, 0x2B, 0x14, 0x02, 0x2B, 0x06, 0x32,
    0x32, 0x32, 0x32, 0x32, 0x32, 0x32, 0x32, 0x03, 0x1C, 0x15, 0x15, 0x20, 0x20, 0x22, 0x24, 0x3B, 0x32, 0x32, 0x1C, 0x19, 0x19, 0x19, 0x19, 0x19,
    0x24, 0x32, 0x32, 0x32, 0x32, 0x32, 0x32, 0x32, 0x32, 0x31, 0x32, 0x32, 0x26, 0x32, 0x32, 0x31, 0x06, 0x06, 0x31, 0x3F, 0x32, 0x32, 0x32, 0x32,
    0x3F, 0x3F, 0x32, 0x32, 0x32, 0x32, 0x32, 0x32, 0x32, 0x32, 0x32, 0x32, 0x32, 0x32, 0x32, 0x32, 0x32, 0x32, 0x32, 0x32, 0x32, 0x32, 0x32, 0x32,
    0x32, 0x32, 0x32, 0x32, 0x32, 0x32, 0x32, 0x32, 0x32, 0x3F, 0x32, 0x32, 0x32, 0x32, 0x32, 0x32, 0x32, 0x32, 0x32, 0x32, 0x32, 0x32, 0x00, 0x00,
    0x32, 0x32, 0x32, 0x32, 0x32, 0x32, 0x32, 0x32, 0x32, 0x32, 0x32, 0x32, 0x32, 0x32, 0x32, 0x32, 0x32, 0x32, 0x14, 0x14, 0x02, 0x14, 0x04, 0x05,
    0x2B, 0x32, 0x32, 0x32, 0x32, 0x32, 0x32, 0x32, 0x32, 0x32, 0x32, 0x32, 0x32, 0x32, 0x32, 0x32, 0x01, 0x02, 0x2B, 0x02, 0x02, 0x04, 0x06, 0x32,
    0x32, 0x32, 0x32, 0x32, 0x32, 0x32, 0x32, 0x32, 0x20, 0x19, 0x15, 0x20, 0x20, 0x21, 0x22, 0x3B, 0x32, 0x32, 0x20, 0x15, 0x15, 0x15, 0x13, 0x20,
    0x32, 0x32, 0x32, 0x32, 0x32, 0x32, 0x32, 0x32, 0x32, 0x3F, 0x32, 0x32, 0x26, 0x26, 0x26, 0x32, 0x26, 0x3F, 0x31, 0x31, 0x31, 0x32, 0x32, 0x32,
    0x3F, 0x3F, 0x3F, 0x3F, 0x31, 0x32, 0x32, 0x32, 0x32, 0x32, 0x32, 0x32, 0x32, 0x32, 0x32, 0x32, 0x32, 0x32, 0x32, 0x32, 0x32, 0x32, 0x32, 0x32,
    0x32, 0x32, 0x32, 0x32, 0x32, 0x32, 0x32, 0x32, 0x32, 0x32, 0x32, 0x32, 0x32, 0x32, 0x32, 0x32, 0x32, 0x32, 0x32, 0x32, 0x32, 0x32, 0x00, 0x00,
    0x32, 0x32, 0x32, 0x32, 0x32, 0x32, 0x32, 0x32, 0x32, 0x32, 0x32, 0x32, 0x32, 0x32, 0x32, 0x32, 0x32, 0x32, 0x32, 0x02, 0x14, 0x14, 0x2B, 0x04,
    0x04, 0x32, 0x32, 0x32, 0x32, 0x32, 0x32, 0x32, 0x32, 0x32, 0x32, 0x32, 0x32, 0x32, 0x32, 0x32, 0x01, 0x14, 0x3D, 0x02, 0x14, 0x06, 0x06, 0x32,
    0x32, 0x32, 0x32, 0x32, 0x32, 0x32, 0x32, 0x32, 0x21, 0x19, 0x15, 0x19, 0x20, 0x20, 0x22, 0x32, 0x32, 0x32, 0x21, 0x15, 0x13, 0x13, 0x15, 0x21,
    0x32, 0x32, 0x32, 0x32, 0x32, 0x32, 0x32, 0x32, 0x32, 0x31, 0x32, 0x31, 0x31, 0x31, 0x26, 0x26, 0x31, 0x31, 0x31, 0x31, 0x31, 0x31, 0x32, 0x32,
    0x31, 0x3F, 0x32, 0x32, 0x32, 0x32, 0x32, 0x32, 0x32, 0x32, 0x32, 0x3F, 0x32, 0x32, 0x32, 0x32, 0x32, 0x32, 0x32, 0x32, 0x32, 0x32, 0x32, 0x32,
    0x32, 0x32, 0x32, 0x32, 0x32, 0x32, 0x32, 0x32, 0x32, 0x32, 0x32, 0x32, 0x32, 0x32, 0x32, 0x32, 0x32, 0x32, 0x32, 0x32, 0x32, 0x32, 0x00, 0x00,
    0x32, 0x32, 0x32, 0x32, 0x32, 0x32, 0x32, 0x32, 0x32, 0x32, 0x32, 0x32, 0x32, 0x32, 0x32, 0x32, 0x32, 0x32, 0x32, 0x0C, 0x02, 0x14, 0x02, 0x02,
    0x2D, 0x3D, 0x32, 0x32, 0x32, 0x32, 0x32, 0x32, 0x32, 0x32, 0x32, 0x32, 0x32, 0x32, 0x32, 0x32, 0x14, 0x14, 0x01, 0x02, 0x04, 0x30, 0x2D, 0x32,
    0x32, 0x32, 0x32, 0x32, 0x32, 0x32, 0x32, 0x32, 0x32, 0x1C, 0x13, 0x19, 0x20, 0x20, 0x24, 0x32, 0x3F, 0x32, 0x31, 0x13, 0x13, 0x13, 0x19, 0x21,
    0x32, 0x32, 0x32, 0x32, 0x32, 0x32, 0x32, 0x32, 0x32, 0x31, 0x26, 0x31, 0x31, 0x31, 0x31, 0x32, 0x32, 0x31, 0x31, 0x32, 0x31, 0x31, 0x31, 0x31,
    0x31, 0x31, 0x32, 0x32, 0x32, 0x32, 0x32, 0x32, 0x32, 0x32, 0x32, 0x3F, 0x3F, 0x32, 0x32, 0x32, 0x32, 0x32, 0x32, 0x3F, 0x32, 0x32, 0x32, 0x32,
    0x32, 0x32, 0x3F, 0x31, 0x3F, 0x32, 0x32, 0x32, 0x32, 0x32, 0x32, 0x32, 0x32, 0x32, 0x32, 0x32, 0x32, 0x32, 0x32, 0x32, 0x32, 0x32, 0x00, 0x00,
    0x32, 0x32, 0x32, 0x32, 0x32, 0x32, 0x32, 0x32, 0x32, 0x32, 0x32, 0x32, 0x32, 0x32, 0x32, 0x32, 0x32, 0x32, 0x32, 0x32, 0x02, 0x02, 0x2D, 0x3D,
    0x14, 0x2B, 0x32, 0x32, 0x32, 0x32, 0x32, 0x32, 0x32, 0x32, 0x32, 0x32, 0x32, 0x32, 0x32, 0x32, 0x3D, 0x14, 0x01, 0x2B, 0x06, 0x04, 0x32, 0x32,
    0x32, 0x32, 0x32, 0x32, 0x32, 0x32, 0x32, 0x32, 0x32, 0x21, 0x19, 0x19, 0x20, 0x20, 0x24, 0x32, 0x32, 0x32, 0x31, 0x15, 0x13, 0x15, 0x1C, 0x32,
    0x32, 0x32, 0x32, 0x32, 0x32, 0x32, 0x32, 0x32, 0x32, 0x3B, 0x31, 0x31, 0x26, 0x26, 0x31, 0x32, 0x32, 0x06, 0x2D, 0x26, 0x31, 0x31, 0x31, 0x31,
    0x31, 0x31, 0x06, 0x32, 0x32, 0x26, 0x32, 0x32, 0x32, 0x32, 0x32, 0x32, 0x31, 0x32, 0x32, 0x32, 0x32, 0x32, 0x32, 0x32, 0x32, 0x32, 0x32, 0x32,
    0x32, 0x32, 0x32, 0x32, 0x32, 0x32, 0x32, 0x32, 0x32, 0x32, 0x32, 0x32, 0x32, 0x32, 0x32, 0x32, 0x32, 0x32, 0x32, 0x32, 0x32, 0x32, 0x00, 0x00,
    0x32, 0x32, 0x32, 0x32, 0x32, 0x32, 0x32, 0x32, 0x32, 0x32, 0x32, 0x32, 0x32, 0x32, 0x32, 0x32, 0x32, 0x32, 0x32, 0x32, 0x14, 0x02, 0x05, 0x06,
    0x06, 0x2B, 0x32, 0x32, 0x32, 0x32, 0x32, 0x32, 0x32, 0x32, 0x32, 0x32, 0x32, 0x32, 0x32, 0x32, 0x01, 0x0C, 0x02, 0x2D, 0x05, 0x2D, 0x32, 0x32,
    0x32, 0x32, 0x32, 0x32, 0x32, 0x32, 0x32, 0x32, 0x32, 0x32, 0x19, 0x19, 0x20, 0x20, 0x3B, 0x32, 0x32, 0x32, 0x31, 0x15, 0x13, 0x19, 0x19, 0x32,
    0x32, 0x32, 0x32, 0x32, 0x32, 0x32, 0x32, 0x32, 0x32, 0x32, 0x31, 0x26, 0x26, 0x26, 0x26, 0x32, 0x32, 0x26, 0x26, 0x31, 0x31, 0x31, 0x31, 0x31,
    0x31, 0x26, 0x31, 0x32, 0x32, 0x26, 0x31, 0x32, 0x32, 0x32, 0x32, 0x32, 0x31, 0x32, 0x32, 0x32, 0x32, 0x32, 0x32, 0x32, 0x32, 0x32, 0x32, 0x32,
    0x32, 0x32, 0x32, 0x32, 0x32, 0x32, 0x32, 0x32, 0x32, 0x32, 0x32, 0x32, 0x32, 0x32, 0x32, 0x32, 0x32, 0x32, 0x32, 0x32, 0x32, 0x32, 0x00, 0x00,
    0x32, 0x32, 0x32, 0x32, 0x32, 0x32, 0x32, 0x32, 0x32, 0x32, 0x32, 0x32, 0x32, 0x32, 0x32, 0x32, 0x32, 0x32, 0x32, 0x32, 0x02, 0x3D, 0x02, 0x02,
    0x2B, 0x02, 0x32, 0x32, 0x32, 0x32, 0x32, 0x32, 0x32, 0x32, 0x32, 0x32, 0x32, 0x32, 0x32, 0x32, 0x0C, 0x02, 0x2B, 0x04, 0x06, 0x32, 0x32, 0x32,
    0x32, 0x32, 0x32, 0x32, 0x32, 0x32, 0x32, 0x32, 0x32, 0x32, 0x20, 0x15, 0x19, 0x20, 0x3B, 0x32, 0x32, 0x32, 0x31, 0x15, 0x11, 0x15, 0x20, 0x32,
    0x32, 0x32, 0x32, 0x32, 0x32, 0x32, 0x32, 0x32, 0x32, 0x32, 0x31, 0x26, 0x26, 0x26, 0x26, 0x26, 0x31, 0x06, 0x31, 0x31, 0x31, 0x31, 0x31, 0x26,
    0x2B, 0x26, 0x31, 0x26, 0x32, 0x26, 0x32, 0x32, 0x32, 0x32, 0x32, 0x32, 0x31, 0x32, 0x32, 0x32, 0x32, 0x32, 0x32, 0x32, 0x32, 0x32, 0x32, 0x32,
    0x32, 0x32, 0x32, 0x32, 0x32, 0x32, 0x32, 0x32, 0x32, 0x31, 0x32, 0x32, 0x32, 0x32, 0x32, 0x32, 0x32, 0x32, 0x32, 0x32, 0x32, 0x32, 0x00, 0x00,
    0x32, 0x32, 0x32, 0x32, 0x32, 0x32, 0x32, 0x32, 0x32, 0x32, 0x32, 0x32, 0x32, 0x32, 0x32, 0x32, 0x32, 0x32, 0x32, 0x32, 0x14, 0x05, 0x3D, 0x2B,
    0x3D, 0x14, 0x06, 0x32, 0x32, 0x32, 0x32, 0x32, 0x32, 0x32, 0x32, 0x32, 0x32, 0x32, 0x32, 0x32, 0x14, 0x01, 0x14, 0x3D, 0x31, 0x32, 0x32, 0x32,
    0x32, 0x32, 0x32, 0x32, 0x32, 0x32, 0x32, 0x32, 0x32, 0x32, 0x20, 0x15, 0x19, 0x20, 0x3B, 0x32, 0x32, 0x32, 0x31, 0x15, 0x11, 0x19, 0x21, 0x32,
    0x32, 0x32, 0x32, 0x32, 0x32, 0x32, 0x32, 0x32, 0x32, 0x32, 0x31, 0x26, 0x26, 0x26, 0x26, 0x26, 0x32, 0x2B, 0x06, 0x06, 0x26, 0x31, 0x31, 0x26,
    0x2B, 0x06, 0x06, 0x26, 0x32, 0x26, 0x27, 0x32, 0x32, 0x32, 0x32, 0x32, 0x32, 0x32, 0x31, 0x32, 0x32, 0x32, 0x32, 0x32, 0x32, 0x32, 0x32, 0x32,
    0x32, 0x32, 0x32, 0x32, 0x32, 0x32, 0x32, 0x32, 0x32, 0x31, 0x3F, 0x32, 0x32, 0x32, 0x32, 0x32, 0x32, 0x32, 0x32, 0x32, 0x32, 0x32, 0x00, 0x00,
    0x32, 0x32, 0x32, 0x32, 0x32, 0x32, 0x32, 0x32, 0x32, 0x32, 0x32, 0x32, 0x32, 0x32, 0x32, 0x32, 0x32, 0x32, 0x32, 0x32, 0x32, 0x02, 0x02, 0x14,
    0x06, 0x39, 0x31, 0x32, 0x32, 0x32, 0x32, 0x32, 0x32, 0x32, 0x32, 0x32, 0x32, 0x32, 0x32, 0x32, 0x01, 0x02, 0x02, 0x14, 0x32, 0x32, 0x32, 0x32,
    0x32, 0x32, 0x32, 0x32, 0x32, 0x32, 0x32, 0x32, 0x32, 0x32, 0x22, 0x19, 0x15, 0x20, 0x3B, 0x32, 0x32, 0x32, 0x31, 0x15, 0x15, 0x1C, 0x32, 0x32,
    0x32, 0x32, 0x32, 0x32, 0x32, 0x32, 0x32, 0x32, 0x32, 0x32, 0x31, 0x26, 0x26, 0x26, 0x26, 0x26, 0x26, 0x2B, 0x06, 0x06, 0x32, 0x31, 0x26, 0x26,
    0x2D, 0x2D, 0x31, 0x26, 0x32, 0x26, 0x32, 0x32, 0x32, 0x32, 0x32, 0x32, 0x32, 0x05, 0x26, 0x06, 0x2D, 0x32, 0x32, 0x32, 0x32, 0x32, 0x32, 0x32,
    0x32, 0x32, 0x32, 0x32, 0x32, 0x32, 0x32, 0x32, 0x32, 0x2B, 0x08, 0x14, 0x32, 0x32, 0x32, 0x32, 0x32, 0x32, 0x32, 0x32, 0x32, 0x32, 0x00, 0x00,
    0x32, 0x32, 0x32, 0x32, 0x32, 0x32, 0x32, 0x32, 0x32, 0x32, 0x32, 0x32, 0x32, 0x32, 0x32, 0x32, 0x32, 0x32, 0x32, 0x32, 0x32, 0x14, 0x2B, 0x06,
    0x06, 0x0C, 0x01, 0x32, 0x32, 0x32, 0x32, 0x32, 0x32, 0x32, 0x32, 0x32, 0x32, 0x32, 0x32, 0x09, 0x08, 0x29, 0x31, 0x32, 0x32, 0x32, 0x32, 0x32,
    0x32, 0x32, 0x32, 0x32, 0x32, 0x32, 0x32, 0x32, 0x32, 0x32, 0x32, 0x20, 0x19, 0x20, 0x3B, 0x32, 0x32, 0x32, 0x31, 0x15, 0x15, 0x24, 0x32, 0x32,
    0x32, 0x32, 0x32, 0x32, 0x32, 0x32, 0x32, 0x32, 0x32, 0x32, 0x31, 0x26, 0x26, 0x26, 0x26, 0x26, 0x31, 0x2B, 0x02, 0x2D, 0x31, 0x31, 0x31, 0x31,
    0x2B, 0x2D, 0x31, 0x31, 0x31, 0x26, 0x26, 0x32, 0x32, 0x32, 0x32, 0x32, 0x32, 0x14, 0x31, 0x2B, 0x3D, 0x32, 0x32, 0x32, 0x32, 0x32, 0x32, 0x32,
    0x32, 0x32, 0x32, 0x32, 0x32, 0x32, 0x32, 0x32, 0x32, 0x2B, 0x08, 0x29, 0x08, 0x32, 0x32, 0x32, 0x32, 0x32, 0x32, 0x32, 0x32, 0x32, 0x00, 0x00,
    0x32, 0x32, 0x32, 0x32, 0x32, 0x32, 0x32, 0x32, 0x32, 0x32, 0x32, 0x32, 0x32, 0x32, 0x32, 0x32, 0x32, 0x32, 0x32, 0x32, 0x32, 0x08, 0x14, 0x29,
    0x0C, 0x03, 0x03, 0x32, 0x32, 0x32, 0x32, 0x32, 0x32, 0x32, 0x32, 0x32, 0x32, 0x32, 0x32, 0x0A, 0x37, 0x08, 0x2B, 0x32, 0x32, 0x32, 0x32, 0x32,
    0x32, 0x32, 0x32, 0x32, 0x32, 0x32, 0x32, 0x32, 0x32, 0x32, 0x32, 0x22, 0x19, 0x20, 0x3B, 0x32, 0x32, 0x32, 0x31, 0x15, 0x20, 0x24, 0x32, 0x32,
    0x32, 0x32, 0x32, 0x32, 0x32, 0x32, 0x32, 0x32, 0x32, 0x32, 0x32, 0x31, 0x26, 0x26, 0x26, 0x26, 0x06, 0x2D, 0x2B, 0x06, 0x26, 0x26, 0x31, 0x2D,
    0x2D, 0x31, 0x31, 0x26, 0x32, 0x26, 0x32, 0x32, 0x32, 0x32, 0x32, 0x32, 0x32, 0x31, 0x32, 0x06, 0x05, 0x32, 0x32, 0x32, 0x32, 0x32, 0x32, 0x32,
    0x32, 0x32, 0x32, 0x32, 0x32, 0x32, 0x32, 0x32, 0x32, 0x2B, 0x08, 0x2B, 0x2D, 0x32, 0x32, 0x32, 0x32, 0x32, 0x32, 0x32, 0x32, 0x32, 0x00, 0x00,
    0x32, 0x32, 0x32, 0x32, 0x32, 0x32, 0x32, 0x32, 0x32, 0x32, 0x32, 0x32, 0x32, 0x32, 0x32, 0x32, 0x32, 0x32, 0x32, 0x32, 0x0C, 0x08, 0x29, 0x29,
    0x01, 0x20, 0x39, 0x32, 0x32, 0x32, 0x32, 0x32, 0x32, 0x32, 0x32, 0x32, 0x32, 0x32, 0x01, 0x0C, 0x37, 0x37, 0x37, 0x29, 0x01, 0x32, 0x32, 0x32,
    0x32, 0x32, 0x32, 0x32, 0x32, 0x32, 0x32, 0x32, 0x32, 0x32, 0x32, 0x20, 0x20, 0x1C, 0x25, 0x32, 0x32, 0x32, 0x25, 0x15, 0x21, 0x32, 0x32, 0x32,
    0x32, 0x32, 0x32, 0x32, 0x32, 0x32, 0x32, 0x32, 0x32, 0x32, 0x32, 0x31, 0x31, 0x31, 0x31, 0x31, 0x31, 0x31, 0x31, 0x26, 0x31, 0x31, 0x32, 0x31,
    0x31, 0x26, 0x32, 0x32, 0x32, 0x32, 0x32, 0x32, 0x32, 0x32, 0x32, 0x32, 0x32, 0x3B, 0x31, 0x32, 0x32, 0x32, 0x32, 0x32, 0x32, 0x32, 0x32, 0x32,
    0x32, 0x32, 0x32, 0x32, 0x32, 0x32, 0x32, 0x32, 0x32, 0x31, 0x31, 0x32, 0x32, 0x32, 0x32, 0x32, 0x32, 0x32, 0x32, 0x32, 0x32, 0x32, 0x00, 0x00,
    0x32, 0x32, 0x32, 0x32, 0x32, 0x32, 0x32, 0x32, 0x32, 0x32, 0x32, 0x32, 0x32, 0x32, 0x32, 0x32, 0x32, 0x32, 0x32, 0x32, 0x09, 0x08, 0x09, 0x11,
    0x03, 0x3A, 0x39, 0x32, 0x32, 0x32, 0x32, 0x32, 0x32, 0x32, 0x32, 0x32, 0x32, 0x32, 0x01, 0x14, 0x01, 0x09, 0x08, 0x0C, 0x09, 0x32, 0x32, 0x32,
    0x32, 0x32, 0x32, 0x32, 0x32, 0x32, 0x32, 0x32, 0x32, 0x32, 0x32, 0x1C, 0x15, 0x15, 0x21, 0x32, 0x32, 0x32, 0x20, 0x15, 0x20, 0x32, 0x32, 0x32,
    0x32, 0x32, 0x32, 0x32, 0x32, 0x32, 0x32, 0x32, 0x32, 0x32, 0x32, 0x32, 0x32, 0x32, 0x32, 0x32, 0x32, 0x32, 0x32, 0x32, 0x32, 0x32, 0x32, 0x32,
    0x32, 0x32, 0x32, 0x32, 0x32, 0x32, 0x32, 0x32, 0x32, 0x32, 0x32, 0x32, 0x32, 0x3B, 0x32, 0x32, 0x32, 0x32, 0x32, 0x32, 0x32, 0x32, 0x32, 0x32,
    0x32, 0x32, 0x32, 0x32, 0x32, 0x32, 0x32, 0x32, 0x32, 0x32, 0x32, 0x32, 0x32, 0x32, 0x32, 0x32, 0x32, 0x32, 0x32, 0x32, 0x32, 0x32, 0x00, 0x00,
    0x32, 0x32, 0x32, 0x32, 0x32, 0x32, 0x32, 0x32, 0x32, 0x32, 0x32, 0x32, 0x32, 0x32, 0x32, 0x32, 0x32, 0x15, 0x29, 0x29, 0x37, 0x08, 0x01, 0x39,
    0x3B, 0x3B, 0x31, 0x32, 0x32, 0x32, 0x32, 0x32, 0x32, 0x32, 0x32, 0x32, 0x32, 0x32, 0x0C, 0x14, 0x14, 0x0C, 0x37, 0x09, 0x09, 0x0C, 0x14, 0x32,
    0x32, 0x32, 0x32, 0x32, 0x32, 0x32, 0x32, 0x32, 0x32, 0x32, 0x32, 0x15, 0x16, 0x19, 0x21, 0x32, 0x32, 0x32, 0x19, 0x15, 0x20, 0x21, 0x32, 0x32,
    0x32, 0x32, 0x32, 0x32, 0x32, 0x32, 0x32, 0x32, 0x32, 0x32, 0x32, 0x32, 0x32, 0x32, 0x32, 0x32, 0x32, 0x32, 0x32, 0x32, 0x32, 0x32, 0x32, 0x32,
    0x32, 0x32, 0x32, 0x32, 0x32, 0x32, 0x32, 0x32, 0x32, 0x32, 0x32, 0x32, 0x32, 0x3B, 0x32, 0x32, 0x32, 0x32, 0x32, 0x32, 0x32, 0x32, 0x32, 0x32,
    0x32, 0x32, 0x32, 0x32, 0x32, 0x32, 0x32, 0x32, 0x32, 0x32, 0x32, 0x31, 0x32, 0x32, 0x32, 0x32, 0x32, 0x32, 0x32, 0x32, 0x32, 0x32, 0x00, 0x00,
    0x32, 0x32, 0x32, 0x32, 0x32, 0x32, 0x32, 0x32, 0x32, 0x32, 0x32, 0x32, 0x32, 0x32, 0x32, 0x32, 0x32, 0x32, 0x32, 0x32, 0x32, 0x32, 0x32, 0x32,
    0x32, 0x32, 0x32, 0x32, 0x32, 0x32, 0x32, 0x32, 0x32, 0x32, 0x32, 0x32, 0x32, 0x32, 0x32, 0x32, 0x32, 0x0C, 0x29, 0x0C, 0x01, 0x01, 0x14, 0x32,
    0x32, 0x32, 0x32, 0x32, 0x32, 0x32, 0x32, 0x32, 0x32, 0x32, 0x32, 0x15, 0x04, 0x21, 0x39, 0x32, 0x32, 0x27, 0x03, 0x2D, 0x25, 0x3A, 0x32, 0x32,
    0x32, 0x32, 0x32, 0x32, 0x32, 0x32, 0x32, 0x32, 0x32, 0x32, 0x32, 0x32, 0x32, 0x32, 0x32, 0x32, 0x32, 0x32, 0x32, 0x32, 0x32, 0x32, 0x32, 0x32,
    0x32, 0x32, 0x32, 0x32, 0x32, 0x32, 0x32, 0x32, 0x32, 0x32, 0x32, 0x32, 0x3B, 0x32, 0x32, 0x32, 0x32, 0x32, 0x32, 0x32, 0x32, 0x32, 0x32, 0x32,
    0x32, 0x32, 0x32, 0x32, 0x32, 0x32, 0x32, 0x32, 0x32, 0x32, 0x32, 0x32, 0x32, 0x32, 0x32, 0x32, 0x32, 0x32, 0x32, 0x32, 0x32, 0x32, 0x00, 0x00,
    0x32, 0x32, 0x32, 0x32, 0x32, 0x32, 0x32, 0x32, 0x32, 0x32, 0x32, 0x32, 0x32, 0x32, 0x32, 0x32, 0x32, 0x32, 0x32, 0x32, 0x32, 0x32, 0x32, 0x32,
    0x32, 0x32, 0x32, 0x32, 0x32, 0x32, 0x32, 0x32, 0x32, 0x32, 0x32, 0x32, 0x32, 0x32, 0x32, 0x32, 0x32, 0x0C, 0x01, 0x01, 0x11, 0x16, 0x32, 0x32,
    0x32, 0x32, 0x32, 0x32, 0x32, 0x32, 0x32, 0x32, 0x32, 0x32, 0x32, 0x03, 0x2B, 0x14, 0x39, 0x32, 0x32, 0x27, 0x03, 0x2B, 0x2C, 0x39, 0x32, 0x32,
    0x32, 0x32, 0x32, 0x32, 0x32, 0x32, 0x32, 0x32, 0x32, 0x32, 0x32, 0x32, 0x32, 0x32, 0x32, 0x32, 0x32, 0x32, 0x32, 0x32, 0x32, 0x32, 0x32, 0x32,
    0x32, 0x32, 0x32, 0x32, 0x32, 0x32, 0x32, 0x32, 0x32, 0x32, 0x32, 0x32, 0x32, 0x32, 0x32, 0x32, 0x32, 0x32, 0x32, 0x32, 0x32, 0x32, 0x32, 0x32,
    0x32, 0x32, 0x32, 0x32, 0x32, 0x32, 0x32, 0x32, 0x32, 0x32, 0x32, 0x32, 0x32, 0x32, 0x32, 0x32, 0x32, 0x32, 0x32, 0x32, 0x32, 0x32, 0x00, 0x00,
    0x32, 0x32, 0x32, 0x32, 0x32, 0x32, 0x32, 0x32, 0x32, 0x32, 0x32, 0x32, 0x32, 0x32, 0x32, 0x32, 0x32, 0x32, 0x32, 0x32, 0x32, 0x32, 0x32, 0x32,
    0x32, 0x32, 0x32, 0x32, 0x32, 0x32, 0x32, 0x32, 0x32, 0x32, 0x32, 0x32, 0x32, 0x32, 0x32, 0x32, 0x32, 0x32, 0x32, 0x32, 0x32, 0x32, 0x32, 0x32,
    0x32, 0x32, 0x32, 0x32, 0x32, 0x32, 0x32, 0x32, 0x32, 0x32, 0x32, 0x31, 0x31, 0x32, 0x31, 0x06, 0x30, 0x30, 0x31, 0x3B, 0x32, 0x31, 0x32, 0x32,
    0x32, 0x32, 0x32, 0x32, 0x32, 0x32, 0x32, 0x32, 0x32, 0x32, 0x32, 0x32, 0x32, 0x32, 0x32, 0x32, 0x32, 0x32, 0x32, 0x32, 0x32, 0x32, 0x32, 0x32,
    0x32, 0x32, 0x32, 0x32, 0x32, 0x32, 0x32, 0x32, 0x32, 0x32, 0x32, 0x32, 0x32, 0x32, 0x32, 0x32, 0x32, 0x32, 0x32, 0x32, 0x32, 0x32, 0x32, 0x32,
    0x32, 0x32, 0x32, 0x32, 0x32, 0x32, 0x32, 0x32, 0x32, 0x32, 0x32, 0x32, 0x32, 0x32, 0x32, 0x32, 0x32, 0x32, 0x32, 0x32, 0x32, 0x32, 0x00, 0x00,
};

static const uint8_t px_wm_progress_h4_04a21b20[] __attribute__((aligned(8))) = {
    0x0F, 0x08, 0x06, 0x06, 0x06, 0x06, 0x06, 0x06, 0x04, 0x04, 0x03, 0x04, 0x04, 0x04, 0x03, 0x04, 0x04, 0x04, 0x03, 0x04, 0x04, 0x03, 0x04, 0x04,
    0x03, 0x03, 0x04, 0x04, 0x04, 0x04, 0x04, 0x03, 0x03, 0x04, 0x03, 0x03, 0x04, 0x03, 0x04, 0x03, 0x03, 0x03, 0x03, 0x03, 0x02, 0x02, 0x03, 0x02,
    0x02, 0x02, 0x03, 0x02, 0x02, 0x02, 0x02, 0x02, 0x02, 0x01, 0x02, 0x02, 0x02, 0x02, 0x01, 0x02, 0x01, 0x02, 0x01, 0x02, 0x01, 0x01, 0x01, 0x01,
    0x02, 0x01, 0x02, 0x01, 0x02, 0x02, 0x01, 0x02, 0x01, 0x01, 0x01, 0x02, 0x02, 0x01, 0x02, 0x01, 0x02, 0x01, 0x02, 0x02, 0x01, 0x02, 0x02, 0x02,
    0x02, 0x02, 0x02, 0x02, 0x01, 0x02, 0x03, 0x02, 0x02, 0x02, 0x02, 0x02, 0x02, 0x01, 0x02, 0x02, 0x02, 0x02, 0x01, 0x02, 0x01, 0x02, 0x01, 0x02,
    0x01, 0x01, 0x01, 0x01, 0x02, 0x01, 0x02, 0x01, 0x02, 0x02, 0x01, 0x02, 0x01, 0x01, 0x01, 0x02, 0x02, 0x01, 0x02, 0x01, 0x02, 0x01, 0x02, 0x02,
    0x01, 0x02, 0x02, 0x02, 0x02, 0x02, 0x02, 0x02, 0x01, 0x02, 0x02, 0x02, 0x03, 0x01, 0x03, 0x02, 0x02, 0x02, 0x02, 0x02, 0x02, 0x03, 0x02, 0x02,
    0x01, 0x02, 0x02, 0x02, 0x01, 0x02, 0x02, 0x01, 0x02, 0x02, 0x02, 0x01, 0x02, 0x02, 0x02, 0x02, 0x01, 0x02, 0x01, 0x02, 0x01, 0x02, 0x01, 0x01,
    0x0F, 0x0F, 0x0F, 0x0E, 0x0E, 0x0E, 0x0E, 0x0E, 0x0E, 0x0E, 0x0E, 0x0E, 0x0E, 0x0E, 0x0E, 0x0E, 0x0E, 0x0E, 0x0E, 0x0E, 0x0E, 0x0E, 0x0E, 0x0E,
    0x0E, 0x0E, 0x0E, 0x0E, 0x0E, 0x0E, 0x0E, 0x0E, 0x0E, 0x0E, 0x0E, 0x0E, 0x0E, 0x0E, 0x0E, 0x0F, 0x0F, 0x0F, 0x0F, 0x0F, 0x0F, 0x0F, 0x0F, 0x0F,
    0x0F, 0x0D, 0x0D, 0x0D, 0x0F, 0x0D, 0x0D, 0x0E, 0x0D, 0x0D, 0x0B, 0x0D, 0x0E, 0x0D, 0x0F, 0x0F, 0x0F, 0x0D, 0x0F, 0x0E, 0x0F, 0x0D, 0x0C, 0x0F,
    0x0F, 0x0F, 0x0F, 0x0F, 0x0F, 0x0F, 0x0C, 0x0C, 0x0F, 0x0F, 0x0F, 0x0F, 0x0F, 0x0F, 0x0F, 0x0F, 0x0F, 0x0F, 0x0F, 0x0F, 0x0F, 0x0F, 0x0D, 0x0E,
    0x0D, 0x0E, 0x0E, 0x0D, 0x0E, 0x0D, 0x0D, 0x0D, 0x0D, 0x0D, 0x0E, 0x0E, 0x0F, 0x0F, 0x0F, 0x0F, 0x0F, 0x0F, 0x0F, 0x0F, 0x0F, 0x0F, 0x0F, 0x0D,
    0x0D, 0x0D, 0x0F, 0x0D, 0x0D, 0x0E, 0x0D, 0x0D, 0x0B, 0x0D, 0x0E, 0x0D, 0x0F, 0x0F, 0x0F, 0x0D, 0x0F, 0x0E, 0x0F, 0x0D, 0x0C, 0x0F, 0x0F, 0x0F,
    0x0F, 0x0F, 0x0F, 0x0F, 0x0C, 0x0A, 0x0F, 0x0F, 0x0F, 0x0F, 0x0F, 0x0F, 0x0F, 0x0F, 0x0F, 0x0F, 0x0F, 0x0F, 0x0F, 0x0F, 0x0D, 0x0E, 0x0D, 0x0E,
    0x0E, 0x0D, 0x0E, 0x0D, 0x0D, 0x0D, 0x0D, 0x0D, 0x0E, 0x0E, 0x0F, 0x0F, 0x0F, 0x0F, 0x0F, 0x0F, 0x0F, 0x0F, 0x0F, 0x0F, 0x0F, 0x0D, 0x0D, 0x0D,
};

static const uint8_t px_wm_progress_h7_04a22120[] __attribute__((aligned(8))) = {
    0x00, 0x00, 0x00, 0x00, 0x00, 0x00, 0x00, 0x00, 0x00, 0x00, 0x00, 0x00, 0x00, 0x00, 0x00, 0x00, 0x00, 0x00, 0x00, 0x00, 0x00, 0x00, 0x00, 0x00,
    0x00, 0x00, 0x00, 0x2D, 0x2D, 0x2D, 0x00, 0x00, 0x00, 0x00, 0x00, 0x00, 0x00, 0x00, 0x00, 0x00, 0x00, 0x00, 0x00, 0x00, 0x00, 0x00, 0x00, 0x00,
    0x00, 0x00, 0x00, 0x00, 0x00, 0x00, 0x00, 0x00, 0x00, 0x00, 0x00, 0x00, 0x00, 0x00, 0x00, 0x00, 0x00, 0x00, 0x00, 0x00, 0x00, 0x00, 0x00, 0x00,
    0x00, 0x00, 0x00, 0x00, 0x00, 0x00, 0x00, 0x00, 0x00, 0x00, 0x00, 0x00, 0x00, 0x00, 0x00, 0x00, 0x00, 0x00, 0x00, 0x00, 0x00, 0x00, 0x00, 0x00,
    0x00, 0x00, 0x00, 0x00, 0x00, 0x00, 0x00, 0x00, 0x00, 0x00, 0x00, 0x00, 0x00, 0x00, 0x00, 0x00, 0x00, 0x00, 0x00, 0x00, 0x00, 0x00, 0x00, 0x00,
    0x00, 0x00, 0x00, 0x00, 0x00, 0x2D, 0x2E, 0x2E, 0x2D, 0x2D, 0x2D, 0x2D, 0x00, 0x00, 0x00, 0x00, 0x00, 0x00, 0x00, 0x00, 0x00, 0x00, 0x00, 0x00,
    0x00, 0x00, 0x00, 0x00, 0x00, 0x00, 0x00, 0x00, 0x00, 0x00, 0x00, 0x00, 0x00, 0x00, 0x00, 0x00, 0x00, 0x00, 0x00, 0x00, 0x00, 0x00, 0x00, 0x00,
    0x00, 0x00, 0x00, 0x00, 0x00, 0x00, 0x00, 0x00, 0x00, 0x00, 0x00, 0x00, 0x00, 0x00, 0x00, 0x00, 0x00, 0x00, 0x00, 0x00, 0x00, 0x00, 0x00, 0x00,
    0x00, 0x00, 0x00, 0x00, 0x00, 0x00, 0x00, 0x00, 0x00, 0x00, 0x00, 0x00, 0x00, 0x00, 0x00, 0x00, 0x00, 0x00, 0x00, 0x00, 0x00, 0x00, 0x00, 0x00,
    0x00, 0x00, 0x00, 0x00, 0x00, 0x00, 0x00, 0x00, 0x00, 0x00, 0x00, 0x00, 0x00, 0x00, 0x2D, 0x2D, 0x00, 0x00, 0x00, 0x00, 0x00, 0x00, 0x00, 0x00,
    0x00, 0x00, 0x00, 0x00, 0x00, 0x00, 0x00, 0x00, 0x00, 0x00, 0x00, 0x00, 0x00, 0x00, 0x00, 0x00, 0x00, 0x00, 0x00, 0x00, 0x00, 0x00, 0x17, 0x30,
    0x01, 0x30, 0x00, 0x00, 0x00, 0x00, 0x00, 0x00, 0x00, 0x00, 0x00, 0x00, 0x00, 0x00, 0x00, 0x00, 0x00, 0x00, 0x00, 0x00, 0x00, 0x00, 0x00, 0x00,
    0x00, 0x00, 0x00, 0x00, 0x00, 0x00, 0x00, 0x00, 0x00, 0x00, 0x00, 0x00, 0x00, 0x00, 0x00, 0x00, 0x00, 0x00, 0x00, 0x00, 0x00, 0x00, 0x00, 0x00,
    0x00, 0x00, 0x00, 0x00, 0x00, 0x00, 0x00, 0x00, 0x00, 0x00, 0x00, 0x00, 0x00, 0x2E, 0x2E, 0x2E, 0x2E, 0x2E, 0x00, 0x2D, 0x00, 0x00, 0x00, 0x00,
    0x00, 0x00, 0x00, 0x00, 0x00, 0x00, 0x00, 0x00, 0x00, 0x00, 0x00, 0x00, 0x00, 0x00, 0x00, 0x00, 0x00, 0x00, 0x00, 0x00, 0x00, 0x00, 0x00, 0x00,
    0x00, 0x30, 0x13, 0x02, 0x13, 0x13, 0x02, 0x00, 0x00, 0x00, 0x00, 0x00, 0x00, 0x00, 0x00, 0x00, 0x00, 0x00, 0x00, 0x00, 0x00, 0x00, 0x00, 0x00,
    0x00, 0x00, 0x00, 0x00, 0x00, 0x00, 0x00, 0x00, 0x00, 0x00, 0x00, 0x00, 0x00, 0x00, 0x00, 0x00, 0x00, 0x00, 0x00, 0x00, 0x00, 0x00, 0x00, 0x00,
    0x00, 0x00, 0x00, 0x00, 0x00, 0x00, 0x00, 0x00, 0x00, 0x00, 0x00, 0x00, 0x00, 0x00, 0x00, 0x00, 0x00, 0x2E, 0x00, 0x2E, 0x2E, 0x2E, 0x2E, 0x2E,
    0x00, 0x00, 0x00, 0x00, 0x00, 0x00, 0x00, 0x00, 0x00, 0x00, 0x00, 0x00, 0x00, 0x00, 0x00, 0x00, 0x00, 0x00, 0x00, 0x00, 0x00, 0x00, 0x00, 0x00,
    0x00, 0x00, 0x00, 0x00, 0x00, 0x22, 0x00, 0x00, 0x2D, 0x00, 0x00, 0x2D, 0x00, 0x00, 0x00, 0x00, 0x00, 0x00, 0x00, 0x00, 0x00, 0x00, 0x00, 0x00,
    0x00, 0x00, 0x00, 0x00, 0x00, 0x00, 0x00, 0x00, 0x00, 0x00, 0x00, 0x00, 0x00, 0x00, 0x00, 0x00, 0x00, 0x00, 0x00, 0x00, 0x00, 0x00, 0x00, 0x00,
    0x00, 0x00, 0x00, 0x00, 0x00, 0x00, 0x00, 0x00, 0x00, 0x00, 0x00, 0x00, 0x00, 0x00, 0x00, 0x00, 0x00, 0x00, 0x00, 0x00, 0x00, 0x1E, 0x31, 0x1E,
    0x32, 0x2E, 0x2E, 0x00, 0x2E, 0x00, 0x00, 0x00, 0x00, 0x00, 0x00, 0x00, 0x00, 0x00, 0x00, 0x00, 0x00, 0x00, 0x00, 0x00, 0x00, 0x00, 0x00, 0x00,
    0x00, 0x00, 0x00, 0x00, 0x00, 0x00, 0x00, 0x00, 0x00, 0x2D, 0x22, 0x00, 0x2D, 0x2D, 0x2D, 0x2D, 0x00, 0x00, 0x00, 0x00, 0x00, 0x00, 0x00, 0x00,
    0x00, 0x00, 0x00, 0x00, 0x00, 0x00, 0x00, 0x00, 0x00, 0x00, 0x00, 0x00, 0x00, 0x00, 0x00, 0x00, 0x00, 0x00, 0x00, 0x00, 0x00, 0x00, 0x00, 0x00,
    0x00, 0x00, 0x00, 0x00, 0x00, 0x00, 0x00, 0x00, 0x00, 0x00, 0x00, 0x00, 0x00, 0x00, 0x00, 0x00, 0x00, 0x00, 0x00, 0x00, 0x00, 0x00, 0x00, 0x00,
    0x00, 0x1E, 0x2E, 0x2E, 0x2E, 0x1E, 0x1E, 0x1C, 0x00, 0x00, 0x00, 0x00, 0x00, 0x00, 0x00, 0x00, 0x00, 0x00, 0x00, 0x00, 0x00, 0x00, 0x00, 0x00,
    0x00, 0x00, 0x00, 0x00, 0x00, 0x00, 0x00, 0x00, 0x00, 0x00, 0x30, 0x30, 0x00, 0x04, 0x2D, 0x2D, 0x04, 0x2E, 0x00, 0x00, 0x00, 0x00, 0x00, 0x00,
    0x00, 0x00, 0x00, 0x00, 0x00, 0x00, 0x00, 0x00, 0x00, 0x00, 0x00, 0x00, 0x00, 0x00, 0x00, 0x00, 0x00, 0x00, 0x00, 0x00, 0x00, 0x00, 0x00, 0x00,
    0x00, 0x00, 0x00, 0x00, 0x00, 0x00, 0x00, 0x00, 0x00, 0x00, 0x00, 0x00, 0x00, 0x00, 0x00, 0x00, 0x00, 0x00, 0x00, 0x00, 0x00, 0x00, 0x00, 0x00,
    0x00, 0x00, 0x00, 0x00, 0x00, 0x04, 0x00, 0x30, 0x1E, 0x30, 0x31, 0x1E, 0x00, 0x00, 0x00, 0x00, 0x00, 0x00, 0x00, 0x00, 0x00, 0x00, 0x00, 0x00,
    0x00, 0x00, 0x00, 0x00, 0x00, 0x00, 0x00, 0x00, 0x00, 0x00, 0x00, 0x00, 0x00, 0x00, 0x2D, 0x00, 0x2E, 0x30, 0x02, 0x1B, 0x02, 0x2A, 0x1E, 0x00,
    0x30, 0x00, 0x00, 0x00, 0x00, 0x00, 0x00, 0x00, 0x00, 0x00, 0x00, 0x00, 0x00, 0x00, 0x00, 0x00, 0x00, 0x00, 0x00, 0x00, 0x00, 0x00, 0x00, 0x00,
    0x00, 0x00, 0x00, 0x00, 0x00, 0x00, 0x00, 0x00, 0x00, 0x00, 0x00, 0x00, 0x00, 0x00, 0x00, 0x00, 0x00, 0x00, 0x00, 0x00, 0x00, 0x00, 0x00, 0x00,
    0x00, 0x00, 0x00, 0x00, 0x00, 0x00, 0x00, 0x00, 0x00, 0x31, 0x00, 0x1C, 0x2E, 0x1E, 0x31, 0x00, 0x00, 0x00, 0x00, 0x00, 0x00, 0x00, 0x00, 0x00,
    0x00, 0x00, 0x00, 0x00, 0x00, 0x00, 0x00, 0x00, 0x00, 0x00, 0x00, 0x00, 0x00, 0x00, 0x00, 0x00, 0x00, 0x00, 0x00, 0x2D, 0x2D, 0x2A, 0x1B, 0x20,
    0x1E, 0x31, 0x2D, 0x00, 0x00, 0x00, 0x00, 0x00, 0x00, 0x00, 0x00, 0x00, 0x00, 0x00, 0x00, 0x00, 0x00, 0x00, 0x00, 0x00, 0x00, 0x00, 0x00, 0x00,
    0x00, 0x00, 0x00, 0x00, 0x00, 0x00, 0x00, 0x00, 0x00, 0x00, 0x00, 0x00, 0x00, 0x00, 0x00, 0x00, 0x00, 0x00, 0x00, 0x00, 0x00, 0x00, 0x00, 0x00,
    0x00, 0x00, 0x00, 0x00, 0x00, 0x00, 0x00, 0x00, 0x00, 0x00, 0x00, 0x00, 0x2E, 0x2E, 0x1E, 0x1C, 0x31, 0x1C, 0x18, 0x00, 0x2D, 0x2D, 0x2D, 0x00,
    0x00, 0x00, 0x00, 0x00, 0x00, 0x00, 0x00, 0x00, 0x00, 0x00, 0x00, 0x00, 0x00, 0x00, 0x00, 0x00, 0x00, 0x00, 0x00, 0x00, 0x00, 0x00, 0x00, 0x00,
    0x2D, 0x1B, 0x30, 0x2E, 0x31, 0x2A, 0x2D, 0x22, 0x22, 0x00, 0x00, 0x00, 0x00, 0x00, 0x00, 0x00, 0x00, 0x00, 0x00, 0x00, 0x00, 0x00, 0x00, 0x00,
    0x00, 0x00, 0x00, 0x00, 0x00, 0x00, 0x00, 0x00, 0x00, 0x00, 0x00, 0x00, 0x00, 0x00, 0x00, 0x00, 0x00, 0x00, 0x00, 0x00, 0x00, 0x00, 0x00, 0x00,
    0x00, 0x00, 0x00, 0x00, 0x00, 0x00, 0x00, 0x00, 0x00, 0x00, 0x00, 0x00, 0x00, 0x00, 0x2D, 0x2D, 0x2D, 0x31, 0x1E, 0x1C, 0x1C, 0x1E, 0x2E, 0x00,
    0x2E, 0x2E, 0x2E, 0x2D, 0x2D, 0x00, 0x00, 0x00, 0x00, 0x00, 0x00, 0x00, 0x00, 0x00, 0x00, 0x00, 0x00, 0x00, 0x00, 0x00, 0x00, 0x00, 0x00, 0x00,
    0x00, 0x00, 0x22, 0x22, 0x04, 0x04, 0x20, 0x20, 0x20, 0x03, 0x2D, 0x22, 0x22, 0x22, 0x22, 0x00, 0x00, 0x00, 0x00, 0x00, 0x00, 0x00, 0x00, 0x00,
    0x00, 0x00, 0x00, 0x00, 0x00, 0x00, 0x00, 0x00, 0x00, 0x00, 0x00, 0x00, 0x00, 0x00, 0x00, 0x00, 0x00, 0x00, 0x00, 0x00, 0x00, 0x00, 0x00, 0x00,
    0x00, 0x00, 0x00, 0x00, 0x00, 0x00, 0x00, 0x00, 0x00, 0x00, 0x00, 0x00, 0x00, 0x00, 0x00, 0x00, 0x2D, 0x2D, 0x00, 0x22, 0x22, 0x31, 0x31, 0x30,
    0x30, 0x2D, 0x22, 0x2E, 0x2E, 0x2E, 0x2E, 0x2E, 0x2D, 0x2D, 0x22, 0x00, 0x00, 0x00, 0x00, 0x00, 0x00, 0x00, 0x00, 0x00, 0x00, 0x00, 0x00, 0x00,
    0x00, 0x00, 0x00, 0x00, 0x00, 0x22, 0x22, 0x2D, 0x30, 0x2D, 0x2A, 0x30, 0x2A, 0x2D, 0x2E, 0x22, 0x22, 0x2D, 0x22, 0x22, 0x00, 0x00, 0x00, 0x00,
    0x00, 0x00, 0x00, 0x00, 0x00, 0x00, 0x00, 0x00, 0x00, 0x00, 0x00, 0x00, 0x00, 0x00, 0x00, 0x00, 0x00, 0x00, 0x00, 0x00, 0x00, 0x00, 0x00, 0x00,
    0x00, 0x00, 0x00, 0x00, 0x00, 0x00, 0x00, 0x00, 0x00, 0x00, 0x00, 0x00, 0x00, 0x00, 0x00, 0x00, 0x00, 0x00, 0x00, 0x2D, 0x2E, 0x2E, 0x22, 0x22,
    0x22, 0x22, 0x2D, 0x04, 0x2E, 0x22, 0x2E, 0x2E, 0x2E, 0x22, 0x2E, 0x2E, 0x2E, 0x2D, 0x2D, 0x00, 0x00, 0x00, 0x00, 0x00, 0x00, 0x00, 0x00, 0x00,
    0x00, 0x00, 0x00, 0x00, 0x00, 0x00, 0x00, 0x22, 0x22, 0x22, 0x22, 0x22, 0x30, 0x04, 0x2D, 0x2D, 0x2D, 0x2E, 0x2E, 0x2D, 0x2D, 0x2D, 0x2D, 0x2D,
    0x22, 0x00, 0x00, 0x00, 0x00, 0x00, 0x00, 0x00, 0x00, 0x00, 0x00, 0x00, 0x00, 0x00, 0x00, 0x00, 0x00, 0x00, 0x00, 0x00, 0x00, 0x00, 0x00, 0x00,
    0x00, 0x00, 0x00, 0x00, 0x00, 0x00, 0x00, 0x00, 0x00, 0x00, 0x00, 0x00, 0x00, 0x00, 0x00, 0x00, 0x00, 0x00, 0x00, 0x00, 0x00, 0x00, 0x00, 0x2E,
    0x22, 0x22, 0x22, 0x2E, 0x2E, 0x2E, 0x2E, 0x2E, 0x2E, 0x2E, 0x2E, 0x2E, 0x2E, 0x22, 0x22, 0x2E, 0x2E, 0x2E, 0x2E, 0x2D, 0x2D, 0x00, 0x00, 0x00,
    0x00, 0x00, 0x00, 0x00, 0x00, 0x00, 0x00, 0x00, 0x00, 0x00, 0x22, 0x22, 0x22, 0x2D, 0x2D, 0x22, 0x30, 0x31, 0x04, 0x30, 0x03, 0x2E, 0x20, 0x2D,
    0x2D, 0x22, 0x2D, 0x2D, 0x2D, 0x22, 0x00, 0x00, 0x00, 0x00, 0x00, 0x00, 0x00, 0x00, 0x00, 0x00, 0x00, 0x00, 0x00, 0x00, 0x00, 0x00, 0x00, 0x00,
    0x00, 0x00, 0x00, 0x00, 0x00, 0x00, 0x00, 0x00, 0x00, 0x00, 0x00, 0x00, 0x00, 0x00, 0x00, 0x00, 0x00, 0x00, 0x00, 0x00, 0x00, 0x2E, 0x2E, 0x00,
    0x00, 0x00, 0x22, 0x2E, 0x22, 0x22, 0x22, 0x22, 0x22, 0x2E, 0x22, 0x22, 0x22, 0x22, 0x22, 0x22, 0x22, 0x2E, 0x22, 0x22, 0x2E, 0x2E, 0x2E, 0x2E,
    0x2E, 0x2D, 0x00, 0x00, 0x00, 0x04, 0x1E, 0x03, 0x00, 0x00, 0x00, 0x00, 0x00, 0x22, 0x22, 0x2D, 0x2D, 0x2D, 0x2D, 0x2D, 0x22, 0x2D, 0x2D, 0x2D,
    0x2E, 0x2D, 0x2D, 0x2D, 0x22, 0x22, 0x22, 0x2D, 0x2D, 0x2D, 0x00, 0x00, 0x00, 0x00, 0x00, 0x00, 0x00, 0x00, 0x00, 0x00, 0x00, 0x00, 0x00, 0x00,
    0x00, 0x00, 0x00, 0x00, 0x00, 0x00, 0x00, 0x00, 0x00, 0x00, 0x00, 0x00, 0x00, 0x00, 0x00, 0x00, 0x00, 0x00, 0x00, 0x00, 0x00, 0x00, 0x00, 0x32,
    0x2E, 0x2E, 0x2E, 0x2E, 0x00, 0x00, 0x2E, 0x22, 0x2E, 0x22, 0x31, 0x31, 0x22, 0x22, 0x22, 0x31, 0x31, 0x31, 0x31, 0x31, 0x22, 0x22, 0x2E, 0x22,
    0x2E, 0x2E, 0x22, 0x2E, 0x2E, 0x2E, 0x00, 0x00, 0x04, 0x02, 0x16, 0x02, 0x2B, 0x00, 0x00, 0x00, 0x22, 0x22, 0x2D, 0x2D, 0x2D, 0x22, 0x2D, 0x2D,
    0x2D, 0x2D, 0x2D, 0x2D, 0x2D, 0x2D, 0x2D, 0x22, 0x22, 0x22, 0x2D, 0x2D, 0x22, 0x22, 0x2D, 0x2D, 0x2D, 0x00, 0x00, 0x00, 0x00, 0x00, 0x00, 0x00,
    0x00, 0x00, 0x00, 0x00, 0x00, 0x00, 0x00, 0x00, 0x00, 0x00, 0x00, 0x00, 0x00, 0x00, 0x00, 0x00, 0x00, 0x00, 0x00, 0x00, 0x00, 0x00, 0x00, 0x00,
    0x00, 0x00, 0x00, 0x1C, 0x02, 0x12, 0x18, 0x18, 0x32, 0x00, 0x2E, 0x22, 0x22, 0x22, 0x31, 0x31, 0x22, 0x22, 0x22, 0x31, 0x22, 0x22, 0x22, 0x31,
    0x31, 0x22, 0x22, 0x22, 0x22, 0x2E, 0x2E, 0x2E, 0x2E, 0x2E, 0x2E, 0x2D, 0x04, 0x03, 0x04, 0x03, 0x2D, 0x2D, 0x00, 0x22, 0x22, 0x22, 0x2D, 0x2D,
    0x2D, 0x22, 0x22, 0x22, 0x2D, 0x2D, 0x22, 0x22, 0x22, 0x22, 0x22, 0x22, 0x22, 0x22, 0x22, 0x2D, 0x22, 0x22, 0x2D, 0x22, 0x2D, 0x22, 0x00, 0x00,
    0x00, 0x00, 0x00, 0x00, 0x00, 0x00, 0x00, 0x00, 0x00, 0x00, 0x00, 0x00, 0x00, 0x00, 0x00, 0x00, 0x00, 0x00, 0x00, 0x00, 0x00, 0x00, 0x00, 0x00,
    0x00, 0x00, 0x00, 0x00, 0x00, 0x00, 0x04, 0x18, 0x02, 0x02, 0x12, 0x12, 0x2D, 0x2E, 0x00, 0x2E, 0x22, 0x22, 0x22, 0x31, 0x22, 0x22, 0x22, 0x31,
    0x31, 0x31, 0x31, 0x31, 0x31, 0x22, 0x22, 0x22, 0x22, 0x22, 0x22, 0x22, 0x2E, 0x22, 0x2E, 0x2D, 0x31, 0x2D, 0x1E, 0x2D, 0x2D, 0x2D, 0x22, 0x2D,
    0x22, 0x22, 0x2D, 0x2D, 0x22, 0x18, 0x18, 0x22, 0x22, 0x18, 0x18, 0x18, 0x22, 0x18, 0x18, 0x22, 0x22, 0x22, 0x22, 0x22, 0x22, 0x2D, 0x2D, 0x22,
    0x2D, 0x2D, 0x00, 0x2D, 0x01, 0x2A, 0x2A, 0x2B, 0x2A, 0x00, 0x00, 0x00, 0x00, 0x00, 0x00, 0x00, 0x00, 0x00, 0x00, 0x00, 0x00, 0x00, 0x00, 0x00,
    0x00, 0x00, 0x00, 0x00, 0x00, 0x00, 0x00, 0x00, 0x00, 0x00, 0x32, 0x1E, 0x1F, 0x1F, 0x1E, 0x1F, 0x32, 0x2E, 0x00, 0x2E, 0x2E, 0x22, 0x22, 0x1F,
    0x22, 0x22, 0x31, 0x31, 0x31, 0x31, 0x31, 0x31, 0x31, 0x22, 0x22, 0x22, 0x22, 0x22, 0x22, 0x22, 0x22, 0x22, 0x2E, 0x2D, 0x1E, 0x1D, 0x1D, 0x1E,
    0x1E, 0x22, 0x22, 0x22, 0x2D, 0x2D, 0x2D, 0x2D, 0x22, 0x1D, 0x22, 0x22, 0x18, 0x22, 0x18, 0x22, 0x22, 0x18, 0x18, 0x18, 0x22, 0x22, 0x22, 0x22,
    0x22, 0x22, 0x2D, 0x2D, 0x22, 0x2D, 0x2D, 0x01, 0x2D, 0x2D, 0x2E, 0x2E, 0x2B, 0x2D, 0x00, 0x00, 0x00, 0x00, 0x00, 0x00, 0x00, 0x00, 0x00, 0x00,
    0x00, 0x00, 0x00, 0x00, 0x00, 0x00, 0x00, 0x00, 0x00, 0x00, 0x00, 0x00, 0x00, 0x00, 0x31, 0x2E, 0x2E, 0x04, 0x32, 0x2E, 0x2E, 0x2E, 0x22, 0x22,
    0x22, 0x22, 0x22, 0x1F, 0x22, 0x22, 0x22, 0x31, 0x31, 0x31, 0x31, 0x31, 0x22, 0x2E, 0x22, 0x22, 0x22, 0x22, 0x22, 0x22, 0x22, 0x22, 0x2E, 0x31,
    0x1E, 0x1E, 0x1D, 0x1E, 0x1D, 0x32, 0x2D, 0x22, 0x2D, 0x22, 0x2D, 0x22, 0x22, 0x22, 0x22, 0x18, 0x18, 0x22, 0x18, 0x18, 0x18, 0x18, 0x18, 0x18,
    0x22, 0x22, 0x22, 0x22, 0x22, 0x22, 0x22, 0x22, 0x2D, 0x2D, 0x2D, 0x2E, 0x2E, 0x2E, 0x2E, 0x2D, 0x2E, 0x2D, 0x2E, 0x00, 0x00, 0x00, 0x00, 0x00,
    0x00, 0x00, 0x00, 0x00, 0x00, 0x00, 0x00, 0x00, 0x00, 0x00, 0x00, 0x00, 0x00, 0x00, 0x00, 0x00, 0x00, 0x00, 0x04, 0x1C, 0x18, 0x12, 0x18, 0x12,
    0x1D, 0x2E, 0x2E, 0x22, 0x22, 0x22, 0x22, 0x22, 0x22, 0x22, 0x31, 0x31, 0x31, 0x31, 0x22, 0x22, 0x2E, 0x22, 0x22, 0x22, 0x22, 0x22, 0x22, 0x22,
    0x22, 0x22, 0x1E, 0x1D, 0x1D, 0x1E, 0x1D, 0x1D, 0x1D, 0x1D, 0x22, 0x2D, 0x2D, 0x22, 0x22, 0x22, 0x22, 0x18, 0x18, 0x22, 0x22, 0x22, 0x18, 0x18,
    0x18, 0x18, 0x18, 0x1D, 0x22, 0x22, 0x22, 0x22, 0x22, 0x22, 0x22, 0x22, 0x22, 0x22, 0x01, 0x2E, 0x2E, 0x2E, 0x2E, 0x2E, 0x2D, 0x2E, 0x2E, 0x00,
    0x00, 0x00, 0x00, 0x00, 0x00, 0x00, 0x00, 0x00, 0x00, 0x00, 0x00, 0x00, 0x00, 0x00, 0x00, 0x00, 0x00, 0x00, 0x00, 0x00, 0x00, 0x00, 0x04, 0x18,
    0x18, 0x30, 0x1C, 0x12, 0x18, 0x2E, 0x2E, 0x22, 0x22, 0x2E, 0x22, 0x22, 0x22, 0x22, 0x31, 0x31, 0x31, 0x31, 0x22, 0x22, 0x22, 0x22, 0x22, 0x22,
    0x22, 0x22, 0x22, 0x22, 0x22, 0x22, 0x31, 0x1C, 0x1D, 0x1E, 0x1D, 0x1D, 0x1D, 0x1D, 0x2D, 0x2D, 0x2D, 0x2D, 0x22, 0x22, 0x22, 0x22, 0x1D, 0x22,
    0x22, 0x22, 0x22, 0x22, 0x18, 0x22, 0x22, 0x22, 0x22, 0x22, 0x22, 0x22, 0x22, 0x22, 0x22, 0x22, 0x22, 0x22, 0x01, 0x2E, 0x2E, 0x20, 0x2D, 0x2D,
    0x20, 0x2E, 0x00, 0x00, 0x00, 0x00, 0x00, 0x00, 0x00, 0x00, 0x00, 0x00, 0x00, 0x00, 0x00, 0x00, 0x00, 0x00, 0x00, 0x00, 0x00, 0x00, 0x00, 0x00,
    0x00, 0x00, 0x00, 0x30, 0x18, 0x1C, 0x12, 0x12, 0x30, 0x00, 0x00, 0x22, 0x22, 0x22, 0x22, 0x22, 0x22, 0x22, 0x22, 0x22, 0x22, 0x22, 0x22, 0x22,
    0x22, 0x22, 0x22, 0x22, 0x22, 0x22, 0x22, 0x22, 0x22, 0x22, 0x1C, 0x1E, 0x1D, 0x1E, 0x1E, 0x1D, 0x1D, 0x1B, 0x22, 0x2D, 0x2D, 0x2D, 0x22, 0x22,
    0x22, 0x22, 0x22, 0x22, 0x22, 0x18, 0x18, 0x18, 0x18, 0x22, 0x22, 0x22, 0x22, 0x22, 0x22, 0x22, 0x22, 0x22, 0x22, 0x22, 0x22, 0x22, 0x17, 0x00,
    0x2D, 0x2D, 0x2D, 0x1C, 0x2D, 0x1C, 0x00, 0x00, 0x00, 0x00, 0x00, 0x00, 0x00, 0x00, 0x00, 0x00, 0x00, 0x00, 0x00, 0x00, 0x00, 0x00, 0x00, 0x00,
    0x00, 0x00, 0x00, 0x00, 0x00, 0x00, 0x00, 0x30, 0x04, 0x18, 0x12, 0x18, 0x31, 0x00, 0x00, 0x22, 0x22, 0x22, 0x22, 0x22, 0x22, 0x22, 0x22, 0x22,
    0x22, 0x22, 0x31, 0x31, 0x22, 0x2E, 0x22, 0x22, 0x22, 0x22, 0x22, 0x1E, 0x1F, 0x18, 0x18, 0x1E, 0x1D, 0x1D, 0x1D, 0x18, 0x1D, 0x13, 0x17, 0x1B,
    0x22, 0x22, 0x22, 0x22, 0x22, 0x22, 0x22, 0x22, 0x22, 0x18, 0x18, 0x18, 0x22, 0x22, 0x22, 0x22, 0x22, 0x22, 0x22, 0x22, 0x22, 0x22, 0x22, 0x22,
    0x22, 0x1B, 0x22, 0x20, 0x1C, 0x18, 0x2D, 0x18, 0x18, 0x18, 0x1C, 0x00, 0x00, 0x00, 0x00, 0x00, 0x00, 0x00, 0x00, 0x00, 0x00, 0x00, 0x00, 0x00,
    0x00, 0x00, 0x00, 0x00, 0x00, 0x00, 0x00, 0x00, 0x00, 0x00, 0x00, 0x1B, 0x30, 0x30, 0x1D, 0x1D, 0x00, 0x00, 0x00, 0x22, 0x22, 0x22, 0x22, 0x22,
    0x22, 0x22, 0x22, 0x22, 0x22, 0x31, 0x31, 0x31, 0x22, 0x22, 0x22, 0x22, 0x22, 0x22, 0x22, 0x30, 0x18, 0x18, 0x30, 0x18, 0x1E, 0x1E, 0x1D, 0x1E,
    0x1D, 0x18, 0x01, 0x17, 0x1B, 0x22, 0x22, 0x22, 0x22, 0x1D, 0x22, 0x22, 0x22, 0x22, 0x22, 0x22, 0x22, 0x22, 0x18, 0x22, 0x22, 0x1F, 0x22, 0x22,
    0x22, 0x22, 0x22, 0x22, 0x22, 0x1C, 0x22, 0x20, 0x1E, 0x1C, 0x1E, 0x18, 0x16, 0x1C, 0x2D, 0x00, 0x00, 0x00, 0x00, 0x00, 0x00, 0x00, 0x00, 0x00,
    0x00, 0x00, 0x00, 0x00, 0x00, 0x00, 0x00, 0x00, 0x00, 0x00, 0x02, 0x01, 0x01, 0x0D, 0x13, 0x18, 0x18, 0x1D, 0x1D, 0x02, 0x01, 0x01, 0x02, 0x22,
    0x22, 0x22, 0x22, 0x22, 0x22, 0x22, 0x22, 0x22, 0x22, 0x22, 0x22, 0x2E, 0x2E, 0x2E, 0x22, 0x2E, 0x22, 0x22, 0x22, 0x22, 0x31, 0x30, 0x30, 0x1E,
    0x1E, 0x1E, 0x1E, 0x1D, 0x1D, 0x02, 0x18, 0x30, 0x2D, 0x2D, 0x22, 0x22, 0x1D, 0x22, 0x22, 0x22, 0x1D, 0x22, 0x22, 0x22, 0x18, 0x18, 0x22, 0x22,
    0x22, 0x22, 0x22, 0x22, 0x22, 0x22, 0x22, 0x22, 0x04, 0x17, 0x22, 0x22, 0x20, 0x1C, 0x2D, 0x1C, 0x18, 0x1E, 0x00, 0x20, 0x00, 0x00, 0x00, 0x00,
    0x00, 0x00, 0x00, 0x00, 0x00, 0x00, 0x00, 0x00, 0x00, 0x00, 0x00, 0x00, 0x00, 0x02, 0x13, 0x0D, 0x0D, 0x0D, 0x0D, 0x13, 0x01, 0x01, 0x01, 0x13,
    0x0F, 0x0F, 0x0F, 0x01, 0x02, 0x22, 0x22, 0x22, 0x22, 0x2E, 0x22, 0x22, 0x22, 0x22, 0x22, 0x2E, 0x2E, 0x22, 0x22, 0x22, 0x22, 0x22, 0x2D, 0x31,
    0x18, 0x04, 0x04, 0x1E, 0x1E, 0x1D, 0x1D, 0x18, 0x1D, 0x30, 0x18, 0x18, 0x18, 0x18, 0x02, 0x2D, 0x22, 0x22, 0x22, 0x22, 0x22, 0x22, 0x22, 0x22,
    0x22, 0x22, 0x22, 0x22, 0x22, 0x22, 0x2D, 0x22, 0x22, 0x22, 0x30, 0x30, 0x01, 0x01, 0x22, 0x22, 0x20, 0x1E, 0x1C, 0x18, 0x18, 0x1E, 0x00, 0x2E,
    0x04, 0x04, 0x21, 0x00, 0x00, 0x00, 0x00, 0x00, 0x00, 0x00, 0x00, 0x00, 0x00, 0x00, 0x00, 0x00, 0x02, 0x01, 0x0D, 0x0D, 0x0D, 0x0D, 0x0D, 0x0F,
    0x0F, 0x0F, 0x0F, 0x0F, 0x0F, 0x0D, 0x0F, 0x0F, 0x0F, 0x01, 0x22, 0x22, 0x22, 0x22, 0x22, 0x22, 0x22, 0x22, 0x22, 0x2E, 0x22, 0x22, 0x2E, 0x22,
    0x2E, 0x2D, 0x30, 0x18, 0x30, 0x30, 0x2D, 0x04, 0x1E, 0x1D, 0x1D, 0x1D, 0x30, 0x2D, 0x31, 0x18, 0x18, 0x18, 0x18, 0x18, 0x2D, 0x18, 0x22, 0x2D,
    0x22, 0x22, 0x22, 0x2D, 0x22, 0x22, 0x2D, 0x2D, 0x2D, 0x22, 0x22, 0x22, 0x22, 0x22, 0x2F, 0x01, 0x01, 0x01, 0x2D, 0x2D, 0x2D, 0x1E, 0x1E, 0x1C,
    0x1C, 0x1E, 0x04, 0x2D, 0x13, 0x0F, 0x2F, 0x2D, 0x00, 0x00, 0x00, 0x00, 0x00, 0x00, 0x00, 0x00, 0x00, 0x00, 0x00, 0x02, 0x01, 0x13, 0x0D, 0x0D,
    0x0D, 0x0D, 0x0D, 0x0D, 0x0F, 0x0F, 0x0F, 0x0F, 0x0D, 0x0D, 0x0D, 0x0D, 0x0F, 0x0F, 0x02, 0x2E, 0x22, 0x22, 0x22, 0x2E, 0x22, 0x22, 0x22, 0x22,
    0x22, 0x22, 0x22, 0x2E, 0x22, 0x31, 0x18, 0x18, 0x30, 0x30, 0x30, 0x2B, 0x2B, 0x04, 0x04, 0x04, 0x2B, 0x1B, 0x30, 0x31, 0x30, 0x31, 0x31, 0x18,
    0x18, 0x2D, 0x1B, 0x22, 0x22, 0x22, 0x2D, 0x2D, 0x2D, 0x2D, 0x2D, 0x2D, 0x2D, 0x22, 0x22, 0x2D, 0x2D, 0x04, 0x02, 0x13, 0x0F, 0x01, 0x01, 0x16,
    0x18, 0x1C, 0x1E, 0x1E, 0x1C, 0x1A, 0x02, 0x01, 0x0F, 0x0F, 0x13, 0x2F, 0x2D, 0x00, 0x00, 0x00, 0x00, 0x00, 0x00, 0x00, 0x00, 0x00, 0x00, 0x01,
    0x0F, 0x13, 0x0D, 0x0D, 0x0D, 0x0F, 0x0D, 0x13, 0x02, 0x02, 0x02, 0x02, 0x0D, 0x0D, 0x13, 0x13, 0x0F, 0x0F, 0x01, 0x02, 0x22, 0x2E, 0x2E, 0x22,
    0x2E, 0x22, 0x22, 0x22, 0x22, 0x22, 0x22, 0x22, 0x31, 0x04, 0x30, 0x30, 0x30, 0x30, 0x30, 0x30, 0x14, 0x14, 0x18, 0x18, 0x18, 0x18, 0x31, 0x31,
    0x30, 0x31, 0x31, 0x31, 0x2B, 0x30, 0x2D, 0x1B, 0x22, 0x22, 0x22, 0x22, 0x2D, 0x2D, 0x22, 0x2D, 0x2D, 0x2D, 0x2D, 0x22, 0x2D, 0x2F, 0x01, 0x01,
    0x13, 0x13, 0x01, 0x01, 0x01, 0x01, 0x01, 0x01, 0x01, 0x0F, 0x13, 0x13, 0x13, 0x0F, 0x13, 0x13, 0x30, 0x00, 0x00, 0x00, 0x00, 0x00, 0x00, 0x00,
    0x00, 0x00, 0x01, 0x0F, 0x0F, 0x13, 0x0F, 0x0F, 0x13, 0x02, 0x01, 0x31, 0x2E, 0x2D, 0x2D, 0x2D, 0x02, 0x02, 0x13, 0x13, 0x13, 0x0F, 0x13, 0x01,
    0x02, 0x2E, 0x2E, 0x2E, 0x2E, 0x22, 0x22, 0x2E, 0x22, 0x22, 0x22, 0x31, 0x2B, 0x04, 0x18, 0x30, 0x1B, 0x30, 0x18, 0x14, 0x1D, 0x1B, 0x1C, 0x1D,
    0x1C, 0x18, 0x30, 0x30, 0x30, 0x30, 0x31, 0x31, 0x2D, 0x2B, 0x30, 0x2D, 0x22, 0x22, 0x22, 0x22, 0x2D, 0x22, 0x22, 0x22, 0x22, 0x2D, 0x22, 0x22,
    0x30, 0x02, 0x01, 0x01, 0x13, 0x13, 0x13, 0x01, 0x01, 0x01, 0x13, 0x13, 0x0F, 0x13, 0x01, 0x13, 0x01, 0x0F, 0x13, 0x13, 0x2F, 0x1E, 0x00, 0x00,
    0x00, 0x00, 0x00, 0x00, 0x00, 0x02, 0x01, 0x0F, 0x0F, 0x13, 0x0F, 0x0F, 0x13, 0x02, 0x03, 0x2E, 0x1E, 0x30, 0x30, 0x04, 0x30, 0x13, 0x0F, 0x0F,
    0x01, 0x13, 0x0F, 0x0F, 0x01, 0x02, 0x22, 0x22, 0x22, 0x22, 0x22, 0x22, 0x22, 0x22, 0x22, 0x30, 0x04, 0x04, 0x2B, 0x1B, 0x1B, 0x1B, 0x1B, 0x1E,
    0x1D, 0x1F, 0x1F, 0x1F, 0x1F, 0x1F, 0x2D, 0x30, 0x30, 0x30, 0x31, 0x2D, 0x2D, 0x2D, 0x2B, 0x30, 0x2D, 0x2D, 0x31, 0x14, 0x04, 0x2D, 0x31, 0x22,
    0x22, 0x2D, 0x22, 0x04, 0x16, 0x16, 0x13, 0x01, 0x13, 0x01, 0x01, 0x2A, 0x18, 0x01, 0x01, 0x2B, 0x16, 0x2D, 0x2D, 0x01, 0x01, 0x13, 0x01, 0x01,
    0x01, 0x04, 0x00, 0x00, 0x00, 0x00, 0x00, 0x00, 0x00, 0x01, 0x13, 0x0F, 0x0F, 0x13, 0x13, 0x01, 0x02, 0x02, 0x2D, 0x2E, 0x1E, 0x02, 0x18, 0x04,
    0x1E, 0x1B, 0x01, 0x13, 0x01, 0x13, 0x13, 0x13, 0x0F, 0x01, 0x22, 0x22, 0x22, 0x22, 0x22, 0x22, 0x22, 0x22, 0x22, 0x30, 0x04, 0x04, 0x04, 0x30,
    0x30, 0x30, 0x1B, 0x22, 0x18, 0x1C, 0x1B, 0x1F, 0x22, 0x22, 0x22, 0x30, 0x31, 0x31, 0x2D, 0x2D, 0x2D, 0x2D, 0x2D, 0x30, 0x1D, 0x1F, 0x17, 0x12,
    0x18, 0x1D, 0x1D, 0x22, 0x2D, 0x2D, 0x05, 0x30, 0x16, 0x01, 0x01, 0x01, 0x13, 0x2D, 0x2B, 0x2B, 0x2E, 0x03, 0x01, 0x2E, 0x16, 0x2A, 0x2D, 0x01,
    0x01, 0x13, 0x01, 0x01, 0x01, 0x03, 0x00, 0x00, 0x00, 0x00, 0x00, 0x00, 0x00, 0x02, 0x13, 0x0F, 0x0F, 0x01, 0x13, 0x01, 0x01, 0x01, 0x2E, 0x2D,
    0x30, 0x30, 0x03, 0x30, 0x32, 0x30, 0x13, 0x13, 0x16, 0x02, 0x1B, 0x1B, 0x18, 0x16, 0x18, 0x30, 0x22, 0x22, 0x22, 0x22, 0x22, 0x2E, 0x31, 0x30,
    0x04, 0x04, 0x2E, 0x30, 0x30, 0x30, 0x31, 0x00, 0x14, 0x0E, 0x0E, 0x14, 0x0E, 0x1B, 0x2E, 0x31, 0x31, 0x2D, 0x2D, 0x2D, 0x2D, 0x2D, 0x2D, 0x31,
    0x18, 0x17, 0x1C, 0x31, 0x1D, 0x22, 0x1F, 0x1D, 0x2D, 0x2D, 0x2D, 0x01, 0x01, 0x01, 0x16, 0x01, 0x01, 0x2D, 0x2A, 0x01, 0x2B, 0x2D, 0x2D, 0x2D,
    0x2A, 0x2B, 0x2D, 0x01, 0x13, 0x01, 0x16, 0x01, 0x01, 0x01, 0x04, 0x00, 0x00, 0x00, 0x00, 0x00, 0x00, 0x18, 0x16, 0x16, 0x13, 0x00, 0x01, 0x13,
    0x13, 0x01, 0x04, 0x2E, 0x1E, 0x04, 0x02, 0x04, 0x2D, 0x03, 0x0F, 0x13, 0x03, 0x02, 0x1E, 0x18, 0x16, 0x16, 0x18, 0x30, 0x22, 0x22, 0x22, 0x22,
    0x22, 0x31, 0x04, 0x30, 0x04, 0x04, 0x2E, 0x2D, 0x30, 0x04, 0x31, 0x18, 0x17, 0x1E, 0x17, 0x17, 0x1C, 0x1C, 0x30, 0x2D, 0x2D, 0x2D, 0x2D, 0x32,
    0x2D, 0x2D, 0x2D, 0x18, 0x1E, 0x16, 0x0E, 0x17, 0x18, 0x1F, 0x22, 0x1D, 0x22, 0x1F, 0x2F, 0x01, 0x01, 0x16, 0x01, 0x01, 0x01, 0x2B, 0x2D, 0x2A,
    0x2A, 0x2D, 0x18, 0x2B, 0x2D, 0x2B, 0x2A, 0x01, 0x13, 0x01, 0x01, 0x01, 0x01, 0x01, 0x02, 0x2D, 0x00, 0x00, 0x00, 0x00, 0x00, 0x02, 0x12, 0x16,
    0x00, 0x00, 0x02, 0x01, 0x0F, 0x02, 0x03, 0x32, 0x2D, 0x1E, 0x04, 0x02, 0x31, 0x03, 0x13, 0x0F, 0x03, 0x31, 0x22, 0x1D, 0x18, 0x10, 0x13, 0x14,
    0x18, 0x22, 0x1E, 0x1E, 0x1E, 0x30, 0x2B, 0x30, 0x2B, 0x2D, 0x2E, 0x2D, 0x2D, 0x04, 0x2D, 0x11, 0x0E, 0x12, 0x10, 0x18, 0x18, 0x1C, 0x2D, 0x2D,
    0x2D, 0x2D, 0x32, 0x2E, 0x32, 0x2D, 0x31, 0x1D, 0x18, 0x16, 0x0C, 0x0E, 0x0E, 0x18, 0x20, 0x1D, 0x31, 0x1B, 0x02, 0x01, 0x01, 0x01, 0x01, 0x16,
    0x01, 0x18, 0x2A, 0x2A, 0x01, 0x22, 0x22, 0x22, 0x22, 0x22, 0x22, 0x2B, 0x01, 0x01, 0x18, 0x01, 0x01, 0x01, 0x01, 0x03, 0x00, 0x00, 0x00, 0x00,
    0x00, 0x02, 0x12, 0x16, 0x00, 0x00, 0x02, 0x02, 0x0F, 0x01, 0x01, 0x2D, 0x2D, 0x31, 0x31, 0x2D, 0x1F, 0x30, 0x02, 0x13, 0x02, 0x2D, 0x22, 0x1E,
    0x18, 0x0E, 0x13, 0x0E, 0x14, 0x20, 0x1E, 0x32, 0x22, 0x04, 0x2B, 0x30, 0x30, 0x2D, 0x2E, 0x32, 0x2D, 0x2D, 0x2D, 0x11, 0x0E, 0x0E, 0x0E, 0x12,
    0x14, 0x18, 0x2D, 0x2D, 0x2D, 0x2D, 0x2E, 0x32, 0x32, 0x2D, 0x31, 0x1F, 0x1C, 0x16, 0x20, 0x14, 0x1D, 0x1F, 0x1C, 0x1D, 0x31, 0x1C, 0x2F, 0x01,
    0x01, 0x01, 0x01, 0x18, 0x16, 0x1B, 0x22, 0x22, 0x1F, 0x20, 0x20, 0x20, 0x22, 0x22, 0x22, 0x22, 0x2B, 0x01, 0x2D, 0x01, 0x01, 0x01, 0x01, 0x01,
    0x01, 0x00, 0x00, 0x00, 0x1C, 0x16, 0x12, 0x16, 0x00, 0x31, 0x01, 0x02, 0x13, 0x02, 0x02, 0x2E, 0x2D, 0x31, 0x03, 0x04, 0x31, 0x2D, 0x02, 0x13,
    0x02, 0x2D, 0x22, 0x18, 0x10, 0x10, 0x10, 0x10, 0x17, 0x1E, 0x22, 0x20, 0x18, 0x18, 0x1D, 0x1D, 0x1F, 0x2E, 0x2E, 0x2D, 0x2D, 0x2D, 0x2D, 0x11,
    0x12, 0x12, 0x18, 0x18, 0x12, 0x18, 0x2D, 0x2D, 0x2D, 0x2D, 0x2E, 0x2E, 0x2D, 0x2D, 0x31, 0x22, 0x31, 0x16, 0x13, 0x09, 0x1D, 0x14, 0x18, 0x1F,
    0x1D, 0x1C, 0x1B, 0x1A, 0x02, 0x02, 0x18, 0x1B, 0x16, 0x16, 0x1B, 0x22, 0x20, 0x18, 0x1C, 0x1F, 0x22, 0x22, 0x22, 0x22, 0x22, 0x01, 0x2D, 0x16,
    0x01, 0x01, 0x01, 0x18, 0x00, 0x00, 0x00, 0x00, 0x1C, 0x16, 0x12, 0x1E, 0x32, 0x30, 0x02, 0x13, 0x13, 0x13, 0x2D, 0x31, 0x30, 0x04, 0x30, 0x04,
    0x04, 0x1E, 0x31, 0x01, 0x02, 0x2E, 0x1C, 0x14, 0x18, 0x1E, 0x17, 0x1C, 0x1E, 0x2D, 0x22, 0x22, 0x1D, 0x1D, 0x1D, 0x1D, 0x1F, 0x2E, 0x32, 0x2D,
    0x2D, 0x2D, 0x2D, 0x11, 0x18, 0x12, 0x12, 0x12, 0x18, 0x04, 0x2D, 0x2D, 0x2D, 0x32, 0x2E, 0x2E, 0x2D, 0x04, 0x31, 0x22, 0x30, 0x0B, 0x0C, 0x0E,
    0x1E, 0x0E, 0x18, 0x22, 0x1D, 0x2D, 0x18, 0x18, 0x2F, 0x30, 0x04, 0x2D, 0x1B, 0x16, 0x1B, 0x22, 0x18, 0x10, 0x0E, 0x1D, 0x22, 0x22, 0x22, 0x22,
    0x22, 0x01, 0x01, 0x2D, 0x1C, 0x1C, 0x1C, 0x1C, 0x00, 0x00, 0x00, 0x00, 0x1E, 0x18, 0x12, 0x12, 0x2E, 0x03, 0x01, 0x0F, 0x0D, 0x02, 0x2D, 0x31,
    0x03, 0x02, 0x02, 0x16, 0x03, 0x30, 0x30, 0x01, 0x30, 0x2E, 0x18, 0x12, 0x0E, 0x0E, 0x12, 0x12, 0x10, 0x1E, 0x22, 0x22, 0x1D, 0x1D, 0x1D, 0x1D,
    0x1F, 0x32, 0x2D, 0x2D, 0x2D, 0x2D, 0x2D, 0x18, 0x18, 0x1C, 0x18, 0x1D, 0x1E, 0x04, 0x2D, 0x2D, 0x2D, 0x2D, 0x2E, 0x2E, 0x2D, 0x1F, 0x31, 0x22,
    0x31, 0x0B, 0x12, 0x1D, 0x1F, 0x18, 0x22, 0x1F, 0x1F, 0x2D, 0x18, 0x16, 0x16, 0x04, 0x2D, 0x2D, 0x2D, 0x16, 0x1B, 0x1C, 0x1F, 0x18, 0x18, 0x20,
    0x20, 0x1B, 0x22, 0x22, 0x22, 0x01, 0x01, 0x18, 0x1C, 0x18, 0x18, 0x18, 0x1E, 0x00, 0x00, 0x00, 0x1E, 0x18, 0x02, 0x12, 0x2E, 0x2D, 0x02, 0x01,
    0x01, 0x02, 0x02, 0x01, 0x01, 0x13, 0x13, 0x13, 0x13, 0x13, 0x02, 0x01, 0x04, 0x2E, 0x11, 0x18, 0x0E, 0x0E, 0x12, 0x18, 0x10, 0x04, 0x22, 0x22,
    0x30, 0x1D, 0x18, 0x18, 0x1D, 0x04, 0x04, 0x32, 0x31, 0x2D, 0x11, 0x18, 0x12, 0x17, 0x17, 0x12, 0x18, 0x1B, 0x04, 0x2D, 0x32, 0x20, 0x20, 0x2E,
    0x1F, 0x1F, 0x31, 0x22, 0x31, 0x0C, 0x0E, 0x18, 0x18, 0x31, 0x22, 0x22, 0x1F, 0x1C, 0x18, 0x16, 0x16, 0x22, 0x05, 0x2D, 0x04, 0x04, 0x1B, 0x0E,
    0x18, 0x18, 0x18, 0x18, 0x1C, 0x1B, 0x22, 0x22, 0x22, 0x01, 0x01, 0x18, 0x1C, 0x18, 0x18, 0x18, 0x1C, 0x00, 0x00, 0x00, 0x00, 0x04, 0x18, 0x12,
    0x1C, 0x2E, 0x04, 0x02, 0x02, 0x02, 0x02, 0x02, 0x02, 0x01, 0x01, 0x01, 0x01, 0x01, 0x02, 0x02, 0x2D, 0x2E, 0x30, 0x1C, 0x0E, 0x14, 0x17, 0x1D,
    0x11, 0x31, 0x22, 0x22, 0x22, 0x1D, 0x18, 0x18, 0x1D, 0x30, 0x24, 0x24, 0x33, 0x33, 0x13, 0x16, 0x0E, 0x14, 0x14, 0x12, 0x17, 0x04, 0x33, 0x2B,
    0x2D, 0x1F, 0x1F, 0x1D, 0x1D, 0x0A, 0x31, 0x22, 0x1E, 0x0E, 0x0C, 0x11, 0x18, 0x31, 0x22, 0x22, 0x1F, 0x1E, 0x18, 0x16, 0x18, 0x22, 0x2D, 0x2D,
    0x04, 0x03, 0x01, 0x0E, 0x10, 0x17, 0x20, 0x16, 0x17, 0x18, 0x1E, 0x22, 0x22, 0x16, 0x18, 0x2E, 0x00, 0x18, 0x18, 0x18, 0x1C, 0x00, 0x00, 0x00,
    0x00, 0x00, 0x30, 0x12, 0x18, 0x1E, 0x2E, 0x2E, 0x2E, 0x2E, 0x2E, 0x2E, 0x2E, 0x2D, 0x2E, 0x32, 0x2D, 0x31, 0x2E, 0x2E, 0x2D, 0x18, 0x18, 0x1C,
    0x18, 0x0E, 0x12, 0x12, 0x18, 0x1E, 0x22, 0x22, 0x22, 0x1D, 0x1D, 0x18, 0x24, 0x33, 0x24, 0x33, 0x23, 0x23, 0x24, 0x1E, 0x02, 0x0E, 0x14, 0x12,
    0x14, 0x24, 0x23, 0x33, 0x30, 0x18, 0x1D, 0x11, 0x08, 0x0A, 0x18, 0x22, 0x22, 0x14, 0x10, 0x17, 0x18, 0x18, 0x22, 0x22, 0x1F, 0x18, 0x18, 0x16,
    0x18, 0x22, 0x22, 0x04, 0x18, 0x2B, 0x2B, 0x11, 0x14, 0x18, 0x1F, 0x18, 0x18, 0x1C, 0x1E, 0x22, 0x03, 0x2B, 0x16, 0x22, 0x00, 0x1E, 0x18, 0x18,
    0x1C, 0x00, 0x00, 0x00, 0x00, 0x00, 0x04, 0x18, 0x12, 0x02, 0x04, 0x2E, 0x2E, 0x2E, 0x2E, 0x2E, 0x2E, 0x2E, 0x2E, 0x2E, 0x2E, 0x2E, 0x2E, 0x1E,
    0x30, 0x22, 0x1E, 0x16, 0x18, 0x18, 0x12, 0x12, 0x18, 0x31, 0x22, 0x22, 0x22, 0x1D, 0x1C, 0x24, 0x24, 0x24, 0x33, 0x33, 0x23, 0x23, 0x24, 0x1C,
    0x04, 0x14, 0x13, 0x13, 0x23, 0x23, 0x23, 0x23, 0x33, 0x01, 0x0A, 0x08, 0x34, 0x34, 0x11, 0x1E, 0x22, 0x18, 0x11, 0x11, 0x0A, 0x0A, 0x1E, 0x22,
    0x1E, 0x0A, 0x11, 0x18, 0x22, 0x22, 0x21, 0x04, 0x01, 0x02, 0x01, 0x16, 0x1C, 0x17, 0x1C, 0x18, 0x1B, 0x1C, 0x1C, 0x22, 0x03, 0x03, 0x02, 0x01,
    0x00, 0x00, 0x1C, 0x18, 0x18, 0x00, 0x00, 0x00, 0x00, 0x00, 0x00, 0x18, 0x12, 0x02, 0x1E, 0x03, 0x2E, 0x2E, 0x2E, 0x2E, 0x2E, 0x2E, 0x2E, 0x2E,
    0x2E, 0x32, 0x22, 0x20, 0x1E, 0x22, 0x22, 0x17, 0x16, 0x17, 0x18, 0x16, 0x02, 0x30, 0x2D, 0x22, 0x22, 0x1D, 0x24, 0x24, 0x24, 0x33, 0x24, 0x33,
    0x23, 0x23, 0x23, 0x23, 0x24, 0x24, 0x23, 0x24, 0x30, 0x30, 0x24, 0x24, 0x2B, 0x08, 0x34, 0x34, 0x34, 0x34, 0x34, 0x1C, 0x22, 0x11, 0x11, 0x0A,
    0x0A, 0x0A, 0x1E, 0x22, 0x1C, 0x0A, 0x0A, 0x0A, 0x11, 0x22, 0x05, 0x03, 0x01, 0x2B, 0x02, 0x01, 0x1C, 0x17, 0x18, 0x1F, 0x1C, 0x31, 0x1F, 0x22,
    0x03, 0x2B, 0x2B, 0x01, 0x00, 0x00, 0x1E, 0x1C, 0x18, 0x2D, 0x00, 0x00, 0x00, 0x00, 0x00, 0x18, 0x18, 0x02, 0x32, 0x30, 0x2E, 0x2E, 0x2E, 0x2E,
    0x2E, 0x2E, 0x2E, 0x2E, 0x2D, 0x30, 0x30, 0x04, 0x1B, 0x22, 0x1E, 0x22, 0x22, 0x01, 0x0C, 0x14, 0x18, 0x1E, 0x04, 0x1E, 0x22, 0x1D, 0x1E, 0x24,
    0x24, 0x24, 0x24, 0x33, 0x33, 0x23, 0x23, 0x23, 0x23, 0x24, 0x24, 0x30, 0x24, 0x24, 0x24, 0x1E, 0x11, 0x34, 0x34, 0x34, 0x34, 0x34, 0x34, 0x18,
    0x22, 0x08, 0x12, 0x0A, 0x34, 0x0A, 0x1C, 0x22, 0x18, 0x08, 0x0A, 0x08, 0x0A, 0x18, 0x04, 0x03, 0x02, 0x2B, 0x03, 0x01, 0x17, 0x1D, 0x20, 0x1F,
    0x1C, 0x20, 0x22, 0x32, 0x03, 0x03, 0x2B, 0x02, 0x00, 0x00, 0x00, 0x00, 0x18, 0x1E, 0x00, 0x00, 0x00, 0x00, 0x00, 0x1E, 0x1E, 0x1E, 0x2E, 0x2E,
    0x2E, 0x2E, 0x2E, 0x2E, 0x2E, 0x2E, 0x22, 0x22, 0x31, 0x1B, 0x1B, 0x04, 0x30, 0x04, 0x30, 0x1F, 0x22, 0x31, 0x0E, 0x18, 0x20, 0x22, 0x01, 0x02,
    0x04, 0x04, 0x22, 0x30, 0x24, 0x24, 0x24, 0x24, 0x33, 0x23, 0x23, 0x23, 0x23, 0x23, 0x23, 0x23, 0x23, 0x33, 0x30, 0x0A, 0x08, 0x34, 0x34, 0x34,
    0x34, 0x34, 0x34, 0x0A, 0x18, 0x34, 0x12, 0x0A, 0x34, 0x08, 0x18, 0x1C, 0x18, 0x0A, 0x0A, 0x0A, 0x08, 0x0A, 0x22, 0x03, 0x03, 0x03, 0x03, 0x02,
    0x1C, 0x18, 0x18, 0x1B, 0x22, 0x22, 0x22, 0x20, 0x20, 0x20, 0x01, 0x03, 0x00, 0x00, 0x00, 0x00, 0x1C, 0x18, 0x00, 0x00, 0x00, 0x00, 0x00, 0x00,
    0x1F, 0x32, 0x32, 0x2E, 0x2E, 0x2E, 0x2E, 0x2E, 0x2E, 0x2E, 0x22, 0x1E, 0x30, 0x30, 0x1B, 0x1B, 0x30, 0x31, 0x20, 0x20, 0x1F, 0x20, 0x1B, 0x1E,
    0x1B, 0x32, 0x04, 0x22, 0x04, 0x1E, 0x32, 0x22, 0x24, 0x24, 0x24, 0x24, 0x33, 0x23, 0x23, 0x23, 0x23, 0x23, 0x23, 0x23, 0x23, 0x33, 0x30, 0x34,
    0x34, 0x34, 0x34, 0x34, 0x34, 0x34, 0x34, 0x34, 0x34, 0x34, 0x12, 0x0A, 0x34, 0x34, 0x34, 0x18, 0x11, 0x0A, 0x08, 0x11, 0x34, 0x08, 0x08, 0x03,
    0x03, 0x2B, 0x01, 0x1D, 0x1E, 0x1E, 0x22, 0x22, 0x22, 0x20, 0x20, 0x22, 0x20, 0x22, 0x22, 0x22, 0x00, 0x00, 0x00, 0x00, 0x1E, 0x18, 0x18, 0x00,
    0x00, 0x00, 0x00, 0x00, 0x2D, 0x2E, 0x2E, 0x2E, 0x2E, 0x2E, 0x2E, 0x2E, 0x2E, 0x2E, 0x22, 0x31, 0x31, 0x1B, 0x04, 0x04, 0x1B, 0x18, 0x18, 0x1B,
    0x30, 0x04, 0x31, 0x1F, 0x1B, 0x04, 0x04, 0x2B, 0x04, 0x1B, 0x30, 0x22, 0x1C, 0x24, 0x24, 0x33, 0x33, 0x23, 0x23, 0x24, 0x33, 0x23, 0x23, 0x23,
    0x33, 0x33, 0x0A, 0x08, 0x34, 0x08, 0x08, 0x34, 0x34, 0x34, 0x34, 0x34, 0x0A, 0x0A, 0x0A, 0x0A, 0x0A, 0x34, 0x08, 0x18, 0x11, 0x0A, 0x08, 0x11,
    0x34, 0x0A, 0x0A, 0x03, 0x03, 0x03, 0x20, 0x18, 0x1D, 0x20, 0x22, 0x20, 0x20, 0x22, 0x22, 0x20, 0x22, 0x22, 0x22, 0x22, 0x00, 0x00, 0x00, 0x00,
    0x00, 0x1E, 0x1C, 0x00, 0x00, 0x00, 0x00, 0x00, 0x2E, 0x2E, 0x2E, 0x2E, 0x2E, 0x2E, 0x2E, 0x2E, 0x1E, 0x22, 0x1E, 0x31, 0x1F, 0x1B, 0x1B, 0x04,
    0x1E, 0x04, 0x1B, 0x18, 0x18, 0x04, 0x20, 0x22, 0x2A, 0x20, 0x1F, 0x2B, 0x2D, 0x18, 0x18, 0x22, 0x2E, 0x1E, 0x30, 0x33, 0x33, 0x33, 0x33, 0x24,
    0x24, 0x33, 0x24, 0x33, 0x24, 0x24, 0x08, 0x34, 0x34, 0x0A, 0x0A, 0x34, 0x34, 0x34, 0x34, 0x0A, 0x34, 0x34, 0x34, 0x34, 0x34, 0x0A, 0x08, 0x08,
    0x0A, 0x0A, 0x08, 0x0A, 0x08, 0x0A, 0x0A, 0x11, 0x02, 0x1C, 0x18, 0x1D, 0x1D, 0x20, 0x20, 0x20, 0x20, 0x22, 0x22, 0x20, 0x22, 0x20, 0x22, 0x22,
    0x22, 0x00, 0x00, 0x00, 0x00, 0x03, 0x2D, 0x00, 0x00, 0x00, 0x00, 0x00, 0x32, 0x32, 0x2E, 0x2E, 0x2E, 0x2E, 0x2E, 0x2E, 0x22, 0x22, 0x31, 0x30,
    0x31, 0x20, 0x20, 0x04, 0x30, 0x18, 0x1B, 0x22, 0x1E, 0x30, 0x22, 0x20, 0x02, 0x22, 0x1E, 0x18, 0x04, 0x04, 0x1B, 0x2D, 0x22, 0x1E, 0x24, 0x24,
    0x24, 0x24, 0x24, 0x24, 0x24, 0x33, 0x24, 0x24, 0x24, 0x0A, 0x34, 0x34, 0x34, 0x0A, 0x0A, 0x34, 0x34, 0x34, 0x0A, 0x34, 0x34, 0x34, 0x11, 0x08,
    0x34, 0x34, 0x0A, 0x08, 0x0A, 0x0A, 0x0A, 0x0A, 0x0A, 0x11, 0x0A, 0x0A, 0x18, 0x20, 0x20, 0x20, 0x20, 0x20, 0x20, 0x20, 0x20, 0x22, 0x22, 0x22,
    0x22, 0x22, 0x22, 0x22, 0x22, 0x00, 0x00, 0x00, 0x00, 0x2D, 0x2D, 0x00, 0x00, 0x00, 0x00, 0x00, 0x2E, 0x2E, 0x2E, 0x2E, 0x2E, 0x32, 0x1F, 0x1E,
    0x2E, 0x22, 0x04, 0x1E, 0x30, 0x2A, 0x31, 0x1B, 0x18, 0x18, 0x18, 0x18, 0x20, 0x20, 0x22, 0x22, 0x03, 0x03, 0x2B, 0x2D, 0x20, 0x1E, 0x31, 0x1B,
    0x22, 0x1E, 0x24, 0x24, 0x24, 0x24, 0x24, 0x24, 0x33, 0x33, 0x24, 0x30, 0x2D, 0x34, 0x34, 0x34, 0x34, 0x0A, 0x0A, 0x08, 0x34, 0x0A, 0x34, 0x34,
    0x34, 0x34, 0x11, 0x08, 0x34, 0x34, 0x34, 0x11, 0x0A, 0x0A, 0x11, 0x11, 0x0A, 0x0A, 0x08, 0x0A, 0x20, 0x20, 0x20, 0x20, 0x20, 0x20, 0x20, 0x20,
    0x20, 0x22, 0x22, 0x22, 0x20, 0x22, 0x22, 0x22, 0x22, 0x22, 0x00, 0x00, 0x00, 0x00, 0x00, 0x00, 0x00, 0x00, 0x00, 0x00, 0x2E, 0x2E, 0x2E, 0x2E,
    0x2E, 0x32, 0x20, 0x20, 0x22, 0x22, 0x04, 0x20, 0x2D, 0x30, 0x20, 0x1E, 0x18, 0x1B, 0x18, 0x1B, 0x31, 0x1E, 0x22, 0x22, 0x04, 0x2B, 0x2A, 0x32,
    0x22, 0x1E, 0x1E, 0x1B, 0x22, 0x22, 0x24, 0x24, 0x24, 0x24, 0x24, 0x33, 0x33, 0x33, 0x24, 0x18, 0x0A, 0x34, 0x0A, 0x08, 0x34, 0x0A, 0x12, 0x08,
    0x0A, 0x0A, 0x0A, 0x0A, 0x0A, 0x34, 0x34, 0x34, 0x0A, 0x34, 0x0A, 0x0A, 0x11, 0x12, 0x18, 0x0A, 0x0A, 0x0A, 0x08, 0x08, 0x22, 0x20, 0x20, 0x20,
    0x20, 0x20, 0x20, 0x20, 0x20, 0x22, 0x22, 0x20, 0x22, 0x22, 0x22, 0x22, 0x22, 0x22, 0x00, 0x00, 0x00, 0x00, 0x00, 0x00, 0x00, 0x00, 0x00, 0x00,
    0x2E, 0x2E, 0x2E, 0x2E, 0x2E, 0x22, 0x22, 0x22, 0x22, 0x22, 0x1F, 0x20, 0x32, 0x31, 0x20, 0x18, 0x1B, 0x04, 0x22, 0x22, 0x1F, 0x31, 0x22, 0x22,
    0x2D, 0x04, 0x2B, 0x20, 0x20, 0x22, 0x22, 0x30, 0x04, 0x22, 0x1E, 0x24, 0x33, 0x33, 0x33, 0x33, 0x33, 0x24, 0x24, 0x18, 0x08, 0x0A, 0x0A, 0x0A,
    0x34, 0x0A, 0x11, 0x0A, 0x34, 0x0A, 0x34, 0x34, 0x34, 0x34, 0x0A, 0x34, 0x34, 0x34, 0x34, 0x0A, 0x08, 0x0A, 0x18, 0x11, 0x0A, 0x0A, 0x08, 0x34,
    0x22, 0x20, 0x20, 0x20, 0x20, 0x20, 0x20, 0x22, 0x22, 0x22, 0x22, 0x20, 0x22, 0x22, 0x22, 0x22, 0x22, 0x22, 0x00, 0x00, 0x00, 0x00, 0x00, 0x00,
    0x00, 0x00, 0x00, 0x00, 0x2E, 0x2E, 0x2E, 0x2E, 0x2E, 0x22, 0x22, 0x22, 0x20, 0x31, 0x1E, 0x20, 0x22, 0x1F, 0x20, 0x04, 0x1E, 0x1F, 0x1F, 0x22,
    0x31, 0x31, 0x22, 0x1C, 0x30, 0x31, 0x1B, 0x04, 0x30, 0x22, 0x1F, 0x04, 0x04, 0x2D, 0x1C, 0x1C, 0x24, 0x33, 0x24, 0x24, 0x24, 0x24, 0x24, 0x1C,
    0x08, 0x08, 0x08, 0x0A, 0x08, 0x0A, 0x11, 0x0A, 0x34, 0x34, 0x0A, 0x34, 0x34, 0x34, 0x0A, 0x34, 0x34, 0x08, 0x11, 0x34, 0x08, 0x0A, 0x18, 0x18,
    0x0A, 0x08, 0x08, 0x08, 0x18, 0x22, 0x20, 0x20, 0x22, 0x20, 0x20, 0x22, 0x22, 0x22, 0x1E, 0x20, 0x20, 0x20, 0x22, 0x22, 0x22, 0x22, 0x00, 0x00,
    0x00, 0x00, 0x00, 0x00, 0x00, 0x00, 0x00, 0x2E, 0x2E, 0x2E, 0x2E, 0x22, 0x2E, 0x22, 0x22, 0x22, 0x04, 0x2B, 0x20, 0x22, 0x22, 0x22, 0x04, 0x20,
    0x31, 0x18, 0x1B, 0x1B, 0x31, 0x31, 0x22, 0x20, 0x31, 0x20, 0x22, 0x04, 0x2B, 0x22, 0x1F, 0x31, 0x02, 0x2B, 0x30, 0x24, 0x1C, 0x24, 0x33, 0x24,
    0x24, 0x24, 0x24, 0x1E, 0x0A, 0x0A, 0x08, 0x0A, 0x0A, 0x18, 0x11, 0x0A, 0x08, 0x08, 0x34, 0x0A, 0x34, 0x34, 0x0A, 0x34, 0x34, 0x11, 0x0A, 0x34,
    0x08, 0x0A, 0x01, 0x11, 0x0A, 0x0A, 0x34, 0x08, 0x0C, 0x22, 0x20, 0x20, 0x22, 0x22, 0x20, 0x20, 0x20, 0x22, 0x20, 0x20, 0x20, 0x20, 0x20, 0x20,
    0x22, 0x22, 0x00, 0x00, 0x00, 0x00, 0x00, 0x00, 0x00, 0x00, 0x00, 0x22, 0x2E, 0x22, 0x2E, 0x22, 0x22, 0x2E, 0x22, 0x22, 0x1B, 0x04, 0x20, 0x20,
    0x22, 0x22, 0x2A, 0x32, 0x1B, 0x1B, 0x1B, 0x1B, 0x1B, 0x04, 0x04, 0x04, 0x32, 0x1F, 0x22, 0x2D, 0x31, 0x22, 0x22, 0x22, 0x2A, 0x04, 0x1C, 0x24,
    0x24, 0x30, 0x30, 0x33, 0x24, 0x24, 0x30, 0x24, 0x04, 0x11, 0x0A, 0x0A, 0x11, 0x18, 0x11, 0x0A, 0x08, 0x08, 0x34, 0x34, 0x0A, 0x0A, 0x0A, 0x0A,
    0x0A, 0x08, 0x08, 0x34, 0x08, 0x09, 0x16, 0x1B, 0x11, 0x11, 0x11, 0x0D, 0x16, 0x22, 0x20, 0x20, 0x22, 0x22, 0x20, 0x20, 0x20, 0x22, 0x20, 0x22,
    0x22, 0x22, 0x22, 0x22, 0x22, 0x22, 0x00, 0x00, 0x00, 0x00, 0x00, 0x00, 0x00, 0x00, 0x00, 0x22, 0x2E, 0x22, 0x2E, 0x22, 0x22, 0x22, 0x22, 0x22,
    0x1C, 0x1E, 0x1E, 0x04, 0x22, 0x31, 0x2A, 0x22, 0x1E, 0x31, 0x1B, 0x04, 0x03, 0x04, 0x04, 0x04, 0x04, 0x20, 0x31, 0x2D, 0x1E, 0x1F, 0x22, 0x22,
    0x04, 0x04, 0x1C, 0x24, 0x24, 0x24, 0x30, 0x24, 0x30, 0x30, 0x30, 0x1C, 0x1E, 0x17, 0x0B, 0x0B, 0x16, 0x31, 0x11, 0x11, 0x08, 0x0A, 0x34, 0x34,
    0x34, 0x34, 0x0A, 0x34, 0x34, 0x34, 0x34, 0x34, 0x08, 0x0B, 0x16, 0x20, 0x17, 0x0E, 0x18, 0x22, 0x22, 0x22, 0x20, 0x20, 0x22, 0x22, 0x22, 0x20,
    0x22, 0x22, 0x22, 0x22, 0x20, 0x20, 0x22, 0x22, 0x00, 0x00, 0x00, 0x00, 0x00, 0x00, 0x00, 0x00, 0x00, 0x00, 0x00, 0x2E, 0x22, 0x2E, 0x2E, 0x22,
    0x2E, 0x22, 0x22, 0x22, 0x1F, 0x1E, 0x22, 0x22, 0x20, 0x04, 0x30, 0x20, 0x20, 0x31, 0x1B, 0x1B, 0x03, 0x22, 0x04, 0x1E, 0x1F, 0x1F, 0x31, 0x20,
    0x22, 0x22, 0x22, 0x22, 0x22, 0x04, 0x24, 0x30, 0x24, 0x24, 0x24, 0x30, 0x30, 0x1C, 0x1E, 0x1C, 0x1E, 0x1C, 0x0E, 0x0C, 0x0B, 0x16, 0x11, 0x0A,
    0x0A, 0x0A, 0x08, 0x34, 0x34, 0x34, 0x0A, 0x34, 0x34, 0x08, 0x08, 0x08, 0x0B, 0x0C, 0x0E, 0x17, 0x0C, 0x0E, 0x18, 0x22, 0x22, 0x20, 0x20, 0x20,
    0x22, 0x22, 0x22, 0x20, 0x22, 0x22, 0x22, 0x1E, 0x20, 0x20, 0x20, 0x22, 0x22, 0x00, 0x00, 0x00, 0x00, 0x00, 0x00, 0x00, 0x00, 0x00, 0x00, 0x22,
    0x2E, 0x2E, 0x2E, 0x22, 0x22, 0x22, 0x32, 0x22, 0x22, 0x31, 0x22, 0x22, 0x22, 0x04, 0x04, 0x1B, 0x02, 0x03, 0x02, 0x04, 0x04, 0x22, 0x20, 0x1C,
    0x20, 0x18, 0x18, 0x1C, 0x04, 0x22, 0x22, 0x22, 0x22, 0x32, 0x03, 0x24, 0x24, 0x24, 0x24, 0x24, 0x30, 0x30, 0x1C, 0x1E, 0x1E, 0x1E, 0x1C, 0x18,
    0x10, 0x0B, 0x0B, 0x08, 0x34, 0x34, 0x34, 0x34, 0x34, 0x34, 0x0A, 0x34, 0x34, 0x08, 0x0A, 0x07, 0x0D, 0x0B, 0x0B, 0x14, 0x18, 0x18, 0x1E, 0x22,
    0x22, 0x20, 0x20, 0x20, 0x22, 0x22, 0x22, 0x22, 0x20, 0x22, 0x1F, 0x20, 0x22, 0x22, 0x22, 0x22, 0x00, 0x00, 0x00, 0x00, 0x00, 0x00, 0x00, 0x00,
    0x00, 0x00, 0x00, 0x22, 0x2E, 0x22, 0x2E, 0x22, 0x2E, 0x2E, 0x1E, 0x22, 0x1E, 0x22, 0x2D, 0x22, 0x22, 0x04, 0x22, 0x30, 0x2A, 0x04, 0x04, 0x22,
    0x31, 0x1F, 0x20, 0x1E, 0x20, 0x1B, 0x1B, 0x31, 0x1B, 0x22, 0x22, 0x1B, 0x1F, 0x20, 0x2D, 0x04, 0x30, 0x24, 0x23, 0x1C, 0x1E, 0x1C, 0x1E, 0x30,
    0x22, 0x22, 0x22, 0x20, 0x1C, 0x0C, 0x0B, 0x0B, 0x07, 0x08, 0x08, 0x08, 0x08, 0x08, 0x08, 0x08, 0x08, 0x08, 0x0C, 0x09, 0x07, 0x0D, 0x0E, 0x0E,
    0x1E, 0x1E, 0x22, 0x22, 0x22, 0x20, 0x20, 0x20, 0x22, 0x20, 0x22, 0x22, 0x20, 0x22, 0x20, 0x20, 0x22, 0x22, 0x22, 0x22, 0x00, 0x00, 0x00, 0x00,
    0x00, 0x00, 0x00, 0x00, 0x00, 0x00, 0x00, 0x22, 0x2E, 0x2E, 0x2E, 0x22, 0x22, 0x22, 0x18, 0x14, 0x17, 0x22, 0x22, 0x22, 0x31, 0x04, 0x1E, 0x30,
    0x03, 0x04, 0x2D, 0x2D, 0x04, 0x04, 0x22, 0x22, 0x04, 0x22, 0x22, 0x22, 0x1E, 0x20, 0x04, 0x1B, 0x04, 0x31, 0x22, 0x2E, 0x04, 0x2D, 0x22, 0x22,
    0x22, 0x2D, 0x22, 0x22, 0x2E, 0x22, 0x22, 0x1E, 0x22, 0x11, 0x0E, 0x10, 0x0B, 0x0E, 0x11, 0x0A, 0x08, 0x08, 0x08, 0x08, 0x0A, 0x11, 0x12, 0x18,
    0x0C, 0x0E, 0x17, 0x17, 0x22, 0x22, 0x22, 0x22, 0x22, 0x20, 0x22, 0x20, 0x20, 0x20, 0x22, 0x22, 0x22, 0x22, 0x22, 0x20, 0x22, 0x22, 0x22, 0x22,
    0x00, 0x00, 0x00, 0x00, 0x00, 0x00, 0x00, 0x00, 0x00, 0x00, 0x00, 0x22, 0x2E, 0x2E, 0x2E, 0x2E, 0x2E, 0x22, 0x18, 0x0E, 0x14, 0x1E, 0x22, 0x22,
    0x20, 0x20, 0x20, 0x04, 0x32, 0x04, 0x32, 0x22, 0x04, 0x04, 0x22, 0x22, 0x31, 0x31, 0x32, 0x22, 0x22, 0x22, 0x04, 0x1E, 0x1B, 0x22, 0x2E, 0x2E,
    0x2D, 0x2D, 0x04, 0x2D, 0x2D, 0x2D, 0x22, 0x22, 0x2D, 0x2E, 0x2D, 0x32, 0x22, 0x22, 0x1C, 0x14, 0x0E, 0x14, 0x17, 0x11, 0x0A, 0x08, 0x08, 0x0A,
    0x11, 0x17, 0x17, 0x14, 0x14, 0x17, 0x22, 0x22, 0x22, 0x22, 0x22, 0x22, 0x22, 0x20, 0x22, 0x20, 0x20, 0x20, 0x22, 0x22, 0x22, 0x22, 0x22, 0x0C,
    0x14, 0x1C, 0x22, 0x22, 0x00, 0x00, 0x00, 0x00, 0x00, 0x00, 0x00, 0x00, 0x00, 0x00, 0x00, 0x22, 0x2E, 0x2E, 0x2E, 0x22, 0x22, 0x22, 0x18, 0x0E,
    0x0E, 0x1E, 0x22, 0x22, 0x1E, 0x1E, 0x1B, 0x04, 0x22, 0x13, 0x04, 0x22, 0x22, 0x1E, 0x22, 0x1E, 0x22, 0x18, 0x30, 0x22, 0x22, 0x22, 0x1B, 0x30,
    0x13, 0x22, 0x22, 0x2D, 0x2D, 0x22, 0x2D, 0x2E, 0x2E, 0x2D, 0x2E, 0x2E, 0x2D, 0x2D, 0x2D, 0x22, 0x22, 0x22, 0x22, 0x1B, 0x17, 0x18, 0x31, 0x31,
    0x04, 0x1B, 0x02, 0x1B, 0x04, 0x1E, 0x20, 0x1B, 0x18, 0x1B, 0x22, 0x22, 0x22, 0x22, 0x22, 0x22, 0x20, 0x20, 0x20, 0x20, 0x22, 0x20, 0x22, 0x22,
    0x22, 0x22, 0x20, 0x0E, 0x0E, 0x12, 0x18, 0x22, 0x00, 0x00, 0x00, 0x00, 0x00, 0x00, 0x00, 0x00, 0x00, 0x00, 0x00, 0x22, 0x2E, 0x2E, 0x2E, 0x22,
    0x22, 0x22, 0x18, 0x0E, 0x14, 0x1E, 0x22, 0x22, 0x03, 0x13, 0x13, 0x1B, 0x09, 0x09, 0x0B, 0x0B, 0x0D, 0x01, 0x22, 0x13, 0x0D, 0x0B, 0x01, 0x18,
    0x22, 0x22, 0x13, 0x10, 0x10, 0x22, 0x2E, 0x2D, 0x2D, 0x2D, 0x2E, 0x22, 0x22, 0x2D, 0x2D, 0x2E, 0x2D, 0x2E, 0x2D, 0x22, 0x22, 0x22, 0x20, 0x04,
    0x31, 0x1E, 0x22, 0x22, 0x20, 0x04, 0x22, 0x04, 0x32, 0x2E, 0x32, 0x1E, 0x22, 0x32, 0x22, 0x22, 0x22, 0x22, 0x22, 0x22, 0x22, 0x20, 0x20, 0x22,
    0x22, 0x20, 0x22, 0x22, 0x22, 0x22, 0x17, 0x0E, 0x12, 0x18, 0x1C, 0x22, 0x00, 0x00, 0x00, 0x00, 0x00, 0x00, 0x00, 0x00, 0x00, 0x00, 0x00, 0x22,
    0x22, 0x2E, 0x22, 0x2E, 0x22, 0x22, 0x18, 0x0E, 0x14, 0x1E, 0x22, 0x2D, 0x13, 0x0D, 0x13, 0x18, 0x09, 0x09, 0x07, 0x07, 0x09, 0x13, 0x16, 0x09,
    0x07, 0x07, 0x0D, 0x02, 0x22, 0x16, 0x14, 0x0C, 0x10, 0x22, 0x2D, 0x2D, 0x2D, 0x2D, 0x2D, 0x2E, 0x2E, 0x2D, 0x2D, 0x2E, 0x2D, 0x2E, 0x2D, 0x22,
    0x22, 0x22, 0x20, 0x22, 0x22, 0x22, 0x04, 0x2D, 0x04, 0x2D, 0x04, 0x04, 0x2E, 0x22, 0x2E, 0x2D, 0x32, 0x2D, 0x22, 0x22, 0x11, 0x22, 0x22, 0x22,
    0x22, 0x20, 0x20, 0x22, 0x22, 0x22, 0x22, 0x20, 0x22, 0x22, 0x0E, 0x0E, 0x17, 0x1C, 0x22, 0x22, 0x00, 0x00, 0x00, 0x00, 0x00, 0x00, 0x00, 0x00,
    0x00, 0x00, 0x00, 0x22, 0x22, 0x22, 0x22, 0x2E, 0x22, 0x22, 0x1B, 0x0E, 0x14, 0x1E, 0x22, 0x31, 0x16, 0x01, 0x0D, 0x0B, 0x07, 0x07, 0x07, 0x07,
    0x09, 0x02, 0x16, 0x09, 0x07, 0x09, 0x0B, 0x13, 0x04, 0x1B, 0x14, 0x0C, 0x0E, 0x22, 0x2E, 0x2D, 0x2D, 0x2D, 0x2D, 0x2D, 0x2D, 0x2D, 0x2D, 0x2D,
    0x2D, 0x2E, 0x2D, 0x22, 0x22, 0x2E, 0x32, 0x32, 0x2D, 0x04, 0x2D, 0x04, 0x04, 0x30, 0x02, 0x1E, 0x04, 0x2E, 0x22, 0x32, 0x2D, 0x2D, 0x22, 0x22,
    0x18, 0x22, 0x22, 0x22, 0x22, 0x22, 0x22, 0x22, 0x22, 0x22, 0x22, 0x20, 0x20, 0x22, 0x0E, 0x14, 0x18, 0x1C, 0x22, 0x22, 0x00, 0x00, 0x00, 0x00,
    0x00, 0x00, 0x00, 0x00, 0x00, 0x00, 0x00, 0x22, 0x22, 0x22, 0x22, 0x2E, 0x22, 0x22, 0x1C, 0x14, 0x12, 0x1E, 0x22, 0x04, 0x13, 0x0F, 0x0B, 0x09,
    0x09, 0x07, 0x07, 0x07, 0x09, 0x13, 0x0D, 0x09, 0x07, 0x07, 0x07, 0x0B, 0x0D, 0x22, 0x17, 0x10, 0x14, 0x22, 0x22, 0x2D, 0x2E, 0x2E, 0x22, 0x22,
    0x2D, 0x2D, 0x2D, 0x2D, 0x2E, 0x2E, 0x2D, 0x22, 0x22, 0x2D, 0x31, 0x04, 0x04, 0x04, 0x2D, 0x04, 0x04, 0x04, 0x1B, 0x04, 0x04, 0x2D, 0x2D, 0x04,
    0x04, 0x2D, 0x22, 0x11, 0x14, 0x1E, 0x22, 0x22, 0x22, 0x22, 0x22, 0x22, 0x22, 0x22, 0x20, 0x20, 0x20, 0x22, 0x17, 0x12, 0x18, 0x1D, 0x22, 0x00,
    0x00, 0x00, 0x00, 0x00, 0x00, 0x00, 0x00, 0x00, 0x00, 0x00, 0x00, 0x22, 0x2E, 0x22, 0x2E, 0x2E, 0x22, 0x22, 0x31, 0x14, 0x14, 0x1E, 0x22, 0x02,
    0x0D, 0x09, 0x09, 0x09, 0x09, 0x07, 0x07, 0x07, 0x09, 0x0B, 0x09, 0x09, 0x07, 0x07, 0x07, 0x09, 0x09, 0x22, 0x1E, 0x10, 0x14, 0x20, 0x22, 0x2D,
    0x2E, 0x2E, 0x22, 0x22, 0x2D, 0x2E, 0x2E, 0x2E, 0x2E, 0x2E, 0x2E, 0x22, 0x22, 0x2D, 0x31, 0x04, 0x04, 0x04, 0x04, 0x04, 0x04, 0x1B, 0x04, 0x04,
    0x04, 0x04, 0x04, 0x04, 0x04, 0x2D, 0x22, 0x22, 0x18, 0x20, 0x22, 0x22, 0x22, 0x22, 0x22, 0x22, 0x22, 0x22, 0x22, 0x20, 0x20, 0x22, 0x12, 0x17,
    0x18, 0x1F, 0x00, 0x00, 0x00, 0x00, 0x00, 0x00, 0x00, 0x00, 0x00, 0x00, 0x00, 0x00, 0x00, 0x22, 0x22, 0x22, 0x22, 0x22, 0x22, 0x22, 0x1E, 0x14,
    0x0E, 0x1E, 0x18, 0x0D, 0x0D, 0x07, 0x09, 0x09, 0x09, 0x07, 0x07, 0x09, 0x0B, 0x13, 0x22, 0x0D, 0x09, 0x09, 0x07, 0x09, 0x09, 0x1E, 0x20, 0x10,
    0x10, 0x22, 0x22, 0x2E, 0x2E, 0x2E, 0x2E, 0x22, 0x2E, 0x2D, 0x2D, 0x2E, 0x22, 0x2E, 0x2E, 0x22, 0x22, 0x2D, 0x31, 0x04, 0x04, 0x04, 0x04, 0x04,
    0x04, 0x30, 0x04, 0x04, 0x04, 0x04, 0x04, 0x04, 0x04, 0x2D, 0x22, 0x22, 0x1B, 0x11, 0x22, 0x22, 0x22, 0x22, 0x22, 0x22, 0x22, 0x22, 0x22, 0x22,
    0x1E, 0x0E, 0x12, 0x18, 0x12, 0x00, 0x00, 0x00, 0x00, 0x00, 0x00, 0x00, 0x00, 0x00, 0x00, 0x00, 0x00, 0x00, 0x00, 0x22, 0x2E, 0x22, 0x22, 0x22,
    0x22, 0x22, 0x1E, 0x14, 0x0E, 0x1B, 0x16, 0x0D, 0x0B, 0x09, 0x09, 0x07, 0x07, 0x07, 0x07, 0x09, 0x0D, 0x31, 0x18, 0x0B, 0x09, 0x07, 0x07, 0x07,
    0x09, 0x0F, 0x10, 0x0C, 0x0B, 0x22, 0x22, 0x22, 0x2E, 0x2E, 0x22, 0x22, 0x2E, 0x2D, 0x2E, 0x22, 0x22, 0x2E, 0x22, 0x22, 0x22, 0x2D, 0x04, 0x1B,
    0x04, 0x04, 0x04, 0x2D, 0x04, 0x22, 0x32, 0x32, 0x04, 0x04, 0x04, 0x2B, 0x04, 0x2D, 0x22, 0x22, 0x18, 0x11, 0x22, 0x22, 0x22, 0x22, 0x22, 0x22,
    0x22, 0x22, 0x22, 0x22, 0x16, 0x0E, 0x12, 0x18, 0x17, 0x00, 0x00, 0x00, 0x00, 0x00, 0x00, 0x00, 0x00, 0x00, 0x00, 0x00,
};

static const uint8_t px_wm_progress_h8_04a2a9c8[] __attribute__((aligned(8))) = {
    0x00, 0x09, 0x09, 0x09, 0x12, 0x18, 0x18, 0x12, 0x09, 0x00, 0x00, 0x00, 0x09, 0x0E, 0x03, 0x09, 0x0E, 0x10, 0x17, 0x1E, 0x12, 0x09, 0x00, 0x00,
    0x12, 0x04, 0x01, 0x03, 0x12, 0x18, 0x1B, 0x1E, 0x17, 0x12, 0x00, 0x00, 0x12, 0x09, 0x01, 0x0B, 0x12, 0x17, 0x1B, 0x1E, 0x17, 0x12, 0x00, 0x00,
    0x12, 0x09, 0x01, 0x09, 0x12, 0x17, 0x1B, 0x1E, 0x17, 0x12, 0x00, 0x00, 0x12, 0x07, 0x01, 0x09, 0x12, 0x17, 0x1B, 0x1E, 0x17, 0x12, 0x00, 0x00,
    0x12, 0x07, 0x01, 0x09, 0x12, 0x17, 0x1B, 0x1E, 0x17, 0x12, 0x00, 0x00, 0x12, 0x07, 0x01, 0x09, 0x12, 0x17, 0x1B, 0x1E, 0x17, 0x12, 0x00, 0x00,
    0x12, 0x07, 0x01, 0x09, 0x12, 0x17, 0x1B, 0x1E, 0x17, 0x12, 0x00, 0x00, 0x12, 0x07, 0x01, 0x09, 0x12, 0x17, 0x1B, 0x1E, 0x17, 0x12, 0x00, 0x00,
    0x12, 0x07, 0x01, 0x09, 0x12, 0x17, 0x1B, 0x1E, 0x17, 0x12, 0x00, 0x00, 0x12, 0x07, 0x01, 0x09, 0x12, 0x17, 0x1B, 0x1E, 0x17, 0x12, 0x00, 0x00,
    0x12, 0x07, 0x01, 0x09, 0x12, 0x17, 0x1B, 0x1E, 0x17, 0x14, 0x00, 0x00, 0x12, 0x07, 0x01, 0x09, 0x12, 0x17, 0x1B, 0x1E, 0x17, 0x14, 0x00, 0x00,
    0x12, 0x07, 0x01, 0x0A, 0x12, 0x17, 0x1B, 0x1E, 0x17, 0x14, 0x00, 0x00, 0x12, 0x07, 0x01, 0x0A, 0x12, 0x17, 0x1B, 0x1E, 0x17, 0x12, 0x00, 0x00,
    0x12, 0x07, 0x01, 0x0B, 0x12, 0x17, 0x1B, 0x1E, 0x17, 0x14, 0x00, 0x00, 0x12, 0x07, 0x01, 0x0B, 0x12, 0x17, 0x1B, 0x1E, 0x17, 0x12, 0x00, 0x00,
    0x11, 0x07, 0x03, 0x0B, 0x12, 0x17, 0x1B, 0x1E, 0x17, 0x12, 0x00, 0x00, 0x11, 0x07, 0x03, 0x0B, 0x12, 0x17, 0x1B, 0x1E, 0x17, 0x14, 0x00, 0x00,
    0x11, 0x0B, 0x01, 0x0B, 0x12, 0x17, 0x1B, 0x1E, 0x17, 0x14, 0x00, 0x00, 0x12, 0x0B, 0x01, 0x0B, 0x12, 0x17, 0x1B, 0x1E, 0x17, 0x14, 0x00, 0x00,
    0x12, 0x0B, 0x02, 0x0B, 0x12, 0x17, 0x1B, 0x1E, 0x17, 0x12, 0x00, 0x00, 0x12, 0x0B, 0x02, 0x0B, 0x12, 0x17, 0x1B, 0x1E, 0x17, 0x14, 0x00, 0x00,
    0x12, 0x0B, 0x02, 0x0B, 0x12, 0x17, 0x1B, 0x1E, 0x17, 0x12, 0x00, 0x00, 0x12, 0x0C, 0x02, 0x0B, 0x12, 0x17, 0x1B, 0x1E, 0x17, 0x12, 0x00, 0x00,
    0x12, 0x0C, 0x03, 0x0B, 0x12, 0x17, 0x1B, 0x1E, 0x17, 0x15, 0x00, 0x00, 0x12, 0x0C, 0x03, 0x0B, 0x12, 0x17, 0x1B, 0x1E, 0x17, 0x14, 0x00, 0x00,
    0x12, 0x0D, 0x03, 0x0B, 0x12, 0x17, 0x1B, 0x1E, 0x17, 0x12, 0x00, 0x00, 0x12, 0x0D, 0x03, 0x0B, 0x12, 0x17, 0x1B, 0x1E, 0x17, 0x15, 0x00, 0x00,
    0x12, 0x0D, 0x03, 0x0B, 0x12, 0x17, 0x1B, 0x1E, 0x17, 0x14, 0x00, 0x00, 0x12, 0x0E, 0x03, 0x0B, 0x12, 0x17, 0x1B, 0x1E, 0x17, 0x14, 0x00, 0x00,
    0x12, 0x0E, 0x04, 0x0B, 0x12, 0x17, 0x1B, 0x1E, 0x17, 0x15, 0x00, 0x00, 0x12, 0x0E, 0x03, 0x0B, 0x12, 0x17, 0x1B, 0x1E, 0x17, 0x15, 0x00, 0x00,
    0x12, 0x0E, 0x03, 0x0B, 0x12, 0x17, 0x1B, 0x1E, 0x17, 0x15, 0x00, 0x00, 0x12, 0x0E, 0x05, 0x0B, 0x12, 0x17, 0x1B, 0x1E, 0x17, 0x15, 0x00, 0x00,
    0x13, 0x0E, 0x06, 0x0C, 0x12, 0x17, 0x1B, 0x1E, 0x17, 0x15, 0x00, 0x00, 0x13, 0x0E, 0x06, 0x0C, 0x12, 0x17, 0x1B, 0x1E, 0x17, 0x15, 0x00, 0x00,
    0x13, 0x0F, 0x06, 0x0C, 0x12, 0x17, 0x1B, 0x1E, 0x17, 0x15, 0x00, 0x00, 0x13, 0x0F, 0x07, 0x0C, 0x12, 0x17, 0x1B, 0x1E, 0x17, 0x15, 0x00, 0x00,
    0x13, 0x0F, 0x07, 0x0C, 0x12, 0x17, 0x1B, 0x1E, 0x17, 0x15, 0x00, 0x00, 0x13, 0x0F, 0x07, 0x0C, 0x12, 0x17, 0x1B, 0x1E, 0x17, 0x17, 0x00, 0x00,
    0x13, 0x0F, 0x07, 0x0C, 0x12, 0x17, 0x1B, 0x1E, 0x17, 0x17, 0x00, 0x00, 0x13, 0x0F, 0x07, 0x0C, 0x12, 0x17, 0x1B, 0x1E, 0x17, 0x17, 0x00, 0x00,
    0x14, 0x0F, 0x07, 0x0C, 0x12, 0x17, 0x1B, 0x1E, 0x17, 0x17, 0x00, 0x00, 0x14, 0x0F, 0x08, 0x0C, 0x12, 0x17, 0x1B, 0x1E, 0x17, 0x17, 0x00, 0x00,
    0x14, 0x11, 0x09, 0x0B, 0x12, 0x17, 0x1B, 0x1E, 0x17, 0x17, 0x00, 0x00, 0x13, 0x11, 0x09, 0x0C, 0x12, 0x17, 0x1B, 0x1E, 0x17, 0x17, 0x00, 0x00,
    0x13, 0x11, 0x09, 0x0C, 0x12, 0x17, 0x1B, 0x1E, 0x17, 0x17, 0x00, 0x00, 0x14, 0x11, 0x09, 0x0C, 0x12, 0x17, 0x1B, 0x1E, 0x17, 0x17, 0x00, 0x00,
    0x14, 0x11, 0x09, 0x0C, 0x12, 0x17, 0x1B, 0x1E, 0x17, 0x17, 0x00, 0x00, 0x14, 0x11, 0x07, 0x0C, 0x12, 0x17, 0x1B, 0x1E, 0x17, 0x17, 0x00, 0x00,
    0x14, 0x11, 0x07, 0x0C, 0x12, 0x17, 0x1B, 0x1E, 0x17, 0x17, 0x00, 0x00, 0x14, 0x11, 0x07, 0x0C, 0x12, 0x17, 0x1B, 0x1E, 0x17, 0x17, 0x00, 0x00,
    0x14, 0x11, 0x09, 0x0C, 0x12, 0x17, 0x1B, 0x1E, 0x17, 0x17, 0x00, 0x00, 0x14, 0x11, 0x07, 0x0C, 0x12, 0x17, 0x1B, 0x1E, 0x17, 0x17, 0x00, 0x00,
    0x14, 0x11, 0x07, 0x0C, 0x12, 0x17, 0x1B, 0x1E, 0x17, 0x16, 0x00, 0x00, 0x14, 0x11, 0x07, 0x0C, 0x12, 0x17, 0x1B, 0x1E, 0x19, 0x16, 0x00, 0x00,
    0x14, 0x11, 0x07, 0x0C, 0x12, 0x17, 0x1B, 0x1E, 0x19, 0x16, 0x00, 0x00, 0x13, 0x11, 0x07, 0x0C, 0x12, 0x17, 0x1B, 0x1E, 0x19, 0x16, 0x00, 0x00,
    0x13, 0x11, 0x07, 0x0C, 0x12, 0x17, 0x1B, 0x1E, 0x19, 0x16, 0x00, 0x00, 0x13, 0x0F, 0x0A, 0x0D, 0x11, 0x17, 0x1B, 0x1E, 0x19, 0x16, 0x00, 0x00,
    0x13, 0x0F, 0x0C, 0x0F, 0x11, 0x17, 0x1B, 0x1E, 0x19, 0x16, 0x00, 0x00, 0x13, 0x10, 0x0C, 0x0F, 0x12, 0x17, 0x1B, 0x1E, 0x19, 0x17, 0x00, 0x00,
    0x14, 0x11, 0x0C, 0x10, 0x12, 0x16, 0x19, 0x1D, 0x1B, 0x19, 0x00, 0x00, 0x17, 0x11, 0x0C, 0x10, 0x12, 0x15, 0x1A, 0x1D, 0x1C, 0x19, 0x00, 0x00,
    0x17, 0x11, 0x0C, 0x10, 0x12, 0x15, 0x1A, 0x1D, 0x1C, 0x19, 0x00, 0x00, 0x14, 0x11, 0x0C, 0x10, 0x14, 0x17, 0x1A, 0x1D, 0x1C, 0x19, 0x00, 0x00,
    0x14, 0x11, 0x0C, 0x10, 0x14, 0x17, 0x1A, 0x1D, 0x1C, 0x19, 0x00, 0x00, 0x14, 0x11, 0x0C, 0x11, 0x14, 0x17, 0x1A, 0x1E, 0x1C, 0x19, 0x00, 0x00,
    0x14, 0x11, 0x0C, 0x11, 0x14, 0x17, 0x1A, 0x1E, 0x1D, 0x19, 0x00, 0x00, 0x17, 0x11, 0x0C, 0x11, 0x14, 0x17, 0x1B, 0x1E, 0x1D, 0x19, 0x00, 0x00,
    0x1B, 0x12, 0x0C, 0x11, 0x14, 0x17, 0x1B, 0x1E, 0x1D, 0x19, 0x00, 0x00, 0x1B, 0x14, 0x0F, 0x11, 0x14, 0x17, 0x1B, 0x1E, 0x1D, 0x19, 0x00, 0x00,
    0x1B, 0x14, 0x0F, 0x11, 0x14, 0x17, 0x1B, 0x1E, 0x1E, 0x19, 0x00, 0x00, 0x1B, 0x15, 0x10, 0x11, 0x14, 0x17, 0x1B, 0x1E, 0x1E, 0x19, 0x00, 0x00,
    0x1B, 0x15, 0x11, 0x11, 0x14, 0x17, 0x1B, 0x1E, 0x1E, 0x19, 0x00, 0x00, 0x1B, 0x15, 0x12, 0x12, 0x15, 0x17, 0x1B, 0x1E, 0x1E, 0x1B, 0x00, 0x00,
    0x1B, 0x15, 0x12, 0x12, 0x15, 0x17, 0x1B, 0x1E, 0x1E, 0x1E, 0x00, 0x00, 0x1B, 0x17, 0x14, 0x12, 0x17, 0x18, 0x1B, 0x1E, 0x1E, 0x1E, 0x00, 0x00,
    0x1B, 0x17, 0x15, 0x12, 0x17, 0x18, 0x1B, 0x1E, 0x1E, 0x1E, 0x00, 0x00, 0x1B, 0x17, 0x17, 0x13, 0x17, 0x18, 0x1B, 0x1E, 0x1E, 0x1E, 0x00, 0x00,
    0x17, 0x17, 0x17, 0x14, 0x16, 0x18, 0x1C, 0x1E, 0x1E, 0x1E, 0x00, 0x00, 0x00, 0x17, 0x17, 0x15, 0x16, 0x18, 0x1C, 0x1E, 0x1E, 0x00, 0x00, 0x00,
};

static uint16_t pal_wm_progress_p0_NUMATP2_opaque[] __attribute__((aligned(8))) = {
    0x0001, 0x9E3D, 0x8D7B, 0x8D3B, 0x7CB9, 0x7437, 0x6BF7, 0x63B5, 0x6335, 0x5AF3, 0x5AB1, 0x526F,
    0x4A2B, 0x4A29, 0x41E7, 0x41A3, 0x39A1, 0x319D, 0x311B, 0x2919, 0x28D5, 0xFFB7, 0xFF77, 0xFF75,
    0xF777, 0xF775, 0xFF33, 0xF735, 0xF733, 0xEF35, 0xF6F1, 0xFEEF, 0xF6F3, 0xEEF5, 0xEEF3, 0xEEF1,
    0xE6F3, 0xEEB1, 0xEEAF, 0xE6B3, 0xE6B1, 0xEEAB, 0xEE6F, 0xEE6B, 0xE66F, 0xE66D, 0xDE6F, 0xDE6D,
    0xD66F, 0xDE2D, 0xDE2B, 0xD62F, 0xD62D, 0xD62B, 0xDDEB, 0xCDEB, 0xCDE9, 0xD5A9, 0xCDA9, 0xC5A7,
    0xCD67, 0xC567, 0xBD65, 0xBD23, 0xB525, 0xB523, 0xB4E3, 0xACE3, 0xACE1, 0xACA1, 0xA4A1, 0x9C5F,
    0x9C1D, 0x5AB3, 0x315D,
};

static uint16_t pal_wm_progress_p0_NUMATP2_keyed[] __attribute__((aligned(8))) = {
    0x0000, 0x9E3D, 0x8D7B, 0x8D3B, 0x7CB9, 0x7437, 0x6BF7, 0x63B5, 0x6335, 0x5AF3, 0x5AB1, 0x526F,
    0x4A2B, 0x4A29, 0x41E7, 0x41A3, 0x39A1, 0x319D, 0x311B, 0x2919, 0x28D5, 0xFFB7, 0xFF77, 0xFF75,
    0xF777, 0xF775, 0xFF33, 0xF735, 0xF733, 0xEF35, 0xF6F1, 0xFEEF, 0xF6F3, 0xEEF5, 0xEEF3, 0xEEF1,
    0xE6F3, 0xEEB1, 0xEEAF, 0xE6B3, 0xE6B1, 0xEEAB, 0xEE6F, 0xEE6B, 0xE66F, 0xE66D, 0xDE6F, 0xDE6D,
    0xD66F, 0xDE2D, 0xDE2B, 0xD62F, 0xD62D, 0xD62B, 0xDDEB, 0xCDEB, 0xCDE9, 0xD5A9, 0xCDA9, 0xC5A7,
    0xCD67, 0xC567, 0xBD65, 0xBD23, 0xB525, 0xB523, 0xB4E3, 0xACE3, 0xACE1, 0xACA1, 0xA4A1, 0x9C5F,
    0x9C1D, 0x5AB3, 0x315D,
};

static uint16_t pal_wm_progress_p1_FARCRDP2_opaque[] __attribute__((aligned(8))) = {
    0x0001, 0x5AD7, 0x4211, 0x39CF, 0x294B, 0x2109, 0x1085, 0x9463, 0x941D, 0x8B9B, 0x7B9D, 0x798D,
    0x735B, 0x72D5, 0x7251, 0x714B, 0x6A93, 0x62D7, 0x624F, 0x5A93, 0x5A51, 0x598B, 0x5989, 0x5253,
    0x5251, 0x51CD, 0x5149, 0x498B, 0x4947, 0x41CD, 0x418B, 0x4149, 0x4107, 0x398B, 0x3149, 0x3107,
    0x30C5, 0x20C5, 0x2083, 0x1041, 0x1001, 0x2989, 0x84F9, 0x036F, 0x02E7, 0x4A9B, 0x01DB, 0x0115,
    0x2993, 0x314F, 0x10CF, 0x214D, 0x210D, 0x110D, 0x18C9, 0x0889, 0x0845, 0x2949, 0x2107, 0x1045,
    0x3A11, 0x2205, 0x818D, 0xDFBF,
};

static uint16_t pal_wm_progress_p1_FARCRDP2_keyed[] __attribute__((aligned(8))) = {
    0x0000, 0x5AD7, 0x4211, 0x39CF, 0x294B, 0x2109, 0x1085, 0x9463, 0x941D, 0x8B9B, 0x7B9D, 0x798D,
    0x735B, 0x72D5, 0x7251, 0x714B, 0x6A93, 0x62D7, 0x624F, 0x5A93, 0x5A51, 0x598B, 0x5989, 0x5253,
    0x5251, 0x51CD, 0x5149, 0x498B, 0x4947, 0x41CD, 0x418B, 0x4149, 0x4107, 0x398B, 0x3149, 0x3107,
    0x30C5, 0x20C5, 0x2083, 0x1041, 0x1001, 0x2989, 0x84F9, 0x036F, 0x02E7, 0x4A9B, 0x01DB, 0x0115,
    0x2993, 0x314F, 0x10CF, 0x214D, 0x210D, 0x110D, 0x18C9, 0x0889, 0x0845, 0x2949, 0x2107, 0x1045,
    0x3A11, 0x2205, 0x818D, 0xDFBF,
};

static uint16_t pal_wm_progress_p2_JASONP2_opaque[] __attribute__((aligned(8))) = {
    0x0001, 0x4211, 0x39CF, 0x294B, 0x2109, 0x1085, 0x814F, 0x7B9D, 0x798D, 0x735B, 0x714B, 0x6B17,
    0x6A93, 0x62D7, 0x624F, 0x5A93, 0x5A51, 0x598B, 0x5989, 0x5251, 0x51CD, 0x5149, 0x41CD, 0x418B,
    0x4149, 0x4107, 0x398B, 0x3149, 0x3107, 0x30C5, 0x20C5, 0x2083, 0x2043, 0x1043, 0x1001, 0x2A47,
    0x2989, 0x84F9, 0x036F, 0x02E7, 0x01DB, 0x0115, 0x314F, 0x210D, 0x110D, 0x18C9, 0x0845, 0x318B,
    0x2949, 0x2107, 0x1045, 0x2205, 0x818D, 0xDFBF,
};

static uint16_t pal_wm_progress_p2_JASONP2_keyed[] __attribute__((aligned(8))) = {
    0x0000, 0x4211, 0x39CF, 0x294B, 0x2109, 0x1085, 0x814F, 0x7B9D, 0x798D, 0x735B, 0x714B, 0x6B17,
    0x6A93, 0x62D7, 0x624F, 0x5A93, 0x5A51, 0x598B, 0x5989, 0x5251, 0x51CD, 0x5149, 0x41CD, 0x418B,
    0x4149, 0x4107, 0x398B, 0x3149, 0x3107, 0x30C5, 0x20C5, 0x2083, 0x2043, 0x1043, 0x1001, 0x2A47,
    0x2989, 0x84F9, 0x036F, 0x02E7, 0x01DB, 0x0115, 0x314F, 0x210D, 0x110D, 0x18C9, 0x0845, 0x318B,
    0x2949, 0x2107, 0x1045, 0x2205, 0x818D, 0xDFBF,
};

static uint16_t pal_wm_progress_p3_CPOSTTP2_opaque[] __attribute__((aligned(8))) = {
    0x0001, 0x6CB5, 0x5C73, 0x5433, 0x4BF1, 0x436F, 0x3B2D, 0x32ED, 0x2AAB, 0x2269, 0x1A29, 0x11E7,
    0x09A5, 0x01A3, 0x0163, 0x0121, 0x00DF, 0x00DD, 0x009B, 0x009B, 0x0099, 0x0057, 0x0055, 0x0053,
    0x0011, 0x000F, 0x000D, 0x000D, 0x000B, 0x0009, 0x0007, 0x0007,
};

static uint16_t pal_wm_progress_p3_CPOSTTP2_keyed[] __attribute__((aligned(8))) = {
    0x0000, 0x6CB5, 0x5C73, 0x5433, 0x4BF1, 0x436F, 0x3B2D, 0x32ED, 0x2AAB, 0x2269, 0x1A29, 0x11E7,
    0x09A5, 0x01A3, 0x0163, 0x0121, 0x00DF, 0x00DD, 0x009B, 0x009B, 0x0099, 0x0057, 0x0055, 0x0053,
    0x0011, 0x000F, 0x000D, 0x000D, 0x000B, 0x0009, 0x0007, 0x0007,
};

static uint16_t pal_wm_progress_p4_ROPERP2_opaque[] __attribute__((aligned(8))) = {
    0x0001, 0xE421, 0xDB5B, 0xCA53, 0xC18D, 0xB909, 0xB043, 0xA001, 0x9001, 0x8801, 0x7801, 0x7001,
    0x6001, 0x5001, 0x4801, 0x3801,
};

static uint16_t pal_wm_progress_p4_ROPERP2_keyed[] __attribute__((aligned(8))) = {
    0x0000, 0xE421, 0xDB5B, 0xCA53, 0xC18D, 0xB909, 0xB043, 0xA001, 0x9001, 0x8801, 0x7801, 0x7001,
    0x6001, 0x5001, 0x4801, 0x3801,
};

static uint16_t pal_wm_progress_p5_ROPEWP2_opaque[] __attribute__((aligned(8))) = {
    0x0001, 0xFFFF, 0xE739, 0xD6B5, 0xCE73, 0xBDEF, 0xB5AD, 0xA529, 0x94A5, 0x8C63, 0x7BDF, 0x739D,
    0x6319, 0x5295, 0x4A53, 0x39CF,
};

static uint16_t pal_wm_progress_p5_ROPEWP2_keyed[] __attribute__((aligned(8))) = {
    0x0000, 0xFFFF, 0xE739, 0xD6B5, 0xCE73, 0xBDEF, 0xB5AD, 0xA529, 0x94A5, 0x8C63, 0x7BDF, 0x739D,
    0x6319, 0x5295, 0x4A53, 0x39CF,
};

static uint16_t pal_wm_progress_p6_ROPEBP2_opaque[] __attribute__((aligned(8))) = {
    0x0001, 0x9DFD, 0x84FB, 0x7479, 0x63F7, 0x5BB3, 0x5331, 0x42EF, 0x3A6D, 0x322B, 0x29E7, 0x2165,
    0x1923, 0x10E1, 0x109F, 0x085D,
};

static uint16_t pal_wm_progress_p6_ROPEBP2_keyed[] __attribute__((aligned(8))) = {
    0x0000, 0x9DFD, 0x84FB, 0x7479, 0x63F7, 0x5BB3, 0x5331, 0x42EF, 0x3A6D, 0x322B, 0x29E7, 0x2165,
    0x1923, 0x10E1, 0x109F, 0x085D,
};

static uint16_t pal_wm_progress_p7_FLASH2P_opaque[] __attribute__((aligned(8))) = {
    0x0001, 0x4211, 0x39CF, 0x294B, 0x2109, 0x1085, 0x418B, 0x4149, 0x398B, 0x3149, 0x3107, 0x30C5,
    0x20C5, 0x1043, 0x1001, 0x1907, 0x1107, 0x84F9, 0x036F, 0x02E7, 0x4A9B, 0x01DB, 0x4A55, 0x0115,
    0x2993, 0x314F, 0x10CF, 0x294D, 0x214D, 0x210D, 0x110D, 0x18C9, 0x0889, 0x0849, 0x0845, 0x318B,
    0x2949, 0x2107, 0x1045, 0x3A11, 0x298D, 0xDFBF,
};

static uint16_t pal_wm_progress_p7_FLASH2P_keyed[] __attribute__((aligned(8))) = {
    0x0000, 0x4211, 0x39CF, 0x294B, 0x2109, 0x1085, 0x418B, 0x4149, 0x398B, 0x3149, 0x3107, 0x30C5,
    0x20C5, 0x1043, 0x1001, 0x1907, 0x1107, 0x84F9, 0x036F, 0x02E7, 0x4A9B, 0x01DB, 0x4A55, 0x0115,
    0x2993, 0x314F, 0x10CF, 0x294D, 0x214D, 0x210D, 0x110D, 0x18C9, 0x0889, 0x0849, 0x0845, 0x318B,
    0x2949, 0x2107, 0x1045, 0x3A11, 0x298D, 0xDFBF,
};

static uint16_t pal_wm_progress_p8_VOGEL_P_opaque[] __attribute__((aligned(8))) = {
    0x0001, 0x6319, 0x5AD7, 0x4211, 0x39CF, 0x318D, 0x294B, 0x2109, 0x9463, 0x8C1F, 0x8355, 0x82D1,
    0x735B, 0x72D5, 0x6A4D, 0x698D, 0x62D7, 0x6293, 0x6251, 0x624F, 0x5A93, 0x5A8D, 0x5A51, 0x598B,
    0x5253, 0x520D, 0x51CD, 0x5149, 0x498B, 0x4947, 0x41CD, 0x4107, 0x3987, 0x3149, 0x30C5, 0x3083,
    0x2883, 0x20C5, 0x1043, 0x1041, 0x1001, 0x7C1F, 0x4A8F, 0x4251, 0x320D, 0x31CD, 0x298B, 0x2149,
    0x1907, 0x10C5, 0x0883, 0x2993, 0x314F, 0x214D, 0x210D, 0x94A3, 0x739B, 0x318B, 0x2107, 0x1083,
    0x8BE3, 0x3A11, 0x298D, 0x0885,
};

static uint16_t pal_wm_progress_p8_VOGEL_P_keyed[] __attribute__((aligned(8))) = {
    0x0000, 0x6319, 0x5AD7, 0x4211, 0x39CF, 0x318D, 0x294B, 0x2109, 0x9463, 0x8C1F, 0x8355, 0x82D1,
    0x735B, 0x72D5, 0x6A4D, 0x698D, 0x62D7, 0x6293, 0x6251, 0x624F, 0x5A93, 0x5A8D, 0x5A51, 0x598B,
    0x5253, 0x520D, 0x51CD, 0x5149, 0x498B, 0x4947, 0x41CD, 0x4107, 0x3987, 0x3149, 0x30C5, 0x3083,
    0x2883, 0x20C5, 0x1043, 0x1041, 0x1001, 0x7C1F, 0x4A8F, 0x4251, 0x320D, 0x31CD, 0x298B, 0x2149,
    0x1907, 0x10C5, 0x0883, 0x2993, 0x314F, 0x214D, 0x210D, 0x94A3, 0x739B, 0x318B, 0x2107, 0x1083,
    0x8BE3, 0x3A11, 0x298D, 0x0885,
};

static const wm_select_background_image bg_images[9] = {
    [0] = {0, 92, 66, 0x80, px_wm_progress_h0_049fc2c8},
    [1] = {1, 100, 40, 0x00, px_wm_progress_h1_04a03198},
    [2] = {2, 72, 61, 0x80, px_wm_progress_h2_04a09ef8},
    [3] = {3, 144, 92, 0x80, px_wm_progress_h3_04a0e610},
    [4] = {4, 192, 2, 0x00, px_wm_progress_h4_04a21b20},
    [5] = {5, 192, 2, 0x00, px_wm_progress_h4_04a21b20},
    [6] = {6, 192, 2, 0x00, px_wm_progress_h4_04a21b20},
    [7] = {7, 100, 71, 0x80, px_wm_progress_h7_04a22120},
    [8] = {8, 12, 84, 0x80, px_wm_progress_h8_04a2a9c8},
};

static wm_select_background_palette bg_palettes[9] = {
    [0] = {"NUMATP2", pal_wm_progress_p0_NUMATP2_opaque, pal_wm_progress_p0_NUMATP2_keyed, 75},
    [1] = {"FARCRDP2", pal_wm_progress_p1_FARCRDP2_opaque, pal_wm_progress_p1_FARCRDP2_keyed, 64},
    [2] = {"JASONP2", pal_wm_progress_p2_JASONP2_opaque, pal_wm_progress_p2_JASONP2_keyed, 54},
    [3] = {"CPOSTTP2", pal_wm_progress_p3_CPOSTTP2_opaque, pal_wm_progress_p3_CPOSTTP2_keyed, 32},
    [4] = {"ROPERP2", pal_wm_progress_p4_ROPERP2_opaque, pal_wm_progress_p4_ROPERP2_keyed, 16},
    [5] = {"ROPEWP2", pal_wm_progress_p5_ROPEWP2_opaque, pal_wm_progress_p5_ROPEWP2_keyed, 16},
    [6] = {"ROPEBP2", pal_wm_progress_p6_ROPEBP2_opaque, pal_wm_progress_p6_ROPEBP2_keyed, 16},
    [7] = {"FLASH2P", pal_wm_progress_p7_FLASH2P_opaque, pal_wm_progress_p7_FLASH2P_keyed, 42},
    [8] = {"VOGEL_P", pal_wm_progress_p8_VOGEL_P_opaque, pal_wm_progress_p8_VOGEL_P_keyed, 64},
};

size_t wm_progress_image_count(void) { return sizeof(bg_images)/sizeof(bg_images[0]); }
const wm_select_background_image *wm_progress_image_at(size_t i) {
    if (i >= sizeof(bg_images)/sizeof(bg_images[0]) || !bg_images[i].pixels_ci8) return 0;
    return &bg_images[i];
}
size_t wm_progress_palette_count(void) { return sizeof(bg_palettes)/sizeof(bg_palettes[0]); }
const wm_select_background_palette *wm_progress_palette_at(size_t i) {
    if (i >= sizeof(bg_palettes)/sizeof(bg_palettes[0]) || !bg_palettes[i].rgba5551_opaque) return 0;
    return &bg_palettes[i];
}
const char *wm_progress_source_name(void) { return "WWF_PACKED_GFX"; }
uint16_t wm_progress_source_origin_x(void) { return 0; }
uint16_t wm_progress_source_origin_y(void) { return 0; }
