/* Auto-generated from verified WWF Wolf Unit graphics ROM + KPGHDRS/KPGPALS. */
#include "wm/select_background.h"

static const uint8_t px_wm_select_choice_h2_043b952a[] __attribute__((aligned(8))) = {
    0x0F, 0x01, 0x02, 0x02, 0x02, 0x02, 0x02, 0x03, 0x02, 0x03, 0x02, 0x02, 0x03, 0x02, 0x03, 0x05, 0x05, 0x05, 0x0B, 0x09, 0x03, 0x03, 0x03, 0x03,
    0x03, 0x03, 0x05, 0x05, 0x05, 0x05, 0x09, 0x05, 0x05, 0x03, 0x03, 0x03, 0x02, 0x02, 0x01, 0x01, 0x02, 0x02, 0x05, 0x02, 0x02, 0x01, 0x02, 0x03,
    0x03, 0x02, 0x02, 0x02, 0x02, 0x03, 0x03, 0x03, 0x05, 0x03, 0x03, 0x03, 0x03, 0x03, 0x05, 0x05, 0x03, 0x03, 0x03, 0x03, 0x03, 0x03, 0x05, 0x03,
    0x05, 0x03, 0x03, 0x03, 0x05, 0x05, 0x03, 0x03, 0x03, 0x03, 0x03, 0x03, 0x02, 0x05, 0x05, 0x09, 0x05, 0x05, 0x05, 0x05, 0x05, 0x05, 0x05, 0x03,
    0x05, 0x05, 0x09, 0x05, 0x05, 0x03, 0x03, 0x03, 0x05, 0x05, 0x05, 0x05, 0x05, 0x03, 0x05, 0x05, 0x03, 0x03, 0x05, 0x03, 0x05, 0x05, 0x05, 0x05,
    0x05, 0x09, 0x05, 0x09, 0x05, 0x05, 0x05, 0x05, 0x05, 0x05, 0x05, 0x05, 0x05, 0x05, 0x05, 0x05, 0x03, 0x05, 0x05, 0x05, 0x03, 0x05, 0x03, 0x05,
    0x05, 0x03, 0x03, 0x03, 0x02, 0x03, 0x03, 0x03, 0x03, 0x03, 0x03, 0x03, 0x03, 0x02, 0x01, 0x02, 0x02, 0x02, 0x03, 0x03, 0x03, 0x02, 0x02, 0x02,
    0x03, 0x03, 0x05, 0x03, 0x05, 0x03, 0x05, 0x03, 0x02, 0x05, 0x03, 0x05, 0x05, 0x03, 0x05, 0x03, 0x05, 0x03, 0x05, 0x03, 0x05, 0x03, 0x05, 0x03,
    0x05, 0x03, 0x05, 0x03, 0x05, 0x05, 0x05, 0x05, 0x02, 0x02, 0x03, 0x05, 0x0E, 0x0D, 0x0D, 0x0D, 0x0D, 0x0B, 0x0D, 0x0B, 0x0B, 0x0D, 0x0B, 0x0B,
    0x0E, 0x0E, 0x0B, 0x0B, 0x0F, 0x0A, 0x0F, 0x0E, 0x0E, 0x0D, 0x0D, 0x0D, 0x0A, 0x0D, 0x0D, 0x0D, 0x0F, 0x0F, 0x0A, 0x0F, 0x0C, 0x0C, 0x0D, 0x0D,
    0x0D, 0x0E, 0x0B, 0x05, 0x0C, 0x0D, 0x0F, 0x0A, 0x0C, 0x0C, 0x0B, 0x0D, 0x0E, 0x0F, 0x0D, 0x0C, 0x0B, 0x0B, 0x0D, 0x0E, 0x11, 0x11, 0x10, 0x0A,
    0x0A, 0x0A, 0x0F, 0x0A, 0x0F, 0x0D, 0x0F, 0x0F, 0x0F, 0x0D, 0x0A, 0x0A, 0x11, 0x0A, 0x0F, 0x0A, 0x0A, 0x0F, 0x0F, 0x0F, 0x0E, 0x0F, 0x0E, 0x0A,
    0x0F, 0x0F, 0x0E, 0x0F, 0x0F, 0x0F, 0x0F, 0x0A, 0x0A, 0x0F, 0x0A, 0x0F, 0x11, 0x0A, 0x0A, 0x0A, 0x0A, 0x0F, 0x0F, 0x0F, 0x0F, 0x0E, 0x0F, 0x0F,
    0x0F, 0x0A, 0x0F, 0x0D, 0x0D, 0x0D, 0x0E, 0x0E, 0x0A, 0x10, 0x10, 0x11, 0x10, 0x10, 0x13, 0x14, 0x12, 0x13, 0x11, 0x0F, 0x0F, 0x0A, 0x11, 0x10,
    0x10, 0x10, 0x11, 0x0A, 0x10, 0x11, 0x13, 0x13, 0x10, 0x0A, 0x11, 0x0A, 0x10, 0x11, 0x0F, 0x0D, 0x0E, 0x0F, 0x11, 0x10, 0x11, 0x0A, 0x0F, 0x11,
    0x10, 0x0A, 0x0A, 0x0E, 0x0A, 0x0A, 0x10, 0x11, 0x0A, 0x0E, 0x0F, 0x0A, 0x10, 0x11, 0x0A, 0x0F, 0x0F, 0x0F, 0x0A, 0x0A, 0x0E, 0x0F, 0x0A, 0x0F,
    0x0E, 0x0A, 0x0A, 0x0A, 0x11, 0x11, 0x13, 0x13, 0x13, 0x10, 0x0F, 0x11, 0x0A, 0x0A, 0x0A, 0x0A, 0x11, 0x10, 0x10, 0x10, 0x11, 0x0F, 0x0A, 0x11,
    0x0E, 0x0E, 0x0D, 0x0D, 0x0D, 0x0D, 0x0D, 0x0F, 0x0F, 0x0B, 0x0B, 0x0D, 0x0D, 0x0A, 0x0D, 0x0C, 0x0D, 0x0E, 0x0F, 0x0A, 0x0E, 0x0D, 0x0E, 0x0E,
    0x0D, 0x0C, 0x0D, 0x0D, 0x0D, 0x0D, 0x0F, 0x0D, 0x0D, 0x0B, 0x0B, 0x0D, 0x0F, 0x0F, 0x0D, 0x0D, 0x0C, 0x0E, 0x0C, 0x0F, 0x0D, 0x0B, 0x0D, 0x0F,
    0x0F, 0x0F, 0x0F, 0x0D, 0x0D, 0x0F, 0x0A, 0x11, 0x11, 0x0A, 0x0F, 0x0F, 0x0A, 0x0A, 0x0A, 0x0F, 0x0D, 0x0D, 0x0D, 0x0A, 0x0D, 0x0A, 0x0A, 0x0F,
    0x0A, 0x0F, 0x0A, 0x0F, 0x0D, 0x0F, 0x0A, 0x11, 0x11, 0x0F, 0x0D, 0x0F, 0x0F, 0x0E, 0x0E, 0x0E, 0x0F, 0x0F, 0x0F, 0x0F, 0x0F, 0x0E, 0x0F, 0x0F,
    0x0E, 0x0E, 0x0D, 0x0D, 0x0D, 0x0D, 0x0E, 0x0F, 0x0A, 0x0A, 0x0E, 0x0D, 0x0E, 0x0D, 0x0E, 0x0F, 0x0D, 0x0D, 0x0D, 0x0E, 0x0A, 0x10, 0x10, 0x11,
    0x0F, 0x0A, 0x0A, 0x0A, 0x11, 0x11, 0x10, 0x10, 0x11, 0x0A, 0x0A, 0x0A, 0x10, 0x12, 0x13, 0x11, 0x0D, 0x0E, 0x0A, 0x0A, 0x11, 0x11, 0x0F, 0x11,
    0x10, 0x10, 0x0F, 0x0D, 0x0D, 0x0F, 0x0F, 0x0A, 0x0F, 0x0F, 0x0A, 0x0A, 0x0F, 0x0A, 0x0A, 0x0A, 0x0D, 0x0A, 0x0E, 0x0A, 0x0E, 0x0E, 0x0F, 0x0A,
    0x0F, 0x0F, 0x0F, 0x0F, 0x0E, 0x0D, 0x0C, 0x0C, 0x0C, 0x0F, 0x0F, 0x0F, 0x0F, 0x0F, 0x0F, 0x0E, 0x0E, 0x0F, 0x0A, 0x0F, 0x0F, 0x0E, 0x0F, 0x0A,
    0x0A, 0x0F, 0x0F, 0x0A, 0x11, 0x0A, 0x0A, 0x0A, 0x0F, 0x0A, 0x0A, 0x11, 0x0F, 0x0F, 0x0E, 0x0E, 0x0D, 0x0B, 0x0E, 0x0B, 0x0A, 0x11, 0x0D, 0x0D,
    0x0F, 0x11, 0x0A, 0x0D, 0x0D, 0x0D, 0x0D, 0x0D, 0x0D, 0x0D, 0x0D, 0x0D, 0x0D, 0x0C, 0x0D, 0x0C, 0x0B, 0x0C, 0x0D, 0x0E, 0x0E, 0x0E, 0x0C, 0x0B,
    0x0C, 0x0E, 0x0D, 0x0D, 0x0D, 0x0D, 0x0B, 0x09, 0x0D, 0x0E, 0x0D, 0x0D, 0x0E, 0x0D, 0x0D, 0x0D, 0x0D, 0x0F, 0x0F, 0x0F, 0x0F, 0x0A, 0x0A, 0x0A,
    0x0A, 0x0A, 0x0A, 0x0E, 0x0E, 0x0E, 0x0A, 0x0F, 0x0F, 0x0F, 0x0F, 0x0A, 0x11, 0x10, 0x0A, 0x0F, 0x0A, 0x0F, 0x0F, 0x0F, 0x0F, 0x0E, 0x0E, 0x0D,
    0x0E, 0x0A, 0x0F, 0x11, 0x0F, 0x0E, 0x0F, 0x0F, 0x0E, 0x0D, 0x0F, 0x0E, 0x0E, 0x0D, 0x09, 0x0B, 0x0C, 0x0C, 0x0D, 0x0D, 0x0E, 0x0F, 0x0E, 0x0E,
    0x0B, 0x0C, 0x0C, 0x0C, 0x0D, 0x0D, 0x0C, 0x0E, 0x11, 0x0A, 0x11, 0x0A, 0x0F, 0x0A, 0x0A, 0x0A, 0x0F, 0x11, 0x11, 0x0A, 0x11, 0x0F, 0x0E, 0x0A,
    0x10, 0x12, 0x13, 0x10, 0x0A, 0x0A, 0x0E, 0x0E, 0x0A, 0x11, 0x0A, 0x0D, 0x0F, 0x11, 0x10, 0x11, 0x10, 0x0F, 0x0F, 0x0E, 0x0E, 0x0E, 0x0D, 0x0E,
    0x0E, 0x0E, 0x0F, 0x11, 0x11, 0x0A, 0x0E, 0x0F, 0x0D, 0x0F, 0x0F, 0x0A, 0x0F, 0x0E, 0x0F, 0x0F, 0x0F, 0x0E, 0x0D, 0x0B, 0x0B, 0x0C, 0x0B, 0x0D,
    0x0F, 0x0A, 0x0F, 0x0E, 0x11, 0x0D, 0x0D, 0x0C, 0x0D, 0x0E, 0x0D, 0x0D, 0x0D, 0x0A, 0x0A, 0x11, 0x11, 0x10, 0x0A, 0x0A, 0x0F, 0x0F, 0x0A, 0x0E,
    0x0C, 0x0D, 0x0D, 0x0D, 0x0C, 0x0D, 0x0D, 0x0E, 0x0E, 0x0D, 0x0E, 0x0E, 0x0F, 0x0F, 0x0E, 0x0D, 0x0D, 0x0E, 0x0D, 0x0B, 0x0E, 0x0D, 0x0C, 0x0C,
    0x0B, 0x0C, 0x0C, 0x0C, 0x0C, 0x0D, 0x0C, 0x0B, 0x0D, 0x0E, 0x0D, 0x0D, 0x0C, 0x0C, 0x0A, 0x11, 0x11, 0x0E, 0x0D, 0x0D, 0x0E, 0x0A, 0x0F, 0x0D,
    0x0E, 0x0C, 0x0C, 0x0D, 0x0E, 0x0C, 0x0B, 0x0D, 0x0F, 0x0F, 0x0A, 0x11, 0x0A, 0x0A, 0x0A, 0x0A, 0x0A, 0x0A, 0x0F, 0x0F, 0x11, 0x0A, 0x11, 0x11,
    0x11, 0x11, 0x0A, 0x0F, 0x0E, 0x0D, 0x0E, 0x0E, 0x0E, 0x0E, 0x0D, 0x0E, 0x0D, 0x0D, 0x0D, 0x0D, 0x0E, 0x0F, 0x0F, 0x0F, 0x0E, 0x0F, 0x0F, 0x0F,
    0x0F, 0x0A, 0x0A, 0x0D, 0x0C, 0x0C, 0x0D, 0x0D, 0x0A, 0x0A, 0x11, 0x0D, 0x0A, 0x0D, 0x0D, 0x0D, 0x0C, 0x0D, 0x0E, 0x0A, 0x0E, 0x0F, 0x0F, 0x0A,
    0x0A, 0x0F, 0x0F, 0x0F, 0x0A, 0x11, 0x0F, 0x11, 0x0A, 0x0F, 0x0F, 0x0F, 0x11, 0x11, 0x10, 0x10, 0x13, 0x13, 0x0A, 0x0D, 0x0F, 0x0A, 0x11, 0x10,
    0x0F, 0x0E, 0x0E, 0x0A, 0x11, 0x0F, 0x0E, 0x0E, 0x0F, 0x0A, 0x10, 0x0F, 0x0C, 0x0B, 0x09, 0x0D, 0x0E, 0x0F, 0x0E, 0x0E, 0x0E, 0x0E, 0x0A, 0x0A,
    0x0A, 0x0D, 0x0D, 0x0E, 0x0A, 0x0F, 0x0E, 0x0F, 0x0F, 0x0F, 0x0A, 0x0C, 0x0D, 0x0D, 0x11, 0x11, 0x10, 0x13, 0x11, 0x0A, 0x0A, 0x0E, 0x0D, 0x0C,
    0x09, 0x0B, 0x0F, 0x0F, 0x0F, 0x0F, 0x0F, 0x0A, 0x0F, 0x0F, 0x0F, 0x0F, 0x0D, 0x0D, 0x0D, 0x0F, 0x0E, 0x0C, 0x0D, 0x05, 0x0D, 0x0A, 0x0F, 0x0D,
    0x0A, 0x0E, 0x0E, 0x0E, 0x0A, 0x0E, 0x0D, 0x0C, 0x0C, 0x0C, 0x0D, 0x0E, 0x0D, 0x0D, 0x0D, 0x0B, 0x0E, 0x0D, 0x0D, 0x0E, 0x0D, 0x0E, 0x0D, 0x0A,
    0x0F, 0x0F, 0x0F, 0x0E, 0x0A, 0x11, 0x0F, 0x0F, 0x0A, 0x0F, 0x0A, 0x11, 0x0F, 0x0E, 0x0C, 0x0B, 0x0D, 0x0D, 0x0D, 0x0B, 0x0B, 0x0F, 0x0A, 0x11,
    0x0A, 0x10, 0x11, 0x13, 0x0A, 0x0A, 0x0F, 0x0F, 0x0A, 0x0A, 0x0F, 0x0A, 0x0A, 0x0A, 0x0A, 0x0A, 0x0A, 0x0F, 0x0D, 0x0D, 0x0C, 0x0C, 0x0D, 0x0C,
    0x0E, 0x0B, 0x0D, 0x0D, 0x0D, 0x0A, 0x10, 0x10, 0x10, 0x11, 0x0A, 0x0F, 0x0E, 0x0D, 0x0D, 0x0F, 0x0A, 0x0E, 0x0D, 0x0C, 0x0A, 0x0A, 0x11, 0x0F,
    0x0E, 0x0D, 0x0D, 0x0D, 0x0D, 0x0E, 0x0E, 0x0E, 0x0A, 0x0F, 0x0F, 0x0E, 0x0F, 0x0B, 0x0E, 0x0C, 0x11, 0x0A, 0x13, 0x10, 0x11, 0x0A, 0x0A, 0x0A,
    0x0A, 0x0A, 0x11, 0x11, 0x13, 0x10, 0x0A, 0x0A, 0x0A, 0x0A, 0x0F, 0x11, 0x0A, 0x0C, 0x0D, 0x0F, 0x0E, 0x0E, 0x0D, 0x0D, 0x0F, 0x11, 0x11, 0x0E,
    0x0F, 0x0E, 0x0B, 0x03, 0x05, 0x0B, 0x0C, 0x0C, 0x0D, 0x0F, 0x0F, 0x0F, 0x11, 0x10, 0x11, 0x0F, 0x0E, 0x0E, 0x0D, 0x0F, 0x11, 0x11, 0x0A, 0x0F,
    0x0D, 0x0D, 0x0E, 0x0A, 0x0A, 0x0A, 0x11, 0x0A, 0x0F, 0x0F, 0x0E, 0x0E, 0x11, 0x0F, 0x0A, 0x0E, 0x0D, 0x0C, 0x0C, 0x0E, 0x11, 0x0D, 0x0D, 0x0E,
    0x0C, 0x0B, 0x0B, 0x0C, 0x0D, 0x0D, 0x0D, 0x0B, 0x0B, 0x0B, 0x0E, 0x0B, 0x0A, 0x0D, 0x0E, 0x0E, 0x0F, 0x0D, 0x0D, 0x0D, 0x0D, 0x0C, 0x0C, 0x0D,
    0x0D, 0x0C, 0x0C, 0x0D, 0x0D, 0x0D, 0x0D, 0x0D, 0x0E, 0x0E, 0x0E, 0x0E, 0x0F, 0x0D, 0x0D, 0x0E, 0x0F, 0x0F, 0x11, 0x0A, 0x0D, 0x0F, 0x0F, 0x0F,
    0x0A, 0x0D, 0x0D, 0x0C, 0x0C, 0x0E, 0x0C, 0x0B, 0x0C, 0x0E, 0x0E, 0x0D, 0x0A, 0x0A, 0x0A, 0x11, 0x0A, 0x0A, 0x0E, 0x0A, 0x0A, 0x0F, 0x0D, 0x0C,
    0x0C, 0x0B, 0x0D, 0x0E, 0x0E, 0x0D, 0x0F, 0x0E, 0x0D, 0x0D, 0x0D, 0x0D, 0x0C, 0x0C, 0x0C, 0x0B, 0x0C, 0x0D, 0x0E, 0x0E, 0x0E, 0x0E, 0x0E, 0x0D,
    0x0A, 0x0F, 0x0E, 0x0F, 0x11, 0x0F, 0x0E, 0x0F, 0x11, 0x0A, 0x0A, 0x0F, 0x0F, 0x0D, 0x0D, 0x0D, 0x0E, 0x0D, 0x0D, 0x0E, 0x0E, 0x0A, 0x0F, 0x0E,
    0x0E, 0x0F, 0x0F, 0x0E, 0x0A, 0x0E, 0x0F, 0x11, 0x0F, 0x0F, 0x0F, 0x11, 0x11, 0x10, 0x10, 0x10, 0x10, 0x13, 0x11, 0x0F, 0x0F, 0x0F, 0x11, 0x13,
    0x0F, 0x0A, 0x11, 0x0D, 0x0F, 0x0E, 0x0D, 0x0C, 0x0D, 0x0E, 0x0E, 0x0E, 0x0C, 0x0D, 0x0E, 0x0D, 0x0C, 0x0D, 0x0B, 0x0D, 0x0E, 0x0F, 0x0F, 0x0F,
    0x11, 0x0F, 0x0F, 0x0A, 0x0A, 0x0E, 0x0F, 0x0F, 0x0A, 0x0F, 0x0A, 0x0F, 0x0F, 0x0D, 0x0D, 0x0E, 0x0F, 0x11, 0x10, 0x0A, 0x0E, 0x0D, 0x0F, 0x0A,
    0x0A, 0x0F, 0x0A, 0x0A, 0x0A, 0x0F, 0x0F, 0x0D, 0x0A, 0x0A, 0x11, 0x0D, 0x0C, 0x0B, 0x0D, 0x0D, 0x0D, 0x0E, 0x0B, 0x0D, 0x0B, 0x05, 0x0B, 0x0C,
    0x0B, 0x0B, 0x0C, 0x0D, 0x0E, 0x0E, 0x0C, 0x09, 0x0C, 0x0B, 0x0C, 0x0D, 0x0B, 0x0B, 0x0B, 0x0B, 0x0C, 0x05, 0x0D, 0x0D, 0x0C, 0x0F, 0x0F, 0x0F,
    0x0A, 0x11, 0x10, 0x11, 0x0F, 0x0D, 0x0E, 0x0D, 0x0D, 0x0D, 0x0B, 0x0F, 0x0A, 0x0A, 0x0D, 0x0D, 0x0E, 0x0D, 0x0E, 0x0D, 0x0D, 0x0B, 0x0B, 0x0C,
    0x0E, 0x0E, 0x0A, 0x0F, 0x0A, 0x0A, 0x0A, 0x0C, 0x0E, 0x0E, 0x0E, 0x0D, 0x0F, 0x0A, 0x0F, 0x0F, 0x0F, 0x0D, 0x0D, 0x0C, 0x0C, 0x0C, 0x0D, 0x0F,
    0x0C, 0x03, 0x05, 0x05, 0x03, 0x09, 0x0B, 0x0C, 0x0F, 0x0A, 0x0A, 0x0A, 0x11, 0x0A, 0x0A, 0x0D, 0x0F, 0x0D, 0x0D, 0x0E, 0x0F, 0x0A, 0x11, 0x0F,
    0x11, 0x0F, 0x0F, 0x0E, 0x0D, 0x0D, 0x0D, 0x0E, 0x0E, 0x0E, 0x0E, 0x0F, 0x0E, 0x0D, 0x0E, 0x0C, 0x0D, 0x0C, 0x0B, 0x0E, 0x0F, 0x0A, 0x0F, 0x0F,
    0x0A, 0x11, 0x0A, 0x0A, 0x11, 0x13, 0x12, 0x0A, 0x11, 0x11, 0x0A, 0x0E, 0x11, 0x0A, 0x10, 0x11, 0x11, 0x11, 0x11, 0x0A, 0x0E, 0x0C, 0x0E, 0x0F,
    0x0F, 0x0A, 0x11, 0x10, 0x11, 0x0A, 0x0E, 0x0E, 0x0F, 0x0D, 0x0E, 0x0E, 0x0F, 0x11, 0x0A, 0x0E, 0x0E, 0x0D, 0x0E, 0x0F, 0x0F, 0x0E, 0x0F, 0x0A,
    0x11, 0x0F, 0x0D, 0x0E, 0x0E, 0x0F, 0x0A, 0x11, 0x0A, 0x0F, 0x0F, 0x0F, 0x0F, 0x0F, 0x0F, 0x0F, 0x0D, 0x0A, 0x0E, 0x0F, 0x0C, 0x0D, 0x0A, 0x0A,
    0x0B, 0x0C, 0x0E, 0x0F, 0x0D, 0x0D, 0x0B, 0x0B, 0x0E, 0x0B, 0x0D, 0x0D, 0x0B, 0x0C, 0x0B, 0x0D, 0x0D, 0x0F, 0x0E, 0x0D, 0x0E, 0x0C, 0x0B, 0x09,
    0x0D, 0x0D, 0x05, 0x0D, 0x0D, 0x03, 0x0B, 0x0F, 0x0A, 0x0A, 0x0F, 0x0F, 0x0D, 0x0D, 0x0E, 0x0E, 0x0F, 0x0F, 0x0D, 0x0B, 0x0B, 0x0C, 0x0D, 0x0D,
    0x0E, 0x0E, 0x0E, 0x0C, 0x0E, 0x0D, 0x0B, 0x05, 0x03, 0x0D, 0x11, 0x0F, 0x0E, 0x0D, 0x0E, 0x0A, 0x0F, 0x0B, 0x0D, 0x11, 0x0E, 0x0C, 0x0C, 0x0D,
    0x0F, 0x0F, 0x0E, 0x0E, 0x0D, 0x0B, 0x05, 0x0D, 0x05, 0x0D, 0x0E, 0x0A, 0x14, 0x13, 0x0E, 0x0B, 0x0D, 0x0C, 0x0B, 0x0B, 0x0B, 0x05, 0x0B, 0x0E,
    0x11, 0x0A, 0x0F, 0x0E, 0x0D, 0x0D, 0x0D, 0x0C, 0x0B, 0x0E, 0x0D, 0x0F, 0x0F, 0x10, 0x0A, 0x0F, 0x0E, 0x0F, 0x0D, 0x0D, 0x0E, 0x0E, 0x0F, 0x0E,
    0x0E, 0x0F, 0x0A, 0x10, 0x11, 0x0F, 0x0F, 0x0E, 0x0E, 0x0F, 0x0F, 0x0F, 0x0E, 0x0F, 0x0F, 0x0A, 0x0F, 0x11, 0x11, 0x13, 0x14, 0x11, 0x0F, 0x10,
    0x13, 0x10, 0x10, 0x0D, 0x0D, 0x0C, 0x0D, 0x0E, 0x0A, 0x0F, 0x0F, 0x0A, 0x10, 0x13, 0x11, 0x0D, 0x0D, 0x0D, 0x0D, 0x0D, 0x0D, 0x0F, 0x0F, 0x0F,
    0x0F, 0x0F, 0x0F, 0x0D, 0x0D, 0x0C, 0x0B, 0x0D, 0x0F, 0x0F, 0x11, 0x0F, 0x11, 0x0A, 0x0C, 0x0D, 0x0D, 0x0D, 0x0D, 0x0E, 0x11, 0x0A, 0x0A, 0x0F,
    0x0F, 0x0E, 0x0E, 0x0A, 0x11, 0x0F, 0x0F, 0x0A, 0x0F, 0x13, 0x10, 0x13, 0x09, 0x0B, 0x0C, 0x0D, 0x0C, 0x0C, 0x05, 0x0D, 0x0C, 0x0B, 0x05, 0x0D,
    0x0B, 0x0B, 0x0B, 0x0B, 0x0B, 0x0E, 0x0B, 0x0C, 0x0D, 0x0D, 0x0D, 0x0D, 0x0D, 0x0F, 0x0F, 0x0F, 0x03, 0x05, 0x0D, 0x0E, 0x11, 0x0F, 0x0E, 0x0E,
    0x0C, 0x0B, 0x0D, 0x0E, 0x0E, 0x0F, 0x0A, 0x11, 0x0A, 0x0E, 0x0B, 0x0B, 0x0C, 0x0F, 0x0D, 0x0F, 0x0D, 0x09, 0x0D, 0x0A, 0x0D, 0x05, 0x0B, 0x0F,
    0x0E, 0x0E, 0x0D, 0x0C, 0x0D, 0x0D, 0x0D, 0x0D, 0x0D, 0x0F, 0x0C, 0x11, 0x13, 0x0F, 0x0D, 0x0B, 0x0E, 0x0A, 0x0A, 0x0D, 0x0C, 0x0C, 0x0D, 0x0E,
    0x0A, 0x0A, 0x11, 0x0A, 0x0E, 0x0F, 0x0E, 0x0D, 0x0F, 0x0E, 0x0E, 0x0D, 0x0D, 0x0D, 0x0D, 0x0D, 0x0D, 0x0E, 0x0E, 0x11, 0x0D, 0x0B, 0x0E, 0x0E,
    0x0D, 0x0F, 0x0A, 0x0E, 0x0C, 0x0C, 0x0E, 0x0D, 0x0F, 0x0A, 0x0F, 0x0E, 0x0D, 0x0F, 0x0F, 0x0A, 0x0A, 0x0E, 0x0F, 0x0F, 0x0F, 0x0E, 0x0E, 0x0F,
    0x0F, 0x0E, 0x0E, 0x0E, 0x0C, 0x0B, 0x0F, 0x0E, 0x0F, 0x0F, 0x11, 0x10, 0x0A, 0x10, 0x12, 0x13, 0x0F, 0x0D, 0x0E, 0x0F, 0x0F, 0x0F, 0x0A, 0x0F,
    0x0F, 0x11, 0x0A, 0x0E, 0x0E, 0x0C, 0x0B, 0x0E, 0x0F, 0x0F, 0x0F, 0x0E, 0x09, 0x0B, 0x0B, 0x0D, 0x0D, 0x0F, 0x0E, 0x0C, 0x09, 0x0D, 0x0F, 0x0A,
    0x0F, 0x10, 0x11, 0x0F, 0x0F, 0x0F, 0x0E, 0x0C, 0x0D, 0x0A, 0x11, 0x11, 0x0C, 0x0E, 0x11, 0x0E, 0x0F, 0x11, 0x10, 0x0A, 0x0F, 0x0F, 0x11, 0x0F,
    0x0C, 0x0B, 0x0B, 0x0B, 0x0B, 0x0B, 0x0B, 0x0C, 0x0C, 0x0D, 0x0D, 0x0B, 0x0B, 0x05, 0x0B, 0x0B, 0x0B, 0x0A, 0x0F, 0x0E, 0x0D, 0x0B, 0x0D, 0x0D,
    0x0D, 0x0B, 0x0D, 0x11, 0x11, 0x0D, 0x05, 0x0E, 0x0F, 0x0D, 0x0F, 0x0D, 0x0D, 0x0D, 0x0E, 0x0E, 0x0D, 0x0F, 0x0F, 0x0D, 0x0F, 0x0D, 0x0E, 0x0B,
    0x0E, 0x0E, 0x0D, 0x0C, 0x0A, 0x0E, 0x0B, 0x0D, 0x0A, 0x0A, 0x0A, 0x0D, 0x0E, 0x0D, 0x0D, 0x0D, 0x0D, 0x0D, 0x0D, 0x0D, 0x0F, 0x0D, 0x0D, 0x0B,
    0x0D, 0x0B, 0x05, 0x0B, 0x0C, 0x0C, 0x0D, 0x0E, 0x0A, 0x0F, 0x0D, 0x0C, 0x0B, 0x0D, 0x0D, 0x0D, 0x0D, 0x0E, 0x0A, 0x0D, 0x0F, 0x0A, 0x0A, 0x0F,
    0x0F, 0x0E, 0x0D, 0x0D, 0x0D, 0x0D, 0x0D, 0x0D, 0x0E, 0x0E, 0x11, 0x0F, 0x0D, 0x0F, 0x0F, 0x0D, 0x0A, 0x0A, 0x0E, 0x0E, 0x0D, 0x0D, 0x0D, 0x0F,
    0x0E, 0x0F, 0x0E, 0x11, 0x0D, 0x0F, 0x0E, 0x0A, 0x0A, 0x0E, 0x0F, 0x0E, 0x0F, 0x0E, 0x0E, 0x0F, 0x0F, 0x0D, 0x0D, 0x0E, 0x0F, 0x0D, 0x11, 0x11,
    0x0A, 0x0A, 0x13, 0x12, 0x10, 0x11, 0x10, 0x10, 0x0F, 0x0A, 0x0A, 0x0F, 0x0E, 0x0B, 0x0E, 0x0B, 0x0C, 0x0F, 0x0A, 0x0F, 0x0F, 0x0E, 0x0F, 0x0F,
    0x0E, 0x0F, 0x0D, 0x0E, 0x0F, 0x0F, 0x0A, 0x0E, 0x0A, 0x0F, 0x0A, 0x11, 0x0A, 0x0A, 0x11, 0x11, 0x0F, 0x0E, 0x0E, 0x0F, 0x0F, 0x0A, 0x0F, 0x0F,
    0x0A, 0x0A, 0x0A, 0x0E, 0x0E, 0x11, 0x0A, 0x0F, 0x0D, 0x0F, 0x0F, 0x0F, 0x09, 0x05, 0x0B, 0x0C, 0x0C, 0x0B, 0x0B, 0x05, 0x0B, 0x0D, 0x0A, 0x0E,
    0x0D, 0x0D, 0x0B, 0x05, 0x0B, 0x0E, 0x0D, 0x0E, 0x0D, 0x0D, 0x0D, 0x0B, 0x0B, 0x0B, 0x0F, 0x0A, 0x10, 0x0E, 0x0D, 0x0E, 0x0E, 0x0F, 0x0E, 0x0D,
    0x0D, 0x0F, 0x0B, 0x0B, 0x0D, 0x0F, 0x0F, 0x0F, 0x0C, 0x0C, 0x0A, 0x0F, 0x0F, 0x0F, 0x10, 0x10, 0x11, 0x0B, 0x0B, 0x0B, 0x0C, 0x0D, 0x0A, 0x0A,
    0x0F, 0x0F, 0x0A, 0x0D, 0x0D, 0x0F, 0x0D, 0x0D, 0x0F, 0x0F, 0x0D, 0x0C, 0x0D, 0x0D, 0x0C, 0x0B, 0x0D, 0x0D, 0x0D, 0x0D, 0x0D, 0x0E, 0x0B, 0x0C,
    0x0D, 0x0D, 0x0B, 0x0D, 0x0C, 0x0D, 0x0D, 0x0D, 0x0C, 0x0D, 0x0E, 0x0E, 0x0E, 0x0D, 0x0C, 0x0E, 0x0D, 0x0F, 0x0F, 0x0D, 0x0A, 0x0F, 0x0E, 0x0A,
    0x0A, 0x0D, 0x0E, 0x0E, 0x0E, 0x0F, 0x0F, 0x0D, 0x0E, 0x0E, 0x0E, 0x0F, 0x0E, 0x0F, 0x0D, 0x0E, 0x0D, 0x0E, 0x0F, 0x0E, 0x0E, 0x0D, 0x0D, 0x0D,
    0x0D, 0x0E, 0x0D, 0x0F, 0x0F, 0x0B, 0x03, 0x0B, 0x0A, 0x0F, 0x0A, 0x10, 0x11, 0x0F, 0x0E, 0x0F, 0x0F, 0x0F, 0x0A, 0x0A, 0x0F, 0x0F, 0x0F, 0x0E,
    0x0D, 0x0D, 0x0C, 0x0B, 0x0C, 0x0D, 0x0E, 0x0E, 0x0F, 0x0A, 0x0A, 0x0F, 0x11, 0x10, 0x0A, 0x0E, 0x0F, 0x0F, 0x0F, 0x0F, 0x0E, 0x0D, 0x0F, 0x0C,
    0x0F, 0x0F, 0x10, 0x0A, 0x0F, 0x0F, 0x0F, 0x0E, 0x0F, 0x0D, 0x0B, 0x0C, 0x0E, 0x0F, 0x11, 0x13, 0x0F, 0x11, 0x0A, 0x0E, 0x0F, 0x0C, 0x0D, 0x0F,
    0x0C, 0x0C, 0x0E, 0x0A, 0x0F, 0x0D, 0x0C, 0x0B, 0x0C, 0x0D, 0x0C, 0x0D, 0x0C, 0x0C, 0x0D, 0x0B, 0x0C, 0x0C, 0x0D, 0x0D, 0x0D, 0x0D, 0x0D, 0x0D,
    0x0D, 0x0B, 0x0E, 0x0D, 0x0A, 0x0D, 0x0F, 0x0A, 0x0F, 0x0E, 0x0E, 0x0D, 0x0D, 0x0D, 0x0D, 0x0B, 0x0D, 0x0E, 0x0E, 0x0D, 0x0D, 0x10, 0x0F, 0x0F,
    0x0F, 0x0D, 0x0D, 0x0F, 0x11, 0x0F, 0x0C, 0x05, 0x09, 0x0B, 0x0B, 0x0C, 0x0D, 0x0D, 0x0C, 0x0D, 0x0E, 0x0B, 0x0B, 0x0E, 0x0D, 0x0D, 0x0D, 0x0D,
    0x0F, 0x0F, 0x0E, 0x0D, 0x0F, 0x0E, 0x0E, 0x0F, 0x0F, 0x0F, 0x0A, 0x0F, 0x0E, 0x0D, 0x0F, 0x0F, 0x0C, 0x0E, 0x0C, 0x09, 0x0B, 0x0D, 0x0D, 0x0F,
    0x0F, 0x0F, 0x0D, 0x0D, 0x0D, 0x0D, 0x0F, 0x0F, 0x0D, 0x0F, 0x0F, 0x0F, 0x0D, 0x0E, 0x0F, 0x0A, 0x0A, 0x11, 0x11, 0x0F, 0x0E, 0x0F, 0x0F, 0x0E,
    0x0A, 0x0E, 0x0E, 0x0D, 0x0D, 0x0E, 0x0D, 0x0F, 0x0E, 0x0D, 0x0D, 0x0E, 0x0C, 0x0C, 0x0D, 0x0D, 0x0F, 0x0A, 0x0F, 0x0A, 0x0F, 0x0A, 0x0E, 0x0A,
    0x0A, 0x0F, 0x0F, 0x0F, 0x0A, 0x13, 0x10, 0x0A, 0x0A, 0x0E, 0x0D, 0x0D, 0x0E, 0x0D, 0x0E, 0x0D, 0x0D, 0x0D, 0x0E, 0x0A, 0x0A, 0x0F, 0x0E, 0x10,
    0x0A, 0x0D, 0x0D, 0x0E, 0x0A, 0x0A, 0x0A, 0x11, 0x0A, 0x0B, 0x0C, 0x0E, 0x0F, 0x0E, 0x0E, 0x0E, 0x0E, 0x0E, 0x0F, 0x0A, 0x0F, 0x0A, 0x11, 0x0F,
    0x0F, 0x0F, 0x0A, 0x11, 0x13, 0x11, 0x0F, 0x0F, 0x0A, 0x11, 0x0D, 0x0D, 0x0B, 0x0B, 0x0B, 0x0C, 0x0C, 0x0E, 0x0D, 0x0B, 0x0D, 0x0D, 0x0E, 0x0E,
    0x0D, 0x0D, 0x0D, 0x0B, 0x0B, 0x09, 0x05, 0x0B, 0x0D, 0x0E, 0x0E, 0x0E, 0x0E, 0x0F, 0x11, 0x0B, 0x0D, 0x0F, 0x0A, 0x10, 0x11, 0x0F, 0x0F, 0x0A,
    0x11, 0x11, 0x11, 0x0A, 0x0E, 0x0E, 0x0D, 0x0E, 0x0E, 0x0F, 0x0C, 0x0F, 0x0E, 0x0E, 0x0D, 0x0E, 0x0D, 0x0A, 0x0A, 0x0E, 0x0D, 0x05, 0x03, 0x0B,
    0x0B, 0x0C, 0x0C, 0x0D, 0x0B, 0x05, 0x05, 0x0B, 0x0E, 0x0D, 0x0E, 0x11, 0x13, 0x0A, 0x0A, 0x0F, 0x0F, 0x11, 0x11, 0x0F, 0x0E, 0x0E, 0x0D, 0x0A,
    0x0A, 0x0D, 0x0D, 0x0D, 0x11, 0x0E, 0x0B, 0x09, 0x05, 0x05, 0x0D, 0x0D, 0x0D, 0x0E, 0x0D, 0x0F, 0x0D, 0x0E, 0x0D, 0x0F, 0x0D, 0x0D, 0x0E, 0x0F,
    0x0F, 0x0F, 0x0D, 0x0D, 0x0F, 0x0F, 0x0F, 0x0F, 0x0F, 0x0D, 0x0D, 0x0C, 0x0E, 0x0F, 0x0D, 0x0D, 0x0D, 0x0D, 0x0E, 0x0D, 0x0D, 0x0E, 0x0D, 0x0D,
    0x0C, 0x0B, 0x0C, 0x0E, 0x0A, 0x10, 0x13, 0x0A, 0x0A, 0x0A, 0x0F, 0x0F, 0x0E, 0x0A, 0x0E, 0x0E, 0x11, 0x0A, 0x0F, 0x0F, 0x0E, 0x0D, 0x09, 0x0B,
    0x0E, 0x11, 0x0A, 0x0A, 0x0D, 0x0D, 0x0E, 0x0F, 0x11, 0x0A, 0x0A, 0x0E, 0x0F, 0x0F, 0x0E, 0x0D, 0x0F, 0x0F, 0x0F, 0x0E, 0x0E, 0x10, 0x11, 0x0E,
    0x0F, 0x0E, 0x0D, 0x0E, 0x0E, 0x0D, 0x0E, 0x0E, 0x0A, 0x0A, 0x0A, 0x0F, 0x0F, 0x0A, 0x0E, 0x0E, 0x0E, 0x10, 0x0F, 0x0A, 0x0A, 0x10, 0x0F, 0x0E,
    0x0B, 0x0B, 0x0B, 0x0C, 0x0C, 0x0C, 0x0B, 0x0B, 0x0C, 0x0C, 0x0D, 0x0D, 0x0D, 0x0C, 0x0B, 0x0C, 0x0B, 0x0D, 0x0D, 0x0D, 0x0D, 0x0E, 0x0F, 0x0E,
    0x0D, 0x0E, 0x0E, 0x0D, 0x0D, 0x0E, 0x0F, 0x0A, 0x11, 0x10, 0x11, 0x0A, 0x0A, 0x0F, 0x0F, 0x0F, 0x0B, 0x0C, 0x0D, 0x0C, 0x0B, 0x0F, 0x0B, 0x0D,
    0x0D, 0x0D, 0x0F, 0x0D, 0x0D, 0x0E, 0x0F, 0x0A, 0x0F, 0x0D, 0x0D, 0x09, 0x0B, 0x0B, 0x0D, 0x0D, 0x0E, 0x0E, 0x0F, 0x0D, 0x09, 0x09, 0x0F, 0x0F,
    0x0F, 0x11, 0x11, 0x0F, 0x0F, 0x0A, 0x0D, 0x0F, 0x0E, 0x0D, 0x0D, 0x0A, 0x0D, 0x0D, 0x0E, 0x0F, 0x0E, 0x0F, 0x0A, 0x0F, 0x0D, 0x0C, 0x0B, 0x0C,
    0x0D, 0x0D, 0x0D, 0x0E, 0x0C, 0x0D, 0x0D, 0x0D, 0x0D, 0x0D, 0x0E, 0x0F, 0x0F, 0x0D, 0x0F, 0x0F, 0x0E, 0x0F, 0x0A, 0x11, 0x0A, 0x0F, 0x0D, 0x0D,
    0x0A, 0x0A, 0x0D, 0x0F, 0x09, 0x0D, 0x0D, 0x0D, 0x0B, 0x0C, 0x0E, 0x0D, 0x0D, 0x0D, 0x0C, 0x0D, 0x0D, 0x0F, 0x0D, 0x0E, 0x0F, 0x0D, 0x0E, 0x0E,
    0x0A, 0x0A, 0x0F, 0x0F, 0x0A, 0x0F, 0x0F, 0x0E, 0x0B, 0x0B, 0x0B, 0x0D, 0x0E, 0x11, 0x11, 0x11, 0x11, 0x0F, 0x0D, 0x0D, 0x0A, 0x0A, 0x0E, 0x0A,
    0x0F, 0x0B, 0x09, 0x0C, 0x0E, 0x0F, 0x0D, 0x0D, 0x0D, 0x0E, 0x0D, 0x0D, 0x0D, 0x0D, 0x0E, 0x0E, 0x0F, 0x0D, 0x0E, 0x0F, 0x0F, 0x0F, 0x0A, 0x0F,
    0x0F, 0x0A, 0x0F, 0x0E, 0x0E, 0x0E, 0x0F, 0x0A, 0x0A, 0x11, 0x0A, 0x0A, 0x0B, 0x0B, 0x0D, 0x0B, 0x0B, 0x0C, 0x0C, 0x0C, 0x0B, 0x09, 0x0C, 0x0C,
    0x0E, 0x0D, 0x0D, 0x0C, 0x0C, 0x0D, 0x0E, 0x0B, 0x0D, 0x0D, 0x0D, 0x0D, 0x0E, 0x0D, 0x0D, 0x05, 0x0E, 0x0B, 0x0F, 0x0F, 0x0F, 0x0F, 0x10, 0x10,
    0x0A, 0x0E, 0x0D, 0x0A, 0x0F, 0x0A, 0x0F, 0x0E, 0x0D, 0x0E, 0x0B, 0x0C, 0x0D, 0x0D, 0x0D, 0x0D, 0x0C, 0x0D, 0x0F, 0x0E, 0x0E, 0x0F, 0x10, 0x0A,
    0x0F, 0x0D, 0x0E, 0x0F, 0x11, 0x12, 0x12, 0x0A, 0x0D, 0x0F, 0x0C, 0x0E, 0x0A, 0x0A, 0x0E, 0x0F, 0x0F, 0x0F, 0x0F, 0x0D, 0x0D, 0x0D, 0x0C, 0x0C,
    0x0D, 0x0D, 0x0D, 0x0D, 0x0D, 0x0F, 0x0A, 0x0E, 0x0D, 0x0D, 0x0D, 0x0B, 0x0B, 0x0D, 0x0D, 0x0D, 0x0D, 0x0C, 0x0B, 0x09, 0x0D, 0x0D, 0x0D, 0x0D,
    0x0D, 0x0D, 0x0E, 0x0E, 0x0D, 0x0E, 0x0F, 0x0F, 0x0E, 0x0E, 0x0F, 0x0D, 0x0E, 0x0F, 0x0C, 0x0A, 0x0F, 0x0E, 0x0F, 0x0D, 0x0E, 0x0D, 0x0D, 0x0E,
    0x0D, 0x0D, 0x0F, 0x0E, 0x0D, 0x0D, 0x0D, 0x0D, 0x0D, 0x0D, 0x0F, 0x0F, 0x0F, 0x0F, 0x0E, 0x0E, 0x0E, 0x0F, 0x0D, 0x0B, 0x09, 0x0C, 0x0D, 0x0E,
    0x0F, 0x11, 0x11, 0x0A, 0x0E, 0x0C, 0x0D, 0x0F, 0x0D, 0x0D, 0x0D, 0x0C, 0x0B, 0x09, 0x0C, 0x0E, 0x0D, 0x0E, 0x0D, 0x0D, 0x0B, 0x0D, 0x0E, 0x0E,
    0x0D, 0x0F, 0x0F, 0x0E, 0x0E, 0x11, 0x0D, 0x0E, 0x0F, 0x0F, 0x0F, 0x0F, 0x0A, 0x11, 0x10, 0x11, 0x0F, 0x0F, 0x0F, 0x10, 0x12, 0x0F, 0x0F, 0x0F,
    0x0D, 0x0C, 0x0B, 0x0B, 0x0C, 0x0B, 0x0C, 0x0B, 0x09, 0x03, 0x0B, 0x0B, 0x0C, 0x0B, 0x0B, 0x0C, 0x0E, 0x0D, 0x0E, 0x0F, 0x0D, 0x0C, 0x0B, 0x0B,
    0x05, 0x05, 0x0E, 0x0D, 0x0D, 0x0D, 0x0E, 0x0E, 0x0E, 0x0F, 0x0A, 0x0F, 0x0E, 0x0E, 0x0E, 0x0F, 0x0F, 0x0D, 0x0B, 0x0C, 0x0F, 0x0E, 0x0C, 0x0E,
    0x0E, 0x0F, 0x0F, 0x0E, 0x0C, 0x05, 0x0D, 0x0F, 0x0F, 0x0F, 0x0F, 0x0F, 0x0F, 0x0F, 0x0E, 0x0E, 0x0D, 0x0F, 0x0F, 0x0F, 0x13, 0x0A, 0x0F, 0x0E,
    0x0D, 0x0D, 0x0A, 0x0A, 0x0F, 0x0D, 0x0D, 0x0E, 0x0D, 0x0D, 0x0E, 0x0B, 0x0F, 0x0B, 0x0D, 0x0D, 0x0D, 0x0F, 0x0A, 0x0F, 0x0E, 0x0D, 0x0B, 0x0B,
    0x0B, 0x0C, 0x0B, 0x0C, 0x0C, 0x0B, 0x09, 0x0B, 0x0B, 0x0C, 0x0D, 0x0D, 0x0D, 0x0D, 0x0D, 0x0A, 0x0E, 0x0D, 0x0D, 0x0D, 0x0D, 0x0D, 0x0B, 0x0D,
    0x0D, 0x0E, 0x11, 0x0A, 0x0E, 0x0E, 0x0F, 0x0D, 0x0E, 0x0D, 0x0D, 0x0C, 0x0C, 0x0D, 0x0D, 0x0E, 0x0A, 0x0D, 0x0C, 0x0D, 0x0E, 0x0F, 0x0E, 0x0F,
    0x0E, 0x0D, 0x0D, 0x0A, 0x0E, 0x0E, 0x0C, 0x0C, 0x0C, 0x0D, 0x0D, 0x0D, 0x0E, 0x0F, 0x0A, 0x10, 0x10, 0x10, 0x0A, 0x0F, 0x0F, 0x0F, 0x0F, 0x0A,
    0x11, 0x11, 0x0F, 0x0D, 0x0C, 0x0D, 0x0D, 0x0E, 0x0E, 0x0F, 0x0A, 0x0F, 0x0D, 0x0D, 0x0D, 0x0D, 0x0D, 0x0D, 0x0F, 0x0D, 0x0D, 0x0E, 0x0F, 0x0A,
    0x10, 0x10, 0x0A, 0x0F, 0x0A, 0x0F, 0x0A, 0x0A, 0x0A, 0x0E, 0x0E, 0x0A, 0x0D, 0x0E, 0x0D, 0x0D, 0x0D, 0x0C, 0x0B, 0x0B, 0x05, 0x05, 0x0B, 0x05,
    0x05, 0x0B, 0x0B, 0x0B, 0x09, 0x0C, 0x0D, 0x0F, 0x0A, 0x0F, 0x0D, 0x0D, 0x0D, 0x0D, 0x0B, 0x05, 0x0E, 0x0D, 0x0E, 0x0E, 0x0D, 0x0D, 0x0D, 0x0A,
    0x0F, 0x0E, 0x0F, 0x0E, 0x0F, 0x0E, 0x0B, 0x0D, 0x0F, 0x0E, 0x0F, 0x0C, 0x0C, 0x0A, 0x10, 0x0F, 0x0F, 0x0C, 0x0D, 0x0F, 0x0F, 0x0D, 0x0E, 0x10,
    0x13, 0x0A, 0x0F, 0x0A, 0x0D, 0x11, 0x0F, 0x0E, 0x0D, 0x0A, 0x0D, 0x0F, 0x0E, 0x0D, 0x0B, 0x0C, 0x05, 0x0D, 0x0E, 0x0D, 0x0B, 0x05, 0x0B, 0x09,
    0x05, 0x05, 0x05, 0x05, 0x05, 0x0C, 0x0D, 0x0F, 0x0A, 0x0E, 0x0E, 0x0D, 0x0C, 0x0D, 0x0D, 0x0C, 0x0B, 0x0B, 0x0D, 0x0D, 0x0D, 0x0C, 0x0D, 0x0D,
    0x0D, 0x0F, 0x0C, 0x0C, 0x0D, 0x0D, 0x0D, 0x0D, 0x0E, 0x0D, 0x0E, 0x0E, 0x0C, 0x0D, 0x0F, 0x0D, 0x0A, 0x0D, 0x0D, 0x0E, 0x0A, 0x0A, 0x0E, 0x0B,
    0x05, 0x05, 0x05, 0x05, 0x09, 0x0B, 0x0C, 0x0E, 0x0E, 0x0E, 0x0D, 0x0D, 0x0D, 0x0D, 0x0F, 0x0F, 0x0E, 0x0C, 0x0C, 0x0D, 0x0D, 0x0F, 0x0F, 0x0E,
    0x0E, 0x0D, 0x0F, 0x0E, 0x0E, 0x0F, 0x0A, 0x11, 0x0A, 0x11, 0x0A, 0x0F, 0x0F, 0x11, 0x0F, 0x0D, 0x0D, 0x0E, 0x0F, 0x0F, 0x0A, 0x11, 0x11, 0x0E,
    0x0D, 0x0C, 0x0E, 0x0C, 0x0B, 0x0E, 0x0D, 0x0D, 0x0C, 0x0D, 0x0E, 0x0A, 0x0A, 0x0E, 0x0E, 0x0F, 0x0E, 0x0E, 0x0D, 0x0E, 0x0E, 0x0A, 0x10, 0x0A,
    0x0D, 0x0D, 0x0E, 0x0E, 0x0D, 0x0D, 0x0B, 0x0C, 0x0D, 0x0E, 0x0B, 0x0C, 0x0B, 0x0B, 0x0B, 0x0B, 0x05, 0x05, 0x0B, 0x0C, 0x0D, 0x11, 0x0A, 0x0E,
    0x0E, 0x0F, 0x0F, 0x03, 0x05, 0x05, 0x09, 0x0D, 0x0D, 0x0E, 0x0D, 0x0B, 0x0C, 0x0D, 0x0D, 0x0D, 0x0E, 0x0A, 0x0F, 0x0A, 0x0E, 0x0E, 0x0E, 0x0E,
    0x0A, 0x0A, 0x10, 0x14, 0x13, 0x0D, 0x0D, 0x0D, 0x0D, 0x0D, 0x0E, 0x0E, 0x0E, 0x0F, 0x0E, 0x0E, 0x0F, 0x0E, 0x09, 0x09, 0x0F, 0x0A, 0x0A, 0x0A,
    0x0A, 0x0A, 0x0A, 0x0F, 0x0D, 0x0C, 0x0B, 0x05, 0x0C, 0x0C, 0x05, 0x0B, 0x0B, 0x0D, 0x0B, 0x05, 0x05, 0x0D, 0x0B, 0x0D, 0x0F, 0x0F, 0x0B, 0x09,
    0x0D, 0x09, 0x0C, 0x0C, 0x0D, 0x09, 0x0C, 0x0D, 0x0E, 0x0D, 0x0D, 0x0B, 0x0D, 0x0E, 0x0E, 0x0D, 0x0D, 0x0C, 0x0D, 0x0F, 0x0D, 0x0E, 0x0D, 0x0C,
    0x0D, 0x0D, 0x0E, 0x0F, 0x0E, 0x0E, 0x0C, 0x0E, 0x0F, 0x0E, 0x0F, 0x0E, 0x0C, 0x0D, 0x0C, 0x02, 0x03, 0x05, 0x0B, 0x0D, 0x0B, 0x0B, 0x0B, 0x0D,
    0x0E, 0x0F, 0x0F, 0x0F, 0x0E, 0x0F, 0x0E, 0x0D, 0x0D, 0x0A, 0x11, 0x0A, 0x0F, 0x0F, 0x0D, 0x0D, 0x0A, 0x0C, 0x0D, 0x0F, 0x11, 0x11, 0x0F, 0x0F,
    0x0A, 0x0F, 0x0F, 0x0E, 0x0E, 0x0D, 0x0B, 0x0C, 0x0D, 0x0D, 0x0F, 0x0E, 0x0D, 0x0D, 0x0B, 0x0B, 0x0C, 0x0D, 0x0E, 0x0C, 0x0B, 0x0C, 0x0E, 0x0F,
    0x0A, 0x0F, 0x0E, 0x0F, 0x0E, 0x0D, 0x0D, 0x0E, 0x0E, 0x0F, 0x0D, 0x0A, 0x0A, 0x0D, 0x09, 0x0C, 0x0C, 0x0C, 0x0B, 0x0C, 0x0F, 0x0D, 0x0D, 0x0B,
    0x09, 0x0B, 0x0B, 0x03, 0x0B, 0x0B, 0x0D, 0x0B, 0x0E, 0x0F, 0x11, 0x0A, 0x0A, 0x10, 0x0A, 0x0A, 0x03, 0x0B, 0x05, 0x05, 0x0B, 0x0E, 0x05, 0x0B,
    0x0C, 0x0D, 0x0D, 0x0D, 0x0E, 0x0A, 0x0F, 0x0D, 0x0C, 0x0E, 0x0E, 0x0E, 0x0E, 0x0E, 0x0A, 0x13, 0x13, 0x0F, 0x0D, 0x0B, 0x0D, 0x0D, 0x0B, 0x0E,
    0x0E, 0x0D, 0x0E, 0x0E, 0x11, 0x0D, 0x10, 0x13, 0x0F, 0x0F, 0x0A, 0x0F, 0x0A, 0x0F, 0x13, 0x13, 0x0A, 0x0F, 0x0A, 0x0F, 0x0F, 0x0D, 0x0D, 0x0B,
    0x0C, 0x0D, 0x0E, 0x05, 0x02, 0x03, 0x05, 0x05, 0x0C, 0x0D, 0x0E, 0x0E, 0x0F, 0x0D, 0x0C, 0x0B, 0x0D, 0x0D, 0x09, 0x0B, 0x0D, 0x0E, 0x0B, 0x05,
    0x0C, 0x0D, 0x0D, 0x0D, 0x0C, 0x0C, 0x0C, 0x0D, 0x0D, 0x0D, 0x0F, 0x0D, 0x09, 0x0B, 0x0F, 0x13, 0x0A, 0x0F, 0x10, 0x0E, 0x0E, 0x0D, 0x0A, 0x0F,
    0x0F, 0x0E, 0x0E, 0x0C, 0x0D, 0x0B, 0x0B, 0x0D, 0x0D, 0x0C, 0x0C, 0x0D, 0x0E, 0x0F, 0x0A, 0x0E, 0x0E, 0x0E, 0x0E, 0x0D, 0x0F, 0x0E, 0x0A, 0x0A,
    0x11, 0x0F, 0x0F, 0x0E, 0x0F, 0x0E, 0x0E, 0x0A, 0x0A, 0x0E, 0x0F, 0x0E, 0x0E, 0x0A, 0x11, 0x10, 0x11, 0x0F, 0x0A, 0x0F, 0x0D, 0x0B, 0x0B, 0x0F,
    0x11, 0x0E, 0x0B, 0x0B, 0x0D, 0x11, 0x0A, 0x0F, 0x0F, 0x0D, 0x0D, 0x0C, 0x0E, 0x0E, 0x0E, 0x0D, 0x0D, 0x0C, 0x0F, 0x11, 0x0E, 0x0A, 0x0A, 0x0A,
    0x0A, 0x0F, 0x0F, 0x0E, 0x0E, 0x0B, 0x05, 0x05, 0x0B, 0x0D, 0x0B, 0x0B, 0x0B, 0x0B, 0x0C, 0x0C, 0x05, 0x05, 0x05, 0x05, 0x0B, 0x0B, 0x0D, 0x0D,
    0x0A, 0x0F, 0x0A, 0x0D, 0x0D, 0x0D, 0x11, 0x0D, 0x0B, 0x0D, 0x0E, 0x0D, 0x0B, 0x09, 0x0D, 0x0D, 0x0E, 0x0C, 0x0D, 0x0D, 0x0F, 0x09, 0x0C, 0x0D,
    0x0D, 0x0E, 0x0E, 0x0A, 0x0A, 0x0D, 0x0E, 0x0D, 0x0C, 0x0B, 0x0C, 0x0D, 0x0E, 0x0D, 0x0E, 0x0F, 0x0D, 0x11, 0x0F, 0x0F, 0x0F, 0x11, 0x0A, 0x0A,
    0x11, 0x0F, 0x0D, 0x0D, 0x0A, 0x11, 0x11, 0x0A, 0x10, 0x12, 0x11, 0x0F, 0x0B, 0x09, 0x0D, 0x0D, 0x0D, 0x09, 0x03, 0x0B, 0x0E, 0x0B, 0x0C, 0x0E,
    0x0F, 0x11, 0x0A, 0x0E, 0x0D, 0x0D, 0x0D, 0x0D, 0x0D, 0x0C, 0x0B, 0x0E, 0x0E, 0x11, 0x0A, 0x0E, 0x0E, 0x0A, 0x0C, 0x0C, 0x0D, 0x0D, 0x0E, 0x0D,
    0x0D, 0x0D, 0x0E, 0x0E, 0x0F, 0x0A, 0x0A, 0x0F, 0x0E, 0x0F, 0x0A, 0x11, 0x11, 0x0F, 0x0C, 0x0C, 0x0D, 0x0D, 0x0B, 0x0D, 0x0D, 0x0D, 0x0B, 0x0C,
    0x0D, 0x0E, 0x0E, 0x0D, 0x0D, 0x0E, 0x0E, 0x0F, 0x0D, 0x0D, 0x0D, 0x0D, 0x0F, 0x0E, 0x0A, 0x0F, 0x0E, 0x0A, 0x10, 0x0A, 0x0A, 0x0A, 0x0F, 0x0E,
    0x0F, 0x0E, 0x0F, 0x0E, 0x0F, 0x0F, 0x0A, 0x0F, 0x0D, 0x0B, 0x09, 0x0C, 0x0D, 0x0F, 0x0C, 0x0D, 0x10, 0x0F, 0x0D, 0x0D, 0x0D, 0x0D, 0x0D, 0x0D,
    0x0D, 0x0F, 0x0F, 0x0F, 0x0F, 0x0A, 0x0E, 0x10, 0x11, 0x0F, 0x0E, 0x0E, 0x0D, 0x0E, 0x0D, 0x0C, 0x0B, 0x0C, 0x0B, 0x03, 0x0B, 0x05, 0x0B, 0x0B,
    0x0B, 0x0B, 0x0C, 0x0B, 0x0B, 0x0B, 0x05, 0x05, 0x0D, 0x0C, 0x0B, 0x0B, 0x0B, 0x0E, 0x0E, 0x0D, 0x0C, 0x0D, 0x11, 0x0E, 0x0B, 0x0B, 0x0C, 0x0C,
    0x0C, 0x0C, 0x0C, 0x09, 0x0B, 0x0D, 0x0D, 0x0D, 0x0C, 0x0D, 0x0B, 0x0C, 0x0D, 0x0D, 0x0D, 0x0D, 0x0F, 0x0D, 0x0D, 0x0D, 0x0E, 0x11, 0x0B, 0x0C,
    0x0E, 0x0C, 0x0B, 0x0E, 0x0E, 0x0F, 0x0F, 0x11, 0x0E, 0x0F, 0x0F, 0x0F, 0x0E, 0x0E, 0x0E, 0x0F, 0x0A, 0x0D, 0x0D, 0x0A, 0x10, 0x13, 0x13, 0x0D,
    0x0E, 0x0F, 0x0D, 0x0C, 0x0F, 0x0E, 0x0C, 0x0C, 0x0C, 0x0C, 0x0E, 0x0E, 0x0C, 0x0D, 0x0E, 0x0A, 0x0F, 0x10, 0x0D, 0x0F, 0x0F, 0x0D, 0x0D, 0x0E,
    0x0F, 0x0F, 0x0E, 0x0A, 0x0E, 0x0E, 0x0D, 0x09, 0x0B, 0x0E, 0x0A, 0x0A, 0x0E, 0x0F, 0x0F, 0x0F, 0x0E, 0x0E, 0x0D, 0x0F, 0x0F, 0x0E, 0x0F, 0x10,
    0x10, 0x0A, 0x0C, 0x0C, 0x0D, 0x0B, 0x0B, 0x0B, 0x0B, 0x0D, 0x0A, 0x0E, 0x0D, 0x0E, 0x0D, 0x0C, 0x0C, 0x0D, 0x0D, 0x0D, 0x0D, 0x0D, 0x0E, 0x0F,
    0x11, 0x0A, 0x0E, 0x0F, 0x0E, 0x0F, 0x0E, 0x0E, 0x0E, 0x0E, 0x0F, 0x0A, 0x0E, 0x0C, 0x0D, 0x0E, 0x0E, 0x0E, 0x0F, 0x0A, 0x0E, 0x0D, 0x0D, 0x0E,
    0x0D, 0x0B, 0x0B, 0x0B, 0x0D, 0x0F, 0x0D, 0x09, 0x0B, 0x0D, 0x0B, 0x0B, 0x0D, 0x0D, 0x0B, 0x0D, 0x0D, 0x10, 0x0A, 0x0F, 0x0E, 0x0E, 0x0D, 0x0F,
    0x05, 0x0B, 0x0C, 0x0E, 0x0D, 0x0D, 0x0C, 0x0B, 0x05, 0x0B, 0x0B, 0x09, 0x0B, 0x0C, 0x09, 0x0F, 0x0A, 0x0E, 0x0D, 0x0D, 0x0C, 0x0D, 0x0C, 0x0C,
    0x0D, 0x0C, 0x0C, 0x0C, 0x0B, 0x0E, 0x0D, 0x11, 0x0F, 0x0D, 0x0E, 0x0D, 0x0C, 0x0C, 0x0B, 0x0B, 0x0C, 0x0C, 0x0B, 0x0C, 0x0A, 0x0A, 0x0E, 0x0D,
    0x0D, 0x0C, 0x0D, 0x0E, 0x0D, 0x0E, 0x0D, 0x11, 0x10, 0x13, 0x0A, 0x0E, 0x0F, 0x0A, 0x13, 0x0E, 0x0E, 0x0F, 0x0D, 0x0F, 0x0E, 0x0E, 0x0E, 0x0D,
    0x0B, 0x0D, 0x0E, 0x0D, 0x0F, 0x0E, 0x0E, 0x0D, 0x0A, 0x0D, 0x0F, 0x0F, 0x10, 0x11, 0x0D, 0x0E, 0x0F, 0x0C, 0x05, 0x0B, 0x0E, 0x0E, 0x0E, 0x0E,
    0x0D, 0x0D, 0x0D, 0x0E, 0x0D, 0x0D, 0x0D, 0x0E, 0x0F, 0x0E, 0x0A, 0x0E, 0x0D, 0x0D, 0x0C, 0x0C, 0x0D, 0x0E, 0x0F, 0x0F, 0x0D, 0x0F, 0x0D, 0x0F,
    0x0A, 0x0E, 0x0D, 0x0E, 0x0D, 0x0D, 0x0D, 0x0D, 0x0E, 0x0D, 0x0E, 0x0D, 0x0F, 0x10, 0x11, 0x0F, 0x0F, 0x0F, 0x0B, 0x0B, 0x0C, 0x0F, 0x0D, 0x0D,
    0x0D, 0x0E, 0x0C, 0x0B, 0x0D, 0x0D, 0x0E, 0x0E, 0x0F, 0x0E, 0x0F, 0x0F, 0x0E, 0x0E, 0x0D, 0x0E, 0x0D, 0x0D, 0x0F, 0x0E, 0x0A, 0x0F, 0x0F, 0x0A,
    0x0A, 0x0F, 0x0D, 0x0D, 0x0E, 0x0A, 0x0E, 0x0D, 0x0C, 0x0D, 0x0D, 0x0F, 0x0C, 0x0C, 0x0B, 0x0D, 0x0D, 0x0D, 0x0E, 0x0F, 0x0F, 0x0E, 0x0F, 0x0F,
    0x10, 0x0A, 0x0E, 0x0F, 0x0D, 0x0E, 0x0F, 0x0D, 0x0C, 0x0D, 0x0D, 0x0E, 0x03, 0x05, 0x09, 0x0B, 0x0D, 0x0B, 0x0C, 0x0B, 0x05, 0x0B, 0x09, 0x0C,
    0x0C, 0x03, 0x05, 0x09, 0x0B, 0x0B, 0x09, 0x05, 0x05, 0x0C, 0x0C, 0x0C, 0x0D, 0x0D, 0x0E, 0x0E, 0x0C, 0x0C, 0x0E, 0x0D, 0x0D, 0x0D, 0x0D, 0x0D,
    0x0A, 0x11, 0x0D, 0x0C, 0x0C, 0x0C, 0x0B, 0x0C, 0x0D, 0x0C, 0x0C, 0x0D, 0x0D, 0x0D, 0x0E, 0x0F, 0x0E, 0x0E, 0x0F, 0x0F, 0x0A, 0x0A, 0x0F, 0x0F,
    0x0F, 0x0A, 0x11, 0x0A, 0x0D, 0x0B, 0x0A, 0x0B, 0x0E, 0x0D, 0x0D, 0x0E, 0x0A, 0x0F, 0x0D, 0x0A, 0x0A, 0x0F, 0x0F, 0x0D, 0x0D, 0x09, 0x0C, 0x0C,
    0x0F, 0x0E, 0x0A, 0x0A, 0x0F, 0x03, 0x06, 0x04, 0x09, 0x0D, 0x0D, 0x0A, 0x0A, 0x0E, 0x0D, 0x0B, 0x0C, 0x0D, 0x0F, 0x0D, 0x0C, 0x0D, 0x0D, 0x0D,
    0x0D, 0x0B, 0x0B, 0x0B, 0x0B, 0x0D, 0x11, 0x11, 0x0A, 0x0F, 0x0C, 0x0D, 0x0D, 0x0D, 0x0D, 0x0D, 0x0C, 0x0C, 0x0D, 0x0E, 0x0D, 0x0F, 0x0E, 0x0E,
    0x0F, 0x0F, 0x0F, 0x0F, 0x0A, 0x11, 0x0F, 0x0F, 0x0C, 0x0D, 0x0D, 0x0D, 0x0D, 0x0D, 0x0D, 0x0D, 0x0D, 0x0E, 0x0D, 0x0E, 0x0E, 0x0D, 0x0D, 0x0E,
    0x0E, 0x0E, 0x0D, 0x0F, 0x0E, 0x0E, 0x0F, 0x0F, 0x0D, 0x0E, 0x0D, 0x0D, 0x0E, 0x0F, 0x0F, 0x0D, 0x0C, 0x0D, 0x0D, 0x0C, 0x0D, 0x0D, 0x0E, 0x0D,
    0x0E, 0x0D, 0x0D, 0x0D, 0x0A, 0x0A, 0x0A, 0x0E, 0x0D, 0x0F, 0x0F, 0x0E, 0x0D, 0x0D, 0x0D, 0x0B, 0x05, 0x0B, 0x0D, 0x0D, 0x0D, 0x0D, 0x0E, 0x0E,
    0x09, 0x0B, 0x0B, 0x0B, 0x0D, 0x0C, 0x0B, 0x0B, 0x0B, 0x0C, 0x0C, 0x0F, 0x0F, 0x0D, 0x0D, 0x0B, 0x05, 0x0B, 0x0C, 0x0F, 0x0D, 0x0C, 0x09, 0x0B,
    0x0B, 0x0C, 0x0D, 0x0C, 0x0C, 0x0D, 0x0D, 0x0D, 0x0D, 0x0D, 0x0D, 0x0D, 0x0C, 0x0D, 0x0C, 0x0C, 0x09, 0x05, 0x0B, 0x09, 0x0B, 0x0D, 0x0D, 0x0F,
    0x0B, 0x0C, 0x0C, 0x0E, 0x0D, 0x0B, 0x0B, 0x0B, 0x0C, 0x0E, 0x0E, 0x0D, 0x0B, 0x0A, 0x0F, 0x0F, 0x11, 0x11, 0x0F, 0x0B, 0x0E, 0x0E, 0x0F, 0x0D,
    0x0E, 0x0A, 0x11, 0x11, 0x0A, 0x0E, 0x0E, 0x0D, 0x0D, 0x0E, 0x0C, 0x0D, 0x0D, 0x09, 0x11, 0x0A, 0x0F, 0x0D, 0x09, 0x03, 0x0B, 0x0D, 0x0D, 0x0C,
    0x0C, 0x0C, 0x0D, 0x0E, 0x0D, 0x0D, 0x0F, 0x0D, 0x0C, 0x0E, 0x0F, 0x0D, 0x0C, 0x05, 0x02, 0x02, 0x02, 0x0C, 0x0A, 0x13, 0x10, 0x0F, 0x0D, 0x05,
    0x0B, 0x0C, 0x0F, 0x05, 0x02, 0x0B, 0x0D, 0x0C, 0x0C, 0x0D, 0x0E, 0x0F, 0x0D, 0x0D, 0x0D, 0x0D, 0x0D, 0x0D, 0x0D, 0x0D, 0x0C, 0x0B, 0x0D, 0x0D,
    0x0E, 0x0D, 0x0D, 0x0E, 0x0D, 0x0D, 0x0D, 0x0D, 0x0D, 0x0E, 0x0E, 0x0E, 0x0D, 0x0E, 0x0E, 0x0E, 0x0D, 0x0E, 0x0D, 0x0D, 0x0D, 0x0D, 0x0D, 0x0E,
    0x0A, 0x0F, 0x0E, 0x0F, 0x0D, 0x09, 0x09, 0x0D, 0x0C, 0x0C, 0x0E, 0x0F, 0x0D, 0x0E, 0x0E, 0x0D, 0x0B, 0x0B, 0x0C, 0x0C, 0x09, 0x09, 0x09, 0x0B,
    0x0B, 0x0C, 0x0D, 0x0E, 0x05, 0x0B, 0x05, 0x0D, 0x0B, 0x0C, 0x0D, 0x0F, 0x03, 0x05, 0x05, 0x05, 0x0B, 0x0B, 0x0B, 0x09, 0x0C, 0x0C, 0x0D, 0x0E,
    0x0E, 0x0D, 0x0D, 0x0B, 0x0B, 0x05, 0x05, 0x0B, 0x0C, 0x0D, 0x0E, 0x0B, 0x09, 0x09, 0x0C, 0x0C, 0x0D, 0x0D, 0x0B, 0x0B, 0x0C, 0x0D, 0x0C, 0x0C,
    0x0C, 0x0D, 0x0D, 0x0D, 0x05, 0x03, 0x01, 0x03, 0x05, 0x0C, 0x0B, 0x0D, 0x0C, 0x0B, 0x0B, 0x0D, 0x0E, 0x0F, 0x11, 0x0E, 0x0E, 0x0F, 0x0D, 0x0A,
    0x0F, 0x0F, 0x0E, 0x0E, 0x0F, 0x0E, 0x11, 0x0A, 0x0D, 0x0F, 0x0E, 0x0E, 0x0D, 0x0C, 0x0D, 0x0D, 0x0D, 0x0D, 0x0D, 0x0C, 0x0D, 0x0C, 0x0C, 0x0B,
    0x0C, 0x0D, 0x0A, 0x0F, 0x11, 0x0D, 0x0F, 0x0D, 0x0D, 0x0D, 0x0C, 0x0B, 0x0B, 0x0C, 0x0D, 0x0D, 0x0D, 0x0F, 0x0C, 0x0D, 0x0D, 0x0D, 0x0C, 0x0D,
    0x0D, 0x0D, 0x0E, 0x0E, 0x0D, 0x0B, 0x0C, 0x0D, 0x11, 0x0A, 0x0A, 0x11, 0x0C, 0x0D, 0x0F, 0x0F, 0x0F, 0x0C, 0x0D, 0x0C, 0x0C, 0x0C, 0x0B, 0x0C,
    0x0D, 0x0C, 0x0C, 0x0D, 0x0C, 0x0B, 0x0D, 0x0C, 0x0C, 0x0B, 0x0C, 0x0D, 0x0D, 0x0B, 0x0C, 0x0D, 0x0D, 0x0E, 0x0D, 0x0E, 0x0E, 0x0D, 0x0C, 0x0B,
    0x0D, 0x0D, 0x0D, 0x0E, 0x0D, 0x0E, 0x0D, 0x0D, 0x0D, 0x0D, 0x0E, 0x0D, 0x0E, 0x0F, 0x0F, 0x0A, 0x11, 0x0F, 0x0F, 0x0B, 0x09, 0x09, 0x0E, 0x0C,
    0x0D, 0x0D, 0x0B, 0x0B, 0x0C, 0x0E, 0x0A, 0x0A, 0x0E, 0x0F, 0x0E, 0x0D, 0x0F, 0x0D, 0x0D, 0x0D, 0x0F, 0x0D, 0x0E, 0x0D, 0x0D, 0x0E, 0x0D, 0x0E,
    0x03, 0x05, 0x09, 0x0C, 0x0C, 0x0B, 0x0B, 0x09, 0x0B, 0x05, 0x0D, 0x0C, 0x0C, 0x0D, 0x0D, 0x0E, 0x0D, 0x0C, 0x05, 0x03, 0x05, 0x0C, 0x0C, 0x0D,
    0x09, 0x05, 0x0B, 0x0C, 0x0C, 0x0C, 0x0D, 0x0B, 0x0B, 0x0B, 0x0C, 0x0D, 0x0D, 0x0D, 0x0E, 0x0E, 0x0D, 0x0D, 0x0B, 0x03, 0x02, 0x05, 0x0D, 0x0F,
    0x0D, 0x0C, 0x0B, 0x05, 0x0D, 0x0C, 0x0C, 0x09, 0x09, 0x0B, 0x0C, 0x05, 0x0B, 0x0B, 0x0E, 0x0E, 0x0D, 0x0E, 0x0C, 0x0D, 0x0D, 0x0D, 0x0B, 0x0C,
    0x0D, 0x0D, 0x0D, 0x0D, 0x0D, 0x0E, 0x0D, 0x0C, 0x0B, 0x0D, 0x0C, 0x0B, 0x0E, 0x0F, 0x11, 0x10, 0x0D, 0x11, 0x0D, 0x0B, 0x0C, 0x0B, 0x05, 0x09,
    0x0B, 0x09, 0x0C, 0x0C, 0x0D, 0x0D, 0x0D, 0x0A, 0x0E, 0x0E, 0x0B, 0x0C, 0x0B, 0x0D, 0x0E, 0x0F, 0x0E, 0x0D, 0x0D, 0x09, 0x0B, 0x0F, 0x11, 0x0F,
    0x0A, 0x0E, 0x0D, 0x0D, 0x0A, 0x0C, 0x0C, 0x0C, 0x0B, 0x0B, 0x0C, 0x0E, 0x0E, 0x0D, 0x0E, 0x0D, 0x0D, 0x0D, 0x0B, 0x0B, 0x0B, 0x0B, 0x0D, 0x0E,
    0x0C, 0x0D, 0x0D, 0x0D, 0x0D, 0x0D, 0x0D, 0x0D, 0x0D, 0x05, 0x05, 0x03, 0x0C, 0x0C, 0x0D, 0x0E, 0x0D, 0x0C, 0x0D, 0x0D, 0x0D, 0x0E, 0x0E, 0x0E,
    0x0E, 0x0E, 0x13, 0x12, 0x11, 0x0F, 0x0D, 0x0D, 0x0B, 0x0C, 0x09, 0x09, 0x0B, 0x0D, 0x0D, 0x0D, 0x0E, 0x0F, 0x0F, 0x0F, 0x0A, 0x0F, 0x0F, 0x0A,
    0x0F, 0x0D, 0x0F, 0x0F, 0x0E, 0x0B, 0x0C, 0x0B, 0x0D, 0x0D, 0x0D, 0x0D, 0x0B, 0x09, 0x05, 0x05, 0x0C, 0x0B, 0x0D, 0x09, 0x0B, 0x05, 0x0B, 0x09,
    0x09, 0x0B, 0x0D, 0x0D, 0x0D, 0x0E, 0x0D, 0x0D, 0x0C, 0x0C, 0x0D, 0x0D, 0x0D, 0x0B, 0x0B, 0x0B, 0x0C, 0x0B, 0x0C, 0x0C, 0x0B, 0x0C, 0x0B, 0x0C,
    0x0C, 0x0C, 0x0C, 0x0D, 0x0E, 0x0A, 0x0A, 0x0C, 0x03, 0x01, 0x0B, 0x0D, 0x0E, 0x0D, 0x0D, 0x0C, 0x0F, 0x0B, 0x05, 0x0B, 0x0D, 0x0D, 0x0B, 0x0D,
    0x0A, 0x05, 0x0C, 0x0E, 0x0F, 0x0E, 0x0E, 0x0D, 0x0D, 0x0D, 0x0C, 0x0B, 0x0D, 0x0C, 0x0B, 0x0C, 0x0D, 0x0D, 0x0B, 0x0C, 0x0C, 0x0C, 0x0D, 0x0D,
    0x0C, 0x0D, 0x0F, 0x0A, 0x0A, 0x0A, 0x0C, 0x0C, 0x0C, 0x0D, 0x0D, 0x0C, 0x0B, 0x05, 0x03, 0x0C, 0x0D, 0x0C, 0x0D, 0x0F, 0x0F, 0x0D, 0x0D, 0x09,
    0x0C, 0x0D, 0x0C, 0x0E, 0x0D, 0x0D, 0x0E, 0x0F, 0x0F, 0x0D, 0x0A, 0x0A, 0x0F, 0x0A, 0x0D, 0x0F, 0x10, 0x0E, 0x0E, 0x0B, 0x0C, 0x0D, 0x0D, 0x0D,
    0x0C, 0x0D, 0x0F, 0x0F, 0x0D, 0x09, 0x0B, 0x0B, 0x0B, 0x0D, 0x0C, 0x0C, 0x0C, 0x0C, 0x0D, 0x0D, 0x0D, 0x0D, 0x0E, 0x0B, 0x0D, 0x0F, 0x0A, 0x0D,
    0x0D, 0x0E, 0x0D, 0x0D, 0x0D, 0x0F, 0x0D, 0x0D, 0x0D, 0x0E, 0x0D, 0x0E, 0x0B, 0x0D, 0x0E, 0x0A, 0x0E, 0x0E, 0x0D, 0x0D, 0x0C, 0x0C, 0x0E, 0x0D,
    0x0E, 0x03, 0x05, 0x0B, 0x0D, 0x0E, 0x0E, 0x11, 0x0A, 0x0F, 0x0D, 0x0D, 0x0E, 0x0F, 0x11, 0x0A, 0x0E, 0x0F, 0x0A, 0x0E, 0x0E, 0x09, 0x0D, 0x0D,
    0x0C, 0x0B, 0x0B, 0x0B, 0x0B, 0x0C, 0x0D, 0x0C, 0x09, 0x0B, 0x0B, 0x0C, 0x0C, 0x0B, 0x0C, 0x0D, 0x0D, 0x0D, 0x0E, 0x0F, 0x0F, 0x0F, 0x0D, 0x0D,
    0x0E, 0x0E, 0x0E, 0x09, 0x05, 0x0B, 0x0B, 0x0C, 0x0C, 0x0D, 0x0B, 0x0C, 0x0C, 0x0C, 0x0C, 0x0B, 0x05, 0x0B, 0x0E, 0x0D, 0x0D, 0x05, 0x04, 0x01,
    0x05, 0x0C, 0x0B, 0x0F, 0x0E, 0x0D, 0x0E, 0x0D, 0x0D, 0x0C, 0x0B, 0x0D, 0x0E, 0x0D, 0x0B, 0x0E, 0x0D, 0x0B, 0x0F, 0x0D, 0x05, 0x05, 0x0B, 0x0D,
    0x0C, 0x0C, 0x0C, 0x09, 0x05, 0x09, 0x09, 0x0B, 0x0B, 0x0C, 0x0D, 0x0D, 0x0C, 0x0C, 0x0F, 0x0D, 0x12, 0x0A, 0x0F, 0x0E, 0x0E, 0x0E, 0x0D, 0x0C,
    0x0C, 0x0B, 0x0C, 0x0C, 0x0D, 0x0D, 0x0D, 0x0B, 0x0F, 0x0A, 0x0D, 0x0C, 0x0B, 0x0C, 0x0C, 0x0C, 0x0C, 0x0D, 0x0F, 0x0F, 0x0D, 0x0E, 0x0F, 0x0E,
    0x0B, 0x0D, 0x0E, 0x0A, 0x0D, 0x0D, 0x0D, 0x0D, 0x0F, 0x0B, 0x09, 0x09, 0x09, 0x09, 0x0B, 0x05, 0x09, 0x05, 0x02, 0x09, 0x09, 0x0B, 0x0B, 0x0D,
    0x0D, 0x0D, 0x0C, 0x0C, 0x0D, 0x0D, 0x0D, 0x0D, 0x0E, 0x0D, 0x0A, 0x0F, 0x0D, 0x0D, 0x0E, 0x0B, 0x0B, 0x0E, 0x0E, 0x0D, 0x0E, 0x0E, 0x0E, 0x0D,
    0x0F, 0x11, 0x10, 0x10, 0x0F, 0x0D, 0x0D, 0x0C, 0x0C, 0x0D, 0x0D, 0x0F, 0x0A, 0x10, 0x0F, 0x0D, 0x09, 0x0B, 0x0F, 0x0E, 0x0E, 0x0D, 0x0C, 0x0D,
    0x0F, 0x0E, 0x0F, 0x0D, 0x0E, 0x0F, 0x0F, 0x0C, 0x0B, 0x0B, 0x09, 0x0D, 0x05, 0x09, 0x05, 0x05, 0x02, 0x0B, 0x09, 0x0D, 0x0D, 0x0B, 0x0D, 0x0B,
    0x0E, 0x0C, 0x0B, 0x0B, 0x0D, 0x0E, 0x0D, 0x0D, 0x0C, 0x0C, 0x0D, 0x0D, 0x0D, 0x0E, 0x0E, 0x0D, 0x0B, 0x05, 0x03, 0x0C, 0x0D, 0x0D, 0x0C, 0x0B,
    0x09, 0x09, 0x05, 0x01, 0x03, 0x0C, 0x0F, 0x0A, 0x0F, 0x0B, 0x05, 0x03, 0x05, 0x05, 0x0C, 0x0D, 0x0D, 0x0D, 0x0C, 0x0D, 0x0D, 0x0C, 0x0E, 0x0D,
    0x05, 0x0D, 0x0C, 0x0C, 0x0F, 0x0F, 0x0A, 0x0A, 0x0B, 0x0E, 0x0E, 0x0C, 0x0C, 0x0C, 0x09, 0x0D, 0x0D, 0x0B, 0x0C, 0x09, 0x09, 0x0C, 0x0C, 0x0D,
    0x0C, 0x0B, 0x0F, 0x10, 0x11, 0x0E, 0x0D, 0x0D, 0x0D, 0x0D, 0x0C, 0x0D, 0x0D, 0x0D, 0x0D, 0x0E, 0x0E, 0x0E, 0x0D, 0x0D, 0x0D, 0x0D, 0x0E, 0x0C,
    0x0B, 0x0B, 0x0D, 0x0C, 0x09, 0x0B, 0x0D, 0x0D, 0x0D, 0x0D, 0x0D, 0x0F, 0x0D, 0x0D, 0x0D, 0x13, 0x0D, 0x0E, 0x0F, 0x11, 0x0C, 0x05, 0x05, 0x09,
    0x09, 0x03, 0x03, 0x03, 0x03, 0x09, 0x0B, 0x0B, 0x0B, 0x0B, 0x0C, 0x0C, 0x0D, 0x0D, 0x0D, 0x0D, 0x0D, 0x0D, 0x0D, 0x0D, 0x0E, 0x0D, 0x0E, 0x0F,
    0x0D, 0x0D, 0x0B, 0x09, 0x0B, 0x0D, 0x0C, 0x0B, 0x0B, 0x0C, 0x0C, 0x0E, 0x0D, 0x0E, 0x0E, 0x0D, 0x0D, 0x0D, 0x0E, 0x0D, 0x0D, 0x0D, 0x0C, 0x0F,
    0x0F, 0x0F, 0x11, 0x0E, 0x0B, 0x0B, 0x0C, 0x0D, 0x0D, 0x0A, 0x0F, 0x0E, 0x0D, 0x0D, 0x0E, 0x0F, 0x0D, 0x0D, 0x09, 0x09, 0x0C, 0x0B, 0x09, 0x03,
    0x05, 0x09, 0x0D, 0x0C, 0x0B, 0x0B, 0x0B, 0x0B, 0x0B, 0x0B, 0x09, 0x0A, 0x0F, 0x0C, 0x0D, 0x0D, 0x0B, 0x0C, 0x0C, 0x0B, 0x0B, 0x0C, 0x0E, 0x0D,
    0x0D, 0x0D, 0x0F, 0x0A, 0x0A, 0x09, 0x06, 0x01, 0x05, 0x0B, 0x0B, 0x0B, 0x09, 0x05, 0x0C, 0x0D, 0x0D, 0x0A, 0x0F, 0x0E, 0x0C, 0x0B, 0x0B, 0x0D,
    0x02, 0x05, 0x0B, 0x0E, 0x0D, 0x0E, 0x0C, 0x0C, 0x0B, 0x0D, 0x10, 0x13, 0x0E, 0x0B, 0x05, 0x09, 0x0B, 0x0E, 0x10, 0x0F, 0x0D, 0x0E, 0x0E, 0x0D,
    0x0C, 0x0B, 0x0C, 0x0E, 0x0F, 0x0E, 0x0D, 0x0D, 0x0C, 0x0C, 0x0C, 0x0D, 0x09, 0x05, 0x0E, 0x10, 0x0A, 0x0D, 0x0C, 0x0B, 0x05, 0x0C, 0x0D, 0x0C,
    0x0D, 0x0D, 0x0D, 0x0B, 0x0C, 0x0C, 0x0C, 0x0F, 0x0F, 0x0D, 0x0E, 0x0E, 0x0E, 0x0D, 0x0B, 0x03, 0x05, 0x0B, 0x0C, 0x0C, 0x0C, 0x0C, 0x0C, 0x0E,
    0x0E, 0x0A, 0x0F, 0x10, 0x0A, 0x0A, 0x0F, 0x0E, 0x0D, 0x0D, 0x0C, 0x09, 0x0C, 0x0B, 0x09, 0x05, 0x09, 0x0B, 0x0D, 0x0D, 0x0D, 0x0D, 0x0D, 0x0D,
    0x0D, 0x0D, 0x0D, 0x0F, 0x0D, 0x0D, 0x0D, 0x0D, 0x0C, 0x0C, 0x0D, 0x0D, 0x0C, 0x0C, 0x0C, 0x0C, 0x0C, 0x0C, 0x0C, 0x0C, 0x0B, 0x0C, 0x0D, 0x0D,
    0x0D, 0x0D, 0x0D, 0x0D, 0x0E, 0x0D, 0x0D, 0x0D, 0x0E, 0x0F, 0x0F, 0x0E, 0x11, 0x0A, 0x0E, 0x0D, 0x0C, 0x0B, 0x0C, 0x0D, 0x0C, 0x0D, 0x0D, 0x0D,
    0x0C, 0x0C, 0x0C, 0x0D, 0x0D, 0x0E, 0x0D, 0x05, 0x05, 0x03, 0x0D, 0x0C, 0x0B, 0x0B, 0x09, 0x0B, 0x0C, 0x0B, 0x0B, 0x09, 0x0B, 0x09, 0x0B, 0x09,
    0x0D, 0x0D, 0x0B, 0x0B, 0x09, 0x09, 0x0B, 0x0B, 0x0B, 0x0B, 0x0C, 0x0B, 0x0C, 0x0D, 0x0A, 0x0A, 0x11, 0x0F, 0x05, 0x02, 0x02, 0x02, 0x05, 0x05,
    0x03, 0x05, 0x05, 0x0C, 0x0D, 0x0F, 0x0F, 0x0D, 0x0E, 0x0D, 0x0F, 0x10, 0x0C, 0x0B, 0x0D, 0x0E, 0x0D, 0x0C, 0x0C, 0x0B, 0x0B, 0x0C, 0x0E, 0x0A,
    0x0C, 0x0C, 0x0D, 0x0B, 0x0B, 0x0E, 0x0D, 0x0E, 0x0F, 0x0E, 0x0D, 0x0D, 0x0D, 0x0D, 0x0D, 0x0D, 0x0F, 0x0F, 0x0D, 0x0D, 0x0C, 0x0C, 0x0C, 0x0C,
    0x09, 0x0D, 0x05, 0x0C, 0x0D, 0x0E, 0x0E, 0x0B, 0x0B, 0x0D, 0x0D, 0x0D, 0x0E, 0x0E, 0x0D, 0x0B, 0x05, 0x0D, 0x0D, 0x0C, 0x05, 0x0D, 0x0D, 0x0F,
    0x0F, 0x0D, 0x0D, 0x0D, 0x0D, 0x0B, 0x05, 0x0D, 0x0D, 0x0C, 0x0D, 0x0D, 0x0E, 0x0D, 0x0F, 0x0D, 0x0D, 0x11, 0x0F, 0x0D, 0x0D, 0x0D, 0x0D, 0x0B,
    0x0B, 0x0D, 0x0C, 0x09, 0x0B, 0x0B, 0x0C, 0x0D, 0x0C, 0x09, 0x09, 0x0D, 0x0D, 0x0D, 0x0D, 0x0D, 0x0D, 0x0D, 0x0D, 0x0D, 0x0D, 0x0D, 0x0C, 0x0D,
    0x0D, 0x0D, 0x0C, 0x0C, 0x0B, 0x0C, 0x0B, 0x09, 0x0C, 0x0D, 0x0D, 0x0C, 0x0D, 0x0D, 0x0E, 0x0D, 0x0D, 0x0D, 0x0E, 0x0F, 0x0E, 0x0F, 0x0A, 0x0F,
    0x0F, 0x0E, 0x0D, 0x0B, 0x0C, 0x0E, 0x0D, 0x0B, 0x0C, 0x05, 0x0B, 0x05, 0x05, 0x09, 0x05, 0x0B, 0x0D, 0x0D, 0x0D, 0x0C, 0x05, 0x05, 0x0B, 0x0C,
    0x09, 0x09, 0x09, 0x0B, 0x0C, 0x0B, 0x0B, 0x0B, 0x0B, 0x09, 0x0B, 0x0B, 0x0B, 0x0C, 0x0C, 0x0C, 0x0B, 0x09, 0x09, 0x05, 0x0C, 0x0B, 0x0B, 0x0C,
    0x0C, 0x0C, 0x0D, 0x0D, 0x0F, 0x0A, 0x0F, 0x05, 0x06, 0x01, 0x04, 0x05, 0x0B, 0x0C, 0x0D, 0x0B, 0x0B, 0x0D, 0x0F, 0x0F, 0x0F, 0x0D, 0x0D, 0x0C,
    0x05, 0x0B, 0x0D, 0x0C, 0x0C, 0x0D, 0x0C, 0x0B, 0x0B, 0x0B, 0x0D, 0x0C, 0x0C, 0x0C, 0x0B, 0x0B, 0x0D, 0x0C, 0x0D, 0x0C, 0x0D, 0x0C, 0x0D, 0x0C,
    0x0B, 0x0D, 0x0E, 0x0E, 0x0E, 0x0F, 0x0F, 0x0E, 0x0E, 0x0E, 0x0C, 0x0B, 0x0C, 0x0D, 0x0D, 0x0C, 0x0E, 0x0F, 0x0A, 0x0E, 0x0A, 0x0D, 0x0D, 0x0D,
    0x0C, 0x0D, 0x0C, 0x0D, 0x0D, 0x0F, 0x0D, 0x0C, 0x0D, 0x0E, 0x0D, 0x0D, 0x0E, 0x0D, 0x0E, 0x0B, 0x0C, 0x0E, 0x0D, 0x0D, 0x0E, 0x0F, 0x11, 0x0A,
    0x0E, 0x0D, 0x0E, 0x0F, 0x0D, 0x0C, 0x0B, 0x0D, 0x0C, 0x0D, 0x0C, 0x0D, 0x0C, 0x0D, 0x0E, 0x0B, 0x05, 0x05, 0x05, 0x03, 0x09, 0x0C, 0x09, 0x0B,
    0x0B, 0x05, 0x0B, 0x09, 0x0C, 0x0D, 0x0D, 0x0D, 0x0D, 0x0D, 0x0D, 0x0C, 0x0D, 0x0C, 0x0C, 0x0B, 0x0B, 0x09, 0x0B, 0x09, 0x0C, 0x0F, 0x0D, 0x0C,
    0x0D, 0x0D, 0x0D, 0x0D, 0x0D, 0x0C, 0x0C, 0x0D, 0x0D, 0x0E, 0x0E, 0x0E, 0x0E, 0x0E, 0x0B, 0x0B, 0x0B, 0x0D, 0x0E, 0x0D, 0x0D, 0x0C, 0x05, 0x03,
    0x05, 0x0B, 0x09, 0x0B, 0x09, 0x0C, 0x0E, 0x0F, 0x0D, 0x0C, 0x0E, 0x0D, 0x09, 0x0B, 0x0C, 0x0B, 0x02, 0x05, 0x05, 0x0B, 0x09, 0x0B, 0x0B, 0x0B,
    0x0C, 0x0D, 0x0C, 0x0B, 0x0B, 0x0B, 0x0D, 0x0D, 0x0C, 0x0B, 0x0B, 0x0C, 0x0C, 0x0C, 0x0C, 0x0D, 0x11, 0x13, 0x14, 0x13, 0x0A, 0x0B, 0x03, 0x0B,
    0x0C, 0x0D, 0x0D, 0x0B, 0x0B, 0x0C, 0x0F, 0x0F, 0x0E, 0x0B, 0x09, 0x03, 0x01, 0x0B, 0x0B, 0x0B, 0x0C, 0x0C, 0x0C, 0x0D, 0x0D, 0x0C, 0x0B, 0x0D,
    0x0D, 0x0B, 0x0D, 0x0D, 0x0B, 0x09, 0x09, 0x0D, 0x0B, 0x0C, 0x0D, 0x0B, 0x0C, 0x0C, 0x0C, 0x0C, 0x0D, 0x0D, 0x0D, 0x0D, 0x0A, 0x0D, 0x0C, 0x0B,
    0x0B, 0x0B, 0x0C, 0x0C, 0x0F, 0x0E, 0x0F, 0x11, 0x11, 0x0F, 0x0D, 0x0D, 0x0D, 0x0C, 0x0E, 0x0D, 0x0D, 0x0D, 0x0C, 0x0D, 0x0D, 0x0F, 0x0E, 0x0D,
    0x0E, 0x0D, 0x0A, 0x0F, 0x0D, 0x0B, 0x0B, 0x0C, 0x0E, 0x0E, 0x0E, 0x0E, 0x0F, 0x11, 0x0A, 0x0E, 0x0D, 0x0E, 0x0D, 0x11, 0x0A, 0x0D, 0x0B, 0x0B,
    0x0D, 0x0E, 0x0D, 0x0C, 0x03, 0x05, 0x09, 0x0C, 0x0B, 0x0C, 0x0B, 0x0B, 0x09, 0x0C, 0x0C, 0x0D, 0x0C, 0x0D, 0x0D, 0x0D, 0x0D, 0x0C, 0x0B, 0x0C,
    0x0C, 0x09, 0x09, 0x09, 0x0B, 0x09, 0x0B, 0x09, 0x09, 0x0D, 0x0D, 0x0D, 0x0D, 0x0D, 0x0D, 0x0C, 0x0B, 0x0C, 0x0D, 0x0D, 0x0E, 0x0E, 0x0F, 0x11,
    0x0D, 0x0B, 0x03, 0x05, 0x05, 0x0B, 0x0D, 0x0C, 0x0B, 0x05, 0x0B, 0x0B, 0x09, 0x0B, 0x0C, 0x0D, 0x0D, 0x0C, 0x0C, 0x0D, 0x11, 0x0F, 0x0E, 0x0D,
    0x05, 0x0B, 0x0B, 0x0C, 0x0C, 0x0B, 0x0B, 0x05, 0x0B, 0x0B, 0x0B, 0x0B, 0x0B, 0x0B, 0x0C, 0x0D, 0x0C, 0x0B, 0x0C, 0x0C, 0x0D, 0x0D, 0x0D, 0x0C,
    0x0B, 0x0B, 0x0C, 0x0C, 0x0D, 0x11, 0x11, 0x13, 0x12, 0x14, 0x13, 0x11, 0x0C, 0x0E, 0x0D, 0x0C, 0x0C, 0x0D, 0x0C, 0x0B, 0x0E, 0x0F, 0x0A, 0x0B,
    0x01, 0x0B, 0x09, 0x0B, 0x0B, 0x0B, 0x0B, 0x0C, 0x0D, 0x0D, 0x0D, 0x0D, 0x0C, 0x0C, 0x0C, 0x0C, 0x0C, 0x0D, 0x0C, 0x0B, 0x0B, 0x0D, 0x0C, 0x05,
    0x0B, 0x0C, 0x0C, 0x0C, 0x0C, 0x0C, 0x0C, 0x0D, 0x0F, 0x0F, 0x0C, 0x0F, 0x0D, 0x0B, 0x0B, 0x0C, 0x0D, 0x0C, 0x0C, 0x0D, 0x0F, 0x0F, 0x0F, 0x0D,
    0x0D, 0x0E, 0x0D, 0x0D, 0x0D, 0x0C, 0x0C, 0x0A, 0x0C, 0x0B, 0x0C, 0x0C, 0x0D, 0x0D, 0x0D, 0x0D, 0x0D, 0x0C, 0x0D, 0x0E, 0x0D, 0x0F, 0x0D, 0x0C,
    0x0F, 0x0F, 0x0F, 0x0D, 0x0E, 0x0D, 0x0F, 0x11, 0x0A, 0x0F, 0x0D, 0x0C, 0x0D, 0x0E, 0x0D, 0x0D, 0x0C, 0x0B, 0x0B, 0x0B, 0x0B, 0x0C, 0x0B, 0x0B,
    0x09, 0x0C, 0x0C, 0x0C, 0x0C, 0x0C, 0x0B, 0x0B, 0x09, 0x09, 0x09, 0x0B, 0x09, 0x09, 0x05, 0x09, 0x09, 0x09, 0x09, 0x09, 0x0B, 0x0C, 0x0D, 0x0E,
    0x0D, 0x0C, 0x0D, 0x0C, 0x0D, 0x0D, 0x0D, 0x0D, 0x0D, 0x0E, 0x0D, 0x0E, 0x0C, 0x0B, 0x05, 0x03, 0x02, 0x03, 0x09, 0x0B, 0x09, 0x0D, 0x0D, 0x05,
    0x03, 0x01, 0x05, 0x0B, 0x0C, 0x09, 0x05, 0x0B, 0x0D, 0x0D, 0x0D, 0x0D, 0x05, 0x05, 0x09, 0x0B, 0x0B, 0x09, 0x05, 0x05, 0x09, 0x05, 0x05, 0x0B,
    0x0B, 0x0C, 0x0B, 0x0B, 0x0B, 0x0B, 0x0B, 0x09, 0x05, 0x0B, 0x0B, 0x0B, 0x0B, 0x0B, 0x0B, 0x0C, 0x0C, 0x0C, 0x0D, 0x0E, 0x0F, 0x0E, 0x0D, 0x0D,
    0x0C, 0x0C, 0x0D, 0x0C, 0x0E, 0x0F, 0x0E, 0x0D, 0x0D, 0x0F, 0x13, 0x0F, 0x03, 0x0B, 0x0E, 0x0B, 0x0B, 0x05, 0x0B, 0x0B, 0x0B, 0x0D, 0x0D, 0x0C,
    0x0C, 0x0C, 0x0D, 0x0E, 0x0C, 0x0E, 0x0C, 0x0C, 0x0C, 0x0D, 0x0D, 0x0D, 0x0C, 0x0C, 0x0C, 0x0D, 0x0C, 0x0B, 0x0C, 0x0C, 0x0B, 0x0E, 0x0F, 0x0E,
    0x0C, 0x0B, 0x0B, 0x0D, 0x0B, 0x0B, 0x0C, 0x0C, 0x0C, 0x0D, 0x0D, 0x0F, 0x0D, 0x0D, 0x0F, 0x0F, 0x0F, 0x0D, 0x0A, 0x11, 0x0E, 0x0D, 0x0D, 0x0C,
    0x0D, 0x0D, 0x0E, 0x0E, 0x0C, 0x0D, 0x0E, 0x0D, 0x0D, 0x0D, 0x0A, 0x0D, 0x0C, 0x0D, 0x0D, 0x0C, 0x0D, 0x0C, 0x11, 0x11, 0x0F, 0x0B, 0x09, 0x0C,
    0x0E, 0x0D, 0x0E, 0x0E, 0x0C, 0x0C, 0x0C, 0x0B, 0x0B, 0x0C, 0x0C, 0x0D, 0x0C, 0x0C, 0x0C, 0x0B, 0x0B, 0x0B, 0x0D, 0x0C, 0x0B, 0x09, 0x09, 0x09,
    0x0B, 0x0B, 0x05, 0x09, 0x09, 0x09, 0x09, 0x09, 0x0C, 0x0D, 0x0D, 0x0D, 0x0D, 0x0C, 0x0B, 0x0B, 0x0B, 0x0C, 0x0E, 0x0E, 0x0D, 0x0C, 0x0C, 0x0B,
    0x0D, 0x0B, 0x0B, 0x09, 0x05, 0x02, 0x05, 0x0C, 0x0B, 0x0D, 0x0B, 0x05, 0x04, 0x03, 0x09, 0x0B, 0x0B, 0x0B, 0x0B, 0x05, 0x05, 0x0D, 0x0E, 0x0E,
    0x03, 0x03, 0x05, 0x05, 0x09, 0x0B, 0x05, 0x05, 0x0B, 0x05, 0x05, 0x05, 0x05, 0x05, 0x09, 0x09, 0x0B, 0x09, 0x0B, 0x0B, 0x05, 0x05, 0x03, 0x03,
    0x09, 0x05, 0x05, 0x05, 0x09, 0x0B, 0x0D, 0x0D, 0x0C, 0x0D, 0x0D, 0x0D, 0x0C, 0x0B, 0x0D, 0x0D, 0x0C, 0x0B, 0x0F, 0x0F, 0x0D, 0x10, 0x14, 0x14,
    0x0F, 0x0E, 0x0D, 0x0B, 0x0B, 0x05, 0x09, 0x09, 0x09, 0x0B, 0x0B, 0x05, 0x0B, 0x0B, 0x0B, 0x0E, 0x0E, 0x0D, 0x0E, 0x0C, 0x0E, 0x0E, 0x0E, 0x0D,
    0x0B, 0x0B, 0x0C, 0x0B, 0x0C, 0x0C, 0x0C, 0x0C, 0x0C, 0x0B, 0x0C, 0x0C, 0x0C, 0x0B, 0x0D, 0x0B, 0x09, 0x0F, 0x0E, 0x0B, 0x0C, 0x0E, 0x0F, 0x0D,
    0x0D, 0x0C, 0x0B, 0x0D, 0x0C, 0x0D, 0x0D, 0x11, 0x0F, 0x0D, 0x0D, 0x0C, 0x0D, 0x0D, 0x0D, 0x0D, 0x0D, 0x0D, 0x0D, 0x0F, 0x11, 0x0A, 0x0F, 0x0D,
    0x0D, 0x0D, 0x0D, 0x0C, 0x0D, 0x0D, 0x0F, 0x0A, 0x11, 0x0A, 0x0F, 0x11, 0x0F, 0x0D, 0x0D, 0x0D, 0x0D, 0x0C, 0x0C, 0x0C, 0x0F, 0x0D, 0x0C, 0x09,
    0x0B, 0x0D, 0x0C, 0x0C, 0x0D, 0x0C, 0x0D, 0x0E, 0x0D, 0x0C, 0x0D, 0x0D, 0x0C, 0x09, 0x09, 0x0B, 0x0B, 0x0B, 0x0B, 0x0B, 0x0C, 0x0D, 0x0D, 0x0C,
    0x0C, 0x0C, 0x0B, 0x0C, 0x0D, 0x0E, 0x0D, 0x0B, 0x0B, 0x05, 0x03, 0x02, 0x09, 0x0B, 0x0C, 0x03, 0x0B, 0x0B, 0x0D, 0x05, 0x03, 0x05, 0x02, 0x05,
    0x03, 0x02, 0x02, 0x09, 0x0D, 0x0E, 0x0B, 0x05, 0x0B, 0x09, 0x09, 0x0B, 0x03, 0x01, 0x01, 0x05, 0x0B, 0x03, 0x05, 0x03, 0x03, 0x05, 0x09, 0x05,
    0x05, 0x03, 0x05, 0x03, 0x05, 0x09, 0x03, 0x03, 0x05, 0x05, 0x05, 0x0D, 0x05, 0x03, 0x05, 0x05, 0x0C, 0x0D, 0x0B, 0x0E, 0x0F, 0x0D, 0x0C, 0x0D,
    0x0B, 0x0B, 0x0C, 0x0C, 0x0B, 0x0B, 0x0E, 0x0F, 0x0D, 0x0C, 0x0D, 0x0C, 0x0D, 0x0D, 0x0D, 0x0D, 0x0C, 0x05, 0x05, 0x0B, 0x05, 0x09, 0x0B, 0x0C,
    0x0B, 0x0B, 0x0B, 0x0D, 0x0D, 0x10, 0x0E, 0x0D, 0x0F, 0x0D, 0x0C, 0x0D, 0x0C, 0x0D, 0x0D, 0x0D, 0x0D, 0x0C, 0x0D, 0x0E, 0x0D, 0x0B, 0x0C, 0x0D,
    0x0E, 0x05, 0x0D, 0x05, 0x0F, 0x13, 0x0F, 0x0D, 0x0C, 0x0B, 0x0B, 0x0D, 0x0D, 0x0D, 0x0D, 0x0C, 0x0D, 0x0E, 0x0D, 0x0C, 0x0D, 0x0E, 0x0B, 0x0B,
    0x0C, 0x0E, 0x0D, 0x0D, 0x0D, 0x0C, 0x0C, 0x0E, 0x0F, 0x0D, 0x0F, 0x0E, 0x0E, 0x0D, 0x0D, 0x0D, 0x0D, 0x0A, 0x0F, 0x0F, 0x0F, 0x0F, 0x0F, 0x0E,
    0x0E, 0x0F, 0x0F, 0x0D, 0x0C, 0x0C, 0x0C, 0x0B, 0x0C, 0x0D, 0x0D, 0x0E, 0x0A, 0x0D, 0x0E, 0x0E, 0x0C, 0x0C, 0x0C, 0x0B, 0x0B, 0x0C, 0x0D, 0x0C,
    0x0C, 0x0C, 0x0B, 0x0C, 0x0D, 0x0C, 0x0C, 0x0C, 0x0C, 0x0D, 0x0C, 0x0C, 0x0B, 0x0B, 0x0C, 0x0D, 0x0D, 0x0D, 0x0B, 0x0E, 0x0F, 0x0B, 0x0B, 0x0C,
    0x0C, 0x0C, 0x0D, 0x0C, 0x0C, 0x0E, 0x0C, 0x0B, 0x0B, 0x09, 0x0B, 0x0D, 0x0B, 0x05, 0x02, 0x05, 0x05, 0x05, 0x0C, 0x0B, 0x0C, 0x0B, 0x09, 0x05,
    0x03, 0x03, 0x05, 0x05, 0x09, 0x0C, 0x0B, 0x05, 0x05, 0x05, 0x03, 0x0B, 0x05, 0x09, 0x0B, 0x05, 0x02, 0x01, 0x03, 0x05, 0x05, 0x09, 0x05, 0x05,
    0x0B, 0x0C, 0x0D, 0x0E, 0x09, 0x0D, 0x0D, 0x05, 0x0B, 0x0C, 0x0E, 0x0F, 0x0B, 0x0B, 0x0C, 0x0C, 0x0B, 0x0C, 0x0D, 0x0C, 0x0B, 0x0B, 0x0B, 0x0B,
    0x0D, 0x0D, 0x0C, 0x0E, 0x0D, 0x0D, 0x0D, 0x0B, 0x0B, 0x0B, 0x0B, 0x0B, 0x0B, 0x0B, 0x0B, 0x0B, 0x0E, 0x11, 0x0D, 0x0B, 0x0B, 0x0B, 0x0B, 0x0D,
    0x0E, 0x0D, 0x0C, 0x0E, 0x0C, 0x0D, 0x0D, 0x0D, 0x0E, 0x0A, 0x0D, 0x0F, 0x0E, 0x0D, 0x0D, 0x05, 0x0C, 0x0D, 0x0E, 0x0C, 0x0B, 0x0F, 0x0D, 0x0B,
    0x0D, 0x0C, 0x0B, 0x09, 0x0B, 0x0D, 0x0C, 0x0B, 0x0C, 0x0D, 0x0D, 0x0E, 0x0C, 0x0B, 0x0C, 0x0C, 0x0D, 0x0D, 0x0D, 0x0C, 0x0C, 0x0C, 0x0D, 0x0D,
    0x0F, 0x0D, 0x0D, 0x0A, 0x0E, 0x0D, 0x0E, 0x0E, 0x0E, 0x0E, 0x0C, 0x0C, 0x0D, 0x0D, 0x0D, 0x0D, 0x0D, 0x0D, 0x0C, 0x09, 0x0C, 0x0E, 0x0D, 0x0D,
    0x0D, 0x0C, 0x0D, 0x0D, 0x0F, 0x0C, 0x0C, 0x0F, 0x0D, 0x0D, 0x0C, 0x0D, 0x0D, 0x0D, 0x0D, 0x0C, 0x0C, 0x09, 0x09, 0x0B, 0x09, 0x0C, 0x0C, 0x0B,
    0x0C, 0x0C, 0x0D, 0x0D, 0x0E, 0x0D, 0x0C, 0x0D, 0x0B, 0x0C, 0x0C, 0x0D, 0x09, 0x09, 0x09, 0x0C, 0x0C, 0x0B, 0x09, 0x09, 0x0B, 0x0D, 0x0D, 0x0D,
    0x0C, 0x0C, 0x0D, 0x09, 0x05, 0x09, 0x0D, 0x0D, 0x0C, 0x09, 0x05, 0x03, 0x0D, 0x0C, 0x05, 0x09, 0x0B, 0x0C, 0x0C, 0x0D, 0x0D, 0x02, 0x05, 0x05,
    0x05, 0x09, 0x05, 0x03, 0x05, 0x0C, 0x0D, 0x0C, 0x0C, 0x0B, 0x0B, 0x0B, 0x0B, 0x0B, 0x05, 0x05, 0x09, 0x0B, 0x05, 0x09, 0x05, 0x0B, 0x0C, 0x0F,
    0x0F, 0x0F, 0x0E, 0x0B, 0x0B, 0x0D, 0x0D, 0x0C, 0x0B, 0x0B, 0x0D, 0x0E, 0x0B, 0x0B, 0x0D, 0x0F, 0x0B, 0x09, 0x0B, 0x0B, 0x0E, 0x0D, 0x0B, 0x0C,
    0x0D, 0x0C, 0x0B, 0x09, 0x0C, 0x0A, 0x0D, 0x0B, 0x0B, 0x0C, 0x0C, 0x0E, 0x0C, 0x0D, 0x0E, 0x0D, 0x0D, 0x0D, 0x0E, 0x0C, 0x0D, 0x0E, 0x0E, 0x0D,
    0x0E, 0x10, 0x10, 0x0C, 0x0D, 0x0B, 0x09, 0x0C, 0x09, 0x09, 0x0D, 0x0D, 0x0C, 0x0F, 0x0E, 0x0D, 0x0C, 0x09, 0x0D, 0x0C, 0x0F, 0x0E, 0x10, 0x0A,
    0x0D, 0x0D, 0x0E, 0x0D, 0x0F, 0x0A, 0x0E, 0x0C, 0x0B, 0x0C, 0x0B, 0x0F, 0x0E, 0x0D, 0x0F, 0x0D, 0x0D, 0x0F, 0x0C, 0x0C, 0x0B, 0x0C, 0x0C, 0x0D,
    0x0D, 0x0D, 0x0D, 0x0E, 0x0E, 0x0D, 0x0D, 0x0C, 0x0D, 0x0B, 0x0C, 0x0D, 0x0E, 0x0E, 0x0E, 0x0E, 0x0A, 0x11, 0x11, 0x0F, 0x0E, 0x0C, 0x0C, 0x0C,
    0x0D, 0x0D, 0x0C, 0x0D, 0x0D, 0x0D, 0x0D, 0x0D, 0x0B, 0x09, 0x0B, 0x0C, 0x0B, 0x0B, 0x0C, 0x0D, 0x0D, 0x0C, 0x0B, 0x09, 0x09, 0x05, 0x0E, 0x0D,
    0x09, 0x05, 0x05, 0x03, 0x09, 0x09, 0x09, 0x0D, 0x0E, 0x0C, 0x0C, 0x0D, 0x0C, 0x0D, 0x0D, 0x0D, 0x0D, 0x0D, 0x05, 0x0B, 0x09, 0x03, 0x05, 0x0C,
    0x05, 0x09, 0x05, 0x05, 0x03, 0x03, 0x05, 0x0B, 0x09, 0x05, 0x03, 0x05, 0x05, 0x0B, 0x05, 0x0B, 0x09, 0x0B, 0x09, 0x05, 0x0B, 0x0B, 0x0D, 0x0F,
    0x0E, 0x0B, 0x09, 0x03, 0x03, 0x03, 0x05, 0x0B, 0x05, 0x05, 0x0B, 0x0C, 0x0C, 0x0B, 0x0C, 0x0C, 0x0B, 0x0B, 0x0C, 0x0B, 0x0C, 0x0B, 0x0B, 0x0B,
    0x0B, 0x0B, 0x05, 0x0B, 0x0B, 0x0B, 0x0B, 0x0B, 0x0B, 0x0B, 0x0B, 0x09, 0x0D, 0x05, 0x0D, 0x0C, 0x0F, 0x0A, 0x0B, 0x0C, 0x0E, 0x0C, 0x0C, 0x0C,
    0x0C, 0x0D, 0x0B, 0x0B, 0x0D, 0x0D, 0x0E, 0x0D, 0x0B, 0x09, 0x0B, 0x0B, 0x0B, 0x0D, 0x0D, 0x0B, 0x0B, 0x0C, 0x0C, 0x0F, 0x0D, 0x0B, 0x0C, 0x0D,
    0x0F, 0x0D, 0x0C, 0x0B, 0x09, 0x0E, 0x0C, 0x0C, 0x0D, 0x0F, 0x0F, 0x0D, 0x0F, 0x0D, 0x0C, 0x0D, 0x0E, 0x0E, 0x0D, 0x0C, 0x0D, 0x0E, 0x0B, 0x0C,
    0x0C, 0x0C, 0x0C, 0x0C, 0x0C, 0x0C, 0x0C, 0x0C, 0x09, 0x0B, 0x0E, 0x0D, 0x0D, 0x0D, 0x0D, 0x0A, 0x0F, 0x0D, 0x0F, 0x0E, 0x0C, 0x0B, 0x05, 0x0B,
    0x0C, 0x0C, 0x05, 0x05, 0x0B, 0x0D, 0x0D, 0x0C, 0x0B, 0x0C, 0x0C, 0x0D, 0x0D, 0x0D, 0x0D, 0x0F, 0x0C, 0x0D, 0x0D, 0x0D, 0x0D, 0x0B, 0x09, 0x0B,
    0x0C, 0x0C, 0x0D, 0x0D, 0x0D, 0x0E, 0x0E, 0x0C, 0x0E, 0x0C, 0x0E, 0x0E, 0x0B, 0x0B, 0x0B, 0x09, 0x09, 0x0B, 0x09, 0x09, 0x0C, 0x0D, 0x09, 0x05,
    0x0D, 0x05, 0x09, 0x05, 0x0D, 0x0D, 0x0A, 0x0F, 0x0F, 0x0E, 0x0D, 0x0D, 0x05, 0x05, 0x05, 0x0B, 0x09, 0x05, 0x0B, 0x05, 0x0B, 0x0C, 0x05, 0x05,
    0x05, 0x0C, 0x0C, 0x0C, 0x0B, 0x05, 0x0B, 0x05, 0x05, 0x09, 0x05, 0x0B, 0x0B, 0x0D, 0x05, 0x05, 0x0B, 0x05, 0x02, 0x05, 0x03, 0x05, 0x03, 0x05,
    0x0C, 0x0D, 0x0E, 0x0C, 0x0D, 0x0C, 0x0B, 0x05, 0x05, 0x0B, 0x09, 0x0B, 0x0D, 0x0C, 0x09, 0x0B, 0x0B, 0x0B, 0x09, 0x0B, 0x0C, 0x0B, 0x0D, 0x0D,
    0x0C, 0x0C, 0x0D, 0x0F, 0x0E, 0x0B, 0x0D, 0x0B, 0x0B, 0x0C, 0x0D, 0x0D, 0x0C, 0x0D, 0x0C, 0x05, 0x0B, 0x0F, 0x0D, 0x05, 0x0D, 0x0B, 0x09, 0x03,
    0x0B, 0x0B, 0x0F, 0x10, 0x0F, 0x0D, 0x0C, 0x0C, 0x0B, 0x05, 0x0B, 0x0D, 0x0D, 0x0D, 0x0E, 0x11, 0x11, 0x0D, 0x0D, 0x0F, 0x0E, 0x0B, 0x0C, 0x0E,
    0x0D, 0x0D, 0x0D, 0x0D, 0x0D, 0x0D, 0x0D, 0x0C, 0x0D, 0x11, 0x0A, 0x0E, 0x0D, 0x0D, 0x0C, 0x0C, 0x0D, 0x0C, 0x0D, 0x0C, 0x0C, 0x0D, 0x0D, 0x0D,
    0x0C, 0x0D, 0x0F, 0x0E, 0x0D, 0x0A, 0x11, 0x0E, 0x05, 0x0C, 0x0B, 0x0B, 0x0C, 0x0C, 0x0D, 0x0D, 0x0D, 0x0B, 0x0C, 0x0D, 0x0D, 0x0E, 0x0D, 0x0C,
    0x05, 0x0B, 0x0C, 0x0C, 0x0D, 0x0C, 0x0D, 0x0C, 0x0C, 0x0D, 0x0C, 0x0D, 0x0C, 0x0B, 0x0C, 0x0D, 0x0C, 0x0E, 0x0A, 0x0F, 0x0E, 0x0F, 0x0C, 0x0B,
    0x0B, 0x05, 0x09, 0x0B, 0x0C, 0x0C, 0x0B, 0x03, 0x05, 0x09, 0x0B, 0x0B, 0x09, 0x0C, 0x0B, 0x09, 0x0B, 0x0D, 0x0D, 0x0D, 0x0E, 0x0D, 0x0B, 0x0B,
    0x0B, 0x0C, 0x0B, 0x09, 0x09, 0x05, 0x05, 0x05, 0x09, 0x05, 0x02, 0x01, 0x05, 0x03, 0x03, 0x05, 0x09, 0x0B, 0x0B, 0x0B, 0x09, 0x09, 0x09, 0x0B,
    0x0B, 0x09, 0x0C, 0x0B, 0x0D, 0x0C, 0x0D, 0x0B, 0x0C, 0x0B, 0x05, 0x09, 0x0B, 0x0B, 0x0C, 0x0B, 0x0D, 0x0D, 0x0C, 0x0C, 0x0C, 0x0B, 0x0E, 0x0D,
    0x0B, 0x0E, 0x0B, 0x0B, 0x0B, 0x0C, 0x0C, 0x0C, 0x0C, 0x0C, 0x0B, 0x0C, 0x0B, 0x0B, 0x0B, 0x0B, 0x0D, 0x09, 0x05, 0x0B, 0x0B, 0x0C, 0x0C, 0x0D,
    0x0D, 0x0C, 0x0C, 0x0C, 0x0B, 0x09, 0x0D, 0x0E, 0x0D, 0x0D, 0x0D, 0x09, 0x0B, 0x0B, 0x0D, 0x0D, 0x0D, 0x0B, 0x0B, 0x0B, 0x0B, 0x05, 0x05, 0x09,
    0x09, 0x03, 0x05, 0x0C, 0x0D, 0x0C, 0x0D, 0x0D, 0x0C, 0x0D, 0x0C, 0x0D, 0x0C, 0x0C, 0x0C, 0x0C, 0x0D, 0x0E, 0x0E, 0x0E, 0x0E, 0x0D, 0x0F, 0x0E,
    0x0E, 0x0E, 0x0C, 0x0D, 0x0D, 0x0D, 0x0D, 0x0D, 0x0D, 0x0C, 0x0C, 0x0C, 0x0D, 0x0D, 0x0F, 0x0F, 0x0D, 0x0D, 0x0E, 0x10, 0x10, 0x0A, 0x0C, 0x0D,
    0x0C, 0x09, 0x0D, 0x0E, 0x0C, 0x0B, 0x0B, 0x0D, 0x0C, 0x0D, 0x0D, 0x0D, 0x0D, 0x0C, 0x0C, 0x0C, 0x0D, 0x0D, 0x0D, 0x0B, 0x0B, 0x09, 0x0B, 0x0C,
    0x0C, 0x0C, 0x0C, 0x0D, 0x0D, 0x0C, 0x0D, 0x0E, 0x0F, 0x0F, 0x0D, 0x0C, 0x0D, 0x0C, 0x0B, 0x0B, 0x0D, 0x0F, 0x0F, 0x0D, 0x0B, 0x0C, 0x0D, 0x0D,
    0x0D, 0x0F, 0x0F, 0x0C, 0x0B, 0x05, 0x02, 0x09, 0x0D, 0x0E, 0x0D, 0x0C, 0x0B, 0x09, 0x05, 0x05, 0x09, 0x0D, 0x0B, 0x02, 0x03, 0x01, 0x09, 0x02,
    0x01, 0x02, 0x03, 0x03, 0x05, 0x05, 0x0B, 0x0C, 0x0B, 0x05, 0x0B, 0x0C, 0x0D, 0x0D, 0x0C, 0x0C, 0x09, 0x0B, 0x0E, 0x0F, 0x0E, 0x0E, 0x0D, 0x0B,
    0x0B, 0x0B, 0x0B, 0x0B, 0x0C, 0x0B, 0x0D, 0x0E, 0x0F, 0x0F, 0x0E, 0x0B, 0x0D, 0x0D, 0x0C, 0x0D, 0x0B, 0x0B, 0x09, 0x0B, 0x0C, 0x0C, 0x0B, 0x0C,
    0x0B, 0x0B, 0x0B, 0x05, 0x09, 0x0B, 0x0E, 0x0B, 0x0B, 0x0C, 0x0C, 0x0B, 0x0D, 0x0D, 0x0C, 0x0D, 0x0B, 0x05, 0x0C, 0x0A, 0x0A, 0x0F, 0x0F, 0x0A,
    0x0F, 0x0D, 0x0D, 0x0C, 0x0C, 0x0C, 0x05, 0x05, 0x05, 0x05, 0x05, 0x05, 0x09, 0x09, 0x09, 0x0B, 0x0E, 0x0C, 0x0D, 0x0E, 0x0C, 0x0C, 0x09, 0x0B,
    0x0B, 0x0B, 0x0C, 0x0B, 0x0C, 0x0C, 0x0D, 0x0F, 0x0D, 0x09, 0x0B, 0x0E, 0x0D, 0x0D, 0x0E, 0x0D, 0x0E, 0x0C, 0x0D, 0x0D, 0x0D, 0x0D, 0x0C, 0x0C,
    0x0B, 0x0C, 0x0D, 0x0E, 0x0F, 0x0E, 0x0F, 0x0F, 0x10, 0x0A, 0x0E, 0x0E, 0x0D, 0x0C, 0x0C, 0x0C, 0x0D, 0x0D, 0x0D, 0x0C, 0x0B, 0x0B, 0x0C, 0x0C,
    0x0D, 0x0D, 0x0F, 0x0D, 0x0D, 0x0C, 0x0C, 0x09, 0x0B, 0x0B, 0x0C, 0x0B, 0x0B, 0x0B, 0x05, 0x03, 0x05, 0x09, 0x0C, 0x0D, 0x0F, 0x0F, 0x0F, 0x0D,
    0x0C, 0x0D, 0x0B, 0x0D, 0x0D, 0x0D, 0x0F, 0x11, 0x0E, 0x0B, 0x0B, 0x0D, 0x0D, 0x0D, 0x0D, 0x0B, 0x03, 0x09, 0x0B, 0x0C, 0x0F, 0x0A, 0x0E, 0x0F,
    0x05, 0x09, 0x0B, 0x05, 0x03, 0x05, 0x09, 0x0B, 0x05, 0x05, 0x05, 0x0B, 0x0B, 0x0B, 0x05, 0x03, 0x03, 0x05, 0x0B, 0x05, 0x03, 0x03, 0x05, 0x05,
    0x0B, 0x0B, 0x09, 0x0C, 0x0C, 0x0C, 0x0B, 0x0B, 0x0B, 0x0B, 0x0B, 0x0C, 0x0C, 0x0C, 0x0C, 0x0B, 0x05, 0x09, 0x0B, 0x0B, 0x0B, 0x0D, 0x0B, 0x0C,
    0x05, 0x05, 0x03, 0x03, 0x05, 0x05, 0x09, 0x0B, 0x0B, 0x0C, 0x0B, 0x0B, 0x05, 0x05, 0x05, 0x03, 0x05, 0x05, 0x0B, 0x0C, 0x0B, 0x0B, 0x0C, 0x0C,
    0x0D, 0x0D, 0x0F, 0x0A, 0x0C, 0x05, 0x0C, 0x0D, 0x0D, 0x0D, 0x0E, 0x0C, 0x0E, 0x0D, 0x0C, 0x0C, 0x09, 0x0B, 0x05, 0x09, 0x05, 0x05, 0x09, 0x05,
    0x05, 0x09, 0x0B, 0x0D, 0x0D, 0x0C, 0x0C, 0x0C, 0x0B, 0x05, 0x0B, 0x09, 0x0B, 0x0D, 0x0F, 0x0D, 0x0C, 0x0D, 0x0C, 0x0B, 0x05, 0x0B, 0x0D, 0x0C,
    0x0D, 0x0C, 0x0B, 0x0D, 0x0E, 0x0B, 0x0C, 0x0C, 0x0C, 0x0D, 0x0C, 0x0C, 0x0B, 0x0C, 0x0C, 0x0D, 0x0D, 0x0E, 0x0E, 0x0D, 0x0D, 0x0E, 0x0D, 0x0D,
    0x0B, 0x0C, 0x0D, 0x0B, 0x0C, 0x0C, 0x0C, 0x0D, 0x0B, 0x0B, 0x0B, 0x0C, 0x0D, 0x0E, 0x0D, 0x0D, 0x0B, 0x0C, 0x0B, 0x0B, 0x0C, 0x0B, 0x0B, 0x0C,
    0x0C, 0x0B, 0x05, 0x09, 0x0C, 0x0B, 0x0C, 0x0E, 0x0E, 0x0D, 0x0E, 0x0D, 0x0A, 0x0B, 0x0D, 0x0D, 0x0D, 0x0D, 0x0E, 0x0A, 0x11, 0x0E, 0x0D, 0x0D,
    0x0E, 0x0D, 0x0B, 0x05, 0x0B, 0x05, 0x0C, 0x0C, 0x0D, 0x0F, 0x0F, 0x0F, 0x05, 0x09, 0x0B, 0x05, 0x05, 0x05, 0x05, 0x05, 0x05, 0x0B, 0x03, 0x05,
    0x0C, 0x0B, 0x09, 0x09, 0x05, 0x05, 0x0B, 0x0B, 0x05, 0x05, 0x05, 0x0B, 0x0B, 0x0B, 0x09, 0x05, 0x05, 0x03, 0x03, 0x05, 0x05, 0x0B, 0x0B, 0x0B,
    0x0C, 0x0B, 0x0C, 0x0C, 0x0B, 0x05, 0x02, 0x05, 0x05, 0x0B, 0x0B, 0x0B, 0x0C, 0x05, 0x0B, 0x03, 0x03, 0x09, 0x0B, 0x0B, 0x0D, 0x0D, 0x0C, 0x05,
    0x05, 0x09, 0x09, 0x0B, 0x0B, 0x05, 0x0B, 0x09, 0x0B, 0x05, 0x0B, 0x0C, 0x0C, 0x05, 0x05, 0x0B, 0x05, 0x0C, 0x0E, 0x0D, 0x0D, 0x0C, 0x0E, 0x0F,
    0x0D, 0x0C, 0x0C, 0x0C, 0x0B, 0x0E, 0x0D, 0x0C, 0x0B, 0x0B, 0x0B, 0x03, 0x01, 0x02, 0x09, 0x0C, 0x0B, 0x0B, 0x0B, 0x05, 0x0D, 0x0C, 0x0C, 0x0E,
    0x0E, 0x0D, 0x0D, 0x0E, 0x0F, 0x0D, 0x0D, 0x0D, 0x0F, 0x0F, 0x0A, 0x0E, 0x0D, 0x0D, 0x11, 0x0E, 0x0E, 0x0C, 0x0D, 0x0C, 0x0C, 0x0C, 0x0C, 0x05,
    0x05, 0x05, 0x0B, 0x0C, 0x0D, 0x0D, 0x0D, 0x0C, 0x0D, 0x0B, 0x0B, 0x09, 0x09, 0x05, 0x09, 0x0C, 0x0C, 0x0B, 0x05, 0x05, 0x05, 0x09, 0x0C, 0x0F,
    0x11, 0x0A, 0x0D, 0x0D, 0x0C, 0x0B, 0x0B, 0x0B, 0x0C, 0x0C, 0x09, 0x0C, 0x0D, 0x0C, 0x0B, 0x0B, 0x0D, 0x0F, 0x0F, 0x0D, 0x0E, 0x0F, 0x0F, 0x11,
    0x0F, 0x0A, 0x0E, 0x0F, 0x0A, 0x11, 0x0F, 0x0F, 0x11, 0x0F, 0x0E, 0x0D, 0x0D, 0x0E, 0x0E, 0x0D, 0x0B, 0x0B, 0x0C, 0x05, 0x05, 0x0E, 0x0D, 0x0C,
    0x05, 0x05, 0x09, 0x0B, 0x09, 0x09, 0x05, 0x05, 0x0B, 0x09, 0x05, 0x09, 0x05, 0x0B, 0x0B, 0x09, 0x05, 0x0B, 0x0B, 0x09, 0x05, 0x03, 0x05, 0x05,
    0x05, 0x09, 0x0E, 0x0C, 0x0C, 0x0C, 0x0C, 0x0B, 0x0B, 0x0B, 0x0B, 0x0B, 0x0B, 0x0B, 0x0B, 0x0B, 0x0B, 0x0D, 0x0C, 0x0B, 0x05, 0x0B, 0x0B, 0x0B,
    0x0C, 0x0B, 0x09, 0x05, 0x05, 0x0B, 0x0B, 0x0D, 0x0D, 0x0D, 0x0E, 0x0D, 0x0D, 0x0B, 0x0B, 0x0B, 0x0B, 0x0B, 0x0D, 0x0B, 0x09, 0x0D, 0x0C, 0x05,
    0x05, 0x05, 0x05, 0x05, 0x09, 0x0C, 0x0B, 0x0C, 0x0E, 0x0D, 0x0D, 0x0C, 0x0B, 0x03, 0x09, 0x0D, 0x0A, 0x0F, 0x0D, 0x0D, 0x0D, 0x0C, 0x0B, 0x05,
    0x05, 0x05, 0x05, 0x09, 0x0B, 0x0B, 0x0D, 0x0D, 0x0D, 0x0E, 0x0A, 0x0F, 0x0E, 0x0D, 0x0C, 0x0D, 0x0E, 0x0A, 0x0A, 0x0E, 0x0E, 0x0D, 0x0D, 0x0B,
    0x05, 0x0C, 0x0C, 0x0A, 0x0D, 0x0D, 0x0D, 0x0C, 0x0C, 0x0C, 0x0B, 0x05, 0x05, 0x0B, 0x09, 0x05, 0x0B, 0x0D, 0x0B, 0x0B, 0x05, 0x0B, 0x0C, 0x0C,
    0x0D, 0x0F, 0x0E, 0x0D, 0x09, 0x09, 0x03, 0x01, 0x05, 0x0C, 0x0D, 0x0D, 0x0D, 0x0D, 0x0D, 0x0D, 0x05, 0x0B, 0x0B, 0x0B, 0x0B, 0x0E, 0x0C, 0x0C,
    0x0D, 0x0B, 0x0B, 0x0C, 0x0C, 0x0D, 0x0E, 0x0D, 0x10, 0x0E, 0x0F, 0x0D, 0x0F, 0x0A, 0x10, 0x0F, 0x0F, 0x0A, 0x0F, 0x0F, 0x0D, 0x0E, 0x0D, 0x0C,
    0x0E, 0x0D, 0x0D, 0x0C, 0x0C, 0x0B, 0x0B, 0x0B, 0x02, 0x05, 0x0D, 0x0E, 0x05, 0x03, 0x09, 0x0D, 0x0D, 0x0F, 0x0D, 0x0D, 0x03, 0x05, 0x05, 0x05,
    0x03, 0x09, 0x05, 0x0B, 0x05, 0x09, 0x0B, 0x0C, 0x0B, 0x05, 0x05, 0x0B, 0x0B, 0x05, 0x05, 0x0C, 0x0C, 0x0C, 0x0B, 0x0C, 0x05, 0x05, 0x05, 0x05,
    0x0B, 0x0B, 0x09, 0x05, 0x0B, 0x0B, 0x0B, 0x0B, 0x02, 0x05, 0x05, 0x05, 0x05, 0x09, 0x03, 0x05, 0x05, 0x0B, 0x0B, 0x0B, 0x0C, 0x0B, 0x0C, 0x0E,
    0x0D, 0x0D, 0x0D, 0x0B, 0x05, 0x0B, 0x0D, 0x0B, 0x0B, 0x0D, 0x0D, 0x0B, 0x0B, 0x05, 0x05, 0x09, 0x0B, 0x0B, 0x0C, 0x0D, 0x0C, 0x0C, 0x0C, 0x0C,
    0x03, 0x05, 0x05, 0x0D, 0x0F, 0x0A, 0x0F, 0x0D, 0x0D, 0x0D, 0x0B, 0x0C, 0x0D, 0x0A, 0x0F, 0x0B, 0x0D, 0x0D, 0x0D, 0x0D, 0x0F, 0x10, 0x10, 0x0F,
    0x0D, 0x0D, 0x0D, 0x11, 0x11, 0x0A, 0x0C, 0x05, 0x0B, 0x0D, 0x0B, 0x0B, 0x0B, 0x05, 0x0E, 0x0D, 0x0F, 0x0E, 0x0D, 0x0D, 0x0D, 0x0C, 0x0C, 0x0E,
    0x0D, 0x0C, 0x0C, 0x0C, 0x0C, 0x0B, 0x0B, 0x0D, 0x0D, 0x0B, 0x0C, 0x09, 0x0C, 0x0C, 0x0D, 0x0D, 0x0E, 0x0B, 0x05, 0x09, 0x0B, 0x0B, 0x0B, 0x0D,
    0x0C, 0x0C, 0x0C, 0x0D, 0x0D, 0x0E, 0x0B, 0x09, 0x0C, 0x0D, 0x11, 0x0D, 0x0D, 0x0C, 0x0B, 0x0C, 0x0E, 0x0E, 0x0D, 0x0D, 0x0C, 0x0D, 0x0D, 0x0E,
    0x0D, 0x0A, 0x0F, 0x0E, 0x0F, 0x0D, 0x0D, 0x0C, 0x0C, 0x0D, 0x0E, 0x0D, 0x0E, 0x0F, 0x0F, 0x0E, 0x0E, 0x0D, 0x0C, 0x0B, 0x0B, 0x03, 0x0B, 0x0E,
    0x05, 0x05, 0x05, 0x03, 0x03, 0x09, 0x0B, 0x0B, 0x0C, 0x09, 0x05, 0x0B, 0x03, 0x03, 0x05, 0x09, 0x0B, 0x05, 0x03, 0x0C, 0x0F, 0x0C, 0x09, 0x0B,
    0x0D, 0x0C, 0x0D, 0x0C, 0x0D, 0x0C, 0x0B, 0x0D, 0x0F, 0x0D, 0x0B, 0x0B, 0x05, 0x05, 0x0B, 0x0D, 0x0E, 0x0D, 0x0F, 0x0D, 0x0B, 0x04, 0x01, 0x02,
    0x05, 0x05, 0x03, 0x05, 0x09, 0x0B, 0x0B, 0x0B, 0x0B, 0x0B, 0x0C, 0x0C, 0x0C, 0x0C, 0x0B, 0x0B, 0x05, 0x0C, 0x0C, 0x05, 0x09, 0x0B, 0x0B, 0x0C,
    0x0D, 0x0C, 0x09, 0x05, 0x0B, 0x0B, 0x0B, 0x0C, 0x0B, 0x0B, 0x09, 0x0C, 0x0B, 0x05, 0x0B, 0x05, 0x09, 0x0D, 0x0E, 0x0E, 0x0C, 0x0A, 0x13, 0x12,
    0x12, 0x11, 0x0B, 0x0B, 0x0C, 0x0E, 0x0D, 0x0D, 0x0D, 0x0E, 0x0D, 0x0B, 0x0C, 0x0D, 0x0E, 0x0C, 0x0E, 0x0C, 0x0F, 0x0A, 0x0B, 0x0B, 0x0C, 0x0E,
    0x11, 0x0D, 0x0C, 0x0B, 0x0C, 0x0C, 0x0D, 0x0D, 0x0C, 0x0B, 0x0C, 0x0D, 0x0D, 0x0B, 0x09, 0x0B, 0x0B, 0x05, 0x09, 0x0C, 0x0E, 0x0D, 0x09, 0x0C,
    0x0B, 0x0B, 0x0C, 0x0C, 0x0C, 0x0C, 0x0B, 0x09, 0x09, 0x09, 0x09, 0x0B, 0x09, 0x05, 0x05, 0x09, 0x09, 0x05, 0x0B, 0x0C, 0x0C, 0x0D, 0x0D, 0x0F,
    0x0D, 0x0B, 0x0B, 0x0D, 0x0D, 0x0F, 0x0D, 0x0D, 0x0B, 0x0C, 0x0D, 0x0D, 0x0C, 0x0C, 0x0C, 0x0D, 0x0F, 0x0C, 0x05, 0x0D, 0x0D, 0x0D, 0x0F, 0x0D,
    0x0D, 0x0D, 0x0E, 0x0D, 0x0E, 0x0C, 0x0B, 0x09, 0x0F, 0x0E, 0x0A, 0x10, 0x03, 0x03, 0x03, 0x02, 0x03, 0x05, 0x09, 0x09, 0x0D, 0x0D, 0x0B, 0x09,
    0x05, 0x05, 0x09, 0x0B, 0x0B, 0x05, 0x02, 0x02, 0x05, 0x0B, 0x09, 0x05, 0x05, 0x0B, 0x0B, 0x0D, 0x0D, 0x0B, 0x09, 0x0B, 0x0C, 0x0B, 0x0C, 0x05,
    0x05, 0x05, 0x0B, 0x0B, 0x0B, 0x0B, 0x0B, 0x0B, 0x0D, 0x05, 0x04, 0x01, 0x04, 0x04, 0x03, 0x05, 0x0B, 0x05, 0x0B, 0x05, 0x03, 0x05, 0x05, 0x09,
    0x0B, 0x0C, 0x0D, 0x09, 0x05, 0x0B, 0x0C, 0x05, 0x02, 0x05, 0x05, 0x05, 0x05, 0x09, 0x05, 0x05, 0x09, 0x0B, 0x0B, 0x0C, 0x0C, 0x0B, 0x0F, 0x0E,
    0x0F, 0x0F, 0x0F, 0x0D, 0x0A, 0x10, 0x0A, 0x0F, 0x0D, 0x0B, 0x0C, 0x0D, 0x0D, 0x0B, 0x09, 0x03, 0x0B, 0x0D, 0x0C, 0x0D, 0x0D, 0x0B, 0x0D, 0x0F,
    0x0C, 0x0B, 0x09, 0x09, 0x09, 0x09, 0x0F, 0x0E, 0x0D, 0x0E, 0x0E, 0x0E, 0x0E, 0x0C, 0x0B, 0x0F, 0x0A, 0x0F, 0x0D, 0x0D, 0x0B, 0x0B, 0x0B, 0x0C,
    0x0D, 0x0C, 0x0B, 0x0B, 0x03, 0x0B, 0x0B, 0x0B, 0x0C, 0x0C, 0x0B, 0x0D, 0x0E, 0x0D, 0x0C, 0x0C, 0x0B, 0x0C, 0x0D, 0x0B, 0x03, 0x01, 0x05, 0x03,
    0x05, 0x0B, 0x09, 0x05, 0x03, 0x01, 0x0C, 0x0D, 0x0C, 0x0E, 0x0C, 0x0C, 0x09, 0x0B, 0x0D, 0x0D, 0x0E, 0x0E, 0x0E, 0x0D, 0x0D, 0x0C, 0x0D, 0x0E,
    0x0C, 0x05, 0x05, 0x0C, 0x0C, 0x0C, 0x0E, 0x0D, 0x0C, 0x0E, 0x11, 0x0A, 0x0D, 0x0E, 0x0E, 0x0B, 0x0E, 0x0D, 0x0D, 0x05, 0x0B, 0x09, 0x0B, 0x0D,
    0x03, 0x05, 0x09, 0x09, 0x0B, 0x05, 0x09, 0x0B, 0x0C, 0x0D, 0x0D, 0x09, 0x05, 0x0B, 0x0B, 0x0B, 0x09, 0x09, 0x03, 0x01, 0x03, 0x09, 0x0C, 0x0C,
    0x0C, 0x0B, 0x0C, 0x0B, 0x0B, 0x0F, 0x0A, 0x0D, 0x0D, 0x0E, 0x0D, 0x0D, 0x0C, 0x0C, 0x0B, 0x09, 0x09, 0x0B, 0x0B, 0x05, 0x0D, 0x05, 0x05, 0x02,
    0x05, 0x03, 0x03, 0x05, 0x05, 0x05, 0x0B, 0x05, 0x01, 0x03, 0x05, 0x0B, 0x0C, 0x0B, 0x0C, 0x0B, 0x0D, 0x0C, 0x0B, 0x02, 0x05, 0x05, 0x09, 0x05,
    0x05, 0x0B, 0x05, 0x03, 0x03, 0x05, 0x0B, 0x0B, 0x0C, 0x0D, 0x0D, 0x0F, 0x0F, 0x11, 0x0A, 0x0F, 0x0E, 0x0F, 0x10, 0x10, 0x0F, 0x0B, 0x05, 0x09,
    0x0B, 0x0C, 0x0D, 0x05, 0x0B, 0x0E, 0x0D, 0x05, 0x05, 0x0D, 0x0D, 0x0E, 0x0D, 0x0D, 0x09, 0x05, 0x09, 0x0B, 0x0B, 0x0C, 0x0C, 0x0D, 0x0C, 0x0B,
    0x0E, 0x0D, 0x0D, 0x0E, 0x0F, 0x0F, 0x0D, 0x0E, 0x0C, 0x0D, 0x0D, 0x0C, 0x0C, 0x0C, 0x0C, 0x0B, 0x05, 0x05, 0x09, 0x0B, 0x0C, 0x0C, 0x0E, 0x0D,
    0x0E, 0x0B, 0x0B, 0x0B, 0x0B, 0x0B, 0x0B, 0x0C, 0x0D, 0x0B, 0x0B, 0x03, 0x01, 0x01, 0x09, 0x05, 0x0C, 0x0C, 0x0C, 0x0D, 0x0B, 0x0D, 0x0D, 0x09,
    0x03, 0x05, 0x09, 0x0B, 0x0C, 0x0F, 0x10, 0x10, 0x0E, 0x0C, 0x0B, 0x0B, 0x0D, 0x0E, 0x0D, 0x0D, 0x0B, 0x0B, 0x09, 0x03, 0x09, 0x0D, 0x0D, 0x0A,
    0x10, 0x10, 0x0F, 0x0E, 0x0D, 0x0D, 0x0D, 0x0C, 0x05, 0x0B, 0x03, 0x02, 0x05, 0x05, 0x09, 0x09, 0x0B, 0x09, 0x09, 0x09, 0x0B, 0x09, 0x0B, 0x0C,
    0x0E, 0x0D, 0x0D, 0x0E, 0x0E, 0x0F, 0x0F, 0x0D, 0x05, 0x05, 0x0B, 0x05, 0x0D, 0x0B, 0x0B, 0x0C, 0x0C, 0x0B, 0x0B, 0x0C, 0x0D, 0x0D, 0x0C, 0x0D,
    0x0D, 0x0D, 0x0C, 0x0C, 0x0D, 0x0D, 0x09, 0x0D, 0x0D, 0x0D, 0x0D, 0x05, 0x0C, 0x05, 0x04, 0x03, 0x05, 0x03, 0x03, 0x05, 0x05, 0x05, 0x09, 0x0B,
    0x0B, 0x0D, 0x0C, 0x0C, 0x0C, 0x10, 0x12, 0x0A, 0x0F, 0x0D, 0x0D, 0x0C, 0x0B, 0x0D, 0x0B, 0x05, 0x05, 0x03, 0x09, 0x09, 0x0B, 0x0C, 0x0B, 0x0C,
    0x0D, 0x0C, 0x0F, 0x0C, 0x0B, 0x0D, 0x0F, 0x0F, 0x0A, 0x0F, 0x0D, 0x0D, 0x0E, 0x0E, 0x0D, 0x05, 0x03, 0x05, 0x0C, 0x0D, 0x0D, 0x0E, 0x0C, 0x0D,
    0x0D, 0x0C, 0x0B, 0x03, 0x05, 0x05, 0x05, 0x05, 0x0B, 0x0B, 0x0B, 0x0B, 0x0B, 0x0B, 0x0C, 0x0B, 0x0A, 0x0D, 0x0D, 0x0B, 0x0D, 0x0F, 0x0F, 0x0D,
    0x0D, 0x0D, 0x09, 0x05, 0x0C, 0x0B, 0x05, 0x0B, 0x0B, 0x0C, 0x0F, 0x0D, 0x0C, 0x0C, 0x0B, 0x09, 0x0B, 0x09, 0x0B, 0x09, 0x0C, 0x0C, 0x0C, 0x0D,
    0x09, 0x05, 0x0B, 0x0B, 0x0D, 0x0C, 0x0E, 0x0C, 0x0D, 0x09, 0x05, 0x05, 0x05, 0x03, 0x05, 0x0B, 0x0C, 0x0C, 0x0D, 0x0C, 0x0D, 0x0F, 0x0C, 0x0B,
    0x0C, 0x0D, 0x0D, 0x0C, 0x0D, 0x05, 0x09, 0x0D, 0x0D, 0x0E, 0x0E, 0x0A, 0x10, 0x14, 0x13, 0x10, 0x0D, 0x0D, 0x0D, 0x10, 0x0A, 0x0B, 0x09, 0x03,
    0x03, 0x05, 0x05, 0x05, 0x05, 0x05, 0x03, 0x09, 0x09, 0x0B, 0x0B, 0x0C, 0x0B, 0x0C, 0x0C, 0x0C, 0x0C, 0x0C, 0x0C, 0x0D, 0x0D, 0x0C, 0x05, 0x0B,
    0x0C, 0x0B, 0x0B, 0x0B, 0x0C, 0x0B, 0x0B, 0x0B, 0x0B, 0x0C, 0x0C, 0x09, 0x0B, 0x0B, 0x0D, 0x0E, 0x0E, 0x0D, 0x0B, 0x0B, 0x0D, 0x0E, 0x0C, 0x03,
    0x05, 0x0B, 0x0B, 0x09, 0x05, 0x05, 0x05, 0x09, 0x0C, 0x0B, 0x0B, 0x0B, 0x0B, 0x0B, 0x0C, 0x0E, 0x0F, 0x0A, 0x0F, 0x0F, 0x0D, 0x0C, 0x0B, 0x0C,
    0x0D, 0x0D, 0x0D, 0x09, 0x02, 0x02, 0x05, 0x03, 0x09, 0x0B, 0x0C, 0x0C, 0x0B, 0x0B, 0x0D, 0x0A, 0x0E, 0x0C, 0x0B, 0x0B, 0x0E, 0x0C, 0x0B, 0x0D,
    0x0D, 0x11, 0x10, 0x0D, 0x0C, 0x0D, 0x0D, 0x0D, 0x0D, 0x09, 0x09, 0x0C, 0x0D, 0x09, 0x05, 0x0B, 0x0B, 0x09, 0x05, 0x05, 0x03, 0x02, 0x0B, 0x0B,
    0x0C, 0x0B, 0x0C, 0x0C, 0x0E, 0x0D, 0x0E, 0x09, 0x09, 0x0B, 0x0B, 0x0C, 0x0C, 0x0C, 0x0D, 0x0F, 0x0D, 0x0C, 0x09, 0x09, 0x0B, 0x0B, 0x0B, 0x0B,
    0x09, 0x05, 0x0B, 0x0C, 0x0B, 0x0B, 0x0B, 0x0B, 0x09, 0x0B, 0x0B, 0x0B, 0x0E, 0x0D, 0x0B, 0x05, 0x0D, 0x0F, 0x0C, 0x0E, 0x0E, 0x0E, 0x0D, 0x09,
    0x05, 0x05, 0x05, 0x0B, 0x0B, 0x0B, 0x0B, 0x0B, 0x0B, 0x0C, 0x0C, 0x0D, 0x0E, 0x0F, 0x0B, 0x0C, 0x0B, 0x09, 0x0C, 0x0D, 0x0E, 0x0E, 0x0F, 0x0A,
    0x0A, 0x0A, 0x10, 0x14, 0x12, 0x0A, 0x0A, 0x10, 0x0A, 0x0C, 0x10, 0x14, 0x05, 0x05, 0x05, 0x03, 0x03, 0x03, 0x05, 0x05, 0x09, 0x09, 0x0C, 0x0B,
    0x0B, 0x0B, 0x0B, 0x0B, 0x0C, 0x0C, 0x0D, 0x0D, 0x0D, 0x0C, 0x0B, 0x05, 0x0C, 0x0C, 0x0B, 0x03, 0x0C, 0x05, 0x05, 0x0B, 0x0B, 0x0B, 0x0B, 0x05,
    0x05, 0x0B, 0x0B, 0x0B, 0x0D, 0x0D, 0x0C, 0x0B, 0x0B, 0x0C, 0x0D, 0x0C, 0x0B, 0x05, 0x0B, 0x05, 0x0B, 0x0B, 0x05, 0x0B, 0x0B, 0x0C, 0x0B, 0x0C,
    0x0C, 0x0C, 0x0C, 0x0C, 0x0F, 0x0E, 0x0D, 0x0D, 0x0B, 0x0B, 0x0E, 0x0B, 0x05, 0x0B, 0x0C, 0x0D, 0x0C, 0x0B, 0x09, 0x02, 0x02, 0x09, 0x05, 0x0B,
    0x01, 0x05, 0x0F, 0x0F, 0x0E, 0x0E, 0x0E, 0x0D, 0x0C, 0x09, 0x09, 0x0C, 0x0D, 0x0F, 0x0A, 0x0E, 0x0C, 0x0B, 0x0C, 0x0C, 0x0D, 0x0D, 0x0E, 0x0D,
    0x0C, 0x0C, 0x0B, 0x0B, 0x0B, 0x0D, 0x0C, 0x05, 0x09, 0x0C, 0x0B, 0x0D, 0x0E, 0x0B, 0x0B, 0x0D, 0x0B, 0x0B, 0x0B, 0x0B, 0x0B, 0x09, 0x0B, 0x0B,
    0x05, 0x05, 0x0D, 0x0D, 0x0D, 0x0D, 0x0C, 0x0D, 0x0B, 0x0B, 0x0B, 0x0B, 0x0B, 0x0C, 0x0C, 0x0C, 0x0C, 0x0D, 0x0C, 0x0B, 0x0B, 0x0B, 0x0B, 0x0C,
    0x0C, 0x0D, 0x0C, 0x0C, 0x0C, 0x0D, 0x0C, 0x0C, 0x0D, 0x0D, 0x0D, 0x0E, 0x0B, 0x05, 0x05, 0x0B, 0x09, 0x0B, 0x0C, 0x0E, 0x0D, 0x0D, 0x0E, 0x0E,
    0x0E, 0x0B, 0x0B, 0x05, 0x01, 0x0C, 0x0F, 0x0D, 0x0E, 0x0D, 0x0F, 0x0A, 0x0F, 0x0F, 0x0D, 0x11, 0x14, 0x13, 0x12, 0x11, 0x0D, 0x14, 0x14, 0x13,
    0x05, 0x09, 0x05, 0x09, 0x09, 0x03, 0x03, 0x05, 0x05, 0x0B, 0x0C, 0x05, 0x09, 0x0B, 0x0B, 0x09, 0x0B, 0x0B, 0x0C, 0x0E, 0x0D, 0x0D, 0x0C, 0x0B,
    0x0C, 0x0C, 0x0B, 0x0D, 0x0C, 0x0F, 0x0D, 0x0C, 0x0C, 0x0C, 0x0C, 0x0C, 0x0B, 0x0B, 0x09, 0x0B, 0x0C, 0x0B, 0x0B, 0x09, 0x0B, 0x0B, 0x0B, 0x0E,
    0x0B, 0x05, 0x0B, 0x0B, 0x0B, 0x09, 0x0B, 0x09, 0x05, 0x09, 0x09, 0x05, 0x0B, 0x0C, 0x0B, 0x0F, 0x13, 0x0E, 0x0D, 0x0D, 0x0B, 0x0C, 0x0D, 0x0B,
    0x0B, 0x0B, 0x0C, 0x0D, 0x0D, 0x0D, 0x0D, 0x0D, 0x0F, 0x09, 0x0B, 0x0D, 0x0E, 0x0F, 0x0E, 0x0B, 0x0D, 0x0E, 0x0F, 0x0E, 0x0F, 0x0C, 0x0B, 0x0B,
    0x0C, 0x0D, 0x0E, 0x0F, 0x0D, 0x0B, 0x0B, 0x0C, 0x0D, 0x0B, 0x0D, 0x0C, 0x0D, 0x0C, 0x0B, 0x09, 0x0B, 0x0C, 0x0C, 0x09, 0x09, 0x0D, 0x0D, 0x0F,
    0x0F, 0x0E, 0x0C, 0x0D, 0x0B, 0x0B, 0x0C, 0x0C, 0x0B, 0x0B, 0x0B, 0x0B, 0x0B, 0x0C, 0x05, 0x05, 0x0B, 0x0B, 0x0B, 0x0B, 0x09, 0x0B, 0x09, 0x09,
    0x09, 0x05, 0x09, 0x0B, 0x0B, 0x0B, 0x0B, 0x0B, 0x0B, 0x0B, 0x09, 0x03, 0x05, 0x0E, 0x0D, 0x0D, 0x0B, 0x0B, 0x09, 0x0C, 0x0C, 0x0B, 0x0C, 0x0E,
    0x09, 0x09, 0x0B, 0x09, 0x0C, 0x0D, 0x0B, 0x0B, 0x0C, 0x0C, 0x0D, 0x0F, 0x0F, 0x0B, 0x09, 0x01, 0x02, 0x05, 0x0C, 0x0C, 0x0C, 0x0C, 0x0D, 0x0D,
    0x0F, 0x0D, 0x0C, 0x0D, 0x11, 0x11, 0x13, 0x14, 0x14, 0x12, 0x0F, 0x0F, 0x05, 0x03, 0x0B, 0x09, 0x0B, 0x0B, 0x09, 0x02, 0x05, 0x0B, 0x09, 0x0B,
    0x05, 0x0B, 0x0C, 0x0B, 0x0B, 0x0C, 0x0B, 0x09, 0x0B, 0x0C, 0x0C, 0x0B, 0x05, 0x05, 0x0C, 0x0B, 0x0B, 0x0B, 0x0B, 0x0B, 0x0C, 0x0B, 0x0D, 0x0D,
    0x0C, 0x0B, 0x0B, 0x0B, 0x0B, 0x0B, 0x0B, 0x0B, 0x0B, 0x0B, 0x09, 0x0C, 0x0B, 0x05, 0x05, 0x0B, 0x05, 0x05, 0x0B, 0x0B, 0x09, 0x05, 0x05, 0x05,
    0x05, 0x05, 0x0D, 0x0D, 0x0D, 0x0F, 0x09, 0x0B, 0x0B, 0x0B, 0x0B, 0x0E, 0x0D, 0x0D, 0x0D, 0x0D, 0x0C, 0x0C, 0x0C, 0x0D, 0x0D, 0x0D, 0x0E, 0x0E,
    0x0D, 0x0E, 0x0D, 0x0D, 0x0D, 0x0E, 0x0D, 0x10, 0x13, 0x0A, 0x0E, 0x0D, 0x0C, 0x0C, 0x0D, 0x0F, 0x0D, 0x0C, 0x0D, 0x09, 0x0C, 0x09, 0x0C, 0x0C,
    0x0D, 0x0C, 0x0B, 0x0C, 0x0B, 0x0B, 0x0B, 0x0C, 0x0D, 0x0D, 0x0E, 0x0E, 0x0E, 0x0E, 0x0D, 0x0D, 0x05, 0x0B, 0x0B, 0x0B, 0x05, 0x09, 0x05, 0x05,
    0x0B, 0x09, 0x0B, 0x0C, 0x0C, 0x0C, 0x05, 0x05, 0x03, 0x05, 0x05, 0x0B, 0x09, 0x0B, 0x05, 0x05, 0x09, 0x03, 0x05, 0x09, 0x0B, 0x0B, 0x0C, 0x0C,
    0x0D, 0x0C, 0x0D, 0x0B, 0x03, 0x09, 0x05, 0x05, 0x09, 0x05, 0x09, 0x0B, 0x0C, 0x0D, 0x0C, 0x0B, 0x0C, 0x0C, 0x0B, 0x05, 0x09, 0x0C, 0x0B, 0x0B,
    0x0C, 0x0D, 0x0B, 0x05, 0x05, 0x05, 0x05, 0x0B, 0x0B, 0x05, 0x09, 0x09, 0x0B, 0x0D, 0x11, 0x11, 0x0D, 0x0C, 0x0C, 0x0C, 0x0D, 0x0E, 0x0E, 0x0D,
    0x05, 0x05, 0x05, 0x03, 0x05, 0x05, 0x05, 0x05, 0x03, 0x09, 0x05, 0x09, 0x0C, 0x0B, 0x05, 0x0B, 0x0B, 0x0C, 0x0B, 0x09, 0x0B, 0x0B, 0x0C, 0x0C,
    0x05, 0x05, 0x05, 0x05, 0x03, 0x03, 0x0B, 0x0B, 0x0B, 0x0B, 0x0B, 0x0C, 0x0B, 0x09, 0x0B, 0x05, 0x0B, 0x05, 0x05, 0x0B, 0x0C, 0x0B, 0x0B, 0x09,
    0x0B, 0x0B, 0x02, 0x03, 0x05, 0x05, 0x0B, 0x05, 0x05, 0x03, 0x03, 0x05, 0x09, 0x05, 0x0B, 0x0C, 0x0B, 0x0B, 0x0B, 0x05, 0x0B, 0x09, 0x0B, 0x0D,
    0x0C, 0x0D, 0x0D, 0x0D, 0x0C, 0x0D, 0x0D, 0x0B, 0x0B, 0x0C, 0x0C, 0x0C, 0x0F, 0x0E, 0x0C, 0x0D, 0x0D, 0x0C, 0x0D, 0x0D, 0x10, 0x10, 0x0A, 0x0F,
    0x0E, 0x0D, 0x0C, 0x0D, 0x0A, 0x0E, 0x0C, 0x0C, 0x0D, 0x0E, 0x0C, 0x0C, 0x0D, 0x0C, 0x0B, 0x09, 0x09, 0x09, 0x0C, 0x0D, 0x0D, 0x0B, 0x0D, 0x0D,
    0x0C, 0x0D, 0x0D, 0x0D, 0x03, 0x02, 0x01, 0x01, 0x05, 0x03, 0x04, 0x02, 0x05, 0x0B, 0x0C, 0x0B, 0x0C, 0x0C, 0x0C, 0x03, 0x0B, 0x0B, 0x05, 0x0B,
    0x0C, 0x0C, 0x0C, 0x0C, 0x05, 0x02, 0x03, 0x09, 0x05, 0x0C, 0x0E, 0x0A, 0x0A, 0x0F, 0x0F, 0x0F, 0x0F, 0x0E, 0x0B, 0x05, 0x09, 0x03, 0x05, 0x0B,
    0x0E, 0x11, 0x0F, 0x0D, 0x0D, 0x0C, 0x0C, 0x0C, 0x0C, 0x0D, 0x09, 0x0B, 0x09, 0x0C, 0x09, 0x09, 0x05, 0x05, 0x09, 0x09, 0x05, 0x05, 0x05, 0x05,
    0x09, 0x0B, 0x0C, 0x0D, 0x0D, 0x0C, 0x0C, 0x0D, 0x0D, 0x0D, 0x0F, 0x0D, 0x09, 0x05, 0x05, 0x03, 0x03, 0x03, 0x09, 0x02, 0x05, 0x05, 0x09, 0x0C,
    0x0B, 0x09, 0x0B, 0x0B, 0x0B, 0x0B, 0x0B, 0x0B, 0x0B, 0x0B, 0x09, 0x0B, 0x05, 0x05, 0x05, 0x0B, 0x03, 0x09, 0x05, 0x05, 0x05, 0x05, 0x0B, 0x0B,
    0x0B, 0x0B, 0x05, 0x03, 0x02, 0x05, 0x0B, 0x0C, 0x0B, 0x0B, 0x0B, 0x0B, 0x05, 0x09, 0x0B, 0x0B, 0x05, 0x05, 0x0C, 0x0B, 0x09, 0x05, 0x09, 0x05,
    0x09, 0x05, 0x05, 0x0B, 0x0B, 0x0C, 0x0B, 0x0B, 0x0C, 0x0B, 0x05, 0x0B, 0x09, 0x0B, 0x0B, 0x0B, 0x0C, 0x0D, 0x0D, 0x0D, 0x0C, 0x0D, 0x0E, 0x0D,
    0x0D, 0x0D, 0x0C, 0x0C, 0x0D, 0x0D, 0x0C, 0x0C, 0x0D, 0x0C, 0x0D, 0x0D, 0x0F, 0x0D, 0x0D, 0x0C, 0x0C, 0x0D, 0x0D, 0x0D, 0x0C, 0x0E, 0x0D, 0x0B,
    0x0C, 0x09, 0x05, 0x03, 0x02, 0x05, 0x0C, 0x0E, 0x0F, 0x0F, 0x0D, 0x0D, 0x0E, 0x0A, 0x0A, 0x0E, 0x0F, 0x0B, 0x05, 0x02, 0x04, 0x05, 0x05, 0x0B,
    0x0B, 0x0D, 0x0C, 0x0B, 0x0B, 0x05, 0x0B, 0x0B, 0x0B, 0x0B, 0x05, 0x09, 0x09, 0x09, 0x0C, 0x0C, 0x0B, 0x0B, 0x0B, 0x0B, 0x0C, 0x0B, 0x0D, 0x0D,
    0x0D, 0x0D, 0x0D, 0x0E, 0x13, 0x13, 0x13, 0x0A, 0x0E, 0x0B, 0x0B, 0x09, 0x0B, 0x0F, 0x13, 0x10, 0x11, 0x0D, 0x0D, 0x0D, 0x0E, 0x0D, 0x0D, 0x0D,
    0x09, 0x0D, 0x0D, 0x09, 0x09, 0x0C, 0x0B, 0x0B, 0x0B, 0x0B, 0x0C, 0x0C, 0x0B, 0x0B, 0x0C, 0x0C, 0x0D, 0x11, 0x10, 0x0D, 0x0E, 0x0D, 0x0D, 0x0D,
    0x05, 0x05, 0x09, 0x05, 0x09, 0x09, 0x05, 0x09, 0x05, 0x05, 0x05, 0x09, 0x0B, 0x09, 0x09, 0x09, 0x0B, 0x0B, 0x0B, 0x0B, 0x0B, 0x0B, 0x0B, 0x0B,
    0x0B, 0x05, 0x05, 0x0C, 0x0C, 0x05, 0x0B, 0x0B, 0x09, 0x05, 0x0C, 0x09, 0x05, 0x0B, 0x05, 0x05, 0x05, 0x05, 0x09, 0x0B, 0x0B, 0x0B, 0x09, 0x09,
    0x05, 0x0B, 0x05, 0x02, 0x01, 0x05, 0x05, 0x05, 0x05, 0x0B, 0x0B, 0x05, 0x03, 0x05, 0x01, 0x03, 0x0B, 0x0B, 0x0B, 0x0C, 0x0C, 0x0B, 0x0B, 0x0B,
    0x05, 0x03, 0x05, 0x0B, 0x0B, 0x0B, 0x0B, 0x0B, 0x0C, 0x0E, 0x0C, 0x0E, 0x0C, 0x0D, 0x0C, 0x0D, 0x0D, 0x0D, 0x0C, 0x0C, 0x0C, 0x0C, 0x0D, 0x0D,
    0x0D, 0x0C, 0x0B, 0x0B, 0x05, 0x0B, 0x09, 0x0C, 0x0C, 0x0A, 0x0C, 0x0F, 0x05, 0x01, 0x03, 0x05, 0x03, 0x01, 0x02, 0x0C, 0x0F, 0x0A, 0x0A, 0x0A,
    0x11, 0x0A, 0x0D, 0x0E, 0x10, 0x12, 0x10, 0x11, 0x0A, 0x0A, 0x0D, 0x0E, 0x0B, 0x0D, 0x0C, 0x0B, 0x03, 0x03, 0x05, 0x0D, 0x09, 0x09, 0x05, 0x0C,
    0x09, 0x05, 0x09, 0x0B, 0x0B, 0x09, 0x0D, 0x0F, 0x0D, 0x0B, 0x05, 0x0B, 0x0D, 0x0C, 0x0D, 0x0B, 0x09, 0x09, 0x0C, 0x0C, 0x0E, 0x0F, 0x0D, 0x0C,
    0x05, 0x05, 0x0B, 0x0C, 0x0D, 0x0F, 0x0F, 0x0F, 0x13, 0x11, 0x0D, 0x0C, 0x09, 0x0B, 0x0E, 0x0F, 0x0E, 0x0C, 0x0D, 0x0C, 0x0C, 0x0C, 0x0C, 0x0C,
    0x0C, 0x0C, 0x0C, 0x0C, 0x0D, 0x0C, 0x0C, 0x0F, 0x0C, 0x0C, 0x0C, 0x0C, 0x05, 0x05, 0x05, 0x05, 0x09, 0x09, 0x04, 0x02, 0x05, 0x02, 0x05, 0x03,
    0x05, 0x09, 0x09, 0x0B, 0x0C, 0x0B, 0x0C, 0x0D, 0x0D, 0x0D, 0x0C, 0x0B, 0x0D, 0x0B, 0x0D, 0x09, 0x05, 0x0B, 0x0C, 0x0D, 0x0E, 0x0B, 0x05, 0x05,
    0x0B, 0x05, 0x05, 0x05, 0x05, 0x05, 0x09, 0x05, 0x0B, 0x0C, 0x0B, 0x0D, 0x0B, 0x0D, 0x0C, 0x0F, 0x11, 0x0D, 0x0C, 0x0C, 0x0B, 0x0B, 0x0D, 0x0B,
    0x09, 0x05, 0x05, 0x05, 0x05, 0x05, 0x03, 0x0C, 0x05, 0x0B, 0x0B, 0x0C, 0x0D, 0x0D, 0x0B, 0x05, 0x0B, 0x05, 0x05, 0x09, 0x0B, 0x09, 0x0D, 0x0D,
    0x0C, 0x0D, 0x0D, 0x05, 0x0B, 0x0E, 0x0D, 0x0D, 0x0C, 0x0C, 0x0D, 0x0E, 0x0F, 0x0D, 0x0F, 0x0F, 0x0C, 0x0B, 0x0B, 0x0B, 0x05, 0x0B, 0x0C, 0x0C,
    0x0F, 0x0A, 0x0E, 0x02, 0x04, 0x02, 0x09, 0x09, 0x0C, 0x0E, 0x0F, 0x0F, 0x0D, 0x0E, 0x0E, 0x0D, 0x0E, 0x11, 0x0D, 0x0E, 0x0A, 0x13, 0x0A, 0x0D,
    0x0C, 0x0B, 0x0B, 0x05, 0x05, 0x03, 0x09, 0x02, 0x0B, 0x0B, 0x0C, 0x0B, 0x0B, 0x09, 0x0B, 0x0B, 0x09, 0x0C, 0x0D, 0x0E, 0x0F, 0x0E, 0x0C, 0x0B,
    0x05, 0x02, 0x06, 0x06, 0x06, 0x04, 0x01, 0x03, 0x05, 0x0C, 0x0C, 0x0B, 0x05, 0x05, 0x0B, 0x0B, 0x0C, 0x0C, 0x0C, 0x0B, 0x0D, 0x0C, 0x0C, 0x0D,
    0x0B, 0x0B, 0x0F, 0x10, 0x0F, 0x0D, 0x0D, 0x0C, 0x0C, 0x0C, 0x0B, 0x0B, 0x0B, 0x0C, 0x0B, 0x0C, 0x0C, 0x0C, 0x0C, 0x0C, 0x0C, 0x0C, 0x0E, 0x0E,
    0x05, 0x0B, 0x09, 0x09, 0x0B, 0x0B, 0x0B, 0x09, 0x0B, 0x09, 0x02, 0x05, 0x0B, 0x0B, 0x0B, 0x0B, 0x0B, 0x0B, 0x0B, 0x0B, 0x0C, 0x0B, 0x0B, 0x0B,
    0x0B, 0x05, 0x0B, 0x0E, 0x0F, 0x0D, 0x0C, 0x0B, 0x0E, 0x0B, 0x0B, 0x0C, 0x0D, 0x0B, 0x05, 0x05, 0x0B, 0x09, 0x09, 0x0B, 0x0D, 0x0C, 0x0D, 0x0B,
    0x0D, 0x0E, 0x0F, 0x0F, 0x0D, 0x0C, 0x0D, 0x0D, 0x0B, 0x0B, 0x0B, 0x0D, 0x0E, 0x0B, 0x0D, 0x0B, 0x09, 0x09, 0x05, 0x0B, 0x0D, 0x0D, 0x0B, 0x0C,
    0x0B, 0x0D, 0x0C, 0x0B, 0x05, 0x05, 0x05, 0x03, 0x01, 0x05, 0x09, 0x0B, 0x0D, 0x0E, 0x09, 0x0B, 0x05, 0x05, 0x09, 0x0B, 0x0C, 0x0C, 0x0D, 0x0C,
    0x0B, 0x0B, 0x0B, 0x09, 0x09, 0x0E, 0x09, 0x09, 0x0E, 0x0E, 0x11, 0x0D, 0x0C, 0x0E, 0x10, 0x10, 0x0A, 0x0E, 0x0B, 0x0C, 0x0D, 0x0D, 0x0E, 0x0F,
    0x10, 0x0F, 0x0F, 0x0E, 0x0E, 0x0E, 0x0E, 0x0E, 0x0D, 0x0E, 0x0C, 0x0C, 0x0B, 0x0B, 0x0B, 0x09, 0x0B, 0x0C, 0x0B, 0x0B, 0x09, 0x03, 0x0E, 0x0D,
    0x0B, 0x0C, 0x09, 0x09, 0x0B, 0x09, 0x09, 0x0B, 0x0B, 0x0C, 0x0B, 0x0C, 0x0B, 0x05, 0x0B, 0x0D, 0x0B, 0x05, 0x06, 0x04, 0x06, 0x01, 0x03, 0x09,
    0x0C, 0x0C, 0x0D, 0x0D, 0x0B, 0x0B, 0x05, 0x03, 0x01, 0x0B, 0x0D, 0x0D, 0x09, 0x09, 0x0C, 0x0C, 0x0C, 0x0B, 0x0C, 0x0C, 0x0C, 0x0B, 0x0C, 0x0C,
    0x0B, 0x05, 0x05, 0x0C, 0x0C, 0x0C, 0x0C, 0x0C, 0x0C, 0x0D, 0x0C, 0x0C, 0x05, 0x05, 0x05, 0x05, 0x09, 0x05, 0x09, 0x05, 0x0B, 0x0B, 0x05, 0x0B,
    0x05, 0x03, 0x05, 0x05, 0x09, 0x05, 0x0B, 0x05, 0x09, 0x05, 0x0C, 0x0C, 0x0B, 0x09, 0x03, 0x05, 0x05, 0x0D, 0x0B, 0x05, 0x05, 0x05, 0x05, 0x0B,
    0x09, 0x05, 0x0B, 0x09, 0x05, 0x0B, 0x0B, 0x09, 0x09, 0x0C, 0x0B, 0x09, 0x0C, 0x0C, 0x0C, 0x0C, 0x0B, 0x0A, 0x0F, 0x0E, 0x0C, 0x05, 0x0B, 0x0C,
    0x09, 0x0E, 0x11, 0x0F, 0x0B, 0x0C, 0x0C, 0x0B, 0x0B, 0x0B, 0x0B, 0x0B, 0x0B, 0x0B, 0x0B, 0x0D, 0x0D, 0x0B, 0x05, 0x05, 0x05, 0x03, 0x01, 0x05,
    0x0C, 0x0E, 0x0E, 0x0E, 0x0B, 0x0D, 0x0C, 0x0B, 0x0B, 0x0B, 0x0C, 0x0B, 0x0B, 0x05, 0x03, 0x05, 0x02, 0x05, 0x09, 0x0C, 0x0B, 0x0F, 0x0E, 0x0C,
    0x0B, 0x09, 0x0C, 0x0D, 0x0E, 0x0E, 0x0F, 0x0E, 0x0C, 0x0C, 0x0E, 0x0F, 0x0E, 0x0F, 0x0F, 0x0F, 0x0F, 0x0A, 0x0A, 0x0F, 0x0E, 0x0E, 0x0D, 0x0D,
    0x0D, 0x0C, 0x05, 0x05, 0x0B, 0x0D, 0x0E, 0x0B, 0x0B, 0x0E, 0x0B, 0x05, 0x03, 0x05, 0x09, 0x09, 0x0B, 0x09, 0x0B, 0x05, 0x09, 0x0C, 0x0C, 0x0B,
    0x0E, 0x10, 0x15, 0x15, 0x14, 0x14, 0x10, 0x0B, 0x03, 0x05, 0x0B, 0x0B, 0x0B, 0x0B, 0x09, 0x0B, 0x09, 0x05, 0x09, 0x0C, 0x0D, 0x0B, 0x0B, 0x0B,
    0x0D, 0x0F, 0x0C, 0x0C, 0x0C, 0x0C, 0x0C, 0x0C, 0x0C, 0x0C, 0x0C, 0x0C, 0x0B, 0x05, 0x09, 0x0C, 0x0E, 0x0D, 0x0C, 0x0C, 0x0D, 0x0D, 0x0D, 0x0C,
    0x02, 0x04, 0x06, 0x03, 0x03, 0x03, 0x05, 0x05, 0x05, 0x02, 0x0B, 0x05, 0x09, 0x03, 0x02, 0x03, 0x05, 0x05, 0x05, 0x05, 0x05, 0x05, 0x09, 0x09,
    0x0B, 0x0D, 0x05, 0x09, 0x0C, 0x0D, 0x0C, 0x0D, 0x0C, 0x0D, 0x0D, 0x0B, 0x05, 0x0B, 0x09, 0x05, 0x05, 0x05, 0x0B, 0x0B, 0x0B, 0x09, 0x0B, 0x09,
    0x0B, 0x0B, 0x0C, 0x0B, 0x0D, 0x0B, 0x0B, 0x0C, 0x0C, 0x0C, 0x09, 0x05, 0x05, 0x0C, 0x0F, 0x0A, 0x0A, 0x0B, 0x09, 0x03, 0x09, 0x05, 0x09, 0x09,
    0x09, 0x05, 0x0C, 0x0C, 0x09, 0x05, 0x05, 0x05, 0x05, 0x05, 0x05, 0x03, 0x01, 0x05, 0x09, 0x0D, 0x0A, 0x0B, 0x0D, 0x0D, 0x0B, 0x09, 0x0B, 0x0B,
    0x0B, 0x0B, 0x09, 0x05, 0x05, 0x05, 0x09, 0x09, 0x0F, 0x0D, 0x0C, 0x09, 0x0D, 0x0C, 0x05, 0x0D, 0x0F, 0x0A, 0x0F, 0x0D, 0x0C, 0x0C, 0x0C, 0x0D,
    0x0D, 0x0E, 0x0E, 0x0E, 0x0F, 0x0E, 0x0A, 0x0A, 0x11, 0x0F, 0x0F, 0x0A, 0x0A, 0x0D, 0x09, 0x05, 0x05, 0x0B, 0x0C, 0x0E, 0x0C, 0x0C, 0x0D, 0x0B,
    0x0C, 0x09, 0x0B, 0x05, 0x09, 0x09, 0x09, 0x0B, 0x0B, 0x0B, 0x09, 0x09, 0x0C, 0x0E, 0x11, 0x11, 0x10, 0x0A, 0x0E, 0x09, 0x0C, 0x0C, 0x05, 0x09,
    0x0C, 0x09, 0x05, 0x02, 0x01, 0x09, 0x09, 0x0B, 0x0C, 0x0C, 0x0B, 0x0B, 0x0B, 0x09, 0x09, 0x0B, 0x09, 0x0B, 0x0C, 0x0C, 0x0C, 0x0B, 0x0C, 0x0B,
    0x0B, 0x09, 0x0B, 0x0B, 0x0B, 0x0C, 0x0C, 0x0C, 0x0B, 0x0C, 0x0C, 0x0C, 0x05, 0x09, 0x0B, 0x05, 0x05, 0x0B, 0x05, 0x02, 0x05, 0x03, 0x05, 0x0D,
    0x0B, 0x05, 0x09, 0x05, 0x03, 0x05, 0x05, 0x05, 0x03, 0x01, 0x02, 0x05, 0x0B, 0x0F, 0x0B, 0x05, 0x09, 0x0B, 0x0C, 0x0B, 0x0C, 0x0D, 0x0B, 0x0B,
    0x05, 0x05, 0x05, 0x05, 0x05, 0x05, 0x09, 0x09, 0x0B, 0x0D, 0x0E, 0x0B, 0x0C, 0x0B, 0x0C, 0x0F, 0x0D, 0x0B, 0x0B, 0x0B, 0x0C, 0x0C, 0x0B, 0x05,
    0x02, 0x05, 0x0B, 0x0E, 0x0D, 0x0C, 0x03, 0x0B, 0x0B, 0x05, 0x05, 0x0B, 0x0C, 0x05, 0x0B, 0x0D, 0x0B, 0x0B, 0x0B, 0x0D, 0x0B, 0x05, 0x05, 0x0B,
    0x05, 0x0C, 0x05, 0x0B, 0x0B, 0x09, 0x09, 0x05, 0x09, 0x05, 0x0B, 0x05, 0x05, 0x09, 0x0B, 0x03, 0x03, 0x09, 0x09, 0x05, 0x0C, 0x0D, 0x0D, 0x0C,
    0x05, 0x09, 0x05, 0x05, 0x0B, 0x0B, 0x0D, 0x0D, 0x0C, 0x0C, 0x0E, 0x0E, 0x0C, 0x0C, 0x0E, 0x0D, 0x0D, 0x0C, 0x0D, 0x0E, 0x0B, 0x0C, 0x0C, 0x0B,
    0x0B, 0x0B, 0x09, 0x09, 0x05, 0x05, 0x09, 0x0C, 0x0C, 0x05, 0x0D, 0x0E, 0x0D, 0x0C, 0x09, 0x03, 0x02, 0x05, 0x0B, 0x0B, 0x0B, 0x0B, 0x09, 0x09,
    0x05, 0x0C, 0x0C, 0x0A, 0x0D, 0x09, 0x05, 0x03, 0x0B, 0x0B, 0x05, 0x03, 0x02, 0x09, 0x0C, 0x05, 0x05, 0x05, 0x0B, 0x0D, 0x0C, 0x05, 0x0B, 0x09,
    0x0B, 0x0B, 0x0B, 0x0B, 0x0C, 0x0C, 0x0C, 0x0D, 0x0C, 0x0C, 0x0C, 0x0C, 0x0D, 0x0D, 0x0C, 0x0C, 0x0D, 0x0D, 0x0D, 0x0B, 0x0B, 0x0C, 0x0C, 0x09,
    0x05, 0x05, 0x05, 0x05, 0x05, 0x05, 0x05, 0x05, 0x05, 0x05, 0x03, 0x05, 0x0B, 0x05, 0x05, 0x0B, 0x0C, 0x05, 0x03, 0x03, 0x05, 0x03, 0x02, 0x03,
    0x0B, 0x0E, 0x09, 0x0B, 0x09, 0x09, 0x03, 0x0B, 0x0C, 0x0D, 0x05, 0x05, 0x05, 0x05, 0x05, 0x05, 0x05, 0x09, 0x05, 0x09, 0x05, 0x0B, 0x05, 0x0B,
    0x0D, 0x0B, 0x0B, 0x0B, 0x0C, 0x0B, 0x09, 0x0B, 0x0B, 0x0B, 0x05, 0x05, 0x03, 0x05, 0x05, 0x0B, 0x0C, 0x0E, 0x0D, 0x05, 0x0B, 0x0D, 0x0D, 0x0B,
    0x0B, 0x0B, 0x0C, 0x0C, 0x0D, 0x0C, 0x0D, 0x0B, 0x0D, 0x0F, 0x0E, 0x0D, 0x09, 0x0D, 0x0D, 0x0B, 0x03, 0x05, 0x0B, 0x0B, 0x09, 0x05, 0x05, 0x05,
    0x09, 0x05, 0x05, 0x09, 0x09, 0x03, 0x0B, 0x09, 0x0B, 0x0B, 0x03, 0x09, 0x05, 0x03, 0x01, 0x05, 0x0B, 0x0C, 0x0C, 0x0B, 0x0C, 0x0C, 0x0B, 0x0B,
    0x0D, 0x0B, 0x0B, 0x05, 0x0B, 0x0B, 0x0B, 0x05, 0x05, 0x05, 0x0B, 0x0B, 0x0B, 0x0B, 0x09, 0x09, 0x03, 0x02, 0x05, 0x0B, 0x0C, 0x05, 0x05, 0x09,
    0x09, 0x0B, 0x0B, 0x09, 0x09, 0x0B, 0x05, 0x05, 0x09, 0x0D, 0x0B, 0x0B, 0x0C, 0x0C, 0x0C, 0x05, 0x03, 0x09, 0x09, 0x0B, 0x05, 0x03, 0x0B, 0x0B,
    0x0C, 0x0C, 0x0C, 0x0D, 0x0D, 0x0C, 0x0C, 0x0C, 0x0D, 0x0D, 0x0B, 0x0B, 0x0B, 0x0C, 0x0B, 0x0C, 0x0B, 0x0C, 0x0C, 0x0E, 0x0C, 0x0C, 0x0B, 0x0C,
    0x0B, 0x0C, 0x0D, 0x0C, 0x0B, 0x0C, 0x0D, 0x0B, 0x0D, 0x0B, 0x0C, 0x0F, 0x03, 0x03, 0x03, 0x05, 0x03, 0x05, 0x03, 0x05, 0x03, 0x05, 0x03, 0x05,
    0x05, 0x05, 0x05, 0x09, 0x0B, 0x0C, 0x0C, 0x05, 0x02, 0x02, 0x03, 0x03, 0x05, 0x0B, 0x05, 0x05, 0x05, 0x0B, 0x05, 0x0B, 0x05, 0x05, 0x0B, 0x05,
    0x0B, 0x0D, 0x0D, 0x0B, 0x05, 0x05, 0x05, 0x05, 0x05, 0x05, 0x05, 0x05, 0x05, 0x05, 0x05, 0x05, 0x05, 0x09, 0x03, 0x01, 0x03, 0x09, 0x09, 0x05,
    0x03, 0x05, 0x0B, 0x0C, 0x0D, 0x0A, 0x0D, 0x0B, 0x0B, 0x0C, 0x0B, 0x0B, 0x0C, 0x0D, 0x0C, 0x0C, 0x0E, 0x0D, 0x0E, 0x0C, 0x0C, 0x0B, 0x0D, 0x0E,
    0x0B, 0x0B, 0x05, 0x0B, 0x0C, 0x0D, 0x0B, 0x05, 0x09, 0x09, 0x02, 0x03, 0x05, 0x09, 0x09, 0x05, 0x03, 0x05, 0x01, 0x09, 0x01, 0x03, 0x05, 0x03,
    0x01, 0x04, 0x02, 0x02, 0x05, 0x0B, 0x0B, 0x0B, 0x0C, 0x0C, 0x0B, 0x09, 0x05, 0x03, 0x0B, 0x09, 0x05, 0x0D, 0x0C, 0x0E, 0x0D, 0x0C, 0x09, 0x05,
    0x05, 0x05, 0x09, 0x0B, 0x0C, 0x0B, 0x05, 0x05, 0x05, 0x0C, 0x09, 0x03, 0x02, 0x02, 0x02, 0x03, 0x05, 0x0B, 0x05, 0x05, 0x09, 0x05, 0x05, 0x09,
    0x09, 0x0C, 0x0B, 0x0D, 0x0B, 0x05, 0x09, 0x05, 0x09, 0x0B, 0x0C, 0x0F, 0x0A, 0x0D, 0x0C, 0x0C, 0x0B, 0x09, 0x0D, 0x0D, 0x0B, 0x09, 0x0C, 0x0B,
    0x0B, 0x0C, 0x0B, 0x0B, 0x0C, 0x0C, 0x0C, 0x0B, 0x0C, 0x0C, 0x0B, 0x09, 0x0B, 0x0C, 0x0C, 0x0C, 0x0C, 0x0D, 0x0C, 0x0D, 0x0B, 0x0C, 0x0C, 0x0C,
    0x04, 0x04, 0x04, 0x02, 0x02, 0x03, 0x03, 0x01, 0x03, 0x02, 0x03, 0x05, 0x05, 0x05, 0x0B, 0x09, 0x05, 0x05, 0x0B, 0x0D, 0x0E, 0x0B, 0x05, 0x03,
    0x03, 0x05, 0x05, 0x05, 0x05, 0x03, 0x03, 0x02, 0x03, 0x02, 0x03, 0x05, 0x05, 0x05, 0x09, 0x0B, 0x05, 0x05, 0x09, 0x0B, 0x05, 0x05, 0x09, 0x0B,
    0x05, 0x0B, 0x05, 0x05, 0x05, 0x05, 0x05, 0x0B, 0x0C, 0x0D, 0x0B, 0x0B, 0x0B, 0x09, 0x02, 0x03, 0x0B, 0x0D, 0x0D, 0x0B, 0x09, 0x0B, 0x0B, 0x0C,
    0x0D, 0x0D, 0x0C, 0x0D, 0x0B, 0x0D, 0x0C, 0x0B, 0x0C, 0x0B, 0x0B, 0x0B, 0x09, 0x0B, 0x0C, 0x0D, 0x0F, 0x0A, 0x0E, 0x0B, 0x05, 0x05, 0x0B, 0x0B,
    0x09, 0x0B, 0x05, 0x05, 0x09, 0x09, 0x09, 0x09, 0x0B, 0x09, 0x05, 0x09, 0x0B, 0x03, 0x04, 0x04, 0x05, 0x05, 0x05, 0x0B, 0x0C, 0x0D, 0x0D, 0x0B,
    0x0B, 0x0D, 0x0C, 0x0D, 0x0B, 0x0D, 0x0B, 0x0E, 0x0D, 0x0C, 0x0D, 0x0B, 0x0B, 0x09, 0x05, 0x09, 0x0B, 0x09, 0x09, 0x05, 0x05, 0x03, 0x0B, 0x0B,
    0x05, 0x01, 0x06, 0x06, 0x06, 0x05, 0x0C, 0x0D, 0x0B, 0x05, 0x05, 0x05, 0x09, 0x0B, 0x09, 0x09, 0x05, 0x03, 0x09, 0x05, 0x0B, 0x0C, 0x0C, 0x0B,
    0x0B, 0x0B, 0x0B, 0x0B, 0x0B, 0x0E, 0x0D, 0x0D, 0x0B, 0x0C, 0x0B, 0x09, 0x0B, 0x0C, 0x0B, 0x0B, 0x0B, 0x0B, 0x0C, 0x0D, 0x0C, 0x0C, 0x0B, 0x0B,
    0x0B, 0x0C, 0x0C, 0x0E, 0x0D, 0x0C, 0x0C, 0x0C, 0x0C, 0x0C, 0x0C, 0x0C, 0x05, 0x05, 0x03, 0x02, 0x03, 0x03, 0x03, 0x03, 0x05, 0x02, 0x03, 0x03,
    0x05, 0x05, 0x05, 0x05, 0x03, 0x05, 0x05, 0x03, 0x03, 0x05, 0x05, 0x05, 0x03, 0x01, 0x03, 0x05, 0x0B, 0x05, 0x0B, 0x02, 0x01, 0x03, 0x02, 0x03,
    0x05, 0x0B, 0x05, 0x0B, 0x0D, 0x05, 0x05, 0x05, 0x05, 0x01, 0x05, 0x0B, 0x09, 0x0B, 0x0C, 0x09, 0x03, 0x05, 0x02, 0x03, 0x05, 0x0B, 0x0B, 0x09,
    0x0C, 0x0B, 0x0B, 0x09, 0x09, 0x05, 0x05, 0x0B, 0x09, 0x05, 0x03, 0x05, 0x09, 0x0B, 0x0B, 0x0B, 0x09, 0x0B, 0x0C, 0x0B, 0x0B, 0x0C, 0x0B, 0x05,
    0x0E, 0x0E, 0x0E, 0x0E, 0x0D, 0x0C, 0x0D, 0x0C, 0x0B, 0x09, 0x05, 0x05, 0x0D, 0x0B, 0x05, 0x05, 0x09, 0x0B, 0x0C, 0x0C, 0x0B, 0x09, 0x0C, 0x0C,
    0x0B, 0x09, 0x09, 0x03, 0x02, 0x05, 0x03, 0x05, 0x0B, 0x0C, 0x0B, 0x0C, 0x0D, 0x0A, 0x0A, 0x0F, 0x0E, 0x03, 0x05, 0x0B, 0x0B, 0x0D, 0x0C, 0x0C,
    0x0C, 0x0C, 0x0C, 0x0B, 0x09, 0x05, 0x05, 0x09, 0x05, 0x02, 0x03, 0x0B, 0x0E, 0x11, 0x0A, 0x0B, 0x05, 0x09, 0x05, 0x05, 0x09, 0x05, 0x03, 0x02,
    0x02, 0x02, 0x05, 0x0B, 0x0C, 0x09, 0x09, 0x09, 0x0D, 0x0B, 0x0B, 0x0C, 0x0C, 0x0B, 0x0C, 0x0C, 0x0B, 0x0C, 0x0D, 0x0B, 0x0B, 0x05, 0x0B, 0x0B,
    0x05, 0x0B, 0x0B, 0x0B, 0x0B, 0x0C, 0x0B, 0x0B, 0x0B, 0x0B, 0x0C, 0x0B, 0x09, 0x0B, 0x0D, 0x09, 0x0B, 0x0C, 0x0B, 0x0B, 0x0B, 0x0B, 0x0D, 0x0D,
    0x03, 0x05, 0x0B, 0x0B, 0x05, 0x05, 0x02, 0x02, 0x02, 0x01, 0x02, 0x03, 0x03, 0x05, 0x05, 0x05, 0x05, 0x02, 0x03, 0x05, 0x05, 0x01, 0x03, 0x03,
    0x03, 0x01, 0x03, 0x05, 0x0B, 0x05, 0x09, 0x05, 0x03, 0x05, 0x05, 0x0B, 0x09, 0x05, 0x09, 0x05, 0x05, 0x0B, 0x0B, 0x0B, 0x0C, 0x0B, 0x0C, 0x0B,
    0x0D, 0x0C, 0x0C, 0x05, 0x03, 0x03, 0x05, 0x0B, 0x05, 0x05, 0x0B, 0x09, 0x05, 0x05, 0x0B, 0x0B, 0x0D, 0x05, 0x03, 0x02, 0x0C, 0x0C, 0x0D, 0x09,
    0x0B, 0x0B, 0x0B, 0x09, 0x0B, 0x09, 0x0B, 0x0B, 0x0D, 0x0C, 0x0B, 0x0D, 0x0D, 0x0E, 0x0F, 0x0D, 0x0B, 0x0C, 0x0B, 0x0B, 0x0D, 0x0C, 0x03, 0x02,
    0x0B, 0x09, 0x0B, 0x0D, 0x05, 0x09, 0x0B, 0x09, 0x0D, 0x0B, 0x0F, 0x0E, 0x09, 0x05, 0x03, 0x09, 0x05, 0x03, 0x09, 0x09, 0x05, 0x09, 0x0C, 0x0B,
    0x0E, 0x0E, 0x0F, 0x0E, 0x0E, 0x0F, 0x0D, 0x0C, 0x05, 0x05, 0x05, 0x0B, 0x0B, 0x0C, 0x0D, 0x0B, 0x0B, 0x0B, 0x09, 0x05, 0x0B, 0x0E, 0x0D, 0x0B,
    0x0D, 0x0F, 0x11, 0x0E, 0x0C, 0x09, 0x09, 0x05, 0x03, 0x03, 0x01, 0x05, 0x03, 0x09, 0x0B, 0x05, 0x09, 0x05, 0x09, 0x05, 0x05, 0x0B, 0x05, 0x0B,
    0x0B, 0x0B, 0x0C, 0x0D, 0x0E, 0x0D, 0x03, 0x05, 0x0B, 0x05, 0x09, 0x03, 0x03, 0x0B, 0x0B, 0x0C, 0x0B, 0x0B, 0x0B, 0x09, 0x05, 0x05, 0x05, 0x05,
    0x05, 0x05, 0x0B, 0x0B, 0x0C, 0x0C, 0x0D, 0x0E, 0x0B, 0x0B, 0x0C, 0x0C, 0x01, 0x02, 0x03, 0x05, 0x03, 0x02, 0x03, 0x05, 0x03, 0x03, 0x05, 0x09,
    0x05, 0x05, 0x05, 0x09, 0x05, 0x05, 0x05, 0x0B, 0x09, 0x05, 0x02, 0x03, 0x02, 0x03, 0x03, 0x05, 0x05, 0x05, 0x05, 0x05, 0x05, 0x09, 0x05, 0x09,
    0x0B, 0x0C, 0x0D, 0x0B, 0x0C, 0x0B, 0x0D, 0x0A, 0x0A, 0x0D, 0x0D, 0x09, 0x0B, 0x09, 0x0B, 0x0D, 0x0E, 0x0A, 0x0D, 0x0C, 0x02, 0x05, 0x05, 0x0B,
    0x0C, 0x0C, 0x0C, 0x0D, 0x0B, 0x0B, 0x0B, 0x0C, 0x0C, 0x09, 0x0C, 0x0B, 0x0C, 0x0B, 0x0B, 0x0B, 0x0D, 0x0B, 0x09, 0x0B, 0x05, 0x03, 0x05, 0x0D,
    0x0D, 0x05, 0x05, 0x05, 0x0B, 0x0B, 0x0F, 0x0D, 0x0D, 0x0B, 0x05, 0x01, 0x03, 0x03, 0x0B, 0x0B, 0x05, 0x05, 0x05, 0x09, 0x0D, 0x0F, 0x0C, 0x09,
    0x09, 0x05, 0x03, 0x0B, 0x09, 0x0C, 0x0C, 0x0B, 0x09, 0x0B, 0x0C, 0x0C, 0x0C, 0x0E, 0x0D, 0x0F, 0x0E, 0x0D, 0x0A, 0x0C, 0x0D, 0x0C, 0x0B, 0x0B,
    0x0B, 0x09, 0x09, 0x09, 0x05, 0x03, 0x05, 0x05, 0x05, 0x09, 0x0B, 0x09, 0x0B, 0x0B, 0x0F, 0x0A, 0x0E, 0x0C, 0x0B, 0x09, 0x05, 0x09, 0x09, 0x09,
    0x0B, 0x0B, 0x0B, 0x0B, 0x05, 0x05, 0x03, 0x09, 0x09, 0x03, 0x01, 0x01, 0x01, 0x01, 0x0B, 0x0B, 0x0D, 0x0D, 0x0B, 0x0C, 0x0C, 0x0D, 0x0B, 0x0B,
    0x0B, 0x05, 0x05, 0x03, 0x05, 0x05, 0x03, 0x09, 0x03, 0x05, 0x05, 0x05, 0x05, 0x05, 0x05, 0x05, 0x05, 0x0B, 0x0B, 0x0B, 0x0B, 0x0B, 0x0B, 0x0B,
    0x03, 0x03, 0x03, 0x05, 0x05, 0x05, 0x05, 0x05, 0x0C, 0x02, 0x03, 0x05, 0x05, 0x05, 0x0B, 0x05, 0x05, 0x0B, 0x0B, 0x09, 0x0B, 0x05, 0x05, 0x01,
    0x03, 0x03, 0x03, 0x09, 0x0C, 0x0C, 0x05, 0x0B, 0x05, 0x05, 0x05, 0x0B, 0x0C, 0x09, 0x0B, 0x0B, 0x0B, 0x05, 0x03, 0x05, 0x0B, 0x0B, 0x0B, 0x0C,
    0x0B, 0x0D, 0x0C, 0x0C, 0x0C, 0x0F, 0x10, 0x0F, 0x0B, 0x0B, 0x03, 0x03, 0x05, 0x0B, 0x0C, 0x0D, 0x0B, 0x0E, 0x0D, 0x0C, 0x0D, 0x0C, 0x0B, 0x0B,
    0x0B, 0x0B, 0x0B, 0x0B, 0x0D, 0x0C, 0x0C, 0x0C, 0x0D, 0x0B, 0x05, 0x0C, 0x05, 0x05, 0x05, 0x02, 0x05, 0x09, 0x0C, 0x0D, 0x05, 0x02, 0x05, 0x03,
    0x01, 0x06, 0x03, 0x02, 0x02, 0x01, 0x09, 0x05, 0x0B, 0x0C, 0x09, 0x03, 0x03, 0x04, 0x03, 0x03, 0x05, 0x0B, 0x0D, 0x0C, 0x05, 0x05, 0x0C, 0x11,
    0x0D, 0x0C, 0x0F, 0x0E, 0x0A, 0x0F, 0x0C, 0x0D, 0x0F, 0x0A, 0x0D, 0x0C, 0x09, 0x05, 0x05, 0x05, 0x03, 0x03, 0x01, 0x02, 0x05, 0x09, 0x0B, 0x0B,
    0x0B, 0x0C, 0x0C, 0x0A, 0x0E, 0x09, 0x0B, 0x0C, 0x0B, 0x0D, 0x11, 0x0D, 0x0D, 0x0B, 0x0B, 0x0C, 0x03, 0x03, 0x0B, 0x09, 0x05, 0x05, 0x05, 0x09,
    0x0C, 0x09, 0x09, 0x0B, 0x05, 0x05, 0x0B, 0x0B, 0x0B, 0x0D, 0x0C, 0x0C, 0x0D, 0x05, 0x03, 0x0B, 0x0B, 0x0C, 0x0C, 0x0B, 0x0C, 0x0B, 0x0B, 0x0B,
    0x09, 0x05, 0x0B, 0x09, 0x09, 0x09, 0x0D, 0x0D, 0x0D, 0x0D, 0x0B, 0x0B, 0x05, 0x03, 0x03, 0x0B, 0x05, 0x05, 0x05, 0x0B, 0x0C, 0x05, 0x03, 0x03,
    0x05, 0x05, 0x05, 0x05, 0x0B, 0x09, 0x05, 0x05, 0x05, 0x01, 0x03, 0x03, 0x05, 0x05, 0x03, 0x03, 0x03, 0x03, 0x05, 0x09, 0x0B, 0x05, 0x05, 0x05,
    0x05, 0x0B, 0x02, 0x02, 0x0B, 0x05, 0x06, 0x01, 0x04, 0x05, 0x0B, 0x0C, 0x0B, 0x0E, 0x0A, 0x0E, 0x0E, 0x0C, 0x0C, 0x0D, 0x0D, 0x0F, 0x0B, 0x0C,
    0x0C, 0x09, 0x0B, 0x0B, 0x0D, 0x0D, 0x0C, 0x0D, 0x0C, 0x0D, 0x0D, 0x0D, 0x0E, 0x0B, 0x0B, 0x0B, 0x0D, 0x0D, 0x0E, 0x0B, 0x0B, 0x0C, 0x0D, 0x0D,
    0x0D, 0x0B, 0x05, 0x0B, 0x0D, 0x0B, 0x0C, 0x0C, 0x0D, 0x05, 0x0B, 0x0D, 0x0D, 0x0F, 0x0B, 0x0B, 0x09, 0x09, 0x0B, 0x0E, 0x05, 0x0C, 0x0C, 0x0C,
    0x0C, 0x0B, 0x05, 0x09, 0x0B, 0x0B, 0x0B, 0x0C, 0x0C, 0x0C, 0x0C, 0x0C, 0x0C, 0x0C, 0x0C, 0x0A, 0x0F, 0x0C, 0x0C, 0x0C, 0x0C, 0x0C, 0x0B, 0x0B,
    0x0B, 0x0B, 0x0B, 0x05, 0x01, 0x05, 0x0B, 0x09, 0x0B, 0x0B, 0x05, 0x09, 0x0B, 0x0B, 0x0D, 0x0E, 0x0D, 0x0B, 0x05, 0x05, 0x05, 0x0B, 0x0B, 0x0B,
    0x0C, 0x0B, 0x0B, 0x05, 0x05, 0x05, 0x0B, 0x05, 0x05, 0x05, 0x09, 0x02, 0x05, 0x0B, 0x0B, 0x0C, 0x05, 0x01, 0x02, 0x03, 0x05, 0x05, 0x05, 0x05,
    0x0C, 0x0B, 0x0B, 0x0B, 0x0D, 0x0D, 0x0D, 0x0B, 0x0B, 0x0D, 0x0C, 0x0B, 0x0B, 0x0B, 0x0B, 0x0B, 0x0B, 0x0B, 0x0B, 0x0B, 0x0D, 0x05, 0x01, 0x02,
    0x03, 0x03, 0x03, 0x03, 0x0B, 0x09, 0x03, 0x03, 0x01, 0x02, 0x05, 0x02, 0x03, 0x05, 0x05, 0x05, 0x05, 0x09, 0x05, 0x05, 0x02, 0x02, 0x01, 0x03,
    0x03, 0x03, 0x03, 0x02, 0x03, 0x03, 0x09, 0x09, 0x05, 0x03, 0x05, 0x0B, 0x05, 0x09, 0x0B, 0x0B, 0x0B, 0x0B, 0x05, 0x05, 0x03, 0x01, 0x05, 0x0C,
    0x0B, 0x0C, 0x0C, 0x0C, 0x0B, 0x05, 0x09, 0x09, 0x0C, 0x0D, 0x0C, 0x0B, 0x0B, 0x0B, 0x0B, 0x0B, 0x09, 0x0B, 0x0C, 0x0B, 0x0C, 0x0C, 0x0D, 0x0D,
    0x0C, 0x0B, 0x0D, 0x0D, 0x0C, 0x0C, 0x0B, 0x05, 0x05, 0x05, 0x0D, 0x0C, 0x0B, 0x09, 0x05, 0x0C, 0x05, 0x03, 0x03, 0x05, 0x0B, 0x0B, 0x0B, 0x0D,
    0x0D, 0x0D, 0x0C, 0x0D, 0x11, 0x0E, 0x0E, 0x0E, 0x09, 0x0C, 0x0B, 0x0C, 0x0C, 0x0C, 0x0B, 0x09, 0x09, 0x09, 0x0B, 0x0E, 0x0F, 0x0C, 0x0B, 0x0C,
    0x0B, 0x09, 0x0C, 0x0B, 0x0B, 0x0B, 0x0C, 0x0D, 0x0B, 0x0B, 0x09, 0x0B, 0x0B, 0x0B, 0x09, 0x09, 0x0B, 0x09, 0x0C, 0x0D, 0x0C, 0x0D, 0x0C, 0x0D,
    0x0C, 0x0D, 0x0A, 0x0B, 0x0B, 0x05, 0x05, 0x05, 0x09, 0x05, 0x0B, 0x0B, 0x0B, 0x0B, 0x0B, 0x0C, 0x0B, 0x0B, 0x05, 0x03, 0x03, 0x05, 0x0D, 0x0A,
    0x0D, 0x0D, 0x0D, 0x0C, 0x0C, 0x0C, 0x0B, 0x05, 0x03, 0x03, 0x02, 0x05, 0x09, 0x09, 0x0B, 0x0B, 0x0B, 0x0C, 0x0D, 0x0D, 0x0D, 0x0C, 0x0C, 0x0C,
    0x0B, 0x05, 0x03, 0x03, 0x03, 0x03, 0x05, 0x05, 0x05, 0x02, 0x06, 0x06, 0x05, 0x09, 0x0B, 0x0B, 0x09, 0x09, 0x09, 0x05, 0x02, 0x02, 0x02, 0x05,
    0x05, 0x03, 0x0B, 0x0C, 0x0B, 0x0B, 0x0B, 0x05, 0x05, 0x03, 0x03, 0x03, 0x01, 0x03, 0x03, 0x09, 0x05, 0x05, 0x03, 0x09, 0x0B, 0x05, 0x0B, 0x0B,
    0x0C, 0x0B, 0x0B, 0x0B, 0x0C, 0x0C, 0x0E, 0x0C, 0x03, 0x01, 0x05, 0x03, 0x0B, 0x09, 0x05, 0x0B, 0x0B, 0x05, 0x05, 0x05, 0x0B, 0x0B, 0x0B, 0x0B,
    0x0B, 0x0B, 0x0B, 0x09, 0x0B, 0x0B, 0x0B, 0x0B, 0x0B, 0x0B, 0x0C, 0x0D, 0x0C, 0x0C, 0x0D, 0x0D, 0x0D, 0x0D, 0x0B, 0x0B, 0x0D, 0x0D, 0x0B, 0x05,
    0x0C, 0x0B, 0x0C, 0x0D, 0x09, 0x03, 0x0C, 0x0C, 0x0D, 0x0B, 0x0B, 0x0C, 0x0C, 0x0B, 0x0B, 0x0B, 0x09, 0x0B, 0x0D, 0x0C, 0x05, 0x09, 0x0C, 0x0C,
    0x0C, 0x0C, 0x0B, 0x09, 0x0B, 0x0B, 0x0B, 0x0B, 0x0B, 0x0C, 0x05, 0x03, 0x03, 0x0B, 0x0B, 0x05, 0x0C, 0x0B, 0x0D, 0x0F, 0x0E, 0x0C, 0x09, 0x05,
    0x09, 0x09, 0x0B, 0x09, 0x0B, 0x0C, 0x0D, 0x0D, 0x0E, 0x0D, 0x0D, 0x0D, 0x0D, 0x0C, 0x0B, 0x0C, 0x0B, 0x09, 0x09, 0x09, 0x05, 0x0B, 0x0B, 0x09,
    0x0B, 0x0B, 0x0B, 0x0C, 0x0C, 0x09, 0x05, 0x03, 0x0C, 0x0D, 0x0B, 0x0B, 0x0C, 0x0C, 0x0C, 0x0B, 0x0C, 0x0E, 0x0D, 0x0C, 0x05, 0x06, 0x06, 0x03,
    0x09, 0x0B, 0x09, 0x0C, 0x0C, 0x0C, 0x0C, 0x0D, 0x0D, 0x0D, 0x0B, 0x0B, 0x03, 0x05, 0x05, 0x05, 0x02, 0x01, 0x02, 0x05, 0x05, 0x0D, 0x10, 0x0A,
    0x05, 0x05, 0x05, 0x05, 0x0B, 0x0B, 0x0B, 0x05, 0x05, 0x05, 0x05, 0x03, 0x03, 0x02, 0x03, 0x02, 0x02, 0x03, 0x05, 0x05, 0x05, 0x03, 0x04, 0x06,
    0x04, 0x05, 0x05, 0x05, 0x05, 0x05, 0x0C, 0x0B, 0x0B, 0x05, 0x09, 0x0C, 0x0D, 0x0D, 0x0C, 0x0C, 0x0B, 0x0C, 0x0F, 0x0A, 0x0C, 0x05, 0x02, 0x01,
    0x05, 0x0B, 0x0B, 0x0B, 0x0B, 0x0B, 0x0B, 0x0B, 0x0B, 0x0C, 0x0B, 0x0C, 0x0B, 0x09, 0x0B, 0x0B, 0x05, 0x05, 0x09, 0x0B, 0x05, 0x0B, 0x0B, 0x0D,
    0x0B, 0x09, 0x0B, 0x0B, 0x0C, 0x0C, 0x0C, 0x0F, 0x0C, 0x0C, 0x0C, 0x0B, 0x0B, 0x0B, 0x0C, 0x0C, 0x0F, 0x0D, 0x09, 0x0B, 0x0D, 0x0F, 0x0E, 0x0D,
    0x0C, 0x0B, 0x09, 0x05, 0x03, 0x09, 0x0D, 0x0E, 0x0B, 0x05, 0x03, 0x05, 0x05, 0x09, 0x0B, 0x03, 0x05, 0x0B, 0x09, 0x09, 0x0B, 0x03, 0x09, 0x0C,
    0x0D, 0x0B, 0x0B, 0x0C, 0x0D, 0x0D, 0x0D, 0x0C, 0x0D, 0x0B, 0x09, 0x0B, 0x0B, 0x0C, 0x0B, 0x09, 0x0B, 0x0E, 0x0E, 0x0E, 0x0B, 0x0B, 0x0C, 0x0C,
    0x0C, 0x0C, 0x0B, 0x0C, 0x0C, 0x0C, 0x0D, 0x0C, 0x0B, 0x09, 0x0B, 0x09, 0x09, 0x05, 0x09, 0x09, 0x09, 0x0C, 0x09, 0x0B, 0x0B, 0x09, 0x0B, 0x0C,
    0x0C, 0x0C, 0x0C, 0x0C, 0x0D, 0x0D, 0x0D, 0x0C, 0x0E, 0x10, 0x0A, 0x05, 0x05, 0x09, 0x0B, 0x0B, 0x0C, 0x0B, 0x0B, 0x0C, 0x05, 0x05, 0x05, 0x05,
    0x05, 0x05, 0x0B, 0x05, 0x0B, 0x05, 0x05, 0x03, 0x02, 0x0B, 0x0F, 0x0A, 0x05, 0x0B, 0x09, 0x0B, 0x09, 0x05, 0x05, 0x05, 0x05, 0x0B, 0x0C, 0x05,
    0x05, 0x03, 0x02, 0x03, 0x05, 0x05, 0x05, 0x05, 0x03, 0x05, 0x0B, 0x02, 0x03, 0x02, 0x03, 0x03, 0x06, 0x03, 0x05, 0x05, 0x03, 0x03, 0x03, 0x09,
    0x0B, 0x0D, 0x0C, 0x0C, 0x0E, 0x0D, 0x0E, 0x0D, 0x0E, 0x0D, 0x03, 0x03, 0x03, 0x05, 0x09, 0x0B, 0x0D, 0x0E, 0x0D, 0x0B, 0x0C, 0x0E, 0x0D, 0x0D,
    0x0C, 0x05, 0x05, 0x09, 0x0B, 0x0B, 0x0B, 0x0B, 0x05, 0x09, 0x0B, 0x0B, 0x0D, 0x05, 0x09, 0x09, 0x05, 0x0B, 0x0B, 0x0C, 0x0B, 0x09, 0x05, 0x09,
    0x05, 0x09, 0x09, 0x0C, 0x0D, 0x11, 0x0D, 0x0C, 0x0C, 0x0C, 0x0C, 0x0C, 0x0C, 0x09, 0x0B, 0x05, 0x03, 0x05, 0x0B, 0x0E, 0x0C, 0x05, 0x05, 0x05,
    0x05, 0x05, 0x0B, 0x0B, 0x0C, 0x0B, 0x0B, 0x0B, 0x09, 0x05, 0x09, 0x0C, 0x0D, 0x09, 0x0B, 0x0C, 0x0B, 0x0B, 0x09, 0x05, 0x03, 0x09, 0x0C, 0x0B,
    0x0C, 0x0D, 0x0B, 0x0B, 0x0B, 0x0E, 0x0F, 0x0E, 0x0D, 0x0E, 0x0E, 0x0B, 0x0B, 0x0B, 0x0B, 0x0B, 0x0D, 0x0D, 0x0D, 0x0C, 0x0B, 0x05, 0x05, 0x05,
    0x05, 0x09, 0x05, 0x05, 0x05, 0x09, 0x0B, 0x0C, 0x0C, 0x0B, 0x09, 0x0B, 0x0B, 0x0C, 0x0D, 0x0D, 0x0B, 0x0B, 0x09, 0x05, 0x05, 0x0B, 0x0A, 0x0C,
    0x05, 0x09, 0x0B, 0x09, 0x0B, 0x0B, 0x0B, 0x0B, 0x03, 0x03, 0x03, 0x05, 0x0B, 0x0B, 0x05, 0x05, 0x0B, 0x09, 0x0B, 0x03, 0x03, 0x09, 0x0C, 0x0C,
    0x05, 0x05, 0x05, 0x05, 0x03, 0x05, 0x05, 0x03, 0x05, 0x03, 0x02, 0x03, 0x05, 0x09, 0x0B, 0x0C, 0x0B, 0x0B, 0x09, 0x05, 0x03, 0x03, 0x09, 0x05,
    0x01, 0x04, 0x01, 0x01, 0x02, 0x03, 0x02, 0x02, 0x05, 0x03, 0x05, 0x03, 0x02, 0x03, 0x09, 0x0C, 0x0E, 0x0C, 0x0D, 0x11, 0x13, 0x14, 0x0F, 0x09,
    0x0B, 0x05, 0x0B, 0x0B, 0x0B, 0x0B, 0x0C, 0x0B, 0x0B, 0x0C, 0x0C, 0x0B, 0x0B, 0x0B, 0x09, 0x05, 0x09, 0x05, 0x03, 0x0B, 0x0D, 0x0C, 0x0C, 0x0C,
    0x0D, 0x0F, 0x0D, 0x05, 0x03, 0x05, 0x0C, 0x09, 0x0B, 0x09, 0x0B, 0x05, 0x03, 0x0B, 0x05, 0x09, 0x0D, 0x0F, 0x0E, 0x0B, 0x0B, 0x0B, 0x0B, 0x0B,
    0x0B, 0x0B, 0x09, 0x03, 0x05, 0x05, 0x05, 0x0C, 0x0C, 0x0C, 0x0B, 0x0C, 0x0C, 0x09, 0x05, 0x05, 0x09, 0x09, 0x0B, 0x0B, 0x09, 0x09, 0x0C, 0x0C,
    0x0D, 0x0D, 0x05, 0x0D, 0x0C, 0x0B, 0x0B, 0x0B, 0x05, 0x0C, 0x0D, 0x0B, 0x0C, 0x0C, 0x0B, 0x0D, 0x0C, 0x0C, 0x0B, 0x0C, 0x0D, 0x0C, 0x0E, 0x0F,
    0x0C, 0x09, 0x0D, 0x0D, 0x09, 0x0B, 0x0D, 0x0D, 0x0B, 0x0D, 0x0D, 0x0E, 0x0C, 0x0C, 0x0D, 0x09, 0x03, 0x05, 0x09, 0x0B, 0x0B, 0x0B, 0x0B, 0x0B,
    0x05, 0x05, 0x0C, 0x0C, 0x0B, 0x05, 0x05, 0x05, 0x0B, 0x0C, 0x0B, 0x0D, 0x0C, 0x0B, 0x09, 0x09, 0x0B, 0x0B, 0x09, 0x03, 0x05, 0x0B, 0x0B, 0x09,
    0x09, 0x0B, 0x05, 0x05, 0x05, 0x0B, 0x0B, 0x0B, 0x0B, 0x09, 0x0B, 0x0C, 0x0B, 0x05, 0x0B, 0x09, 0x05, 0x05, 0x05, 0x05, 0x05, 0x03, 0x05, 0x05,
    0x03, 0x05, 0x05, 0x05, 0x0B, 0x03, 0x03, 0x03, 0x05, 0x05, 0x05, 0x05, 0x05, 0x05, 0x05, 0x03, 0x01, 0x02, 0x01, 0x02, 0x01, 0x02, 0x01, 0x01,
    0x01, 0x04, 0x01, 0x01, 0x02, 0x03, 0x05, 0x0B, 0x0D, 0x0D, 0x0B, 0x0D, 0x0B, 0x05, 0x09, 0x0B, 0x0B, 0x0B, 0x0C, 0x0C, 0x05, 0x05, 0x0B, 0x05,
    0x05, 0x05, 0x05, 0x02, 0x05, 0x09, 0x09, 0x05, 0x05, 0x05, 0x0C, 0x0C, 0x0D, 0x0D, 0x0B, 0x05, 0x0C, 0x0E, 0x0B, 0x05, 0x0B, 0x0B, 0x0B, 0x0B,
    0x0B, 0x0B, 0x09, 0x05, 0x0B, 0x0C, 0x0C, 0x05, 0x05, 0x0B, 0x0B, 0x0B, 0x0B, 0x0B, 0x0B, 0x05, 0x03, 0x05, 0x03, 0x05, 0x0B, 0x0D, 0x0C, 0x0C,
    0x0E, 0x0D, 0x0C, 0x0C, 0x05, 0x03, 0x05, 0x0B, 0x0B, 0x05, 0x02, 0x03, 0x09, 0x0D, 0x0C, 0x0D, 0x0B, 0x0B, 0x0D, 0x0E, 0x0D, 0x0B, 0x05, 0x0B,
    0x0B, 0x0B, 0x0D, 0x0D, 0x0D, 0x0C, 0x0B, 0x05, 0x0D, 0x0D, 0x0C, 0x0E, 0x0D, 0x0F, 0x0D, 0x0D, 0x0D, 0x0C, 0x0B, 0x0B, 0x09, 0x09, 0x0B, 0x0C,
    0x0C, 0x0C, 0x0C, 0x09, 0x03, 0x03, 0x03, 0x0B, 0x0C, 0x0C, 0x0B, 0x05, 0x0D, 0x0D, 0x0C, 0x0C, 0x0D, 0x05, 0x03, 0x05, 0x05, 0x0C, 0x0C, 0x0B,
    0x0D, 0x09, 0x0B, 0x0B, 0x0B, 0x0C, 0x0B, 0x03, 0x05, 0x09, 0x0B, 0x0B, 0x0B, 0x0B, 0x0B, 0x0B, 0x05, 0x0B, 0x09, 0x0C, 0x0D, 0x0C, 0x0B, 0x0B,
    0x0B, 0x0B, 0x0B, 0x05, 0x05, 0x05, 0x05, 0x02, 0x09, 0x01, 0x0B, 0x0C, 0x09, 0x05, 0x05, 0x05, 0x03, 0x03, 0x05, 0x05, 0x05, 0x05, 0x0B, 0x0B,
    0x09, 0x05, 0x05, 0x05, 0x02, 0x03, 0x05, 0x03, 0x05, 0x03, 0x03, 0x02, 0x02, 0x01, 0x02, 0x03, 0x05, 0x05, 0x05, 0x03, 0x03, 0x05, 0x09, 0x09,
    0x0B, 0x0C, 0x0B, 0x0E, 0x0D, 0x0D, 0x0D, 0x0D, 0x0B, 0x05, 0x05, 0x0B, 0x0D, 0x0D, 0x0B, 0x0B, 0x0C, 0x05, 0x03, 0x03, 0x0D, 0x0C, 0x0E, 0x0D,
    0x0D, 0x0E, 0x0D, 0x0E, 0x0D, 0x0B, 0x09, 0x05, 0x0B, 0x09, 0x05, 0x0B, 0x09, 0x09, 0x05, 0x05, 0x03, 0x0B, 0x09, 0x05, 0x0B, 0x05, 0x09, 0x0B,
    0x0C, 0x0B, 0x09, 0x05, 0x05, 0x05, 0x09, 0x09, 0x0D, 0x0D, 0x0C, 0x0B, 0x0C, 0x0D, 0x0B, 0x09, 0x09, 0x02, 0x02, 0x03, 0x09, 0x0B, 0x03, 0x03,
    0x03, 0x0C, 0x0B, 0x0B, 0x0B, 0x0B, 0x0B, 0x0D, 0x0F, 0x0F, 0x0E, 0x0D, 0x0F, 0x0E, 0x0C, 0x0D, 0x0D, 0x0D, 0x0E, 0x0D, 0x0C, 0x0B, 0x0B, 0x0B,
    0x0B, 0x0D, 0x0D, 0x0D, 0x0B, 0x0B, 0x05, 0x05, 0x0B, 0x05, 0x05, 0x05, 0x05, 0x05, 0x09, 0x0B, 0x0C, 0x05, 0x0B, 0x09, 0x0B, 0x0C, 0x0C, 0x0C,
    0x0E, 0x0D, 0x0C, 0x0D, 0x0C, 0x0D, 0x0F, 0x0B, 0x0D, 0x0D, 0x0E, 0x0C, 0x0C, 0x0B, 0x0B, 0x0B, 0x05, 0x0B, 0x0B, 0x0C, 0x0C, 0x05, 0x09, 0x0B,
    0x09, 0x09, 0x0B, 0x05, 0x05, 0x05, 0x05, 0x0C, 0x0E, 0x0D, 0x0B, 0x02, 0x0B, 0x0D, 0x0D, 0x09, 0x09, 0x05, 0x05, 0x09, 0x01, 0x03, 0x02, 0x05,
    0x05, 0x05, 0x03, 0x05, 0x09, 0x0B, 0x05, 0x05, 0x0B, 0x0B, 0x0C, 0x0B, 0x09, 0x05, 0x03, 0x03, 0x0B, 0x09, 0x02, 0x05, 0x05, 0x03, 0x02, 0x03,
    0x03, 0x05, 0x05, 0x05, 0x05, 0x05, 0x09, 0x03, 0x03, 0x03, 0x09, 0x0C, 0x05, 0x05, 0x09, 0x05, 0x0B, 0x0C, 0x0C, 0x0B, 0x0C, 0x09, 0x0B, 0x09,
    0x0B, 0x0B, 0x0B, 0x09, 0x09, 0x09, 0x0C, 0x09, 0x0B, 0x0B, 0x05, 0x0B, 0x0B, 0x0B, 0x0C, 0x05, 0x03, 0x03, 0x09, 0x0B, 0x09, 0x05, 0x02, 0x0B,
    0x09, 0x03, 0x0B, 0x0D, 0x0B, 0x09, 0x03, 0x05, 0x09, 0x09, 0x09, 0x05, 0x0B, 0x0B, 0x0C, 0x0B, 0x09, 0x05, 0x09, 0x09, 0x05, 0x05, 0x09, 0x09,
    0x05, 0x09, 0x03, 0x03, 0x02, 0x02, 0x03, 0x01, 0x02, 0x03, 0x01, 0x03, 0x02, 0x03, 0x09, 0x03, 0x01, 0x0C, 0x0B, 0x0C, 0x0D, 0x0D, 0x0C, 0x0D,
    0x0C, 0x0D, 0x0E, 0x0D, 0x0B, 0x0D, 0x0C, 0x0D, 0x0D, 0x02, 0x02, 0x02, 0x09, 0x09, 0x0D, 0x0B, 0x0C, 0x0B, 0x0B, 0x0B, 0x0B, 0x0C, 0x0B, 0x02,
    0x05, 0x05, 0x09, 0x0C, 0x0C, 0x0E, 0x05, 0x0B, 0x0B, 0x05, 0x0D, 0x0E, 0x0C, 0x0C, 0x0D, 0x0B, 0x0B, 0x0B, 0x09, 0x09, 0x0B, 0x09, 0x0B, 0x0C,
    0x0D, 0x0B, 0x09, 0x05, 0x09, 0x05, 0x0C, 0x0C, 0x0C, 0x0C, 0x0D, 0x0B, 0x0B, 0x05, 0x09, 0x03, 0x09, 0x0B, 0x0C, 0x0D, 0x0E, 0x0D, 0x0D, 0x05,
    0x05, 0x05, 0x05, 0x05, 0x0B, 0x05, 0x05, 0x05, 0x09, 0x05, 0x03, 0x02, 0x03, 0x05, 0x01, 0x03, 0x05, 0x09, 0x0B, 0x0B, 0x0D, 0x0E, 0x0D, 0x0B,
    0x0B, 0x0C, 0x09, 0x09, 0x09, 0x03, 0x09, 0x05, 0x05, 0x05, 0x03, 0x05, 0x03, 0x02, 0x01, 0x04, 0x04, 0x05, 0x05, 0x03, 0x03, 0x05, 0x05, 0x05,
    0x0D, 0x09, 0x05, 0x05, 0x0B, 0x0B, 0x0B, 0x0B, 0x0B, 0x0B, 0x09, 0x0B, 0x0C, 0x0C, 0x0B, 0x0C, 0x0C, 0x0D, 0x0B, 0x0B, 0x0B, 0x09, 0x05, 0x03,
    0x05, 0x05, 0x09, 0x0B, 0x0B, 0x0B, 0x0D, 0x0E, 0x0B, 0x09, 0x0C, 0x0C, 0x0E, 0x0F, 0x0E, 0x0D, 0x05, 0x05, 0x09, 0x09, 0x05, 0x05, 0x05, 0x0B,
    0x09, 0x09, 0x09, 0x0B, 0x0B, 0x03, 0x01, 0x03, 0x0B, 0x05, 0x03, 0x03, 0x05, 0x09, 0x09, 0x09, 0x09, 0x09, 0x05, 0x05, 0x05, 0x01, 0x02, 0x02,
    0x05, 0x03, 0x05, 0x01, 0x09, 0x0B, 0x09, 0x0D, 0x0D, 0x09, 0x0B, 0x0C, 0x09, 0x0B, 0x0D, 0x0B, 0x0B, 0x0B, 0x0C, 0x0C, 0x0B, 0x0C, 0x0C, 0x0C,
    0x0B, 0x05, 0x02, 0x09, 0x0B, 0x0B, 0x0B, 0x0B, 0x05, 0x05, 0x0B, 0x0B, 0x05, 0x0B, 0x0B, 0x0B, 0x09, 0x03, 0x05, 0x0D, 0x05, 0x05, 0x05, 0x0B,
    0x0B, 0x0C, 0x0C, 0x0D, 0x0D, 0x05, 0x01, 0x05, 0x0B, 0x05, 0x0B, 0x0C, 0x05, 0x05, 0x0C, 0x0C, 0x0B, 0x0C, 0x0B, 0x0E, 0x0F, 0x0D, 0x0B, 0x0B,
    0x09, 0x05, 0x03, 0x05, 0x02, 0x09, 0x0B, 0x0D, 0x0B, 0x0C, 0x0E, 0x0D, 0x05, 0x05, 0x05, 0x05, 0x05, 0x05, 0x0C, 0x0C, 0x0C, 0x0E, 0x03, 0x05,
    0x05, 0x05, 0x05, 0x05, 0x05, 0x0D, 0x0A, 0x0F, 0x11, 0x0A, 0x0F, 0x0F, 0x0B, 0x0D, 0x0B, 0x0B, 0x05, 0x05, 0x0B, 0x09, 0x09, 0x0B, 0x0B, 0x03,
    0x04, 0x01, 0x01, 0x04, 0x02, 0x05, 0x05, 0x05, 0x05, 0x01, 0x05, 0x05, 0x05, 0x03, 0x01, 0x02, 0x01, 0x09, 0x0B, 0x0B, 0x05, 0x0B, 0x0C, 0x0B,
    0x09, 0x03, 0x09, 0x09, 0x09, 0x0B, 0x0C, 0x0B, 0x05, 0x05, 0x05, 0x05, 0x09, 0x0B, 0x0B, 0x0B, 0x0D, 0x0F, 0x11, 0x0E, 0x0C, 0x0B, 0x05, 0x05,
    0x05, 0x03, 0x05, 0x03, 0x03, 0x0B, 0x09, 0x09, 0x09, 0x0B, 0x05, 0x05, 0x05, 0x05, 0x09, 0x05, 0x05, 0x03, 0x03, 0x0B, 0x0E, 0x0C, 0x0B, 0x0B,
    0x09, 0x0C, 0x0D, 0x0D, 0x0C, 0x0E, 0x0C, 0x0B, 0x0C, 0x0B, 0x05, 0x05, 0x03, 0x05, 0x02, 0x02, 0x03, 0x03, 0x0B, 0x03, 0x0B, 0x0C, 0x0C, 0x05,
    0x05, 0x05, 0x0B, 0x05, 0x05, 0x0B, 0x0B, 0x0C, 0x0C, 0x0D, 0x0C, 0x0B, 0x09, 0x0C, 0x0D, 0x0C, 0x0F, 0x0A, 0x0D, 0x0E, 0x0D, 0x0D, 0x0B, 0x0B,
    0x09, 0x09, 0x09, 0x01, 0x03, 0x0C, 0x09, 0x0B, 0x0D, 0x0C, 0x05, 0x03, 0x09, 0x05, 0x09, 0x0B, 0x0C, 0x0D, 0x0C, 0x0D, 0x11, 0x0F, 0x0C, 0x0B,
    0x0C, 0x0F, 0x0F, 0x0F, 0x0C, 0x05, 0x0C, 0x0E, 0x0E, 0x0F, 0x0E, 0x0C, 0x0C, 0x0D, 0x0E, 0x0A, 0x0F, 0x0B, 0x0B, 0x0D, 0x0E, 0x0B, 0x09, 0x09,
    0x05, 0x05, 0x05, 0x05, 0x05, 0x05, 0x0B, 0x0B, 0x0B, 0x0C, 0x0B, 0x09, 0x0B, 0x0B, 0x09, 0x0B, 0x0B, 0x05, 0x05, 0x05, 0x05, 0x0B, 0x05, 0x0B,
    0x0B, 0x05, 0x0B, 0x05, 0x0C, 0x0C, 0x09, 0x0D, 0x0D, 0x0C, 0x0D, 0x0C, 0x05, 0x01, 0x01, 0x05, 0x05, 0x05, 0x05, 0x09, 0x03, 0x03, 0x05, 0x01,
    0x02, 0x01, 0x02, 0x03, 0x03, 0x05, 0x05, 0x05, 0x05, 0x03, 0x03, 0x05, 0x09, 0x09, 0x0D, 0x0C, 0x0B, 0x09, 0x0B, 0x0D, 0x0C, 0x09, 0x03, 0x03,
    0x05, 0x09, 0x09, 0x09, 0x05, 0x09, 0x05, 0x05, 0x05, 0x03, 0x01, 0x01, 0x04, 0x06, 0x01, 0x04, 0x01, 0x03, 0x09, 0x05, 0x05, 0x05, 0x05, 0x09,
    0x05, 0x05, 0x05, 0x03, 0x03, 0x03, 0x03, 0x05, 0x05, 0x0C, 0x0B, 0x0B, 0x09, 0x05, 0x09, 0x0B, 0x0B, 0x0C, 0x0C, 0x0D, 0x0C, 0x0B, 0x0B, 0x0B,
    0x03, 0x0B, 0x03, 0x03, 0x05, 0x03, 0x03, 0x05, 0x09, 0x0D, 0x09, 0x0B, 0x0E, 0x0E, 0x0B, 0x0B, 0x0C, 0x0C, 0x0B, 0x0D, 0x0A, 0x0F, 0x0F, 0x0B,
    0x0C, 0x02, 0x0B, 0x0A, 0x11, 0x0A, 0x10, 0x10, 0x10, 0x11, 0x0E, 0x09, 0x0C, 0x0C, 0x09, 0x05, 0x05, 0x09, 0x0C, 0x05, 0x05, 0x05, 0x03, 0x05,
    0x05, 0x05, 0x03, 0x03, 0x0B, 0x0C, 0x0F, 0x0D, 0x0C, 0x0C, 0x0B, 0x03, 0x0C, 0x0B, 0x0B, 0x09, 0x0D, 0x0C, 0x03, 0x0B, 0x0E, 0x0E, 0x0D, 0x0B,
    0x0B, 0x0C, 0x0E, 0x0B, 0x0C, 0x0D, 0x0C, 0x09, 0x0B, 0x02, 0x01, 0x0B, 0x03, 0x03, 0x05, 0x05, 0x09, 0x05, 0x09, 0x05, 0x05, 0x09, 0x0B, 0x05,
    0x0C, 0x05, 0x05, 0x05, 0x09, 0x09, 0x09, 0x05, 0x02, 0x05, 0x09, 0x0B, 0x0C, 0x0B, 0x05, 0x05, 0x09, 0x09, 0x0C, 0x0E, 0x0F, 0x0E, 0x0E, 0x0D,
    0x0E, 0x0A, 0x05, 0x02, 0x02, 0x03, 0x03, 0x03, 0x01, 0x01, 0x01, 0x01, 0x01, 0x03, 0x05, 0x09, 0x05, 0x02, 0x02, 0x03, 0x01, 0x03, 0x05, 0x05,
    0x03, 0x0B, 0x0B, 0x05, 0x05, 0x03, 0x03, 0x09, 0x0D, 0x0F, 0x0B, 0x05, 0x05, 0x05, 0x03, 0x05, 0x03, 0x01, 0x04, 0x06, 0x06, 0x02, 0x01, 0x01,
    0x01, 0x03, 0x03, 0x09, 0x02, 0x03, 0x02, 0x02, 0x03, 0x02, 0x01, 0x02, 0x01, 0x02, 0x01, 0x01, 0x02, 0x01, 0x02, 0x09, 0x09, 0x09, 0x05, 0x0B,
    0x0B, 0x09, 0x05, 0x09, 0x0B, 0x0D, 0x0C, 0x0B, 0x09, 0x0B, 0x0B, 0x0C, 0x0B, 0x0B, 0x05, 0x02, 0x05, 0x05, 0x09, 0x03, 0x05, 0x0B, 0x0C, 0x0C,
    0x0B, 0x0B, 0x0B, 0x0C, 0x0C, 0x0C, 0x0D, 0x0E, 0x0C, 0x0C, 0x0B, 0x0B, 0x0C, 0x0D, 0x0E, 0x0B, 0x0C, 0x0C, 0x0C, 0x0C, 0x0D, 0x0D, 0x0C, 0x0B,
    0x0B, 0x0B, 0x09, 0x03, 0x01, 0x02, 0x03, 0x05, 0x05, 0x0B, 0x05, 0x05, 0x03, 0x02, 0x02, 0x05, 0x09, 0x09, 0x0B, 0x0C, 0x0C, 0x0D, 0x0C, 0x05,
    0x02, 0x05, 0x0B, 0x0B, 0x0B, 0x0B, 0x0C, 0x0B, 0x0B, 0x0D, 0x0C, 0x0C, 0x0C, 0x0C, 0x0D, 0x0D, 0x0D, 0x09, 0x05, 0x05, 0x05, 0x0B, 0x0B, 0x0B,
    0x05, 0x09, 0x05, 0x03, 0x03, 0x05, 0x09, 0x0B, 0x0B, 0x05, 0x05, 0x05, 0x09, 0x0B, 0x09, 0x0B, 0x0B, 0x05, 0x05, 0x05, 0x05, 0x0B, 0x05, 0x02,
    0x05, 0x05, 0x01, 0x09, 0x05, 0x03, 0x05, 0x05, 0x0D, 0x0C, 0x0E, 0x0F, 0x0D, 0x0B, 0x09, 0x05, 0x05, 0x01, 0x01, 0x01, 0x01, 0x01, 0x03, 0x03,
    0x03, 0x05, 0x09, 0x09, 0x05, 0x09, 0x03, 0x01, 0x01, 0x01, 0x01, 0x01, 0x03, 0x05, 0x05, 0x09, 0x05, 0x03, 0x05, 0x03, 0x0B, 0x0B, 0x0D, 0x0D,
    0x0D, 0x0D, 0x0B, 0x03, 0x02, 0x02, 0x02, 0x02, 0x01, 0x02, 0x03, 0x03, 0x03, 0x09, 0x05, 0x09, 0x0B, 0x01, 0x03, 0x09, 0x05, 0x05, 0x03, 0x02,
    0x02, 0x01, 0x01, 0x02, 0x02, 0x03, 0x05, 0x03, 0x05, 0x09, 0x0E, 0x0B, 0x09, 0x05, 0x0B, 0x0B, 0x0D, 0x0C, 0x0B, 0x0C, 0x0C, 0x0B, 0x09, 0x05,
    0x0D, 0x0E, 0x0D, 0x0B, 0x05, 0x05, 0x03, 0x03, 0x01, 0x02, 0x03, 0x09, 0x0C, 0x0D, 0x0C, 0x0C, 0x0B, 0x0B, 0x0D, 0x0E, 0x0B, 0x0B, 0x0B, 0x0C,
    0x0C, 0x0B, 0x0B, 0x0B, 0x0B, 0x0C, 0x0B, 0x05, 0x03, 0x0B, 0x0B, 0x0B, 0x05, 0x05, 0x05, 0x03, 0x03, 0x05, 0x0B, 0x05, 0x05, 0x0B, 0x05, 0x05,
    0x03, 0x03, 0x05, 0x05, 0x05, 0x05, 0x05, 0x0B, 0x0D, 0x0D, 0x0D, 0x0F, 0x0B, 0x03, 0x05, 0x0B, 0x0C, 0x0B, 0x0E, 0x0C, 0x0B, 0x0C, 0x0C, 0x0B,
    0x0B, 0x0B, 0x0B, 0x09, 0x09, 0x0B, 0x03, 0x05, 0x0B, 0x0B, 0x0B, 0x0C, 0x03, 0x05, 0x0B, 0x0B, 0x05, 0x05, 0x05, 0x09, 0x0D, 0x0B, 0x0B, 0x05,
    0x09, 0x09, 0x05, 0x05, 0x05, 0x05, 0x05, 0x05, 0x05, 0x02, 0x05, 0x0B, 0x09, 0x09, 0x09, 0x05, 0x03, 0x01, 0x03, 0x05, 0x05, 0x05, 0x09, 0x05,
    0x05, 0x05, 0x05, 0x05, 0x03, 0x03, 0x02, 0x01, 0x03, 0x03, 0x05, 0x05, 0x05, 0x05, 0x05, 0x05, 0x05, 0x09, 0x0B, 0x0B, 0x0B, 0x09, 0x03, 0x03,
    0x01, 0x01, 0x01, 0x02, 0x01, 0x02, 0x01, 0x03, 0x03, 0x05, 0x05, 0x09, 0x09, 0x03, 0x03, 0x03, 0x02, 0x03, 0x05, 0x09, 0x09, 0x05, 0x05, 0x09,
    0x05, 0x01, 0x03, 0x09, 0x09, 0x05, 0x09, 0x0B, 0x0B, 0x0B, 0x0B, 0x0B, 0x0B, 0x0D, 0x0C, 0x05, 0x05, 0x03, 0x05, 0x09, 0x05, 0x0D, 0x0C, 0x05,
    0x0B, 0x0B, 0x0B, 0x0B, 0x0B, 0x0B, 0x0B, 0x0C, 0x0C, 0x0C, 0x0B, 0x0D, 0x0D, 0x0D, 0x0F, 0x0E, 0x05, 0x05, 0x0B, 0x0D, 0x0C, 0x09, 0x09, 0x03,
    0x05, 0x0B, 0x09, 0x0B, 0x0B, 0x0D, 0x0C, 0x0C, 0x0B, 0x0B, 0x0D, 0x0C, 0x0B, 0x0B, 0x03, 0x05, 0x09, 0x0B, 0x0B, 0x0B, 0x0D, 0x0D, 0x0B, 0x05,
    0x03, 0x03, 0x03, 0x05, 0x0C, 0x0D, 0x09, 0x0B, 0x0B, 0x0B, 0x0D, 0x0B, 0x05, 0x02, 0x01, 0x05, 0x09, 0x0B, 0x0B, 0x0B, 0x0B, 0x0B, 0x0C, 0x0D,
    0x0F, 0x0C, 0x03, 0x0B, 0x0B, 0x0B, 0x0B, 0x0D, 0x0C, 0x0B, 0x0B, 0x05, 0x03, 0x05, 0x03, 0x0C, 0x0C, 0x05, 0x02, 0x05, 0x09, 0x05, 0x0B, 0x0B,
    0x04, 0x02, 0x03, 0x05, 0x05, 0x05, 0x05, 0x0B, 0x05, 0x0B, 0x09, 0x05, 0x09, 0x0C, 0x05, 0x05, 0x05, 0x05, 0x05, 0x02, 0x04, 0x02, 0x03, 0x03,
    0x05, 0x0B, 0x0E, 0x0B, 0x05, 0x09, 0x05, 0x05, 0x01, 0x04, 0x01, 0x05, 0x03, 0x03, 0x03, 0x02, 0x02, 0x03, 0x03, 0x03, 0x05, 0x05, 0x0B, 0x05,
    0x05, 0x09, 0x09, 0x09, 0x05, 0x0B, 0x0B, 0x09, 0x09, 0x0B, 0x09, 0x03, 0x03, 0x02, 0x01, 0x06, 0x01, 0x01, 0x03, 0x02, 0x01, 0x03, 0x01, 0x03,
    0x05, 0x03, 0x03, 0x03, 0x02, 0x03, 0x0B, 0x0C, 0x09, 0x02, 0x01, 0x05, 0x09, 0x0B, 0x0C, 0x05, 0x05, 0x05, 0x05, 0x0B, 0x0B, 0x0B, 0x0B, 0x0B,
    0x0C, 0x0D, 0x0C, 0x0B, 0x05, 0x05, 0x05, 0x0D, 0x05, 0x0B, 0x0B, 0x05, 0x02, 0x03, 0x05, 0x0B, 0x0B, 0x0C, 0x0B, 0x09, 0x0B, 0x0B, 0x0B, 0x0D,
    0x0D, 0x09, 0x0C, 0x0B, 0x0D, 0x0B, 0x0D, 0x0B, 0x0B, 0x0B, 0x0B, 0x0B, 0x03, 0x05, 0x05, 0x0B, 0x0B, 0x0B, 0x0C, 0x0D, 0x0C, 0x0C, 0x0B, 0x0D,
    0x05, 0x0B, 0x0B, 0x05, 0x0B, 0x0B, 0x09, 0x0B, 0x0B, 0x0C, 0x0B, 0x05, 0x03, 0x05, 0x03, 0x05, 0x05, 0x05, 0x03, 0x05, 0x0B, 0x0C, 0x0B, 0x09,
    0x0B, 0x05, 0x02, 0x04, 0x02, 0x05, 0x09, 0x0B, 0x0B, 0x02, 0x0B, 0x09, 0x0C, 0x09, 0x0B, 0x02, 0x02, 0x02, 0x05, 0x0B, 0x0B, 0x0C, 0x0D, 0x0D,
    0x0C, 0x0B, 0x0B, 0x09, 0x0C, 0x0C, 0x0C, 0x0D, 0x0B, 0x0D, 0x0D, 0x0B, 0x03, 0x02, 0x02, 0x03, 0x05, 0x03, 0x05, 0x05, 0x05, 0x0B, 0x05, 0x0B,
    0x0E, 0x0C, 0x0B, 0x0B, 0x05, 0x05, 0x05, 0x05, 0x05, 0x05, 0x05, 0x03, 0x05, 0x05, 0x0B, 0x0C, 0x0C, 0x0D, 0x09, 0x05, 0x05, 0x0B, 0x05, 0x05,
    0x03, 0x03, 0x02, 0x01, 0x02, 0x03, 0x05, 0x05, 0x05, 0x05, 0x0C, 0x05, 0x05, 0x03, 0x02, 0x02, 0x03, 0x03, 0x03, 0x05, 0x05, 0x03, 0x03, 0x09,
    0x05, 0x05, 0x03, 0x03, 0x02, 0x0C, 0x02, 0x02, 0x03, 0x01, 0x02, 0x01, 0x03, 0x03, 0x09, 0x0B, 0x0C, 0x0B, 0x0B, 0x09, 0x0B, 0x09, 0x09, 0x05,
    0x05, 0x09, 0x0C, 0x0C, 0x05, 0x09, 0x05, 0x02, 0x02, 0x02, 0x05, 0x0C, 0x0B, 0x0B, 0x0B, 0x05, 0x05, 0x0B, 0x0B, 0x05, 0x0B, 0x05, 0x05, 0x0B,
    0x0C, 0x09, 0x0B, 0x0B, 0x05, 0x05, 0x05, 0x05, 0x0B, 0x0C, 0x0F, 0x0F, 0x0D, 0x0D, 0x0B, 0x05, 0x0B, 0x09, 0x0B, 0x03, 0x09, 0x0B, 0x0B, 0x0C,
    0x0B, 0x05, 0x05, 0x05, 0x05, 0x05, 0x05, 0x05, 0x0B, 0x0B, 0x0D, 0x0D, 0x0C, 0x05, 0x0D, 0x0F, 0x0C, 0x05, 0x09, 0x09, 0x0B, 0x0B, 0x0B, 0x09,
    0x05, 0x05, 0x05, 0x05, 0x02, 0x01, 0x05, 0x09, 0x05, 0x0B, 0x0B, 0x05, 0x05, 0x05, 0x03, 0x04, 0x04, 0x02, 0x05, 0x09, 0x0B, 0x09, 0x05, 0x0B,
    0x05, 0x0B, 0x09, 0x0B, 0x09, 0x0B, 0x0B, 0x0B, 0x0B, 0x0B, 0x0B, 0x0B, 0x0B, 0x0B, 0x0B, 0x0B, 0x0D, 0x0D, 0x0C, 0x0B, 0x0B, 0x0B, 0x0C, 0x0B,
    0x01, 0x03, 0x01, 0x02, 0x01, 0x05, 0x05, 0x05, 0x05, 0x03, 0x03, 0x09, 0x0C, 0x0C, 0x0C, 0x05, 0x05, 0x05, 0x03, 0x03, 0x05, 0x05, 0x03, 0x02,
    0x05, 0x05, 0x01, 0x05, 0x05, 0x05, 0x05, 0x05, 0x03, 0x05, 0x03, 0x02, 0x03, 0x05, 0x05, 0x05, 0x09, 0x0C, 0x0B, 0x05, 0x09, 0x05, 0x05, 0x05,
    0x05, 0x0C, 0x09, 0x09, 0x05, 0x0B, 0x03, 0x05, 0x0B, 0x0B, 0x0B, 0x03, 0x03, 0x05, 0x05, 0x05, 0x0B, 0x0B, 0x02, 0x03, 0x05, 0x05, 0x06, 0x01,
    0x02, 0x02, 0x05, 0x0B, 0x0B, 0x0B, 0x09, 0x09, 0x09, 0x0B, 0x0C, 0x0B, 0x03, 0x0C, 0x09, 0x05, 0x09, 0x05, 0x01, 0x02, 0x03, 0x05, 0x09, 0x09,
    0x09, 0x09, 0x0B, 0x0B, 0x03, 0x05, 0x05, 0x05, 0x03, 0x03, 0x09, 0x05, 0x0D, 0x0D, 0x0B, 0x0B, 0x09, 0x05, 0x05, 0x05, 0x03, 0x0B, 0x0D, 0x0E,
    0x09, 0x0B, 0x0F, 0x0C, 0x03, 0x05, 0x05, 0x0B, 0x0E, 0x0D, 0x0B, 0x05, 0x05, 0x05, 0x05, 0x05, 0x0B, 0x0C, 0x0C, 0x0B, 0x03, 0x0C, 0x0B, 0x0C,
    0x0B, 0x0D, 0x0D, 0x0D, 0x0C, 0x0B, 0x09, 0x05, 0x09, 0x0B, 0x09, 0x09, 0x0B, 0x0B, 0x0B, 0x0B, 0x0B, 0x09, 0x0B, 0x0B, 0x02, 0x05, 0x0C, 0x0D,
    0x0C, 0x0F, 0x0D, 0x0B, 0x09, 0x09, 0x05, 0x0B, 0x09, 0x0B, 0x09, 0x0B, 0x05, 0x03, 0x05, 0x0D, 0x0B, 0x05, 0x09, 0x05, 0x01, 0x03, 0x0B, 0x0C,
    0x09, 0x0B, 0x0D, 0x0D, 0x0E, 0x0D, 0x0D, 0x09, 0x09, 0x0C, 0x0B, 0x09, 0x05, 0x02, 0x03, 0x05, 0x03, 0x01, 0x01, 0x02, 0x01, 0x03, 0x03, 0x03,
    0x03, 0x0B, 0x05, 0x09, 0x0B, 0x0B, 0x0B, 0x0B, 0x0B, 0x09, 0x05, 0x02, 0x01, 0x02, 0x03, 0x03, 0x03, 0x03, 0x05, 0x05, 0x05, 0x0B, 0x0B, 0x05,
    0x03, 0x05, 0x05, 0x09, 0x05, 0x05, 0x09, 0x05, 0x05, 0x05, 0x04, 0x05, 0x0F, 0x0F, 0x0C, 0x05, 0x0C, 0x0B, 0x05, 0x05, 0x0B, 0x0C, 0x0D, 0x0D,
    0x0D, 0x05, 0x01, 0x03, 0x09, 0x0B, 0x0C, 0x0B, 0x09, 0x0B, 0x09, 0x05, 0x02, 0x03, 0x03, 0x05, 0x09, 0x09, 0x0B, 0x0B, 0x0D, 0x0F, 0x0A, 0x0B,
    0x0B, 0x0B, 0x0B, 0x05, 0x0B, 0x0B, 0x05, 0x0B, 0x03, 0x06, 0x03, 0x09, 0x03, 0x05, 0x05, 0x03, 0x03, 0x03, 0x03, 0x04, 0x03, 0x04, 0x02, 0x05,
    0x05, 0x05, 0x05, 0x0B, 0x0C, 0x0D, 0x0B, 0x05, 0x05, 0x05, 0x09, 0x0B, 0x0B, 0x0B, 0x0B, 0x0C, 0x0B, 0x05, 0x05, 0x0B, 0x05, 0x0B, 0x0B, 0x0B,
    0x0B, 0x02, 0x04, 0x04, 0x02, 0x0B, 0x0B, 0x0E, 0x09, 0x0B, 0x09, 0x09, 0x0B, 0x09, 0x0B, 0x09, 0x09, 0x0B, 0x0B, 0x0B, 0x0B, 0x0B, 0x09, 0x0C,
    0x0C, 0x0B, 0x0D, 0x0A, 0x0E, 0x0D, 0x0E, 0x0B, 0x0B, 0x05, 0x05, 0x05, 0x09, 0x09, 0x0C, 0x0D, 0x0D, 0x05, 0x05, 0x05, 0x01, 0x0B, 0x0B, 0x0B,
    0x02, 0x03, 0x0B, 0x0C, 0x0B, 0x0B, 0x0B, 0x05, 0x02, 0x05, 0x0B, 0x0B, 0x0E, 0x0E, 0x0D, 0x11, 0x0A, 0x0A, 0x0D, 0x03, 0x02, 0x05, 0x0B, 0x0F,
    0x03, 0x01, 0x03, 0x0C, 0x09, 0x09, 0x05, 0x03, 0x02, 0x03, 0x03, 0x02, 0x02, 0x03, 0x03, 0x05, 0x05, 0x05, 0x09, 0x05, 0x03, 0x05, 0x03, 0x03,
    0x03, 0x01, 0x02, 0x01, 0x03, 0x03, 0x05, 0x05, 0x0B, 0x0C, 0x0C, 0x09, 0x05, 0x05, 0x09, 0x09, 0x0B, 0x05, 0x0B, 0x05, 0x02, 0x01, 0x05, 0x09,
    0x0B, 0x0B, 0x09, 0x05, 0x09, 0x09, 0x09, 0x0B, 0x0C, 0x0E, 0x0A, 0x0C, 0x0B, 0x0C, 0x09, 0x0B, 0x09, 0x0B, 0x0B, 0x05, 0x0B, 0x0B, 0x0B, 0x05,
    0x03, 0x03, 0x03, 0x05, 0x0B, 0x0B, 0x05, 0x0B, 0x0B, 0x09, 0x0B, 0x0B, 0x09, 0x0B, 0x0B, 0x0B, 0x0D, 0x05, 0x0B, 0x0D, 0x0B, 0x05, 0x09, 0x05,
    0x03, 0x02, 0x03, 0x05, 0x03, 0x05, 0x09, 0x0B, 0x05, 0x0B, 0x09, 0x01, 0x06, 0x02, 0x02, 0x05, 0x0D, 0x0B, 0x0B, 0x0B, 0x0B, 0x05, 0x0D, 0x0B,
    0x02, 0x09, 0x0B, 0x0E, 0x0B, 0x05, 0x01, 0x01, 0x05, 0x09, 0x0B, 0x09, 0x09, 0x05, 0x01, 0x01, 0x03, 0x05, 0x09, 0x09, 0x0B, 0x05, 0x03, 0x05,
    0x09, 0x05, 0x02, 0x02, 0x03, 0x03, 0x09, 0x09, 0x09, 0x09, 0x0B, 0x0B, 0x0C, 0x0C, 0x0B, 0x0D, 0x0B, 0x0C, 0x0D, 0x0E, 0x0D, 0x0D, 0x09, 0x05,
    0x03, 0x01, 0x05, 0x0C, 0x0B, 0x0B, 0x0C, 0x0C, 0x0B, 0x03, 0x0D, 0x0D, 0x0D, 0x0B, 0x05, 0x09, 0x0B, 0x0B, 0x0D, 0x0D, 0x0D, 0x09, 0x05, 0x0D,
    0x0D, 0x0D, 0x0B, 0x0D, 0x09, 0x0B, 0x0E, 0x0C, 0x0B, 0x05, 0x09, 0x09, 0x01, 0x02, 0x02, 0x01, 0x03, 0x0B, 0x0C, 0x0D, 0x09, 0x05, 0x0B, 0x02,
    0x02, 0x05, 0x05, 0x03, 0x03, 0x05, 0x03, 0x05, 0x03, 0x03, 0x03, 0x05, 0x09, 0x0B, 0x09, 0x02, 0x04, 0x02, 0x03, 0x05, 0x0B, 0x0C, 0x09, 0x05,
    0x05, 0x05, 0x03, 0x02, 0x03, 0x05, 0x05, 0x0B, 0x0B, 0x02, 0x05, 0x05, 0x0B, 0x09, 0x0B, 0x0C, 0x0B, 0x0B, 0x0B, 0x0B, 0x0D, 0x0C, 0x0B, 0x05,
    0x0B, 0x0B, 0x0B, 0x05, 0x0B, 0x0B, 0x09, 0x0B, 0x09, 0x09, 0x0B, 0x0B, 0x09, 0x0B, 0x0B, 0x0C, 0x0C, 0x0B, 0x0B, 0x0B, 0x0B, 0x09, 0x0B, 0x05,
    0x0B, 0x09, 0x0B, 0x0B, 0x0C, 0x0B, 0x0B, 0x0C, 0x0B, 0x0B, 0x09, 0x0B, 0x0B, 0x05, 0x01, 0x06, 0x04, 0x02, 0x05, 0x0B, 0x0B, 0x0D, 0x09, 0x0B,
    0x05, 0x05, 0x09, 0x05, 0x09, 0x0B, 0x0B, 0x0D, 0x0B, 0x0B, 0x0B, 0x0D, 0x0A, 0x0B, 0x0B, 0x0C, 0x0D, 0x0B, 0x03, 0x06, 0x02, 0x03, 0x09, 0x05,
    0x09, 0x05, 0x05, 0x03, 0x05, 0x05, 0x05, 0x09, 0x0B, 0x0C, 0x05, 0x05, 0x09, 0x09, 0x05, 0x0B, 0x0B, 0x05, 0x05, 0x0B, 0x05, 0x05, 0x09, 0x05,
    0x0B, 0x0B, 0x05, 0x02, 0x05, 0x0C, 0x0C, 0x0D, 0x0D, 0x0B, 0x05, 0x05, 0x05, 0x03, 0x03, 0x05, 0x09, 0x0B, 0x0B, 0x0B, 0x0B, 0x0B, 0x09, 0x05,
    0x0B, 0x05, 0x05, 0x01, 0x05, 0x09, 0x0B, 0x0D, 0x0E, 0x0E, 0x0D, 0x0C, 0x0B, 0x09, 0x0B, 0x0C, 0x0E, 0x0D, 0x0C, 0x0C, 0x0D, 0x0C, 0x0C, 0x09,
    0x03, 0x02, 0x01, 0x01, 0x01, 0x01, 0x05, 0x09, 0x0B, 0x0B, 0x03, 0x02, 0x01, 0x02, 0x03, 0x03, 0x03, 0x03, 0x05, 0x05, 0x05, 0x03, 0x05, 0x09,
    0x05, 0x05, 0x09, 0x09, 0x03, 0x06, 0x04, 0x03, 0x09, 0x0C, 0x0B, 0x01, 0x03, 0x03, 0x02, 0x05, 0x05, 0x05, 0x09, 0x05, 0x0B, 0x0B, 0x05, 0x05,
    0x03, 0x0B, 0x05, 0x01, 0x03, 0x05, 0x0C, 0x05, 0x0B, 0x0B, 0x09, 0x0B, 0x0B, 0x0B, 0x05, 0x09, 0x09, 0x09, 0x0B, 0x0B, 0x0C, 0x0B, 0x09, 0x0B,
    0x0C, 0x0B, 0x0B, 0x0C, 0x0E, 0x0F, 0x0F, 0x0D, 0x0C, 0x0B, 0x0B, 0x0B, 0x0C, 0x05, 0x0B, 0x0B, 0x0B, 0x0B, 0x0B, 0x0B, 0x0B, 0x03, 0x03, 0x05,
    0x09, 0x05, 0x01, 0x05, 0x09, 0x09, 0x05, 0x03, 0x05, 0x0B, 0x0B, 0x0B, 0x05, 0x01, 0x01, 0x03, 0x05, 0x05, 0x0B, 0x0C, 0x0B, 0x05, 0x05, 0x05,
    0x0B, 0x05, 0x05, 0x0F, 0x0D, 0x0E, 0x0B, 0x05, 0x03, 0x05, 0x05, 0x05, 0x05, 0x05, 0x02, 0x02, 0x03, 0x03, 0x03, 0x03, 0x05, 0x0B, 0x0D, 0x09,
    0x05, 0x0B, 0x0C, 0x0D, 0x0C, 0x0D, 0x0F, 0x0C, 0x0B, 0x0B, 0x0B, 0x0B, 0x0B, 0x0C, 0x0D, 0x0F, 0x0D, 0x0D, 0x0B, 0x0B, 0x0B, 0x05, 0x09, 0x05,
    0x03, 0x05, 0x03, 0x03, 0x05, 0x09, 0x0B, 0x05, 0x03, 0x0C, 0x05, 0x0B, 0x03, 0x05, 0x09, 0x09, 0x05, 0x0C, 0x0B, 0x0B, 0x0C, 0x0B, 0x0B, 0x09,
    0x09, 0x0B, 0x0C, 0x0B, 0x0B, 0x0C, 0x0D, 0x05, 0x05, 0x0C, 0x0B, 0x09, 0x03, 0x01, 0x01, 0x01, 0x01, 0x02, 0x03, 0x0B, 0x0B, 0x05, 0x0B, 0x05,
    0x0B, 0x09, 0x03, 0x03, 0x05, 0x03, 0x03, 0x03, 0x03, 0x05, 0x05, 0x03, 0x03, 0x03, 0x05, 0x0B, 0x05, 0x05, 0x05, 0x02, 0x05, 0x09, 0x0B, 0x0B,
    0x0B, 0x09, 0x09, 0x0B, 0x09, 0x05, 0x09, 0x0B, 0x0B, 0x0B, 0x01, 0x05, 0x04, 0x03, 0x0B, 0x0D, 0x0B, 0x0B, 0x09, 0x0B, 0x09, 0x05, 0x0B, 0x05,
    0x05, 0x09, 0x03, 0x05, 0x09, 0x09, 0x0B, 0x09, 0x03, 0x05, 0x09, 0x0B, 0x09, 0x09, 0x09, 0x0B, 0x0B, 0x0D, 0x0E, 0x0F, 0x0E, 0x0E, 0x0C, 0x0B,
    0x0B, 0x0C, 0x0C, 0x0B, 0x0B, 0x09, 0x09, 0x09, 0x05, 0x0B, 0x05, 0x05, 0x09, 0x0B, 0x0B, 0x0C, 0x05, 0x05, 0x05, 0x02, 0x05, 0x05, 0x0B, 0x09,
    0x05, 0x03, 0x03, 0x02, 0x02, 0x09, 0x0B, 0x03, 0x05, 0x0B, 0x0C, 0x0B, 0x0B, 0x05, 0x05, 0x0B, 0x0B, 0x0B, 0x0C, 0x0B, 0x02, 0x01, 0x05, 0x05,
    0x05, 0x05, 0x02, 0x01, 0x02, 0x04, 0x01, 0x02, 0x03, 0x05, 0x09, 0x05, 0x0B, 0x0C, 0x0B, 0x0B, 0x0B, 0x0C, 0x0C, 0x0C, 0x0D, 0x0C, 0x09, 0x09,
    0x0B, 0x0C, 0x0D, 0x0D, 0x0C, 0x03, 0x03, 0x03, 0x05, 0x05, 0x03, 0x03, 0x05, 0x05, 0x05, 0x05, 0x05, 0x05, 0x09, 0x05, 0x0B, 0x0B, 0x05, 0x05,
    0x05, 0x05, 0x05, 0x0B, 0x05, 0x0B, 0x0D, 0x0D, 0x0B, 0x09, 0x09, 0x05, 0x05, 0x09, 0x0B, 0x09, 0x0B, 0x0C, 0x0B, 0x09, 0x05, 0x0C, 0x0C, 0x0C,
    0x02, 0x01, 0x01, 0x02, 0x01, 0x01, 0x03, 0x03, 0x0B, 0x0C, 0x0B, 0x05, 0x05, 0x05, 0x05, 0x03, 0x05, 0x03, 0x03, 0x03, 0x05, 0x03, 0x03, 0x03,
    0x03, 0x03, 0x05, 0x05, 0x0B, 0x09, 0x09, 0x05, 0x03, 0x05, 0x05, 0x09, 0x0B, 0x0C, 0x0D, 0x0C, 0x09, 0x09, 0x09, 0x05, 0x0B, 0x09, 0x0B, 0x01,
    0x01, 0x01, 0x03, 0x05, 0x05, 0x05, 0x0B, 0x0B, 0x03, 0x05, 0x05, 0x09, 0x05, 0x01, 0x03, 0x05, 0x09, 0x09, 0x05, 0x09, 0x0D, 0x0B, 0x09, 0x09,
    0x05, 0x05, 0x0B, 0x09, 0x05, 0x05, 0x0C, 0x0C, 0x0D, 0x0D, 0x0F, 0x0C, 0x0D, 0x0D, 0x0D, 0x0B, 0x0B, 0x0C, 0x05, 0x0B, 0x05, 0x0B, 0x0B, 0x0B,
    0x0B, 0x0B, 0x09, 0x0B, 0x0C, 0x05, 0x05, 0x0B, 0x05, 0x05, 0x05, 0x09, 0x0C, 0x0B, 0x09, 0x05, 0x05, 0x0B, 0x05, 0x05, 0x09, 0x0B, 0x0D, 0x0B,
    0x0B, 0x0D, 0x0D, 0x09, 0x0B, 0x0B, 0x0B, 0x05, 0x05, 0x03, 0x03, 0x05, 0x05, 0x09, 0x05, 0x03, 0x03, 0x01, 0x04, 0x02, 0x03, 0x02, 0x03, 0x05,
    0x09, 0x0B, 0x0B, 0x03, 0x05, 0x0B, 0x05, 0x09, 0x0B, 0x09, 0x0B, 0x0B, 0x0C, 0x0D, 0x0D, 0x0B, 0x05, 0x05, 0x01, 0x03, 0x03, 0x05, 0x05, 0x05,
    0x05, 0x03, 0x03, 0x05, 0x05, 0x05, 0x03, 0x02, 0x09, 0x05, 0x03, 0x03, 0x03, 0x09, 0x03, 0x03, 0x09, 0x0D, 0x0B, 0x09, 0x09, 0x0B, 0x09, 0x05,
    0x05, 0x05, 0x09, 0x0B, 0x0B, 0x0B, 0x0C, 0x0B, 0x09, 0x09, 0x0D, 0x0C, 0x03, 0x03, 0x02, 0x04, 0x01, 0x01, 0x01, 0x09, 0x05, 0x0B, 0x0C, 0x0D,
    0x09, 0x01, 0x02, 0x03, 0x03, 0x03, 0x03, 0x03, 0x03, 0x05, 0x03, 0x05, 0x03, 0x03, 0x03, 0x03, 0x05, 0x09, 0x05, 0x09, 0x05, 0x05, 0x05, 0x09,
    0x05, 0x0B, 0x09, 0x09, 0x09, 0x05, 0x09, 0x05, 0x09, 0x0C, 0x0C, 0x09, 0x01, 0x09, 0x05, 0x02, 0x03, 0x03, 0x05, 0x09, 0x0B, 0x09, 0x05, 0x05,
    0x09, 0x09, 0x05, 0x05, 0x05, 0x05, 0x0B, 0x05, 0x0B, 0x09, 0x05, 0x0B, 0x0B, 0x0B, 0x0B, 0x09, 0x0B, 0x05, 0x02, 0x05, 0x03, 0x03, 0x05, 0x0C,
    0x0B, 0x0D, 0x0C, 0x0C, 0x0B, 0x05, 0x0B, 0x05, 0x05, 0x05, 0x05, 0x0B, 0x0B, 0x0B, 0x0C, 0x0D, 0x0C, 0x0C, 0x05, 0x09, 0x05, 0x05, 0x0B, 0x0B,
    0x0C, 0x0C, 0x0B, 0x0C, 0x0B, 0x0B, 0x0B, 0x05, 0x0B, 0x05, 0x0B, 0x0C, 0x05, 0x05, 0x0B, 0x05, 0x05, 0x0B, 0x0D, 0x09, 0x0B, 0x0B, 0x05, 0x0B,
    0x05, 0x0B, 0x09, 0x05, 0x05, 0x05, 0x01, 0x06, 0x06, 0x06, 0x01, 0x03, 0x0B, 0x0B, 0x09, 0x03, 0x05, 0x0B, 0x0B, 0x0B, 0x0B, 0x05, 0x0B, 0x09,
    0x0B, 0x0C, 0x0B, 0x05, 0x05, 0x09, 0x05, 0x05, 0x02, 0x02, 0x09, 0x05, 0x05, 0x03, 0x05, 0x05, 0x05, 0x09, 0x09, 0x09, 0x05, 0x05, 0x03, 0x03,
    0x05, 0x05, 0x05, 0x05, 0x05, 0x05, 0x05, 0x09, 0x09, 0x05, 0x05, 0x05, 0x03, 0x09, 0x09, 0x0B, 0x0B, 0x0B, 0x0C, 0x0E, 0x05, 0x0C, 0x09, 0x05,
    0x03, 0x05, 0x05, 0x03, 0x01, 0x02, 0x02, 0x02, 0x01, 0x02, 0x05, 0x0C, 0x0B, 0x05, 0x05, 0x03, 0x01, 0x02, 0x05, 0x03, 0x03, 0x03, 0x03, 0x02,
    0x05, 0x03, 0x05, 0x05, 0x01, 0x05, 0x09, 0x0B, 0x0C, 0x0C, 0x09, 0x05, 0x05, 0x09, 0x09, 0x09, 0x09, 0x0B, 0x09, 0x03, 0x03, 0x0B, 0x0B, 0x0B,
    0x0B, 0x01, 0x03, 0x03, 0x05, 0x05, 0x05, 0x05, 0x05, 0x05, 0x05, 0x05, 0x05, 0x05, 0x03, 0x03, 0x03, 0x05, 0x02, 0x05, 0x09, 0x0B, 0x05, 0x0B,
    0x0B, 0x0B, 0x09, 0x09, 0x0B, 0x0B, 0x05, 0x0D, 0x0B, 0x0B, 0x0B, 0x0B, 0x0C, 0x0C, 0x0C, 0x0D, 0x0C, 0x0C, 0x0D, 0x0B, 0x05, 0x09, 0x0B, 0x05,
    0x05, 0x0B, 0x0B, 0x0B, 0x05, 0x03, 0x05, 0x02, 0x03, 0x03, 0x05, 0x09, 0x0B, 0x0B, 0x0B, 0x0B, 0x09, 0x09, 0x05, 0x05, 0x0B, 0x0B, 0x09, 0x09,
    0x05, 0x02, 0x05, 0x0B, 0x05, 0x05, 0x0D, 0x05, 0x03, 0x05, 0x05, 0x0B, 0x09, 0x05, 0x05, 0x05, 0x05, 0x0B, 0x09, 0x0B, 0x01, 0x04, 0x01, 0x02,
    0x05, 0x0B, 0x0B, 0x0C, 0x0B, 0x02, 0x05, 0x05, 0x05, 0x0B, 0x0B, 0x0B, 0x0B, 0x05, 0x05, 0x05, 0x05, 0x02, 0x02, 0x05, 0x02, 0x05, 0x05, 0x03,
    0x01, 0x03, 0x03, 0x05, 0x05, 0x05, 0x05, 0x09, 0x05, 0x05, 0x03, 0x03, 0x03, 0x03, 0x03, 0x03, 0x05, 0x05, 0x03, 0x03, 0x03, 0x01, 0x01, 0x01,
    0x05, 0x05, 0x0B, 0x0B, 0x0B, 0x0B, 0x0B, 0x0D, 0x0F, 0x0D, 0x0B, 0x0C, 0x03, 0x05, 0x03, 0x03, 0x02, 0x01, 0x01, 0x04, 0x02, 0x03, 0x05, 0x05,
    0x05, 0x09, 0x09, 0x05, 0x05, 0x03, 0x03, 0x03, 0x05, 0x03, 0x01, 0x03, 0x05, 0x03, 0x05, 0x05, 0x03, 0x05, 0x03, 0x03, 0x05, 0x09, 0x09, 0x09,
    0x03, 0x03, 0x05, 0x03, 0x05, 0x09, 0x05, 0x03, 0x09, 0x05, 0x09, 0x05, 0x0C, 0x05, 0x09, 0x05, 0x0B, 0x0B, 0x0B, 0x0B, 0x0D, 0x0C, 0x0B, 0x05,
    0x05, 0x09, 0x05, 0x03, 0x02, 0x03, 0x09, 0x09, 0x0B, 0x09, 0x05, 0x0B, 0x09, 0x0B, 0x0B, 0x09, 0x05, 0x09, 0x0B, 0x0B, 0x0B, 0x0B, 0x05, 0x05,
    0x0C, 0x05, 0x0C, 0x0B, 0x0B, 0x0B, 0x0C, 0x0B, 0x0B, 0x05, 0x05, 0x0B, 0x0D, 0x05, 0x05, 0x0B, 0x0B, 0x0D, 0x0B, 0x05, 0x02, 0x02, 0x05, 0x05,
    0x09, 0x09, 0x05, 0x0C, 0x0F, 0x0D, 0x0B, 0x0B, 0x0B, 0x0B, 0x05, 0x05, 0x0D, 0x05, 0x05, 0x0B, 0x05, 0x0D, 0x05, 0x05, 0x05, 0x03, 0x05, 0x05,
    0x03, 0x05, 0x05, 0x03, 0x03, 0x09, 0x0F, 0x0C, 0x0D, 0x03, 0x02, 0x05, 0x09, 0x05, 0x09, 0x0C, 0x0B, 0x05, 0x0C, 0x05, 0x05, 0x09, 0x0B, 0x0B,
    0x0B, 0x05, 0x09, 0x0B, 0x05, 0x03, 0x05, 0x0B, 0x0A, 0x0A, 0x0C, 0x05, 0x03, 0x03, 0x05, 0x05, 0x09, 0x09, 0x05, 0x05, 0x05, 0x03, 0x01, 0x09,
    0x05, 0x05, 0x02, 0x02, 0x05, 0x03, 0x03, 0x02, 0x04, 0x02, 0x01, 0x01, 0x02, 0x05, 0x0B, 0x0B, 0x0B, 0x0B, 0x0B, 0x0B, 0x0F, 0x0D, 0x0C, 0x0C,
    0x01, 0x02, 0x03, 0x05, 0x03, 0x03, 0x03, 0x05, 0x05, 0x03, 0x01, 0x02, 0x03, 0x05, 0x05, 0x05, 0x05, 0x05, 0x03, 0x05, 0x03, 0x03, 0x05, 0x02,
    0x03, 0x03, 0x03, 0x03, 0x02, 0x03, 0x02, 0x05, 0x03, 0x03, 0x02, 0x02, 0x02, 0x03, 0x03, 0x02, 0x03, 0x0B, 0x09, 0x09, 0x0B, 0x09, 0x05, 0x0B,
    0x05, 0x05, 0x0B, 0x0B, 0x0B, 0x05, 0x0B, 0x0B, 0x0C, 0x0E, 0x0B, 0x05, 0x0B, 0x09, 0x05, 0x02, 0x03, 0x03, 0x05, 0x09, 0x09, 0x05, 0x05, 0x0B,
    0x09, 0x05, 0x05, 0x05, 0x05, 0x05, 0x05, 0x09, 0x0B, 0x0C, 0x0C, 0x0B, 0x0B, 0x0B, 0x0B, 0x05, 0x05, 0x05, 0x05, 0x0B, 0x0B, 0x05, 0x0B, 0x0B,
    0x05, 0x05, 0x0C, 0x0D, 0x0B, 0x0E, 0x0D, 0x05, 0x05, 0x05, 0x03, 0x03, 0x09, 0x0B, 0x0B, 0x09, 0x05, 0x05, 0x09, 0x0B, 0x0B, 0x0B, 0x0B, 0x05,
    0x0B, 0x05, 0x0B, 0x0B, 0x0C, 0x0C, 0x09, 0x0C, 0x0E, 0x0D, 0x09, 0x03, 0x03, 0x05, 0x03, 0x02, 0x05, 0x0B, 0x0E, 0x0B, 0x05, 0x03, 0x03, 0x05,
    0x0B, 0x05, 0x09, 0x0C, 0x0B, 0x0B, 0x09, 0x0D, 0x0E, 0x0B, 0x0D, 0x09, 0x05, 0x03, 0x05, 0x0B, 0x0F, 0x0A, 0x0F, 0x0C, 0x0C, 0x0C, 0x05, 0x0B,
    0x03, 0x05, 0x05, 0x05, 0x05, 0x05, 0x05, 0x0B, 0x05, 0x03, 0x03, 0x05, 0x09, 0x05, 0x09, 0x05, 0x05, 0x05, 0x05, 0x05, 0x05, 0x05, 0x03, 0x02,
    0x01, 0x05, 0x05, 0x0B, 0x09, 0x0B, 0x0B, 0x0D, 0x09, 0x0B, 0x0E, 0x0B, 0x05, 0x03, 0x03, 0x03, 0x05, 0x03, 0x03, 0x05, 0x05, 0x05, 0x09, 0x0C,
    0x03, 0x03, 0x03, 0x03, 0x09, 0x0B, 0x05, 0x03, 0x01, 0x02, 0x03, 0x03, 0x01, 0x05, 0x04, 0x01, 0x02, 0x02, 0x02, 0x02, 0x06, 0x04, 0x02, 0x03,
    0x05, 0x05, 0x05, 0x05, 0x05, 0x0B, 0x0E, 0x0B, 0x0C, 0x09, 0x0B, 0x02, 0x09, 0x05, 0x05, 0x0C, 0x09, 0x05, 0x05, 0x0B, 0x0B, 0x0C, 0x09, 0x0B,
    0x0B, 0x09, 0x05, 0x05, 0x03, 0x04, 0x02, 0x05, 0x09, 0x0B, 0x0E, 0x0B, 0x0B, 0x0B, 0x05, 0x0B, 0x09, 0x0B, 0x0C, 0x0B, 0x0B, 0x0B, 0x0B, 0x0B,
    0x0B, 0x0B, 0x05, 0x05, 0x0D, 0x03, 0x05, 0x0B, 0x05, 0x03, 0x02, 0x05, 0x0B, 0x0B, 0x0B, 0x0C, 0x0C, 0x0B, 0x0D, 0x0B, 0x0B, 0x05, 0x02, 0x05,
    0x03, 0x03, 0x05, 0x05, 0x09, 0x09, 0x05, 0x0C, 0x0D, 0x0C, 0x0F, 0x0E, 0x05, 0x05, 0x0D, 0x0B, 0x0D, 0x0D, 0x0B, 0x0C, 0x0B, 0x0B, 0x09, 0x05,
    0x03, 0x03, 0x03, 0x01, 0x02, 0x01, 0x02, 0x05, 0x03, 0x09, 0x01, 0x05, 0x0B, 0x0B, 0x0B, 0x0C, 0x0C, 0x0B, 0x0B, 0x09, 0x0B, 0x0C, 0x0C, 0x0B,
    0x0B, 0x05, 0x0B, 0x0B, 0x09, 0x0D, 0x0B, 0x0B, 0x09, 0x0C, 0x0B, 0x0B, 0x05, 0x09, 0x0C, 0x0D, 0x02, 0x05, 0x05, 0x05, 0x05, 0x05, 0x03, 0x03,
    0x05, 0x09, 0x0B, 0x0C, 0x03, 0x05, 0x0B, 0x0C, 0x0C, 0x03, 0x05, 0x03, 0x02, 0x03, 0x05, 0x09, 0x09, 0x0B, 0x0B, 0x0D, 0x09, 0x09, 0x0C, 0x0B,
    0x03, 0x05, 0x02, 0x02, 0x05, 0x05, 0x05, 0x05, 0x05, 0x02, 0x0B, 0x05, 0x05, 0x0B, 0x05, 0x05, 0x03, 0x05, 0x05, 0x05, 0x05, 0x05, 0x09, 0x0B,
    0x05, 0x03, 0x03, 0x05, 0x03, 0x03, 0x03, 0x05, 0x09, 0x09, 0x0B, 0x05, 0x05, 0x09, 0x03, 0x03, 0x05, 0x05, 0x0C, 0x0E, 0x0C, 0x0C, 0x0C, 0x0B,
    0x05, 0x05, 0x05, 0x0B, 0x05, 0x05, 0x09, 0x05, 0x05, 0x09, 0x0C, 0x0B, 0x0B, 0x0B, 0x0B, 0x05, 0x05, 0x02, 0x06, 0x03, 0x0B, 0x05, 0x0B, 0x0B,
    0x0B, 0x09, 0x09, 0x0B, 0x09, 0x05, 0x0B, 0x0B, 0x0B, 0x0B, 0x09, 0x0D, 0x0C, 0x0B, 0x0B, 0x03, 0x09, 0x0E, 0x0D, 0x0C, 0x09, 0x05, 0x03, 0x03,
    0x05, 0x0B, 0x0B, 0x05, 0x05, 0x05, 0x0C, 0x09, 0x0B, 0x09, 0x0B, 0x09, 0x05, 0x0B, 0x05, 0x05, 0x02, 0x02, 0x05, 0x0B, 0x0D, 0x0C, 0x0C, 0x0B,
    0x0B, 0x09, 0x09, 0x0B, 0x0B, 0x0B, 0x09, 0x0B, 0x0B, 0x0C, 0x0D, 0x0B, 0x05, 0x02, 0x02, 0x03, 0x03, 0x02, 0x01, 0x02, 0x01, 0x05, 0x0B, 0x01,
    0x09, 0x0D, 0x0C, 0x0B, 0x0B, 0x0D, 0x0F, 0x0C, 0x05, 0x0B, 0x0B, 0x0C, 0x0D, 0x0B, 0x0B, 0x0B, 0x0B, 0x03, 0x0B, 0x0B, 0x0B, 0x0B, 0x09, 0x05,
    0x0D, 0x0C, 0x09, 0x0D, 0x0D, 0x03, 0x04, 0x04, 0x03, 0x05, 0x05, 0x05, 0x03, 0x05, 0x0B, 0x0C, 0x02, 0x03, 0x0B, 0x0B, 0x09, 0x02, 0x01, 0x02,
    0x02, 0x01, 0x02, 0x03, 0x09, 0x09, 0x09, 0x09, 0x0B, 0x0B, 0x0B, 0x0F, 0x05, 0x03, 0x03, 0x05, 0x05, 0x05, 0x03, 0x03, 0x03, 0x09, 0x09, 0x0B,
    0x09, 0x05, 0x03, 0x03, 0x05, 0x05, 0x02, 0x02, 0x09, 0x0C, 0x05, 0x03, 0x03, 0x01, 0x05, 0x01, 0x05, 0x03, 0x05, 0x05, 0x03, 0x03, 0x03, 0x05,
    0x05, 0x05, 0x05, 0x03, 0x05, 0x05, 0x05, 0x05, 0x05, 0x0B, 0x0C, 0x0D, 0x0B, 0x0B, 0x03, 0x05, 0x05, 0x03, 0x03, 0x05, 0x02, 0x05, 0x0E, 0x0B,
    0x03, 0x02, 0x05, 0x0D, 0x0C, 0x0B, 0x09, 0x05, 0x03, 0x0B, 0x0B, 0x09, 0x05, 0x05, 0x09, 0x09, 0x0B, 0x0B, 0x0B, 0x0B, 0x0B, 0x0B, 0x0C, 0x0B,
    0x0B, 0x0B, 0x0B, 0x0B, 0x0C, 0x09, 0x0C, 0x0A, 0x10, 0x0F, 0x05, 0x05, 0x0B, 0x0D, 0x0D, 0x05, 0x05, 0x05, 0x05, 0x05, 0x09, 0x09, 0x0B, 0x0B,
    0x0C, 0x0B, 0x0B, 0x05, 0x0B, 0x09, 0x0B, 0x0B, 0x0B, 0x0B, 0x0D, 0x0B, 0x0B, 0x05, 0x05, 0x05, 0x0B, 0x09, 0x0B, 0x0B, 0x09, 0x09, 0x05, 0x05,
    0x05, 0x03, 0x01, 0x01, 0x02, 0x05, 0x09, 0x09, 0x09, 0x0B, 0x09, 0x0B, 0x03, 0x0B, 0x02, 0x05, 0x09, 0x09, 0x05, 0x0D, 0x0B, 0x05, 0x03, 0x0B,
    0x09, 0x0B, 0x0B, 0x0B, 0x0C, 0x05, 0x0B, 0x0B, 0x0B, 0x05, 0x0B, 0x0D, 0x0F, 0x0D, 0x0B, 0x05, 0x09, 0x0C, 0x0D, 0x05, 0x02, 0x05, 0x09, 0x03,
    0x0B, 0x0D, 0x0E, 0x0C, 0x0E, 0x0D, 0x0B, 0x0B, 0x0B, 0x09, 0x03, 0x02, 0x01, 0x06, 0x06, 0x06, 0x02, 0x02, 0x03, 0x05, 0x0B, 0x05, 0x05, 0x0B,
    0x03, 0x05, 0x03, 0x03, 0x03, 0x03, 0x02, 0x03, 0x01, 0x05, 0x05, 0x03, 0x05, 0x05, 0x03, 0x05, 0x05, 0x05, 0x05, 0x05, 0x0B, 0x0B, 0x03, 0x03,
    0x05, 0x03, 0x03, 0x01, 0x06, 0x01, 0x05, 0x03, 0x03, 0x03, 0x01, 0x02, 0x02, 0x03, 0x05, 0x05, 0x05, 0x03, 0x09, 0x05, 0x03, 0x05, 0x05, 0x0E,
    0x0F, 0x0C, 0x0D, 0x05, 0x04, 0x02, 0x02, 0x03, 0x09, 0x0B, 0x0C, 0x0B, 0x05, 0x09, 0x0B, 0x0C, 0x09, 0x0B, 0x0D, 0x05, 0x02, 0x02, 0x02, 0x05,
    0x05, 0x05, 0x05, 0x05, 0x09, 0x0B, 0x0B, 0x0B, 0x05, 0x09, 0x0B, 0x0B, 0x0E, 0x0B, 0x0C, 0x0C, 0x05, 0x05, 0x0B, 0x05, 0x0C, 0x0E, 0x0A, 0x0D,
    0x0C, 0x0C, 0x0C, 0x0B, 0x0B, 0x05, 0x03, 0x0B, 0x02, 0x0B, 0x0B, 0x0C, 0x0E, 0x0F, 0x0C, 0x05, 0x0B, 0x0B, 0x0B, 0x05, 0x05, 0x0B, 0x0D, 0x0E,
    0x0B, 0x03, 0x01, 0x05, 0x05, 0x05, 0x0C, 0x09, 0x05, 0x03, 0x05, 0x05, 0x0B, 0x05, 0x05, 0x0B, 0x0B, 0x0B, 0x0B, 0x0B, 0x0B, 0x0C, 0x0B, 0x0D,
    0x0C, 0x0B, 0x05, 0x01, 0x02, 0x03, 0x05, 0x03, 0x05, 0x05, 0x05, 0x0B, 0x0B, 0x0B, 0x0B, 0x05, 0x0B, 0x0D, 0x05, 0x02, 0x05, 0x05, 0x09, 0x0B,
    0x05, 0x05, 0x03, 0x09, 0x09, 0x05, 0x09, 0x0C, 0x0C, 0x05, 0x0D, 0x0C, 0x03, 0x09, 0x0C, 0x0C, 0x0D, 0x0C, 0x09, 0x09, 0x0B, 0x0B, 0x0C, 0x0B,
    0x05, 0x01, 0x04, 0x06, 0x06, 0x01, 0x05, 0x05, 0x05, 0x05, 0x05, 0x05, 0x03, 0x05, 0x05, 0x03, 0x05, 0x03, 0x05, 0x03, 0x05, 0x01, 0x05, 0x05,
    0x05, 0x03, 0x05, 0x05, 0x05, 0x03, 0x05, 0x05, 0x0B, 0x0B, 0x05, 0x0B, 0x05, 0x03, 0x05, 0x09, 0x0C, 0x09, 0x05, 0x05, 0x03, 0x03, 0x05, 0x03,
    0x03, 0x02, 0x03, 0x05, 0x05, 0x03, 0x04, 0x04, 0x02, 0x03, 0x05, 0x05, 0x0B, 0x0F, 0x0D, 0x0C, 0x05, 0x03, 0x05, 0x05, 0x0B, 0x0E, 0x0B, 0x0C,
    0x0D, 0x0B, 0x0B, 0x05, 0x0B, 0x0C, 0x0B, 0x05, 0x05, 0x05, 0x0B, 0x0B, 0x05, 0x05, 0x05, 0x09, 0x05, 0x05, 0x05, 0x05, 0x05, 0x05, 0x05, 0x01,
    0x09, 0x0B, 0x0B, 0x05, 0x0B, 0x05, 0x03, 0x03, 0x05, 0x05, 0x0B, 0x05, 0x0B, 0x0B, 0x0B, 0x0D, 0x0E, 0x0B, 0x0B, 0x03, 0x05, 0x05, 0x0B, 0x0D,
    0x0B, 0x05, 0x0E, 0x0D, 0x0D, 0x0D, 0x0D, 0x0D, 0x09, 0x05, 0x0B, 0x0B, 0x0C, 0x0B, 0x03, 0x03, 0x03, 0x05, 0x05, 0x05, 0x05, 0x03, 0x03, 0x02,
    0x02, 0x05, 0x0B, 0x09, 0x0B, 0x0B, 0x0B, 0x0B, 0x0C, 0x0D, 0x03, 0x0B, 0x09, 0x09, 0x0C, 0x0D, 0x0B, 0x05, 0x02, 0x03, 0x05, 0x05, 0x09, 0x05,
    0x05, 0x05, 0x09, 0x03, 0x05, 0x0D, 0x0D, 0x0D, 0x0B, 0x0B, 0x0D, 0x0E, 0x05, 0x03, 0x05, 0x03, 0x03, 0x05, 0x0B, 0x0C, 0x0B, 0x05, 0x0C, 0x0D,
    0x0E, 0x05, 0x02, 0x05, 0x09, 0x05, 0x0B, 0x05, 0x09, 0x0B, 0x0B, 0x0B, 0x05, 0x0B, 0x09, 0x05, 0x03, 0x04, 0x03, 0x0B, 0x05, 0x03, 0x01, 0x03,
    0x03, 0x02, 0x02, 0x03, 0x05, 0x05, 0x02, 0x02, 0x03, 0x05, 0x02, 0x02, 0x02, 0x05, 0x05, 0x05, 0x05, 0x03, 0x03, 0x03, 0x09, 0x0B, 0x0C, 0x05,
    0x05, 0x05, 0x03, 0x05, 0x05, 0x03, 0x03, 0x05, 0x03, 0x0B, 0x0B, 0x05, 0x05, 0x05, 0x03, 0x05, 0x03, 0x05, 0x05, 0x05, 0x03, 0x05, 0x05, 0x03,
    0x0B, 0x0B, 0x0F, 0x0F, 0x0E, 0x0B, 0x05, 0x0B, 0x05, 0x03, 0x05, 0x0B, 0x0B, 0x0B, 0x0B, 0x0B, 0x0B, 0x0B, 0x09, 0x05, 0x05, 0x0B, 0x05, 0x05,
    0x05, 0x03, 0x03, 0x02, 0x03, 0x0B, 0x0B, 0x0B, 0x0B, 0x09, 0x09, 0x0B, 0x03, 0x09, 0x03, 0x05, 0x0B, 0x0D, 0x0F, 0x0D, 0x05, 0x03, 0x05, 0x09,
    0x05, 0x05, 0x0B, 0x0B, 0x0B, 0x0F, 0x0D, 0x0B, 0x02, 0x03, 0x0B, 0x0D, 0x05, 0x0B, 0x05, 0x05, 0x0B, 0x0B, 0x0B, 0x0C, 0x0B, 0x03, 0x02, 0x05,
    0x0B, 0x0B, 0x05, 0x05, 0x03, 0x05, 0x0B, 0x0B, 0x09, 0x05, 0x03, 0x05, 0x05, 0x0B, 0x0C, 0x0C, 0x0B, 0x05, 0x02, 0x02, 0x0B, 0x0B, 0x0B, 0x02,
    0x05, 0x0B, 0x0B, 0x0D, 0x05, 0x03, 0x02, 0x02, 0x05, 0x0C, 0x0B, 0x0B, 0x0D, 0x0D, 0x0C, 0x05, 0x0B, 0x0B, 0x05, 0x09, 0x05, 0x09, 0x09, 0x05,
    0x05, 0x03, 0x03, 0x05, 0x05, 0x03, 0x05, 0x0C, 0x0F, 0x0D, 0x0D, 0x0C, 0x0D, 0x0D, 0x0B, 0x02, 0x03, 0x03, 0x05, 0x05, 0x02, 0x03, 0x05, 0x0B,
    0x0B, 0x09, 0x0C, 0x0C, 0x0C, 0x05, 0x0B, 0x0C, 0x05, 0x02, 0x03, 0x02, 0x02, 0x02, 0x03, 0x03, 0x03, 0x03, 0x05, 0x09, 0x05, 0x03, 0x03, 0x03,
    0x05, 0x03, 0x05, 0x05, 0x03, 0x05, 0x05, 0x03, 0x03, 0x05, 0x05, 0x03, 0x02, 0x02, 0x03, 0x02, 0x05, 0x05, 0x05, 0x05, 0x0B, 0x09, 0x05, 0x05,
    0x0B, 0x03, 0x03, 0x03, 0x03, 0x03, 0x09, 0x0B, 0x03, 0x05, 0x03, 0x05, 0x05, 0x0D, 0x05, 0x0B, 0x05, 0x0B, 0x0B, 0x05, 0x05, 0x03, 0x05, 0x0B,
    0x0B, 0x0B, 0x0B, 0x0B, 0x05, 0x0B, 0x05, 0x05, 0x0D, 0x0D, 0x0D, 0x05, 0x05, 0x05, 0x05, 0x09, 0x05, 0x05, 0x05, 0x09, 0x05, 0x05, 0x09, 0x03,
    0x0B, 0x05, 0x05, 0x05, 0x05, 0x05, 0x05, 0x05, 0x0B, 0x05, 0x05, 0x02, 0x02, 0x05, 0x0B, 0x0D, 0x0B, 0x0B, 0x0B, 0x0C, 0x09, 0x05, 0x09, 0x0B,
    0x0D, 0x05, 0x09, 0x05, 0x05, 0x03, 0x05, 0x05, 0x03, 0x03, 0x03, 0x05, 0x09, 0x05, 0x09, 0x05, 0x0D, 0x05, 0x0B, 0x05, 0x05, 0x03, 0x03, 0x09,
    0x0B, 0x05, 0x0B, 0x0E, 0x0D, 0x0C, 0x0B, 0x0B, 0x0B, 0x0B, 0x0F, 0x0D, 0x0B, 0x05, 0x05, 0x0C, 0x0C, 0x0D, 0x0D, 0x05, 0x05, 0x09, 0x05, 0x05,
    0x09, 0x05, 0x0B, 0x03, 0x04, 0x06, 0x01, 0x03, 0x05, 0x05, 0x05, 0x05, 0x05, 0x03, 0x05, 0x0B, 0x0C, 0x0B, 0x03, 0x05, 0x0B, 0x0B, 0x0B, 0x09,
    0x09, 0x09, 0x05, 0x09, 0x02, 0x03, 0x09, 0x09, 0x05, 0x05, 0x03, 0x03, 0x05, 0x0B, 0x0B, 0x0D, 0x0D, 0x0C, 0x05, 0x05, 0x0B, 0x05, 0x05, 0x05,
    0x03, 0x03, 0x02, 0x05, 0x05, 0x05, 0x02, 0x09, 0x05, 0x0C, 0x03, 0x05, 0x03, 0x09, 0x03, 0x05, 0x05, 0x05, 0x05, 0x05, 0x03, 0x05, 0x03, 0x05,
    0x0B, 0x03, 0x03, 0x05, 0x03, 0x05, 0x05, 0x02, 0x03, 0x05, 0x05, 0x0D, 0x0E, 0x0C, 0x0B, 0x05, 0x03, 0x05, 0x05, 0x05, 0x03, 0x05, 0x03, 0x09,
    0x03, 0x03, 0x05, 0x02, 0x03, 0x03, 0x03, 0x03, 0x05, 0x05, 0x03, 0x05, 0x05, 0x0C, 0x0B, 0x0C, 0x05, 0x0B, 0x05, 0x05, 0x05, 0x05, 0x05, 0x05,
    0x05, 0x0B, 0x0B, 0x0B, 0x0B, 0x09, 0x05, 0x0B, 0x0B, 0x05, 0x03, 0x03, 0x03, 0x05, 0x05, 0x0B, 0x0B, 0x0C, 0x0B, 0x0C, 0x0B, 0x0D, 0x0D, 0x0C,
    0x0D, 0x02, 0x0B, 0x05, 0x0B, 0x0B, 0x0C, 0x0B, 0x0B, 0x05, 0x03, 0x01, 0x0B, 0x0B, 0x0B, 0x0B, 0x05, 0x03, 0x03, 0x02, 0x01, 0x03, 0x02, 0x04,
    0x01, 0x05, 0x0B, 0x05, 0x05, 0x0B, 0x05, 0x03, 0x03, 0x09, 0x0B, 0x0B, 0x09, 0x05, 0x03, 0x0B, 0x0C, 0x0C, 0x0C, 0x0C, 0x0B, 0x0B, 0x0B, 0x0B,
    0x0C, 0x05, 0x05, 0x0B, 0x0C, 0x0B, 0x0D, 0x0C, 0x0B, 0x05, 0x05, 0x05, 0x05, 0x0C, 0x0B, 0x05, 0x03, 0x06, 0x01, 0x03, 0x03, 0x05, 0x09, 0x05,
    0x05, 0x05, 0x05, 0x05, 0x09, 0x09, 0x0C, 0x0D, 0x0B, 0x0C, 0x0D, 0x05, 0x0B, 0x03, 0x03, 0x09, 0x0C, 0x0B, 0x09, 0x0B, 0x0D, 0x0D, 0x09, 0x05,
    0x03, 0x0B, 0x0E, 0x0D, 0x0C, 0x0B, 0x02, 0x04, 0x05, 0x09, 0x09, 0x03, 0x03, 0x03, 0x05, 0x03, 0x05, 0x03, 0x02, 0x03, 0x03, 0x0D, 0x03, 0x05,
    0x03, 0x02, 0x03, 0x03, 0x05, 0x0B, 0x09, 0x0C, 0x0B, 0x01, 0x02, 0x05, 0x05, 0x05, 0x03, 0x04, 0x04, 0x06, 0x06, 0x05, 0x05, 0x05, 0x0C, 0x09,
    0x05, 0x0D, 0x0F, 0x0C, 0x03, 0x05, 0x05, 0x05, 0x03, 0x05, 0x05, 0x09, 0x05, 0x0B, 0x05, 0x05, 0x03, 0x03, 0x02, 0x03, 0x03, 0x03, 0x05, 0x05,
    0x09, 0x05, 0x05, 0x03, 0x09, 0x05, 0x09, 0x05, 0x0B, 0x05, 0x05, 0x09, 0x05, 0x05, 0x05, 0x05, 0x05, 0x09, 0x03, 0x05, 0x05, 0x05, 0x05, 0x05,
    0x02, 0x03, 0x05, 0x05, 0x0B, 0x0B, 0x0B, 0x0B, 0x0D, 0x0E, 0x0B, 0x0B, 0x0C, 0x05, 0x02, 0x02, 0x05, 0x0B, 0x05, 0x09, 0x05, 0x05, 0x03, 0x05,
    0x05, 0x03, 0x05, 0x05, 0x09, 0x0B, 0x0C, 0x0C, 0x0B, 0x05, 0x05, 0x05, 0x03, 0x05, 0x0D, 0x03, 0x04, 0x05, 0x05, 0x0B, 0x03, 0x03, 0x05, 0x05,
    0x0D, 0x0D, 0x05, 0x03, 0x0B, 0x0B, 0x0B, 0x0B, 0x0B, 0x0B, 0x09, 0x03, 0x0B, 0x0C, 0x05, 0x0B, 0x0C, 0x0D, 0x0B, 0x0B, 0x09, 0x05, 0x0C, 0x0C,
    0x0B, 0x0B, 0x0A, 0x0F, 0x0F, 0x0D, 0x01, 0x06, 0x02, 0x03, 0x05, 0x05, 0x05, 0x01, 0x03, 0x03, 0x02, 0x05, 0x0C, 0x09, 0x05, 0x05, 0x05, 0x05,
    0x03, 0x01, 0x03, 0x09, 0x09, 0x0B, 0x0B, 0x0D, 0x0E, 0x0C, 0x09, 0x05, 0x05, 0x09, 0x0C, 0x0E, 0x0E, 0x0B, 0x0B, 0x05, 0x05, 0x05, 0x09, 0x09,
    0x05, 0x0B, 0x0B, 0x09, 0x05, 0x05, 0x03, 0x05, 0x03, 0x0C, 0x0C, 0x05, 0x02, 0x03, 0x03, 0x03, 0x02, 0x03, 0x03, 0x05, 0x05, 0x03, 0x03, 0x05,
    0x03, 0x05, 0x0B, 0x09, 0x05, 0x03, 0x03, 0x05, 0x05, 0x05, 0x05, 0x05, 0x09, 0x05, 0x0C, 0x05, 0x05, 0x05, 0x03, 0x03, 0x05, 0x05, 0x0B, 0x0B,
    0x0B, 0x05, 0x05, 0x05, 0x02, 0x02, 0x02, 0x01, 0x0B, 0x05, 0x09, 0x05, 0x03, 0x03, 0x05, 0x03, 0x01, 0x01, 0x0C, 0x0B, 0x05, 0x09, 0x04, 0x04,
    0x04, 0x02, 0x03, 0x05, 0x03, 0x03, 0x03, 0x03, 0x03, 0x05, 0x02, 0x02, 0x01, 0x02, 0x04, 0x04, 0x03, 0x05, 0x05, 0x03, 0x05, 0x05, 0x05, 0x05,
    0x0D, 0x0D, 0x05, 0x01, 0x02, 0x05, 0x05, 0x05, 0x03, 0x05, 0x05, 0x0B, 0x0B, 0x0B, 0x0B, 0x0B, 0x09, 0x05, 0x0B, 0x0C, 0x0C, 0x0B, 0x05, 0x0B,
    0x05, 0x0D, 0x0E, 0x0D, 0x0B, 0x02, 0x01, 0x04, 0x03, 0x02, 0x02, 0x05, 0x0B, 0x0B, 0x0B, 0x0B, 0x03, 0x01, 0x02, 0x02, 0x03, 0x03, 0x02, 0x0B,
    0x0B, 0x05, 0x0B, 0x0B, 0x0B, 0x0B, 0x0B, 0x0B, 0x0C, 0x0D, 0x0C, 0x09, 0x09, 0x05, 0x0B, 0x05, 0x0C, 0x0F, 0x0E, 0x0B, 0x05, 0x05, 0x03, 0x05,
    0x05, 0x05, 0x05, 0x03, 0x05, 0x05, 0x09, 0x05, 0x02, 0x02, 0x02, 0x05, 0x03, 0x05, 0x09, 0x09, 0x03, 0x02, 0x02, 0x05, 0x0B, 0x0C, 0x0D, 0x0B,
    0x05, 0x09, 0x0D, 0x0D, 0x0D, 0x0B, 0x09, 0x0E, 0x05, 0x05, 0x09, 0x05, 0x01, 0x01, 0x03, 0x03, 0x05, 0x05, 0x03, 0x03, 0x05, 0x0B, 0x09, 0x05,
    0x05, 0x02, 0x04, 0x06, 0x04, 0x04, 0x03, 0x03, 0x05, 0x05, 0x05, 0x03, 0x03, 0x05, 0x0B, 0x0B, 0x0B, 0x09, 0x05, 0x0B, 0x02, 0x01, 0x01, 0x04,
    0x06, 0x03, 0x05, 0x09, 0x05, 0x05, 0x05, 0x05, 0x02, 0x03, 0x03, 0x05, 0x05, 0x0B, 0x05, 0x0B, 0x02, 0x01, 0x02, 0x01, 0x02, 0x01, 0x02, 0x03,
    0x05, 0x05, 0x03, 0x01, 0x06, 0x02, 0x05, 0x05, 0x05, 0x05, 0x05, 0x05, 0x05, 0x05, 0x01, 0x01, 0x01, 0x03, 0x01, 0x01, 0x02, 0x05, 0x05, 0x05,
    0x0B, 0x09, 0x03, 0x05, 0x06, 0x02, 0x03, 0x03, 0x02, 0x05, 0x05, 0x05, 0x0C, 0x0A, 0x0D, 0x05, 0x02, 0x01, 0x05, 0x0B, 0x05, 0x05, 0x05, 0x05,
    0x05, 0x0B, 0x0B, 0x05, 0x05, 0x03, 0x05, 0x0B, 0x0B, 0x0C, 0x05, 0x0B, 0x05, 0x03, 0x09, 0x05, 0x0E, 0x0C, 0x05, 0x05, 0x03, 0x03, 0x01, 0x03,
    0x05, 0x0B, 0x0B, 0x05, 0x05, 0x0B, 0x05, 0x02, 0x03, 0x0C, 0x0B, 0x0B, 0x0B, 0x05, 0x05, 0x05, 0x05, 0x0B, 0x0B, 0x0C, 0x0B, 0x0C, 0x0C, 0x0B,
    0x05, 0x05, 0x05, 0x0B, 0x0D, 0x0B, 0x05, 0x05, 0x03, 0x03, 0x01, 0x01, 0x02, 0x03, 0x05, 0x0B, 0x0C, 0x09, 0x05, 0x05, 0x05, 0x01, 0x02, 0x01,
    0x05, 0x0C, 0x0E, 0x0B, 0x0B, 0x09, 0x0B, 0x05, 0x09, 0x0C, 0x0D, 0x0D, 0x0C, 0x09, 0x0B, 0x0B, 0x0B, 0x0D, 0x0D, 0x0D, 0x05, 0x02, 0x03, 0x09,
    0x05, 0x05, 0x02, 0x03, 0x01, 0x05, 0x03, 0x05, 0x05, 0x03, 0x05, 0x05, 0x0D, 0x03, 0x05, 0x05, 0x01, 0x01, 0x02, 0x03, 0x09, 0x05, 0x09, 0x05,
    0x03, 0x01, 0x03, 0x03, 0x03, 0x09, 0x03, 0x0B, 0x09, 0x0B, 0x0D, 0x05, 0x05, 0x0B, 0x05, 0x05, 0x0B, 0x05, 0x05, 0x05, 0x05, 0x03, 0x03, 0x05,
    0x03, 0x05, 0x05, 0x03, 0x02, 0x01, 0x03, 0x02, 0x01, 0x02, 0x05, 0x09, 0x0B, 0x05, 0x05, 0x02, 0x01, 0x06, 0x02, 0x01, 0x05, 0x0B, 0x0B, 0x0B,
    0x0B, 0x09, 0x03, 0x03, 0x03, 0x03, 0x01, 0x04, 0x02, 0x09, 0x05, 0x05, 0x05, 0x05, 0x05, 0x05, 0x03, 0x04, 0x04, 0x03, 0x03, 0x03, 0x05, 0x05,
    0x0B, 0x0B, 0x0C, 0x05, 0x05, 0x05, 0x05, 0x05, 0x05, 0x05, 0x05, 0x09, 0x05, 0x05, 0x0B, 0x05, 0x0B, 0x0B, 0x05, 0x05, 0x0C, 0x0D, 0x0B, 0x03,
    0x0B, 0x05, 0x05, 0x0C, 0x09, 0x0B, 0x0C, 0x05, 0x03, 0x02, 0x05, 0x03, 0x05, 0x0B, 0x05, 0x05, 0x05, 0x05, 0x0B, 0x0B, 0x0D, 0x0C, 0x03, 0x05,
    0x01, 0x05, 0x05, 0x09, 0x05, 0x05, 0x05, 0x05, 0x09, 0x05, 0x03, 0x0C, 0x0D, 0x0B, 0x05, 0x0C, 0x0D, 0x0C, 0x0B, 0x05, 0x05, 0x05, 0x01, 0x03,
    0x03, 0x02, 0x01, 0x05, 0x09, 0x0C, 0x0B, 0x05, 0x05, 0x0B, 0x01, 0x02, 0x03, 0x0B, 0x09, 0x05, 0x05, 0x0B, 0x0C, 0x0D, 0x0B, 0x0B, 0x0C, 0x0D,
    0x0C, 0x0C, 0x0B, 0x05, 0x0B, 0x0B, 0x0C, 0x0B, 0x0C, 0x0B, 0x05, 0x01, 0x03, 0x0B, 0x0C, 0x0B, 0x03, 0x05, 0x0B, 0x05, 0x05, 0x09, 0x0B, 0x0B,
    0x09, 0x0B, 0x0D, 0x05, 0x02, 0x03, 0x03, 0x02, 0x03, 0x05, 0x01, 0x02, 0x04, 0x02, 0x01, 0x01, 0x02, 0x01, 0x05, 0x02, 0x03, 0x0C, 0x05, 0x02,
    0x02, 0x03, 0x03, 0x04, 0x01, 0x05, 0x09, 0x05, 0x09, 0x05, 0x09, 0x03, 0x01, 0x03, 0x02, 0x01, 0x05, 0x03, 0x05, 0x03, 0x06, 0x04, 0x05, 0x05,
    0x0B, 0x0D, 0x09, 0x03, 0x03, 0x05, 0x0B, 0x09, 0x09, 0x03, 0x09, 0x0B, 0x05, 0x03, 0x02, 0x03, 0x03, 0x0B, 0x0B, 0x0B, 0x09, 0x0B, 0x09, 0x02,
    0x01, 0x05, 0x0B, 0x0C, 0x0C, 0x03, 0x01, 0x05, 0x05, 0x0B, 0x05, 0x05, 0x03, 0x05, 0x0B, 0x02, 0x06, 0x03, 0x02, 0x01, 0x05, 0x05, 0x05, 0x05,
    0x09, 0x05, 0x0B, 0x05, 0x05, 0x0B, 0x0B, 0x09, 0x05, 0x0B, 0x0B, 0x0B, 0x0E, 0x05, 0x02, 0x09, 0x0B, 0x0B, 0x0B, 0x0B, 0x03, 0x03, 0x03, 0x05,
    0x05, 0x05, 0x05, 0x05, 0x05, 0x05, 0x09, 0x05, 0x05, 0x0B, 0x05, 0x0D, 0x0B, 0x03, 0x05, 0x05, 0x05, 0x05, 0x05, 0x09, 0x0B, 0x05, 0x03, 0x03,
    0x01, 0x05, 0x05, 0x09, 0x05, 0x09, 0x0C, 0x09, 0x0B, 0x05, 0x0B, 0x0C, 0x0B, 0x03, 0x01, 0x03, 0x03, 0x09, 0x05, 0x03, 0x03, 0x05, 0x05, 0x01,
    0x04, 0x02, 0x01, 0x05, 0x05, 0x05, 0x0B, 0x0C, 0x0B, 0x05, 0x05, 0x0B, 0x0B, 0x0B, 0x05, 0x0B, 0x0B, 0x05, 0x0B, 0x05, 0x09, 0x05, 0x09, 0x05,
    0x03, 0x05, 0x05, 0x05, 0x02, 0x03, 0x05, 0x0C, 0x0C, 0x0B, 0x05, 0x09, 0x0B, 0x0B, 0x0B, 0x0D, 0x0B, 0x05, 0x02, 0x04, 0x06, 0x01, 0x01, 0x01,
    0x05, 0x03, 0x02, 0x01, 0x03, 0x05, 0x05, 0x09, 0x05, 0x05, 0x09, 0x05, 0x09, 0x09, 0x05, 0x05, 0x04, 0x06, 0x05, 0x05, 0x09, 0x05, 0x01, 0x01,
    0x04, 0x03, 0x05, 0x09, 0x05, 0x05, 0x05, 0x05, 0x05, 0x05, 0x0B, 0x05, 0x05, 0x0B, 0x05, 0x05, 0x02, 0x05, 0x03, 0x05, 0x0B, 0x09, 0x0D, 0x0B,
    0x05, 0x05, 0x03, 0x03, 0x05, 0x0B, 0x0C, 0x0C, 0x05, 0x05, 0x01, 0x06, 0x06, 0x01, 0x04, 0x05, 0x05, 0x0B, 0x05, 0x02, 0x03, 0x05, 0x05, 0x05,
    0x05, 0x03, 0x05, 0x0C, 0x0C, 0x0B, 0x0B, 0x0C, 0x0E, 0x05, 0x03, 0x02, 0x01, 0x02, 0x05, 0x05, 0x0B, 0x0B, 0x0C, 0x0D, 0x0B, 0x0B, 0x0B, 0x0B,
    0x0B, 0x05, 0x0B, 0x05, 0x0B, 0x0C, 0x0B, 0x05, 0x03, 0x03, 0x03, 0x03, 0x05, 0x03, 0x03, 0x05, 0x05, 0x05, 0x09, 0x05, 0x01, 0x02, 0x0B, 0x0D,
    0x09, 0x05, 0x05, 0x05, 0x05, 0x05, 0x05, 0x0B, 0x0B, 0x0B, 0x03, 0x05, 0x0D, 0x0C, 0x05, 0x03, 0x05, 0x03, 0x05, 0x05, 0x02, 0x01, 0x05, 0x05,
    0x09, 0x0B, 0x0B, 0x05, 0x05, 0x03, 0x05, 0x02, 0x03, 0x05, 0x05, 0x01, 0x01, 0x0B, 0x05, 0x05, 0x05, 0x09, 0x05, 0x05, 0x05, 0x05, 0x05, 0x05,
    0x0B, 0x0C, 0x0B, 0x09, 0x05, 0x05, 0x05, 0x01, 0x05, 0x05, 0x0C, 0x05, 0x02, 0x03, 0x03, 0x05, 0x0B, 0x05, 0x05, 0x0B, 0x0D, 0x05, 0x05, 0x0B,
    0x05, 0x0B, 0x0B, 0x0C, 0x0D, 0x0B, 0x0B, 0x05, 0x02, 0x04, 0x01, 0x02, 0x05, 0x05, 0x0B, 0x03, 0x03, 0x05, 0x05, 0x05, 0x05, 0x05, 0x05, 0x0B,
    0x09, 0x09, 0x0B, 0x0D, 0x05, 0x03, 0x03, 0x03, 0x05, 0x05, 0x0B, 0x05, 0x09, 0x05, 0x05, 0x05, 0x05, 0x09, 0x05, 0x05, 0x0B, 0x05, 0x09, 0x0B,
    0x0B, 0x09, 0x05, 0x03, 0x05, 0x05, 0x01, 0x03, 0x09, 0x0B, 0x05, 0x05, 0x0B, 0x05, 0x02, 0x01, 0x03, 0x05, 0x05, 0x0C, 0x05, 0x0B, 0x09, 0x0C,
    0x05, 0x02, 0x06, 0x03, 0x0B, 0x0B, 0x09, 0x05, 0x02, 0x02, 0x05, 0x05, 0x0B, 0x09, 0x05, 0x03, 0x05, 0x0D, 0x0E, 0x0D, 0x0D, 0x05, 0x03, 0x05,
    0x0B, 0x05, 0x05, 0x0B, 0x05, 0x0B, 0x0B, 0x0C, 0x0C, 0x0B, 0x09, 0x05, 0x02, 0x05, 0x05, 0x0C, 0x0C, 0x05, 0x0B, 0x05, 0x03, 0x01, 0x01, 0x01,
    0x03, 0x0B, 0x05, 0x02, 0x06, 0x02, 0x05, 0x03, 0x02, 0x04, 0x05, 0x05, 0x0B, 0x0B, 0x0B, 0x05, 0x05, 0x05, 0x05, 0x0B, 0x0B, 0x0C, 0x0C, 0x0B,
    0x0B, 0x0D, 0x0D, 0x05, 0x0B, 0x0B, 0x03, 0x05, 0x0B, 0x0B, 0x09, 0x09, 0x09, 0x09, 0x0B, 0x05, 0x05, 0x05, 0x09, 0x0B, 0x05, 0x05, 0x03, 0x01,
    0x05, 0x09, 0x09, 0x05, 0x05, 0x05, 0x03, 0x03, 0x05, 0x05, 0x05, 0x0B, 0x0B, 0x09, 0x09, 0x09, 0x05, 0x05, 0x05, 0x01, 0x05, 0x09, 0x0B, 0x05,
    0x06, 0x06, 0x04, 0x03, 0x05, 0x03, 0x03, 0x09, 0x0D, 0x05, 0x09, 0x02, 0x05, 0x03, 0x05, 0x05, 0x0B, 0x05, 0x05, 0x05, 0x05, 0x05, 0x03, 0x02,
    0x03, 0x03, 0x02, 0x02, 0x03, 0x01, 0x03, 0x05, 0x03, 0x03, 0x02, 0x03, 0x02, 0x05, 0x05, 0x0B, 0x0B, 0x05, 0x02, 0x02, 0x05, 0x03, 0x05, 0x09,
    0x05, 0x02, 0x03, 0x05, 0x0B, 0x05, 0x0B, 0x09, 0x05, 0x03, 0x02, 0x05, 0x09, 0x05, 0x05, 0x05, 0x05, 0x05, 0x05, 0x03, 0x05, 0x05, 0x05, 0x0B,
    0x0B, 0x05, 0x05, 0x02, 0x01, 0x01, 0x03, 0x05, 0x05, 0x0B, 0x0F, 0x12, 0x12, 0x0D, 0x05, 0x01, 0x05, 0x05, 0x03, 0x05, 0x0B, 0x05, 0x05, 0x05,
    0x05, 0x03, 0x03, 0x03, 0x03, 0x05, 0x0B, 0x0D, 0x0E, 0x0E, 0x0D, 0x05, 0x0B, 0x0B, 0x0B, 0x09, 0x05, 0x0B, 0x0B, 0x05, 0x09, 0x05, 0x05, 0x03,
    0x03, 0x05, 0x05, 0x05, 0x05, 0x03, 0x05, 0x03, 0x03, 0x01, 0x02, 0x05, 0x0C, 0x0D, 0x0C, 0x03, 0x04, 0x05, 0x05, 0x05, 0x05, 0x05, 0x05, 0x03,
    0x0B, 0x0B, 0x05, 0x09, 0x0B, 0x05, 0x0B, 0x0B, 0x0B, 0x0B, 0x0B, 0x0B, 0x0B, 0x0B, 0x0B, 0x0C, 0x05, 0x0C, 0x0C, 0x09, 0x09, 0x0B, 0x0B, 0x0B,
    0x0B, 0x05, 0x0B, 0x0B, 0x05, 0x09, 0x05, 0x09, 0x09, 0x0B, 0x02, 0x03, 0x03, 0x03, 0x03, 0x05, 0x05, 0x05, 0x05, 0x03, 0x03, 0x03, 0x05, 0x0B,
    0x09, 0x05, 0x0B, 0x09, 0x0B, 0x0B, 0x0C, 0x0B, 0x05, 0x0B, 0x0B, 0x0B, 0x02, 0x02, 0x01, 0x04, 0x01, 0x01, 0x02, 0x03, 0x03, 0x05, 0x05, 0x02,
    0x01, 0x02, 0x05, 0x05, 0x05, 0x03, 0x05, 0x05, 0x05, 0x05, 0x03, 0x02, 0x05, 0x01, 0x02, 0x03, 0x02, 0x05, 0x03, 0x05, 0x05, 0x09, 0x05, 0x05,
    0x09, 0x05, 0x05, 0x05, 0x0B, 0x0D, 0x0B, 0x05, 0x03, 0x05, 0x05, 0x05, 0x05, 0x02, 0x05, 0x05, 0x09, 0x0B, 0x0B, 0x0B, 0x05, 0x03, 0x02, 0x02,
    0x09, 0x05, 0x0B, 0x05, 0x05, 0x0B, 0x05, 0x05, 0x05, 0x05, 0x05, 0x0B, 0x0B, 0x0B, 0x0B, 0x0B, 0x09, 0x0B, 0x03, 0x05, 0x02, 0x03, 0x0B, 0x0D,
    0x10, 0x14, 0x0E, 0x0B, 0x05, 0x05, 0x05, 0x03, 0x05, 0x05, 0x09, 0x05, 0x05, 0x05, 0x05, 0x03, 0x03, 0x05, 0x05, 0x05, 0x05, 0x0D, 0x0C, 0x05,
    0x05, 0x0C, 0x0C, 0x09, 0x05, 0x05, 0x03, 0x03, 0x03, 0x05, 0x05, 0x03, 0x05, 0x03, 0x05, 0x02, 0x03, 0x05, 0x05, 0x03, 0x03, 0x01, 0x03, 0x05,
    0x09, 0x0B, 0x0B, 0x0D, 0x11, 0x0C, 0x0B, 0x0B, 0x05, 0x0B, 0x05, 0x05, 0x03, 0x03, 0x05, 0x05, 0x05, 0x0B, 0x05, 0x03, 0x02, 0x03, 0x0B, 0x05,
    0x0B, 0x05, 0x03, 0x05, 0x0B, 0x0B, 0x0B, 0x0B, 0x05, 0x0B, 0x0B, 0x0B, 0x05, 0x05, 0x0B, 0x0C, 0x0B, 0x05, 0x05, 0x05, 0x0B, 0x09, 0x05, 0x01,
    0x03, 0x05, 0x03, 0x05, 0x05, 0x05, 0x05, 0x05, 0x05, 0x09, 0x05, 0x01, 0x02, 0x05, 0x09, 0x09, 0x0B, 0x09, 0x0B, 0x05, 0x03, 0x0B, 0x0B, 0x0B,
    0x0B, 0x05, 0x09, 0x03, 0x0B, 0x02, 0x01, 0x04, 0x02, 0x03, 0x02, 0x02, 0x02, 0x01, 0x01, 0x03, 0x05, 0x05, 0x05, 0x05, 0x05, 0x0B, 0x0B, 0x05,
    0x02, 0x05, 0x0B, 0x0C, 0x0D, 0x0C, 0x05, 0x05, 0x05, 0x0B, 0x0B, 0x05, 0x05, 0x05, 0x03, 0x03, 0x05, 0x09, 0x05, 0x01, 0x03, 0x05, 0x05, 0x05,
    0x09, 0x0C, 0x05, 0x05, 0x05, 0x0B, 0x0D, 0x05, 0x05, 0x03, 0x05, 0x05, 0x05, 0x09, 0x05, 0x0B, 0x09, 0x05, 0x05, 0x05, 0x02, 0x03, 0x05, 0x0B,
    0x0B, 0x0B, 0x0B, 0x0B, 0x0C, 0x0C, 0x0C, 0x05, 0x05, 0x01, 0x03, 0x05, 0x0B, 0x0B, 0x0C, 0x05, 0x05, 0x0B, 0x05, 0x03, 0x03, 0x05, 0x0B, 0x0B,
    0x0B, 0x0B, 0x0B, 0x0B, 0x05, 0x03, 0x03, 0x01, 0x05, 0x0D, 0x0D, 0x0D, 0x05, 0x02, 0x05, 0x03, 0x05, 0x05, 0x05, 0x05, 0x05, 0x05, 0x09, 0x0B,
    0x09, 0x05, 0x09, 0x03, 0x02, 0x05, 0x03, 0x03, 0x09, 0x02, 0x01, 0x01, 0x02, 0x03, 0x03, 0x05, 0x05, 0x02, 0x09, 0x0C, 0x0D, 0x0B, 0x05, 0x0B,
    0x03, 0x05, 0x03, 0x02, 0x05, 0x05, 0x05, 0x05, 0x09, 0x0B, 0x0B, 0x05, 0x0B, 0x03, 0x02, 0x03, 0x09, 0x0B, 0x0B, 0x0B, 0x05, 0x05, 0x0B, 0x0C,
    0x0B, 0x05, 0x05, 0x09, 0x0B, 0x0B, 0x05, 0x04, 0x03, 0x02, 0x09, 0x03, 0x02, 0x03, 0x05, 0x05, 0x05, 0x03, 0x05, 0x09, 0x0B, 0x0C, 0x09, 0x02,
    0x02, 0x05, 0x0B, 0x05, 0x0B, 0x0B, 0x09, 0x03, 0x03, 0x09, 0x0B, 0x0B, 0x03, 0x03, 0x03, 0x02, 0x02, 0x03, 0x05, 0x02, 0x03, 0x03, 0x05, 0x02,
    0x02, 0x03, 0x03, 0x03, 0x03, 0x03, 0x03, 0x03, 0x05, 0x05, 0x0B, 0x0C, 0x02, 0x01, 0x03, 0x03, 0x03, 0x03, 0x05, 0x05, 0x09, 0x05, 0x05, 0x05,
    0x09, 0x05, 0x03, 0x03, 0x05, 0x05, 0x09, 0x0B, 0x05, 0x02, 0x05, 0x05, 0x09, 0x05, 0x0B, 0x0B, 0x0B, 0x0B, 0x0C, 0x0B, 0x05, 0x05, 0x05, 0x09,
    0x05, 0x05, 0x05, 0x05, 0x05, 0x05, 0x03, 0x05, 0x03, 0x03, 0x05, 0x0B, 0x09, 0x05, 0x05, 0x03, 0x05, 0x0E, 0x0E, 0x0B, 0x0D, 0x0E, 0x05, 0x03,
    0x05, 0x0B, 0x0D, 0x09, 0x05, 0x0B, 0x0B, 0x05, 0x05, 0x05, 0x05, 0x0B, 0x09, 0x0B, 0x0B, 0x0C, 0x0B, 0x05, 0x02, 0x05, 0x05, 0x0C, 0x0C, 0x0D,
    0x0B, 0x02, 0x01, 0x01, 0x03, 0x05, 0x05, 0x05, 0x05, 0x02, 0x05, 0x0B, 0x0B, 0x0B, 0x0D, 0x0C, 0x09, 0x05, 0x02, 0x03, 0x03, 0x09, 0x03, 0x02,
    0x01, 0x04, 0x01, 0x03, 0x01, 0x02, 0x01, 0x09, 0x05, 0x0B, 0x05, 0x05, 0x03, 0x02, 0x03, 0x02, 0x01, 0x02, 0x05, 0x09, 0x05, 0x05, 0x05, 0x05,
    0x0B, 0x0B, 0x09, 0x05, 0x0B, 0x05, 0x05, 0x0D, 0x0C, 0x05, 0x0B, 0x05, 0x05, 0x09, 0x0C, 0x0D, 0x0D, 0x0B, 0x0C, 0x05, 0x02, 0x03, 0x05, 0x05,
    0x03, 0x03, 0x05, 0x05, 0x0B, 0x09, 0x05, 0x05, 0x05, 0x03, 0x05, 0x05, 0x05, 0x05, 0x05, 0x0B, 0x0D, 0x0D, 0x0B, 0x03, 0x0B, 0x09, 0x0B, 0x09,
    0x0B, 0x09, 0x05, 0x09, 0x05, 0x03, 0x02, 0x05, 0x05, 0x05, 0x0B, 0x0D, 0x0C, 0x0C, 0x05, 0x05, 0x03, 0x02, 0x03, 0x02, 0x01, 0x02, 0x05, 0x03,
    0x01, 0x05, 0x05, 0x03, 0x01, 0x02, 0x03, 0x03, 0x02, 0x02, 0x05, 0x05, 0x05, 0x03, 0x03, 0x02, 0x03, 0x03, 0x05, 0x05, 0x0C, 0x05, 0x05, 0x09,
    0x05, 0x05, 0x0B, 0x0C, 0x0B, 0x0C, 0x0B, 0x0C, 0x0B, 0x09, 0x0B, 0x05, 0x05, 0x05, 0x05, 0x03, 0x02, 0x05, 0x03, 0x03, 0x05, 0x03, 0x05, 0x05,
    0x0B, 0x05, 0x01, 0x01, 0x03, 0x05, 0x03, 0x03, 0x03, 0x03, 0x05, 0x05, 0x0B, 0x05, 0x0B, 0x0B, 0x0B, 0x05, 0x02, 0x03, 0x03, 0x05, 0x05, 0x09,
    0x0B, 0x0B, 0x0B, 0x0B, 0x0B, 0x05, 0x0C, 0x0C, 0x05, 0x0B, 0x05, 0x05, 0x09, 0x09, 0x05, 0x05, 0x05, 0x05, 0x05, 0x0B, 0x05, 0x03, 0x05, 0x09,
    0x0B, 0x0B, 0x05, 0x05, 0x0B, 0x03, 0x05, 0x05, 0x01, 0x03, 0x09, 0x02, 0x06, 0x04, 0x01, 0x03, 0x01, 0x01, 0x02, 0x01, 0x01, 0x03, 0x03, 0x03,
    0x02, 0x06, 0x06, 0x06, 0x06, 0x04, 0x03, 0x05, 0x05, 0x05, 0x0B, 0x05, 0x05, 0x0B, 0x0B, 0x05, 0x09, 0x03, 0x03, 0x03, 0x05, 0x05, 0x03, 0x03,
    0x03, 0x05, 0x05, 0x05, 0x0C, 0x0D, 0x0B, 0x05, 0x05, 0x03, 0x02, 0x05, 0x05, 0x0C, 0x05, 0x09, 0x05, 0x05, 0x05, 0x05, 0x05, 0x05, 0x09, 0x0B,
    0x0B, 0x0B, 0x0B, 0x03, 0x05, 0x0B, 0x0B, 0x05, 0x0B, 0x0B, 0x05, 0x0B, 0x0B, 0x05, 0x09, 0x05, 0x05, 0x05, 0x03, 0x05, 0x03, 0x05, 0x01, 0x0B,
    0x0B, 0x0B, 0x05, 0x03, 0x05, 0x05, 0x05, 0x05, 0x03, 0x05, 0x05, 0x02, 0x02, 0x05, 0x0B, 0x0B, 0x09, 0x04, 0x02, 0x02, 0x02, 0x02, 0x03, 0x03,
    0x03, 0x03, 0x03, 0x03, 0x03, 0x05, 0x05, 0x05, 0x05, 0x05, 0x05, 0x05, 0x05, 0x0B, 0x0D, 0x0E, 0x0B, 0x05, 0x05, 0x05, 0x05, 0x05, 0x05, 0x03,
    0x03, 0x01, 0x01, 0x05, 0x05, 0x05, 0x03, 0x03, 0x03, 0x03, 0x03, 0x05, 0x05, 0x0B, 0x0D, 0x0B, 0x0B, 0x02, 0x01, 0x02, 0x01, 0x02, 0x03, 0x01,
    0x05, 0x05, 0x0B, 0x0B, 0x05, 0x01, 0x02, 0x03, 0x0B, 0x0B, 0x03, 0x03, 0x05, 0x0B, 0x0B, 0x0B, 0x0D, 0x0C, 0x0C, 0x0D, 0x0D, 0x05, 0x05, 0x0B,
    0x0B, 0x0D, 0x0D, 0x03, 0x03, 0x05, 0x05, 0x05, 0x05, 0x0C, 0x0A, 0x0D, 0x0D, 0x0C, 0x05, 0x0B, 0x0B, 0x0F, 0x0C, 0x05, 0x03, 0x03, 0x01, 0x02,
    0x02, 0x04, 0x05, 0x0B, 0x0B, 0x05, 0x09, 0x01, 0x03, 0x01, 0x03, 0x04, 0x01, 0x03, 0x05, 0x01, 0x01, 0x01, 0x03, 0x03, 0x05, 0x05, 0x09, 0x0B,
    0x05, 0x05, 0x05, 0x05, 0x02, 0x0C, 0x01, 0x03, 0x05, 0x05, 0x03, 0x03, 0x09, 0x05, 0x03, 0x03, 0x03, 0x09, 0x05, 0x03, 0x05, 0x02, 0x02, 0x02,
    0x05, 0x05, 0x05, 0x02, 0x03, 0x05, 0x05, 0x05, 0x03, 0x05, 0x09, 0x0B, 0x05, 0x09, 0x0B, 0x0B, 0x0B, 0x05, 0x05, 0x0D, 0x0E, 0x0B, 0x09, 0x0B,
    0x09, 0x09, 0x05, 0x05, 0x0B, 0x05, 0x03, 0x02, 0x03, 0x09, 0x03, 0x04, 0x05, 0x05, 0x05, 0x05, 0x0B, 0x0B, 0x09, 0x05, 0x05, 0x05, 0x0C, 0x05,
    0x09, 0x05, 0x05, 0x05, 0x05, 0x05, 0x03, 0x02, 0x02, 0x01, 0x02, 0x03, 0x03, 0x03, 0x03, 0x02, 0x05, 0x09, 0x03, 0x05, 0x05, 0x05, 0x05, 0x0B,
    0x02, 0x05, 0x05, 0x05, 0x05, 0x05, 0x03, 0x03, 0x09, 0x0B, 0x05, 0x05, 0x03, 0x02, 0x03, 0x05, 0x05, 0x03, 0x05, 0x03, 0x05, 0x03, 0x05, 0x03,
    0x05, 0x0B, 0x05, 0x05, 0x05, 0x05, 0x0E, 0x0E, 0x02, 0x03, 0x01, 0x09, 0x05, 0x05, 0x05, 0x0D, 0x0C, 0x05, 0x0B, 0x05, 0x05, 0x03, 0x0B, 0x0B,
    0x05, 0x05, 0x05, 0x05, 0x0B, 0x09, 0x05, 0x0D, 0x05, 0x05, 0x05, 0x0B, 0x05, 0x0B, 0x09, 0x0B, 0x0B, 0x09, 0x09, 0x0C, 0x0B, 0x0B, 0x05, 0x05,
    0x05, 0x05, 0x0B, 0x05, 0x05, 0x0B, 0x05, 0x05, 0x05, 0x01, 0x05, 0x05, 0x05, 0x09, 0x03, 0x03, 0x09, 0x0E, 0x0E, 0x0B, 0x05, 0x0D, 0x05, 0x05,
    0x03, 0x05, 0x05, 0x0B, 0x05, 0x01, 0x01, 0x01, 0x03, 0x05, 0x05, 0x0B, 0x09, 0x02, 0x01, 0x03, 0x06, 0x02, 0x02, 0x01, 0x02, 0x01, 0x02, 0x01,
    0x01, 0x01, 0x03, 0x01, 0x02, 0x01, 0x03, 0x03, 0x05, 0x05, 0x02, 0x05, 0x04, 0x01, 0x03, 0x01, 0x09, 0x03, 0x01, 0x05, 0x05, 0x05, 0x05, 0x05,
    0x05, 0x05, 0x0B, 0x0E, 0x0B, 0x0B, 0x0B, 0x0F, 0x0C, 0x0E, 0x0D, 0x0D, 0x0B, 0x09, 0x0B, 0x0C, 0x0B, 0x0C, 0x05, 0x03, 0x09, 0x0D, 0x05, 0x03,
    0x03, 0x05, 0x05, 0x05, 0x03, 0x0D, 0x0D, 0x0C, 0x0B, 0x09, 0x05, 0x05, 0x05, 0x05, 0x03, 0x03, 0x0B, 0x05, 0x02, 0x05, 0x09, 0x03, 0x03, 0x05,
    0x05, 0x05, 0x05, 0x05, 0x05, 0x09, 0x05, 0x0B, 0x05, 0x09, 0x03, 0x0B, 0x05, 0x05, 0x05, 0x05, 0x05, 0x05, 0x05, 0x05, 0x05, 0x05, 0x05, 0x03,
    0x05, 0x05, 0x05, 0x0B, 0x02, 0x03, 0x05, 0x05, 0x05, 0x05, 0x03, 0x05, 0x05, 0x0B, 0x0B, 0x0B, 0x0B, 0x0D, 0x05, 0x05, 0x0B, 0x01, 0x01, 0x05,
    0x05, 0x05, 0x05, 0x09, 0x05, 0x05, 0x0B, 0x05, 0x03, 0x0B, 0x0D, 0x0B, 0x05, 0x09, 0x05, 0x03, 0x03, 0x09, 0x0B, 0x05, 0x03, 0x05, 0x0B, 0x05,
    0x09, 0x05, 0x05, 0x05, 0x05, 0x0B, 0x0B, 0x0B, 0x0B, 0x0D, 0x05, 0x02, 0x05, 0x0B, 0x09, 0x01, 0x03, 0x01, 0x03, 0x03, 0x05, 0x03, 0x03, 0x03,
    0x05, 0x0B, 0x0B, 0x02, 0x03, 0x05, 0x05, 0x01, 0x05, 0x05, 0x0B, 0x09, 0x0C, 0x09, 0x0B, 0x05, 0x09, 0x09, 0x05, 0x03, 0x02, 0x01, 0x03, 0x03,
    0x09, 0x09, 0x03, 0x01, 0x06, 0x03, 0x05, 0x03, 0x06, 0x01, 0x03, 0x05, 0x05, 0x01, 0x01, 0x04, 0x06, 0x04, 0x01, 0x05, 0x05, 0x0B, 0x05, 0x09,
    0x03, 0x03, 0x03, 0x05, 0x02, 0x02, 0x02, 0x03, 0x02, 0x01, 0x03, 0x09, 0x05, 0x03, 0x05, 0x0B, 0x0C, 0x0B, 0x02, 0x05, 0x05, 0x05, 0x0C, 0x05,
    0x05, 0x05, 0x05, 0x05, 0x0B, 0x0C, 0x05, 0x02, 0x05, 0x05, 0x02, 0x0B, 0x05, 0x05, 0x05, 0x05, 0x03, 0x05, 0x05, 0x09, 0x0B, 0x05, 0x05, 0x05,
    0x05, 0x05, 0x02, 0x05, 0x09, 0x0B, 0x09, 0x05, 0x05, 0x02, 0x03, 0x05, 0x05, 0x09, 0x03, 0x05, 0x0B, 0x05, 0x05, 0x05, 0x05, 0x05, 0x05, 0x09,
    0x05, 0x05, 0x05, 0x02, 0x02, 0x03, 0x03, 0x02, 0x03, 0x09, 0x0B, 0x0B, 0x0C, 0x0E, 0x0F, 0x0B, 0x09, 0x05, 0x05, 0x05, 0x01, 0x03, 0x03, 0x09,
    0x05, 0x03, 0x03, 0x05, 0x09, 0x09, 0x09, 0x09, 0x0D, 0x05, 0x01, 0x03, 0x02, 0x04, 0x01, 0x03, 0x05, 0x05, 0x05, 0x05, 0x05, 0x05, 0x05, 0x05,
    0x09, 0x03, 0x03, 0x05, 0x05, 0x0B, 0x0B, 0x05, 0x05, 0x05, 0x03, 0x09, 0x05, 0x05, 0x0B, 0x0B, 0x0B, 0x0B, 0x0B, 0x0B, 0x0B, 0x05, 0x02, 0x05,
    0x03, 0x01, 0x04, 0x02, 0x02, 0x02, 0x02, 0x0B, 0x0C, 0x09, 0x02, 0x02, 0x03, 0x03, 0x05, 0x03, 0x01, 0x02, 0x01, 0x02, 0x02, 0x03, 0x05, 0x05,
    0x05, 0x05, 0x05, 0x03, 0x0B, 0x05, 0x05, 0x09, 0x05, 0x02, 0x03, 0x05, 0x05, 0x05, 0x05, 0x05, 0x05, 0x05, 0x01, 0x01, 0x03, 0x02, 0x02, 0x04,
    0x01, 0x02, 0x03, 0x05, 0x09, 0x02, 0x04, 0x02, 0x01, 0x01, 0x02, 0x03, 0x0D, 0x05, 0x01, 0x01, 0x01, 0x02, 0x01, 0x05, 0x03, 0x02, 0x03, 0x05,
    0x05, 0x05, 0x09, 0x05, 0x05, 0x0B, 0x05, 0x09, 0x01, 0x02, 0x03, 0x02, 0x05, 0x0B, 0x05, 0x05, 0x05, 0x05, 0x0D, 0x09, 0x0B, 0x0B, 0x0C, 0x0C,
    0x05, 0x0C, 0x0C, 0x0B, 0x03, 0x04, 0x01, 0x05, 0x05, 0x03, 0x03, 0x09, 0x0C, 0x05, 0x05, 0x09, 0x0D, 0x0E, 0x05, 0x03, 0x01, 0x05, 0x03, 0x03,
    0x0B, 0x0C, 0x0C, 0x09, 0x05, 0x09, 0x09, 0x05, 0x05, 0x05, 0x03, 0x05, 0x05, 0x09, 0x0B, 0x0D, 0x0C, 0x05, 0x0B, 0x0B, 0x0B, 0x0C, 0x0C, 0x09,
    0x05, 0x05, 0x0B, 0x09, 0x05, 0x05, 0x05, 0x05, 0x09, 0x0D, 0x0B, 0x0B, 0x09, 0x05, 0x05, 0x02, 0x03, 0x05, 0x0D, 0x0D, 0x0E, 0x0C, 0x05, 0x05,
    0x01, 0x03, 0x05, 0x03, 0x05, 0x02, 0x03, 0x03, 0x03, 0x03, 0x05, 0x05, 0x09, 0x05, 0x05, 0x05, 0x05, 0x05, 0x05, 0x01, 0x09, 0x0B, 0x03, 0x05,
    0x0B, 0x05, 0x05, 0x0B, 0x0B, 0x09, 0x0B, 0x0D, 0x0D, 0x0C, 0x0E, 0x0D, 0x0C, 0x0D, 0x0E, 0x05, 0x09, 0x05, 0x03, 0x05, 0x05, 0x05, 0x0B, 0x05,
    0x03, 0x03, 0x01, 0x01, 0x03, 0x01, 0x02, 0x05, 0x03, 0x05, 0x05, 0x0B, 0x0B, 0x05, 0x05, 0x05, 0x05, 0x05, 0x05, 0x05, 0x05, 0x0B, 0x03, 0x04,
    0x04, 0x01, 0x03, 0x05, 0x05, 0x01, 0x01, 0x03, 0x01, 0x05, 0x05, 0x02, 0x01, 0x02, 0x02, 0x02, 0x02, 0x03, 0x09, 0x03, 0x03, 0x03, 0x03, 0x02,
    0x05, 0x05, 0x01, 0x03, 0x02, 0x02, 0x02, 0x09, 0x0C, 0x0C, 0x05, 0x02, 0x05, 0x05, 0x0B, 0x03, 0x01, 0x03, 0x0C, 0x09, 0x09, 0x05, 0x09, 0x05,
    0x0B, 0x05, 0x05, 0x05, 0x0C, 0x0C, 0x0B, 0x0B, 0x0C, 0x0D, 0x0E, 0x0E, 0x0D, 0x0B, 0x0C, 0x0C, 0x05, 0x01, 0x03, 0x03, 0x02, 0x03, 0x05, 0x03,
    0x03, 0x02, 0x03, 0x03, 0x03, 0x05, 0x05, 0x0B, 0x0D, 0x05, 0x0B, 0x0B, 0x09, 0x05, 0x09, 0x05, 0x03, 0x09, 0x0B, 0x05, 0x0B, 0x05, 0x0B, 0x05,
    0x09, 0x0C, 0x05, 0x0C, 0x0F, 0x11, 0x0D, 0x0B, 0x09, 0x09, 0x09, 0x05, 0x05, 0x01, 0x05, 0x05, 0x09, 0x0B, 0x05, 0x05, 0x05, 0x05, 0x09, 0x05,
    0x05, 0x05, 0x0C, 0x0D, 0x0C, 0x0B, 0x0C, 0x05, 0x05, 0x0D, 0x0B, 0x0D, 0x0B, 0x05, 0x05, 0x05, 0x05, 0x0B, 0x09, 0x02, 0x02, 0x03, 0x03, 0x05,
    0x05, 0x02, 0x05, 0x01, 0x01, 0x03, 0x05, 0x0B, 0x05, 0x0B, 0x0B, 0x05, 0x05, 0x0B, 0x05, 0x09, 0x05, 0x0B, 0x0B, 0x0B, 0x0B, 0x05, 0x09, 0x0B,
    0x0D, 0x0D, 0x0C, 0x0D, 0x0D, 0x09, 0x03, 0x02, 0x01, 0x05, 0x0B, 0x0B, 0x03, 0x03, 0x03, 0x02, 0x03, 0x05, 0x0B, 0x0C, 0x0C, 0x0D, 0x0B, 0x05,
    0x05, 0x0B, 0x04, 0x02, 0x05, 0x03, 0x03, 0x03, 0x05, 0x09, 0x09, 0x03, 0x01, 0x01, 0x04, 0x01, 0x03, 0x04, 0x04, 0x04, 0x0B, 0x09, 0x05, 0x0B,
    0x05, 0x06, 0x06, 0x06, 0x06, 0x01, 0x03, 0x05, 0x02, 0x01, 0x01, 0x05, 0x03, 0x02, 0x03, 0x02, 0x02, 0x04, 0x02, 0x05, 0x0B, 0x0B, 0x09, 0x0B,
    0x0C, 0x0C, 0x09, 0x0C, 0x09, 0x03, 0x03, 0x01, 0x03, 0x03, 0x05, 0x05, 0x05, 0x05, 0x05, 0x0B, 0x05, 0x05, 0x0B, 0x05, 0x09, 0x0C, 0x0B, 0x05,
    0x05, 0x0F, 0x0D, 0x0D, 0x0D, 0x0B, 0x05, 0x03, 0x05, 0x05, 0x03, 0x02, 0x01, 0x05, 0x05, 0x05, 0x03, 0x0B, 0x05, 0x05, 0x05, 0x0B, 0x05, 0x03,
    0x02, 0x02, 0x01, 0x01, 0x03, 0x02, 0x02, 0x05, 0x03, 0x05, 0x05, 0x05, 0x0B, 0x09, 0x03, 0x05, 0x09, 0x0B, 0x0B, 0x03, 0x05, 0x05, 0x05, 0x05,
    0x05, 0x09, 0x05, 0x05, 0x05, 0x05, 0x03, 0x05, 0x09, 0x03, 0x05, 0x05, 0x05, 0x0B, 0x05, 0x0C, 0x0E, 0x0D, 0x0B, 0x05, 0x0B, 0x0B, 0x0B, 0x0B,
    0x0C, 0x0C, 0x05, 0x05, 0x0B, 0x0D, 0x0C, 0x05, 0x05, 0x0B, 0x03, 0x05, 0x0B, 0x0C, 0x0D, 0x0B, 0x05, 0x05, 0x03, 0x05, 0x05, 0x05, 0x05, 0x05,
    0x05, 0x05, 0x05, 0x05, 0x05, 0x05, 0x05, 0x03, 0x05, 0x0B, 0x09, 0x05, 0x0B, 0x05, 0x0B, 0x09, 0x0B, 0x05, 0x09, 0x0B, 0x0B, 0x05, 0x02, 0x01,
    0x05, 0x0B, 0x05, 0x05, 0x05, 0x05, 0x05, 0x05, 0x0B, 0x09, 0x09, 0x0B, 0x05, 0x05, 0x05, 0x05, 0x02, 0x01, 0x03, 0x05, 0x05, 0x05, 0x05, 0x05,
    0x09, 0x05, 0x03, 0x05, 0x0D, 0x0D, 0x0B, 0x0B, 0x05, 0x05, 0x0B, 0x0D, 0x0E, 0x0C, 0x05, 0x05, 0x05, 0x05, 0x05, 0x03, 0x02, 0x03, 0x02, 0x01,
    0x01, 0x02, 0x01, 0x03, 0x05, 0x02, 0x02, 0x01, 0x03, 0x05, 0x03, 0x03, 0x01, 0x03, 0x01, 0x01, 0x03, 0x03, 0x02, 0x06, 0x06, 0x06, 0x03, 0x05,
    0x05, 0x05, 0x05, 0x05, 0x0B, 0x05, 0x05, 0x05, 0x03, 0x03, 0x05, 0x05, 0x05, 0x05, 0x05, 0x0B, 0x0B, 0x0B, 0x0C, 0x0B, 0x03, 0x05, 0x05, 0x05,
    0x0B, 0x0B, 0x09, 0x05, 0x0B, 0x05, 0x05, 0x05, 0x05, 0x0B, 0x0B, 0x09, 0x05, 0x09, 0x05, 0x0B, 0x03, 0x06, 0x06, 0x01, 0x06, 0x02, 0x03, 0x05,
    0x03, 0x02, 0x05, 0x03, 0x05, 0x03, 0x05, 0x05, 0x03, 0x05, 0x05, 0x09, 0x0B, 0x05, 0x05, 0x05, 0x05, 0x0B, 0x05, 0x05, 0x03, 0x02, 0x05, 0x05,
    0x05, 0x05, 0x05, 0x05, 0x05, 0x05, 0x0B, 0x0B, 0x05, 0x0B, 0x0B, 0x05, 0x0C, 0x0B, 0x05, 0x0B, 0x05, 0x05, 0x05, 0x0C, 0x0D, 0x0C, 0x0B, 0x0B,
    0x0C, 0x0B, 0x09, 0x0D, 0x0D, 0x05, 0x05, 0x0C, 0x0D, 0x0B, 0x0B, 0x05, 0x0C, 0x0B, 0x05, 0x05, 0x05, 0x02, 0x03, 0x05, 0x05, 0x03, 0x05, 0x05,
    0x01, 0x04, 0x01, 0x05, 0x0B, 0x05, 0x0E, 0x0C, 0x05, 0x03, 0x03, 0x03, 0x03, 0x05, 0x0B, 0x09, 0x05, 0x0B, 0x0B, 0x05, 0x0B, 0x0B, 0x0C, 0x0B,
    0x09, 0x05, 0x0B, 0x0B, 0x03, 0x01, 0x02, 0x02, 0x03, 0x03, 0x03, 0x0B, 0x0E, 0x0A, 0x11, 0x11, 0x0A, 0x0C, 0x0B, 0x05, 0x09, 0x05, 0x0B, 0x05,
    0x0B, 0x0D, 0x0E, 0x0B, 0x03, 0x03, 0x03, 0x03, 0x05, 0x03, 0x01, 0x02, 0x02, 0x03, 0x01, 0x01, 0x02, 0x03, 0x01, 0x01, 0x02, 0x05, 0x0B, 0x0B,
    0x0C, 0x05, 0x0B, 0x0B, 0x0B, 0x0B, 0x05, 0x03, 0x03, 0x02, 0x06, 0x01, 0x02, 0x03, 0x05, 0x03, 0x05, 0x05, 0x05, 0x09, 0x03, 0x05, 0x03, 0x0C,
    0x0D, 0x09, 0x03, 0x0B, 0x0D, 0x0C, 0x09, 0x0B, 0x0B, 0x05, 0x09, 0x0D, 0x05, 0x05, 0x01, 0x01, 0x02, 0x03, 0x03, 0x0C, 0x05, 0x0B, 0x09, 0x0C,
    0x0C, 0x0B, 0x0C, 0x0B, 0x05, 0x09, 0x05, 0x05, 0x01, 0x06, 0x01, 0x05, 0x05, 0x05, 0x05, 0x0B, 0x05, 0x05, 0x05, 0x05, 0x03, 0x02, 0x03, 0x03,
    0x05, 0x05, 0x0B, 0x05, 0x05, 0x03, 0x05, 0x01, 0x05, 0x05, 0x05, 0x03, 0x03, 0x05, 0x0B, 0x0B, 0x0B, 0x09, 0x03, 0x03, 0x03, 0x05, 0x05, 0x05,
    0x05, 0x03, 0x05, 0x0B, 0x05, 0x05, 0x05, 0x0B, 0x05, 0x05, 0x0B, 0x05, 0x05, 0x0B, 0x0B, 0x05, 0x0B, 0x0B, 0x05, 0x0B, 0x05, 0x05, 0x05, 0x0B,
    0x09, 0x05, 0x0B, 0x05, 0x02, 0x03, 0x05, 0x05, 0x0B, 0x0C, 0x0D, 0x0E, 0x0D, 0x0C, 0x05, 0x04, 0x05, 0x0B, 0x09, 0x0C, 0x09, 0x05, 0x05, 0x09,
    0x05, 0x05, 0x0B, 0x0B, 0x05, 0x0B, 0x0D, 0x0C, 0x03, 0x05, 0x05, 0x05, 0x0B, 0x0C, 0x0D, 0x0E, 0x0C, 0x0B, 0x0B, 0x01, 0x06, 0x04, 0x02, 0x05,
    0x05, 0x0C, 0x0F, 0x0D, 0x0D, 0x0B, 0x0F, 0x0A, 0x0E, 0x0B, 0x05, 0x05, 0x0B, 0x09, 0x0C, 0x0C, 0x09, 0x05, 0x05, 0x05, 0x09, 0x09, 0x05, 0x05,
    0x01, 0x09, 0x01, 0x06, 0x02, 0x02, 0x01, 0x01, 0x01, 0x03, 0x05, 0x05, 0x05, 0x05, 0x05, 0x03, 0x02, 0x02, 0x0C, 0x0B, 0x09, 0x0B, 0x02, 0x02,
    0x05, 0x03, 0x05, 0x05, 0x03, 0x02, 0x01, 0x05, 0x0B, 0x05, 0x05, 0x02, 0x05, 0x05, 0x05, 0x05, 0x0B, 0x0D, 0x0D, 0x0B, 0x0C, 0x0D, 0x0F, 0x0D,
    0x0B, 0x0B, 0x05, 0x05, 0x05, 0x02, 0x05, 0x05, 0x0D, 0x05, 0x05, 0x09, 0x09, 0x05, 0x03, 0x0B, 0x0C, 0x0C, 0x0B, 0x0B, 0x09, 0x05, 0x02, 0x03,
    0x05, 0x05, 0x05, 0x05, 0x01, 0x02, 0x03, 0x02, 0x03, 0x03, 0x02, 0x01, 0x02, 0x05, 0x03, 0x03, 0x03, 0x02, 0x03, 0x05, 0x05, 0x05, 0x05, 0x05,
    0x05, 0x05, 0x05, 0x0B, 0x0B, 0x05, 0x0B, 0x05, 0x05, 0x05, 0x05, 0x05, 0x02, 0x03, 0x05, 0x0B, 0x05, 0x01, 0x06, 0x05, 0x0C, 0x05, 0x02, 0x02,
    0x05, 0x09, 0x0B, 0x09, 0x04, 0x01, 0x09, 0x05, 0x0C, 0x0D, 0x05, 0x05, 0x0B, 0x0B, 0x09, 0x0B, 0x0C, 0x0B, 0x0C, 0x05, 0x03, 0x05, 0x05, 0x0B,
    0x09, 0x0C, 0x0E, 0x02, 0x06, 0x01, 0x04, 0x03, 0x05, 0x09, 0x0C, 0x05, 0x0B, 0x05, 0x09, 0x0B, 0x0B, 0x05, 0x0B, 0x0B, 0x0C, 0x05, 0x05, 0x05,
    0x05, 0x05, 0x0D, 0x0D, 0x0D, 0x0C, 0x09, 0x05, 0x03, 0x02, 0x03, 0x05, 0x05, 0x05, 0x09, 0x0B, 0x09, 0x05, 0x0B, 0x0C, 0x0D, 0x0B, 0x0B, 0x0B,
    0x0B, 0x0C, 0x0B, 0x05, 0x0B, 0x0C, 0x0D, 0x0C, 0x05, 0x05, 0x05, 0x05, 0x0B, 0x0B, 0x05, 0x03, 0x06, 0x06, 0x06, 0x06, 0x04, 0x03, 0x05, 0x05,
    0x05, 0x03, 0x01, 0x04, 0x01, 0x03, 0x02, 0x05, 0x0B, 0x0B, 0x0B, 0x01, 0x05, 0x0B, 0x05, 0x05, 0x03, 0x03, 0x05, 0x05, 0x0B, 0x0D, 0x0B, 0x03,
    0x03, 0x0B, 0x05, 0x05, 0x03, 0x03, 0x09, 0x0B, 0x0B, 0x09, 0x0B, 0x0C, 0x0B, 0x0D, 0x0B, 0x05, 0x0B, 0x0B, 0x05, 0x02, 0x05, 0x05, 0x05, 0x05,
    0x03, 0x03, 0x05, 0x05, 0x05, 0x05, 0x05, 0x0C, 0x0C, 0x05, 0x04, 0x01, 0x01, 0x01, 0x02, 0x05, 0x05, 0x06, 0x01, 0x01, 0x01, 0x05, 0x05, 0x05,
    0x05, 0x05, 0x05, 0x05, 0x05, 0x02, 0x05, 0x05, 0x0C, 0x0B, 0x0B, 0x05, 0x05, 0x05, 0x09, 0x05, 0x05, 0x0B, 0x0C, 0x05, 0x05, 0x0B, 0x0B, 0x05,
    0x06, 0x06, 0x05, 0x0C, 0x0B, 0x0B, 0x0D, 0x0C, 0x0B, 0x0D, 0x0B, 0x0B, 0x05, 0x0B, 0x09, 0x02, 0x05, 0x0B, 0x0B, 0x0B, 0x0C, 0x0C, 0x0C, 0x0D,
    0x0B, 0x0B, 0x0B, 0x0C, 0x0B, 0x05, 0x03, 0x05, 0x0B, 0x0B, 0x01, 0x01, 0x02, 0x09, 0x05, 0x0D, 0x05, 0x03, 0x01, 0x03, 0x09, 0x0B, 0x0B, 0x05,
    0x0B, 0x0B, 0x0B, 0x0C, 0x05, 0x05, 0x05, 0x09, 0x05, 0x0D, 0x0B, 0x0C, 0x05, 0x03, 0x02, 0x03, 0x05, 0x03, 0x05, 0x03, 0x05, 0x03, 0x01, 0x02,
    0x05, 0x09, 0x05, 0x05, 0x05, 0x0D, 0x05, 0x0B, 0x0B, 0x09, 0x0B, 0x0B, 0x0B, 0x05, 0x05, 0x0B, 0x05, 0x05, 0x05, 0x05, 0x0B, 0x05, 0x05, 0x05,
    0x05, 0x02, 0x0C, 0x0C, 0x0C, 0x0B, 0x03, 0x02, 0x02, 0x01, 0x04, 0x01, 0x03, 0x05, 0x05, 0x02, 0x03, 0x05, 0x05, 0x05, 0x05, 0x0D, 0x0F, 0x11,
    0x05, 0x05, 0x05, 0x09, 0x02, 0x05, 0x05, 0x05, 0x05, 0x05, 0x0B, 0x05, 0x03, 0x03, 0x05, 0x05, 0x05, 0x0B, 0x0D, 0x0B, 0x03, 0x02, 0x05, 0x05,
    0x0B, 0x0C, 0x05, 0x0C, 0x09, 0x09, 0x0B, 0x03, 0x03, 0x05, 0x05, 0x05, 0x05, 0x09, 0x05, 0x02, 0x02, 0x05, 0x02, 0x0B, 0x0F, 0x0B, 0x05, 0x05,
    0x01, 0x01, 0x01, 0x05, 0x0B, 0x09, 0x05, 0x03, 0x02, 0x03, 0x03, 0x03, 0x05, 0x05, 0x05, 0x05, 0x05, 0x05, 0x03, 0x02, 0x05, 0x05, 0x05, 0x05,
    0x0B, 0x05, 0x05, 0x05, 0x05, 0x05, 0x05, 0x0B, 0x0C, 0x05, 0x0B, 0x0D, 0x0D, 0x0D, 0x05, 0x09, 0x05, 0x0B, 0x0D, 0x0B, 0x05, 0x03, 0x05, 0x05,
    0x05, 0x0B, 0x0C, 0x0C, 0x0E, 0x05, 0x05, 0x09, 0x05, 0x0B, 0x0C, 0x11, 0x0A, 0x0B, 0x0B, 0x0B, 0x0B, 0x0B, 0x0E, 0x0E, 0x0B, 0x0B, 0x0B, 0x0C,
    0x05, 0x01, 0x05, 0x05, 0x05, 0x05, 0x0B, 0x0B, 0x0B, 0x0B, 0x05, 0x05, 0x09, 0x0B, 0x0B, 0x0B, 0x0B, 0x05, 0x03, 0x02, 0x01, 0x05, 0x0C, 0x0B,
    0x05, 0x01, 0x06, 0x06, 0x04, 0x03, 0x02, 0x03, 0x09, 0x05, 0x02, 0x02, 0x09, 0x02, 0x05, 0x09, 0x03, 0x0B, 0x0B, 0x09, 0x0B, 0x0D, 0x0D, 0x0B,
    0x05, 0x05, 0x03, 0x03, 0x04, 0x05, 0x05, 0x05, 0x05, 0x05, 0x0B, 0x05, 0x09, 0x05, 0x05, 0x09, 0x09, 0x0B, 0x05, 0x05, 0x02, 0x04, 0x06, 0x06,
    0x02, 0x03, 0x03, 0x05, 0x05, 0x05, 0x05, 0x03, 0x05, 0x05, 0x0B, 0x0D, 0x03, 0x05, 0x05, 0x05, 0x03, 0x03, 0x03, 0x05, 0x05, 0x05, 0x05, 0x05,
    0x05, 0x05, 0x02, 0x03, 0x05, 0x09, 0x0B, 0x09, 0x03, 0x04, 0x04, 0x01, 0x05, 0x05, 0x05, 0x05, 0x03, 0x03, 0x05, 0x0B, 0x05, 0x05, 0x03, 0x05,
    0x05, 0x0B, 0x0B, 0x0B, 0x05, 0x05, 0x05, 0x05, 0x09, 0x0D, 0x10, 0x0A, 0x0A, 0x0C, 0x0B, 0x03, 0x05, 0x05, 0x0C, 0x0C, 0x09, 0x05, 0x05, 0x05,
    0x0B, 0x05, 0x05, 0x04, 0x03, 0x0D, 0x0B, 0x03, 0x06, 0x04, 0x02, 0x05, 0x03, 0x05, 0x03, 0x03, 0x05, 0x0B, 0x0B, 0x0C, 0x0B, 0x0C, 0x0C, 0x0D,
    0x05, 0x05, 0x0B, 0x0B, 0x09, 0x02, 0x05, 0x05, 0x05, 0x05, 0x03, 0x05, 0x0B, 0x09, 0x05, 0x0B, 0x0D, 0x0B, 0x0B, 0x05, 0x02, 0x05, 0x05, 0x0C,
    0x0D, 0x05, 0x0B, 0x0B, 0x0C, 0x0D, 0x0C, 0x0B, 0x0B, 0x0B, 0x05, 0x0B, 0x05, 0x04, 0x04, 0x03, 0x05, 0x01, 0x02, 0x05, 0x05, 0x05, 0x03, 0x05,
    0x05, 0x05, 0x05, 0x05, 0x05, 0x0B, 0x02, 0x03, 0x03, 0x03, 0x02, 0x02, 0x05, 0x05, 0x05, 0x03, 0x01, 0x03, 0x05, 0x0B, 0x0B, 0x0B, 0x0B, 0x0B,
    0x0B, 0x03, 0x03, 0x05, 0x05, 0x02, 0x05, 0x0B, 0x0D, 0x0C, 0x05, 0x02, 0x02, 0x04, 0x01, 0x05, 0x05, 0x05, 0x0B, 0x05, 0x09, 0x0B, 0x0B, 0x0B,
    0x0C, 0x05, 0x05, 0x05, 0x0C, 0x0B, 0x05, 0x05, 0x05, 0x05, 0x0F, 0x0E, 0x05, 0x02, 0x02, 0x03, 0x03, 0x04, 0x01, 0x01, 0x05, 0x0B, 0x05, 0x0B,
    0x05, 0x05, 0x05, 0x05, 0x05, 0x05, 0x03, 0x02, 0x03, 0x03, 0x02, 0x05, 0x0C, 0x03, 0x01, 0x02, 0x05, 0x03, 0x05, 0x05, 0x05, 0x03, 0x05, 0x05,
    0x05, 0x05, 0x05, 0x09, 0x02, 0x03, 0x05, 0x05, 0x09, 0x05, 0x05, 0x05, 0x03, 0x03, 0x09, 0x0D, 0x0D, 0x05, 0x05, 0x03, 0x03, 0x05, 0x05, 0x09,
    0x0C, 0x05, 0x0D, 0x09, 0x05, 0x05, 0x09, 0x0B, 0x0B, 0x0B, 0x0C, 0x0B, 0x0B, 0x0B, 0x03, 0x01, 0x06, 0x02, 0x05, 0x05, 0x03, 0x05, 0x03, 0x03,
    0x03, 0x03, 0x03, 0x03, 0x05, 0x05, 0x05, 0x05, 0x0B, 0x05, 0x05, 0x03, 0x03, 0x0B, 0x05, 0x05, 0x0B, 0x0B, 0x0B, 0x03, 0x03, 0x05, 0x05, 0x05,
    0x0B, 0x0B, 0x0B, 0x0D, 0x0C, 0x0E, 0x0C, 0x0B, 0x03, 0x01, 0x05, 0x05, 0x03, 0x0B, 0x0C, 0x0B, 0x05, 0x0B, 0x0B, 0x09, 0x05, 0x05, 0x05, 0x05,
    0x09, 0x05, 0x05, 0x05, 0x03, 0x01, 0x06, 0x01, 0x01, 0x02, 0x05, 0x0B, 0x03, 0x01, 0x01, 0x04, 0x01, 0x02, 0x05, 0x05, 0x05, 0x05, 0x09, 0x05,
    0x0B, 0x0C, 0x0B, 0x03, 0x06, 0x06, 0x02, 0x05, 0x0B, 0x0C, 0x0D, 0x0D, 0x0C, 0x0B, 0x0B, 0x0B, 0x02, 0x02, 0x0B, 0x05, 0x09, 0x09, 0x05, 0x05,
    0x05, 0x05, 0x0B, 0x0D, 0x0D, 0x0B, 0x05, 0x05, 0x0C, 0x0B, 0x0B, 0x0B, 0x0C, 0x0B, 0x03, 0x05, 0x0B, 0x0D, 0x0B, 0x0B, 0x03, 0x01, 0x02, 0x03,
    0x05, 0x03, 0x03, 0x03, 0x03, 0x05, 0x05, 0x0C, 0x0B, 0x05, 0x09, 0x09,
};

static const uint8_t px_wm_select_choice_h3_044345ea[] __attribute__((aligned(8))) = {
    0x04, 0x01, 0x02, 0x01, 0x02, 0x03, 0x01, 0x02, 0x09, 0x02, 0x02, 0x01, 0x05, 0x05, 0x05, 0x01, 0x06, 0x01, 0x06, 0x01, 0x02, 0x02, 0x03, 0x03,
    0x02, 0x01, 0x01, 0x01, 0x04, 0x02, 0x01, 0x05, 0x05, 0x05, 0x01, 0x02, 0x02, 0x02, 0x02, 0x06, 0x06, 0x06, 0x01, 0x06, 0x04, 0x04, 0x01, 0x06,
    0x01, 0x06, 0x06, 0x01, 0x06, 0x01, 0x03, 0x05, 0x09, 0x02, 0x02, 0x03, 0x05, 0x02, 0x06, 0x01, 0x05, 0x0A, 0x05, 0x01, 0x01, 0x01, 0x06, 0x01,
    0x04, 0x01, 0x01, 0x01, 0x04, 0x06, 0x04, 0x01, 0x02, 0x01, 0x04, 0x01, 0x01, 0x04, 0x06, 0x01, 0x01, 0x01, 0x04, 0x01, 0x01, 0x01, 0x04, 0x04,
    0x02, 0x03, 0x05, 0x01, 0x06, 0x01, 0x02, 0x01, 0x02, 0x02, 0x01, 0x01, 0x02, 0x01, 0x01, 0x04, 0x04, 0x04, 0x04, 0x04, 0x06, 0x01, 0x06, 0x04,
    0x02, 0x02, 0x02, 0x01, 0x01, 0x04, 0x01, 0x02, 0x02, 0x01, 0x02, 0x01, 0x02, 0x01, 0x02, 0x03, 0x01, 0x06, 0x06, 0x01, 0x03, 0x05, 0x0B, 0x02,
    0x06, 0x06, 0x04, 0x01, 0x01, 0x01, 0x04, 0x06, 0x06, 0x06, 0x06, 0x06, 0x06, 0x04, 0x01, 0x03, 0x02, 0x01, 0x06, 0x06, 0x06, 0x06, 0x06, 0x04,
    0x02, 0x02, 0x04, 0x04, 0x01, 0x02, 0x02, 0x01, 0x04, 0x04, 0x01, 0x01, 0x01, 0x02, 0x01, 0x01, 0x04, 0x04, 0x02, 0x01, 0x01, 0x01, 0x01, 0x01,
    0x02, 0x01, 0x02, 0x01, 0x01, 0x01, 0x01, 0x04, 0x02, 0x06, 0x06, 0x06, 0x02, 0x01, 0x01, 0x02, 0x03, 0x03, 0x02, 0x05, 0x05, 0x03, 0x0C, 0x09,
    0x05, 0x02, 0x01, 0x04, 0x04, 0x01, 0x02, 0x03, 0x09, 0x09, 0x05, 0x09, 0x03, 0x02, 0x03, 0x09, 0x01, 0x03, 0x01, 0x01, 0x06, 0x06, 0x01, 0x06,
    0x01, 0x02, 0x03, 0x01, 0x06, 0x06, 0x06, 0x01, 0x01, 0x01, 0x01, 0x01, 0x01, 0x02, 0x02, 0x02, 0x03, 0x05, 0x0B, 0x0B, 0x0D, 0x09, 0x0B, 0x0B,
    0x03, 0x02, 0x01, 0x01, 0x05, 0x05, 0x02, 0x04, 0x01, 0x05, 0x01, 0x01, 0x01, 0x02, 0x02, 0x02, 0x02, 0x03, 0x03, 0x03, 0x01, 0x01, 0x01, 0x01,
    0x02, 0x04, 0x01, 0x01, 0x01, 0x01, 0x01, 0x01, 0x01, 0x01, 0x01, 0x02, 0x01, 0x01, 0x04, 0x06, 0x01, 0x02, 0x05, 0x05, 0x02, 0x02, 0x06, 0x04,
    0x06, 0x06, 0x06, 0x04, 0x01, 0x01, 0x01, 0x01, 0x01, 0x02, 0x05, 0x05, 0x05, 0x03, 0x01, 0x06, 0x02, 0x02, 0x02, 0x02, 0x01, 0x01, 0x02, 0x02,
    0x02, 0x01, 0x02, 0x05, 0x02, 0x01, 0x04, 0x01, 0x03, 0x03, 0x05, 0x02, 0x01, 0x01, 0x01, 0x02, 0x02, 0x01, 0x04, 0x06, 0x06, 0x06, 0x06, 0x06,
    0x06, 0x01, 0x01, 0x01, 0x06, 0x06, 0x06, 0x04, 0x04, 0x01, 0x05, 0x02, 0x02, 0x01, 0x01, 0x01, 0x01, 0x02, 0x01, 0x02, 0x02, 0x01, 0x01, 0x02,
    0x01, 0x02, 0x01, 0x02, 0x02, 0x02, 0x01, 0x02, 0x03, 0x02, 0x01, 0x01, 0x02, 0x02, 0x02, 0x01, 0x02, 0x01, 0x01, 0x01, 0x01, 0x06, 0x06, 0x04,
    0x03, 0x03, 0x02, 0x02, 0x02, 0x02, 0x03, 0x03, 0x05, 0x0B, 0x0B, 0x03, 0x01, 0x01, 0x01, 0x01, 0x01, 0x03, 0x03, 0x03, 0x01, 0x01, 0x01, 0x01,
    0x03, 0x09, 0x03, 0x04, 0x02, 0x02, 0x01, 0x01, 0x04, 0x02, 0x05, 0x09, 0x05, 0x02, 0x02, 0x05, 0x03, 0x01, 0x01, 0x03, 0x01, 0x02, 0x04, 0x01,
    0x01, 0x02, 0x01, 0x02, 0x05, 0x05, 0x05, 0x05, 0x05, 0x02, 0x02, 0x04, 0x02, 0x03, 0x05, 0x05, 0x02, 0x01, 0x04, 0x06, 0x01, 0x01, 0x01, 0x02,
    0x02, 0x03, 0x02, 0x02, 0x03, 0x03, 0x02, 0x02, 0x02, 0x04, 0x01, 0x01, 0x01, 0x01, 0x03, 0x02, 0x01, 0x01, 0x06, 0x01, 0x04, 0x04, 0x01, 0x02,
    0x01, 0x01, 0x01, 0x02, 0x01, 0x02, 0x04, 0x02, 0x04, 0x06, 0x01, 0x04, 0x06, 0x06, 0x04, 0x04, 0x01, 0x01, 0x01, 0x05, 0x0B, 0x0B, 0x0C, 0x0D,
    0x05, 0x01, 0x01, 0x02, 0x05, 0x0B, 0x0B, 0x03, 0x02, 0x02, 0x02, 0x02, 0x02, 0x01, 0x01, 0x06, 0x06, 0x04, 0x01, 0x04, 0x06, 0x06, 0x06, 0x06,
    0x01, 0x02, 0x02, 0x01, 0x01, 0x02, 0x04, 0x06, 0x06, 0x01, 0x01, 0x01, 0x01, 0x02, 0x01, 0x04, 0x04, 0x06, 0x06, 0x01, 0x02, 0x02, 0x03, 0x04,
    0x06, 0x01, 0x01, 0x01, 0x02, 0x02, 0x01, 0x01, 0x04, 0x01, 0x02, 0x02, 0x06, 0x04, 0x04, 0x01, 0x01, 0x03, 0x02, 0x03, 0x01, 0x01, 0x01, 0x01,
    0x03, 0x05, 0x05, 0x02, 0x02, 0x01, 0x02, 0x01, 0x01, 0x01, 0x04, 0x05, 0x01, 0x04, 0x02, 0x02, 0x03, 0x03, 0x02, 0x05, 0x05, 0x03, 0x03, 0x02,
    0x01, 0x02, 0x02, 0x05, 0x0B, 0x0D, 0x0B, 0x06, 0x01, 0x04, 0x01, 0x03, 0x03, 0x02, 0x02, 0x02, 0x01, 0x02, 0x03, 0x03, 0x03, 0x03, 0x03, 0x05,
    0x02, 0x01, 0x01, 0x01, 0x02, 0x02, 0x03, 0x03, 0x02, 0x02, 0x05, 0x05, 0x02, 0x02, 0x03, 0x09, 0x0C, 0x09, 0x03, 0x01, 0x04, 0x04, 0x04, 0x06,
    0x04, 0x02, 0x04, 0x03, 0x03, 0x02, 0x04, 0x01, 0x01, 0x04, 0x01, 0x02, 0x02, 0x02, 0x01, 0x02, 0x02, 0x01, 0x01, 0x02, 0x01, 0x01, 0x04, 0x01,
    0x06, 0x02, 0x01, 0x06, 0x01, 0x04, 0x04, 0x01, 0x02, 0x01, 0x03, 0x05, 0x03, 0x01, 0x01, 0x02, 0x02, 0x01, 0x04, 0x06, 0x06, 0x04, 0x04, 0x01,
    0x01, 0x01, 0x01, 0x01, 0x01, 0x01, 0x03, 0x05, 0x02, 0x03, 0x03, 0x06, 0x01, 0x06, 0x01, 0x03, 0x05, 0x05, 0x01, 0x01, 0x02, 0x02, 0x03, 0x02,
    0x01, 0x04, 0x06, 0x04, 0x01, 0x06, 0x06, 0x06, 0x06, 0x04, 0x01, 0x02, 0x03, 0x02, 0x01, 0x01, 0x04, 0x06, 0x06, 0x04, 0x03, 0x03, 0x02, 0x01,
    0x01, 0x01, 0x01, 0x04, 0x04, 0x04, 0x01, 0x01, 0x03, 0x02, 0x06, 0x06, 0x06, 0x01, 0x01, 0x02, 0x02, 0x01, 0x04, 0x04, 0x04, 0x02, 0x03, 0x02,
    0x01, 0x01, 0x01, 0x05, 0x09, 0x05, 0x01, 0x04, 0x01, 0x01, 0x02, 0x02, 0x02, 0x03, 0x03, 0x02, 0x03, 0x03, 0x03, 0x03, 0x02, 0x02, 0x02, 0x05,
    0x01, 0x02, 0x03, 0x02, 0x05, 0x03, 0x03, 0x03, 0x02, 0x03, 0x06, 0x04, 0x01, 0x02, 0x01, 0x04, 0x04, 0x01, 0x06, 0x01, 0x04, 0x04, 0x03, 0x0C,
    0x0B, 0x09, 0x02, 0x03, 0x09, 0x09, 0x05, 0x05, 0x05, 0x02, 0x02, 0x02, 0x02, 0x02, 0x01, 0x05, 0x0B, 0x0C, 0x0C, 0x03, 0x01, 0x02, 0x02, 0x02,
    0x03, 0x03, 0x05, 0x02, 0x02, 0x01, 0x04, 0x06, 0x04, 0x01, 0x04, 0x02, 0x01, 0x04, 0x01, 0x01, 0x01, 0x02, 0x02, 0x02, 0x02, 0x02, 0x02, 0x02,
    0x02, 0x02, 0x02, 0x02, 0x01, 0x02, 0x01, 0x01, 0x02, 0x02, 0x01, 0x06, 0x04, 0x06, 0x01, 0x02, 0x04, 0x01, 0x01, 0x02, 0x01, 0x01, 0x02, 0x02,
    0x02, 0x02, 0x02, 0x01, 0x02, 0x01, 0x01, 0x06, 0x03, 0x01, 0x01, 0x04, 0x01, 0x01, 0x01, 0x01, 0x02, 0x02, 0x03, 0x03, 0x03, 0x04, 0x06, 0x06,
    0x01, 0x01, 0x05, 0x09, 0x05, 0x04, 0x01, 0x01, 0x02, 0x02, 0x02, 0x03, 0x02, 0x02, 0x01, 0x04, 0x06, 0x06, 0x01, 0x01, 0x06, 0x06, 0x06, 0x06,
    0x01, 0x02, 0x04, 0x04, 0x06, 0x06, 0x06, 0x04, 0x01, 0x04, 0x04, 0x04, 0x04, 0x06, 0x06, 0x06, 0x04, 0x06, 0x01, 0x01, 0x03, 0x03, 0x02, 0x02,
    0x02, 0x02, 0x02, 0x01, 0x01, 0x04, 0x01, 0x02, 0x02, 0x01, 0x06, 0x02, 0x01, 0x01, 0x02, 0x01, 0x03, 0x02, 0x02, 0x02, 0x02, 0x02, 0x02, 0x02,
    0x01, 0x02, 0x02, 0x03, 0x02, 0x02, 0x05, 0x05, 0x03, 0x03, 0x02, 0x02,
};

static const uint8_t px_wm_select_choice_h4_043fa43a[] __attribute__((aligned(8))) = {
    0x05, 0x05, 0x05, 0x05, 0x05, 0x03, 0x03, 0x02, 0x04, 0x01, 0x01, 0x05, 0x09, 0x02, 0x06, 0x01, 0x04, 0x03, 0x03, 0x05, 0x05, 0x0B, 0x05, 0x05,
    0x05, 0x05, 0x0B, 0x05, 0x03, 0x02, 0x06, 0x01, 0x04, 0x03, 0x03, 0x03, 0x09, 0x0B, 0x0B, 0x0B, 0x05, 0x05, 0x05, 0x02, 0x02, 0x02, 0x02, 0x0B,
    0x05, 0x05, 0x02, 0x02, 0x03, 0x05, 0x05, 0x05, 0x05, 0x05, 0x05, 0x05, 0x0B, 0x0B, 0x05, 0x0B, 0x05, 0x03, 0x06, 0x02, 0x05, 0x05, 0x02, 0x09,
    0x05, 0x05, 0x05, 0x05, 0x05, 0x05, 0x05, 0x05, 0x05, 0x05, 0x01, 0x06, 0x05, 0x0B, 0x05, 0x06, 0x05, 0x09, 0x0B, 0x05, 0x05, 0x09, 0x05, 0x0C,
    0x0B, 0x05, 0x0B, 0x0B, 0x0B, 0x0E, 0x0E, 0x0C, 0x0B, 0x05, 0x03, 0x05, 0x05, 0x0B, 0x0C, 0x0B, 0x09, 0x05, 0x05, 0x0B, 0x05, 0x05, 0x02, 0x05,
    0x05, 0x0B, 0x0C, 0x0C, 0x0B, 0x0D, 0x0C, 0x05, 0x05, 0x0B, 0x0C, 0x0B, 0x09, 0x0B, 0x03, 0x05, 0x05, 0x02, 0x02, 0x09, 0x05, 0x05, 0x05, 0x09,
    0x05, 0x05, 0x0B, 0x05, 0x01, 0x05, 0x03, 0x05, 0x05, 0x05, 0x0B, 0x0B, 0x0B, 0x0B, 0x0B, 0x05, 0x05, 0x02, 0x01, 0x02, 0x03, 0x05, 0x0B, 0x05,
    0x0B, 0x0B, 0x0B, 0x0B, 0x09, 0x05, 0x0B, 0x05, 0x05, 0x03, 0x09, 0x0B, 0x0D, 0x0B, 0x03, 0x04, 0x03, 0x09, 0x05, 0x03, 0x01, 0x01, 0x02, 0x01,
    0x03, 0x02, 0x02, 0x03, 0x05, 0x05, 0x05, 0x0B, 0x0B, 0x0C, 0x0B, 0x05, 0x03, 0x03, 0x05, 0x05, 0x05, 0x05, 0x05, 0x05, 0x05, 0x01, 0x02, 0x03,
    0x03, 0x0B, 0x0B, 0x02, 0x01, 0x03, 0x05, 0x02, 0x02, 0x05, 0x03, 0x03, 0x03, 0x02, 0x01, 0x01, 0x06, 0x01, 0x05, 0x01, 0x03, 0x02, 0x01, 0x01,
    0x02, 0x03, 0x09, 0x09, 0x05, 0x05, 0x05, 0x02, 0x05, 0x01, 0x03, 0x05, 0x03, 0x02, 0x02, 0x03, 0x03, 0x05, 0x03, 0x03, 0x05, 0x03, 0x03, 0x05,
    0x02, 0x05, 0x0B, 0x0B, 0x0B, 0x04, 0x01, 0x03, 0x03, 0x05, 0x0B, 0x03, 0x05, 0x05, 0x05, 0x09, 0x03, 0x05, 0x05, 0x05, 0x05, 0x03, 0x03, 0x03,
    0x0B, 0x0B, 0x0C, 0x05, 0x0B, 0x05, 0x05, 0x0C, 0x05, 0x05, 0x03, 0x03, 0x05, 0x05, 0x0B, 0x05, 0x0B, 0x0B, 0x0B, 0x0E, 0x0D, 0x0E, 0x0B, 0x0B,
    0x0B, 0x0B, 0x05, 0x0B, 0x05, 0x05, 0x0B, 0x0B, 0x05, 0x05, 0x0B, 0x0B, 0x05, 0x05, 0x0B, 0x0A, 0x0B, 0x05, 0x05, 0x05, 0x09, 0x05, 0x03, 0x03,
    0x0B, 0x0E, 0x0A, 0x0D, 0x0D, 0x0B, 0x05, 0x04, 0x06, 0x06, 0x04, 0x06, 0x01, 0x01, 0x03, 0x0B, 0x0D, 0x0D, 0x05, 0x05, 0x0B, 0x05, 0x09, 0x01,
    0x02, 0x03, 0x05, 0x05, 0x05, 0x05, 0x06, 0x06, 0x02, 0x05, 0x05, 0x05, 0x0B, 0x0D, 0x0B, 0x05, 0x05, 0x05, 0x05, 0x05, 0x0B, 0x0B, 0x0B, 0x0B,
    0x0B, 0x0C, 0x0D, 0x09, 0x0B, 0x03, 0x03, 0x05, 0x05, 0x02, 0x01, 0x06, 0x06, 0x01, 0x03, 0x05, 0x03, 0x03, 0x04, 0x02, 0x0B, 0x0B, 0x0B, 0x05,
    0x05, 0x03, 0x05, 0x09, 0x05, 0x05, 0x03, 0x03, 0x0B, 0x0B, 0x0B, 0x09, 0x05, 0x05, 0x05, 0x05, 0x03, 0x03, 0x02, 0x05, 0x05, 0x03, 0x05, 0x05,
    0x03, 0x0B, 0x0B, 0x05, 0x05, 0x03, 0x05, 0x05, 0x05, 0x02, 0x01, 0x04, 0x04, 0x01, 0x02, 0x05, 0x05, 0x09, 0x0B, 0x0C, 0x0B, 0x0B, 0x09, 0x05,
    0x0C, 0x05, 0x03, 0x03, 0x05, 0x05, 0x05, 0x05, 0x09, 0x05, 0x05, 0x05, 0x0B, 0x05, 0x0B, 0x0D, 0x0C, 0x0E, 0x0D, 0x0B, 0x05, 0x0B, 0x0B, 0x05,
    0x03, 0x05, 0x05, 0x05, 0x05, 0x05, 0x09, 0x03, 0x05, 0x03, 0x05, 0x0B, 0x0B, 0x05, 0x05, 0x0C, 0x03, 0x03, 0x02, 0x01, 0x02, 0x03, 0x05, 0x05,
    0x05, 0x05, 0x0B, 0x05, 0x05, 0x05, 0x05, 0x0C, 0x0A, 0x0F, 0x0D, 0x0B, 0x0B, 0x05, 0x05, 0x05, 0x05, 0x0B, 0x05, 0x05, 0x05, 0x05, 0x05, 0x0B,
    0x0D, 0x05, 0x05, 0x09, 0x0B, 0x05, 0x05, 0x03, 0x02, 0x01, 0x02, 0x05, 0x05, 0x09, 0x0B, 0x0D, 0x11, 0x10, 0x0A, 0x0D, 0x0B, 0x0B, 0x05, 0x03,
    0x05, 0x0B, 0x05, 0x05, 0x05, 0x05, 0x05, 0x05, 0x05, 0x0B, 0x05, 0x0B, 0x05, 0x03, 0x05, 0x05, 0x09, 0x05, 0x0B, 0x05, 0x02, 0x01, 0x03, 0x03,
    0x05, 0x05, 0x03, 0x03, 0x03, 0x02, 0x05, 0x05, 0x0B, 0x0C, 0x0B, 0x0C, 0x0B, 0x0C, 0x0D, 0x0D, 0x0B, 0x05, 0x0B, 0x05, 0x03, 0x03, 0x01, 0x06,
    0x06, 0x04, 0x01, 0x01, 0x03, 0x0B, 0x05, 0x05, 0x03, 0x01, 0x03, 0x05, 0x01, 0x01, 0x02, 0x01, 0x05, 0x03, 0x05, 0x09, 0x0B, 0x05, 0x05, 0x05,
    0x05, 0x05, 0x03, 0x03, 0x03, 0x02, 0x02, 0x02, 0x05, 0x03, 0x05, 0x09, 0x05, 0x0B, 0x0B, 0x0C, 0x0C, 0x0C, 0x05, 0x02, 0x03, 0x03, 0x05, 0x05,
    0x03, 0x03, 0x01, 0x03, 0x05, 0x05, 0x03, 0x05, 0x0B, 0x0C, 0x0B, 0x05, 0x02, 0x05, 0x05, 0x03, 0x05, 0x05, 0x05, 0x05, 0x03, 0x05, 0x05, 0x05,
    0x05, 0x0B, 0x0D, 0x0B, 0x05, 0x0C, 0x0B, 0x05, 0x05, 0x05, 0x05, 0x05, 0x02, 0x02, 0x05, 0x05, 0x03, 0x05, 0x05, 0x09, 0x03, 0x05, 0x05, 0x05,
    0x09, 0x05, 0x05, 0x05, 0x05, 0x03, 0x02, 0x03, 0x05, 0x05, 0x05, 0x05, 0x05, 0x0B, 0x05, 0x0B, 0x05, 0x0B, 0x05, 0x0C, 0x0B, 0x0B, 0x0D, 0x0B,
    0x0B, 0x0B, 0x05, 0x0B, 0x05, 0x05, 0x0B, 0x09, 0x05, 0x05, 0x05, 0x05, 0x0C, 0x0B, 0x05, 0x0C, 0x0C, 0x03, 0x05, 0x05, 0x06, 0x06, 0x04, 0x04,
    0x01, 0x03, 0x05, 0x0B, 0x0B, 0x0D, 0x0C, 0x0D, 0x0B, 0x0C, 0x05, 0x05, 0x0B, 0x05, 0x0B, 0x05, 0x01, 0x02, 0x05, 0x05, 0x09, 0x05, 0x0B, 0x09,
    0x05, 0x05, 0x03, 0x03, 0x02, 0x0B, 0x0D, 0x0B, 0x09, 0x03, 0x02, 0x01, 0x01, 0x01, 0x01, 0x04, 0x02, 0x03, 0x02, 0x05, 0x0B, 0x05, 0x09, 0x05,
    0x0B, 0x0B, 0x0B, 0x0D, 0x0C, 0x0B, 0x09, 0x03, 0x02, 0x01, 0x05, 0x01, 0x04, 0x06, 0x06, 0x01, 0x03, 0x0B, 0x0C, 0x0B, 0x0C, 0x05, 0x03, 0x05,
    0x03, 0x03, 0x03, 0x05, 0x03, 0x03, 0x03, 0x03, 0x05, 0x05, 0x05, 0x05, 0x03, 0x01, 0x05, 0x05, 0x02, 0x02, 0x02, 0x02, 0x02, 0x03, 0x09, 0x05,
    0x0B, 0x0B, 0x05, 0x05, 0x0B, 0x09, 0x03, 0x03, 0x03, 0x03, 0x03, 0x05, 0x03, 0x03, 0x03, 0x03, 0x03, 0x05, 0x05, 0x02, 0x01, 0x01, 0x03, 0x01,
    0x01, 0x01, 0x06, 0x06, 0x01, 0x04, 0x04, 0x02, 0x03, 0x05, 0x05, 0x05, 0x09, 0x02, 0x05, 0x0B, 0x05, 0x05, 0x05, 0x05, 0x05, 0x09, 0x05, 0x05,
    0x09, 0x05, 0x05, 0x05, 0x05, 0x03, 0x05, 0x0B, 0x05, 0x03, 0x05, 0x05, 0x02, 0x05, 0x01, 0x05, 0x05, 0x0B, 0x05, 0x05, 0x0B, 0x0B, 0x0B, 0x05,
    0x0B, 0x05, 0x0B, 0x05, 0x0B, 0x0B, 0x05, 0x05, 0x05, 0x05, 0x0D, 0x0D, 0x0C, 0x0B, 0x05, 0x05, 0x03, 0x03, 0x03, 0x02, 0x02, 0x03, 0x09, 0x05,
    0x05, 0x03, 0x03, 0x03, 0x03, 0x0B, 0x0C, 0x05, 0x03, 0x01, 0x04, 0x01, 0x01, 0x04, 0x01, 0x02, 0x03, 0x05, 0x03, 0x09, 0x0B, 0x05, 0x05, 0x0B,
    0x05, 0x0C, 0x09, 0x05, 0x03, 0x02, 0x02, 0x05, 0x05, 0x05, 0x0B, 0x09, 0x05, 0x0B, 0x05, 0x05, 0x09, 0x0B, 0x05, 0x05, 0x05, 0x02, 0x01, 0x04,
    0x04, 0x06, 0x06, 0x06, 0x04, 0x05, 0x0B, 0x05, 0x0B, 0x09, 0x05, 0x05, 0x09, 0x02, 0x05, 0x0B, 0x0B, 0x0B, 0x0B, 0x05, 0x05, 0x05, 0x09, 0x09,
    0x01, 0x06, 0x06, 0x01, 0x02, 0x05, 0x0B, 0x0E, 0x09, 0x0B, 0x05, 0x0B, 0x02, 0x02, 0x05, 0x05, 0x05, 0x05, 0x05, 0x05, 0x03, 0x03, 0x03, 0x02,
    0x05, 0x05, 0x09, 0x03, 0x01, 0x01, 0x04, 0x04, 0x04, 0x01, 0x03, 0x05, 0x05, 0x02, 0x06, 0x02, 0x03, 0x09, 0x03, 0x06, 0x01, 0x04, 0x05, 0x03,
    0x03, 0x05, 0x03, 0x03, 0x03, 0x09, 0x0C, 0x0B, 0x0B, 0x05, 0x04, 0x05, 0x05, 0x02, 0x01, 0x06, 0x01, 0x06, 0x03, 0x05, 0x03, 0x01, 0x01, 0x03,
    0x05, 0x03, 0x02, 0x0B, 0x05, 0x05, 0x02, 0x05, 0x09, 0x05, 0x03, 0x05, 0x05, 0x05, 0x05, 0x05, 0x05, 0x05, 0x05, 0x0B, 0x0E, 0x0D, 0x05, 0x0B,
    0x0C, 0x05, 0x05, 0x0B, 0x05, 0x05, 0x0B, 0x05, 0x05, 0x05, 0x0B, 0x05, 0x05, 0x05, 0x05, 0x0B, 0x0D, 0x0B, 0x0B, 0x0B, 0x05, 0x0B, 0x05, 0x0B,
    0x09, 0x05, 0x09, 0x05, 0x0C, 0x05, 0x01, 0x03, 0x05, 0x05, 0x05, 0x05, 0x05, 0x05, 0x04, 0x06, 0x02, 0x05, 0x0B, 0x0D, 0x0B, 0x09, 0x05, 0x03,
    0x05, 0x05, 0x05, 0x05, 0x02, 0x01, 0x03, 0x0B, 0x0B, 0x0C, 0x0C, 0x0D, 0x0B, 0x0C, 0x0B, 0x05, 0x03, 0x04, 0x06, 0x01, 0x05, 0x05, 0x0B, 0x0B,
    0x0B, 0x03, 0x05, 0x0B, 0x03, 0x05, 0x01, 0x03, 0x05, 0x03, 0x01, 0x04, 0x01, 0x01, 0x01, 0x02, 0x04, 0x03, 0x0B, 0x0B, 0x0B, 0x0B, 0x05, 0x03,
    0x02, 0x05, 0x0B, 0x05, 0x0B, 0x09, 0x05, 0x05, 0x05, 0x03, 0x01, 0x01, 0x05, 0x03, 0x01, 0x06, 0x03, 0x0B, 0x0A, 0x0B, 0x0B, 0x0B, 0x0B, 0x05,
    0x01, 0x01, 0x03, 0x05, 0x05, 0x09, 0x05, 0x05, 0x0B, 0x0C, 0x05, 0x05, 0x05, 0x05, 0x03, 0x05, 0x0B, 0x05, 0x05, 0x05, 0x03, 0x01, 0x01, 0x05,
    0x0B, 0x0B, 0x01, 0x02, 0x09, 0x0D, 0x05, 0x05, 0x03, 0x05, 0x03, 0x05, 0x05, 0x03, 0x03, 0x02, 0x03, 0x05, 0x0B, 0x0C, 0x0F, 0x0F, 0x0C, 0x05,
    0x0B, 0x05, 0x0B, 0x03, 0x01, 0x01, 0x06, 0x01, 0x06, 0x02, 0x05, 0x0B, 0x05, 0x05, 0x0B, 0x01, 0x05, 0x02, 0x01, 0x06, 0x01, 0x04, 0x06, 0x04,
    0x06, 0x01, 0x01, 0x02, 0x03, 0x05, 0x05, 0x05, 0x05, 0x05, 0x05, 0x0B, 0x09, 0x05, 0x05, 0x05, 0x0B, 0x0B, 0x0B, 0x05, 0x01, 0x03, 0x05, 0x05,
    0x05, 0x09, 0x05, 0x0B, 0x05, 0x0B, 0x0B, 0x05, 0x0B, 0x03, 0x05, 0x05, 0x09, 0x02, 0x04, 0x02, 0x03, 0x05, 0x0D, 0x0B, 0x05, 0x03, 0x03, 0x05,
    0x09, 0x03, 0x02, 0x04, 0x04, 0x02, 0x03, 0x03, 0x05, 0x09, 0x05, 0x05, 0x09, 0x05, 0x03, 0x02, 0x03, 0x03, 0x05, 0x0B, 0x0B, 0x0B, 0x05, 0x05,
    0x0B, 0x05, 0x0D, 0x0C, 0x0B, 0x05, 0x05, 0x05, 0x02, 0x05, 0x05, 0x0B, 0x0B, 0x05, 0x0B, 0x09, 0x05, 0x04, 0x06, 0x04, 0x01, 0x05, 0x01, 0x03,
    0x09, 0x09, 0x05, 0x05, 0x03, 0x09, 0x05, 0x05, 0x05, 0x01, 0x02, 0x03, 0x01, 0x09, 0x05, 0x09, 0x05, 0x05, 0x02, 0x01, 0x03, 0x03, 0x05, 0x0C,
    0x0D, 0x0A, 0x0E, 0x05, 0x02, 0x02, 0x05, 0x05, 0x0B, 0x05, 0x0B, 0x09, 0x03, 0x03, 0x03, 0x05, 0x09, 0x09, 0x09, 0x09, 0x05, 0x05, 0x0B, 0x0D,
    0x05, 0x03, 0x05, 0x0B, 0x0D, 0x0C, 0x0B, 0x0D, 0x0B, 0x03, 0x02, 0x03, 0x05, 0x0B, 0x0D, 0x09, 0x03, 0x0B, 0x0B, 0x03, 0x09, 0x0C, 0x0B, 0x02,
    0x03, 0x03, 0x05, 0x02, 0x02, 0x03, 0x05, 0x05, 0x0C, 0x0D, 0x0E, 0x0B, 0x0D, 0x11, 0x11, 0x0F, 0x0E, 0x09, 0x03, 0x05, 0x0C, 0x0B, 0x09, 0x05,
    0x0D, 0x0D, 0x0B, 0x0B, 0x05, 0x02, 0x06, 0x06, 0x04, 0x01, 0x03, 0x01, 0x06, 0x06, 0x06, 0x04, 0x01, 0x03, 0x05, 0x03, 0x05, 0x05, 0x09, 0x05,
    0x03, 0x03, 0x05, 0x0B, 0x0B, 0x03, 0x0B, 0x0D, 0x0B, 0x05, 0x05, 0x05, 0x0B, 0x09, 0x05, 0x05, 0x0B, 0x05, 0x05, 0x0B, 0x09, 0x05, 0x03, 0x05,
    0x05, 0x05, 0x03, 0x01, 0x02, 0x02, 0x02, 0x01, 0x01, 0x05, 0x05, 0x05, 0x05, 0x05, 0x02, 0x01, 0x06, 0x06, 0x06, 0x04, 0x03, 0x03, 0x03, 0x05,
    0x05, 0x02, 0x01, 0x02, 0x03, 0x05, 0x09, 0x05, 0x0B, 0x05, 0x0B, 0x09, 0x09, 0x09, 0x09, 0x0D, 0x0A, 0x0E, 0x09, 0x03, 0x01, 0x06, 0x02, 0x05,
    0x05, 0x05, 0x05, 0x05, 0x0D, 0x0E, 0x0D, 0x0C, 0x05, 0x02, 0x03, 0x02, 0x02, 0x01, 0x03, 0x03, 0x05, 0x03, 0x05, 0x03, 0x0B, 0x0B, 0x0C, 0x05,
    0x09, 0x02, 0x05, 0x0B, 0x05, 0x05, 0x02, 0x05, 0x05, 0x05, 0x0B, 0x0C, 0x0D, 0x0A, 0x0E, 0x0C, 0x03, 0x04, 0x02, 0x05, 0x09, 0x05, 0x05, 0x0D,
    0x04, 0x04, 0x03, 0x03, 0x03, 0x05, 0x05, 0x05, 0x0B, 0x09, 0x05, 0x09, 0x0B, 0x0B, 0x02, 0x02, 0x05, 0x0B, 0x0B, 0x05, 0x0B, 0x0B, 0x05, 0x09,
    0x05, 0x05, 0x02, 0x09, 0x0B, 0x05, 0x0B, 0x05, 0x05, 0x05, 0x0B, 0x03, 0x03, 0x02, 0x01, 0x01, 0x06, 0x06, 0x06, 0x01, 0x01, 0x05, 0x05, 0x05,
    0x09, 0x0B, 0x0D, 0x0F, 0x11, 0x0F, 0x0F, 0x0D, 0x05, 0x05, 0x03, 0x03, 0x05, 0x0B, 0x0F, 0x10, 0x13, 0x10, 0x11, 0x0A, 0x0D, 0x0D, 0x0A, 0x11,
    0x0D, 0x03, 0x01, 0x06, 0x06, 0x06, 0x01, 0x02, 0x02, 0x03, 0x05, 0x05, 0x0B, 0x05, 0x05, 0x0B, 0x05, 0x0D, 0x0B, 0x0D, 0x0A, 0x0D, 0x05, 0x05,
    0x05, 0x0B, 0x0B, 0x05, 0x0B, 0x05, 0x0B, 0x05, 0x05, 0x05, 0x05, 0x05, 0x05, 0x0D, 0x0B, 0x05, 0x09, 0x05, 0x01, 0x03, 0x03, 0x05, 0x05, 0x05,
    0x0B, 0x0B, 0x0F, 0x0D, 0x0D, 0x0D, 0x05, 0x02, 0x01, 0x02, 0x05, 0x05, 0x05, 0x09, 0x09, 0x0B, 0x09, 0x0B, 0x0B, 0x03, 0x0B, 0x05, 0x0B, 0x05,
    0x0B, 0x0D, 0x0C, 0x05, 0x05, 0x0C, 0x0B, 0x03, 0x01, 0x06, 0x01, 0x01, 0x05, 0x05, 0x01, 0x05, 0x05, 0x0B, 0x0C, 0x0B, 0x03, 0x02, 0x05, 0x03,
    0x03, 0x01, 0x05, 0x0C, 0x0D, 0x09, 0x06, 0x01, 0x05, 0x0E, 0x0E, 0x11, 0x0D, 0x0B, 0x05, 0x05, 0x03, 0x03, 0x0B, 0x09, 0x05, 0x05, 0x0B, 0x0B,
    0x0D, 0x0E, 0x09, 0x09, 0x0D, 0x0F, 0x05, 0x05, 0x05, 0x0B, 0x05, 0x05, 0x01, 0x04, 0x01, 0x01, 0x02, 0x01, 0x02, 0x01, 0x02, 0x03, 0x05, 0x05,
    0x05, 0x05, 0x05, 0x05, 0x05, 0x05, 0x05, 0x09, 0x05, 0x05, 0x0B, 0x0B, 0x0B, 0x02, 0x01, 0x01, 0x02, 0x03, 0x0D, 0x0D, 0x0B, 0x0B, 0x0B, 0x0C,
    0x0B, 0x0B, 0x0B, 0x0C, 0x01, 0x03, 0x01, 0x01, 0x02, 0x05, 0x09, 0x05, 0x04, 0x03, 0x05, 0x0D, 0x0C, 0x05, 0x05, 0x03, 0x01, 0x04, 0x04, 0x04,
    0x01, 0x01, 0x05, 0x0B, 0x0E, 0x0D, 0x0D, 0x0C, 0x09, 0x05, 0x0C, 0x0D, 0x0F, 0x0A, 0x0C, 0x03, 0x06, 0x06, 0x06, 0x01, 0x01, 0x01, 0x05, 0x03,
    0x03, 0x03, 0x05, 0x06, 0x05, 0x05, 0x05, 0x05, 0x09, 0x03, 0x05, 0x09, 0x05, 0x05, 0x05, 0x05, 0x05, 0x05, 0x05, 0x05, 0x0B, 0x0C, 0x0B, 0x05,
    0x03, 0x03, 0x05, 0x0B, 0x09, 0x03, 0x02, 0x03, 0x05, 0x0B, 0x0C, 0x0E, 0x0B, 0x05, 0x05, 0x0D, 0x0D, 0x0F, 0x0A, 0x0C, 0x05, 0x02, 0x01, 0x05,
    0x0C, 0x0C, 0x0D, 0x0B, 0x0C, 0x09, 0x09, 0x05, 0x0B, 0x0B, 0x0E, 0x05, 0x0B, 0x05, 0x05, 0x05, 0x05, 0x03, 0x05, 0x05, 0x03, 0x05, 0x05, 0x05,
    0x0B, 0x0C, 0x05, 0x09, 0x02, 0x05, 0x05, 0x05, 0x05, 0x03, 0x02, 0x03, 0x02, 0x03, 0x09, 0x0D, 0x10, 0x12, 0x14, 0x0F, 0x0F, 0x0C, 0x0B, 0x0C,
    0x0F, 0x0B, 0x09, 0x05, 0x0B, 0x05, 0x05, 0x0B, 0x09, 0x03, 0x03, 0x0B, 0x0B, 0x05, 0x09, 0x05, 0x05, 0x05, 0x05, 0x05, 0x05, 0x05, 0x05, 0x05,
    0x03, 0x05, 0x01, 0x06, 0x06, 0x02, 0x02, 0x02, 0x01, 0x01, 0x02, 0x03, 0x03, 0x05, 0x03, 0x05, 0x03, 0x02, 0x03, 0x05, 0x09, 0x03, 0x03, 0x05,
    0x05, 0x05, 0x09, 0x05, 0x02, 0x05, 0x03, 0x0D, 0x0D, 0x0D, 0x0C, 0x0B, 0x05, 0x05, 0x0B, 0x0B, 0x0C, 0x0E, 0x0D, 0x09, 0x05, 0x0B, 0x05, 0x0B,
    0x0B, 0x09, 0x05, 0x0C, 0x0F, 0x0D, 0x0C, 0x0C, 0x09, 0x05, 0x05, 0x05, 0x09, 0x0B, 0x0B, 0x0B, 0x0B, 0x05, 0x0B, 0x05, 0x05, 0x03, 0x01, 0x02,
    0x05, 0x0B, 0x0B, 0x09, 0x05, 0x03, 0x06, 0x06, 0x06, 0x03, 0x03, 0x05, 0x05, 0x05, 0x0E, 0x0B, 0x05, 0x02, 0x05, 0x05, 0x05, 0x05, 0x03, 0x05,
    0x05, 0x0B, 0x0B, 0x09, 0x09, 0x05, 0x0B, 0x05, 0x09, 0x03, 0x03, 0x03, 0x03, 0x02, 0x05, 0x09, 0x05, 0x05, 0x05, 0x0B, 0x03, 0x05, 0x05, 0x05,
    0x0B, 0x0B, 0x09, 0x05, 0x05, 0x05, 0x0B, 0x0D, 0x0B, 0x02, 0x06, 0x04, 0x03, 0x05, 0x05, 0x05, 0x05, 0x05, 0x05, 0x05, 0x0B, 0x0C, 0x05, 0x0B,
    0x05, 0x05, 0x05, 0x0B, 0x02, 0x04, 0x02, 0x02, 0x05, 0x05, 0x0B, 0x0B, 0x0B, 0x0D, 0x0A, 0x0C, 0x03, 0x02, 0x01, 0x06, 0x01, 0x04, 0x06, 0x06,
    0x01, 0x04, 0x03, 0x05, 0x0B, 0x0D, 0x0D, 0x0D, 0x0B, 0x09, 0x05, 0x05, 0x0B, 0x05, 0x0B, 0x05, 0x05, 0x05, 0x0B, 0x05, 0x03, 0x03, 0x05, 0x05,
    0x05, 0x05, 0x05, 0x09, 0x05, 0x05, 0x05, 0x03, 0x03, 0x01, 0x05, 0x05, 0x02, 0x03, 0x03, 0x03, 0x03, 0x02, 0x03, 0x02, 0x01, 0x01, 0x01, 0x01,
    0x01, 0x01, 0x03, 0x03, 0x05, 0x05, 0x05, 0x0B, 0x0D, 0x02, 0x03, 0x03, 0x03, 0x05, 0x05, 0x05, 0x05, 0x05, 0x05, 0x05, 0x05, 0x09, 0x0B, 0x0B,
    0x05, 0x05, 0x05, 0x05, 0x05, 0x05, 0x05, 0x05, 0x05, 0x05, 0x05, 0x05, 0x05, 0x05, 0x0B, 0x05, 0x0B, 0x0C, 0x0D, 0x0E, 0x0D, 0x0D, 0x0D, 0x0C,
    0x0D, 0x0B, 0x0C, 0x0B, 0x0B, 0x05, 0x0B, 0x0B, 0x0B, 0x0C, 0x05, 0x03, 0x0B, 0x0D, 0x0E, 0x0F, 0x0F, 0x0A, 0x0D, 0x05, 0x05, 0x01, 0x03, 0x05,
    0x0C, 0x03, 0x09, 0x0B, 0x0B, 0x0B, 0x05, 0x05, 0x05, 0x05, 0x05, 0x05, 0x05, 0x03, 0x03, 0x03, 0x05, 0x05, 0x09, 0x05, 0x05, 0x05, 0x02, 0x01,
    0x02, 0x03, 0x05, 0x05, 0x09, 0x03, 0x03, 0x05, 0x05, 0x05, 0x05, 0x05, 0x05, 0x02, 0x02, 0x09, 0x05, 0x05, 0x0B, 0x0B, 0x0C, 0x0B, 0x01, 0x06,
    0x01, 0x06, 0x01, 0x03, 0x05, 0x05, 0x0B, 0x05, 0x0B, 0x05, 0x05, 0x05, 0x0B, 0x05, 0x0B, 0x0B, 0x0B, 0x0B, 0x05, 0x05, 0x03, 0x03, 0x03, 0x05,
    0x05, 0x0B, 0x0B, 0x0E, 0x0B, 0x0B, 0x05, 0x05, 0x04, 0x01, 0x06, 0x06, 0x01, 0x06, 0x06, 0x06, 0x01, 0x03, 0x05, 0x05, 0x02, 0x02, 0x02, 0x02,
    0x01, 0x05, 0x0B, 0x05, 0x0B, 0x02, 0x04, 0x05, 0x0B, 0x0B, 0x02, 0x06, 0x06, 0x02, 0x03, 0x03, 0x03, 0x01, 0x05, 0x05, 0x09, 0x0B, 0x05, 0x05,
    0x01, 0x01, 0x05, 0x03, 0x05, 0x03, 0x02, 0x02, 0x05, 0x0B, 0x05, 0x05, 0x03, 0x03, 0x03, 0x03, 0x03, 0x05, 0x0B, 0x0D, 0x0E, 0x0C, 0x05, 0x02,
    0x01, 0x05, 0x05, 0x02, 0x05, 0x01, 0x01, 0x01, 0x01, 0x03, 0x03, 0x05, 0x05, 0x05, 0x05, 0x0B, 0x0B, 0x03, 0x04, 0x01, 0x01, 0x04, 0x01, 0x02,
    0x05, 0x03, 0x03, 0x02, 0x03, 0x02, 0x05, 0x05, 0x05, 0x05, 0x09, 0x05, 0x05, 0x0B, 0x05, 0x05, 0x02, 0x02, 0x03, 0x03, 0x05, 0x0B, 0x0C, 0x05,
    0x05, 0x0B, 0x0B, 0x0B, 0x0B, 0x0B, 0x0D, 0x0D, 0x0B, 0x05, 0x02, 0x03, 0x01, 0x09, 0x09, 0x05, 0x0B, 0x05, 0x09, 0x05, 0x03, 0x05, 0x03, 0x05,
    0x0B, 0x0C, 0x05, 0x05, 0x09, 0x03, 0x04, 0x02, 0x01, 0x04, 0x01, 0x02, 0x02, 0x05, 0x05, 0x05, 0x05, 0x05, 0x05, 0x05, 0x09, 0x05, 0x09, 0x05,
    0x0B, 0x0B, 0x0A, 0x05, 0x05, 0x0B, 0x0B, 0x0C, 0x11, 0x10, 0x10, 0x0A, 0x0D, 0x02, 0x03, 0x05, 0x05, 0x05, 0x0D, 0x0F, 0x0C, 0x05, 0x05, 0x05,
    0x05, 0x05, 0x05, 0x05, 0x03, 0x05, 0x09, 0x05, 0x03, 0x02, 0x01, 0x04, 0x03, 0x03, 0x0B, 0x0C, 0x0D, 0x0B, 0x0D, 0x0B, 0x0B, 0x05, 0x03, 0x0B,
    0x0B, 0x01, 0x06, 0x01, 0x01, 0x06, 0x05, 0x05, 0x05, 0x05, 0x03, 0x03, 0x0B, 0x0B, 0x0B, 0x05, 0x05, 0x0B, 0x05, 0x0C, 0x0B, 0x0B, 0x05, 0x03,
    0x01, 0x01, 0x02, 0x01, 0x01, 0x04, 0x06, 0x03, 0x04, 0x05, 0x09, 0x05, 0x04, 0x02, 0x03, 0x05, 0x02, 0x02, 0x02, 0x02, 0x02, 0x05, 0x0B, 0x0B,
    0x0B, 0x0B, 0x05, 0x0B, 0x05, 0x0B, 0x05, 0x03, 0x05, 0x05, 0x03, 0x02, 0x03, 0x04, 0x04, 0x05, 0x0D, 0x05, 0x05, 0x05, 0x05, 0x01, 0x04, 0x03,
    0x03, 0x03, 0x05, 0x05, 0x0C, 0x0C, 0x05, 0x03, 0x02, 0x02, 0x05, 0x0B, 0x0D, 0x05, 0x05, 0x03, 0x02, 0x01, 0x06, 0x01, 0x06, 0x06, 0x01, 0x01,
    0x03, 0x05, 0x02, 0x02, 0x03, 0x09, 0x03, 0x02, 0x03, 0x03, 0x03, 0x05, 0x05, 0x05, 0x03, 0x02, 0x04, 0x02, 0x03, 0x05, 0x03, 0x03, 0x03, 0x01,
    0x02, 0x05, 0x09, 0x0B, 0x0B, 0x05, 0x09, 0x05, 0x05, 0x05, 0x03, 0x03, 0x03, 0x05, 0x05, 0x05, 0x02, 0x02, 0x03, 0x01, 0x02, 0x03, 0x04, 0x01,
    0x03, 0x05, 0x05, 0x09, 0x05, 0x05, 0x03, 0x05, 0x05, 0x05, 0x05, 0x09, 0x05, 0x0B, 0x0B, 0x05, 0x05, 0x0B, 0x05, 0x05, 0x0B, 0x0E, 0x0D, 0x0A,
    0x0A, 0x0A, 0x03, 0x05, 0x05, 0x0B, 0x05, 0x05, 0x0B, 0x05, 0x05, 0x05, 0x05, 0x05, 0x05, 0x05, 0x0B, 0x0D, 0x0C, 0x0B, 0x0B, 0x05, 0x05, 0x09,
    0x03, 0x05, 0x05, 0x0B, 0x0D, 0x0C, 0x0E, 0x0E, 0x0F, 0x0A, 0x13, 0x10, 0x11, 0x0A, 0x0D, 0x02, 0x06, 0x04, 0x02, 0x05, 0x05, 0x02, 0x03, 0x03,
    0x03, 0x05, 0x05, 0x05, 0x05, 0x05, 0x0B, 0x05, 0x09, 0x05, 0x0B, 0x09, 0x05, 0x05, 0x05, 0x05, 0x05, 0x05, 0x03, 0x02, 0x02, 0x05, 0x05, 0x05,
    0x03, 0x02, 0x03, 0x05, 0x05, 0x03, 0x02, 0x02, 0x02, 0x04, 0x03, 0x03, 0x03, 0x03, 0x05, 0x0B, 0x0B, 0x05, 0x05, 0x04, 0x04, 0x04, 0x06, 0x06,
    0x01, 0x06, 0x06, 0x01, 0x02, 0x02, 0x03, 0x05, 0x05, 0x05, 0x02, 0x02, 0x03, 0x05, 0x05, 0x05, 0x05, 0x05, 0x0C, 0x0D, 0x0B, 0x03, 0x05, 0x03,
    0x0B, 0x0B, 0x05, 0x0B, 0x0B, 0x0B, 0x05, 0x02, 0x06, 0x01, 0x06, 0x06, 0x01, 0x02, 0x04, 0x06, 0x01, 0x09, 0x0B, 0x03, 0x03, 0x01, 0x02, 0x05,
    0x03, 0x03, 0x05, 0x03, 0x01, 0x04, 0x02, 0x02, 0x04, 0x01, 0x02, 0x04, 0x06, 0x06, 0x02, 0x03, 0x03, 0x05, 0x03, 0x09, 0x05, 0x05, 0x03, 0x01,
    0x02, 0x02, 0x03, 0x03, 0x01, 0x01, 0x05, 0x02, 0x03, 0x03, 0x05, 0x05, 0x05, 0x05, 0x05, 0x05, 0x05, 0x05, 0x05, 0x03, 0x02, 0x05, 0x05, 0x05,
    0x05, 0x05, 0x05, 0x09, 0x05, 0x05, 0x03, 0x05, 0x05, 0x05, 0x05, 0x0B, 0x0C, 0x0D, 0x0B, 0x05, 0x05, 0x05, 0x02, 0x01, 0x02, 0x05, 0x05, 0x05,
    0x05, 0x05, 0x0B, 0x0B, 0x05, 0x09, 0x0B, 0x0E, 0x0E, 0x0B, 0x05, 0x05, 0x01, 0x02, 0x05, 0x09, 0x05, 0x05, 0x0B, 0x0D, 0x0D, 0x0C, 0x0B, 0x0C,
    0x0A, 0x10, 0x12, 0x10, 0x0F, 0x05, 0x02, 0x03, 0x03, 0x0B, 0x05, 0x0B, 0x0B, 0x09, 0x01, 0x04, 0x02, 0x05, 0x05, 0x05, 0x05, 0x05, 0x0B, 0x0B,
    0x05, 0x03, 0x03, 0x03, 0x05, 0x0B, 0x0B, 0x01, 0x02, 0x06, 0x03, 0x01, 0x02, 0x03, 0x03, 0x05, 0x05, 0x01, 0x02, 0x01, 0x06, 0x04, 0x01, 0x01,
    0x03, 0x03, 0x03, 0x02, 0x05, 0x09, 0x05, 0x03, 0x03, 0x02, 0x02, 0x01, 0x01, 0x03, 0x04, 0x06, 0x06, 0x06, 0x02, 0x03, 0x03, 0x05, 0x0B, 0x05,
    0x03, 0x03, 0x05, 0x03, 0x09, 0x05, 0x05, 0x0B, 0x05, 0x03, 0x02, 0x05, 0x0C, 0x09, 0x0B, 0x0D, 0x0C, 0x0D, 0x0D, 0x0C, 0x0E, 0x03, 0x06, 0x01,
    0x06, 0x02, 0x03, 0x09, 0x0B, 0x0C, 0x0B, 0x03, 0x02, 0x02, 0x05, 0x05, 0x03, 0x05, 0x0B, 0x0D, 0x11, 0x0D, 0x05, 0x09, 0x05, 0x05, 0x05, 0x05,
    0x03, 0x01, 0x06, 0x01, 0x06, 0x04, 0x01, 0x02, 0x03, 0x03, 0x03, 0x02, 0x01, 0x01, 0x02, 0x01, 0x05, 0x05, 0x05, 0x02, 0x02, 0x03, 0x09, 0x05,
    0x09, 0x05, 0x03, 0x02, 0x02, 0x02, 0x05, 0x03, 0x02, 0x04, 0x06, 0x06, 0x01, 0x02, 0x05, 0x05, 0x03, 0x01, 0x03, 0x05, 0x05, 0x05, 0x05, 0x05,
    0x0B, 0x0B, 0x09, 0x05, 0x05, 0x02, 0x03, 0x03, 0x09, 0x05, 0x05, 0x09, 0x0D, 0x05, 0x0B, 0x05, 0x03, 0x05, 0x0B, 0x0B, 0x0B, 0x0B, 0x02, 0x06,
    0x03, 0x03, 0x09, 0x05, 0x05, 0x09, 0x05, 0x0C, 0x0E, 0x0D, 0x0C, 0x0C, 0x0D, 0x0D, 0x0F, 0x0A, 0x0A, 0x0D, 0x03, 0x01, 0x01, 0x05, 0x0B, 0x05,
    0x0D, 0x05, 0x05, 0x05, 0x05, 0x03, 0x05, 0x03, 0x03, 0x09, 0x0B, 0x05, 0x09, 0x02, 0x04, 0x04, 0x02, 0x05, 0x0B, 0x0F, 0x0E, 0x0D, 0x0C, 0x0C,
    0x02, 0x01, 0x02, 0x03, 0x05, 0x02, 0x02, 0x01, 0x06, 0x01, 0x06, 0x06, 0x06, 0x06, 0x01, 0x06, 0x04, 0x01, 0x03, 0x05, 0x03, 0x05, 0x05, 0x0B,
    0x0C, 0x0D, 0x03, 0x03, 0x06, 0x01, 0x03, 0x05, 0x05, 0x05, 0x0B, 0x05, 0x01, 0x01, 0x06, 0x06, 0x03, 0x09, 0x0D, 0x05, 0x03, 0x05, 0x05, 0x05,
    0x05, 0x05, 0x05, 0x05, 0x05, 0x05, 0x0B, 0x0C, 0x0B, 0x0B, 0x05, 0x03, 0x06, 0x04, 0x09, 0x0D, 0x0D, 0x05, 0x05, 0x03, 0x03, 0x03, 0x02, 0x02,
    0x03, 0x02, 0x03, 0x05, 0x0B, 0x0B, 0x05, 0x05, 0x05, 0x0B, 0x0D, 0x05, 0x0B, 0x05, 0x0C, 0x0B, 0x01, 0x06, 0x06, 0x06, 0x06, 0x01, 0x05, 0x03,
    0x02, 0x03, 0x03, 0x03, 0x05, 0x0B, 0x09, 0x05, 0x05, 0x09, 0x05, 0x05, 0x05, 0x05, 0x0B, 0x09, 0x03, 0x05, 0x05, 0x09, 0x05, 0x05, 0x03, 0x03,
    0x02, 0x02, 0x01, 0x01, 0x04, 0x01, 0x01, 0x03, 0x09, 0x09, 0x05, 0x05, 0x03, 0x0B, 0x0B, 0x05, 0x05, 0x0B, 0x0B, 0x0B, 0x05, 0x06, 0x05, 0x0B,
    0x05, 0x03, 0x05, 0x02, 0x03, 0x0B, 0x0B, 0x03, 0x03, 0x0B, 0x05, 0x01, 0x01, 0x03, 0x09, 0x05, 0x05, 0x03, 0x05, 0x09, 0x09, 0x09, 0x09, 0x05,
    0x05, 0x05, 0x05, 0x0B, 0x0E, 0x0E, 0x0D, 0x09, 0x05, 0x05, 0x0B, 0x05, 0x03, 0x03, 0x0D, 0x0B, 0x0B, 0x05, 0x05, 0x0C, 0x0B, 0x0B, 0x09, 0x05,
    0x03, 0x06, 0x06, 0x03, 0x05, 0x05, 0x05, 0x0B, 0x0C, 0x05, 0x05, 0x09, 0x05, 0x03, 0x05, 0x05, 0x03, 0x03, 0x0B, 0x0B, 0x05, 0x05, 0x01, 0x04,
    0x04, 0x01, 0x06, 0x06, 0x06, 0x06, 0x06, 0x06, 0x01, 0x03, 0x0C, 0x0C, 0x02, 0x03, 0x03, 0x0C, 0x0B, 0x01, 0x01, 0x03, 0x03, 0x03, 0x02, 0x02,
    0x05, 0x03, 0x03, 0x06, 0x06, 0x01, 0x02, 0x03, 0x04, 0x02, 0x02, 0x06, 0x01, 0x02, 0x05, 0x0B, 0x05, 0x09, 0x0B, 0x0E, 0x0F, 0x0D, 0x05, 0x02,
    0x01, 0x06, 0x06, 0x03, 0x03, 0x01, 0x03, 0x02, 0x02, 0x01, 0x02, 0x01, 0x02, 0x02, 0x02, 0x03, 0x02, 0x02, 0x03, 0x03, 0x03, 0x03, 0x05, 0x0B,
    0x05, 0x05, 0x03, 0x05, 0x03, 0x03, 0x02, 0x01, 0x04, 0x02, 0x05, 0x05, 0x05, 0x05, 0x05, 0x03, 0x05, 0x05, 0x0B, 0x0B, 0x05, 0x0B, 0x0B, 0x0B,
    0x05, 0x09, 0x05, 0x05, 0x03, 0x05, 0x05, 0x05, 0x05, 0x02, 0x03, 0x03, 0x03, 0x05, 0x03, 0x01, 0x02, 0x09, 0x03, 0x06, 0x06, 0x06, 0x01, 0x06,
    0x06, 0x01, 0x02, 0x05, 0x05, 0x05, 0x0B, 0x0D, 0x09, 0x0C, 0x09, 0x05, 0x05, 0x05, 0x05, 0x02, 0x01, 0x03, 0x05, 0x05, 0x0B, 0x0D, 0x0C, 0x0C,
    0x05, 0x05, 0x05, 0x09, 0x03, 0x03, 0x03, 0x03, 0x09, 0x05, 0x09, 0x05, 0x01, 0x02, 0x05, 0x05, 0x05, 0x05, 0x05, 0x0B, 0x0E, 0x0D, 0x05, 0x03,
    0x05, 0x05, 0x05, 0x0B, 0x0B, 0x0B, 0x09, 0x05, 0x0B, 0x05, 0x0B, 0x0C, 0x0C, 0x03, 0x05, 0x02, 0x05, 0x05, 0x05, 0x05, 0x05, 0x05, 0x03, 0x05,
    0x03, 0x05, 0x03, 0x03, 0x05, 0x09, 0x03, 0x02, 0x0B, 0x05, 0x03, 0x0D, 0x05, 0x03, 0x03, 0x03, 0x01, 0x01, 0x06, 0x06, 0x04, 0x01, 0x03, 0x02,
    0x06, 0x04, 0x01, 0x0B, 0x0E, 0x09, 0x01, 0x01, 0x03, 0x02, 0x02, 0x04, 0x01, 0x03, 0x03, 0x03, 0x03, 0x03, 0x03, 0x01, 0x02, 0x04, 0x02, 0x02,
    0x01, 0x02, 0x03, 0x05, 0x05, 0x03, 0x05, 0x0C, 0x0D, 0x05, 0x05, 0x0B, 0x0A, 0x01, 0x06, 0x01, 0x06, 0x01, 0x05, 0x06, 0x02, 0x02, 0x05, 0x01,
    0x02, 0x05, 0x01, 0x06, 0x04, 0x03, 0x06, 0x06, 0x04, 0x01, 0x03, 0x0C, 0x0B, 0x0D, 0x0C, 0x0B, 0x03, 0x05, 0x0B, 0x0C, 0x09, 0x05, 0x05, 0x05,
    0x02, 0x01, 0x03, 0x03, 0x05, 0x05, 0x05, 0x05, 0x0B, 0x05, 0x09, 0x05, 0x05, 0x05, 0x05, 0x05, 0x05, 0x05, 0x09, 0x05, 0x05, 0x01, 0x03, 0x0C,
    0x05, 0x02, 0x03, 0x05, 0x05, 0x0B, 0x0B, 0x05, 0x01, 0x03, 0x02, 0x02, 0x01, 0x06, 0x01, 0x01, 0x06, 0x05, 0x03, 0x05, 0x0B, 0x0C, 0x0D, 0x0E,
    0x0D, 0x0D, 0x05, 0x09, 0x04, 0x06, 0x06, 0x06, 0x03, 0x05, 0x05, 0x05, 0x03, 0x05, 0x05, 0x05, 0x05, 0x05, 0x05, 0x02, 0x02, 0x03, 0x01, 0x01,
    0x05, 0x0B, 0x03, 0x02, 0x03, 0x03, 0x01, 0x01, 0x05, 0x05, 0x05, 0x02, 0x03, 0x03, 0x09, 0x05, 0x05, 0x05, 0x0B, 0x0D, 0x09, 0x09, 0x0B, 0x05,
    0x05, 0x09, 0x09, 0x03, 0x09, 0x0B, 0x05, 0x05, 0x05, 0x02, 0x02, 0x03, 0x02, 0x02, 0x03, 0x05, 0x03, 0x01, 0x02, 0x02, 0x03, 0x05, 0x03, 0x03,
    0x05, 0x03, 0x05, 0x0C, 0x0B, 0x0B, 0x0D, 0x05, 0x03, 0x04, 0x04, 0x01, 0x04, 0x06, 0x06, 0x05, 0x09, 0x03, 0x03, 0x03, 0x05, 0x05, 0x03, 0x05,
    0x05, 0x04, 0x04, 0x01, 0x02, 0x03, 0x0B, 0x05, 0x05, 0x03, 0x02, 0x03, 0x01, 0x01, 0x01, 0x02, 0x0B, 0x03, 0x05, 0x0B, 0x0A, 0x0B, 0x02, 0x01,
    0x05, 0x05, 0x0C, 0x05, 0x05, 0x09, 0x03, 0x05, 0x03, 0x05, 0x05, 0x05, 0x0B, 0x0B, 0x05, 0x03, 0x03, 0x02, 0x02, 0x02, 0x01, 0x02, 0x02, 0x03,
    0x05, 0x09, 0x0B, 0x0D, 0x0C, 0x0E, 0x0C, 0x05, 0x09, 0x05, 0x0B, 0x05, 0x09, 0x05, 0x03, 0x03, 0x05, 0x05, 0x05, 0x0B, 0x09, 0x05, 0x09, 0x0B,
    0x05, 0x02, 0x01, 0x03, 0x05, 0x0B, 0x05, 0x03, 0x0B, 0x0D, 0x0B, 0x09, 0x05, 0x02, 0x01, 0x05, 0x05, 0x05, 0x0E, 0x0E, 0x0E, 0x0C, 0x05, 0x05,
    0x03, 0x03, 0x03, 0x02, 0x01, 0x06, 0x06, 0x06, 0x05, 0x05, 0x05, 0x05, 0x0D, 0x09, 0x0D, 0x0B, 0x09, 0x05, 0x05, 0x03, 0x05, 0x05, 0x0B, 0x05,
    0x05, 0x03, 0x05, 0x05, 0x05, 0x03, 0x0B, 0x0B, 0x03, 0x03, 0x02, 0x01, 0x05, 0x0C, 0x0B, 0x0B, 0x05, 0x0B, 0x05, 0x05, 0x05, 0x05, 0x05, 0x05,
    0x02, 0x03, 0x05, 0x0B, 0x05, 0x0B, 0x05, 0x05, 0x05, 0x0B, 0x0B, 0x05, 0x03, 0x03, 0x02, 0x05, 0x0B, 0x05, 0x05, 0x05, 0x0C, 0x09, 0x05, 0x05,
    0x01, 0x02, 0x02, 0x01, 0x01, 0x01, 0x01, 0x05, 0x09, 0x05, 0x05, 0x05, 0x05, 0x05, 0x05, 0x05, 0x05, 0x05, 0x05, 0x02, 0x05, 0x03, 0x01, 0x01,
    0x03, 0x02, 0x03, 0x0C, 0x0B, 0x05, 0x05, 0x0B, 0x03, 0x03, 0x05, 0x0B, 0x0B, 0x0B, 0x05, 0x03, 0x01, 0x03, 0x03, 0x0B, 0x09, 0x03, 0x09, 0x0B,
    0x0D, 0x0C, 0x0B, 0x02, 0x04, 0x02, 0x05, 0x03, 0x0B, 0x0F, 0x12, 0x11, 0x01, 0x01, 0x05, 0x0D, 0x0D, 0x0B, 0x02, 0x06, 0x01, 0x01, 0x05, 0x0B,
    0x0B, 0x0B, 0x0B, 0x0B, 0x0B, 0x05, 0x05, 0x0B, 0x05, 0x03, 0x01, 0x03, 0x03, 0x05, 0x0B, 0x05, 0x05, 0x05, 0x05, 0x0D, 0x0B, 0x05, 0x05, 0x05,
    0x09, 0x09, 0x05, 0x05, 0x05, 0x05, 0x05, 0x05, 0x09, 0x05, 0x05, 0x05, 0x05, 0x06, 0x01, 0x01, 0x05, 0x05, 0x09, 0x05, 0x03, 0x05, 0x05, 0x0B,
    0x05, 0x06, 0x01, 0x06, 0x01, 0x04, 0x05, 0x0D, 0x0C, 0x0D, 0x0D, 0x0C, 0x0C, 0x0C, 0x0E, 0x0E, 0x05, 0x05, 0x02, 0x06, 0x02, 0x02, 0x02, 0x01,
    0x05, 0x05, 0x05, 0x0E, 0x0A, 0x0B, 0x02, 0x01, 0x09, 0x0B, 0x0B, 0x0D, 0x0C, 0x0B, 0x0B, 0x05, 0x05, 0x0C, 0x05, 0x09, 0x03, 0x01, 0x04, 0x03,
    0x05, 0x05, 0x05, 0x0B, 0x03, 0x02, 0x05, 0x05, 0x09, 0x05, 0x05, 0x05, 0x03, 0x05, 0x02, 0x05, 0x05, 0x05, 0x05, 0x05, 0x05, 0x05, 0x05, 0x05,
    0x03, 0x03, 0x03, 0x05, 0x05, 0x03, 0x02, 0x05, 0x05, 0x0B, 0x05, 0x05, 0x02, 0x05, 0x01, 0x02, 0x02, 0x01, 0x01, 0x01, 0x03, 0x05, 0x05, 0x09,
    0x0B, 0x0C, 0x0B, 0x05, 0x05, 0x09, 0x05, 0x03, 0x02, 0x05, 0x05, 0x03, 0x03, 0x05, 0x05, 0x03, 0x03, 0x05, 0x05, 0x0B, 0x0B, 0x05, 0x05, 0x05,
    0x05, 0x0B, 0x0D, 0x05, 0x02, 0x02, 0x05, 0x03, 0x02, 0x01, 0x03, 0x02, 0x05, 0x0B, 0x0B, 0x03, 0x06, 0x01, 0x03, 0x05, 0x03, 0x05, 0x0B, 0x0C,
    0x05, 0x05, 0x05, 0x0B, 0x0D, 0x0C, 0x0B, 0x03, 0x06, 0x04, 0x03, 0x05, 0x05, 0x0B, 0x05, 0x05, 0x03, 0x05, 0x05, 0x03, 0x03, 0x03, 0x03, 0x03,
    0x05, 0x03, 0x03, 0x03, 0x05, 0x0B, 0x05, 0x03, 0x05, 0x05, 0x05, 0x05, 0x05, 0x0B, 0x0B, 0x05, 0x05, 0x05, 0x05, 0x09, 0x05, 0x05, 0x05, 0x05,
    0x05, 0x05, 0x09, 0x06, 0x04, 0x03, 0x03, 0x03, 0x03, 0x09, 0x09, 0x05, 0x09, 0x0B, 0x05, 0x01, 0x06, 0x06, 0x01, 0x04, 0x03, 0x0B, 0x0D, 0x0D,
    0x0D, 0x0D, 0x0D, 0x0A, 0x0A, 0x0D, 0x05, 0x03, 0x06, 0x01, 0x02, 0x03, 0x01, 0x03, 0x05, 0x09, 0x0C, 0x0B, 0x09, 0x05, 0x05, 0x05, 0x0C, 0x0E,
    0x09, 0x09, 0x03, 0x05, 0x03, 0x03, 0x05, 0x05, 0x03, 0x01, 0x03, 0x03, 0x01, 0x02, 0x05, 0x05, 0x05, 0x04, 0x06, 0x04, 0x05, 0x05, 0x02, 0x05,
    0x05, 0x05, 0x03, 0x03, 0x01, 0x03, 0x02, 0x01, 0x05, 0x05, 0x05, 0x05, 0x0B, 0x05, 0x02, 0x03, 0x02, 0x03, 0x05, 0x03, 0x02, 0x03, 0x09, 0x05,
    0x06, 0x06, 0x01, 0x02, 0x02, 0x03, 0x03, 0x0B, 0x02, 0x03, 0x03, 0x05, 0x05, 0x03, 0x02, 0x05, 0x03, 0x05, 0x05, 0x05, 0x03, 0x03, 0x03, 0x03,
    0x03, 0x02, 0x03, 0x02, 0x01, 0x02, 0x03, 0x03, 0x05, 0x0B, 0x0B, 0x09, 0x05, 0x03, 0x03, 0x03, 0x04, 0x06, 0x02, 0x01, 0x06, 0x05, 0x04, 0x02,
    0x05, 0x09, 0x05, 0x05, 0x02, 0x03, 0x02, 0x03, 0x03, 0x05, 0x03, 0x03, 0x05, 0x05, 0x03, 0x05, 0x0B, 0x05, 0x0F, 0x13, 0x11, 0x0D, 0x05, 0x03,
    0x05, 0x05, 0x03, 0x04, 0x04, 0x01, 0x02, 0x02, 0x03, 0x03, 0x05, 0x05, 0x09, 0x03, 0x03, 0x05, 0x05, 0x05, 0x0B, 0x05, 0x0B, 0x03, 0x03, 0x05,
    0x05, 0x0B, 0x0B, 0x05, 0x05, 0x05, 0x05, 0x05, 0x09, 0x0B, 0x05, 0x05, 0x03, 0x0B, 0x0B, 0x02, 0x02, 0x01, 0x01, 0x01, 0x04, 0x06, 0x01, 0x05,
    0x0D, 0x0A, 0x13, 0x13, 0x0D, 0x03, 0x04, 0x01, 0x02, 0x03, 0x0B, 0x0D, 0x0C, 0x05, 0x03, 0x0B, 0x11, 0x0D, 0x05, 0x0B, 0x05, 0x01, 0x01, 0x05,
    0x05, 0x02, 0x01, 0x02, 0x0B, 0x0D, 0x0D, 0x05, 0x0B, 0x09, 0x05, 0x05, 0x0D, 0x05, 0x05, 0x05, 0x05, 0x05, 0x01, 0x01, 0x02, 0x02, 0x05, 0x03,
    0x02, 0x02, 0x03, 0x05, 0x05, 0x09, 0x0B, 0x05, 0x04, 0x01, 0x09, 0x05, 0x03, 0x05, 0x03, 0x03, 0x05, 0x03, 0x05, 0x02, 0x05, 0x05, 0x0B, 0x0C,
    0x0B, 0x05, 0x03, 0x03, 0x03, 0x05, 0x0B, 0x03, 0x06, 0x03, 0x03, 0x03, 0x06, 0x04, 0x04, 0x01, 0x02, 0x03, 0x03, 0x02, 0x03, 0x03, 0x03, 0x05,
    0x05, 0x03, 0x02, 0x05, 0x05, 0x05, 0x05, 0x03, 0x02, 0x06, 0x06, 0x04, 0x06, 0x04, 0x05, 0x04, 0x02, 0x01, 0x03, 0x05, 0x05, 0x03, 0x05, 0x05,
    0x05, 0x02, 0x02, 0x02, 0x02, 0x01, 0x01, 0x02, 0x05, 0x05, 0x01, 0x06, 0x03, 0x03, 0x01, 0x03, 0x05, 0x0D, 0x05, 0x05, 0x05, 0x03, 0x03, 0x02,
    0x03, 0x05, 0x05, 0x0B, 0x03, 0x01, 0x02, 0x0B, 0x0B, 0x05, 0x03, 0x02, 0x02, 0x02, 0x05, 0x03, 0x03, 0x03, 0x02, 0x02, 0x03, 0x02, 0x05, 0x05,
    0x05, 0x09, 0x05, 0x03, 0x05, 0x05, 0x05, 0x05, 0x05, 0x05, 0x09, 0x05, 0x05, 0x05, 0x05, 0x05, 0x02, 0x03, 0x09, 0x02, 0x05, 0x05, 0x05, 0x05,
    0x05, 0x05, 0x05, 0x0B, 0x09, 0x04, 0x04, 0x02, 0x02, 0x03, 0x01, 0x04, 0x01, 0x05, 0x0B, 0x0B, 0x0D, 0x0D, 0x0D, 0x05, 0x04, 0x01, 0x02, 0x05,
    0x0C, 0x0D, 0x0B, 0x05, 0x05, 0x05, 0x05, 0x0B, 0x0B, 0x05, 0x05, 0x03, 0x02, 0x03, 0x05, 0x03, 0x05, 0x05, 0x09, 0x0B, 0x05, 0x0B, 0x05, 0x09,
    0x0B, 0x05, 0x09, 0x05, 0x0D, 0x0B, 0x05, 0x03, 0x02, 0x01, 0x05, 0x02, 0x02, 0x02, 0x03, 0x05, 0x0B, 0x0B, 0x05, 0x05, 0x05, 0x03, 0x03, 0x05,
    0x02, 0x02, 0x05, 0x05, 0x02, 0x03, 0x05, 0x05, 0x05, 0x09, 0x05, 0x09, 0x0B, 0x05, 0x03, 0x02, 0x01, 0x05, 0x09, 0x05, 0x03, 0x01, 0x03, 0x02,
    0x04, 0x06, 0x06, 0x06, 0x04, 0x06, 0x06, 0x01, 0x06, 0x01, 0x02, 0x03, 0x03, 0x02, 0x02, 0x02, 0x05, 0x05, 0x05, 0x05, 0x05, 0x05, 0x04, 0x01,
    0x02, 0x02, 0x03, 0x03, 0x05, 0x05, 0x05, 0x03, 0x03, 0x03, 0x05, 0x0B, 0x05, 0x01, 0x01, 0x03, 0x05, 0x05, 0x04, 0x02, 0x09, 0x0C, 0x03, 0x02,
    0x01, 0x03, 0x05, 0x0B, 0x0B, 0x0B, 0x03, 0x03, 0x05, 0x03, 0x01, 0x01, 0x05, 0x05, 0x05, 0x0B, 0x05, 0x05, 0x02, 0x09, 0x05, 0x05, 0x04, 0x04,
    0x06, 0x04, 0x03, 0x03, 0x05, 0x05, 0x05, 0x05, 0x05, 0x03, 0x09, 0x0B, 0x09, 0x05, 0x05, 0x09, 0x05, 0x01, 0x01, 0x03, 0x05, 0x05, 0x05, 0x0B,
    0x09, 0x05, 0x05, 0x05, 0x0B, 0x05, 0x05, 0x05, 0x0B, 0x0B, 0x0B, 0x0B, 0x0B, 0x02, 0x05, 0x05, 0x05, 0x01, 0x02, 0x03, 0x0B, 0x0D, 0x09, 0x05,
    0x05, 0x05, 0x0B, 0x0E, 0x10, 0x10, 0x11, 0x0D, 0x02, 0x01, 0x06, 0x01, 0x05, 0x09, 0x0B, 0x03, 0x02, 0x03, 0x05, 0x05, 0x03, 0x03, 0x05, 0x02,
    0x02, 0x02, 0x05, 0x05, 0x02, 0x05, 0x0B, 0x09, 0x03, 0x03, 0x05, 0x05, 0x02, 0x04, 0x04, 0x02, 0x03, 0x05, 0x05, 0x05, 0x05, 0x05, 0x09, 0x03,
    0x03, 0x03, 0x03, 0x05, 0x05, 0x0C, 0x0D, 0x0D, 0x09, 0x05, 0x09, 0x05, 0x0B, 0x03, 0x0B, 0x05, 0x03, 0x05, 0x05, 0x0B, 0x05, 0x05, 0x05, 0x05,
    0x03, 0x05, 0x03, 0x02, 0x02, 0x0B, 0x0B, 0x05, 0x03, 0x02, 0x04, 0x04, 0x04, 0x04, 0x06, 0x04, 0x06, 0x01, 0x04, 0x06, 0x06, 0x06, 0x01, 0x02,
    0x01, 0x01, 0x02, 0x02, 0x02, 0x05, 0x05, 0x0B, 0x05, 0x0C, 0x0B, 0x05, 0x03, 0x01, 0x06, 0x06, 0x02, 0x06, 0x01, 0x02, 0x01, 0x02, 0x02, 0x09,
    0x0B, 0x05, 0x05, 0x03, 0x05, 0x05, 0x09, 0x03, 0x05, 0x05, 0x05, 0x03, 0x02, 0x02, 0x01, 0x05, 0x05, 0x0B, 0x0C, 0x0C, 0x05, 0x05, 0x03, 0x05,
    0x05, 0x05, 0x05, 0x0C, 0x05, 0x05, 0x01, 0x01, 0x05, 0x05, 0x02, 0x04, 0x01, 0x03, 0x05, 0x0C, 0x0D, 0x05, 0x0B, 0x0B, 0x0B, 0x05, 0x05, 0x0B,
    0x05, 0x05, 0x03, 0x05, 0x03, 0x05, 0x0B, 0x0B, 0x02, 0x05, 0x05, 0x05, 0x05, 0x05, 0x05, 0x05, 0x0B, 0x0B, 0x05, 0x05, 0x05, 0x03, 0x05, 0x05,
    0x05, 0x02, 0x05, 0x05, 0x03, 0x02, 0x05, 0x05, 0x05, 0x05, 0x0B, 0x09, 0x05, 0x05, 0x03, 0x05, 0x0D, 0x0C, 0x05, 0x0B, 0x0D, 0x0B, 0x03, 0x02,
    0x05, 0x05, 0x05, 0x05, 0x03, 0x03, 0x05, 0x02, 0x06, 0x01, 0x03, 0x05, 0x05, 0x03, 0x02, 0x03, 0x09, 0x0B, 0x09, 0x0B, 0x05, 0x05, 0x05, 0x03,
    0x06, 0x04, 0x01, 0x05, 0x0C, 0x01, 0x03, 0x05, 0x0D, 0x0D, 0x0C, 0x0C, 0x0B, 0x05, 0x05, 0x03, 0x05, 0x0B, 0x0D, 0x0D, 0x0C, 0x03, 0x03, 0x0B,
    0x0E, 0x0D, 0x09, 0x05, 0x05, 0x05, 0x05, 0x09, 0x0B, 0x05, 0x05, 0x05, 0x05, 0x05, 0x05, 0x02, 0x05, 0x03, 0x03, 0x02, 0x01, 0x03, 0x04, 0x04,
    0x05, 0x03, 0x01, 0x04, 0x06, 0x06, 0x03, 0x02, 0x01, 0x01, 0x03, 0x0B, 0x09, 0x09, 0x03, 0x01, 0x02, 0x05, 0x05, 0x05, 0x0C, 0x0D, 0x0C, 0x0B,
    0x05, 0x0B, 0x02, 0x06, 0x06, 0x04, 0x06, 0x04, 0x02, 0x03, 0x01, 0x01, 0x03, 0x03, 0x02, 0x02, 0x05, 0x0B, 0x05, 0x0B, 0x05, 0x05, 0x05, 0x01,
    0x02, 0x01, 0x06, 0x02, 0x03, 0x03, 0x05, 0x09, 0x0D, 0x0D, 0x0D, 0x0C, 0x05, 0x0B, 0x05, 0x02, 0x02, 0x03, 0x05, 0x02, 0x03, 0x05, 0x09, 0x0B,
    0x0B, 0x03, 0x05, 0x05, 0x03, 0x05, 0x05, 0x0B, 0x05, 0x05, 0x05, 0x0B, 0x05, 0x09, 0x03, 0x09, 0x05, 0x05, 0x09, 0x05, 0x05, 0x05, 0x05, 0x05,
    0x05, 0x05, 0x03, 0x03, 0x01, 0x03, 0x02, 0x02, 0x02, 0x02, 0x03, 0x05, 0x0C, 0x05, 0x01, 0x04, 0x01, 0x03, 0x05, 0x03, 0x02, 0x04, 0x02, 0x03,
    0x02, 0x04, 0x04, 0x03, 0x05, 0x05, 0x01, 0x02, 0x09, 0x0E, 0x0B, 0x03, 0x03, 0x03, 0x05, 0x05, 0x05, 0x05, 0x09, 0x0B, 0x01, 0x02, 0x04, 0x03,
    0x03, 0x02, 0x02, 0x02, 0x04, 0x02, 0x05, 0x05, 0x05, 0x05, 0x05, 0x0B, 0x0A, 0x0C, 0x05, 0x05, 0x03, 0x03, 0x03, 0x05, 0x0B, 0x0F, 0x0F, 0x0C,
    0x0B, 0x05, 0x02, 0x03, 0x05, 0x09, 0x09, 0x05, 0x03, 0x05, 0x05, 0x03, 0x05, 0x0D, 0x0B, 0x0B, 0x09, 0x05, 0x0B, 0x05, 0x03, 0x05, 0x05, 0x05,
    0x05, 0x02, 0x02, 0x01, 0x02, 0x01, 0x02, 0x02, 0x02, 0x02, 0x03, 0x01, 0x0B, 0x0B, 0x05, 0x05, 0x09, 0x0B, 0x0B, 0x0B, 0x0E, 0x03, 0x02, 0x01,
    0x02, 0x04, 0x04, 0x01, 0x02, 0x03, 0x03, 0x05, 0x05, 0x05, 0x0E, 0x0A, 0x0E, 0x0E, 0x11, 0x09, 0x04, 0x03, 0x03, 0x01, 0x01, 0x04, 0x01, 0x01,
    0x01, 0x04, 0x01, 0x02, 0x09, 0x0B, 0x03, 0x02, 0x02, 0x03, 0x02, 0x0B, 0x03, 0x02, 0x03, 0x04, 0x02, 0x01, 0x01, 0x03, 0x05, 0x05, 0x03, 0x05,
    0x03, 0x03, 0x05, 0x05, 0x09, 0x01, 0x05, 0x0B, 0x03, 0x02, 0x05, 0x09, 0x03, 0x03, 0x03, 0x05, 0x05, 0x03, 0x05, 0x09, 0x05, 0x05, 0x05, 0x03,
    0x01, 0x03, 0x04, 0x02, 0x05, 0x09, 0x03, 0x05, 0x05, 0x03, 0x05, 0x03, 0x03, 0x03, 0x02, 0x02, 0x02, 0x03, 0x03, 0x09, 0x03, 0x04, 0x01, 0x06,
    0x01, 0x06, 0x06, 0x01, 0x01, 0x05, 0x03, 0x05, 0x05, 0x0B, 0x02, 0x06, 0x01, 0x06, 0x01, 0x01, 0x09, 0x0E, 0x05, 0x05, 0x03, 0x05, 0x02, 0x02,
    0x02, 0x02, 0x03, 0x05, 0x03, 0x05, 0x0B, 0x0B, 0x0C, 0x05, 0x01, 0x04, 0x03, 0x02, 0x02, 0x06, 0x01, 0x06, 0x02, 0x02, 0x01, 0x05, 0x0D, 0x0C,
    0x0C, 0x0A, 0x0D, 0x09, 0x05, 0x05, 0x05, 0x05, 0x03, 0x05, 0x05, 0x05, 0x0B, 0x0C, 0x0B, 0x0C, 0x0C, 0x09, 0x05, 0x05, 0x0B, 0x0B, 0x0D, 0x0C,
    0x0D, 0x0F, 0x0F, 0x0C, 0x0D, 0x09, 0x0B, 0x03, 0x03, 0x05, 0x05, 0x03, 0x02, 0x04, 0x06, 0x01, 0x02, 0x02, 0x02, 0x02, 0x03, 0x03, 0x03, 0x02,
    0x05, 0x0B, 0x0B, 0x05, 0x03, 0x02, 0x01, 0x01, 0x01, 0x01, 0x06, 0x01, 0x01, 0x06, 0x04, 0x01, 0x01, 0x02, 0x02, 0x05, 0x0E, 0x0A, 0x0D, 0x0B,
    0x0B, 0x0D, 0x0F, 0x0C, 0x0B, 0x05, 0x0B, 0x05, 0x01, 0x06, 0x04, 0x01, 0x02, 0x04, 0x04, 0x02, 0x02, 0x03, 0x03, 0x03, 0x05, 0x03, 0x03, 0x03,
    0x02, 0x05, 0x03, 0x02, 0x03, 0x04, 0x01, 0x02, 0x02, 0x02, 0x03, 0x05, 0x02, 0x01, 0x03, 0x03, 0x02, 0x02, 0x05, 0x02, 0x02, 0x05, 0x02, 0x03,
    0x03, 0x03, 0x03, 0x05, 0x0C, 0x0B, 0x05, 0x05, 0x0B, 0x02, 0x02, 0x03, 0x05, 0x05, 0x02, 0x01, 0x03, 0x05, 0x05, 0x03, 0x02, 0x01, 0x02, 0x02,
    0x03, 0x03, 0x01, 0x04, 0x02, 0x03, 0x03, 0x05, 0x05, 0x01, 0x01, 0x06, 0x06, 0x03, 0x0B, 0x0B, 0x0D, 0x05, 0x09, 0x0B, 0x0B, 0x0F, 0x0A, 0x0F,
    0x0E, 0x0D, 0x05, 0x04, 0x02, 0x0B, 0x0E, 0x05, 0x01, 0x04, 0x03, 0x05, 0x05, 0x03, 0x03, 0x03, 0x05, 0x05, 0x09, 0x0C, 0x0B, 0x03, 0x05, 0x06,
    0x03, 0x05, 0x01, 0x05, 0x03, 0x01, 0x02, 0x05, 0x03, 0x05, 0x0B, 0x0B, 0x0D, 0x0B, 0x0B, 0x05, 0x03, 0x03, 0x05, 0x01, 0x05, 0x05, 0x03, 0x05,
    0x0B, 0x0D, 0x0A, 0x0A, 0x0E, 0x0B, 0x05, 0x05, 0x05, 0x05, 0x05, 0x05, 0x05, 0x05, 0x05, 0x0D, 0x0C, 0x09, 0x05, 0x05, 0x03, 0x03, 0x05, 0x05,
    0x03, 0x02, 0x02, 0x04, 0x01, 0x02, 0x03, 0x03, 0x02, 0x02, 0x0B, 0x0C, 0x02, 0x0B, 0x05, 0x03, 0x02, 0x06, 0x06, 0x02, 0x05, 0x01, 0x06, 0x06,
    0x06, 0x01, 0x05, 0x03, 0x01, 0x04, 0x01, 0x04, 0x01, 0x03, 0x03, 0x05, 0x05, 0x05, 0x05, 0x03, 0x09, 0x0B, 0x0F, 0x0D, 0x05, 0x01, 0x01, 0x04,
    0x01, 0x02, 0x03, 0x02, 0x01, 0x03, 0x03, 0x03, 0x09, 0x03, 0x05, 0x03, 0x01, 0x05, 0x05, 0x03, 0x06, 0x01, 0x06, 0x01, 0x02, 0x03, 0x03, 0x03,
    0x05, 0x05, 0x02, 0x01, 0x03, 0x05, 0x02, 0x01, 0x05, 0x02, 0x02, 0x01, 0x03, 0x03, 0x03, 0x03, 0x05, 0x05, 0x03, 0x01, 0x02, 0x02, 0x02, 0x03,
    0x09, 0x05, 0x01, 0x02, 0x03, 0x05, 0x03, 0x02, 0x02, 0x02, 0x02, 0x03, 0x03, 0x03, 0x03, 0x03, 0x01, 0x06, 0x06, 0x01, 0x05, 0x06, 0x05, 0x0B,
    0x0C, 0x0D, 0x0E, 0x11, 0x0C, 0x0B, 0x0D, 0x0B, 0x0B, 0x0E, 0x0D, 0x0D, 0x0D, 0x0D, 0x0B, 0x02, 0x05, 0x05, 0x05, 0x0B, 0x0D, 0x0F, 0x0E, 0x05,
    0x05, 0x05, 0x02, 0x02, 0x03, 0x05, 0x0B, 0x0B, 0x0B, 0x0B, 0x03, 0x05, 0x03, 0x05, 0x03, 0x03, 0x03, 0x03, 0x03, 0x03, 0x05, 0x05, 0x09, 0x05,
    0x0B, 0x0B, 0x0B, 0x0D, 0x05, 0x0B, 0x05, 0x05, 0x05, 0x03, 0x05, 0x05, 0x05, 0x05, 0x05, 0x09, 0x05, 0x05, 0x0B, 0x05, 0x0B, 0x05, 0x0D, 0x0C,
    0x02, 0x05, 0x05, 0x0C, 0x0B, 0x05, 0x03, 0x03, 0x05, 0x05, 0x02, 0x02, 0x03, 0x03, 0x05, 0x03, 0x01, 0x04, 0x02, 0x05, 0x05, 0x01, 0x02, 0x02,
    0x05, 0x0C, 0x0D, 0x0C, 0x0B, 0x05, 0x0B, 0x01, 0x05, 0x05, 0x05, 0x05, 0x05, 0x06, 0x06, 0x06, 0x04, 0x01, 0x04, 0x04, 0x02, 0x05, 0x05, 0x05,
    0x03, 0x02, 0x03, 0x03, 0x05, 0x09, 0x0D, 0x0F, 0x0D, 0x0D, 0x09, 0x03, 0x03, 0x02, 0x03, 0x03, 0x06, 0x02, 0x03, 0x02, 0x02, 0x02, 0x05, 0x0B,
    0x0C, 0x09, 0x0B, 0x05, 0x05, 0x03, 0x02, 0x02, 0x02, 0x03, 0x03, 0x05, 0x05, 0x0B, 0x0B, 0x0C, 0x05, 0x05, 0x03, 0x05, 0x05, 0x02, 0x03, 0x03,
    0x03, 0x03, 0x03, 0x03, 0x05, 0x03, 0x03, 0x0B, 0x09, 0x09, 0x0B, 0x0B, 0x03, 0x02, 0x05, 0x0B, 0x05, 0x01, 0x02, 0x02, 0x03, 0x02, 0x05, 0x05,
    0x03, 0x02, 0x01, 0x01, 0x01, 0x03, 0x01, 0x04, 0x05, 0x0F, 0x10, 0x13, 0x12, 0x10, 0x0D, 0x0C, 0x0C, 0x0F, 0x0F, 0x0D, 0x0D, 0x0B, 0x05, 0x0B,
    0x0B, 0x0B, 0x05, 0x06, 0x01, 0x01, 0x01, 0x05, 0x09, 0x0B, 0x0E, 0x0F, 0x0F, 0x0D, 0x0B, 0x09, 0x03, 0x03, 0x05, 0x05, 0x0C, 0x0C, 0x0D, 0x0C,
    0x03, 0x05, 0x03, 0x05, 0x05, 0x05, 0x03, 0x05, 0x05, 0x05, 0x05, 0x0D, 0x09, 0x09, 0x05, 0x05, 0x05, 0x05, 0x05, 0x05, 0x05, 0x05, 0x03, 0x02,
    0x05, 0x01, 0x01, 0x01, 0x04, 0x01, 0x03, 0x05, 0x05, 0x0B, 0x0B, 0x0B, 0x03, 0x03, 0x05, 0x05, 0x05, 0x0B, 0x09, 0x05, 0x05, 0x05, 0x02, 0x02,
    0x03, 0x03, 0x02, 0x01, 0x04, 0x01, 0x01, 0x01, 0x01, 0x03, 0x03, 0x05, 0x05, 0x05, 0x0B, 0x05, 0x05, 0x05, 0x03, 0x05, 0x0D, 0x0B, 0x05, 0x05,
    0x05, 0x05, 0x05, 0x02, 0x01, 0x02, 0x03, 0x03, 0x02, 0x02, 0x02, 0x05, 0x02, 0x04, 0x01, 0x02, 0x03, 0x05, 0x05, 0x05, 0x03, 0x0C, 0x0B, 0x05,
    0x03, 0x0B, 0x0B, 0x01, 0x02, 0x01, 0x01, 0x02, 0x02, 0x03, 0x02, 0x02, 0x03, 0x03, 0x05, 0x03, 0x05, 0x05, 0x03, 0x01, 0x01, 0x02, 0x03, 0x02,
    0x02, 0x03, 0x05, 0x05, 0x05, 0x05, 0x03, 0x05, 0x02, 0x05, 0x0D, 0x05, 0x03, 0x0B, 0x05, 0x05, 0x05, 0x05, 0x05, 0x03, 0x05, 0x05, 0x05, 0x05,
    0x05, 0x05, 0x09, 0x0C, 0x05, 0x03, 0x03, 0x02, 0x02, 0x03, 0x03, 0x03, 0x05, 0x03, 0x01, 0x03, 0x0B, 0x0D, 0x0D, 0x0D, 0x0B, 0x0A, 0x11, 0x0A,
    0x0E, 0x0F, 0x0D, 0x0B, 0x0B, 0x0B, 0x0B, 0x0C, 0x0B, 0x0B, 0x05, 0x0B, 0x0B, 0x0D, 0x0B, 0x0A, 0x05, 0x01, 0x03, 0x0B, 0x05, 0x03, 0x05, 0x05,
    0x0B, 0x0B, 0x0C, 0x05, 0x05, 0x05, 0x01, 0x03, 0x05, 0x05, 0x05, 0x09, 0x03, 0x05, 0x0B, 0x05, 0x05, 0x03, 0x03, 0x03, 0x01, 0x06, 0x06, 0x02,
    0x05, 0x05, 0x05, 0x09, 0x05, 0x0B, 0x0D, 0x0D, 0x03, 0x03, 0x02, 0x05, 0x09, 0x0B, 0x09, 0x03, 0x05, 0x05, 0x05, 0x03, 0x0B, 0x0C, 0x0B, 0x0B,
    0x0E, 0x05, 0x03, 0x02, 0x03, 0x02, 0x03, 0x05, 0x05, 0x03, 0x03, 0x03, 0x03, 0x03, 0x03, 0x03, 0x03, 0x03, 0x03, 0x03, 0x03, 0x03, 0x03, 0x05,
    0x03, 0x05, 0x03, 0x05, 0x05, 0x05, 0x05, 0x0D, 0x0D, 0x0F, 0x09, 0x0B, 0x0B, 0x0C, 0x0C, 0x03, 0x02, 0x02, 0x03, 0x04, 0x01, 0x04, 0x02, 0x02,
    0x02, 0x02, 0x02, 0x01, 0x02, 0x03, 0x04, 0x01, 0x03, 0x05, 0x05, 0x05, 0x0D, 0x0E, 0x0D, 0x0B, 0x05, 0x03, 0x03, 0x03, 0x02, 0x03, 0x02, 0x03,
    0x03, 0x02, 0x05, 0x05, 0x05, 0x0B, 0x0B, 0x05, 0x02, 0x02, 0x02, 0x02, 0x03, 0x05, 0x05, 0x05, 0x03, 0x03, 0x05, 0x0B, 0x0B, 0x05, 0x03, 0x03,
    0x03, 0x05, 0x05, 0x02, 0x02, 0x01, 0x04, 0x03, 0x05, 0x05, 0x05, 0x03, 0x01, 0x02, 0x0B, 0x0B, 0x0B, 0x0B, 0x0B, 0x0B, 0x05, 0x05, 0x05, 0x05,
    0x03, 0x05, 0x09, 0x0B, 0x0B, 0x0E, 0x0F, 0x05, 0x05, 0x0B, 0x0C, 0x0B, 0x0B, 0x0C, 0x0B, 0x0B, 0x0B, 0x05, 0x05, 0x0B, 0x0D, 0x0B, 0x0B, 0x05,
    0x0B, 0x0D, 0x0F, 0x0F, 0x0E, 0x09, 0x05, 0x03, 0x05, 0x03, 0x02, 0x06, 0x04, 0x03, 0x05, 0x0C, 0x0C, 0x0D, 0x03, 0x03, 0x03, 0x03, 0x03, 0x01,
    0x02, 0x02, 0x0B, 0x05, 0x05, 0x05, 0x03, 0x03, 0x03, 0x02, 0x06, 0x06, 0x04, 0x02, 0x03, 0x05, 0x05, 0x05, 0x0B, 0x0C, 0x05, 0x05, 0x05, 0x05,
    0x0B, 0x0B, 0x09, 0x09, 0x05, 0x05, 0x05, 0x05, 0x0B, 0x0B, 0x0B, 0x05, 0x05, 0x0B, 0x03, 0x01, 0x03, 0x05, 0x05, 0x05, 0x02, 0x01, 0x02, 0x05,
    0x03, 0x02, 0x04, 0x06, 0x04, 0x05, 0x03, 0x03, 0x02, 0x02, 0x02, 0x02, 0x03, 0x03, 0x03, 0x05, 0x05, 0x05, 0x05, 0x0B, 0x05, 0x0B, 0x05, 0x03,
    0x05, 0x03, 0x03, 0x02, 0x03, 0x03, 0x03, 0x03, 0x03, 0x05, 0x03, 0x03, 0x02, 0x05, 0x02, 0x03, 0x01, 0x02, 0x03, 0x05, 0x05, 0x05, 0x05, 0x03,
    0x05, 0x0C, 0x0B, 0x09, 0x05, 0x02, 0x09, 0x05, 0x03, 0x05, 0x03, 0x03, 0x03, 0x02, 0x03, 0x05, 0x05, 0x05, 0x03, 0x05, 0x05, 0x05, 0x05, 0x05,
    0x05, 0x05, 0x05, 0x0B, 0x0C, 0x0B, 0x0D, 0x0B, 0x09, 0x02, 0x01, 0x06, 0x01, 0x02, 0x03, 0x05, 0x05, 0x05, 0x03, 0x01, 0x02, 0x02, 0x01, 0x04,
    0x02, 0x02, 0x03, 0x05, 0x0B, 0x0B, 0x0C, 0x0C, 0x0C, 0x0C, 0x0B, 0x05, 0x05, 0x0B, 0x0D, 0x0F, 0x0D, 0x05, 0x0B, 0x03, 0x05, 0x05, 0x05, 0x02,
    0x04, 0x01, 0x03, 0x05, 0x05, 0x05, 0x05, 0x05, 0x05, 0x0B, 0x05, 0x0C, 0x0C, 0x05, 0x09, 0x0B, 0x05, 0x05, 0x03, 0x02, 0x02, 0x03, 0x05, 0x05,
    0x05, 0x05, 0x05, 0x09, 0x09, 0x09, 0x05, 0x04, 0x04, 0x03, 0x05, 0x09, 0x05, 0x03, 0x03, 0x03, 0x05, 0x03, 0x05, 0x03, 0x05, 0x03, 0x02, 0x06,
    0x06, 0x06, 0x06, 0x06, 0x04, 0x09, 0x03, 0x02, 0x09, 0x05, 0x09, 0x05, 0x05, 0x05, 0x05, 0x05, 0x09, 0x05, 0x03, 0x05, 0x03, 0x05, 0x05, 0x03,
    0x05, 0x03, 0x05, 0x05, 0x03, 0x03, 0x05, 0x05, 0x05, 0x05, 0x03, 0x05, 0x05, 0x02, 0x02, 0x05, 0x05, 0x02, 0x01, 0x03, 0x02, 0x05, 0x02, 0x02,
    0x05, 0x03, 0x03, 0x05, 0x05, 0x03, 0x02, 0x03, 0x05, 0x05, 0x05, 0x05, 0x05, 0x01, 0x04, 0x01, 0x02, 0x03, 0x01, 0x02, 0x02, 0x03, 0x05, 0x0C,
    0x05, 0x0D, 0x03, 0x01, 0x02, 0x02, 0x03, 0x03, 0x03, 0x03, 0x05, 0x02, 0x02, 0x02, 0x05, 0x05, 0x02, 0x01, 0x03, 0x03, 0x02, 0x03, 0x02, 0x02,
    0x03, 0x02, 0x02, 0x03, 0x0B, 0x03, 0x02, 0x05, 0x05, 0x05, 0x05, 0x05, 0x03, 0x05, 0x05, 0x05, 0x0B, 0x03, 0x05, 0x05, 0x05, 0x05, 0x05, 0x05,
    0x03, 0x02, 0x03, 0x09, 0x05, 0x05, 0x02, 0x04, 0x01, 0x05, 0x05, 0x04, 0x03, 0x05, 0x03, 0x03, 0x03, 0x05, 0x05, 0x05, 0x05, 0x05, 0x05, 0x03,
    0x03, 0x05, 0x05, 0x05, 0x05, 0x05, 0x05, 0x03, 0x05, 0x05, 0x05, 0x09, 0x05, 0x05, 0x09, 0x05, 0x05, 0x05, 0x09, 0x05, 0x05, 0x05, 0x05, 0x05,
    0x05, 0x03, 0x02, 0x02, 0x05, 0x0B, 0x05, 0x06, 0x04, 0x02, 0x03, 0x05, 0x03, 0x03, 0x03, 0x09, 0x02, 0x04, 0x06, 0x06, 0x06, 0x06, 0x02, 0x09,
    0x09, 0x01, 0x06, 0x02, 0x03, 0x03, 0x03, 0x03, 0x05, 0x05, 0x05, 0x03, 0x04, 0x06, 0x06, 0x06, 0x06, 0x06, 0x06, 0x01, 0x03, 0x05, 0x05, 0x05,
    0x03, 0x02, 0x02, 0x03, 0x05, 0x05, 0x05, 0x02, 0x06, 0x01, 0x02, 0x03, 0x05, 0x03, 0x05, 0x09, 0x03, 0x03, 0x03, 0x03, 0x03, 0x05, 0x03, 0x05,
    0x05, 0x05, 0x03, 0x03, 0x04, 0x01, 0x01, 0x01, 0x01, 0x03, 0x02, 0x01, 0x03, 0x05, 0x05, 0x05, 0x05, 0x03, 0x02, 0x03, 0x09, 0x05, 0x05, 0x03,
    0x02, 0x04, 0x03, 0x05, 0x03, 0x02, 0x01, 0x01, 0x02, 0x03, 0x09, 0x05, 0x03, 0x03, 0x05, 0x03, 0x01, 0x01, 0x06, 0x06, 0x01, 0x05, 0x05, 0x02,
    0x01, 0x01, 0x05, 0x0C, 0x05, 0x06, 0x02, 0x02, 0x02, 0x06, 0x06, 0x02, 0x01, 0x03, 0x03, 0x03, 0x05, 0x05, 0x05, 0x03, 0x03, 0x05, 0x02, 0x04,
    0x04, 0x01, 0x02, 0x05, 0x05, 0x0B, 0x09, 0x03, 0x05, 0x03, 0x0C, 0x05, 0x05, 0x02, 0x02, 0x01, 0x01, 0x02, 0x02, 0x02, 0x01, 0x05, 0x03, 0x05,
    0x05, 0x0B, 0x03, 0x03, 0x03, 0x05, 0x05, 0x05, 0x0B, 0x05, 0x05, 0x05, 0x0B, 0x0C, 0x05, 0x05, 0x0B, 0x09, 0x05, 0x03, 0x05, 0x05, 0x03, 0x05,
    0x0C, 0x0B, 0x05, 0x05, 0x05, 0x05, 0x05, 0x05, 0x05, 0x05, 0x05, 0x05, 0x09, 0x05, 0x05, 0x05, 0x0B, 0x05, 0x03, 0x05, 0x01, 0x06, 0x01, 0x01,
    0x06, 0x02, 0x02, 0x05, 0x05, 0x03, 0x05, 0x03, 0x01, 0x04, 0x01, 0x09, 0x09, 0x0B, 0x03, 0x03, 0x05, 0x03, 0x03, 0x02, 0x03, 0x05, 0x05, 0x03,
    0x03, 0x02, 0x04, 0x06, 0x06, 0x06, 0x01, 0x06, 0x06, 0x06, 0x04, 0x02, 0x03, 0x05, 0x05, 0x05, 0x01, 0x06, 0x03, 0x05, 0x01, 0x04, 0x01, 0x03,
    0x05, 0x05, 0x01, 0x03, 0x05, 0x05, 0x03, 0x03, 0x05, 0x03, 0x05, 0x03, 0x05, 0x0C, 0x0D, 0x0B, 0x09, 0x05, 0x02, 0x01, 0x06, 0x01, 0x01, 0x03,
    0x05, 0x0B, 0x0B, 0x0B, 0x05, 0x05, 0x02, 0x03, 0x05, 0x0B, 0x0C, 0x05, 0x02, 0x02, 0x05, 0x05, 0x03, 0x05, 0x02, 0x02, 0x02, 0x01, 0x02, 0x03,
    0x03, 0x03, 0x02, 0x06, 0x01, 0x02, 0x03, 0x05, 0x0B, 0x09, 0x05, 0x05, 0x05, 0x05, 0x05, 0x0B, 0x0B, 0x02, 0x04, 0x02, 0x02, 0x02, 0x03, 0x06,
    0x01, 0x01, 0x02, 0x01, 0x04, 0x02, 0x03, 0x03, 0x03, 0x05, 0x0B, 0x05, 0x01, 0x06, 0x02, 0x02, 0x03, 0x03, 0x03, 0x09, 0x05, 0x05, 0x05, 0x03,
    0x03, 0x05, 0x05, 0x03, 0x05, 0x05, 0x05, 0x02, 0x01, 0x06, 0x01, 0x05, 0x05, 0x05, 0x02, 0x05, 0x03, 0x02, 0x05, 0x03, 0x05, 0x05, 0x05, 0x05,
    0x0B, 0x0B, 0x0D, 0x05, 0x05, 0x03, 0x05, 0x0B, 0x05, 0x05, 0x0B, 0x05, 0x03, 0x05, 0x05, 0x05, 0x0B, 0x05, 0x09, 0x05, 0x05, 0x05, 0x09, 0x02,
    0x02, 0x05, 0x05, 0x05, 0x03, 0x05, 0x0E, 0x0D, 0x0B, 0x01, 0x01, 0x02, 0x06, 0x06, 0x03, 0x02, 0x05, 0x0C, 0x0C, 0x0E, 0x0D, 0x05, 0x05, 0x01,
    0x05, 0x03, 0x0C, 0x09, 0x05, 0x05, 0x03, 0x03, 0x03, 0x05, 0x09, 0x02, 0x03, 0x03, 0x05, 0x03, 0x03, 0x02, 0x05, 0x02, 0x01, 0x02, 0x03, 0x04,
    0x02, 0x05, 0x0B, 0x05, 0x03, 0x02, 0x05, 0x09, 0x05, 0x05, 0x01, 0x02, 0x02, 0x01, 0x03, 0x03, 0x0B, 0x05, 0x05, 0x03, 0x03, 0x0B, 0x0B, 0x03,
    0x03, 0x05, 0x05, 0x0B, 0x09, 0x0C, 0x05, 0x0B, 0x05, 0x03, 0x02, 0x02, 0x0B, 0x0B, 0x0B, 0x0C, 0x09, 0x03, 0x03, 0x09, 0x05, 0x05, 0x05, 0x0C,
    0x03, 0x02, 0x05, 0x05, 0x0B, 0x09, 0x03, 0x02, 0x02, 0x02, 0x02, 0x02, 0x02, 0x05, 0x05, 0x0C, 0x05, 0x05, 0x05, 0x02, 0x03, 0x03, 0x02, 0x02,
    0x03, 0x03, 0x05, 0x02, 0x01, 0x02, 0x03, 0x02, 0x01, 0x03, 0x0B, 0x03, 0x05, 0x05, 0x03, 0x02, 0x02, 0x02, 0x05, 0x05, 0x05, 0x03, 0x05, 0x09,
    0x0B, 0x05, 0x01, 0x01, 0x03, 0x03, 0x05, 0x03, 0x05, 0x0D, 0x0C, 0x0B, 0x0B, 0x03, 0x03, 0x03, 0x05, 0x05, 0x0C, 0x0C, 0x0E, 0x05, 0x03, 0x03,
    0x03, 0x03, 0x05, 0x02, 0x03, 0x06, 0x01, 0x05, 0x03, 0x05, 0x03, 0x05, 0x0B, 0x0B, 0x05, 0x09, 0x0B, 0x05, 0x03, 0x03, 0x05, 0x05, 0x05, 0x05,
    0x09, 0x05, 0x05, 0x05, 0x05, 0x05, 0x05, 0x03, 0x05, 0x05, 0x09, 0x05, 0x05, 0x0B, 0x09, 0x0B, 0x0D, 0x05, 0x09, 0x0C, 0x0F, 0x0F, 0x0D, 0x03,
    0x05, 0x03, 0x03, 0x02, 0x03, 0x05, 0x05, 0x09, 0x0C, 0x11, 0x09, 0x03, 0x04, 0x06, 0x03, 0x0B, 0x0D, 0x0B, 0x05, 0x05, 0x03, 0x05, 0x05, 0x05,
    0x03, 0x05, 0x0B, 0x0B, 0x0C, 0x0B, 0x0B, 0x0B, 0x05, 0x05, 0x05, 0x05, 0x05, 0x0B, 0x05, 0x0B, 0x0D, 0x0B, 0x02, 0x02, 0x0B, 0x0B, 0x05, 0x0B,
    0x01, 0x06, 0x06, 0x02, 0x02, 0x03, 0x05, 0x05, 0x03, 0x05, 0x05, 0x03, 0x03, 0x05, 0x09, 0x0B, 0x0B, 0x05, 0x05, 0x0B, 0x05, 0x03, 0x05, 0x05,
    0x02, 0x03, 0x03, 0x03, 0x05, 0x03, 0x03, 0x09, 0x05, 0x0B, 0x03, 0x0C, 0x03, 0x02, 0x06, 0x01, 0x01, 0x03, 0x03, 0x04, 0x06, 0x06, 0x06, 0x04,
    0x02, 0x03, 0x02, 0x02, 0x03, 0x05, 0x05, 0x06, 0x06, 0x01, 0x04, 0x01, 0x04, 0x01, 0x03, 0x05, 0x05, 0x01, 0x02, 0x02, 0x03, 0x05, 0x09, 0x05,
    0x03, 0x02, 0x03, 0x02, 0x05, 0x01, 0x04, 0x01, 0x02, 0x04, 0x01, 0x03, 0x03, 0x05, 0x01, 0x03, 0x02, 0x01, 0x03, 0x05, 0x05, 0x05, 0x03, 0x05,
    0x03, 0x05, 0x03, 0x05, 0x05, 0x05, 0x09, 0x03, 0x0B, 0x05, 0x05, 0x05, 0x05, 0x03, 0x01, 0x05, 0x05, 0x0B, 0x09, 0x05, 0x05, 0x03, 0x0B, 0x05,
    0x05, 0x03, 0x05, 0x05, 0x03, 0x05, 0x05, 0x05, 0x09, 0x05, 0x03, 0x05, 0x05, 0x05, 0x05, 0x05, 0x05, 0x09, 0x05, 0x09, 0x05, 0x05, 0x05, 0x09,
    0x05, 0x05, 0x0B, 0x0B, 0x05, 0x05, 0x05, 0x03, 0x0B, 0x0C, 0x03, 0x01, 0x04, 0x02, 0x03, 0x05, 0x03, 0x02, 0x03, 0x03, 0x03, 0x0B, 0x0C, 0x05,
    0x09, 0x03, 0x04, 0x02, 0x03, 0x03, 0x0B, 0x0A, 0x11, 0x0F, 0x0A, 0x0E, 0x0C, 0x0C, 0x09, 0x05, 0x0F, 0x0A, 0x0D, 0x09, 0x0D, 0x05, 0x05, 0x03,
    0x02, 0x03, 0x05, 0x03, 0x03, 0x05, 0x05, 0x0C, 0x05, 0x03, 0x03, 0x0B, 0x02, 0x02, 0x02, 0x05, 0x02, 0x04, 0x02, 0x03, 0x05, 0x09, 0x09, 0x0B,
    0x0C, 0x0C, 0x0C, 0x0B, 0x0D, 0x05, 0x0D, 0x0B, 0x05, 0x09, 0x0D, 0x0D, 0x02, 0x02, 0x02, 0x02, 0x05, 0x05, 0x05, 0x0B, 0x0B, 0x0B, 0x0B, 0x0C,
    0x05, 0x03, 0x04, 0x04, 0x01, 0x01, 0x02, 0x02, 0x04, 0x02, 0x02, 0x01, 0x01, 0x02, 0x02, 0x01, 0x01, 0x04, 0x02, 0x03, 0x03, 0x02, 0x04, 0x06,
    0x06, 0x01, 0x02, 0x02, 0x03, 0x03, 0x02, 0x04, 0x05, 0x01, 0x04, 0x03, 0x01, 0x03, 0x03, 0x05, 0x05, 0x05, 0x05, 0x02, 0x02, 0x03, 0x03, 0x04,
    0x01, 0x05, 0x05, 0x02, 0x01, 0x04, 0x02, 0x04, 0x06, 0x02, 0x05, 0x05, 0x01, 0x01, 0x03, 0x05, 0x05, 0x01, 0x04, 0x02, 0x03, 0x03, 0x05, 0x05,
    0x05, 0x05, 0x0B, 0x05, 0x02, 0x03, 0x05, 0x05, 0x05, 0x03, 0x05, 0x09, 0x09, 0x05, 0x05, 0x05, 0x02, 0x03, 0x03, 0x05, 0x05, 0x03, 0x09, 0x05,
    0x03, 0x02, 0x05, 0x05, 0x03, 0x03, 0x05, 0x05, 0x03, 0x05, 0x05, 0x05, 0x05, 0x05, 0x05, 0x05, 0x05, 0x02, 0x06, 0x01, 0x03, 0x03, 0x09, 0x05,
    0x06, 0x06, 0x01, 0x03, 0x03, 0x02, 0x02, 0x03, 0x05, 0x03, 0x05, 0x05, 0x05, 0x01, 0x06, 0x01, 0x03, 0x05, 0x03, 0x05, 0x0D, 0x0C, 0x0D, 0x0A,
    0x0D, 0x0D, 0x0D, 0x03, 0x02, 0x0B, 0x05, 0x01, 0x03, 0x03, 0x02, 0x03, 0x05, 0x02, 0x02, 0x02, 0x06, 0x06, 0x03, 0x03, 0x02, 0x02, 0x05, 0x05,
    0x05, 0x05, 0x05, 0x03, 0x02, 0x04, 0x01, 0x03, 0x03, 0x03, 0x03, 0x05, 0x05, 0x09, 0x05, 0x05, 0x09, 0x05, 0x0B, 0x0B, 0x0D, 0x05, 0x05, 0x09,
    0x02, 0x02, 0x02, 0x03, 0x02, 0x02, 0x05, 0x02, 0x03, 0x03, 0x03, 0x03, 0x0D, 0x0E, 0x05, 0x04, 0x04, 0x03, 0x09, 0x05, 0x01, 0x02, 0x01, 0x02,
    0x01, 0x01, 0x01, 0x04, 0x01, 0x06, 0x02, 0x03, 0x03, 0x02, 0x06, 0x06, 0x01, 0x02, 0x01, 0x02, 0x03, 0x05, 0x03, 0x05, 0x04, 0x06, 0x02, 0x01,
    0x02, 0x03, 0x03, 0x05, 0x03, 0x01, 0x02, 0x01, 0x01, 0x03, 0x02, 0x02, 0x05, 0x05, 0x0B, 0x03, 0x06, 0x06, 0x01, 0x01, 0x03, 0x03, 0x03, 0x03,
    0x02, 0x03, 0x02, 0x05, 0x03, 0x02, 0x03, 0x02, 0x01, 0x02, 0x05, 0x05, 0x03, 0x05, 0x03, 0x03, 0x02, 0x05, 0x05, 0x05, 0x05, 0x05, 0x05, 0x05,
    0x03, 0x05, 0x03, 0x03, 0x03, 0x03, 0x05, 0x05, 0x03, 0x05, 0x01, 0x09, 0x09, 0x02, 0x02, 0x05, 0x03, 0x05, 0x05, 0x05, 0x09, 0x05, 0x05, 0x09,
    0x03, 0x05, 0x09, 0x0B, 0x05, 0x0B, 0x03, 0x01, 0x01, 0x03, 0x0B, 0x09, 0x0D, 0x0C, 0x06, 0x01, 0x02, 0x02, 0x03, 0x03, 0x02, 0x03, 0x03, 0x0B,
    0x0C, 0x0D, 0x0B, 0x05, 0x03, 0x03, 0x03, 0x02, 0x02, 0x05, 0x09, 0x0B, 0x0C, 0x0B, 0x05, 0x05, 0x06, 0x01, 0x02, 0x02, 0x02, 0x03, 0x05, 0x03,
    0x03, 0x03, 0x01, 0x02, 0x03, 0x05, 0x03, 0x04, 0x02, 0x03, 0x03, 0x03, 0x0B, 0x0C, 0x05, 0x02, 0x02, 0x03, 0x01, 0x06, 0x06, 0x02, 0x05, 0x05,
    0x05, 0x05, 0x05, 0x05, 0x02, 0x03, 0x03, 0x01, 0x02, 0x01, 0x02, 0x03, 0x02, 0x02, 0x02, 0x02, 0x02, 0x04, 0x02, 0x04, 0x01, 0x02, 0x02, 0x03,
    0x0D, 0x0E, 0x0B, 0x05, 0x05, 0x05, 0x05, 0x02, 0x02, 0x02, 0x02, 0x01, 0x01, 0x04, 0x06, 0x01, 0x02, 0x06, 0x01, 0x02, 0x0B, 0x09, 0x03, 0x03,
    0x03, 0x02, 0x04, 0x04, 0x02, 0x03, 0x05, 0x05, 0x09, 0x05, 0x03, 0x06, 0x03, 0x05, 0x05, 0x01, 0x03, 0x02, 0x01, 0x01, 0x02, 0x05, 0x05, 0x05,
    0x05, 0x05, 0x0B, 0x0B, 0x03, 0x03, 0x02, 0x05, 0x03, 0x02, 0x03, 0x05, 0x05, 0x02, 0x05, 0x05, 0x05, 0x02, 0x02, 0x03, 0x03, 0x05, 0x0B, 0x05,
    0x09, 0x05, 0x03, 0x05, 0x05, 0x03, 0x03, 0x03, 0x05, 0x03, 0x05, 0x05, 0x05, 0x05, 0x05, 0x03, 0x05, 0x05, 0x02, 0x02, 0x03, 0x05, 0x09, 0x05,
    0x09, 0x0B, 0x0B, 0x05, 0x0B, 0x05, 0x05, 0x05, 0x05, 0x05, 0x05, 0x05, 0x09, 0x05, 0x05, 0x05, 0x0B, 0x0B, 0x0B, 0x05, 0x03, 0x02, 0x03, 0x09,
    0x0B, 0x0B, 0x05, 0x03, 0x03, 0x02, 0x04, 0x01, 0x03, 0x01, 0x02, 0x03, 0x0B, 0x05, 0x05, 0x03, 0x04, 0x02, 0x05, 0x05, 0x05, 0x02, 0x01, 0x05,
    0x09, 0x0B, 0x09, 0x05, 0x04, 0x06, 0x02, 0x02, 0x02, 0x02, 0x02, 0x01, 0x03, 0x05, 0x0B, 0x0B, 0x05, 0x03, 0x01, 0x04, 0x06, 0x06, 0x06, 0x01,
    0x05, 0x02, 0x06, 0x06, 0x01, 0x05, 0x09, 0x01, 0x03, 0x01, 0x06, 0x06, 0x06, 0x02, 0x05, 0x02, 0x02, 0x02, 0x05, 0x0B, 0x0D, 0x0B, 0x0B, 0x03,
    0x02, 0x04, 0x06, 0x04, 0x01, 0x03, 0x02, 0x02, 0x02, 0x04, 0x02, 0x05, 0x05, 0x0B, 0x0B, 0x0D, 0x0B, 0x05, 0x03, 0x03, 0x02, 0x01, 0x01, 0x01,
    0x01, 0x04, 0x01, 0x01, 0x02, 0x01, 0x01, 0x01, 0x05, 0x05, 0x05, 0x05, 0x05, 0x02, 0x01, 0x01, 0x01, 0x03, 0x03, 0x02, 0x05, 0x05, 0x02, 0x04,
    0x02, 0x02, 0x03, 0x05, 0x05, 0x01, 0x02, 0x02, 0x02, 0x02, 0x05, 0x05, 0x03, 0x03, 0x05, 0x05, 0x0D, 0x0B, 0x03, 0x05, 0x09, 0x0B, 0x05, 0x05,
    0x03, 0x03, 0x05, 0x05, 0x03, 0x05, 0x03, 0x02, 0x03, 0x03, 0x05, 0x05, 0x05, 0x03, 0x03, 0x05, 0x05, 0x05, 0x05, 0x05, 0x03, 0x05, 0x05, 0x05,
    0x05, 0x05, 0x03, 0x03, 0x03, 0x03, 0x05, 0x0B, 0x01, 0x03, 0x05, 0x05, 0x05, 0x05, 0x05, 0x05, 0x05, 0x05, 0x05, 0x05, 0x03, 0x05, 0x05, 0x05,
    0x05, 0x05, 0x03, 0x03, 0x09, 0x0B, 0x0C, 0x0F, 0x0D, 0x0B, 0x0B, 0x05, 0x05, 0x0B, 0x0C, 0x05, 0x05, 0x05, 0x03, 0x04, 0x01, 0x04, 0x02, 0x03,
    0x03, 0x05, 0x05, 0x03, 0x01, 0x02, 0x03, 0x05, 0x05, 0x09, 0x0B, 0x05, 0x05, 0x05, 0x05, 0x05, 0x06, 0x06, 0x06, 0x06, 0x06, 0x06, 0x04, 0x02,
    0x03, 0x05, 0x05, 0x05, 0x05, 0x05, 0x05, 0x02, 0x04, 0x01, 0x04, 0x01, 0x01, 0x01, 0x06, 0x06, 0x06, 0x05, 0x05, 0x0D, 0x0C, 0x02, 0x01, 0x01,
    0x01, 0x01, 0x01, 0x02, 0x02, 0x02, 0x05, 0x05, 0x09, 0x0B, 0x0B, 0x05, 0x03, 0x02, 0x03, 0x02, 0x01, 0x05, 0x03, 0x01, 0x02, 0x03, 0x01, 0x02,
    0x03, 0x05, 0x09, 0x05, 0x05, 0x05, 0x05, 0x03, 0x03, 0x03, 0x02, 0x01, 0x01, 0x01, 0x01, 0x02, 0x02, 0x01, 0x02, 0x01, 0x06, 0x01, 0x06, 0x02,
    0x05, 0x05, 0x05, 0x01, 0x04, 0x03, 0x03, 0x02, 0x03, 0x0B, 0x05, 0x02, 0x03, 0x03, 0x02, 0x02, 0x05, 0x0B, 0x05, 0x02, 0x02, 0x05, 0x03, 0x05,
    0x05, 0x02, 0x02, 0x05, 0x05, 0x05, 0x05, 0x05, 0x05, 0x05, 0x05, 0x05, 0x03, 0x03, 0x03, 0x03, 0x03, 0x05, 0x03, 0x03, 0x03, 0x01, 0x01, 0x05,
    0x09, 0x02, 0x03, 0x05, 0x05, 0x05, 0x05, 0x05, 0x03, 0x05, 0x05, 0x05, 0x05, 0x05, 0x05, 0x05, 0x05, 0x05, 0x05, 0x05, 0x0E, 0x05, 0x05, 0x05,
    0x05, 0x05, 0x05, 0x05, 0x05, 0x05, 0x05, 0x05, 0x05, 0x05, 0x02, 0x05, 0x03, 0x05, 0x05, 0x03, 0x05, 0x05, 0x05, 0x05, 0x0B, 0x09, 0x05, 0x05,
    0x05, 0x05, 0x0E, 0x0D, 0x05, 0x05, 0x05, 0x0B, 0x03, 0x09, 0x02, 0x02, 0x05, 0x05, 0x05, 0x03, 0x04, 0x04, 0x06, 0x06, 0x04, 0x02, 0x02, 0x01,
    0x05, 0x05, 0x05, 0x05, 0x03, 0x01, 0x06, 0x04, 0x06, 0x06, 0x06, 0x06, 0x06, 0x01, 0x02, 0x03, 0x03, 0x03, 0x05, 0x05, 0x02, 0x01, 0x01, 0x01,
    0x05, 0x0B, 0x0D, 0x09, 0x05, 0x0B, 0x05, 0x05, 0x0C, 0x0B, 0x05, 0x05, 0x0B, 0x02, 0x02, 0x02, 0x03, 0x04, 0x03, 0x05, 0x05, 0x03, 0x05, 0x05,
    0x03, 0x05, 0x05, 0x02, 0x01, 0x05, 0x05, 0x02, 0x06, 0x01, 0x06, 0x04, 0x02, 0x01, 0x03, 0x03, 0x03, 0x02, 0x02, 0x03, 0x02, 0x01, 0x02, 0x05,
    0x05, 0x05, 0x05, 0x03, 0x02, 0x02, 0x05, 0x09, 0x01, 0x05, 0x02, 0x01, 0x02, 0x05, 0x05, 0x05, 0x05, 0x03, 0x01, 0x03, 0x05, 0x0B, 0x05, 0x03,
    0x02, 0x05, 0x02, 0x02, 0x05, 0x0B, 0x0B, 0x03, 0x02, 0x05, 0x05, 0x09, 0x03, 0x02, 0x02, 0x05, 0x05, 0x05, 0x03, 0x03, 0x02, 0x05, 0x03, 0x03,
    0x05, 0x03, 0x03, 0x05, 0x05, 0x05, 0x05, 0x05, 0x05, 0x02, 0x05, 0x05, 0x05, 0x05, 0x03, 0x05, 0x03, 0x05, 0x03, 0x05, 0x05, 0x05, 0x05, 0x05,
    0x05, 0x05, 0x05, 0x03, 0x03, 0x05, 0x05, 0x05, 0x03, 0x05, 0x05, 0x05, 0x05, 0x05, 0x05, 0x05, 0x05, 0x05, 0x05, 0x09, 0x05, 0x05, 0x05, 0x03,
    0x03, 0x05, 0x05, 0x03, 0x01, 0x01, 0x02, 0x02, 0x02, 0x02, 0x03, 0x02, 0x02, 0x03, 0x05, 0x05, 0x03, 0x01, 0x03, 0x03, 0x05, 0x05, 0x03, 0x02,
    0x02, 0x05, 0x05, 0x05, 0x02, 0x04, 0x02, 0x01, 0x04, 0x04, 0x01, 0x01, 0x01, 0x03, 0x05, 0x05, 0x0C, 0x03, 0x02, 0x03, 0x03, 0x04, 0x04, 0x06,
    0x06, 0x06, 0x04, 0x01, 0x03, 0x03, 0x03, 0x03, 0x03, 0x01, 0x02, 0x03, 0x0B, 0x0B, 0x0E, 0x0D, 0x0D, 0x09, 0x0B, 0x09, 0x05, 0x0B, 0x0B, 0x05,
    0x0B, 0x03, 0x03, 0x03, 0x01, 0x02, 0x03, 0x05, 0x05, 0x03, 0x03, 0x03, 0x02, 0x05, 0x0B, 0x02, 0x02, 0x03, 0x03, 0x03, 0x01, 0x01, 0x04, 0x01,
    0x06, 0x06, 0x02, 0x02, 0x01, 0x02, 0x02, 0x03, 0x02, 0x02, 0x05, 0x03, 0x01, 0x05, 0x03, 0x03, 0x02, 0x05, 0x03, 0x05, 0x05, 0x05, 0x05, 0x03,
    0x02, 0x02, 0x03, 0x03, 0x03, 0x02, 0x01, 0x04, 0x02, 0x03, 0x05, 0x05, 0x03, 0x05, 0x05, 0x05, 0x03, 0x09, 0x05, 0x02, 0x05, 0x05, 0x05, 0x05,
    0x03, 0x05, 0x05, 0x03, 0x03, 0x05, 0x02, 0x04, 0x01, 0x05, 0x03, 0x03, 0x03, 0x05, 0x05, 0x0B, 0x0B, 0x05, 0x0B, 0x0B, 0x05, 0x09, 0x05, 0x03,
    0x03, 0x05, 0x05, 0x05, 0x05, 0x03, 0x03, 0x05, 0x05, 0x05, 0x05, 0x05, 0x05, 0x05, 0x05, 0x05, 0x05, 0x05, 0x05, 0x05, 0x05, 0x09, 0x05, 0x05,
    0x05, 0x05, 0x05, 0x05, 0x05, 0x05, 0x05, 0x05, 0x05, 0x05, 0x09, 0x05, 0x05, 0x01, 0x01, 0x03, 0x01, 0x06, 0x01, 0x04, 0x01, 0x01, 0x01, 0x04,
    0x04, 0x02, 0x02, 0x02, 0x02, 0x02, 0x02, 0x03, 0x0B, 0x05, 0x05, 0x01, 0x04, 0x03, 0x05, 0x05, 0x05, 0x02, 0x04, 0x06, 0x06, 0x06, 0x06, 0x06,
    0x06, 0x04, 0x06, 0x04, 0x01, 0x05, 0x03, 0x03, 0x02, 0x05, 0x0B, 0x03, 0x06, 0x06, 0x06, 0x06, 0x01, 0x02, 0x02, 0x03, 0x03, 0x02, 0x01, 0x02,
    0x01, 0x02, 0x05, 0x05, 0x05, 0x05, 0x05, 0x0B, 0x09, 0x05, 0x05, 0x0C, 0x05, 0x05, 0x05, 0x05, 0x04, 0x02, 0x01, 0x05, 0x05, 0x03, 0x03, 0x02,
    0x04, 0x02, 0x02, 0x03, 0x05, 0x03, 0x05, 0x05, 0x0C, 0x03, 0x02, 0x04, 0x04, 0x01, 0x02, 0x02, 0x01, 0x02, 0x03, 0x03, 0x05, 0x0B, 0x05, 0x03,
    0x02, 0x01, 0x01, 0x03, 0x02, 0x03, 0x05, 0x09, 0x09, 0x02, 0x01, 0x02, 0x03, 0x02, 0x03, 0x05, 0x03, 0x03, 0x05, 0x05, 0x03, 0x05, 0x05, 0x09,
    0x0C, 0x05, 0x05, 0x05, 0x03, 0x05, 0x0D, 0x0F, 0x05, 0x05, 0x05, 0x03, 0x03, 0x03, 0x05, 0x05, 0x03, 0x03, 0x09, 0x05, 0x03, 0x05, 0x03, 0x03,
    0x03, 0x03, 0x05, 0x05, 0x05, 0x0B, 0x05, 0x05, 0x09, 0x0B, 0x03, 0x05, 0x05, 0x0B, 0x03, 0x03, 0x03, 0x03, 0x05, 0x05, 0x03, 0x05, 0x05, 0x05,
    0x05, 0x05, 0x05, 0x05, 0x05, 0x03, 0x05, 0x03, 0x03, 0x05, 0x05, 0x05, 0x05, 0x03, 0x05, 0x05, 0x05, 0x05, 0x05, 0x05, 0x05, 0x05, 0x03, 0x05,
    0x0B, 0x0B, 0x05, 0x02, 0x09, 0x04, 0x03, 0x04, 0x01, 0x04, 0x01, 0x03, 0x02, 0x01, 0x01, 0x01, 0x01, 0x03, 0x02, 0x04, 0x01, 0x03, 0x02, 0x0B,
    0x05, 0x05, 0x05, 0x05, 0x05, 0x05, 0x01, 0x02, 0x01, 0x04, 0x06, 0x06, 0x06, 0x06, 0x06, 0x06, 0x06, 0x03, 0x05, 0x03, 0x0B, 0x05, 0x0C, 0x0C,
    0x05, 0x06, 0x06, 0x06, 0x04, 0x04, 0x04, 0x01, 0x02, 0x01, 0x06, 0x04, 0x06, 0x01, 0x03, 0x05, 0x05, 0x05, 0x03, 0x05, 0x05, 0x09, 0x0E, 0x0C,
    0x05, 0x03, 0x01, 0x01, 0x02, 0x01, 0x01, 0x02, 0x02, 0x03, 0x03, 0x01, 0x04, 0x01, 0x02, 0x02, 0x02, 0x02, 0x02, 0x02, 0x09, 0x0D, 0x0D, 0x05,
    0x02, 0x01, 0x03, 0x03, 0x02, 0x03, 0x05, 0x03, 0x05, 0x0B, 0x05, 0x03, 0x03, 0x03, 0x05, 0x02, 0x03, 0x03, 0x05, 0x05, 0x05, 0x09, 0x05, 0x01,
    0x01, 0x09, 0x05, 0x05, 0x05, 0x02, 0x01, 0x03, 0x03, 0x05, 0x0C, 0x05, 0x02, 0x05, 0x05, 0x0B, 0x0B, 0x05, 0x05, 0x03, 0x03, 0x02, 0x02, 0x02,
    0x02, 0x03, 0x05, 0x05, 0x05, 0x03, 0x03, 0x05, 0x02, 0x02, 0x05, 0x09, 0x05, 0x05, 0x05, 0x05, 0x05, 0x05, 0x09, 0x05, 0x05, 0x05, 0x03, 0x03,
    0x03, 0x05, 0x03, 0x03, 0x03, 0x03, 0x02, 0x03, 0x05, 0x05, 0x05, 0x05, 0x05, 0x05, 0x05, 0x05, 0x05, 0x05, 0x02, 0x03, 0x05, 0x03, 0x05, 0x03,
    0x05, 0x05, 0x05, 0x05, 0x03, 0x03, 0x03, 0x03, 0x05, 0x05, 0x05, 0x03, 0x03, 0x02, 0x03, 0x09, 0x03, 0x0B, 0x03, 0x03, 0x01, 0x06, 0x06, 0x01,
    0x02, 0x01, 0x01, 0x03, 0x05, 0x02, 0x02, 0x03, 0x0B, 0x03, 0x01, 0x02, 0x03, 0x03, 0x03, 0x0B, 0x05, 0x05, 0x05, 0x05, 0x05, 0x03, 0x02, 0x04,
    0x06, 0x06, 0x06, 0x01, 0x03, 0x02, 0x05, 0x02, 0x0B, 0x0B, 0x03, 0x02, 0x04, 0x06, 0x06, 0x06, 0x04, 0x09, 0x02, 0x04, 0x02, 0x03, 0x02, 0x03,
    0x03, 0x04, 0x03, 0x03, 0x03, 0x05, 0x05, 0x02, 0x03, 0x05, 0x05, 0x03, 0x09, 0x0B, 0x02, 0x04, 0x01, 0x01, 0x06, 0x06, 0x06, 0x03, 0x01, 0x02,
    0x04, 0x06, 0x06, 0x06, 0x01, 0x02, 0x01, 0x04, 0x01, 0x0B, 0x0A, 0x0C, 0x01, 0x02, 0x02, 0x03, 0x03, 0x03, 0x02, 0x02, 0x02, 0x03, 0x03, 0x03,
    0x02, 0x02, 0x05, 0x02, 0x03, 0x05, 0x05, 0x05, 0x0B, 0x05, 0x01, 0x04, 0x01, 0x01, 0x04, 0x05, 0x0B, 0x05, 0x05, 0x05, 0x0D, 0x0D, 0x0B, 0x03,
    0x05, 0x03, 0x03, 0x03, 0x05, 0x03, 0x02, 0x03, 0x02, 0x01, 0x02, 0x01, 0x02, 0x03, 0x05, 0x05, 0x05, 0x03, 0x0C, 0x05, 0x05, 0x05, 0x05, 0x05,
    0x03, 0x05, 0x03, 0x02, 0x03, 0x03, 0x05, 0x05, 0x09, 0x05, 0x01, 0x02, 0x02, 0x03, 0x05, 0x05, 0x02, 0x03, 0x03, 0x03, 0x03, 0x03, 0x05, 0x03,
    0x05, 0x03, 0x05, 0x03, 0x05, 0x05, 0x05, 0x05, 0x05, 0x03, 0x02, 0x03, 0x03, 0x05, 0x03, 0x03, 0x05, 0x03, 0x05, 0x05, 0x09, 0x05, 0x05, 0x05,
    0x05, 0x02, 0x03, 0x05, 0x05, 0x05, 0x05, 0x03, 0x05, 0x0D, 0x0C, 0x03, 0x04, 0x01, 0x02, 0x01, 0x05, 0x05, 0x03, 0x03, 0x05, 0x03, 0x03, 0x02,
    0x03, 0x03, 0x05, 0x03, 0x05, 0x0B, 0x0B, 0x05, 0x05, 0x03, 0x03, 0x01, 0x06, 0x03, 0x05, 0x05, 0x05, 0x0C, 0x05, 0x03, 0x02, 0x01, 0x06, 0x01,
    0x01, 0x02, 0x01, 0x03, 0x01, 0x04, 0x05, 0x03, 0x02, 0x01, 0x04, 0x03, 0x05, 0x05, 0x06, 0x02, 0x05, 0x03, 0x03, 0x03, 0x03, 0x03, 0x05, 0x05,
    0x05, 0x09, 0x0E, 0x0D, 0x09, 0x0B, 0x0D, 0x01, 0x04, 0x01, 0x06, 0x04, 0x06, 0x06, 0x06, 0x01, 0x02, 0x02, 0x04, 0x02, 0x06, 0x01, 0x02, 0x0C,
    0x05, 0x03, 0x03, 0x05, 0x0B, 0x05, 0x01, 0x04, 0x03, 0x05, 0x05, 0x05, 0x03, 0x05, 0x05, 0x02, 0x05, 0x06, 0x02, 0x03, 0x02, 0x05, 0x05, 0x05,
    0x03, 0x05, 0x05, 0x05, 0x05, 0x05, 0x05, 0x05, 0x05, 0x05, 0x03, 0x02, 0x03, 0x03, 0x03, 0x01, 0x02, 0x02, 0x01, 0x01, 0x02, 0x03, 0x03, 0x02,
    0x05, 0x05, 0x05, 0x05, 0x03, 0x03, 0x0B, 0x0C, 0x05, 0x03, 0x09, 0x0B, 0x09, 0x05, 0x05, 0x09, 0x05, 0x02, 0x03, 0x03, 0x05, 0x01, 0x01, 0x01,
    0x02, 0x02, 0x02, 0x02, 0x05, 0x02, 0x02, 0x03, 0x03, 0x03, 0x03, 0x05, 0x03, 0x03, 0x05, 0x03, 0x05, 0x05, 0x05, 0x05, 0x05, 0x03, 0x03, 0x03,
    0x02, 0x03, 0x05, 0x05, 0x05, 0x05, 0x05, 0x05, 0x05, 0x05, 0x05, 0x05, 0x05, 0x09, 0x05, 0x03, 0x05, 0x05, 0x02, 0x01, 0x03, 0x03, 0x03, 0x03,
    0x09, 0x05, 0x03, 0x03, 0x05, 0x0B, 0x01, 0x03, 0x03, 0x03, 0x02, 0x03, 0x05, 0x05, 0x03, 0x02, 0x02, 0x02, 0x05, 0x0B, 0x0C, 0x0D, 0x09, 0x01,
    0x03, 0x03, 0x03, 0x03, 0x01, 0x09, 0x0B, 0x05, 0x0C, 0x05, 0x05, 0x03, 0x05, 0x09, 0x0C, 0x0C, 0x05, 0x03, 0x02, 0x03, 0x01, 0x01, 0x01, 0x06,
    0x05, 0x09, 0x05, 0x03, 0x01, 0x05, 0x05, 0x05, 0x0C, 0x05, 0x03, 0x03, 0x03, 0x05, 0x05, 0x05, 0x03, 0x09, 0x03, 0x0C, 0x0B, 0x01, 0x06, 0x06,
    0x04, 0x01, 0x04, 0x06, 0x01, 0x04, 0x02, 0x02, 0x01, 0x03, 0x05, 0x0D, 0x0D, 0x03, 0x05, 0x05, 0x09, 0x05, 0x09, 0x0B, 0x0B, 0x0B, 0x03, 0x03,
    0x05, 0x0B, 0x05, 0x03, 0x02, 0x03, 0x02, 0x03, 0x05, 0x03, 0x03, 0x09, 0x05, 0x01, 0x01, 0x01, 0x05, 0x0B, 0x0C, 0x0B, 0x05, 0x03, 0x06, 0x09,
    0x05, 0x05, 0x02, 0x05, 0x03, 0x04, 0x02, 0x03, 0x03, 0x05, 0x02, 0x01, 0x01, 0x03, 0x09, 0x0B, 0x05, 0x0B, 0x03, 0x03, 0x03, 0x0B, 0x0B, 0x05,
    0x0B, 0x03, 0x02, 0x03, 0x05, 0x05, 0x05, 0x0D, 0x0B, 0x05, 0x02, 0x03, 0x06, 0x03, 0x03, 0x02, 0x03, 0x05, 0x03, 0x05, 0x05, 0x03, 0x03, 0x03,
    0x05, 0x05, 0x05, 0x05, 0x05, 0x03, 0x03, 0x05, 0x05, 0x05, 0x02, 0x03, 0x05, 0x05, 0x05, 0x09, 0x05, 0x05, 0x05, 0x05, 0x05, 0x05, 0x03, 0x05,
    0x05, 0x0C, 0x05, 0x09, 0x05, 0x03, 0x03, 0x02, 0x09, 0x02, 0x01, 0x03, 0x05, 0x0B, 0x0B, 0x09, 0x0B, 0x0C, 0x0C, 0x0B, 0x03, 0x03, 0x02, 0x05,
    0x03, 0x0B, 0x05, 0x01, 0x06, 0x04, 0x01, 0x03, 0x09, 0x05, 0x03, 0x03, 0x03, 0x02, 0x01, 0x02, 0x0B, 0x03, 0x05, 0x0E, 0x0C, 0x0B, 0x0C, 0x09,
    0x05, 0x09, 0x05, 0x05, 0x03, 0x02, 0x02, 0x03, 0x05, 0x03, 0x01, 0x01, 0x01, 0x04, 0x03, 0x01, 0x02, 0x03, 0x03, 0x05, 0x05, 0x05, 0x0B, 0x0B,
    0x02, 0x02, 0x05, 0x05, 0x03, 0x05, 0x01, 0x03, 0x03, 0x0B, 0x0E, 0x0B, 0x05, 0x03, 0x02, 0x04, 0x02, 0x03, 0x01, 0x03, 0x06, 0x03, 0x04, 0x03,
    0x05, 0x03, 0x02, 0x03, 0x02, 0x03, 0x03, 0x03, 0x01, 0x03, 0x03, 0x0B, 0x0B, 0x0B, 0x05, 0x05, 0x03, 0x03, 0x03, 0x03, 0x03, 0x05, 0x05, 0x05,
    0x05, 0x02, 0x01, 0x04, 0x06, 0x02, 0x05, 0x05, 0x09, 0x05, 0x09, 0x05, 0x0B, 0x05, 0x03, 0x05, 0x05, 0x03, 0x03, 0x03, 0x03, 0x02, 0x03, 0x05,
    0x02, 0x03, 0x02, 0x03, 0x0C, 0x03, 0x05, 0x05, 0x03, 0x03, 0x03, 0x05, 0x03, 0x0B, 0x0B, 0x03, 0x03, 0x05, 0x05, 0x03, 0x05, 0x0B, 0x05, 0x01,
    0x02, 0x02, 0x02, 0x02, 0x05, 0x05, 0x05, 0x03, 0x03, 0x02, 0x02, 0x03, 0x03, 0x05, 0x05, 0x05, 0x02, 0x06, 0x02, 0x01, 0x03, 0x03, 0x03, 0x03,
    0x05, 0x05, 0x05, 0x05, 0x05, 0x05, 0x05, 0x05, 0x03, 0x05, 0x05, 0x05, 0x05, 0x05, 0x09, 0x0B, 0x05, 0x05, 0x05, 0x0B, 0x0B, 0x05, 0x03, 0x03,
    0x03, 0x03, 0x03, 0x05, 0x05, 0x05, 0x05, 0x05, 0x03, 0x01, 0x03, 0x02, 0x03, 0x02, 0x02, 0x05, 0x03, 0x04, 0x04, 0x01, 0x03, 0x05, 0x05, 0x05,
    0x05, 0x03, 0x04, 0x06, 0x01, 0x05, 0x05, 0x03, 0x02, 0x03, 0x03, 0x05, 0x03, 0x03, 0x03, 0x05, 0x01, 0x06, 0x01, 0x01, 0x05, 0x0B, 0x0D, 0x05,
    0x03, 0x03, 0x02, 0x02, 0x01, 0x03, 0x02, 0x02, 0x01, 0x02, 0x02, 0x03, 0x05, 0x05, 0x03, 0x03, 0x02, 0x03, 0x0C, 0x05, 0x01, 0x02, 0x03, 0x02,
    0x05, 0x03, 0x03, 0x03, 0x01, 0x04, 0x01, 0x02, 0x06, 0x06, 0x06, 0x01, 0x03, 0x05, 0x02, 0x03, 0x02, 0x02, 0x02, 0x02, 0x01, 0x01, 0x01, 0x02,
    0x02, 0x09, 0x05, 0x0B, 0x09, 0x03, 0x03, 0x05, 0x05, 0x05, 0x09, 0x05, 0x05, 0x05, 0x0B, 0x03, 0x01, 0x04, 0x02, 0x03, 0x05, 0x05, 0x0E, 0x0E,
    0x0D, 0x05, 0x0B, 0x05, 0x0B, 0x05, 0x03, 0x02, 0x03, 0x05, 0x0B, 0x03, 0x01, 0x04, 0x01, 0x02, 0x03, 0x05, 0x03, 0x05, 0x05, 0x05, 0x05, 0x03,
    0x03, 0x03, 0x03, 0x03, 0x03, 0x02, 0x03, 0x02, 0x01, 0x05, 0x0D, 0x0C, 0x03, 0x0B, 0x03, 0x03, 0x03, 0x03, 0x03, 0x03, 0x03, 0x02, 0x03, 0x03,
    0x05, 0x05, 0x05, 0x05, 0x05, 0x0B, 0x0B, 0x0B, 0x05, 0x02, 0x02, 0x05, 0x05, 0x05, 0x05, 0x05, 0x05, 0x05, 0x05, 0x03, 0x03, 0x05, 0x05, 0x05,
    0x05, 0x03, 0x05, 0x03, 0x05, 0x05, 0x0B, 0x0B, 0x0B, 0x09, 0x05, 0x03, 0x03, 0x03, 0x03, 0x03, 0x03, 0x03, 0x03, 0x03, 0x05, 0x03, 0x05, 0x03,
    0x04, 0x02, 0x02, 0x05, 0x05, 0x05, 0x02, 0x02, 0x05, 0x05, 0x09, 0x0B, 0x03, 0x02, 0x01, 0x03, 0x02, 0x02, 0x03, 0x02, 0x02, 0x02, 0x02, 0x02,
    0x03, 0x03, 0x03, 0x03, 0x03, 0x01, 0x01, 0x01, 0x03, 0x0B, 0x0C, 0x0D, 0x0E, 0x09, 0x03, 0x03, 0x02, 0x01, 0x01, 0x09, 0x09, 0x02, 0x03, 0x03,
    0x03, 0x02, 0x01, 0x02, 0x02, 0x01, 0x02, 0x03, 0x02, 0x02, 0x02, 0x03, 0x05, 0x05, 0x05, 0x05, 0x03, 0x02, 0x09, 0x05, 0x02, 0x01, 0x06, 0x04,
    0x02, 0x01, 0x04, 0x02, 0x02, 0x02, 0x03, 0x03, 0x02, 0x01, 0x01, 0x01, 0x01, 0x02, 0x02, 0x03, 0x0B, 0x09, 0x0C, 0x02, 0x03, 0x0B, 0x05, 0x03,
    0x05, 0x0B, 0x0B, 0x01, 0x06, 0x04, 0x01, 0x03, 0x01, 0x03, 0x05, 0x09, 0x01, 0x01, 0x02, 0x05, 0x05, 0x0D, 0x0B, 0x01, 0x01, 0x03, 0x03, 0x04,
    0x01, 0x01, 0x01, 0x01, 0x02, 0x03, 0x05, 0x05, 0x03, 0x05, 0x03, 0x05, 0x03, 0x05, 0x03, 0x03, 0x03, 0x03, 0x03, 0x03, 0x02, 0x03, 0x05, 0x03,
    0x03, 0x02, 0x02, 0x02, 0x03, 0x02, 0x03, 0x03, 0x05, 0x05, 0x05, 0x05, 0x05, 0x05, 0x03, 0x05, 0x03, 0x01, 0x03, 0x03, 0x03, 0x02, 0x03, 0x03,
    0x03, 0x05, 0x03, 0x03, 0x03, 0x03, 0x03, 0x03, 0x03, 0x03, 0x05, 0x05, 0x05, 0x05, 0x05, 0x05, 0x05, 0x05, 0x05, 0x05, 0x03, 0x05, 0x05, 0x05,
    0x03, 0x01, 0x01, 0x03, 0x03, 0x03, 0x03, 0x02, 0x02, 0x05, 0x03, 0x03, 0x09, 0x0D, 0x0D, 0x0B, 0x03, 0x03, 0x03, 0x02, 0x01, 0x02, 0x05, 0x0E,
    0x0D, 0x05, 0x01, 0x02, 0x06, 0x06, 0x04, 0x03, 0x02, 0x02, 0x02, 0x01, 0x02, 0x01, 0x01, 0x04, 0x01, 0x01, 0x01, 0x01, 0x05, 0x03, 0x03, 0x0B,
    0x0B, 0x0C, 0x0B, 0x03, 0x02, 0x06, 0x01, 0x02, 0x01, 0x03, 0x03, 0x02, 0x03, 0x05, 0x03, 0x01, 0x01, 0x02, 0x02, 0x01, 0x03, 0x02, 0x02, 0x05,
    0x05, 0x05, 0x03, 0x02, 0x03, 0x02, 0x05, 0x03, 0x03, 0x05, 0x06, 0x06, 0x06, 0x06, 0x03, 0x05, 0x03, 0x02, 0x03, 0x05, 0x05, 0x03, 0x02, 0x01,
    0x04, 0x04, 0x01, 0x02, 0x03, 0x03, 0x05, 0x03, 0x01, 0x02, 0x03, 0x05, 0x05, 0x05, 0x03, 0x02, 0x04, 0x06, 0x01, 0x06, 0x06, 0x01, 0x06, 0x01,
    0x05, 0x01, 0x06, 0x03, 0x0B, 0x09, 0x05, 0x03, 0x03, 0x03, 0x01, 0x01, 0x02, 0x03, 0x01, 0x01, 0x06, 0x06, 0x02, 0x02, 0x02, 0x03, 0x03, 0x03,
    0x05, 0x02, 0x02, 0x02, 0x02, 0x02, 0x02, 0x03, 0x02, 0x02, 0x01, 0x03, 0x02, 0x01, 0x01, 0x02, 0x05, 0x03, 0x05, 0x02, 0x03, 0x03, 0x03, 0x03,
    0x03, 0x03, 0x03, 0x03, 0x01, 0x03, 0x02, 0x03, 0x03, 0x02, 0x02, 0x03, 0x03, 0x03, 0x03, 0x05, 0x03, 0x03, 0x05, 0x03, 0x05, 0x05, 0x03, 0x05,
    0x05, 0x05, 0x05, 0x05, 0x03, 0x05, 0x09, 0x05, 0x05, 0x05, 0x0B, 0x0C, 0x05, 0x02, 0x02, 0x03, 0x05, 0x03, 0x02, 0x03, 0x02, 0x05, 0x05, 0x05,
    0x05, 0x0C, 0x05, 0x05, 0x05, 0x03, 0x03, 0x03, 0x03, 0x03, 0x03, 0x0B, 0x0B, 0x05, 0x01, 0x06, 0x06, 0x01, 0x02, 0x03, 0x03, 0x03, 0x05, 0x03,
    0x03, 0x02, 0x03, 0x01, 0x04, 0x01, 0x01, 0x04, 0x06, 0x01, 0x02, 0x02, 0x01, 0x02, 0x03, 0x05, 0x03, 0x01, 0x04, 0x01, 0x02, 0x03, 0x01, 0x03,
    0x02, 0x01, 0x01, 0x02, 0x03, 0x02, 0x02, 0x05, 0x05, 0x05, 0x0B, 0x0B, 0x05, 0x05, 0x05, 0x05, 0x02, 0x02, 0x05, 0x02, 0x05, 0x02, 0x05, 0x02,
    0x03, 0x06, 0x02, 0x02, 0x02, 0x03, 0x02, 0x03, 0x03, 0x05, 0x03, 0x03, 0x03, 0x05, 0x05, 0x02, 0x01, 0x05, 0x05, 0x05, 0x03, 0x02, 0x02, 0x03,
    0x05, 0x0B, 0x0B, 0x0F, 0x0B, 0x03, 0x03, 0x03, 0x03, 0x03, 0x02, 0x05, 0x05, 0x02, 0x01, 0x05, 0x0B, 0x0B, 0x05, 0x05, 0x02, 0x03, 0x05, 0x03,
    0x03, 0x03, 0x03, 0x01, 0x03, 0x01, 0x01, 0x01, 0x01, 0x02, 0x02, 0x02, 0x02, 0x02, 0x04, 0x04, 0x01, 0x02, 0x02, 0x01, 0x01, 0x02, 0x01, 0x02,
    0x02, 0x06, 0x01, 0x05, 0x05, 0x05, 0x05, 0x03, 0x03, 0x05, 0x03, 0x03, 0x03, 0x03, 0x01, 0x06, 0x01, 0x03, 0x02, 0x03, 0x03, 0x05, 0x03, 0x03,
    0x05, 0x05, 0x03, 0x03, 0x05, 0x05, 0x03, 0x01, 0x01, 0x04, 0x04, 0x01, 0x03, 0x02, 0x03, 0x03, 0x01, 0x05, 0x02, 0x05, 0x0C, 0x09, 0x09, 0x0B,
    0x0C, 0x09, 0x06, 0x01, 0x03, 0x05, 0x03, 0x01, 0x02, 0x05, 0x05, 0x05, 0x05, 0x03, 0x05, 0x04, 0x03, 0x0D, 0x09, 0x03, 0x03, 0x03, 0x03, 0x03,
    0x03, 0x0B, 0x0B, 0x05, 0x09, 0x0D, 0x0C, 0x09, 0x05, 0x03, 0x02, 0x05, 0x05, 0x03, 0x01, 0x03, 0x01, 0x01, 0x01, 0x01, 0x06, 0x06, 0x06, 0x01,
    0x04, 0x02, 0x03, 0x05, 0x09, 0x05, 0x03, 0x02, 0x02, 0x03, 0x03, 0x02, 0x03, 0x04, 0x06, 0x04, 0x02, 0x01, 0x01, 0x01, 0x01, 0x03, 0x02, 0x02,
    0x02, 0x03, 0x05, 0x05, 0x03, 0x03, 0x02, 0x09, 0x0D, 0x0D, 0x05, 0x02, 0x01, 0x06, 0x04, 0x05, 0x0B, 0x05, 0x05, 0x05, 0x0C, 0x09, 0x03, 0x02,
    0x01, 0x03, 0x09, 0x02, 0x05, 0x02, 0x03, 0x03, 0x03, 0x02, 0x03, 0x02, 0x02, 0x05, 0x05, 0x09, 0x0D, 0x0C, 0x0C, 0x05, 0x05, 0x03, 0x05, 0x03,
    0x01, 0x05, 0x03, 0x01, 0x03, 0x05, 0x05, 0x09, 0x05, 0x0B, 0x05, 0x05, 0x03, 0x02, 0x02, 0x02, 0x02, 0x02, 0x01, 0x01, 0x01, 0x02, 0x02, 0x02,
    0x02, 0x02, 0x01, 0x06, 0x06, 0x06, 0x06, 0x02, 0x03, 0x02, 0x01, 0x02, 0x01, 0x09, 0x0D, 0x09, 0x03, 0x03, 0x03, 0x05, 0x05, 0x03, 0x05, 0x03,
    0x02, 0x03, 0x03, 0x02, 0x02, 0x03, 0x03, 0x05, 0x05, 0x05, 0x05, 0x03, 0x03, 0x03, 0x05, 0x05, 0x03, 0x03, 0x03, 0x02, 0x04, 0x01, 0x02, 0x02,
    0x01, 0x02, 0x03, 0x05, 0x03, 0x05, 0x0B, 0x0B, 0x09, 0x05, 0x05, 0x0B, 0x0B, 0x0B, 0x05, 0x02, 0x02, 0x05, 0x05, 0x05, 0x09, 0x05, 0x05, 0x05,
    0x05, 0x05, 0x02, 0x06, 0x01, 0x05, 0x05, 0x05, 0x02, 0x02, 0x03, 0x02, 0x02, 0x05, 0x03, 0x0B, 0x0D, 0x05, 0x03, 0x05, 0x01, 0x02, 0x02, 0x03,
    0x02, 0x09, 0x09, 0x05, 0x05, 0x01, 0x06, 0x01, 0x05, 0x03, 0x0B, 0x0B, 0x05, 0x0C, 0x03, 0x09, 0x0B, 0x05, 0x01, 0x02, 0x03, 0x02, 0x01, 0x02,
    0x03, 0x03, 0x02, 0x06, 0x06, 0x06, 0x02, 0x02, 0x06, 0x04, 0x01, 0x01, 0x02, 0x03, 0x05, 0x09, 0x05, 0x09, 0x03, 0x02, 0x05, 0x05, 0x05, 0x05,
    0x02, 0x04, 0x04, 0x01, 0x03, 0x02, 0x03, 0x05, 0x03, 0x03, 0x05, 0x05, 0x09, 0x01, 0x03, 0x0B, 0x03, 0x05, 0x02, 0x01, 0x02, 0x02, 0x03, 0x04,
    0x04, 0x04, 0x01, 0x02, 0x09, 0x0B, 0x0B, 0x05, 0x05, 0x05, 0x0D, 0x05, 0x0B, 0x05, 0x02, 0x02, 0x02, 0x06, 0x01, 0x03, 0x03, 0x03, 0x03, 0x03,
    0x02, 0x04, 0x01, 0x01, 0x03, 0x05, 0x02, 0x01, 0x01, 0x06, 0x01, 0x03, 0x03, 0x02, 0x01, 0x02, 0x02, 0x03, 0x03, 0x02, 0x02, 0x02, 0x02, 0x02,
    0x02, 0x02, 0x05, 0x02, 0x05, 0x05, 0x03, 0x03, 0x03, 0x05, 0x03, 0x03, 0x03, 0x03, 0x05, 0x05, 0x05, 0x05, 0x05, 0x05, 0x03, 0x03, 0x03, 0x03,
    0x03, 0x03, 0x03, 0x03, 0x03, 0x05, 0x05, 0x05, 0x0B, 0x0C, 0x02, 0x03, 0x03, 0x05, 0x02, 0x06, 0x01, 0x03, 0x05, 0x02, 0x03, 0x03, 0x03, 0x03,
    0x09, 0x0B, 0x0B, 0x0B, 0x05, 0x05, 0x05, 0x0B, 0x05, 0x05, 0x05, 0x03, 0x01, 0x01, 0x02, 0x03, 0x03, 0x02, 0x03, 0x03, 0x03, 0x05, 0x05, 0x03,
    0x03, 0x03, 0x02, 0x02, 0x01, 0x04, 0x01, 0x01, 0x01, 0x01, 0x06, 0x01, 0x02, 0x01, 0x0B, 0x09, 0x09, 0x0B, 0x03, 0x05, 0x05, 0x03, 0x02, 0x02,
    0x02, 0x03, 0x03, 0x03, 0x02, 0x09, 0x0B, 0x05, 0x03, 0x03, 0x05, 0x02, 0x03, 0x03, 0x05, 0x01, 0x02, 0x02, 0x01, 0x03, 0x05, 0x03, 0x05, 0x03,
    0x02, 0x03, 0x05, 0x05, 0x09, 0x05, 0x05, 0x06, 0x05, 0x0B, 0x0D, 0x0E, 0x0B, 0x01, 0x06, 0x06, 0x06, 0x06, 0x06, 0x06, 0x06, 0x02, 0x05, 0x0D,
    0x03, 0x09, 0x06, 0x04, 0x03, 0x03, 0x01, 0x02, 0x01, 0x05, 0x05, 0x09, 0x02, 0x06, 0x04, 0x01, 0x01, 0x01, 0x01, 0x01, 0x02, 0x03, 0x0C, 0x0D,
    0x05, 0x0D, 0x0B, 0x05, 0x01, 0x02, 0x01, 0x01, 0x01, 0x01, 0x04, 0x01, 0x01, 0x01, 0x02, 0x02, 0x02, 0x09, 0x05, 0x02, 0x02, 0x05, 0x02, 0x02,
    0x02, 0x02, 0x02, 0x02, 0x03, 0x03, 0x02, 0x03, 0x03, 0x02, 0x02, 0x03, 0x03, 0x02, 0x03, 0x02, 0x02, 0x03, 0x05, 0x03, 0x03, 0x03, 0x03, 0x05,
    0x05, 0x03, 0x01, 0x01, 0x01, 0x01, 0x01, 0x04, 0x09, 0x03, 0x03, 0x03, 0x03, 0x03, 0x05, 0x05, 0x05, 0x03, 0x02, 0x09, 0x0B, 0x05, 0x05, 0x03,
    0x05, 0x05, 0x01, 0x02, 0x02, 0x01, 0x01, 0x03, 0x03, 0x05, 0x09, 0x05, 0x05, 0x0B, 0x0B, 0x05, 0x02, 0x03, 0x05, 0x05, 0x03, 0x02, 0x02, 0x02,
    0x02, 0x01, 0x06, 0x04, 0x02, 0x02, 0x01, 0x04, 0x01, 0x02, 0x02, 0x01, 0x06, 0x01, 0x06, 0x06, 0x01, 0x01, 0x01, 0x01, 0x03, 0x01, 0x03, 0x03,
    0x03, 0x03, 0x02, 0x05, 0x09, 0x0D, 0x0D, 0x0C, 0x0D, 0x0B, 0x05, 0x01, 0x01, 0x01, 0x02, 0x02, 0x0B, 0x05, 0x05, 0x03, 0x03, 0x05, 0x05, 0x02,
    0x02, 0x02, 0x05, 0x09, 0x03, 0x03, 0x02, 0x02, 0x02, 0x03, 0x03, 0x02, 0x03, 0x03, 0x02, 0x03, 0x05, 0x03, 0x05, 0x03, 0x05, 0x03, 0x0D, 0x0F,
    0x05, 0x11, 0x05, 0x03, 0x03, 0x03, 0x03, 0x01, 0x01, 0x01, 0x02, 0x09, 0x0C, 0x09, 0x05, 0x05, 0x05, 0x01, 0x05, 0x03, 0x0B, 0x03, 0x02, 0x01,
    0x05, 0x03, 0x04, 0x04, 0x01, 0x03, 0x05, 0x01, 0x01, 0x01, 0x03, 0x02, 0x03, 0x05, 0x05, 0x05, 0x05, 0x05, 0x05, 0x05, 0x03, 0x05, 0x02, 0x01,
    0x06, 0x01, 0x06, 0x01, 0x01, 0x01, 0x03, 0x05, 0x03, 0x02, 0x01, 0x06, 0x01, 0x01, 0x01, 0x02, 0x02, 0x03, 0x03, 0x02, 0x02, 0x03, 0x03, 0x03,
    0x03, 0x03, 0x02, 0x03, 0x03, 0x03, 0x03, 0x05, 0x09, 0x05, 0x03, 0x02, 0x02, 0x02, 0x02, 0x03, 0x04, 0x03, 0x05, 0x05, 0x04, 0x01, 0x02, 0x03,
    0x05, 0x05, 0x05, 0x05, 0x05, 0x05, 0x05, 0x05, 0x09, 0x0B, 0x05, 0x09, 0x0B, 0x09, 0x05, 0x09, 0x05, 0x05, 0x09, 0x01, 0x01, 0x02, 0x01, 0x01,
    0x03, 0x05, 0x05, 0x01, 0x06, 0x06, 0x06, 0x04, 0x02, 0x01, 0x01, 0x01, 0x01, 0x01, 0x01, 0x01, 0x06, 0x06, 0x06, 0x04, 0x01, 0x06, 0x04, 0x01,
    0x06, 0x06, 0x03, 0x03, 0x01, 0x02, 0x02, 0x02, 0x03, 0x09, 0x05, 0x05, 0x03, 0x01, 0x01, 0x01, 0x03, 0x05, 0x05, 0x05, 0x05, 0x05, 0x05, 0x09,
    0x03, 0x01, 0x04, 0x02, 0x02, 0x05, 0x05, 0x09, 0x03, 0x02, 0x02, 0x03, 0x02, 0x03, 0x02, 0x05, 0x09, 0x02, 0x06, 0x03, 0x02, 0x05, 0x04, 0x04,
    0x03, 0x02, 0x02, 0x02, 0x02, 0x02, 0x02, 0x03, 0x05, 0x06, 0x06, 0x01, 0x02, 0x0B, 0x05, 0x05, 0x05, 0x09, 0x05, 0x03, 0x09, 0x09, 0x04, 0x01,
    0x03, 0x03, 0x03, 0x09, 0x05, 0x03, 0x03, 0x05, 0x05, 0x05, 0x01, 0x06, 0x06, 0x02, 0x02, 0x01, 0x02, 0x03, 0x05, 0x0B, 0x05, 0x03, 0x02, 0x01,
    0x05, 0x03, 0x03, 0x03, 0x01, 0x01, 0x03, 0x05, 0x0D, 0x0D, 0x0B, 0x05, 0x03, 0x03, 0x02, 0x01, 0x06, 0x01, 0x04, 0x02, 0x0B, 0x05, 0x03, 0x02,
    0x01, 0x06, 0x01, 0x01, 0x01, 0x02, 0x04, 0x06, 0x01, 0x02, 0x03, 0x02, 0x02, 0x02, 0x02, 0x03, 0x05, 0x03, 0x05, 0x05, 0x03, 0x05, 0x05, 0x09,
    0x0B, 0x03, 0x03, 0x05, 0x05, 0x03, 0x03, 0x05, 0x02, 0x03, 0x05, 0x03, 0x01, 0x03, 0x03, 0x03, 0x03, 0x03, 0x03, 0x03, 0x05, 0x03, 0x03, 0x05,
    0x03, 0x05, 0x05, 0x05, 0x05, 0x05, 0x0B, 0x05, 0x02, 0x01, 0x02, 0x02, 0x01, 0x02, 0x03, 0x05, 0x05, 0x01, 0x04, 0x06, 0x06, 0x01, 0x02, 0x01,
    0x02, 0x02, 0x01, 0x01, 0x05, 0x01, 0x06, 0x04, 0x01, 0x04, 0x01, 0x04, 0x01, 0x0B, 0x09, 0x0C, 0x01, 0x06, 0x06, 0x01, 0x03, 0x03, 0x05, 0x03,
    0x02, 0x02, 0x06, 0x06, 0x04, 0x03, 0x02, 0x03, 0x03, 0x03, 0x03, 0x05, 0x05, 0x01, 0x05, 0x05, 0x05, 0x0C, 0x0B, 0x05, 0x03, 0x03, 0x02, 0x03,
    0x02, 0x01, 0x01, 0x02, 0x03, 0x03, 0x03, 0x06, 0x06, 0x06, 0x03, 0x01, 0x05, 0x05, 0x0B, 0x0B, 0x05, 0x05, 0x05, 0x0B, 0x03, 0x01, 0x01, 0x06,
    0x06, 0x06, 0x01, 0x03, 0x05, 0x05, 0x09, 0x05, 0x05, 0x02, 0x01, 0x03, 0x05, 0x03, 0x06, 0x02, 0x02, 0x09, 0x02, 0x02, 0x01, 0x03, 0x05, 0x01,
    0x03, 0x05, 0x05, 0x0B, 0x02, 0x01, 0x02, 0x05, 0x05, 0x02, 0x06, 0x01, 0x02, 0x06, 0x01, 0x03, 0x05, 0x03, 0x06, 0x01, 0x03, 0x05, 0x0B, 0x0C,
    0x0D, 0x0B, 0x02, 0x06, 0x04, 0x01, 0x04, 0x03, 0x05, 0x0B, 0x0B, 0x0B, 0x05, 0x03, 0x05, 0x02, 0x02, 0x01, 0x05, 0x03, 0x03, 0x02, 0x02, 0x03,
    0x02, 0x02, 0x02, 0x03, 0x03, 0x05, 0x03, 0x05, 0x05, 0x03, 0x05, 0x05, 0x05, 0x05, 0x05, 0x03, 0x03, 0x03, 0x05, 0x05, 0x0D, 0x05, 0x05, 0x03,
    0x09, 0x05, 0x03, 0x05, 0x03, 0x03, 0x05, 0x05, 0x05, 0x05, 0x03, 0x02, 0x06, 0x03, 0x05, 0x09, 0x01, 0x04, 0x02, 0x05, 0x05, 0x01, 0x02, 0x02,
    0x04, 0x01, 0x01, 0x01, 0x03, 0x05, 0x02, 0x06, 0x02, 0x06, 0x01, 0x01, 0x04, 0x04, 0x01, 0x03, 0x03, 0x01, 0x01, 0x01, 0x06, 0x06, 0x04, 0x01,
    0x01, 0x01, 0x03, 0x09, 0x0B, 0x02, 0x03, 0x06, 0x01, 0x02, 0x02, 0x02, 0x03, 0x05, 0x03, 0x02, 0x03, 0x02, 0x02, 0x02, 0x01, 0x04, 0x03, 0x03,
    0x05, 0x0B, 0x05, 0x05, 0x05, 0x05, 0x05, 0x03, 0x05, 0x05, 0x02, 0x02, 0x01, 0x06, 0x06, 0x04, 0x01, 0x09, 0x05, 0x05, 0x03, 0x01, 0x04, 0x02,
    0x03, 0x03, 0x03, 0x03, 0x05, 0x05, 0x0B, 0x05, 0x03, 0x03, 0x02, 0x01, 0x02, 0x04, 0x04, 0x02, 0x02, 0x03, 0x05, 0x05, 0x05, 0x03, 0x05, 0x0B,
    0x05, 0x03, 0x02, 0x02, 0x01, 0x02, 0x01, 0x04, 0x02, 0x01, 0x01, 0x05, 0x05, 0x03, 0x05, 0x05, 0x05, 0x05, 0x03, 0x02, 0x05, 0x0B, 0x0D, 0x0E,
    0x0B, 0x05, 0x05, 0x05, 0x09, 0x0B, 0x0B, 0x0B, 0x05, 0x01, 0x01, 0x01, 0x0B, 0x0B, 0x0C, 0x0B, 0x05, 0x01, 0x05, 0x01, 0x02, 0x05, 0x05, 0x09,
    0x09, 0x0B, 0x09, 0x05, 0x05, 0x01, 0x06, 0x06, 0x01, 0x02, 0x05, 0x02, 0x02, 0x04, 0x02, 0x03, 0x03, 0x03, 0x03, 0x03, 0x03, 0x03, 0x03, 0x03,
    0x03, 0x05, 0x05, 0x03, 0x03, 0x02, 0x02, 0x03, 0x05, 0x03, 0x05, 0x05, 0x02, 0x03, 0x05, 0x03, 0x02, 0x02, 0x02, 0x03, 0x03, 0x05, 0x02, 0x01,
    0x03, 0x03, 0x05, 0x05, 0x01, 0x01, 0x01, 0x03, 0x05, 0x0B, 0x05, 0x03, 0x02, 0x01, 0x01, 0x01, 0x03, 0x02, 0x05, 0x0B, 0x05, 0x05, 0x09, 0x05,
    0x06, 0x03, 0x05, 0x05, 0x05, 0x01, 0x01, 0x01, 0x04, 0x01, 0x06, 0x04, 0x01, 0x01, 0x01, 0x03, 0x02, 0x03, 0x02, 0x0B, 0x03, 0x02, 0x01, 0x02,
    0x02, 0x02, 0x03, 0x05, 0x03, 0x02, 0x01, 0x04, 0x04, 0x01, 0x03, 0x09, 0x05, 0x0C, 0x09, 0x02, 0x05, 0x03, 0x03, 0x03, 0x03, 0x03, 0x01, 0x02,
    0x03, 0x02, 0x05, 0x05, 0x05, 0x05, 0x0B, 0x0C, 0x0D, 0x05, 0x03, 0x0B, 0x03, 0x03, 0x02, 0x03, 0x05, 0x05, 0x09, 0x05, 0x0C, 0x0B, 0x05, 0x09,
    0x05, 0x03, 0x02, 0x02, 0x01, 0x01, 0x02, 0x03, 0x05, 0x05, 0x05, 0x05, 0x0B, 0x05, 0x03, 0x03, 0x05, 0x03, 0x03, 0x03, 0x05, 0x02, 0x01, 0x02,
    0x03, 0x02, 0x01, 0x04, 0x02, 0x03, 0x03, 0x01, 0x01, 0x01, 0x02, 0x05, 0x0A, 0x0E, 0x0B, 0x05, 0x05, 0x05, 0x0B, 0x0D, 0x05, 0x05, 0x0B, 0x0F,
    0x0D, 0x0F, 0x0E, 0x0D, 0x0B, 0x0B, 0x0C, 0x03, 0x01, 0x02, 0x03, 0x02, 0x05, 0x03, 0x05, 0x05, 0x05, 0x02, 0x04, 0x01, 0x03, 0x04, 0x03, 0x02,
    0x03, 0x05, 0x03, 0x03, 0x03, 0x05, 0x03, 0x05, 0x05, 0x03, 0x01, 0x01, 0x01, 0x02, 0x02, 0x02, 0x03, 0x02, 0x05, 0x03, 0x03, 0x05, 0x03, 0x03,
    0x03, 0x03, 0x02, 0x03, 0x02, 0x02, 0x02, 0x03, 0x03, 0x06, 0x06, 0x01, 0x03, 0x03, 0x05, 0x05, 0x05, 0x02, 0x01, 0x02, 0x03, 0x05, 0x05, 0x03,
    0x01, 0x01, 0x01, 0x02, 0x02, 0x02, 0x03, 0x05, 0x0B, 0x0C, 0x0C, 0x0D, 0x0A, 0x0F, 0x0C, 0x0C, 0x09, 0x03, 0x01, 0x02, 0x01, 0x01, 0x01, 0x02,
    0x01, 0x04, 0x06, 0x01, 0x02, 0x02, 0x02, 0x01, 0x02, 0x01, 0x02, 0x01, 0x01, 0x01, 0x03, 0x05, 0x02, 0x04, 0x04, 0x01, 0x03, 0x03, 0x03, 0x04,
    0x03, 0x03, 0x05, 0x05, 0x01, 0x02, 0x02, 0x01, 0x01, 0x01, 0x02, 0x01, 0x03, 0x05, 0x05, 0x05, 0x05, 0x05, 0x03, 0x05, 0x05, 0x09, 0x09, 0x05,
    0x02, 0x01, 0x01, 0x03, 0x03, 0x02, 0x02, 0x05, 0x05, 0x0D, 0x0E, 0x0B, 0x0B, 0x05, 0x05, 0x03, 0x02, 0x01, 0x01, 0x02, 0x02, 0x01, 0x01, 0x02,
    0x03, 0x03, 0x03, 0x03, 0x05, 0x09, 0x0B, 0x05, 0x05, 0x03, 0x02, 0x02, 0x02, 0x02, 0x05, 0x05, 0x0B, 0x05, 0x02, 0x03, 0x02, 0x01, 0x01, 0x01,
    0x04, 0x05, 0x05, 0x05, 0x03, 0x03, 0x05, 0x05, 0x05, 0x0B, 0x05, 0x05, 0x0F, 0x11, 0x0A, 0x0F, 0x0D, 0x0B, 0x0B, 0x05, 0x03, 0x01, 0x01, 0x02,
    0x02, 0x03, 0x02, 0x03, 0x02, 0x01, 0x02, 0x05, 0x04, 0x01, 0x02, 0x03, 0x03, 0x03, 0x02, 0x03, 0x03, 0x03, 0x03, 0x03, 0x03, 0x02, 0x04, 0x01,
    0x02, 0x02, 0x01, 0x02, 0x02, 0x03, 0x03, 0x03, 0x03, 0x03, 0x03, 0x02, 0x01, 0x01, 0x02, 0x03, 0x05, 0x05, 0x03, 0x03, 0x03, 0x03, 0x02, 0x05,
    0x05, 0x05, 0x02, 0x03, 0x0C, 0x0B, 0x05, 0x01, 0x01, 0x01, 0x03, 0x02, 0x01, 0x01, 0x02, 0x02, 0x01, 0x01, 0x02, 0x02, 0x05, 0x05, 0x0B, 0x0B,
    0x0B, 0x0B, 0x0B, 0x0D, 0x0B, 0x03, 0x02, 0x03, 0x02, 0x02, 0x03, 0x02, 0x02, 0x01, 0x04, 0x01, 0x02, 0x02, 0x01, 0x03, 0x02, 0x02, 0x02, 0x04,
    0x01, 0x01, 0x05, 0x05, 0x03, 0x05, 0x05, 0x01, 0x02, 0x02, 0x03, 0x03, 0x03, 0x03, 0x05, 0x05, 0x02, 0x01, 0x02, 0x01, 0x02, 0x03, 0x05, 0x03,
    0x02, 0x02, 0x02, 0x02, 0x02, 0x01, 0x04, 0x02, 0x02, 0x05, 0x0D, 0x0F, 0x01, 0x01, 0x02, 0x02, 0x03, 0x01, 0x02, 0x03, 0x03, 0x05, 0x0B, 0x03,
    0x03, 0x09, 0x05, 0x03, 0x02, 0x01, 0x06, 0x04, 0x02, 0x01, 0x01, 0x01, 0x02, 0x03, 0x05, 0x02, 0x03, 0x03, 0x09, 0x05, 0x03, 0x02, 0x02, 0x01,
    0x01, 0x03, 0x05, 0x0B, 0x0B, 0x05, 0x02, 0x03, 0x05, 0x03, 0x01, 0x02, 0x06, 0x01, 0x02, 0x02, 0x06, 0x01, 0x03, 0x03, 0x05, 0x09, 0x0B, 0x03,
    0x03, 0x03, 0x0D, 0x0D, 0x05, 0x03, 0x05, 0x0B, 0x05, 0x05, 0x02, 0x01, 0x02, 0x02, 0x03, 0x03, 0x02, 0x03, 0x05, 0x05, 0x02, 0x04, 0x03, 0x01,
    0x03, 0x03, 0x02, 0x02, 0x02, 0x02, 0x03, 0x03, 0x03, 0x0B, 0x09, 0x0B, 0x0B, 0x05, 0x05, 0x0B, 0x05, 0x01, 0x03, 0x03, 0x03, 0x03, 0x03, 0x03,
    0x02, 0x01, 0x03, 0x03, 0x05, 0x03, 0x03, 0x03, 0x03, 0x05, 0x05, 0x05, 0x01, 0x02, 0x01, 0x01, 0x05, 0x0B, 0x0B, 0x03, 0x03, 0x03, 0x02, 0x02,
    0x02, 0x02, 0x02, 0x03, 0x02, 0x01, 0x02, 0x02, 0x03, 0x03, 0x05, 0x05, 0x02, 0x03, 0x05, 0x0B, 0x0D, 0x0B, 0x03, 0x03, 0x03, 0x02, 0x02, 0x02,
    0x05, 0x0B, 0x05, 0x01, 0x04, 0x01, 0x02, 0x02, 0x01, 0x01, 0x01, 0x02, 0x02, 0x02, 0x02, 0x03, 0x0B, 0x0D, 0x0B, 0x09, 0x02, 0x01, 0x02, 0x02,
    0x02, 0x01, 0x01, 0x01, 0x03, 0x02, 0x02, 0x03, 0x05, 0x03, 0x03, 0x03, 0x02, 0x02, 0x03, 0x03, 0x03, 0x05, 0x03, 0x02, 0x02, 0x02, 0x03, 0x05,
    0x03, 0x05, 0x05, 0x05, 0x02, 0x03, 0x04, 0x02, 0x04, 0x04, 0x01, 0x04, 0x04, 0x02, 0x01, 0x01, 0x03, 0x03, 0x03, 0x05, 0x05, 0x03, 0x03, 0x02,
    0x02, 0x04, 0x01, 0x01, 0x01, 0x02, 0x03, 0x03, 0x05, 0x02, 0x01, 0x06, 0x04, 0x03, 0x09, 0x05, 0x0B, 0x0B, 0x0B, 0x0B, 0x05, 0x03, 0x02, 0x05,
    0x06, 0x06, 0x01, 0x03, 0x02, 0x01, 0x04, 0x01, 0x01, 0x02, 0x01, 0x02, 0x03, 0x05, 0x0C, 0x05, 0x0B, 0x05, 0x05, 0x05, 0x01, 0x02, 0x01, 0x02,
    0x02, 0x02, 0x03, 0x03, 0x01, 0x02, 0x03, 0x05, 0x0B, 0x05, 0x03, 0x02, 0x02, 0x03, 0x03, 0x02, 0x01, 0x01, 0x01, 0x03, 0x03, 0x05, 0x0B, 0x0D,
    0x0E, 0x0E, 0x0E, 0x0D, 0x0C, 0x05, 0x05, 0x02, 0x03, 0x02, 0x01, 0x01, 0x02, 0x03, 0x02, 0x02, 0x02, 0x02, 0x01, 0x02, 0x02, 0x03, 0x05, 0x03,
    0x06, 0x04, 0x02, 0x04, 0x01, 0x02, 0x05, 0x09, 0x05, 0x05, 0x03, 0x02, 0x03, 0x02, 0x02, 0x03, 0x02, 0x06, 0x01, 0x02, 0x02, 0x05, 0x05, 0x05,
    0x03, 0x03, 0x05, 0x03, 0x05, 0x02, 0x05, 0x05, 0x03, 0x03, 0x02, 0x03, 0x0B, 0x09, 0x02, 0x01, 0x04, 0x02, 0x09, 0x03, 0x02, 0x01, 0x03, 0x03,
    0x02, 0x01, 0x02, 0x02, 0x03, 0x02, 0x05, 0x0D, 0x0B, 0x01, 0x02, 0x02, 0x01, 0x04, 0x01, 0x01, 0x02, 0x02, 0x01, 0x01, 0x02, 0x02, 0x02, 0x01,
    0x02, 0x03, 0x02, 0x02, 0x03, 0x03, 0x05, 0x01, 0x02, 0x01, 0x02, 0x01, 0x03, 0x03, 0x02, 0x02, 0x02, 0x02, 0x03, 0x01, 0x01, 0x02, 0x03, 0x05,
    0x03, 0x01, 0x01, 0x02, 0x04, 0x04, 0x02, 0x03, 0x09, 0x05, 0x05, 0x02, 0x03, 0x02, 0x01, 0x02, 0x03, 0x02, 0x02, 0x01, 0x03, 0x05, 0x0B, 0x05,
    0x03, 0x05, 0x05, 0x03, 0x02, 0x03, 0x05, 0x03, 0x05, 0x05, 0x03, 0x03, 0x05, 0x02, 0x09, 0x05, 0x05, 0x03, 0x05, 0x0B, 0x03, 0x02, 0x04, 0x02,
    0x05, 0x05, 0x05, 0x0B, 0x0B, 0x05, 0x09, 0x05, 0x05, 0x04, 0x04, 0x02, 0x02, 0x03, 0x03, 0x03, 0x02, 0x05, 0x02, 0x04, 0x09, 0x0B, 0x05, 0x03,
    0x05, 0x02, 0x01, 0x01, 0x02, 0x02, 0x02, 0x02, 0x03, 0x03, 0x05, 0x05, 0x05, 0x09, 0x0B, 0x09, 0x09, 0x05, 0x05, 0x03, 0x03, 0x02, 0x03, 0x02,
    0x01, 0x02, 0x02, 0x01, 0x01, 0x01, 0x01, 0x01, 0x06, 0x02, 0x05, 0x02, 0x09, 0x05, 0x03, 0x06, 0x06, 0x03, 0x03, 0x05, 0x03, 0x05, 0x05, 0x05,
    0x0B, 0x03, 0x01, 0x02, 0x03, 0x03, 0x01, 0x02, 0x06, 0x05, 0x05, 0x05, 0x0B, 0x09, 0x05, 0x03, 0x05, 0x03, 0x03, 0x03, 0x05, 0x0B, 0x0A, 0x0F,
    0x0D, 0x0B, 0x03, 0x05, 0x03, 0x02, 0x01, 0x02, 0x02, 0x03, 0x02, 0x03, 0x03, 0x02, 0x02, 0x01, 0x01, 0x03, 0x02, 0x01, 0x03, 0x03, 0x02, 0x01,
    0x04, 0x01, 0x01, 0x02, 0x02, 0x01, 0x02, 0x02, 0x01, 0x01, 0x06, 0x04, 0x01, 0x06, 0x01, 0x02, 0x02, 0x02, 0x01, 0x01, 0x02, 0x04, 0x02, 0x02,
    0x05, 0x05, 0x05, 0x03, 0x03, 0x03, 0x06, 0x04, 0x02, 0x01, 0x02, 0x05, 0x0B, 0x0B, 0x05, 0x02, 0x02, 0x02, 0x02, 0x02, 0x03, 0x05, 0x09, 0x0B,
    0x0C, 0x0B, 0x0C, 0x03, 0x04, 0x01, 0x04, 0x03, 0x03, 0x03, 0x02, 0x03, 0x05, 0x02, 0x03, 0x03, 0x02, 0x04, 0x02, 0x03, 0x03, 0x03, 0x03, 0x03,
    0x05, 0x0C, 0x0B, 0x02, 0x02, 0x03, 0x05, 0x0B, 0x0B, 0x05, 0x01, 0x01, 0x03, 0x03, 0x02, 0x05, 0x05, 0x0B, 0x05, 0x05, 0x05, 0x05, 0x01, 0x01,
    0x01, 0x05, 0x0C, 0x03, 0x01, 0x01, 0x05, 0x0B, 0x05, 0x0B, 0x0B, 0x03, 0x02, 0x03, 0x03, 0x02, 0x02, 0x02, 0x02, 0x02, 0x03, 0x03, 0x03, 0x03,
    0x03, 0x03, 0x02, 0x03, 0x03, 0x02, 0x03, 0x02, 0x03, 0x02, 0x05, 0x02, 0x01, 0x01, 0x03, 0x05, 0x05, 0x05, 0x05, 0x05, 0x03, 0x03, 0x05, 0x03,
    0x05, 0x03, 0x01, 0x03, 0x03, 0x05, 0x02, 0x05, 0x05, 0x03, 0x05, 0x05, 0x0B, 0x05, 0x02, 0x02, 0x03, 0x05, 0x05, 0x02, 0x02, 0x02, 0x03, 0x05,
    0x05, 0x05, 0x09, 0x05, 0x06, 0x01, 0x03, 0x03, 0x0B, 0x0D, 0x0C, 0x0F, 0x0F, 0x0D, 0x0D, 0x0C, 0x05, 0x05, 0x01, 0x03, 0x02, 0x03, 0x03, 0x02,
    0x05, 0x03, 0x02, 0x01, 0x01, 0x01, 0x02, 0x02, 0x02, 0x01, 0x02, 0x01, 0x02, 0x02, 0x01, 0x01, 0x01, 0x02, 0x02, 0x01, 0x06, 0x06, 0x06, 0x04,
    0x04, 0x06, 0x04, 0x01, 0x01, 0x02, 0x04, 0x02, 0x04, 0x02, 0x04, 0x02, 0x03, 0x03, 0x03, 0x03, 0x01, 0x09, 0x0B, 0x05, 0x03, 0x02, 0x06, 0x02,
    0x05, 0x02, 0x02, 0x05, 0x09, 0x02, 0x01, 0x01, 0x04, 0x02, 0x03, 0x03, 0x03, 0x05, 0x03, 0x05, 0x05, 0x03, 0x03, 0x0B, 0x09, 0x03, 0x03, 0x02,
    0x03, 0x02, 0x01, 0x02, 0x02, 0x02, 0x01, 0x02, 0x03, 0x02, 0x02, 0x03, 0x01, 0x0B, 0x0B, 0x0D, 0x0C, 0x0B, 0x05, 0x05, 0x05, 0x0B, 0x05, 0x01,
    0x02, 0x03, 0x05, 0x0B, 0x05, 0x09, 0x05, 0x05, 0x05, 0x03, 0x04, 0x01, 0x01, 0x02, 0x01, 0x02, 0x05, 0x09, 0x05, 0x0B, 0x05, 0x05, 0x03, 0x05,
    0x05, 0x03, 0x0B, 0x0B, 0x05, 0x03, 0x02, 0x02, 0x03, 0x03, 0x02, 0x01, 0x01, 0x01, 0x01, 0x01, 0x04, 0x01, 0x01, 0x03, 0x03, 0x02, 0x03, 0x05,
    0x05, 0x05, 0x03, 0x03, 0x09, 0x0B, 0x05, 0x05, 0x03, 0x03, 0x03, 0x03, 0x05, 0x01, 0x01, 0x03, 0x09, 0x05, 0x0B, 0x0B, 0x05, 0x05, 0x0B, 0x03,
    0x02, 0x04, 0x03, 0x09, 0x05, 0x05, 0x03, 0x01, 0x02, 0x01, 0x03, 0x03, 0x03, 0x03, 0x05, 0x01, 0x03, 0x03, 0x02, 0x02, 0x03, 0x02, 0x02, 0x02,
    0x02, 0x02, 0x02, 0x05, 0x05, 0x09, 0x0D, 0x0D, 0x05, 0x05, 0x02, 0x01, 0x02, 0x05, 0x03, 0x03, 0x05, 0x03, 0x02, 0x02, 0x04, 0x01, 0x01, 0x02,
    0x01, 0x01, 0x04, 0x04, 0x01, 0x02, 0x06, 0x06, 0x04, 0x04, 0x06, 0x06, 0x01, 0x03, 0x02, 0x01, 0x02, 0x02, 0x04, 0x04, 0x04, 0x02, 0x02, 0x03,
    0x03, 0x03, 0x03, 0x05, 0x05, 0x02, 0x03, 0x05, 0x05, 0x05, 0x05, 0x02, 0x01, 0x02, 0x03, 0x03, 0x03, 0x02, 0x03, 0x03, 0x02, 0x02, 0x01, 0x01,
    0x04, 0x05, 0x0B, 0x05, 0x01, 0x05, 0x01, 0x05, 0x05, 0x02, 0x03, 0x0B, 0x05, 0x02, 0x03, 0x05, 0x03, 0x01, 0x02, 0x05, 0x03, 0x01, 0x05, 0x05,
    0x01, 0x04, 0x05, 0x0B, 0x05, 0x0B, 0x03, 0x02, 0x09, 0x0B, 0x05, 0x02, 0x03, 0x03, 0x03, 0x05, 0x05, 0x05, 0x05, 0x02, 0x05, 0x0B, 0x0D, 0x11,
    0x0D, 0x04, 0x01, 0x04, 0x01, 0x03, 0x05, 0x05, 0x03, 0x02, 0x03, 0x02, 0x02, 0x02, 0x02, 0x0B, 0x0B, 0x05, 0x05, 0x03, 0x03, 0x03, 0x02, 0x02,
    0x02, 0x02, 0x02, 0x01, 0x02, 0x02, 0x06, 0x04, 0x03, 0x01, 0x03, 0x03, 0x03, 0x02, 0x03, 0x03, 0x03, 0x03, 0x03, 0x03, 0x03, 0x03, 0x03, 0x01,
    0x02, 0x02, 0x02, 0x05, 0x05, 0x03, 0x05, 0x03, 0x05, 0x05, 0x03, 0x02, 0x01, 0x04, 0x01, 0x01, 0x02, 0x02, 0x02, 0x02, 0x05, 0x02, 0x03, 0x05,
    0x02, 0x03, 0x03, 0x01, 0x02, 0x02, 0x02, 0x02, 0x06, 0x06, 0x06, 0x06, 0x06, 0x04, 0x06, 0x02, 0x02, 0x01, 0x03, 0x03, 0x05, 0x05, 0x03, 0x05,
    0x05, 0x03, 0x03, 0x05, 0x05, 0x03, 0x02, 0x02, 0x01, 0x02, 0x02, 0x01, 0x02, 0x01, 0x06, 0x06, 0x06, 0x06, 0x01, 0x01, 0x01, 0x01, 0x01, 0x06,
    0x06, 0x01, 0x01, 0x04, 0x01, 0x01, 0x04, 0x01, 0x01, 0x01, 0x0B, 0x0C, 0x01, 0x02, 0x02, 0x03, 0x03, 0x03, 0x03, 0x04, 0x02, 0x09, 0x0B, 0x0B,
    0x03, 0x05, 0x05, 0x02, 0x03, 0x03, 0x03, 0x03, 0x01, 0x02, 0x02, 0x01, 0x04, 0x02, 0x05, 0x0E, 0x0B, 0x05, 0x02, 0x02, 0x05, 0x03, 0x03, 0x05,
    0x05, 0x03, 0x03, 0x05, 0x05, 0x05, 0x03, 0x02, 0x05, 0x05, 0x0D, 0x0B, 0x03, 0x06, 0x01, 0x01, 0x03, 0x02, 0x02, 0x02, 0x05, 0x05, 0x05, 0x03,
    0x03, 0x03, 0x03, 0x03, 0x03, 0x05, 0x05, 0x05, 0x0B, 0x03, 0x05, 0x05, 0x09, 0x03, 0x09, 0x0B, 0x03, 0x06, 0x06, 0x06, 0x06, 0x04, 0x02, 0x02,
    0x03, 0x02, 0x03, 0x03, 0x02, 0x03, 0x05, 0x0B, 0x0B, 0x05, 0x03, 0x03, 0x09, 0x0B, 0x05, 0x05, 0x03, 0x02, 0x03, 0x05, 0x01, 0x01, 0x01, 0x02,
    0x02, 0x05, 0x03, 0x01, 0x02, 0x02, 0x05, 0x0B, 0x0B, 0x02, 0x05, 0x0B, 0x0B, 0x0C, 0x02, 0x02, 0x03, 0x05, 0x02, 0x01, 0x02, 0x03, 0x03, 0x03,
    0x03, 0x01, 0x06, 0x06, 0x04, 0x02, 0x02, 0x02, 0x02, 0x05, 0x02, 0x02, 0x03, 0x02, 0x01, 0x04, 0x01, 0x03, 0x03, 0x03, 0x04, 0x06, 0x06, 0x06,
    0x06, 0x06, 0x06, 0x06, 0x06, 0x03, 0x04, 0x03, 0x03, 0x03, 0x05, 0x05, 0x03, 0x03, 0x03, 0x02, 0x02, 0x02, 0x02, 0x02, 0x02, 0x01, 0x06, 0x06,
    0x02, 0x01, 0x04, 0x01, 0x02, 0x04, 0x01, 0x03, 0x02, 0x05, 0x05, 0x06, 0x06, 0x06, 0x06, 0x06, 0x02, 0x06, 0x04, 0x01, 0x01, 0x01, 0x02, 0x02,
    0x02, 0x03, 0x02, 0x02, 0x02, 0x03, 0x05, 0x09, 0x05, 0x0B, 0x02, 0x02, 0x02, 0x03, 0x05, 0x02, 0x04, 0x01, 0x01, 0x04, 0x02, 0x03, 0x02, 0x02,
    0x03, 0x05, 0x03, 0x05, 0x05, 0x03, 0x01, 0x02, 0x02, 0x02, 0x02, 0x03, 0x05, 0x02, 0x02, 0x05, 0x02, 0x02, 0x05, 0x05, 0x0C, 0x0D, 0x03, 0x05,
    0x0C, 0x05, 0x06, 0x01, 0x04, 0x03, 0x03, 0x03, 0x02, 0x02, 0x03, 0x03, 0x03, 0x02, 0x03, 0x03, 0x03, 0x01, 0x03, 0x01, 0x03, 0x03, 0x0B, 0x0B,
    0x09, 0x02, 0x0B, 0x0E, 0x0E, 0x05, 0x05, 0x0C, 0x05, 0x02, 0x01, 0x01, 0x03, 0x03, 0x02, 0x02, 0x03, 0x03, 0x03, 0x03, 0x03, 0x03, 0x02, 0x02,
    0x02, 0x03, 0x09, 0x0B, 0x03, 0x03, 0x05, 0x03, 0x05, 0x05, 0x03, 0x03, 0x05, 0x03, 0x05, 0x03, 0x03, 0x0B, 0x05, 0x03, 0x02, 0x02, 0x05, 0x05,
    0x05, 0x05, 0x0B, 0x0B, 0x05, 0x0C, 0x05, 0x03, 0x03, 0x02, 0x02, 0x03, 0x03, 0x01, 0x04, 0x04, 0x03, 0x02, 0x04, 0x04, 0x06, 0x04, 0x01, 0x02,
    0x02, 0x02, 0x01, 0x02, 0x02, 0x01, 0x02, 0x02, 0x02, 0x03, 0x03, 0x03, 0x06, 0x06, 0x06, 0x02, 0x05, 0x05, 0x01, 0x06, 0x02, 0x05, 0x04, 0x03,
    0x03, 0x01, 0x02, 0x02, 0x01, 0x06, 0x06, 0x01, 0x02, 0x02, 0x02, 0x01, 0x04, 0x02, 0x02, 0x03, 0x02, 0x05, 0x05, 0x05, 0x05, 0x05, 0x0C, 0x0D,
    0x09, 0x02, 0x01, 0x06, 0x06, 0x06, 0x04, 0x01, 0x02, 0x01, 0x04, 0x03, 0x03, 0x03, 0x01, 0x04, 0x01, 0x01, 0x03, 0x05, 0x05, 0x09, 0x03, 0x03,
    0x02, 0x01, 0x05, 0x09, 0x05, 0x01, 0x04, 0x06, 0x06, 0x06, 0x04, 0x01, 0x03, 0x02, 0x02, 0x02, 0x09, 0x05, 0x0B, 0x02, 0x01, 0x04, 0x01, 0x06,
    0x06, 0x01, 0x01, 0x04, 0x01, 0x02, 0x05, 0x05, 0x05, 0x05, 0x01, 0x09, 0x05, 0x03, 0x02, 0x02, 0x05, 0x05, 0x05, 0x03, 0x01, 0x04, 0x04, 0x03,
    0x03, 0x03, 0x02, 0x02, 0x03, 0x0B, 0x02, 0x03, 0x03, 0x0B, 0x0B, 0x0B, 0x05, 0x0B, 0x05, 0x03, 0x03, 0x05, 0x09, 0x05, 0x09, 0x05, 0x02, 0x02,
    0x02, 0x04, 0x02, 0x02, 0x03, 0x01, 0x03, 0x05, 0x03, 0x02, 0x03, 0x02, 0x02, 0x03, 0x05, 0x02, 0x03, 0x03, 0x05, 0x02, 0x09, 0x09, 0x0B, 0x09,
    0x05, 0x05, 0x05, 0x03, 0x02, 0x01, 0x02, 0x03, 0x02, 0x03, 0x03, 0x02, 0x02, 0x03, 0x03, 0x03, 0x03, 0x03, 0x02, 0x05, 0x03, 0x05, 0x03, 0x02,
    0x02, 0x02, 0x01, 0x02, 0x03, 0x02, 0x01, 0x01, 0x02, 0x01, 0x04, 0x02, 0x01, 0x03, 0x01, 0x02, 0x01, 0x01, 0x01, 0x02, 0x02, 0x01, 0x01, 0x03,
    0x01, 0x01, 0x02, 0x02, 0x05, 0x03, 0x05, 0x05, 0x02, 0x02, 0x09, 0x05, 0x05, 0x09, 0x09, 0x03, 0x05, 0x03, 0x0B, 0x09, 0x01, 0x02, 0x01, 0x03,
    0x01, 0x03, 0x03, 0x03, 0x02, 0x02, 0x03, 0x02, 0x02, 0x02, 0x03, 0x0B, 0x0C, 0x0C, 0x0C, 0x0E, 0x05, 0x02, 0x06, 0x06, 0x01, 0x01, 0x01, 0x01,
    0x01, 0x03, 0x05, 0x05, 0x02, 0x02, 0x04, 0x01, 0x01, 0x04, 0x01, 0x02, 0x0B, 0x05, 0x0B, 0x0B, 0x03, 0x02, 0x06, 0x06, 0x06, 0x06, 0x01, 0x02,
    0x02, 0x02, 0x02, 0x02, 0x02, 0x02, 0x03, 0x02, 0x05, 0x0B, 0x05, 0x05, 0x03, 0x05, 0x0B, 0x0A, 0x0B, 0x09, 0x09, 0x05, 0x03, 0x03, 0x01, 0x01,
    0x03, 0x03, 0x0B, 0x09, 0x05, 0x05, 0x0B, 0x0B, 0x05, 0x02, 0x03, 0x01, 0x04, 0x04, 0x06, 0x01, 0x04, 0x01, 0x09, 0x05, 0x03, 0x01, 0x01, 0x02,
    0x0B, 0x0C, 0x09, 0x03, 0x02, 0x01, 0x01, 0x02, 0x02, 0x04, 0x01, 0x06, 0x04, 0x02, 0x02, 0x02, 0x03, 0x05, 0x05, 0x02, 0x03, 0x03, 0x03, 0x01,
    0x04, 0x03, 0x05, 0x09, 0x05, 0x05, 0x03, 0x01, 0x02, 0x02, 0x02, 0x02, 0x05, 0x03, 0x03, 0x01, 0x03, 0x01, 0x06, 0x01, 0x05, 0x03, 0x01, 0x04,
    0x04, 0x01, 0x03, 0x01, 0x03, 0x01, 0x02, 0x03, 0x03, 0x03, 0x02, 0x02, 0x02, 0x02, 0x02, 0x02, 0x03, 0x02, 0x05, 0x02, 0x02, 0x03, 0x01, 0x06,
    0x01, 0x01, 0x01, 0x06, 0x04, 0x04, 0x06, 0x04, 0x02, 0x02, 0x01, 0x01, 0x01, 0x04, 0x04, 0x04, 0x01, 0x04, 0x03, 0x05, 0x02, 0x02, 0x03, 0x03,
    0x03, 0x03, 0x03, 0x02, 0x01, 0x01, 0x02, 0x02, 0x01, 0x02, 0x05, 0x0B, 0x05, 0x02, 0x02, 0x0B, 0x03, 0x06, 0x04, 0x01, 0x04, 0x02, 0x02, 0x02,
    0x05, 0x0B, 0x05, 0x03, 0x02, 0x02, 0x02, 0x06, 0x06, 0x02, 0x02, 0x05, 0x01, 0x02, 0x02, 0x02, 0x02, 0x03, 0x03, 0x06, 0x06, 0x06, 0x04, 0x03,
    0x02, 0x01, 0x05, 0x05, 0x0D, 0x0B, 0x01, 0x01, 0x02, 0x04, 0x06, 0x01, 0x04, 0x01, 0x02, 0x03, 0x04, 0x02, 0x01, 0x03, 0x03, 0x03, 0x03, 0x05,
    0x05, 0x05, 0x03, 0x0B, 0x02, 0x05, 0x09, 0x05, 0x01, 0x02, 0x02, 0x03, 0x05, 0x02, 0x02, 0x01, 0x02, 0x05, 0x02, 0x02, 0x03, 0x05, 0x05, 0x05,
    0x05, 0x01, 0x06, 0x06, 0x01, 0x04, 0x04, 0x02, 0x03, 0x03, 0x03, 0x03, 0x03, 0x03, 0x02, 0x02, 0x05, 0x0B, 0x09, 0x06, 0x06, 0x06, 0x01, 0x01,
    0x02, 0x02, 0x02, 0x02, 0x02, 0x01, 0x03, 0x02, 0x02, 0x01, 0x01, 0x02, 0x01, 0x02, 0x02, 0x02, 0x02, 0x01, 0x02, 0x01, 0x06, 0x01, 0x01, 0x04,
    0x01, 0x01, 0x01, 0x03, 0x05, 0x0B, 0x05, 0x0B, 0x05, 0x05, 0x02, 0x04, 0x05, 0x02, 0x05, 0x05, 0x0B, 0x0B, 0x03, 0x03, 0x03, 0x03, 0x09, 0x05,
    0x01, 0x04, 0x01, 0x02, 0x03, 0x02, 0x03, 0x05, 0x02, 0x01, 0x02, 0x02, 0x06, 0x01, 0x04, 0x01, 0x01, 0x02, 0x02, 0x02, 0x02, 0x03, 0x01, 0x06,
    0x04, 0x06, 0x06, 0x06, 0x06, 0x06, 0x01, 0x02, 0x03, 0x02, 0x03, 0x03, 0x03, 0x02, 0x03, 0x03, 0x04, 0x06, 0x04, 0x01, 0x02, 0x03, 0x0B, 0x05,
    0x05, 0x03, 0x02, 0x02, 0x02, 0x05, 0x03, 0x05, 0x09, 0x01, 0x01, 0x02, 0x03, 0x03, 0x05, 0x05, 0x0B, 0x03, 0x02, 0x02, 0x06, 0x06, 0x06, 0x02,
    0x02, 0x02, 0x02, 0x03, 0x03, 0x01, 0x05, 0x05, 0x09, 0x05, 0x01, 0x01, 0x01, 0x06, 0x01, 0x02, 0x03, 0x0B, 0x0B, 0x05, 0x02, 0x02, 0x03, 0x02,
    0x03, 0x06, 0x06, 0x06, 0x01, 0x02, 0x02, 0x01, 0x02, 0x03, 0x02, 0x09, 0x0B, 0x0B, 0x02, 0x06, 0x04, 0x03, 0x05, 0x05, 0x05, 0x03, 0x02, 0x03,
    0x01, 0x05, 0x0B, 0x0B, 0x0B, 0x09, 0x03, 0x02, 0x03, 0x02, 0x02, 0x03, 0x05, 0x05, 0x0C, 0x03, 0x01, 0x01, 0x02, 0x02, 0x02, 0x03, 0x03, 0x03,
    0x02, 0x02, 0x03, 0x02, 0x02, 0x03, 0x0C, 0x05, 0x0B, 0x04, 0x06, 0x01, 0x03, 0x05, 0x03, 0x02, 0x02, 0x02, 0x01, 0x01, 0x01, 0x01, 0x01, 0x01,
    0x02, 0x02, 0x04, 0x04, 0x01, 0x04, 0x01, 0x05, 0x01, 0x04, 0x01, 0x06, 0x01, 0x04, 0x02, 0x05, 0x09, 0x0B, 0x0B, 0x02, 0x03, 0x05, 0x03, 0x05,
    0x05, 0x09, 0x03, 0x03, 0x05, 0x05, 0x03, 0x03, 0x02, 0x02, 0x02, 0x03, 0x03, 0x01, 0x01, 0x02, 0x02, 0x02, 0x05, 0x0C, 0x0B, 0x09, 0x03, 0x06,
    0x01, 0x02, 0x03, 0x05, 0x03, 0x02, 0x02, 0x02, 0x01, 0x01, 0x01, 0x02, 0x01, 0x01, 0x06, 0x06, 0x06, 0x01, 0x01, 0x02, 0x02, 0x03, 0x01, 0x02,
    0x02, 0x03, 0x03, 0x03, 0x03, 0x03, 0x03, 0x06, 0x01, 0x02, 0x01, 0x02, 0x05, 0x02, 0x06, 0x06, 0x02, 0x02, 0x03, 0x05, 0x05, 0x0B, 0x05, 0x05,
    0x09, 0x03, 0x03, 0x0B, 0x05, 0x03, 0x05, 0x05, 0x02, 0x06, 0x02, 0x03, 0x03, 0x03, 0x02, 0x03, 0x03, 0x03, 0x02, 0x05, 0x02, 0x02, 0x05, 0x03,
    0x03, 0x01, 0x06, 0x04, 0x02, 0x01, 0x02, 0x02, 0x04, 0x04, 0x05, 0x05, 0x03, 0x03, 0x05, 0x01, 0x06, 0x01, 0x02, 0x02, 0x02, 0x02, 0x03, 0x02,
    0x02, 0x0B, 0x0D, 0x01, 0x06, 0x04, 0x01, 0x03, 0x02, 0x02, 0x02, 0x06, 0x02, 0x04, 0x01, 0x03, 0x05, 0x05, 0x05, 0x01, 0x06, 0x06, 0x01, 0x04,
    0x02, 0x01, 0x03, 0x03, 0x04, 0x04, 0x04, 0x02, 0x02, 0x01, 0x04, 0x02, 0x03, 0x02, 0x02, 0x02, 0x01, 0x01, 0x05, 0x05, 0x02, 0x03, 0x0B, 0x03,
    0x01, 0x03, 0x02, 0x02, 0x02, 0x02, 0x02, 0x02, 0x02, 0x01, 0x01, 0x02, 0x01, 0x01, 0x02, 0x05, 0x01, 0x01, 0x03, 0x03, 0x0C, 0x0C, 0x0D, 0x0F,
    0x05, 0x03, 0x03, 0x03, 0x02, 0x02, 0x01, 0x01, 0x02, 0x02, 0x05, 0x0B, 0x05, 0x0B, 0x02, 0x03, 0x05, 0x02, 0x03, 0x02, 0x02, 0x02, 0x02, 0x03,
    0x03, 0x03, 0x03, 0x03, 0x03, 0x03, 0x03, 0x03, 0x03, 0x02, 0x02, 0x01, 0x01, 0x01, 0x01, 0x03, 0x05, 0x01, 0x02, 0x01, 0x04, 0x04, 0x06, 0x04,
    0x01, 0x02, 0x04, 0x01, 0x0C, 0x02, 0x06, 0x06, 0x01, 0x02, 0x02, 0x03, 0x03, 0x03, 0x03, 0x02, 0x02, 0x02, 0x05, 0x05, 0x02, 0x03, 0x02, 0x04,
    0x01, 0x05, 0x03, 0x01, 0x02, 0x03, 0x03, 0x03, 0x03, 0x03, 0x03, 0x03, 0x01, 0x06, 0x01, 0x02, 0x02, 0x06, 0x03, 0x09, 0x09, 0x0C, 0x0B, 0x05,
    0x01, 0x01, 0x01, 0x01, 0x01, 0x01, 0x02, 0x01, 0x02, 0x06, 0x05, 0x01, 0x05, 0x05, 0x01, 0x06, 0x04, 0x01, 0x01, 0x02, 0x01, 0x01, 0x01, 0x01,
    0x04, 0x05, 0x0B, 0x05, 0x05, 0x03, 0x02, 0x02, 0x02, 0x03, 0x02, 0x05, 0x03, 0x05, 0x0D, 0x03, 0x05, 0x03, 0x03, 0x05, 0x02, 0x04, 0x06, 0x05,
    0x01, 0x04, 0x06, 0x04, 0x02, 0x03, 0x05, 0x05, 0x09, 0x03, 0x02, 0x04, 0x06, 0x06, 0x03, 0x02, 0x06, 0x06, 0x01, 0x06, 0x01, 0x04, 0x02, 0x02,
    0x02, 0x02, 0x03, 0x02, 0x01, 0x01, 0x01, 0x02, 0x02, 0x02, 0x05, 0x05, 0x01, 0x03, 0x03, 0x03, 0x03, 0x03, 0x02, 0x03, 0x01, 0x04, 0x04, 0x06,
    0x06, 0x01, 0x01, 0x04, 0x03, 0x03, 0x04, 0x05, 0x03, 0x0B, 0x0B, 0x0B, 0x0B, 0x05, 0x04, 0x04, 0x02, 0x01, 0x02, 0x03, 0x01, 0x02, 0x03, 0x05,
    0x0B, 0x05, 0x03, 0x04, 0x06, 0x03, 0x03, 0x03, 0x01, 0x02, 0x02, 0x02, 0x03, 0x05, 0x0C, 0x0B, 0x0B, 0x05, 0x05, 0x02, 0x02, 0x01, 0x03, 0x02,
    0x03, 0x0B, 0x0B, 0x0B, 0x09, 0x03, 0x01, 0x01, 0x01, 0x04, 0x04, 0x01, 0x01, 0x01, 0x04, 0x04, 0x03, 0x03, 0x02, 0x06, 0x01, 0x05, 0x03, 0x03,
    0x03, 0x03, 0x03, 0x02, 0x02, 0x03, 0x02, 0x02, 0x02, 0x04, 0x01, 0x02, 0x01, 0x05, 0x02, 0x01, 0x06, 0x02, 0x02, 0x05, 0x05, 0x03, 0x03, 0x02,
    0x03, 0x05, 0x02, 0x04, 0x02, 0x02, 0x04, 0x02, 0x05, 0x03, 0x0C, 0x0C, 0x04, 0x06, 0x04, 0x01, 0x01, 0x01, 0x01, 0x03, 0x01, 0x02, 0x02, 0x02,
    0x02, 0x02, 0x05, 0x02, 0x01, 0x03, 0x02, 0x03, 0x03, 0x06, 0x01, 0x01, 0x04, 0x02, 0x02, 0x09, 0x05, 0x05, 0x03, 0x03, 0x03, 0x03, 0x03, 0x05,
    0x09, 0x01, 0x04, 0x01, 0x01, 0x01, 0x02, 0x02, 0x03, 0x09, 0x03, 0x01, 0x01, 0x02, 0x03, 0x03, 0x01, 0x02, 0x09, 0x0B, 0x0B, 0x0B, 0x09, 0x05,
    0x03, 0x05, 0x03, 0x02, 0x02, 0x02, 0x01, 0x06, 0x06, 0x06, 0x06, 0x04, 0x04, 0x01, 0x01, 0x01, 0x04, 0x01, 0x01, 0x01, 0x02, 0x02, 0x02, 0x05,
    0x05, 0x05, 0x05, 0x03, 0x02, 0x02, 0x02, 0x05, 0x01, 0x04, 0x06, 0x04, 0x04, 0x04, 0x03, 0x05, 0x0B, 0x0B, 0x0D, 0x0B, 0x02, 0x01, 0x05, 0x02,
    0x02, 0x09, 0x05, 0x05, 0x03, 0x01, 0x06, 0x06, 0x04, 0x01, 0x06, 0x06, 0x01, 0x06, 0x01, 0x01, 0x0B, 0x09, 0x05, 0x05, 0x09, 0x02, 0x01, 0x01,
    0x01, 0x01, 0x02, 0x01, 0x02, 0x01, 0x02, 0x02, 0x03, 0x03, 0x03, 0x0B, 0x0D, 0x0B, 0x0B, 0x05, 0x05, 0x05, 0x05, 0x02, 0x01, 0x01, 0x01, 0x03,
    0x02, 0x02, 0x02, 0x03, 0x05, 0x03, 0x05, 0x05, 0x01, 0x01, 0x02, 0x03, 0x03, 0x02, 0x02, 0x03, 0x05, 0x03, 0x02, 0x02, 0x01, 0x01, 0x02, 0x02,
    0x06, 0x06, 0x04, 0x06, 0x06, 0x06, 0x06, 0x04, 0x01, 0x04, 0x04, 0x03, 0x05, 0x05, 0x09, 0x03, 0x06, 0x02, 0x03, 0x06, 0x04, 0x06, 0x02, 0x05,
    0x02, 0x02, 0x01, 0x04, 0x02, 0x01, 0x02, 0x05, 0x02, 0x03, 0x02, 0x02, 0x02, 0x03, 0x03, 0x09, 0x05, 0x02, 0x04, 0x06, 0x06, 0x06, 0x06, 0x06,
    0x06, 0x06, 0x06, 0x01, 0x02, 0x03, 0x05, 0x02, 0x02, 0x05, 0x05, 0x05, 0x05, 0x05, 0x05, 0x02, 0x02, 0x01, 0x02, 0x02, 0x09, 0x05, 0x03, 0x05,
    0x02, 0x02, 0x05, 0x03, 0x02, 0x02, 0x05, 0x05, 0x0B, 0x05, 0x04, 0x01, 0x03, 0x05, 0x05, 0x0B, 0x0C, 0x03, 0x05, 0x04, 0x06, 0x06, 0x06, 0x06,
    0x06, 0x06, 0x04, 0x04, 0x06, 0x04, 0x01, 0x04, 0x04, 0x01, 0x03, 0x02, 0x03, 0x02, 0x02, 0x02, 0x02, 0x02, 0x02, 0x02, 0x04, 0x01, 0x01, 0x02,
    0x05, 0x05, 0x01, 0x01, 0x03, 0x03, 0x03, 0x03, 0x03, 0x03, 0x02, 0x02, 0x03, 0x03, 0x03, 0x03, 0x05, 0x05, 0x05, 0x05, 0x05, 0x02, 0x01, 0x01,
    0x09, 0x05, 0x05, 0x05, 0x03, 0x03, 0x03, 0x05, 0x03, 0x03, 0x02, 0x02, 0x01, 0x01, 0x02, 0x02, 0x03, 0x02, 0x03, 0x03, 0x02, 0x03, 0x03, 0x05,
    0x05, 0x05, 0x05, 0x03, 0x05, 0x05, 0x05, 0x05, 0x05, 0x03, 0x02, 0x02, 0x02, 0x01, 0x09, 0x0B, 0x0B, 0x0B, 0x0B, 0x09, 0x02, 0x03, 0x03, 0x01,
    0x01, 0x02, 0x02, 0x02, 0x05, 0x09, 0x05, 0x01, 0x06, 0x03, 0x01, 0x01, 0x03, 0x06, 0x06, 0x05, 0x01, 0x01, 0x06, 0x06, 0x02, 0x05, 0x05, 0x09,
    0x0B, 0x0B, 0x0B, 0x03, 0x02, 0x02, 0x03, 0x02, 0x05, 0x05, 0x06, 0x06, 0x04, 0x01, 0x01, 0x01, 0x06, 0x01, 0x04, 0x01, 0x02, 0x01, 0x02, 0x02,
    0x02, 0x02, 0x03, 0x01, 0x01, 0x02, 0x01, 0x01, 0x01, 0x01, 0x06, 0x06, 0x06, 0x06, 0x06, 0x06, 0x06, 0x04, 0x03, 0x03, 0x03, 0x03, 0x05, 0x05,
    0x02, 0x05, 0x03, 0x0B, 0x0B, 0x01, 0x01, 0x05, 0x03, 0x02, 0x01, 0x02, 0x05, 0x0B, 0x09, 0x02, 0x01, 0x01, 0x04, 0x01, 0x02, 0x03, 0x05, 0x09,
    0x03, 0x03, 0x02, 0x03, 0x05, 0x05, 0x05, 0x01, 0x02, 0x06, 0x06, 0x06, 0x01, 0x01, 0x04, 0x06, 0x06, 0x06, 0x06, 0x06, 0x04, 0x02, 0x02, 0x03,
    0x02, 0x02, 0x04, 0x04, 0x01, 0x01, 0x06, 0x01, 0x01, 0x02, 0x01, 0x06, 0x06, 0x02, 0x02, 0x02, 0x03, 0x03, 0x03, 0x02, 0x03, 0x0D, 0x05, 0x02,
    0x03, 0x03, 0x02, 0x01, 0x02, 0x03, 0x03, 0x03, 0x02, 0x02, 0x05, 0x0B, 0x03, 0x05, 0x03, 0x03, 0x02, 0x05, 0x03, 0x03, 0x05, 0x03, 0x02, 0x01,
    0x02, 0x01, 0x02, 0x02, 0x02, 0x03, 0x02, 0x03, 0x03, 0x03, 0x03, 0x05, 0x05, 0x0B, 0x09, 0x03, 0x03, 0x02, 0x03, 0x05, 0x05, 0x05, 0x03, 0x03,
    0x03, 0x03, 0x05, 0x0B, 0x09, 0x0B, 0x09, 0x0D, 0x05, 0x05, 0x03, 0x01, 0x01, 0x01, 0x02, 0x03, 0x02, 0x02, 0x02, 0x03, 0x05, 0x03, 0x02, 0x02,
    0x02, 0x0D, 0x0E, 0x0B, 0x05, 0x03, 0x01, 0x02, 0x01, 0x03, 0x03, 0x03, 0x03, 0x05, 0x0B, 0x09, 0x05, 0x01, 0x03, 0x09, 0x0D, 0x0D, 0x0B, 0x02,
    0x04, 0x04, 0x02, 0x02, 0x01, 0x06, 0x06, 0x02, 0x02, 0x03, 0x02, 0x03, 0x0B, 0x0B, 0x0B, 0x0B, 0x09, 0x03, 0x01, 0x01, 0x03, 0x01, 0x04, 0x06,
    0x02, 0x05, 0x01, 0x02, 0x01, 0x03, 0x05, 0x05, 0x02, 0x03, 0x09, 0x0B, 0x05, 0x0B, 0x0B, 0x0B, 0x05, 0x0B, 0x05, 0x03, 0x02, 0x01, 0x03, 0x02,
    0x01, 0x02, 0x02, 0x02, 0x06, 0x01, 0x03, 0x01, 0x01, 0x02, 0x05, 0x05, 0x05, 0x03, 0x02, 0x03, 0x05, 0x05, 0x05, 0x0C, 0x03, 0x01, 0x06, 0x06,
    0x04, 0x01, 0x04, 0x06, 0x06, 0x06, 0x06, 0x06, 0x04, 0x01, 0x02, 0x02, 0x02, 0x02, 0x04, 0x02, 0x02, 0x02, 0x03, 0x01, 0x06, 0x06, 0x01, 0x01,
    0x06, 0x06, 0x06, 0x06, 0x06, 0x01, 0x02, 0x02, 0x02, 0x03, 0x05, 0x01, 0x02, 0x04, 0x01, 0x01, 0x02, 0x03, 0x03, 0x03, 0x02, 0x01, 0x01, 0x02,
    0x05, 0x0C, 0x05, 0x03, 0x03, 0x02, 0x03, 0x03, 0x05, 0x02, 0x02, 0x01, 0x04, 0x01, 0x02, 0x02, 0x03, 0x03, 0x03, 0x02, 0x03, 0x03, 0x03, 0x0B,
    0x0D, 0x0B, 0x05, 0x02, 0x02, 0x02, 0x03, 0x03, 0x02, 0x01, 0x02, 0x02, 0x05, 0x0B, 0x0C, 0x05, 0x05, 0x0B, 0x09, 0x05, 0x05, 0x05, 0x02, 0x02,
    0x01, 0x01, 0x01, 0x01, 0x01, 0x02, 0x02, 0x03, 0x0C, 0x03, 0x01, 0x02, 0x02, 0x05, 0x05, 0x0B, 0x0B, 0x0A, 0x0F, 0x0B, 0x05, 0x03, 0x02, 0x02,
    0x02, 0x01, 0x04, 0x05, 0x0B, 0x05, 0x02, 0x03, 0x05, 0x0F, 0x0C, 0x0C, 0x04, 0x01, 0x01, 0x02, 0x05, 0x03, 0x03, 0x04, 0x06, 0x01, 0x03, 0x05,
    0x05, 0x03, 0x02, 0x02, 0x05, 0x05, 0x01, 0x06, 0x06, 0x01, 0x06, 0x06, 0x06, 0x06, 0x02, 0x03, 0x02, 0x03, 0x03, 0x05, 0x03, 0x03, 0x03, 0x03,
    0x05, 0x05, 0x05, 0x05, 0x03, 0x03, 0x02, 0x01, 0x01, 0x02, 0x02, 0x02, 0x01, 0x01, 0x01, 0x02, 0x05, 0x05, 0x03, 0x02, 0x02, 0x02, 0x03, 0x02,
    0x02, 0x01, 0x01, 0x03, 0x09, 0x0C, 0x0D, 0x0C, 0x0D, 0x03, 0x06, 0x06, 0x06, 0x06, 0x06, 0x01, 0x04, 0x06, 0x06, 0x06, 0x06, 0x01, 0x01, 0x01,
    0x01, 0x01, 0x01, 0x01, 0x02, 0x03, 0x05, 0x02, 0x03, 0x05, 0x03, 0x06, 0x04, 0x03, 0x02, 0x06, 0x04, 0x06, 0x06, 0x04, 0x04, 0x01, 0x01, 0x01,
    0x01, 0x01, 0x03, 0x03, 0x02, 0x03, 0x03, 0x03, 0x02, 0x02, 0x01, 0x02, 0x03, 0x05, 0x05, 0x03, 0x02, 0x02, 0x02, 0x02, 0x01, 0x02, 0x01, 0x01,
    0x01, 0x02, 0x02, 0x02, 0x02, 0x02, 0x01, 0x02, 0x01, 0x01, 0x02, 0x05, 0x05, 0x02, 0x03, 0x01, 0x06, 0x01, 0x01, 0x06, 0x06, 0x06, 0x06, 0x03,
    0x05, 0x03, 0x03, 0x01, 0x02, 0x01, 0x02, 0x02, 0x03, 0x02, 0x05, 0x03, 0x02, 0x02, 0x03, 0x03, 0x03, 0x02, 0x02, 0x02, 0x03, 0x03, 0x05, 0x02,
    0x02, 0x03, 0x02, 0x03, 0x03, 0x05, 0x05, 0x05, 0x03, 0x03, 0x02, 0x02, 0x03, 0x03, 0x01, 0x02, 0x05, 0x05, 0x02, 0x04, 0x05, 0x0B, 0x05, 0x0D,
    0x04, 0x04, 0x01, 0x02, 0x02, 0x03, 0x05, 0x05, 0x02, 0x09, 0x01, 0x02, 0x05, 0x0B, 0x01, 0x04, 0x03, 0x02, 0x09, 0x05, 0x0B, 0x05, 0x05, 0x02,
    0x06, 0x06, 0x06, 0x06, 0x01, 0x02, 0x02, 0x05, 0x03, 0x02, 0x02, 0x03, 0x03, 0x05, 0x09, 0x03, 0x03, 0x02, 0x02, 0x03, 0x01, 0x02, 0x01, 0x02,
    0x02, 0x03, 0x01, 0x03, 0x03, 0x02, 0x01, 0x01, 0x02, 0x01, 0x04, 0x01, 0x01, 0x01, 0x03, 0x02, 0x01, 0x05, 0x0C, 0x0B, 0x0B, 0x0C, 0x03, 0x06,
    0x06, 0x04, 0x02, 0x02, 0x03, 0x05, 0x03, 0x06, 0x06, 0x06, 0x06, 0x01, 0x01, 0x01, 0x02, 0x02, 0x02, 0x02, 0x04, 0x01, 0x0B, 0x0B, 0x05, 0x03,
    0x09, 0x0B, 0x0B, 0x05, 0x02, 0x03, 0x03, 0x09, 0x01, 0x01, 0x06, 0x06, 0x01, 0x02, 0x03, 0x05, 0x03, 0x01, 0x04, 0x02, 0x02, 0x02, 0x02, 0x02,
    0x01, 0x02, 0x05, 0x05, 0x03, 0x01, 0x02, 0x02, 0x03, 0x02, 0x03, 0x02, 0x02, 0x02, 0x02, 0x02, 0x02, 0x02, 0x02, 0x02, 0x01, 0x01, 0x02, 0x02,
    0x01, 0x01, 0x03, 0x03, 0x01, 0x02, 0x01, 0x04, 0x06, 0x06, 0x06, 0x06, 0x04, 0x01, 0x01, 0x04, 0x04, 0x01, 0x04, 0x01, 0x01, 0x01, 0x05, 0x05,
    0x05, 0x03, 0x03, 0x03, 0x03, 0x02, 0x02, 0x02, 0x03, 0x03, 0x02, 0x02, 0x01, 0x01, 0x01, 0x04, 0x01, 0x01, 0x02, 0x01, 0x04, 0x04, 0x04, 0x04,
    0x04, 0x02, 0x02, 0x01, 0x05, 0x05, 0x05, 0x02, 0x01, 0x01, 0x01, 0x03, 0x06, 0x01, 0x04, 0x01, 0x04, 0x01, 0x02, 0x03, 0x05, 0x0B, 0x05, 0x03,
    0x03, 0x05, 0x05, 0x09, 0x05, 0x03, 0x03, 0x05, 0x05, 0x0B, 0x0B, 0x09, 0x01, 0x01, 0x02, 0x06, 0x04, 0x02, 0x03, 0x01, 0x02, 0x03, 0x03, 0x02,
    0x03, 0x02, 0x02, 0x02, 0x02, 0x02, 0x02, 0x01, 0x02, 0x01, 0x04, 0x01, 0x05, 0x02, 0x02, 0x03, 0x0B, 0x03, 0x04, 0x06, 0x06, 0x06, 0x06, 0x04,
    0x04, 0x02, 0x03, 0x03, 0x01, 0x02, 0x02, 0x05, 0x05, 0x05, 0x02, 0x02, 0x06, 0x04, 0x04, 0x02, 0x03, 0x09, 0x0B, 0x05, 0x05, 0x01, 0x04, 0x06,
    0x06, 0x04, 0x06, 0x04, 0x02, 0x01, 0x02, 0x02, 0x02, 0x02, 0x03, 0x05, 0x09, 0x05, 0x09, 0x03, 0x03, 0x01, 0x02, 0x02, 0x02, 0x04, 0x06, 0x01,
    0x01, 0x03, 0x05, 0x03, 0x05, 0x05, 0x05, 0x03, 0x03, 0x03, 0x03, 0x02, 0x02, 0x02, 0x02, 0x02, 0x02, 0x02, 0x03, 0x02, 0x03, 0x02, 0x02, 0x01,
    0x02, 0x02, 0x02, 0x02, 0x02, 0x02, 0x01, 0x02, 0x02, 0x04, 0x01, 0x01, 0x04, 0x01, 0x03, 0x01, 0x01, 0x01, 0x03, 0x03, 0x02, 0x04, 0x06, 0x06,
    0x06, 0x06, 0x06, 0x04, 0x06, 0x06, 0x04, 0x04, 0x04, 0x04, 0x01, 0x03, 0x03, 0x02, 0x01, 0x04, 0x01, 0x01, 0x02, 0x01, 0x04, 0x01, 0x04, 0x06,
    0x06, 0x06, 0x06, 0x06, 0x06, 0x06, 0x06, 0x06, 0x01, 0x02, 0x01, 0x01, 0x04, 0x01, 0x03, 0x05, 0x03, 0x05, 0x0B, 0x01, 0x06, 0x02, 0x03, 0x05,
    0x02, 0x02, 0x01, 0x01, 0x04, 0x06, 0x06, 0x02, 0x03, 0x01, 0x04, 0x01, 0x04, 0x01, 0x02, 0x03, 0x05, 0x05, 0x03, 0x02, 0x03, 0x03, 0x03, 0x05,
    0x03, 0x0B, 0x05, 0x01, 0x04, 0x02, 0x01, 0x02, 0x02, 0x03, 0x02, 0x03, 0x02, 0x02, 0x04, 0x06, 0x04, 0x01, 0x01, 0x01, 0x02, 0x02, 0x06, 0x04,
    0x02, 0x03, 0x02, 0x01, 0x01, 0x01, 0x01, 0x06, 0x06, 0x06, 0x06, 0x06, 0x04, 0x03, 0x09, 0x05, 0x05, 0x03, 0x0B, 0x0C, 0x0B, 0x03, 0x05, 0x05,
    0x02, 0x02, 0x03, 0x03, 0x03, 0x03, 0x05, 0x09, 0x0D, 0x0D, 0x01, 0x01, 0x06, 0x04, 0x02, 0x01, 0x01, 0x01, 0x03, 0x02, 0x02, 0x04, 0x06, 0x04,
    0x02, 0x03, 0x03, 0x03, 0x02, 0x01, 0x03, 0x02, 0x01, 0x05, 0x05, 0x03, 0x02, 0x03, 0x03, 0x02, 0x03, 0x05, 0x05, 0x05, 0x05, 0x03, 0x03, 0x03,
    0x02, 0x03, 0x02, 0x02, 0x03, 0x03, 0x02, 0x02, 0x02, 0x02, 0x02, 0x02, 0x02, 0x01, 0x02, 0x01, 0x02, 0x01, 0x01, 0x01, 0x02, 0x06, 0x04, 0x01,
    0x01, 0x04, 0x01, 0x05, 0x03, 0x03, 0x01, 0x02, 0x02, 0x02, 0x04, 0x06, 0x06, 0x06, 0x06, 0x06, 0x06, 0x04, 0x06, 0x04, 0x06, 0x06, 0x06, 0x04,
    0x04, 0x04, 0x06, 0x06, 0x01, 0x01, 0x01, 0x01, 0x01, 0x04, 0x04, 0x01, 0x03, 0x02, 0x04, 0x06, 0x05, 0x02, 0x02, 0x02, 0x03, 0x02, 0x03, 0x05,
    0x03, 0x03, 0x05, 0x05, 0x02, 0x03, 0x0B, 0x03, 0x06, 0x05, 0x05, 0x03, 0x02, 0x03, 0x03, 0x03, 0x01, 0x02, 0x01, 0x06, 0x03, 0x04, 0x01, 0x04,
    0x02, 0x01, 0x03, 0x05, 0x03, 0x03, 0x03, 0x03, 0x03, 0x02, 0x05, 0x05, 0x05, 0x09, 0x05, 0x0B, 0x0B, 0x03, 0x05, 0x02, 0x05, 0x05, 0x03, 0x02,
    0x02, 0x05, 0x03, 0x01, 0x01, 0x01, 0x04, 0x06, 0x03, 0x05, 0x05, 0x05, 0x01, 0x04, 0x01, 0x02, 0x04, 0x01, 0x03, 0x03, 0x01, 0x02, 0x06, 0x06,
    0x04, 0x01, 0x03, 0x0B, 0x0D, 0x03, 0x03, 0x02, 0x04, 0x02, 0x0B, 0x09, 0x02, 0x09, 0x0B, 0x0B, 0x05, 0x05, 0x03, 0x02, 0x02, 0x05, 0x05, 0x0B,
    0x0B, 0x04, 0x02, 0x01, 0x01, 0x01, 0x05, 0x03, 0x03, 0x05, 0x02, 0x05, 0x02, 0x02, 0x02, 0x02, 0x02, 0x05, 0x02, 0x02, 0x03, 0x05, 0x09, 0x02,
    0x03, 0x01, 0x02, 0x03, 0x05, 0x03, 0x05, 0x03, 0x03, 0x03, 0x03, 0x03, 0x03, 0x02, 0x03, 0x03, 0x02, 0x03, 0x03, 0x03, 0x03, 0x01, 0x01, 0x02,
    0x02, 0x02, 0x02, 0x01, 0x01, 0x01, 0x04, 0x04, 0x04, 0x04, 0x01, 0x04, 0x06, 0x06, 0x06, 0x01, 0x01, 0x01, 0x03, 0x03, 0x03, 0x02, 0x02, 0x06,
    0x06, 0x06, 0x06, 0x06, 0x06, 0x01, 0x01, 0x04, 0x06, 0x04, 0x06, 0x06, 0x06, 0x04, 0x01, 0x01, 0x01, 0x02, 0x03, 0x0B, 0x09, 0x0B, 0x05, 0x05,
    0x03, 0x01, 0x02, 0x06, 0x01, 0x02, 0x02, 0x02, 0x02, 0x02, 0x02, 0x03, 0x02, 0x02, 0x03, 0x01, 0x02, 0x02, 0x03, 0x0B, 0x02, 0x02, 0x02, 0x05,
    0x01, 0x01, 0x02, 0x03, 0x01, 0x02, 0x02, 0x02, 0x05, 0x03, 0x01, 0x06, 0x06, 0x06, 0x04, 0x05, 0x03, 0x05, 0x0B, 0x0B, 0x0B, 0x09, 0x09, 0x03,
    0x02, 0x03, 0x03, 0x03, 0x05, 0x02, 0x02, 0x0B, 0x0C, 0x05, 0x05, 0x03, 0x05, 0x05, 0x03, 0x02, 0x03, 0x02, 0x04, 0x04, 0x04, 0x02, 0x02, 0x03,
    0x01, 0x04, 0x06, 0x06, 0x01, 0x01, 0x01, 0x03, 0x0B, 0x05, 0x03, 0x02, 0x01, 0x02, 0x02, 0x02, 0x02, 0x04, 0x04, 0x02, 0x05, 0x03, 0x05, 0x05,
    0x03, 0x02, 0x03, 0x05, 0x05, 0x03, 0x03, 0x05, 0x03, 0x03, 0x05, 0x03, 0x02, 0x02, 0x03, 0x04, 0x01, 0x04, 0x06, 0x01, 0x03, 0x02, 0x02, 0x01,
    0x04, 0x01, 0x04, 0x04, 0x04, 0x03, 0x01, 0x03, 0x03, 0x02, 0x05, 0x03, 0x02, 0x02, 0x02, 0x03, 0x03, 0x03, 0x02, 0x02, 0x03, 0x02, 0x03, 0x02,
    0x02, 0x03, 0x02, 0x02, 0x03, 0x02, 0x03, 0x02, 0x03, 0x02, 0x02, 0x02, 0x01, 0x02, 0x01, 0x02, 0x01, 0x04, 0x04, 0x02, 0x01, 0x04, 0x01, 0x04,
    0x06, 0x06, 0x06, 0x06, 0x06, 0x06, 0x06, 0x01, 0x01, 0x02, 0x02, 0x02, 0x01, 0x06, 0x06, 0x06, 0x06, 0x06, 0x04, 0x06, 0x02, 0x01, 0x01, 0x04,
    0x01, 0x01, 0x01, 0x02, 0x01, 0x01, 0x04, 0x01, 0x03, 0x05, 0x03, 0x05, 0x03, 0x02, 0x02, 0x03, 0x01, 0x01, 0x02, 0x02, 0x02, 0x02, 0x03, 0x02,
    0x03, 0x03, 0x02, 0x01, 0x02, 0x02, 0x01, 0x05, 0x05, 0x01, 0x03, 0x03, 0x04, 0x01, 0x01, 0x01, 0x03, 0x01, 0x04, 0x02, 0x09, 0x03, 0x01, 0x01,
    0x02, 0x02, 0x01, 0x06, 0x01, 0x04, 0x02, 0x02, 0x05, 0x0B, 0x0B, 0x02, 0x01, 0x05, 0x02, 0x01, 0x02, 0x02, 0x01, 0x03, 0x02, 0x02, 0x03, 0x01,
    0x01, 0x04, 0x01, 0x03, 0x05, 0x09, 0x05, 0x03, 0x04, 0x02, 0x02, 0x01, 0x04, 0x05, 0x03, 0x02, 0x01, 0x02, 0x02, 0x02, 0x01, 0x01, 0x01, 0x02,
    0x02, 0x02, 0x06, 0x06, 0x06, 0x02, 0x09, 0x0C, 0x05, 0x03, 0x03, 0x04, 0x06, 0x06, 0x04, 0x03, 0x05, 0x05, 0x09, 0x05, 0x05, 0x02, 0x02, 0x06,
    0x05, 0x02, 0x01, 0x03, 0x09, 0x05, 0x05, 0x03, 0x02, 0x04, 0x04, 0x06, 0x06, 0x06, 0x04, 0x06, 0x06, 0x05, 0x01, 0x02, 0x02, 0x02, 0x04, 0x01,
    0x04, 0x06, 0x06, 0x01, 0x02, 0x03, 0x03, 0x02, 0x03, 0x02, 0x02, 0x02, 0x03, 0x03, 0x03, 0x03, 0x03, 0x02, 0x03, 0x02, 0x02, 0x02, 0x01, 0x01,
    0x01, 0x04, 0x04, 0x04, 0x06, 0x06, 0x04, 0x01, 0x04, 0x02, 0x02, 0x01, 0x02, 0x03, 0x03, 0x03, 0x04, 0x05, 0x01, 0x05, 0x02, 0x02, 0x03, 0x05,
    0x01, 0x04, 0x06, 0x06, 0x06, 0x06, 0x06, 0x06, 0x01, 0x01, 0x01, 0x04, 0x04, 0x06, 0x04, 0x01, 0x02, 0x05, 0x02, 0x04, 0x02, 0x02, 0x01, 0x06,
    0x03, 0x02, 0x04, 0x03, 0x0B, 0x05, 0x02, 0x02, 0x06, 0x06, 0x06, 0x01, 0x02, 0x03, 0x02, 0x02, 0x02, 0x06, 0x02, 0x09, 0x0B, 0x05, 0x02, 0x05,
    0x02, 0x02, 0x06, 0x04, 0x01, 0x04, 0x02, 0x02, 0x05, 0x03, 0x05, 0x02, 0x02, 0x05, 0x03, 0x02, 0x03, 0x06, 0x01, 0x06, 0x01, 0x01, 0x01, 0x04,
    0x05, 0x03, 0x02, 0x01, 0x06, 0x04, 0x01, 0x04, 0x04, 0x01, 0x01, 0x02, 0x01, 0x01, 0x01, 0x02, 0x02, 0x02, 0x09, 0x05, 0x01, 0x06, 0x06, 0x04,
    0x02, 0x02, 0x03, 0x03, 0x03, 0x02, 0x06, 0x01, 0x01, 0x02, 0x02, 0x01, 0x06, 0x06, 0x02, 0x01, 0x02, 0x02, 0x05, 0x09, 0x05, 0x05, 0x0B, 0x03,
    0x06, 0x01, 0x04, 0x04, 0x01, 0x03, 0x02, 0x03, 0x02, 0x03, 0x03, 0x05, 0x02, 0x06, 0x06, 0x06, 0x01, 0x01, 0x02, 0x02, 0x01, 0x01, 0x06, 0x06,
    0x01, 0x03, 0x04, 0x06, 0x03, 0x01, 0x01, 0x02, 0x02, 0x04, 0x06, 0x04, 0x06, 0x01, 0x02, 0x02, 0x03, 0x01, 0x02, 0x03, 0x02, 0x02, 0x02, 0x02,
    0x02, 0x02, 0x02, 0x02, 0x02, 0x02, 0x02, 0x02, 0x01, 0x02, 0x02, 0x01, 0x04, 0x01, 0x04, 0x04, 0x04, 0x04, 0x01, 0x02, 0x05, 0x03, 0x03, 0x04,
    0x02, 0x02, 0x02, 0x05, 0x05, 0x0D, 0x0A, 0x0F, 0x0D, 0x0B, 0x02, 0x02, 0x01, 0x01, 0x05, 0x0B, 0x0B, 0x05, 0x03, 0x05, 0x01, 0x01, 0x01, 0x06,
    0x06, 0x04, 0x04, 0x01, 0x01, 0x01, 0x03, 0x05, 0x01, 0x01, 0x02, 0x02, 0x02, 0x02, 0x01, 0x05, 0x02, 0x02, 0x04, 0x06, 0x04, 0x09, 0x09, 0x02,
    0x03, 0x04, 0x04, 0x02, 0x05, 0x05, 0x02, 0x0B, 0x05, 0x05, 0x02, 0x03, 0x02, 0x02, 0x01, 0x01, 0x06, 0x01, 0x01, 0x04, 0x06, 0x01, 0x09, 0x05,
    0x06, 0x06, 0x01, 0x02, 0x02, 0x03, 0x03, 0x03, 0x02, 0x01, 0x02, 0x09, 0x05, 0x01, 0x01, 0x06, 0x01, 0x06, 0x04, 0x02, 0x02, 0x01, 0x01, 0x01,
    0x02, 0x03, 0x03, 0x01, 0x02, 0x01, 0x06, 0x06, 0x03, 0x02, 0x05, 0x09, 0x02, 0x03, 0x05, 0x05, 0x03, 0x02, 0x05, 0x02, 0x02, 0x02, 0x02, 0x05,
    0x05, 0x02, 0x02, 0x01, 0x01, 0x03, 0x05, 0x09, 0x05, 0x0B, 0x0C, 0x05, 0x03, 0x01, 0x04, 0x04, 0x04, 0x04, 0x02, 0x02, 0x03, 0x03, 0x02, 0x02,
    0x03, 0x03, 0x06, 0x06, 0x06, 0x04, 0x02, 0x05, 0x03, 0x03, 0x02, 0x03, 0x0B, 0x05, 0x05, 0x09, 0x03, 0x04, 0x02, 0x02, 0x02, 0x01, 0x02, 0x02,
    0x03, 0x03, 0x02, 0x02, 0x02, 0x02, 0x02, 0x03, 0x02, 0x03, 0x02, 0x02, 0x01, 0x02, 0x01, 0x04, 0x02, 0x02, 0x02, 0x02, 0x02, 0x01, 0x01, 0x04,
    0x04, 0x04, 0x04, 0x01, 0x02, 0x02, 0x01, 0x04, 0x05, 0x05, 0x09, 0x05, 0x05, 0x01, 0x02, 0x02, 0x03, 0x09, 0x05, 0x0B, 0x05, 0x02, 0x02, 0x01,
    0x02, 0x02, 0x03, 0x02, 0x01, 0x01, 0x04, 0x06, 0x04, 0x06, 0x01, 0x03, 0x0B, 0x02, 0x06, 0x04, 0x04, 0x04, 0x02, 0x03, 0x04, 0x06, 0x02, 0x05,
    0x03, 0x01, 0x06, 0x04, 0x04, 0x04, 0x01, 0x01, 0x05, 0x05, 0x02, 0x02, 0x03, 0x03, 0x03, 0x02, 0x03, 0x03, 0x03, 0x03, 0x03, 0x02, 0x01, 0x02,
    0x03, 0x02, 0x02, 0x03, 0x05, 0x05, 0x03, 0x03, 0x01, 0x06, 0x06, 0x05, 0x09, 0x05, 0x03, 0x02, 0x03, 0x02, 0x05, 0x0B, 0x0C, 0x05, 0x01, 0x01,
    0x03, 0x05, 0x04, 0x04, 0x01, 0x06, 0x02, 0x03, 0x02, 0x06, 0x04, 0x06, 0x06, 0x04, 0x02, 0x02, 0x06, 0x06, 0x04, 0x02, 0x05, 0x05, 0x02, 0x05,
    0x03, 0x03, 0x05, 0x05, 0x03, 0x02, 0x05, 0x09, 0x03, 0x01, 0x02, 0x03, 0x05, 0x05, 0x05, 0x09, 0x02, 0x02, 0x02, 0x01, 0x05, 0x05, 0x05, 0x05,
    0x03, 0x03, 0x02, 0x02, 0x04, 0x04, 0x02, 0x05, 0x03, 0x02, 0x02, 0x01, 0x02, 0x02, 0x03, 0x04, 0x03, 0x02, 0x01, 0x04, 0x02, 0x02, 0x02, 0x03,
    0x02, 0x01, 0x03, 0x03, 0x0D, 0x02, 0x06, 0x01, 0x02, 0x02, 0x03, 0x03, 0x02, 0x02, 0x05, 0x03, 0x01, 0x02, 0x02, 0x01, 0x02, 0x01, 0x04, 0x04,
    0x01, 0x02, 0x02, 0x02, 0x02, 0x03, 0x01, 0x01, 0x01, 0x01, 0x01, 0x01, 0x01, 0x01, 0x02, 0x02, 0x01, 0x01, 0x02, 0x02, 0x02, 0x03, 0x03, 0x03,
    0x03, 0x04, 0x06, 0x04, 0x01, 0x01, 0x06, 0x04, 0x02, 0x02, 0x01, 0x01, 0x02, 0x02, 0x04, 0x01, 0x04, 0x04, 0x06, 0x06, 0x01, 0x06, 0x04, 0x01,
    0x01, 0x04, 0x06, 0x06, 0x06, 0x06, 0x06, 0x04, 0x05, 0x05, 0x02, 0x02, 0x02, 0x01, 0x03, 0x02, 0x02, 0x01, 0x01, 0x01, 0x02, 0x02, 0x02, 0x02,
    0x01, 0x02, 0x02, 0x02, 0x02, 0x01, 0x01, 0x01, 0x02, 0x02, 0x02, 0x01, 0x02, 0x02, 0x02, 0x03, 0x05, 0x03, 0x05, 0x05, 0x03, 0x04, 0x01, 0x01,
    0x02, 0x02, 0x02, 0x02, 0x01, 0x01, 0x01, 0x02, 0x02, 0x03, 0x01, 0x01, 0x01, 0x06, 0x02, 0x05, 0x01, 0x02, 0x06, 0x01, 0x01, 0x02, 0x06, 0x06,
    0x06, 0x04, 0x02, 0x01, 0x01, 0x05, 0x05, 0x05, 0x05, 0x0C, 0x05, 0x05, 0x05, 0x0C, 0x0B, 0x09, 0x05, 0x05, 0x0C, 0x05, 0x0B, 0x0B, 0x05, 0x03,
    0x05, 0x03, 0x05, 0x05, 0x0B, 0x05, 0x06, 0x04, 0x02, 0x05, 0x01, 0x03, 0x03, 0x03, 0x02, 0x03, 0x03, 0x02, 0x01, 0x02, 0x02, 0x02, 0x05, 0x03,
    0x02, 0x03, 0x05, 0x09, 0x03, 0x02, 0x02, 0x01, 0x03, 0x02, 0x02, 0x01, 0x01, 0x02, 0x03, 0x05, 0x05, 0x04, 0x03, 0x01, 0x02, 0x02, 0x05, 0x02,
    0x02, 0x02, 0x01, 0x04, 0x01, 0x01, 0x01, 0x01, 0x01, 0x01, 0x01, 0x01, 0x01, 0x02, 0x02, 0x02, 0x03, 0x02, 0x02, 0x02, 0x02, 0x01, 0x01, 0x02,
    0x02, 0x01, 0x02, 0x01, 0x02, 0x02, 0x03, 0x02, 0x01, 0x04, 0x04, 0x02, 0x03, 0x06, 0x04, 0x01, 0x06, 0x06, 0x06, 0x06, 0x04, 0x05, 0x05, 0x02,
    0x02, 0x06, 0x04, 0x06, 0x06, 0x06, 0x06, 0x01, 0x01, 0x01, 0x01, 0x06, 0x06, 0x06, 0x06, 0x06, 0x06, 0x06, 0x06, 0x06, 0x04, 0x01, 0x06, 0x06,
    0x01, 0x04, 0x02, 0x01, 0x05, 0x03, 0x01, 0x04, 0x06, 0x06, 0x01, 0x04, 0x01, 0x02, 0x02, 0x01, 0x02, 0x02, 0x03, 0x02, 0x02, 0x03, 0x05, 0x03,
    0x01, 0x01, 0x02, 0x02, 0x02, 0x01, 0x02, 0x02, 0x03, 0x03, 0x01, 0x06, 0x06, 0x06, 0x06, 0x01, 0x01, 0x06, 0x01, 0x04, 0x01, 0x03, 0x03, 0x03,
    0x01, 0x06, 0x02, 0x05, 0x01, 0x03, 0x04, 0x04, 0x01, 0x02, 0x05, 0x03, 0x09, 0x04, 0x06, 0x06, 0x02, 0x09, 0x05, 0x05, 0x02, 0x05, 0x09, 0x03,
    0x02, 0x02, 0x02, 0x01, 0x03, 0x03, 0x02, 0x05, 0x05, 0x09, 0x05, 0x03, 0x02, 0x03, 0x05, 0x03, 0x03, 0x02, 0x03, 0x03, 0x01, 0x06, 0x02, 0x05,
    0x02, 0x02, 0x02, 0x02, 0x02, 0x03, 0x02, 0x04, 0x04, 0x02, 0x02, 0x03, 0x03, 0x02, 0x04, 0x04, 0x01, 0x01, 0x01, 0x01, 0x01, 0x02, 0x02, 0x02,
    0x01, 0x01, 0x01, 0x01, 0x01, 0x06, 0x01, 0x01, 0x04, 0x01, 0x04, 0x04, 0x04, 0x06, 0x04, 0x04, 0x01, 0x01, 0x01, 0x01, 0x01, 0x02, 0x02, 0x02,
    0x02, 0x02, 0x02, 0x02, 0x02, 0x03, 0x02, 0x03, 0x02, 0x02, 0x02, 0x02, 0x01, 0x02, 0x02, 0x02, 0x02, 0x02, 0x02, 0x02, 0x02, 0x03, 0x03, 0x05,
    0x03, 0x03, 0x03, 0x02, 0x04, 0x06, 0x06, 0x04, 0x01, 0x02, 0x03, 0x05, 0x05, 0x02, 0x06, 0x06, 0x06, 0x06, 0x06, 0x06, 0x06, 0x06, 0x06, 0x06,
    0x06, 0x06, 0x06, 0x06, 0x06, 0x06, 0x06, 0x06, 0x06, 0x06, 0x06, 0x06, 0x06, 0x04, 0x02, 0x05, 0x01, 0x01, 0x04, 0x06, 0x04, 0x06, 0x01, 0x01,
    0x04, 0x04, 0x02, 0x02, 0x01, 0x03, 0x02, 0x03, 0x03, 0x02, 0x02, 0x01, 0x06, 0x01, 0x01, 0x01, 0x01, 0x02, 0x01, 0x02, 0x03, 0x05, 0x03, 0x03,
    0x01, 0x02, 0x01, 0x01, 0x02, 0x02, 0x06, 0x01, 0x01, 0x01, 0x04, 0x01, 0x02, 0x04, 0x04, 0x01, 0x04, 0x01, 0x01, 0x04, 0x02, 0x02, 0x02, 0x02,
    0x03, 0x03, 0x03, 0x09, 0x05, 0x05, 0x01, 0x02, 0x03, 0x02, 0x02, 0x05, 0x09, 0x05, 0x03, 0x09, 0x05, 0x03, 0x05, 0x05, 0x03, 0x02, 0x05, 0x03,
    0x02, 0x02, 0x01, 0x03, 0x01, 0x03, 0x03, 0x09, 0x02, 0x03, 0x05, 0x05, 0x02, 0x01, 0x04, 0x04, 0x04, 0x04, 0x01, 0x02, 0x02, 0x01, 0x01, 0x02,
    0x02, 0x01, 0x06, 0x06, 0x04, 0x04, 0x01, 0x02, 0x02, 0x01, 0x03, 0x02, 0x02, 0x02, 0x01, 0x01, 0x01, 0x01, 0x01, 0x04, 0x01, 0x01, 0x01, 0x01,
    0x02, 0x04, 0x01, 0x01, 0x01, 0x01, 0x01, 0x02, 0x01, 0x01, 0x02, 0x02, 0x02, 0x01, 0x02, 0x02, 0x02, 0x02, 0x02, 0x02, 0x02, 0x02, 0x02, 0x02,
    0x02, 0x02, 0x01, 0x02, 0x01, 0x02, 0x02, 0x03, 0x0B, 0x0B, 0x05, 0x02, 0x05, 0x05, 0x05, 0x02, 0x02, 0x01, 0x04, 0x04, 0x06, 0x06, 0x01, 0x02,
    0x03, 0x03, 0x01, 0x06, 0x06, 0x06, 0x06, 0x06, 0x06, 0x06, 0x06, 0x06, 0x06, 0x06, 0x06, 0x06, 0x06, 0x06, 0x06, 0x06, 0x06, 0x06, 0x06, 0x06,
    0x04, 0x01, 0x01, 0x04, 0x04, 0x04, 0x01, 0x03, 0x01, 0x01, 0x04, 0x01, 0x03, 0x05, 0x02, 0x02, 0x01, 0x02, 0x02, 0x02, 0x02, 0x05, 0x02, 0x05,
    0x03, 0x01, 0x04, 0x01, 0x01, 0x02, 0x02, 0x02, 0x05, 0x0B, 0x0B, 0x05, 0x03, 0x05, 0x05, 0x03, 0x01, 0x03, 0x03, 0x02, 0x06, 0x06, 0x04, 0x01,
    0x05, 0x0C, 0x05, 0x06, 0x01, 0x06, 0x04, 0x04, 0x04, 0x04, 0x04, 0x01, 0x02, 0x02, 0x03, 0x02, 0x02, 0x01, 0x02, 0x02, 0x02, 0x04, 0x01, 0x02,
    0x02, 0x03, 0x02, 0x03, 0x02, 0x03, 0x02, 0x02, 0x03, 0x09, 0x05, 0x05, 0x01, 0x02, 0x02, 0x04, 0x01, 0x02, 0x03, 0x01, 0x02, 0x05, 0x03, 0x02,
    0x03, 0x02, 0x02, 0x02, 0x02, 0x01, 0x02, 0x01, 0x02, 0x03, 0x03, 0x02, 0x03, 0x02, 0x03, 0x04, 0x06, 0x01, 0x02, 0x02, 0x01, 0x02, 0x03, 0x03,
    0x03, 0x02, 0x02, 0x02, 0x02, 0x02, 0x02, 0x02, 0x01, 0x01, 0x04, 0x02, 0x05, 0x03, 0x02, 0x02, 0x01, 0x02, 0x01, 0x01, 0x02, 0x02, 0x01, 0x02,
    0x02, 0x03, 0x03, 0x03, 0x02, 0x03, 0x03, 0x02, 0x03, 0x02, 0x02, 0x02, 0x02, 0x02, 0x02, 0x02, 0x03, 0x02, 0x02, 0x01, 0x02, 0x02, 0x02, 0x05,
    0x02, 0x05, 0x03, 0x03, 0x02, 0x03, 0x01, 0x06, 0x06, 0x06, 0x04, 0x02, 0x03, 0x02, 0x03, 0x01, 0x06, 0x06, 0x04, 0x03, 0x02, 0x03, 0x02, 0x05,
    0x0B, 0x05, 0x02, 0x02, 0x02, 0x01, 0x01, 0x01, 0x01, 0x01, 0x04, 0x02, 0x01, 0x02, 0x03, 0x01, 0x04, 0x04, 0x01, 0x02, 0x09, 0x05, 0x05, 0x05,
    0x03, 0x01, 0x01, 0x02, 0x02, 0x02, 0x02, 0x02, 0x02, 0x02, 0x02, 0x05, 0x02, 0x02, 0x04, 0x02, 0x03, 0x05, 0x02, 0x06, 0x01, 0x04, 0x03, 0x05,
    0x0B, 0x05, 0x05, 0x09, 0x05, 0x05, 0x05, 0x03, 0x03, 0x03, 0x02, 0x01, 0x01, 0x03, 0x05, 0x05, 0x02, 0x02, 0x09, 0x09, 0x09, 0x03, 0x01, 0x04,
    0x01, 0x04, 0x02, 0x02, 0x04, 0x06, 0x01, 0x01, 0x01, 0x06, 0x04, 0x02, 0x01, 0x01, 0x04, 0x01, 0x02, 0x02, 0x02, 0x02, 0x03, 0x03, 0x02, 0x01,
    0x02, 0x02, 0x03, 0x05, 0x09, 0x05, 0x03, 0x04, 0x05, 0x03, 0x02, 0x02, 0x03, 0x02, 0x02, 0x02, 0x02, 0x02, 0x01, 0x02, 0x02, 0x03, 0x05, 0x05,
    0x05, 0x09, 0x05, 0x05, 0x02, 0x02, 0x02, 0x02, 0x02, 0x02, 0x01, 0x01, 0x02, 0x02, 0x03, 0x02, 0x02, 0x03, 0x03, 0x03, 0x03, 0x09, 0x09, 0x03,
    0x02, 0x02, 0x02, 0x02, 0x01, 0x02, 0x02, 0x02, 0x02, 0x02, 0x02, 0x02, 0x02, 0x02, 0x02, 0x02, 0x02, 0x03, 0x02, 0x03, 0x02, 0x03, 0x02, 0x02,
    0x02, 0x02, 0x02, 0x02, 0x02, 0x01, 0x02, 0x02, 0x02, 0x03, 0x02, 0x02, 0x05, 0x0D, 0x0C, 0x09, 0x05, 0x05, 0x03, 0x05, 0x05, 0x05, 0x03, 0x03,
    0x03, 0x02, 0x02, 0x02, 0x02, 0x01, 0x01, 0x03, 0x03, 0x05, 0x0B, 0x05, 0x01, 0x03, 0x05, 0x05, 0x0B, 0x0D, 0x03, 0x01, 0x01, 0x02, 0x02, 0x01,
    0x02, 0x02, 0x02, 0x03, 0x02, 0x02, 0x01, 0x02, 0x01, 0x02, 0x03, 0x03, 0x01, 0x04, 0x06, 0x01, 0x01, 0x02, 0x01, 0x01, 0x04, 0x02, 0x03, 0x02,
    0x03, 0x03, 0x02, 0x01, 0x02, 0x02, 0x05, 0x05, 0x09, 0x03, 0x02, 0x02, 0x02, 0x01, 0x04, 0x02, 0x03, 0x03, 0x09, 0x05, 0x05, 0x09, 0x03, 0x01,
    0x06, 0x01, 0x09, 0x03, 0x05, 0x0B, 0x01, 0x05, 0x05, 0x03, 0x03, 0x01, 0x04, 0x02, 0x02, 0x01, 0x06, 0x01, 0x06, 0x03, 0x03, 0x02, 0x05, 0x01,
    0x04, 0x01, 0x06, 0x01, 0x04, 0x01, 0x02, 0x01, 0x04, 0x04, 0x01, 0x02, 0x02, 0x02, 0x03, 0x03, 0x03, 0x02, 0x01, 0x03, 0x05, 0x02, 0x01, 0x05,
    0x03, 0x04, 0x04, 0x01, 0x02, 0x03, 0x03, 0x02, 0x01, 0x04, 0x03, 0x03, 0x03, 0x05, 0x0D, 0x0F, 0x0D, 0x05, 0x05, 0x05, 0x04, 0x04, 0x01, 0x01,
    0x02, 0x02, 0x02, 0x03, 0x02, 0x03, 0x03, 0x02, 0x03, 0x03, 0x03, 0x05, 0x05, 0x03, 0x02, 0x01, 0x03, 0x02, 0x02, 0x02, 0x01, 0x02, 0x02, 0x01,
    0x02, 0x02, 0x02, 0x03, 0x03, 0x02, 0x03, 0x03, 0x03, 0x02, 0x02, 0x03, 0x02, 0x02, 0x02, 0x02, 0x03, 0x02, 0x02, 0x01, 0x02, 0x01, 0x02, 0x06,
    0x02, 0x05, 0x03, 0x05, 0x0B, 0x09, 0x03, 0x02, 0x03, 0x03, 0x02, 0x02, 0x02, 0x02, 0x02, 0x02, 0x02, 0x03, 0x01, 0x02, 0x03, 0x02, 0x09, 0x02,
    0x03, 0x02, 0x02, 0x05, 0x05, 0x09, 0x03, 0x03, 0x02, 0x05, 0x05, 0x02, 0x03, 0x01, 0x02, 0x02, 0x01, 0x04, 0x01, 0x02, 0x01, 0x02, 0x02, 0x04,
    0x01, 0x03, 0x03, 0x02, 0x02, 0x02, 0x01, 0x01, 0x02, 0x02, 0x05, 0x05, 0x02, 0x03, 0x03, 0x02, 0x04, 0x02, 0x05, 0x05, 0x02, 0x04, 0x01, 0x02,
    0x02, 0x02, 0x02, 0x02, 0x02, 0x02, 0x03, 0x05, 0x05, 0x05, 0x05, 0x0B, 0x09, 0x05, 0x03, 0x02, 0x02, 0x01, 0x02, 0x02, 0x05, 0x03, 0x03, 0x02,
    0x01, 0x04, 0x02, 0x01, 0x06, 0x06, 0x06, 0x06, 0x06, 0x04, 0x01, 0x04, 0x04, 0x01, 0x03, 0x02, 0x06, 0x04, 0x06, 0x04, 0x01, 0x01, 0x02, 0x02,
    0x02, 0x03, 0x03, 0x02, 0x01, 0x04, 0x02, 0x02, 0x02, 0x02, 0x03, 0x03, 0x03, 0x03, 0x02, 0x02, 0x01, 0x02, 0x02, 0x03, 0x02, 0x05, 0x03, 0x02,
    0x03, 0x01, 0x02, 0x02, 0x03, 0x02, 0x03, 0x02, 0x01, 0x04, 0x06, 0x01, 0x01, 0x04, 0x01, 0x03, 0x03, 0x03, 0x03, 0x02, 0x03, 0x03, 0x03, 0x03,
    0x02, 0x02, 0x02, 0x03, 0x02, 0x02, 0x02, 0x01, 0x02, 0x02, 0x01, 0x02, 0x01, 0x03, 0x02, 0x05, 0x01, 0x02, 0x03, 0x02, 0x02, 0x02, 0x03, 0x02,
    0x02, 0x02, 0x02, 0x02, 0x01, 0x02, 0x02, 0x02, 0x02, 0x01, 0x05, 0x03, 0x06, 0x04, 0x01, 0x02, 0x05, 0x05, 0x03, 0x03, 0x03, 0x02, 0x02, 0x03,
    0x02, 0x04, 0x02, 0x03, 0x05, 0x02, 0x0B, 0x03, 0x05, 0x06, 0x01, 0x02, 0x02, 0x02, 0x04, 0x06, 0x04, 0x03, 0x09, 0x09, 0x05, 0x05, 0x05, 0x05,
    0x02, 0x02, 0x02, 0x06, 0x05, 0x03, 0x01, 0x02, 0x02, 0x04, 0x02, 0x05, 0x03, 0x02, 0x02, 0x03, 0x02, 0x06, 0x04, 0x06, 0x01, 0x01, 0x01, 0x01,
    0x03, 0x03, 0x01, 0x06, 0x01, 0x01, 0x02, 0x01, 0x01, 0x06, 0x01, 0x04, 0x02, 0x02, 0x01, 0x01, 0x01, 0x02, 0x02, 0x02, 0x03, 0x09, 0x05, 0x0B,
    0x0B, 0x05, 0x02, 0x06, 0x02, 0x06, 0x06, 0x04, 0x02, 0x01, 0x02, 0x02, 0x06, 0x06, 0x01, 0x01, 0x04, 0x04, 0x01, 0x04, 0x06, 0x06, 0x06, 0x01,
    0x01, 0x02, 0x03, 0x02, 0x02, 0x02, 0x01, 0x01, 0x03, 0x03, 0x03, 0x02, 0x02, 0x01, 0x03, 0x03, 0x02, 0x04, 0x01, 0x01, 0x01, 0x02, 0x02, 0x06,
    0x01, 0x02, 0x01, 0x01, 0x02, 0x02, 0x03, 0x02, 0x03, 0x02, 0x03, 0x05, 0x01, 0x01, 0x01, 0x02, 0x02, 0x02, 0x02, 0x02, 0x05, 0x05, 0x05, 0x02,
    0x02, 0x04, 0x06, 0x02, 0x03, 0x03, 0x03, 0x02, 0x02, 0x03, 0x02, 0x02, 0x02, 0x03, 0x02, 0x02, 0x03, 0x03, 0x03, 0x02, 0x02, 0x02, 0x03, 0x02,
    0x02, 0x02, 0x02, 0x03, 0x02, 0x02, 0x02, 0x02, 0x02, 0x03, 0x03, 0x02, 0x02, 0x02, 0x01, 0x02, 0x02, 0x01, 0x02, 0x01, 0x01, 0x02, 0x03, 0x02,
    0x09, 0x05, 0x03, 0x02, 0x01, 0x05, 0x0B, 0x05, 0x02, 0x02, 0x03, 0x02, 0x05, 0x0B, 0x0B, 0x0D, 0x0D, 0x0E, 0x0B, 0x03, 0x02, 0x02, 0x02, 0x02,
    0x01, 0x03, 0x02, 0x06, 0x06, 0x04, 0x02, 0x03, 0x02, 0x03, 0x09, 0x05, 0x01, 0x04, 0x02, 0x02, 0x02, 0x01, 0x03, 0x03, 0x03, 0x05, 0x02, 0x02,
    0x04, 0x04, 0x01, 0x04, 0x06, 0x01, 0x01, 0x01, 0x01, 0x01, 0x04, 0x04, 0x03, 0x05, 0x05, 0x05, 0x03, 0x02, 0x03, 0x01, 0x04, 0x01, 0x06, 0x01,
    0x01, 0x01, 0x01, 0x06, 0x06, 0x01, 0x01, 0x01, 0x02, 0x03, 0x05, 0x05, 0x05, 0x09, 0x05, 0x09, 0x02, 0x05, 0x05, 0x01, 0x01, 0x02, 0x02, 0x01,
    0x01, 0x06, 0x06, 0x02, 0x01, 0x02, 0x01, 0x06, 0x01, 0x04, 0x02, 0x06, 0x06, 0x06, 0x01, 0x03, 0x05, 0x02, 0x06, 0x06, 0x06, 0x06, 0x04, 0x01,
    0x02, 0x02, 0x02, 0x02, 0x04, 0x05, 0x01, 0x02, 0x02, 0x02, 0x02, 0x01, 0x02, 0x02, 0x01, 0x02, 0x01, 0x02, 0x02, 0x02, 0x02, 0x02, 0x02, 0x03,
    0x02, 0x03, 0x02, 0x01, 0x02, 0x02, 0x04, 0x05, 0x0B, 0x05, 0x03, 0x02, 0x02, 0x02, 0x05, 0x03, 0x03, 0x03, 0x02, 0x02, 0x05, 0x03, 0x03, 0x03,
    0x02, 0x02, 0x02, 0x05, 0x05, 0x02, 0x06, 0x04, 0x01, 0x04, 0x04, 0x03, 0x03, 0x01, 0x02, 0x02, 0x03, 0x02, 0x02, 0x03, 0x02, 0x02, 0x02, 0x02,
    0x02, 0x02, 0x02, 0x02, 0x02, 0x01, 0x02, 0x01, 0x02, 0x02, 0x02, 0x02, 0x03, 0x02, 0x09, 0x02, 0x02, 0x02, 0x02, 0x03, 0x0C, 0x0B, 0x0B, 0x0B,
    0x0F, 0x10, 0x0D, 0x0F, 0x0A, 0x11, 0x0E, 0x0B, 0x02, 0x06, 0x04, 0x05, 0x03, 0x02, 0x02, 0x02, 0x01, 0x02, 0x02, 0x04, 0x06, 0x01, 0x02, 0x06,
    0x04, 0x01, 0x02, 0x02, 0x02, 0x03, 0x02, 0x02, 0x02, 0x01, 0x02, 0x01, 0x02, 0x01, 0x01, 0x02, 0x02, 0x01, 0x02, 0x01, 0x04, 0x04, 0x06, 0x06,
    0x02, 0x03, 0x03, 0x05, 0x03, 0x01, 0x02, 0x0B, 0x05, 0x03, 0x01, 0x04, 0x02, 0x05, 0x04, 0x02, 0x03, 0x02, 0x02, 0x02, 0x02, 0x01, 0x02, 0x02,
    0x05, 0x05, 0x03, 0x05, 0x03, 0x03, 0x05, 0x03, 0x04, 0x02, 0x01, 0x02, 0x02, 0x02, 0x04, 0x02, 0x05, 0x0B, 0x02, 0x02, 0x02, 0x01, 0x03, 0x03,
    0x05, 0x01, 0x01, 0x03, 0x0B, 0x03, 0x03, 0x01, 0x01, 0x04, 0x01, 0x06, 0x06, 0x06, 0x04, 0x04, 0x02, 0x03, 0x03, 0x02, 0x03, 0x02, 0x05, 0x05,
    0x01, 0x02, 0x02, 0x02, 0x01, 0x04, 0x01, 0x02, 0x01, 0x04, 0x02, 0x01, 0x02, 0x02, 0x01, 0x04, 0x01, 0x02, 0x02, 0x02, 0x02, 0x02, 0x01, 0x01,
    0x02, 0x01, 0x01, 0x02, 0x03, 0x02, 0x02, 0x02, 0x03, 0x02, 0x05, 0x05, 0x02, 0x02, 0x03, 0x02, 0x02, 0x0B, 0x05, 0x02, 0x02, 0x02, 0x02, 0x01,
    0x01, 0x02, 0x02, 0x02, 0x02, 0x02, 0x02, 0x02, 0x02, 0x02, 0x02, 0x01, 0x02, 0x01, 0x02, 0x01, 0x02, 0x02, 0x01, 0x02, 0x01, 0x01, 0x02, 0x01,
    0x02, 0x05, 0x05, 0x05, 0x04, 0x01, 0x02, 0x01, 0x03, 0x0B, 0x0E, 0x0E, 0x05, 0x05, 0x02, 0x02, 0x05, 0x03, 0x05, 0x0B, 0x03, 0x04, 0x01, 0x03,
    0x03, 0x03, 0x02, 0x02, 0x06, 0x06, 0x02, 0x02, 0x01, 0x01, 0x02, 0x0B, 0x02, 0x01, 0x02, 0x02, 0x02, 0x02, 0x06, 0x06, 0x04, 0x06, 0x01, 0x02,
    0x02, 0x02, 0x02, 0x02, 0x02, 0x01, 0x04, 0x01, 0x04, 0x02, 0x01, 0x06, 0x01, 0x01, 0x03, 0x03, 0x03, 0x03, 0x02, 0x09, 0x0E, 0x0D, 0x02, 0x09,
    0x05, 0x03, 0x05, 0x03, 0x03, 0x02, 0x02, 0x01, 0x01, 0x04, 0x01, 0x03, 0x05, 0x05, 0x03, 0x04, 0x02, 0x02, 0x01, 0x03, 0x01, 0x01, 0x04, 0x03,
    0x05, 0x02, 0x06, 0x06, 0x01, 0x02, 0x03, 0x09, 0x05, 0x01, 0x05, 0x03, 0x04, 0x01, 0x01, 0x01, 0x04, 0x04, 0x02, 0x05, 0x03, 0x01, 0x02, 0x01,
    0x01, 0x01, 0x01, 0x02, 0x01, 0x01, 0x02, 0x02, 0x02, 0x01, 0x02, 0x05, 0x03, 0x01, 0x04, 0x04, 0x01, 0x03, 0x01, 0x01, 0x01, 0x01, 0x02, 0x01,
    0x02, 0x06, 0x02, 0x01, 0x02, 0x02, 0x02, 0x02, 0x02, 0x01, 0x02, 0x01, 0x01, 0x04, 0x02, 0x02, 0x02, 0x02, 0x02, 0x03, 0x01, 0x03, 0x02, 0x03,
    0x02, 0x02, 0x02, 0x02, 0x02, 0x02, 0x03, 0x05, 0x02, 0x02, 0x01, 0x01, 0x04, 0x01, 0x01, 0x01, 0x04, 0x02, 0x02, 0x02, 0x02, 0x02, 0x02, 0x01,
    0x02, 0x01, 0x02, 0x02, 0x02, 0x01, 0x01, 0x04, 0x06, 0x04, 0x06, 0x04, 0x02, 0x03, 0x05, 0x03, 0x02, 0x03, 0x03, 0x03, 0x02, 0x02, 0x03, 0x05,
    0x01, 0x06, 0x06, 0x04, 0x02, 0x03, 0x03, 0x05, 0x05, 0x05, 0x06, 0x06, 0x06, 0x01, 0x05, 0x05, 0x05, 0x03, 0x03, 0x05, 0x05, 0x02, 0x02, 0x02,
    0x03, 0x02, 0x02, 0x02, 0x03, 0x02, 0x04, 0x04, 0x06, 0x06, 0x04, 0x03, 0x02, 0x02, 0x03, 0x01, 0x06, 0x06, 0x04, 0x06, 0x06, 0x06, 0x06, 0x06,
    0x03, 0x03, 0x02, 0x03, 0x03, 0x03, 0x03, 0x05, 0x0E, 0x0B, 0x05, 0x01, 0x06, 0x01, 0x05, 0x05, 0x05, 0x02, 0x01, 0x06, 0x06, 0x01, 0x01, 0x02,
    0x01, 0x02, 0x03, 0x05, 0x01, 0x02, 0x04, 0x04, 0x03, 0x05, 0x0B, 0x09, 0x0B, 0x0D, 0x0B, 0x05, 0x04, 0x04, 0x01, 0x03, 0x05, 0x05, 0x05, 0x05,
    0x01, 0x02, 0x01, 0x06, 0x01, 0x02, 0x02, 0x03, 0x01, 0x06, 0x06, 0x01, 0x02, 0x02, 0x02, 0x01, 0x01, 0x04, 0x01, 0x01, 0x06, 0x01, 0x02, 0x02,
    0x02, 0x05, 0x03, 0x03, 0x03, 0x02, 0x02, 0x02, 0x05, 0x05, 0x01, 0x04, 0x04, 0x01, 0x02, 0x02, 0x02, 0x02, 0x02, 0x01, 0x04, 0x04, 0x01, 0x01,
    0x04, 0x01, 0x01, 0x01, 0x02, 0x02, 0x01, 0x02, 0x02, 0x04, 0x02, 0x04, 0x01, 0x03, 0x03, 0x04, 0x04, 0x01, 0x02, 0x03, 0x05, 0x02, 0x02, 0x01,
    0x04, 0x06, 0x06, 0x04, 0x04, 0x01, 0x01, 0x02, 0x02, 0x02, 0x02, 0x02, 0x02, 0x01, 0x01, 0x01, 0x01, 0x02, 0x01, 0x06, 0x06, 0x04, 0x06, 0x04,
    0x01, 0x01, 0x03, 0x05, 0x05, 0x06, 0x06, 0x03, 0x02, 0x03, 0x03, 0x02, 0x04, 0x06, 0x06, 0x01, 0x02, 0x02, 0x01, 0x01, 0x05, 0x0D, 0x0B, 0x02,
    0x06, 0x04, 0x05, 0x0D, 0x0F, 0x0B, 0x02, 0x02, 0x03, 0x03, 0x01, 0x02, 0x06, 0x01, 0x06, 0x05, 0x02, 0x02, 0x02, 0x02, 0x04, 0x01, 0x02, 0x01,
    0x01, 0x02, 0x02, 0x02, 0x02, 0x03, 0x01, 0x06, 0x04, 0x01, 0x01, 0x01, 0x05, 0x03, 0x02, 0x02, 0x02, 0x05, 0x03, 0x03, 0x05, 0x09, 0x02, 0x04,
    0x04, 0x01, 0x02, 0x0B, 0x09, 0x03, 0x04, 0x01, 0x04, 0x06, 0x01, 0x03, 0x03, 0x03, 0x05, 0x05, 0x03, 0x03, 0x03, 0x03, 0x03, 0x05, 0x02, 0x02,
    0x02, 0x05, 0x0C, 0x0B, 0x0D, 0x02, 0x02, 0x06, 0x01, 0x03, 0x02, 0x05, 0x09, 0x01, 0x02, 0x04, 0x04, 0x01, 0x02, 0x02, 0x05, 0x05, 0x05, 0x01,
    0x01, 0x02, 0x02, 0x02, 0x02, 0x05, 0x01, 0x01, 0x02, 0x02, 0x02, 0x02, 0x03, 0x05, 0x0B, 0x0B, 0x05, 0x01, 0x01, 0x01, 0x04, 0x02, 0x02, 0x01,
    0x01, 0x01, 0x02, 0x03, 0x03, 0x03, 0x02, 0x02, 0x01, 0x04, 0x01, 0x01, 0x01, 0x06, 0x06, 0x06, 0x06, 0x01, 0x06, 0x06, 0x01, 0x01, 0x02, 0x01,
    0x02, 0x02, 0x05, 0x09, 0x02, 0x02, 0x01, 0x01, 0x02, 0x02, 0x02, 0x02, 0x02, 0x01, 0x01, 0x04, 0x04, 0x04, 0x01, 0x02, 0x02, 0x02, 0x02, 0x03,
    0x02, 0x03, 0x03, 0x02, 0x01, 0x02, 0x01, 0x01, 0x04, 0x01, 0x04, 0x04, 0x06, 0x01, 0x02, 0x05, 0x09, 0x0C, 0x0C, 0x03, 0x02, 0x02, 0x03, 0x02,
    0x04, 0x06, 0x06, 0x02, 0x05, 0x02, 0x02, 0x01, 0x02, 0x03, 0x03, 0x02, 0x02, 0x02, 0x05, 0x05, 0x0B, 0x05, 0x03, 0x02, 0x02, 0x02, 0x02, 0x05,
    0x06, 0x01, 0x01, 0x02, 0x03, 0x04, 0x01, 0x02, 0x02, 0x02, 0x01, 0x01, 0x04, 0x02, 0x01, 0x01, 0x01, 0x02, 0x01, 0x01, 0x01, 0x03, 0x01, 0x01,
    0x05, 0x05, 0x03, 0x01, 0x02, 0x03, 0x02, 0x03, 0x02, 0x02, 0x05, 0x05, 0x02, 0x01, 0x02, 0x01, 0x02, 0x03, 0x03, 0x03, 0x0B, 0x0B, 0x05, 0x09,
    0x03, 0x05, 0x03, 0x03, 0x03, 0x03, 0x03, 0x02, 0x02, 0x05, 0x03, 0x01, 0x01, 0x02, 0x03, 0x09, 0x0B, 0x05, 0x0B, 0x05, 0x03, 0x01, 0x03, 0x09,
    0x0B, 0x02, 0x01, 0x01, 0x01, 0x01, 0x01, 0x01, 0x01, 0x03, 0x02, 0x04, 0x01, 0x02, 0x02, 0x02, 0x03, 0x03, 0x01, 0x01, 0x03, 0x03, 0x03, 0x02,
    0x04, 0x01, 0x01, 0x02, 0x03, 0x05, 0x01, 0x02, 0x03, 0x01, 0x02, 0x03, 0x05, 0x01, 0x02, 0x02, 0x02, 0x02, 0x03, 0x02, 0x03, 0x02, 0x02, 0x02,
    0x02, 0x02, 0x04, 0x06, 0x06, 0x01, 0x05, 0x02, 0x02, 0x03, 0x02, 0x03, 0x02, 0x03, 0x05, 0x02, 0x02, 0x04, 0x04, 0x04, 0x01, 0x02, 0x03, 0x02,
    0x03, 0x02, 0x02, 0x04, 0x02, 0x04, 0x01, 0x01, 0x02, 0x02, 0x02, 0x02, 0x03, 0x02, 0x02, 0x01, 0x02, 0x01, 0x02, 0x03, 0x01, 0x01, 0x02, 0x01,
    0x01, 0x01, 0x06, 0x04, 0x03, 0x09, 0x05, 0x05, 0x01, 0x04, 0x01, 0x02, 0x05, 0x05, 0x02, 0x01, 0x01, 0x03, 0x02, 0x02, 0x02, 0x01, 0x02, 0x02,
    0x05, 0x05, 0x0B, 0x05, 0x01, 0x06, 0x04, 0x02, 0x03, 0x02, 0x03, 0x03, 0x06, 0x06, 0x06, 0x01, 0x05, 0x04, 0x05, 0x03, 0x01, 0x04, 0x04, 0x01,
    0x01, 0x04, 0x01, 0x01, 0x01, 0x02, 0x02, 0x01, 0x04, 0x01, 0x03, 0x04, 0x05, 0x09, 0x03, 0x05, 0x02, 0x02, 0x02, 0x0B, 0x01, 0x06, 0x01, 0x09,
    0x0B, 0x05, 0x03, 0x03, 0x03, 0x03, 0x09, 0x05, 0x02, 0x02, 0x03, 0x03, 0x03, 0x02, 0x03, 0x02, 0x03, 0x03, 0x05, 0x09, 0x03, 0x02, 0x02, 0x02,
    0x01, 0x04, 0x01, 0x02, 0x05, 0x05, 0x05, 0x05, 0x05, 0x05, 0x02, 0x05, 0x0B, 0x04, 0x02, 0x02, 0x04, 0x01, 0x04, 0x01, 0x01, 0x02, 0x02, 0x04,
    0x01, 0x04, 0x06, 0x06, 0x01, 0x01, 0x02, 0x02, 0x02, 0x01, 0x02, 0x03, 0x03, 0x01, 0x01, 0x02, 0x01, 0x04, 0x02, 0x02, 0x01, 0x02, 0x02, 0x02,
    0x02, 0x02, 0x03, 0x02, 0x02, 0x02, 0x03, 0x05, 0x05, 0x05, 0x05, 0x02, 0x03, 0x05, 0x05, 0x02, 0x06, 0x06, 0x01, 0x02, 0x02, 0x02, 0x03, 0x05,
    0x01, 0x06, 0x01, 0x06, 0x01, 0x01, 0x06, 0x06, 0x01, 0x01, 0x01, 0x02, 0x02, 0x01, 0x02, 0x01, 0x02, 0x02, 0x02, 0x04, 0x01, 0x02, 0x03, 0x01,
    0x04, 0x01, 0x02, 0x01, 0x02, 0x06, 0x06, 0x06, 0x02, 0x04, 0x01, 0x01, 0x01, 0x01, 0x02, 0x01, 0x02, 0x01, 0x02, 0x05, 0x03, 0x02, 0x01, 0x03,
    0x05, 0x05, 0x03, 0x04, 0x01, 0x05, 0x02, 0x03, 0x03, 0x02, 0x01, 0x02, 0x03, 0x05, 0x0B, 0x05, 0x03, 0x03, 0x02, 0x02, 0x03, 0x05, 0x03, 0x02,
    0x05, 0x03, 0x09, 0x03, 0x03, 0x0B, 0x02, 0x02, 0x02, 0x05, 0x03, 0x04, 0x06, 0x06, 0x06, 0x01, 0x01, 0x02, 0x01, 0x03, 0x01, 0x04, 0x06, 0x06,
    0x02, 0x03, 0x05, 0x05, 0x03, 0x05, 0x0B, 0x05, 0x03, 0x03, 0x04, 0x03, 0x05, 0x03, 0x03, 0x05, 0x09, 0x05, 0x05, 0x03, 0x02, 0x02, 0x02, 0x01,
    0x02, 0x01, 0x01, 0x01, 0x03, 0x03, 0x03, 0x03, 0x01, 0x01, 0x03, 0x03, 0x02, 0x03, 0x09, 0x09, 0x02, 0x04, 0x02, 0x03, 0x05, 0x0B, 0x02, 0x02,
    0x01, 0x05, 0x0B, 0x03, 0x02, 0x01, 0x01, 0x02, 0x06, 0x06, 0x06, 0x01, 0x04, 0x01, 0x06, 0x04, 0x06, 0x02, 0x05, 0x05, 0x02, 0x02, 0x02, 0x02,
    0x02, 0x02, 0x01, 0x01, 0x01, 0x06, 0x06, 0x01, 0x04, 0x01, 0x01, 0x02, 0x03, 0x02, 0x01, 0x04, 0x04, 0x01, 0x01, 0x01, 0x02, 0x02, 0x02, 0x01,
    0x01, 0x02, 0x03, 0x0B, 0x05, 0x01, 0x02, 0x03, 0x02, 0x02, 0x02, 0x05, 0x05, 0x04, 0x06, 0x06, 0x02, 0x05, 0x0B, 0x0B, 0x03, 0x01, 0x06, 0x02,
    0x02, 0x01, 0x01, 0x02, 0x02, 0x01, 0x02, 0x02, 0x01, 0x04, 0x01, 0x02, 0x02, 0x01, 0x01, 0x01, 0x01, 0x03, 0x01, 0x01, 0x04, 0x04, 0x06, 0x04,
    0x01, 0x01, 0x01, 0x02, 0x02, 0x01, 0x01, 0x02, 0x03, 0x03, 0x01, 0x04, 0x04, 0x02, 0x02, 0x03, 0x01, 0x02, 0x03, 0x03, 0x02, 0x04, 0x01, 0x06,
    0x04, 0x01, 0x04, 0x06, 0x01, 0x01, 0x02, 0x05, 0x05, 0x05, 0x05, 0x03, 0x05, 0x02, 0x05, 0x02, 0x02, 0x02, 0x01, 0x01, 0x02, 0x03, 0x02, 0x02,
    0x01, 0x04, 0x01, 0x03, 0x01, 0x02, 0x02, 0x05, 0x02, 0x01, 0x04, 0x06, 0x02, 0x02, 0x05, 0x03, 0x05, 0x0B, 0x0D, 0x0B, 0x03, 0x03, 0x03, 0x03,
    0x02, 0x03, 0x02, 0x03, 0x02, 0x03, 0x09, 0x0B, 0x0B, 0x03, 0x09, 0x03, 0x06, 0x05, 0x03, 0x01, 0x03, 0x02, 0x02, 0x02, 0x01, 0x02, 0x09, 0x09,
    0x02, 0x01, 0x03, 0x05, 0x02, 0x02, 0x02, 0x02, 0x02, 0x05, 0x05, 0x02, 0x02, 0x01, 0x03, 0x05, 0x0B, 0x02, 0x01, 0x01, 0x01, 0x04, 0x04, 0x01,
    0x04, 0x02, 0x02, 0x01, 0x04, 0x06, 0x04, 0x01, 0x02, 0x02, 0x04, 0x06, 0x06, 0x06, 0x04, 0x06, 0x04, 0x04, 0x06, 0x04, 0x04, 0x01, 0x02, 0x02,
    0x02, 0x02, 0x01, 0x04, 0x04, 0x04, 0x06, 0x06, 0x01, 0x02, 0x04, 0x04, 0x01, 0x01, 0x02, 0x01, 0x01, 0x01, 0x01, 0x02, 0x02, 0x02, 0x02, 0x02,
    0x02, 0x05, 0x05, 0x02, 0x02, 0x01, 0x02, 0x03, 0x03, 0x05, 0x03, 0x04, 0x01, 0x02, 0x02, 0x06, 0x01, 0x03, 0x03, 0x02, 0x01, 0x02, 0x01, 0x02,
    0x02, 0x01, 0x04, 0x01, 0x06, 0x04, 0x01, 0x03, 0x03, 0x04, 0x06, 0x06, 0x01, 0x06, 0x01, 0x01, 0x01, 0x01, 0x03, 0x03, 0x03, 0x02, 0x04, 0x06,
    0x04, 0x05, 0x05, 0x03, 0x06, 0x06, 0x03, 0x0B, 0x03, 0x05, 0x01, 0x06, 0x06, 0x06, 0x06, 0x06, 0x06, 0x06, 0x01, 0x01, 0x01, 0x02, 0x01, 0x02,
    0x05, 0x0D, 0x0B, 0x02, 0x02, 0x03, 0x03, 0x02, 0x01, 0x01, 0x04, 0x01, 0x02, 0x02, 0x04, 0x06, 0x01, 0x01, 0x01, 0x03, 0x05, 0x05, 0x01, 0x01,
    0x01, 0x01, 0x01, 0x02, 0x02, 0x03, 0x02, 0x05, 0x0C, 0x0B, 0x03, 0x04, 0x02, 0x04, 0x01, 0x02, 0x09, 0x0B, 0x0B, 0x05, 0x03, 0x02, 0x03, 0x05,
    0x09, 0x05, 0x01, 0x05, 0x06, 0x02, 0x03, 0x03, 0x02, 0x06, 0x03, 0x05, 0x06, 0x06, 0x04, 0x02, 0x03, 0x05, 0x03, 0x02, 0x01, 0x01, 0x03, 0x01,
    0x02, 0x02, 0x02, 0x02, 0x02, 0x05, 0x01, 0x01, 0x03, 0x02, 0x01, 0x03, 0x02, 0x01, 0x03, 0x02, 0x06, 0x06, 0x06, 0x02, 0x01, 0x02, 0x05, 0x03,
    0x06, 0x01, 0x04, 0x03, 0x06, 0x01, 0x06, 0x01, 0x01, 0x01, 0x01, 0x01, 0x06, 0x06, 0x01, 0x01, 0x01, 0x04, 0x01, 0x01, 0x01, 0x01, 0x02, 0x02,
    0x01, 0x01, 0x02, 0x03, 0x05, 0x02, 0x05, 0x02, 0x01, 0x02, 0x03, 0x02, 0x03, 0x0B, 0x05, 0x09, 0x03, 0x01, 0x01, 0x02, 0x03, 0x05, 0x02, 0x04,
    0x01, 0x02, 0x01, 0x06, 0x06, 0x02, 0x02, 0x03, 0x03, 0x02, 0x01, 0x02, 0x02, 0x01, 0x04, 0x06, 0x06, 0x06, 0x01, 0x01, 0x02, 0x01, 0x05, 0x04,
    0x06, 0x06, 0x04, 0x04, 0x01, 0x03, 0x02, 0x01, 0x02, 0x02, 0x03, 0x03, 0x05, 0x0B, 0x0E, 0x0B, 0x03, 0x02, 0x01, 0x01, 0x02, 0x03, 0x04, 0x02,
    0x0B, 0x0A, 0x0B, 0x06, 0x06, 0x04, 0x01, 0x04, 0x01, 0x02, 0x03, 0x01, 0x09, 0x03, 0x03, 0x09, 0x02, 0x02, 0x05, 0x05, 0x09, 0x03, 0x04, 0x04,
    0x03, 0x02, 0x02, 0x01, 0x03, 0x02, 0x01, 0x04, 0x01, 0x02, 0x09, 0x03, 0x04, 0x06, 0x06, 0x06, 0x06, 0x01, 0x01, 0x02, 0x01, 0x03, 0x05, 0x03,
    0x03, 0x09, 0x0B, 0x0B, 0x03, 0x03, 0x05, 0x05, 0x05, 0x03, 0x03, 0x03, 0x03, 0x03, 0x09, 0x05, 0x03, 0x03, 0x02, 0x03, 0x0B, 0x05, 0x05, 0x05,
    0x09, 0x03, 0x01, 0x06, 0x06, 0x04, 0x01, 0x01, 0x01, 0x02, 0x03, 0x03, 0x02, 0x01, 0x01, 0x02, 0x02, 0x02, 0x02, 0x02, 0x02, 0x02, 0x04, 0x04,
    0x04, 0x06, 0x01, 0x02, 0x04, 0x06, 0x06, 0x01, 0x02, 0x02, 0x02, 0x05, 0x03, 0x05, 0x05, 0x05, 0x05, 0x03, 0x03, 0x02, 0x01, 0x01, 0x03, 0x02,
    0x03, 0x02, 0x03, 0x01, 0x02, 0x04, 0x01, 0x01, 0x03, 0x03, 0x03, 0x03, 0x01, 0x01, 0x02, 0x01, 0x02, 0x01, 0x04, 0x01, 0x01, 0x01, 0x01, 0x01,
    0x01, 0x03, 0x05, 0x0C, 0x09, 0x02, 0x01, 0x04, 0x01, 0x01, 0x02, 0x03, 0x02, 0x03, 0x02, 0x05, 0x05, 0x02, 0x02, 0x02, 0x02, 0x01, 0x01, 0x04,
    0x01, 0x06, 0x01, 0x05, 0x01, 0x03, 0x03, 0x01, 0x01, 0x01, 0x02, 0x03, 0x02, 0x01, 0x06, 0x04, 0x02, 0x01, 0x01, 0x04, 0x01, 0x04, 0x04, 0x02,
    0x01, 0x02, 0x02, 0x02, 0x01, 0x02, 0x06, 0x03, 0x02, 0x05, 0x05, 0x09, 0x09, 0x01, 0x04, 0x03, 0x02, 0x04, 0x04, 0x06, 0x06, 0x02, 0x02, 0x03,
    0x05, 0x05, 0x05, 0x01, 0x02, 0x02, 0x03, 0x05, 0x03, 0x02, 0x02, 0x02, 0x02, 0x02, 0x03, 0x01, 0x02, 0x01, 0x01, 0x02, 0x01, 0x06, 0x05, 0x03,
    0x0B, 0x03, 0x03, 0x03, 0x03, 0x02, 0x01, 0x01, 0x01, 0x02, 0x03, 0x02, 0x03, 0x01, 0x02, 0x01, 0x01, 0x02, 0x01, 0x02, 0x03, 0x02, 0x01, 0x05,
    0x09, 0x02, 0x02, 0x02, 0x05, 0x05, 0x01, 0x02, 0x05, 0x0B, 0x02, 0x02, 0x05, 0x0B, 0x05, 0x03, 0x01, 0x06, 0x01, 0x06, 0x01, 0x01, 0x02, 0x02,
    0x02, 0x03, 0x01, 0x01, 0x06, 0x04, 0x01, 0x02, 0x01, 0x01, 0x02, 0x02, 0x01, 0x01, 0x01, 0x01, 0x01, 0x01, 0x05, 0x01, 0x01, 0x02, 0x02, 0x02,
    0x03, 0x03, 0x03, 0x02, 0x0B, 0x0D, 0x0B, 0x01, 0x06, 0x01, 0x01, 0x03, 0x09, 0x09, 0x01, 0x01, 0x01, 0x03, 0x05, 0x02, 0x01, 0x03, 0x05, 0x05,
    0x02, 0x01, 0x04, 0x04, 0x02, 0x02, 0x01, 0x04, 0x01, 0x04, 0x01, 0x02, 0x01, 0x02, 0x02, 0x03, 0x03, 0x05, 0x05, 0x01, 0x01, 0x06, 0x01, 0x03,
    0x02, 0x06, 0x01, 0x01, 0x01, 0x02, 0x01, 0x01, 0x01, 0x05, 0x05, 0x05, 0x05, 0x0B, 0x05, 0x05, 0x05, 0x02, 0x01, 0x01, 0x06, 0x02, 0x02, 0x03,
    0x03, 0x02, 0x02, 0x01, 0x01, 0x01, 0x04, 0x04, 0x02, 0x03, 0x04, 0x06, 0x06, 0x01, 0x06, 0x04, 0x01, 0x02, 0x02, 0x02, 0x01, 0x02, 0x05, 0x0C,
    0x05, 0x04, 0x02, 0x02, 0x02, 0x03, 0x02, 0x05, 0x05, 0x01, 0x02, 0x03, 0x02, 0x0B, 0x01, 0x04, 0x04, 0x01, 0x05, 0x03, 0x02, 0x01, 0x02, 0x01,
    0x02, 0x02, 0x02, 0x01, 0x02, 0x02, 0x01, 0x03, 0x05, 0x05, 0x05, 0x03, 0x01, 0x03, 0x03, 0x03, 0x03, 0x09, 0x02, 0x01, 0x06, 0x01, 0x01, 0x04,
    0x01, 0x04, 0x04, 0x01, 0x06, 0x01, 0x06, 0x06, 0x01, 0x05, 0x0B, 0x0B, 0x05, 0x03, 0x0B, 0x05, 0x0B, 0x0D, 0x0C, 0x05, 0x05, 0x02, 0x03, 0x03,
    0x03, 0x03, 0x02, 0x02, 0x05, 0x03, 0x06, 0x01, 0x04, 0x01, 0x04, 0x01, 0x03, 0x03, 0x01, 0x02, 0x04, 0x01, 0x04, 0x01, 0x06, 0x01, 0x01, 0x02,
    0x02, 0x03, 0x02, 0x01, 0x02, 0x01, 0x03, 0x03, 0x02, 0x02, 0x03, 0x02, 0x02, 0x02, 0x02, 0x03, 0x05, 0x05, 0x05, 0x05, 0x09, 0x01, 0x02, 0x01,
    0x05, 0x03, 0x02, 0x02, 0x02, 0x02, 0x02, 0x01, 0x02, 0x02, 0x02, 0x03, 0x03, 0x03, 0x05, 0x05, 0x02, 0x01, 0x04, 0x04, 0x06, 0x01, 0x04, 0x02,
    0x03, 0x02, 0x02, 0x02, 0x03, 0x03, 0x02, 0x01, 0x03, 0x02, 0x01, 0x03, 0x05, 0x05, 0x03, 0x04, 0x01, 0x01, 0x02, 0x03, 0x02, 0x02, 0x03, 0x03,
    0x03, 0x05, 0x01, 0x01, 0x02, 0x03, 0x03, 0x01, 0x04, 0x01, 0x01, 0x02, 0x02, 0x02, 0x01, 0x06, 0x06, 0x06, 0x06, 0x01, 0x01, 0x01, 0x03, 0x03,
    0x05, 0x04, 0x01, 0x04, 0x01, 0x01, 0x02, 0x02, 0x03, 0x02, 0x03, 0x0B, 0x0C, 0x05, 0x03, 0x01, 0x05, 0x03, 0x03, 0x05, 0x03, 0x02, 0x02, 0x06,
    0x02, 0x01, 0x03, 0x02, 0x06, 0x04, 0x02, 0x02, 0x01, 0x02, 0x02, 0x03, 0x02, 0x01, 0x02, 0x03, 0x01, 0x01, 0x03, 0x02, 0x0B, 0x0B, 0x0B, 0x02,
    0x01, 0x02, 0x03, 0x02, 0x05, 0x03, 0x03, 0x03, 0x02, 0x03, 0x06, 0x04, 0x01, 0x02, 0x01, 0x04, 0x04, 0x01, 0x06, 0x01, 0x04, 0x04, 0x03, 0x0C,
    0x0B, 0x09, 0x02, 0x03, 0x09, 0x09, 0x05, 0x05, 0x05, 0x02, 0x02, 0x02, 0x02, 0x02, 0x01, 0x05, 0x0B, 0x0C, 0x0C, 0x03, 0x01, 0x02, 0x02, 0x02,
    0x03, 0x03, 0x05, 0x02, 0x02, 0x01, 0x04, 0x06, 0x04, 0x01, 0x04, 0x02, 0x01, 0x04, 0x01, 0x01, 0x01, 0x02, 0x02, 0x02, 0x02, 0x02, 0x02, 0x02,
    0x02, 0x02, 0x02, 0x02, 0x01, 0x02, 0x01, 0x01, 0x02, 0x02, 0x01, 0x06, 0x04, 0x06, 0x01, 0x02, 0x04, 0x01, 0x01, 0x02, 0x01, 0x01, 0x02, 0x02,
    0x02, 0x02, 0x02, 0x01, 0x02, 0x01, 0x01, 0x06, 0x03, 0x01, 0x01, 0x04, 0x01, 0x01, 0x01, 0x01, 0x02, 0x02, 0x03, 0x03, 0x03, 0x04, 0x06, 0x06,
    0x01, 0x01, 0x05, 0x09, 0x05, 0x04, 0x01, 0x01, 0x02, 0x02, 0x02, 0x03, 0x02, 0x02, 0x01, 0x04, 0x06, 0x06, 0x01, 0x01, 0x06, 0x06, 0x06, 0x06,
    0x01, 0x02, 0x04, 0x04, 0x06, 0x06, 0x06, 0x04, 0x01, 0x04, 0x04, 0x04, 0x04, 0x06, 0x06, 0x06, 0x04, 0x06, 0x01, 0x01, 0x03, 0x03, 0x02, 0x02,
    0x02, 0x02, 0x02, 0x01, 0x01, 0x04, 0x01, 0x02, 0x02, 0x01, 0x06, 0x02, 0x01, 0x01, 0x02, 0x01, 0x03, 0x02, 0x02, 0x02, 0x02, 0x02, 0x02, 0x02,
    0x01, 0x02, 0x02, 0x03, 0x02, 0x02, 0x05, 0x05, 0x03, 0x03, 0x02, 0x02, 0x01, 0x04, 0x02, 0x02, 0x03, 0x03, 0x02, 0x05, 0x05, 0x03, 0x03, 0x02,
    0x01, 0x02, 0x02, 0x05, 0x0B, 0x0D, 0x0B, 0x06, 0x01, 0x04, 0x01, 0x03, 0x03, 0x02, 0x02, 0x02, 0x01, 0x02, 0x03, 0x03, 0x03, 0x03, 0x03, 0x05,
    0x02, 0x01, 0x01, 0x01, 0x02, 0x02, 0x03, 0x03, 0x02, 0x02, 0x05, 0x05, 0x02, 0x02, 0x03, 0x09, 0x0C, 0x09, 0x03, 0x01, 0x04, 0x04, 0x04, 0x06,
    0x04, 0x02, 0x04, 0x03, 0x03, 0x02, 0x04, 0x01, 0x01, 0x04, 0x01, 0x02, 0x02, 0x02, 0x01, 0x02, 0x02, 0x01, 0x01, 0x02, 0x01, 0x01, 0x04, 0x01,
    0x06, 0x02, 0x01, 0x06, 0x01, 0x04, 0x04, 0x01, 0x02, 0x01, 0x03, 0x05, 0x03, 0x01, 0x01, 0x02, 0x02, 0x01, 0x04, 0x06, 0x06, 0x04, 0x04, 0x01,
    0x01, 0x01, 0x01, 0x01, 0x01, 0x01, 0x03, 0x05, 0x02, 0x03, 0x03, 0x06, 0x01, 0x06, 0x01, 0x03, 0x05, 0x05, 0x01, 0x01, 0x02, 0x02, 0x03, 0x02,
    0x01, 0x04, 0x06, 0x04, 0x01, 0x06, 0x06, 0x06, 0x06, 0x04, 0x01, 0x02, 0x03, 0x02, 0x01, 0x01, 0x04, 0x06, 0x06, 0x04, 0x03, 0x03, 0x02, 0x01,
    0x01, 0x01, 0x01, 0x04, 0x04, 0x04, 0x01, 0x01, 0x03, 0x02, 0x06, 0x06, 0x06, 0x01, 0x01, 0x02, 0x02, 0x01, 0x04, 0x04, 0x04, 0x02, 0x03, 0x02,
    0x01, 0x01, 0x01, 0x05, 0x09, 0x05, 0x01, 0x04, 0x01, 0x01, 0x02, 0x02, 0x02, 0x03, 0x03, 0x02, 0x03, 0x03, 0x03, 0x03, 0x02, 0x02, 0x02, 0x05,
    0x03, 0x03, 0x02, 0x02, 0x02, 0x02, 0x03, 0x03, 0x05, 0x0B, 0x0B, 0x03, 0x01, 0x01, 0x01, 0x01, 0x01, 0x03, 0x03, 0x03, 0x01, 0x01, 0x01, 0x01,
    0x03, 0x09, 0x03, 0x04, 0x02, 0x02, 0x01, 0x01, 0x04, 0x02, 0x05, 0x09, 0x05, 0x02, 0x02, 0x05, 0x03, 0x01, 0x01, 0x03, 0x01, 0x02, 0x04, 0x01,
    0x01, 0x02, 0x01, 0x02, 0x05, 0x05, 0x05, 0x05, 0x05, 0x02, 0x02, 0x04, 0x02, 0x03, 0x05, 0x05, 0x02, 0x01, 0x04, 0x06, 0x01, 0x01, 0x01, 0x02,
    0x02, 0x03, 0x02, 0x02, 0x03, 0x03, 0x02, 0x02, 0x02, 0x04, 0x01, 0x01, 0x01, 0x01, 0x03, 0x02, 0x01, 0x01, 0x06, 0x01, 0x04, 0x04, 0x01, 0x02,
    0x01, 0x01, 0x01, 0x02, 0x01, 0x02, 0x04, 0x02, 0x04, 0x06, 0x01, 0x04, 0x06, 0x06, 0x04, 0x04, 0x01, 0x01, 0x01, 0x05, 0x0B, 0x0B, 0x0C, 0x0D,
    0x05, 0x01, 0x01, 0x02, 0x05, 0x0B, 0x0B, 0x03, 0x02, 0x02, 0x02, 0x02, 0x02, 0x01, 0x01, 0x06, 0x06, 0x04, 0x01, 0x04, 0x06, 0x06, 0x06, 0x06,
    0x01, 0x02, 0x02, 0x01, 0x01, 0x02, 0x04, 0x06, 0x06, 0x01, 0x01, 0x01, 0x01, 0x02, 0x01, 0x04, 0x04, 0x06, 0x06, 0x01, 0x02, 0x02, 0x03, 0x04,
    0x06, 0x01, 0x01, 0x01, 0x02, 0x02, 0x01, 0x01, 0x04, 0x01, 0x02, 0x02, 0x06, 0x04, 0x04, 0x01, 0x01, 0x03, 0x02, 0x03, 0x01, 0x01, 0x01, 0x01,
    0x03, 0x05, 0x05, 0x02, 0x02, 0x01, 0x02, 0x01, 0x01, 0x01, 0x04, 0x05, 0x02, 0x01, 0x01, 0x02, 0x03, 0x03, 0x02, 0x05, 0x05, 0x03, 0x0C, 0x09,
    0x05, 0x02, 0x01, 0x04, 0x04, 0x01, 0x02, 0x03, 0x09, 0x09, 0x05, 0x09, 0x03, 0x02, 0x03, 0x09, 0x01, 0x03, 0x01, 0x01, 0x06, 0x06, 0x01, 0x06,
    0x01, 0x02, 0x03, 0x01, 0x06, 0x06, 0x06, 0x01, 0x01, 0x01, 0x01, 0x01, 0x01, 0x02, 0x02, 0x02, 0x03, 0x05, 0x0B, 0x0B, 0x0D, 0x09, 0x0B, 0x0B,
    0x03, 0x02, 0x01, 0x01, 0x05, 0x05, 0x02, 0x04, 0x01, 0x05, 0x01, 0x01, 0x01, 0x02, 0x02, 0x02, 0x02, 0x03, 0x03, 0x03, 0x01, 0x01, 0x01, 0x01,
    0x02, 0x04, 0x01, 0x01, 0x01, 0x01, 0x01, 0x01, 0x01, 0x01, 0x01, 0x02, 0x01, 0x01, 0x04, 0x06, 0x01, 0x02, 0x05, 0x05, 0x02, 0x02, 0x06, 0x04,
    0x06, 0x06, 0x06, 0x04, 0x01, 0x01, 0x01, 0x01, 0x01, 0x02, 0x05, 0x05, 0x05, 0x03, 0x01, 0x06, 0x02, 0x02, 0x02, 0x02, 0x01, 0x01, 0x02, 0x02,
    0x02, 0x01, 0x02, 0x05, 0x02, 0x01, 0x04, 0x01, 0x03, 0x03, 0x05, 0x02, 0x01, 0x01, 0x01, 0x02, 0x02, 0x01, 0x04, 0x06, 0x06, 0x06, 0x06, 0x06,
    0x06, 0x01, 0x01, 0x01, 0x06, 0x06, 0x06, 0x04, 0x04, 0x01, 0x05, 0x02, 0x02, 0x01, 0x01, 0x01, 0x01, 0x02, 0x01, 0x02, 0x02, 0x01, 0x01, 0x02,
    0x01, 0x02, 0x01, 0x02, 0x02, 0x02, 0x01, 0x02, 0x03, 0x02, 0x01, 0x01, 0x02, 0x02, 0x02, 0x01, 0x02, 0x01, 0x01, 0x01, 0x01, 0x06, 0x06, 0x04,
    0x04, 0x01, 0x02, 0x01, 0x02, 0x03, 0x01, 0x02, 0x09, 0x02, 0x02, 0x01, 0x05, 0x05, 0x05, 0x01, 0x06, 0x01, 0x06, 0x01, 0x02, 0x02, 0x03, 0x03,
    0x02, 0x01, 0x01, 0x01, 0x04, 0x02, 0x01, 0x05, 0x05, 0x05, 0x01, 0x02, 0x02, 0x02, 0x02, 0x06, 0x06, 0x06, 0x01, 0x06, 0x04, 0x04, 0x01, 0x06,
    0x01, 0x06, 0x06, 0x01, 0x06, 0x01, 0x03, 0x05, 0x09, 0x02, 0x02, 0x03, 0x05, 0x02, 0x06, 0x01, 0x05, 0x0A, 0x05, 0x01, 0x01, 0x01, 0x06, 0x01,
    0x04, 0x01, 0x01, 0x01, 0x04, 0x06, 0x04, 0x01, 0x02, 0x01, 0x04, 0x01, 0x01, 0x04, 0x06, 0x01, 0x01, 0x01, 0x04, 0x01, 0x01, 0x01, 0x04, 0x04,
    0x02, 0x03, 0x05, 0x01, 0x06, 0x01, 0x02, 0x01, 0x02, 0x02, 0x01, 0x01, 0x02, 0x01, 0x01, 0x04, 0x04, 0x04, 0x04, 0x04, 0x06, 0x01, 0x06, 0x04,
    0x02, 0x02, 0x02, 0x01, 0x01, 0x04, 0x01, 0x02, 0x02, 0x01, 0x02, 0x01, 0x02, 0x01, 0x02, 0x03, 0x01, 0x06, 0x06, 0x01, 0x03, 0x05, 0x0B, 0x02,
    0x06, 0x06, 0x04, 0x01, 0x01, 0x01, 0x04, 0x06, 0x06, 0x06, 0x06, 0x06, 0x06, 0x04, 0x01, 0x03, 0x02, 0x01, 0x06, 0x06, 0x06, 0x06, 0x06, 0x04,
    0x02, 0x02, 0x04, 0x04, 0x01, 0x02, 0x02, 0x01, 0x04, 0x04, 0x01, 0x01, 0x01, 0x02, 0x01, 0x01, 0x04, 0x04, 0x02, 0x01, 0x01, 0x01, 0x01, 0x01,
    0x02, 0x01, 0x02, 0x01, 0x01, 0x01, 0x01, 0x04, 0x02, 0x06, 0x06, 0x06,
};

static const uint8_t px_wm_select_choice_h34_043da716[] __attribute__((aligned(8))) = {
    0x03, 0x05, 0x03, 0x05, 0x03, 0x05, 0x05, 0x09, 0x05, 0x05, 0x03, 0x03, 0x05, 0x05, 0x09, 0x09, 0x05, 0x05, 0x03, 0x03, 0x05, 0x09, 0x03, 0x05,
    0x05, 0x03, 0x05, 0x03, 0x05, 0x03, 0x05, 0x03, 0x05, 0x0B, 0x05, 0x05, 0x05, 0x05, 0x05, 0x05, 0x03, 0x05, 0x05, 0x05, 0x05, 0x05, 0x05, 0x05,
    0x05, 0x03, 0x01, 0x02, 0x01, 0x02, 0x01, 0x02, 0x01, 0x05, 0x03, 0x02, 0x01, 0x01, 0x01, 0x02, 0x03, 0x03, 0x02, 0x01, 0x02, 0x01, 0x01, 0x02,
    0x03, 0x03, 0x03, 0x03, 0x03, 0x03, 0x03, 0x03, 0x05, 0x03, 0x05, 0x05, 0x05, 0x03, 0x03, 0x03, 0x05, 0x03, 0x03, 0x05, 0x03, 0x05, 0x03, 0x02,
    0x02, 0x02, 0x01, 0x02, 0x02, 0x01, 0x01, 0x01, 0x01, 0x01, 0x01, 0x02, 0x01, 0x01, 0x01, 0x01, 0x04, 0x01, 0x01, 0x01, 0x01, 0x01, 0x01, 0x01,
    0x01, 0x01, 0x01, 0x04, 0x04, 0x01, 0x01, 0x04, 0x01, 0x04, 0x02, 0x02, 0x02, 0x02, 0x02, 0x04, 0x04, 0x01, 0x01, 0x01, 0x02, 0x01, 0x01, 0x01,
    0x02, 0x02, 0x02, 0x03, 0x02, 0x02, 0x02, 0x02, 0x03, 0x03, 0x03, 0x02, 0x02, 0x02, 0x02, 0x01, 0x03, 0x03, 0x03, 0x03, 0x02, 0x02, 0x02, 0x02,
    0x05, 0x05, 0x03, 0x01, 0x02, 0x03, 0x03, 0x01, 0x04, 0x02, 0x02, 0x01, 0x05, 0x03, 0x01, 0x01, 0x02, 0x03, 0x02, 0x01, 0x01, 0x01, 0x01, 0x01,
    0x02, 0x02, 0x01, 0x01, 0x10, 0x0A, 0x0F, 0x0A, 0x0A, 0x11, 0x10, 0x11, 0x13, 0x11, 0x11, 0x13, 0x0A, 0x11, 0x10, 0x10, 0x12, 0x13, 0x10, 0x0A,
    0x0F, 0x0F, 0x11, 0x10, 0x10, 0x0A, 0x0A, 0x0A, 0x10, 0x11, 0x0A, 0x11, 0x0A, 0x0A, 0x0A, 0x0F, 0x11, 0x10, 0x0A, 0x0A, 0x11, 0x13, 0x10, 0x11,
    0x11, 0x10, 0x11, 0x11, 0x11, 0x0A, 0x0E, 0x0E, 0x0E, 0x0D, 0x0C, 0x0D, 0x0C, 0x0D, 0x0D, 0x0D, 0x0E, 0x0D, 0x0D, 0x0C, 0x0E, 0x0F, 0x0A, 0x0E,
    0x0D, 0x0E, 0x0E, 0x0F, 0x0A, 0x0F, 0x0F, 0x0A, 0x0A, 0x0A, 0x0A, 0x11, 0x10, 0x10, 0x11, 0x11, 0x0A, 0x0A, 0x0F, 0x0F, 0x0F, 0x0A, 0x0F, 0x0D,
    0x0D, 0x0E, 0x0D, 0x0D, 0x0C, 0x0C, 0x0D, 0x0C, 0x0C, 0x0B, 0x0B, 0x0B, 0x09, 0x0B, 0x0C, 0x0C, 0x0C, 0x0C, 0x05, 0x0B, 0x0C, 0x0C, 0x0C, 0x0B,
    0x0B, 0x0B, 0x0C, 0x0C, 0x0C, 0x0C, 0x0D, 0x0C, 0x0C, 0x0C, 0x0C, 0x0D, 0x0C, 0x0D, 0x0E, 0x0E, 0x0D, 0x0C, 0x0C, 0x0B, 0x09, 0x0B, 0x0C, 0x0D,
    0x0E, 0x0C, 0x0C, 0x0C, 0x0C, 0x0E, 0x0E, 0x0D, 0x0E, 0x0D, 0x0B, 0x0D, 0x0E, 0x0D, 0x0C, 0x0D, 0x0D, 0x0D, 0x0B, 0x0D, 0x0C, 0x0D, 0x0E, 0x0F,
    0x0E, 0x0D, 0x0B, 0x0E, 0x0F, 0x0D, 0x0E, 0x0E, 0x0D, 0x05, 0x0B, 0x0C, 0x0B, 0x0B, 0x0C, 0x0D, 0x0E, 0x0F, 0x0D, 0x05, 0x0D, 0x0D, 0x0B, 0x0C,
    0x05, 0x09, 0x0B, 0x0C, 0x0C, 0x0B, 0x0D, 0x0E, 0x0F, 0x0E, 0x0A, 0x0A, 0x0F, 0x0F, 0x0F, 0x0A, 0x10, 0x10, 0x11, 0x11, 0x11, 0x0A, 0x11, 0x11,
    0x0F, 0x0A, 0x0A, 0x0A, 0x11, 0x11, 0x0A, 0x0A, 0x0F, 0x0D, 0x11, 0x10, 0x13, 0x11, 0x11, 0x11, 0x0A, 0x0A, 0x0A, 0x10, 0x11, 0x11, 0x11, 0x11,
    0x0A, 0x11, 0x0A, 0x0F, 0x0D, 0x0E, 0x0A, 0x0A, 0x0A, 0x0E, 0x11, 0x0A, 0x0E, 0x11, 0x0E, 0x0F, 0x0F, 0x0E, 0x0F, 0x0F, 0x0D, 0x0D, 0x0D, 0x0F,
    0x0F, 0x0E, 0x0F, 0x0A, 0x0F, 0x0E, 0x0F, 0x0E, 0x0D, 0x0A, 0x10, 0x11, 0x11, 0x0A, 0x0A, 0x0A, 0x0A, 0x0A, 0x0A, 0x0A, 0x0F, 0x0E, 0x0E, 0x0C,
    0x0F, 0x11, 0x0E, 0x09, 0x09, 0x0B, 0x0D, 0x0B, 0x09, 0x05, 0x05, 0x0B, 0x0B, 0x0C, 0x0C, 0x0C, 0x0B, 0x0B, 0x0B, 0x0B, 0x09, 0x0B, 0x09, 0x0B,
    0x0B, 0x0B, 0x0B, 0x0C, 0x0B, 0x0C, 0x0C, 0x0E, 0x0D, 0x0C, 0x0B, 0x0B, 0x0D, 0x0C, 0x0B, 0x0B, 0x0D, 0x0D, 0x0D, 0x0B, 0x0C, 0x0C, 0x0D, 0x0D,
    0x0D, 0x0C, 0x0B, 0x09, 0x0B, 0x0B, 0x0C, 0x0D, 0x0D, 0x0C, 0x0D, 0x0E, 0x0D, 0x0C, 0x0D, 0x0D, 0x0D, 0x0D, 0x0F, 0x0D, 0x0D, 0x0C, 0x0D, 0x0C,
    0x0D, 0x0C, 0x0D, 0x0D, 0x0E, 0x0E, 0x0E, 0x0D, 0x0C, 0x0E, 0x0F, 0x0D, 0x0B, 0x09, 0x09, 0x0D, 0x0D, 0x0D, 0x0D, 0x0C, 0x0D, 0x0C, 0x0C, 0x0E,
    0x0C, 0x0B, 0x05, 0x05, 0x0B, 0x0E, 0x0D, 0x0C, 0x0C, 0x0C, 0x0C, 0x0D, 0x0E, 0x0E, 0x11, 0x11, 0x11, 0x11, 0x0A, 0x10, 0x0A, 0x0A, 0x0E, 0x0D,
    0x11, 0x0A, 0x0D, 0x11, 0x0F, 0x0F, 0x0F, 0x0A, 0x0A, 0x11, 0x0A, 0x10, 0x12, 0x10, 0x11, 0x10, 0x10, 0x13, 0x10, 0x11, 0x0A, 0x0F, 0x0A, 0x0A,
    0x0A, 0x0A, 0x0A, 0x0A, 0x0D, 0x0D, 0x0D, 0x0E, 0x0D, 0x0D, 0x0F, 0x0A, 0x0D, 0x0A, 0x0E, 0x0A, 0x0A, 0x0A, 0x0D, 0x0F, 0x0F, 0x0A, 0x0A, 0x11,
    0x0F, 0x0D, 0x0E, 0x0F, 0x0E, 0x0E, 0x0E, 0x0E, 0x0F, 0x0F, 0x0A, 0x0A, 0x0E, 0x0D, 0x0A, 0x0A, 0x10, 0x11, 0x0F, 0x0A, 0x0A, 0x0A, 0x0F, 0x0F,
    0x0F, 0x0D, 0x0C, 0x0B, 0x0C, 0x0E, 0x0D, 0x0D, 0x0E, 0x0C, 0x0B, 0x0C, 0x0C, 0x0B, 0x0C, 0x0C, 0x0B, 0x0C, 0x0C, 0x0C, 0x0D, 0x0E, 0x05, 0x09,
    0x05, 0x09, 0x0B, 0x0C, 0x0B, 0x0C, 0x0C, 0x0C, 0x0D, 0x0C, 0x0C, 0x0B, 0x0C, 0x0D, 0x0B, 0x0B, 0x09, 0x0C, 0x0B, 0x0D, 0x0D, 0x0D, 0x0C, 0x0B,
    0x09, 0x09, 0x0D, 0x0D, 0x0B, 0x0C, 0x0E, 0x0D, 0x09, 0x0B, 0x0B, 0x0B, 0x09, 0x05, 0x09, 0x0C, 0x0D, 0x0F, 0x0F, 0x0D, 0x0C, 0x0C, 0x0D, 0x0D,
    0x0D, 0x0C, 0x0C, 0x0C, 0x0D, 0x0E, 0x0E, 0x0F, 0x0E, 0x0F, 0x0E, 0x0E, 0x0E, 0x0B, 0x0C, 0x0C, 0x0B, 0x05, 0x0B, 0x0D, 0x0D, 0x0C, 0x0C, 0x0C,
    0x0B, 0x0C, 0x0F, 0x0B, 0x09, 0x0B, 0x0C, 0x0E, 0x0D, 0x0C, 0x0D, 0x0C, 0x0D, 0x0D, 0x0C, 0x0C, 0x0D, 0x0E, 0x0F, 0x11, 0x11, 0x13, 0x12, 0x10,
    0x11, 0x0A, 0x0A, 0x11, 0x10, 0x10, 0x10, 0x0F, 0x13, 0x13, 0x13, 0x10, 0x11, 0x11, 0x11, 0x11, 0x10, 0x12, 0x12, 0x12, 0x11, 0x10, 0x12, 0x13,
    0x13, 0x0A, 0x0F, 0x11, 0x0F, 0x0A, 0x0F, 0x0F, 0x0A, 0x0D, 0x0D, 0x0D, 0x0D, 0x0E, 0x0E, 0x0E, 0x0D, 0x0F, 0x0F, 0x0A, 0x0E, 0x0F, 0x0D, 0x0D,
    0x0A, 0x0A, 0x0A, 0x0F, 0x0F, 0x0A, 0x0D, 0x0D, 0x0F, 0x0D, 0x0D, 0x0D, 0x0E, 0x0F, 0x0F, 0x10, 0x0A, 0x11, 0x0F, 0x0A, 0x11, 0x0F, 0x0A, 0x11,
    0x10, 0x11, 0x0A, 0x0F, 0x0E, 0x0F, 0x0E, 0x0D, 0x05, 0x03, 0x05, 0x0C, 0x0A, 0x0F, 0x0D, 0x0E, 0x0A, 0x0D, 0x0C, 0x0B, 0x0C, 0x0C, 0x0C, 0x0B,
    0x0C, 0x0D, 0x0B, 0x05, 0x05, 0x0D, 0x11, 0x0F, 0x0C, 0x0D, 0x0B, 0x0B, 0x0C, 0x0E, 0x0D, 0x0B, 0x0C, 0x0B, 0x09, 0x09, 0x05, 0x0B, 0x0C, 0x0B,
    0x05, 0x0C, 0x0B, 0x0D, 0x0B, 0x0B, 0x0B, 0x0C, 0x0C, 0x0B, 0x09, 0x0B, 0x0D, 0x0E, 0x0B, 0x09, 0x09, 0x0B, 0x05, 0x0C, 0x0E, 0x0C, 0x0B, 0x0C,
    0x09, 0x0B, 0x0D, 0x0D, 0x0D, 0x0C, 0x0C, 0x0C, 0x0D, 0x0D, 0x0E, 0x0D, 0x0D, 0x0D, 0x0D, 0x0E, 0x0B, 0x0C, 0x0B, 0x09, 0x09, 0x0C, 0x0C, 0x0C,
    0x0D, 0x0F, 0x0A, 0x0E, 0x0C, 0x0C, 0x0D, 0x0A, 0x0B, 0x09, 0x0D, 0x0C, 0x0C, 0x0D, 0x0C, 0x0C, 0x0C, 0x0C, 0x0C, 0x0C, 0x0E, 0x0F, 0x0A, 0x0F,
    0x11, 0x10, 0x11, 0x11, 0x10, 0x12, 0x12, 0x10, 0x10, 0x10, 0x10, 0x13, 0x11, 0x11, 0x13, 0x11, 0x0A, 0x0D, 0x0B, 0x0E, 0x0A, 0x0A, 0x11, 0x11,
    0x11, 0x13, 0x13, 0x13, 0x14, 0x11, 0x0A, 0x0A, 0x11, 0x0A, 0x0A, 0x0F, 0x0F, 0x0F, 0x0D, 0x0D, 0x0D, 0x0F, 0x0E, 0x0A, 0x11, 0x0E, 0x0E, 0x0F,
    0x0D, 0x0D, 0x0C, 0x0D, 0x0F, 0x0D, 0x0D, 0x0D, 0x0E, 0x0F, 0x0F, 0x0D, 0x0C, 0x0D, 0x0E, 0x0D, 0x0F, 0x0E, 0x0F, 0x0D, 0x0A, 0x0A, 0x0A, 0x0A,
    0x0F, 0x0F, 0x0A, 0x0A, 0x10, 0x0A, 0x0E, 0x0E, 0x0F, 0x0F, 0x0F, 0x0D, 0x0F, 0x0D, 0x0C, 0x05, 0x0C, 0x0C, 0x0B, 0x0E, 0x0D, 0x0D, 0x0C, 0x09,
    0x05, 0x0B, 0x0D, 0x0E, 0x0D, 0x0B, 0x0C, 0x0C, 0x0B, 0x0B, 0x0C, 0x0D, 0x0D, 0x0D, 0x0D, 0x0D, 0x0C, 0x0B, 0x0D, 0x0D, 0x09, 0x05, 0x09, 0x0D,
    0x0D, 0x09, 0x09, 0x09, 0x0C, 0x0B, 0x0C, 0x09, 0x0B, 0x05, 0x05, 0x0D, 0x0C, 0x09, 0x05, 0x09, 0x09, 0x05, 0x05, 0x05, 0x05, 0x0D, 0x0C, 0x0E,
    0x0B, 0x09, 0x0B, 0x0C, 0x0D, 0x0D, 0x0C, 0x0C, 0x0C, 0x09, 0x09, 0x0C, 0x0C, 0x0C, 0x0D, 0x0D, 0x0D, 0x0C, 0x0D, 0x0C, 0x0E, 0x0D, 0x0C, 0x0B,
    0x0B, 0x0D, 0x0D, 0x0D, 0x0D, 0x0C, 0x0B, 0x0C, 0x0C, 0x0B, 0x09, 0x0C, 0x0B, 0x0C, 0x0C, 0x0D, 0x0C, 0x0D, 0x0C, 0x0C, 0x0B, 0x0C, 0x0C, 0x0D,
    0x0D, 0x0F, 0x0A, 0x0F, 0x0F, 0x0E, 0x0A, 0x11, 0x10, 0x12, 0x14, 0x10, 0x0F, 0x0E, 0x0A, 0x11, 0x0A, 0x0A, 0x11, 0x11, 0x0A, 0x0E, 0x0C, 0x0C,
    0x0E, 0x0F, 0x0F, 0x0A, 0x0A, 0x11, 0x10, 0x10, 0x10, 0x0F, 0x0F, 0x0E, 0x0E, 0x0F, 0x0A, 0x0F, 0x0E, 0x0F, 0x0D, 0x0F, 0x11, 0x0A, 0x0F, 0x0D,
    0x0C, 0x0F, 0x0A, 0x0A, 0x0F, 0x0F, 0x0D, 0x0B, 0x0B, 0x0D, 0x0D, 0x0F, 0x0E, 0x0F, 0x0A, 0x0A, 0x0E, 0x0D, 0x0D, 0x0F, 0x11, 0x13, 0x0E, 0x0A,
    0x0F, 0x0A, 0x0F, 0x0A, 0x0D, 0x0F, 0x11, 0x11, 0x0A, 0x0F, 0x0F, 0x0E, 0x0E, 0x0F, 0x0E, 0x0A, 0x0D, 0x0D, 0x0A, 0x0C, 0x05, 0x09, 0x05, 0x09,
    0x09, 0x09, 0x09, 0x05, 0x09, 0x0C, 0x0D, 0x0D, 0x0D, 0x0C, 0x0C, 0x0D, 0x0C, 0x0C, 0x0D, 0x0D, 0x0D, 0x0C, 0x0C, 0x0C, 0x0C, 0x0B, 0x0B, 0x0B,
    0x0B, 0x0C, 0x0B, 0x09, 0x0B, 0x0B, 0x0B, 0x09, 0x09, 0x0B, 0x05, 0x09, 0x0D, 0x0D, 0x0D, 0x0D, 0x0B, 0x0B, 0x0B, 0x0B, 0x0C, 0x0C, 0x0B, 0x09,
    0x0C, 0x0F, 0x0A, 0x0C, 0x0E, 0x0D, 0x0E, 0x0E, 0x0F, 0x0A, 0x0E, 0x0D, 0x0C, 0x0C, 0x0C, 0x0B, 0x0C, 0x0C, 0x0C, 0x0C, 0x0C, 0x0C, 0x0C, 0x0C,
    0x0C, 0x0E, 0x0D, 0x0C, 0x0B, 0x0B, 0x0C, 0x0C, 0x0C, 0x0C, 0x0C, 0x0B, 0x0C, 0x0B, 0x05, 0x0B, 0x0B, 0x0D, 0x0D, 0x0D, 0x0C, 0x0B, 0x0D, 0x0C,
    0x0C, 0x0B, 0x0B, 0x0C, 0x0D, 0x09, 0x0E, 0x0F, 0x0F, 0x0F, 0x0F, 0x0A, 0x0A, 0x0A, 0x0A, 0x13, 0x11, 0x10, 0x12, 0x13, 0x13, 0x0A, 0x0F, 0x0D,
    0x0D, 0x0D, 0x0D, 0x0C, 0x0D, 0x0A, 0x0E, 0x0C, 0x0D, 0x0F, 0x11, 0x0A, 0x11, 0x11, 0x0A, 0x13, 0x11, 0x0D, 0x0D, 0x0D, 0x0E, 0x0D, 0x0E, 0x0E,
    0x0E, 0x0E, 0x11, 0x0F, 0x0C, 0x0F, 0x11, 0x0F, 0x0E, 0x0F, 0x0F, 0x0C, 0x0D, 0x0E, 0x0D, 0x0F, 0x0A, 0x11, 0x0A, 0x0D, 0x0C, 0x09, 0x0C, 0x0D,
    0x0E, 0x0F, 0x0E, 0x0D, 0x0D, 0x0B, 0x0C, 0x0B, 0x0B, 0x0B, 0x0C, 0x0D, 0x0C, 0x0E, 0x0E, 0x0F, 0x0D, 0x0D, 0x0C, 0x0D, 0x0D, 0x0E, 0x0E, 0x11,
    0x0E, 0x0D, 0x0C, 0x09, 0x0B, 0x05, 0x0B, 0x0C, 0x0B, 0x05, 0x0B, 0x0D, 0x09, 0x09, 0x0C, 0x0D, 0x0C, 0x0D, 0x0B, 0x09, 0x0B, 0x0C, 0x0D, 0x0C,
    0x0D, 0x0C, 0x0B, 0x0B, 0x09, 0x09, 0x0B, 0x0B, 0x0B, 0x0C, 0x0E, 0x0C, 0x0B, 0x09, 0x0B, 0x0B, 0x0B, 0x0D, 0x0E, 0x0E, 0x0F, 0x0C, 0x09, 0x09,
    0x0B, 0x0C, 0x0C, 0x09, 0x09, 0x09, 0x0E, 0x0D, 0x0D, 0x0C, 0x0C, 0x0D, 0x0C, 0x0C, 0x0D, 0x0D, 0x0C, 0x0D, 0x0D, 0x0C, 0x0C, 0x0B, 0x0B, 0x0C,
    0x0C, 0x0C, 0x0C, 0x0C, 0x0B, 0x0D, 0x0D, 0x0B, 0x0B, 0x0C, 0x0C, 0x0C, 0x0C, 0x0C, 0x0C, 0x0B, 0x0C, 0x0C, 0x0B, 0x0B, 0x0C, 0x0D, 0x0C, 0x0B,
    0x0B, 0x0D, 0x09, 0x09, 0x0B, 0x0B, 0x0B, 0x0B, 0x13, 0x0A, 0x05, 0x05, 0x0F, 0x0A, 0x11, 0x0D, 0x0C, 0x0F, 0x11, 0x13, 0x14, 0x13, 0x10, 0x10,
    0x10, 0x0A, 0x0E, 0x0C, 0x0D, 0x0D, 0x0F, 0x0F, 0x0A, 0x0F, 0x0A, 0x0A, 0x0D, 0x0F, 0x0A, 0x0F, 0x11, 0x10, 0x11, 0x0A, 0x0A, 0x0A, 0x0A, 0x0D,
    0x0D, 0x0D, 0x0E, 0x0E, 0x0D, 0x0F, 0x0A, 0x0A, 0x0A, 0x0F, 0x0E, 0x0F, 0x0F, 0x0E, 0x0D, 0x0F, 0x0D, 0x0D, 0x0F, 0x0F, 0x0E, 0x0D, 0x0B, 0x0D,
    0x0E, 0x0D, 0x0C, 0x05, 0x09, 0x0D, 0x0F, 0x0A, 0x0B, 0x05, 0x0D, 0x0D, 0x0E, 0x0D, 0x0F, 0x0D, 0x0B, 0x05, 0x0A, 0x0D, 0x0E, 0x0F, 0x0D, 0x0C,
    0x0E, 0x0E, 0x0E, 0x0C, 0x0C, 0x0D, 0x0B, 0x0B, 0x05, 0x0B, 0x0B, 0x0C, 0x0D, 0x0E, 0x0D, 0x0C, 0x0B, 0x09, 0x0B, 0x0B, 0x0C, 0x0D, 0x0B, 0x0C,
    0x0B, 0x0B, 0x09, 0x0B, 0x09, 0x0C, 0x0C, 0x0B, 0x0B, 0x0C, 0x0C, 0x0C, 0x0C, 0x0C, 0x0C, 0x09, 0x09, 0x05, 0x0D, 0x0F, 0x0D, 0x0D, 0x0D, 0x0C,
    0x0D, 0x0F, 0x0F, 0x0D, 0x05, 0x05, 0x05, 0x09, 0x05, 0x09, 0x0B, 0x0C, 0x0B, 0x0D, 0x0C, 0x0C, 0x0C, 0x0C, 0x0C, 0x05, 0x09, 0x0C, 0x0D, 0x0B,
    0x05, 0x03, 0x0B, 0x0C, 0x0D, 0x0C, 0x0C, 0x0C, 0x0C, 0x0B, 0x0C, 0x09, 0x09, 0x0B, 0x0B, 0x0C, 0x0D, 0x0C, 0x0C, 0x0C, 0x0B, 0x0C, 0x0B, 0x0B,
    0x0D, 0x0D, 0x0C, 0x0C, 0x0B, 0x0B, 0x05, 0x0B, 0x0C, 0x0E, 0x0D, 0x0C, 0x0A, 0x13, 0x10, 0x0D, 0x0D, 0x11, 0x10, 0x13, 0x13, 0x11, 0x11, 0x10,
    0x0F, 0x11, 0x0A, 0x0F, 0x0A, 0x0A, 0x10, 0x0F, 0x0F, 0x0C, 0x0B, 0x0D, 0x0A, 0x10, 0x11, 0x11, 0x10, 0x13, 0x11, 0x0A, 0x11, 0x11, 0x0A, 0x0F,
    0x0D, 0x0F, 0x0F, 0x0A, 0x0E, 0x0D, 0x0D, 0x0E, 0x0D, 0x0D, 0x0B, 0x0D, 0x0B, 0x0B, 0x0C, 0x0C, 0x0E, 0x0B, 0x0D, 0x0C, 0x0B, 0x09, 0x0C, 0x0D,
    0x0F, 0x0A, 0x0A, 0x0F, 0x0F, 0x0D, 0x0D, 0x0C, 0x0D, 0x0D, 0x0F, 0x0F, 0x12, 0x13, 0x11, 0x0A, 0x0A, 0x0F, 0x0D, 0x0D, 0x09, 0x03, 0x0C, 0x09,
    0x0B, 0x0D, 0x0D, 0x0E, 0x0E, 0x0E, 0x0D, 0x0B, 0x0D, 0x0E, 0x0C, 0x0D, 0x0C, 0x0B, 0x0B, 0x0C, 0x0D, 0x0D, 0x0D, 0x0D, 0x0D, 0x0C, 0x0B, 0x09,
    0x0B, 0x0B, 0x05, 0x09, 0x0C, 0x0C, 0x0C, 0x0C, 0x0C, 0x0B, 0x0C, 0x0C, 0x0C, 0x0B, 0x0B, 0x0B, 0x0C, 0x0C, 0x0C, 0x0B, 0x0B, 0x05, 0x09, 0x0C,
    0x0D, 0x0D, 0x0D, 0x05, 0x05, 0x09, 0x0B, 0x05, 0x09, 0x09, 0x09, 0x0C, 0x0C, 0x0B, 0x0C, 0x0B, 0x0D, 0x0C, 0x0C, 0x0C, 0x0C, 0x0B, 0x0C, 0x0E,
    0x0D, 0x0F, 0x0D, 0x0D, 0x0D, 0x09, 0x0B, 0x09, 0x0F, 0x0D, 0x0D, 0x0B, 0x0C, 0x0C, 0x0B, 0x0E, 0x0C, 0x0B, 0x0C, 0x0B, 0x0B, 0x09, 0x0B, 0x0B,
    0x0D, 0x0D, 0x0B, 0x0B, 0x0C, 0x0B, 0x09, 0x0B, 0x0B, 0x0B, 0x0B, 0x0D, 0x0C, 0x0B, 0x0C, 0x0C, 0x0A, 0x0A, 0x0A, 0x11, 0x0F, 0x0A, 0x0A, 0x0A,
    0x11, 0x0A, 0x0F, 0x0D, 0x11, 0x0A, 0x11, 0x11, 0x11, 0x10, 0x0F, 0x13, 0x11, 0x0F, 0x11, 0x12, 0x13, 0x0A, 0x0A, 0x0F, 0x0F, 0x0F, 0x11, 0x13,
    0x10, 0x11, 0x0A, 0x0A, 0x10, 0x11, 0x0A, 0x0A, 0x0A, 0x0E, 0x0F, 0x0E, 0x0D, 0x0E, 0x0E, 0x0E, 0x0F, 0x0A, 0x0A, 0x0F, 0x0D, 0x0D, 0x0D, 0x0C,
    0x03, 0x01, 0x05, 0x0A, 0x0F, 0x0E, 0x0D, 0x0D, 0x0E, 0x0E, 0x0E, 0x0F, 0x0F, 0x11, 0x0D, 0x0A, 0x0F, 0x0F, 0x0F, 0x0D, 0x0A, 0x0E, 0x0F, 0x0D,
    0x0F, 0x11, 0x0A, 0x0E, 0x05, 0x0D, 0x09, 0x09, 0x0E, 0x0E, 0x0D, 0x09, 0x05, 0x0D, 0x0C, 0x0C, 0x0E, 0x0F, 0x0E, 0x0D, 0x0B, 0x09, 0x0C, 0x0E,
    0x0C, 0x0B, 0x0B, 0x0B, 0x09, 0x09, 0x0B, 0x09, 0x0B, 0x0B, 0x05, 0x03, 0x05, 0x0C, 0x0D, 0x0C, 0x0C, 0x0B, 0x0B, 0x0C, 0x0D, 0x0C, 0x0C, 0x0B,
    0x0B, 0x09, 0x0B, 0x05, 0x0B, 0x09, 0x0C, 0x0B, 0x0B, 0x0B, 0x05, 0x09, 0x05, 0x02, 0x09, 0x0C, 0x0D, 0x0E, 0x0B, 0x0B, 0x0C, 0x0B, 0x0C, 0x0B,
    0x0C, 0x09, 0x0C, 0x0C, 0x0C, 0x0D, 0x0C, 0x0C, 0x0C, 0x0D, 0x0C, 0x0C, 0x0C, 0x0B, 0x0C, 0x0C, 0x0B, 0x0C, 0x0E, 0x0B, 0x0C, 0x0C, 0x0C, 0x0C,
    0x0B, 0x09, 0x0B, 0x0B, 0x0B, 0x09, 0x0B, 0x0B, 0x0B, 0x0B, 0x09, 0x03, 0x0C, 0x0C, 0x0B, 0x05, 0x05, 0x09, 0x09, 0x0B, 0x0F, 0x0F, 0x0F, 0x0F,
    0x0D, 0x0E, 0x0F, 0x11, 0x10, 0x11, 0x0F, 0x0D, 0x0A, 0x0F, 0x0A, 0x10, 0x13, 0x13, 0x11, 0x13, 0x14, 0x14, 0x12, 0x10, 0x0A, 0x0A, 0x0A, 0x11,
    0x11, 0x0A, 0x0A, 0x11, 0x11, 0x10, 0x10, 0x11, 0x11, 0x13, 0x11, 0x0A, 0x0A, 0x0A, 0x0F, 0x0F, 0x0F, 0x0A, 0x11, 0x0A, 0x0F, 0x0F, 0x0E, 0x0E,
    0x0F, 0x0E, 0x0D, 0x0B, 0x0B, 0x0F, 0x10, 0x0A, 0x0D, 0x0F, 0x0F, 0x0D, 0x0F, 0x0F, 0x0F, 0x0F, 0x0A, 0x11, 0x13, 0x0E, 0x0E, 0x0E, 0x0A, 0x0F,
    0x0E, 0x0E, 0x0D, 0x0E, 0x0F, 0x0F, 0x0F, 0x0E, 0x09, 0x02, 0x0C, 0x0B, 0x0B, 0x0B, 0x0B, 0x0D, 0x09, 0x03, 0x09, 0x0C, 0x0D, 0x0E, 0x0C, 0x0B,
    0x09, 0x09, 0x0B, 0x0C, 0x0C, 0x09, 0x09, 0x09, 0x09, 0x0B, 0x0B, 0x09, 0x05, 0x05, 0x05, 0x05, 0x09, 0x0B, 0x09, 0x0B, 0x0C, 0x0C, 0x0B, 0x0B,
    0x0B, 0x0D, 0x0D, 0x0D, 0x0B, 0x05, 0x0B, 0x09, 0x0C, 0x0C, 0x09, 0x09, 0x0B, 0x09, 0x09, 0x09, 0x0C, 0x0B, 0x0D, 0x0D, 0x0B, 0x0B, 0x0C, 0x0C,
    0x0B, 0x0C, 0x0B, 0x0B, 0x0B, 0x0B, 0x09, 0x09, 0x0B, 0x0C, 0x0B, 0x0C, 0x0B, 0x05, 0x0B, 0x0D, 0x0E, 0x0C, 0x0C, 0x0C, 0x0C, 0x0B, 0x0C, 0x0B,
    0x09, 0x0B, 0x09, 0x0B, 0x0C, 0x0C, 0x0D, 0x0C, 0x05, 0x03, 0x03, 0x0D, 0x0D, 0x0C, 0x0C, 0x0C, 0x0D, 0x0D, 0x0D, 0x0D, 0x0B, 0x09, 0x09, 0x0B,
    0x0E, 0x0F, 0x0E, 0x11, 0x0A, 0x11, 0x11, 0x11, 0x11, 0x11, 0x0A, 0x0F, 0x0D, 0x0A, 0x0A, 0x0F, 0x0A, 0x11, 0x0A, 0x0A, 0x0A, 0x11, 0x11, 0x11,
    0x0A, 0x0F, 0x0F, 0x0F, 0x0F, 0x0A, 0x10, 0x0A, 0x11, 0x11, 0x0A, 0x0A, 0x11, 0x10, 0x11, 0x0A, 0x0A, 0x0A, 0x0A, 0x0A, 0x0A, 0x0A, 0x11, 0x0F,
    0x0E, 0x0F, 0x0D, 0x0F, 0x0F, 0x0E, 0x0C, 0x11, 0x11, 0x13, 0x0A, 0x0E, 0x0D, 0x0A, 0x13, 0x10, 0x10, 0x0F, 0x0F, 0x0E, 0x0F, 0x0F, 0x0A, 0x0A,
    0x0D, 0x0A, 0x0E, 0x0C, 0x0C, 0x0D, 0x0E, 0x0F, 0x0D, 0x0E, 0x0E, 0x0D, 0x0D, 0x0D, 0x0C, 0x0C, 0x09, 0x0C, 0x09, 0x09, 0x09, 0x09, 0x0B, 0x0C,
    0x0D, 0x05, 0x03, 0x0B, 0x0C, 0x0C, 0x0C, 0x0B, 0x09, 0x03, 0x01, 0x09, 0x09, 0x0D, 0x0D, 0x0D, 0x0D, 0x05, 0x05, 0x09, 0x0B, 0x0B, 0x0B, 0x0C,
    0x0D, 0x0B, 0x09, 0x0C, 0x0D, 0x0C, 0x0B, 0x09, 0x0D, 0x0C, 0x09, 0x0D, 0x09, 0x0B, 0x09, 0x0B, 0x0C, 0x0C, 0x0B, 0x09, 0x0B, 0x0D, 0x0D, 0x0D,
    0x0C, 0x0C, 0x0C, 0x0C, 0x0C, 0x09, 0x0C, 0x0B, 0x05, 0x02, 0x09, 0x0C, 0x0D, 0x0D, 0x0D, 0x0C, 0x0B, 0x0D, 0x0C, 0x0B, 0x09, 0x09, 0x0C, 0x0C,
    0x0B, 0x0C, 0x0B, 0x0B, 0x0B, 0x0B, 0x0B, 0x0C, 0x0C, 0x0C, 0x0C, 0x0C, 0x0B, 0x05, 0x0B, 0x03, 0x0B, 0x0D, 0x0B, 0x05, 0x09, 0x0B, 0x0B, 0x0C,
    0x0C, 0x0B, 0x0B, 0x0C, 0x0A, 0x0A, 0x0F, 0x0F, 0x0A, 0x11, 0x10, 0x10, 0x0F, 0x0A, 0x11, 0x13, 0x0A, 0x0F, 0x0A, 0x0F, 0x11, 0x0A, 0x0A, 0x0A,
    0x0A, 0x11, 0x0A, 0x0A, 0x0F, 0x0A, 0x11, 0x11, 0x11, 0x0A, 0x0A, 0x0A, 0x0A, 0x0F, 0x11, 0x11, 0x0A, 0x11, 0x0A, 0x10, 0x0A, 0x0A, 0x0F, 0x0F,
    0x0F, 0x0E, 0x0D, 0x0E, 0x0F, 0x0F, 0x0F, 0x0E, 0x0A, 0x11, 0x0A, 0x10, 0x10, 0x0A, 0x0D, 0x0C, 0x0D, 0x0F, 0x0E, 0x0D, 0x0E, 0x0D, 0x0F, 0x0D,
    0x0D, 0x0D, 0x0F, 0x11, 0x0F, 0x0E, 0x0D, 0x0D, 0x0E, 0x0D, 0x0E, 0x0E, 0x0C, 0x0B, 0x05, 0x05, 0x0C, 0x0D, 0x0E, 0x0D, 0x0C, 0x0B, 0x09, 0x0B,
    0x0C, 0x0C, 0x09, 0x05, 0x03, 0x09, 0x09, 0x0C, 0x0D, 0x0D, 0x0C, 0x0C, 0x0D, 0x0C, 0x09, 0x05, 0x05, 0x0B, 0x0B, 0x0D, 0x05, 0x05, 0x09, 0x0B,
    0x09, 0x05, 0x0B, 0x0C, 0x0C, 0x0D, 0x0E, 0x0E, 0x0C, 0x09, 0x05, 0x09, 0x0B, 0x0D, 0x0B, 0x09, 0x09, 0x09, 0x09, 0x0C, 0x0D, 0x0C, 0x0B, 0x0C,
    0x0C, 0x0C, 0x0B, 0x09, 0x0D, 0x0D, 0x0C, 0x0B, 0x0C, 0x0B, 0x0C, 0x09, 0x03, 0x0B, 0x0D, 0x0E, 0x0E, 0x0D, 0x0C, 0x0C, 0x0C, 0x0D, 0x0C, 0x05,
    0x02, 0x09, 0x0C, 0x0E, 0x0C, 0x0B, 0x0C, 0x0B, 0x0B, 0x0B, 0x0E, 0x0F, 0x0E, 0x0E, 0x0D, 0x0B, 0x0C, 0x0E, 0x0C, 0x0B, 0x0B, 0x09, 0x0C, 0x0B,
    0x09, 0x0C, 0x0E, 0x0D, 0x0B, 0x09, 0x0B, 0x0D, 0x0F, 0x0E, 0x0A, 0x0A, 0x0A, 0x0A, 0x11, 0x11, 0x11, 0x10, 0x10, 0x14, 0x13, 0x11, 0x11, 0x10,
    0x11, 0x0A, 0x0F, 0x0D, 0x0E, 0x0D, 0x0F, 0x0F, 0x11, 0x0A, 0x0A, 0x0A, 0x0A, 0x0A, 0x0A, 0x0A, 0x0A, 0x0A, 0x11, 0x0A, 0x0A, 0x0A, 0x0A, 0x0F,
    0x0A, 0x0F, 0x0A, 0x0A, 0x0F, 0x0E, 0x0E, 0x0F, 0x11, 0x0F, 0x0A, 0x0E, 0x0E, 0x0D, 0x0E, 0x0E, 0x0E, 0x0D, 0x0C, 0x09, 0x09, 0x0B, 0x05, 0x0B,
    0x0D, 0x0F, 0x0D, 0x0D, 0x0D, 0x0D, 0x0E, 0x0F, 0x0E, 0x0F, 0x0D, 0x0D, 0x0D, 0x0A, 0x0A, 0x0E, 0x0B, 0x05, 0x09, 0x0C, 0x0D, 0x0D, 0x0D, 0x0B,
    0x0C, 0x0D, 0x0D, 0x0C, 0x0D, 0x0C, 0x0B, 0x0B, 0x05, 0x0B, 0x05, 0x05, 0x0C, 0x0C, 0x0B, 0x0C, 0x0D, 0x0F, 0x0A, 0x0D, 0x09, 0x05, 0x0D, 0x0C,
    0x0D, 0x05, 0x09, 0x0C, 0x0B, 0x0B, 0x0B, 0x0C, 0x0D, 0x0E, 0x0A, 0x0F, 0x0C, 0x0B, 0x02, 0x05, 0x0C, 0x09, 0x03, 0x05, 0x09, 0x0B, 0x0C, 0x0B,
    0x09, 0x09, 0x0B, 0x0B, 0x0C, 0x0D, 0x0D, 0x0D, 0x0C, 0x0B, 0x0B, 0x0B, 0x05, 0x0B, 0x0C, 0x0B, 0x0B, 0x09, 0x0D, 0x0D, 0x0C, 0x0C, 0x0C, 0x0C,
    0x0C, 0x0D, 0x0B, 0x05, 0x0B, 0x0C, 0x0D, 0x0D, 0x0C, 0x0D, 0x0C, 0x09, 0x0C, 0x0D, 0x0D, 0x0C, 0x0C, 0x0B, 0x0C, 0x0E, 0x0C, 0x0B, 0x0B, 0x0D,
    0x09, 0x05, 0x05, 0x0B, 0x0B, 0x05, 0x0B, 0x0B, 0x0B, 0x0B, 0x0C, 0x0D, 0x0F, 0x11, 0x0A, 0x0A, 0x0F, 0x0A, 0x0A, 0x0A, 0x0A, 0x11, 0x0A, 0x0A,
    0x0A, 0x0A, 0x0A, 0x0A, 0x0A, 0x0F, 0x0C, 0x0E, 0x0C, 0x03, 0x03, 0x0E, 0x0F, 0x0A, 0x0A, 0x0F, 0x0A, 0x0A, 0x0A, 0x0A, 0x0A, 0x0A, 0x0A, 0x0A,
    0x0A, 0x0E, 0x0F, 0x0A, 0x0A, 0x0A, 0x11, 0x10, 0x0A, 0x0E, 0x0D, 0x0F, 0x0A, 0x0A, 0x0E, 0x0E, 0x0F, 0x0D, 0x0F, 0x0D, 0x0B, 0x0D, 0x0D, 0x0B,
    0x05, 0x01, 0x03, 0x09, 0x0C, 0x0D, 0x0D, 0x0B, 0x0B, 0x0C, 0x0F, 0x0E, 0x0F, 0x0F, 0x0E, 0x0A, 0x11, 0x0E, 0x0C, 0x0C, 0x0C, 0x05, 0x0B, 0x0A,
    0x0A, 0x0E, 0x0F, 0x0A, 0x0C, 0x0C, 0x0C, 0x0D, 0x0D, 0x0D, 0x0D, 0x0A, 0x0A, 0x0E, 0x0D, 0x0C, 0x0E, 0x0A, 0x0E, 0x0A, 0x0D, 0x0C, 0x0B, 0x0D,
    0x0D, 0x0C, 0x09, 0x09, 0x03, 0x03, 0x09, 0x0B, 0x0B, 0x0C, 0x0B, 0x05, 0x09, 0x0C, 0x0C, 0x0D, 0x0D, 0x09, 0x01, 0x05, 0x0B, 0x0D, 0x09, 0x03,
    0x05, 0x05, 0x03, 0x03, 0x05, 0x0B, 0x0B, 0x0C, 0x0D, 0x0D, 0x0D, 0x0C, 0x0C, 0x0C, 0x0C, 0x0B, 0x09, 0x0B, 0x09, 0x0B, 0x0D, 0x0C, 0x0B, 0x0C,
    0x0C, 0x0D, 0x0C, 0x0C, 0x0D, 0x0D, 0x0D, 0x0B, 0x09, 0x0E, 0x0D, 0x0C, 0x0D, 0x0C, 0x0C, 0x0C, 0x0C, 0x0D, 0x0D, 0x09, 0x05, 0x05, 0x05, 0x09,
    0x0B, 0x0C, 0x0D, 0x0D, 0x0F, 0x0E, 0x0B, 0x0C, 0x0B, 0x0B, 0x0B, 0x0C, 0x0C, 0x0C, 0x0B, 0x05, 0x0A, 0x0F, 0x0A, 0x10, 0x10, 0x0A, 0x0F, 0x0E,
    0x0F, 0x0E, 0x0F, 0x0A, 0x0A, 0x0A, 0x11, 0x0A, 0x0F, 0x0D, 0x0F, 0x0A, 0x0F, 0x09, 0x0B, 0x11, 0x0A, 0x0F, 0x0A, 0x0A, 0x0F, 0x0F, 0x0A, 0x0A,
    0x0A, 0x0F, 0x0F, 0x0A, 0x0A, 0x0A, 0x0F, 0x0F, 0x0F, 0x0F, 0x11, 0x0A, 0x13, 0x11, 0x11, 0x0F, 0x0F, 0x11, 0x0A, 0x0F, 0x0C, 0x0B, 0x0C, 0x0D,
    0x0C, 0x0E, 0x0E, 0x0D, 0x0C, 0x09, 0x0C, 0x0E, 0x0E, 0x0D, 0x0C, 0x0E, 0x0C, 0x0B, 0x0D, 0x0D, 0x0D, 0x0F, 0x0A, 0x10, 0x10, 0x0E, 0x0B, 0x0B,
    0x0C, 0x0D, 0x0D, 0x0C, 0x0C, 0x0E, 0x0F, 0x0E, 0x0B, 0x0D, 0x0E, 0x0D, 0x0B, 0x0C, 0x0D, 0x0B, 0x09, 0x0B, 0x0D, 0x0E, 0x0E, 0x0F, 0x0D, 0x0C,
    0x0B, 0x0B, 0x0D, 0x0D, 0x0D, 0x0C, 0x09, 0x05, 0x05, 0x03, 0x03, 0x05, 0x0C, 0x0C, 0x09, 0x05, 0x09, 0x09, 0x0B, 0x0B, 0x09, 0x0C, 0x0C, 0x0D,
    0x05, 0x05, 0x09, 0x02, 0x09, 0x09, 0x09, 0x05, 0x03, 0x05, 0x0B, 0x0C, 0x0C, 0x0D, 0x0C, 0x0D, 0x0C, 0x0C, 0x0C, 0x09, 0x05, 0x0B, 0x0D, 0x0D,
    0x0D, 0x0D, 0x0C, 0x0C, 0x0B, 0x0B, 0x0C, 0x0D, 0x0D, 0x0C, 0x0D, 0x0E, 0x0D, 0x0D, 0x11, 0x0D, 0x0B, 0x0B, 0x09, 0x0B, 0x09, 0x0B, 0x09, 0x0B,
    0x0B, 0x0B, 0x09, 0x0B, 0x0B, 0x0D, 0x0F, 0x0D, 0x0B, 0x09, 0x05, 0x0D, 0x0B, 0x0B, 0x0B, 0x0B, 0x0B, 0x0B, 0x0B, 0x0C, 0x0F, 0x0F, 0x0F, 0x0E,
    0x0E, 0x0E, 0x0F, 0x0A, 0x0E, 0x0E, 0x0E, 0x0F, 0x0D, 0x0F, 0x0F, 0x0A, 0x11, 0x0F, 0x11, 0x10, 0x11, 0x14, 0x15, 0x13, 0x10, 0x10, 0x0A, 0x0A,
    0x0A, 0x0F, 0x0E, 0x0E, 0x0E, 0x0A, 0x0A, 0x10, 0x10, 0x0A, 0x0F, 0x0E, 0x0D, 0x0D, 0x0F, 0x11, 0x0A, 0x0E, 0x0F, 0x0E, 0x0D, 0x0F, 0x0F, 0x0C,
    0x0C, 0x0B, 0x09, 0x0D, 0x0A, 0x0F, 0x0D, 0x0D, 0x0D, 0x0E, 0x0E, 0x0E, 0x0D, 0x0D, 0x0C, 0x0B, 0x0D, 0x0D, 0x0C, 0x0D, 0x0D, 0x0C, 0x0D, 0x0D,
    0x0E, 0x0D, 0x0C, 0x09, 0x0B, 0x0B, 0x09, 0x09, 0x03, 0x09, 0x0B, 0x0B, 0x0C, 0x0E, 0x0D, 0x0D, 0x0D, 0x0B, 0x09, 0x09, 0x09, 0x09, 0x05, 0x0D,
    0x0E, 0x0B, 0x0B, 0x05, 0x0B, 0x09, 0x0C, 0x0C, 0x0D, 0x0C, 0x0C, 0x09, 0x0B, 0x09, 0x0C, 0x0C, 0x0B, 0x09, 0x0B, 0x09, 0x0B, 0x0B, 0x09, 0x03,
    0x05, 0x0C, 0x0B, 0x09, 0x09, 0x05, 0x0B, 0x09, 0x09, 0x0B, 0x0B, 0x0B, 0x05, 0x05, 0x0B, 0x0C, 0x0D, 0x0D, 0x0E, 0x0D, 0x0C, 0x0B, 0x0B, 0x05,
    0x03, 0x0C, 0x0E, 0x0E, 0x0E, 0x0C, 0x0C, 0x0C, 0x0B, 0x0C, 0x0C, 0x0C, 0x0C, 0x0C, 0x0E, 0x0A, 0x0A, 0x0E, 0x0D, 0x0C, 0x0B, 0x09, 0x0B, 0x0B,
    0x0C, 0x05, 0x03, 0x0B, 0x0C, 0x0D, 0x0E, 0x0E, 0x0D, 0x0C, 0x0C, 0x0E, 0x0D, 0x0B, 0x0B, 0x05, 0x0B, 0x0C, 0x0C, 0x0B, 0x0B, 0x0D, 0x0E, 0x0D,
    0x0A, 0x0F, 0x0F, 0x0D, 0x0F, 0x0F, 0x0E, 0x0E, 0x0F, 0x0E, 0x0E, 0x0E, 0x0F, 0x0E, 0x0E, 0x0A, 0x0F, 0x0A, 0x0A, 0x0A, 0x11, 0x10, 0x10, 0x10,
    0x10, 0x0A, 0x0F, 0x0A, 0x0F, 0x0A, 0x0F, 0x0E, 0x0F, 0x11, 0x11, 0x0E, 0x0F, 0x0D, 0x0E, 0x0C, 0x0F, 0x0F, 0x13, 0x11, 0x0A, 0x0F, 0x0F, 0x0F,
    0x0F, 0x0E, 0x0E, 0x0D, 0x0C, 0x0A, 0x10, 0x0A, 0x0E, 0x0C, 0x0C, 0x0D, 0x0F, 0x0F, 0x0E, 0x0E, 0x0E, 0x0D, 0x0D, 0x0E, 0x0C, 0x09, 0x0B, 0x0D,
    0x0C, 0x0C, 0x0C, 0x0B, 0x0D, 0x0B, 0x09, 0x09, 0x09, 0x0B, 0x0B, 0x0B, 0x05, 0x03, 0x05, 0x0C, 0x0E, 0x0E, 0x0D, 0x0B, 0x0C, 0x0B, 0x09, 0x05,
    0x05, 0x0C, 0x0E, 0x11, 0x0C, 0x09, 0x09, 0x09, 0x05, 0x09, 0x0B, 0x05, 0x09, 0x09, 0x0D, 0x0B, 0x0C, 0x0E, 0x0C, 0x0B, 0x05, 0x05, 0x0B, 0x0C,
    0x0B, 0x0B, 0x0B, 0x0B, 0x0B, 0x05, 0x09, 0x0B, 0x0B, 0x05, 0x0C, 0x0B, 0x0F, 0x0D, 0x09, 0x03, 0x03, 0x01, 0x05, 0x0B, 0x0C, 0x0D, 0x0E, 0x0E,
    0x0E, 0x0C, 0x0B, 0x0B, 0x0B, 0x02, 0x0C, 0x0D, 0x0E, 0x0F, 0x0E, 0x0D, 0x09, 0x09, 0x0B, 0x0B, 0x0C, 0x0C, 0x0C, 0x0D, 0x0C, 0x05, 0x0C, 0x0B,
    0x09, 0x05, 0x0B, 0x0D, 0x0B, 0x0B, 0x0B, 0x0B, 0x0B, 0x0E, 0x0A, 0x0E, 0x0B, 0x0B, 0x0B, 0x09, 0x0B, 0x0C, 0x0B, 0x0B, 0x09, 0x0B, 0x0C, 0x0C,
    0x0C, 0x0B, 0x0C, 0x0D, 0x0F, 0x0F, 0x0F, 0x0D, 0x0D, 0x0D, 0x0E, 0x0D, 0x0E, 0x0C, 0x0E, 0x0E, 0x0F, 0x0F, 0x10, 0x0A, 0x0D, 0x0A, 0x0A, 0x0A,
    0x0A, 0x0A, 0x0A, 0x0A, 0x0A, 0x0A, 0x0A, 0x0F, 0x0F, 0x0F, 0x0E, 0x0E, 0x0F, 0x0E, 0x11, 0x0A, 0x0C, 0x05, 0x0B, 0x0D, 0x0D, 0x0E, 0x0E, 0x0C,
    0x0E, 0x0E, 0x0E, 0x0E, 0x0E, 0x0E, 0x0D, 0x0E, 0x0D, 0x0F, 0x0D, 0x0E, 0x0E, 0x0E, 0x0F, 0x0D, 0x0D, 0x0D, 0x05, 0x0C, 0x0D, 0x0D, 0x0B, 0x0C,
    0x0C, 0x0C, 0x09, 0x0B, 0x09, 0x0B, 0x09, 0x09, 0x0B, 0x09, 0x09, 0x0B, 0x09, 0x09, 0x0D, 0x0C, 0x05, 0x05, 0x05, 0x0B, 0x0D, 0x0E, 0x09, 0x0D,
    0x0C, 0x0E, 0x0C, 0x09, 0x09, 0x09, 0x0B, 0x0B, 0x09, 0x09, 0x0B, 0x0C, 0x0B, 0x09, 0x09, 0x0B, 0x0B, 0x01, 0x0B, 0x0B, 0x0B, 0x09, 0x0B, 0x09,
    0x03, 0x03, 0x09, 0x0C, 0x0D, 0x0F, 0x0D, 0x0C, 0x0C, 0x0B, 0x0E, 0x0B, 0x03, 0x0B, 0x09, 0x09, 0x09, 0x05, 0x09, 0x0B, 0x09, 0x05, 0x09, 0x0C,
    0x0C, 0x0D, 0x0D, 0x0C, 0x0C, 0x0D, 0x0F, 0x0F, 0x0D, 0x0B, 0x03, 0x03, 0x03, 0x0B, 0x0C, 0x0C, 0x0B, 0x0C, 0x0C, 0x0B, 0x0C, 0x0D, 0x0C, 0x0C,
    0x0C, 0x0C, 0x05, 0x05, 0x0B, 0x05, 0x03, 0x03, 0x03, 0x05, 0x0B, 0x0B, 0x0D, 0x0F, 0x0F, 0x0B, 0x09, 0x05, 0x03, 0x05, 0x09, 0x09, 0x0B, 0x0B,
    0x0C, 0x0C, 0x0B, 0x0D, 0x0C, 0x0B, 0x05, 0x09, 0x0E, 0x0E, 0x0E, 0x0F, 0x0E, 0x0E, 0x0F, 0x0D, 0x0D, 0x0E, 0x0F, 0x0F, 0x11, 0x0A, 0x0E, 0x0A,
    0x0A, 0x0E, 0x0E, 0x10, 0x10, 0x10, 0x0A, 0x0F, 0x0F, 0x0A, 0x0F, 0x0E, 0x0E, 0x0A, 0x0A, 0x0A, 0x0F, 0x0A, 0x0A, 0x0C, 0x05, 0x0D, 0x0D, 0x0D,
    0x0D, 0x0B, 0x0B, 0x0D, 0x0E, 0x0F, 0x0A, 0x11, 0x0F, 0x0D, 0x0D, 0x0F, 0x0D, 0x0D, 0x0E, 0x0F, 0x0E, 0x0D, 0x0C, 0x0D, 0x0C, 0x0B, 0x03, 0x09,
    0x0D, 0x0D, 0x0C, 0x0C, 0x0C, 0x0E, 0x0D, 0x0C, 0x0C, 0x0B, 0x0B, 0x09, 0x03, 0x01, 0x02, 0x09, 0x0B, 0x09, 0x09, 0x0B, 0x09, 0x09, 0x05, 0x09,
    0x0B, 0x0C, 0x0D, 0x0D, 0x0C, 0x0D, 0x09, 0x09, 0x0B, 0x05, 0x05, 0x03, 0x03, 0x05, 0x09, 0x09, 0x0B, 0x0B, 0x0C, 0x0C, 0x0C, 0x05, 0x09, 0x0D,
    0x09, 0x02, 0x05, 0x0B, 0x0B, 0x0B, 0x05, 0x09, 0x0B, 0x0B, 0x0C, 0x09, 0x09, 0x0C, 0x0C, 0x0C, 0x0B, 0x05, 0x03, 0x0C, 0x0C, 0x0C, 0x09, 0x09,
    0x0B, 0x0D, 0x0C, 0x0B, 0x0B, 0x0C, 0x0B, 0x0C, 0x0D, 0x0D, 0x0C, 0x0C, 0x0C, 0x0B, 0x0E, 0x11, 0x0F, 0x0E, 0x0D, 0x0C, 0x0B, 0x0B, 0x0B, 0x0C,
    0x0B, 0x0B, 0x09, 0x09, 0x0B, 0x0B, 0x0B, 0x0B, 0x0C, 0x0C, 0x0D, 0x0C, 0x0D, 0x03, 0x03, 0x05, 0x0B, 0x0C, 0x0B, 0x0B, 0x0B, 0x0B, 0x0C, 0x09,
    0x02, 0x09, 0x0C, 0x0B, 0x05, 0x05, 0x0B, 0x09, 0x0C, 0x0C, 0x0B, 0x0E, 0x0E, 0x0F, 0x0F, 0x0F, 0x0E, 0x0F, 0x0E, 0x0D, 0x0C, 0x0F, 0x0A, 0x0F,
    0x0E, 0x11, 0x11, 0x0F, 0x0E, 0x0A, 0x0A, 0x11, 0x0A, 0x0F, 0x0F, 0x0F, 0x0F, 0x0F, 0x0E, 0x0F, 0x0F, 0x0E, 0x0F, 0x0A, 0x11, 0x0E, 0x0F, 0x0E,
    0x0B, 0x0B, 0x0B, 0x0B, 0x0B, 0x09, 0x0D, 0x0F, 0x0E, 0x0F, 0x0F, 0x0A, 0x11, 0x11, 0x0D, 0x0D, 0x0D, 0x0F, 0x0D, 0x0E, 0x0E, 0x0E, 0x0A, 0x11,
    0x11, 0x0F, 0x0C, 0x0C, 0x0C, 0x0D, 0x0B, 0x0C, 0x0B, 0x0D, 0x0D, 0x0D, 0x0D, 0x0B, 0x0B, 0x09, 0x05, 0x02, 0x03, 0x09, 0x0B, 0x0B, 0x09, 0x0B,
    0x0C, 0x0C, 0x0D, 0x09, 0x0B, 0x09, 0x0C, 0x0D, 0x09, 0x0B, 0x0C, 0x0B, 0x09, 0x0B, 0x0B, 0x09, 0x09, 0x0C, 0x0C, 0x0B, 0x0C, 0x0B, 0x09, 0x0B,
    0x0C, 0x0D, 0x0B, 0x0B, 0x09, 0x0B, 0x0B, 0x0B, 0x0C, 0x0C, 0x0B, 0x05, 0x05, 0x09, 0x09, 0x05, 0x05, 0x05, 0x03, 0x05, 0x0B, 0x0B, 0x0C, 0x09,
    0x0B, 0x0B, 0x09, 0x09, 0x09, 0x09, 0x0E, 0x0E, 0x0B, 0x09, 0x09, 0x0B, 0x0B, 0x0B, 0x0B, 0x0C, 0x0E, 0x0D, 0x0C, 0x0D, 0x0C, 0x0D, 0x0C, 0x0B,
    0x0B, 0x09, 0x09, 0x05, 0x0B, 0x0C, 0x0B, 0x05, 0x09, 0x0C, 0x09, 0x0B, 0x0E, 0x0D, 0x0D, 0x0E, 0x0A, 0x0D, 0x0C, 0x0B, 0x0C, 0x05, 0x05, 0x05,
    0x0C, 0x0D, 0x0C, 0x0B, 0x0C, 0x0D, 0x0B, 0x09, 0x05, 0x05, 0x09, 0x0B, 0x0B, 0x0B, 0x0C, 0x0D, 0x0E, 0x0E, 0x0F, 0x0F, 0x0F, 0x0E, 0x0E, 0x0D,
    0x0D, 0x0E, 0x0E, 0x0F, 0x0A, 0x0A, 0x0E, 0x0E, 0x0E, 0x0A, 0x0F, 0x0E, 0x0E, 0x0F, 0x0F, 0x0F, 0x0A, 0x0F, 0x0F, 0x0E, 0x0A, 0x0A, 0x0F, 0x0F,
    0x0E, 0x0D, 0x0E, 0x0D, 0x09, 0x02, 0x05, 0x05, 0x03, 0x09, 0x0C, 0x0D, 0x0E, 0x0A, 0x0F, 0x0F, 0x0D, 0x0E, 0x0D, 0x0D, 0x0C, 0x0F, 0x0C, 0x09,
    0x0D, 0x0E, 0x0F, 0x0E, 0x0D, 0x0D, 0x0D, 0x0D, 0x09, 0x05, 0x0B, 0x0D, 0x0E, 0x0E, 0x0C, 0x0C, 0x0F, 0x0E, 0x0C, 0x0D, 0x0E, 0x0C, 0x09, 0x05,
    0x09, 0x0B, 0x0B, 0x0B, 0x09, 0x09, 0x0D, 0x0C, 0x0B, 0x0B, 0x09, 0x05, 0x0C, 0x09, 0x03, 0x05, 0x09, 0x09, 0x0E, 0x0C, 0x09, 0x0B, 0x0D, 0x0E,
    0x0C, 0x0B, 0x09, 0x05, 0x09, 0x0B, 0x0B, 0x09, 0x0B, 0x05, 0x05, 0x01, 0x0B, 0x09, 0x03, 0x03, 0x03, 0x03, 0x09, 0x09, 0x05, 0x03, 0x03, 0x05,
    0x09, 0x09, 0x0B, 0x0D, 0x05, 0x05, 0x05, 0x05, 0x05, 0x09, 0x0B, 0x0C, 0x0C, 0x0B, 0x09, 0x05, 0x05, 0x02, 0x05, 0x0B, 0x0D, 0x0E, 0x0B, 0x05,
    0x0B, 0x0B, 0x0C, 0x0C, 0x05, 0x05, 0x05, 0x0B, 0x0C, 0x0C, 0x0B, 0x0B, 0x05, 0x0B, 0x0B, 0x0B, 0x0E, 0x0C, 0x0D, 0x0C, 0x0C, 0x0D, 0x0B, 0x09,
    0x0B, 0x0C, 0x0B, 0x0B, 0x0B, 0x0B, 0x05, 0x09, 0x0B, 0x05, 0x09, 0x05, 0x05, 0x0B, 0x09, 0x09, 0x0B, 0x0B, 0x0B, 0x0B, 0x0F, 0x0D, 0x0F, 0x0F,
    0x0E, 0x0E, 0x0F, 0x0D, 0x0B, 0x0C, 0x0D, 0x0A, 0x0E, 0x0E, 0x0F, 0x0D, 0x0A, 0x0D, 0x0F, 0x0E, 0x0E, 0x0E, 0x0E, 0x0E, 0x0E, 0x0E, 0x0E, 0x0F,
    0x0F, 0x0A, 0x0A, 0x0F, 0x0F, 0x0D, 0x05, 0x01, 0x05, 0x0C, 0x09, 0x09, 0x0D, 0x0D, 0x0C, 0x0E, 0x0A, 0x0A, 0x0A, 0x0A, 0x0F, 0x0E, 0x0E, 0x0D,
    0x0D, 0x0B, 0x0D, 0x0A, 0x13, 0x0E, 0x0C, 0x0C, 0x0C, 0x0C, 0x0B, 0x0B, 0x0C, 0x09, 0x09, 0x0C, 0x0C, 0x09, 0x0B, 0x0D, 0x0E, 0x0D, 0x0B, 0x09,
    0x09, 0x0B, 0x09, 0x0B, 0x09, 0x0C, 0x0F, 0x0F, 0x0B, 0x06, 0x05, 0x0D, 0x0B, 0x0B, 0x09, 0x05, 0x09, 0x09, 0x09, 0x0D, 0x0D, 0x0B, 0x0B, 0x0B,
    0x0D, 0x0D, 0x0B, 0x09, 0x0B, 0x09, 0x09, 0x0B, 0x09, 0x09, 0x0C, 0x0C, 0x0B, 0x09, 0x03, 0x09, 0x0C, 0x0B, 0x09, 0x05, 0x05, 0x09, 0x05, 0x05,
    0x05, 0x05, 0x05, 0x05, 0x05, 0x05, 0x09, 0x09, 0x05, 0x0B, 0x09, 0x09, 0x0B, 0x0C, 0x0D, 0x0B, 0x0B, 0x09, 0x09, 0x09, 0x0B, 0x0C, 0x0B, 0x0B,
    0x0C, 0x0C, 0x0B, 0x0B, 0x0B, 0x05, 0x09, 0x0C, 0x0B, 0x09, 0x09, 0x09, 0x0C, 0x0C, 0x0B, 0x09, 0x0C, 0x0B, 0x0C, 0x0C, 0x0D, 0x0D, 0x0D, 0x09,
    0x0B, 0x09, 0x0B, 0x05, 0x05, 0x0B, 0x0C, 0x0D, 0x0B, 0x0B, 0x0B, 0x0C, 0x0D, 0x0B, 0x03, 0x09, 0x05, 0x09, 0x0D, 0x0B, 0x0B, 0x0B, 0x0B, 0x0B,
    0x0F, 0x0F, 0x0A, 0x0F, 0x0F, 0x0F, 0x0E, 0x0D, 0x0D, 0x0D, 0x0C, 0x0D, 0x0F, 0x0F, 0x0F, 0x0D, 0x0D, 0x0D, 0x0E, 0x0E, 0x0E, 0x0F, 0x0E, 0x0F,
    0x0F, 0x0F, 0x0F, 0x0F, 0x0E, 0x0F, 0x0F, 0x0F, 0x0F, 0x0D, 0x0B, 0x0D, 0x0D, 0x0C, 0x0E, 0x0F, 0x10, 0x10, 0x0E, 0x0D, 0x0E, 0x0A, 0x0F, 0x0E,
    0x0D, 0x0C, 0x0E, 0x0D, 0x0A, 0x0A, 0x0A, 0x11, 0x0A, 0x11, 0x0B, 0x09, 0x09, 0x0C, 0x0B, 0x09, 0x0B, 0x0C, 0x0B, 0x0C, 0x0B, 0x0D, 0x0F, 0x0E,
    0x0C, 0x0C, 0x05, 0x01, 0x02, 0x09, 0x09, 0x09, 0x09, 0x0C, 0x0E, 0x0D, 0x0E, 0x0E, 0x05, 0x05, 0x05, 0x0C, 0x0C, 0x05, 0x0C, 0x09, 0x0B, 0x0C,
    0x0C, 0x0B, 0x0B, 0x0B, 0x0C, 0x0D, 0x0D, 0x0C, 0x0C, 0x0C, 0x0B, 0x05, 0x0B, 0x0E, 0x0D, 0x0D, 0x0C, 0x0B, 0x0D, 0x0D, 0x0C, 0x0B, 0x0C, 0x0B,
    0x09, 0x05, 0x09, 0x05, 0x05, 0x09, 0x09, 0x05, 0x05, 0x03, 0x05, 0x03, 0x03, 0x05, 0x0B, 0x0C, 0x09, 0x05, 0x09, 0x0B, 0x0B, 0x09, 0x09, 0x0B,
    0x0B, 0x09, 0x0B, 0x0D, 0x0B, 0x0C, 0x0B, 0x0B, 0x0B, 0x0C, 0x0C, 0x09, 0x0B, 0x0B, 0x09, 0x0B, 0x0B, 0x0B, 0x0B, 0x0B, 0x0B, 0x0B, 0x0B, 0x0C,
    0x0B, 0x0C, 0x0C, 0x09, 0x02, 0x05, 0x0C, 0x0D, 0x0C, 0x03, 0x05, 0x0D, 0x0C, 0x0B, 0x0B, 0x0B, 0x0B, 0x0B, 0x02, 0x05, 0x0B, 0x0B, 0x0C, 0x0B,
    0x0C, 0x0C, 0x0B, 0x0B, 0x0F, 0x0F, 0x0E, 0x0E, 0x0F, 0x0E, 0x0D, 0x0A, 0x0D, 0x0C, 0x0D, 0x0D, 0x0E, 0x0E, 0x0D, 0x0D, 0x0C, 0x0B, 0x0E, 0x0F,
    0x0D, 0x0E, 0x0E, 0x0F, 0x0D, 0x0E, 0x0D, 0x0D, 0x0D, 0x0D, 0x0E, 0x0D, 0x0B, 0x09, 0x0B, 0x0D, 0x0D, 0x0C, 0x11, 0x10, 0x12, 0x12, 0x10, 0x0F,
    0x0D, 0x0F, 0x0F, 0x0E, 0x0E, 0x0D, 0x0B, 0x0E, 0x0F, 0x10, 0x11, 0x0F, 0x0E, 0x0D, 0x0F, 0x0D, 0x0C, 0x0D, 0x0E, 0x0B, 0x0B, 0x0D, 0x0D, 0x0C,
    0x0C, 0x0C, 0x0D, 0x0E, 0x0C, 0x0B, 0x02, 0x05, 0x0B, 0x0B, 0x05, 0x0B, 0x0C, 0x0D, 0x0D, 0x0D, 0x0E, 0x0F, 0x0E, 0x09, 0x05, 0x03, 0x0C, 0x0B,
    0x05, 0x0B, 0x0C, 0x0C, 0x0B, 0x0D, 0x0B, 0x0D, 0x0C, 0x0C, 0x0C, 0x0D, 0x0E, 0x0E, 0x0E, 0x0B, 0x0B, 0x0E, 0x0B, 0x09, 0x0D, 0x0D, 0x0C, 0x0C,
    0x0B, 0x0C, 0x0D, 0x0C, 0x0B, 0x09, 0x09, 0x0B, 0x0B, 0x0B, 0x05, 0x03, 0x05, 0x03, 0x05, 0x05, 0x01, 0x05, 0x0B, 0x09, 0x09, 0x05, 0x09, 0x0B,
    0x09, 0x09, 0x09, 0x05, 0x09, 0x09, 0x0B, 0x0D, 0x0D, 0x0B, 0x0B, 0x0B, 0x0D, 0x0D, 0x0B, 0x0B, 0x0B, 0x0B, 0x0B, 0x09, 0x0C, 0x0C, 0x0D, 0x0C,
    0x03, 0x05, 0x0C, 0x0D, 0x0E, 0x0E, 0x0B, 0x05, 0x05, 0x05, 0x0B, 0x0B, 0x0C, 0x09, 0x05, 0x05, 0x05, 0x05, 0x03, 0x05, 0x0B, 0x0B, 0x03, 0x05,
    0x09, 0x0C, 0x0B, 0x0B, 0x0B, 0x0B, 0x0C, 0x0D, 0x0D, 0x0E, 0x0E, 0x0D, 0x0D, 0x0D, 0x0E, 0x0D, 0x0C, 0x0E, 0x0D, 0x0E, 0x0D, 0x0D, 0x0D, 0x0B,
    0x09, 0x0B, 0x0B, 0x0D, 0x0D, 0x0E, 0x0D, 0x0D, 0x0D, 0x0D, 0x0D, 0x0C, 0x0C, 0x0B, 0x0B, 0x0C, 0x03, 0x05, 0x0C, 0x0D, 0x0B, 0x0F, 0x11, 0x10,
    0x11, 0x11, 0x12, 0x13, 0x0D, 0x0C, 0x0F, 0x0F, 0x0D, 0x0C, 0x0D, 0x0D, 0x0E, 0x0F, 0x0F, 0x0B, 0x0B, 0x0D, 0x0C, 0x0B, 0x0C, 0x0D, 0x0F, 0x0D,
    0x0D, 0x0D, 0x0C, 0x0C, 0x0D, 0x0D, 0x0E, 0x0D, 0x0D, 0x09, 0x0C, 0x0D, 0x0A, 0x0D, 0x0B, 0x05, 0x09, 0x0D, 0x0D, 0x0D, 0x0B, 0x0C, 0x0D, 0x0E,
    0x0C, 0x09, 0x09, 0x09, 0x0E, 0x09, 0x0B, 0x09, 0x0B, 0x0B, 0x0C, 0x0C, 0x0C, 0x0B, 0x0C, 0x0B, 0x0B, 0x0C, 0x0C, 0x0E, 0x0B, 0x09, 0x0B, 0x0C,
    0x0D, 0x0D, 0x0B, 0x0B, 0x0C, 0x0B, 0x0B, 0x0B, 0x0B, 0x09, 0x0B, 0x0B, 0x0B, 0x09, 0x09, 0x09, 0x05, 0x05, 0x05, 0x03, 0x03, 0x09, 0x0C, 0x0D,
    0x0D, 0x0C, 0x0B, 0x0B, 0x0B, 0x03, 0x01, 0x03, 0x0B, 0x0C, 0x0B, 0x0B, 0x09, 0x0C, 0x0B, 0x05, 0x0B, 0x0C, 0x0D, 0x0B, 0x0B, 0x09, 0x09, 0x09,
    0x09, 0x05, 0x09, 0x0D, 0x09, 0x03, 0x09, 0x0D, 0x0E, 0x0E, 0x09, 0x05, 0x0C, 0x0B, 0x05, 0x05, 0x0C, 0x0C, 0x0B, 0x05, 0x04, 0x06, 0x06, 0x04,
    0x02, 0x02, 0x0B, 0x05, 0x0B, 0x0D, 0x0B, 0x0C, 0x0C, 0x0D, 0x0C, 0x0B, 0x0D, 0x0D, 0x0D, 0x0D, 0x0F, 0x0D, 0x0D, 0x0F, 0x0F, 0x0D, 0x0C, 0x0D,
    0x0D, 0x0B, 0x0B, 0x05, 0x05, 0x0B, 0x0B, 0x0D, 0x0D, 0x0C, 0x0D, 0x0C, 0x0C, 0x0C, 0x0C, 0x0D, 0x0C, 0x0C, 0x0C, 0x0B, 0x0B, 0x0B, 0x0B, 0x0B,
    0x0B, 0x0F, 0x0F, 0x0A, 0x0D, 0x0E, 0x0A, 0x11, 0x10, 0x0E, 0x0D, 0x0D, 0x0E, 0x0F, 0x0D, 0x0D, 0x0E, 0x0B, 0x0B, 0x0D, 0x0C, 0x09, 0x0D, 0x0D,
    0x0C, 0x0D, 0x0D, 0x0C, 0x0C, 0x0C, 0x0D, 0x09, 0x05, 0x0B, 0x0D, 0x0E, 0x0D, 0x0F, 0x11, 0x11, 0x0F, 0x0C, 0x09, 0x01, 0x05, 0x0B, 0x0D, 0x0D,
    0x0D, 0x0D, 0x0B, 0x0B, 0x09, 0x0C, 0x0D, 0x0D, 0x0B, 0x0B, 0x0B, 0x09, 0x09, 0x0B, 0x0C, 0x0D, 0x0C, 0x0D, 0x0D, 0x09, 0x09, 0x09, 0x0D, 0x0C,
    0x0D, 0x0B, 0x0D, 0x0C, 0x0B, 0x09, 0x09, 0x05, 0x09, 0x03, 0x03, 0x05, 0x0D, 0x0F, 0x0F, 0x0C, 0x0B, 0x0B, 0x05, 0x09, 0x0D, 0x05, 0x05, 0x01,
    0x03, 0x05, 0x0C, 0x0B, 0x0D, 0x0E, 0x0D, 0x0B, 0x09, 0x0B, 0x0D, 0x09, 0x03, 0x03, 0x09, 0x0B, 0x0B, 0x0B, 0x0D, 0x0C, 0x0B, 0x0B, 0x0B, 0x0B,
    0x0B, 0x0B, 0x0B, 0x09, 0x09, 0x09, 0x0E, 0x0D, 0x0B, 0x09, 0x05, 0x05, 0x05, 0x05, 0x05, 0x05, 0x09, 0x0B, 0x0B, 0x0C, 0x0C, 0x0B, 0x0B, 0x0D,
    0x0B, 0x0D, 0x0C, 0x0C, 0x09, 0x0B, 0x05, 0x09, 0x0D, 0x0C, 0x0B, 0x0B, 0x0B, 0x0C, 0x0C, 0x0C, 0x0D, 0x0C, 0x0C, 0x0D, 0x0C, 0x0C, 0x0C, 0x0C,
    0x0E, 0x0A, 0x0D, 0x05, 0x0B, 0x05, 0x03, 0x04, 0x05, 0x05, 0x0C, 0x0C, 0x0C, 0x0B, 0x0D, 0x0F, 0x0D, 0x0C, 0x0B, 0x0B, 0x0C, 0x0D, 0x0D, 0x0B,
    0x0B, 0x0C, 0x0B, 0x0C, 0x0C, 0x0D, 0x0D, 0x0D, 0x0E, 0x0E, 0x0E, 0x0F, 0x11, 0x0A, 0x0E, 0x0D, 0x0D, 0x0D, 0x0A, 0x11, 0x0B, 0x0C, 0x0D, 0x0E,
    0x0C, 0x0D, 0x0D, 0x0C, 0x0D, 0x0C, 0x0B, 0x0B, 0x0C, 0x0B, 0x0C, 0x0B, 0x0B, 0x0C, 0x0C, 0x0F, 0x0A, 0x0F, 0x0D, 0x0D, 0x0D, 0x0B, 0x09, 0x01,
    0x02, 0x0C, 0x0A, 0x0B, 0x0B, 0x0C, 0x0C, 0x09, 0x05, 0x0B, 0x09, 0x0B, 0x0B, 0x0C, 0x0D, 0x0B, 0x03, 0x09, 0x0D, 0x0C, 0x0D, 0x0D, 0x0E, 0x0F,
    0x0D, 0x0D, 0x0B, 0x0D, 0x0E, 0x0C, 0x0B, 0x0B, 0x0C, 0x0B, 0x09, 0x05, 0x09, 0x0B, 0x0B, 0x0B, 0x0B, 0x0D, 0x0D, 0x0C, 0x0B, 0x0C, 0x05, 0x03,
    0x05, 0x0B, 0x0B, 0x0C, 0x0C, 0x05, 0x03, 0x05, 0x0C, 0x0C, 0x0B, 0x09, 0x0B, 0x09, 0x0B, 0x09, 0x0B, 0x09, 0x09, 0x0C, 0x09, 0x0C, 0x0B, 0x0C,
    0x09, 0x09, 0x09, 0x0B, 0x05, 0x0B, 0x0E, 0x0C, 0x0C, 0x0B, 0x0B, 0x0C, 0x0D, 0x05, 0x0B, 0x05, 0x09, 0x05, 0x02, 0x01, 0x05, 0x0C, 0x0B, 0x0B,
    0x0B, 0x0B, 0x09, 0x09, 0x0B, 0x0B, 0x0B, 0x0B, 0x09, 0x0C, 0x09, 0x0B, 0x0B, 0x05, 0x03, 0x0B, 0x0D, 0x0D, 0x0B, 0x05, 0x09, 0x0B, 0x03, 0x05,
    0x05, 0x05, 0x03, 0x05, 0x09, 0x0C, 0x0D, 0x0B, 0x03, 0x06, 0x06, 0x06, 0x05, 0x0E, 0x0B, 0x0B, 0x0B, 0x0C, 0x0D, 0x0E, 0x0D, 0x0D, 0x0C, 0x0C,
    0x0C, 0x0C, 0x05, 0x03, 0x09, 0x0F, 0x0C, 0x0D, 0x0E, 0x0A, 0x0E, 0x0A, 0x10, 0x11, 0x0F, 0x0F, 0x0F, 0x0C, 0x0B, 0x0C, 0x0D, 0x0F, 0x0D, 0x0E,
    0x0F, 0x0D, 0x09, 0x0B, 0x0D, 0x0F, 0x0D, 0x0C, 0x0D, 0x03, 0x05, 0x0D, 0x0D, 0x0D, 0x0C, 0x0D, 0x0F, 0x0E, 0x0E, 0x0D, 0x0E, 0x0D, 0x0C, 0x0B,
    0x09, 0x0B, 0x09, 0x03, 0x03, 0x0C, 0x0E, 0x0E, 0x0D, 0x09, 0x09, 0x0E, 0x0D, 0x0B, 0x04, 0x01, 0x0D, 0x09, 0x0B, 0x0D, 0x0D, 0x0B, 0x09, 0x0B,
    0x0B, 0x09, 0x09, 0x0B, 0x0B, 0x0C, 0x0B, 0x0B, 0x0B, 0x0B, 0x0C, 0x0B, 0x0B, 0x0B, 0x0B, 0x02, 0x05, 0x09, 0x0D, 0x0D, 0x0D, 0x0C, 0x0D, 0x0C,
    0x05, 0x0B, 0x0B, 0x03, 0x09, 0x0B, 0x0B, 0x05, 0x05, 0x05, 0x06, 0x04, 0x0B, 0x0B, 0x09, 0x05, 0x05, 0x09, 0x09, 0x05, 0x05, 0x05, 0x03, 0x09,
    0x0D, 0x05, 0x09, 0x05, 0x09, 0x0B, 0x09, 0x0B, 0x0C, 0x0C, 0x0B, 0x09, 0x05, 0x01, 0x09, 0x0D, 0x0B, 0x05, 0x0F, 0x0D, 0x0B, 0x0B, 0x0D, 0x0B,
    0x0B, 0x0B, 0x0B, 0x0D, 0x0D, 0x0B, 0x0B, 0x09, 0x09, 0x0B, 0x0B, 0x0C, 0x09, 0x09, 0x05, 0x02, 0x0C, 0x0B, 0x03, 0x02, 0x05, 0x09, 0x09, 0x09,
    0x0C, 0x0C, 0x0C, 0x05, 0x01, 0x03, 0x05, 0x03, 0x0B, 0x0C, 0x0C, 0x0D, 0x0B, 0x0B, 0x0E, 0x0D, 0x09, 0x03, 0x05, 0x03, 0x03, 0x03, 0x09, 0x0B,
    0x0B, 0x0C, 0x0C, 0x0C, 0x0B, 0x02, 0x06, 0x02, 0x0C, 0x11, 0x0F, 0x0B, 0x0D, 0x0E, 0x10, 0x0F, 0x0D, 0x0D, 0x0C, 0x0E, 0x0F, 0x0B, 0x05, 0x0D,
    0x0D, 0x0D, 0x0C, 0x0C, 0x0D, 0x0A, 0x0C, 0x05, 0x0D, 0x0E, 0x0D, 0x0C, 0x0D, 0x0D, 0x0C, 0x0B, 0x09, 0x09, 0x0B, 0x0C, 0x0D, 0x0C, 0x0C, 0x0D,
    0x0B, 0x05, 0x0B, 0x05, 0x03, 0x09, 0x0D, 0x0E, 0x0D, 0x09, 0x0B, 0x0C, 0x0D, 0x0B, 0x0B, 0x0C, 0x0D, 0x0D, 0x02, 0x02, 0x0E, 0x0B, 0x0D, 0x0B,
    0x09, 0x0B, 0x09, 0x09, 0x0B, 0x0B, 0x0B, 0x0B, 0x0C, 0x0B, 0x0B, 0x0C, 0x0C, 0x0D, 0x0C, 0x09, 0x09, 0x03, 0x05, 0x03, 0x05, 0x0B, 0x09, 0x0C,
    0x0B, 0x05, 0x09, 0x0B, 0x05, 0x09, 0x09, 0x05, 0x02, 0x0B, 0x0B, 0x05, 0x0B, 0x0B, 0x0E, 0x0E, 0x01, 0x01, 0x05, 0x0B, 0x0B, 0x09, 0x03, 0x01,
    0x03, 0x09, 0x0C, 0x09, 0x05, 0x09, 0x0C, 0x0B, 0x0B, 0x05, 0x03, 0x09, 0x0C, 0x0C, 0x0C, 0x0B, 0x09, 0x09, 0x05, 0x05, 0x0B, 0x0B, 0x0B, 0x0D,
    0x0C, 0x09, 0x0C, 0x0D, 0x0D, 0x0B, 0x0C, 0x09, 0x09, 0x0B, 0x0B, 0x0B, 0x0B, 0x0B, 0x09, 0x0B, 0x09, 0x09, 0x0B, 0x03, 0x02, 0x02, 0x05, 0x0B,
    0x0B, 0x05, 0x0B, 0x0B, 0x0D, 0x0C, 0x0D, 0x0E, 0x0C, 0x0D, 0x0D, 0x0D, 0x0C, 0x0D, 0x0D, 0x0D, 0x0D, 0x0D, 0x0C, 0x0A, 0x0D, 0x0D, 0x0C, 0x09,
    0x09, 0x0B, 0x09, 0x09, 0x0B, 0x09, 0x0C, 0x0C, 0x05, 0x04, 0x0B, 0x0F, 0x0E, 0x0F, 0x0C, 0x05, 0x03, 0x0B, 0x0D, 0x0D, 0x05, 0x04, 0x05, 0x0D,
    0x0E, 0x0F, 0x10, 0x0F, 0x0D, 0x09, 0x03, 0x05, 0x0D, 0x0A, 0x0A, 0x0D, 0x0D, 0x0D, 0x0D, 0x0C, 0x0D, 0x0D, 0x0C, 0x0B, 0x0B, 0x09, 0x0B, 0x0C,
    0x0E, 0x0D, 0x09, 0x0C, 0x0C, 0x0D, 0x0B, 0x05, 0x01, 0x01, 0x03, 0x0C, 0x0D, 0x0D, 0x0B, 0x0C, 0x0D, 0x0B, 0x0C, 0x0D, 0x0E, 0x0E, 0x11, 0x0B,
    0x09, 0x0C, 0x0B, 0x05, 0x0C, 0x0C, 0x0C, 0x0C, 0x0B, 0x0C, 0x0C, 0x0C, 0x0B, 0x0C, 0x0C, 0x0B, 0x09, 0x0B, 0x0B, 0x09, 0x09, 0x05, 0x03, 0x05,
    0x09, 0x02, 0x03, 0x0B, 0x09, 0x05, 0x05, 0x05, 0x0B, 0x0B, 0x0C, 0x09, 0x09, 0x0B, 0x09, 0x0B, 0x0B, 0x0C, 0x0B, 0x0B, 0x05, 0x02, 0x04, 0x03,
    0x09, 0x05, 0x05, 0x05, 0x03, 0x09, 0x09, 0x09, 0x0C, 0x0B, 0x0B, 0x0C, 0x0B, 0x09, 0x0C, 0x09, 0x0C, 0x0C, 0x0B, 0x09, 0x0B, 0x0B, 0x09, 0x09,
    0x0C, 0x05, 0x0B, 0x0D, 0x0F, 0x0B, 0x0B, 0x0E, 0x0B, 0x0C, 0x0C, 0x0E, 0x0C, 0x05, 0x09, 0x09, 0x09, 0x0B, 0x09, 0x09, 0x03, 0x03, 0x0C, 0x0C,
    0x09, 0x09, 0x01, 0x09, 0x0F, 0x0C, 0x05, 0x02, 0x0E, 0x0D, 0x0E, 0x0E, 0x0E, 0x0D, 0x0F, 0x0A, 0x0E, 0x0C, 0x0C, 0x0D, 0x0D, 0x09, 0x0B, 0x0F,
    0x0D, 0x0D, 0x0E, 0x0D, 0x0D, 0x0C, 0x0B, 0x05, 0x09, 0x0C, 0x0D, 0x0B, 0x0D, 0x0D, 0x0C, 0x0B, 0x0B, 0x09, 0x09, 0x0B, 0x03, 0x09, 0x09, 0x09,
    0x0B, 0x05, 0x0D, 0x0E, 0x0D, 0x0E, 0x0E, 0x0E, 0x11, 0x0A, 0x0A, 0x0C, 0x0D, 0x0E, 0x0E, 0x0D, 0x0B, 0x09, 0x03, 0x05, 0x0B, 0x0B, 0x0B, 0x0C,
    0x0B, 0x0B, 0x0B, 0x0C, 0x0C, 0x0D, 0x0C, 0x0C, 0x0D, 0x0D, 0x09, 0x01, 0x02, 0x02, 0x03, 0x0B, 0x0E, 0x0D, 0x0B, 0x0B, 0x0B, 0x0B, 0x05, 0x05,
    0x03, 0x09, 0x0E, 0x0E, 0x0B, 0x03, 0x0B, 0x0D, 0x0C, 0x0E, 0x0E, 0x0D, 0x0E, 0x0C, 0x0C, 0x0B, 0x0C, 0x0C, 0x0C, 0x0B, 0x0B, 0x0C, 0x0B, 0x0B,
    0x09, 0x09, 0x03, 0x05, 0x0B, 0x0C, 0x0C, 0x09, 0x09, 0x02, 0x01, 0x09, 0x09, 0x0B, 0x0B, 0x09, 0x03, 0x0C, 0x0B, 0x0B, 0x0B, 0x09, 0x05, 0x05,
    0x0B, 0x0C, 0x0C, 0x0C, 0x01, 0x03, 0x05, 0x03, 0x02, 0x05, 0x09, 0x0C, 0x0D, 0x0B, 0x05, 0x0B, 0x09, 0x05, 0x0B, 0x0D, 0x0D, 0x0D, 0x0C, 0x09,
    0x09, 0x0D, 0x0D, 0x0C, 0x09, 0x09, 0x0D, 0x0C, 0x0C, 0x0C, 0x0C, 0x09, 0x0C, 0x0B, 0x0B, 0x0B, 0x0C, 0x0B, 0x0B, 0x09, 0x0B, 0x09, 0x09, 0x05,
    0x0B, 0x03, 0x01, 0x09, 0x0E, 0x0C, 0x05, 0x0C, 0x0E, 0x0C, 0x05, 0x02, 0x0D, 0x0F, 0x0F, 0x0F, 0x0F, 0x0D, 0x0D, 0x0D, 0x0D, 0x0F, 0x0D, 0x0D,
    0x0B, 0x0B, 0x05, 0x0E, 0x0D, 0x0D, 0x0D, 0x0D, 0x0D, 0x0C, 0x0C, 0x0C, 0x0C, 0x0D, 0x0B, 0x05, 0x03, 0x05, 0x09, 0x03, 0x01, 0x05, 0x03, 0x05,
    0x09, 0x0D, 0x02, 0x04, 0x05, 0x0F, 0x10, 0x0D, 0x0D, 0x0F, 0x0F, 0x0A, 0x0A, 0x0A, 0x0F, 0x0A, 0x0B, 0x11, 0x0F, 0x0D, 0x0D, 0x0D, 0x0C, 0x0C,
    0x09, 0x0C, 0x0C, 0x0C, 0x0D, 0x0D, 0x0D, 0x0D, 0x0D, 0x0D, 0x0C, 0x0C, 0x0D, 0x09, 0x05, 0x05, 0x05, 0x05, 0x09, 0x0E, 0x0C, 0x09, 0x09, 0x09,
    0x0C, 0x0C, 0x0C, 0x0D, 0x0B, 0x09, 0x0B, 0x0B, 0x0B, 0x0D, 0x05, 0x0D, 0x0D, 0x0B, 0x0E, 0x0D, 0x0C, 0x0C, 0x0B, 0x0D, 0x0E, 0x0C, 0x0C, 0x0B,
    0x05, 0x09, 0x05, 0x0B, 0x0B, 0x0B, 0x0B, 0x05, 0x0B, 0x0B, 0x09, 0x0B, 0x0C, 0x09, 0x04, 0x01, 0x09, 0x0B, 0x09, 0x05, 0x02, 0x05, 0x0B, 0x0C,
    0x09, 0x05, 0x05, 0x0B, 0x09, 0x0B, 0x09, 0x03, 0x03, 0x05, 0x05, 0x09, 0x09, 0x05, 0x0B, 0x0C, 0x0D, 0x0C, 0x09, 0x09, 0x0B, 0x0B, 0x0B, 0x0B,
    0x0B, 0x0D, 0x0C, 0x0B, 0x0B, 0x0C, 0x0C, 0x0C, 0x0B, 0x0E, 0x0C, 0x0C, 0x0C, 0x0B, 0x0C, 0x0B, 0x09, 0x05, 0x0B, 0x0B, 0x0B, 0x05, 0x05, 0x05,
    0x03, 0x05, 0x09, 0x0B, 0x0B, 0x09, 0x0B, 0x0D, 0x0B, 0x0C, 0x03, 0x0B, 0x0B, 0x05, 0x03, 0x05, 0x0F, 0x0F, 0x0E, 0x0E, 0x0E, 0x0D, 0x0C, 0x0D,
    0x0E, 0x0E, 0x0D, 0x0C, 0x0C, 0x05, 0x09, 0x0B, 0x0C, 0x05, 0x0B, 0x0C, 0x0C, 0x0D, 0x0D, 0x0D, 0x0D, 0x0D, 0x0B, 0x05, 0x0B, 0x0C, 0x0B, 0x0D,
    0x0A, 0x0D, 0x05, 0x0E, 0x10, 0x0D, 0x0B, 0x05, 0x0F, 0x12, 0x0A, 0x0A, 0x0E, 0x0D, 0x0E, 0x0F, 0x0E, 0x0D, 0x0E, 0x0F, 0x0F, 0x0D, 0x0D, 0x0E,
    0x0A, 0x0D, 0x0D, 0x0F, 0x0E, 0x0C, 0x0E, 0x0F, 0x0D, 0x0D, 0x0E, 0x0C, 0x0C, 0x09, 0x0D, 0x0C, 0x0D, 0x0C, 0x09, 0x09, 0x09, 0x0C, 0x0C, 0x0C,
    0x0B, 0x09, 0x09, 0x0B, 0x0B, 0x0B, 0x0B, 0x0D, 0x0D, 0x0E, 0x0D, 0x0B, 0x0B, 0x09, 0x09, 0x05, 0x0B, 0x03, 0x05, 0x0B, 0x05, 0x03, 0x03, 0x09,
    0x0E, 0x0C, 0x0B, 0x0C, 0x0E, 0x0C, 0x0D, 0x0B, 0x05, 0x09, 0x0C, 0x03, 0x03, 0x0B, 0x0B, 0x09, 0x09, 0x0C, 0x0C, 0x09, 0x0C, 0x0B, 0x09, 0x05,
    0x09, 0x09, 0x09, 0x09, 0x0B, 0x05, 0x03, 0x03, 0x05, 0x0B, 0x0B, 0x09, 0x0B, 0x05, 0x05, 0x09, 0x0B, 0x0B, 0x0B, 0x0B, 0x0D, 0x0C, 0x0B, 0x09,
    0x0B, 0x0B, 0x0C, 0x0D, 0x0C, 0x0B, 0x0B, 0x0B, 0x0B, 0x0C, 0x0D, 0x0E, 0x0E, 0x09, 0x09, 0x0B, 0x0F, 0x0E, 0x0E, 0x0D, 0x0E, 0x0C, 0x0B, 0x0B,
    0x05, 0x02, 0x02, 0x05, 0x05, 0x05, 0x05, 0x03, 0x09, 0x05, 0x05, 0x05, 0x05, 0x0B, 0x0B, 0x05, 0x0D, 0x0C, 0x03, 0x03, 0x0C, 0x0C, 0x0D, 0x0F,
    0x0F, 0x0A, 0x0F, 0x0C, 0x0D, 0x0D, 0x0C, 0x09, 0x0C, 0x0B, 0x09, 0x0C, 0x0D, 0x03, 0x02, 0x05, 0x0D, 0x0C, 0x0B, 0x0B, 0x0B, 0x03, 0x03, 0x05,
    0x0B, 0x0F, 0x0B, 0x05, 0x03, 0x03, 0x09, 0x0D, 0x0A, 0x0C, 0x0C, 0x0B, 0x0E, 0x10, 0x0F, 0x0F, 0x0F, 0x0F, 0x0D, 0x0D, 0x0E, 0x0E, 0x0E, 0x0F,
    0x11, 0x0C, 0x0E, 0x0A, 0x0F, 0x0C, 0x0D, 0x0D, 0x0D, 0x0C, 0x0C, 0x0B, 0x0D, 0x0C, 0x0C, 0x0C, 0x0B, 0x09, 0x0C, 0x0D, 0x0B, 0x09, 0x0B, 0x0D,
    0x0C, 0x0B, 0x09, 0x09, 0x09, 0x0B, 0x0C, 0x0B, 0x09, 0x09, 0x0B, 0x09, 0x0B, 0x0B, 0x0B, 0x09, 0x0B, 0x09, 0x09, 0x03, 0x09, 0x0C, 0x0B, 0x0B,
    0x09, 0x05, 0x0C, 0x0C, 0x0D, 0x0D, 0x0C, 0x0B, 0x0B, 0x0B, 0x0C, 0x0C, 0x0C, 0x0B, 0x09, 0x09, 0x0B, 0x09, 0x09, 0x09, 0x09, 0x0B, 0x0D, 0x0C,
    0x09, 0x09, 0x03, 0x0B, 0x0E, 0x0D, 0x05, 0x05, 0x05, 0x05, 0x03, 0x09, 0x09, 0x05, 0x09, 0x0B, 0x0B, 0x09, 0x05, 0x0B, 0x0D, 0x0A, 0x0D, 0x09,
    0x0B, 0x0C, 0x0B, 0x02, 0x0B, 0x0D, 0x0C, 0x0B, 0x0B, 0x0B, 0x09, 0x0B, 0x0B, 0x0B, 0x0B, 0x0B, 0x0B, 0x0E, 0x0C, 0x0C, 0x0C, 0x0E, 0x0D, 0x0C,
    0x09, 0x0B, 0x0B, 0x09, 0x09, 0x09, 0x05, 0x03, 0x02, 0x03, 0x05, 0x05, 0x05, 0x09, 0x0D, 0x05, 0x0B, 0x0F, 0x0F, 0x09, 0x05, 0x05, 0x0B, 0x09,
    0x0B, 0x0D, 0x0D, 0x0C, 0x11, 0x10, 0x0F, 0x0D, 0x0D, 0x0D, 0x0C, 0x0B, 0x0E, 0x10, 0x10, 0x10, 0x0F, 0x0C, 0x0B, 0x0E, 0x0C, 0x0C, 0x0D, 0x09,
    0x09, 0x05, 0x05, 0x05, 0x0B, 0x0D, 0x0E, 0x09, 0x03, 0x01, 0x05, 0x0E, 0x0D, 0x0D, 0x0E, 0x11, 0x12, 0x11, 0x0E, 0x0D, 0x0E, 0x0E, 0x0D, 0x0D,
    0x0D, 0x0F, 0x0D, 0x0B, 0x0C, 0x0D, 0x11, 0x0A, 0x0E, 0x0F, 0x0E, 0x0C, 0x0C, 0x0B, 0x05, 0x0B, 0x03, 0x03, 0x05, 0x05, 0x0C, 0x0C, 0x0C, 0x0D,
    0x0D, 0x0C, 0x0B, 0x09, 0x09, 0x09, 0x09, 0x05, 0x09, 0x05, 0x09, 0x0B, 0x0C, 0x0B, 0x03, 0x05, 0x09, 0x09, 0x09, 0x05, 0x09, 0x05, 0x05, 0x0C,
    0x0D, 0x0E, 0x0D, 0x0D, 0x0D, 0x0D, 0x0D, 0x0E, 0x0D, 0x0B, 0x0C, 0x0D, 0x0C, 0x0C, 0x0C, 0x0D, 0x0D, 0x0D, 0x0D, 0x0E, 0x0C, 0x0B, 0x0B, 0x09,
    0x09, 0x09, 0x0B, 0x0B, 0x09, 0x09, 0x0C, 0x0B, 0x0B, 0x0D, 0x05, 0x03, 0x05, 0x05, 0x05, 0x05, 0x0B, 0x03, 0x05, 0x0C, 0x0E, 0x0D, 0x0C, 0x09,
    0x0D, 0x0E, 0x0D, 0x0D, 0x09, 0x0B, 0x0E, 0x0D, 0x0D, 0x0C, 0x0B, 0x09, 0x0B, 0x0B, 0x09, 0x0B, 0x09, 0x0B, 0x0B, 0x0C, 0x0B, 0x0B, 0x0B, 0x0B,
    0x0B, 0x0B, 0x0D, 0x0C, 0x0B, 0x09, 0x09, 0x0B, 0x0C, 0x0D, 0x0C, 0x0B, 0x09, 0x05, 0x09, 0x09, 0x05, 0x09, 0x0E, 0x0F, 0x0D, 0x0B, 0x0D, 0x0C,
    0x05, 0x0B, 0x0D, 0x09, 0x05, 0x0C, 0x0C, 0x0D, 0x0C, 0x0D, 0x0D, 0x0A, 0x0E, 0x0D, 0x0F, 0x0F, 0x0F, 0x0D, 0x0F, 0x0A, 0x0F, 0x10, 0x12, 0x0F,
    0x0D, 0x0C, 0x0B, 0x0D, 0x0D, 0x0F, 0x0B, 0x05, 0x0C, 0x0E, 0x11, 0x11, 0x11, 0x0F, 0x11, 0x0F, 0x0C, 0x0E, 0x11, 0x10, 0x11, 0x0D, 0x0D, 0x0C,
    0x0D, 0x0E, 0x0C, 0x0B, 0x0B, 0x0E, 0x0C, 0x09, 0x05, 0x0C, 0x0D, 0x0E, 0x0D, 0x0F, 0x0A, 0x0E, 0x0D, 0x0E, 0x0E, 0x0D, 0x0C, 0x05, 0x03, 0x01,
    0x03, 0x0C, 0x0D, 0x0C, 0x0B, 0x0B, 0x09, 0x09, 0x05, 0x05, 0x03, 0x03, 0x03, 0x05, 0x05, 0x09, 0x0C, 0x0C, 0x0B, 0x0B, 0x09, 0x0B, 0x0B, 0x09,
    0x0B, 0x0D, 0x0E, 0x0E, 0x0D, 0x0E, 0x0D, 0x0B, 0x0B, 0x03, 0x09, 0x0D, 0x0D, 0x0D, 0x0C, 0x0C, 0x0C, 0x0C, 0x0C, 0x0C, 0x0C, 0x0D, 0x0C, 0x0C,
    0x0B, 0x09, 0x09, 0x0B, 0x0B, 0x0B, 0x0C, 0x0B, 0x0B, 0x0B, 0x0C, 0x0B, 0x09, 0x09, 0x0B, 0x05, 0x05, 0x0B, 0x0C, 0x03, 0x03, 0x09, 0x0C, 0x0D,
    0x09, 0x0B, 0x0B, 0x05, 0x05, 0x0C, 0x0C, 0x0B, 0x0B, 0x0B, 0x0B, 0x0C, 0x0B, 0x09, 0x03, 0x05, 0x09, 0x09, 0x0B, 0x0B, 0x0C, 0x0B, 0x0B, 0x0C,
    0x0C, 0x0C, 0x0B, 0x0C, 0x0C, 0x0B, 0x0B, 0x0D, 0x0E, 0x0C, 0x09, 0x05, 0x09, 0x09, 0x09, 0x05, 0x05, 0x0B, 0x0B, 0x0B, 0x0C, 0x0D, 0x0C, 0x09,
    0x0E, 0x0C, 0x0C, 0x0C, 0x05, 0x03, 0x0B, 0x09, 0x05, 0x0D, 0x0C, 0x0C, 0x0C, 0x0B, 0x0D, 0x0D, 0x0D, 0x0A, 0x0A, 0x0F, 0x0D, 0x0E, 0x0D, 0x0B,
    0x0D, 0x0E, 0x0D, 0x0D, 0x0C, 0x0B, 0x0C, 0x0B, 0x0C, 0x0D, 0x0E, 0x0C, 0x0C, 0x0B, 0x0C, 0x0C, 0x0B, 0x09, 0x0B, 0x05, 0x09, 0x0C, 0x0E, 0x0D,
    0x0C, 0x0C, 0x0D, 0x0C, 0x0D, 0x0D, 0x0C, 0x09, 0x0D, 0x0F, 0x0D, 0x0D, 0x0F, 0x09, 0x05, 0x0C, 0x0E, 0x0F, 0x0F, 0x0D, 0x0D, 0x0E, 0x0B, 0x0C,
    0x0D, 0x0C, 0x0B, 0x0B, 0x0B, 0x09, 0x09, 0x05, 0x05, 0x01, 0x09, 0x05, 0x03, 0x05, 0x03, 0x01, 0x01, 0x03, 0x05, 0x03, 0x05, 0x0C, 0x0B, 0x0B,
    0x09, 0x0B, 0x0B, 0x0C, 0x0B, 0x0C, 0x0E, 0x0E, 0x0C, 0x0D, 0x0E, 0x0B, 0x0B, 0x09, 0x05, 0x0C, 0x0D, 0x0B, 0x0B, 0x0C, 0x0C, 0x0C, 0x0B, 0x0C,
    0x0C, 0x0C, 0x09, 0x09, 0x0C, 0x0C, 0x0C, 0x0B, 0x0C, 0x0B, 0x09, 0x09, 0x09, 0x0B, 0x09, 0x09, 0x03, 0x09, 0x0C, 0x0B, 0x0D, 0x0C, 0x0E, 0x0C,
    0x0C, 0x0B, 0x0C, 0x0B, 0x09, 0x05, 0x05, 0x03, 0x09, 0x0B, 0x0B, 0x0C, 0x0B, 0x0B, 0x0B, 0x0B, 0x09, 0x01, 0x04, 0x01, 0x02, 0x0B, 0x0E, 0x0B,
    0x09, 0x0B, 0x0B, 0x0B, 0x0C, 0x0B, 0x0B, 0x09, 0x0B, 0x0C, 0x0C, 0x0B, 0x0B, 0x0C, 0x0B, 0x05, 0x05, 0x0B, 0x05, 0x05, 0x0B, 0x05, 0x0C, 0x0D,
    0x0C, 0x09, 0x03, 0x02, 0x05, 0x0B, 0x0C, 0x0C, 0x0C, 0x09, 0x0B, 0x0B, 0x0D, 0x0B, 0x0C, 0x0D, 0x0C, 0x0B, 0x0D, 0x0D, 0x0C, 0x0B, 0x0B, 0x0F,
    0x0F, 0x0E, 0x0B, 0x05, 0x0D, 0x0F, 0x0D, 0x0C, 0x0B, 0x0C, 0x0B, 0x0C, 0x0B, 0x0B, 0x0B, 0x0B, 0x0B, 0x05, 0x01, 0x01, 0x0B, 0x0B, 0x0D, 0x03,
    0x02, 0x02, 0x03, 0x0C, 0x0F, 0x0F, 0x0F, 0x0D, 0x0C, 0x0D, 0x0E, 0x0C, 0x0B, 0x09, 0x0D, 0x0D, 0x0C, 0x0A, 0x0B, 0x05, 0x0C, 0x0C, 0x05, 0x0D,
    0x0F, 0x0E, 0x0C, 0x0C, 0x0B, 0x0B, 0x0C, 0x0E, 0x0B, 0x0C, 0x0D, 0x0B, 0x0D, 0x09, 0x09, 0x0D, 0x0C, 0x0B, 0x09, 0x03, 0x03, 0x09, 0x0B, 0x0D,
    0x0C, 0x05, 0x05, 0x09, 0x09, 0x09, 0x0C, 0x0C, 0x0C, 0x0D, 0x0C, 0x0B, 0x0B, 0x0D, 0x0D, 0x0D, 0x0C, 0x0B, 0x0E, 0x0E, 0x0C, 0x0C, 0x0C, 0x0C,
    0x0C, 0x0C, 0x0C, 0x0B, 0x0C, 0x09, 0x09, 0x05, 0x0B, 0x0C, 0x0C, 0x0C, 0x0B, 0x0C, 0x0B, 0x05, 0x01, 0x0B, 0x0C, 0x0D, 0x0F, 0x0B, 0x03, 0x0B,
    0x05, 0x09, 0x05, 0x05, 0x05, 0x05, 0x05, 0x0C, 0x0B, 0x09, 0x05, 0x09, 0x0B, 0x09, 0x0C, 0x0E, 0x0E, 0x0B, 0x05, 0x05, 0x05, 0x01, 0x09, 0x0C,
    0x0B, 0x0D, 0x0B, 0x0C, 0x0B, 0x05, 0x03, 0x03, 0x09, 0x0B, 0x05, 0x0C, 0x0B, 0x0B, 0x09, 0x0B, 0x05, 0x05, 0x0B, 0x0B, 0x09, 0x0B, 0x05, 0x05,
    0x05, 0x05, 0x0C, 0x0F, 0x0C, 0x09, 0x0B, 0x0C, 0x0D, 0x09, 0x09, 0x0D, 0x0D, 0x0B, 0x05, 0x05, 0x0D, 0x0E, 0x0F, 0x0D, 0x0B, 0x0B, 0x0C, 0x0D,
    0x0F, 0x0D, 0x09, 0x0D, 0x0D, 0x0D, 0x0D, 0x0D, 0x09, 0x0D, 0x0E, 0x0E, 0x0D, 0x0B, 0x09, 0x01, 0x01, 0x03, 0x03, 0x03, 0x0B, 0x0E, 0x0C, 0x09,
    0x0E, 0x01, 0x01, 0x05, 0x0B, 0x05, 0x0B, 0x0C, 0x0E, 0x0F, 0x0E, 0x0C, 0x0C, 0x0D, 0x0E, 0x0E, 0x0C, 0x0D, 0x0B, 0x0C, 0x0C, 0x0D, 0x0A, 0x0F,
    0x0C, 0x0B, 0x0D, 0x0D, 0x0D, 0x0D, 0x0C, 0x0B, 0x05, 0x05, 0x0D, 0x0C, 0x05, 0x09, 0x0C, 0x0C, 0x0C, 0x0B, 0x05, 0x05, 0x09, 0x05, 0x05, 0x09,
    0x0B, 0x0E, 0x0F, 0x0C, 0x0B, 0x0B, 0x05, 0x0C, 0x09, 0x0B, 0x0C, 0x0C, 0x0B, 0x0E, 0x0F, 0x0B, 0x05, 0x0C, 0x0C, 0x0B, 0x0C, 0x0A, 0x0F, 0x0C,
    0x0D, 0x0D, 0x0C, 0x0B, 0x0C, 0x0C, 0x0D, 0x0B, 0x0C, 0x0C, 0x0D, 0x0B, 0x09, 0x09, 0x0B, 0x09, 0x09, 0x0B, 0x03, 0x02, 0x05, 0x0B, 0x0C, 0x0D,
    0x0C, 0x0B, 0x05, 0x09, 0x09, 0x09, 0x0E, 0x09, 0x06, 0x01, 0x06, 0x01, 0x06, 0x04, 0x09, 0x0E, 0x0D, 0x0B, 0x0B, 0x0B, 0x0B, 0x0B, 0x0B, 0x0B,
    0x03, 0x09, 0x0D, 0x0E, 0x0E, 0x0E, 0x0B, 0x0B, 0x09, 0x0B, 0x0B, 0x09, 0x05, 0x0C, 0x0B, 0x05, 0x0D, 0x09, 0x09, 0x09, 0x0B, 0x0B, 0x09, 0x0B,
    0x0B, 0x0B, 0x0D, 0x0C, 0x05, 0x05, 0x05, 0x0B, 0x0B, 0x0C, 0x09, 0x09, 0x02, 0x01, 0x05, 0x0B, 0x0B, 0x0B, 0x0B, 0x0B, 0x0F, 0x0A, 0x0D, 0x0D,
    0x0B, 0x09, 0x0C, 0x0C, 0x0D, 0x0D, 0x0D, 0x0D, 0x0C, 0x0B, 0x0B, 0x0C, 0x0B, 0x09, 0x0B, 0x0C, 0x0C, 0x09, 0x05, 0x04, 0x01, 0x03, 0x03, 0x03,
    0x05, 0x0B, 0x09, 0x09, 0x0C, 0x01, 0x0B, 0x0D, 0x0D, 0x0C, 0x0B, 0x05, 0x05, 0x0B, 0x0B, 0x0C, 0x0C, 0x0C, 0x0D, 0x0D, 0x0C, 0x0D, 0x0B, 0x0C,
    0x0D, 0x0D, 0x0F, 0x0D, 0x09, 0x03, 0x0C, 0x0D, 0x09, 0x0B, 0x0D, 0x0D, 0x09, 0x04, 0x01, 0x03, 0x01, 0x09, 0x0B, 0x05, 0x0B, 0x0D, 0x0D, 0x09,
    0x0B, 0x09, 0x09, 0x0D, 0x0F, 0x0C, 0x0B, 0x0B, 0x0F, 0x0F, 0x11, 0x0F, 0x0D, 0x0C, 0x0B, 0x0B, 0x0C, 0x05, 0x0C, 0x0E, 0x0C, 0x0B, 0x05, 0x09,
    0x0B, 0x0C, 0x0C, 0x05, 0x09, 0x0C, 0x0C, 0x0C, 0x0C, 0x0B, 0x0C, 0x0D, 0x0B, 0x03, 0x03, 0x0B, 0x05, 0x02, 0x05, 0x03, 0x02, 0x01, 0x02, 0x09,
    0x09, 0x0B, 0x0D, 0x0B, 0x09, 0x0B, 0x0B, 0x09, 0x09, 0x02, 0x09, 0x0E, 0x0F, 0x0A, 0x0E, 0x03, 0x03, 0x05, 0x09, 0x0B, 0x0D, 0x0B, 0x0B, 0x0F,
    0x0C, 0x09, 0x0B, 0x0B, 0x0C, 0x0B, 0x0B, 0x0B, 0x0B, 0x0B, 0x0C, 0x0C, 0x0B, 0x0B, 0x09, 0x0B, 0x0B, 0x05, 0x03, 0x03, 0x09, 0x0B, 0x0B, 0x0B,
    0x0C, 0x0C, 0x0B, 0x09, 0x09, 0x0B, 0x0D, 0x0A, 0x0E, 0x0F, 0x0D, 0x09, 0x05, 0x09, 0x09, 0x0B, 0x0C, 0x03, 0x03, 0x04, 0x02, 0x02, 0x05, 0x0B,
    0x0E, 0x0E, 0x0F, 0x0E, 0x0F, 0x0F, 0x0B, 0x02, 0x0B, 0x0C, 0x0D, 0x0D, 0x0C, 0x0B, 0x09, 0x0B, 0x0C, 0x0B, 0x0B, 0x09, 0x09, 0x03, 0x03, 0x03,
    0x03, 0x05, 0x05, 0x01, 0x01, 0x05, 0x09, 0x0B, 0x0B, 0x09, 0x0B, 0x0D, 0x0D, 0x0E, 0x09, 0x09, 0x05, 0x05, 0x0B, 0x0D, 0x0C, 0x09, 0x0B, 0x0D,
    0x0C, 0x0D, 0x0D, 0x0A, 0x10, 0x0A, 0x0D, 0x0E, 0x0B, 0x05, 0x03, 0x0B, 0x0B, 0x09, 0x0B, 0x0C, 0x0C, 0x0D, 0x03, 0x05, 0x09, 0x0E, 0x0D, 0x0C,
    0x03, 0x03, 0x03, 0x02, 0x03, 0x05, 0x0C, 0x0C, 0x0D, 0x0C, 0x0B, 0x0C, 0x0D, 0x0C, 0x0B, 0x0B, 0x0B, 0x09, 0x0B, 0x0C, 0x09, 0x03, 0x05, 0x0C,
    0x0B, 0x0B, 0x0B, 0x0B, 0x0D, 0x0E, 0x0F, 0x0E, 0x0E, 0x0D, 0x0B, 0x0B, 0x0B, 0x0B, 0x0B, 0x0B, 0x03, 0x05, 0x05, 0x0B, 0x0B, 0x09, 0x05, 0x05,
    0x03, 0x05, 0x05, 0x0B, 0x0D, 0x0D, 0x0D, 0x0B, 0x05, 0x09, 0x0B, 0x0C, 0x0B, 0x0C, 0x0C, 0x0C, 0x0C, 0x0D, 0x09, 0x0B, 0x0C, 0x0E, 0x05, 0x01,
    0x05, 0x0B, 0x0C, 0x0C, 0x0B, 0x05, 0x0B, 0x0D, 0x0E, 0x0D, 0x0B, 0x0B, 0x0B, 0x09, 0x0B, 0x0B, 0x0B, 0x09, 0x05, 0x05, 0x0B, 0x0B, 0x09, 0x03,
    0x0B, 0x05, 0x03, 0x03, 0x0B, 0x0B, 0x0B, 0x0B, 0x0B, 0x0B, 0x0B, 0x0B, 0x05, 0x09, 0x05, 0x05, 0x09, 0x09, 0x05, 0x02, 0x09, 0x0D, 0x0D, 0x0D,
    0x0B, 0x0C, 0x05, 0x05, 0x0E, 0x0F, 0x0D, 0x0D, 0x0D, 0x0F, 0x0D, 0x02, 0x04, 0x04, 0x06, 0x06, 0x06, 0x05, 0x0B, 0x09, 0x0B, 0x0B, 0x0B, 0x01,
    0x06, 0x01, 0x03, 0x0B, 0x09, 0x03, 0x03, 0x04, 0x06, 0x01, 0x0B, 0x0B, 0x0B, 0x0C, 0x09, 0x09, 0x09, 0x09, 0x09, 0x0B, 0x0B, 0x09, 0x09, 0x0C,
    0x0C, 0x0B, 0x09, 0x09, 0x0B, 0x0D, 0x0D, 0x0D, 0x0D, 0x0F, 0x0D, 0x0E, 0x0E, 0x0C, 0x0B, 0x0D, 0x0D, 0x0B, 0x09, 0x09, 0x0C, 0x0E, 0x0F, 0x0F,
    0x0E, 0x0C, 0x0C, 0x0B, 0x01, 0x01, 0x02, 0x06, 0x06, 0x06, 0x06, 0x03, 0x0C, 0x0C, 0x0B, 0x0C, 0x0B, 0x09, 0x0B, 0x0B, 0x0B, 0x09, 0x05, 0x0B,
    0x0B, 0x0B, 0x0D, 0x0D, 0x09, 0x05, 0x0B, 0x0B, 0x0C, 0x0D, 0x0B, 0x0C, 0x0C, 0x0B, 0x0B, 0x09, 0x0B, 0x0B, 0x0B, 0x03, 0x05, 0x0B, 0x0B, 0x0B,
    0x0B, 0x0B, 0x05, 0x05, 0x09, 0x03, 0x02, 0x05, 0x0E, 0x0D, 0x0B, 0x09, 0x09, 0x09, 0x09, 0x0C, 0x0C, 0x0E, 0x0C, 0x0C, 0x0B, 0x0C, 0x0D, 0x0E,
    0x0E, 0x0C, 0x0C, 0x02, 0x04, 0x0B, 0x0D, 0x09, 0x09, 0x05, 0x0B, 0x0C, 0x0B, 0x0B, 0x0B, 0x0B, 0x09, 0x09, 0x09, 0x0B, 0x0B, 0x09, 0x03, 0x05,
    0x0C, 0x0C, 0x0C, 0x03, 0x0B, 0x05, 0x05, 0x05, 0x09, 0x0B, 0x0C, 0x0B, 0x0B, 0x0B, 0x0B, 0x09, 0x05, 0x05, 0x01, 0x06, 0x01, 0x02, 0x02, 0x03,
    0x05, 0x05, 0x0B, 0x05, 0x05, 0x09, 0x03, 0x03, 0x0D, 0x0C, 0x0C, 0x0C, 0x0B, 0x0C, 0x0A, 0x0F, 0x0C, 0x09, 0x09, 0x04, 0x02, 0x05, 0x0A, 0x0E,
    0x0D, 0x0D, 0x0D, 0x0B, 0x09, 0x05, 0x09, 0x0C, 0x0C, 0x0C, 0x0B, 0x05, 0x01, 0x04, 0x01, 0x03, 0x05, 0x09, 0x05, 0x02, 0x03, 0x0C, 0x0B, 0x0B,
    0x03, 0x05, 0x0C, 0x0C, 0x0C, 0x0D, 0x0D, 0x05, 0x05, 0x0D, 0x0D, 0x0B, 0x0D, 0x0C, 0x0D, 0x0C, 0x0D, 0x0A, 0x0A, 0x0D, 0x0C, 0x0D, 0x0C, 0x0B,
    0x0B, 0x0C, 0x0C, 0x0B, 0x0D, 0x0C, 0x0B, 0x0C, 0x0B, 0x01, 0x05, 0x0C, 0x0C, 0x0D, 0x0E, 0x0B, 0x0B, 0x0B, 0x0C, 0x0D, 0x0C, 0x05, 0x05, 0x0B,
    0x0C, 0x0B, 0x09, 0x09, 0x0C, 0x0D, 0x0B, 0x0C, 0x0F, 0x0C, 0x0D, 0x0E, 0x0C, 0x0C, 0x0B, 0x0C, 0x0C, 0x0B, 0x0C, 0x0B, 0x0C, 0x0B, 0x05, 0x03,
    0x0D, 0x0C, 0x0B, 0x09, 0x0B, 0x0B, 0x0B, 0x09, 0x0B, 0x03, 0x03, 0x09, 0x0C, 0x05, 0x09, 0x0B, 0x09, 0x05, 0x01, 0x09, 0x0D, 0x0C, 0x0B, 0x0B,
    0x0C, 0x0C, 0x0D, 0x0D, 0x0C, 0x09, 0x05, 0x05, 0x04, 0x03, 0x0C, 0x09, 0x05, 0x03, 0x03, 0x03, 0x05, 0x0C, 0x0B, 0x0B, 0x09, 0x05, 0x05, 0x05,
    0x09, 0x0B, 0x0B, 0x0B, 0x0B, 0x09, 0x0B, 0x0B, 0x05, 0x05, 0x09, 0x0D, 0x0C, 0x0B, 0x0B, 0x0B, 0x0B, 0x0B, 0x09, 0x0B, 0x0C, 0x0C, 0x0C, 0x02,
    0x04, 0x05, 0x05, 0x05, 0x05, 0x02, 0x09, 0x0B, 0x05, 0x05, 0x09, 0x0B, 0x05, 0x02, 0x09, 0x09, 0x05, 0x09, 0x0E, 0x0F, 0x0F, 0x0A, 0x10, 0x10,
    0x0D, 0x0E, 0x0E, 0x0E, 0x0F, 0x0D, 0x0B, 0x0B, 0x0C, 0x0C, 0x0C, 0x0B, 0x03, 0x03, 0x09, 0x0C, 0x0D, 0x09, 0x05, 0x03, 0x0B, 0x09, 0x03, 0x05,
    0x09, 0x05, 0x0B, 0x0B, 0x0E, 0x0D, 0x0C, 0x0C, 0x0C, 0x09, 0x09, 0x09, 0x05, 0x0B, 0x0D, 0x0C, 0x0B, 0x0D, 0x0D, 0x0D, 0x0D, 0x0D, 0x0C, 0x0D,
    0x0C, 0x0D, 0x0D, 0x0C, 0x0C, 0x0B, 0x05, 0x0B, 0x0C, 0x0C, 0x0B, 0x0B, 0x0C, 0x03, 0x0B, 0x0E, 0x11, 0x0D, 0x0B, 0x0B, 0x0B, 0x09, 0x0B, 0x0C,
    0x0B, 0x05, 0x09, 0x0C, 0x0D, 0x0B, 0x0B, 0x0B, 0x0C, 0x0B, 0x0C, 0x0B, 0x0B, 0x0C, 0x0B, 0x0C, 0x0C, 0x0C, 0x0B, 0x0B, 0x0C, 0x0B, 0x03, 0x04,
    0x01, 0x05, 0x0C, 0x0D, 0x0D, 0x0C, 0x0C, 0x0B, 0x03, 0x05, 0x0C, 0x0C, 0x09, 0x0B, 0x0B, 0x0B, 0x05, 0x09, 0x05, 0x05, 0x0B, 0x0C, 0x0B, 0x0C,
    0x0C, 0x0B, 0x0B, 0x09, 0x0B, 0x0B, 0x0B, 0x0B, 0x0B, 0x05, 0x05, 0x03, 0x03, 0x03, 0x03, 0x0B, 0x05, 0x03, 0x03, 0x09, 0x05, 0x0B, 0x0B, 0x0B,
    0x09, 0x05, 0x05, 0x0B, 0x0B, 0x09, 0x0B, 0x0B, 0x09, 0x02, 0x03, 0x09, 0x05, 0x05, 0x0B, 0x0C, 0x0B, 0x09, 0x05, 0x0B, 0x0C, 0x0B, 0x0B, 0x09,
    0x05, 0x05, 0x03, 0x03, 0x0B, 0x0E, 0x0C, 0x0C, 0x05, 0x03, 0x09, 0x0B, 0x05, 0x03, 0x03, 0x03, 0x0D, 0x0C, 0x0D, 0x0D, 0x0D, 0x0D, 0x0D, 0x0C,
    0x0C, 0x0B, 0x0A, 0x0F, 0x10, 0x0A, 0x0F, 0x0D, 0x0A, 0x0E, 0x0B, 0x0B, 0x09, 0x0B, 0x0D, 0x0C, 0x05, 0x01, 0x03, 0x0B, 0x0B, 0x09, 0x0B, 0x0C,
    0x0B, 0x0C, 0x0C, 0x0B, 0x0D, 0x09, 0x09, 0x05, 0x0C, 0x0E, 0x0D, 0x0B, 0x0B, 0x0C, 0x0C, 0x0E, 0x0B, 0x09, 0x0B, 0x0C, 0x0D, 0x0C, 0x0C, 0x0C,
    0x0C, 0x0C, 0x05, 0x0B, 0x0D, 0x0D, 0x0E, 0x0E, 0x0E, 0x0E, 0x0E, 0x0F, 0x0C, 0x09, 0x0C, 0x0C, 0x0B, 0x0D, 0x09, 0x0B, 0x0B, 0x0B, 0x0C, 0x0C,
    0x0B, 0x09, 0x0C, 0x0B, 0x0B, 0x09, 0x05, 0x05, 0x05, 0x09, 0x09, 0x0C, 0x0D, 0x0B, 0x05, 0x05, 0x0C, 0x0B, 0x09, 0x0B, 0x0B, 0x0B, 0x0B, 0x0C,
    0x0C, 0x0B, 0x0D, 0x09, 0x01, 0x04, 0x0E, 0x0F, 0x0E, 0x0C, 0x03, 0x03, 0x03, 0x09, 0x09, 0x05, 0x03, 0x05, 0x09, 0x05, 0x03, 0x03, 0x05, 0x0B,
    0x09, 0x0B, 0x0B, 0x09, 0x09, 0x09, 0x09, 0x0B, 0x0B, 0x0B, 0x0B, 0x0B, 0x09, 0x03, 0x01, 0x03, 0x09, 0x0C, 0x0B, 0x03, 0x03, 0x09, 0x0B, 0x05,
    0x05, 0x03, 0x05, 0x0B, 0x09, 0x05, 0x0B, 0x0C, 0x0D, 0x0B, 0x05, 0x0B, 0x0B, 0x0B, 0x0B, 0x0B, 0x0C, 0x0C, 0x09, 0x09, 0x05, 0x09, 0x0B, 0x0B,
    0x0B, 0x0B, 0x0C, 0x05, 0x05, 0x05, 0x05, 0x0C, 0x05, 0x09, 0x05, 0x0C, 0x0D, 0x0C, 0x05, 0x09, 0x03, 0x03, 0x01, 0x01, 0x0A, 0x0F, 0x0D, 0x0D,
    0x0E, 0x0D, 0x0D, 0x0E, 0x11, 0x0E, 0x05, 0x09, 0x0F, 0x0A, 0x0F, 0x0F, 0x0D, 0x0D, 0x0C, 0x0C, 0x09, 0x05, 0x0C, 0x0A, 0x0A, 0x11, 0x0F, 0x0E,
    0x0B, 0x09, 0x05, 0x05, 0x03, 0x09, 0x0F, 0x0F, 0x0C, 0x03, 0x01, 0x09, 0x0B, 0x0B, 0x09, 0x0B, 0x0B, 0x0C, 0x0C, 0x0D, 0x0F, 0x0D, 0x09, 0x05,
    0x05, 0x0B, 0x0D, 0x0B, 0x0C, 0x0C, 0x0B, 0x0D, 0x0D, 0x0D, 0x0E, 0x0D, 0x0C, 0x0C, 0x0D, 0x0C, 0x0C, 0x0B, 0x05, 0x0B, 0x05, 0x0B, 0x0B, 0x03,
    0x0B, 0x0B, 0x09, 0x09, 0x05, 0x0B, 0x0B, 0x02, 0x02, 0x0C, 0x0D, 0x0B, 0x0B, 0x05, 0x0C, 0x03, 0x05, 0x0B, 0x05, 0x02, 0x03, 0x09, 0x05, 0x03,
    0x09, 0x0C, 0x0C, 0x0B, 0x0B, 0x0B, 0x0C, 0x0D, 0x0B, 0x0B, 0x0D, 0x0C, 0x0C, 0x0B, 0x05, 0x0B, 0x0C, 0x05, 0x05, 0x0B, 0x0C, 0x05, 0x03, 0x03,
    0x02, 0x01, 0x09, 0x09, 0x09, 0x05, 0x09, 0x05, 0x0B, 0x0B, 0x09, 0x09, 0x09, 0x09, 0x0B, 0x0B, 0x05, 0x03, 0x02, 0x02, 0x05, 0x09, 0x0B, 0x05,
    0x05, 0x0B, 0x0D, 0x0D, 0x0B, 0x0B, 0x05, 0x03, 0x0B, 0x0C, 0x0C, 0x0B, 0x09, 0x0B, 0x09, 0x09, 0x0D, 0x09, 0x03, 0x03, 0x09, 0x0C, 0x0D, 0x0C,
    0x0B, 0x0B, 0x0C, 0x0B, 0x0B, 0x0B, 0x05, 0x05, 0x0B, 0x03, 0x03, 0x03, 0x03, 0x02, 0x03, 0x05, 0x0B, 0x0B, 0x05, 0x02, 0x05, 0x03, 0x03, 0x03,
    0x11, 0x0F, 0x0D, 0x0F, 0x0F, 0x0E, 0x0D, 0x0D, 0x0C, 0x0B, 0x05, 0x05, 0x0D, 0x11, 0x0D, 0x0D, 0x0C, 0x0D, 0x0C, 0x0B, 0x0B, 0x05, 0x0B, 0x0C,
    0x0D, 0x0E, 0x0D, 0x0D, 0x0C, 0x0D, 0x0D, 0x03, 0x09, 0x0C, 0x0E, 0x0A, 0x0D, 0x05, 0x03, 0x05, 0x05, 0x09, 0x0B, 0x09, 0x05, 0x0B, 0x0C, 0x0D,
    0x0C, 0x0B, 0x0B, 0x0B, 0x0B, 0x09, 0x0C, 0x0B, 0x0B, 0x0C, 0x0D, 0x0E, 0x0D, 0x0C, 0x09, 0x05, 0x09, 0x0C, 0x0B, 0x03, 0x0C, 0x0E, 0x0D, 0x0B,
    0x09, 0x09, 0x0C, 0x0C, 0x0C, 0x09, 0x09, 0x0B, 0x0E, 0x0D, 0x03, 0x03, 0x05, 0x0E, 0x0E, 0x0C, 0x09, 0x0D, 0x0F, 0x09, 0x0C, 0x0C, 0x0B, 0x0B,
    0x0D, 0x0C, 0x02, 0x02, 0x0B, 0x0B, 0x05, 0x09, 0x0B, 0x09, 0x09, 0x0B, 0x09, 0x0D, 0x0E, 0x0C, 0x0B, 0x0C, 0x09, 0x09, 0x0B, 0x0B, 0x05, 0x0B,
    0x09, 0x09, 0x03, 0x01, 0x09, 0x05, 0x01, 0x02, 0x05, 0x03, 0x01, 0x05, 0x09, 0x05, 0x09, 0x05, 0x03, 0x05, 0x05, 0x09, 0x09, 0x05, 0x03, 0x01,
    0x02, 0x02, 0x0B, 0x09, 0x09, 0x0B, 0x09, 0x09, 0x05, 0x05, 0x0D, 0x0C, 0x0C, 0x0B, 0x09, 0x09, 0x09, 0x09, 0x05, 0x05, 0x0B, 0x0B, 0x05, 0x0B,
    0x0B, 0x09, 0x0B, 0x05, 0x05, 0x0B, 0x0B, 0x05, 0x05, 0x05, 0x03, 0x03, 0x03, 0x01, 0x02, 0x01, 0x03, 0x05, 0x05, 0x09, 0x09, 0x05, 0x03, 0x03,
    0x03, 0x05, 0x05, 0x03, 0x0A, 0x0F, 0x0D, 0x0D, 0x0D, 0x0F, 0x11, 0x0A, 0x0A, 0x0F, 0x09, 0x0A, 0x10, 0x0A, 0x0D, 0x0D, 0x0C, 0x05, 0x03, 0x01,
    0x03, 0x01, 0x01, 0x05, 0x0D, 0x0B, 0x05, 0x05, 0x0D, 0x0C, 0x0B, 0x03, 0x09, 0x0B, 0x0C, 0x0B, 0x09, 0x0C, 0x0C, 0x0C, 0x0C, 0x0D, 0x0C, 0x0B,
    0x0B, 0x05, 0x05, 0x0B, 0x0D, 0x0D, 0x0D, 0x0C, 0x0B, 0x02, 0x0B, 0x0B, 0x09, 0x0C, 0x0C, 0x0C, 0x09, 0x09, 0x0B, 0x0B, 0x0C, 0x09, 0x0D, 0x0B,
    0x05, 0x05, 0x0B, 0x0C, 0x05, 0x05, 0x09, 0x05, 0x09, 0x05, 0x0B, 0x0B, 0x0C, 0x09, 0x0B, 0x0B, 0x0D, 0x0D, 0x0B, 0x0B, 0x0C, 0x0C, 0x0D, 0x0D,
    0x05, 0x0B, 0x05, 0x0D, 0x0B, 0x0B, 0x0B, 0x0D, 0x0D, 0x0B, 0x02, 0x01, 0x09, 0x0C, 0x0B, 0x03, 0x0D, 0x03, 0x0D, 0x0C, 0x0B, 0x0B, 0x0B, 0x09,
    0x09, 0x0B, 0x0C, 0x0B, 0x09, 0x0B, 0x0B, 0x09, 0x09, 0x05, 0x0D, 0x0C, 0x03, 0x09, 0x0B, 0x05, 0x0B, 0x09, 0x09, 0x05, 0x03, 0x05, 0x09, 0x09,
    0x09, 0x05, 0x03, 0x01, 0x02, 0x04, 0x01, 0x09, 0x03, 0x03, 0x05, 0x0B, 0x05, 0x0C, 0x0C, 0x0B, 0x09, 0x09, 0x05, 0x09, 0x05, 0x09, 0x05, 0x05,
    0x03, 0x05, 0x09, 0x05, 0x02, 0x0B, 0x0B, 0x05, 0x05, 0x03, 0x02, 0x03, 0x03, 0x03, 0x01, 0x03, 0x03, 0x03, 0x05, 0x03, 0x03, 0x09, 0x0B, 0x05,
    0x03, 0x03, 0x03, 0x03, 0x05, 0x03, 0x02, 0x03, 0x09, 0x0D, 0x0E, 0x0F, 0x0A, 0x11, 0x0A, 0x0F, 0x0F, 0x0F, 0x12, 0x0D, 0x0F, 0x0E, 0x0E, 0x0D,
    0x0D, 0x05, 0x05, 0x02, 0x03, 0x03, 0x05, 0x0C, 0x09, 0x0B, 0x05, 0x01, 0x05, 0x05, 0x02, 0x01, 0x09, 0x0E, 0x0E, 0x0C, 0x0D, 0x0C, 0x0C, 0x0B,
    0x05, 0x09, 0x0B, 0x0C, 0x0E, 0x0E, 0x0D, 0x0E, 0x0D, 0x0B, 0x05, 0x0B, 0x0B, 0x05, 0x09, 0x0C, 0x0F, 0x0D, 0x0C, 0x0B, 0x0C, 0x0E, 0x0D, 0x0D,
    0x0F, 0x0D, 0x0D, 0x0E, 0x0C, 0x0C, 0x0D, 0x0B, 0x09, 0x02, 0x05, 0x09, 0x05, 0x03, 0x0B, 0x0B, 0x0C, 0x0D, 0x0D, 0x0D, 0x0B, 0x05, 0x02, 0x09,
    0x09, 0x09, 0x09, 0x05, 0x03, 0x03, 0x05, 0x02, 0x05, 0x09, 0x09, 0x0B, 0x0B, 0x0C, 0x0D, 0x05, 0x05, 0x0B, 0x0D, 0x0D, 0x0D, 0x0F, 0x0D, 0x0B,
    0x03, 0x0B, 0x0B, 0x0B, 0x0B, 0x09, 0x0B, 0x0C, 0x05, 0x05, 0x0B, 0x0B, 0x0B, 0x09, 0x0B, 0x09, 0x0B, 0x0B, 0x0B, 0x05, 0x0B, 0x09, 0x05, 0x09,
    0x09, 0x0B, 0x0B, 0x09, 0x0B, 0x09, 0x02, 0x01, 0x03, 0x05, 0x09, 0x09, 0x09, 0x05, 0x05, 0x05, 0x05, 0x05, 0x05, 0x09, 0x05, 0x09, 0x0C, 0x0B,
    0x09, 0x03, 0x03, 0x03, 0x05, 0x03, 0x05, 0x05, 0x05, 0x05, 0x0B, 0x09, 0x09, 0x05, 0x05, 0x02, 0x03, 0x05, 0x05, 0x05, 0x05, 0x03, 0x03, 0x05,
    0x09, 0x0B, 0x09, 0x03, 0x01, 0x01, 0x01, 0x03, 0x02, 0x03, 0x05, 0x05, 0x0C, 0x11, 0x0A, 0x0F, 0x0E, 0x0F, 0x0F, 0x0F, 0x0D, 0x0D, 0x0F, 0x0D,
    0x0C, 0x0D, 0x0D, 0x0D, 0x0C, 0x0C, 0x0D, 0x0A, 0x0A, 0x11, 0x13, 0x0E, 0x0D, 0x0C, 0x0D, 0x0D, 0x0C, 0x0F, 0x09, 0x0B, 0x05, 0x0C, 0x0E, 0x0D,
    0x0C, 0x0C, 0x0C, 0x0C, 0x0B, 0x0B, 0x0B, 0x0B, 0x0C, 0x0D, 0x0E, 0x0D, 0x0C, 0x0B, 0x0B, 0x0C, 0x09, 0x09, 0x03, 0x03, 0x09, 0x0B, 0x0B, 0x05,
    0x0C, 0x0D, 0x0D, 0x0C, 0x0B, 0x0C, 0x0C, 0x0C, 0x0D, 0x0C, 0x09, 0x0D, 0x0B, 0x05, 0x09, 0x09, 0x03, 0x09, 0x05, 0x05, 0x0B, 0x0D, 0x0C, 0x0B,
    0x0C, 0x0B, 0x03, 0x0C, 0x03, 0x03, 0x02, 0x03, 0x0B, 0x0B, 0x0B, 0x0D, 0x05, 0x09, 0x09, 0x05, 0x09, 0x0C, 0x0B, 0x0C, 0x0B, 0x05, 0x0C, 0x0C,
    0x0D, 0x09, 0x0D, 0x0C, 0x0C, 0x09, 0x09, 0x09, 0x0B, 0x0B, 0x0C, 0x0C, 0x0C, 0x03, 0x03, 0x05, 0x05, 0x05, 0x05, 0x02, 0x03, 0x03, 0x03, 0x05,
    0x05, 0x0B, 0x09, 0x09, 0x0B, 0x09, 0x03, 0x03, 0x05, 0x05, 0x0B, 0x09, 0x0B, 0x0E, 0x05, 0x05, 0x05, 0x04, 0x03, 0x03, 0x05, 0x03, 0x05, 0x0B,
    0x09, 0x0B, 0x0B, 0x05, 0x03, 0x01, 0x02, 0x03, 0x05, 0x05, 0x05, 0x09, 0x0D, 0x0C, 0x05, 0x05, 0x05, 0x05, 0x03, 0x02, 0x02, 0x05, 0x03, 0x05,
    0x05, 0x05, 0x05, 0x09, 0x09, 0x0B, 0x05, 0x05, 0x05, 0x05, 0x05, 0x03, 0x05, 0x03, 0x05, 0x09, 0x12, 0x0A, 0x0F, 0x0F, 0x0D, 0x0F, 0x0A, 0x0F,
    0x0D, 0x0E, 0x0D, 0x0D, 0x0D, 0x0C, 0x0C, 0x0C, 0x0C, 0x09, 0x0B, 0x0C, 0x0E, 0x0E, 0x11, 0x0C, 0x09, 0x0C, 0x0E, 0x0F, 0x0D, 0x0E, 0x11, 0x0F,
    0x0F, 0x0B, 0x0C, 0x0C, 0x0C, 0x0D, 0x0D, 0x0B, 0x0B, 0x0B, 0x0B, 0x0B, 0x0C, 0x05, 0x05, 0x0D, 0x0D, 0x09, 0x09, 0x0C, 0x09, 0x09, 0x05, 0x03,
    0x03, 0x03, 0x05, 0x03, 0x01, 0x02, 0x0C, 0x05, 0x05, 0x09, 0x0B, 0x0B, 0x0B, 0x0B, 0x09, 0x01, 0x09, 0x09, 0x05, 0x05, 0x03, 0x05, 0x01, 0x0B,
    0x0B, 0x09, 0x05, 0x05, 0x0C, 0x0C, 0x0B, 0x03, 0x0B, 0x03, 0x01, 0x05, 0x0B, 0x0B, 0x0D, 0x0C, 0x05, 0x05, 0x03, 0x05, 0x05, 0x05, 0x0C, 0x0B,
    0x0D, 0x0C, 0x0C, 0x0C, 0x0D, 0x0E, 0x0C, 0x0C, 0x0D, 0x0C, 0x05, 0x03, 0x03, 0x03, 0x0B, 0x0D, 0x0C, 0x03, 0x02, 0x03, 0x05, 0x0B, 0x0B, 0x0B,
    0x01, 0x02, 0x06, 0x03, 0x09, 0x05, 0x0B, 0x0B, 0x05, 0x05, 0x01, 0x03, 0x03, 0x05, 0x0B, 0x0B, 0x0B, 0x0B, 0x0B, 0x09, 0x05, 0x03, 0x06, 0x01,
    0x01, 0x03, 0x01, 0x05, 0x03, 0x01, 0x03, 0x05, 0x05, 0x01, 0x01, 0x03, 0x03, 0x05, 0x05, 0x05, 0x0C, 0x0B, 0x05, 0x03, 0x05, 0x05, 0x05, 0x09,
    0x05, 0x05, 0x05, 0x05, 0x09, 0x05, 0x05, 0x05, 0x05, 0x05, 0x0B, 0x05, 0x09, 0x05, 0x05, 0x05, 0x05, 0x05, 0x09, 0x09, 0x0A, 0x0E, 0x0F, 0x0E,
    0x0D, 0x0C, 0x0D, 0x0D, 0x0E, 0x0D, 0x0D, 0x0E, 0x0D, 0x0C, 0x0C, 0x0D, 0x0B, 0x05, 0x02, 0x03, 0x05, 0x0E, 0x0D, 0x05, 0x03, 0x05, 0x05, 0x0B,
    0x0C, 0x0B, 0x0B, 0x0D, 0x0D, 0x0B, 0x05, 0x0B, 0x0C, 0x0C, 0x0C, 0x0B, 0x0B, 0x09, 0x09, 0x09, 0x0B, 0x0D, 0x0F, 0x0D, 0x0C, 0x0B, 0x0B, 0x0C,
    0x05, 0x02, 0x03, 0x05, 0x03, 0x05, 0x05, 0x0B, 0x05, 0x02, 0x02, 0x05, 0x09, 0x05, 0x0B, 0x0B, 0x0B, 0x09, 0x05, 0x09, 0x05, 0x0B, 0x09, 0x05,
    0x0B, 0x05, 0x0B, 0x0D, 0x0D, 0x0C, 0x09, 0x05, 0x0B, 0x0C, 0x0D, 0x09, 0x05, 0x09, 0x0B, 0x03, 0x09, 0x0B, 0x0C, 0x0C, 0x0B, 0x03, 0x05, 0x09,
    0x05, 0x09, 0x0B, 0x0C, 0x0D, 0x0E, 0x0B, 0x0C, 0x0D, 0x0D, 0x0B, 0x0B, 0x0B, 0x0C, 0x0E, 0x0A, 0x0F, 0x0D, 0x03, 0x03, 0x05, 0x0B, 0x0B, 0x0B,
    0x0B, 0x0B, 0x0D, 0x0D, 0x0F, 0x0D, 0x0C, 0x0B, 0x0B, 0x09, 0x05, 0x09, 0x05, 0x03, 0x03, 0x02, 0x03, 0x05, 0x09, 0x0B, 0x05, 0x03, 0x05, 0x0B,
    0x0E, 0x05, 0x01, 0x01, 0x01, 0x01, 0x01, 0x03, 0x05, 0x03, 0x03, 0x05, 0x05, 0x05, 0x05, 0x09, 0x05, 0x05, 0x05, 0x05, 0x03, 0x03, 0x03, 0x05,
    0x03, 0x05, 0x09, 0x0B, 0x09, 0x05, 0x09, 0x09, 0x0B, 0x05, 0x05, 0x03, 0x02, 0x0B, 0x09, 0x0B, 0x09, 0x0B, 0x09, 0x05, 0x05, 0x05, 0x05, 0x05,
    0x0E, 0x0C, 0x05, 0x05, 0x0B, 0x0B, 0x0C, 0x0E, 0x0D, 0x0E, 0x0D, 0x0D, 0x0C, 0x0D, 0x0D, 0x0C, 0x0B, 0x0C, 0x0B, 0x0B, 0x0D, 0x0C, 0x0E, 0x0C,
    0x03, 0x04, 0x03, 0x05, 0x0D, 0x0B, 0x0B, 0x05, 0x03, 0x0C, 0x09, 0x01, 0x0C, 0x0B, 0x0B, 0x0C, 0x0B, 0x09, 0x09, 0x0C, 0x0D, 0x0C, 0x0D, 0x0D,
    0x0B, 0x0C, 0x0C, 0x0B, 0x09, 0x05, 0x05, 0x04, 0x03, 0x05, 0x09, 0x0C, 0x0C, 0x05, 0x02, 0x05, 0x05, 0x09, 0x05, 0x05, 0x05, 0x05, 0x05, 0x09,
    0x05, 0x09, 0x05, 0x0B, 0x09, 0x0B, 0x0B, 0x0C, 0x0C, 0x0C, 0x0D, 0x0B, 0x05, 0x0B, 0x0E, 0x0D, 0x0C, 0x0B, 0x05, 0x03, 0x03, 0x09, 0x09, 0x09,
    0x09, 0x05, 0x09, 0x0B, 0x09, 0x09, 0x05, 0x03, 0x05, 0x0C, 0x0B, 0x0B, 0x0C, 0x0C, 0x0B, 0x09, 0x0B, 0x09, 0x0B, 0x0B, 0x0B, 0x0C, 0x03, 0x01,
    0x03, 0x0B, 0x0D, 0x0C, 0x0B, 0x0C, 0x0D, 0x0C, 0x0B, 0x09, 0x0C, 0x0D, 0x0B, 0x0B, 0x09, 0x09, 0x09, 0x03, 0x03, 0x02, 0x03, 0x09, 0x09, 0x09,
    0x05, 0x05, 0x0B, 0x0B, 0x09, 0x0B, 0x09, 0x05, 0x09, 0x05, 0x09, 0x05, 0x03, 0x03, 0x05, 0x05, 0x05, 0x09, 0x0B, 0x09, 0x05, 0x05, 0x05, 0x03,
    0x05, 0x05, 0x05, 0x05, 0x09, 0x09, 0x09, 0x0B, 0x0C, 0x0C, 0x0C, 0x0B, 0x09, 0x05, 0x0B, 0x0B, 0x0B, 0x0B, 0x05, 0x05, 0x09, 0x0B, 0x09, 0x03,
    0x05, 0x09, 0x09, 0x09, 0x0F, 0x0A, 0x0E, 0x0D, 0x0D, 0x0E, 0x0E, 0x0D, 0x0E, 0x0D, 0x0E, 0x0E, 0x0D, 0x0D, 0x0C, 0x0D, 0x0B, 0x0F, 0x0F, 0x0E,
    0x0C, 0x0B, 0x0C, 0x0F, 0x0F, 0x0B, 0x03, 0x0B, 0x0D, 0x0B, 0x09, 0x0B, 0x0B, 0x0D, 0x0B, 0x0C, 0x0C, 0x0C, 0x0B, 0x0C, 0x09, 0x09, 0x09, 0x0C,
    0x0C, 0x0C, 0x0B, 0x0B, 0x0D, 0x0D, 0x0B, 0x0B, 0x0C, 0x0E, 0x09, 0x05, 0x05, 0x09, 0x05, 0x09, 0x0C, 0x05, 0x03, 0x05, 0x05, 0x0B, 0x05, 0x05,
    0x05, 0x0D, 0x0D, 0x05, 0x0B, 0x03, 0x05, 0x09, 0x09, 0x05, 0x09, 0x09, 0x0B, 0x0B, 0x0B, 0x0B, 0x0B, 0x0B, 0x0C, 0x0C, 0x0C, 0x0C, 0x05, 0x01,
    0x01, 0x05, 0x05, 0x05, 0x09, 0x09, 0x0B, 0x09, 0x0B, 0x09, 0x09, 0x05, 0x02, 0x0C, 0x0B, 0x09, 0x0B, 0x09, 0x0B, 0x09, 0x0B, 0x0B, 0x09, 0x09,
    0x09, 0x09, 0x09, 0x05, 0x0C, 0x09, 0x05, 0x0B, 0x0D, 0x0D, 0x05, 0x05, 0x09, 0x05, 0x0B, 0x0B, 0x05, 0x0B, 0x09, 0x05, 0x03, 0x03, 0x02, 0x01,
    0x01, 0x02, 0x09, 0x0C, 0x0C, 0x0B, 0x0B, 0x0C, 0x0D, 0x0D, 0x0D, 0x0C, 0x0C, 0x0C, 0x0C, 0x0B, 0x05, 0x05, 0x05, 0x09, 0x05, 0x0B, 0x09, 0x03,
    0x0B, 0x09, 0x0B, 0x05, 0x05, 0x09, 0x0C, 0x0C, 0x0C, 0x0B, 0x09, 0x0C, 0x0C, 0x0B, 0x0B, 0x05, 0x05, 0x05, 0x0B, 0x0B, 0x0C, 0x0B, 0x0B, 0x0B,
    0x05, 0x05, 0x05, 0x05, 0x03, 0x03, 0x05, 0x09, 0x0E, 0x0A, 0x13, 0x12, 0x0A, 0x11, 0x0F, 0x0D, 0x0D, 0x0E, 0x0D, 0x0D, 0x0C, 0x0C, 0x0C, 0x0C,
    0x0F, 0x0F, 0x0F, 0x0E, 0x0F, 0x0F, 0x0D, 0x0D, 0x0A, 0x0A, 0x0C, 0x11, 0x0D, 0x05, 0x05, 0x0D, 0x0D, 0x0C, 0x09, 0x02, 0x09, 0x0B, 0x09, 0x0B,
    0x0C, 0x0C, 0x0C, 0x0B, 0x09, 0x0B, 0x0C, 0x0D, 0x0D, 0x0D, 0x0B, 0x0C, 0x0C, 0x0F, 0x0B, 0x05, 0x05, 0x03, 0x05, 0x09, 0x0B, 0x05, 0x05, 0x09,
    0x0B, 0x0C, 0x0B, 0x0C, 0x0D, 0x09, 0x03, 0x02, 0x01, 0x0B, 0x0B, 0x05, 0x05, 0x05, 0x09, 0x0B, 0x0B, 0x0B, 0x0B, 0x0D, 0x0D, 0x0C, 0x0C, 0x0B,
    0x0B, 0x0B, 0x0B, 0x01, 0x02, 0x01, 0x01, 0x01, 0x09, 0x09, 0x09, 0x0B, 0x09, 0x09, 0x0C, 0x0C, 0x05, 0x05, 0x0B, 0x09, 0x0B, 0x09, 0x09, 0x0B,
    0x0B, 0x0B, 0x0B, 0x0B, 0x0B, 0x0C, 0x09, 0x0C, 0x0F, 0x0D, 0x0B, 0x05, 0x05, 0x05, 0x05, 0x05, 0x09, 0x09, 0x0B, 0x09, 0x09, 0x05, 0x05, 0x05,
    0x03, 0x03, 0x03, 0x0B, 0x05, 0x03, 0x05, 0x0D, 0x0C, 0x0C, 0x0B, 0x0C, 0x0C, 0x0D, 0x0E, 0x0C, 0x0B, 0x05, 0x05, 0x05, 0x05, 0x05, 0x05, 0x0B,
    0x0B, 0x05, 0x05, 0x05, 0x0B, 0x09, 0x0B, 0x05, 0x03, 0x09, 0x0B, 0x09, 0x09, 0x09, 0x09, 0x09, 0x05, 0x05, 0x03, 0x03, 0x02, 0x02, 0x0B, 0x0C,
    0x05, 0x05, 0x09, 0x0C, 0x09, 0x02, 0x05, 0x0B, 0x09, 0x03, 0x03, 0x0B, 0x0C, 0x0D, 0x0D, 0x0D, 0x0D, 0x0E, 0x0D, 0x0E, 0x0D, 0x0D, 0x0D, 0x0D,
    0x0E, 0x0D, 0x0C, 0x0C, 0x0C, 0x0C, 0x0C, 0x0C, 0x0D, 0x0E, 0x0E, 0x0E, 0x0F, 0x10, 0x13, 0x0A, 0x0B, 0x0D, 0x0F, 0x0D, 0x0C, 0x0B, 0x0B, 0x05,
    0x02, 0x0B, 0x0C, 0x0D, 0x0C, 0x0B, 0x0B, 0x0B, 0x0B, 0x0C, 0x0C, 0x0D, 0x0D, 0x0C, 0x0B, 0x05, 0x0B, 0x0C, 0x0D, 0x0C, 0x0B, 0x03, 0x03, 0x05,
    0x0B, 0x0D, 0x0E, 0x0E, 0x0C, 0x0C, 0x0B, 0x0C, 0x0B, 0x05, 0x03, 0x03, 0x03, 0x09, 0x05, 0x01, 0x01, 0x05, 0x0B, 0x0B, 0x09, 0x05, 0x09, 0x0D,
    0x0C, 0x09, 0x0B, 0x0C, 0x0B, 0x09, 0x05, 0x0B, 0x09, 0x05, 0x03, 0x03, 0x05, 0x05, 0x05, 0x05, 0x05, 0x09, 0x0B, 0x0D, 0x0E, 0x05, 0x03, 0x03,
    0x09, 0x09, 0x0B, 0x0B, 0x0B, 0x09, 0x05, 0x05, 0x0B, 0x0B, 0x0B, 0x09, 0x0C, 0x0C, 0x0D, 0x0B, 0x03, 0x01, 0x09, 0x05, 0x0B, 0x05, 0x03, 0x05,
    0x0C, 0x09, 0x03, 0x03, 0x03, 0x03, 0x09, 0x0C, 0x0E, 0x0D, 0x09, 0x0B, 0x0B, 0x0B, 0x0B, 0x09, 0x09, 0x0B, 0x0B, 0x0C, 0x0B, 0x05, 0x05, 0x02,
    0x01, 0x03, 0x03, 0x02, 0x05, 0x0B, 0x0C, 0x0D, 0x0C, 0x0B, 0x05, 0x05, 0x09, 0x02, 0x03, 0x09, 0x0B, 0x0B, 0x0C, 0x0B, 0x0C, 0x0B, 0x0B, 0x0B,
    0x05, 0x05, 0x05, 0x0B, 0x09, 0x05, 0x09, 0x0C, 0x0B, 0x09, 0x09, 0x09, 0x09, 0x03, 0x03, 0x09, 0x0C, 0x09, 0x0B, 0x0C, 0x0D, 0x0D, 0x0D, 0x0E,
    0x0D, 0x0D, 0x0D, 0x0D, 0x0C, 0x0C, 0x0C, 0x0B, 0x03, 0x0B, 0x09, 0x0C, 0x0D, 0x0D, 0x0F, 0x0A, 0x0A, 0x0F, 0x0E, 0x0C, 0x0C, 0x0D, 0x09, 0x0C,
    0x0B, 0x0B, 0x0D, 0x0B, 0x09, 0x09, 0x09, 0x0B, 0x0B, 0x0B, 0x0B, 0x0C, 0x0E, 0x0F, 0x0F, 0x0C, 0x0D, 0x0E, 0x0F, 0x0C, 0x0B, 0x03, 0x09, 0x0C,
    0x0C, 0x09, 0x0C, 0x0D, 0x0E, 0x0F, 0x0A, 0x0A, 0x0C, 0x09, 0x05, 0x0B, 0x09, 0x05, 0x03, 0x0B, 0x0D, 0x0B, 0x02, 0x04, 0x01, 0x09, 0x0B, 0x09,
    0x09, 0x09, 0x0B, 0x09, 0x0B, 0x0C, 0x0C, 0x0B, 0x0B, 0x0B, 0x09, 0x09, 0x09, 0x05, 0x09, 0x05, 0x03, 0x03, 0x05, 0x02, 0x03, 0x03, 0x05, 0x09,
    0x0B, 0x0B, 0x02, 0x01, 0x03, 0x0C, 0x05, 0x0B, 0x09, 0x05, 0x01, 0x02, 0x05, 0x09, 0x0B, 0x05, 0x05, 0x0B, 0x09, 0x0B, 0x09, 0x03, 0x05, 0x05,
    0x0B, 0x0B, 0x09, 0x0B, 0x05, 0x05, 0x02, 0x01, 0x01, 0x03, 0x05, 0x05, 0x09, 0x0B, 0x0B, 0x0B, 0x09, 0x0B, 0x0D, 0x0D, 0x0B, 0x0B, 0x09, 0x0B,
    0x0B, 0x0B, 0x03, 0x01, 0x02, 0x01, 0x05, 0x09, 0x0B, 0x0C, 0x0E, 0x0D, 0x0D, 0x0B, 0x01, 0x02, 0x0B, 0x05, 0x02, 0x03, 0x0D, 0x0D, 0x0B, 0x09,
    0x0B, 0x0C, 0x09, 0x05, 0x03, 0x02, 0x05, 0x09, 0x0B, 0x09, 0x05, 0x05, 0x09, 0x0B, 0x0B, 0x05, 0x09, 0x05, 0x03, 0x05, 0x0D, 0x0B, 0x05, 0x0B,
    0x0C, 0x0D, 0x0D, 0x0D, 0x0D, 0x0D, 0x0C, 0x05, 0x0B, 0x0C, 0x0B, 0x0B, 0x0C, 0x0B, 0x0D, 0x0A, 0x0D, 0x0B, 0x0B, 0x0C, 0x0D, 0x0D, 0x0D, 0x0D,
    0x0E, 0x09, 0x05, 0x05, 0x05, 0x0B, 0x0C, 0x0C, 0x0B, 0x09, 0x05, 0x0B, 0x0E, 0x0D, 0x0C, 0x0C, 0x0C, 0x0C, 0x0D, 0x0E, 0x09, 0x0B, 0x0C, 0x0F,
    0x0B, 0x0B, 0x05, 0x0C, 0x0B, 0x09, 0x0C, 0x0B, 0x09, 0x05, 0x05, 0x05, 0x0C, 0x0B, 0x0B, 0x0B, 0x05, 0x05, 0x05, 0x09, 0x05, 0x09, 0x0C, 0x0B,
    0x05, 0x09, 0x09, 0x0B, 0x05, 0x09, 0x0C, 0x0D, 0x0B, 0x0C, 0x0B, 0x0B, 0x0C, 0x0B, 0x0B, 0x0B, 0x0B, 0x0B, 0x05, 0x03, 0x0B, 0x0B, 0x05, 0x05,
    0x03, 0x05, 0x05, 0x05, 0x05, 0x0B, 0x0F, 0x0D, 0x0C, 0x09, 0x05, 0x05, 0x09, 0x09, 0x02, 0x02, 0x09, 0x0B, 0x0D, 0x0B, 0x05, 0x0B, 0x0C, 0x09,
    0x0C, 0x05, 0x05, 0x03, 0x0D, 0x0D, 0x09, 0x05, 0x05, 0x05, 0x05, 0x01, 0x01, 0x02, 0x05, 0x0B, 0x09, 0x0B, 0x09, 0x09, 0x05, 0x09, 0x0C, 0x0C,
    0x09, 0x0C, 0x0B, 0x0B, 0x09, 0x0C, 0x0C, 0x05, 0x04, 0x04, 0x05, 0x0B, 0x0E, 0x09, 0x0B, 0x05, 0x09, 0x09, 0x0D, 0x05, 0x03, 0x05, 0x09, 0x05,
    0x0D, 0x0C, 0x0B, 0x05, 0x05, 0x0B, 0x09, 0x02, 0x06, 0x06, 0x01, 0x0B, 0x0D, 0x0C, 0x0B, 0x09, 0x09, 0x09, 0x05, 0x05, 0x05, 0x09, 0x0B, 0x05,
    0x0D, 0x0F, 0x09, 0x03, 0x0B, 0x0C, 0x0C, 0x05, 0x05, 0x0C, 0x05, 0x05, 0x0B, 0x09, 0x09, 0x0B, 0x0C, 0x0C, 0x0C, 0x0D, 0x0D, 0x0C, 0x0B, 0x0C,
    0x0D, 0x0D, 0x0D, 0x0F, 0x0E, 0x0E, 0x0D, 0x0B, 0x05, 0x05, 0x03, 0x0C, 0x0B, 0x0D, 0x0E, 0x09, 0x0B, 0x0B, 0x0B, 0x0C, 0x0C, 0x0E, 0x0D, 0x0B,
    0x0D, 0x0C, 0x0B, 0x0B, 0x0C, 0x09, 0x0C, 0x09, 0x0B, 0x09, 0x05, 0x0E, 0x0E, 0x0C, 0x05, 0x05, 0x0C, 0x0D, 0x0C, 0x03, 0x03, 0x03, 0x05, 0x0B,
    0x0B, 0x0B, 0x0C, 0x0D, 0x0D, 0x0B, 0x05, 0x03, 0x0D, 0x0D, 0x0C, 0x0C, 0x0C, 0x0C, 0x0B, 0x0B, 0x0B, 0x0B, 0x0B, 0x0B, 0x0B, 0x0B, 0x03, 0x05,
    0x05, 0x0B, 0x09, 0x05, 0x03, 0x03, 0x05, 0x03, 0x05, 0x0B, 0x0C, 0x0C, 0x0D, 0x0C, 0x05, 0x03, 0x03, 0x0E, 0x05, 0x0C, 0x0B, 0x03, 0x05, 0x05,
    0x09, 0x01, 0x03, 0x0B, 0x09, 0x09, 0x05, 0x05, 0x09, 0x05, 0x02, 0x05, 0x09, 0x0D, 0x05, 0x02, 0x02, 0x03, 0x05, 0x09, 0x09, 0x0B, 0x09, 0x09,
    0x0C, 0x0D, 0x0B, 0x0D, 0x0C, 0x0B, 0x09, 0x03, 0x03, 0x05, 0x02, 0x09, 0x0D, 0x05, 0x03, 0x0C, 0x0F, 0x0C, 0x09, 0x0B, 0x0E, 0x05, 0x0B, 0x0D,
    0x0B, 0x05, 0x03, 0x05, 0x0C, 0x0C, 0x09, 0x05, 0x05, 0x09, 0x0C, 0x05, 0x03, 0x03, 0x05, 0x02, 0x0D, 0x0B, 0x09, 0x09, 0x0B, 0x0B, 0x09, 0x05,
    0x03, 0x02, 0x02, 0x02, 0x0D, 0x10, 0x13, 0x0E, 0x03, 0x09, 0x0B, 0x05, 0x05, 0x05, 0x0B, 0x0D, 0x09, 0x0B, 0x0B, 0x09, 0x0C, 0x09, 0x01, 0x02,
    0x09, 0x0B, 0x05, 0x03, 0x05, 0x0B, 0x0C, 0x0C, 0x0D, 0x0D, 0x0C, 0x05, 0x0E, 0x0D, 0x0D, 0x0E, 0x0F, 0x0C, 0x0B, 0x09, 0x03, 0x03, 0x05, 0x0B,
    0x0B, 0x0B, 0x0B, 0x09, 0x09, 0x09, 0x0B, 0x0C, 0x05, 0x02, 0x01, 0x05, 0x03, 0x03, 0x0C, 0x0C, 0x0C, 0x0B, 0x05, 0x05, 0x05, 0x05, 0x05, 0x05,
    0x04, 0x01, 0x03, 0x09, 0x05, 0x0B, 0x09, 0x0C, 0x09, 0x05, 0x02, 0x03, 0x09, 0x0C, 0x0D, 0x0B, 0x0B, 0x0B, 0x0C, 0x0B, 0x0B, 0x0B, 0x0B, 0x0B,
    0x0B, 0x09, 0x05, 0x05, 0x09, 0x05, 0x05, 0x03, 0x05, 0x05, 0x05, 0x05, 0x03, 0x05, 0x05, 0x03, 0x05, 0x0B, 0x05, 0x03, 0x01, 0x05, 0x05, 0x09,
    0x0B, 0x09, 0x09, 0x0B, 0x05, 0x03, 0x02, 0x02, 0x05, 0x0B, 0x05, 0x09, 0x09, 0x09, 0x09, 0x0C, 0x09, 0x05, 0x09, 0x09, 0x03, 0x02, 0x03, 0x09,
    0x0B, 0x0B, 0x0B, 0x0C, 0x0B, 0x05, 0x09, 0x09, 0x09, 0x09, 0x0B, 0x0B, 0x09, 0x05, 0x05, 0x05, 0x0B, 0x05, 0x02, 0x09, 0x0D, 0x0B, 0x09, 0x09,
    0x05, 0x05, 0x0D, 0x0D, 0x0C, 0x0B, 0x02, 0x09, 0x0E, 0x0C, 0x09, 0x09, 0x05, 0x09, 0x0B, 0x0D, 0x09, 0x0C, 0x0D, 0x0D, 0x0D, 0x09, 0x05, 0x09,
    0x0B, 0x0B, 0x0B, 0x05, 0x01, 0x04, 0x01, 0x03, 0x0D, 0x0D, 0x0A, 0x10, 0x0A, 0x0C, 0x0D, 0x0D, 0x11, 0x0F, 0x0C, 0x0C, 0x0B, 0x0E, 0x0D, 0x0D,
    0x0D, 0x0D, 0x09, 0x05, 0x03, 0x0E, 0x0C, 0x0B, 0x09, 0x0B, 0x0B, 0x0B, 0x0C, 0x0C, 0x0D, 0x0F, 0x0D, 0x0C, 0x0D, 0x0D, 0x09, 0x0B, 0x05, 0x05,
    0x0C, 0x09, 0x05, 0x0B, 0x0B, 0x09, 0x0B, 0x0B, 0x0B, 0x0B, 0x0B, 0x09, 0x05, 0x0B, 0x0C, 0x0D, 0x0D, 0x0E, 0x0F, 0x0D, 0x09, 0x03, 0x05, 0x05,
    0x05, 0x0B, 0x05, 0x05, 0x03, 0x05, 0x0B, 0x03, 0x05, 0x0B, 0x0B, 0x09, 0x0B, 0x0B, 0x09, 0x0B, 0x0C, 0x0B, 0x09, 0x09, 0x0B, 0x09, 0x09, 0x0B,
    0x0B, 0x09, 0x0B, 0x0B, 0x0B, 0x0B, 0x09, 0x0B, 0x09, 0x09, 0x09, 0x09, 0x05, 0x05, 0x03, 0x02, 0x04, 0x04, 0x01, 0x03, 0x05, 0x05, 0x02, 0x02,
    0x02, 0x05, 0x03, 0x05, 0x05, 0x05, 0x0B, 0x0C, 0x05, 0x09, 0x03, 0x02, 0x05, 0x0B, 0x0B, 0x0D, 0x0C, 0x0D, 0x0C, 0x03, 0x03, 0x05, 0x05, 0x03,
    0x03, 0x02, 0x09, 0x0C, 0x0B, 0x09, 0x0B, 0x0B, 0x09, 0x09, 0x03, 0x05, 0x0B, 0x0B, 0x09, 0x05, 0x03, 0x05, 0x05, 0x05, 0x05, 0x09, 0x05, 0x09,
    0x0C, 0x0C, 0x0B, 0x0B, 0x0B, 0x09, 0x09, 0x05, 0x0B, 0x0C, 0x0D, 0x0E, 0x0C, 0x0B, 0x09, 0x05, 0x05, 0x05, 0x03, 0x03, 0x09, 0x09, 0x0D, 0x0E,
    0x09, 0x09, 0x05, 0x0B, 0x09, 0x09, 0x05, 0x0B, 0x05, 0x01, 0x02, 0x03, 0x0B, 0x0D, 0x0E, 0x11, 0x10, 0x0F, 0x0E, 0x11, 0x10, 0x11, 0x0E, 0x0E,
    0x0A, 0x0F, 0x10, 0x0F, 0x0E, 0x0A, 0x0F, 0x0C, 0x05, 0x0C, 0x0C, 0x0F, 0x0F, 0x0D, 0x0B, 0x0C, 0x0B, 0x0C, 0x0D, 0x0F, 0x0C, 0x0E, 0x0D, 0x0C,
    0x0C, 0x0B, 0x09, 0x05, 0x0B, 0x0C, 0x0B, 0x03, 0x03, 0x05, 0x09, 0x09, 0x0B, 0x09, 0x0B, 0x09, 0x0C, 0x0D, 0x0A, 0x11, 0x0A, 0x10, 0x0E, 0x0C,
    0x0C, 0x0C, 0x0C, 0x0D, 0x0B, 0x05, 0x05, 0x05, 0x09, 0x05, 0x01, 0x05, 0x05, 0x03, 0x09, 0x03, 0x03, 0x03, 0x09, 0x0E, 0x0D, 0x09, 0x05, 0x05,
    0x03, 0x05, 0x05, 0x03, 0x09, 0x0B, 0x0B, 0x0B, 0x0B, 0x0B, 0x03, 0x05, 0x0B, 0x0B, 0x05, 0x0B, 0x05, 0x03, 0x03, 0x01, 0x03, 0x02, 0x03, 0x09,
    0x0B, 0x09, 0x0B, 0x0B, 0x05, 0x05, 0x05, 0x03, 0x03, 0x05, 0x05, 0x09, 0x05, 0x05, 0x05, 0x05, 0x03, 0x03, 0x03, 0x0B, 0x0D, 0x09, 0x05, 0x03,
    0x04, 0x06, 0x04, 0x02, 0x09, 0x0B, 0x09, 0x09, 0x0B, 0x09, 0x09, 0x05, 0x09, 0x05, 0x05, 0x09, 0x0B, 0x09, 0x02, 0x01, 0x05, 0x09, 0x05, 0x05,
    0x09, 0x09, 0x0C, 0x0D, 0x0B, 0x09, 0x05, 0x05, 0x05, 0x05, 0x05, 0x05, 0x0B, 0x09, 0x0D, 0x0D, 0x0B, 0x09, 0x09, 0x05, 0x02, 0x06, 0x01, 0x0B,
    0x0B, 0x0B, 0x0C, 0x09, 0x09, 0x05, 0x05, 0x05, 0x05, 0x05, 0x09, 0x09, 0x09, 0x05, 0x03, 0x03, 0x0D, 0x0C, 0x0D, 0x0E, 0x0E, 0x0A, 0x11, 0x0F,
    0x0F, 0x0F, 0x0A, 0x10, 0x0A, 0x0E, 0x0F, 0x0D, 0x0F, 0x0E, 0x0A, 0x0D, 0x05, 0x02, 0x05, 0x09, 0x0C, 0x0D, 0x0C, 0x0B, 0x0B, 0x0C, 0x0B, 0x0C,
    0x0D, 0x0C, 0x0B, 0x0B, 0x0B, 0x0B, 0x09, 0x09, 0x09, 0x05, 0x05, 0x02, 0x02, 0x02, 0x03, 0x0B, 0x0B, 0x0C, 0x0B, 0x09, 0x0B, 0x0B, 0x0C, 0x0C,
    0x0C, 0x0C, 0x0B, 0x0C, 0x0B, 0x0B, 0x0C, 0x0B, 0x0B, 0x03, 0x01, 0x01, 0x09, 0x05, 0x03, 0x05, 0x01, 0x03, 0x05, 0x0C, 0x09, 0x0C, 0x0D, 0x0C,
    0x0C, 0x0C, 0x0C, 0x0C, 0x0C, 0x05, 0x05, 0x03, 0x05, 0x05, 0x01, 0x03, 0x01, 0x02, 0x05, 0x0B, 0x09, 0x09, 0x05, 0x05, 0x01, 0x01, 0x04, 0x02,
    0x05, 0x05, 0x0B, 0x0C, 0x0B, 0x09, 0x0B, 0x05, 0x05, 0x09, 0x09, 0x05, 0x05, 0x05, 0x03, 0x02, 0x01, 0x02, 0x03, 0x0B, 0x0B, 0x0C, 0x0B, 0x0B,
    0x0C, 0x09, 0x05, 0x03, 0x05, 0x01, 0x05, 0x0B, 0x0D, 0x0B, 0x05, 0x05, 0x05, 0x09, 0x09, 0x0C, 0x09, 0x09, 0x09, 0x09, 0x03, 0x03, 0x03, 0x02,
    0x05, 0x09, 0x0B, 0x09, 0x09, 0x09, 0x0C, 0x0C, 0x09, 0x05, 0x05, 0x05, 0x05, 0x09, 0x05, 0x09, 0x05, 0x05, 0x0B, 0x09, 0x09, 0x09, 0x02, 0x02,
    0x05, 0x03, 0x03, 0x05, 0x09, 0x09, 0x05, 0x05, 0x05, 0x05, 0x05, 0x05, 0x05, 0x03, 0x05, 0x05, 0x05, 0x05, 0x03, 0x02, 0x0D, 0x0C, 0x0C, 0x0C,
    0x0C, 0x0C, 0x0D, 0x0D, 0x0D, 0x0C, 0x0C, 0x0E, 0x10, 0x11, 0x0E, 0x0F, 0x0D, 0x0D, 0x0E, 0x0D, 0x0C, 0x05, 0x03, 0x02, 0x02, 0x09, 0x0C, 0x0B,
    0x0B, 0x0C, 0x0C, 0x03, 0x05, 0x05, 0x0D, 0x09, 0x0B, 0x0C, 0x0B, 0x0C, 0x05, 0x05, 0x05, 0x0B, 0x0C, 0x0C, 0x0B, 0x09, 0x05, 0x03, 0x03, 0x09,
    0x0B, 0x0C, 0x05, 0x0B, 0x0B, 0x0C, 0x0C, 0x05, 0x09, 0x0C, 0x0C, 0x0C, 0x0C, 0x0C, 0x0D, 0x0D, 0x0B, 0x05, 0x03, 0x03, 0x01, 0x03, 0x05, 0x0C,
    0x0E, 0x0D, 0x0C, 0x09, 0x05, 0x09, 0x05, 0x09, 0x09, 0x05, 0x03, 0x03, 0x02, 0x05, 0x05, 0x03, 0x05, 0x03, 0x05, 0x09, 0x0B, 0x0B, 0x05, 0x01,
    0x01, 0x01, 0x01, 0x01, 0x05, 0x05, 0x0B, 0x0C, 0x0B, 0x0B, 0x05, 0x01, 0x05, 0x05, 0x05, 0x05, 0x09, 0x09, 0x05, 0x05, 0x03, 0x03, 0x05, 0x0C,
    0x0D, 0x0D, 0x0C, 0x0B, 0x0B, 0x0B, 0x05, 0x03, 0x05, 0x0B, 0x0D, 0x0F, 0x0D, 0x0D, 0x0B, 0x09, 0x01, 0x01, 0x05, 0x0D, 0x09, 0x0B, 0x0B, 0x09,
    0x09, 0x05, 0x0B, 0x0B, 0x09, 0x0B, 0x05, 0x09, 0x0B, 0x09, 0x0C, 0x0B, 0x09, 0x09, 0x05, 0x05, 0x0B, 0x09, 0x05, 0x05, 0x05, 0x09, 0x02, 0x01,
    0x01, 0x01, 0x03, 0x05, 0x05, 0x05, 0x05, 0x05, 0x05, 0x05, 0x03, 0x03, 0x05, 0x09, 0x03, 0x09, 0x05, 0x09, 0x05, 0x03, 0x05, 0x05, 0x03, 0x03,
    0x0C, 0x0D, 0x0D, 0x0D, 0x0D, 0x0D, 0x0D, 0x0C, 0x0C, 0x0D, 0x0D, 0x0D, 0x0D, 0x0D, 0x0C, 0x0E, 0x0B, 0x0B, 0x0D, 0x0E, 0x0B, 0x05, 0x0B, 0x05,
    0x05, 0x03, 0x05, 0x09, 0x09, 0x0B, 0x05, 0x06, 0x06, 0x06, 0x0B, 0x0B, 0x09, 0x09, 0x0C, 0x0B, 0x05, 0x05, 0x05, 0x05, 0x0C, 0x0D, 0x0C, 0x05,
    0x01, 0x01, 0x01, 0x02, 0x02, 0x0C, 0x09, 0x0B, 0x0B, 0x0B, 0x0C, 0x0C, 0x0B, 0x0C, 0x0C, 0x0B, 0x0C, 0x0C, 0x09, 0x05, 0x09, 0x05, 0x09, 0x03,
    0x02, 0x01, 0x03, 0x05, 0x0B, 0x0B, 0x0B, 0x05, 0x0B, 0x09, 0x05, 0x05, 0x09, 0x05, 0x01, 0x01, 0x03, 0x03, 0x03, 0x05, 0x09, 0x0B, 0x05, 0x05,
    0x05, 0x03, 0x03, 0x05, 0x03, 0x02, 0x03, 0x03, 0x05, 0x05, 0x02, 0x05, 0x02, 0x09, 0x05, 0x09, 0x03, 0x03, 0x05, 0x09, 0x05, 0x09, 0x09, 0x05,
    0x05, 0x09, 0x05, 0x05, 0x0B, 0x0C, 0x0B, 0x09, 0x0C, 0x0B, 0x09, 0x05, 0x05, 0x05, 0x09, 0x09, 0x0D, 0x0D, 0x0D, 0x0B, 0x0C, 0x0D, 0x0D, 0x0B,
    0x05, 0x03, 0x03, 0x05, 0x03, 0x09, 0x09, 0x0C, 0x09, 0x0B, 0x05, 0x05, 0x05, 0x0B, 0x0B, 0x0B, 0x09, 0x03, 0x05, 0x09, 0x0B, 0x09, 0x03, 0x03,
    0x05, 0x09, 0x05, 0x05, 0x02, 0x03, 0x05, 0x02, 0x02, 0x05, 0x09, 0x09, 0x05, 0x05, 0x03, 0x05, 0x05, 0x09, 0x05, 0x05, 0x05, 0x01, 0x02, 0x03,
    0x0B, 0x09, 0x05, 0x03, 0x0D, 0x0D, 0x0C, 0x0C, 0x0B, 0x0B, 0x0C, 0x0C, 0x0C, 0x0D, 0x0C, 0x0D, 0x0C, 0x0C, 0x0C, 0x0B, 0x0B, 0x0E, 0x0F, 0x10,
    0x11, 0x0D, 0x09, 0x05, 0x03, 0x02, 0x05, 0x0B, 0x0B, 0x0B, 0x0B, 0x05, 0x05, 0x03, 0x03, 0x0B, 0x0B, 0x0B, 0x05, 0x05, 0x03, 0x01, 0x02, 0x05,
    0x0B, 0x0B, 0x03, 0x02, 0x01, 0x02, 0x01, 0x03, 0x05, 0x05, 0x0C, 0x0B, 0x0B, 0x0C, 0x0B, 0x0D, 0x0D, 0x0C, 0x0C, 0x0C, 0x0C, 0x05, 0x05, 0x03,
    0x05, 0x0D, 0x0C, 0x03, 0x01, 0x01, 0x06, 0x01, 0x03, 0x03, 0x05, 0x05, 0x09, 0x05, 0x05, 0x0C, 0x0B, 0x09, 0x05, 0x05, 0x05, 0x03, 0x0B, 0x09,
    0x0C, 0x0B, 0x01, 0x01, 0x01, 0x03, 0x05, 0x09, 0x09, 0x05, 0x05, 0x03, 0x05, 0x09, 0x03, 0x06, 0x04, 0x09, 0x0B, 0x0C, 0x09, 0x05, 0x09, 0x05,
    0x05, 0x05, 0x05, 0x0B, 0x09, 0x05, 0x03, 0x05, 0x0B, 0x0B, 0x09, 0x05, 0x09, 0x05, 0x09, 0x03, 0x03, 0x03, 0x05, 0x09, 0x09, 0x09, 0x0C, 0x0C,
    0x05, 0x05, 0x09, 0x05, 0x05, 0x05, 0x03, 0x05, 0x0C, 0x0C, 0x09, 0x09, 0x09, 0x05, 0x09, 0x05, 0x05, 0x0B, 0x0B, 0x0C, 0x0B, 0x09, 0x03, 0x05,
    0x03, 0x09, 0x03, 0x02, 0x05, 0x03, 0x05, 0x09, 0x05, 0x03, 0x02, 0x01, 0x01, 0x01, 0x03, 0x09, 0x05, 0x03, 0x09, 0x03, 0x01, 0x01, 0x03, 0x0B,
    0x03, 0x05, 0x05, 0x02, 0x03, 0x05, 0x05, 0x02, 0x0D, 0x0E, 0x0C, 0x0B, 0x0C, 0x0D, 0x0E, 0x0D, 0x0D, 0x0D, 0x0D, 0x0C, 0x0C, 0x0C, 0x0C, 0x0B,
    0x0C, 0x0C, 0x0E, 0x0A, 0x13, 0x0A, 0x0D, 0x09, 0x02, 0x01, 0x05, 0x0B, 0x0D, 0x0D, 0x0F, 0x13, 0x0A, 0x02, 0x05, 0x0C, 0x0C, 0x0B, 0x0B, 0x0B,
    0x09, 0x05, 0x09, 0x05, 0x09, 0x09, 0x09, 0x09, 0x0B, 0x0B, 0x0B, 0x09, 0x03, 0x05, 0x09, 0x0B, 0x0B, 0x0D, 0x0D, 0x0C, 0x0E, 0x0D, 0x0C, 0x0B,
    0x0B, 0x0C, 0x0C, 0x05, 0x05, 0x02, 0x03, 0x05, 0x05, 0x03, 0x01, 0x05, 0x05, 0x05, 0x0B, 0x0B, 0x05, 0x05, 0x05, 0x05, 0x0B, 0x05, 0x05, 0x03,
    0x05, 0x05, 0x0B, 0x02, 0x01, 0x02, 0x0B, 0x03, 0x01, 0x02, 0x05, 0x0B, 0x05, 0x05, 0x03, 0x03, 0x05, 0x09, 0x0B, 0x0D, 0x05, 0x06, 0x05, 0x09,
    0x0B, 0x01, 0x0B, 0x09, 0x09, 0x05, 0x05, 0x05, 0x09, 0x05, 0x03, 0x09, 0x0D, 0x0B, 0x0B, 0x05, 0x0B, 0x03, 0x03, 0x03, 0x05, 0x03, 0x02, 0x03,
    0x05, 0x05, 0x09, 0x09, 0x09, 0x09, 0x05, 0x05, 0x03, 0x03, 0x03, 0x05, 0x01, 0x05, 0x09, 0x05, 0x05, 0x05, 0x05, 0x05, 0x05, 0x0B, 0x0B, 0x09,
    0x09, 0x09, 0x03, 0x02, 0x05, 0x09, 0x0C, 0x0B, 0x09, 0x02, 0x09, 0x0B, 0x0B, 0x05, 0x05, 0x02, 0x01, 0x03, 0x03, 0x02, 0x05, 0x0D, 0x09, 0x03,
    0x02, 0x01, 0x0B, 0x02, 0x03, 0x09, 0x05, 0x0B, 0x05, 0x03, 0x05, 0x05, 0x0B, 0x0C, 0x0C, 0x0B, 0x0B, 0x0C, 0x0B, 0x0B, 0x0B, 0x0C, 0x0C, 0x0D,
    0x0C, 0x0C, 0x0D, 0x0C, 0x0D, 0x0C, 0x0D, 0x0E, 0x0F, 0x11, 0x10, 0x0F, 0x0C, 0x03, 0x06, 0x04, 0x0B, 0x0B, 0x0B, 0x0C, 0x0D, 0x0B, 0x09, 0x0D,
    0x0C, 0x0B, 0x0B, 0x0B, 0x09, 0x05, 0x05, 0x05, 0x09, 0x09, 0x05, 0x09, 0x0C, 0x0B, 0x0C, 0x09, 0x0B, 0x05, 0x03, 0x0B, 0x0B, 0x0B, 0x0B, 0x0B,
    0x0B, 0x0B, 0x0B, 0x0C, 0x0B, 0x0B, 0x0B, 0x0B, 0x0B, 0x05, 0x0B, 0x09, 0x0B, 0x0B, 0x0C, 0x0B, 0x0C, 0x0B, 0x0C, 0x0C, 0x09, 0x05, 0x05, 0x0B,
    0x0B, 0x05, 0x05, 0x05, 0x04, 0x0B, 0x09, 0x05, 0x09, 0x05, 0x0B, 0x05, 0x05, 0x01, 0x06, 0x02, 0x03, 0x03, 0x03, 0x03, 0x03, 0x03, 0x09, 0x0E,
    0x0B, 0x0C, 0x02, 0x05, 0x09, 0x02, 0x03, 0x09, 0x05, 0x09, 0x0B, 0x0B, 0x05, 0x01, 0x09, 0x0D, 0x0C, 0x05, 0x03, 0x02, 0x01, 0x02, 0x03, 0x09,
    0x05, 0x05, 0x05, 0x03, 0x05, 0x03, 0x05, 0x09, 0x0B, 0x0B, 0x09, 0x05, 0x03, 0x01, 0x05, 0x05, 0x02, 0x04, 0x03, 0x03, 0x05, 0x05, 0x05, 0x09,
    0x09, 0x05, 0x03, 0x05, 0x0B, 0x05, 0x05, 0x03, 0x05, 0x0B, 0x05, 0x05, 0x0B, 0x09, 0x05, 0x05, 0x05, 0x05, 0x05, 0x0B, 0x0C, 0x0C, 0x0C, 0x09,
    0x0E, 0x09, 0x05, 0x05, 0x05, 0x05, 0x09, 0x0B, 0x09, 0x09, 0x0B, 0x05, 0x05, 0x05, 0x03, 0x03, 0x0B, 0x0C, 0x0C, 0x0C, 0x0C, 0x0C, 0x0C, 0x0C,
    0x0C, 0x0D, 0x0C, 0x0B, 0x0D, 0x0C, 0x0D, 0x0D, 0x0C, 0x0C, 0x0D, 0x0D, 0x0E, 0x11, 0x12, 0x13, 0x11, 0x0D, 0x09, 0x06, 0x06, 0x06, 0x06, 0x01,
    0x0C, 0x0A, 0x0D, 0x0C, 0x09, 0x05, 0x02, 0x02, 0x05, 0x09, 0x09, 0x09, 0x0B, 0x09, 0x0B, 0x0C, 0x0C, 0x0B, 0x0C, 0x0B, 0x09, 0x05, 0x03, 0x05,
    0x0C, 0x0D, 0x05, 0x02, 0x05, 0x05, 0x0B, 0x0B, 0x0B, 0x0B, 0x09, 0x05, 0x09, 0x09, 0x0B, 0x0B, 0x0A, 0x0F, 0x0C, 0x0B, 0x0B, 0x0B, 0x0B, 0x09,
    0x0C, 0x05, 0x05, 0x05, 0x0B, 0x05, 0x0B, 0x0B, 0x0B, 0x05, 0x09, 0x05, 0x05, 0x03, 0x01, 0x02, 0x05, 0x05, 0x03, 0x02, 0x01, 0x01, 0x01, 0x01,
    0x02, 0x03, 0x03, 0x0B, 0x09, 0x0D, 0x0F, 0x0B, 0x05, 0x0B, 0x0B, 0x09, 0x09, 0x05, 0x09, 0x05, 0x03, 0x09, 0x0C, 0x09, 0x05, 0x03, 0x03, 0x03,
    0x01, 0x03, 0x04, 0x02, 0x02, 0x03, 0x05, 0x03, 0x03, 0x03, 0x05, 0x03, 0x05, 0x09, 0x09, 0x05, 0x03, 0x02, 0x03, 0x01, 0x04, 0x01, 0x01, 0x03,
    0x05, 0x05, 0x05, 0x05, 0x09, 0x09, 0x05, 0x05, 0x05, 0x05, 0x05, 0x03, 0x01, 0x03, 0x01, 0x03, 0x03, 0x05, 0x05, 0x05, 0x09, 0x05, 0x09, 0x0B,
    0x05, 0x05, 0x0B, 0x0B, 0x0B, 0x05, 0x05, 0x09, 0x0B, 0x05, 0x05, 0x09, 0x05, 0x05, 0x03, 0x05, 0x05, 0x05, 0x05, 0x05, 0x05, 0x0B, 0x0C, 0x0C,
    0x0B, 0x0B, 0x0C, 0x0C, 0x0D, 0x0C, 0x0D, 0x0C, 0x0D, 0x0D, 0x0D, 0x0D, 0x0C, 0x0C, 0x0D, 0x0C, 0x0D, 0x0E, 0x0A, 0x11, 0x10, 0x10, 0x0A, 0x0D,
    0x05, 0x01, 0x02, 0x01, 0x02, 0x09, 0x0D, 0x05, 0x0B, 0x09, 0x05, 0x02, 0x01, 0x05, 0x09, 0x09, 0x0B, 0x0C, 0x0E, 0x0B, 0x03, 0x09, 0x09, 0x0B,
    0x0B, 0x09, 0x03, 0x02, 0x05, 0x0B, 0x0B, 0x0B, 0x03, 0x05, 0x0B, 0x0C, 0x0C, 0x0D, 0x0B, 0x05, 0x01, 0x05, 0x0E, 0x0B, 0x0B, 0x0B, 0x0B, 0x0D,
    0x0D, 0x0D, 0x0C, 0x09, 0x09, 0x0B, 0x09, 0x02, 0x02, 0x03, 0x05, 0x09, 0x0B, 0x09, 0x05, 0x05, 0x09, 0x05, 0x03, 0x05, 0x03, 0x03, 0x01, 0x02,
    0x02, 0x02, 0x03, 0x03, 0x03, 0x01, 0x03, 0x01, 0x03, 0x05, 0x0B, 0x03, 0x09, 0x0B, 0x0E, 0x0E, 0x09, 0x05, 0x03, 0x02, 0x02, 0x03, 0x0B, 0x0B,
    0x09, 0x05, 0x0C, 0x0B, 0x09, 0x05, 0x03, 0x06, 0x04, 0x05, 0x05, 0x05, 0x03, 0x05, 0x05, 0x05, 0x05, 0x09, 0x05, 0x03, 0x01, 0x01, 0x09, 0x03,
    0x03, 0x04, 0x01, 0x01, 0x02, 0x01, 0x03, 0x03, 0x05, 0x03, 0x03, 0x05, 0x05, 0x05, 0x05, 0x03, 0x03, 0x01, 0x04, 0x05, 0x05, 0x05, 0x02, 0x01,
    0x05, 0x0B, 0x0B, 0x0B, 0x05, 0x05, 0x05, 0x0B, 0x09, 0x05, 0x05, 0x05, 0x05, 0x09, 0x03, 0x05, 0x0B, 0x05, 0x05, 0x05, 0x02, 0x01, 0x05, 0x0B,
    0x04, 0x0B, 0x0C, 0x0B, 0x09, 0x05, 0x05, 0x05, 0x05, 0x09, 0x0D, 0x0C, 0x0E, 0x0B, 0x0D, 0x0C, 0x0C, 0x0B, 0x0D, 0x0D, 0x0D, 0x0E, 0x0D, 0x0F,
    0x11, 0x13, 0x12, 0x14, 0x13, 0x0C, 0x0C, 0x05, 0x03, 0x01, 0x06, 0x04, 0x01, 0x01, 0x01, 0x01, 0x02, 0x05, 0x09, 0x09, 0x05, 0x03, 0x05, 0x09,
    0x0B, 0x09, 0x0C, 0x0B, 0x0B, 0x09, 0x0B, 0x0B, 0x03, 0x0B, 0x0C, 0x0E, 0x0F, 0x0D, 0x0B, 0x0C, 0x0C, 0x0B, 0x09, 0x05, 0x04, 0x04, 0x0C, 0x0C,
    0x09, 0x0B, 0x0B, 0x0C, 0x0E, 0x0C, 0x0C, 0x09, 0x01, 0x02, 0x0B, 0x0B, 0x0B, 0x0B, 0x05, 0x0B, 0x0B, 0x0C, 0x0B, 0x0C, 0x05, 0x05, 0x03, 0x03,
    0x03, 0x01, 0x01, 0x02, 0x02, 0x05, 0x05, 0x03, 0x0B, 0x09, 0x0B, 0x05, 0x03, 0x05, 0x05, 0x05, 0x09, 0x0B, 0x0C, 0x09, 0x09, 0x05, 0x03, 0x03,
    0x05, 0x02, 0x05, 0x09, 0x05, 0x05, 0x05, 0x05, 0x05, 0x09, 0x0C, 0x0E, 0x0B, 0x01, 0x04, 0x05, 0x03, 0x03, 0x05, 0x05, 0x09, 0x05, 0x05, 0x03,
    0x03, 0x05, 0x03, 0x03, 0x03, 0x09, 0x02, 0x01, 0x03, 0x05, 0x05, 0x05, 0x05, 0x03, 0x03, 0x03, 0x03, 0x05, 0x05, 0x05, 0x03, 0x01, 0x03, 0x09,
    0x05, 0x05, 0x02, 0x05, 0x09, 0x0B, 0x05, 0x0B, 0x05, 0x05, 0x01, 0x03, 0x09, 0x02, 0x01, 0x04, 0x05, 0x0B, 0x09, 0x01, 0x02, 0x09, 0x0C, 0x05,
    0x05, 0x06, 0x04, 0x09, 0x0C, 0x05, 0x09, 0x0B, 0x0B, 0x05, 0x04, 0x04, 0x05, 0x05, 0x0D, 0x0D, 0x0C, 0x0C, 0x0C, 0x0B, 0x0B, 0x0C, 0x0C, 0x0C,
    0x0D, 0x0C, 0x0C, 0x0C, 0x0E, 0x11, 0x10, 0x11, 0x11, 0x0F, 0x0D, 0x0C, 0x0B, 0x0B, 0x05, 0x03, 0x05, 0x03, 0x02, 0x01, 0x02, 0x06, 0x06, 0x01,
    0x02, 0x03, 0x05, 0x03, 0x0B, 0x09, 0x09, 0x0D, 0x0C, 0x0C, 0x0C, 0x09, 0x0B, 0x02, 0x02, 0x09, 0x0C, 0x0B, 0x03, 0x03, 0x0B, 0x0B, 0x0C, 0x0B,
    0x05, 0x0B, 0x0C, 0x0E, 0x0B, 0x0C, 0x03, 0x05, 0x09, 0x0B, 0x0B, 0x0C, 0x09, 0x0B, 0x0B, 0x0B, 0x0B, 0x0B, 0x0B, 0x0B, 0x0B, 0x0B, 0x0B, 0x05,
    0x03, 0x03, 0x03, 0x03, 0x01, 0x06, 0x04, 0x01, 0x01, 0x01, 0x02, 0x03, 0x09, 0x05, 0x02, 0x01, 0x05, 0x01, 0x01, 0x05, 0x0D, 0x0E, 0x0B, 0x0B,
    0x09, 0x05, 0x03, 0x03, 0x05, 0x03, 0x01, 0x01, 0x04, 0x09, 0x03, 0x05, 0x0B, 0x05, 0x05, 0x0B, 0x03, 0x05, 0x02, 0x01, 0x01, 0x06, 0x01, 0x03,
    0x02, 0x09, 0x05, 0x05, 0x03, 0x05, 0x02, 0x01, 0x05, 0x0C, 0x05, 0x03, 0x03, 0x05, 0x05, 0x05, 0x05, 0x05, 0x03, 0x03, 0x05, 0x05, 0x05, 0x05,
    0x05, 0x02, 0x03, 0x05, 0x05, 0x05, 0x0B, 0x0B, 0x05, 0x05, 0x05, 0x05, 0x09, 0x05, 0x03, 0x05, 0x03, 0x05, 0x05, 0x03, 0x03, 0x05, 0x05, 0x03,
    0x05, 0x05, 0x0B, 0x0B, 0x09, 0x09, 0x04, 0x02, 0x0E, 0x0B, 0x0B, 0x0B, 0x0C, 0x0C, 0x0C, 0x0B, 0x0C, 0x0F, 0x0C, 0x0C, 0x0C, 0x0C, 0x0C, 0x0C,
    0x0B, 0x0C, 0x0D, 0x0C, 0x0C, 0x0B, 0x0C, 0x0C, 0x0C, 0x0D, 0x0D, 0x0E, 0x0F, 0x0A, 0x0D, 0x0F, 0x0D, 0x0F, 0x0D, 0x0B, 0x0B, 0x05, 0x05, 0x03,
    0x02, 0x03, 0x05, 0x02, 0x04, 0x06, 0x02, 0x05, 0x0B, 0x0C, 0x09, 0x09, 0x0B, 0x0D, 0x0D, 0x0D, 0x0C, 0x0C, 0x09, 0x09, 0x09, 0x09, 0x05, 0x02,
    0x03, 0x0C, 0x0B, 0x0C, 0x0D, 0x0C, 0x0D, 0x0C, 0x0B, 0x0B, 0x0B, 0x03, 0x03, 0x0B, 0x0B, 0x0B, 0x0D, 0x0C, 0x0B, 0x0B, 0x0C, 0x0C, 0x09, 0x0B,
    0x0C, 0x03, 0x05, 0x03, 0x03, 0x03, 0x01, 0x01, 0x02, 0x02, 0x04, 0x01, 0x03, 0x01, 0x01, 0x03, 0x05, 0x05, 0x01, 0x02, 0x03, 0x01, 0x03, 0x03,
    0x0C, 0x0B, 0x0B, 0x05, 0x09, 0x0B, 0x03, 0x01, 0x02, 0x03, 0x03, 0x03, 0x03, 0x0B, 0x02, 0x01, 0x05, 0x05, 0x05, 0x05, 0x05, 0x09, 0x05, 0x05,
    0x09, 0x09, 0x05, 0x03, 0x03, 0x03, 0x03, 0x05, 0x03, 0x04, 0x03, 0x05, 0x05, 0x03, 0x03, 0x09, 0x03, 0x05, 0x05, 0x0B, 0x0B, 0x05, 0x02, 0x01,
    0x05, 0x03, 0x03, 0x02, 0x09, 0x0B, 0x05, 0x01, 0x01, 0x03, 0x0B, 0x05, 0x05, 0x05, 0x03, 0x03, 0x02, 0x03, 0x01, 0x03, 0x05, 0x05, 0x05, 0x05,
    0x05, 0x03, 0x02, 0x01, 0x02, 0x09, 0x09, 0x05, 0x05, 0x09, 0x0B, 0x05, 0x0C, 0x0C, 0x0C, 0x0B, 0x0B, 0x09, 0x0B, 0x0C, 0x0C, 0x0C, 0x0D, 0x0C,
    0x0C, 0x0C, 0x0C, 0x0C, 0x0D, 0x0C, 0x0B, 0x0D, 0x0B, 0x0C, 0x0D, 0x0C, 0x0B, 0x05, 0x0B, 0x0C, 0x0C, 0x0D, 0x0D, 0x0C, 0x0E, 0x0B, 0x0C, 0x09,
    0x05, 0x05, 0x05, 0x05, 0x03, 0x03, 0x03, 0x05, 0x05, 0x03, 0x03, 0x03, 0x09, 0x0B, 0x0C, 0x05, 0x05, 0x0D, 0x0B, 0x0B, 0x0C, 0x0D, 0x0B, 0x09,
    0x05, 0x05, 0x05, 0x03, 0x05, 0x0B, 0x0B, 0x0C, 0x0E, 0x0F, 0x0B, 0x05, 0x0D, 0x0C, 0x0F, 0x0B, 0x05, 0x03, 0x03, 0x09, 0x0B, 0x0B, 0x0B, 0x0B,
    0x0C, 0x0D, 0x0C, 0x0B, 0x0C, 0x05, 0x01, 0x03, 0x05, 0x05, 0x02, 0x02, 0x01, 0x03, 0x05, 0x05, 0x05, 0x03, 0x0B, 0x0C, 0x05, 0x01, 0x02, 0x01,
    0x03, 0x01, 0x01, 0x01, 0x03, 0x05, 0x05, 0x05, 0x05, 0x09, 0x05, 0x02, 0x02, 0x05, 0x0C, 0x0C, 0x0B, 0x09, 0x03, 0x02, 0x02, 0x03, 0x05, 0x05,
    0x05, 0x09, 0x05, 0x03, 0x03, 0x03, 0x05, 0x05, 0x05, 0x03, 0x03, 0x05, 0x05, 0x01, 0x02, 0x0B, 0x05, 0x01, 0x03, 0x05, 0x05, 0x03, 0x05, 0x05,
    0x09, 0x05, 0x01, 0x02, 0x01, 0x03, 0x01, 0x03, 0x03, 0x05, 0x09, 0x05, 0x06, 0x06, 0x01, 0x01, 0x02, 0x03, 0x02, 0x02, 0x01, 0x02, 0x03, 0x03,
    0x05, 0x05, 0x05, 0x09, 0x03, 0x01, 0x02, 0x03, 0x03, 0x03, 0x05, 0x03, 0x03, 0x05, 0x0B, 0x09, 0x0D, 0x0C, 0x0B, 0x0B, 0x0B, 0x0B, 0x0C, 0x0D,
    0x0C, 0x05, 0x03, 0x05, 0x0B, 0x0B, 0x09, 0x0B, 0x0B, 0x0C, 0x0B, 0x0B, 0x0C, 0x0D, 0x0C, 0x0B, 0x05, 0x05, 0x05, 0x03, 0x0B, 0x0C, 0x0E, 0x0F,
    0x0D, 0x0F, 0x0C, 0x0B, 0x0B, 0x0B, 0x05, 0x05, 0x03, 0x05, 0x05, 0x03, 0x03, 0x03, 0x05, 0x05, 0x09, 0x0C, 0x0D, 0x0D, 0x0C, 0x09, 0x0B, 0x0D,
    0x0E, 0x0C, 0x0B, 0x05, 0x05, 0x05, 0x05, 0x05, 0x03, 0x05, 0x05, 0x0E, 0x0F, 0x0F, 0x0B, 0x05, 0x0B, 0x09, 0x0B, 0x0D, 0x0F, 0x0C, 0x03, 0x02,
    0x02, 0x02, 0x05, 0x0C, 0x0A, 0x0F, 0x05, 0x05, 0x02, 0x04, 0x06, 0x05, 0x01, 0x03, 0x02, 0x03, 0x05, 0x0B, 0x0B, 0x09, 0x05, 0x0B, 0x0B, 0x0B,
    0x05, 0x03, 0x03, 0x04, 0x03, 0x03, 0x02, 0x06, 0x02, 0x01, 0x03, 0x05, 0x05, 0x05, 0x03, 0x01, 0x01, 0x09, 0x0B, 0x0C, 0x0C, 0x09, 0x05, 0x05,
    0x04, 0x01, 0x04, 0x01, 0x03, 0x03, 0x03, 0x06, 0x01, 0x05, 0x05, 0x03, 0x03, 0x03, 0x03, 0x05, 0x05, 0x03, 0x05, 0x09, 0x05, 0x02, 0x03, 0x03,
    0x0C, 0x0C, 0x0B, 0x09, 0x09, 0x03, 0x03, 0x02, 0x02, 0x05, 0x03, 0x03, 0x03, 0x02, 0x02, 0x02, 0x02, 0x01, 0x06, 0x06, 0x06, 0x06, 0x06, 0x01,
    0x01, 0x01, 0x01, 0x03, 0x03, 0x05, 0x05, 0x03, 0x05, 0x03, 0x05, 0x05, 0x03, 0x05, 0x0C, 0x0C, 0x0C, 0x0D, 0x0E, 0x0C, 0x0C, 0x0B, 0x0B, 0x0B,
    0x0B, 0x0C, 0x0C, 0x0D, 0x0B, 0x03, 0x03, 0x05, 0x09, 0x0B, 0x05, 0x0B, 0x0B, 0x03, 0x09, 0x05, 0x0B, 0x05, 0x05, 0x0B, 0x05, 0x05, 0x05, 0x05,
    0x05, 0x0B, 0x0D, 0x0C, 0x0D, 0x0A, 0x0F, 0x0B, 0x0B, 0x0B, 0x09, 0x09, 0x09, 0x05, 0x03, 0x03, 0x03, 0x03, 0x02, 0x01, 0x03, 0x09, 0x0B, 0x0D,
    0x0A, 0x0F, 0x0B, 0x0B, 0x0C, 0x0C, 0x09, 0x05, 0x05, 0x03, 0x05, 0x0B, 0x09, 0x05, 0x05, 0x0B, 0x0B, 0x0B, 0x0F, 0x0E, 0x0E, 0x05, 0x09, 0x09,
    0x09, 0x05, 0x0B, 0x05, 0x03, 0x02, 0x06, 0x02, 0x0F, 0x0E, 0x0B, 0x01, 0x01, 0x05, 0x0C, 0x0B, 0x09, 0x03, 0x09, 0x0B, 0x09, 0x0B, 0x05, 0x05,
    0x0B, 0x0E, 0x0C, 0x03, 0x02, 0x03, 0x05, 0x01, 0x02, 0x01, 0x01, 0x01, 0x01, 0x01, 0x01, 0x05, 0x05, 0x03, 0x01, 0x01, 0x05, 0x0C, 0x0B, 0x09,
    0x0C, 0x09, 0x05, 0x03, 0x02, 0x06, 0x01, 0x01, 0x05, 0x01, 0x01, 0x01, 0x03, 0x03, 0x03, 0x01, 0x03, 0x03, 0x03, 0x05, 0x0B, 0x0B, 0x09, 0x05,
    0x03, 0x01, 0x04, 0x05, 0x0B, 0x0C, 0x09, 0x05, 0x05, 0x05, 0x02, 0x04, 0x01, 0x02, 0x05, 0x09, 0x03, 0x05, 0x03, 0x01, 0x03, 0x03, 0x03, 0x02,
    0x02, 0x04, 0x06, 0x06, 0x06, 0x04, 0x02, 0x03, 0x03, 0x03, 0x03, 0x05, 0x03, 0x05, 0x05, 0x05, 0x05, 0x09, 0x0B, 0x0B, 0x09, 0x0B, 0x05, 0x05,
    0x03, 0x05, 0x0B, 0x0B, 0x0B, 0x0B, 0x0C, 0x0C, 0x0B, 0x09, 0x09, 0x0B, 0x0B, 0x09, 0x0C, 0x0C, 0x0C, 0x0B, 0x0B, 0x05, 0x0B, 0x0C, 0x0B, 0x0B,
    0x0B, 0x09, 0x03, 0x03, 0x03, 0x09, 0x09, 0x0C, 0x0C, 0x0C, 0x11, 0x0A, 0x0F, 0x0D, 0x0E, 0x0C, 0x09, 0x01, 0x03, 0x03, 0x02, 0x02, 0x09, 0x05,
    0x01, 0x02, 0x0B, 0x09, 0x0B, 0x0E, 0x0A, 0x0F, 0x0C, 0x0C, 0x0C, 0x0C, 0x0D, 0x0C, 0x0D, 0x11, 0x0C, 0x0B, 0x0C, 0x0B, 0x0D, 0x0D, 0x0B, 0x09,
    0x09, 0x0C, 0x05, 0x09, 0x0B, 0x05, 0x05, 0x0C, 0x09, 0x09, 0x03, 0x06, 0x01, 0x05, 0x0B, 0x0C, 0x0C, 0x0B, 0x05, 0x05, 0x03, 0x09, 0x05, 0x05,
    0x05, 0x05, 0x0C, 0x0B, 0x09, 0x05, 0x05, 0x09, 0x05, 0x03, 0x03, 0x02, 0x01, 0x03, 0x05, 0x03, 0x01, 0x02, 0x03, 0x05, 0x03, 0x03, 0x03, 0x03,
    0x03, 0x05, 0x03, 0x01, 0x05, 0x05, 0x05, 0x05, 0x09, 0x03, 0x05, 0x05, 0x01, 0x01, 0x03, 0x05, 0x03, 0x05, 0x05, 0x05, 0x03, 0x02, 0x03, 0x03,
    0x03, 0x03, 0x05, 0x01, 0x03, 0x03, 0x09, 0x0E, 0x0E, 0x0B, 0x09, 0x05, 0x03, 0x05, 0x05, 0x04, 0x06, 0x04, 0x03, 0x0B, 0x03, 0x05, 0x01, 0x03,
    0x03, 0x03, 0x05, 0x0B, 0x0B, 0x0B, 0x05, 0x04, 0x06, 0x04, 0x04, 0x04, 0x01, 0x02, 0x05, 0x05, 0x05, 0x05, 0x05, 0x05, 0x03, 0x09, 0x0B, 0x05,
    0x05, 0x03, 0x02, 0x05, 0x02, 0x05, 0x0C, 0x0C, 0x0B, 0x0B, 0x0B, 0x0C, 0x0C, 0x0D, 0x0E, 0x0C, 0x0B, 0x09, 0x0C, 0x0C, 0x0C, 0x0D, 0x0D, 0x0D,
    0x0B, 0x0C, 0x0B, 0x0B, 0x0C, 0x0B, 0x0B, 0x0D, 0x0B, 0x0B, 0x0C, 0x0C, 0x0D, 0x0C, 0x0D, 0x0C, 0x0F, 0x11, 0x0F, 0x0A, 0x0C, 0x05, 0x05, 0x03,
    0x05, 0x09, 0x0B, 0x0E, 0x0E, 0x05, 0x03, 0x05, 0x03, 0x0B, 0x0E, 0x0E, 0x0F, 0x0F, 0x0A, 0x10, 0x0E, 0x0A, 0x0F, 0x0D, 0x0C, 0x0B, 0x0D, 0x0B,
    0x0B, 0x0B, 0x0C, 0x05, 0x0E, 0x0E, 0x0E, 0x0B, 0x05, 0x05, 0x0B, 0x0C, 0x0D, 0x0D, 0x0C, 0x05, 0x09, 0x06, 0x02, 0x0A, 0x0B, 0x09, 0x05, 0x06,
    0x06, 0x03, 0x05, 0x03, 0x03, 0x05, 0x05, 0x05, 0x05, 0x05, 0x03, 0x03, 0x03, 0x03, 0x05, 0x0C, 0x05, 0x02, 0x05, 0x05, 0x05, 0x0B, 0x09, 0x03,
    0x03, 0x05, 0x05, 0x09, 0x09, 0x09, 0x03, 0x01, 0x06, 0x04, 0x03, 0x05, 0x0B, 0x0B, 0x09, 0x09, 0x03, 0x05, 0x05, 0x01, 0x03, 0x03, 0x03, 0x01,
    0x03, 0x05, 0x03, 0x05, 0x05, 0x05, 0x02, 0x02, 0x05, 0x0B, 0x09, 0x05, 0x05, 0x01, 0x01, 0x05, 0x05, 0x05, 0x09, 0x02, 0x02, 0x05, 0x03, 0x05,
    0x05, 0x05, 0x05, 0x03, 0x03, 0x03, 0x03, 0x01, 0x03, 0x02, 0x03, 0x03, 0x01, 0x01, 0x03, 0x03, 0x01, 0x04, 0x04, 0x05, 0x05, 0x0B, 0x09, 0x05,
    0x05, 0x06, 0x02, 0x05, 0x05, 0x0B, 0x09, 0x0B, 0x09, 0x09, 0x0C, 0x09, 0x0C, 0x0C, 0x0B, 0x09, 0x05, 0x03, 0x0B, 0x0E, 0x0B, 0x0C, 0x0D, 0x0B,
    0x0C, 0x0C, 0x0C, 0x0C, 0x0C, 0x0C, 0x0D, 0x0D, 0x0B, 0x0B, 0x05, 0x0B, 0x0D, 0x0A, 0x0D, 0x0D, 0x0E, 0x0E, 0x0D, 0x05, 0x0C, 0x0D, 0x09, 0x0F,
    0x0F, 0x09, 0x03, 0x05, 0x0D, 0x0D, 0x03, 0x05, 0x05, 0x0B, 0x05, 0x0B, 0x09, 0x05, 0x09, 0x0D, 0x0B, 0x0B, 0x0C, 0x0D, 0x0C, 0x0D, 0x0C, 0x0E,
    0x11, 0x0A, 0x0D, 0x09, 0x0C, 0x0B, 0x0B, 0x0E, 0x0E, 0x0D, 0x09, 0x05, 0x0B, 0x0B, 0x0B, 0x0C, 0x0B, 0x0E, 0x11, 0x0F, 0x09, 0x05, 0x09, 0x0E,
    0x0D, 0x0F, 0x09, 0x05, 0x04, 0x05, 0x05, 0x09, 0x05, 0x03, 0x03, 0x05, 0x05, 0x05, 0x03, 0x03, 0x03, 0x05, 0x05, 0x03, 0x03, 0x03, 0x0B, 0x05,
    0x05, 0x03, 0x05, 0x05, 0x05, 0x0D, 0x0D, 0x0B, 0x03, 0x03, 0x01, 0x01, 0x01, 0x06, 0x01, 0x01, 0x03, 0x05, 0x03, 0x03, 0x05, 0x03, 0x05, 0x09,
    0x03, 0x03, 0x03, 0x03, 0x05, 0x05, 0x09, 0x01, 0x03, 0x09, 0x04, 0x01, 0x03, 0x03, 0x05, 0x09, 0x03, 0x03, 0x03, 0x03, 0x05, 0x05, 0x01, 0x03,
    0x09, 0x05, 0x02, 0x01, 0x09, 0x09, 0x0B, 0x05, 0x09, 0x05, 0x03, 0x02, 0x03, 0x02, 0x03, 0x03, 0x05, 0x03, 0x02, 0x04, 0x01, 0x01, 0x01, 0x05,
    0x05, 0x05, 0x09, 0x09, 0x05, 0x03, 0x09, 0x05, 0x05, 0x05, 0x05, 0x0B, 0x0B, 0x09, 0x09, 0x05, 0x0C, 0x0C, 0x09, 0x05, 0x09, 0x0C, 0x0B, 0x0C,
    0x0C, 0x0E, 0x0C, 0x0C, 0x0C, 0x0C, 0x0C, 0x05, 0x05, 0x0C, 0x0C, 0x0B, 0x0B, 0x0B, 0x09, 0x0B, 0x0B, 0x0B, 0x0C, 0x0F, 0x0C, 0x09, 0x0B, 0x0D,
    0x0B, 0x09, 0x09, 0x0D, 0x0F, 0x0A, 0x0C, 0x05, 0x05, 0x05, 0x02, 0x03, 0x09, 0x05, 0x05, 0x05, 0x09, 0x09, 0x09, 0x05, 0x02, 0x09, 0x0B, 0x0B,
    0x0B, 0x09, 0x0C, 0x0C, 0x0C, 0x0D, 0x0D, 0x0F, 0x0D, 0x0B, 0x0B, 0x0C, 0x0C, 0x0B, 0x0B, 0x0B, 0x05, 0x09, 0x05, 0x09, 0x0B, 0x09, 0x09, 0x0D,
    0x0C, 0x0C, 0x0C, 0x0D, 0x0E, 0x0B, 0x05, 0x05, 0x05, 0x06, 0x03, 0x0C, 0x0B, 0x05, 0x05, 0x05, 0x05, 0x05, 0x09, 0x05, 0x03, 0x01, 0x03, 0x03,
    0x01, 0x03, 0x05, 0x03, 0x01, 0x03, 0x09, 0x0B, 0x0B, 0x09, 0x09, 0x05, 0x04, 0x06, 0x03, 0x03, 0x01, 0x01, 0x04, 0x02, 0x02, 0x03, 0x03, 0x01,
    0x03, 0x03, 0x05, 0x09, 0x0B, 0x05, 0x05, 0x09, 0x05, 0x09, 0x09, 0x03, 0x01, 0x03, 0x09, 0x02, 0x03, 0x04, 0x03, 0x05, 0x05, 0x03, 0x03, 0x03,
    0x05, 0x03, 0x05, 0x03, 0x03, 0x02, 0x05, 0x03, 0x09, 0x0B, 0x05, 0x05, 0x02, 0x05, 0x02, 0x02, 0x03, 0x03, 0x05, 0x05, 0x05, 0x03, 0x01, 0x06,
    0x01, 0x05, 0x05, 0x03, 0x05, 0x0B, 0x03, 0x03, 0x09, 0x0B, 0x05, 0x05, 0x02, 0x05, 0x05, 0x03, 0x0D, 0x0E, 0x0D, 0x0C, 0x0C, 0x0B, 0x0B, 0x09,
    0x05, 0x05, 0x09, 0x0C, 0x0C, 0x0B, 0x05, 0x03, 0x0C, 0x05, 0x0B, 0x0D, 0x0D, 0x05, 0x09, 0x05, 0x05, 0x0B, 0x0D, 0x0E, 0x0B, 0x0B, 0x0C, 0x0B,
    0x0B, 0x05, 0x0B, 0x09, 0x05, 0x0B, 0x0C, 0x0B, 0x0B, 0x0B, 0x05, 0x02, 0x04, 0x01, 0x05, 0x09, 0x09, 0x05, 0x0B, 0x0B, 0x0C, 0x0B, 0x05, 0x01,
    0x04, 0x02, 0x05, 0x02, 0x05, 0x0B, 0x0B, 0x09, 0x0B, 0x0D, 0x0B, 0x09, 0x09, 0x0B, 0x0B, 0x0C, 0x0B, 0x05, 0x05, 0x0B, 0x0B, 0x0B, 0x09, 0x09,
    0x0B, 0x0B, 0x0B, 0x0C, 0x0C, 0x0D, 0x0D, 0x0C, 0x0B, 0x0B, 0x09, 0x09, 0x0D, 0x0C, 0x05, 0x0B, 0x05, 0x05, 0x05, 0x05, 0x05, 0x05, 0x0B, 0x09,
    0x03, 0x02, 0x03, 0x03, 0x02, 0x01, 0x01, 0x0B, 0x02, 0x05, 0x05, 0x03, 0x03, 0x09, 0x09, 0x05, 0x03, 0x02, 0x02, 0x03, 0x03, 0x01, 0x01, 0x02,
    0x01, 0x04, 0x01, 0x03, 0x03, 0x03, 0x03, 0x03, 0x03, 0x01, 0x03, 0x01, 0x03, 0x03, 0x03, 0x05, 0x03, 0x01, 0x04, 0x01, 0x03, 0x09, 0x0B, 0x05,
    0x09, 0x03, 0x05, 0x05, 0x01, 0x06, 0x04, 0x01, 0x01, 0x03, 0x0B, 0x0C, 0x0D, 0x0B, 0x0B, 0x05, 0x0B, 0x03, 0x03, 0x01, 0x03, 0x01, 0x03, 0x05,
    0x05, 0x05, 0x03, 0x01, 0x04, 0x01, 0x03, 0x03, 0x09, 0x03, 0x05, 0x05, 0x05, 0x05, 0x05, 0x05, 0x05, 0x05, 0x05, 0x03, 0x0C, 0x0B, 0x0B, 0x0C,
    0x09, 0x0B, 0x0B, 0x05, 0x03, 0x01, 0x03, 0x05, 0x0B, 0x0C, 0x0C, 0x0C, 0x0B, 0x05, 0x05, 0x0B, 0x0D, 0x0D, 0x0B, 0x0B, 0x05, 0x09, 0x09, 0x05,
    0x09, 0x0B, 0x09, 0x03, 0x05, 0x05, 0x03, 0x03, 0x05, 0x03, 0x09, 0x03, 0x03, 0x05, 0x0C, 0x09, 0x02, 0x02, 0x05, 0x05, 0x0B, 0x09, 0x0B, 0x09,
    0x0B, 0x0B, 0x0C, 0x0E, 0x0D, 0x03, 0x09, 0x0C, 0x0C, 0x0B, 0x05, 0x05, 0x05, 0x0C, 0x0B, 0x0B, 0x0B, 0x0B, 0x09, 0x03, 0x03, 0x05, 0x0B, 0x0B,
    0x0C, 0x0B, 0x05, 0x05, 0x0B, 0x0B, 0x0B, 0x0B, 0x0B, 0x0B, 0x0C, 0x0B, 0x05, 0x01, 0x0B, 0x0C, 0x0C, 0x0B, 0x05, 0x05, 0x03, 0x02, 0x03, 0x05,
    0x02, 0x03, 0x05, 0x05, 0x05, 0x02, 0x03, 0x05, 0x05, 0x03, 0x05, 0x03, 0x09, 0x05, 0x03, 0x05, 0x05, 0x05, 0x09, 0x09, 0x03, 0x03, 0x0B, 0x05,
    0x05, 0x01, 0x01, 0x04, 0x01, 0x01, 0x01, 0x02, 0x04, 0x01, 0x03, 0x03, 0x03, 0x02, 0x01, 0x04, 0x04, 0x01, 0x02, 0x02, 0x01, 0x03, 0x05, 0x05,
    0x03, 0x09, 0x09, 0x05, 0x03, 0x01, 0x03, 0x05, 0x05, 0x03, 0x03, 0x02, 0x03, 0x09, 0x0B, 0x09, 0x05, 0x05, 0x09, 0x09, 0x0B, 0x05, 0x02, 0x03,
    0x05, 0x03, 0x03, 0x03, 0x02, 0x01, 0x01, 0x02, 0x03, 0x01, 0x02, 0x03, 0x05, 0x05, 0x0B, 0x0B, 0x05, 0x05, 0x03, 0x05, 0x05, 0x05, 0x03, 0x05,
    0x0E, 0x0E, 0x0D, 0x0D, 0x0D, 0x0B, 0x0B, 0x09, 0x05, 0x03, 0x02, 0x03, 0x0B, 0x0B, 0x0C, 0x0D, 0x0B, 0x0F, 0x0B, 0x0B, 0x0C, 0x0E, 0x0A, 0x0E,
    0x0A, 0x0E, 0x0D, 0x0D, 0x0C, 0x0B, 0x0D, 0x0D, 0x0D, 0x0C, 0x0B, 0x03, 0x05, 0x05, 0x09, 0x05, 0x03, 0x05, 0x0D, 0x0E, 0x05, 0x01, 0x06, 0x02,
    0x05, 0x09, 0x0B, 0x0B, 0x09, 0x0B, 0x0B, 0x0C, 0x0F, 0x0B, 0x05, 0x09, 0x0B, 0x0B, 0x0C, 0x0C, 0x03, 0x04, 0x02, 0x03, 0x05, 0x05, 0x05, 0x0B,
    0x03, 0x09, 0x05, 0x05, 0x0B, 0x09, 0x05, 0x05, 0x05, 0x0B, 0x05, 0x03, 0x09, 0x09, 0x0B, 0x0B, 0x05, 0x05, 0x09, 0x0B, 0x0C, 0x0B, 0x0B, 0x05,
    0x03, 0x09, 0x05, 0x05, 0x05, 0x03, 0x05, 0x03, 0x05, 0x0B, 0x0B, 0x09, 0x05, 0x05, 0x03, 0x05, 0x05, 0x05, 0x03, 0x05, 0x03, 0x03, 0x05, 0x09,
    0x0D, 0x0B, 0x03, 0x05, 0x03, 0x02, 0x01, 0x06, 0x06, 0x01, 0x01, 0x01, 0x01, 0x01, 0x02, 0x04, 0x01, 0x01, 0x01, 0x03, 0x02, 0x02, 0x01, 0x03,
    0x05, 0x05, 0x05, 0x0B, 0x0B, 0x0C, 0x0C, 0x05, 0x02, 0x01, 0x03, 0x05, 0x03, 0x03, 0x03, 0x09, 0x05, 0x0C, 0x05, 0x01, 0x02, 0x03, 0x05, 0x05,
    0x05, 0x0B, 0x02, 0x03, 0x05, 0x05, 0x03, 0x03, 0x02, 0x03, 0x05, 0x05, 0x05, 0x03, 0x01, 0x02, 0x03, 0x02, 0x05, 0x05, 0x05, 0x05, 0x05, 0x05,
    0x03, 0x03, 0x03, 0x03, 0x0B, 0x0C, 0x0C, 0x0D, 0x0C, 0x0B, 0x0B, 0x09, 0x0B, 0x0B, 0x0B, 0x0D, 0x0D, 0x0D, 0x0D, 0x0F, 0x0D, 0x0C, 0x0B, 0x05,
    0x0B, 0x0C, 0x0C, 0x0C, 0x0C, 0x0D, 0x0C, 0x0B, 0x0B, 0x0E, 0x0C, 0x0B, 0x0B, 0x0B, 0x09, 0x0B, 0x05, 0x05, 0x05, 0x09, 0x05, 0x03, 0x0B, 0x0D,
    0x11, 0x0B, 0x05, 0x05, 0x05, 0x01, 0x0B, 0x03, 0x0B, 0x09, 0x0B, 0x0B, 0x0E, 0x0A, 0x0D, 0x05, 0x05, 0x05, 0x0B, 0x0C, 0x0E, 0x0D, 0x0C, 0x0C,
    0x05, 0x05, 0x09, 0x09, 0x05, 0x0D, 0x0B, 0x03, 0x03, 0x02, 0x03, 0x03, 0x05, 0x0B, 0x0B, 0x05, 0x05, 0x0B, 0x0C, 0x05, 0x09, 0x09, 0x05, 0x0B,
    0x0B, 0x0B, 0x0B, 0x03, 0x03, 0x05, 0x0B, 0x09, 0x05, 0x05, 0x01, 0x03, 0x05, 0x0B, 0x0C, 0x0D, 0x0D, 0x0B, 0x05, 0x01, 0x04, 0x06, 0x01, 0x03,
    0x09, 0x05, 0x03, 0x05, 0x0B, 0x0C, 0x09, 0x05, 0x05, 0x03, 0x02, 0x01, 0x06, 0x01, 0x01, 0x03, 0x01, 0x04, 0x01, 0x01, 0x04, 0x01, 0x02, 0x03,
    0x01, 0x02, 0x04, 0x01, 0x02, 0x03, 0x03, 0x03, 0x03, 0x05, 0x03, 0x05, 0x09, 0x0B, 0x05, 0x03, 0x01, 0x04, 0x01, 0x05, 0x0C, 0x0B, 0x0B, 0x05,
    0x05, 0x05, 0x05, 0x05, 0x03, 0x03, 0x03, 0x03, 0x01, 0x03, 0x03, 0x03, 0x03, 0x03, 0x05, 0x05, 0x05, 0x03, 0x03, 0x01, 0x06, 0x02, 0x03, 0x02,
    0x03, 0x03, 0x03, 0x02, 0x03, 0x02, 0x03, 0x03, 0x0B, 0x0B, 0x0B, 0x0B, 0x0C, 0x0C, 0x09, 0x0B, 0x0C, 0x0B, 0x0C, 0x0B, 0x09, 0x0B, 0x0E, 0x0B,
    0x0B, 0x0B, 0x0B, 0x0B, 0x09, 0x0C, 0x0C, 0x0C, 0x0C, 0x0C, 0x0B, 0x0D, 0x0A, 0x0E, 0x0D, 0x0B, 0x0B, 0x0B, 0x0D, 0x0C, 0x05, 0x03, 0x04, 0x03,
    0x05, 0x05, 0x05, 0x0C, 0x0A, 0x13, 0x0D, 0x0B, 0x05, 0x03, 0x02, 0x05, 0x05, 0x09, 0x09, 0x05, 0x05, 0x0C, 0x0B, 0x05, 0x03, 0x03, 0x05, 0x0B,
    0x0B, 0x0B, 0x0C, 0x0C, 0x0E, 0x0B, 0x02, 0x01, 0x05, 0x0B, 0x0C, 0x0B, 0x0C, 0x0C, 0x0B, 0x0B, 0x0C, 0x0C, 0x0D, 0x0D, 0x0C, 0x09, 0x0B, 0x09,
    0x03, 0x01, 0x05, 0x0B, 0x0B, 0x05, 0x05, 0x03, 0x02, 0x01, 0x02, 0x03, 0x03, 0x03, 0x05, 0x05, 0x0B, 0x0B, 0x0B, 0x0B, 0x0D, 0x05, 0x09, 0x0B,
    0x05, 0x03, 0x04, 0x05, 0x0D, 0x0B, 0x05, 0x02, 0x03, 0x09, 0x05, 0x02, 0x02, 0x03, 0x03, 0x01, 0x02, 0x01, 0x02, 0x01, 0x01, 0x06, 0x04, 0x02,
    0x03, 0x01, 0x01, 0x02, 0x01, 0x01, 0x02, 0x05, 0x05, 0x03, 0x05, 0x03, 0x03, 0x01, 0x05, 0x05, 0x05, 0x05, 0x05, 0x01, 0x02, 0x01, 0x03, 0x09,
    0x0C, 0x09, 0x09, 0x05, 0x03, 0x03, 0x03, 0x03, 0x04, 0x03, 0x03, 0x05, 0x03, 0x01, 0x02, 0x03, 0x09, 0x09, 0x05, 0x0B, 0x0B, 0x0C, 0x09, 0x05,
    0x05, 0x03, 0x03, 0x05, 0x03, 0x03, 0x01, 0x02, 0x02, 0x02, 0x02, 0x03, 0x05, 0x05, 0x09, 0x0B, 0x0B, 0x0B, 0x0D, 0x0B, 0x0B, 0x0C, 0x0C, 0x0B,
    0x05, 0x0B, 0x0B, 0x03, 0x04, 0x09, 0x0B, 0x0B, 0x0B, 0x0C, 0x0C, 0x0C, 0x0B, 0x0B, 0x0B, 0x0C, 0x0C, 0x0B, 0x0C, 0x0D, 0x0C, 0x0C, 0x0C, 0x0F,
    0x0B, 0x03, 0x05, 0x09, 0x03, 0x03, 0x03, 0x03, 0x0D, 0x0D, 0x0B, 0x0B, 0x03, 0x05, 0x02, 0x0B, 0x0B, 0x05, 0x05, 0x0B, 0x01, 0x06, 0x02, 0x03,
    0x02, 0x03, 0x05, 0x0B, 0x0B, 0x05, 0x09, 0x09, 0x0B, 0x09, 0x05, 0x05, 0x03, 0x01, 0x05, 0x0C, 0x0B, 0x0D, 0x0D, 0x0D, 0x0D, 0x0D, 0x0D, 0x0D,
    0x0C, 0x09, 0x05, 0x02, 0x02, 0x06, 0x04, 0x05, 0x03, 0x05, 0x09, 0x05, 0x0C, 0x0B, 0x0B, 0x0D, 0x0C, 0x0B, 0x09, 0x0B, 0x0C, 0x0B, 0x0B, 0x09,
    0x05, 0x05, 0x05, 0x0B, 0x05, 0x02, 0x05, 0x0B, 0x0C, 0x0B, 0x03, 0x06, 0x06, 0x04, 0x09, 0x05, 0x03, 0x02, 0x02, 0x03, 0x05, 0x01, 0x04, 0x01,
    0x01, 0x01, 0x01, 0x01, 0x02, 0x02, 0x01, 0x03, 0x02, 0x01, 0x01, 0x05, 0x05, 0x03, 0x05, 0x02, 0x02, 0x03, 0x01, 0x05, 0x01, 0x03, 0x05, 0x05,
    0x05, 0x09, 0x09, 0x05, 0x05, 0x05, 0x05, 0x05, 0x03, 0x05, 0x03, 0x05, 0x05, 0x03, 0x05, 0x03, 0x03, 0x03, 0x03, 0x05, 0x05, 0x05, 0x05, 0x05,
    0x05, 0x05, 0x0B, 0x0B, 0x0B, 0x05, 0x05, 0x03, 0x05, 0x05, 0x03, 0x01, 0x02, 0x02, 0x02, 0x01, 0x0C, 0x0D, 0x0C, 0x0B, 0x0B, 0x05, 0x05, 0x05,
    0x0B, 0x0C, 0x0B, 0x0B, 0x05, 0x0B, 0x09, 0x0B, 0x0B, 0x0B, 0x0B, 0x0B, 0x0C, 0x0C, 0x05, 0x05, 0x0B, 0x0B, 0x0C, 0x0C, 0x0B, 0x05, 0x0B, 0x0B,
    0x0B, 0x0D, 0x0B, 0x09, 0x09, 0x05, 0x0D, 0x0B, 0x0B, 0x0C, 0x0B, 0x03, 0x01, 0x03, 0x0B, 0x0B, 0x05, 0x05, 0x03, 0x05, 0x0B, 0x05, 0x05, 0x0B,
    0x0F, 0x0D, 0x0B, 0x02, 0x03, 0x06, 0x04, 0x01, 0x03, 0x0B, 0x09, 0x09, 0x05, 0x05, 0x09, 0x09, 0x0B, 0x05, 0x05, 0x05, 0x0B, 0x0C, 0x05, 0x09,
    0x05, 0x0B, 0x09, 0x0C, 0x03, 0x09, 0x05, 0x03, 0x03, 0x0B, 0x05, 0x02, 0x05, 0x03, 0x05, 0x09, 0x0B, 0x0F, 0x0E, 0x0D, 0x0C, 0x0D, 0x0C, 0x09,
    0x0B, 0x0B, 0x09, 0x0B, 0x09, 0x0B, 0x02, 0x0B, 0x05, 0x01, 0x09, 0x0C, 0x09, 0x05, 0x01, 0x04, 0x06, 0x01, 0x05, 0x05, 0x02, 0x06, 0x06, 0x02,
    0x01, 0x01, 0x06, 0x02, 0x01, 0x01, 0x01, 0x01, 0x01, 0x01, 0x02, 0x06, 0x02, 0x09, 0x03, 0x03, 0x03, 0x03, 0x03, 0x03, 0x05, 0x05, 0x03, 0x05,
    0x03, 0x03, 0x03, 0x05, 0x03, 0x03, 0x03, 0x03, 0x03, 0x05, 0x09, 0x09, 0x03, 0x03, 0x03, 0x03, 0x03, 0x03, 0x03, 0x03, 0x02, 0x02, 0x03, 0x05,
    0x05, 0x05, 0x05, 0x05, 0x05, 0x05, 0x05, 0x05, 0x05, 0x09, 0x09, 0x03, 0x03, 0x03, 0x03, 0x02, 0x01, 0x04, 0x04, 0x04, 0x0E, 0x0B, 0x0B, 0x0B,
    0x0B, 0x05, 0x0B, 0x0D, 0x09, 0x09, 0x0D, 0x0C, 0x0B, 0x05, 0x0B, 0x0E, 0x0D, 0x0E, 0x0C, 0x05, 0x05, 0x02, 0x09, 0x03, 0x02, 0x02, 0x0C, 0x0C,
    0x0F, 0x0D, 0x0C, 0x0B, 0x09, 0x09, 0x02, 0x02, 0x02, 0x05, 0x09, 0x05, 0x05, 0x05, 0x09, 0x0C, 0x05, 0x09, 0x0C, 0x0F, 0x0E, 0x05, 0x01, 0x04,
    0x05, 0x0B, 0x0B, 0x05, 0x0B, 0x09, 0x09, 0x0B, 0x0B, 0x05, 0x0B, 0x05, 0x0C, 0x0C, 0x05, 0x03, 0x05, 0x02, 0x0B, 0x0E, 0x0C, 0x05, 0x09, 0x05,
    0x05, 0x09, 0x05, 0x02, 0x03, 0x03, 0x03, 0x03, 0x03, 0x05, 0x0E, 0x0D, 0x0D, 0x0F, 0x09, 0x05, 0x09, 0x05, 0x0B, 0x0B, 0x0E, 0x0D, 0x0D, 0x0B,
    0x09, 0x09, 0x05, 0x05, 0x0B, 0x09, 0x05, 0x0B, 0x05, 0x0B, 0x03, 0x01, 0x03, 0x03, 0x09, 0x05, 0x03, 0x03, 0x05, 0x03, 0x03, 0x05, 0x0B, 0x09,
    0x05, 0x02, 0x01, 0x05, 0x05, 0x01, 0x06, 0x01, 0x01, 0x02, 0x02, 0x02, 0x05, 0x03, 0x04, 0x01, 0x05, 0x01, 0x01, 0x04, 0x04, 0x01, 0x09, 0x05,
    0x0B, 0x01, 0x03, 0x03, 0x03, 0x05, 0x02, 0x01, 0x01, 0x05, 0x0B, 0x05, 0x05, 0x03, 0x05, 0x05, 0x03, 0x03, 0x03, 0x03, 0x03, 0x03, 0x03, 0x03,
    0x03, 0x09, 0x09, 0x05, 0x05, 0x05, 0x05, 0x05, 0x03, 0x03, 0x05, 0x05, 0x02, 0x05, 0x05, 0x05, 0x05, 0x03, 0x05, 0x02, 0x06, 0x06, 0x01, 0x02,
    0x09, 0x0C, 0x0D, 0x0B, 0x0C, 0x0C, 0x0D, 0x09, 0x05, 0x05, 0x09, 0x09, 0x0B, 0x0B, 0x0B, 0x0C, 0x0B, 0x0C, 0x0C, 0x0B, 0x0C, 0x0D, 0x0D, 0x0D,
    0x0B, 0x0B, 0x0E, 0x0B, 0x0B, 0x0C, 0x0C, 0x0B, 0x0B, 0x0C, 0x03, 0x06, 0x06, 0x0B, 0x0B, 0x0B, 0x0B, 0x05, 0x09, 0x0D, 0x0A, 0x0F, 0x0B, 0x0C,
    0x01, 0x02, 0x03, 0x0C, 0x0C, 0x05, 0x0B, 0x05, 0x0B, 0x03, 0x02, 0x03, 0x09, 0x09, 0x0B, 0x0B, 0x09, 0x0D, 0x0E, 0x0B, 0x05, 0x09, 0x0E, 0x0C,
    0x03, 0x03, 0x01, 0x05, 0x02, 0x01, 0x01, 0x02, 0x05, 0x05, 0x05, 0x05, 0x02, 0x02, 0x03, 0x03, 0x03, 0x0B, 0x0B, 0x05, 0x02, 0x05, 0x05, 0x05,
    0x0B, 0x0B, 0x0C, 0x0B, 0x03, 0x01, 0x05, 0x0B, 0x05, 0x03, 0x0B, 0x09, 0x09, 0x0C, 0x05, 0x05, 0x04, 0x03, 0x05, 0x05, 0x02, 0x02, 0x03, 0x09,
    0x0B, 0x0C, 0x0B, 0x03, 0x09, 0x03, 0x04, 0x05, 0x06, 0x03, 0x01, 0x06, 0x06, 0x06, 0x01, 0x01, 0x01, 0x03, 0x05, 0x03, 0x03, 0x03, 0x03, 0x09,
    0x05, 0x09, 0x05, 0x03, 0x09, 0x03, 0x03, 0x03, 0x03, 0x03, 0x05, 0x02, 0x03, 0x03, 0x05, 0x03, 0x05, 0x03, 0x02, 0x01, 0x05, 0x05, 0x05, 0x03,
    0x05, 0x03, 0x05, 0x05, 0x03, 0x03, 0x05, 0x05, 0x05, 0x05, 0x05, 0x05, 0x05, 0x05, 0x0B, 0x0C, 0x0B, 0x03, 0x03, 0x03, 0x05, 0x05, 0x03, 0x01,
    0x06, 0x02, 0x02, 0x03, 0x0B, 0x03, 0x05, 0x05, 0x0B, 0x09, 0x09, 0x05, 0x09, 0x09, 0x05, 0x09, 0x0B, 0x0C, 0x0B, 0x0B, 0x09, 0x0C, 0x0E, 0x0D,
    0x0C, 0x0B, 0x0B, 0x0B, 0x0C, 0x0C, 0x0B, 0x0C, 0x0C, 0x0B, 0x0B, 0x0B, 0x09, 0x05, 0x06, 0x01, 0x09, 0x0C, 0x0B, 0x05, 0x03, 0x05, 0x05, 0x05,
    0x0F, 0x09, 0x0B, 0x0D, 0x0C, 0x02, 0x0B, 0x0E, 0x0B, 0x0B, 0x0B, 0x05, 0x05, 0x0D, 0x05, 0x05, 0x05, 0x05, 0x09, 0x02, 0x01, 0x02, 0x01, 0x0B,
    0x0B, 0x05, 0x0B, 0x09, 0x05, 0x03, 0x03, 0x09, 0x05, 0x05, 0x02, 0x02, 0x02, 0x01, 0x03, 0x03, 0x05, 0x02, 0x05, 0x09, 0x03, 0x03, 0x0B, 0x0B,
    0x03, 0x05, 0x02, 0x09, 0x09, 0x09, 0x0B, 0x0B, 0x0B, 0x05, 0x0B, 0x0B, 0x0B, 0x05, 0x09, 0x05, 0x05, 0x09, 0x05, 0x02, 0x06, 0x02, 0x09, 0x09,
    0x0B, 0x03, 0x01, 0x0B, 0x0D, 0x0B, 0x05, 0x02, 0x03, 0x05, 0x05, 0x01, 0x01, 0x05, 0x03, 0x02, 0x06, 0x02, 0x01, 0x01, 0x01, 0x03, 0x03, 0x09,
    0x05, 0x01, 0x03, 0x03, 0x03, 0x05, 0x05, 0x05, 0x05, 0x05, 0x01, 0x03, 0x05, 0x03, 0x05, 0x05, 0x05, 0x03, 0x05, 0x03, 0x05, 0x03, 0x01, 0x05,
    0x05, 0x05, 0x03, 0x03, 0x09, 0x05, 0x09, 0x09, 0x05, 0x05, 0x03, 0x03, 0x05, 0x05, 0x03, 0x05, 0x05, 0x05, 0x05, 0x05, 0x03, 0x03, 0x03, 0x05,
    0x03, 0x03, 0x03, 0x03, 0x01, 0x04, 0x01, 0x02, 0x05, 0x05, 0x02, 0x04, 0x02, 0x05, 0x0C, 0x0B, 0x0B, 0x09, 0x03, 0x05, 0x09, 0x0B, 0x0B, 0x05,
    0x03, 0x05, 0x0B, 0x0F, 0x0C, 0x05, 0x05, 0x0B, 0x0D, 0x0B, 0x0B, 0x03, 0x05, 0x0B, 0x0B, 0x0B, 0x0B, 0x0C, 0x05, 0x0D, 0x0D, 0x09, 0x05, 0x05,
    0x03, 0x05, 0x05, 0x03, 0x03, 0x0B, 0x0D, 0x0C, 0x0D, 0x11, 0x0D, 0x0B, 0x05, 0x03, 0x05, 0x05, 0x05, 0x09, 0x0D, 0x0C, 0x0B, 0x05, 0x0B, 0x0B,
    0x0B, 0x11, 0x0F, 0x05, 0x02, 0x02, 0x01, 0x05, 0x05, 0x02, 0x02, 0x02, 0x05, 0x05, 0x05, 0x06, 0x06, 0x06, 0x06, 0x06, 0x01, 0x03, 0x0B, 0x09,
    0x03, 0x02, 0x02, 0x0B, 0x0F, 0x0E, 0x05, 0x05, 0x0D, 0x0E, 0x0D, 0x0B, 0x0B, 0x0B, 0x09, 0x05, 0x0B, 0x0B, 0x09, 0x05, 0x0B, 0x05, 0x09, 0x04,
    0x03, 0x05, 0x05, 0x05, 0x02, 0x02, 0x0B, 0x0B, 0x09, 0x09, 0x05, 0x02, 0x01, 0x05, 0x09, 0x03, 0x05, 0x03, 0x05, 0x03, 0x02, 0x05, 0x03, 0x01,
    0x01, 0x01, 0x03, 0x05, 0x05, 0x03, 0x01, 0x06, 0x05, 0x09, 0x01, 0x01, 0x01, 0x09, 0x05, 0x04, 0x02, 0x05, 0x09, 0x09, 0x05, 0x05, 0x03, 0x03,
    0x03, 0x05, 0x0B, 0x09, 0x02, 0x05, 0x05, 0x09, 0x05, 0x09, 0x05, 0x09, 0x03, 0x02, 0x01, 0x03, 0x03, 0x05, 0x05, 0x05, 0x05, 0x03, 0x03, 0x05,
    0x02, 0x05, 0x05, 0x01, 0x05, 0x05, 0x03, 0x03, 0x02, 0x02, 0x02, 0x04, 0x09, 0x05, 0x05, 0x05, 0x0C, 0x0E, 0x0C, 0x0C, 0x0C, 0x0B, 0x05, 0x05,
    0x0D, 0x0B, 0x03, 0x05, 0x09, 0x0B, 0x0B, 0x0D, 0x0B, 0x0B, 0x09, 0x05, 0x05, 0x0B, 0x0B, 0x0D, 0x0B, 0x0B, 0x0B, 0x0D, 0x0F, 0x0D, 0x0D, 0x0C,
    0x05, 0x0B, 0x03, 0x02, 0x03, 0x05, 0x03, 0x03, 0x03, 0x01, 0x01, 0x02, 0x05, 0x09, 0x05, 0x05, 0x05, 0x05, 0x05, 0x03, 0x03, 0x05, 0x05, 0x0B,
    0x05, 0x09, 0x05, 0x09, 0x0B, 0x0D, 0x0B, 0x0B, 0x0E, 0x09, 0x04, 0x04, 0x05, 0x0B, 0x0E, 0x0D, 0x0D, 0x09, 0x05, 0x05, 0x03, 0x02, 0x03, 0x05,
    0x05, 0x0D, 0x05, 0x02, 0x03, 0x05, 0x05, 0x0B, 0x0B, 0x09, 0x05, 0x0C, 0x0B, 0x0B, 0x0B, 0x09, 0x0B, 0x09, 0x0B, 0x0B, 0x05, 0x05, 0x05, 0x05,
    0x0B, 0x02, 0x03, 0x02, 0x05, 0x05, 0x09, 0x0B, 0x0B, 0x0B, 0x09, 0x0B, 0x09, 0x02, 0x04, 0x02, 0x03, 0x05, 0x05, 0x03, 0x05, 0x02, 0x05, 0x09,
    0x09, 0x05, 0x05, 0x01, 0x01, 0x06, 0x01, 0x01, 0x01, 0x01, 0x01, 0x02, 0x02, 0x01, 0x03, 0x02, 0x01, 0x0C, 0x0C, 0x03, 0x03, 0x05, 0x09, 0x05,
    0x03, 0x03, 0x03, 0x01, 0x01, 0x02, 0x09, 0x0C, 0x05, 0x03, 0x05, 0x05, 0x05, 0x03, 0x03, 0x03, 0x03, 0x03, 0x02, 0x03, 0x02, 0x02, 0x05, 0x05,
    0x05, 0x05, 0x03, 0x03, 0x05, 0x03, 0x05, 0x05, 0x05, 0x05, 0x05, 0x03, 0x05, 0x05, 0x03, 0x02, 0x0C, 0x0B, 0x0C, 0x0D, 0x05, 0x0B, 0x0B, 0x0B,
    0x0B, 0x0C, 0x0E, 0x0A, 0x0D, 0x0B, 0x02, 0x0B, 0x05, 0x0C, 0x0C, 0x0B, 0x05, 0x05, 0x05, 0x05, 0x0B, 0x0D, 0x0E, 0x0C, 0x0B, 0x09, 0x0B, 0x0B,
    0x05, 0x0B, 0x05, 0x03, 0x02, 0x03, 0x01, 0x05, 0x05, 0x03, 0x01, 0x02, 0x02, 0x04, 0x06, 0x06, 0x01, 0x03, 0x05, 0x05, 0x05, 0x05, 0x05, 0x05,
    0x05, 0x05, 0x03, 0x09, 0x0B, 0x03, 0x03, 0x05, 0x03, 0x09, 0x05, 0x05, 0x05, 0x0D, 0x0D, 0x01, 0x04, 0x0B, 0x0C, 0x0C, 0x0B, 0x0D, 0x0C, 0x0B,
    0x05, 0x05, 0x09, 0x0B, 0x0C, 0x0B, 0x05, 0x03, 0x0B, 0x0C, 0x0E, 0x0B, 0x09, 0x05, 0x05, 0x09, 0x0D, 0x05, 0x05, 0x09, 0x05, 0x0B, 0x05, 0x0B,
    0x09, 0x05, 0x02, 0x04, 0x02, 0x01, 0x01, 0x03, 0x05, 0x05, 0x03, 0x09, 0x0B, 0x0B, 0x05, 0x02, 0x05, 0x05, 0x03, 0x05, 0x03, 0x02, 0x05, 0x09,
    0x02, 0x01, 0x05, 0x05, 0x03, 0x01, 0x02, 0x03, 0x01, 0x01, 0x05, 0x01, 0x06, 0x04, 0x01, 0x05, 0x05, 0x05, 0x09, 0x05, 0x05, 0x01, 0x0D, 0x0C,
    0x0C, 0x0C, 0x09, 0x05, 0x03, 0x05, 0x03, 0x02, 0x03, 0x03, 0x05, 0x09, 0x03, 0x02, 0x01, 0x02, 0x01, 0x01, 0x02, 0x03, 0x03, 0x05, 0x03, 0x03,
    0x02, 0x02, 0x01, 0x02, 0x05, 0x05, 0x05, 0x03, 0x05, 0x05, 0x05, 0x03, 0x05, 0x03, 0x02, 0x03, 0x02, 0x01, 0x05, 0x0B, 0x0C, 0x0C, 0x0C, 0x0B,
    0x05, 0x03, 0x05, 0x0B, 0x05, 0x05, 0x09, 0x0B, 0x0B, 0x0C, 0x0E, 0x0B, 0x0E, 0x0C, 0x0B, 0x0B, 0x0C, 0x0B, 0x03, 0x05, 0x05, 0x0C, 0x0B, 0x0B,
    0x0B, 0x0B, 0x0B, 0x05, 0x05, 0x0B, 0x05, 0x05, 0x0B, 0x0B, 0x03, 0x03, 0x03, 0x03, 0x04, 0x06, 0x06, 0x06, 0x04, 0x01, 0x03, 0x05, 0x05, 0x05,
    0x09, 0x05, 0x05, 0x03, 0x03, 0x01, 0x03, 0x03, 0x09, 0x0B, 0x0B, 0x0C, 0x05, 0x04, 0x05, 0x03, 0x09, 0x05, 0x0B, 0x05, 0x05, 0x0B, 0x09, 0x0B,
    0x0B, 0x09, 0x0B, 0x0B, 0x0B, 0x0B, 0x0D, 0x0E, 0x0B, 0x05, 0x05, 0x0B, 0x0C, 0x0C, 0x0D, 0x0B, 0x03, 0x09, 0x09, 0x03, 0x09, 0x0B, 0x0B, 0x0B,
    0x0B, 0x09, 0x0B, 0x0B, 0x0B, 0x03, 0x04, 0x01, 0x04, 0x04, 0x04, 0x05, 0x09, 0x05, 0x05, 0x05, 0x09, 0x05, 0x03, 0x03, 0x03, 0x0B, 0x09, 0x05,
    0x03, 0x03, 0x06, 0x05, 0x02, 0x02, 0x03, 0x03, 0x03, 0x03, 0x01, 0x03, 0x03, 0x03, 0x03, 0x03, 0x01, 0x01, 0x01, 0x02, 0x03, 0x09, 0x0C, 0x0C,
    0x05, 0x03, 0x05, 0x05, 0x09, 0x0B, 0x0B, 0x09, 0x05, 0x01, 0x02, 0x02, 0x09, 0x09, 0x03, 0x01, 0x03, 0x02, 0x03, 0x03, 0x03, 0x03, 0x02, 0x01,
    0x03, 0x03, 0x03, 0x03, 0x05, 0x03, 0x02, 0x02, 0x03, 0x05, 0x05, 0x05, 0x05, 0x02, 0x02, 0x02, 0x05, 0x05, 0x05, 0x05, 0x01, 0x03, 0x05, 0x05,
    0x0B, 0x0B, 0x0C, 0x0C, 0x05, 0x05, 0x03, 0x02, 0x06, 0x01, 0x05, 0x05, 0x05, 0x0B, 0x05, 0x05, 0x0A, 0x0D, 0x0B, 0x0B, 0x0B, 0x09, 0x0C, 0x0B,
    0x05, 0x0B, 0x0C, 0x0B, 0x0B, 0x09, 0x0B, 0x0B, 0x0B, 0x0B, 0x0F, 0x0F, 0x0D, 0x09, 0x03, 0x01, 0x01, 0x02, 0x05, 0x01, 0x04, 0x01, 0x05, 0x0B,
    0x05, 0x05, 0x05, 0x05, 0x05, 0x05, 0x09, 0x03, 0x03, 0x01, 0x03, 0x03, 0x05, 0x0D, 0x0E, 0x0C, 0x0C, 0x05, 0x01, 0x05, 0x05, 0x05, 0x0E, 0x0D,
    0x0C, 0x05, 0x05, 0x03, 0x05, 0x05, 0x05, 0x05, 0x05, 0x09, 0x0D, 0x09, 0x05, 0x01, 0x09, 0x0B, 0x0B, 0x0B, 0x05, 0x05, 0x05, 0x0B, 0x09, 0x01,
    0x01, 0x09, 0x0D, 0x0C, 0x05, 0x05, 0x0B, 0x05, 0x05, 0x02, 0x02, 0x02, 0x03, 0x02, 0x05, 0x09, 0x0C, 0x05, 0x09, 0x05, 0x03, 0x01, 0x02, 0x02,
    0x02, 0x01, 0x01, 0x03, 0x05, 0x03, 0x01, 0x02, 0x03, 0x03, 0x03, 0x09, 0x05, 0x03, 0x01, 0x02, 0x01, 0x01, 0x01, 0x01, 0x05, 0x09, 0x03, 0x04,
    0x03, 0x0B, 0x05, 0x0C, 0x09, 0x01, 0x03, 0x05, 0x05, 0x09, 0x09, 0x09, 0x05, 0x02, 0x05, 0x0B, 0x0B, 0x05, 0x02, 0x02, 0x04, 0x02, 0x03, 0x05,
    0x09, 0x03, 0x03, 0x03, 0x03, 0x03, 0x03, 0x03, 0x05, 0x05, 0x03, 0x03, 0x09, 0x0C, 0x09, 0x0B, 0x05, 0x03, 0x05, 0x05, 0x0B, 0x05, 0x03, 0x05,
    0x05, 0x0B, 0x05, 0x01, 0x0C, 0x0C, 0x0D, 0x0D, 0x0B, 0x05, 0x0B, 0x05, 0x02, 0x0D, 0x0C, 0x02, 0x03, 0x0B, 0x05, 0x05, 0x05, 0x09, 0x09, 0x09,
    0x0B, 0x0B, 0x09, 0x0B, 0x0B, 0x05, 0x05, 0x0B, 0x0B, 0x05, 0x0B, 0x05, 0x0B, 0x0C, 0x05, 0x05, 0x03, 0x01, 0x03, 0x04, 0x06, 0x01, 0x03, 0x05,
    0x09, 0x0C, 0x05, 0x05, 0x05, 0x05, 0x05, 0x09, 0x05, 0x0B, 0x03, 0x03, 0x03, 0x03, 0x03, 0x03, 0x03, 0x03, 0x05, 0x0C, 0x0D, 0x0D, 0x03, 0x03,
    0x05, 0x09, 0x0B, 0x0D, 0x0E, 0x09, 0x02, 0x02, 0x03, 0x03, 0x05, 0x05, 0x03, 0x05, 0x03, 0x05, 0x03, 0x05, 0x0B, 0x0B, 0x0B, 0x09, 0x05, 0x0B,
    0x09, 0x0C, 0x0E, 0x0C, 0x01, 0x06, 0x05, 0x0C, 0x0B, 0x0B, 0x0B, 0x05, 0x03, 0x05, 0x09, 0x05, 0x05, 0x09, 0x09, 0x0C, 0x05, 0x03, 0x09, 0x03,
    0x03, 0x02, 0x01, 0x02, 0x05, 0x05, 0x03, 0x03, 0x03, 0x03, 0x02, 0x04, 0x03, 0x05, 0x05, 0x05, 0x01, 0x02, 0x03, 0x03, 0x03, 0x01, 0x01, 0x01,
    0x01, 0x01, 0x01, 0x05, 0x03, 0x05, 0x05, 0x05, 0x05, 0x0B, 0x05, 0x05, 0x05, 0x05, 0x05, 0x05, 0x05, 0x03, 0x05, 0x05, 0x03, 0x03, 0x03, 0x01,
    0x05, 0x05, 0x05, 0x01, 0x03, 0x03, 0x05, 0x05, 0x03, 0x03, 0x05, 0x03, 0x03, 0x03, 0x03, 0x05, 0x09, 0x0B, 0x05, 0x05, 0x05, 0x0B, 0x0B, 0x09,
    0x03, 0x03, 0x03, 0x02, 0x05, 0x05, 0x0B, 0x05, 0x0B, 0x0B, 0x0C, 0x0C, 0x0C, 0x0D, 0x0B, 0x0C, 0x0D, 0x0B, 0x0B, 0x02, 0x04, 0x05, 0x0D, 0x09,
    0x03, 0x03, 0x05, 0x09, 0x09, 0x05, 0x0B, 0x0B, 0x0B, 0x05, 0x02, 0x09, 0x05, 0x05, 0x05, 0x0B, 0x09, 0x05, 0x05, 0x03, 0x01, 0x01, 0x03, 0x01,
    0x02, 0x05, 0x05, 0x05, 0x09, 0x05, 0x03, 0x03, 0x05, 0x05, 0x05, 0x05, 0x03, 0x05, 0x03, 0x05, 0x03, 0x03, 0x03, 0x05, 0x05, 0x05, 0x05, 0x05,
    0x09, 0x0D, 0x0D, 0x0B, 0x03, 0x02, 0x02, 0x02, 0x03, 0x05, 0x03, 0x09, 0x0B, 0x0B, 0x05, 0x0C, 0x03, 0x04, 0x04, 0x01, 0x01, 0x05, 0x0B, 0x09,
    0x05, 0x02, 0x09, 0x0D, 0x0C, 0x0D, 0x0D, 0x0F, 0x0D, 0x05, 0x03, 0x09, 0x0B, 0x0B, 0x05, 0x03, 0x05, 0x09, 0x0D, 0x0B, 0x03, 0x09, 0x0B, 0x0B,
    0x03, 0x03, 0x09, 0x05, 0x02, 0x05, 0x03, 0x02, 0x03, 0x05, 0x05, 0x02, 0x04, 0x01, 0x05, 0x02, 0x01, 0x09, 0x05, 0x05, 0x03, 0x05, 0x05, 0x03,
    0x02, 0x04, 0x04, 0x01, 0x04, 0x04, 0x02, 0x05, 0x09, 0x05, 0x02, 0x03, 0x05, 0x05, 0x0B, 0x03, 0x05, 0x05, 0x03, 0x03, 0x05, 0x09, 0x0B, 0x05,
    0x02, 0x01, 0x0B, 0x0B, 0x0C, 0x0C, 0x05, 0x09, 0x02, 0x02, 0x05, 0x05, 0x05, 0x05, 0x03, 0x03, 0x03, 0x05, 0x05, 0x05, 0x05, 0x05, 0x05, 0x05,
    0x05, 0x0C, 0x0B, 0x05, 0x05, 0x02, 0x02, 0x03, 0x05, 0x05, 0x03, 0x03, 0x0B, 0x0C, 0x0B, 0x0F, 0x0F, 0x0A, 0x0A, 0x0A, 0x0E, 0x05, 0x0B, 0x0D,
    0x0C, 0x09, 0x0C, 0x0B, 0x05, 0x05, 0x05, 0x0B, 0x0B, 0x0E, 0x0C, 0x05, 0x05, 0x0B, 0x05, 0x05, 0x05, 0x05, 0x05, 0x05, 0x03, 0x05, 0x05, 0x03,
    0x03, 0x03, 0x03, 0x05, 0x05, 0x03, 0x05, 0x0D, 0x0D, 0x09, 0x05, 0x03, 0x03, 0x05, 0x03, 0x03, 0x05, 0x09, 0x01, 0x01, 0x03, 0x05, 0x03, 0x03,
    0x05, 0x05, 0x05, 0x05, 0x05, 0x05, 0x05, 0x0C, 0x0D, 0x0C, 0x03, 0x02, 0x02, 0x03, 0x05, 0x03, 0x05, 0x05, 0x09, 0x09, 0x05, 0x05, 0x05, 0x09,
    0x05, 0x03, 0x03, 0x05, 0x03, 0x0B, 0x05, 0x09, 0x0C, 0x0B, 0x09, 0x09, 0x05, 0x0C, 0x0C, 0x0D, 0x05, 0x03, 0x05, 0x09, 0x0C, 0x05, 0x05, 0x03,
    0x02, 0x02, 0x03, 0x03, 0x03, 0x09, 0x05, 0x01, 0x03, 0x01, 0x03, 0x01, 0x02, 0x05, 0x09, 0x05, 0x05, 0x05, 0x03, 0x03, 0x02, 0x05, 0x05, 0x05,
    0x0B, 0x0B, 0x03, 0x03, 0x02, 0x02, 0x02, 0x01, 0x01, 0x09, 0x09, 0x03, 0x03, 0x02, 0x05, 0x03, 0x05, 0x04, 0x03, 0x03, 0x05, 0x03, 0x09, 0x03,
    0x03, 0x03, 0x02, 0x02, 0x01, 0x02, 0x05, 0x05, 0x05, 0x05, 0x0B, 0x0B, 0x03, 0x01, 0x01, 0x03, 0x09, 0x02, 0x01, 0x01, 0x03, 0x05, 0x09, 0x09,
    0x03, 0x01, 0x05, 0x05, 0x03, 0x03, 0x05, 0x05, 0x05, 0x05, 0x03, 0x03, 0x05, 0x05, 0x03, 0x05, 0x0F, 0x0B, 0x0B, 0x0C, 0x0D, 0x0C, 0x0D, 0x0D,
    0x0B, 0x05, 0x0B, 0x0C, 0x0C, 0x05, 0x05, 0x05, 0x0B, 0x09, 0x0B, 0x09, 0x0D, 0x0C, 0x09, 0x0B, 0x0B, 0x09, 0x05, 0x05, 0x05, 0x05, 0x05, 0x05,
    0x05, 0x09, 0x03, 0x09, 0x03, 0x03, 0x03, 0x0C, 0x0F, 0x0B, 0x05, 0x05, 0x05, 0x05, 0x05, 0x03, 0x03, 0x03, 0x03, 0x02, 0x02, 0x03, 0x05, 0x02,
    0x02, 0x03, 0x05, 0x09, 0x05, 0x05, 0x05, 0x05, 0x05, 0x05, 0x0B, 0x09, 0x05, 0x09, 0x05, 0x01, 0x03, 0x0C, 0x09, 0x02, 0x06, 0x01, 0x03, 0x03,
    0x05, 0x09, 0x03, 0x03, 0x05, 0x02, 0x04, 0x03, 0x0D, 0x09, 0x05, 0x09, 0x05, 0x09, 0x05, 0x09, 0x05, 0x0B, 0x0B, 0x05, 0x05, 0x0B, 0x0B, 0x05,
    0x03, 0x03, 0x05, 0x03, 0x02, 0x06, 0x03, 0x03, 0x05, 0x03, 0x03, 0x03, 0x01, 0x09, 0x0C, 0x0B, 0x05, 0x03, 0x09, 0x0B, 0x0D, 0x0C, 0x05, 0x05,
    0x02, 0x04, 0x02, 0x03, 0x05, 0x03, 0x01, 0x03, 0x01, 0x02, 0x02, 0x02, 0x05, 0x05, 0x03, 0x03, 0x03, 0x09, 0x03, 0x02, 0x06, 0x04, 0x06, 0x06,
    0x06, 0x04, 0x02, 0x01, 0x03, 0x05, 0x03, 0x03, 0x05, 0x05, 0x03, 0x05, 0x03, 0x05, 0x09, 0x05, 0x01, 0x03, 0x01, 0x05, 0x02, 0x05, 0x03, 0x03,
    0x05, 0x09, 0x05, 0x03, 0x05, 0x03, 0x02, 0x01, 0x03, 0x05, 0x05, 0x09, 0x05, 0x0C, 0x0C, 0x05, 0x03, 0x01, 0x05, 0x05, 0x0D, 0x0E, 0x0C, 0x0B,
    0x0B, 0x0C, 0x0B, 0x09, 0x0B, 0x05, 0x05, 0x09, 0x09, 0x03, 0x01, 0x02, 0x05, 0x03, 0x05, 0x05, 0x03, 0x02, 0x01, 0x01, 0x02, 0x05, 0x0C, 0x0D,
    0x0B, 0x0B, 0x05, 0x09, 0x0B, 0x05, 0x09, 0x05, 0x09, 0x05, 0x0B, 0x03, 0x03, 0x0B, 0x0D, 0x09, 0x02, 0x03, 0x05, 0x03, 0x03, 0x01, 0x09, 0x02,
    0x01, 0x02, 0x05, 0x05, 0x05, 0x05, 0x05, 0x05, 0x05, 0x05, 0x05, 0x05, 0x05, 0x05, 0x05, 0x05, 0x05, 0x05, 0x05, 0x04, 0x06, 0x03, 0x0C, 0x05,
    0x03, 0x03, 0x06, 0x04, 0x03, 0x05, 0x0B, 0x05, 0x05, 0x0C, 0x0B, 0x02, 0x0B, 0x0B, 0x09, 0x09, 0x05, 0x0B, 0x05, 0x0B, 0x05, 0x05, 0x05, 0x05,
    0x0B, 0x0C, 0x09, 0x05, 0x05, 0x05, 0x02, 0x03, 0x0B, 0x05, 0x03, 0x09, 0x05, 0x03, 0x02, 0x02, 0x03, 0x05, 0x05, 0x03, 0x03, 0x03, 0x05, 0x05,
    0x03, 0x02, 0x0B, 0x05, 0x02, 0x02, 0x01, 0x09, 0x05, 0x03, 0x05, 0x05, 0x03, 0x03, 0x02, 0x02, 0x01, 0x01, 0x05, 0x05, 0x02, 0x05, 0x03, 0x03,
    0x02, 0x0C, 0x0D, 0x0E, 0x0B, 0x03, 0x05, 0x03, 0x05, 0x02, 0x01, 0x02, 0x09, 0x0B, 0x05, 0x03, 0x03, 0x03, 0x05, 0x03, 0x03, 0x03, 0x01, 0x01,
    0x02, 0x03, 0x03, 0x05, 0x09, 0x0B, 0x09, 0x09, 0x03, 0x05, 0x03, 0x03, 0x02, 0x03, 0x05, 0x03, 0x05, 0x05, 0x03, 0x02, 0x03, 0x03, 0x03, 0x02,
    0x05, 0x0D, 0x0E, 0x0B, 0x0C, 0x0B, 0x09, 0x0B, 0x0C, 0x05, 0x05, 0x05, 0x09, 0x0C, 0x0B, 0x05, 0x02, 0x01, 0x03, 0x03, 0x02, 0x01, 0x02, 0x09,
    0x0C, 0x0D, 0x0B, 0x09, 0x0B, 0x09, 0x09, 0x0B, 0x09, 0x05, 0x0B, 0x0B, 0x05, 0x0B, 0x09, 0x05, 0x05, 0x05, 0x05, 0x05, 0x05, 0x05, 0x01, 0x03,
    0x02, 0x05, 0x03, 0x03, 0x05, 0x04, 0x05, 0x03, 0x05, 0x03, 0x01, 0x02, 0x03, 0x05, 0x03, 0x02, 0x02, 0x01, 0x03, 0x05, 0x05, 0x02, 0x05, 0x05,
    0x09, 0x09, 0x0E, 0x0D, 0x0E, 0x0F, 0x0D, 0x02, 0x01, 0x02, 0x05, 0x02, 0x02, 0x09, 0x0E, 0x09, 0x05, 0x03, 0x05, 0x05, 0x05, 0x01, 0x03, 0x05,
    0x03, 0x05, 0x0B, 0x05, 0x05, 0x05, 0x0B, 0x0C, 0x0C, 0x05, 0x0B, 0x05, 0x03, 0x02, 0x06, 0x05, 0x01, 0x06, 0x06, 0x02, 0x03, 0x02, 0x03, 0x02,
    0x01, 0x02, 0x03, 0x03, 0x04, 0x01, 0x01, 0x05, 0x05, 0x03, 0x02, 0x05, 0x03, 0x01, 0x03, 0x01, 0x06, 0x06, 0x04, 0x01, 0x01, 0x02, 0x03, 0x03,
    0x05, 0x05, 0x09, 0x0C, 0x0C, 0x05, 0x05, 0x09, 0x0C, 0x0C, 0x09, 0x05, 0x05, 0x05, 0x05, 0x05, 0x09, 0x09, 0x0B, 0x05, 0x05, 0x05, 0x03, 0x02,
    0x01, 0x03, 0x03, 0x01, 0x01, 0x03, 0x0B, 0x0B, 0x05, 0x05, 0x05, 0x05, 0x03, 0x03, 0x05, 0x05, 0x05, 0x03, 0x03, 0x03, 0x03, 0x03, 0x03, 0x03,
    0x05, 0x01, 0x01, 0x01, 0x03, 0x03, 0x05, 0x0B, 0x0B, 0x0B, 0x05, 0x0B, 0x0B, 0x05, 0x03, 0x05, 0x05, 0x05, 0x0C, 0x05, 0x03, 0x03, 0x02, 0x03,
    0x03, 0x03, 0x03, 0x03, 0x05, 0x0B, 0x0C, 0x0B, 0x0C, 0x09, 0x0B, 0x09, 0x05, 0x0B, 0x05, 0x03, 0x05, 0x0B, 0x0C, 0x0B, 0x0C, 0x0C, 0x0C, 0x0D,
    0x0B, 0x0B, 0x0B, 0x09, 0x05, 0x05, 0x05, 0x09, 0x09, 0x05, 0x02, 0x03, 0x03, 0x03, 0x05, 0x02, 0x02, 0x03, 0x02, 0x01, 0x01, 0x02, 0x01, 0x02,
    0x02, 0x02, 0x01, 0x05, 0x0C, 0x0D, 0x0B, 0x05, 0x0B, 0x0B, 0x05, 0x09, 0x05, 0x02, 0x01, 0x02, 0x02, 0x03, 0x03, 0x03, 0x03, 0x05, 0x05, 0x09,
    0x03, 0x05, 0x05, 0x03, 0x04, 0x06, 0x05, 0x03, 0x02, 0x05, 0x05, 0x05, 0x09, 0x0B, 0x05, 0x03, 0x03, 0x03, 0x02, 0x03, 0x03, 0x03, 0x03, 0x05,
    0x02, 0x04, 0x02, 0x0C, 0x05, 0x03, 0x03, 0x03, 0x01, 0x06, 0x06, 0x01, 0x05, 0x05, 0x01, 0x03, 0x01, 0x03, 0x02, 0x01, 0x01, 0x04, 0x01, 0x02,
    0x03, 0x01, 0x01, 0x05, 0x09, 0x0C, 0x0C, 0x0D, 0x0E, 0x0D, 0x05, 0x03, 0x05, 0x05, 0x05, 0x05, 0x05, 0x09, 0x0B, 0x0C, 0x05, 0x03, 0x03, 0x03,
    0x02, 0x02, 0x04, 0x02, 0x02, 0x02, 0x03, 0x09, 0x01, 0x03, 0x05, 0x05, 0x03, 0x03, 0x03, 0x03, 0x05, 0x05, 0x05, 0x05, 0x05, 0x03, 0x04, 0x03,
    0x05, 0x05, 0x03, 0x03, 0x03, 0x03, 0x03, 0x03, 0x02, 0x03, 0x05, 0x05, 0x03, 0x03, 0x05, 0x05, 0x05, 0x05, 0x05, 0x05, 0x05, 0x05, 0x05, 0x09,
    0x03, 0x05, 0x05, 0x05, 0x0C, 0x0C, 0x05, 0x03, 0x0B, 0x0C, 0x0B, 0x09, 0x05, 0x09, 0x03, 0x0B, 0x05, 0x0B, 0x03, 0x03, 0x05, 0x09, 0x03, 0x05,
    0x05, 0x05, 0x05, 0x09, 0x05, 0x05, 0x05, 0x05, 0x05, 0x05, 0x05, 0x05, 0x0B, 0x03, 0x03, 0x02, 0x05, 0x05, 0x05, 0x02, 0x02, 0x03, 0x03, 0x05,
    0x03, 0x02, 0x03, 0x03, 0x05, 0x02, 0x02, 0x0B, 0x09, 0x0C, 0x05, 0x01, 0x01, 0x03, 0x03, 0x03, 0x01, 0x03, 0x03, 0x02, 0x03, 0x03, 0x02, 0x03,
    0x05, 0x09, 0x05, 0x05, 0x05, 0x05, 0x05, 0x05, 0x03, 0x05, 0x0B, 0x0C, 0x09, 0x05, 0x05, 0x05, 0x05, 0x05, 0x02, 0x03, 0x03, 0x05, 0x0C, 0x05,
    0x01, 0x03, 0x03, 0x03, 0x05, 0x02, 0x01, 0x01, 0x01, 0x01, 0x02, 0x02, 0x03, 0x03, 0x01, 0x01, 0x05, 0x0B, 0x03, 0x02, 0x02, 0x03, 0x03, 0x02,
    0x01, 0x01, 0x04, 0x06, 0x06, 0x01, 0x02, 0x01, 0x01, 0x05, 0x05, 0x05, 0x05, 0x05, 0x09, 0x05, 0x02, 0x03, 0x05, 0x05, 0x05, 0x05, 0x05, 0x03,
    0x03, 0x02, 0x02, 0x02, 0x02, 0x01, 0x02, 0x02, 0x03, 0x02, 0x01, 0x01, 0x02, 0x01, 0x02, 0x03, 0x05, 0x05, 0x03, 0x05, 0x03, 0x05, 0x05, 0x03,
    0x01, 0x01, 0x02, 0x02, 0x03, 0x05, 0x03, 0x05, 0x03, 0x05, 0x03, 0x05, 0x05, 0x05, 0x03, 0x01, 0x03, 0x05, 0x05, 0x09, 0x0B, 0x09, 0x01, 0x03,
    0x05, 0x03, 0x01, 0x03, 0x05, 0x05, 0x05, 0x0B, 0x03, 0x05, 0x03, 0x05, 0x05, 0x05, 0x0B, 0x0B, 0x03, 0x02, 0x05, 0x09, 0x05, 0x0B, 0x0B, 0x03,
    0x0B, 0x09, 0x05, 0x05, 0x05, 0x05, 0x05, 0x05, 0x05, 0x03, 0x03, 0x05, 0x05, 0x05, 0x03, 0x0B, 0x02, 0x05, 0x05, 0x09, 0x05, 0x03, 0x05, 0x0C,
    0x0C, 0x05, 0x02, 0x02, 0x02, 0x03, 0x03, 0x01, 0x03, 0x05, 0x05, 0x03, 0x01, 0x03, 0x05, 0x03, 0x05, 0x09, 0x09, 0x05, 0x0C, 0x0B, 0x05, 0x02,
    0x01, 0x04, 0x03, 0x03, 0x09, 0x03, 0x03, 0x03, 0x09, 0x05, 0x09, 0x0C, 0x0C, 0x0B, 0x09, 0x0B, 0x09, 0x03, 0x05, 0x09, 0x09, 0x09, 0x03, 0x03,
    0x03, 0x05, 0x03, 0x03, 0x05, 0x09, 0x05, 0x03, 0x05, 0x05, 0x03, 0x02, 0x02, 0x03, 0x03, 0x01, 0x02, 0x09, 0x09, 0x02, 0x01, 0x03, 0x03, 0x02,
    0x04, 0x01, 0x04, 0x04, 0x01, 0x04, 0x04, 0x04, 0x01, 0x02, 0x01, 0x01, 0x01, 0x01, 0x03, 0x02, 0x05, 0x05, 0x05, 0x05, 0x03, 0x05, 0x05, 0x03,
    0x03, 0x03, 0x03, 0x03, 0x03, 0x02, 0x03, 0x05, 0x02, 0x02, 0x01, 0x01, 0x02, 0x01, 0x02, 0x04, 0x01, 0x03, 0x09, 0x05, 0x02, 0x02, 0x05, 0x03,
    0x05, 0x05, 0x05, 0x05, 0x09, 0x05, 0x05, 0x03, 0x05, 0x05, 0x05, 0x05, 0x03, 0x05, 0x05, 0x03, 0x01, 0x06, 0x04, 0x01, 0x03, 0x05, 0x0B, 0x0B,
    0x05, 0x05, 0x02, 0x02, 0x01, 0x03, 0x09, 0x05, 0x0B, 0x0B, 0x03, 0x02, 0x02, 0x03, 0x05, 0x03, 0x04, 0x01, 0x02, 0x01, 0x03, 0x09, 0x0B, 0x02,
    0x0B, 0x05, 0x0B, 0x0D, 0x09, 0x05, 0x09, 0x0B, 0x05, 0x05, 0x05, 0x05, 0x0B, 0x09, 0x09, 0x05, 0x05, 0x05, 0x05, 0x05, 0x0C, 0x05, 0x0B, 0x05,
    0x01, 0x03, 0x03, 0x05, 0x0B, 0x09, 0x09, 0x03, 0x04, 0x03, 0x05, 0x02, 0x01, 0x05, 0x09, 0x03, 0x03, 0x02, 0x05, 0x0B, 0x0C, 0x09, 0x05, 0x05,
    0x09, 0x0C, 0x0B, 0x05, 0x01, 0x04, 0x04, 0x01, 0x03, 0x05, 0x05, 0x05, 0x0B, 0x09, 0x03, 0x03, 0x03, 0x05, 0x0C, 0x0B, 0x0C, 0x0D, 0x05, 0x05,
    0x05, 0x05, 0x05, 0x03, 0x02, 0x05, 0x03, 0x05, 0x05, 0x03, 0x05, 0x05, 0x05, 0x05, 0x09, 0x03, 0x03, 0x03, 0x02, 0x01, 0x03, 0x01, 0x02, 0x03,
    0x03, 0x03, 0x03, 0x02, 0x01, 0x01, 0x01, 0x04, 0x06, 0x01, 0x02, 0x01, 0x02, 0x02, 0x01, 0x06, 0x04, 0x02, 0x01, 0x01, 0x02, 0x02, 0x05, 0x05,
    0x0B, 0x05, 0x03, 0x05, 0x03, 0x02, 0x04, 0x01, 0x02, 0x03, 0x03, 0x03, 0x05, 0x02, 0x01, 0x02, 0x03, 0x03, 0x05, 0x05, 0x01, 0x02, 0x0B, 0x09,
    0x03, 0x04, 0x06, 0x04, 0x05, 0x05, 0x05, 0x02, 0x03, 0x05, 0x09, 0x0B, 0x05, 0x01, 0x06, 0x02, 0x03, 0x05, 0x05, 0x02, 0x09, 0x01, 0x05, 0x03,
    0x05, 0x05, 0x05, 0x03, 0x05, 0x05, 0x02, 0x04, 0x05, 0x05, 0x05, 0x03, 0x05, 0x09, 0x0B, 0x02, 0x02, 0x05, 0x03, 0x02, 0x03, 0x02, 0x02, 0x02,
    0x03, 0x05, 0x05, 0x09, 0x05, 0x05, 0x05, 0x05, 0x09, 0x0C, 0x0D, 0x0D, 0x0B, 0x05, 0x03, 0x02, 0x02, 0x05, 0x09, 0x05, 0x05, 0x03, 0x05, 0x05,
    0x09, 0x09, 0x05, 0x04, 0x02, 0x02, 0x02, 0x03, 0x02, 0x03, 0x0B, 0x09, 0x03, 0x0B, 0x05, 0x05, 0x09, 0x0B, 0x0B, 0x0B, 0x05, 0x09, 0x05, 0x05,
    0x05, 0x05, 0x05, 0x05, 0x05, 0x09, 0x0B, 0x0B, 0x05, 0x01, 0x01, 0x02, 0x02, 0x01, 0x01, 0x05, 0x05, 0x05, 0x03, 0x03, 0x09, 0x0B, 0x05, 0x05,
    0x05, 0x0B, 0x09, 0x03, 0x03, 0x05, 0x05, 0x03, 0x05, 0x05, 0x0C, 0x05, 0x03, 0x05, 0x01, 0x03, 0x03, 0x03, 0x05, 0x03, 0x02, 0x01, 0x03, 0x01,
    0x01, 0x02, 0x03, 0x05, 0x09, 0x03, 0x03, 0x03, 0x05, 0x03, 0x03, 0x02, 0x02, 0x01, 0x02, 0x01, 0x01, 0x04, 0x04, 0x01, 0x01, 0x01, 0x01, 0x05,
    0x02, 0x02, 0x01, 0x05, 0x05, 0x03, 0x03, 0x02, 0x02, 0x01, 0x02, 0x03, 0x03, 0x02, 0x02, 0x01, 0x02, 0x03, 0x05, 0x01, 0x02, 0x01, 0x02, 0x03,
    0x01, 0x01, 0x0B, 0x09, 0x03, 0x01, 0x02, 0x01, 0x05, 0x05, 0x02, 0x03, 0x03, 0x04, 0x01, 0x01, 0x01, 0x01, 0x01, 0x01, 0x02, 0x03, 0x05, 0x03,
    0x0B, 0x03, 0x05, 0x02, 0x01, 0x05, 0x05, 0x05, 0x05, 0x02, 0x03, 0x05, 0x05, 0x05, 0x05, 0x05, 0x02, 0x02, 0x05, 0x05, 0x0B, 0x05, 0x03, 0x05,
    0x05, 0x05, 0x0B, 0x0C, 0x09, 0x09, 0x05, 0x09, 0x05, 0x03, 0x09, 0x05, 0x05, 0x0B, 0x09, 0x09, 0x05, 0x09, 0x05, 0x05, 0x05, 0x09, 0x05, 0x0B,
    0x05, 0x0C, 0x0D, 0x09, 0x05, 0x05, 0x05, 0x05, 0x03, 0x0B, 0x09, 0x0B, 0x0B, 0x03, 0x02, 0x02, 0x05, 0x09, 0x09, 0x0B, 0x0D, 0x0B, 0x0D, 0x05,
    0x03, 0x05, 0x03, 0x01, 0x02, 0x06, 0x06, 0x06, 0x02, 0x02, 0x02, 0x05, 0x02, 0x06, 0x01, 0x02, 0x04, 0x06, 0x06, 0x05, 0x01, 0x05, 0x05, 0x05,
    0x03, 0x03, 0x03, 0x05, 0x05, 0x0B, 0x0B, 0x03, 0x03, 0x09, 0x05, 0x05, 0x05, 0x05, 0x05, 0x05, 0x05, 0x06, 0x02, 0x01, 0x03, 0x05, 0x02, 0x02,
    0x05, 0x01, 0x06, 0x02, 0x03, 0x03, 0x01, 0x05, 0x03, 0x03, 0x05, 0x03, 0x05, 0x05, 0x05, 0x03, 0x01, 0x03, 0x03, 0x05, 0x03, 0x01, 0x03, 0x01,
    0x01, 0x02, 0x03, 0x02, 0x03, 0x02, 0x05, 0x04, 0x04, 0x04, 0x01, 0x04, 0x04, 0x01, 0x02, 0x01, 0x04, 0x01, 0x06, 0x01, 0x03, 0x01, 0x03, 0x01,
    0x01, 0x02, 0x02, 0x01, 0x03, 0x01, 0x05, 0x01, 0x04, 0x02, 0x05, 0x09, 0x05, 0x02, 0x02, 0x03, 0x05, 0x05, 0x03, 0x01, 0x04, 0x01, 0x01, 0x05,
    0x09, 0x02, 0x01, 0x03, 0x09, 0x05, 0x01, 0x02, 0x03, 0x05, 0x05, 0x09, 0x05, 0x03, 0x03, 0x05, 0x05, 0x05, 0x09, 0x0D, 0x0D, 0x0B, 0x0C, 0x0B,
    0x05, 0x02, 0x01, 0x03, 0x03, 0x06, 0x01, 0x0B, 0x0B, 0x0B, 0x0B, 0x0B, 0x05, 0x05, 0x05, 0x0D, 0x09, 0x02, 0x03, 0x03, 0x05, 0x05, 0x05, 0x09,
    0x09, 0x0B, 0x0D, 0x0F, 0x11, 0x0A, 0x0B, 0x05, 0x09, 0x09, 0x05, 0x09, 0x05, 0x03, 0x09, 0x0B, 0x05, 0x05, 0x05, 0x09, 0x0B, 0x05, 0x05, 0x05,
    0x05, 0x0B, 0x05, 0x05, 0x05, 0x02, 0x05, 0x05, 0x02, 0x03, 0x03, 0x04, 0x06, 0x06, 0x05, 0x05, 0x05, 0x03, 0x02, 0x02, 0x0B, 0x09, 0x01, 0x06,
    0x03, 0x05, 0x05, 0x05, 0x05, 0x05, 0x05, 0x05, 0x03, 0x01, 0x02, 0x03, 0x05, 0x05, 0x05, 0x05, 0x03, 0x05, 0x05, 0x05, 0x03, 0x05, 0x05, 0x05,
    0x03, 0x05, 0x02, 0x03, 0x05, 0x05, 0x03, 0x03, 0x03, 0x05, 0x09, 0x05, 0x03, 0x05, 0x05, 0x03, 0x05, 0x0B, 0x05, 0x05, 0x03, 0x03, 0x03, 0x03,
    0x03, 0x03, 0x03, 0x03, 0x03, 0x04, 0x01, 0x03, 0x03, 0x02, 0x09, 0x05, 0x05, 0x04, 0x04, 0x01, 0x02, 0x02, 0x01, 0x01, 0x01, 0x02, 0x01, 0x01,
    0x01, 0x02, 0x03, 0x01, 0x06, 0x04, 0x03, 0x0B, 0x0B, 0x01, 0x05, 0x09, 0x05, 0x01, 0x02, 0x0E, 0x05, 0x03, 0x03, 0x05, 0x05, 0x05, 0x05, 0x0D,
    0x05, 0x01, 0x0B, 0x09, 0x09, 0x05, 0x02, 0x04, 0x05, 0x0D, 0x0B, 0x0B, 0x05, 0x09, 0x05, 0x05, 0x05, 0x03, 0x01, 0x02, 0x05, 0x05, 0x01, 0x05,
    0x05, 0x05, 0x05, 0x03, 0x03, 0x03, 0x05, 0x03, 0x02, 0x05, 0x05, 0x01, 0x01, 0x03, 0x01, 0x03, 0x03, 0x03, 0x05, 0x05, 0x02, 0x02, 0x02, 0x05,
    0x05, 0x05, 0x0D, 0x0D, 0x0B, 0x05, 0x09, 0x05, 0x0D, 0x0C, 0x09, 0x05, 0x0B, 0x05, 0x0D, 0x0B, 0x05, 0x05, 0x05, 0x05, 0x09, 0x05, 0x09, 0x05,
    0x05, 0x05, 0x0B, 0x0B, 0x05, 0x03, 0x05, 0x05, 0x06, 0x06, 0x04, 0x06, 0x03, 0x0B, 0x0B, 0x0B, 0x0C, 0x0D, 0x0C, 0x0B, 0x0B, 0x0B, 0x05, 0x0D,
    0x0B, 0x0C, 0x0D, 0x09, 0x03, 0x05, 0x05, 0x05, 0x05, 0x03, 0x05, 0x05, 0x05, 0x03, 0x03, 0x02, 0x04, 0x02, 0x02, 0x05, 0x05, 0x05, 0x05, 0x05,
    0x03, 0x04, 0x03, 0x03, 0x05, 0x05, 0x02, 0x03, 0x05, 0x05, 0x05, 0x02, 0x02, 0x02, 0x03, 0x03, 0x03, 0x02, 0x09, 0x05, 0x02, 0x02, 0x03, 0x05,
    0x05, 0x02, 0x02, 0x03, 0x03, 0x05, 0x03, 0x02, 0x02, 0x01, 0x03, 0x02, 0x04, 0x01, 0x02, 0x03, 0x03, 0x05, 0x04, 0x06, 0x06, 0x01, 0x03, 0x01,
    0x03, 0x03, 0x05, 0x05, 0x03, 0x05, 0x05, 0x03, 0x05, 0x03, 0x03, 0x0B, 0x09, 0x0B, 0x03, 0x03, 0x09, 0x01, 0x06, 0x01, 0x05, 0x05, 0x03, 0x05,
    0x03, 0x05, 0x05, 0x05, 0x09, 0x03, 0x03, 0x09, 0x05, 0x02, 0x02, 0x03, 0x03, 0x05, 0x05, 0x0B, 0x0B, 0x09, 0x05, 0x05, 0x0B, 0x0C, 0x09, 0x03,
    0x05, 0x05, 0x0C, 0x05, 0x0B, 0x05, 0x02, 0x01, 0x05, 0x05, 0x09, 0x0B, 0x05, 0x05, 0x03, 0x02, 0x01, 0x02, 0x02, 0x01, 0x01, 0x01, 0x01, 0x01,
    0x03, 0x03, 0x05, 0x05, 0x05, 0x05, 0x09, 0x09, 0x0B, 0x0B, 0x05, 0x01, 0x03, 0x02, 0x03, 0x03, 0x02, 0x03, 0x02, 0x05, 0x05, 0x05, 0x0B, 0x09,
    0x0B, 0x0B, 0x0B, 0x05, 0x03, 0x03, 0x05, 0x03, 0x02, 0x02, 0x01, 0x05, 0x0E, 0x05, 0x05, 0x01, 0x04, 0x05, 0x09, 0x0D, 0x0D, 0x0C, 0x05, 0x09,
    0x05, 0x05, 0x09, 0x0C, 0x0D, 0x0D, 0x0C, 0x0D, 0x05, 0x05, 0x09, 0x05, 0x05, 0x03, 0x03, 0x05, 0x03, 0x02, 0x03, 0x02, 0x01, 0x04, 0x02, 0x05,
    0x03, 0x01, 0x06, 0x02, 0x09, 0x0E, 0x0D, 0x03, 0x03, 0x03, 0x05, 0x03, 0x03, 0x03, 0x02, 0x02, 0x05, 0x05, 0x02, 0x05, 0x05, 0x05, 0x05, 0x05,
    0x05, 0x02, 0x01, 0x02, 0x03, 0x01, 0x02, 0x02, 0x01, 0x02, 0x01, 0x01, 0x01, 0x05, 0x09, 0x03, 0x05, 0x01, 0x01, 0x01, 0x01, 0x01, 0x01, 0x01,
    0x03, 0x01, 0x01, 0x01, 0x01, 0x02, 0x01, 0x02, 0x03, 0x05, 0x03, 0x05, 0x03, 0x09, 0x0B, 0x09, 0x09, 0x03, 0x03, 0x01, 0x01, 0x03, 0x02, 0x01,
    0x04, 0x04, 0x01, 0x01, 0x01, 0x09, 0x05, 0x05, 0x03, 0x01, 0x04, 0x03, 0x05, 0x04, 0x04, 0x05, 0x05, 0x03, 0x05, 0x0B, 0x0B, 0x0B, 0x0C, 0x0D,
    0x0E, 0x0B, 0x0C, 0x0B, 0x05, 0x05, 0x0B, 0x03, 0x02, 0x02, 0x04, 0x02, 0x01, 0x03, 0x03, 0x05, 0x09, 0x05, 0x01, 0x02, 0x02, 0x02, 0x03, 0x03,
    0x01, 0x03, 0x05, 0x02, 0x05, 0x03, 0x03, 0x05, 0x05, 0x05, 0x05, 0x05, 0x05, 0x05, 0x05, 0x05, 0x03, 0x05, 0x01, 0x03, 0x05, 0x05, 0x05, 0x05,
    0x09, 0x05, 0x09, 0x05, 0x05, 0x09, 0x05, 0x09, 0x05, 0x05, 0x05, 0x05, 0x05, 0x02, 0x05, 0x0C, 0x0B, 0x0D, 0x0C, 0x0C, 0x05, 0x09, 0x0C, 0x09,
    0x09, 0x09, 0x05, 0x05, 0x03, 0x03, 0x05, 0x05, 0x0B, 0x0B, 0x0B, 0x05, 0x05, 0x0B, 0x03, 0x05, 0x0C, 0x0B, 0x05, 0x05, 0x01, 0x04, 0x03, 0x09,
    0x05, 0x09, 0x0B, 0x05, 0x05, 0x05, 0x03, 0x03, 0x05, 0x05, 0x05, 0x03, 0x03, 0x05, 0x05, 0x05, 0x03, 0x02, 0x02, 0x05, 0x05, 0x05, 0x03, 0x05,
    0x0B, 0x09, 0x05, 0x03, 0x03, 0x05, 0x03, 0x02, 0x02, 0x01, 0x01, 0x01, 0x04, 0x01, 0x02, 0x02, 0x01, 0x03, 0x05, 0x05, 0x01, 0x01, 0x04, 0x01,
    0x01, 0x03, 0x03, 0x03, 0x03, 0x03, 0x02, 0x01, 0x01, 0x01, 0x01, 0x04, 0x03, 0x05, 0x05, 0x0B, 0x03, 0x03, 0x03, 0x03, 0x03, 0x03, 0x03, 0x01,
    0x01, 0x09, 0x09, 0x05, 0x03, 0x01, 0x05, 0x04, 0x02, 0x04, 0x06, 0x05, 0x09, 0x0D, 0x09, 0x01, 0x01, 0x03, 0x03, 0x01, 0x0B, 0x05, 0x05, 0x0B,
    0x0C, 0x0D, 0x0D, 0x0B, 0x0B, 0x0B, 0x0C, 0x0C, 0x05, 0x05, 0x0B, 0x0C, 0x05, 0x05, 0x03, 0x05, 0x09, 0x0B, 0x0B, 0x0C, 0x0C, 0x0B, 0x05, 0x03,
    0x03, 0x02, 0x05, 0x05, 0x0B, 0x0C, 0x05, 0x03, 0x01, 0x03, 0x0B, 0x05, 0x05, 0x05, 0x09, 0x05, 0x05, 0x0B, 0x0B, 0x0B, 0x05, 0x03, 0x05, 0x05,
    0x05, 0x05, 0x05, 0x05, 0x05, 0x05, 0x0B, 0x05, 0x09, 0x05, 0x05, 0x05, 0x0B, 0x0B, 0x0C, 0x0B, 0x09, 0x05, 0x05, 0x0B, 0x05, 0x05, 0x0B, 0x0A,
    0x0F, 0x0D, 0x0C, 0x0C, 0x0B, 0x0B, 0x0B, 0x05, 0x05, 0x03, 0x01, 0x04, 0x03, 0x03, 0x09, 0x05, 0x05, 0x03, 0x03, 0x03, 0x09, 0x09, 0x05, 0x05,
    0x09, 0x05, 0x03, 0x03, 0x03, 0x0B, 0x0B, 0x05, 0x03, 0x05, 0x0C, 0x0B, 0x05, 0x01, 0x01, 0x05, 0x05, 0x05, 0x05, 0x05, 0x05, 0x09, 0x0B, 0x0B,
    0x0B, 0x0B, 0x05, 0x05, 0x09, 0x03, 0x05, 0x02, 0x03, 0x03, 0x03, 0x01, 0x01, 0x01, 0x01, 0x03, 0x03, 0x03, 0x02, 0x01, 0x01, 0x01, 0x03, 0x01,
    0x01, 0x03, 0x02, 0x01, 0x05, 0x01, 0x02, 0x04, 0x04, 0x01, 0x02, 0x01, 0x01, 0x02, 0x04, 0x02, 0x01, 0x03, 0x0C, 0x03, 0x03, 0x02, 0x01, 0x01,
    0x09, 0x05, 0x05, 0x09, 0x05, 0x03, 0x05, 0x05, 0x05, 0x05, 0x09, 0x05, 0x05, 0x05, 0x05, 0x03, 0x05, 0x0B, 0x0C, 0x05, 0x02, 0x05, 0x05, 0x01,
    0x09, 0x0B, 0x0B, 0x0B, 0x0D, 0x0C, 0x0C, 0x0B, 0x05, 0x0C, 0x0B, 0x05, 0x02, 0x09, 0x05, 0x05, 0x09, 0x03, 0x05, 0x0C, 0x09, 0x0B, 0x0B, 0x0B,
    0x09, 0x05, 0x05, 0x03, 0x09, 0x05, 0x05, 0x05, 0x0C, 0x0B, 0x05, 0x03, 0x05, 0x05, 0x09, 0x09, 0x05, 0x0B, 0x09, 0x0B, 0x05, 0x0B, 0x09, 0x09,
    0x09, 0x05, 0x05, 0x09, 0x05, 0x05, 0x05, 0x05, 0x0C, 0x09, 0x05, 0x03, 0x03, 0x01, 0x05, 0x09, 0x09, 0x0B, 0x09, 0x09, 0x05, 0x05, 0x05, 0x02,
    0x09, 0x05, 0x09, 0x0D, 0x0D, 0x09, 0x09, 0x0B, 0x0B, 0x0B, 0x09, 0x05, 0x03, 0x02, 0x02, 0x05, 0x09, 0x05, 0x05, 0x05, 0x0C, 0x0B, 0x0C, 0x09,
    0x02, 0x05, 0x05, 0x05, 0x0B, 0x09, 0x03, 0x03, 0x09, 0x05, 0x02, 0x05, 0x03, 0x05, 0x05, 0x09, 0x05, 0x05, 0x05, 0x0B, 0x0B, 0x09, 0x03, 0x03,
    0x05, 0x0C, 0x0D, 0x05, 0x03, 0x02, 0x03, 0x05, 0x03, 0x01, 0x03, 0x03, 0x02, 0x04, 0x01, 0x03, 0x03, 0x03, 0x01, 0x03, 0x05, 0x03, 0x05, 0x05,
    0x01, 0x01, 0x01, 0x01, 0x02, 0x01, 0x03, 0x03, 0x01, 0x03, 0x02, 0x04, 0x04, 0x01, 0x01, 0x03, 0x02, 0x03, 0x03, 0x02, 0x05, 0x05, 0x03, 0x03,
    0x02, 0x03, 0x02, 0x01, 0x03, 0x09, 0x03, 0x03, 0x05, 0x05, 0x03, 0x03, 0x01, 0x03, 0x05, 0x05, 0x05, 0x0B, 0x0B, 0x0D, 0x05, 0x05, 0x03, 0x05,
    0x01, 0x01, 0x09, 0x05, 0x05, 0x0B, 0x0B, 0x0C, 0x0C, 0x0B, 0x0B, 0x05, 0x02, 0x05, 0x0C, 0x0F, 0x0D, 0x0B, 0x05, 0x05, 0x09, 0x06, 0x05, 0x0B,
    0x09, 0x0B, 0x09, 0x05, 0x05, 0x05, 0x05, 0x05, 0x05, 0x05, 0x05, 0x03, 0x03, 0x05, 0x02, 0x02, 0x0B, 0x0B, 0x0B, 0x09, 0x05, 0x05, 0x09, 0x09,
    0x05, 0x05, 0x05, 0x05, 0x09, 0x05, 0x05, 0x0B, 0x05, 0x03, 0x03, 0x05, 0x0B, 0x0B, 0x09, 0x05, 0x0C, 0x05, 0x03, 0x09, 0x0B, 0x05, 0x03, 0x03,
    0x05, 0x05, 0x09, 0x05, 0x0B, 0x0B, 0x09, 0x05, 0x05, 0x03, 0x05, 0x0B, 0x0B, 0x09, 0x05, 0x03, 0x03, 0x05, 0x09, 0x0D, 0x0B, 0x0B, 0x09, 0x0B,
    0x0B, 0x05, 0x0B, 0x0B, 0x09, 0x05, 0x05, 0x05, 0x02, 0x02, 0x05, 0x09, 0x09, 0x05, 0x05, 0x09, 0x0C, 0x05, 0x03, 0x02, 0x02, 0x03, 0x03, 0x03,
    0x03, 0x05, 0x05, 0x03, 0x05, 0x0B, 0x0B, 0x05, 0x03, 0x04, 0x01, 0x02, 0x02, 0x05, 0x03, 0x03, 0x02, 0x06, 0x04, 0x01, 0x01, 0x02, 0x03, 0x05,
    0x03, 0x03, 0x02, 0x03, 0x03, 0x01, 0x05, 0x03, 0x03, 0x03, 0x01, 0x03, 0x03, 0x03, 0x03, 0x02, 0x04, 0x04, 0x02, 0x01, 0x03, 0x05, 0x05, 0x09,
    0x03, 0x01, 0x02, 0x01, 0x03, 0x03, 0x03, 0x01, 0x04, 0x01, 0x01, 0x01, 0x02, 0x03, 0x03, 0x03, 0x03, 0x03, 0x03, 0x03, 0x03, 0x03, 0x02, 0x05,
    0x09, 0x05, 0x05, 0x05, 0x05, 0x03, 0x05, 0x09, 0x05, 0x02, 0x03, 0x02, 0x05, 0x03, 0x05, 0x03, 0x03, 0x05, 0x05, 0x0B, 0x0D, 0x0C, 0x09, 0x03,
    0x06, 0x01, 0x0C, 0x0B, 0x09, 0x05, 0x05, 0x03, 0x03, 0x03, 0x05, 0x05, 0x02, 0x03, 0x05, 0x05, 0x05, 0x03, 0x01, 0x03, 0x09, 0x0D, 0x0B, 0x09,
    0x05, 0x03, 0x05, 0x03, 0x05, 0x05, 0x03, 0x03, 0x0B, 0x0D, 0x0B, 0x05, 0x03, 0x02, 0x03, 0x03, 0x0B, 0x0B, 0x05, 0x05, 0x0C, 0x0E, 0x0F, 0x0D,
    0x09, 0x0B, 0x0D, 0x0B, 0x05, 0x05, 0x05, 0x09, 0x0B, 0x0D, 0x09, 0x05, 0x03, 0x09, 0x09, 0x05, 0x09, 0x09, 0x09, 0x05, 0x05, 0x09, 0x0F, 0x0A,
    0x0C, 0x02, 0x04, 0x02, 0x05, 0x03, 0x01, 0x03, 0x05, 0x05, 0x05, 0x03, 0x03, 0x03, 0x03, 0x09, 0x0B, 0x05, 0x05, 0x05, 0x05, 0x03, 0x03, 0x02,
    0x03, 0x04, 0x04, 0x01, 0x01, 0x03, 0x03, 0x05, 0x05, 0x0B, 0x09, 0x05, 0x05, 0x03, 0x03, 0x05, 0x02, 0x01, 0x02, 0x01, 0x03, 0x01, 0x02, 0x02,
    0x01, 0x01, 0x03, 0x05, 0x03, 0x02, 0x03, 0x02, 0x03, 0x05, 0x02, 0x03, 0x03, 0x05, 0x02, 0x05, 0x03, 0x03, 0x03, 0x02, 0x02, 0x05, 0x03, 0x03,
    0x03, 0x05, 0x0B, 0x0C, 0x09, 0x03, 0x01, 0x01, 0x02, 0x02, 0x03, 0x02, 0x01, 0x04, 0x03, 0x03, 0x01, 0x01, 0x03, 0x03, 0x03, 0x03, 0x05, 0x09,
    0x0B, 0x03, 0x01, 0x03, 0x02, 0x05, 0x0B, 0x0D, 0x09, 0x09, 0x09, 0x05, 0x09, 0x0B, 0x05, 0x01, 0x02, 0x03, 0x05, 0x0B, 0x0D, 0x03, 0x03, 0x05,
    0x05, 0x0C, 0x05, 0x05, 0x03, 0x0D, 0x0F, 0x0C, 0x03, 0x03, 0x05, 0x03, 0x03, 0x03, 0x05, 0x09, 0x05, 0x05, 0x05, 0x05, 0x03, 0x03, 0x0D, 0x0F,
    0x0C, 0x0C, 0x0B, 0x09, 0x05, 0x01, 0x02, 0x03, 0x03, 0x05, 0x05, 0x09, 0x09, 0x0B, 0x0C, 0x09, 0x0B, 0x0B, 0x05, 0x05, 0x05, 0x05, 0x05, 0x09,
    0x0B, 0x0D, 0x0D, 0x0D, 0x0D, 0x0D, 0x0C, 0x0B, 0x09, 0x05, 0x05, 0x0B, 0x0B, 0x05, 0x03, 0x05, 0x09, 0x05, 0x05, 0x0B, 0x09, 0x05, 0x09, 0x0B,
    0x05, 0x03, 0x05, 0x0D, 0x0B, 0x0B, 0x0D, 0x09, 0x01, 0x03, 0x03, 0x02, 0x03, 0x05, 0x05, 0x03, 0x02, 0x01, 0x05, 0x05, 0x09, 0x09, 0x05, 0x05,
    0x03, 0x05, 0x05, 0x05, 0x05, 0x05, 0x03, 0x02, 0x01, 0x01, 0x03, 0x03, 0x02, 0x02, 0x01, 0x04, 0x02, 0x05, 0x05, 0x05, 0x02, 0x02, 0x01, 0x01,
    0x02, 0x09, 0x05, 0x03, 0x03, 0x03, 0x03, 0x03, 0x02, 0x01, 0x02, 0x03, 0x03, 0x03, 0x01, 0x02, 0x03, 0x03, 0x03, 0x02, 0x01, 0x03, 0x03, 0x01,
    0x02, 0x01, 0x03, 0x03, 0x05, 0x03, 0x03, 0x03, 0x02, 0x01, 0x06, 0x04, 0x04, 0x06, 0x01, 0x03, 0x05, 0x05, 0x03, 0x05, 0x01, 0x01, 0x04, 0x03,
    0x05, 0x05, 0x05, 0x05, 0x05, 0x09, 0x0B, 0x09, 0x03, 0x05, 0x05, 0x05, 0x05, 0x03, 0x09, 0x05, 0x0B, 0x0B, 0x0C, 0x0B, 0x05, 0x05, 0x0C, 0x0F,
    0x0C, 0x03, 0x03, 0x02, 0x05, 0x0C, 0x0D, 0x0E, 0x10, 0x0A, 0x0B, 0x09, 0x05, 0x03, 0x05, 0x05, 0x05, 0x03, 0x03, 0x05, 0x03, 0x05, 0x05, 0x09,
    0x02, 0x01, 0x02, 0x03, 0x03, 0x05, 0x05, 0x0B, 0x0E, 0x0C, 0x05, 0x05, 0x05, 0x05, 0x09, 0x0B, 0x09, 0x05, 0x0B, 0x05, 0x09, 0x0B, 0x05, 0x01,
    0x02, 0x05, 0x0C, 0x0B, 0x0B, 0x05, 0x05, 0x0B, 0x09, 0x05, 0x05, 0x05, 0x05, 0x05, 0x03, 0x05, 0x0B, 0x05, 0x06, 0x03, 0x05, 0x03, 0x05, 0x05,
    0x05, 0x05, 0x05, 0x09, 0x09, 0x05, 0x0B, 0x0C, 0x0D, 0x0F, 0x05, 0x03, 0x02, 0x05, 0x03, 0x0B, 0x0C, 0x05, 0x03, 0x02, 0x02, 0x02, 0x03, 0x05,
    0x05, 0x0B, 0x05, 0x05, 0x03, 0x05, 0x0B, 0x0D, 0x09, 0x01, 0x01, 0x03, 0x02, 0x04, 0x02, 0x01, 0x04, 0x06, 0x04, 0x02, 0x05, 0x03, 0x01, 0x05,
    0x02, 0x01, 0x01, 0x01, 0x02, 0x09, 0x0D, 0x0E, 0x09, 0x03, 0x01, 0x01, 0x01, 0x02, 0x03, 0x05, 0x03, 0x05, 0x02, 0x01, 0x05, 0x05, 0x01, 0x02,
    0x02, 0x01, 0x05, 0x09, 0x03, 0x03, 0x05, 0x05, 0x05, 0x05, 0x05, 0x09, 0x03, 0x01, 0x06, 0x06, 0x06, 0x06, 0x06, 0x02, 0x01, 0x03, 0x01, 0x03,
    0x03, 0x05, 0x05, 0x0B, 0x05, 0x09, 0x0B, 0x03, 0x03, 0x05, 0x03, 0x05, 0x01, 0x06, 0x01, 0x02, 0x02, 0x02, 0x03, 0x05, 0x05, 0x0C, 0x0C, 0x0C,
    0x05, 0x09, 0x0C, 0x0D, 0x0F, 0x0D, 0x09, 0x0C, 0x05, 0x03, 0x05, 0x05, 0x05, 0x05, 0x05, 0x05, 0x05, 0x02, 0x03, 0x05, 0x05, 0x03, 0x03, 0x03,
    0x03, 0x02, 0x03, 0x02, 0x01, 0x05, 0x05, 0x01, 0x01, 0x03, 0x03, 0x05, 0x0B, 0x05, 0x05, 0x05, 0x05, 0x0B, 0x05, 0x09, 0x05, 0x05, 0x01, 0x05,
    0x05, 0x09, 0x05, 0x05, 0x02, 0x05, 0x05, 0x05, 0x05, 0x05, 0x03, 0x05, 0x05, 0x05, 0x05, 0x09, 0x03, 0x06, 0x05, 0x04, 0x0B, 0x09, 0x05, 0x05,
    0x02, 0x04, 0x02, 0x03, 0x02, 0x02, 0x03, 0x03, 0x0B, 0x0B, 0x03, 0x05, 0x09, 0x05, 0x05, 0x05, 0x02, 0x03, 0x02, 0x03, 0x0B, 0x0B, 0x03, 0x01,
    0x02, 0x03, 0x05, 0x05, 0x0B, 0x05, 0x05, 0x03, 0x0B, 0x0C, 0x0B, 0x0B, 0x09, 0x03, 0x02, 0x02, 0x02, 0x02, 0x01, 0x05, 0x02, 0x01, 0x03, 0x09,
    0x01, 0x04, 0x06, 0x01, 0x01, 0x03, 0x01, 0x01, 0x01, 0x01, 0x01, 0x01, 0x01, 0x02, 0x01, 0x02, 0x01, 0x03, 0x03, 0x03, 0x05, 0x03, 0x01, 0x03,
    0x03, 0x05, 0x03, 0x03, 0x02, 0x01, 0x03, 0x05, 0x05, 0x05, 0x02, 0x05, 0x05, 0x09, 0x0B, 0x0B, 0x05, 0x01, 0x02, 0x03, 0x05, 0x05, 0x01, 0x06,
    0x02, 0x09, 0x05, 0x02, 0x03, 0x03, 0x03, 0x02, 0x02, 0x03, 0x05, 0x09, 0x05, 0x0C, 0x03, 0x05, 0x0B, 0x05, 0x03, 0x0B, 0x09, 0x01, 0x01, 0x05,
    0x0B, 0x0C, 0x0B, 0x0D, 0x0D, 0x0A, 0x0D, 0x05, 0x0B, 0x0D, 0x0C, 0x0B, 0x03, 0x06, 0x06, 0x03, 0x05, 0x03, 0x03, 0x03, 0x03, 0x05, 0x03, 0x01,
    0x03, 0x03, 0x09, 0x09, 0x01, 0x01, 0x02, 0x01, 0x05, 0x0D, 0x0C, 0x01, 0x05, 0x03, 0x01, 0x05, 0x09, 0x0B, 0x05, 0x05, 0x05, 0x0B, 0x0C, 0x0B,
    0x05, 0x02, 0x02, 0x03, 0x05, 0x0C, 0x0D, 0x0B, 0x0D, 0x09, 0x0D, 0x0B, 0x09, 0x0B, 0x09, 0x05, 0x05, 0x03, 0x02, 0x02, 0x03, 0x05, 0x05, 0x05,
    0x01, 0x09, 0x0E, 0x0B, 0x0D, 0x05, 0x03, 0x03, 0x03, 0x02, 0x05, 0x05, 0x09, 0x0C, 0x0C, 0x05, 0x05, 0x05, 0x05, 0x05, 0x0B, 0x05, 0x05, 0x03,
    0x03, 0x03, 0x0C, 0x0B, 0x03, 0x03, 0x0B, 0x0B, 0x05, 0x05, 0x0B, 0x0B, 0x0B, 0x0D, 0x0D, 0x09, 0x0B, 0x05, 0x01, 0x09, 0x09, 0x0B, 0x05, 0x05,
    0x0B, 0x0B, 0x05, 0x03, 0x01, 0x03, 0x03, 0x01, 0x01, 0x01, 0x09, 0x05, 0x03, 0x04, 0x04, 0x01, 0x03, 0x01, 0x02, 0x01, 0x01, 0x02, 0x03, 0x03,
    0x03, 0x03, 0x03, 0x05, 0x03, 0x0B, 0x03, 0x03, 0x02, 0x03, 0x03, 0x03, 0x05, 0x0B, 0x0B, 0x09, 0x03, 0x05, 0x05, 0x03, 0x03, 0x03, 0x09, 0x0C,
    0x0E, 0x03, 0x09, 0x03, 0x01, 0x02, 0x03, 0x03, 0x02, 0x02, 0x03, 0x09, 0x05, 0x01, 0x01, 0x01, 0x03, 0x02, 0x06, 0x01, 0x05, 0x0C, 0x05, 0x05,
    0x05, 0x05, 0x03, 0x01, 0x0B, 0x05, 0x05, 0x05, 0x05, 0x05, 0x09, 0x09, 0x0B, 0x0B, 0x05, 0x05, 0x05, 0x05, 0x02, 0x06, 0x03, 0x04, 0x03, 0x03,
    0x04, 0x01, 0x02, 0x02, 0x01, 0x04, 0x02, 0x02, 0x02, 0x01, 0x03, 0x05, 0x0D, 0x05, 0x05, 0x05, 0x05, 0x05, 0x0B, 0x0B, 0x09, 0x09, 0x05, 0x0B,
    0x09, 0x0B, 0x09, 0x09, 0x09, 0x05, 0x03, 0x03, 0x03, 0x03, 0x05, 0x0D, 0x05, 0x05, 0x05, 0x05, 0x0B, 0x05, 0x05, 0x05, 0x05, 0x0B, 0x0C, 0x05,
    0x02, 0x05, 0x05, 0x05, 0x02, 0x09, 0x0E, 0x0A, 0x0D, 0x09, 0x05, 0x02, 0x02, 0x02, 0x01, 0x02, 0x05, 0x05, 0x0B, 0x0D, 0x05, 0x03, 0x05, 0x05,
    0x03, 0x05, 0x0D, 0x03, 0x05, 0x0B, 0x05, 0x05, 0x03, 0x03, 0x03, 0x05, 0x05, 0x05, 0x05, 0x05, 0x05, 0x05, 0x05, 0x05, 0x05, 0x05, 0x02, 0x02,
    0x01, 0x02, 0x01, 0x03, 0x05, 0x0B, 0x09, 0x01, 0x03, 0x05, 0x05, 0x01, 0x01, 0x04, 0x01, 0x01, 0x09, 0x03, 0x01, 0x01, 0x01, 0x02, 0x01, 0x02,
    0x01, 0x02, 0x03, 0x03, 0x03, 0x03, 0x05, 0x0B, 0x05, 0x03, 0x03, 0x05, 0x02, 0x01, 0x04, 0x01, 0x02, 0x05, 0x0B, 0x0B, 0x0B, 0x0B, 0x05, 0x09,
    0x0C, 0x0E, 0x0B, 0x0B, 0x09, 0x05, 0x03, 0x0B, 0x02, 0x06, 0x04, 0x01, 0x05, 0x09, 0x09, 0x0B, 0x0D, 0x0D, 0x0B, 0x02, 0x03, 0x03, 0x06, 0x03,
    0x02, 0x05, 0x0B, 0x05, 0x05, 0x05, 0x0B, 0x0C, 0x05, 0x05, 0x05, 0x01, 0x01, 0x01, 0x01, 0x05, 0x05, 0x0B, 0x05, 0x03, 0x0B, 0x0D, 0x0D, 0x11,
    0x0B, 0x05, 0x03, 0x01, 0x03, 0x05, 0x03, 0x03, 0x03, 0x03, 0x03, 0x03, 0x01, 0x03, 0x02, 0x03, 0x05, 0x03, 0x0B, 0x05, 0x05, 0x05, 0x05, 0x05,
    0x09, 0x0B, 0x0B, 0x0D, 0x09, 0x05, 0x05, 0x05, 0x05, 0x09, 0x0C, 0x05, 0x05, 0x05, 0x05, 0x0B, 0x09, 0x0B, 0x05, 0x05, 0x05, 0x05, 0x0B, 0x0B,
    0x05, 0x05, 0x05, 0x05, 0x03, 0x05, 0x05, 0x0C, 0x0B, 0x05, 0x09, 0x09, 0x05, 0x05, 0x02, 0x02, 0x05, 0x02, 0x02, 0x03, 0x02, 0x05, 0x0B, 0x0B,
    0x05, 0x09, 0x05, 0x05, 0x03, 0x05, 0x05, 0x09, 0x05, 0x05, 0x05, 0x03, 0x03, 0x09, 0x0B, 0x02, 0x01, 0x02, 0x05, 0x0B, 0x0B, 0x05, 0x04, 0x04,
    0x04, 0x05, 0x05, 0x05, 0x03, 0x02, 0x03, 0x01, 0x03, 0x03, 0x03, 0x02, 0x01, 0x03, 0x05, 0x05, 0x01, 0x01, 0x01, 0x01, 0x01, 0x02, 0x01, 0x04,
    0x04, 0x04, 0x01, 0x01, 0x01, 0x03, 0x09, 0x05, 0x01, 0x05, 0x05, 0x05, 0x05, 0x05, 0x03, 0x05, 0x01, 0x03, 0x05, 0x03, 0x03, 0x05, 0x0B, 0x05,
    0x03, 0x03, 0x03, 0x03, 0x01, 0x03, 0x01, 0x03, 0x02, 0x03, 0x03, 0x03, 0x02, 0x01, 0x02, 0x01, 0x01, 0x03, 0x05, 0x05, 0x05, 0x09, 0x0B, 0x0B,
    0x05, 0x0C, 0x0F, 0x0B, 0x05, 0x03, 0x0B, 0x0C, 0x0B, 0x05, 0x05, 0x05, 0x03, 0x03, 0x03, 0x03, 0x03, 0x02, 0x04, 0x01, 0x02, 0x03, 0x03, 0x01,
    0x05, 0x09, 0x05, 0x0B, 0x01, 0x03, 0x03, 0x05, 0x05, 0x03, 0x03, 0x05, 0x03, 0x03, 0x03, 0x03, 0x05, 0x01, 0x03, 0x05, 0x05, 0x03, 0x03, 0x03,
    0x05, 0x0C, 0x0B, 0x09, 0x05, 0x0B, 0x05, 0x09, 0x09, 0x05, 0x09, 0x03, 0x03, 0x03, 0x05, 0x05, 0x02, 0x02, 0x03, 0x03, 0x05, 0x05, 0x05, 0x05,
    0x05, 0x09, 0x02, 0x02, 0x02, 0x01, 0x01, 0x06, 0x02, 0x05, 0x05, 0x05, 0x05, 0x02, 0x05, 0x03, 0x05, 0x02, 0x02, 0x05, 0x05, 0x03, 0x03, 0x02,
    0x01, 0x01, 0x01, 0x03, 0x03, 0x03, 0x01, 0x05, 0x05, 0x05, 0x05, 0x0B, 0x09, 0x05, 0x02, 0x02, 0x05, 0x05, 0x03, 0x05, 0x05, 0x03, 0x05, 0x05,
    0x09, 0x05, 0x05, 0x01, 0x06, 0x03, 0x03, 0x03, 0x03, 0x05, 0x05, 0x03, 0x03, 0x01, 0x09, 0x03, 0x04, 0x04, 0x03, 0x05, 0x0C, 0x09, 0x01, 0x05,
    0x03, 0x03, 0x02, 0x01, 0x02, 0x03, 0x02, 0x01, 0x01, 0x03, 0x05, 0x05, 0x03, 0x01, 0x05, 0x05, 0x03, 0x03, 0x03, 0x02, 0x03, 0x05, 0x03, 0x01,
    0x04, 0x01, 0x03, 0x02, 0x02, 0x03, 0x03, 0x03, 0x03, 0x02, 0x02, 0x01, 0x02, 0x01, 0x02, 0x01, 0x02, 0x01, 0x01, 0x01, 0x02, 0x04, 0x04, 0x04,
    0x02, 0x0B, 0x0C, 0x0D, 0x0E, 0x0D, 0x0D, 0x0A, 0x0D, 0x0B, 0x0B, 0x0B, 0x0B, 0x05, 0x05, 0x05, 0x03, 0x02, 0x03, 0x09, 0x05, 0x05, 0x05, 0x02,
    0x01, 0x02, 0x03, 0x03, 0x03, 0x05, 0x01, 0x01, 0x03, 0x03, 0x03, 0x01, 0x03, 0x03, 0x03, 0x05, 0x05, 0x05, 0x03, 0x01, 0x02, 0x03, 0x02, 0x05,
    0x0B, 0x05, 0x03, 0x02, 0x03, 0x05, 0x0B, 0x0B, 0x05, 0x03, 0x05, 0x05, 0x09, 0x0B, 0x09, 0x0D, 0x05, 0x03, 0x05, 0x09, 0x05, 0x02, 0x05, 0x02,
    0x05, 0x03, 0x05, 0x05, 0x01, 0x02, 0x03, 0x02, 0x03, 0x05, 0x05, 0x09, 0x02, 0x05, 0x02, 0x02, 0x02, 0x09, 0x02, 0x03, 0x0B, 0x0C, 0x0D, 0x0B,
    0x09, 0x09, 0x05, 0x05, 0x09, 0x05, 0x03, 0x05, 0x0B, 0x05, 0x02, 0x01, 0x03, 0x05, 0x0D, 0x0C, 0x05, 0x09, 0x03, 0x02, 0x01, 0x03, 0x09, 0x05,
    0x0B, 0x0D, 0x05, 0x03, 0x05, 0x02, 0x05, 0x09, 0x01, 0x04, 0x02, 0x09, 0x09, 0x03, 0x01, 0x01, 0x02, 0x03, 0x02, 0x03, 0x09, 0x03, 0x02, 0x01,
    0x03, 0x05, 0x03, 0x05, 0x05, 0x03, 0x01, 0x04, 0x01, 0x05, 0x03, 0x03, 0x03, 0x02, 0x02, 0x03, 0x03, 0x05, 0x05, 0x03, 0x05, 0x03, 0x05, 0x05,
    0x03, 0x03, 0x02, 0x02, 0x02, 0x02, 0x03, 0x02, 0x02, 0x02, 0x02, 0x02, 0x03, 0x03, 0x01, 0x02, 0x01, 0x03, 0x02, 0x01, 0x03, 0x01, 0x02, 0x05,
    0x09, 0x09, 0x09, 0x05, 0x09, 0x0B, 0x0D, 0x0B, 0x09, 0x0B, 0x0B, 0x09, 0x0D, 0x0E, 0x0B, 0x0B, 0x05, 0x0B, 0x0B, 0x0B, 0x03, 0x03, 0x05, 0x05,
    0x0B, 0x0B, 0x05, 0x09, 0x03, 0x09, 0x05, 0x09, 0x05, 0x05, 0x05, 0x03, 0x02, 0x05, 0x05, 0x03, 0x03, 0x03, 0x03, 0x02, 0x03, 0x03, 0x05, 0x03,
    0x02, 0x01, 0x06, 0x04, 0x05, 0x05, 0x02, 0x03, 0x03, 0x03, 0x03, 0x02, 0x03, 0x03, 0x05, 0x05, 0x03, 0x05, 0x05, 0x09, 0x09, 0x05, 0x05, 0x05,
    0x05, 0x0B, 0x03, 0x05, 0x03, 0x03, 0x03, 0x03, 0x05, 0x05, 0x03, 0x03, 0x05, 0x03, 0x03, 0x03, 0x02, 0x03, 0x03, 0x0B, 0x03, 0x03, 0x05, 0x03,
    0x05, 0x05, 0x05, 0x05, 0x0B, 0x0C, 0x09, 0x0B, 0x0B, 0x05, 0x03, 0x05, 0x03, 0x05, 0x03, 0x03, 0x05, 0x05, 0x03, 0x03, 0x05, 0x05, 0x05, 0x04,
    0x06, 0x03, 0x05, 0x05, 0x05, 0x09, 0x0C, 0x0C, 0x05, 0x02, 0x03, 0x05, 0x0B, 0x09, 0x05, 0x03, 0x03, 0x01, 0x04, 0x01, 0x01, 0x01, 0x01, 0x01,
    0x01, 0x03, 0x01, 0x04, 0x02, 0x05, 0x03, 0x01, 0x03, 0x05, 0x03, 0x02, 0x02, 0x03, 0x01, 0x02, 0x02, 0x09, 0x0B, 0x03, 0x01, 0x03, 0x01, 0x02,
    0x02, 0x02, 0x05, 0x05, 0x05, 0x03, 0x05, 0x03, 0x03, 0x01, 0x04, 0x04, 0x03, 0x03, 0x02, 0x03, 0x02, 0x02, 0x01, 0x01, 0x02, 0x01, 0x01, 0x01,
    0x02, 0x02, 0x01, 0x03, 0x05, 0x05, 0x09, 0x09, 0x0B, 0x05, 0x03, 0x05, 0x03, 0x03, 0x02, 0x03, 0x05, 0x05, 0x05, 0x05, 0x05, 0x05, 0x05, 0x05,
    0x03, 0x03, 0x05, 0x05, 0x05, 0x09, 0x05, 0x05, 0x05, 0x05, 0x05, 0x05, 0x05, 0x05, 0x05, 0x05, 0x03, 0x05, 0x03, 0x01, 0x02, 0x01, 0x03, 0x02,
    0x02, 0x02, 0x03, 0x03, 0x05, 0x05, 0x05, 0x09, 0x03, 0x02, 0x05, 0x05, 0x05, 0x05, 0x05, 0x05, 0x03, 0x03, 0x03, 0x03, 0x05, 0x05, 0x02, 0x03,
    0x09, 0x05, 0x03, 0x05, 0x02, 0x02, 0x03, 0x03, 0x05, 0x03, 0x03, 0x03, 0x03, 0x03, 0x05, 0x05, 0x05, 0x02, 0x03, 0x05, 0x03, 0x01, 0x03, 0x09,
    0x05, 0x05, 0x03, 0x02, 0x06, 0x02, 0x03, 0x05, 0x05, 0x05, 0x05, 0x03, 0x05, 0x05, 0x03, 0x02, 0x02, 0x05, 0x0B, 0x01, 0x06, 0x03, 0x02, 0x04,
    0x06, 0x06, 0x06, 0x02, 0x03, 0x03, 0x01, 0x05, 0x03, 0x05, 0x05, 0x03, 0x05, 0x06, 0x03, 0x02, 0x05, 0x09, 0x05, 0x01, 0x04, 0x06, 0x02, 0x01,
    0x01, 0x01, 0x01, 0x04, 0x01, 0x02, 0x01, 0x05, 0x03, 0x0B, 0x05, 0x01, 0x02, 0x05, 0x03, 0x02, 0x02, 0x03, 0x03, 0x05, 0x05, 0x05, 0x0B, 0x0C,
    0x0B, 0x0B, 0x05, 0x01, 0x03, 0x05, 0x05, 0x05, 0x05, 0x03, 0x03, 0x03, 0x02, 0x02, 0x02, 0x01, 0x02, 0x03, 0x05, 0x03, 0x05, 0x03, 0x02, 0x02,
    0x01, 0x02, 0x01, 0x01, 0x03, 0x02, 0x01, 0x02, 0x03, 0x03, 0x03, 0x03, 0x03, 0x05, 0x05, 0x03, 0x05, 0x03, 0x03, 0x02, 0x02, 0x05, 0x03, 0x03,
    0x05, 0x05, 0x03, 0x03, 0x05, 0x03, 0x05, 0x05, 0x05, 0x05, 0x02, 0x01, 0x05, 0x05, 0x05, 0x02, 0x05, 0x02, 0x05, 0x0B, 0x09, 0x05, 0x03, 0x03,
    0x03, 0x02, 0x01, 0x03, 0x05, 0x03, 0x01, 0x02, 0x02, 0x03, 0x05, 0x01, 0x04, 0x01, 0x05, 0x0B, 0x05, 0x05, 0x05, 0x0B, 0x09, 0x05, 0x05, 0x05,
    0x02, 0x03, 0x03, 0x02, 0x09, 0x0B, 0x0B, 0x03, 0x05, 0x05, 0x05, 0x05, 0x05, 0x03, 0x03, 0x05, 0x05, 0x05, 0x05, 0x0B, 0x0B, 0x02, 0x01, 0x05,
    0x0B, 0x05, 0x0D, 0x09, 0x0C, 0x0C, 0x0C, 0x0B, 0x0B, 0x03, 0x02, 0x02, 0x02, 0x05, 0x0B, 0x03, 0x01, 0x05, 0x05, 0x03, 0x0B, 0x09, 0x0B, 0x0C,
    0x03, 0x05, 0x03, 0x05, 0x02, 0x06, 0x06, 0x01, 0x05, 0x02, 0x02, 0x02, 0x01, 0x01, 0x05, 0x02, 0x05, 0x05, 0x05, 0x01, 0x01, 0x05, 0x05, 0x03,
    0x02, 0x01, 0x01, 0x01, 0x02, 0x01, 0x01, 0x02, 0x02, 0x01, 0x03, 0x02, 0x01, 0x03, 0x01, 0x02, 0x03, 0x01, 0x01, 0x01, 0x03, 0x05, 0x05, 0x05,
    0x05, 0x02, 0x02, 0x03, 0x05, 0x05, 0x03, 0x03, 0x02, 0x03, 0x03, 0x05, 0x03, 0x05, 0x02, 0x02, 0x05, 0x03, 0x03, 0x02, 0x01, 0x02, 0x05, 0x05,
    0x05, 0x03, 0x03, 0x01, 0x01, 0x01, 0x01, 0x03, 0x01, 0x04, 0x04, 0x01, 0x02, 0x03, 0x03, 0x05, 0x05, 0x03, 0x03, 0x02, 0x02, 0x02, 0x0B, 0x03,
    0x03, 0x03, 0x05, 0x05, 0x03, 0x03, 0x05, 0x05, 0x05, 0x09, 0x05, 0x0C, 0x0C, 0x09, 0x05, 0x05, 0x05, 0x0B, 0x05, 0x02, 0x06, 0x03, 0x05, 0x01,
    0x05, 0x03, 0x03, 0x03, 0x03, 0x03, 0x05, 0x05, 0x05, 0x02, 0x01, 0x02, 0x05, 0x05, 0x03, 0x03, 0x02, 0x05, 0x05, 0x05, 0x05, 0x03, 0x03, 0x03,
    0x05, 0x05, 0x05, 0x05, 0x05, 0x09, 0x0B, 0x09, 0x05, 0x03, 0x05, 0x03, 0x05, 0x0B, 0x05, 0x05, 0x09, 0x05, 0x05, 0x05, 0x03, 0x03, 0x03, 0x03,
    0x05, 0x09, 0x03, 0x03, 0x05, 0x05, 0x03, 0x09, 0x0B, 0x03, 0x05, 0x05, 0x05, 0x09, 0x0B, 0x0B, 0x09, 0x05, 0x0C, 0x0C, 0x05, 0x05, 0x09, 0x09,
    0x05, 0x05, 0x03, 0x03, 0x03, 0x02, 0x03, 0x02, 0x02, 0x02, 0x01, 0x09, 0x03, 0x01, 0x04, 0x02, 0x05, 0x03, 0x01, 0x01, 0x01, 0x0B, 0x03, 0x05,
    0x0B, 0x05, 0x05, 0x03, 0x05, 0x03, 0x01, 0x01, 0x02, 0x01, 0x06, 0x04, 0x01, 0x02, 0x03, 0x03, 0x02, 0x01, 0x06, 0x02, 0x09, 0x02, 0x03, 0x09,
    0x05, 0x03, 0x05, 0x05, 0x05, 0x05, 0x05, 0x0B, 0x05, 0x09, 0x02, 0x05, 0x09, 0x05, 0x02, 0x03, 0x01, 0x01, 0x02, 0x03, 0x03, 0x03, 0x03, 0x02,
    0x02, 0x02, 0x01, 0x03, 0x05, 0x03, 0x03, 0x03, 0x02, 0x01, 0x01, 0x01, 0x01, 0x01, 0x02, 0x01, 0x02, 0x03, 0x03, 0x03, 0x03, 0x03, 0x02, 0x02,
    0x02, 0x05, 0x01, 0x03, 0x05, 0x05, 0x05, 0x03, 0x05, 0x03, 0x03, 0x03, 0x05, 0x05, 0x05, 0x05, 0x05, 0x09, 0x05, 0x05, 0x02, 0x01, 0x03, 0x09,
    0x09, 0x02, 0x01, 0x02, 0x05, 0x05, 0x01, 0x09, 0x05, 0x05, 0x05, 0x03, 0x02, 0x06, 0x06, 0x01, 0x03, 0x03, 0x03, 0x03, 0x05, 0x09, 0x05, 0x05,
    0x05, 0x05, 0x03, 0x01, 0x03, 0x05, 0x05, 0x05, 0x03, 0x05, 0x05, 0x05, 0x03, 0x05, 0x05, 0x05, 0x0D, 0x0B, 0x0B, 0x01, 0x02, 0x03, 0x01, 0x02,
    0x03, 0x05, 0x03, 0x03, 0x05, 0x05, 0x05, 0x05, 0x05, 0x03, 0x06, 0x03, 0x05, 0x05, 0x03, 0x05, 0x05, 0x05, 0x0B, 0x0C, 0x0B, 0x05, 0x0B, 0x0B,
    0x0B, 0x03, 0x05, 0x09, 0x05, 0x02, 0x03, 0x04, 0x06, 0x02, 0x02, 0x01, 0x03, 0x09, 0x0D, 0x0B, 0x02, 0x04, 0x06, 0x06, 0x05, 0x05, 0x01, 0x04,
    0x02, 0x03, 0x05, 0x05, 0x03, 0x05, 0x03, 0x01, 0x02, 0x01, 0x01, 0x02, 0x01, 0x03, 0x03, 0x03, 0x03, 0x01, 0x01, 0x03, 0x03, 0x01, 0x06, 0x01,
    0x03, 0x05, 0x01, 0x03, 0x02, 0x02, 0x03, 0x03, 0x05, 0x05, 0x05, 0x05, 0x05, 0x05, 0x03, 0x05, 0x05, 0x05, 0x03, 0x03, 0x03, 0x02, 0x02, 0x02,
    0x01, 0x01, 0x01, 0x03, 0x01, 0x02, 0x02, 0x03, 0x03, 0x03, 0x03, 0x01, 0x01, 0x01, 0x01, 0x01, 0x02, 0x02, 0x02, 0x01, 0x02, 0x03, 0x02, 0x03,
    0x05, 0x05, 0x05, 0x02, 0x03, 0x03, 0x04, 0x03, 0x03, 0x05, 0x05, 0x03, 0x03, 0x02, 0x01, 0x01, 0x0E, 0x0D, 0x05, 0x06, 0x06, 0x02, 0x0B, 0x0B,
    0x09, 0x05, 0x05, 0x09, 0x0B, 0x02, 0x05, 0x05, 0x05, 0x01, 0x03, 0x03, 0x03, 0x03, 0x03, 0x03, 0x03, 0x03, 0x05, 0x01, 0x04, 0x01, 0x01, 0x01,
    0x03, 0x05, 0x05, 0x05, 0x02, 0x02, 0x01, 0x05, 0x05, 0x03, 0x03, 0x05, 0x05, 0x02, 0x02, 0x03, 0x05, 0x03, 0x02, 0x0B, 0x0B, 0x0B, 0x0B, 0x05,
    0x05, 0x0C, 0x0B, 0x0B, 0x05, 0x05, 0x05, 0x02, 0x02, 0x05, 0x0B, 0x05, 0x03, 0x05, 0x0B, 0x03, 0x05, 0x03, 0x03, 0x03, 0x05, 0x05, 0x0B, 0x05,
    0x05, 0x05, 0x03, 0x05, 0x05, 0x02, 0x05, 0x0B, 0x09, 0x05, 0x04, 0x04, 0x03, 0x05, 0x03, 0x02, 0x03, 0x05, 0x09, 0x0B, 0x05, 0x01, 0x06, 0x06,
    0x06, 0x03, 0x03, 0x02, 0x03, 0x03, 0x03, 0x02, 0x03, 0x02, 0x01, 0x01, 0x02, 0x03, 0x03, 0x05, 0x05, 0x0B, 0x05, 0x02, 0x03, 0x02, 0x01, 0x06,
    0x01, 0x03, 0x02, 0x06, 0x02, 0x03, 0x02, 0x01, 0x02, 0x01, 0x02, 0x05, 0x09, 0x05, 0x05, 0x05, 0x05, 0x03, 0x03, 0x03, 0x05, 0x05, 0x05, 0x05,
    0x03, 0x03, 0x04, 0x02, 0x05, 0x05, 0x03, 0x03, 0x02, 0x03, 0x05, 0x03, 0x05, 0x01, 0x01, 0x01, 0x04, 0x01, 0x03, 0x05, 0x03, 0x01, 0x02, 0x02,
    0x02, 0x03, 0x03, 0x04, 0x06, 0x05, 0x05, 0x05, 0x02, 0x03, 0x05, 0x02, 0x01, 0x02, 0x02, 0x01, 0x01, 0x02, 0x03, 0x05, 0x0E, 0x0F, 0x0B, 0x03,
    0x09, 0x05, 0x05, 0x0B, 0x0B, 0x0C, 0x0D, 0x0C, 0x05, 0x05, 0x05, 0x01, 0x01, 0x04, 0x03, 0x01, 0x03, 0x05, 0x05, 0x05, 0x05, 0x05, 0x05, 0x05,
    0x05, 0x05, 0x03, 0x03, 0x03, 0x01, 0x02, 0x06, 0x01, 0x02, 0x05, 0x03, 0x05, 0x05, 0x03, 0x03, 0x03, 0x03, 0x02, 0x05, 0x05, 0x04, 0x01, 0x01,
    0x0B, 0x05, 0x01, 0x03, 0x01, 0x03, 0x05, 0x05, 0x0B, 0x0B, 0x05, 0x05, 0x05, 0x02, 0x02, 0x05, 0x09, 0x05, 0x0B, 0x0B, 0x09, 0x0D, 0x05, 0x03,
    0x02, 0x05, 0x0B, 0x03, 0x02, 0x05, 0x0B, 0x0B, 0x03, 0x03, 0x02, 0x05, 0x03, 0x05, 0x05, 0x03, 0x0B, 0x02, 0x02, 0x01, 0x03, 0x01, 0x03, 0x05,
    0x0B, 0x05, 0x04, 0x06, 0x01, 0x05, 0x09, 0x0B, 0x05, 0x06, 0x04, 0x03, 0x02, 0x01, 0x02, 0x01, 0x01, 0x01, 0x01, 0x03, 0x05, 0x05, 0x05, 0x03,
    0x03, 0x03, 0x03, 0x02, 0x03, 0x02, 0x01, 0x03, 0x02, 0x03, 0x05, 0x05, 0x03, 0x03, 0x05, 0x05, 0x09, 0x03, 0x03, 0x03, 0x05, 0x05, 0x05, 0x02,
    0x01, 0x01, 0x04, 0x01, 0x01, 0x02, 0x05, 0x05, 0x05, 0x05, 0x03, 0x03, 0x03, 0x03, 0x03, 0x03, 0x05, 0x05, 0x03, 0x01, 0x02, 0x01, 0x01, 0x01,
    0x01, 0x01, 0x03, 0x01, 0x02, 0x01, 0x01, 0x03, 0x05, 0x05, 0x05, 0x03, 0x05, 0x05, 0x05, 0x03, 0x09, 0x02, 0x02, 0x02, 0x03, 0x03, 0x03, 0x03,
    0x05, 0x05, 0x0C, 0x0B, 0x09, 0x0B, 0x09, 0x05, 0x05, 0x09, 0x09, 0x05, 0x05, 0x0C, 0x0B, 0x03, 0x02, 0x06, 0x02, 0x02, 0x03, 0x05, 0x05, 0x05,
    0x0B, 0x0B, 0x0C, 0x05, 0x09, 0x05, 0x02, 0x01, 0x02, 0x01, 0x06, 0x06, 0x03, 0x03, 0x02, 0x01, 0x03, 0x05, 0x03, 0x01, 0x05, 0x0B, 0x0B, 0x05,
    0x03, 0x05, 0x03, 0x05, 0x03, 0x0B, 0x05, 0x05, 0x02, 0x03, 0x03, 0x05, 0x05, 0x05, 0x05, 0x02, 0x05, 0x05, 0x0B, 0x05, 0x02, 0x02, 0x05, 0x09,
    0x05, 0x03, 0x02, 0x01, 0x06, 0x05, 0x0B, 0x03, 0x03, 0x03, 0x02, 0x02, 0x03, 0x05, 0x03, 0x03, 0x05, 0x05, 0x03, 0x05, 0x05, 0x05, 0x04, 0x01,
    0x04, 0x03, 0x03, 0x03, 0x03, 0x0B, 0x0B, 0x02, 0x09, 0x03, 0x09, 0x05, 0x03, 0x03, 0x05, 0x03, 0x05, 0x05, 0x05, 0x01, 0x04, 0x02, 0x05, 0x03,
    0x03, 0x05, 0x05, 0x05, 0x03, 0x03, 0x03, 0x02, 0x02, 0x05, 0x03, 0x02, 0x06, 0x04, 0x03, 0x03, 0x03, 0x03, 0x05, 0x05, 0x05, 0x0B, 0x05, 0x05,
    0x03, 0x02, 0x02, 0x02, 0x03, 0x03, 0x02, 0x05, 0x03, 0x05, 0x05, 0x05, 0x03, 0x03, 0x03, 0x03, 0x03, 0x03, 0x03, 0x03, 0x03, 0x03, 0x03, 0x03,
    0x05, 0x01, 0x03, 0x01, 0x02, 0x03, 0x01, 0x03, 0x01, 0x01, 0x03, 0x03, 0x03, 0x03, 0x03, 0x03, 0x03, 0x03, 0x05, 0x05, 0x03, 0x03, 0x03, 0x03,
    0x02, 0x01, 0x03, 0x03,
};

static const uint8_t px_wm_select_choice_h35_04417e5e[] __attribute__((aligned(8))) = {
    0x05, 0x03, 0x05, 0x03, 0x03, 0x05, 0x05, 0x05, 0x03, 0x03, 0x05, 0x05, 0x05, 0x0B, 0x0C, 0x0C, 0x05, 0x05, 0x01, 0x01, 0x04, 0x03, 0x05, 0x05,
    0x05, 0x05, 0x05, 0x05, 0x03, 0x03, 0x03, 0x02, 0x01, 0x01, 0x01, 0x03, 0x02, 0x01, 0x05, 0x03, 0x03, 0x03, 0x05, 0x01, 0x01, 0x03, 0x05, 0x03,
    0x05, 0x05, 0x09, 0x03, 0x05, 0x05, 0x09, 0x05, 0x04, 0x09, 0x05, 0x02, 0x06, 0x02, 0x03, 0x04, 0x01, 0x09, 0x09, 0x0C, 0x09, 0x05, 0x05, 0x01,
    0x03, 0x05, 0x03, 0x01, 0x04, 0x04, 0x01, 0x02, 0x05, 0x05, 0x05, 0x02, 0x01, 0x03, 0x05, 0x05, 0x0B, 0x0B, 0x09, 0x05, 0x05, 0x03, 0x09, 0x03,
    0x01, 0x04, 0x02, 0x05, 0x03, 0x05, 0x0B, 0x09, 0x03, 0x09, 0x05, 0x03, 0x05, 0x05, 0x05, 0x03, 0x03, 0x05, 0x03, 0x03, 0x05, 0x05, 0x03, 0x05,
    0x03, 0x03, 0x05, 0x03, 0x03, 0x02, 0x04, 0x02, 0x02, 0x03, 0x03, 0x05, 0x0B, 0x0B, 0x02, 0x06, 0x01, 0x05, 0x03, 0x05, 0x05, 0x05, 0x05, 0x05,
    0x09, 0x0B, 0x02, 0x01, 0x05, 0x05, 0x09, 0x05, 0x03, 0x06, 0x01, 0x05, 0x03, 0x03, 0x03, 0x03, 0x02, 0x02, 0x02, 0x03, 0x03, 0x03, 0x03, 0x04,
    0x01, 0x03, 0x01, 0x01, 0x02, 0x01, 0x02, 0x03, 0x05, 0x09, 0x05, 0x05, 0x05, 0x03, 0x03, 0x02, 0x04, 0x01, 0x02, 0x05, 0x05, 0x03, 0x03, 0x03,
    0x03, 0x03, 0x05, 0x03, 0x0B, 0x05, 0x05, 0x0B, 0x0B, 0x0B, 0x0D, 0x0C, 0x05, 0x03, 0x02, 0x03, 0x05, 0x03, 0x05, 0x05, 0x0D, 0x0C, 0x01, 0x06,
    0x03, 0x03, 0x03, 0x02, 0x01, 0x02, 0x01, 0x03, 0x05, 0x03, 0x03, 0x01, 0x03, 0x02, 0x01, 0x03, 0x03, 0x03, 0x05, 0x03, 0x02, 0x02, 0x03, 0x09,
    0x05, 0x02, 0x03, 0x02, 0x03, 0x05, 0x05, 0x05, 0x01, 0x03, 0x01, 0x05, 0x0C, 0x09, 0x05, 0x03, 0x05, 0x05, 0x03, 0x09, 0x05, 0x05, 0x05, 0x0B,
    0x0B, 0x0D, 0x03, 0x02, 0x03, 0x05, 0x03, 0x02, 0x02, 0x01, 0x05, 0x09, 0x0D, 0x0D, 0x05, 0x05, 0x05, 0x03, 0x05, 0x05, 0x05, 0x03, 0x05, 0x05,
    0x05, 0x02, 0x03, 0x05, 0x04, 0x01, 0x09, 0x05, 0x03, 0x03, 0x03, 0x03, 0x03, 0x02, 0x01, 0x03, 0x03, 0x04, 0x03, 0x03, 0x04, 0x01, 0x02, 0x03,
    0x03, 0x09, 0x05, 0x05, 0x05, 0x03, 0x02, 0x03, 0x02, 0x02, 0x01, 0x01, 0x01, 0x03, 0x0B, 0x02, 0x02, 0x05, 0x05, 0x03, 0x03, 0x03, 0x05, 0x02,
    0x04, 0x04, 0x01, 0x06, 0x05, 0x03, 0x01, 0x04, 0x02, 0x03, 0x09, 0x05, 0x0B, 0x0C, 0x0B, 0x03, 0x03, 0x03, 0x03, 0x03, 0x03, 0x02, 0x03, 0x03,
    0x02, 0x01, 0x03, 0x03, 0x01, 0x05, 0x01, 0x03, 0x01, 0x02, 0x03, 0x03, 0x05, 0x09, 0x05, 0x03, 0x03, 0x03, 0x03, 0x05, 0x09, 0x09, 0x03, 0x01,
    0x02, 0x02, 0x03, 0x03, 0x02, 0x02, 0x03, 0x05, 0x0B, 0x05, 0x05, 0x09, 0x0B, 0x0B, 0x0C, 0x05, 0x02, 0x03, 0x03, 0x02, 0x01, 0x03, 0x04, 0x05,
    0x0B, 0x0D, 0x09, 0x02, 0x06, 0x04, 0x04, 0x04, 0x04, 0x06, 0x06, 0x01, 0x04, 0x02, 0x03, 0x05, 0x05, 0x05, 0x03, 0x01, 0x03, 0x03, 0x05, 0x03,
    0x01, 0x04, 0x02, 0x05, 0x05, 0x03, 0x05, 0x02, 0x02, 0x05, 0x05, 0x0B, 0x02, 0x0B, 0x05, 0x05, 0x03, 0x02, 0x02, 0x03, 0x03, 0x02, 0x05, 0x09,
    0x05, 0x05, 0x03, 0x05, 0x05, 0x03, 0x02, 0x03, 0x05, 0x05, 0x05, 0x05, 0x0C, 0x05, 0x0C, 0x05, 0x05, 0x05, 0x0B, 0x05, 0x01, 0x01, 0x03, 0x03,
    0x02, 0x02, 0x04, 0x01, 0x03, 0x03, 0x02, 0x03, 0x09, 0x03, 0x01, 0x02, 0x05, 0x05, 0x03, 0x02, 0x03, 0x05, 0x0B, 0x0B, 0x03, 0x06, 0x04, 0x01,
    0x02, 0x02, 0x02, 0x01, 0x02, 0x03, 0x09, 0x05, 0x03, 0x03, 0x03, 0x02, 0x03, 0x02, 0x02, 0x01, 0x01, 0x03, 0x02, 0x02, 0x01, 0x03, 0x05, 0x05,
    0x02, 0x03, 0x05, 0x05, 0x03, 0x03, 0x05, 0x05, 0x05, 0x02, 0x04, 0x01, 0x01, 0x02, 0x02, 0x09, 0x05, 0x09, 0x05, 0x02, 0x01, 0x01, 0x02, 0x02,
    0x01, 0x01, 0x05, 0x05, 0x04, 0x02, 0x01, 0x02, 0x03, 0x03, 0x05, 0x03, 0x03, 0x01, 0x02, 0x01, 0x02, 0x02, 0x03, 0x03, 0x03, 0x03, 0x03, 0x03,
    0x05, 0x05, 0x02, 0x06, 0x02, 0x03, 0x02, 0x02, 0x02, 0x01, 0x01, 0x03, 0x09, 0x0B, 0x05, 0x0B, 0x0B, 0x05, 0x05, 0x02, 0x06, 0x04, 0x03, 0x03,
    0x05, 0x05, 0x02, 0x01, 0x05, 0x0C, 0x0B, 0x05, 0x06, 0x06, 0x06, 0x06, 0x06, 0x04, 0x01, 0x02, 0x01, 0x04, 0x03, 0x05, 0x05, 0x03, 0x03, 0x03,
    0x03, 0x03, 0x05, 0x03, 0x05, 0x05, 0x05, 0x03, 0x05, 0x03, 0x02, 0x02, 0x02, 0x05, 0x05, 0x05, 0x0C, 0x05, 0x05, 0x05, 0x09, 0x05, 0x03, 0x02,
    0x05, 0x05, 0x05, 0x05, 0x03, 0x03, 0x03, 0x05, 0x05, 0x03, 0x03, 0x03, 0x05, 0x09, 0x09, 0x05, 0x0B, 0x0D, 0x05, 0x03, 0x01, 0x05, 0x09, 0x05,
    0x03, 0x04, 0x02, 0x03, 0x04, 0x02, 0x02, 0x06, 0x04, 0x03, 0x03, 0x02, 0x03, 0x03, 0x02, 0x03, 0x03, 0x03, 0x02, 0x02, 0x03, 0x05, 0x09, 0x09,
    0x03, 0x03, 0x05, 0x05, 0x03, 0x02, 0x03, 0x01, 0x01, 0x02, 0x03, 0x05, 0x03, 0x02, 0x02, 0x02, 0x03, 0x03, 0x02, 0x02, 0x06, 0x02, 0x02, 0x02,
    0x02, 0x03, 0x05, 0x09, 0x05, 0x02, 0x05, 0x0B, 0x05, 0x0B, 0x03, 0x01, 0x03, 0x05, 0x03, 0x03, 0x02, 0x01, 0x06, 0x04, 0x01, 0x01, 0x02, 0x04,
    0x02, 0x03, 0x03, 0x01, 0x04, 0x02, 0x03, 0x03, 0x03, 0x05, 0x05, 0x01, 0x01, 0x01, 0x01, 0x01, 0x02, 0x01, 0x01, 0x02, 0x02, 0x03, 0x02, 0x01,
    0x02, 0x03, 0x03, 0x02, 0x01, 0x01, 0x04, 0x02, 0x05, 0x05, 0x05, 0x0B, 0x05, 0x09, 0x01, 0x02, 0x05, 0x0B, 0x05, 0x05, 0x02, 0x01, 0x01, 0x03,
    0x02, 0x04, 0x01, 0x01, 0x01, 0x0B, 0x0B, 0x0C, 0x09, 0x0B, 0x0C, 0x0E, 0x0E, 0x0D, 0x0B, 0x09, 0x03, 0x02, 0x03, 0x02, 0x05, 0x03, 0x03, 0x05,
    0x03, 0x03, 0x03, 0x01, 0x01, 0x01, 0x05, 0x05, 0x05, 0x0B, 0x0B, 0x05, 0x03, 0x02, 0x04, 0x04, 0x06, 0x03, 0x05, 0x05, 0x0C, 0x0B, 0x05, 0x05,
    0x05, 0x0B, 0x09, 0x05, 0x05, 0x05, 0x05, 0x03, 0x03, 0x03, 0x03, 0x03, 0x03, 0x02, 0x03, 0x05, 0x09, 0x0B, 0x0B, 0x0B, 0x0E, 0x0C, 0x05, 0x03,
    0x06, 0x02, 0x05, 0x05, 0x05, 0x05, 0x05, 0x0B, 0x03, 0x02, 0x09, 0x09, 0x04, 0x01, 0x01, 0x03, 0x03, 0x03, 0x02, 0x02, 0x02, 0x05, 0x05, 0x02,
    0x02, 0x02, 0x03, 0x03, 0x05, 0x09, 0x03, 0x03, 0x05, 0x0B, 0x05, 0x01, 0x06, 0x04, 0x02, 0x02, 0x02, 0x03, 0x03, 0x03, 0x05, 0x03, 0x03, 0x02,
    0x02, 0x04, 0x04, 0x03, 0x03, 0x03, 0x09, 0x05, 0x05, 0x05, 0x05, 0x09, 0x0B, 0x09, 0x05, 0x05, 0x02, 0x02, 0x02, 0x05, 0x0C, 0x0D, 0x0B, 0x01,
    0x01, 0x06, 0x03, 0x03, 0x01, 0x01, 0x03, 0x01, 0x02, 0x01, 0x01, 0x02, 0x05, 0x05, 0x01, 0x03, 0x04, 0x06, 0x01, 0x02, 0x01, 0x01, 0x01, 0x02,
    0x02, 0x02, 0x02, 0x03, 0x03, 0x02, 0x03, 0x02, 0x01, 0x01, 0x04, 0x02, 0x09, 0x05, 0x0B, 0x0C, 0x05, 0x09, 0x05, 0x02, 0x0B, 0x05, 0x05, 0x05,
    0x04, 0x04, 0x01, 0x0B, 0x0E, 0x0B, 0x06, 0x05, 0x05, 0x05, 0x09, 0x0D, 0x0B, 0x05, 0x03, 0x0B, 0x0D, 0x0C, 0x0B, 0x0B, 0x0C, 0x0B, 0x03, 0x02,
    0x04, 0x04, 0x02, 0x02, 0x05, 0x02, 0x02, 0x06, 0x06, 0x04, 0x04, 0x03, 0x05, 0x05, 0x05, 0x05, 0x05, 0x0B, 0x0B, 0x05, 0x03, 0x01, 0x03, 0x05,
    0x05, 0x03, 0x05, 0x05, 0x03, 0x05, 0x05, 0x05, 0x09, 0x09, 0x05, 0x05, 0x03, 0x03, 0x03, 0x03, 0x03, 0x02, 0x03, 0x05, 0x0B, 0x0B, 0x05, 0x05,
    0x03, 0x03, 0x05, 0x0B, 0x05, 0x09, 0x03, 0x03, 0x0B, 0x0D, 0x09, 0x03, 0x05, 0x03, 0x01, 0x03, 0x01, 0x04, 0x05, 0x05, 0x02, 0x02, 0x03, 0x03,
    0x03, 0x01, 0x04, 0x06, 0x06, 0x01, 0x03, 0x02, 0x02, 0x05, 0x03, 0x05, 0x0B, 0x09, 0x05, 0x02, 0x01, 0x04, 0x01, 0x02, 0x05, 0x0B, 0x0B, 0x05,
    0x02, 0x05, 0x0C, 0x03, 0x01, 0x01, 0x02, 0x05, 0x03, 0x03, 0x03, 0x02, 0x09, 0x09, 0x05, 0x09, 0x0B, 0x0C, 0x0B, 0x09, 0x02, 0x01, 0x02, 0x03,
    0x0D, 0x09, 0x0B, 0x0D, 0x0C, 0x01, 0x06, 0x06, 0x01, 0x05, 0x05, 0x03, 0x02, 0x01, 0x01, 0x02, 0x05, 0x03, 0x03, 0x02, 0x04, 0x01, 0x03, 0x01,
    0x02, 0x01, 0x02, 0x01, 0x03, 0x02, 0x01, 0x06, 0x06, 0x06, 0x06, 0x02, 0x02, 0x03, 0x05, 0x03, 0x01, 0x05, 0x05, 0x05, 0x03, 0x03, 0x02, 0x01,
    0x05, 0x05, 0x05, 0x05, 0x09, 0x0F, 0x0F, 0x0E, 0x0F, 0x0A, 0x0F, 0x11, 0x11, 0x0B, 0x05, 0x02, 0x05, 0x05, 0x05, 0x05, 0x05, 0x05, 0x03, 0x05,
    0x05, 0x09, 0x05, 0x05, 0x03, 0x06, 0x06, 0x01, 0x01, 0x01, 0x02, 0x02, 0x02, 0x04, 0x04, 0x04, 0x03, 0x09, 0x05, 0x05, 0x05, 0x02, 0x05, 0x0C,
    0x0D, 0x05, 0x0B, 0x05, 0x03, 0x09, 0x05, 0x05, 0x0B, 0x05, 0x0B, 0x0B, 0x09, 0x05, 0x03, 0x03, 0x05, 0x05, 0x05, 0x03, 0x02, 0x02, 0x03, 0x0D,
    0x05, 0x03, 0x05, 0x05, 0x02, 0x03, 0x05, 0x0B, 0x0B, 0x03, 0x01, 0x05, 0x05, 0x09, 0x05, 0x05, 0x05, 0x05, 0x05, 0x03, 0x05, 0x01, 0x03, 0x02,
    0x02, 0x01, 0x05, 0x03, 0x03, 0x03, 0x05, 0x01, 0x05, 0x05, 0x03, 0x03, 0x01, 0x03, 0x03, 0x05, 0x01, 0x02, 0x03, 0x03, 0x05, 0x05, 0x03, 0x05,
    0x0C, 0x0B, 0x0B, 0x05, 0x03, 0x02, 0x02, 0x02, 0x05, 0x03, 0x0D, 0x09, 0x05, 0x02, 0x01, 0x01, 0x03, 0x05, 0x05, 0x05, 0x09, 0x09, 0x0B, 0x09,
    0x05, 0x01, 0x05, 0x05, 0x03, 0x05, 0x05, 0x03, 0x05, 0x0C, 0x0B, 0x09, 0x0D, 0x09, 0x03, 0x01, 0x02, 0x03, 0x03, 0x05, 0x02, 0x01, 0x01, 0x04,
    0x03, 0x03, 0x03, 0x05, 0x03, 0x01, 0x01, 0x02, 0x02, 0x04, 0x06, 0x06, 0x06, 0x01, 0x01, 0x06, 0x03, 0x02, 0x03, 0x03, 0x02, 0x01, 0x02, 0x04,
    0x02, 0x01, 0x04, 0x01, 0x0B, 0x05, 0x05, 0x09, 0x0C, 0x0D, 0x0B, 0x05, 0x0B, 0x0D, 0x0E, 0x0C, 0x0D, 0x05, 0x04, 0x04, 0x04, 0x01, 0x03, 0x05,
    0x05, 0x05, 0x03, 0x02, 0x09, 0x0C, 0x0D, 0x0B, 0x09, 0x0C, 0x0C, 0x0B, 0x05, 0x05, 0x02, 0x02, 0x01, 0x06, 0x06, 0x06, 0x04, 0x03, 0x05, 0x09,
    0x03, 0x02, 0x02, 0x03, 0x03, 0x05, 0x03, 0x05, 0x05, 0x05, 0x05, 0x05, 0x03, 0x05, 0x03, 0x05, 0x05, 0x03, 0x05, 0x03, 0x05, 0x05, 0x05, 0x03,
    0x02, 0x05, 0x0C, 0x05, 0x03, 0x03, 0x03, 0x05, 0x05, 0x05, 0x02, 0x02, 0x02, 0x03, 0x02, 0x03, 0x03, 0x05, 0x05, 0x0B, 0x05, 0x03, 0x03, 0x03,
    0x01, 0x03, 0x01, 0x04, 0x01, 0x01, 0x02, 0x02, 0x03, 0x0B, 0x0D, 0x0F, 0x0A, 0x0C, 0x03, 0x03, 0x03, 0x02, 0x01, 0x0B, 0x05, 0x02, 0x01, 0x05,
    0x09, 0x0C, 0x09, 0x02, 0x02, 0x03, 0x05, 0x05, 0x05, 0x0C, 0x05, 0x0B, 0x05, 0x09, 0x03, 0x02, 0x04, 0x02, 0x03, 0x03, 0x03, 0x05, 0x03, 0x03,
    0x03, 0x03, 0x02, 0x02, 0x01, 0x05, 0x0C, 0x0F, 0x0B, 0x09, 0x01, 0x02, 0x03, 0x03, 0x09, 0x05, 0x03, 0x03, 0x03, 0x02, 0x05, 0x0C, 0x09, 0x03,
    0x02, 0x04, 0x03, 0x05, 0x01, 0x03, 0x03, 0x03, 0x02, 0x01, 0x01, 0x01, 0x01, 0x01, 0x06, 0x02, 0x0B, 0x09, 0x03, 0x02, 0x02, 0x03, 0x03, 0x05,
    0x09, 0x05, 0x0B, 0x05, 0x05, 0x05, 0x02, 0x01, 0x0D, 0x0F, 0x0B, 0x05, 0x05, 0x05, 0x09, 0x05, 0x05, 0x0B, 0x0E, 0x0B, 0x0F, 0x0D, 0x09, 0x03,
    0x01, 0x03, 0x05, 0x05, 0x05, 0x05, 0x05, 0x03, 0x05, 0x05, 0x03, 0x05, 0x0B, 0x0D, 0x0F, 0x09, 0x0B, 0x05, 0x01, 0x06, 0x02, 0x01, 0x06, 0x06,
    0x04, 0x04, 0x03, 0x05, 0x05, 0x03, 0x05, 0x05, 0x0C, 0x09, 0x02, 0x01, 0x03, 0x03, 0x01, 0x03, 0x03, 0x05, 0x01, 0x03, 0x05, 0x0B, 0x09, 0x0D,
    0x0B, 0x03, 0x05, 0x02, 0x03, 0x0B, 0x05, 0x05, 0x05, 0x01, 0x04, 0x02, 0x05, 0x05, 0x02, 0x05, 0x05, 0x02, 0x01, 0x01, 0x05, 0x03, 0x05, 0x03,
    0x04, 0x02, 0x03, 0x02, 0x02, 0x03, 0x01, 0x01, 0x01, 0x03, 0x05, 0x03, 0x03, 0x03, 0x05, 0x05, 0x09, 0x09, 0x05, 0x03, 0x03, 0x04, 0x02, 0x03,
    0x0C, 0x03, 0x01, 0x01, 0x03, 0x05, 0x05, 0x05, 0x04, 0x06, 0x03, 0x05, 0x05, 0x09, 0x03, 0x03, 0x03, 0x09, 0x05, 0x09, 0x03, 0x03, 0x02, 0x03,
    0x03, 0x03, 0x05, 0x03, 0x02, 0x02, 0x01, 0x01, 0x01, 0x03, 0x03, 0x02, 0x05, 0x09, 0x0C, 0x05, 0x01, 0x03, 0x03, 0x03, 0x03, 0x03, 0x05, 0x02,
    0x02, 0x05, 0x0B, 0x03, 0x02, 0x03, 0x03, 0x05, 0x03, 0x02, 0x01, 0x02, 0x05, 0x01, 0x04, 0x01, 0x05, 0x03, 0x05, 0x0B, 0x0B, 0x05, 0x03, 0x03,
    0x02, 0x02, 0x03, 0x03, 0x0B, 0x05, 0x05, 0x03, 0x02, 0x01, 0x02, 0x01, 0x0C, 0x0C, 0x0E, 0x0D, 0x0C, 0x03, 0x03, 0x05, 0x05, 0x05, 0x0B, 0x03,
    0x03, 0x09, 0x0C, 0x0D, 0x0D, 0x0B, 0x02, 0x02, 0x03, 0x03, 0x03, 0x03, 0x02, 0x02, 0x01, 0x03, 0x05, 0x0B, 0x0B, 0x05, 0x05, 0x05, 0x0B, 0x03,
    0x01, 0x09, 0x09, 0x03, 0x06, 0x06, 0x06, 0x03, 0x09, 0x0B, 0x0B, 0x0B, 0x03, 0x05, 0x0B, 0x05, 0x02, 0x06, 0x04, 0x03, 0x03, 0x02, 0x03, 0x0B,
    0x05, 0x05, 0x05, 0x03, 0x03, 0x05, 0x03, 0x02, 0x09, 0x0B, 0x0D, 0x09, 0x03, 0x03, 0x04, 0x03, 0x05, 0x03, 0x09, 0x0B, 0x05, 0x03, 0x02, 0x01,
    0x02, 0x02, 0x01, 0x01, 0x03, 0x03, 0x02, 0x06, 0x03, 0x05, 0x02, 0x06, 0x01, 0x05, 0x03, 0x05, 0x03, 0x03, 0x05, 0x09, 0x09, 0x05, 0x03, 0x05,
    0x0B, 0x0C, 0x09, 0x03, 0x02, 0x02, 0x01, 0x01, 0x01, 0x01, 0x05, 0x03, 0x01, 0x02, 0x05, 0x03, 0x03, 0x05, 0x03, 0x03, 0x0B, 0x05, 0x03, 0x03,
    0x03, 0x03, 0x05, 0x05, 0x01, 0x06, 0x02, 0x03, 0x03, 0x09, 0x05, 0x03, 0x09, 0x0B, 0x05, 0x02, 0x02, 0x03, 0x03, 0x05, 0x02, 0x02, 0x01, 0x01,
    0x02, 0x02, 0x01, 0x03, 0x03, 0x03, 0x05, 0x05, 0x0B, 0x0B, 0x03, 0x05, 0x09, 0x03, 0x03, 0x02, 0x01, 0x03, 0x01, 0x01, 0x01, 0x02, 0x02, 0x03,
    0x03, 0x02, 0x01, 0x01, 0x01, 0x05, 0x03, 0x03, 0x03, 0x05, 0x05, 0x05, 0x05, 0x03, 0x02, 0x01, 0x05, 0x05, 0x0B, 0x0B, 0x05, 0x05, 0x09, 0x0D,
    0x0B, 0x03, 0x05, 0x05, 0x05, 0x05, 0x05, 0x05, 0x05, 0x05, 0x05, 0x02, 0x01, 0x02, 0x03, 0x05, 0x03, 0x06, 0x06, 0x02, 0x05, 0x03, 0x03, 0x03,
    0x05, 0x05, 0x05, 0x0B, 0x0B, 0x0C, 0x0E, 0x0F, 0x0D, 0x05, 0x06, 0x06, 0x02, 0x09, 0x05, 0x03, 0x03, 0x01, 0x01, 0x01, 0x01, 0x06, 0x06, 0x02,
    0x03, 0x05, 0x05, 0x05, 0x03, 0x05, 0x05, 0x03, 0x05, 0x03, 0x03, 0x03, 0x05, 0x05, 0x05, 0x05, 0x05, 0x05, 0x02, 0x05, 0x05, 0x05, 0x03, 0x01,
    0x03, 0x0B, 0x09, 0x05, 0x03, 0x05, 0x02, 0x01, 0x05, 0x05, 0x03, 0x03, 0x05, 0x01, 0x02, 0x02, 0x02, 0x05, 0x09, 0x03, 0x02, 0x03, 0x03, 0x05,
    0x03, 0x03, 0x03, 0x03, 0x02, 0x03, 0x05, 0x01, 0x01, 0x02, 0x01, 0x03, 0x05, 0x02, 0x01, 0x02, 0x03, 0x03, 0x05, 0x03, 0x03, 0x02, 0x0B, 0x05,
    0x0B, 0x03, 0x02, 0x01, 0x03, 0x05, 0x05, 0x05, 0x03, 0x01, 0x01, 0x03, 0x03, 0x02, 0x03, 0x03, 0x03, 0x03, 0x05, 0x03, 0x02, 0x01, 0x01, 0x06,
    0x01, 0x03, 0x03, 0x02, 0x01, 0x02, 0x02, 0x05, 0x09, 0x03, 0x03, 0x03, 0x03, 0x03, 0x03, 0x02, 0x03, 0x03, 0x01, 0x02, 0x01, 0x01, 0x01, 0x01,
    0x02, 0x01, 0x02, 0x02, 0x01, 0x03, 0x01, 0x06, 0x04, 0x05, 0x05, 0x03, 0x03, 0x05, 0x03, 0x03, 0x02, 0x02, 0x03, 0x05, 0x02, 0x02, 0x02, 0x03,
    0x03, 0x05, 0x05, 0x05, 0x09, 0x05, 0x0B, 0x05, 0x05, 0x05, 0x02, 0x04, 0x03, 0x05, 0x0B, 0x05, 0x02, 0x02, 0x05, 0x0C, 0x05, 0x04, 0x04, 0x06,
    0x01, 0x01, 0x05, 0x05, 0x05, 0x05, 0x0B, 0x0F, 0x09, 0x05, 0x05, 0x0B, 0x0D, 0x09, 0x01, 0x06, 0x06, 0x01, 0x02, 0x01, 0x01, 0x01, 0x06, 0x04,
    0x01, 0x01, 0x02, 0x03, 0x05, 0x02, 0x01, 0x03, 0x03, 0x02, 0x02, 0x05, 0x03, 0x02, 0x01, 0x02, 0x01, 0x02, 0x0B, 0x09, 0x05, 0x03, 0x02, 0x05,
    0x0C, 0x05, 0x04, 0x01, 0x02, 0x05, 0x0B, 0x09, 0x05, 0x02, 0x03, 0x02, 0x01, 0x01, 0x02, 0x05, 0x03, 0x02, 0x05, 0x05, 0x0B, 0x05, 0x05, 0x03,
    0x02, 0x03, 0x05, 0x09, 0x0B, 0x05, 0x03, 0x01, 0x01, 0x05, 0x05, 0x05, 0x03, 0x02, 0x02, 0x03, 0x03, 0x02, 0x03, 0x03, 0x05, 0x05, 0x05, 0x0B,
    0x05, 0x05, 0x03, 0x03, 0x03, 0x03, 0x05, 0x05, 0x03, 0x01, 0x03, 0x03, 0x03, 0x06, 0x06, 0x02, 0x05, 0x01, 0x02, 0x05, 0x03, 0x05, 0x03, 0x03,
    0x03, 0x01, 0x02, 0x06, 0x06, 0x02, 0x01, 0x02, 0x03, 0x05, 0x05, 0x0B, 0x09, 0x05, 0x03, 0x03, 0x03, 0x02, 0x02, 0x01, 0x02, 0x02, 0x01, 0x01,
    0x01, 0x01, 0x01, 0x01, 0x02, 0x03, 0x03, 0x02, 0x01, 0x01, 0x02, 0x03, 0x05, 0x03, 0x05, 0x05, 0x03, 0x01, 0x02, 0x03, 0x05, 0x03, 0x05, 0x05,
    0x05, 0x05, 0x09, 0x02, 0x02, 0x05, 0x05, 0x0B, 0x0D, 0x0C, 0x05, 0x09, 0x05, 0x02, 0x03, 0x05, 0x05, 0x03, 0x05, 0x05, 0x05, 0x09, 0x0B, 0x05,
    0x0C, 0x0D, 0x0E, 0x05, 0x01, 0x01, 0x06, 0x02, 0x03, 0x0B, 0x09, 0x0B, 0x05, 0x03, 0x05, 0x05, 0x05, 0x0B, 0x01, 0x04, 0x01, 0x02, 0x01, 0x02,
    0x01, 0x02, 0x03, 0x05, 0x02, 0x03, 0x09, 0x01, 0x01, 0x03, 0x01, 0x02, 0x03, 0x03, 0x03, 0x03, 0x03, 0x05, 0x05, 0x0C, 0x0C, 0x03, 0x01, 0x05,
    0x09, 0x05, 0x0B, 0x0B, 0x05, 0x03, 0x05, 0x03, 0x02, 0x03, 0x03, 0x03, 0x03, 0x03, 0x02, 0x02, 0x03, 0x02, 0x03, 0x01, 0x03, 0x02, 0x02, 0x05,
    0x09, 0x05, 0x02, 0x06, 0x06, 0x01, 0x05, 0x03, 0x01, 0x02, 0x02, 0x01, 0x02, 0x03, 0x02, 0x05, 0x05, 0x01, 0x02, 0x02, 0x01, 0x02, 0x02, 0x03,
    0x09, 0x0B, 0x09, 0x09, 0x05, 0x0B, 0x02, 0x02, 0x05, 0x05, 0x09, 0x05, 0x0B, 0x09, 0x05, 0x05, 0x09, 0x05, 0x01, 0x06, 0x06, 0x01, 0x05, 0x05,
    0x03, 0x03, 0x01, 0x02, 0x03, 0x02, 0x01, 0x06, 0x06, 0x01, 0x03, 0x03, 0x03, 0x03, 0x03, 0x05, 0x09, 0x0B, 0x03, 0x02, 0x03, 0x03, 0x02, 0x02,
    0x01, 0x02, 0x01, 0x01, 0x01, 0x01, 0x04, 0x01, 0x01, 0x02, 0x02, 0x01, 0x04, 0x04, 0x01, 0x05, 0x03, 0x02, 0x03, 0x09, 0x03, 0x02, 0x03, 0x02,
    0x01, 0x03, 0x03, 0x03, 0x05, 0x09, 0x05, 0x03, 0x01, 0x02, 0x05, 0x03, 0x05, 0x05, 0x05, 0x02, 0x01, 0x03, 0x0B, 0x05, 0x02, 0x02, 0x02, 0x03,
    0x0B, 0x0B, 0x05, 0x05, 0x03, 0x05, 0x0B, 0x0B, 0x05, 0x03, 0x03, 0x06, 0x03, 0x05, 0x03, 0x05, 0x09, 0x03, 0x05, 0x05, 0x05, 0x05, 0x05, 0x03,
    0x09, 0x05, 0x05, 0x02, 0x03, 0x03, 0x03, 0x03, 0x02, 0x03, 0x02, 0x03, 0x01, 0x01, 0x01, 0x01, 0x03, 0x05, 0x03, 0x03, 0x02, 0x05, 0x09, 0x05,
    0x03, 0x05, 0x03, 0x03, 0x05, 0x09, 0x05, 0x05, 0x05, 0x03, 0x03, 0x03, 0x02, 0x01, 0x01, 0x03, 0x05, 0x05, 0x05, 0x0B, 0x05, 0x05, 0x03, 0x01,
    0x04, 0x02, 0x03, 0x03, 0x05, 0x05, 0x0B, 0x0C, 0x0C, 0x01, 0x02, 0x02, 0x01, 0x04, 0x04, 0x03, 0x02, 0x06, 0x06, 0x01, 0x01, 0x03, 0x03, 0x03,
    0x03, 0x03, 0x05, 0x05, 0x03, 0x05, 0x05, 0x05, 0x03, 0x02, 0x05, 0x02, 0x09, 0x05, 0x05, 0x03, 0x03, 0x05, 0x05, 0x05, 0x03, 0x0B, 0x0C, 0x03,
    0x05, 0x02, 0x02, 0x02, 0x03, 0x01, 0x05, 0x02, 0x02, 0x06, 0x06, 0x01, 0x02, 0x01, 0x03, 0x02, 0x02, 0x01, 0x03, 0x03, 0x02, 0x03, 0x05, 0x05,
    0x05, 0x03, 0x03, 0x01, 0x06, 0x06, 0x01, 0x01, 0x06, 0x04, 0x01, 0x02, 0x04, 0x06, 0x06, 0x06, 0x06, 0x04, 0x02, 0x03, 0x03, 0x03, 0x02, 0x03,
    0x02, 0x02, 0x03, 0x02, 0x02, 0x02, 0x02, 0x03, 0x03, 0x03, 0x01, 0x02, 0x04, 0x06, 0x04, 0x05, 0x05, 0x05, 0x03, 0x05, 0x05, 0x0B, 0x0B, 0x05,
    0x04, 0x02, 0x03, 0x05, 0x05, 0x05, 0x05, 0x09, 0x0B, 0x05, 0x05, 0x05, 0x05, 0x03, 0x05, 0x03, 0x04, 0x02, 0x03, 0x03, 0x05, 0x0B, 0x03, 0x05,
    0x03, 0x03, 0x05, 0x0C, 0x0B, 0x03, 0x05, 0x0B, 0x05, 0x02, 0x02, 0x03, 0x02, 0x01, 0x05, 0x05, 0x03, 0x03, 0x05, 0x03, 0x02, 0x01, 0x03, 0x03,
    0x03, 0x05, 0x09, 0x05, 0x03, 0x03, 0x03, 0x05, 0x05, 0x03, 0x05, 0x05, 0x03, 0x03, 0x04, 0x02, 0x03, 0x05, 0x05, 0x05, 0x0B, 0x0B, 0x05, 0x03,
    0x03, 0x09, 0x0B, 0x05, 0x04, 0x01, 0x01, 0x03, 0x03, 0x03, 0x02, 0x03, 0x09, 0x0C, 0x0B, 0x0B, 0x03, 0x05, 0x05, 0x05, 0x05, 0x05, 0x03, 0x06,
    0x06, 0x06, 0x06, 0x06, 0x02, 0x05, 0x03, 0x05, 0x09, 0x09, 0x05, 0x02, 0x02, 0x03, 0x03, 0x03, 0x05, 0x05, 0x05, 0x05, 0x05, 0x05, 0x03, 0x03,
    0x03, 0x03, 0x05, 0x09, 0x05, 0x05, 0x03, 0x02, 0x03, 0x03, 0x05, 0x03, 0x06, 0x06, 0x06, 0x03, 0x05, 0x02, 0x03, 0x05, 0x03, 0x01, 0x01, 0x03,
    0x03, 0x05, 0x05, 0x05, 0x09, 0x05, 0x03, 0x03, 0x01, 0x06, 0x04, 0x01, 0x03, 0x02, 0x01, 0x03, 0x01, 0x01, 0x01, 0x01, 0x02, 0x02, 0x01, 0x05,
    0x05, 0x05, 0x02, 0x02, 0x02, 0x05, 0x03, 0x05, 0x03, 0x02, 0x03, 0x05, 0x05, 0x05, 0x05, 0x05, 0x09, 0x01, 0x06, 0x06, 0x01, 0x06, 0x06, 0x01,
    0x05, 0x05, 0x05, 0x0C, 0x0B, 0x0D, 0x0D, 0x05, 0x04, 0x02, 0x03, 0x05, 0x03, 0x05, 0x05, 0x05, 0x03, 0x03, 0x03, 0x04, 0x02, 0x02, 0x03, 0x02,
    0x03, 0x03, 0x03, 0x03, 0x05, 0x05, 0x03, 0x02, 0x02, 0x02, 0x03, 0x03, 0x03, 0x05, 0x05, 0x06, 0x03, 0x0B, 0x02, 0x05, 0x05, 0x09, 0x05, 0x09,
    0x03, 0x03, 0x01, 0x01, 0x02, 0x01, 0x03, 0x03, 0x03, 0x01, 0x03, 0x01, 0x02, 0x06, 0x06, 0x06, 0x04, 0x02, 0x01, 0x01, 0x03, 0x09, 0x09, 0x0B,
    0x03, 0x03, 0x05, 0x01, 0x06, 0x01, 0x05, 0x01, 0x04, 0x06, 0x06, 0x06, 0x01, 0x06, 0x06, 0x04, 0x05, 0x09, 0x05, 0x03, 0x03, 0x03, 0x05, 0x05,
    0x0C, 0x05, 0x0D, 0x0B, 0x03, 0x05, 0x06, 0x06, 0x06, 0x01, 0x02, 0x03, 0x03, 0x03, 0x02, 0x02, 0x02, 0x03, 0x02, 0x02, 0x03, 0x05, 0x03, 0x02,
    0x03, 0x03, 0x02, 0x03, 0x03, 0x05, 0x03, 0x03, 0x05, 0x03, 0x01, 0x01, 0x03, 0x05, 0x01, 0x02, 0x03, 0x03, 0x09, 0x05, 0x09, 0x03, 0x02, 0x01,
    0x03, 0x03, 0x04, 0x01, 0x05, 0x03, 0x03, 0x03, 0x02, 0x03, 0x03, 0x05, 0x03, 0x04, 0x02, 0x01, 0x02, 0x02, 0x01, 0x06, 0x04, 0x01, 0x01, 0x03,
    0x03, 0x01, 0x03, 0x03, 0x03, 0x09, 0x03, 0x02, 0x03, 0x02, 0x02, 0x03, 0x02, 0x03, 0x05, 0x05, 0x05, 0x05, 0x09, 0x0B, 0x09, 0x0B, 0x09, 0x03,
    0x01, 0x03, 0x06, 0x06, 0x01, 0x06, 0x01, 0x02, 0x03, 0x0B, 0x0B, 0x0D, 0x0B, 0x02, 0x03, 0x05, 0x03, 0x03, 0x05, 0x09, 0x05, 0x0D, 0x05, 0x05,
    0x01, 0x04, 0x05, 0x04, 0x01, 0x01, 0x03, 0x02, 0x03, 0x05, 0x05, 0x03, 0x01, 0x06, 0x06, 0x03, 0x02, 0x05, 0x0C, 0x0D, 0x0C, 0x0F, 0x0B, 0x05,
    0x03, 0x02, 0x03, 0x03, 0x03, 0x03, 0x03, 0x03, 0x03, 0x02, 0x02, 0x02, 0x06, 0x01, 0x02, 0x01, 0x05, 0x09, 0x09, 0x05, 0x01, 0x01, 0x05, 0x05,
    0x05, 0x05, 0x02, 0x01, 0x01, 0x02, 0x01, 0x03, 0x01, 0x01, 0x01, 0x03, 0x02, 0x04, 0x06, 0x02, 0x06, 0x06, 0x04, 0x01, 0x03, 0x05, 0x03, 0x03,
    0x03, 0x03, 0x05, 0x0B, 0x03, 0x05, 0x05, 0x05, 0x0C, 0x0D, 0x0D, 0x0B, 0x01, 0x06, 0x06, 0x03, 0x05, 0x03, 0x02, 0x02, 0x01, 0x04, 0x04, 0x02,
    0x06, 0x03, 0x02, 0x01, 0x01, 0x01, 0x04, 0x04, 0x01, 0x03, 0x03, 0x03, 0x02, 0x02, 0x05, 0x05, 0x01, 0x01, 0x03, 0x0B, 0x09, 0x0B, 0x01, 0x01,
    0x02, 0x01, 0x02, 0x03, 0x05, 0x03, 0x02, 0x02, 0x02, 0x05, 0x03, 0x02, 0x03, 0x02, 0x02, 0x02, 0x02, 0x02, 0x04, 0x05, 0x03, 0x02, 0x01, 0x06,
    0x06, 0x04, 0x01, 0x01, 0x03, 0x05, 0x02, 0x02, 0x01, 0x01, 0x01, 0x01, 0x02, 0x02, 0x02, 0x02, 0x03, 0x03, 0x09, 0x05, 0x03, 0x06, 0x01, 0x09,
    0x05, 0x05, 0x05, 0x03, 0x05, 0x0B, 0x09, 0x09, 0x02, 0x01, 0x04, 0x04, 0x06, 0x01, 0x01, 0x01, 0x02, 0x05, 0x05, 0x05, 0x02, 0x02, 0x05, 0x05,
    0x05, 0x09, 0x0D, 0x05, 0x05, 0x02, 0x03, 0x02, 0x01, 0x03, 0x03, 0x02, 0x01, 0x03, 0x05, 0x0B, 0x05, 0x02, 0x05, 0x01, 0x04, 0x05, 0x03, 0x03,
    0x03, 0x09, 0x03, 0x03, 0x02, 0x02, 0x04, 0x04, 0x02, 0x01, 0x01, 0x05, 0x05, 0x01, 0x02, 0x02, 0x03, 0x09, 0x05, 0x03, 0x01, 0x01, 0x01, 0x01,
    0x03, 0x03, 0x05, 0x05, 0x05, 0x03, 0x02, 0x02, 0x01, 0x01, 0x03, 0x05, 0x01, 0x06, 0x03, 0x05, 0x09, 0x04, 0x01, 0x09, 0x01, 0x02, 0x03, 0x05,
    0x05, 0x03, 0x05, 0x05, 0x02, 0x01, 0x03, 0x03, 0x01, 0x01, 0x03, 0x05, 0x05, 0x05, 0x0B, 0x0B, 0x0C, 0x0D, 0x05, 0x04, 0x06, 0x01, 0x01, 0x01,
    0x02, 0x03, 0x02, 0x03, 0x05, 0x0B, 0x02, 0x05, 0x05, 0x02, 0x02, 0x01, 0x03, 0x02, 0x02, 0x03, 0x03, 0x05, 0x05, 0x09, 0x0B, 0x02, 0x03, 0x02,
    0x02, 0x03, 0x03, 0x05, 0x01, 0x03, 0x05, 0x05, 0x02, 0x03, 0x05, 0x05, 0x02, 0x03, 0x03, 0x03, 0x02, 0x03, 0x02, 0x04, 0x02, 0x03, 0x01, 0x01,
    0x0B, 0x09, 0x01, 0x04, 0x06, 0x04, 0x01, 0x02, 0x03, 0x02, 0x02, 0x01, 0x01, 0x01, 0x03, 0x01, 0x01, 0x01, 0x02, 0x03, 0x03, 0x03, 0x02, 0x02,
    0x02, 0x05, 0x0B, 0x0B, 0x05, 0x01, 0x05, 0x03, 0x05, 0x03, 0x05, 0x0C, 0x0B, 0x09, 0x05, 0x03, 0x0D, 0x01, 0x04, 0x05, 0x0B, 0x0B, 0x09, 0x05,
    0x05, 0x03, 0x04, 0x01, 0x03, 0x05, 0x0B, 0x0C, 0x0D, 0x05, 0x06, 0x06, 0x02, 0x03, 0x03, 0x05, 0x03, 0x05, 0x09, 0x0B, 0x0C, 0x0B, 0x05, 0x02,
    0x02, 0x03, 0x06, 0x01, 0x06, 0x01, 0x03, 0x05, 0x04, 0x06, 0x06, 0x01, 0x03, 0x05, 0x05, 0x02, 0x03, 0x05, 0x05, 0x02, 0x05, 0x09, 0x09, 0x03,
    0x04, 0x04, 0x06, 0x01, 0x02, 0x03, 0x01, 0x03, 0x03, 0x05, 0x03, 0x03, 0x05, 0x09, 0x03, 0x05, 0x05, 0x03, 0x03, 0x03, 0x05, 0x03, 0x05, 0x03,
    0x05, 0x05, 0x05, 0x03, 0x05, 0x03, 0x03, 0x02, 0x04, 0x01, 0x02, 0x01, 0x01, 0x04, 0x05, 0x09, 0x03, 0x03, 0x0B, 0x09, 0x0B, 0x0D, 0x0D, 0x09,
    0x01, 0x01, 0x02, 0x04, 0x02, 0x02, 0x05, 0x05, 0x03, 0x03, 0x01, 0x03, 0x03, 0x03, 0x02, 0x02, 0x02, 0x02, 0x02, 0x02, 0x02, 0x01, 0x03, 0x03,
    0x03, 0x03, 0x03, 0x05, 0x03, 0x03, 0x02, 0x02, 0x03, 0x03, 0x05, 0x03, 0x03, 0x05, 0x03, 0x01, 0x02, 0x03, 0x02, 0x03, 0x03, 0x02, 0x02, 0x02,
    0x03, 0x03, 0x02, 0x01, 0x01, 0x01, 0x01, 0x06, 0x06, 0x04, 0x01, 0x03, 0x02, 0x02, 0x04, 0x06, 0x06, 0x04, 0x01, 0x04, 0x01, 0x04, 0x01, 0x02,
    0x09, 0x05, 0x02, 0x04, 0x0B, 0x05, 0x03, 0x05, 0x05, 0x02, 0x02, 0x02, 0x01, 0x03, 0x09, 0x0D, 0x0B, 0x05, 0x0D, 0x05, 0x05, 0x05, 0x05, 0x01,
    0x05, 0x05, 0x05, 0x03, 0x05, 0x02, 0x02, 0x05, 0x03, 0x05, 0x05, 0x05, 0x0B, 0x0B, 0x03, 0x05, 0x05, 0x05, 0x03, 0x05, 0x03, 0x05, 0x05, 0x0C,
    0x0B, 0x0B, 0x09, 0x01, 0x01, 0x03, 0x05, 0x03, 0x05, 0x03, 0x05, 0x05, 0x03, 0x01, 0x02, 0x01, 0x01, 0x02, 0x03, 0x02, 0x02, 0x05, 0x05, 0x01,
    0x05, 0x03, 0x03, 0x03, 0x06, 0x02, 0x04, 0x02, 0x02, 0x01, 0x01, 0x02, 0x02, 0x02, 0x02, 0x03, 0x01, 0x02, 0x05, 0x03, 0x05, 0x09, 0x02, 0x01,
    0x03, 0x01, 0x03, 0x03, 0x05, 0x03, 0x01, 0x06, 0x06, 0x03, 0x05, 0x02, 0x01, 0x01, 0x01, 0x03, 0x03, 0x06, 0x02, 0x03, 0x02, 0x02, 0x03, 0x03,
    0x03, 0x03, 0x05, 0x09, 0x09, 0x02, 0x02, 0x03, 0x03, 0x05, 0x05, 0x09, 0x05, 0x01, 0x02, 0x02, 0x03, 0x05, 0x01, 0x02, 0x02, 0x01, 0x01, 0x01,
    0x01, 0x04, 0x04, 0x01, 0x01, 0x02, 0x03, 0x05, 0x03, 0x03, 0x01, 0x02, 0x01, 0x03, 0x05, 0x05, 0x05, 0x02, 0x01, 0x02, 0x01, 0x02, 0x03, 0x03,
    0x03, 0x02, 0x02, 0x09, 0x03, 0x03, 0x03, 0x01, 0x01, 0x04, 0x06, 0x04, 0x04, 0x01, 0x02, 0x02, 0x01, 0x01, 0x04, 0x06, 0x06, 0x06, 0x04, 0x01,
    0x04, 0x01, 0x01, 0x02, 0x03, 0x03, 0x01, 0x01, 0x02, 0x05, 0x05, 0x05, 0x05, 0x02, 0x04, 0x02, 0x03, 0x05, 0x01, 0x03, 0x05, 0x09, 0x0B, 0x0A,
    0x0C, 0x05, 0x05, 0x05, 0x03, 0x05, 0x01, 0x04, 0x03, 0x05, 0x03, 0x05, 0x0B, 0x05, 0x03, 0x05, 0x05, 0x0B, 0x0B, 0x0B, 0x09, 0x05, 0x03, 0x03,
    0x03, 0x05, 0x05, 0x05, 0x05, 0x05, 0x05, 0x03, 0x03, 0x03, 0x05, 0x0B, 0x0B, 0x0B, 0x05, 0x0B, 0x0D, 0x05, 0x03, 0x03, 0x03, 0x02, 0x01, 0x01,
    0x06, 0x06, 0x04, 0x02, 0x01, 0x03, 0x03, 0x0D, 0x0D, 0x05, 0x02, 0x02, 0x02, 0x02, 0x03, 0x02, 0x02, 0x02, 0x02, 0x02, 0x01, 0x01, 0x04, 0x01,
    0x01, 0x03, 0x01, 0x01, 0x03, 0x03, 0x02, 0x02, 0x01, 0x04, 0x02, 0x03, 0x06, 0x06, 0x05, 0x03, 0x01, 0x06, 0x01, 0x03, 0x02, 0x05, 0x06, 0x05,
    0x05, 0x01, 0x06, 0x06, 0x02, 0x05, 0x05, 0x05, 0x0B, 0x03, 0x01, 0x05, 0x03, 0x05, 0x05, 0x05, 0x05, 0x03, 0x01, 0x03, 0x05, 0x03, 0x03, 0x04,
    0x04, 0x01, 0x01, 0x04, 0x04, 0x01, 0x01, 0x01, 0x03, 0x03, 0x02, 0x04, 0x03, 0x03, 0x02, 0x05, 0x03, 0x03, 0x05, 0x03, 0x02, 0x04, 0x01, 0x02,
    0x02, 0x01, 0x04, 0x06, 0x03, 0x03, 0x03, 0x03, 0x03, 0x03, 0x05, 0x02, 0x01, 0x02, 0x01, 0x02, 0x05, 0x01, 0x02, 0x02, 0x01, 0x01, 0x02, 0x02,
    0x04, 0x01, 0x01, 0x02, 0x02, 0x02, 0x02, 0x01, 0x01, 0x02, 0x02, 0x02, 0x09, 0x0B, 0x05, 0x02, 0x03, 0x0B, 0x05, 0x09, 0x05, 0x0B, 0x03, 0x02,
    0x05, 0x05, 0x09, 0x0B, 0x05, 0x03, 0x03, 0x0B, 0x05, 0x05, 0x0B, 0x0B, 0x05, 0x05, 0x03, 0x05, 0x0B, 0x0B, 0x02, 0x02, 0x03, 0x05, 0x05, 0x05,
    0x05, 0x03, 0x03, 0x02, 0x03, 0x03, 0x03, 0x02, 0x03, 0x03, 0x03, 0x03, 0x05, 0x02, 0x03, 0x05, 0x05, 0x05, 0x05, 0x05, 0x0B, 0x0E, 0x0E, 0x0B,
    0x05, 0x05, 0x0B, 0x03, 0x01, 0x02, 0x01, 0x02, 0x01, 0x01, 0x02, 0x03, 0x03, 0x03, 0x05, 0x02, 0x02, 0x05, 0x03, 0x02, 0x02, 0x02, 0x02, 0x02,
    0x02, 0x01, 0x01, 0x06, 0x06, 0x01, 0x03, 0x01, 0x01, 0x02, 0x01, 0x02, 0x05, 0x0B, 0x02, 0x02, 0x02, 0x03, 0x02, 0x02, 0x05, 0x06, 0x06, 0x01,
    0x01, 0x03, 0x06, 0x01, 0x09, 0x03, 0x02, 0x02, 0x03, 0x05, 0x05, 0x05, 0x03, 0x03, 0x01, 0x02, 0x02, 0x01, 0x09, 0x09, 0x03, 0x03, 0x03, 0x01,
    0x02, 0x01, 0x02, 0x01, 0x01, 0x06, 0x06, 0x01, 0x01, 0x01, 0x01, 0x02, 0x03, 0x03, 0x03, 0x05, 0x03, 0x02, 0x02, 0x03, 0x05, 0x03, 0x02, 0x02,
    0x02, 0x01, 0x02, 0x02, 0x02, 0x02, 0x01, 0x05, 0x05, 0x03, 0x03, 0x03, 0x03, 0x02, 0x05, 0x03, 0x01, 0x03, 0x01, 0x03, 0x03, 0x02, 0x01, 0x04,
    0x04, 0x02, 0x03, 0x03, 0x05, 0x03, 0x03, 0x02, 0x03, 0x02, 0x01, 0x02, 0x01, 0x01, 0x01, 0x04, 0x05, 0x05, 0x05, 0x05, 0x09, 0x0C, 0x0C, 0x0B,
    0x05, 0x09, 0x05, 0x05, 0x05, 0x0C, 0x0D, 0x09, 0x04, 0x02, 0x05, 0x09, 0x05, 0x02, 0x03, 0x09, 0x05, 0x03, 0x03, 0x05, 0x05, 0x09, 0x05, 0x05,
    0x03, 0x03, 0x05, 0x05, 0x03, 0x03, 0x03, 0x03, 0x03, 0x02, 0x03, 0x03, 0x03, 0x03, 0x05, 0x09, 0x0D, 0x0D, 0x0B, 0x05, 0x09, 0x05, 0x05, 0x03,
    0x05, 0x0B, 0x0C, 0x0F, 0x0A, 0x0C, 0x0B, 0x0D, 0x0D, 0x0B, 0x02, 0x02, 0x01, 0x02, 0x01, 0x02, 0x02, 0x05, 0x05, 0x01, 0x03, 0x03, 0x03, 0x02,
    0x01, 0x06, 0x06, 0x06, 0x06, 0x06, 0x06, 0x06, 0x01, 0x01, 0x04, 0x01, 0x03, 0x02, 0x04, 0x02, 0x02, 0x01, 0x02, 0x04, 0x01, 0x02, 0x03, 0x03,
    0x05, 0x0B, 0x0D, 0x02, 0x06, 0x04, 0x01, 0x06, 0x02, 0x05, 0x09, 0x05, 0x03, 0x03, 0x03, 0x03, 0x02, 0x01, 0x01, 0x02, 0x02, 0x02, 0x01, 0x03,
    0x03, 0x09, 0x03, 0x01, 0x04, 0x04, 0x01, 0x02, 0x01, 0x02, 0x01, 0x01, 0x03, 0x01, 0x01, 0x01, 0x02, 0x03, 0x03, 0x03, 0x03, 0x02, 0x02, 0x05,
    0x03, 0x05, 0x02, 0x02, 0x03, 0x03, 0x02, 0x02, 0x03, 0x02, 0x01, 0x04, 0x04, 0x06, 0x01, 0x01, 0x01, 0x01, 0x01, 0x01, 0x01, 0x03, 0x02, 0x01,
    0x02, 0x02, 0x01, 0x06, 0x04, 0x02, 0x05, 0x02, 0x05, 0x05, 0x02, 0x02, 0x03, 0x02, 0x02, 0x02, 0x02, 0x02, 0x03, 0x02, 0x02, 0x03, 0x05, 0x09,
    0x0B, 0x0B, 0x09, 0x02, 0x04, 0x05, 0x05, 0x03, 0x05, 0x0B, 0x05, 0x01, 0x05, 0x05, 0x0C, 0x05, 0x05, 0x03, 0x02, 0x02, 0x05, 0x09, 0x05, 0x05,
    0x05, 0x0B, 0x05, 0x0B, 0x05, 0x03, 0x03, 0x0B, 0x09, 0x03, 0x05, 0x03, 0x02, 0x03, 0x0B, 0x05, 0x05, 0x05, 0x05, 0x03, 0x01, 0x03, 0x05, 0x03,
    0x05, 0x05, 0x02, 0x05, 0x03, 0x03, 0x03, 0x05, 0x09, 0x09, 0x0B, 0x05, 0x0B, 0x0B, 0x09, 0x02, 0x06, 0x06, 0x06, 0x03, 0x01, 0x01, 0x05, 0x05,
    0x03, 0x03, 0x03, 0x05, 0x02, 0x06, 0x06, 0x06, 0x06, 0x06, 0x06, 0x01, 0x03, 0x05, 0x03, 0x05, 0x02, 0x01, 0x01, 0x02, 0x04, 0x04, 0x01, 0x05,
    0x03, 0x01, 0x04, 0x02, 0x03, 0x03, 0x03, 0x02, 0x01, 0x04, 0x01, 0x01, 0x06, 0x04, 0x05, 0x03, 0x02, 0x02, 0x02, 0x02, 0x01, 0x06, 0x06, 0x06,
    0x02, 0x03, 0x03, 0x02, 0x05, 0x03, 0x05, 0x09, 0x05, 0x02, 0x02, 0x03, 0x03, 0x05, 0x09, 0x03, 0x01, 0x01, 0x01, 0x02, 0x02, 0x03, 0x02, 0x03,
    0x05, 0x03, 0x02, 0x03, 0x02, 0x03, 0x03, 0x02, 0x03, 0x03, 0x05, 0x03, 0x05, 0x09, 0x09, 0x05, 0x05, 0x02, 0x02, 0x02, 0x02, 0x04, 0x06, 0x04,
    0x01, 0x01, 0x01, 0x04, 0x01, 0x01, 0x02, 0x02, 0x02, 0x02, 0x01, 0x01, 0x02, 0x03, 0x03, 0x05, 0x05, 0x03, 0x01, 0x05, 0x05, 0x01, 0x02, 0x02,
    0x04, 0x02, 0x03, 0x05, 0x05, 0x05, 0x09, 0x0B, 0x0D, 0x03, 0x05, 0x05, 0x03, 0x02, 0x09, 0x02, 0x09, 0x0D, 0x09, 0x05, 0x05, 0x03, 0x01, 0x02,
    0x03, 0x0D, 0x0E, 0x0B, 0x0E, 0x09, 0x05, 0x0B, 0x0E, 0x0C, 0x0B, 0x0B, 0x0D, 0x0B, 0x09, 0x0B, 0x05, 0x05, 0x05, 0x05, 0x03, 0x05, 0x0B, 0x05,
    0x05, 0x01, 0x01, 0x02, 0x02, 0x03, 0x05, 0x02, 0x05, 0x03, 0x03, 0x03, 0x03, 0x05, 0x05, 0x03, 0x03, 0x05, 0x0B, 0x03, 0x03, 0x06, 0x06, 0x03,
    0x02, 0x01, 0x02, 0x09, 0x05, 0x05, 0x05, 0x05, 0x05, 0x01, 0x01, 0x06, 0x04, 0x03, 0x05, 0x03, 0x03, 0x05, 0x05, 0x03, 0x01, 0x02, 0x01, 0x01,
    0x06, 0x06, 0x04, 0x03, 0x01, 0x02, 0x02, 0x02, 0x03, 0x03, 0x03, 0x03, 0x09, 0x0C, 0x0D, 0x0D, 0x09, 0x05, 0x05, 0x02, 0x01, 0x04, 0x01, 0x01,
    0x01, 0x01, 0x02, 0x01, 0x03, 0x02, 0x01, 0x02, 0x02, 0x01, 0x03, 0x05, 0x05, 0x01, 0x01, 0x03, 0x03, 0x02, 0x01, 0x01, 0x01, 0x04, 0x02, 0x02,
    0x02, 0x02, 0x02, 0x02, 0x02, 0x01, 0x02, 0x02, 0x03, 0x03, 0x03, 0x02, 0x02, 0x02, 0x03, 0x03, 0x03, 0x03, 0x03, 0x05, 0x05, 0x03, 0x02, 0x01,
    0x02, 0x02, 0x03, 0x05, 0x01, 0x01, 0x01, 0x04, 0x01, 0x01, 0x02, 0x03, 0x03, 0x02, 0x02, 0x02, 0x01, 0x01, 0x03, 0x02, 0x02, 0x05, 0x02, 0x03,
    0x05, 0x03, 0x02, 0x02, 0x01, 0x01, 0x02, 0x03, 0x03, 0x03, 0x0B, 0x0C, 0x0B, 0x0B, 0x0D, 0x09, 0x05, 0x01, 0x0B, 0x03, 0x01, 0x02, 0x05, 0x05,
    0x05, 0x05, 0x02, 0x02, 0x02, 0x0C, 0x0A, 0x10, 0x0B, 0x09, 0x05, 0x05, 0x05, 0x0B, 0x09, 0x05, 0x0B, 0x0E, 0x0E, 0x0D, 0x0C, 0x05, 0x03, 0x02,
    0x02, 0x01, 0x03, 0x0B, 0x09, 0x0C, 0x03, 0x03, 0x06, 0x01, 0x03, 0x02, 0x03, 0x03, 0x03, 0x03, 0x03, 0x03, 0x05, 0x03, 0x03, 0x03, 0x05, 0x0B,
    0x0D, 0x0D, 0x0B, 0x03, 0x02, 0x02, 0x02, 0x01, 0x03, 0x0B, 0x05, 0x03, 0x0B, 0x0F, 0x0A, 0x03, 0x0C, 0x03, 0x06, 0x01, 0x01, 0x02, 0x03, 0x01,
    0x03, 0x01, 0x02, 0x02, 0x01, 0x02, 0x05, 0x03, 0x02, 0x01, 0x02, 0x01, 0x01, 0x04, 0x06, 0x02, 0x05, 0x03, 0x02, 0x02, 0x01, 0x04, 0x04, 0x02,
    0x01, 0x01, 0x04, 0x01, 0x01, 0x0B, 0x0D, 0x05, 0x01, 0x02, 0x03, 0x01, 0x02, 0x02, 0x02, 0x03, 0x02, 0x02, 0x02, 0x02, 0x02, 0x03, 0x01, 0x01,
    0x02, 0x01, 0x02, 0x03, 0x02, 0x02, 0x02, 0x02, 0x03, 0x04, 0x01, 0x04, 0x01, 0x02, 0x02, 0x02, 0x01, 0x01, 0x02, 0x03, 0x03, 0x05, 0x05, 0x02,
    0x02, 0x05, 0x09, 0x0B, 0x0B, 0x03, 0x03, 0x02, 0x02, 0x01, 0x03, 0x02, 0x01, 0x02, 0x02, 0x03, 0x05, 0x02, 0x01, 0x02, 0x01, 0x02, 0x02, 0x01,
    0x02, 0x02, 0x03, 0x03, 0x03, 0x01, 0x02, 0x01, 0x01, 0x03, 0x01, 0x01, 0x01, 0x03, 0x03, 0x05, 0x02, 0x01, 0x05, 0x09, 0x09, 0x0B, 0x03, 0x09,
    0x03, 0x06, 0x02, 0x05, 0x05, 0x0B, 0x05, 0x02, 0x05, 0x05, 0x03, 0x05, 0x05, 0x05, 0x03, 0x05, 0x09, 0x05, 0x05, 0x05, 0x03, 0x05, 0x05, 0x05,
    0x03, 0x01, 0x04, 0x01, 0x04, 0x03, 0x03, 0x02, 0x05, 0x09, 0x02, 0x02, 0x01, 0x06, 0x02, 0x05, 0x02, 0x02, 0x03, 0x05, 0x03, 0x03, 0x02, 0x06,
    0x06, 0x06, 0x01, 0x03, 0x01, 0x02, 0x0B, 0x03, 0x03, 0x01, 0x03, 0x03, 0x01, 0x04, 0x02, 0x02, 0x02, 0x05, 0x0D, 0x10, 0x0D, 0x03, 0x06, 0x06,
    0x01, 0x02, 0x01, 0x01, 0x01, 0x01, 0x06, 0x06, 0x01, 0x01, 0x01, 0x02, 0x01, 0x02, 0x02, 0x01, 0x01, 0x01, 0x06, 0x06, 0x04, 0x02, 0x04, 0x04,
    0x01, 0x06, 0x06, 0x02, 0x03, 0x02, 0x01, 0x04, 0x04, 0x01, 0x02, 0x01, 0x01, 0x04, 0x01, 0x01, 0x04, 0x02, 0x03, 0x02, 0x01, 0x05, 0x02, 0x02,
    0x01, 0x02, 0x03, 0x01, 0x02, 0x01, 0x04, 0x01, 0x03, 0x03, 0x01, 0x02, 0x01, 0x01, 0x04, 0x06, 0x06, 0x06, 0x04, 0x01, 0x02, 0x01, 0x01, 0x03,
    0x05, 0x03, 0x02, 0x01, 0x01, 0x02, 0x02, 0x01, 0x02, 0x03, 0x02, 0x04, 0x01, 0x01, 0x03, 0x05, 0x05, 0x05, 0x02, 0x02, 0x02, 0x03, 0x02, 0x02,
    0x02, 0x02, 0x01, 0x01, 0x04, 0x02, 0x03, 0x03, 0x03, 0x02, 0x02, 0x03, 0x02, 0x03, 0x09, 0x09, 0x09, 0x09, 0x03, 0x05, 0x03, 0x02, 0x03, 0x05,
    0x0B, 0x0C, 0x03, 0x03, 0x0C, 0x0B, 0x04, 0x01, 0x05, 0x05, 0x02, 0x02, 0x02, 0x03, 0x02, 0x02, 0x03, 0x05, 0x05, 0x03, 0x04, 0x04, 0x05, 0x05,
    0x03, 0x05, 0x05, 0x05, 0x03, 0x06, 0x06, 0x02, 0x03, 0x05, 0x0B, 0x0B, 0x05, 0x03, 0x01, 0x02, 0x09, 0x02, 0x06, 0x06, 0x02, 0x05, 0x03, 0x03,
    0x03, 0x02, 0x06, 0x06, 0x06, 0x06, 0x01, 0x03, 0x02, 0x02, 0x05, 0x03, 0x06, 0x01, 0x02, 0x02, 0x02, 0x02, 0x01, 0x05, 0x01, 0x03, 0x03, 0x03,
    0x09, 0x05, 0x01, 0x02, 0x06, 0x01, 0x01, 0x01, 0x01, 0x03, 0x09, 0x01, 0x06, 0x02, 0x01, 0x01, 0x02, 0x02, 0x03, 0x05, 0x03, 0x01, 0x04, 0x06,
    0x06, 0x06, 0x01, 0x01, 0x01, 0x01, 0x06, 0x04, 0x01, 0x01, 0x02, 0x01, 0x01, 0x01, 0x01, 0x01, 0x01, 0x01, 0x04, 0x04, 0x02, 0x09, 0x01, 0x04,
    0x01, 0x04, 0x01, 0x02, 0x02, 0x04, 0x04, 0x01, 0x01, 0x02, 0x02, 0x01, 0x02, 0x03, 0x01, 0x01, 0x04, 0x04, 0x04, 0x04, 0x04, 0x01, 0x03, 0x0B,
    0x03, 0x04, 0x01, 0x03, 0x02, 0x02, 0x01, 0x02, 0x03, 0x02, 0x01, 0x02, 0x01, 0x01, 0x01, 0x01, 0x01, 0x01, 0x02, 0x03, 0x03, 0x03, 0x03, 0x03,
    0x03, 0x03, 0x03, 0x01, 0x04, 0x05, 0x09, 0x05, 0x03, 0x04, 0x02, 0x03, 0x03, 0x03, 0x03, 0x02, 0x0C, 0x09, 0x03, 0x02, 0x02, 0x03, 0x09, 0x0B,
    0x05, 0x03, 0x03, 0x03, 0x02, 0x02, 0x03, 0x03, 0x03, 0x0B, 0x03, 0x06, 0x06, 0x01, 0x04, 0x01, 0x01, 0x01, 0x02, 0x04, 0x06, 0x02, 0x03, 0x01,
    0x06, 0x03, 0x05, 0x02, 0x05, 0x05, 0x03, 0x05, 0x0D, 0x0E, 0x0D, 0x05, 0x0B, 0x0C, 0x05, 0x05, 0x05, 0x05, 0x01, 0x01, 0x01, 0x02, 0x03, 0x02,
    0x02, 0x03, 0x05, 0x03, 0x05, 0x06, 0x06, 0x06, 0x03, 0x03, 0x09, 0x03, 0x05, 0x05, 0x03, 0x05, 0x03, 0x04, 0x02, 0x02, 0x01, 0x01, 0x02, 0x05,
    0x03, 0x03, 0x03, 0x05, 0x05, 0x09, 0x01, 0x01, 0x06, 0x01, 0x01, 0x01, 0x01, 0x01, 0x0B, 0x0C, 0x05, 0x06, 0x06, 0x02, 0x03, 0x02, 0x01, 0x03,
    0x05, 0x03, 0x05, 0x01, 0x06, 0x06, 0x03, 0x02, 0x02, 0x02, 0x02, 0x01, 0x02, 0x02, 0x02, 0x02, 0x02, 0x02, 0x02, 0x01, 0x02, 0x01, 0x04, 0x04,
    0x01, 0x02, 0x03, 0x01, 0x02, 0x02, 0x04, 0x01, 0x03, 0x05, 0x03, 0x04, 0x06, 0x01, 0x01, 0x04, 0x06, 0x01, 0x01, 0x04, 0x06, 0x06, 0x04, 0x04,
    0x01, 0x02, 0x03, 0x03, 0x02, 0x03, 0x02, 0x03, 0x02, 0x02, 0x01, 0x06, 0x02, 0x03, 0x03, 0x01, 0x03, 0x04, 0x01, 0x02, 0x01, 0x06, 0x06, 0x06,
    0x06, 0x01, 0x02, 0x02, 0x02, 0x02, 0x03, 0x05, 0x05, 0x02, 0x03, 0x03, 0x03, 0x05, 0x03, 0x01, 0x01, 0x01, 0x02, 0x03, 0x03, 0x05, 0x0B, 0x09,
    0x05, 0x05, 0x03, 0x05, 0x0B, 0x09, 0x03, 0x09, 0x03, 0x06, 0x04, 0x03, 0x03, 0x05, 0x0C, 0x0C, 0x02, 0x06, 0x04, 0x06, 0x06, 0x01, 0x01, 0x02,
    0x03, 0x03, 0x03, 0x05, 0x05, 0x03, 0x05, 0x0B, 0x0B, 0x04, 0x06, 0x01, 0x03, 0x05, 0x0B, 0x0D, 0x0C, 0x05, 0x03, 0x02, 0x01, 0x06, 0x06, 0x06,
    0x01, 0x03, 0x05, 0x09, 0x09, 0x03, 0x03, 0x02, 0x01, 0x03, 0x01, 0x02, 0x03, 0x05, 0x05, 0x01, 0x01, 0x01, 0x01, 0x01, 0x01, 0x04, 0x03, 0x05,
    0x05, 0x05, 0x03, 0x03, 0x05, 0x03, 0x03, 0x03, 0x03, 0x05, 0x05, 0x03, 0x01, 0x04, 0x06, 0x06, 0x06, 0x01, 0x03, 0x05, 0x09, 0x0C, 0x05, 0x06,
    0x03, 0x03, 0x01, 0x02, 0x03, 0x05, 0x0B, 0x03, 0x06, 0x06, 0x01, 0x02, 0x06, 0x04, 0x03, 0x03, 0x02, 0x04, 0x06, 0x06, 0x06, 0x06, 0x06, 0x06,
    0x06, 0x06, 0x06, 0x06, 0x06, 0x06, 0x01, 0x03, 0x02, 0x02, 0x03, 0x03, 0x05, 0x05, 0x01, 0x04, 0x06, 0x04, 0x01, 0x01, 0x06, 0x06, 0x02, 0x06,
    0x06, 0x06, 0x06, 0x04, 0x01, 0x03, 0x0C, 0x03, 0x03, 0x02, 0x06, 0x06, 0x02, 0x02, 0x06, 0x06, 0x02, 0x03, 0x02, 0x04, 0x06, 0x01, 0x01, 0x05,
    0x09, 0x03, 0x02, 0x01, 0x01, 0x04, 0x04, 0x04, 0x01, 0x05, 0x05, 0x09, 0x05, 0x04, 0x06, 0x06, 0x01, 0x06, 0x02, 0x05, 0x09, 0x05, 0x05, 0x03,
    0x05, 0x05, 0x05, 0x05, 0x05, 0x05, 0x03, 0x02, 0x03, 0x0C, 0x02, 0x01, 0x03, 0x05, 0x05, 0x03, 0x03, 0x02, 0x02, 0x02, 0x02, 0x01, 0x01, 0x01,
    0x06, 0x06, 0x04, 0x03, 0x01, 0x04, 0x01, 0x02, 0x05, 0x03, 0x05, 0x05, 0x05, 0x0B, 0x0B, 0x05, 0x0B, 0x09, 0x0B, 0x05, 0x05, 0x03, 0x01, 0x01,
    0x01, 0x01, 0x02, 0x01, 0x04, 0x09, 0x02, 0x02, 0x05, 0x02, 0x01, 0x01, 0x02, 0x03, 0x0B, 0x0B, 0x01, 0x03, 0x02, 0x01, 0x01, 0x02, 0x03, 0x03,
    0x03, 0x09, 0x0B, 0x05, 0x05, 0x0B, 0x0B, 0x05, 0x03, 0x05, 0x03, 0x03, 0x03, 0x0B, 0x0E, 0x0B, 0x0E, 0x0F, 0x0C, 0x05, 0x01, 0x01, 0x02, 0x02,
    0x01, 0x01, 0x06, 0x06, 0x06, 0x02, 0x01, 0x01, 0x02, 0x01, 0x01, 0x06, 0x06, 0x01, 0x02, 0x05, 0x0B, 0x0B, 0x03, 0x0B, 0x0B, 0x05, 0x03, 0x02,
    0x01, 0x01, 0x01, 0x01, 0x06, 0x06, 0x06, 0x06, 0x06, 0x06, 0x06, 0x01, 0x03, 0x02, 0x04, 0x03, 0x02, 0x02, 0x03, 0x05, 0x09, 0x09, 0x05, 0x05,
    0x09, 0x05, 0x03, 0x05, 0x03, 0x01, 0x06, 0x06, 0x06, 0x05, 0x0C, 0x05, 0x03, 0x02, 0x01, 0x06, 0x06, 0x01, 0x05, 0x05, 0x01, 0x02, 0x01, 0x06,
    0x06, 0x01, 0x02, 0x02, 0x03, 0x05, 0x03, 0x09, 0x05, 0x05, 0x01, 0x05, 0x03, 0x03, 0x02, 0x03, 0x02, 0x03, 0x03, 0x05, 0x0C, 0x05, 0x0B, 0x0D,
    0x0E, 0x0B, 0x05, 0x03, 0x05, 0x03, 0x05, 0x05, 0x03, 0x04, 0x06, 0x06, 0x04, 0x02, 0x03, 0x05, 0x02, 0x09, 0x05, 0x01, 0x03, 0x03, 0x02, 0x01,
    0x02, 0x01, 0x02, 0x03, 0x01, 0x04, 0x04, 0x01, 0x01, 0x06, 0x06, 0x06, 0x04, 0x04, 0x01, 0x04, 0x01, 0x05, 0x05, 0x05, 0x05, 0x03, 0x03, 0x03,
    0x01, 0x06, 0x06, 0x04, 0x01, 0x02, 0x02, 0x03, 0x03, 0x03, 0x05, 0x05, 0x02, 0x03, 0x02, 0x03, 0x02, 0x05, 0x0D, 0x0E, 0x0E, 0x05, 0x01, 0x02,
    0x03, 0x02, 0x03, 0x01, 0x03, 0x03, 0x03, 0x03, 0x02, 0x03, 0x03, 0x03, 0x05, 0x03, 0x02, 0x03, 0x03, 0x03, 0x05, 0x05, 0x05, 0x03, 0x03, 0x02,
    0x01, 0x01, 0x01, 0x06, 0x06, 0x06, 0x06, 0x04, 0x01, 0x01, 0x01, 0x04, 0x06, 0x06, 0x04, 0x05, 0x03, 0x06, 0x02, 0x05, 0x02, 0x05, 0x05, 0x03,
    0x05, 0x09, 0x05, 0x02, 0x05, 0x0C, 0x0D, 0x0C, 0x0B, 0x04, 0x01, 0x01, 0x02, 0x04, 0x04, 0x03, 0x02, 0x09, 0x01, 0x01, 0x04, 0x04, 0x01, 0x03,
    0x01, 0x01, 0x02, 0x05, 0x05, 0x01, 0x02, 0x02, 0x04, 0x01, 0x06, 0x01, 0x05, 0x05, 0x09, 0x0B, 0x0B, 0x09, 0x02, 0x02, 0x02, 0x06, 0x04, 0x04,
    0x01, 0x01, 0x03, 0x02, 0x01, 0x01, 0x02, 0x01, 0x04, 0x01, 0x02, 0x02, 0x03, 0x05, 0x05, 0x05, 0x05, 0x05, 0x04, 0x04, 0x01, 0x05, 0x05, 0x05,
    0x02, 0x05, 0x09, 0x05, 0x05, 0x03, 0x03, 0x03, 0x02, 0x02, 0x03, 0x05, 0x03, 0x05, 0x03, 0x01, 0x01, 0x04, 0x02, 0x02, 0x03, 0x01, 0x09, 0x09,
    0x02, 0x02, 0x01, 0x02, 0x01, 0x02, 0x03, 0x03, 0x03, 0x02, 0x02, 0x03, 0x05, 0x03, 0x04, 0x06, 0x04, 0x06, 0x06, 0x06, 0x06, 0x01, 0x01, 0x01,
    0x01, 0x04, 0x06, 0x04, 0x04, 0x04, 0x01, 0x01, 0x01, 0x02, 0x02, 0x03, 0x03, 0x03, 0x03, 0x02, 0x03, 0x02, 0x03, 0x02, 0x02, 0x02, 0x05, 0x0B,
    0x0D, 0x0C, 0x04, 0x01, 0x03, 0x02, 0x02, 0x03, 0x03, 0x03, 0x01, 0x04, 0x01, 0x06, 0x01, 0x01, 0x02, 0x03, 0x03, 0x02, 0x03, 0x02, 0x03, 0x05,
    0x02, 0x01, 0x01, 0x01, 0x01, 0x01, 0x02, 0x02, 0x01, 0x03, 0x03, 0x01, 0x06, 0x06, 0x06, 0x06, 0x06, 0x06, 0x06, 0x02, 0x05, 0x01, 0x04, 0x05,
    0x03, 0x01, 0x03, 0x09, 0x03, 0x03, 0x03, 0x02, 0x02, 0x05, 0x05, 0x09, 0x0B, 0x05, 0x01, 0x03, 0x03, 0x02, 0x01, 0x09, 0x03, 0x03, 0x05, 0x02,
    0x04, 0x04, 0x04, 0x02, 0x01, 0x01, 0x01, 0x01, 0x02, 0x01, 0x09, 0x09, 0x04, 0x06, 0x01, 0x01, 0x05, 0x03, 0x03, 0x03, 0x03, 0x09, 0x0B, 0x0C,
    0x05, 0x03, 0x01, 0x03, 0x05, 0x01, 0x02, 0x01, 0x02, 0x01, 0x01, 0x01, 0x06, 0x04, 0x02, 0x02, 0x02, 0x03, 0x05, 0x03, 0x02, 0x02, 0x03, 0x01,
    0x01, 0x05, 0x0B, 0x05, 0x05, 0x05, 0x03, 0x05, 0x02, 0x03, 0x05, 0x05, 0x05, 0x03, 0x03, 0x02, 0x02, 0x03, 0x03, 0x02, 0x01, 0x01, 0x01, 0x03,
    0x09, 0x09, 0x05, 0x03, 0x03, 0x01, 0x02, 0x02, 0x03, 0x05, 0x05, 0x02, 0x01, 0x02, 0x02, 0x02, 0x05, 0x05, 0x03, 0x02, 0x02, 0x02, 0x01, 0x02,
    0x02, 0x01, 0x01, 0x01, 0x04, 0x06, 0x01, 0x02, 0x02, 0x03, 0x03, 0x01, 0x06, 0x06, 0x04, 0x03, 0x01, 0x03, 0x01, 0x04, 0x01, 0x02, 0x02, 0x03,
    0x03, 0x02, 0x02, 0x03, 0x05, 0x0B, 0x02, 0x06, 0x02, 0x03, 0x05, 0x03, 0x02, 0x02, 0x03, 0x03, 0x02, 0x03, 0x03, 0x03, 0x03, 0x03, 0x02, 0x03,
    0x03, 0x02, 0x01, 0x01, 0x01, 0x01, 0x02, 0x01, 0x06, 0x06, 0x01, 0x01, 0x04, 0x01, 0x01, 0x01, 0x06, 0x06, 0x06, 0x04, 0x01, 0x02, 0x02, 0x02,
    0x02, 0x02, 0x06, 0x04, 0x04, 0x04, 0x02, 0x05, 0x05, 0x05, 0x03, 0x02, 0x02, 0x05, 0x05, 0x03, 0x0B, 0x0E, 0x0D, 0x0F, 0x0E, 0x0D, 0x0C, 0x09,
    0x03, 0x02, 0x01, 0x03, 0x02, 0x02, 0x02, 0x01, 0x04, 0x04, 0x04, 0x01, 0x01, 0x02, 0x02, 0x02, 0x03, 0x06, 0x06, 0x02, 0x03, 0x02, 0x02, 0x05,
    0x05, 0x03, 0x05, 0x05, 0x0B, 0x09, 0x09, 0x09, 0x05, 0x03, 0x02, 0x03, 0x01, 0x03, 0x01, 0x01, 0x03, 0x01, 0x03, 0x02, 0x03, 0x05, 0x05, 0x03,
    0x01, 0x03, 0x09, 0x0B, 0x05, 0x05, 0x05, 0x03, 0x03, 0x03, 0x02, 0x01, 0x03, 0x05, 0x05, 0x03, 0x02, 0x03, 0x01, 0x02, 0x02, 0x05, 0x03, 0x02,
    0x01, 0x01, 0x02, 0x02, 0x02, 0x03, 0x03, 0x05, 0x0C, 0x05, 0x04, 0x06, 0x04, 0x06, 0x04, 0x01, 0x01, 0x04, 0x06, 0x06, 0x03, 0x05, 0x05, 0x05,
    0x03, 0x01, 0x02, 0x03, 0x03, 0x02, 0x02, 0x06, 0x04, 0x04, 0x01, 0x04, 0x01, 0x03, 0x02, 0x03, 0x03, 0x06, 0x01, 0x03, 0x03, 0x03, 0x02, 0x02,
    0x01, 0x02, 0x01, 0x01, 0x06, 0x06, 0x04, 0x04, 0x02, 0x02, 0x05, 0x02, 0x06, 0x02, 0x01, 0x01, 0x02, 0x01, 0x06, 0x04, 0x02, 0x03, 0x02, 0x02,
    0x02, 0x02, 0x02, 0x03, 0x02, 0x01, 0x04, 0x06, 0x06, 0x01, 0x01, 0x01, 0x01, 0x04, 0x06, 0x06, 0x04, 0x02, 0x01, 0x04, 0x01, 0x06, 0x06, 0x06,
    0x06, 0x03, 0x03, 0x02, 0x02, 0x0B, 0x02, 0x04, 0x03, 0x03, 0x03, 0x05, 0x03, 0x02, 0x09, 0x05, 0x01, 0x06, 0x03, 0x02, 0x02, 0x05, 0x0D, 0x0B,
    0x09, 0x09, 0x0B, 0x02, 0x01, 0x02, 0x02, 0x02, 0x02, 0x02, 0x01, 0x02, 0x05, 0x05, 0x03, 0x01, 0x03, 0x02, 0x02, 0x03, 0x01, 0x02, 0x03, 0x05,
    0x05, 0x05, 0x04, 0x02, 0x05, 0x03, 0x03, 0x03, 0x05, 0x09, 0x03, 0x03, 0x05, 0x05, 0x03, 0x03, 0x09, 0x03, 0x01, 0x01, 0x03, 0x05, 0x03, 0x05,
    0x05, 0x05, 0x03, 0x05, 0x0B, 0x03, 0x05, 0x05, 0x0B, 0x05, 0x03, 0x03, 0x03, 0x05, 0x05, 0x05, 0x05, 0x05, 0x05, 0x03, 0x03, 0x02, 0x02, 0x01,
    0x02, 0x01, 0x02, 0x03, 0x02, 0x02, 0x01, 0x06, 0x04, 0x03, 0x03, 0x05, 0x02, 0x03, 0x02, 0x06, 0x06, 0x06, 0x06, 0x06, 0x04, 0x03, 0x03, 0x04,
    0x06, 0x02, 0x05, 0x02, 0x01, 0x06, 0x01, 0x02, 0x03, 0x05, 0x03, 0x03, 0x03, 0x03, 0x02, 0x06, 0x04, 0x02, 0x01, 0x04, 0x03, 0x05, 0x05, 0x01,
    0x01, 0x01, 0x02, 0x02, 0x02, 0x06, 0x04, 0x04, 0x01, 0x02, 0x02, 0x01, 0x04, 0x04, 0x05, 0x05, 0x03, 0x06, 0x01, 0x09, 0x03, 0x05, 0x03, 0x02,
    0x02, 0x02, 0x02, 0x03, 0x02, 0x01, 0x02, 0x01, 0x01, 0x01, 0x01, 0x04, 0x06, 0x06, 0x06, 0x06, 0x01, 0x01, 0x06, 0x04, 0x06, 0x01, 0x01, 0x01,
    0x03, 0x05, 0x02, 0x04, 0x06, 0x06, 0x02, 0x01, 0x01, 0x05, 0x03, 0x02, 0x05, 0x05, 0x03, 0x05, 0x03, 0x03, 0x03, 0x03, 0x06, 0x06, 0x01, 0x03,
    0x03, 0x05, 0x03, 0x01, 0x01, 0x04, 0x02, 0x06, 0x06, 0x01, 0x02, 0x03, 0x03, 0x02, 0x03, 0x01, 0x02, 0x02, 0x02, 0x02, 0x02, 0x02, 0x01, 0x01,
    0x03, 0x03, 0x09, 0x09, 0x09, 0x09, 0x09, 0x03, 0x01, 0x03, 0x02, 0x02, 0x02, 0x02, 0x01, 0x03, 0x03, 0x03, 0x03, 0x05, 0x05, 0x02, 0x05, 0x03,
    0x03, 0x05, 0x03, 0x03, 0x03, 0x02, 0x01, 0x01, 0x03, 0x03, 0x03, 0x03, 0x03, 0x05, 0x01, 0x05, 0x05, 0x05, 0x05, 0x03, 0x03, 0x05, 0x05, 0x02,
    0x03, 0x05, 0x05, 0x02, 0x06, 0x06, 0x06, 0x06, 0x03, 0x03, 0x05, 0x02, 0x02, 0x03, 0x06, 0x02, 0x01, 0x02, 0x01, 0x02, 0x01, 0x01, 0x06, 0x04,
    0x01, 0x02, 0x02, 0x06, 0x06, 0x03, 0x05, 0x05, 0x05, 0x0B, 0x05, 0x02, 0x01, 0x03, 0x05, 0x05, 0x05, 0x05, 0x09, 0x05, 0x05, 0x03, 0x03, 0x02,
    0x01, 0x02, 0x01, 0x03, 0x02, 0x04, 0x06, 0x04, 0x02, 0x03, 0x02, 0x02, 0x04, 0x02, 0x02, 0x01, 0x04, 0x02, 0x03, 0x03, 0x05, 0x04, 0x06, 0x05,
    0x02, 0x02, 0x05, 0x03, 0x03, 0x02, 0x03, 0x02, 0x03, 0x01, 0x06, 0x06, 0x06, 0x06, 0x06, 0x06, 0x01, 0x06, 0x06, 0x06, 0x06, 0x04, 0x02, 0x02,
    0x05, 0x03, 0x02, 0x01, 0x03, 0x09, 0x05, 0x01, 0x01, 0x06, 0x06, 0x06, 0x02, 0x02, 0x06, 0x06, 0x05, 0x03, 0x03, 0x01, 0x03, 0x03, 0x03, 0x02,
    0x05, 0x01, 0x06, 0x06, 0x06, 0x06, 0x06, 0x06, 0x02, 0x06, 0x06, 0x02, 0x06, 0x06, 0x06, 0x04, 0x01, 0x01, 0x04, 0x04, 0x01, 0x01, 0x06, 0x06,
    0x04, 0x02, 0x01, 0x01, 0x06, 0x04, 0x02, 0x02, 0x02, 0x03, 0x01, 0x02, 0x02, 0x03, 0x02, 0x02, 0x02, 0x02, 0x02, 0x01, 0x02, 0x02, 0x02, 0x03,
    0x02, 0x01, 0x03, 0x02, 0x03, 0x02, 0x05, 0x05, 0x03, 0x02, 0x02, 0x03, 0x02, 0x02, 0x01, 0x03, 0x01, 0x05, 0x05, 0x05, 0x0B, 0x05, 0x05, 0x03,
    0x01, 0x01, 0x06, 0x04, 0x09, 0x03, 0x05, 0x05, 0x01, 0x02, 0x06, 0x06, 0x01, 0x05, 0x02, 0x01, 0x01, 0x01, 0x01, 0x04, 0x01, 0x02, 0x03, 0x03,
    0x02, 0x04, 0x06, 0x01, 0x04, 0x01, 0x01, 0x03, 0x06, 0x06, 0x03, 0x05, 0x03, 0x03, 0x05, 0x05, 0x06, 0x02, 0x03, 0x05, 0x05, 0x05, 0x03, 0x02,
    0x03, 0x03, 0x03, 0x03, 0x01, 0x04, 0x04, 0x06, 0x03, 0x02, 0x03, 0x06, 0x06, 0x06, 0x02, 0x09, 0x05, 0x02, 0x01, 0x01, 0x01, 0x03, 0x02, 0x02,
    0x02, 0x01, 0x02, 0x01, 0x02, 0x02, 0x02, 0x02, 0x02, 0x02, 0x02, 0x01, 0x01, 0x06, 0x06, 0x06, 0x06, 0x01, 0x01, 0x01, 0x02, 0x01, 0x04, 0x01,
    0x01, 0x01, 0x01, 0x02, 0x01, 0x09, 0x05, 0x02, 0x02, 0x03, 0x03, 0x01, 0x01, 0x05, 0x05, 0x05, 0x01, 0x03, 0x05, 0x01, 0x06, 0x02, 0x02, 0x02,
    0x04, 0x01, 0x06, 0x06, 0x06, 0x06, 0x02, 0x03, 0x09, 0x02, 0x02, 0x02, 0x04, 0x05, 0x01, 0x03, 0x05, 0x03, 0x06, 0x06, 0x06, 0x01, 0x01, 0x02,
    0x01, 0x01, 0x02, 0x02, 0x02, 0x02, 0x02, 0x01, 0x04, 0x06, 0x01, 0x03, 0x03, 0x02, 0x02, 0x03, 0x01, 0x02, 0x01, 0x06, 0x06, 0x06, 0x06, 0x01,
    0x06, 0x06, 0x01, 0x01, 0x03, 0x03, 0x01, 0x01, 0x02, 0x02, 0x01, 0x02, 0x02, 0x03, 0x02, 0x03, 0x05, 0x05, 0x03, 0x02, 0x01, 0x03, 0x05, 0x05,
    0x03, 0x02, 0x02, 0x02, 0x02, 0x03, 0x02, 0x02, 0x05, 0x03, 0x03, 0x09, 0x09, 0x05, 0x05, 0x05, 0x03, 0x01, 0x01, 0x01, 0x04, 0x01, 0x01, 0x01,
    0x01, 0x02, 0x03, 0x03, 0x01, 0x01, 0x02, 0x01, 0x01, 0x04, 0x04, 0x01, 0x01, 0x06, 0x06, 0x02, 0x03, 0x03, 0x05, 0x05, 0x0B, 0x03, 0x03, 0x05,
    0x05, 0x03, 0x01, 0x06, 0x01, 0x04, 0x03, 0x03, 0x02, 0x04, 0x02, 0x05, 0x03, 0x05, 0x03, 0x03, 0x05, 0x09, 0x03, 0x03, 0x03, 0x03, 0x03, 0x05,
    0x05, 0x01, 0x02, 0x01, 0x06, 0x01, 0x03, 0x02, 0x02, 0x01, 0x02, 0x03, 0x03, 0x01, 0x01, 0x06, 0x04, 0x04, 0x01, 0x01, 0x04, 0x06, 0x06, 0x06,
    0x03, 0x02, 0x02, 0x03, 0x02, 0x01, 0x02, 0x01, 0x02, 0x01, 0x01, 0x01, 0x01, 0x01, 0x01, 0x01, 0x01, 0x03, 0x09, 0x0B, 0x03, 0x02, 0x05, 0x01,
    0x06, 0x06, 0x06, 0x01, 0x03, 0x03, 0x02, 0x01, 0x01, 0x04, 0x03, 0x0C, 0x05, 0x03, 0x02, 0x03, 0x05, 0x01, 0x03, 0x0B, 0x05, 0x03, 0x05, 0x05,
    0x01, 0x02, 0x01, 0x01, 0x01, 0x01, 0x03, 0x01, 0x02, 0x04, 0x04, 0x01, 0x06, 0x06, 0x06, 0x03, 0x02, 0x03, 0x03, 0x03, 0x02, 0x02, 0x01, 0x06,
    0x06, 0x01, 0x04, 0x04, 0x01, 0x04, 0x02, 0x01, 0x01, 0x01, 0x01, 0x03, 0x05, 0x09, 0x0B, 0x03, 0x02, 0x01, 0x02, 0x03, 0x05, 0x03, 0x02, 0x02,
    0x02, 0x03, 0x05, 0x05, 0x03, 0x01, 0x01, 0x02, 0x03, 0x03, 0x02, 0x02, 0x05, 0x01, 0x02, 0x03, 0x02, 0x05, 0x03, 0x03, 0x03, 0x03, 0x02, 0x04,
    0x04, 0x01, 0x01, 0x01, 0x01, 0x03, 0x01, 0x01, 0x04, 0x04, 0x04, 0x01, 0x01, 0x06, 0x06, 0x06, 0x01, 0x04, 0x01, 0x05, 0x03, 0x03, 0x03, 0x03,
    0x03, 0x03, 0x02, 0x03, 0x02, 0x02, 0x02, 0x01, 0x01, 0x04, 0x04, 0x03, 0x03, 0x05, 0x03, 0x02, 0x02, 0x02, 0x05, 0x05, 0x05, 0x05, 0x03, 0x02,
    0x02, 0x03, 0x02, 0x05, 0x09, 0x05, 0x02, 0x06, 0x01, 0x04, 0x06, 0x04, 0x03, 0x03, 0x03, 0x02, 0x01, 0x04, 0x06, 0x06, 0x04, 0x01, 0x01, 0x03,
    0x05, 0x02, 0x02, 0x06, 0x04, 0x03, 0x03, 0x05, 0x05, 0x02, 0x03, 0x02, 0x06, 0x06, 0x06, 0x01, 0x04, 0x06, 0x01, 0x01, 0x01, 0x01, 0x03, 0x03,
    0x05, 0x02, 0x03, 0x01, 0x01, 0x06, 0x06, 0x06, 0x01, 0x02, 0x02, 0x03, 0x05, 0x05, 0x05, 0x03, 0x03, 0x03, 0x02, 0x05, 0x01, 0x02, 0x02, 0x01,
    0x02, 0x02, 0x06, 0x06, 0x04, 0x04, 0x06, 0x04, 0x02, 0x02, 0x02, 0x02, 0x03, 0x01, 0x01, 0x02, 0x06, 0x01, 0x01, 0x09, 0x05, 0x02, 0x03, 0x01,
    0x04, 0x01, 0x01, 0x01, 0x04, 0x06, 0x01, 0x03, 0x03, 0x01, 0x01, 0x06, 0x01, 0x01, 0x01, 0x02, 0x03, 0x03, 0x03, 0x05, 0x03, 0x03, 0x03, 0x05,
    0x01, 0x02, 0x01, 0x01, 0x02, 0x03, 0x05, 0x05, 0x03, 0x01, 0x04, 0x01, 0x03, 0x02, 0x01, 0x02, 0x0C, 0x09, 0x05, 0x02, 0x01, 0x01, 0x05, 0x05,
    0x03, 0x04, 0x06, 0x06, 0x06, 0x06, 0x01, 0x02, 0x01, 0x01, 0x04, 0x04, 0x01, 0x06, 0x06, 0x06, 0x01, 0x01, 0x01, 0x01, 0x01, 0x01, 0x01, 0x02,
    0x03, 0x03, 0x01, 0x03, 0x02, 0x02, 0x01, 0x06, 0x04, 0x02, 0x02, 0x02, 0x03, 0x03, 0x03, 0x01, 0x03, 0x02, 0x02, 0x02, 0x02, 0x01, 0x05, 0x05,
    0x05, 0x03, 0x03, 0x02, 0x02, 0x03, 0x05, 0x05, 0x03, 0x01, 0x03, 0x05, 0x01, 0x03, 0x04, 0x06, 0x04, 0x01, 0x01, 0x02, 0x01, 0x06, 0x06, 0x04,
    0x04, 0x04, 0x04, 0x01, 0x01, 0x03, 0x02, 0x04, 0x02, 0x03, 0x05, 0x05, 0x03, 0x03, 0x05, 0x02, 0x03, 0x01, 0x03, 0x01, 0x06, 0x04, 0x03, 0x03,
    0x01, 0x02, 0x03, 0x02, 0x01, 0x05, 0x03, 0x04, 0x05, 0x03, 0x02, 0x06, 0x06, 0x01, 0x02, 0x01, 0x02, 0x03, 0x03, 0x02, 0x03, 0x09, 0x02, 0x03,
    0x01, 0x02, 0x04, 0x06, 0x04, 0x03, 0x03, 0x06, 0x06, 0x06, 0x04, 0x03, 0x05, 0x02, 0x02, 0x01, 0x06, 0x03, 0x0C, 0x03, 0x0A, 0x0E, 0x0C, 0x05,
    0x01, 0x06, 0x06, 0x01, 0x01, 0x02, 0x01, 0x01, 0x01, 0x01, 0x04, 0x02, 0x05, 0x01, 0x01, 0x01, 0x05, 0x02, 0x02, 0x03, 0x03, 0x03, 0x05, 0x05,
    0x0B, 0x05, 0x02, 0x02, 0x02, 0x03, 0x03, 0x02, 0x01, 0x01, 0x05, 0x02, 0x03, 0x03, 0x03, 0x03, 0x03, 0x02, 0x03, 0x03, 0x02, 0x03, 0x05, 0x05,
    0x05, 0x01, 0x06, 0x02, 0x04, 0x01, 0x01, 0x01, 0x06, 0x06, 0x06, 0x04, 0x06, 0x06, 0x06, 0x01, 0x01, 0x04, 0x06, 0x06, 0x06, 0x01, 0x01, 0x01,
    0x04, 0x01, 0x04, 0x06, 0x06, 0x01, 0x02, 0x01, 0x02, 0x01, 0x02, 0x01, 0x01, 0x01, 0x02, 0x03, 0x05, 0x03, 0x02, 0x03, 0x03, 0x01, 0x01, 0x04,
    0x02, 0x03, 0x05, 0x05, 0x05, 0x03, 0x02, 0x03, 0x03, 0x03, 0x02, 0x01, 0x01, 0x01, 0x01, 0x02, 0x02, 0x03, 0x05, 0x06, 0x06, 0x04, 0x01, 0x01,
    0x04, 0x06, 0x04, 0x01, 0x01, 0x06, 0x06, 0x06, 0x06, 0x06, 0x06, 0x06, 0x03, 0x05, 0x03, 0x02, 0x03, 0x02, 0x03, 0x03, 0x05, 0x01, 0x01, 0x03,
    0x05, 0x01, 0x01, 0x03, 0x03, 0x05, 0x01, 0x02, 0x02, 0x05, 0x0C, 0x02, 0x05, 0x03, 0x02, 0x01, 0x06, 0x04, 0x01, 0x01, 0x01, 0x03, 0x05, 0x02,
    0x02, 0x05, 0x03, 0x04, 0x03, 0x02, 0x02, 0x05, 0x0B, 0x09, 0x0B, 0x0B, 0x02, 0x01, 0x01, 0x02, 0x03, 0x03, 0x02, 0x06, 0x06, 0x01, 0x03, 0x03,
    0x05, 0x09, 0x05, 0x05, 0x02, 0x03, 0x03, 0x03, 0x02, 0x01, 0x05, 0x03, 0x02, 0x01, 0x01, 0x06, 0x03, 0x05, 0x01, 0x09, 0x02, 0x01, 0x03, 0x05,
    0x03, 0x03, 0x02, 0x03, 0x03, 0x03, 0x05, 0x05, 0x03, 0x05, 0x03, 0x03, 0x02, 0x03, 0x01, 0x04, 0x03, 0x03, 0x05, 0x05, 0x02, 0x01, 0x04, 0x02,
    0x05, 0x03, 0x03, 0x05, 0x09, 0x05, 0x04, 0x06, 0x04, 0x04, 0x01, 0x01, 0x01, 0x04, 0x01, 0x04, 0x06, 0x06, 0x06, 0x06, 0x06, 0x02, 0x02, 0x04,
    0x06, 0x06, 0x06, 0x01, 0x01, 0x03, 0x05, 0x02, 0x02, 0x04, 0x01, 0x06, 0x01, 0x01, 0x01, 0x02, 0x03, 0x01, 0x02, 0x03, 0x05, 0x03, 0x03, 0x02,
    0x05, 0x05, 0x03, 0x03, 0x01, 0x03, 0x03, 0x05, 0x03, 0x02, 0x02, 0x01, 0x02, 0x03, 0x02, 0x06, 0x06, 0x01, 0x01, 0x04, 0x02, 0x03, 0x05, 0x03,
    0x06, 0x06, 0x04, 0x06, 0x04, 0x06, 0x06, 0x01, 0x02, 0x02, 0x04, 0x06, 0x06, 0x01, 0x04, 0x05, 0x03, 0x06, 0x06, 0x06, 0x02, 0x04, 0x04, 0x02,
    0x02, 0x01, 0x06, 0x04, 0x03, 0x03, 0x01, 0x02, 0x03, 0x01, 0x01, 0x01, 0x03, 0x02, 0x03, 0x03, 0x01, 0x01, 0x03, 0x01, 0x04, 0x06, 0x06, 0x06,
    0x06, 0x06, 0x04, 0x01, 0x02, 0x03, 0x03, 0x02, 0x05, 0x05, 0x0D, 0x09, 0x05, 0x05, 0x0C, 0x0D, 0x09, 0x05, 0x05, 0x03, 0x02, 0x02, 0x05, 0x0B,
    0x03, 0x01, 0x02, 0x01, 0x03, 0x02, 0x03, 0x09, 0x05, 0x05, 0x03, 0x02, 0x02, 0x01, 0x05, 0x09, 0x09, 0x09, 0x0C, 0x09, 0x03, 0x03, 0x09, 0x09,
    0x05, 0x03, 0x03, 0x03, 0x02, 0x03, 0x02, 0x02, 0x03, 0x02, 0x02, 0x02, 0x01, 0x02, 0x02, 0x03, 0x03, 0x02, 0x04, 0x02, 0x09, 0x01, 0x04, 0x03,
    0x05, 0x03, 0x02, 0x02, 0x02, 0x03, 0x01, 0x03, 0x01, 0x0B, 0x0E, 0x01, 0x01, 0x01, 0x06, 0x06, 0x01, 0x06, 0x04, 0x04, 0x06, 0x06, 0x06, 0x06,
    0x04, 0x03, 0x05, 0x02, 0x04, 0x02, 0x01, 0x03, 0x03, 0x09, 0x05, 0x05, 0x05, 0x02, 0x01, 0x03, 0x03, 0x01, 0x02, 0x02, 0x01, 0x03, 0x05, 0x03,
    0x02, 0x02, 0x03, 0x03, 0x02, 0x03, 0x05, 0x05, 0x02, 0x03, 0x03, 0x02, 0x02, 0x02, 0x05, 0x02, 0x01, 0x01, 0x04, 0x03, 0x03, 0x02, 0x02, 0x05,
    0x03, 0x03, 0x02, 0x03, 0x02, 0x06, 0x02, 0x04, 0x04, 0x06, 0x04, 0x01, 0x04, 0x03, 0x05, 0x04, 0x06, 0x02, 0x02, 0x0D, 0x03, 0x04, 0x04, 0x01,
    0x05, 0x02, 0x01, 0x02, 0x02, 0x03, 0x03, 0x02, 0x01, 0x02, 0x01, 0x04, 0x02, 0x02, 0x02, 0x01, 0x01, 0x01, 0x02, 0x04, 0x01, 0x04, 0x04, 0x02,
    0x01, 0x04, 0x06, 0x04, 0x04, 0x06, 0x06, 0x06, 0x05, 0x02, 0x04, 0x02, 0x05, 0x05, 0x02, 0x01, 0x01, 0x01, 0x02, 0x0B, 0x0C, 0x09, 0x05, 0x02,
    0x04, 0x02, 0x01, 0x05, 0x0C, 0x0A, 0x0B, 0x01, 0x01, 0x01, 0x01, 0x01, 0x02, 0x03, 0x02, 0x05, 0x05, 0x05, 0x05, 0x05, 0x03, 0x02, 0x01, 0x01,
    0x06, 0x01, 0x01, 0x03, 0x01, 0x02, 0x02, 0x02, 0x02, 0x02, 0x02, 0x03, 0x03, 0x01, 0x06, 0x02, 0x03, 0x02, 0x03, 0x03, 0x02, 0x05, 0x05, 0x05,
    0x03, 0x05, 0x06, 0x03, 0x05, 0x05, 0x03, 0x03, 0x01, 0x02, 0x02, 0x01, 0x01, 0x01, 0x01, 0x02, 0x01, 0x03, 0x01, 0x06, 0x04, 0x04, 0x06, 0x06,
    0x06, 0x06, 0x06, 0x06, 0x01, 0x09, 0x09, 0x03, 0x06, 0x01, 0x05, 0x03, 0x05, 0x09, 0x0B, 0x03, 0x02, 0x02, 0x02, 0x05, 0x0B, 0x09, 0x03, 0x02,
    0x03, 0x03, 0x05, 0x05, 0x02, 0x02, 0x03, 0x03, 0x03, 0x03, 0x05, 0x05, 0x02, 0x03, 0x03, 0x01, 0x02, 0x04, 0x04, 0x02, 0x01, 0x04, 0x01, 0x02,
    0x03, 0x02, 0x03, 0x03, 0x03, 0x02, 0x02, 0x02, 0x05, 0x02, 0x06, 0x01, 0x02, 0x04, 0x06, 0x04, 0x03, 0x03, 0x0B, 0x0C, 0x02, 0x0C, 0x11, 0x0D,
    0x05, 0x05, 0x05, 0x02, 0x06, 0x03, 0x02, 0x01, 0x02, 0x03, 0x03, 0x03, 0x01, 0x06, 0x06, 0x06, 0x01, 0x03, 0x03, 0x03, 0x01, 0x02, 0x01, 0x02,
    0x01, 0x04, 0x01, 0x04, 0x01, 0x01, 0x02, 0x01, 0x01, 0x02, 0x01, 0x04, 0x02, 0x03, 0x01, 0x04, 0x03, 0x01, 0x04, 0x04, 0x06, 0x06, 0x01, 0x03,
    0x05, 0x05, 0x03, 0x01, 0x06, 0x06, 0x06, 0x02, 0x05, 0x05, 0x03, 0x02, 0x01, 0x04, 0x01, 0x01, 0x03, 0x05, 0x05, 0x03, 0x05, 0x03, 0x03, 0x02,
    0x03, 0x02, 0x01, 0x01, 0x06, 0x04, 0x01, 0x02, 0x01, 0x03, 0x03, 0x03, 0x03, 0x03, 0x03, 0x02, 0x03, 0x05, 0x05, 0x03, 0x02, 0x02, 0x03, 0x03,
    0x02, 0x05, 0x0B, 0x0D, 0x05, 0x05, 0x05, 0x03, 0x02, 0x05, 0x05, 0x03, 0x01, 0x01, 0x01, 0x01, 0x02, 0x02, 0x02, 0x03, 0x05, 0x03, 0x02, 0x01,
    0x01, 0x03, 0x05, 0x01, 0x01, 0x02, 0x06, 0x04, 0x03, 0x03, 0x05, 0x03, 0x01, 0x06, 0x01, 0x06, 0x04, 0x01, 0x03, 0x03, 0x01, 0x02, 0x03, 0x05,
    0x03, 0x03, 0x02, 0x02, 0x03, 0x02, 0x02, 0x02, 0x01, 0x02, 0x03, 0x03, 0x02, 0x02, 0x02, 0x01, 0x04, 0x01, 0x05, 0x09, 0x03, 0x02, 0x01, 0x03,
    0x05, 0x02, 0x02, 0x02, 0x03, 0x03, 0x03, 0x05, 0x03, 0x02, 0x02, 0x03, 0x05, 0x05, 0x05, 0x03, 0x05, 0x05, 0x04, 0x04, 0x02, 0x03, 0x03, 0x09,
    0x0F, 0x0C, 0x0C, 0x09, 0x0B, 0x0B, 0x0B, 0x0C, 0x05, 0x02, 0x03, 0x02, 0x02, 0x03, 0x02, 0x01, 0x06, 0x01, 0x02, 0x01, 0x05, 0x05, 0x03, 0x02,
    0x01, 0x01, 0x01, 0x03, 0x03, 0x04, 0x01, 0x01, 0x01, 0x02, 0x03, 0x09, 0x0C, 0x02, 0x06, 0x01, 0x04, 0x06, 0x06, 0x01, 0x06, 0x01, 0x03, 0x02,
    0x02, 0x01, 0x01, 0x02, 0x03, 0x02, 0x06, 0x01, 0x03, 0x09, 0x01, 0x01, 0x06, 0x01, 0x06, 0x03, 0x02, 0x02, 0x02, 0x05, 0x03, 0x02, 0x03, 0x05,
    0x03, 0x03, 0x03, 0x03, 0x02, 0x02, 0x01, 0x01, 0x01, 0x01, 0x02, 0x02, 0x02, 0x03, 0x02, 0x03, 0x02, 0x03, 0x02, 0x03, 0x02, 0x02, 0x02, 0x03,
    0x03, 0x03, 0x02, 0x03, 0x05, 0x05, 0x03, 0x05, 0x03, 0x05, 0x01, 0x03, 0x03, 0x03, 0x03, 0x02, 0x04, 0x01, 0x02, 0x02, 0x01, 0x02, 0x05, 0x03,
    0x04, 0x04, 0x03, 0x09, 0x0D, 0x11, 0x11, 0x0E, 0x0C, 0x09, 0x05, 0x03, 0x04, 0x02, 0x05, 0x09, 0x0B, 0x01, 0x06, 0x06, 0x01, 0x03, 0x05, 0x05,
    0x03, 0x05, 0x01, 0x05, 0x03, 0x02, 0x01, 0x02, 0x02, 0x03, 0x01, 0x06, 0x01, 0x01, 0x02, 0x02, 0x03, 0x02, 0x01, 0x05, 0x06, 0x06, 0x01, 0x05,
    0x03, 0x03, 0x05, 0x09, 0x03, 0x05, 0x03, 0x02, 0x02, 0x03, 0x03, 0x02, 0x03, 0x02, 0x02, 0x02, 0x02, 0x02, 0x03, 0x03, 0x03, 0x0B, 0x0E, 0x0D,
    0x03, 0x04, 0x01, 0x03, 0x02, 0x03, 0x02, 0x03, 0x03, 0x09, 0x05, 0x05, 0x05, 0x02, 0x03, 0x05, 0x03, 0x02, 0x02, 0x01, 0x01, 0x03, 0x03, 0x05,
    0x09, 0x09, 0x02, 0x03, 0x02, 0x01, 0x03, 0x02, 0x02, 0x01, 0x06, 0x06, 0x04, 0x01, 0x02, 0x03, 0x09, 0x0B, 0x0E, 0x0E, 0x0C, 0x09, 0x02, 0x01,
    0x06, 0x06, 0x03, 0x05, 0x09, 0x0D, 0x0B, 0x03, 0x02, 0x04, 0x04, 0x06, 0x01, 0x0B, 0x0A, 0x0C, 0x02, 0x02, 0x01, 0x06, 0x01, 0x05, 0x05, 0x02,
    0x02, 0x03, 0x05, 0x05, 0x03, 0x03, 0x03, 0x03, 0x02, 0x02, 0x02, 0x02, 0x02, 0x01, 0x02, 0x02, 0x02, 0x02, 0x02, 0x02, 0x02, 0x02, 0x03, 0x02,
    0x03, 0x03, 0x03, 0x02, 0x03, 0x02, 0x03, 0x02, 0x03, 0x04, 0x04, 0x01, 0x02, 0x05, 0x05, 0x03, 0x01, 0x04, 0x04, 0x01, 0x02, 0x01, 0x01, 0x03,
    0x05, 0x03, 0x03, 0x01, 0x04, 0x01, 0x09, 0x0D, 0x0D, 0x09, 0x05, 0x05, 0x05, 0x05, 0x02, 0x01, 0x03, 0x02, 0x02, 0x0B, 0x0F, 0x10, 0x0E, 0x05,
    0x05, 0x05, 0x0C, 0x0D, 0x0D, 0x05, 0x06, 0x06, 0x02, 0x03, 0x03, 0x02, 0x01, 0x03, 0x02, 0x04, 0x04, 0x01, 0x02, 0x02, 0x02, 0x02, 0x03, 0x03,
    0x05, 0x06, 0x06, 0x06, 0x06, 0x02, 0x03, 0x03, 0x02, 0x02, 0x02, 0x02, 0x0C, 0x0C, 0x09, 0x03, 0x05, 0x0C, 0x03, 0x03, 0x02, 0x03, 0x02, 0x02,
    0x02, 0x03, 0x05, 0x03, 0x09, 0x05, 0x05, 0x02, 0x04, 0x06, 0x04, 0x03, 0x03, 0x05, 0x02, 0x03, 0x0B, 0x0B, 0x05, 0x03, 0x02, 0x01, 0x01, 0x02,
    0x03, 0x05, 0x05, 0x02, 0x02, 0x03, 0x05, 0x01, 0x01, 0x01, 0x01, 0x06, 0x01, 0x01, 0x01, 0x06, 0x06, 0x06, 0x02, 0x04, 0x06, 0x06, 0x01, 0x01,
    0x01, 0x03, 0x05, 0x05, 0x05, 0x06, 0x06, 0x01, 0x05, 0x05, 0x05, 0x09, 0x09, 0x0C, 0x0E, 0x0D, 0x0C, 0x0B, 0x05, 0x09, 0x0B, 0x05, 0x02, 0x04,
    0x06, 0x02, 0x09, 0x03, 0x02, 0x02, 0x01, 0x03, 0x03, 0x01, 0x02, 0x02, 0x03, 0x02, 0x02, 0x02, 0x01, 0x02, 0x02, 0x02, 0x02, 0x02, 0x03, 0x02,
    0x03, 0x02, 0x02, 0x02, 0x02, 0x02, 0x02, 0x02, 0x02, 0x01, 0x04, 0x01, 0x06, 0x01, 0x06, 0x02, 0x04, 0x01, 0x03, 0x03, 0x02, 0x06, 0x06, 0x06,
    0x01, 0x02, 0x03, 0x05, 0x03, 0x03, 0x05, 0x05, 0x05, 0x03, 0x03, 0x05, 0x05, 0x02, 0x01, 0x03, 0x02, 0x05, 0x0B, 0x0B, 0x05, 0x03, 0x02, 0x01,
    0x02, 0x0B, 0x0E, 0x0D, 0x0D, 0x0B, 0x09, 0x05, 0x0D, 0x0F, 0x0D, 0x01, 0x06, 0x06, 0x01, 0x06, 0x06, 0x06, 0x01, 0x03, 0x01, 0x06, 0x06, 0x06,
    0x06, 0x01, 0x03, 0x03, 0x0B, 0x0B, 0x05, 0x03, 0x06, 0x02, 0x04, 0x06, 0x06, 0x01, 0x05, 0x0C, 0x0C, 0x0D, 0x0D, 0x0B, 0x02, 0x03, 0x03, 0x04,
    0x02, 0x01, 0x02, 0x0B, 0x02, 0x01, 0x02, 0x02, 0x02, 0x02, 0x05, 0x0C, 0x0E, 0x03, 0x02, 0x03, 0x05, 0x0B, 0x02, 0x02, 0x03, 0x01, 0x01, 0x05,
    0x03, 0x01, 0x06, 0x06, 0x01, 0x0B, 0x0C, 0x0B, 0x01, 0x01, 0x05, 0x01, 0x01, 0x01, 0x06, 0x04, 0x01, 0x01, 0x01, 0x06, 0x06, 0x04, 0x01, 0x03,
    0x01, 0x06, 0x06, 0x06, 0x06, 0x03, 0x05, 0x0B, 0x0C, 0x05, 0x06, 0x06, 0x01, 0x05, 0x05, 0x03, 0x05, 0x03, 0x02, 0x05, 0x09, 0x03, 0x03, 0x02,
    0x02, 0x01, 0x05, 0x05, 0x06, 0x06, 0x01, 0x03, 0x01, 0x02, 0x03, 0x02, 0x02, 0x06, 0x06, 0x01, 0x09, 0x03, 0x01, 0x01, 0x01, 0x01, 0x01, 0x02,
    0x01, 0x02, 0x02, 0x02, 0x02, 0x02, 0x02, 0x02, 0x02, 0x02, 0x02, 0x02, 0x04, 0x01, 0x06, 0x06, 0x06, 0x04, 0x01, 0x05, 0x06, 0x06, 0x01, 0x03,
    0x02, 0x04, 0x01, 0x06, 0x01, 0x02, 0x03, 0x05, 0x03, 0x02, 0x03, 0x03, 0x03, 0x03, 0x03, 0x03, 0x03, 0x03, 0x02, 0x02, 0x06, 0x03, 0x03, 0x05,
    0x03, 0x02, 0x01, 0x02, 0x02, 0x03, 0x03, 0x03, 0x03, 0x05, 0x03, 0x02, 0x01, 0x05, 0x0D, 0x0B, 0x02, 0x02, 0x06, 0x04, 0x06, 0x01, 0x06, 0x02,
    0x02, 0x04, 0x06, 0x01, 0x02, 0x02, 0x03, 0x03, 0x05, 0x0D, 0x05, 0x03, 0x05, 0x03, 0x04, 0x03, 0x09, 0x05, 0x0B, 0x05, 0x05, 0x05, 0x05, 0x02,
    0x04, 0x02, 0x01, 0x06, 0x01, 0x02, 0x03, 0x03, 0x03, 0x02, 0x04, 0x01, 0x03, 0x03, 0x09, 0x05, 0x05, 0x01, 0x02, 0x02, 0x03, 0x02, 0x01, 0x01,
    0x01, 0x01, 0x02, 0x05, 0x03, 0x01, 0x03, 0x02, 0x04, 0x01, 0x03, 0x01, 0x02, 0x01, 0x03, 0x02, 0x03, 0x02, 0x02, 0x01, 0x03, 0x02, 0x01, 0x06,
    0x06, 0x02, 0x0C, 0x0E, 0x0E, 0x0F, 0x0B, 0x01, 0x02, 0x02, 0x04, 0x02, 0x09, 0x0E, 0x05, 0x03, 0x06, 0x05, 0x05, 0x05, 0x01, 0x03, 0x03, 0x02,
    0x03, 0x02, 0x02, 0x02, 0x02, 0x03, 0x03, 0x02, 0x05, 0x04, 0x06, 0x01, 0x01, 0x02, 0x03, 0x02, 0x02, 0x04, 0x01, 0x01, 0x02, 0x02, 0x03, 0x03,
    0x03, 0x01, 0x02, 0x01, 0x01, 0x02, 0x01, 0x02, 0x02, 0x02, 0x02, 0x02, 0x02, 0x03, 0x03, 0x05, 0x05, 0x01, 0x06, 0x06, 0x01, 0x06, 0x04, 0x02,
    0x06, 0x06, 0x06, 0x06, 0x01, 0x02, 0x01, 0x02, 0x02, 0x02, 0x03, 0x03, 0x02, 0x03, 0x02, 0x03, 0x03, 0x03, 0x02, 0x01, 0x02, 0x04, 0x02, 0x01,
    0x05, 0x04, 0x02, 0x02, 0x03, 0x02, 0x01, 0x02, 0x05, 0x09, 0x03, 0x05, 0x09, 0x01, 0x02, 0x05, 0x03, 0x03, 0x05, 0x0D, 0x05, 0x0B, 0x0B, 0x0B,
    0x0B, 0x09, 0x01, 0x06, 0x04, 0x04, 0x06, 0x06, 0x06, 0x02, 0x05, 0x09, 0x05, 0x05, 0x05, 0x0B, 0x03, 0x06, 0x01, 0x03, 0x03, 0x03, 0x05, 0x05,
    0x05, 0x01, 0x06, 0x06, 0x01, 0x02, 0x05, 0x03, 0x01, 0x03, 0x04, 0x03, 0x03, 0x02, 0x03, 0x02, 0x03, 0x0B, 0x03, 0x05, 0x0C, 0x0C, 0x03, 0x02,
    0x06, 0x06, 0x03, 0x03, 0x03, 0x02, 0x05, 0x09, 0x03, 0x04, 0x01, 0x09, 0x0C, 0x0B, 0x04, 0x04, 0x02, 0x02, 0x02, 0x01, 0x06, 0x06, 0x03, 0x03,
    0x05, 0x05, 0x05, 0x01, 0x01, 0x01, 0x09, 0x09, 0x0B, 0x0B, 0x0D, 0x0A, 0x09, 0x04, 0x04, 0x06, 0x04, 0x02, 0x05, 0x03, 0x03, 0x05, 0x03, 0x06,
    0x04, 0x01, 0x01, 0x02, 0x03, 0x03, 0x02, 0x05, 0x05, 0x05, 0x02, 0x02, 0x0C, 0x0D, 0x03, 0x06, 0x04, 0x06, 0x01, 0x04, 0x01, 0x03, 0x05, 0x05,
    0x02, 0x05, 0x03, 0x01, 0x01, 0x01, 0x01, 0x01, 0x01, 0x01, 0x02, 0x02, 0x04, 0x01, 0x02, 0x02, 0x02, 0x03, 0x03, 0x02, 0x05, 0x0B, 0x0B, 0x0B,
    0x05, 0x05, 0x05, 0x0B, 0x03, 0x01, 0x02, 0x01, 0x04, 0x01, 0x02, 0x01, 0x03, 0x03, 0x03, 0x03, 0x02, 0x02, 0x02, 0x02, 0x02, 0x01, 0x01, 0x06,
    0x06, 0x01, 0x02, 0x04, 0x03, 0x05, 0x09, 0x05, 0x01, 0x02, 0x01, 0x02, 0x03, 0x05, 0x09, 0x0A, 0x0D, 0x03, 0x01, 0x01, 0x03, 0x03, 0x01, 0x09,
    0x0B, 0x09, 0x0E, 0x0E, 0x0E, 0x0E, 0x0F, 0x0B, 0x09, 0x0C, 0x0C, 0x0B, 0x09, 0x02, 0x0B, 0x0E, 0x0D, 0x05, 0x0B, 0x0C, 0x0B, 0x02, 0x02, 0x04,
    0x06, 0x06, 0x02, 0x05, 0x03, 0x04, 0x03, 0x05, 0x01, 0x06, 0x06, 0x03, 0x01, 0x06, 0x03, 0x05, 0x05, 0x0B, 0x03, 0x01, 0x02, 0x02, 0x03, 0x02,
    0x03, 0x0B, 0x0C, 0x0B, 0x05, 0x05, 0x05, 0x09, 0x01, 0x02, 0x03, 0x03, 0x03, 0x02, 0x03, 0x05, 0x05, 0x05, 0x05, 0x0D, 0x0B, 0x05, 0x01, 0x02,
    0x02, 0x02, 0x02, 0x03, 0x05, 0x0B, 0x0C, 0x0B, 0x09, 0x02, 0x02, 0x02, 0x02, 0x02, 0x02, 0x09, 0x0D, 0x05, 0x05, 0x02, 0x04, 0x06, 0x01, 0x01,
    0x03, 0x05, 0x03, 0x03, 0x05, 0x05, 0x03, 0x03, 0x03, 0x02, 0x02, 0x02, 0x02, 0x01, 0x06, 0x06, 0x02, 0x05, 0x01, 0x02, 0x06, 0x06, 0x01, 0x02,
    0x02, 0x02, 0x02, 0x02, 0x03, 0x05, 0x02, 0x02, 0x02, 0x01, 0x01, 0x01, 0x01, 0x04, 0x01, 0x01, 0x01, 0x02, 0x02, 0x02, 0x02, 0x02, 0x02, 0x02,
    0x03, 0x05, 0x05, 0x09, 0x0B, 0x05, 0x02, 0x02, 0x02, 0x05, 0x03, 0x01, 0x02, 0x02, 0x02, 0x01, 0x05, 0x05, 0x05, 0x05, 0x03, 0x01, 0x01, 0x01,
    0x01, 0x04, 0x01, 0x05, 0x05, 0x0B, 0x09, 0x0B, 0x05, 0x05, 0x02, 0x01, 0x01, 0x02, 0x02, 0x02, 0x03, 0x05, 0x09, 0x0C, 0x05, 0x09, 0x05, 0x04,
    0x06, 0x05, 0x09, 0x05, 0x02, 0x05, 0x09, 0x0B, 0x05, 0x05, 0x05, 0x0B, 0x0C, 0x0C, 0x0B, 0x0B, 0x09, 0x05, 0x03, 0x05, 0x03, 0x05, 0x05, 0x0B,
    0x0D, 0x05, 0x04, 0x06, 0x04, 0x01, 0x02, 0x03, 0x02, 0x01, 0x01, 0x05, 0x0B, 0x0F, 0x05, 0x05, 0x03, 0x0C, 0x09, 0x03, 0x05, 0x05, 0x09, 0x02,
    0x06, 0x06, 0x02, 0x03, 0x02, 0x02, 0x03, 0x03, 0x03, 0x05, 0x02, 0x02, 0x04, 0x01, 0x02, 0x03, 0x02, 0x02, 0x02, 0x01, 0x01, 0x01, 0x03, 0x09,
    0x09, 0x01, 0x02, 0x05, 0x03, 0x02, 0x04, 0x03, 0x01, 0x05, 0x09, 0x0B, 0x0C, 0x0B, 0x05, 0x02, 0x01, 0x01, 0x04, 0x04, 0x03, 0x05, 0x09, 0x0C,
    0x0C, 0x01, 0x06, 0x04, 0x02, 0x05, 0x03, 0x02, 0x02, 0x02, 0x03, 0x03, 0x03, 0x02, 0x01, 0x02, 0x01, 0x01, 0x02, 0x04, 0x01, 0x03, 0x02, 0x01,
    0x01, 0x01, 0x04, 0x06, 0x01, 0x02, 0x02, 0x03, 0x02, 0x03, 0x03, 0x02, 0x02, 0x02, 0x01, 0x01, 0x01, 0x01, 0x01, 0x04, 0x01, 0x01, 0x02, 0x02,
    0x02, 0x02, 0x02, 0x03, 0x02, 0x02, 0x02, 0x03, 0x09, 0x05, 0x09, 0x04, 0x02, 0x03, 0x02, 0x02, 0x02, 0x02, 0x02, 0x02, 0x03, 0x02, 0x04, 0x04,
    0x01, 0x04, 0x06, 0x01, 0x02, 0x05, 0x0B, 0x0B, 0x0B, 0x09, 0x05, 0x09, 0x03, 0x02, 0x02, 0x02, 0x01, 0x02, 0x01, 0x04, 0x04, 0x02, 0x03, 0x03,
    0x05, 0x05, 0x05, 0x05, 0x02, 0x05, 0x03, 0x05, 0x01, 0x09, 0x09, 0x05, 0x03, 0x02, 0x03, 0x05, 0x03, 0x03, 0x02, 0x02, 0x05, 0x0C, 0x05, 0x03,
    0x03, 0x03, 0x09, 0x05, 0x09, 0x0D, 0x0B, 0x01, 0x05, 0x02, 0x06, 0x06, 0x06, 0x06, 0x06, 0x06, 0x01, 0x03, 0x05, 0x01, 0x05, 0x03, 0x01, 0x02,
    0x02, 0x03, 0x03, 0x05, 0x03, 0x04, 0x06, 0x01, 0x02, 0x02, 0x02, 0x02, 0x02, 0x02, 0x03, 0x09, 0x0B, 0x0B, 0x01, 0x06, 0x06, 0x06, 0x04, 0x06,
    0x01, 0x01, 0x02, 0x03, 0x02, 0x03, 0x02, 0x02, 0x03, 0x0B, 0x02, 0x02, 0x03, 0x03, 0x03, 0x03, 0x05, 0x01, 0x05, 0x05, 0x03, 0x02, 0x01, 0x01,
    0x04, 0x01, 0x03, 0x05, 0x0B, 0x0B, 0x01, 0x02, 0x02, 0x05, 0x03, 0x04, 0x01, 0x02, 0x02, 0x02, 0x02, 0x04, 0x06, 0x06, 0x01, 0x01, 0x03, 0x01,
    0x04, 0x06, 0x06, 0x04, 0x09, 0x05, 0x02, 0x02, 0x03, 0x03, 0x03, 0x06, 0x06, 0x06, 0x02, 0x03, 0x02, 0x03, 0x02, 0x04, 0x01, 0x01, 0x02, 0x01,
    0x01, 0x02, 0x02, 0x02, 0x02, 0x02, 0x03, 0x02, 0x03, 0x02, 0x03, 0x03, 0x03, 0x03, 0x05, 0x01, 0x04, 0x03, 0x03, 0x02, 0x02, 0x02, 0x01, 0x01,
    0x05, 0x01, 0x01, 0x02, 0x01, 0x06, 0x01, 0x05, 0x05, 0x03, 0x05, 0x0B, 0x05, 0x02, 0x03, 0x02, 0x03, 0x02, 0x03, 0x05, 0x03, 0x03, 0x03, 0x03,
    0x06, 0x06, 0x02, 0x03, 0x02, 0x06, 0x06, 0x05, 0x03, 0x01, 0x03, 0x05, 0x05, 0x03, 0x02, 0x05, 0x0B, 0x05, 0x02, 0x03, 0x02, 0x04, 0x06, 0x05,
    0x0C, 0x05, 0x05, 0x05, 0x05, 0x03, 0x03, 0x03, 0x02, 0x05, 0x0D, 0x0F, 0x0A, 0x0D, 0x0B, 0x02, 0x03, 0x01, 0x06, 0x06, 0x03, 0x02, 0x03, 0x02,
    0x01, 0x02, 0x02, 0x03, 0x03, 0x03, 0x03, 0x05, 0x05, 0x0D, 0x09, 0x0B, 0x05, 0x02, 0x03, 0x05, 0x03, 0x02, 0x03, 0x01, 0x03, 0x05, 0x09, 0x06,
    0x06, 0x01, 0x02, 0x02, 0x05, 0x02, 0x06, 0x04, 0x02, 0x03, 0x02, 0x01, 0x03, 0x02, 0x09, 0x01, 0x02, 0x01, 0x02, 0x03, 0x02, 0x02, 0x04, 0x01,
    0x02, 0x01, 0x04, 0x01, 0x06, 0x06, 0x06, 0x05, 0x02, 0x05, 0x09, 0x03, 0x05, 0x03, 0x02, 0x01, 0x01, 0x06, 0x06, 0x04, 0x06, 0x06, 0x06, 0x06,
    0x06, 0x04, 0x05, 0x0B, 0x01, 0x06, 0x06, 0x06, 0x03, 0x0C, 0x05, 0x05, 0x03, 0x02, 0x02, 0x01, 0x01, 0x06, 0x01, 0x03, 0x03, 0x02, 0x01, 0x01,
    0x01, 0x02, 0x02, 0x02, 0x02, 0x01, 0x06, 0x04, 0x04, 0x02, 0x02, 0x02, 0x02, 0x02, 0x02, 0x02, 0x02, 0x02, 0x05, 0x05, 0x03, 0x02, 0x02, 0x02,
    0x02, 0x02, 0x01, 0x04, 0x03, 0x09, 0x0B, 0x03, 0x02, 0x05, 0x02, 0x04, 0x02, 0x09, 0x03, 0x05, 0x04, 0x06, 0x01, 0x03, 0x05, 0x03, 0x09, 0x05,
    0x03, 0x03, 0x01, 0x05, 0x09, 0x02, 0x01, 0x01, 0x01, 0x05, 0x0B, 0x05, 0x09, 0x01, 0x06, 0x03, 0x05, 0x06, 0x06, 0x02, 0x02, 0x09, 0x05, 0x03,
    0x05, 0x05, 0x05, 0x0B, 0x03, 0x05, 0x05, 0x02, 0x02, 0x02, 0x02, 0x01, 0x01, 0x03, 0x0B, 0x0C, 0x0D, 0x09, 0x09, 0x0B, 0x0C, 0x0C, 0x0B, 0x02,
    0x04, 0x03, 0x03, 0x02, 0x06, 0x03, 0x05, 0x05, 0x03, 0x03, 0x03, 0x03, 0x03, 0x05, 0x02, 0x01, 0x02, 0x03, 0x05, 0x03, 0x05, 0x02, 0x03, 0x01,
    0x02, 0x05, 0x02, 0x01, 0x03, 0x05, 0x03, 0x02, 0x02, 0x01, 0x04, 0x01, 0x03, 0x03, 0x02, 0x02, 0x01, 0x02, 0x05, 0x05, 0x02, 0x02, 0x04, 0x04,
    0x01, 0x01, 0x01, 0x06, 0x04, 0x02, 0x03, 0x02, 0x06, 0x06, 0x06, 0x06, 0x03, 0x02, 0x05, 0x05, 0x03, 0x01, 0x06, 0x04, 0x01, 0x06, 0x06, 0x06,
    0x06, 0x06, 0x06, 0x04, 0x02, 0x03, 0x0C, 0x0D, 0x0B, 0x05, 0x06, 0x04, 0x05, 0x03, 0x03, 0x03, 0x02, 0x02, 0x01, 0x04, 0x01, 0x02, 0x09, 0x03,
    0x02, 0x02, 0x01, 0x01, 0x02, 0x02, 0x02, 0x02, 0x02, 0x01, 0x04, 0x01, 0x04, 0x02, 0x02, 0x02, 0x02, 0x03, 0x02, 0x06, 0x06, 0x03, 0x09, 0x05,
    0x05, 0x0B, 0x0B, 0x05, 0x02, 0x02, 0x02, 0x02, 0x05, 0x05, 0x09, 0x0C, 0x0B, 0x0B, 0x05, 0x03, 0x01, 0x03, 0x05, 0x05, 0x05, 0x02, 0x05, 0x02,
    0x03, 0x05, 0x02, 0x03, 0x02, 0x06, 0x01, 0x03, 0x02, 0x02, 0x02, 0x01, 0x05, 0x03, 0x05, 0x09, 0x09, 0x0B, 0x05, 0x03, 0x03, 0x09, 0x03, 0x01,
    0x02, 0x02, 0x02, 0x05, 0x05, 0x05, 0x05, 0x05, 0x03, 0x03, 0x02, 0x02, 0x03, 0x02, 0x03, 0x01, 0x02, 0x03, 0x03, 0x03, 0x03, 0x02, 0x03, 0x02,
    0x05, 0x0B, 0x0D, 0x0B, 0x06, 0x06, 0x02, 0x05, 0x01, 0x05, 0x03, 0x03, 0x03, 0x03, 0x05, 0x03, 0x03, 0x03, 0x02, 0x02, 0x05, 0x05, 0x02, 0x05,
    0x02, 0x03, 0x02, 0x04, 0x02, 0x03, 0x05, 0x01, 0x02, 0x03, 0x02, 0x01, 0x01, 0x02, 0x05, 0x04, 0x06, 0x05, 0x02, 0x04, 0x02, 0x01, 0x03, 0x03,
    0x0B, 0x09, 0x03, 0x04, 0x04, 0x01, 0x01, 0x06, 0x06, 0x02, 0x02, 0x01, 0x02, 0x01, 0x06, 0x03, 0x04, 0x09, 0x05, 0x05, 0x02, 0x01, 0x03, 0x04,
    0x06, 0x06, 0x06, 0x01, 0x01, 0x06, 0x04, 0x03, 0x03, 0x05, 0x02, 0x05, 0x03, 0x0B, 0x0B, 0x09, 0x02, 0x05, 0x03, 0x02, 0x02, 0x02, 0x02, 0x03,
    0x05, 0x05, 0x05, 0x02, 0x02, 0x02, 0x02, 0x02, 0x02, 0x02, 0x02, 0x02, 0x01, 0x06, 0x01, 0x04, 0x01, 0x01, 0x01, 0x02, 0x02, 0x02, 0x01, 0x01,
    0x02, 0x01, 0x05, 0x03, 0x02, 0x03, 0x01, 0x05, 0x03, 0x02, 0x01, 0x01, 0x03, 0x02, 0x03, 0x02, 0x02, 0x05, 0x0B, 0x05, 0x05, 0x02, 0x04, 0x05,
    0x05, 0x0C, 0x03, 0x05, 0x03, 0x03, 0x05, 0x02, 0x02, 0x05, 0x05, 0x02, 0x01, 0x02, 0x03, 0x03, 0x05, 0x03, 0x03, 0x02, 0x03, 0x0B, 0x05, 0x0B,
    0x09, 0x03, 0x02, 0x01, 0x01, 0x01, 0x03, 0x03, 0x09, 0x0B, 0x05, 0x05, 0x03, 0x02, 0x03, 0x02, 0x03, 0x01, 0x02, 0x05, 0x03, 0x03, 0x02, 0x01,
    0x01, 0x01, 0x02, 0x02, 0x02, 0x01, 0x02, 0x02, 0x02, 0x02, 0x01, 0x03, 0x0D, 0x03, 0x05, 0x03, 0x05, 0x05, 0x05, 0x05, 0x05, 0x05, 0x02, 0x01,
    0x05, 0x05, 0x03, 0x02, 0x04, 0x06, 0x05, 0x06, 0x06, 0x06, 0x02, 0x02, 0x01, 0x04, 0x06, 0x04, 0x01, 0x03, 0x09, 0x05, 0x02, 0x04, 0x01, 0x01,
    0x04, 0x01, 0x02, 0x02, 0x02, 0x03, 0x02, 0x02, 0x01, 0x01, 0x01, 0x02, 0x01, 0x06, 0x06, 0x06, 0x04, 0x01, 0x01, 0x02, 0x05, 0x05, 0x02, 0x05,
    0x01, 0x01, 0x01, 0x04, 0x01, 0x03, 0x01, 0x02, 0x05, 0x02, 0x01, 0x01, 0x01, 0x01, 0x06, 0x01, 0x02, 0x05, 0x03, 0x01, 0x02, 0x02, 0x02, 0x04,
    0x01, 0x02, 0x02, 0x03, 0x05, 0x05, 0x05, 0x03, 0x02, 0x02, 0x02, 0x02, 0x03, 0x03, 0x03, 0x01, 0x04, 0x06, 0x06, 0x06, 0x06, 0x06, 0x01, 0x01,
    0x01, 0x01, 0x06, 0x01, 0x02, 0x04, 0x04, 0x06, 0x04, 0x02, 0x03, 0x02, 0x03, 0x01, 0x03, 0x03, 0x01, 0x02, 0x03, 0x05, 0x03, 0x05, 0x0B, 0x0B,
    0x0B, 0x02, 0x06, 0x06, 0x09, 0x05, 0x09, 0x05, 0x03, 0x01, 0x02, 0x02, 0x02, 0x05, 0x03, 0x05, 0x05, 0x05, 0x02, 0x02, 0x03, 0x03, 0x05, 0x03,
    0x03, 0x03, 0x05, 0x02, 0x03, 0x05, 0x03, 0x02, 0x02, 0x01, 0x03, 0x05, 0x09, 0x05, 0x03, 0x03, 0x03, 0x03, 0x03, 0x03, 0x03, 0x02, 0x03, 0x02,
    0x01, 0x04, 0x04, 0x01, 0x03, 0x04, 0x04, 0x02, 0x01, 0x04, 0x06, 0x06, 0x01, 0x02, 0x02, 0x03, 0x03, 0x05, 0x03, 0x05, 0x05, 0x05, 0x03, 0x03,
    0x01, 0x06, 0x06, 0x06, 0x01, 0x06, 0x06, 0x02, 0x05, 0x03, 0x01, 0x05, 0x03, 0x06, 0x06, 0x04, 0x02, 0x01, 0x01, 0x01, 0x03, 0x02, 0x02, 0x03,
    0x02, 0x04, 0x02, 0x01, 0x01, 0x06, 0x01, 0x03, 0x02, 0x02, 0x02, 0x01, 0x04, 0x01, 0x01, 0x01, 0x01, 0x06, 0x04, 0x02, 0x01, 0x02, 0x02, 0x01,
    0x01, 0x04, 0x02, 0x06, 0x01, 0x01, 0x02, 0x02, 0x02, 0x03, 0x0B, 0x05, 0x02, 0x03, 0x01, 0x06, 0x06, 0x03, 0x02, 0x03, 0x01, 0x01, 0x01, 0x02,
    0x06, 0x06, 0x01, 0x03, 0x01, 0x01, 0x03, 0x0C, 0x09, 0x03, 0x03, 0x02, 0x02, 0x02, 0x02, 0x03, 0x03, 0x02, 0x02, 0x02, 0x04, 0x06, 0x06, 0x06,
    0x06, 0x06, 0x04, 0x01, 0x01, 0x01, 0x02, 0x02, 0x01, 0x04, 0x02, 0x03, 0x01, 0x02, 0x02, 0x05, 0x03, 0x02, 0x03, 0x03, 0x04, 0x06, 0x02, 0x05,
    0x05, 0x05, 0x05, 0x05, 0x05, 0x05, 0x01, 0x06, 0x05, 0x05, 0x03, 0x03, 0x03, 0x02, 0x01, 0x01, 0x01, 0x04, 0x02, 0x03, 0x03, 0x03, 0x05, 0x03,
    0x03, 0x03, 0x03, 0x02, 0x03, 0x02, 0x03, 0x03, 0x01, 0x03, 0x03, 0x02, 0x02, 0x01, 0x05, 0x05, 0x02, 0x02, 0x01, 0x06, 0x02, 0x02, 0x03, 0x02,
    0x02, 0x03, 0x02, 0x01, 0x01, 0x02, 0x02, 0x02, 0x03, 0x03, 0x01, 0x02, 0x02, 0x02, 0x01, 0x02, 0x05, 0x0B, 0x05, 0x03, 0x05, 0x03, 0x03, 0x03,
    0x06, 0x01, 0x06, 0x06, 0x06, 0x02, 0x06, 0x06, 0x06, 0x06, 0x01, 0x05, 0x03, 0x03, 0x05, 0x05, 0x02, 0x06, 0x02, 0x05, 0x05, 0x06, 0x06, 0x06,
    0x06, 0x06, 0x05, 0x03, 0x05, 0x05, 0x05, 0x02, 0x02, 0x03, 0x04, 0x01, 0x02, 0x02, 0x01, 0x01, 0x01, 0x01, 0x04, 0x01, 0x01, 0x03, 0x03, 0x02,
    0x02, 0x02, 0x03, 0x04, 0x04, 0x06, 0x02, 0x01, 0x04, 0x02, 0x01, 0x02, 0x02, 0x02, 0x05, 0x03, 0x02, 0x02, 0x01, 0x01, 0x02, 0x02, 0x02, 0x02,
    0x06, 0x06, 0x01, 0x05, 0x03, 0x02, 0x01, 0x02, 0x03, 0x03, 0x03, 0x03, 0x03, 0x04, 0x06, 0x06, 0x06, 0x02, 0x02, 0x02, 0x02, 0x02, 0x06, 0x06,
    0x06, 0x06, 0x06, 0x06, 0x01, 0x04, 0x04, 0x02, 0x01, 0x04, 0x01, 0x01, 0x01, 0x01, 0x06, 0x06, 0x04, 0x04, 0x01, 0x02, 0x03, 0x05, 0x0B, 0x05,
    0x04, 0x03, 0x03, 0x05, 0x03, 0x03, 0x03, 0x03, 0x02, 0x01, 0x05, 0x01, 0x01, 0x06, 0x01, 0x05, 0x03, 0x03, 0x02, 0x01, 0x04, 0x01, 0x01, 0x02,
    0x01, 0x03, 0x03, 0x05, 0x03, 0x02, 0x05, 0x03, 0x01, 0x01, 0x01, 0x01, 0x02, 0x01, 0x02, 0x02, 0x01, 0x02, 0x03, 0x05, 0x05, 0x03, 0x02, 0x03,
    0x02, 0x02, 0x03, 0x03, 0x02, 0x02, 0x03, 0x02, 0x02, 0x03, 0x02, 0x02, 0x03, 0x02, 0x01, 0x04, 0x04, 0x01, 0x02, 0x02, 0x05, 0x03, 0x02, 0x01,
    0x06, 0x01, 0x06, 0x01, 0x06, 0x01, 0x06, 0x06, 0x06, 0x04, 0x0B, 0x0F, 0x0F, 0x03, 0x09, 0x05, 0x05, 0x03, 0x03, 0x02, 0x03, 0x03, 0x03, 0x03,
    0x05, 0x03, 0x03, 0x06, 0x06, 0x06, 0x04, 0x02, 0x05, 0x03, 0x02, 0x02, 0x01, 0x01, 0x04, 0x01, 0x02, 0x02, 0x04, 0x04, 0x01, 0x01, 0x06, 0x06,
    0x06, 0x02, 0x04, 0x06, 0x04, 0x01, 0x05, 0x04, 0x06, 0x01, 0x06, 0x04, 0x04, 0x01, 0x02, 0x04, 0x01, 0x03, 0x05, 0x03, 0x03, 0x02, 0x03, 0x03,
    0x03, 0x02, 0x02, 0x04, 0x01, 0x04, 0x02, 0x01, 0x01, 0x01, 0x02, 0x02, 0x03, 0x05, 0x05, 0x03, 0x03, 0x01, 0x04, 0x01, 0x05, 0x03, 0x03, 0x03,
    0x04, 0x06, 0x06, 0x06, 0x04, 0x06, 0x06, 0x06, 0x06, 0x04, 0x01, 0x02, 0x04, 0x04, 0x02, 0x01, 0x01, 0x01, 0x06, 0x06, 0x06, 0x02, 0x02, 0x01,
    0x03, 0x02, 0x01, 0x02, 0x03, 0x05, 0x05, 0x05, 0x05, 0x03, 0x03, 0x02, 0x03, 0x09, 0x05, 0x03, 0x06, 0x01, 0x06, 0x02, 0x01, 0x06, 0x04, 0x01,
    0x02, 0x01, 0x01, 0x03, 0x05, 0x05, 0x02, 0x03, 0x03, 0x02, 0x03, 0x03, 0x06, 0x06, 0x03, 0x01, 0x01, 0x02, 0x03, 0x03, 0x01, 0x01, 0x01, 0x03,
    0x03, 0x03, 0x03, 0x02, 0x03, 0x05, 0x03, 0x03, 0x03, 0x03, 0x02, 0x02, 0x03, 0x02, 0x02, 0x01, 0x01, 0x03, 0x02, 0x01, 0x01, 0x02, 0x02, 0x03,
    0x02, 0x02, 0x03, 0x01, 0x03, 0x02, 0x03, 0x01, 0x01, 0x05, 0x0B, 0x05, 0x04, 0x04, 0x02, 0x05, 0x0B, 0x0B, 0x0D, 0x03, 0x02, 0x03, 0x03, 0x06,
    0x04, 0x03, 0x03, 0x05, 0x03, 0x0B, 0x05, 0x04, 0x06, 0x01, 0x02, 0x05, 0x03, 0x02, 0x01, 0x02, 0x02, 0x01, 0x01, 0x06, 0x01, 0x06, 0x04, 0x04,
    0x04, 0x01, 0x02, 0x03, 0x02, 0x04, 0x06, 0x06, 0x06, 0x02, 0x03, 0x01, 0x02, 0x01, 0x01, 0x02, 0x02, 0x01, 0x03, 0x01, 0x06, 0x04, 0x05, 0x05,
    0x03, 0x02, 0x02, 0x02, 0x01, 0x06, 0x02, 0x03, 0x01, 0x01, 0x06, 0x01, 0x01, 0x01, 0x02, 0x05, 0x03, 0x05, 0x05, 0x03, 0x03, 0x02, 0x02, 0x03,
    0x02, 0x02, 0x02, 0x01, 0x01, 0x06, 0x06, 0x06, 0x01, 0x04, 0x01, 0x04, 0x06, 0x01, 0x01, 0x01, 0x01, 0x01, 0x02, 0x03, 0x02, 0x05, 0x01, 0x04,
    0x04, 0x02, 0x02, 0x02, 0x02, 0x02, 0x02, 0x01, 0x05, 0x05, 0x03, 0x05, 0x03, 0x02, 0x04, 0x01, 0x03, 0x03, 0x05, 0x0B, 0x05, 0x03, 0x0B, 0x03,
    0x04, 0x02, 0x02, 0x03, 0x02, 0x01, 0x01, 0x02, 0x05, 0x03, 0x02, 0x03, 0x03, 0x03, 0x04, 0x02, 0x05, 0x0C, 0x03, 0x04, 0x01, 0x01, 0x03, 0x02,
    0x02, 0x01, 0x01, 0x01, 0x05, 0x03, 0x01, 0x05, 0x05, 0x05, 0x03, 0x03, 0x03, 0x03, 0x03, 0x03, 0x02, 0x02, 0x02, 0x01, 0x02, 0x02, 0x02, 0x01,
    0x02, 0x02, 0x02, 0x01, 0x02, 0x03, 0x05, 0x0B, 0x05, 0x09, 0x05, 0x09, 0x0B, 0x09, 0x0B, 0x0C, 0x05, 0x01, 0x06, 0x04, 0x02, 0x09, 0x0B, 0x03,
    0x03, 0x05, 0x05, 0x05, 0x03, 0x05, 0x05, 0x0B, 0x03, 0x02, 0x03, 0x05, 0x01, 0x05, 0x05, 0x05, 0x02, 0x01, 0x02, 0x02, 0x02, 0x04, 0x01, 0x04,
    0x06, 0x06, 0x06, 0x04, 0x04, 0x01, 0x04, 0x04, 0x04, 0x04, 0x06, 0x06, 0x06, 0x01, 0x02, 0x04, 0x01, 0x02, 0x02, 0x05, 0x05, 0x01, 0x01, 0x01,
    0x02, 0x04, 0x02, 0x03, 0x02, 0x03, 0x02, 0x01, 0x06, 0x04, 0x06, 0x06, 0x06, 0x06, 0x06, 0x06, 0x01, 0x02, 0x02, 0x02, 0x02, 0x02, 0x05, 0x02,
    0x02, 0x02, 0x05, 0x01, 0x05, 0x05, 0x03, 0x04, 0x06, 0x01, 0x03, 0x02, 0x01, 0x01, 0x05, 0x05, 0x01, 0x09, 0x02, 0x03, 0x02, 0x02, 0x01, 0x05,
    0x03, 0x02, 0x02, 0x01, 0x02, 0x02, 0x04, 0x01, 0x03, 0x02, 0x02, 0x01, 0x05, 0x01, 0x01, 0x04, 0x04, 0x04, 0x01, 0x01, 0x03, 0x03, 0x03, 0x02,
    0x03, 0x03, 0x03, 0x03, 0x05, 0x0B, 0x05, 0x02, 0x02, 0x02, 0x06, 0x04, 0x01, 0x01, 0x03, 0x03, 0x05, 0x02, 0x01, 0x06, 0x01, 0x03, 0x05, 0x02,
    0x02, 0x01, 0x02, 0x02, 0x03, 0x05, 0x02, 0x01, 0x02, 0x05, 0x05, 0x05, 0x05, 0x03, 0x03, 0x05, 0x03, 0x03, 0x03, 0x03, 0x02, 0x02, 0x02, 0x01,
    0x02, 0x01, 0x01, 0x02, 0x05, 0x03, 0x01, 0x01, 0x03, 0x05, 0x05, 0x05, 0x03, 0x05, 0x05, 0x05, 0x03, 0x02, 0x05, 0x02, 0x05, 0x09, 0x03, 0x03,
    0x02, 0x05, 0x05, 0x03, 0x03, 0x03, 0x03, 0x0B, 0x0C, 0x03, 0x03, 0x0B, 0x03, 0x01, 0x02, 0x05, 0x0C, 0x0B, 0x03, 0x03, 0x02, 0x04, 0x04, 0x01,
    0x01, 0x01, 0x04, 0x06, 0x06, 0x06, 0x06, 0x01, 0x04, 0x04, 0x04, 0x06, 0x06, 0x04, 0x04, 0x01, 0x04, 0x02, 0x02, 0x04, 0x01, 0x01, 0x03, 0x05,
    0x02, 0x02, 0x01, 0x04, 0x05, 0x05, 0x05, 0x02, 0x02, 0x02, 0x03, 0x01, 0x04, 0x01, 0x06, 0x06, 0x06, 0x06, 0x06, 0x06, 0x06, 0x06, 0x06, 0x01,
    0x03, 0x02, 0x06, 0x04, 0x02, 0x05, 0x05, 0x03, 0x02, 0x03, 0x02, 0x06, 0x06, 0x01, 0x02, 0x03, 0x02, 0x02, 0x03, 0x02, 0x01, 0x01, 0x03, 0x02,
    0x03, 0x03, 0x01, 0x01, 0x05, 0x05, 0x02, 0x02, 0x01, 0x01, 0x02, 0x01, 0x04, 0x01, 0x02, 0x02, 0x0D, 0x0B, 0x02, 0x02, 0x02, 0x03, 0x03, 0x03,
    0x05, 0x05, 0x02, 0x01, 0x01, 0x01, 0x01, 0x03, 0x02, 0x05, 0x05, 0x05, 0x03, 0x02, 0x03, 0x01, 0x01, 0x02, 0x05, 0x02, 0x02, 0x02, 0x05, 0x03,
    0x05, 0x03, 0x02, 0x05, 0x03, 0x03, 0x02, 0x05, 0x05, 0x09, 0x05, 0x03, 0x02, 0x05, 0x05, 0x03, 0x03, 0x03, 0x03, 0x03, 0x03, 0x03, 0x03, 0x03,
    0x02, 0x06, 0x06, 0x04, 0x06, 0x06, 0x04, 0x02, 0x09, 0x09, 0x03, 0x01, 0x05, 0x05, 0x03, 0x05, 0x05, 0x05, 0x09, 0x05, 0x05, 0x09, 0x05, 0x05,
    0x0B, 0x05, 0x02, 0x04, 0x01, 0x03, 0x02, 0x03, 0x03, 0x02, 0x03, 0x03, 0x05, 0x02, 0x03, 0x09, 0x03, 0x04, 0x01, 0x02, 0x02, 0x02, 0x01, 0x01,
    0x02, 0x04, 0x04, 0x04, 0x02, 0x02, 0x01, 0x06, 0x01, 0x01, 0x06, 0x06, 0x04, 0x01, 0x01, 0x04, 0x04, 0x04, 0x01, 0x03, 0x02, 0x06, 0x04, 0x04,
    0x01, 0x02, 0x02, 0x04, 0x01, 0x01, 0x04, 0x01, 0x02, 0x05, 0x03, 0x02, 0x03, 0x09, 0x05, 0x05, 0x09, 0x03, 0x05, 0x02, 0x02, 0x01, 0x04, 0x02,
    0x03, 0x01, 0x06, 0x01, 0x04, 0x06, 0x06, 0x02, 0x02, 0x02, 0x05, 0x05, 0x03, 0x01, 0x01, 0x01, 0x05, 0x05, 0x03, 0x03, 0x02, 0x01, 0x01, 0x04,
    0x04, 0x06, 0x06, 0x04, 0x01, 0x02, 0x01, 0x04, 0x01, 0x05, 0x09, 0x03, 0x01, 0x06, 0x04, 0x03, 0x01, 0x06, 0x06, 0x04, 0x05, 0x05, 0x05, 0x09,
    0x05, 0x03, 0x05, 0x03, 0x02, 0x04, 0x02, 0x02, 0x02, 0x04, 0x01, 0x03, 0x09, 0x03, 0x05, 0x05, 0x05, 0x0B, 0x09, 0x03, 0x02, 0x03, 0x03, 0x03,
    0x03, 0x01, 0x03, 0x05, 0x02, 0x05, 0x03, 0x03, 0x01, 0x05, 0x03, 0x09, 0x0D, 0x0F, 0x13, 0x10, 0x0C, 0x02, 0x05, 0x05, 0x03, 0x03, 0x03, 0x03,
    0x05, 0x03, 0x03, 0x02, 0x02, 0x01, 0x01, 0x06, 0x06, 0x04, 0x03, 0x0B, 0x03, 0x05, 0x0C, 0x0D, 0x05, 0x01, 0x05, 0x05, 0x05, 0x05, 0x05, 0x05,
    0x09, 0x05, 0x03, 0x09, 0x0B, 0x05, 0x01, 0x06, 0x06, 0x06, 0x02, 0x03, 0x03, 0x02, 0x02, 0x01, 0x02, 0x01, 0x06, 0x04, 0x06, 0x06, 0x06, 0x06,
    0x06, 0x06, 0x06, 0x06, 0x02, 0x02, 0x03, 0x03, 0x05, 0x01, 0x01, 0x06, 0x06, 0x06, 0x06, 0x06, 0x06, 0x04, 0x02, 0x01, 0x04, 0x04, 0x01, 0x02,
    0x01, 0x04, 0x06, 0x01, 0x02, 0x02, 0x06, 0x04, 0x02, 0x01, 0x02, 0x03, 0x0B, 0x05, 0x02, 0x02, 0x03, 0x05, 0x02, 0x02, 0x01, 0x03, 0x05, 0x0C,
    0x0A, 0x10, 0x0E, 0x0C, 0x0E, 0x0A, 0x0C, 0x05, 0x03, 0x06, 0x04, 0x03, 0x03, 0x02, 0x03, 0x02, 0x01, 0x01, 0x01, 0x02, 0x02, 0x02, 0x03, 0x03,
    0x05, 0x02, 0x06, 0x06, 0x04, 0x01, 0x04, 0x01, 0x01, 0x06, 0x06, 0x04, 0x02, 0x03, 0x02, 0x03, 0x02, 0x05, 0x01, 0x05, 0x03, 0x02, 0x01, 0x01,
    0x02, 0x03, 0x03, 0x02, 0x03, 0x05, 0x0B, 0x05, 0x02, 0x01, 0x03, 0x05, 0x05, 0x03, 0x01, 0x03, 0x01, 0x02, 0x03, 0x03, 0x02, 0x02, 0x03, 0x05,
    0x03, 0x02, 0x02, 0x05, 0x05, 0x05, 0x05, 0x0C, 0x0D, 0x0B, 0x03, 0x05, 0x03, 0x03, 0x09, 0x09, 0x0B, 0x05, 0x03, 0x05, 0x09, 0x05, 0x03, 0x03,
    0x03, 0x03, 0x02, 0x03, 0x02, 0x02, 0x03, 0x02, 0x02, 0x01, 0x04, 0x04, 0x01, 0x02, 0x02, 0x05, 0x03, 0x02, 0x02, 0x02, 0x01, 0x02, 0x05, 0x03,
    0x05, 0x03, 0x02, 0x03, 0x05, 0x09, 0x05, 0x0B, 0x05, 0x0B, 0x05, 0x06, 0x01, 0x06, 0x03, 0x03, 0x03, 0x02, 0x01, 0x02, 0x06, 0x06, 0x06, 0x06,
    0x06, 0x06, 0x06, 0x06, 0x06, 0x06, 0x06, 0x06, 0x06, 0x05, 0x01, 0x01, 0x04, 0x01, 0x01, 0x04, 0x06, 0x06, 0x06, 0x06, 0x06, 0x04, 0x04, 0x04,
    0x04, 0x04, 0x04, 0x06, 0x06, 0x06, 0x01, 0x01, 0x01, 0x01, 0x01, 0x01, 0x01, 0x01, 0x02, 0x05, 0x03, 0x03, 0x03, 0x02, 0x02, 0x02, 0x01, 0x01,
    0x01, 0x01, 0x02, 0x03, 0x05, 0x0B, 0x0D, 0x0B, 0x05, 0x0D, 0x0A, 0x0F, 0x0B, 0x0D, 0x0F, 0x0D, 0x03, 0x02, 0x01, 0x03, 0x01, 0x04, 0x01, 0x02,
    0x01, 0x03, 0x03, 0x0B, 0x05, 0x01, 0x01, 0x04, 0x01, 0x01, 0x04, 0x04, 0x01, 0x01, 0x04, 0x06, 0x06, 0x01, 0x04, 0x05, 0x03, 0x02, 0x02, 0x01,
    0x02, 0x0B, 0x05, 0x05, 0x02, 0x02, 0x02, 0x04, 0x01, 0x01, 0x04, 0x04, 0x01, 0x02, 0x03, 0x02, 0x02, 0x09, 0x05, 0x03, 0x05, 0x01, 0x02, 0x03,
    0x02, 0x03, 0x05, 0x0D, 0x0E, 0x0C, 0x09, 0x05, 0x05, 0x02, 0x02, 0x09, 0x05, 0x0B, 0x05, 0x05, 0x03, 0x03, 0x03, 0x05, 0x05, 0x05, 0x05, 0x05,
    0x03, 0x02, 0x01, 0x01, 0x02, 0x02, 0x02, 0x02, 0x03, 0x03, 0x03, 0x02, 0x04, 0x01, 0x02, 0x05, 0x03, 0x01, 0x01, 0x05, 0x03, 0x02, 0x06, 0x06,
    0x06, 0x01, 0x03, 0x05, 0x09, 0x02, 0x02, 0x02, 0x02, 0x05, 0x0C, 0x0D, 0x0B, 0x09, 0x0D, 0x0F, 0x0D, 0x0B, 0x02, 0x05, 0x02, 0x02, 0x04, 0x06,
    0x01, 0x02, 0x06, 0x01, 0x05, 0x09, 0x05, 0x03, 0x01, 0x03, 0x02, 0x01, 0x06, 0x02, 0x05, 0x04, 0x06, 0x04, 0x05, 0x03, 0x04, 0x01, 0x01, 0x04,
    0x06, 0x06, 0x04, 0x04, 0x04, 0x06, 0x06, 0x08, 0x06, 0x04, 0x04, 0x01, 0x04, 0x04, 0x01, 0x02, 0x01, 0x02, 0x02, 0x05, 0x05, 0x03, 0x02, 0x01,
    0x01, 0x01, 0x01, 0x02, 0x01, 0x04, 0x04, 0x04, 0x03, 0x02, 0x05, 0x05, 0x03, 0x03, 0x05, 0x05, 0x0C, 0x09, 0x05, 0x01, 0x03, 0x09, 0x05, 0x03,
    0x02, 0x04, 0x01, 0x01, 0x01, 0x01, 0x04, 0x01, 0x01, 0x01, 0x01, 0x01, 0x02, 0x01, 0x04, 0x01, 0x04, 0x01, 0x02, 0x01, 0x02, 0x06, 0x06, 0x06,
    0x06, 0x05, 0x05, 0x01, 0x03, 0x03, 0x03, 0x02, 0x03, 0x05, 0x03, 0x02, 0x01, 0x03, 0x03, 0x01, 0x02, 0x01, 0x06, 0x02, 0x02, 0x02, 0x02, 0x03,
    0x02, 0x05, 0x01, 0x02, 0x04, 0x02, 0x03, 0x03, 0x05, 0x09, 0x0C, 0x0E, 0x0B, 0x03, 0x01, 0x03, 0x05, 0x03, 0x03, 0x03, 0x05, 0x03, 0x03, 0x03,
    0x09, 0x05, 0x0B, 0x0B, 0x03, 0x03, 0x03, 0x04, 0x01, 0x02, 0x02, 0x02, 0x03, 0x03, 0x03, 0x02, 0x04, 0x03, 0x09, 0x09, 0x05, 0x05, 0x0C, 0x02,
    0x02, 0x02, 0x02, 0x02, 0x05, 0x0B, 0x03, 0x02, 0x02, 0x03, 0x05, 0x03, 0x01, 0x06, 0x01, 0x03, 0x03, 0x05, 0x05, 0x05, 0x05, 0x02, 0x01, 0x06,
    0x01, 0x04, 0x02, 0x06, 0x01, 0x09, 0x0C, 0x0D, 0x0D, 0x0B, 0x01, 0x06, 0x01, 0x03, 0x05, 0x0C, 0x01, 0x06, 0x03, 0x01, 0x03, 0x09, 0x05, 0x03,
    0x01, 0x02, 0x02, 0x06, 0x04, 0x01, 0x01, 0x01, 0x06, 0x06, 0x06, 0x06, 0x06, 0x01, 0x01, 0x06, 0x06, 0x04, 0x06, 0x02, 0x02, 0x03, 0x02, 0x02,
    0x05, 0x02, 0x02, 0x02, 0x01, 0x01, 0x01, 0x02, 0x03, 0x02, 0x02, 0x01, 0x05, 0x04, 0x04, 0x06, 0x04, 0x02, 0x01, 0x01, 0x01, 0x02, 0x01, 0x01,
    0x02, 0x01, 0x02, 0x02, 0x03, 0x02, 0x03, 0x02, 0x01, 0x01, 0x04, 0x01, 0x06, 0x06, 0x06, 0x01, 0x01, 0x01, 0x04, 0x01, 0x01, 0x01, 0x01, 0x02,
    0x03, 0x02, 0x05, 0x06, 0x03, 0x05, 0x03, 0x01, 0x06, 0x06, 0x04, 0x02, 0x03, 0x05, 0x02, 0x02, 0x02, 0x03, 0x05, 0x0B, 0x05, 0x0D, 0x05, 0x03,
    0x04, 0x04, 0x02, 0x01, 0x05, 0x03, 0x03, 0x03, 0x09, 0x03, 0x02, 0x02, 0x05, 0x03, 0x03, 0x02, 0x03, 0x0B, 0x05, 0x01, 0x02, 0x02, 0x02, 0x05,
    0x0B, 0x03, 0x03, 0x03, 0x03, 0x05, 0x03, 0x02, 0x03, 0x02, 0x05, 0x0B, 0x01, 0x06, 0x01, 0x02, 0x02, 0x03, 0x02, 0x01, 0x02, 0x03, 0x02, 0x02,
    0x02, 0x01, 0x02, 0x02, 0x03, 0x02, 0x03, 0x0B, 0x09, 0x02, 0x01, 0x01, 0x04, 0x09, 0x05, 0x0B, 0x05, 0x01, 0x03, 0x0B, 0x05, 0x03, 0x03, 0x05,
    0x05, 0x03, 0x02, 0x05, 0x01, 0x01, 0x06, 0x06, 0x06, 0x01, 0x02, 0x04, 0x01, 0x02, 0x01, 0x01, 0x05, 0x0D, 0x0E, 0x0F, 0x11, 0x0A, 0x09, 0x0C,
    0x03, 0x02, 0x04, 0x02, 0x06, 0x02, 0x03, 0x01, 0x01, 0x01, 0x02, 0x01, 0x01, 0x04, 0x02, 0x03, 0x01, 0x01, 0x06, 0x06, 0x06, 0x01, 0x06, 0x02,
    0x02, 0x02, 0x05, 0x05, 0x05, 0x05, 0x02, 0x01, 0x01, 0x01, 0x04, 0x01, 0x01, 0x02, 0x05, 0x09, 0x05, 0x03, 0x04, 0x03, 0x01, 0x01, 0x01, 0x06,
    0x06, 0x04, 0x01, 0x01, 0x01, 0x06, 0x03, 0x01, 0x02, 0x03, 0x05, 0x03, 0x02, 0x03, 0x09, 0x09, 0x0B, 0x05, 0x02, 0x01, 0x04, 0x04, 0x01, 0x01,
    0x01, 0x01, 0x03, 0x04, 0x04, 0x01, 0x03, 0x03, 0x02, 0x03, 0x03, 0x01, 0x04, 0x06, 0x06, 0x02, 0x02, 0x01, 0x02, 0x01, 0x02, 0x03, 0x05, 0x0B,
    0x05, 0x05, 0x05, 0x05, 0x01, 0x05, 0x05, 0x03, 0x02, 0x02, 0x05, 0x05, 0x05, 0x03, 0x06, 0x06, 0x06, 0x04, 0x06, 0x01, 0x03, 0x03, 0x02, 0x06,
    0x02, 0x02, 0x01, 0x01, 0x01, 0x02, 0x05, 0x09, 0x0B, 0x0B, 0x05, 0x0B, 0x02, 0x05, 0x03, 0x02, 0x03, 0x02, 0x06, 0x04, 0x01, 0x03, 0x03, 0x02,
    0x02, 0x03, 0x02, 0x05, 0x03, 0x01, 0x01, 0x01, 0x04, 0x03, 0x0B, 0x0B, 0x0B, 0x0B, 0x05, 0x03, 0x02, 0x03, 0x03, 0x03, 0x0C, 0x0D, 0x0B, 0x02,
    0x02, 0x02, 0x02, 0x01, 0x02, 0x05, 0x05, 0x05, 0x01, 0x02, 0x04, 0x03, 0x06, 0x06, 0x06, 0x06, 0x06, 0x06, 0x04, 0x03, 0x05, 0x0C, 0x0C, 0x03,
    0x02, 0x02, 0x01, 0x01, 0x02, 0x03, 0x01, 0x06, 0x06, 0x02, 0x0B, 0x0C, 0x0C, 0x05, 0x01, 0x04, 0x04, 0x01, 0x04, 0x01, 0x01, 0x01, 0x04, 0x04,
    0x01, 0x04, 0x06, 0x02, 0x02, 0x01, 0x03, 0x02, 0x02, 0x01, 0x01, 0x04, 0x01, 0x01, 0x01, 0x04, 0x02, 0x0B, 0x05, 0x0D, 0x05, 0x01, 0x02, 0x03,
    0x01, 0x06, 0x06, 0x04, 0x04, 0x02, 0x02, 0x01, 0x04, 0x01, 0x01, 0x01, 0x01, 0x03, 0x02, 0x02, 0x02, 0x01, 0x03, 0x03, 0x05, 0x0C, 0x09, 0x02,
    0x04, 0x01, 0x02, 0x02, 0x01, 0x02, 0x02, 0x02, 0x02, 0x04, 0x05, 0x03, 0x03, 0x01, 0x03, 0x02, 0x02, 0x03, 0x09, 0x05, 0x03, 0x05, 0x05, 0x05,
    0x05, 0x03, 0x03, 0x05, 0x09, 0x05, 0x0B, 0x05, 0x03, 0x0B, 0x09, 0x03, 0x03, 0x03, 0x05, 0x01, 0x04, 0x01, 0x06, 0x06, 0x06, 0x06, 0x01, 0x06,
    0x04, 0x05, 0x0B, 0x02, 0x02, 0x06, 0x06, 0x04, 0x04, 0x01, 0x02, 0x05, 0x05, 0x09, 0x05, 0x0B, 0x0B, 0x01, 0x04, 0x01, 0x02, 0x05, 0x05, 0x04,
    0x06, 0x01, 0x06, 0x01, 0x03, 0x03, 0x03, 0x03, 0x03, 0x04, 0x06, 0x01, 0x02, 0x03, 0x03, 0x03, 0x05, 0x05, 0x03, 0x03, 0x01, 0x01, 0x01, 0x02,
    0x03, 0x02, 0x02, 0x01, 0x02, 0x02, 0x02, 0x02, 0x03, 0x0C, 0x0D, 0x0C, 0x05, 0x02, 0x05, 0x03, 0x01, 0x01, 0x04, 0x06, 0x01, 0x04, 0x02, 0x02,
    0x01, 0x01, 0x03, 0x06, 0x06, 0x01, 0x04, 0x04, 0x02, 0x02, 0x04, 0x06, 0x05, 0x0B, 0x03, 0x05, 0x03, 0x01, 0x04, 0x04, 0x04, 0x01, 0x01, 0x01,
    0x01, 0x02, 0x01, 0x01, 0x05, 0x01, 0x01, 0x06, 0x01, 0x01, 0x03, 0x01, 0x06, 0x06, 0x06, 0x06, 0x02, 0x02, 0x02, 0x05, 0x0B, 0x09, 0x03, 0x02,
    0x03, 0x09, 0x05, 0x05, 0x05, 0x03, 0x04, 0x01, 0x06, 0x01, 0x01, 0x02, 0x06, 0x04, 0x04, 0x01, 0x05, 0x05, 0x03, 0x02, 0x05, 0x06, 0x02, 0x02,
    0x02, 0x02, 0x01, 0x01, 0x02, 0x02, 0x01, 0x02, 0x01, 0x02, 0x05, 0x03, 0x02, 0x02, 0x01, 0x02, 0x01, 0x04, 0x04, 0x02, 0x02, 0x03, 0x03, 0x02,
    0x05, 0x05, 0x05, 0x05, 0x03, 0x03, 0x05, 0x03, 0x09, 0x05, 0x05, 0x05, 0x05, 0x05, 0x05, 0x05, 0x02, 0x0B, 0x03, 0x09, 0x05, 0x02, 0x02, 0x04,
    0x03, 0x10, 0x0D, 0x09, 0x06, 0x01, 0x05, 0x0C, 0x03, 0x04, 0x01, 0x01, 0x02, 0x02, 0x03, 0x03, 0x03, 0x03, 0x05, 0x05, 0x05, 0x09, 0x05, 0x03,
    0x01, 0x03, 0x03, 0x0B, 0x05, 0x01, 0x01, 0x01, 0x03, 0x03, 0x05, 0x03, 0x03, 0x01, 0x04, 0x01, 0x02, 0x03, 0x05, 0x05, 0x03, 0x03, 0x03, 0x02,
    0x02, 0x01, 0x02, 0x02, 0x05, 0x06, 0x01, 0x06, 0x01, 0x02, 0x02, 0x02, 0x03, 0x03, 0x03, 0x03, 0x05, 0x03, 0x05, 0x0C, 0x0B, 0x03, 0x01, 0x01,
    0x01, 0x04, 0x03, 0x0B, 0x05, 0x03, 0x02, 0x04, 0x04, 0x01, 0x04, 0x01, 0x01, 0x06, 0x01, 0x03, 0x05, 0x03, 0x01, 0x04, 0x06, 0x04, 0x04, 0x06,
    0x04, 0x01, 0x01, 0x01, 0x01, 0x01, 0x01, 0x04, 0x01, 0x01, 0x01, 0x06, 0x06, 0x06, 0x02, 0x02, 0x01, 0x04, 0x02, 0x03, 0x02, 0x02, 0x02, 0x04,
    0x03, 0x03, 0x02, 0x01, 0x03, 0x05, 0x0B, 0x03, 0x02, 0x02, 0x02, 0x03, 0x03, 0x01, 0x06, 0x04, 0x01, 0x03, 0x05, 0x03, 0x05, 0x03, 0x03, 0x02,
    0x05, 0x05, 0x04, 0x02, 0x02, 0x02, 0x02, 0x02, 0x02, 0x03, 0x03, 0x05, 0x05, 0x03, 0x01, 0x04, 0x02, 0x06, 0x06, 0x01, 0x01, 0x03, 0x01, 0x06,
    0x01, 0x06, 0x06, 0x03, 0x01, 0x03, 0x05, 0x05, 0x05, 0x05, 0x03, 0x03, 0x03, 0x05, 0x05, 0x03, 0x05, 0x03, 0x03, 0x0B, 0x0C, 0x03, 0x09, 0x05,
    0x03, 0x02, 0x02, 0x05, 0x05, 0x0B, 0x0C, 0x09, 0x03, 0x06, 0x03, 0x03, 0x03, 0x03, 0x02, 0x06, 0x04, 0x04, 0x02, 0x01, 0x03, 0x05, 0x05, 0x03,
    0x05, 0x05, 0x03, 0x02, 0x01, 0x02, 0x05, 0x05, 0x05, 0x05, 0x05, 0x0B, 0x02, 0x01, 0x03, 0x03, 0x03, 0x03, 0x01, 0x01, 0x02, 0x02, 0x05, 0x02,
    0x03, 0x02, 0x03, 0x03, 0x02, 0x02, 0x01, 0x02, 0x01, 0x02, 0x04, 0x02, 0x02, 0x01, 0x02, 0x02, 0x01, 0x01, 0x01, 0x04, 0x04, 0x02, 0x02, 0x05,
    0x0B, 0x09, 0x03, 0x01, 0x01, 0x02, 0x02, 0x03, 0x05, 0x02, 0x01, 0x03, 0x03, 0x02, 0x01, 0x02, 0x04, 0x04, 0x03, 0x01, 0x01, 0x01, 0x01, 0x01,
    0x01, 0x04, 0x01, 0x04, 0x04, 0x04, 0x01, 0x01, 0x02, 0x03, 0x05, 0x03, 0x05, 0x01, 0x04, 0x02, 0x06, 0x03, 0x0B, 0x05, 0x02, 0x03, 0x05, 0x03,
    0x03, 0x03, 0x05, 0x05, 0x01, 0x06, 0x06, 0x03, 0x03, 0x03, 0x03, 0x03, 0x02, 0x02, 0x05, 0x05, 0x03, 0x03, 0x03, 0x03, 0x05, 0x09, 0x05, 0x0B,
    0x05, 0x03, 0x03, 0x03, 0x05, 0x05, 0x02, 0x02, 0x02, 0x02, 0x01, 0x04, 0x01, 0x01, 0x02, 0x03, 0x03, 0x03, 0x03, 0x02, 0x02, 0x06, 0x01, 0x02,
    0x03, 0x05, 0x02, 0x05, 0x03, 0x02, 0x04, 0x06, 0x03, 0x05, 0x05, 0x05, 0x05, 0x0B, 0x03, 0x05, 0x03, 0x02, 0x03, 0x03, 0x03, 0x04, 0x06, 0x05,
    0x0B, 0x09, 0x05, 0x05, 0x05, 0x0B, 0x0F, 0x0A, 0x05, 0x02, 0x03, 0x02, 0x05, 0x05, 0x06, 0x04, 0x04, 0x02, 0x01, 0x05, 0x01, 0x03, 0x02, 0x03,
    0x03, 0x03, 0x03, 0x05, 0x03, 0x03, 0x03, 0x01, 0x03, 0x03, 0x03, 0x05, 0x03, 0x06, 0x02, 0x05, 0x06, 0x04, 0x02, 0x03, 0x05, 0x05, 0x02, 0x04,
    0x04, 0x01, 0x03, 0x02, 0x01, 0x03, 0x05, 0x02, 0x01, 0x06, 0x06, 0x01, 0x04, 0x02, 0x02, 0x02, 0x01, 0x02, 0x03, 0x03, 0x03, 0x02, 0x02, 0x02,
    0x02, 0x04, 0x02, 0x02, 0x05, 0x0C, 0x05, 0x05, 0x02, 0x01, 0x01, 0x01, 0x01, 0x04, 0x04, 0x01, 0x01, 0x04, 0x01, 0x03, 0x05, 0x05, 0x03, 0x02,
    0x01, 0x06, 0x06, 0x04, 0x01, 0x04, 0x04, 0x06, 0x04, 0x01, 0x04, 0x01, 0x01, 0x02, 0x03, 0x02, 0x01, 0x04, 0x06, 0x01, 0x09, 0x0C, 0x03, 0x02,
    0x01, 0x05, 0x05, 0x05, 0x05, 0x05, 0x03, 0x01, 0x01, 0x01, 0x03, 0x03, 0x03, 0x05, 0x02, 0x03, 0x02, 0x05, 0x09, 0x03, 0x02, 0x02, 0x05, 0x05,
    0x09, 0x0B, 0x0B, 0x09, 0x03, 0x02, 0x03, 0x02, 0x06, 0x02, 0x01, 0x01, 0x02, 0x01, 0x01, 0x04, 0x04, 0x02, 0x02, 0x02, 0x05, 0x0B, 0x05, 0x05,
    0x01, 0x01, 0x04, 0x03, 0x02, 0x01, 0x02, 0x02, 0x02, 0x05, 0x05, 0x03, 0x05, 0x03, 0x05, 0x0B, 0x0C, 0x0C, 0x0B, 0x05, 0x02, 0x01, 0x02, 0x03,
    0x03, 0x01, 0x03, 0x02, 0x02, 0x05, 0x03, 0x02, 0x05, 0x0B, 0x0B, 0x0D, 0x05, 0x01, 0x01, 0x04, 0x02, 0x05, 0x05, 0x01, 0x02, 0x02, 0x02, 0x02,
    0x03, 0x03, 0x03, 0x03, 0x03, 0x05, 0x03, 0x03, 0x03, 0x03, 0x03, 0x05, 0x03, 0x02, 0x03, 0x03, 0x01, 0x06, 0x01, 0x03, 0x03, 0x06, 0x01, 0x03,
    0x05, 0x05, 0x05, 0x05, 0x02, 0x06, 0x06, 0x01, 0x01, 0x03, 0x06, 0x02, 0x01, 0x05, 0x03, 0x02, 0x06, 0x01, 0x05, 0x03, 0x02, 0x02, 0x03, 0x03,
    0x03, 0x02, 0x02, 0x02, 0x01, 0x04, 0x06, 0x04, 0x02, 0x03, 0x01, 0x06, 0x01, 0x01, 0x04, 0x06, 0x06, 0x01, 0x01, 0x06, 0x04, 0x01, 0x02, 0x02,
    0x01, 0x01, 0x02, 0x06, 0x06, 0x04, 0x06, 0x06, 0x04, 0x06, 0x06, 0x01, 0x06, 0x01, 0x04, 0x04, 0x01, 0x04, 0x01, 0x02, 0x01, 0x01, 0x03, 0x05,
    0x01, 0x03, 0x01, 0x01, 0x02, 0x02, 0x02, 0x03, 0x02, 0x03, 0x03, 0x02, 0x01, 0x01, 0x03, 0x02, 0x03, 0x03, 0x03, 0x03, 0x02, 0x02, 0x01, 0x02,
    0x02, 0x02, 0x02, 0x05, 0x03, 0x03, 0x05, 0x03, 0x09, 0x05, 0x02, 0x02, 0x01, 0x01, 0x01, 0x04, 0x06, 0x04, 0x01, 0x06, 0x01, 0x03, 0x03, 0x03,
    0x02, 0x01, 0x06, 0x06, 0x01, 0x03, 0x05, 0x02, 0x01, 0x06, 0x04, 0x06, 0x01, 0x02, 0x02, 0x02, 0x03, 0x02, 0x03, 0x03, 0x03, 0x03, 0x03, 0x05,
    0x09, 0x05, 0x03, 0x02, 0x05, 0x0B, 0x05, 0x06, 0x02, 0x01, 0x03, 0x03, 0x03, 0x02, 0x03, 0x05, 0x02, 0x04, 0x04, 0x06, 0x06, 0x01, 0x01, 0x01,
    0x01, 0x03, 0x03, 0x02, 0x01, 0x01, 0x04, 0x01, 0x06, 0x03, 0x03, 0x01, 0x01, 0x02, 0x01, 0x03, 0x03, 0x02, 0x01, 0x06, 0x04, 0x01, 0x06, 0x06,
    0x03, 0x05, 0x03, 0x03, 0x05, 0x05, 0x0B, 0x09, 0x05, 0x05, 0x02, 0x03, 0x05, 0x03, 0x05, 0x03, 0x05, 0x05, 0x0B, 0x05, 0x03, 0x03, 0x01, 0x02,
    0x05, 0x05, 0x03, 0x05, 0x03, 0x02, 0x02, 0x01, 0x04, 0x06, 0x06, 0x06, 0x06, 0x06, 0x02, 0x06, 0x01, 0x04, 0x06, 0x06, 0x06, 0x04, 0x01, 0x04,
    0x04, 0x01, 0x04, 0x01, 0x01, 0x01, 0x04, 0x06, 0x06, 0x04, 0x04, 0x06, 0x06, 0x01, 0x01, 0x01, 0x06, 0x06, 0x06, 0x01, 0x04, 0x02, 0x04, 0x06,
    0x01, 0x01, 0x01, 0x01, 0x05, 0x04, 0x06, 0x06, 0x06, 0x01, 0x03, 0x02, 0x02, 0x01, 0x02, 0x02, 0x02, 0x03, 0x04, 0x01, 0x03, 0x05, 0x03, 0x05,
    0x03, 0x06, 0x06, 0x06, 0x03, 0x05, 0x05, 0x02, 0x02, 0x02, 0x02, 0x02, 0x02, 0x02, 0x01, 0x01, 0x01, 0x01, 0x06, 0x01, 0x01, 0x01, 0x03, 0x02,
    0x01, 0x01, 0x01, 0x03, 0x01, 0x02, 0x02, 0x02, 0x03, 0x01, 0x05, 0x01, 0x02, 0x03, 0x01, 0x01, 0x01, 0x01, 0x02, 0x01, 0x03, 0x03, 0x03, 0x02,
    0x02, 0x02, 0x03, 0x03, 0x03, 0x03, 0x02, 0x02, 0x02, 0x03, 0x0B, 0x05, 0x02, 0x01, 0x04, 0x04, 0x04, 0x02, 0x03, 0x02, 0x04, 0x04, 0x03, 0x05,
    0x02, 0x02, 0x05, 0x02, 0x03, 0x03, 0x03, 0x02, 0x02, 0x02, 0x03, 0x02, 0x01, 0x02, 0x02, 0x01, 0x04, 0x01, 0x06, 0x06, 0x06, 0x01, 0x04, 0x06,
    0x06, 0x06, 0x04, 0x01, 0x03, 0x03, 0x03, 0x03, 0x02, 0x09, 0x09, 0x05, 0x03, 0x09, 0x05, 0x02, 0x02, 0x02, 0x05, 0x09, 0x03, 0x03, 0x02, 0x02,
    0x05, 0x03, 0x02, 0x02, 0x03, 0x02, 0x03, 0x02, 0x01, 0x03, 0x02, 0x02, 0x01, 0x04, 0x02, 0x06, 0x06, 0x06, 0x06, 0x01, 0x02, 0x02, 0x01, 0x02,
    0x04, 0x06, 0x06, 0x06, 0x06, 0x04, 0x03, 0x06, 0x04, 0x01, 0x05, 0x03, 0x01, 0x06, 0x06, 0x01, 0x01, 0x06, 0x01, 0x01, 0x01, 0x01, 0x01, 0x01,
    0x01, 0x01, 0x01, 0x01, 0x01, 0x01, 0x01, 0x01, 0x01, 0x02, 0x06, 0x06, 0x01, 0x01, 0x01, 0x03, 0x03, 0x05, 0x02, 0x03, 0x03, 0x05, 0x01, 0x04,
    0x03, 0x05, 0x02, 0x03, 0x05, 0x09, 0x02, 0x02, 0x03, 0x05, 0x02, 0x02, 0x02, 0x02, 0x01, 0x02, 0x01, 0x06, 0x06, 0x06, 0x02, 0x03, 0x05, 0x02,
    0x02, 0x02, 0x02, 0x02, 0x02, 0x03, 0x03, 0x05, 0x03, 0x03, 0x02, 0x02, 0x02, 0x02, 0x09, 0x02, 0x02, 0x01, 0x02, 0x04, 0x01, 0x02, 0x01, 0x01,
    0x0B, 0x0C, 0x0B, 0x03, 0x04, 0x04, 0x02, 0x05, 0x05, 0x02, 0x01, 0x01, 0x02, 0x02, 0x05, 0x0B, 0x03, 0x03, 0x03, 0x0B, 0x0C, 0x05, 0x04, 0x06,
    0x05, 0x0B, 0x0B, 0x0D, 0x0D, 0x0B, 0x05, 0x01, 0x04, 0x01, 0x01, 0x03, 0x03, 0x03, 0x03, 0x02, 0x06, 0x04, 0x01, 0x04, 0x01, 0x04, 0x03, 0x01,
    0x03, 0x01, 0x01, 0x05, 0x06, 0x06, 0x06, 0x06, 0x06, 0x06, 0x06, 0x06, 0x06, 0x04, 0x01, 0x04, 0x01, 0x01, 0x02, 0x02, 0x02, 0x02, 0x03, 0x02,
    0x02, 0x02, 0x03, 0x03, 0x01, 0x04, 0x01, 0x02, 0x01, 0x01, 0x05, 0x05, 0x03, 0x03, 0x02, 0x02, 0x01, 0x04, 0x04, 0x02, 0x06, 0x01, 0x05, 0x01,
    0x04, 0x04, 0x01, 0x01, 0x04, 0x06, 0x06, 0x04, 0x04, 0x06, 0x03, 0x01, 0x04, 0x02, 0x01, 0x01, 0x01, 0x06, 0x01, 0x01, 0x05, 0x03, 0x02, 0x01,
    0x01, 0x04, 0x01, 0x01, 0x01, 0x01, 0x01, 0x01, 0x01, 0x04, 0x01, 0x06, 0x06, 0x04, 0x01, 0x02, 0x01, 0x02, 0x01, 0x03, 0x09, 0x05, 0x05, 0x02,
    0x04, 0x02, 0x03, 0x01, 0x04, 0x05, 0x05, 0x03, 0x03, 0x05, 0x05, 0x05, 0x03, 0x03, 0x05, 0x03, 0x02, 0x01, 0x02, 0x05, 0x05, 0x05, 0x05, 0x0B,
    0x0B, 0x05, 0x05, 0x03, 0x01, 0x02, 0x02, 0x03, 0x03, 0x03, 0x09, 0x09, 0x05, 0x01, 0x01, 0x02, 0x02, 0x01, 0x01, 0x01, 0x01, 0x01, 0x01, 0x02,
    0x05, 0x03, 0x02, 0x02, 0x03, 0x02, 0x02, 0x02, 0x02, 0x06, 0x06, 0x06, 0x06, 0x01, 0x02, 0x03, 0x06, 0x03, 0x03, 0x03, 0x0B, 0x05, 0x05, 0x06,
    0x01, 0x02, 0x02, 0x02, 0x01, 0x02, 0x03, 0x02, 0x04, 0x02, 0x02, 0x01, 0x03, 0x01, 0x02, 0x01, 0x01, 0x06, 0x01, 0x05, 0x03, 0x02, 0x06, 0x06,
    0x06, 0x04, 0x02, 0x02, 0x03, 0x03, 0x03, 0x05, 0x02, 0x05, 0x04, 0x06, 0x01, 0x01, 0x02, 0x06, 0x06, 0x04, 0x04, 0x01, 0x02, 0x03, 0x03, 0x02,
    0x02, 0x06, 0x06, 0x01, 0x04, 0x03, 0x01, 0x06, 0x01, 0x05, 0x05, 0x01, 0x06, 0x01, 0x03, 0x02, 0x02, 0x02, 0x02, 0x02, 0x02, 0x01, 0x06, 0x03,
    0x01, 0x04, 0x01, 0x04, 0x04, 0x01, 0x01, 0x01, 0x01, 0x01, 0x04, 0x04, 0x06, 0x06, 0x06, 0x06, 0x06, 0x06, 0x06, 0x01, 0x02, 0x01, 0x02, 0x03,
    0x01, 0x03, 0x01, 0x01, 0x01, 0x01, 0x04, 0x06, 0x04, 0x06, 0x01, 0x02, 0x02, 0x01, 0x01, 0x06, 0x06, 0x06, 0x06, 0x01, 0x02, 0x02, 0x03, 0x03,
    0x03, 0x03, 0x02, 0x03, 0x05, 0x02, 0x02, 0x03, 0x02, 0x05, 0x02, 0x02, 0x02, 0x02, 0x01, 0x02, 0x02, 0x02, 0x02, 0x02, 0x02, 0x02, 0x03, 0x02,
    0x03, 0x09, 0x03, 0x03, 0x01, 0x03, 0x02, 0x05, 0x0B, 0x03, 0x01, 0x04, 0x01, 0x05, 0x03, 0x03, 0x02, 0x02, 0x01, 0x02, 0x03, 0x03, 0x05, 0x06,
    0x06, 0x06, 0x06, 0x01, 0x02, 0x01, 0x01, 0x01, 0x06, 0x02, 0x03, 0x02, 0x01, 0x02, 0x01, 0x06, 0x06, 0x02, 0x0B, 0x05, 0x03, 0x02, 0x01, 0x01,
    0x03, 0x05, 0x03, 0x05, 0x02, 0x01, 0x01, 0x02, 0x02, 0x01, 0x01, 0x03, 0x03, 0x04, 0x06, 0x02, 0x01, 0x01, 0x02, 0x01, 0x04, 0x06, 0x01, 0x05,
    0x01, 0x01, 0x03, 0x01, 0x03, 0x03, 0x03, 0x02, 0x06, 0x06, 0x06, 0x03, 0x05, 0x02, 0x03, 0x02, 0x03, 0x05, 0x03, 0x02, 0x05, 0x03, 0x02, 0x01,
    0x01, 0x02, 0x02, 0x02, 0x02, 0x02, 0x03, 0x06, 0x03, 0x03, 0x09, 0x02, 0x01, 0x03, 0x02, 0x04, 0x04, 0x04, 0x01, 0x02, 0x03, 0x02, 0x03, 0x03,
    0x0B, 0x0D, 0x0A, 0x0A, 0x0F, 0x0F, 0x0B, 0x02, 0x01, 0x06, 0x04, 0x04, 0x01, 0x01, 0x04, 0x04, 0x02, 0x01, 0x04, 0x06, 0x06, 0x06, 0x03, 0x04,
    0x01, 0x01, 0x01, 0x01, 0x06, 0x06, 0x06, 0x01, 0x01, 0x01, 0x01, 0x06, 0x04, 0x06, 0x06, 0x03, 0x01, 0x01, 0x01, 0x01, 0x06, 0x04, 0x02, 0x01,
    0x02, 0x02, 0x02, 0x03, 0x05, 0x03, 0x02, 0x03, 0x05, 0x0B, 0x01, 0x02, 0x02, 0x02, 0x05, 0x01, 0x02, 0x01, 0x01, 0x02, 0x02, 0x02, 0x02, 0x02,
    0x03, 0x02, 0x02, 0x02, 0x03, 0x02, 0x02, 0x02, 0x02, 0x01, 0x02, 0x02, 0x03, 0x03, 0x01, 0x02, 0x03, 0x02, 0x02, 0x02, 0x01, 0x02, 0x02, 0x01,
    0x02, 0x04, 0x03, 0x03, 0x05, 0x05, 0x05, 0x04, 0x01, 0x04, 0x05, 0x05, 0x06, 0x06, 0x04, 0x01, 0x02, 0x02, 0x03, 0x02, 0x03, 0x02, 0x02, 0x02,
    0x02, 0x04, 0x06, 0x06, 0x04, 0x02, 0x03, 0x02, 0x02, 0x03, 0x02, 0x02, 0x04, 0x06, 0x01, 0x02, 0x01, 0x03, 0x01, 0x04, 0x04, 0x04, 0x06, 0x01,
    0x06, 0x04, 0x06, 0x01, 0x04, 0x01, 0x03, 0x03, 0x05, 0x05, 0x03, 0x01, 0x01, 0x01, 0x03, 0x04, 0x02, 0x03, 0x03, 0x03, 0x03, 0x05, 0x05, 0x09,
    0x02, 0x01, 0x04, 0x04, 0x02, 0x02, 0x02, 0x02, 0x03, 0x03, 0x03, 0x09, 0x03, 0x03, 0x05, 0x09, 0x05, 0x01, 0x06, 0x01, 0x06, 0x06, 0x01, 0x02,
    0x04, 0x01, 0x01, 0x02, 0x05, 0x05, 0x05, 0x0B, 0x0C, 0x0D, 0x09, 0x01, 0x02, 0x02, 0x01, 0x04, 0x06, 0x06, 0x04, 0x01, 0x04, 0x04, 0x01, 0x06,
    0x06, 0x04, 0x06, 0x01, 0x06, 0x01, 0x02, 0x01, 0x03, 0x01, 0x06, 0x06, 0x06, 0x01, 0x01, 0x04, 0x04, 0x06, 0x06, 0x01, 0x01, 0x01, 0x01, 0x04,
    0x04, 0x06, 0x01, 0x03, 0x03, 0x02, 0x02, 0x01, 0x01, 0x01, 0x01, 0x02, 0x03, 0x03, 0x01, 0x03, 0x01, 0x04, 0x06, 0x06, 0x06, 0x06, 0x04, 0x01,
    0x01, 0x02, 0x02, 0x03, 0x02, 0x02, 0x04, 0x03, 0x01, 0x06, 0x01, 0x02, 0x02, 0x0B, 0x09, 0x02, 0x02, 0x03, 0x03, 0x02, 0x01, 0x06, 0x01, 0x01,
    0x02, 0x01, 0x04, 0x03, 0x02, 0x01, 0x01, 0x01, 0x01, 0x05, 0x05, 0x03, 0x01, 0x01, 0x04, 0x04, 0x02, 0x04, 0x06, 0x01, 0x02, 0x03, 0x05, 0x0B,
    0x05, 0x01, 0x06, 0x06, 0x04, 0x01, 0x02, 0x03, 0x02, 0x02, 0x03, 0x02, 0x01, 0x02, 0x01, 0x02, 0x02, 0x02, 0x04, 0x06, 0x02, 0x03, 0x03, 0x05,
    0x05, 0x01, 0x03, 0x01, 0x02, 0x01, 0x01, 0x01, 0x01, 0x04, 0x04, 0x01, 0x02, 0x02, 0x01, 0x01, 0x01, 0x03, 0x0C, 0x0D, 0x03, 0x02, 0x03, 0x03,
    0x03, 0x05, 0x05, 0x05, 0x05, 0x05, 0x01, 0x01, 0x02, 0x02, 0x02, 0x03, 0x02, 0x02, 0x03, 0x03, 0x02, 0x02, 0x02, 0x03, 0x03, 0x05, 0x0B, 0x05,
    0x03, 0x02, 0x06, 0x06, 0x04, 0x06, 0x01, 0x05, 0x03, 0x03, 0x02, 0x01, 0x03, 0x01, 0x03, 0x09, 0x0B, 0x05, 0x02, 0x01, 0x04, 0x04, 0x06, 0x04,
    0x04, 0x01, 0x03, 0x01, 0x02, 0x01, 0x06, 0x06, 0x04, 0x05, 0x01, 0x01, 0x02, 0x01, 0x06, 0x01, 0x01, 0x06, 0x04, 0x04, 0x06, 0x06, 0x01, 0x06,
    0x04, 0x06, 0x06, 0x02, 0x01, 0x03, 0x02, 0x05, 0x03, 0x03, 0x05, 0x05, 0x02, 0x02, 0x01, 0x02, 0x01, 0x01, 0x03, 0x09, 0x05, 0x04, 0x06, 0x06,
    0x06, 0x01, 0x06, 0x06, 0x01, 0x03, 0x03, 0x03, 0x02, 0x01, 0x01, 0x03, 0x03, 0x05, 0x03, 0x02, 0x03, 0x05, 0x02, 0x02, 0x01, 0x05, 0x0B, 0x05,
    0x03, 0x01, 0x06, 0x06, 0x02, 0x05, 0x03, 0x02, 0x04, 0x02, 0x03, 0x02, 0x01, 0x02, 0x02, 0x02, 0x06, 0x06, 0x06, 0x06, 0x0D, 0x02, 0x03, 0x05,
    0x03, 0x03, 0x05, 0x05, 0x05, 0x01, 0x06, 0x01, 0x03, 0x03, 0x09, 0x05, 0x03, 0x02, 0x02, 0x02, 0x01, 0x06, 0x01, 0x02, 0x03, 0x03, 0x02, 0x02,
    0x02, 0x03, 0x05, 0x03, 0x05, 0x0B, 0x05, 0x02, 0x09, 0x05, 0x02, 0x06, 0x06, 0x06, 0x06, 0x06, 0x01, 0x06, 0x06, 0x06, 0x06, 0x04, 0x05, 0x05,
    0x05, 0x01, 0x02, 0x02, 0x02, 0x06, 0x01, 0x03, 0x01, 0x02, 0x02, 0x01, 0x06, 0x06, 0x02, 0x01, 0x01, 0x02, 0x02, 0x02, 0x06, 0x02, 0x03, 0x06,
    0x01, 0x01, 0x02, 0x05, 0x05, 0x01, 0x04, 0x04, 0x02, 0x02, 0x02, 0x02, 0x01, 0x01, 0x01, 0x04, 0x06, 0x06, 0x01, 0x03, 0x0D, 0x09, 0x03, 0x01,
    0x04, 0x04, 0x04, 0x04, 0x04, 0x04, 0x05, 0x0B, 0x01, 0x04, 0x06, 0x06, 0x01, 0x03, 0x01, 0x01, 0x06, 0x01, 0x01, 0x06, 0x06, 0x01, 0x04, 0x01,
    0x06, 0x04, 0x01, 0x04, 0x06, 0x06, 0x04, 0x05, 0x02, 0x02, 0x03, 0x02, 0x03, 0x03, 0x05, 0x05, 0x03, 0x01, 0x01, 0x05, 0x05, 0x05, 0x09, 0x05,
    0x02, 0x02, 0x04, 0x04, 0x04, 0x06, 0x06, 0x06, 0x06, 0x06, 0x02, 0x04, 0x01, 0x02, 0x02, 0x03, 0x02, 0x03, 0x02, 0x02, 0x02, 0x06, 0x01, 0x04,
    0x01, 0x04, 0x01, 0x02, 0x02, 0x0B, 0x0D, 0x02, 0x02, 0x02, 0x02, 0x02, 0x02, 0x01, 0x02, 0x02, 0x01, 0x01, 0x02, 0x01, 0x01, 0x01, 0x04, 0x01,
    0x03, 0x03, 0x03, 0x03, 0x02, 0x03, 0x03, 0x05, 0x05, 0x05, 0x02, 0x02, 0x03, 0x05, 0x03, 0x03, 0x03, 0x03, 0x01, 0x02, 0x01, 0x05, 0x03, 0x02,
    0x04, 0x01, 0x02, 0x02, 0x03, 0x05, 0x05, 0x03, 0x03, 0x03, 0x03, 0x03, 0x03, 0x02, 0x03, 0x01, 0x01, 0x01, 0x01, 0x05, 0x01, 0x06, 0x06, 0x06,
    0x06, 0x06, 0x04, 0x01, 0x02, 0x01, 0x03, 0x0B, 0x02, 0x03, 0x06, 0x04, 0x06, 0x06, 0x01, 0x04, 0x06, 0x06, 0x04, 0x02, 0x01, 0x01, 0x01, 0x04,
    0x02, 0x02, 0x02, 0x03, 0x05, 0x03, 0x06, 0x04, 0x03, 0x05, 0x03, 0x03, 0x02, 0x02, 0x02, 0x01, 0x06, 0x06, 0x01, 0x06, 0x04, 0x01, 0x01, 0x02,
    0x05, 0x09, 0x0B, 0x02, 0x04, 0x04, 0x01, 0x04, 0x04, 0x06, 0x02, 0x0C, 0x03, 0x06, 0x01, 0x06, 0x06, 0x01, 0x01, 0x04, 0x01, 0x06, 0x01, 0x06,
    0x06, 0x06, 0x06, 0x06, 0x06, 0x04, 0x01, 0x01, 0x04, 0x06, 0x03, 0x03, 0x02, 0x01, 0x01, 0x06, 0x01, 0x02, 0x03, 0x02, 0x02, 0x02, 0x03, 0x03,
    0x03, 0x05, 0x02, 0x02, 0x02, 0x05, 0x03, 0x01, 0x01, 0x04, 0x06, 0x06, 0x04, 0x03, 0x05, 0x03, 0x03, 0x03, 0x03, 0x03, 0x03, 0x03, 0x05, 0x02,
    0x01, 0x02, 0x04, 0x01, 0x06, 0x06, 0x01, 0x01, 0x01, 0x01, 0x02, 0x03, 0x02, 0x03, 0x03, 0x01, 0x03, 0x01, 0x02, 0x02, 0x01, 0x01, 0x04, 0x03,
    0x01, 0x01, 0x01, 0x01, 0x03, 0x03, 0x05, 0x03, 0x02, 0x03, 0x02, 0x03, 0x03, 0x02, 0x03, 0x02, 0x01, 0x04, 0x06, 0x04, 0x01, 0x01, 0x01, 0x02,
    0x02, 0x01, 0x03, 0x02, 0x01, 0x03, 0x0B, 0x05, 0x01, 0x06, 0x01, 0x03, 0x03, 0x03, 0x02, 0x01, 0x01, 0x01, 0x06, 0x01, 0x06, 0x02, 0x0C, 0x0D,
    0x0C, 0x09, 0x04, 0x01, 0x02, 0x01, 0x06, 0x06, 0x02, 0x01, 0x05, 0x05, 0x0B, 0x05, 0x03, 0x02, 0x01, 0x04, 0x06, 0x06, 0x06, 0x06, 0x06, 0x04,
    0x04, 0x04, 0x01, 0x01, 0x02, 0x03, 0x02, 0x05, 0x03, 0x03, 0x04, 0x06, 0x02, 0x05, 0x03, 0x01, 0x01, 0x01, 0x01, 0x01, 0x04, 0x06, 0x01, 0x01,
    0x04, 0x01, 0x02, 0x05, 0x03, 0x05, 0x09, 0x0C, 0x05, 0x01, 0x01, 0x01, 0x01, 0x04, 0x06, 0x01, 0x01, 0x03, 0x09, 0x03, 0x01, 0x06, 0x06, 0x01,
    0x01, 0x04, 0x06, 0x01, 0x06, 0x01, 0x01, 0x01, 0x01, 0x02, 0x01, 0x02, 0x02, 0x02, 0x01, 0x06, 0x01, 0x01, 0x04, 0x03, 0x03, 0x03, 0x01, 0x04,
    0x01, 0x02, 0x03, 0x02, 0x02, 0x03, 0x03, 0x05, 0x02, 0x03, 0x03, 0x05, 0x02, 0x02, 0x01, 0x02, 0x02, 0x03, 0x05, 0x09, 0x03, 0x02, 0x02, 0x01,
    0x01, 0x02, 0x02, 0x03, 0x02, 0x03, 0x01, 0x01, 0x06, 0x06, 0x06, 0x04, 0x01, 0x02, 0x02, 0x02, 0x02, 0x03, 0x02, 0x02, 0x02, 0x02, 0x02, 0x03,
    0x05, 0x03, 0x02, 0x04, 0x06, 0x04, 0x01, 0x01, 0x0B, 0x05, 0x02, 0x02, 0x02, 0x03, 0x02, 0x02, 0x01, 0x02, 0x03, 0x09, 0x02, 0x01, 0x05, 0x02,
    0x01, 0x03, 0x01, 0x06, 0x06, 0x02, 0x01, 0x01, 0x02, 0x02, 0x03, 0x03, 0x05, 0x05, 0x04, 0x06, 0x06, 0x06, 0x01, 0x06, 0x06, 0x02, 0x01, 0x06,
    0x06, 0x01, 0x04, 0x06, 0x01, 0x02, 0x02, 0x03, 0x0C, 0x05, 0x01, 0x06, 0x06, 0x02, 0x03, 0x02, 0x05, 0x03, 0x05, 0x05, 0x05, 0x02, 0x06, 0x06,
    0x06, 0x01, 0x04, 0x06, 0x06, 0x06, 0x06, 0x03, 0x03, 0x03, 0x03, 0x01, 0x01, 0x02, 0x03, 0x01, 0x02, 0x01, 0x01, 0x04, 0x04, 0x01, 0x02, 0x02,
    0x01, 0x04, 0x04, 0x04, 0x01, 0x02, 0x09, 0x05, 0x03, 0x02, 0x02, 0x03, 0x03, 0x02, 0x01, 0x02, 0x02, 0x04, 0x06, 0x06, 0x06, 0x02, 0x05, 0x01,
    0x05, 0x0B, 0x03, 0x01, 0x01, 0x01, 0x01, 0x04, 0x01, 0x01, 0x01, 0x03, 0x01, 0x01, 0x04, 0x06, 0x05, 0x01, 0x01, 0x06, 0x04, 0x04, 0x01, 0x09,
    0x0C, 0x05, 0x01, 0x06, 0x04, 0x03, 0x03, 0x01, 0x06, 0x04, 0x05, 0x05, 0x02, 0x02, 0x03, 0x02, 0x03, 0x05, 0x03, 0x03, 0x03, 0x01, 0x02, 0x05,
    0x0B, 0x0B, 0x03, 0x04, 0x01, 0x01, 0x02, 0x02, 0x02, 0x03, 0x03, 0x05, 0x05, 0x02, 0x04, 0x01, 0x04, 0x01, 0x01, 0x04, 0x04, 0x01, 0x01, 0x02,
    0x03, 0x02, 0x04, 0x02, 0x01, 0x05, 0x03, 0x02, 0x03, 0x01, 0x01, 0x02, 0x03, 0x02, 0x02, 0x02, 0x02, 0x02, 0x02, 0x01, 0x04, 0x01, 0x04, 0x04,
    0x01, 0x02, 0x02, 0x02, 0x03, 0x04, 0x01, 0x04, 0x01, 0x02, 0x01, 0x01, 0x04, 0x01, 0x02, 0x02, 0x05, 0x0D, 0x05, 0x02, 0x01, 0x06, 0x01, 0x05,
    0x05, 0x0B, 0x01, 0x05, 0x05, 0x05, 0x01, 0x01, 0x06, 0x01, 0x03, 0x05, 0x0F, 0x11, 0x0D, 0x03, 0x05, 0x02, 0x06, 0x02, 0x05, 0x05, 0x03, 0x05,
    0x05, 0x03, 0x04, 0x06, 0x02, 0x09, 0x01, 0x06, 0x06, 0x06, 0x04, 0x04, 0x04, 0x01, 0x01, 0x04, 0x04, 0x01, 0x05, 0x05, 0x01, 0x02, 0x01, 0x04,
    0x04, 0x01, 0x02, 0x03, 0x03, 0x02, 0x04, 0x03, 0x02, 0x02, 0x01, 0x01, 0x01, 0x01, 0x01, 0x02, 0x09, 0x09, 0x02, 0x04, 0x02, 0x01, 0x02, 0x06,
    0x06, 0x06, 0x03, 0x02, 0x01, 0x01, 0x01, 0x01, 0x01, 0x03, 0x01, 0x02, 0x01, 0x02, 0x03, 0x01, 0x03, 0x01, 0x01, 0x06, 0x04, 0x02, 0x01, 0x06,
    0x06, 0x01, 0x01, 0x04, 0x01, 0x02, 0x01, 0x06, 0x06, 0x01, 0x05, 0x04, 0x06, 0x02, 0x02, 0x02, 0x04, 0x01, 0x03, 0x05, 0x05, 0x03, 0x03, 0x03,
    0x03, 0x02, 0x01, 0x02, 0x05, 0x05, 0x03, 0x01, 0x06, 0x01, 0x03, 0x01, 0x01, 0x01, 0x04, 0x02, 0x05, 0x01, 0x01, 0x01, 0x01, 0x03, 0x05, 0x02,
    0x04, 0x04, 0x01, 0x04, 0x06, 0x03, 0x02, 0x02, 0x01, 0x01, 0x03, 0x03, 0x03, 0x03, 0x06, 0x06, 0x02, 0x05, 0x05, 0x03, 0x02, 0x02, 0x02, 0x01,
    0x04, 0x01, 0x04, 0x04, 0x04, 0x01, 0x02, 0x03, 0x03, 0x03, 0x05, 0x0B, 0x0D, 0x05, 0x05, 0x02, 0x04, 0x01, 0x02, 0x03, 0x03, 0x03, 0x03, 0x02,
    0x02, 0x02, 0x05, 0x0C, 0x0D, 0x0D, 0x05, 0x05, 0x05, 0x03, 0x03, 0x03, 0x03, 0x02, 0x01, 0x02, 0x05, 0x05, 0x03, 0x03, 0x03, 0x02, 0x03, 0x06,
    0x03, 0x03, 0x02, 0x02, 0x01, 0x03, 0x02, 0x01, 0x01, 0x04, 0x01, 0x06, 0x06, 0x06, 0x06, 0x01, 0x06, 0x01, 0x02, 0x01, 0x01, 0x02, 0x02, 0x03,
    0x03, 0x02, 0x01, 0x01, 0x04, 0x01, 0x01, 0x03, 0x05, 0x05, 0x05, 0x03, 0x02, 0x02, 0x05, 0x04, 0x06, 0x04, 0x01, 0x03, 0x05, 0x0C, 0x0B, 0x03,
    0x01, 0x02, 0x01, 0x04, 0x06, 0x01, 0x04, 0x01, 0x01, 0x01, 0x02, 0x01, 0x02, 0x01, 0x03, 0x03, 0x02, 0x03, 0x09, 0x01, 0x01, 0x04, 0x01, 0x02,
    0x01, 0x01, 0x04, 0x01, 0x06, 0x06, 0x06, 0x04, 0x04, 0x01, 0x01, 0x02, 0x05, 0x05, 0x01, 0x01, 0x04, 0x02, 0x04, 0x04, 0x02, 0x01, 0x01, 0x05,
    0x09, 0x05, 0x05, 0x03, 0x05, 0x05, 0x0B, 0x05, 0x02, 0x02, 0x04, 0x06, 0x06, 0x01, 0x05, 0x03, 0x03, 0x02, 0x04, 0x01, 0x05, 0x03, 0x04, 0x02,
    0x02, 0x02, 0x03, 0x09, 0x03, 0x03, 0x03, 0x03, 0x02, 0x02, 0x03, 0x03, 0x09, 0x05, 0x03, 0x05, 0x03, 0x02, 0x01, 0x01, 0x03, 0x03, 0x03, 0x02,
    0x02, 0x02, 0x01, 0x02, 0x02, 0x05, 0x03, 0x03, 0x01, 0x04, 0x01, 0x02, 0x09, 0x05, 0x0B, 0x05, 0x05, 0x05, 0x03, 0x01, 0x02, 0x03, 0x02, 0x01,
    0x01, 0x03, 0x05, 0x0B, 0x0D, 0x0D, 0x0D, 0x03, 0x05, 0x01, 0x01, 0x02, 0x02, 0x02, 0x02, 0x03, 0x02, 0x02, 0x06, 0x06, 0x06, 0x06, 0x03, 0x03,
    0x02, 0x05, 0x03, 0x06, 0x01, 0x02, 0x03, 0x01, 0x04, 0x01, 0x05, 0x05, 0x03, 0x03, 0x02, 0x06, 0x04, 0x03, 0x05, 0x05, 0x02, 0x02, 0x01, 0x03,
    0x02, 0x03, 0x01, 0x05, 0x03, 0x05, 0x05, 0x01, 0x05, 0x05, 0x06, 0x01, 0x05, 0x02, 0x02, 0x02, 0x03, 0x05, 0x03, 0x01, 0x04, 0x01, 0x06, 0x03,
    0x05, 0x05, 0x0B, 0x0A, 0x0D, 0x05, 0x06, 0x06, 0x01, 0x05, 0x01, 0x04, 0x01, 0x01, 0x03, 0x06, 0x04, 0x02, 0x01, 0x02, 0x03, 0x03, 0x01, 0x02,
    0x02, 0x03, 0x05, 0x01, 0x01, 0x02, 0x06, 0x06, 0x06, 0x04, 0x04, 0x06, 0x06, 0x06, 0x04, 0x03, 0x05, 0x05, 0x01, 0x03, 0x03, 0x02, 0x06, 0x03,
    0x05, 0x02, 0x02, 0x01, 0x01, 0x02, 0x02, 0x02, 0x03, 0x03, 0x01, 0x01, 0x04, 0x06, 0x06, 0x01, 0x05, 0x03, 0x03, 0x0B, 0x05, 0x01, 0x01, 0x01,
    0x02, 0x0B, 0x03, 0x05, 0x05, 0x03, 0x02, 0x05, 0x05, 0x05, 0x03, 0x03, 0x02, 0x02, 0x02, 0x02, 0x03, 0x02, 0x02, 0x01, 0x02, 0x05, 0x05, 0x05,
    0x05, 0x04, 0x06, 0x01, 0x02, 0x02, 0x02, 0x02, 0x02, 0x02, 0x02, 0x01, 0x06, 0x04, 0x01, 0x01, 0x05, 0x03, 0x03, 0x05, 0x05, 0x02, 0x06, 0x06,
    0x01, 0x01, 0x06, 0x01, 0x02, 0x03, 0x05, 0x03, 0x05, 0x05, 0x09, 0x03, 0x01, 0x06, 0x04, 0x01, 0x01, 0x01, 0x01, 0x01, 0x02, 0x01, 0x06, 0x06,
    0x06, 0x01, 0x02, 0x02, 0x02, 0x02, 0x02, 0x02, 0x06, 0x01, 0x02, 0x02, 0x02, 0x02, 0x03, 0x03, 0x02, 0x02, 0x03, 0x0C, 0x05, 0x03, 0x05, 0x0C,
    0x0B, 0x02, 0x02, 0x03, 0x02, 0x03, 0x05, 0x03, 0x02, 0x02, 0x01, 0x05, 0x0B, 0x0C, 0x01, 0x06, 0x04, 0x03, 0x02, 0x02, 0x03, 0x02, 0x02, 0x01,
    0x04, 0x04, 0x02, 0x03, 0x03, 0x01, 0x03, 0x05, 0x0B, 0x0D, 0x0C, 0x0C, 0x0A, 0x11, 0x09, 0x01, 0x01, 0x01, 0x01, 0x01, 0x06, 0x04, 0x02, 0x02,
    0x03, 0x03, 0x01, 0x01, 0x01, 0x03, 0x05, 0x03, 0x06, 0x06, 0x06, 0x06, 0x04, 0x01, 0x01, 0x01, 0x04, 0x01, 0x02, 0x02, 0x03, 0x05, 0x03, 0x09,
    0x05, 0x02, 0x01, 0x02, 0x02, 0x01, 0x03, 0x02, 0x02, 0x03, 0x02, 0x01, 0x01, 0x01, 0x02, 0x02, 0x03, 0x03, 0x02, 0x03, 0x03, 0x05, 0x01, 0x01,
    0x04, 0x01, 0x02, 0x04, 0x06, 0x06, 0x04, 0x01, 0x02, 0x02, 0x01, 0x02, 0x03, 0x05, 0x05, 0x09, 0x02, 0x01, 0x04, 0x04, 0x06, 0x02, 0x03, 0x02,
    0x02, 0x02, 0x02, 0x01, 0x04, 0x02, 0x02, 0x01, 0x01, 0x06, 0x06, 0x06, 0x02, 0x01, 0x04, 0x03, 0x05, 0x02, 0x02, 0x01, 0x02, 0x02, 0x02, 0x03,
    0x02, 0x02, 0x05, 0x03, 0x06, 0x04, 0x0C, 0x05, 0x05, 0x0B, 0x03, 0x05, 0x05, 0x05, 0x05, 0x05, 0x03, 0x03, 0x02, 0x04, 0x01, 0x01, 0x02, 0x02,
    0x01, 0x01, 0x04, 0x01, 0x03, 0x04, 0x03, 0x03, 0x02, 0x04, 0x04, 0x04, 0x06, 0x06, 0x06, 0x02, 0x02, 0x01, 0x02, 0x05, 0x03, 0x01, 0x09, 0x0D,
    0x0D, 0x01, 0x06, 0x01, 0x05, 0x06, 0x02, 0x04, 0x06, 0x02, 0x03, 0x02, 0x01, 0x04, 0x01, 0x01, 0x01, 0x05, 0x03, 0x06, 0x06, 0x04, 0x01, 0x03,
    0x02, 0x02, 0x04, 0x02, 0x05, 0x02, 0x06, 0x04, 0x02, 0x02, 0x01, 0x02, 0x02, 0x05, 0x0B, 0x0C, 0x0F, 0x09, 0x02, 0x04, 0x06, 0x06, 0x01, 0x02,
    0x01, 0x01, 0x05, 0x03, 0x01, 0x06, 0x06, 0x06, 0x01, 0x04, 0x01, 0x01, 0x04, 0x06, 0x01, 0x01, 0x01, 0x01, 0x01, 0x01, 0x04, 0x02, 0x03, 0x05,
    0x05, 0x01, 0x01, 0x01, 0x02, 0x03, 0x02, 0x02, 0x06, 0x02, 0x01, 0x01, 0x02, 0x01, 0x02, 0x02, 0x06, 0x01, 0x03, 0x05, 0x03, 0x01, 0x01, 0x01,
    0x05, 0x05, 0x01, 0x04, 0x01, 0x02, 0x02, 0x01, 0x03, 0x01, 0x03, 0x05, 0x05, 0x03, 0x01, 0x01, 0x02, 0x03, 0x02, 0x02, 0x02, 0x02, 0x01, 0x01,
    0x02, 0x04, 0x06, 0x06, 0x06, 0x01, 0x01, 0x01, 0x03, 0x05, 0x02, 0x02, 0x01, 0x02, 0x01, 0x01, 0x01, 0x02, 0x02, 0x01, 0x02, 0x03, 0x01, 0x01,
    0x01, 0x06, 0x01, 0x06, 0x04, 0x03, 0x05, 0x09, 0x09, 0x05, 0x05, 0x05, 0x05, 0x05, 0x09, 0x05, 0x05, 0x02, 0x03, 0x03, 0x05, 0x02, 0x01, 0x02,
    0x03, 0x02, 0x01, 0x02, 0x02, 0x02, 0x03, 0x02, 0x02, 0x04, 0x01, 0x01, 0x03, 0x01, 0x01, 0x01, 0x03, 0x06, 0x06, 0x01, 0x03, 0x0B, 0x0B, 0x0B,
    0x02, 0x02, 0x02, 0x02, 0x03, 0x0B, 0x0B, 0x06, 0x06, 0x06, 0x06, 0x06, 0x06, 0x06, 0x01, 0x04, 0x06, 0x06, 0x01, 0x02, 0x02, 0x05, 0x05, 0x03,
    0x06, 0x06, 0x06, 0x04, 0x06, 0x06, 0x06, 0x01, 0x01, 0x04, 0x01, 0x04, 0x04, 0x04, 0x01, 0x04, 0x01, 0x01, 0x02, 0x03, 0x02, 0x02, 0x06, 0x04,
    0x03, 0x02, 0x02, 0x01, 0x02, 0x05, 0x01, 0x01, 0x01, 0x01, 0x01, 0x06, 0x06, 0x01, 0x04, 0x01, 0x06, 0x06, 0x01, 0x02, 0x04, 0x04, 0x01, 0x01,
    0x01, 0x02, 0x02, 0x01, 0x01, 0x06, 0x06, 0x06, 0x06, 0x01, 0x01, 0x01, 0x04, 0x02, 0x02, 0x02, 0x02, 0x02, 0x02, 0x01, 0x01, 0x02, 0x03, 0x02,
    0x02, 0x02, 0x01, 0x01, 0x03, 0x03, 0x01, 0x01, 0x01, 0x04, 0x04, 0x01, 0x04, 0x01, 0x02, 0x05, 0x05, 0x01, 0x01, 0x04, 0x01, 0x06, 0x06, 0x01,
    0x04, 0x03, 0x05, 0x02, 0x02, 0x01, 0x04, 0x01, 0x04, 0x01, 0x01, 0x01, 0x02, 0x03, 0x03, 0x02, 0x03, 0x02, 0x03, 0x05, 0x02, 0x02, 0x03, 0x02,
    0x01, 0x01, 0x04, 0x04, 0x04, 0x01, 0x01, 0x04, 0x06, 0x06, 0x01, 0x03, 0x0B, 0x0B, 0x04, 0x01, 0x03, 0x02, 0x03, 0x03, 0x03, 0x03, 0x02, 0x02,
    0x02, 0x03, 0x01, 0x01, 0x02, 0x02, 0x01, 0x01, 0x01, 0x02, 0x03, 0x02, 0x01, 0x01, 0x02, 0x05, 0x02, 0x0B, 0x0C, 0x05, 0x02, 0x02, 0x04, 0x06,
    0x04, 0x02, 0x03, 0x03, 0x03, 0x03, 0x03, 0x06, 0x06, 0x01, 0x02, 0x03, 0x06, 0x03, 0x02, 0x01, 0x06, 0x06, 0x06, 0x06, 0x06, 0x06, 0x04, 0x02,
    0x02, 0x02, 0x05, 0x0B, 0x0C, 0x04, 0x06, 0x06, 0x06, 0x01, 0x02, 0x04, 0x04, 0x02, 0x02, 0x01, 0x04, 0x01, 0x04, 0x06, 0x01, 0x01, 0x06, 0x06,
    0x04, 0x01, 0x03, 0x02, 0x04, 0x02, 0x01, 0x02, 0x02, 0x01, 0x04, 0x04, 0x04, 0x01, 0x01, 0x01, 0x02, 0x01, 0x01, 0x03, 0x01, 0x03, 0x01, 0x06,
    0x06, 0x04, 0x06, 0x04, 0x04, 0x01, 0x01, 0x06, 0x06, 0x01, 0x01, 0x02, 0x02, 0x02, 0x01, 0x01, 0x01, 0x04, 0x03, 0x02, 0x02, 0x02, 0x03, 0x01,
    0x01, 0x03, 0x02, 0x03, 0x03, 0x03, 0x05, 0x05, 0x02, 0x01, 0x01, 0x04, 0x06, 0x04, 0x01, 0x02, 0x04, 0x06, 0x04, 0x01, 0x04, 0x02, 0x03, 0x03,
    0x01, 0x03, 0x03, 0x01, 0x06, 0x01, 0x03, 0x02, 0x01, 0x02, 0x03, 0x02, 0x01, 0x02, 0x03, 0x02, 0x02, 0x03, 0x03, 0x02, 0x01, 0x02, 0x01, 0x02,
    0x03, 0x03, 0x01, 0x03, 0x04, 0x04, 0x04, 0x04, 0x01, 0x01, 0x06, 0x04, 0x06, 0x06, 0x06, 0x02, 0x0C, 0x05, 0x05, 0x09, 0x02, 0x01, 0x01, 0x03,
    0x03, 0x03, 0x02, 0x01, 0x02, 0x03, 0x02, 0x04, 0x01, 0x02, 0x02, 0x01, 0x01, 0x02, 0x05, 0x05, 0x02, 0x03, 0x05, 0x0F, 0x0E, 0x0F, 0x0B, 0x0D,
    0x09, 0x05, 0x01, 0x01, 0x01, 0x03, 0x02, 0x01, 0x02, 0x02, 0x03, 0x05, 0x05, 0x04, 0x04, 0x02, 0x09, 0x0B, 0x0E, 0x0C, 0x03, 0x03, 0x02, 0x01,
    0x01, 0x01, 0x01, 0x01, 0x03, 0x02, 0x02, 0x03, 0x05, 0x01, 0x02, 0x06, 0x06, 0x06, 0x02, 0x05, 0x02, 0x05, 0x03, 0x02, 0x02, 0x03, 0x02, 0x04,
    0x01, 0x01, 0x02, 0x03, 0x01, 0x01, 0x06, 0x02, 0x06, 0x04, 0x01, 0x04, 0x06, 0x01, 0x04, 0x04, 0x04, 0x04, 0x01, 0x01, 0x02, 0x02, 0x01, 0x04,
    0x02, 0x06, 0x04, 0x06, 0x06, 0x06, 0x06, 0x01, 0x04, 0x01, 0x02, 0x04, 0x04, 0x01, 0x02, 0x03, 0x03, 0x01, 0x02, 0x04, 0x04, 0x01, 0x03, 0x03,
    0x05, 0x02, 0x06, 0x06, 0x06, 0x01, 0x03, 0x02, 0x02, 0x03, 0x05, 0x02, 0x02, 0x02, 0x01, 0x04, 0x06, 0x02, 0x02, 0x02, 0x03, 0x09, 0x03, 0x06,
    0x04, 0x01, 0x01, 0x04, 0x03, 0x05, 0x02, 0x02, 0x01, 0x01, 0x04, 0x02, 0x02, 0x02, 0x02, 0x01, 0x01, 0x06, 0x01, 0x02, 0x02, 0x01, 0x06, 0x06,
    0x01, 0x03, 0x02, 0x01, 0x04, 0x01, 0x03, 0x04, 0x04, 0x04, 0x04, 0x06, 0x04, 0x01, 0x04, 0x04, 0x01, 0x02, 0x03, 0x09, 0x05, 0x03, 0x03, 0x03,
    0x03, 0x03, 0x02, 0x02, 0x01, 0x02, 0x03, 0x02, 0x02, 0x05, 0x02, 0x04, 0x04, 0x01, 0x01, 0x01, 0x01, 0x03, 0x05, 0x02, 0x05, 0x0D, 0x0A, 0x0D,
    0x0B, 0x05, 0x0C, 0x0F, 0x0D, 0x0D, 0x05, 0x01, 0x02, 0x01, 0x06, 0x01, 0x03, 0x03, 0x02, 0x01, 0x02, 0x05, 0x0B, 0x03, 0x04, 0x02, 0x05, 0x0B,
    0x03, 0x02, 0x01, 0x01, 0x02, 0x03, 0x03, 0x03, 0x02, 0x02, 0x02, 0x03, 0x02, 0x05, 0x02, 0x06, 0x06, 0x04, 0x06, 0x01, 0x02, 0x02, 0x03, 0x03,
    0x02, 0x02, 0x02, 0x01, 0x06, 0x04, 0x01, 0x03, 0x01, 0x02, 0x03, 0x03, 0x03, 0x01, 0x06, 0x02, 0x03, 0x06, 0x04, 0x03, 0x02, 0x06, 0x06, 0x06,
    0x06, 0x06, 0x04, 0x04, 0x01, 0x02, 0x04, 0x03, 0x01, 0x06, 0x06, 0x06, 0x04, 0x04, 0x04, 0x01, 0x02, 0x02, 0x01, 0x01, 0x02, 0x01, 0x06, 0x06,
    0x01, 0x02, 0x05, 0x02, 0x01, 0x01, 0x02, 0x05, 0x03, 0x02, 0x03, 0x02, 0x01, 0x02, 0x01, 0x01, 0x04, 0x04, 0x04, 0x01, 0x03, 0x03, 0x03, 0x04,
    0x01, 0x04, 0x01, 0x01, 0x01, 0x02, 0x04, 0x04, 0x04, 0x01, 0x03, 0x02, 0x03, 0x02, 0x02, 0x02, 0x02, 0x02, 0x02, 0x02, 0x02, 0x03, 0x02, 0x04,
    0x0B, 0x05, 0x03, 0x03, 0x03, 0x03, 0x02, 0x03, 0x01, 0x01, 0x01, 0x01, 0x06, 0x04, 0x01, 0x05, 0x02, 0x04, 0x04, 0x04, 0x03, 0x05, 0x0C, 0x05,
    0x02, 0x03, 0x03, 0x03, 0x03, 0x03, 0x05, 0x02, 0x02, 0x02, 0x02, 0x01, 0x02, 0x01, 0x01, 0x04, 0x01, 0x01, 0x01, 0x02, 0x02, 0x05, 0x05, 0x03,
    0x02, 0x0B, 0x0B, 0x09, 0x02, 0x02, 0x03, 0x0B, 0x0F, 0x0D, 0x05, 0x01, 0x01, 0x06, 0x01, 0x06, 0x06, 0x06, 0x04, 0x06, 0x04, 0x09, 0x02, 0x01,
    0x06, 0x06, 0x01, 0x05, 0x01, 0x02, 0x02, 0x01, 0x04, 0x06, 0x06, 0x06, 0x04, 0x02, 0x05, 0x03, 0x02, 0x05, 0x01, 0x02, 0x03, 0x04, 0x06, 0x06,
    0x01, 0x01, 0x01, 0x06, 0x06, 0x06, 0x01, 0x01, 0x04, 0x04, 0x01, 0x01, 0x02, 0x01, 0x04, 0x05, 0x05, 0x02, 0x06, 0x01, 0x05, 0x05, 0x05, 0x03,
    0x01, 0x06, 0x06, 0x02, 0x03, 0x02, 0x01, 0x01, 0x01, 0x01, 0x01, 0x02, 0x05, 0x04, 0x06, 0x06, 0x06, 0x06, 0x06, 0x06, 0x04, 0x01, 0x01, 0x01,
    0x04, 0x06, 0x01, 0x04, 0x04, 0x02, 0x02, 0x01, 0x01, 0x03, 0x05, 0x03, 0x05, 0x03, 0x01, 0x02, 0x01, 0x04, 0x06, 0x06, 0x06, 0x06, 0x06, 0x01,
    0x01, 0x02, 0x01, 0x01, 0x06, 0x04, 0x02, 0x05, 0x0B, 0x05, 0x03, 0x02, 0x06, 0x06, 0x01, 0x02, 0x03, 0x03, 0x03, 0x03, 0x03, 0x05, 0x02, 0x01,
    0x02, 0x02, 0x04, 0x01, 0x03, 0x02, 0x01, 0x01, 0x06, 0x04, 0x04, 0x04, 0x04, 0x04, 0x06, 0x04, 0x06, 0x04, 0x02, 0x01, 0x01, 0x02, 0x04, 0x02,
    0x01, 0x02, 0x01, 0x02, 0x03, 0x03, 0x03, 0x03, 0x05, 0x05, 0x05, 0x05, 0x05, 0x05, 0x03, 0x03, 0x01, 0x01, 0x02, 0x01, 0x02, 0x02, 0x03, 0x02,
    0x05, 0x0D, 0x0B, 0x02, 0x06, 0x06, 0x02, 0x03, 0x03, 0x02, 0x02, 0x02, 0x0B, 0x0B, 0x0C, 0x05, 0x01, 0x01, 0x06, 0x06, 0x06, 0x06, 0x06, 0x06,
    0x06, 0x06, 0x06, 0x06, 0x06, 0x06, 0x02, 0x03, 0x02, 0x06, 0x06, 0x06, 0x01, 0x01, 0x01, 0x01, 0x01, 0x06, 0x02, 0x02, 0x02, 0x02, 0x02, 0x06,
    0x04, 0x06, 0x06, 0x06, 0x06, 0x06, 0x06, 0x06, 0x06, 0x01, 0x06, 0x06, 0x01, 0x01, 0x04, 0x01, 0x06, 0x01, 0x03, 0x02, 0x02, 0x01, 0x01, 0x02,
    0x02, 0x02, 0x01, 0x01, 0x03, 0x03, 0x02, 0x01, 0x01, 0x02, 0x02, 0x01, 0x04, 0x04, 0x01, 0x02, 0x02, 0x01, 0x02, 0x03, 0x01, 0x03, 0x04, 0x06,
    0x06, 0x06, 0x04, 0x01, 0x01, 0x01, 0x01, 0x02, 0x01, 0x06, 0x04, 0x04, 0x01, 0x01, 0x03, 0x05, 0x02, 0x01, 0x01, 0x04, 0x06, 0x06, 0x06, 0x06,
    0x06, 0x06, 0x04, 0x04, 0x04, 0x04, 0x01, 0x05, 0x02, 0x04, 0x02, 0x02, 0x03, 0x02, 0x01, 0x01, 0x05, 0x01, 0x04, 0x04, 0x02, 0x05, 0x02, 0x02,
    0x0B, 0x09, 0x03, 0x01, 0x02, 0x02, 0x01, 0x02, 0x03, 0x04, 0x06, 0x04, 0x01, 0x01, 0x06, 0x06, 0x06, 0x06, 0x06, 0x04, 0x02, 0x01, 0x03, 0x05,
    0x01, 0x02, 0x01, 0x02, 0x02, 0x01, 0x03, 0x03, 0x03, 0x03, 0x03, 0x05, 0x05, 0x05, 0x03, 0x0B, 0x0B, 0x03, 0x03, 0x0B, 0x0B, 0x05, 0x05, 0x05,
    0x02, 0x02, 0x03, 0x03, 0x05, 0x0D, 0x02, 0x05, 0x03, 0x06, 0x06, 0x06, 0x06, 0x06, 0x01, 0x02, 0x02, 0x0B, 0x0E, 0x0D, 0x0B, 0x0C, 0x0D, 0x0A,
    0x03, 0x06, 0x01, 0x06, 0x06, 0x06, 0x06, 0x06, 0x06, 0x01, 0x03, 0x05, 0x05, 0x01, 0x06, 0x06, 0x06, 0x06, 0x01, 0x01, 0x02, 0x02, 0x04, 0x02,
    0x03, 0x02, 0x02, 0x04, 0x04, 0x02, 0x01, 0x06, 0x04, 0x03, 0x0B, 0x03, 0x06, 0x06, 0x04, 0x01, 0x01, 0x02, 0x04, 0x01, 0x06, 0x06, 0x01, 0x02,
    0x04, 0x03, 0x02, 0x01, 0x06, 0x01, 0x04, 0x01, 0x01, 0x01, 0x02, 0x04, 0x01, 0x01, 0x02, 0x01, 0x06, 0x06, 0x01, 0x04, 0x02, 0x02, 0x02, 0x02,
    0x01, 0x01, 0x02, 0x02, 0x02, 0x01, 0x02, 0x03, 0x01, 0x01, 0x04, 0x01, 0x06, 0x06, 0x06, 0x01, 0x01, 0x01, 0x01, 0x01, 0x01, 0x04, 0x01, 0x04,
    0x06, 0x01, 0x04, 0x06, 0x04, 0x06, 0x06, 0x06, 0x01, 0x04, 0x01, 0x01, 0x03, 0x02, 0x02, 0x03, 0x01, 0x04, 0x04, 0x02, 0x05, 0x05, 0x03, 0x01,
    0x04, 0x02, 0x03, 0x03, 0x04, 0x01, 0x02, 0x03, 0x03, 0x02, 0x03, 0x05, 0x01, 0x02, 0x03, 0x03, 0x02, 0x01, 0x03, 0x01, 0x04, 0x01, 0x06, 0x06,
    0x02, 0x02, 0x01, 0x02, 0x02, 0x02, 0x03, 0x02, 0x06, 0x01, 0x02, 0x02, 0x02, 0x03, 0x03, 0x03, 0x03, 0x03, 0x05, 0x03, 0x05, 0x03, 0x03, 0x05,
    0x0B, 0x0B, 0x0D, 0x0A, 0x0D, 0x0B, 0x0B, 0x05, 0x06, 0x04, 0x06, 0x02, 0x02, 0x03, 0x02, 0x06, 0x06, 0x07, 0x06, 0x06, 0x06, 0x01, 0x05, 0x05,
    0x0B, 0x0B, 0x05, 0x0F, 0x09, 0x0B, 0x02, 0x05, 0x09, 0x03, 0x01, 0x03, 0x0D, 0x05, 0x03, 0x01, 0x05, 0x11, 0x0E, 0x01, 0x05, 0x01, 0x06, 0x04,
    0x01, 0x02, 0x01, 0x02, 0x03, 0x09, 0x0C, 0x05, 0x06, 0x01, 0x02, 0x01, 0x06, 0x02, 0x03, 0x02, 0x06, 0x06, 0x01, 0x06, 0x06, 0x06, 0x01, 0x06,
    0x01, 0x01, 0x02, 0x03, 0x05, 0x03, 0x05, 0x04, 0x01, 0x02, 0x01, 0x06, 0x06, 0x01, 0x02, 0x04, 0x06, 0x01, 0x01, 0x06, 0x01, 0x06, 0x06, 0x01,
    0x05, 0x03, 0x01, 0x01, 0x06, 0x01, 0x01, 0x04, 0x01, 0x04, 0x01, 0x02, 0x01, 0x01, 0x04, 0x06, 0x01, 0x06, 0x06, 0x01, 0x01, 0x06, 0x06, 0x06,
    0x04, 0x01, 0x04, 0x04, 0x01, 0x04, 0x06, 0x06, 0x06, 0x06, 0x06, 0x06, 0x06, 0x01, 0x06, 0x06, 0x04, 0x01, 0x01, 0x02, 0x02, 0x02, 0x02, 0x01,
    0x03, 0x03, 0x02, 0x03, 0x05, 0x05, 0x05, 0x02, 0x01, 0x01, 0x03, 0x03, 0x02, 0x03, 0x05, 0x05, 0x02, 0x01, 0x04, 0x01, 0x01, 0x04, 0x01, 0x01,
    0x01, 0x02, 0x03, 0x02, 0x01, 0x02, 0x02, 0x02, 0x02, 0x06, 0x02, 0x02, 0x03, 0x02, 0x02, 0x01, 0x02, 0x03, 0x03, 0x05, 0x05, 0x05, 0x09, 0x03,
    0x02, 0x03, 0x09, 0x05, 0x05, 0x03, 0x05, 0x0D, 0x0F, 0x0B, 0x05, 0x03, 0x06, 0x04, 0x09, 0x09, 0x02, 0x05, 0x03, 0x01, 0x01, 0x06, 0x04, 0x04,
    0x01, 0x06, 0x06, 0x02, 0x02, 0x01, 0x01, 0x01, 0x03, 0x09, 0x09, 0x09, 0x09, 0x0A, 0x11, 0x0F, 0x0D, 0x03, 0x01, 0x01, 0x05, 0x0D, 0x0F, 0x12,
    0x13, 0x0D, 0x05, 0x06, 0x01, 0x03, 0x01, 0x02, 0x02, 0x01, 0x03, 0x0B, 0x01, 0x06, 0x02, 0x02, 0x06, 0x04, 0x02, 0x05, 0x09, 0x03, 0x03, 0x03,
    0x05, 0x01, 0x06, 0x01, 0x01, 0x01, 0x03, 0x03, 0x02, 0x02, 0x0B, 0x09, 0x03, 0x02, 0x02, 0x04, 0x04, 0x01, 0x01, 0x04, 0x04, 0x01, 0x01, 0x02,
    0x06, 0x06, 0x06, 0x01, 0x05, 0x01, 0x02, 0x04, 0x02, 0x02, 0x01, 0x04, 0x01, 0x02, 0x01, 0x04, 0x04, 0x04, 0x04, 0x01, 0x01, 0x03, 0x06, 0x01,
    0x04, 0x06, 0x01, 0x01, 0x04, 0x04, 0x06, 0x01, 0x01, 0x04, 0x01, 0x06, 0x06, 0x06, 0x04, 0x06, 0x06, 0x06, 0x06, 0x06, 0x01, 0x03, 0x05, 0x02,
    0x03, 0x05, 0x02, 0x01, 0x02, 0x01, 0x02, 0x06, 0x01, 0x02, 0x03, 0x02, 0x01, 0x02, 0x02, 0x02, 0x02, 0x05, 0x05, 0x0B, 0x06, 0x06, 0x01, 0x01,
    0x03, 0x03, 0x02, 0x02, 0x01, 0x03, 0x05, 0x02, 0x02, 0x01, 0x02, 0x04, 0x02, 0x02, 0x01, 0x05, 0x05, 0x05, 0x05, 0x01, 0x01, 0x02, 0x03, 0x03,
    0x05, 0x05, 0x03, 0x02, 0x02, 0x03, 0x02, 0x02, 0x03, 0x02, 0x02, 0x03, 0x0B, 0x0B, 0x03, 0x01, 0x05, 0x05, 0x09, 0x05, 0x09, 0x02, 0x01, 0x03,
    0x03, 0x0B, 0x05, 0x05, 0x01, 0x02, 0x01, 0x06, 0x04, 0x02, 0x04, 0x01, 0x06, 0x04, 0x01, 0x05, 0x0B, 0x0B, 0x0B, 0x0B, 0x01, 0x02, 0x02, 0x01,
    0x06, 0x01, 0x02, 0x05, 0x0D, 0x0C, 0x05, 0x05, 0x02, 0x06, 0x03, 0x01, 0x04, 0x01, 0x02, 0x05, 0x0F, 0x0D, 0x0B, 0x0B, 0x0D, 0x0C, 0x02, 0x05,
    0x0C, 0x0A, 0x11, 0x0C, 0x05, 0x01, 0x01, 0x06, 0x01, 0x06, 0x09, 0x05, 0x03, 0x03, 0x05, 0x05, 0x03, 0x05, 0x03, 0x03, 0x03, 0x02, 0x04, 0x01,
    0x02, 0x04, 0x01, 0x01, 0x06, 0x06, 0x06, 0x01, 0x03, 0x02, 0x01, 0x01, 0x02, 0x03, 0x02, 0x06, 0x01, 0x03, 0x02, 0x01, 0x04, 0x01, 0x01, 0x05,
    0x02, 0x04, 0x03, 0x03, 0x02, 0x02, 0x06, 0x06, 0x06, 0x06, 0x06, 0x04, 0x01, 0x01, 0x06, 0x04, 0x06, 0x06, 0x06, 0x01, 0x06, 0x04, 0x04, 0x01,
    0x06, 0x06, 0x01, 0x02, 0x01, 0x01, 0x02, 0x03, 0x03, 0x02, 0x04, 0x01, 0x02, 0x04, 0x01, 0x04, 0x02, 0x04, 0x06, 0x06, 0x04, 0x05, 0x05, 0x05,
    0x06, 0x04, 0x02, 0x02, 0x03, 0x03, 0x02, 0x01, 0x01, 0x01, 0x02, 0x01, 0x06, 0x02, 0x02, 0x01, 0x01, 0x02, 0x02, 0x02, 0x02, 0x05, 0x09, 0x05,
    0x05, 0x02, 0x02, 0x05, 0x03, 0x03, 0x03, 0x02, 0x01, 0x01, 0x02, 0x02, 0x01, 0x03, 0x03, 0x03, 0x05, 0x09, 0x0D, 0x0A, 0x0A, 0x0D, 0x05, 0x01,
    0x03, 0x03, 0x03, 0x01, 0x02, 0x09, 0x05, 0x05, 0x02, 0x04, 0x03, 0x03, 0x02, 0x02, 0x02, 0x02, 0x02, 0x02, 0x05, 0x02, 0x03, 0x03, 0x02, 0x04,
    0x02, 0x01, 0x06, 0x01, 0x06, 0x06, 0x06, 0x06, 0x01, 0x05, 0x0B, 0x0B, 0x0B, 0x01, 0x01, 0x01, 0x01, 0x02, 0x02, 0x03, 0x05, 0x0C, 0x0C, 0x0D,
    0x09, 0x05, 0x01, 0x03, 0x03, 0x05, 0x05, 0x03, 0x02, 0x01, 0x01, 0x02, 0x02, 0x04, 0x02, 0x05, 0x05, 0x03, 0x02, 0x02, 0x01, 0x02, 0x02, 0x02,
    0x04, 0x06, 0x06, 0x01, 0x01, 0x02, 0x04, 0x01, 0x02, 0x06, 0x06, 0x06, 0x02, 0x01, 0x01, 0x02, 0x02, 0x02, 0x02, 0x03, 0x03, 0x01, 0x02, 0x01,
    0x01, 0x02, 0x06, 0x06, 0x02, 0x04, 0x02, 0x04, 0x02, 0x03, 0x05, 0x01, 0x04, 0x01, 0x06, 0x01, 0x06, 0x04, 0x04, 0x06, 0x06, 0x06, 0x01, 0x02,
    0x04, 0x04, 0x04, 0x01, 0x02, 0x01, 0x06, 0x06, 0x06, 0x06, 0x02, 0x02, 0x03, 0x03, 0x01, 0x01, 0x06, 0x05, 0x02, 0x09, 0x02, 0x01, 0x01, 0x02,
    0x05, 0x05, 0x02, 0x01, 0x01, 0x01, 0x01, 0x01, 0x01, 0x01, 0x01, 0x01, 0x02, 0x01, 0x04, 0x04, 0x02, 0x01, 0x04, 0x04, 0x01, 0x02, 0x02, 0x02,
    0x03, 0x03, 0x03, 0x02, 0x01, 0x03, 0x02, 0x03, 0x02, 0x04, 0x06, 0x06, 0x06, 0x01, 0x01, 0x02, 0x02, 0x05, 0x05, 0x03, 0x03, 0x05, 0x0C, 0x0C,
    0x0B, 0x03, 0x01, 0x02, 0x01, 0x02, 0x01, 0x02, 0x03, 0x02, 0x02, 0x01, 0x01, 0x01, 0x02, 0x02, 0x03, 0x03, 0x03, 0x02, 0x02, 0x05, 0x01, 0x02,
    0x02, 0x02, 0x02, 0x02, 0x05, 0x02, 0x04, 0x02, 0x05, 0x05, 0x01, 0x06, 0x04, 0x03, 0x05, 0x03, 0x05, 0x09, 0x02, 0x04, 0x01, 0x01, 0x02, 0x03,
    0x03, 0x03, 0x05, 0x0B, 0x05, 0x03, 0x01, 0x02, 0x03, 0x02, 0x02, 0x02, 0x02, 0x01, 0x04, 0x01, 0x01, 0x01, 0x04, 0x05, 0x05, 0x02, 0x01, 0x01,
    0x04, 0x04, 0x01, 0x01, 0x01, 0x01, 0x04, 0x01, 0x01, 0x01, 0x04, 0x01, 0x09, 0x03, 0x06, 0x06, 0x06, 0x01, 0x01, 0x02, 0x05, 0x03, 0x01, 0x01,
    0x02, 0x02, 0x02, 0x02, 0x01, 0x01, 0x04, 0x04, 0x02, 0x01, 0x04, 0x03, 0x02, 0x01, 0x02, 0x03, 0x05, 0x03, 0x02, 0x01, 0x01, 0x04, 0x06, 0x06,
    0x06, 0x06, 0x06, 0x01, 0x02, 0x01, 0x04, 0x04, 0x02, 0x05, 0x03, 0x03, 0x02, 0x03, 0x04, 0x04, 0x01, 0x02, 0x01, 0x02, 0x03, 0x05, 0x03, 0x03,
    0x03, 0x02, 0x01, 0x02, 0x02, 0x03, 0x03, 0x02, 0x01, 0x04, 0x04, 0x06, 0x06, 0x04, 0x02, 0x02, 0x09, 0x09, 0x04, 0x06, 0x01, 0x02, 0x01, 0x04,
    0x01, 0x02, 0x02, 0x04, 0x01, 0x02, 0x03, 0x05, 0x05, 0x03, 0x03, 0x01, 0x06, 0x01, 0x06, 0x03, 0x01, 0x01, 0x03, 0x02, 0x02, 0x03, 0x03, 0x03,
    0x01, 0x02, 0x02, 0x05, 0x03, 0x02, 0x01, 0x02, 0x01, 0x06, 0x01, 0x02, 0x02, 0x02, 0x01, 0x02, 0x04, 0x06, 0x06, 0x03, 0x05, 0x05, 0x05, 0x01,
    0x04, 0x02, 0x01, 0x01, 0x04, 0x02, 0x02, 0x05, 0x02, 0x05, 0x05, 0x05, 0x02, 0x02, 0x02, 0x03, 0x02, 0x03, 0x05, 0x03, 0x01, 0x01, 0x01, 0x04,
    0x01, 0x01, 0x04, 0x02, 0x02, 0x02, 0x03, 0x02, 0x01, 0x04, 0x01, 0x01, 0x02, 0x02, 0x02, 0x01, 0x01, 0x06, 0x06, 0x04, 0x01, 0x04, 0x01, 0x04,
    0x03, 0x04, 0x04, 0x04, 0x06, 0x06, 0x06, 0x01, 0x01, 0x03, 0x02, 0x01, 0x01, 0x01, 0x01, 0x02, 0x05, 0x03, 0x01, 0x04, 0x06, 0x03, 0x05, 0x01,
    0x06, 0x06, 0x04, 0x06, 0x04, 0x02, 0x03, 0x01, 0x04, 0x06, 0x04, 0x04, 0x01, 0x01, 0x01, 0x03, 0x02, 0x02, 0x02, 0x02, 0x03, 0x01, 0x02, 0x04,
    0x04, 0x01, 0x06, 0x04, 0x01, 0x06, 0x06, 0x06, 0x02, 0x03, 0x01, 0x01, 0x04, 0x04, 0x01, 0x02, 0x03, 0x01, 0x02, 0x02, 0x01, 0x02, 0x05, 0x03,
    0x06, 0x01, 0x06, 0x01, 0x05, 0x03, 0x03, 0x03, 0x01, 0x06, 0x04, 0x02, 0x01, 0x01, 0x01, 0x01, 0x06, 0x06, 0x06, 0x01, 0x02, 0x03, 0x03, 0x09,
    0x03, 0x04, 0x04, 0x01, 0x01, 0x04, 0x02, 0x02, 0x02, 0x01, 0x02, 0x03, 0x03, 0x03, 0x02, 0x02, 0x03, 0x03, 0x03, 0x02, 0x01, 0x02, 0x01, 0x02,
    0x02, 0x02, 0x02, 0x02, 0x04, 0x06, 0x06, 0x04, 0x02, 0x02, 0x01, 0x01, 0x04, 0x04, 0x01, 0x06, 0x06, 0x06, 0x04, 0x01, 0x06, 0x06, 0x06, 0x06,
    0x01, 0x01, 0x06, 0x01, 0x04, 0x06, 0x06, 0x04, 0x04, 0x04, 0x02, 0x02, 0x03, 0x02, 0x05, 0x05, 0x03, 0x02, 0x01, 0x05, 0x0C, 0x05, 0x01, 0x02,
    0x03, 0x01, 0x04, 0x01, 0x01, 0x02, 0x01, 0x04, 0x01, 0x04, 0x06, 0x04, 0x04, 0x01, 0x04, 0x02, 0x02, 0x02, 0x02, 0x01, 0x04, 0x01, 0x06, 0x01,
    0x01, 0x01, 0x06, 0x01, 0x05, 0x02, 0x03, 0x01, 0x01, 0x06, 0x06, 0x06, 0x01, 0x03, 0x03, 0x02, 0x01, 0x04, 0x06, 0x06, 0x01, 0x04, 0x05, 0x03,
    0x02, 0x03, 0x02, 0x01, 0x05, 0x01, 0x06, 0x06, 0x06, 0x04, 0x04, 0x01, 0x04, 0x04, 0x06, 0x06, 0x02, 0x04, 0x01, 0x01, 0x02, 0x02, 0x01, 0x01,
    0x04, 0x04, 0x01, 0x01, 0x04, 0x01, 0x01, 0x01, 0x03, 0x05, 0x02, 0x01, 0x06, 0x01, 0x03, 0x02, 0x01, 0x04, 0x06, 0x06, 0x01, 0x01, 0x02, 0x01,
    0x01, 0x01, 0x02, 0x02, 0x05, 0x01, 0x01, 0x01, 0x01, 0x02, 0x05, 0x09, 0x03, 0x02, 0x02, 0x01, 0x04, 0x01, 0x03, 0x04, 0x04, 0x04, 0x04, 0x02,
    0x02, 0x02, 0x05, 0x05, 0x03, 0x04, 0x06, 0x01, 0x01, 0x03, 0x03, 0x0B, 0x05, 0x03, 0x04, 0x04, 0x02, 0x03, 0x03, 0x03, 0x05, 0x03, 0x02, 0x02,
    0x01, 0x01, 0x04, 0x01, 0x02, 0x01, 0x01, 0x01, 0x01, 0x04, 0x04, 0x06, 0x06, 0x04, 0x02, 0x02, 0x01, 0x06, 0x01, 0x02, 0x01, 0x06, 0x06, 0x04,
    0x04, 0x01, 0x06, 0x06, 0x06, 0x06, 0x02, 0x01, 0x04, 0x04, 0x06, 0x06, 0x02, 0x06, 0x04, 0x04, 0x03, 0x05, 0x05, 0x05, 0x02, 0x01, 0x04, 0x01,
    0x02, 0x02, 0x01, 0x02, 0x03, 0x01, 0x02, 0x01, 0x02, 0x01, 0x01, 0x02, 0x01, 0x01, 0x03, 0x01, 0x01, 0x01, 0x05, 0x05, 0x02, 0x01, 0x02, 0x01,
    0x01, 0x01, 0x06, 0x02, 0x06, 0x03, 0x0B, 0x05, 0x02, 0x02, 0x04, 0x04, 0x01, 0x01, 0x01, 0x02, 0x02, 0x05, 0x05, 0x05, 0x02, 0x02, 0x04, 0x06,
    0x06, 0x06, 0x02, 0x09, 0x02, 0x06, 0x04, 0x02, 0x02, 0x04, 0x01, 0x06, 0x06, 0x04, 0x04, 0x01, 0x01, 0x02, 0x02, 0x01, 0x06, 0x01, 0x02, 0x01,
    0x06, 0x04, 0x01, 0x04, 0x04, 0x01, 0x01, 0x01, 0x02, 0x01, 0x02, 0x01, 0x02, 0x03, 0x03, 0x06, 0x04, 0x04, 0x04, 0x06, 0x01, 0x04, 0x01, 0x06,
    0x04, 0x02, 0x01, 0x01, 0x04, 0x04, 0x04, 0x01, 0x03, 0x05, 0x03, 0x01, 0x02, 0x02, 0x02, 0x05, 0x05, 0x03, 0x02, 0x03, 0x06, 0x04, 0x04, 0x01,
    0x01, 0x02, 0x02, 0x03, 0x03, 0x02, 0x03, 0x03, 0x01, 0x06, 0x04, 0x04, 0x02, 0x02, 0x01, 0x01, 0x01, 0x05, 0x05, 0x0C, 0x0B, 0x05, 0x03, 0x03,
    0x05, 0x0B, 0x03, 0x01, 0x02, 0x02, 0x04, 0x01, 0x01, 0x04, 0x06, 0x04, 0x06, 0x06, 0x04, 0x01, 0x04, 0x06, 0x02, 0x02, 0x01, 0x06, 0x01, 0x02,
    0x02, 0x02, 0x02, 0x06, 0x03, 0x05, 0x05, 0x09, 0x04, 0x06, 0x01, 0x05, 0x09, 0x04, 0x02, 0x02, 0x05, 0x05, 0x01, 0x04, 0x03, 0x02, 0x03, 0x05,
    0x05, 0x02, 0x06, 0x06, 0x06, 0x06, 0x06, 0x04, 0x04, 0x01, 0x02, 0x01, 0x02, 0x01, 0x01, 0x01, 0x01, 0x05, 0x05, 0x02, 0x02, 0x02, 0x01, 0x02,
    0x02, 0x02, 0x02, 0x01, 0x01, 0x01, 0x04, 0x05, 0x05, 0x0C, 0x0F, 0x0B, 0x02, 0x05, 0x03, 0x02, 0x04, 0x04, 0x05, 0x09, 0x05, 0x02, 0x01, 0x02,
    0x02, 0x03, 0x03, 0x01, 0x06, 0x06, 0x04, 0x04, 0x01, 0x01, 0x01, 0x01, 0x04, 0x06, 0x06, 0x01, 0x04, 0x01, 0x01, 0x02, 0x03, 0x03, 0x05, 0x05,
    0x05, 0x01, 0x06, 0x06, 0x04, 0x04, 0x01, 0x01, 0x01, 0x01, 0x01, 0x02, 0x02, 0x01, 0x02, 0x04, 0x01, 0x01, 0x05, 0x03, 0x03, 0x03, 0x03, 0x01,
    0x02, 0x02, 0x02, 0x01, 0x01, 0x04, 0x01, 0x04, 0x01, 0x01, 0x04, 0x01, 0x06, 0x02, 0x05, 0x01, 0x02, 0x03, 0x03, 0x09, 0x05, 0x09, 0x03, 0x02,
    0x06, 0x04, 0x04, 0x04, 0x04, 0x01, 0x01, 0x02, 0x02, 0x03, 0x05, 0x05, 0x02, 0x04, 0x04, 0x02, 0x02, 0x02, 0x04, 0x06, 0x06, 0x01, 0x05, 0x0B,
    0x03, 0x02, 0x03, 0x05, 0x03, 0x03, 0x09, 0x03, 0x01, 0x01, 0x02, 0x04, 0x01, 0x04, 0x06, 0x04, 0x03, 0x03, 0x02, 0x03, 0x03, 0x05, 0x05, 0x05,
    0x05, 0x0B, 0x03, 0x02, 0x03, 0x03, 0x05, 0x04, 0x03, 0x0E, 0x0E, 0x0D, 0x0B, 0x02, 0x04, 0x01, 0x03, 0x09, 0x05, 0x05, 0x03, 0x01, 0x04, 0x06,
    0x04, 0x02, 0x06, 0x04, 0x02, 0x02, 0x01, 0x02, 0x06, 0x06, 0x04, 0x01, 0x03, 0x04, 0x04, 0x02, 0x02, 0x02, 0x01, 0x01, 0x04, 0x01, 0x01, 0x04,
    0x04, 0x01, 0x01, 0x04, 0x04, 0x01, 0x02, 0x05, 0x09, 0x05, 0x0C, 0x0C, 0x0A, 0x10, 0x0D, 0x01, 0x06, 0x04, 0x04, 0x04, 0x06, 0x01, 0x05, 0x0B,
    0x0B, 0x0D, 0x0B, 0x05, 0x05, 0x03, 0x0B, 0x09, 0x02, 0x01, 0x06, 0x04, 0x01, 0x02, 0x02, 0x02, 0x06, 0x06, 0x06, 0x02, 0x03, 0x01, 0x03, 0x02,
    0x03, 0x03, 0x03, 0x05, 0x02, 0x01, 0x04, 0x06, 0x06, 0x06, 0x06, 0x01, 0x02, 0x02, 0x04, 0x01, 0x02, 0x05, 0x01, 0x04, 0x01, 0x02, 0x05, 0x0C,
    0x0B, 0x03, 0x02, 0x05, 0x03, 0x02, 0x05, 0x03, 0x01, 0x01, 0x03, 0x05, 0x01, 0x01, 0x01, 0x06, 0x01, 0x03, 0x06, 0x03, 0x09, 0x05, 0x02, 0x05,
    0x03, 0x01, 0x02, 0x02, 0x03, 0x02, 0x01, 0x01, 0x04, 0x06, 0x06, 0x01, 0x02, 0x02, 0x02, 0x02, 0x02, 0x01, 0x02, 0x01, 0x02, 0x02, 0x02, 0x03,
    0x01, 0x02, 0x03, 0x03, 0x03, 0x03, 0x05, 0x05, 0x03, 0x05, 0x05, 0x05, 0x01, 0x01, 0x01, 0x01, 0x01, 0x01, 0x01, 0x04, 0x04, 0x01, 0x09, 0x0B,
    0x0B, 0x05, 0x04, 0x02, 0x05, 0x03, 0x02, 0x02, 0x01, 0x01, 0x02, 0x02, 0x02, 0x03, 0x05, 0x05, 0x05, 0x03, 0x04, 0x04, 0x01, 0x03, 0x05, 0x01,
    0x01, 0x02, 0x02, 0x03, 0x06, 0x02, 0x02, 0x06, 0x06, 0x01, 0x02, 0x03, 0x01, 0x01, 0x05, 0x09, 0x02, 0x04, 0x01, 0x06, 0x06, 0x06, 0x06, 0x06,
    0x01, 0x05, 0x01, 0x04, 0x01, 0x04, 0x04, 0x01, 0x01, 0x01, 0x01, 0x02, 0x03, 0x05, 0x05, 0x05, 0x02, 0x02, 0x01, 0x03, 0x03, 0x01, 0x06, 0x01,
    0x0B, 0x0F, 0x0D, 0x0B, 0x03, 0x02, 0x01, 0x01, 0x01, 0x06, 0x06, 0x02, 0x03, 0x02, 0x03, 0x05, 0x02, 0x01, 0x02, 0x01, 0x01, 0x02, 0x05, 0x09,
    0x03, 0x05, 0x05, 0x05, 0x05, 0x05, 0x03, 0x03, 0x01, 0x01, 0x01, 0x01, 0x06, 0x06, 0x01, 0x03, 0x03, 0x02, 0x02, 0x01, 0x02, 0x02, 0x01, 0x03,
    0x03, 0x03, 0x01, 0x01, 0x05, 0x02, 0x03, 0x03, 0x05, 0x03, 0x02, 0x03, 0x02, 0x01, 0x06, 0x06, 0x01, 0x03, 0x05, 0x03, 0x02, 0x05, 0x02, 0x02,
    0x01, 0x02, 0x02, 0x01, 0x02, 0x02, 0x03, 0x03, 0x06, 0x04, 0x01, 0x09, 0x09, 0x09, 0x05, 0x01, 0x06, 0x01, 0x06, 0x01, 0x01, 0x02, 0x01, 0x03,
    0x01, 0x02, 0x03, 0x03, 0x05, 0x02, 0x02, 0x02, 0x03, 0x02, 0x03, 0x05, 0x05, 0x03, 0x03, 0x02, 0x01, 0x01, 0x02, 0x01, 0x02, 0x04, 0x04, 0x06,
    0x04, 0x01, 0x02, 0x02, 0x02, 0x02, 0x03, 0x02, 0x02, 0x03, 0x01, 0x01, 0x01, 0x06, 0x02, 0x02, 0x02, 0x06, 0x02, 0x0B, 0x0E, 0x03, 0x01, 0x01,
    0x01, 0x04, 0x01, 0x02, 0x01, 0x01, 0x03, 0x02, 0x02, 0x01, 0x01, 0x01, 0x01, 0x02, 0x01, 0x01, 0x01, 0x03, 0x03, 0x02, 0x05, 0x0D, 0x0B, 0x03,
    0x05, 0x0C, 0x05, 0x03, 0x03, 0x04, 0x02, 0x01, 0x02, 0x01, 0x01, 0x02, 0x01, 0x06, 0x06, 0x06, 0x04, 0x01, 0x01, 0x04, 0x01, 0x06, 0x06, 0x04,
    0x01, 0x05, 0x05, 0x03, 0x05, 0x0B, 0x0B, 0x03, 0x01, 0x02, 0x01, 0x01, 0x04, 0x06, 0x06, 0x06, 0x01, 0x02, 0x01, 0x01, 0x01, 0x03, 0x02, 0x04,
    0x04, 0x06, 0x01, 0x01, 0x05, 0x05, 0x01, 0x04, 0x06, 0x01, 0x04, 0x04, 0x01, 0x06, 0x02, 0x03, 0x01, 0x01, 0x03, 0x05, 0x05, 0x05, 0x01, 0x04,
    0x01, 0x01, 0x02, 0x01, 0x01, 0x01, 0x02, 0x01, 0x01, 0x02, 0x05, 0x02, 0x01, 0x01, 0x02, 0x01, 0x01, 0x04, 0x04, 0x01, 0x02, 0x02, 0x02, 0x02,
    0x03, 0x03, 0x02, 0x02, 0x01, 0x01, 0x04, 0x02, 0x01, 0x02, 0x06, 0x04, 0x02, 0x04, 0x01, 0x02, 0x02, 0x05, 0x0C, 0x0B, 0x03, 0x04, 0x04, 0x04,
    0x06, 0x06, 0x06, 0x06, 0x02, 0x03, 0x01, 0x01, 0x02, 0x02, 0x02, 0x02, 0x0B, 0x0B, 0x03, 0x03, 0x02, 0x02, 0x02, 0x02, 0x02, 0x01, 0x01, 0x01,
    0x04, 0x04, 0x01, 0x02, 0x03, 0x01, 0x04, 0x06, 0x01, 0x05, 0x09, 0x01, 0x02, 0x02, 0x02, 0x04, 0x06, 0x05, 0x01, 0x01, 0x06, 0x06, 0x03, 0x03,
    0x03, 0x02, 0x02, 0x02, 0x01, 0x02, 0x01, 0x01, 0x01, 0x01, 0x02, 0x02, 0x05, 0x01, 0x01, 0x03, 0x02, 0x01, 0x01, 0x02, 0x01, 0x01, 0x02, 0x02,
    0x03, 0x03, 0x05, 0x03, 0x05, 0x05, 0x0B, 0x02, 0x03, 0x02, 0x02, 0x01, 0x01, 0x02, 0x01, 0x01, 0x01, 0x01, 0x04, 0x06, 0x04, 0x04, 0x01, 0x02,
    0x06, 0x06, 0x01, 0x04, 0x06, 0x01, 0x04, 0x01, 0x01, 0x02, 0x01, 0x01, 0x01, 0x01, 0x01, 0x01, 0x04, 0x06, 0x04, 0x01, 0x01, 0x01, 0x01, 0x02,
    0x01, 0x01, 0x02, 0x03, 0x05, 0x09, 0x02, 0x01, 0x01, 0x04, 0x06, 0x04, 0x06, 0x06, 0x06, 0x06, 0x04, 0x02, 0x04, 0x01, 0x01, 0x03, 0x03, 0x05,
    0x02, 0x02, 0x02, 0x03, 0x03, 0x02, 0x02, 0x04, 0x06, 0x04, 0x01, 0x01, 0x01, 0x01, 0x01, 0x01, 0x01, 0x02, 0x01, 0x01, 0x06, 0x06, 0x01, 0x02,
    0x01, 0x02, 0x03, 0x03, 0x02, 0x02, 0x01, 0x02, 0x02, 0x04, 0x02, 0x01, 0x01, 0x01, 0x02, 0x05, 0x02, 0x02, 0x04, 0x01, 0x02, 0x02, 0x02, 0x03,
    0x03, 0x05, 0x05, 0x03, 0x03, 0x03, 0x05, 0x02, 0x01, 0x03, 0x04, 0x02, 0x01, 0x04, 0x04, 0x02, 0x02, 0x02, 0x02, 0x04, 0x01, 0x02, 0x02, 0x01,
    0x01, 0x02, 0x01, 0x06, 0x04, 0x04, 0x01, 0x01, 0x01, 0x01, 0x02, 0x04, 0x06, 0x06, 0x02, 0x01, 0x01, 0x01, 0x03, 0x05, 0x03, 0x02, 0x01, 0x04,
    0x05, 0x0A, 0x0A, 0x0B, 0x02, 0x03, 0x02, 0x03, 0x03, 0x02, 0x01, 0x06, 0x04, 0x04, 0x05, 0x01, 0x06, 0x03, 0x03, 0x03, 0x05, 0x05, 0x05, 0x02,
    0x02, 0x02, 0x02, 0x04, 0x04, 0x04, 0x02, 0x03, 0x02, 0x04, 0x01, 0x01, 0x06, 0x06, 0x04, 0x04, 0x02, 0x02, 0x02, 0x01, 0x01, 0x04, 0x06, 0x06,
    0x01, 0x01, 0x02, 0x01, 0x04, 0x06, 0x04, 0x01, 0x06, 0x01, 0x04, 0x04, 0x01, 0x01, 0x04, 0x04, 0x06, 0x06, 0x06, 0x06, 0x01, 0x02, 0x03, 0x02,
    0x06, 0x06, 0x04, 0x01, 0x01, 0x01, 0x02, 0x01, 0x04, 0x01, 0x01, 0x04, 0x01, 0x06, 0x06, 0x06, 0x06, 0x06, 0x06, 0x06, 0x01, 0x03, 0x01, 0x04,
    0x02, 0x05, 0x03, 0x02, 0x01, 0x02, 0x03, 0x03, 0x02, 0x01, 0x01, 0x02, 0x04, 0x04, 0x06, 0x01, 0x01, 0x01, 0x01, 0x01, 0x01, 0x02, 0x02, 0x01,
    0x06, 0x01, 0x04, 0x02, 0x03, 0x05, 0x02, 0x02, 0x01, 0x02, 0x01, 0x02, 0x01, 0x01, 0x01, 0x01, 0x02, 0x01, 0x01, 0x01, 0x04, 0x06, 0x06, 0x04,
    0x01, 0x02, 0x02, 0x02, 0x03, 0x03, 0x05, 0x05, 0x05, 0x0D, 0x03, 0x03, 0x01, 0x02, 0x02, 0x02, 0x01, 0x04, 0x01, 0x01, 0x02, 0x01, 0x06, 0x06,
    0x01, 0x03, 0x02, 0x02, 0x02, 0x01, 0x01, 0x04, 0x04, 0x06, 0x06, 0x06, 0x06, 0x04, 0x04, 0x04, 0x04, 0x01, 0x01, 0x04, 0x01, 0x02, 0x03, 0x05,
    0x0B, 0x03, 0x01, 0x02, 0x02, 0x03, 0x02, 0x03, 0x03, 0x05, 0x05, 0x03, 0x03, 0x05, 0x02, 0x01, 0x06, 0x01, 0x04, 0x03, 0x02, 0x02, 0x03, 0x02,
    0x01, 0x01, 0x01, 0x03, 0x05, 0x03, 0x01, 0x04, 0x04, 0x01, 0x02, 0x01, 0x01, 0x06, 0x01, 0x05, 0x02, 0x06, 0x06, 0x04, 0x04, 0x04, 0x01, 0x06,
    0x06, 0x04, 0x01, 0x02, 0x02, 0x03, 0x01, 0x01, 0x04, 0x06, 0x06, 0x06, 0x06, 0x01, 0x02, 0x02, 0x01, 0x04, 0x01, 0x04, 0x04, 0x06, 0x06, 0x04,
    0x04, 0x01, 0x01, 0x02, 0x06, 0x06, 0x04, 0x01, 0x01, 0x01, 0x02, 0x01, 0x04, 0x01, 0x01, 0x04, 0x01, 0x06, 0x06, 0x04, 0x06, 0x06, 0x04, 0x01,
    0x01, 0x01, 0x01, 0x01, 0x02, 0x01, 0x02, 0x02, 0x01, 0x01, 0x01, 0x01, 0x01, 0x01, 0x01, 0x04, 0x01, 0x01, 0x02, 0x01, 0x01, 0x02, 0x01, 0x01,
    0x01, 0x02, 0x03, 0x02, 0x05, 0x05, 0x05, 0x03, 0x03, 0x02, 0x01, 0x02, 0x01, 0x01, 0x01, 0x01, 0x01, 0x01, 0x06, 0x06, 0x01, 0x01, 0x02, 0x02,
    0x02, 0x01, 0x03, 0x05, 0x02, 0x01, 0x02, 0x03, 0x03, 0x02, 0x02, 0x02, 0x02, 0x03, 0x03, 0x02, 0x02, 0x03, 0x05, 0x05, 0x09, 0x02, 0x02, 0x01,
    0x04, 0x02, 0x03, 0x02, 0x01, 0x02, 0x02, 0x02, 0x05, 0x05, 0x03, 0x05, 0x02, 0x03, 0x01, 0x01, 0x04, 0x04, 0x01, 0x01, 0x04, 0x01, 0x04, 0x04,
    0x02, 0x02, 0x03, 0x03, 0x01, 0x03, 0x03, 0x05, 0x05, 0x01, 0x04, 0x02, 0x05, 0x05, 0x03, 0x02, 0x02, 0x02, 0x01, 0x01, 0x02, 0x01, 0x02, 0x02,
    0x05, 0x03, 0x02, 0x01, 0x06, 0x06, 0x01, 0x02, 0x01, 0x04, 0x01, 0x01, 0x01, 0x01, 0x02, 0x02, 0x03, 0x02, 0x02, 0x02, 0x09, 0x0B, 0x02, 0x02,
    0x01, 0x02, 0x02, 0x01, 0x04, 0x04, 0x02, 0x01, 0x02, 0x01, 0x04, 0x01, 0x04, 0x06, 0x01, 0x02, 0x02, 0x02, 0x02, 0x01, 0x04, 0x06, 0x04, 0x04,
    0x04, 0x04, 0x02, 0x01, 0x01, 0x02, 0x01, 0x06, 0x04, 0x01, 0x01, 0x02, 0x01, 0x01, 0x01, 0x01, 0x01, 0x04, 0x04, 0x04, 0x06, 0x06, 0x06, 0x01,
    0x04, 0x04, 0x01, 0x01, 0x04, 0x04, 0x01, 0x01, 0x03, 0x02, 0x01, 0x06, 0x06, 0x06, 0x06, 0x01, 0x01, 0x02, 0x02, 0x01, 0x01, 0x01, 0x02, 0x01,
    0x01, 0x02, 0x04, 0x01, 0x02, 0x03, 0x01, 0x02, 0x02, 0x01, 0x02, 0x02, 0x02, 0x02, 0x01, 0x01, 0x06, 0x01, 0x01, 0x01, 0x02, 0x01, 0x03, 0x04,
    0x02, 0x02, 0x01, 0x01, 0x05, 0x02, 0x03, 0x03, 0x03, 0x03, 0x02, 0x03, 0x05, 0x05, 0x02, 0x04, 0x04, 0x01, 0x01, 0x01, 0x02, 0x02, 0x05, 0x02,
    0x02, 0x01, 0x04, 0x01, 0x01, 0x01, 0x01, 0x02, 0x01, 0x01, 0x02, 0x03, 0x02, 0x02, 0x01, 0x01, 0x05, 0x03, 0x05, 0x02, 0x01, 0x04, 0x06, 0x04,
    0x02, 0x01, 0x01, 0x04, 0x04, 0x01, 0x01, 0x04, 0x01, 0x01, 0x03, 0x02, 0x04, 0x04, 0x02, 0x01, 0x01, 0x02, 0x02, 0x02, 0x03, 0x02, 0x01, 0x04,
    0x01, 0x04, 0x04, 0x02, 0x05, 0x01, 0x01, 0x01, 0x01, 0x01, 0x02, 0x04, 0x01, 0x01, 0x02, 0x02, 0x03, 0x03, 0x06, 0x04, 0x02, 0x05, 0x02, 0x02,
    0x01, 0x03, 0x02, 0x01, 0x02, 0x01, 0x01, 0x04, 0x04, 0x01, 0x02, 0x01, 0x06, 0x04, 0x04, 0x01, 0x01, 0x03, 0x02, 0x01, 0x01, 0x04, 0x04, 0x06,
    0x04, 0x06, 0x04, 0x04, 0x06, 0x04, 0x02, 0x01, 0x01, 0x01, 0x02, 0x01, 0x02, 0x01, 0x06, 0x04, 0x04, 0x04, 0x01, 0x02, 0x01, 0x01, 0x01, 0x02,
    0x06, 0x06, 0x01, 0x04, 0x01, 0x01, 0x01, 0x01, 0x01, 0x01, 0x03, 0x02, 0x01, 0x01, 0x04, 0x04, 0x04, 0x01, 0x06, 0x06, 0x01, 0x02, 0x01, 0x02,
    0x01, 0x01, 0x04, 0x02, 0x01, 0x01, 0x01, 0x01, 0x04, 0x01, 0x04, 0x04, 0x01, 0x01, 0x02, 0x02, 0x03, 0x02, 0x01, 0x01, 0x01, 0x06, 0x06, 0x04,
    0x02, 0x01, 0x01, 0x02, 0x01, 0x02, 0x01, 0x01, 0x05, 0x03, 0x05, 0x03, 0x05, 0x05, 0x03, 0x03, 0x03, 0x03, 0x02, 0x02, 0x02, 0x01, 0x02, 0x02,
    0x05, 0x03, 0x02, 0x01, 0x01, 0x04, 0x04, 0x06, 0x06, 0x06, 0x01, 0x01, 0x01, 0x01, 0x01, 0x02, 0x02, 0x02, 0x01, 0x02, 0x02, 0x01, 0x02, 0x02,
    0x02, 0x02, 0x01, 0x01, 0x03, 0x02, 0x04, 0x02, 0x01, 0x06, 0x04, 0x04, 0x04, 0x04, 0x02, 0x01, 0x01, 0x01, 0x02, 0x04, 0x06, 0x01, 0x02, 0x02,
    0x01, 0x02, 0x03, 0x03, 0x04, 0x01, 0x02, 0x03, 0x02, 0x04, 0x06, 0x04, 0x02, 0x05, 0x02, 0x02, 0x03, 0x02, 0x02, 0x02, 0x02, 0x02, 0x01, 0x01,
    0x01, 0x02, 0x02, 0x01, 0x02, 0x01, 0x01, 0x01, 0x02, 0x04, 0x06, 0x04, 0x01, 0x02, 0x01, 0x04, 0x06, 0x06, 0x04, 0x04, 0x04, 0x02, 0x04, 0x04,
    0x01, 0x04, 0x01, 0x06, 0x06, 0x04, 0x06, 0x06, 0x06, 0x06, 0x06, 0x06, 0x01, 0x01, 0x06, 0x04, 0x04, 0x01, 0x02, 0x02, 0x05, 0x01, 0x01, 0x03,
    0x02, 0x04, 0x01, 0x01, 0x02, 0x01, 0x04, 0x04, 0x01, 0x02, 0x01, 0x04, 0x04, 0x01, 0x03, 0x02, 0x01, 0x06, 0x01, 0x06, 0x01, 0x03, 0x02, 0x01,
    0x04, 0x04, 0x04, 0x01, 0x01, 0x04, 0x01, 0x01, 0x01, 0x01, 0x04, 0x01, 0x04, 0x04, 0x06, 0x06, 0x04, 0x02, 0x05, 0x05, 0x03, 0x02, 0x01, 0x01,
    0x02, 0x03, 0x01, 0x01, 0x04, 0x01, 0x02, 0x02, 0x03, 0x02, 0x03, 0x02, 0x03, 0x03, 0x03, 0x02, 0x01, 0x02, 0x01, 0x04, 0x01, 0x02, 0x02, 0x03,
    0x02, 0x01, 0x02, 0x02, 0x03, 0x01, 0x01, 0x01, 0x01, 0x04, 0x06, 0x06, 0x06, 0x06, 0x06, 0x01, 0x02, 0x01, 0x02, 0x02, 0x03, 0x02, 0x01, 0x02,
    0x02, 0x01, 0x01, 0x02, 0x02, 0x03, 0x03, 0x05, 0x03, 0x02, 0x01, 0x02, 0x03, 0x02, 0x01, 0x01, 0x02, 0x03, 0x05, 0x03, 0x01, 0x02, 0x02, 0x01,
    0x06, 0x04, 0x02, 0x02, 0x01, 0x04, 0x01, 0x01, 0x04, 0x03, 0x05, 0x03, 0x02, 0x01, 0x02, 0x01, 0x02, 0x02, 0x02, 0x02, 0x03, 0x05, 0x0B, 0x0B,
    0x03, 0x02, 0x01, 0x01, 0x01, 0x06, 0x01, 0x02, 0x01, 0x01, 0x04, 0x01, 0x01, 0x02, 0x04, 0x01, 0x01, 0x01, 0x04, 0x06, 0x06, 0x06, 0x06, 0x06,
    0x04, 0x04, 0x04, 0x04, 0x04, 0x04, 0x06, 0x01, 0x01, 0x01, 0x01, 0x04, 0x01, 0x01, 0x01, 0x04, 0x04, 0x06, 0x06, 0x06, 0x04, 0x01, 0x01, 0x04,
    0x03, 0x05, 0x01, 0x06, 0x02, 0x02, 0x01, 0x04, 0x01, 0x01, 0x05, 0x01, 0x02, 0x01, 0x01, 0x01, 0x06, 0x01, 0x01, 0x01, 0x03, 0x05, 0x05, 0x04,
    0x06, 0x01, 0x03, 0x02, 0x04, 0x01, 0x06, 0x04, 0x01, 0x04, 0x01, 0x02, 0x01, 0x01, 0x04, 0x04, 0x04, 0x01, 0x01, 0x01, 0x04, 0x03, 0x03, 0x01,
    0x01, 0x02, 0x01, 0x02, 0x01, 0x01, 0x02, 0x03, 0x04, 0x02, 0x02, 0x02, 0x02, 0x01, 0x01, 0x01, 0x04, 0x05, 0x05, 0x01, 0x01, 0x04, 0x01, 0x01,
    0x04, 0x02, 0x01, 0x04, 0x06, 0x01, 0x01, 0x02, 0x04, 0x04, 0x04, 0x04, 0x01, 0x01, 0x01, 0x04, 0x04, 0x04, 0x06, 0x04, 0x01, 0x01, 0x01, 0x01,
    0x02, 0x02, 0x02, 0x02, 0x02, 0x02, 0x02, 0x02, 0x02, 0x01, 0x02, 0x02, 0x02, 0x01, 0x02, 0x01, 0x02, 0x03, 0x01, 0x02, 0x03, 0x04, 0x01, 0x05,
    0x01, 0x04, 0x06, 0x06, 0x04, 0x06, 0x06, 0x06, 0x06, 0x06, 0x06, 0x04, 0x02, 0x01, 0x01, 0x01, 0x04, 0x02, 0x01, 0x01, 0x02, 0x01, 0x01, 0x01,
    0x01, 0x01, 0x01, 0x01, 0x01, 0x06, 0x06, 0x06, 0x04, 0x04, 0x04, 0x01, 0x01, 0x01, 0x03, 0x03, 0x02, 0x02, 0x01, 0x04, 0x01, 0x04, 0x04, 0x04,
    0x04, 0x06, 0x06, 0x04, 0x06, 0x04, 0x06, 0x06, 0x04, 0x06, 0x04, 0x04, 0x04, 0x02, 0x04, 0x06, 0x06, 0x04, 0x01, 0x01, 0x01, 0x06, 0x06, 0x06,
    0x04, 0x04, 0x01, 0x06, 0x06, 0x04, 0x06, 0x04, 0x04, 0x02, 0x04, 0x06, 0x06, 0x01, 0x01, 0x01, 0x01, 0x06, 0x01, 0x06, 0x06, 0x06, 0x06, 0x01,
    0x04, 0x04, 0x01, 0x04, 0x04, 0x01, 0x01, 0x02, 0x02, 0x06, 0x04, 0x01, 0x06, 0x06, 0x06, 0x06, 0x04, 0x01, 0x01, 0x04, 0x04, 0x06, 0x04, 0x06,
    0x04, 0x04, 0x06, 0x06, 0x06, 0x06, 0x02, 0x03, 0x01, 0x04, 0x04, 0x01, 0x01, 0x04, 0x01, 0x01, 0x04, 0x06, 0x06, 0x01,
};

static const uint8_t px_wm_select_choice_h36_044355da[] __attribute__((aligned(8))) = {
    0x04, 0x05, 0x05, 0x01, 0x01, 0x04, 0x01, 0x01, 0x04, 0x02, 0x01, 0x04, 0x06, 0x01, 0x01, 0x02, 0x04, 0x04, 0x04, 0x04, 0x01, 0x01, 0x01, 0x04,
    0x04, 0x04, 0x06, 0x04, 0x01, 0x01, 0x01, 0x01, 0x02, 0x02, 0x02, 0x02, 0x02, 0x02, 0x02, 0x02, 0x02, 0x01, 0x02, 0x02, 0x02, 0x01, 0x02, 0x01,
    0x02, 0x03, 0x01, 0x02, 0x03, 0x04, 0x01, 0x05, 0x01, 0x04, 0x06, 0x06, 0x04, 0x06, 0x06, 0x06, 0x06, 0x06, 0x06, 0x04, 0x02, 0x01, 0x01, 0x01,
    0x04, 0x02, 0x01, 0x01, 0x02, 0x01, 0x01, 0x01, 0x01, 0x01, 0x01, 0x01, 0x01, 0x06, 0x06, 0x06, 0x04, 0x04, 0x04, 0x01, 0x01, 0x01, 0x03, 0x03,
    0x02, 0x02, 0x01, 0x04, 0x01, 0x04, 0x04, 0x04, 0x04, 0x06, 0x06, 0x04, 0x06, 0x04, 0x06, 0x06, 0x04, 0x06, 0x04, 0x04, 0x04, 0x02, 0x04, 0x06,
    0x06, 0x04, 0x01, 0x01, 0x01, 0x06, 0x06, 0x06, 0x04, 0x04, 0x01, 0x06, 0x06, 0x04, 0x06, 0x04, 0x04, 0x02, 0x04, 0x06, 0x06, 0x01, 0x01, 0x01,
    0x01, 0x06, 0x01, 0x06, 0x06, 0x06, 0x06, 0x01, 0x04, 0x04, 0x01, 0x04, 0x04, 0x01, 0x01, 0x02, 0x02, 0x06, 0x04, 0x01, 0x06, 0x06, 0x06, 0x06,
    0x04, 0x01, 0x01, 0x04, 0x04, 0x06, 0x04, 0x06, 0x04, 0x04, 0x06, 0x06, 0x06, 0x06, 0x02, 0x03, 0x01, 0x04, 0x04, 0x01, 0x01, 0x04, 0x01, 0x01,
    0x04, 0x06, 0x06, 0x01, 0x03, 0x03, 0x03, 0x02, 0x01, 0x02, 0x01, 0x04, 0x01, 0x02, 0x02, 0x03, 0x02, 0x01, 0x02, 0x02, 0x03, 0x01, 0x01, 0x01,
    0x01, 0x04, 0x06, 0x06, 0x06, 0x06, 0x06, 0x01, 0x02, 0x01, 0x02, 0x02, 0x03, 0x02, 0x01, 0x02, 0x02, 0x01, 0x01, 0x02, 0x02, 0x03, 0x03, 0x05,
    0x03, 0x02, 0x01, 0x02, 0x03, 0x02, 0x01, 0x01, 0x02, 0x03, 0x05, 0x03, 0x01, 0x02, 0x02, 0x01, 0x06, 0x04, 0x02, 0x02, 0x01, 0x04, 0x01, 0x01,
    0x04, 0x03, 0x05, 0x03, 0x02, 0x01, 0x02, 0x01, 0x02, 0x02, 0x02, 0x02, 0x03, 0x05, 0x0B, 0x0B, 0x03, 0x02, 0x01, 0x01, 0x01, 0x06, 0x01, 0x02,
    0x01, 0x01, 0x04, 0x01, 0x01, 0x02, 0x04, 0x01, 0x01, 0x01, 0x04, 0x06, 0x06, 0x06, 0x06, 0x06, 0x04, 0x04, 0x04, 0x04, 0x04, 0x04, 0x06, 0x01,
    0x01, 0x01, 0x01, 0x04, 0x01, 0x01, 0x01, 0x04, 0x04, 0x06, 0x06, 0x06, 0x04, 0x01, 0x01, 0x04, 0x03, 0x05, 0x01, 0x06, 0x02, 0x02, 0x01, 0x04,
    0x01, 0x01, 0x05, 0x01, 0x02, 0x01, 0x01, 0x01, 0x06, 0x01, 0x01, 0x01, 0x03, 0x05, 0x05, 0x04, 0x06, 0x01, 0x03, 0x02, 0x04, 0x01, 0x06, 0x04,
    0x01, 0x04, 0x01, 0x02, 0x01, 0x01, 0x04, 0x04, 0x04, 0x01, 0x01, 0x01, 0x04, 0x03, 0x03, 0x01, 0x01, 0x02, 0x01, 0x02, 0x01, 0x01, 0x02, 0x03,
    0x04, 0x02, 0x02, 0x02, 0x02, 0x01, 0x01, 0x01, 0x05, 0x03, 0x05, 0x03, 0x05, 0x05, 0x03, 0x03, 0x03, 0x03, 0x02, 0x02, 0x02, 0x01, 0x02, 0x02,
    0x05, 0x03, 0x02, 0x01, 0x01, 0x04, 0x04, 0x06, 0x06, 0x06, 0x01, 0x01, 0x01, 0x01, 0x01, 0x02, 0x02, 0x02, 0x01, 0x02, 0x02, 0x01, 0x02, 0x02,
    0x02, 0x02, 0x01, 0x01, 0x03, 0x02, 0x04, 0x02, 0x01, 0x06, 0x04, 0x04, 0x04, 0x04, 0x02, 0x01, 0x01, 0x01, 0x02, 0x04, 0x06, 0x01, 0x02, 0x02,
    0x01, 0x02, 0x03, 0x03, 0x04, 0x01, 0x02, 0x03, 0x02, 0x04, 0x06, 0x04, 0x02, 0x05, 0x02, 0x02, 0x03, 0x02, 0x02, 0x02, 0x02, 0x02, 0x01, 0x01,
    0x01, 0x02, 0x02, 0x01, 0x02, 0x01, 0x01, 0x01, 0x02, 0x04, 0x06, 0x04, 0x01, 0x02, 0x01, 0x04, 0x06, 0x06, 0x04, 0x04, 0x04, 0x02, 0x04, 0x04,
    0x01, 0x04, 0x01, 0x06, 0x06, 0x04, 0x06, 0x06, 0x06, 0x06, 0x06, 0x06, 0x01, 0x01, 0x06, 0x04, 0x04, 0x01, 0x02, 0x02, 0x05, 0x01, 0x01, 0x03,
    0x02, 0x04, 0x01, 0x01, 0x02, 0x01, 0x04, 0x04, 0x01, 0x02, 0x01, 0x04, 0x04, 0x01, 0x03, 0x02, 0x01, 0x06, 0x01, 0x06, 0x01, 0x03, 0x02, 0x01,
    0x04, 0x04, 0x04, 0x01, 0x01, 0x04, 0x01, 0x01, 0x01, 0x01, 0x04, 0x01, 0x04, 0x04, 0x06, 0x06, 0x04, 0x02, 0x05, 0x05, 0x03, 0x02, 0x01, 0x01,
    0x02, 0x03, 0x01, 0x01, 0x04, 0x01, 0x02, 0x02, 0x03, 0x02, 0x03, 0x02, 0x05, 0x02, 0x03, 0x03, 0x03, 0x03, 0x02, 0x03, 0x05, 0x05, 0x02, 0x04,
    0x04, 0x01, 0x01, 0x01, 0x02, 0x02, 0x05, 0x02, 0x02, 0x01, 0x04, 0x01, 0x01, 0x01, 0x01, 0x02, 0x01, 0x01, 0x02, 0x03, 0x02, 0x02, 0x01, 0x01,
    0x05, 0x03, 0x05, 0x02, 0x01, 0x04, 0x06, 0x04, 0x02, 0x01, 0x01, 0x04, 0x04, 0x01, 0x01, 0x04, 0x01, 0x01, 0x03, 0x02, 0x04, 0x04, 0x02, 0x01,
    0x01, 0x02, 0x02, 0x02, 0x03, 0x02, 0x01, 0x04, 0x01, 0x04, 0x04, 0x02, 0x05, 0x01, 0x01, 0x01, 0x01, 0x01, 0x02, 0x04, 0x01, 0x01, 0x02, 0x02,
    0x03, 0x03, 0x06, 0x04, 0x02, 0x05, 0x02, 0x02, 0x01, 0x03, 0x02, 0x01, 0x02, 0x01, 0x01, 0x04, 0x04, 0x01, 0x02, 0x01, 0x06, 0x04, 0x04, 0x01,
    0x01, 0x03, 0x02, 0x01, 0x01, 0x04, 0x04, 0x06, 0x04, 0x06, 0x04, 0x04, 0x06, 0x04, 0x02, 0x01, 0x01, 0x01, 0x02, 0x01, 0x02, 0x01, 0x06, 0x04,
    0x04, 0x04, 0x01, 0x02, 0x01, 0x01, 0x01, 0x02, 0x06, 0x06, 0x01, 0x04, 0x01, 0x01, 0x01, 0x01, 0x01, 0x01, 0x03, 0x02, 0x01, 0x01, 0x04, 0x04,
    0x04, 0x01, 0x06, 0x06, 0x01, 0x02, 0x01, 0x02, 0x01, 0x01, 0x04, 0x02, 0x01, 0x01, 0x01, 0x01, 0x04, 0x01, 0x04, 0x04, 0x01, 0x01, 0x02, 0x02,
    0x03, 0x02, 0x01, 0x01, 0x01, 0x06, 0x06, 0x04, 0x02, 0x01, 0x01, 0x02, 0x01, 0x02, 0x01, 0x01, 0x02, 0x01, 0x03, 0x05, 0x02, 0x01, 0x02, 0x03,
    0x03, 0x02, 0x02, 0x02, 0x02, 0x03, 0x03, 0x02, 0x02, 0x03, 0x05, 0x05, 0x09, 0x02, 0x02, 0x01, 0x04, 0x02, 0x03, 0x02, 0x01, 0x02, 0x02, 0x02,
    0x05, 0x05, 0x03, 0x05, 0x02, 0x03, 0x01, 0x01, 0x04, 0x04, 0x01, 0x01, 0x04, 0x01, 0x04, 0x04, 0x02, 0x02, 0x03, 0x03, 0x01, 0x03, 0x03, 0x05,
    0x05, 0x01, 0x04, 0x02, 0x05, 0x05, 0x03, 0x02, 0x02, 0x02, 0x01, 0x01, 0x02, 0x01, 0x02, 0x02, 0x05, 0x03, 0x02, 0x01, 0x06, 0x06, 0x01, 0x02,
    0x01, 0x04, 0x01, 0x01, 0x01, 0x01, 0x02, 0x02, 0x03, 0x02, 0x02, 0x02, 0x09, 0x0B, 0x02, 0x02, 0x01, 0x02, 0x02, 0x01, 0x04, 0x04, 0x02, 0x01,
    0x02, 0x01, 0x04, 0x01, 0x04, 0x06, 0x01, 0x02, 0x02, 0x02, 0x02, 0x01, 0x04, 0x06, 0x04, 0x04, 0x04, 0x04, 0x02, 0x01, 0x01, 0x02, 0x01, 0x06,
    0x04, 0x01, 0x01, 0x02, 0x01, 0x01, 0x01, 0x01, 0x01, 0x04, 0x04, 0x04, 0x06, 0x06, 0x06, 0x01, 0x04, 0x04, 0x01, 0x01, 0x04, 0x04, 0x01, 0x01,
    0x03, 0x02, 0x01, 0x06, 0x06, 0x06, 0x06, 0x01, 0x01, 0x02, 0x02, 0x01, 0x01, 0x01, 0x02, 0x01, 0x01, 0x02, 0x04, 0x01, 0x02, 0x03, 0x01, 0x02,
    0x02, 0x01, 0x02, 0x02, 0x02, 0x02, 0x01, 0x01, 0x06, 0x01, 0x01, 0x01, 0x02, 0x01, 0x03, 0x04, 0x02, 0x02, 0x01, 0x01,
};

static const uint8_t px_wm_select_choice_h40_049d5c4c[] __attribute__((aligned(8))) = {
    0x00, 0x00, 0x00, 0x00, 0x00, 0x00, 0x00, 0x00, 0x00, 0x00, 0x00, 0x00, 0x00, 0x00, 0x00, 0x00, 0x00, 0x00, 0x00, 0x00, 0x00, 0x00, 0x00, 0x00,
    0x00, 0x00, 0x00, 0x00, 0x00, 0x00, 0x00, 0x00, 0x00, 0x00, 0x00, 0x00, 0x00, 0x00, 0x00, 0x00, 0x00, 0x00, 0x00, 0x00, 0x00, 0x00, 0x00, 0x00,
    0x00, 0x00, 0x00, 0x00, 0x00, 0x00, 0x00, 0x00, 0x00, 0x00, 0x00, 0x00, 0x00, 0x00, 0x00, 0x00, 0x00, 0x00, 0x00, 0x00, 0x00, 0x00, 0x00, 0x01,
    0x01, 0x0B, 0x00, 0x00, 0x00, 0x00, 0x00, 0x00, 0x00, 0x00, 0x00, 0x00, 0x00, 0x00, 0x00, 0x00, 0x00, 0x00, 0x00, 0x00, 0x00, 0x00, 0x00, 0x00,
    0x00, 0x00, 0x00, 0x00, 0x00, 0x00, 0x00, 0x00, 0x00, 0x00, 0x00, 0x00, 0x00, 0x00, 0x00, 0x00, 0x00, 0x00, 0x00, 0x00, 0x00, 0x00, 0x00, 0x00,
    0x00, 0x00, 0x00, 0x00, 0x00, 0x00, 0x00, 0x00, 0x00, 0x00, 0x00, 0x00, 0x00, 0x00, 0x00, 0x00, 0x00, 0x00, 0x00, 0x00, 0x00, 0x00, 0x00, 0x00,
    0x02, 0x02, 0x02, 0x01, 0x01, 0x0B, 0x00, 0x00, 0x00, 0x00, 0x00, 0x00, 0x00, 0x00, 0x00, 0x00, 0x00, 0x00, 0x00, 0x00, 0x00, 0x00, 0x00, 0x00,
    0x00, 0x00, 0x00, 0x00, 0x00, 0x00, 0x00, 0x00, 0x00, 0x00, 0x00, 0x00, 0x00, 0x00, 0x00, 0x00, 0x00, 0x00, 0x00, 0x00, 0x00, 0x00, 0x00, 0x00,
    0x00, 0x00, 0x00, 0x00, 0x00, 0x00, 0x00, 0x00, 0x00, 0x00, 0x00, 0x00, 0x00, 0x00, 0x00, 0x00, 0x00, 0x00, 0x00, 0x00, 0x00, 0x00, 0x00, 0x00,
    0x00, 0x03, 0x03, 0x03, 0x02, 0x02, 0x01, 0x02, 0x0B, 0x0B, 0x00, 0x00, 0x00, 0x00, 0x00, 0x00, 0x00, 0x00, 0x00, 0x00, 0x00, 0x00, 0x00, 0x00,
    0x00, 0x00, 0x00, 0x00, 0x00, 0x00, 0x00, 0x00, 0x00, 0x00, 0x00, 0x00, 0x00, 0x00, 0x00, 0x00, 0x00, 0x00, 0x00, 0x00, 0x00, 0x00, 0x00, 0x00,
    0x00, 0x00, 0x00, 0x00, 0x00, 0x00, 0x00, 0x00, 0x00, 0x00, 0x00, 0x00, 0x00, 0x00, 0x00, 0x00, 0x00, 0x00, 0x00, 0x00, 0x00, 0x00, 0x00, 0x00,
    0x00, 0x00, 0x04, 0x03, 0x03, 0x03, 0x03, 0x02, 0x02, 0x02, 0x02, 0x00, 0x0B, 0x0B, 0x00, 0x00, 0x00, 0x00, 0x00, 0x00, 0x00, 0x00, 0x00, 0x00,
    0x00, 0x00, 0x00, 0x00, 0x00, 0x00, 0x00, 0x00, 0x00, 0x00, 0x00, 0x00, 0x00, 0x00, 0x00, 0x00, 0x00, 0x00, 0x00, 0x00, 0x00, 0x00, 0x00, 0x00,
    0x00, 0x00, 0x00, 0x00, 0x00, 0x00, 0x00, 0x00, 0x00, 0x00, 0x00, 0x00, 0x00, 0x00, 0x00, 0x00, 0x00, 0x00, 0x00, 0x00, 0x00, 0x00, 0x00, 0x00,
    0x00, 0x00, 0x00, 0x04, 0x04, 0x04, 0x03, 0x03, 0x03, 0x03, 0x03, 0x03, 0x00, 0x00, 0x00, 0x00, 0x0B, 0x0B, 0x00, 0x00, 0x00, 0x00, 0x00, 0x00,
    0x00, 0x00, 0x00, 0x00, 0x00, 0x00, 0x00, 0x00, 0x00, 0x00, 0x00, 0x00, 0x00, 0x00, 0x00, 0x00, 0x00, 0x00, 0x00, 0x00, 0x00, 0x00, 0x00, 0x00,
    0x00, 0x00, 0x00, 0x00, 0x00, 0x00, 0x00, 0x00, 0x00, 0x00, 0x00, 0x00, 0x00, 0x00, 0x00, 0x00, 0x00, 0x00, 0x00, 0x00, 0x00, 0x00, 0x00, 0x00,
    0x00, 0x00, 0x00, 0x00, 0x04, 0x04, 0x04, 0x04, 0x04, 0x04, 0x04, 0x03, 0x03, 0x00, 0x00, 0x00, 0x00, 0x00, 0x00, 0x00, 0x0B, 0x0B, 0x00, 0x00,
    0x00, 0x00, 0x00, 0x00, 0x00, 0x00, 0x00, 0x00, 0x00, 0x00, 0x00, 0x00, 0x00, 0x00, 0x00, 0x00, 0x00, 0x00, 0x00, 0x00, 0x00, 0x00, 0x00, 0x00,
    0x00, 0x00, 0x00, 0x00, 0x00, 0x00, 0x00, 0x00, 0x00, 0x00, 0x00, 0x00, 0x00, 0x00, 0x00, 0x00, 0x00, 0x00, 0x00, 0x00, 0x00, 0x00, 0x00, 0x00,
    0x00, 0x00, 0x00, 0x00, 0x00, 0x05, 0x05, 0x05, 0x04, 0x05, 0x04, 0x04, 0x04, 0x04, 0x00, 0x00, 0x00, 0x00, 0x00, 0x00, 0x00, 0x00, 0x00, 0x00,
    0x0B, 0x0B, 0x00, 0x00, 0x00, 0x00, 0x00, 0x00, 0x00, 0x00, 0x00, 0x00, 0x00, 0x00, 0x00, 0x00, 0x00, 0x00, 0x00, 0x00, 0x00, 0x00, 0x00, 0x00,
    0x00, 0x00, 0x00, 0x00, 0x00, 0x00, 0x00, 0x00, 0x00, 0x00, 0x00, 0x00, 0x00, 0x00, 0x00, 0x00, 0x00, 0x00, 0x00, 0x00, 0x00, 0x00, 0x00, 0x00,
    0x00, 0x00, 0x00, 0x00, 0x00, 0x00, 0x06, 0x06, 0x06, 0x06, 0x05, 0x05, 0x05, 0x04, 0x04, 0x00, 0x00, 0x00, 0x00, 0x00, 0x00, 0x00, 0x00, 0x00,
    0x00, 0x00, 0x00, 0x00, 0x0B, 0x0B, 0x00, 0x00, 0x00, 0x00, 0x00, 0x00, 0x00, 0x00, 0x00, 0x00, 0x00, 0x00, 0x00, 0x00, 0x00, 0x00, 0x00, 0x00,
    0x00, 0x00, 0x00, 0x00, 0x00, 0x00, 0x00, 0x00, 0x00, 0x00, 0x00, 0x00, 0x00, 0x00, 0x00, 0x00, 0x00, 0x00, 0x00, 0x00, 0x00, 0x00, 0x00, 0x00,
    0x00, 0x00, 0x00, 0x00, 0x00, 0x00, 0x00, 0x00, 0x07, 0x06, 0x06, 0x06, 0x06, 0x06, 0x05, 0x05, 0x00, 0x00, 0x00, 0x00, 0x00, 0x00, 0x00, 0x00,
    0x00, 0x00, 0x00, 0x00, 0x00, 0x00, 0x00, 0x00, 0x0B, 0x0B, 0x00, 0x00, 0x00, 0x00, 0x00, 0x00, 0x00, 0x00, 0x00, 0x00, 0x00, 0x00, 0x00, 0x00,
    0x00, 0x00, 0x00, 0x00, 0x00, 0x00, 0x00, 0x00, 0x00, 0x00, 0x00, 0x00, 0x00, 0x00, 0x00, 0x00, 0x00, 0x00, 0x00, 0x00, 0x00, 0x00, 0x00, 0x00,
    0x00, 0x00, 0x00, 0x00, 0x00, 0x00, 0x00, 0x00, 0x00, 0x00, 0x00, 0x00, 0x07, 0x07, 0x06, 0x06, 0x06, 0x00, 0x00, 0x00, 0x00, 0x00, 0x00, 0x00,
    0x00, 0x00, 0x00, 0x00, 0x00, 0x00, 0x00, 0x00, 0x00, 0x00, 0x00, 0x00, 0x0B, 0x0B, 0x00, 0x00, 0x00, 0x00, 0x00, 0x00, 0x00, 0x00, 0x00, 0x00,
    0x00, 0x00, 0x00, 0x00, 0x00, 0x00, 0x00, 0x00, 0x00, 0x00, 0x00, 0x00, 0x00, 0x00, 0x00, 0x00, 0x00, 0x00, 0x00, 0x00, 0x00, 0x00, 0x00, 0x00,
    0x00, 0x00, 0x00, 0x00, 0x00, 0x00, 0x00, 0x00, 0x00, 0x00, 0x00, 0x00, 0x00, 0x00, 0x00, 0x00, 0x07, 0x07, 0x00, 0x00, 0x00, 0x00, 0x00, 0x00,
    0x00, 0x00, 0x00, 0x00, 0x00, 0x00, 0x00, 0x00, 0x00, 0x00, 0x00, 0x00, 0x00, 0x00, 0x00, 0x00, 0x0B, 0x0B, 0x00, 0x00, 0x00, 0x00, 0x00, 0x00,
    0x00, 0x00, 0x00, 0x00, 0x00, 0x00, 0x00, 0x00, 0x00, 0x00, 0x00, 0x00, 0x00, 0x00, 0x00, 0x00, 0x00, 0x00, 0x00, 0x00, 0x00, 0x00, 0x00, 0x00,
    0x00, 0x00, 0x00, 0x00, 0x00, 0x00, 0x00, 0x00, 0x00, 0x00, 0x01, 0x0E, 0x00, 0x00, 0x00, 0x00, 0x00, 0x00, 0x00, 0x00, 0x07, 0x07, 0x00, 0x00,
    0x00, 0x00, 0x00, 0x00, 0x00, 0x00, 0x00, 0x00, 0x00, 0x00, 0x00, 0x00, 0x00, 0x00, 0x00, 0x00, 0x00, 0x00, 0x00, 0x00, 0x0B, 0x0B, 0x00, 0x00,
    0x00, 0x00, 0x00, 0x00, 0x00, 0x00, 0x00, 0x00, 0x00, 0x00, 0x00, 0x00, 0x00, 0x00, 0x00, 0x00, 0x00, 0x00, 0x00, 0x00, 0x00, 0x00, 0x00, 0x00,
    0x00, 0x00, 0x00, 0x00, 0x00, 0x00, 0x00, 0x00, 0x00, 0x00, 0x00, 0x03, 0x02, 0x02, 0x01, 0x0E, 0x01, 0x00, 0x00, 0x00, 0x00, 0x00, 0x00, 0x00,
    0x08, 0x08, 0x00, 0x00, 0x00, 0x00, 0x00, 0x00, 0x00, 0x00, 0x00, 0x00, 0x00, 0x00, 0x00, 0x00, 0x00, 0x00, 0x00, 0x00, 0x00, 0x00, 0x00, 0x00,
    0x0B, 0x0B, 0x00, 0x00, 0x00, 0x00, 0x00, 0x00, 0x00, 0x00, 0x00, 0x00, 0x00, 0x00, 0x00, 0x00, 0x00, 0x00, 0x00, 0x00, 0x00, 0x00, 0x00, 0x00,
    0x00, 0x00, 0x00, 0x00, 0x00, 0x00, 0x00, 0x00, 0x00, 0x00, 0x00, 0x00, 0x04, 0x04, 0x03, 0x03, 0x03, 0x02, 0x0E, 0x01, 0x01, 0x02, 0x00, 0x00,
    0x00, 0x00, 0x00, 0x00, 0x08, 0x08, 0x00, 0x00, 0x00, 0x00, 0x00, 0x00, 0x00, 0x00, 0x00, 0x00, 0x00, 0x00, 0x00, 0x00, 0x00, 0x00, 0x00, 0x00,
    0x00, 0x00, 0x0B, 0x0B, 0x0B, 0x0B, 0x00, 0x00, 0x00, 0x00, 0x00, 0x00, 0x00, 0x00, 0x00, 0x00, 0x00, 0x00, 0x00, 0x00, 0x00, 0x00, 0x00, 0x00,
    0x00, 0x00, 0x00, 0x00, 0x00, 0x00, 0x00, 0x00, 0x00, 0x00, 0x00, 0x00, 0x00, 0x06, 0x05, 0x05, 0x04, 0x04, 0x03, 0x03, 0x02, 0x00, 0x00, 0x02,
    0x01, 0x02, 0x00, 0x00, 0x00, 0x00, 0x00, 0x00, 0x08, 0x08, 0x00, 0x00, 0x00, 0x00, 0x00, 0x00, 0x00, 0x00, 0x00, 0x00, 0x00, 0x00, 0x00, 0x00,
    0x00, 0x00, 0x00, 0x0B, 0x0B, 0x0B, 0x0B, 0x0B, 0x0B, 0x0B, 0x00, 0x00, 0x00, 0x00, 0x00, 0x00, 0x00, 0x00, 0x00, 0x00, 0x00, 0x00, 0x00, 0x00,
    0x00, 0x00, 0x00, 0x00, 0x00, 0x00, 0x00, 0x00, 0x00, 0x00, 0x00, 0x00, 0x00, 0x00, 0x00, 0x07, 0x06, 0x06, 0x05, 0x05, 0x04, 0x04, 0x00, 0x00,
    0x00, 0x00, 0x00, 0x00, 0x02, 0x02, 0x03, 0x00, 0x00, 0x00, 0x00, 0x00, 0x08, 0x08, 0x00, 0x00, 0x00, 0x00, 0x00, 0x00, 0x00, 0x00, 0x00, 0x00,
    0x00, 0x00, 0x00, 0x00, 0x0B, 0x0C, 0x0B, 0x0C, 0x0B, 0x0C, 0x0B, 0x0C, 0x0B, 0x00, 0x00, 0x00, 0x00, 0x00, 0x00, 0x00, 0x00, 0x00, 0x00, 0x00,
    0x00, 0x00, 0x00, 0x00, 0x00, 0x00, 0x00, 0x00, 0x00, 0x00, 0x00, 0x00, 0x00, 0x00, 0x00, 0x00, 0x00, 0x00, 0x00, 0x07, 0x07, 0x06, 0x05, 0x00,
    0x00, 0x00, 0x00, 0x00, 0x00, 0x00, 0x00, 0x00, 0x00, 0x03, 0x03, 0x03, 0x00, 0x00, 0x00, 0x00, 0x08, 0x08, 0x00, 0x00, 0x00, 0x00, 0x00, 0x00,
    0x00, 0x00, 0x00, 0x00, 0x0C, 0x0C, 0x0C, 0x0C, 0x0C, 0x0C, 0x0C, 0x0C, 0x0C, 0x0C, 0x00, 0x00, 0x00, 0x00, 0x00, 0x00, 0x00, 0x00, 0x00, 0x00,
    0x00, 0x00, 0x00, 0x00, 0x00, 0x00, 0x00, 0x00, 0x00, 0x00, 0x00, 0x00, 0x00, 0x00, 0x00, 0x00, 0x00, 0x00, 0x00, 0x00, 0x00, 0x00, 0x00, 0x07,
    0x07, 0x00, 0x00, 0x00, 0x00, 0x00, 0x00, 0x00, 0x00, 0x00, 0x00, 0x00, 0x00, 0x03, 0x03, 0x03, 0x03, 0x00, 0x00, 0x00, 0x09, 0x09, 0x00, 0x00,
    0x00, 0x00, 0x00, 0x00, 0x00, 0x0C, 0x0C, 0x0C, 0x0C, 0x0C, 0x0C, 0x0C, 0x0C, 0x0C, 0x0C, 0x00, 0x00, 0x00, 0x00, 0x00, 0x00, 0x00, 0x00, 0x00,
    0x00, 0x00, 0x00, 0x00, 0x00, 0x00, 0x00, 0x00, 0x00, 0x00, 0x00, 0x00, 0x00, 0x00, 0x00, 0x00, 0x00, 0x01, 0x0E, 0x00, 0x00, 0x00, 0x00, 0x00,
    0x00, 0x00, 0x00, 0x08, 0x07, 0x00, 0x00, 0x00, 0x00, 0x00, 0x00, 0x00, 0x00, 0x00, 0x00, 0x00, 0x00, 0x00, 0x03, 0x04, 0x03, 0x00, 0x00, 0x00,
    0x09, 0x09, 0x00, 0x00, 0x00, 0x00, 0x00, 0x00, 0x0C, 0x0C, 0x0C, 0x0C, 0x0C, 0x0C, 0x0C, 0x0C, 0x00, 0x00, 0x00, 0x00, 0x00, 0x00, 0x00, 0x00,
    0x00, 0x00, 0x00, 0x00, 0x00, 0x00, 0x00, 0x00, 0x00, 0x00, 0x00, 0x00, 0x00, 0x00, 0x00, 0x00, 0x00, 0x00, 0x02, 0x02, 0x01, 0x01, 0x0E, 0x00,
    0x00, 0x00, 0x00, 0x00, 0x00, 0x00, 0x00, 0x08, 0x08, 0x00, 0x00, 0x00, 0x00, 0x00, 0x00, 0x00, 0x00, 0x00, 0x00, 0x00, 0x00, 0x00, 0x00, 0x04,
    0x04, 0x04, 0x00, 0x00, 0x09, 0x09, 0x00, 0x00, 0x00, 0x00, 0x00, 0x00, 0x0C, 0x0C, 0x0C, 0x0C, 0x0C, 0x00, 0x00, 0x00, 0x00, 0x00, 0x00, 0x00,
    0x00, 0x00, 0x00, 0x00, 0x00, 0x00, 0x00, 0x00, 0x00, 0x00, 0x00, 0x00, 0x00, 0x00, 0x00, 0x00, 0x00, 0x00, 0x00, 0x03, 0x03, 0x03, 0x02, 0x02,
    0x01, 0x0E, 0x01, 0x01, 0x00, 0x00, 0x00, 0x00, 0x00, 0x00, 0x00, 0x08, 0x08, 0x00, 0x00, 0x00, 0x00, 0x00, 0x00, 0x00, 0x00, 0x00, 0x00, 0x00,
    0x00, 0x00, 0x00, 0x00, 0x04, 0x04, 0x04, 0x00, 0x09, 0x09, 0x00, 0x00, 0x00, 0x00, 0x00, 0x00, 0x0C, 0x0C, 0x00, 0x00, 0x00, 0x00, 0x00, 0x00,
    0x00, 0x00, 0x00, 0x00, 0x00, 0x00, 0x00, 0x01, 0x01, 0x0B, 0x00, 0x00, 0x00, 0x00, 0x00, 0x00, 0x00, 0x00, 0x00, 0x00, 0x04, 0x04, 0x04, 0x03,
    0x03, 0x03, 0x02, 0x02, 0x00, 0x00, 0x01, 0x01, 0x00, 0x00, 0x00, 0x00, 0x00, 0x00, 0x00, 0x08, 0x08, 0x00, 0x00, 0x00, 0x00, 0x00, 0x00, 0x00,
    0x00, 0x00, 0x00, 0x00, 0x00, 0x00, 0x00, 0x00, 0x04, 0x04, 0x04, 0x05, 0x09, 0x09, 0x00, 0x00, 0x00, 0x00, 0x00, 0x00, 0x0C, 0x0C, 0x00, 0x00,
    0x00, 0x00, 0x00, 0x00, 0x00, 0x00, 0x00, 0x00, 0x03, 0x02, 0x02, 0x02, 0x0B, 0x0B, 0x00, 0x00, 0x00, 0x00, 0x00, 0x00, 0x00, 0x06, 0x05, 0x05,
    0x04, 0x04, 0x04, 0x04, 0x03, 0x00, 0x00, 0x00, 0x00, 0x00, 0x01, 0x02, 0x02, 0x00, 0x00, 0x00, 0x00, 0x00, 0x00, 0x08, 0x08, 0x00, 0x00, 0x00,
    0x00, 0x00, 0x00, 0x00, 0x00, 0x00, 0x00, 0x00, 0x00, 0x00, 0x00, 0x00, 0x00, 0x05, 0x04, 0x05, 0x09, 0x0A, 0x00, 0x00, 0x00, 0x00, 0x00, 0x00,
    0x0C, 0x0C, 0x00, 0x00, 0x00, 0x00, 0x00, 0x00, 0x00, 0x04, 0x03, 0x03, 0x03, 0x03, 0x02, 0x00, 0x0B, 0x0B, 0x00, 0x00, 0x00, 0x00, 0x06, 0x06,
    0x06, 0x05, 0x05, 0x04, 0x04, 0x04, 0x07, 0x07, 0x07, 0x00, 0x00, 0x00, 0x00, 0x00, 0x00, 0x02, 0x02, 0x02, 0x00, 0x00, 0x00, 0x00, 0x00, 0x08,
    0x08, 0x00, 0x00, 0x00, 0x00, 0x00, 0x00, 0x00, 0x00, 0x00, 0x00, 0x00, 0x00, 0x00, 0x00, 0x00, 0x00, 0x00, 0x05, 0x05, 0x0A, 0x0A, 0x00, 0x00,
    0x00, 0x00, 0x00, 0x00, 0x0C, 0x0D, 0x00, 0x00, 0x00, 0x00, 0x05, 0x04, 0x04, 0x04, 0x03, 0x03, 0x00, 0x00, 0x00, 0x00, 0x0B, 0x0B, 0x00, 0x00,
    0x07, 0x07, 0x07, 0x06, 0x06, 0x06, 0x05, 0x05, 0x00, 0x00, 0x01, 0x07, 0x07, 0x00, 0x00, 0x00, 0x00, 0x00, 0x00, 0x00, 0x03, 0x03, 0x00, 0x00,
    0x00, 0x00, 0x00, 0x09, 0x08, 0x00, 0x00, 0x00, 0x00, 0x00, 0x00, 0x00, 0x00, 0x00, 0x00, 0x00, 0x00, 0x00, 0x00, 0x00, 0x00, 0x00, 0x00, 0x06,
    0x06, 0x0A, 0x00, 0x00, 0x00, 0x00, 0x00, 0x00, 0x0D, 0x0D, 0x06, 0x06, 0x05, 0x05, 0x04, 0x04, 0x04, 0x00, 0x00, 0x00, 0x00, 0x00, 0x00, 0x00,
    0x0B, 0x0B, 0x00, 0x00, 0x00, 0x07, 0x07, 0x07, 0x07, 0x00, 0x00, 0x00, 0x00, 0x00, 0x01, 0x01, 0x07, 0x07, 0x00, 0x00, 0x00, 0x00, 0x00, 0x00,
    0x03, 0x03, 0x03, 0x00, 0x00, 0x00, 0x00, 0x09, 0x09, 0x00, 0x00, 0x00, 0x00, 0x00, 0x00, 0x00, 0x00, 0x00, 0x0B, 0x0B, 0x00, 0x00, 0x00, 0x00,
    0x00, 0x00, 0x00, 0x06, 0x06, 0x0A, 0x00, 0x00, 0x00, 0x00, 0x00, 0x00, 0x0D, 0x07, 0x06, 0x06, 0x05, 0x05, 0x00, 0x00, 0x00, 0x00, 0x00, 0x00,
    0x00, 0x00, 0x00, 0x00, 0x0B, 0x0B, 0x00, 0x00, 0x00, 0x00, 0x07, 0x07, 0x07, 0x00, 0x00, 0x00, 0x00, 0x00, 0x00, 0x02, 0x01, 0x07, 0x07, 0x00,
    0x00, 0x00, 0x00, 0x00, 0x00, 0x03, 0x03, 0x04, 0x00, 0x00, 0x00, 0x09, 0x09, 0x00, 0x00, 0x00, 0x00, 0x00, 0x00, 0x0B, 0x0B, 0x0B, 0x0B, 0x07,
    0x07, 0x00, 0x00, 0x00, 0x00, 0x00, 0x00, 0x00, 0x06, 0x0A, 0x00, 0x00, 0x00, 0x00, 0x00, 0x00, 0x0D, 0x07, 0x06, 0x00, 0x00, 0x00, 0x00, 0x00,
    0x00, 0x00, 0x00, 0x00, 0x00, 0x00, 0x00, 0x00, 0x0B, 0x0B, 0x00, 0x00, 0x00, 0x00, 0x07, 0x07, 0x07, 0x07, 0x00, 0x00, 0x00, 0x00, 0x00, 0x00,
    0x02, 0x02, 0x08, 0x00, 0x00, 0x00, 0x00, 0x00, 0x00, 0x00, 0x04, 0x04, 0x00, 0x00, 0x00, 0x09, 0x09, 0x00, 0x00, 0x00, 0x00, 0x00, 0x0B, 0x0B,
    0x04, 0x04, 0x0E, 0x01, 0x07, 0x07, 0x00, 0x00, 0x00, 0x00, 0x00, 0x00, 0x00, 0x0A, 0x00, 0x00, 0x00, 0x00, 0x00, 0x00, 0x0D, 0x07, 0x00, 0x00,
    0x00, 0x00, 0x00, 0x00, 0x00, 0x00, 0x00, 0x00, 0x00, 0x00, 0x00, 0x00, 0x0B, 0x0B, 0x00, 0x00, 0x00, 0x00, 0x00, 0x07, 0x07, 0x07, 0x00, 0x00,
    0x00, 0x00, 0x00, 0x00, 0x00, 0x02, 0x08, 0x08, 0x00, 0x00, 0x00, 0x00, 0x00, 0x00, 0x00, 0x04, 0x04, 0x00, 0x00, 0x09, 0x09, 0x00, 0x00, 0x00,
    0x00, 0x00, 0x0B, 0x07, 0x06, 0x00, 0x00, 0x01, 0x01, 0x08, 0x08, 0x00, 0x00, 0x00, 0x00, 0x00, 0x00, 0x00, 0x00, 0x00, 0x00, 0x00, 0x00, 0x00,
    0x0D, 0x08, 0x00, 0x00, 0x00, 0x00, 0x00, 0x00, 0x00, 0x00, 0x00, 0x00, 0x00, 0x00, 0x00, 0x00, 0x0B, 0x0B, 0x00, 0x00, 0x00, 0x00, 0x00, 0x00,
    0x07, 0x07, 0x08, 0x00, 0x00, 0x00, 0x00, 0x00, 0x00, 0x02, 0x02, 0x08, 0x08, 0x00, 0x00, 0x00, 0x00, 0x00, 0x00, 0x04, 0x04, 0x04, 0x00, 0x09,
    0x0A, 0x00, 0x00, 0x00, 0x00, 0x00, 0x0B, 0x07, 0x00, 0x00, 0x00, 0x00, 0x02, 0x02, 0x08, 0x08, 0x00, 0x00, 0x00, 0x00, 0x00, 0x00, 0x00, 0x00,
    0x00, 0x00, 0x00, 0x00, 0x0D, 0x08, 0x00, 0x00, 0x00, 0x00, 0x00, 0x00, 0x00, 0x00, 0x00, 0x00, 0x00, 0x00, 0x00, 0x00, 0x0B, 0x0B, 0x00, 0x00,
    0x00, 0x00, 0x00, 0x00, 0x00, 0x08, 0x08, 0x08, 0x00, 0x00, 0x00, 0x00, 0x00, 0x00, 0x02, 0x03, 0x08, 0x08, 0x00, 0x00, 0x00, 0x00, 0x00, 0x00,
    0x04, 0x05, 0x05, 0x0A, 0x0A, 0x00, 0x00, 0x00, 0x00, 0x00, 0x0B, 0x07, 0x00, 0x00, 0x00, 0x00, 0x00, 0x02, 0x02, 0x08, 0x08, 0x00, 0x00, 0x00,
    0x00, 0x00, 0x00, 0x00, 0x00, 0x00, 0x00, 0x00, 0x0D, 0x08, 0x00, 0x00, 0x00, 0x00, 0x00, 0x00, 0x00, 0x00, 0x00, 0x00, 0x00, 0x00, 0x00, 0x00,
    0x0B, 0x0B, 0x00, 0x00, 0x00, 0x00, 0x00, 0x00, 0x00, 0x08, 0x08, 0x08, 0x08, 0x00, 0x00, 0x00, 0x00, 0x00, 0x00, 0x03, 0x03, 0x08, 0x00, 0x00,
    0x00, 0x00, 0x00, 0x00, 0x00, 0x05, 0x05, 0x0A, 0x0A, 0x00, 0x00, 0x00, 0x00, 0x00, 0x0B, 0x07, 0x00, 0x00, 0x00, 0x00, 0x00, 0x00, 0x03, 0x03,
    0x08, 0x00, 0x00, 0x00, 0x00, 0x00, 0x00, 0x00, 0x00, 0x00, 0x00, 0x00, 0x0D, 0x08, 0x00, 0x00, 0x00, 0x00, 0x00, 0x00, 0x00, 0x00, 0x00, 0x00,
    0x00, 0x00, 0x00, 0x00, 0x0B, 0x0C, 0x00, 0x00, 0x00, 0x00, 0x00, 0x00, 0x00, 0x00, 0x08, 0x08, 0x08, 0x00, 0x00, 0x00, 0x00, 0x00, 0x00, 0x00,
    0x03, 0x08, 0x08, 0x00, 0x00, 0x00, 0x00, 0x00, 0x00, 0x00, 0x05, 0x06, 0x0A, 0x00, 0x00, 0x00, 0x00, 0x00, 0x0B, 0x08, 0x00, 0x00, 0x00, 0x00,
    0x00, 0x00, 0x00, 0x03, 0x08, 0x09, 0x00, 0x00, 0x00, 0x00, 0x00, 0x00, 0x00, 0x00, 0x00, 0x00, 0x0D, 0x09, 0x00, 0x00, 0x00, 0x00, 0x00, 0x00,
    0x00, 0x00, 0x00, 0x00, 0x00, 0x0B, 0x0C, 0x0C, 0x0C, 0x0B, 0x00, 0x00, 0x00, 0x00, 0x00, 0x00, 0x00, 0x00, 0x00, 0x08, 0x08, 0x08, 0x00, 0x00,
    0x00, 0x00, 0x00, 0x00, 0x03, 0x03, 0x09, 0x08, 0x00, 0x00, 0x00, 0x00, 0x00, 0x00, 0x06, 0x06, 0x0A, 0x00, 0x00, 0x00, 0x00, 0x00, 0x0B, 0x08,
    0x00, 0x00, 0x00, 0x00, 0x00, 0x00, 0x00, 0x03, 0x03, 0x09, 0x09, 0x00, 0x00, 0x00, 0x00, 0x00, 0x00, 0x00, 0x00, 0x00, 0x0D, 0x09, 0x00, 0x00,
    0x00, 0x00, 0x00, 0x00, 0x00, 0x00, 0x0C, 0x0C, 0x0C, 0x0C, 0x0C, 0x0C, 0x0C, 0x00, 0x00, 0x00, 0x00, 0x00, 0x00, 0x00, 0x00, 0x00, 0x00, 0x00,
    0x08, 0x08, 0x08, 0x00, 0x00, 0x00, 0x00, 0x00, 0x00, 0x03, 0x03, 0x09, 0x09, 0x00, 0x00, 0x00, 0x00, 0x00, 0x00, 0x06, 0x0A, 0x00, 0x00, 0x00,
    0x00, 0x00, 0x0C, 0x08, 0x00, 0x00, 0x00, 0x00, 0x00, 0x00, 0x00, 0x00, 0x03, 0x04, 0x09, 0x09, 0x00, 0x00, 0x00, 0x00, 0x00, 0x00, 0x00, 0x00,
    0x0D, 0x09, 0x00, 0x00, 0x00, 0x00, 0x00, 0x00, 0x0C, 0x0C, 0x0C, 0x0C, 0x0C, 0x0C, 0x00, 0x00, 0x00, 0x00, 0x00, 0x00, 0x00, 0x00, 0x00, 0x00,
    0x00, 0x00, 0x00, 0x00, 0x08, 0x08, 0x08, 0x00, 0x00, 0x00, 0x00, 0x00, 0x00, 0x00, 0x04, 0x04, 0x09, 0x00, 0x00, 0x00, 0x00, 0x00, 0x00, 0x00,
    0x0A, 0x00, 0x00, 0x00, 0x00, 0x00, 0x0C, 0x08, 0x00, 0x00, 0x00, 0x00, 0x00, 0x00, 0x00, 0x00, 0x00, 0x04, 0x04, 0x09, 0x09, 0x00, 0x00, 0x00,
    0x00, 0x00, 0x00, 0x00, 0x0D, 0x0A, 0x00, 0x00, 0x00, 0x00, 0x00, 0x00, 0x0C, 0x0C, 0x0C, 0x00, 0x00, 0x00, 0x00, 0x00, 0x00, 0x00, 0x00, 0x00,
    0x00, 0x00, 0x00, 0x00, 0x00, 0x00, 0x00, 0x00, 0x00, 0x08, 0x08, 0x08, 0x00, 0x00, 0x00, 0x00, 0x00, 0x00, 0x00, 0x04, 0x09, 0x09, 0x00, 0x00,
    0x00, 0x00, 0x00, 0x00, 0x00, 0x00, 0x00, 0x00, 0x00, 0x00, 0x0C, 0x08, 0x00, 0x00, 0x00, 0x00, 0x00, 0x00, 0x00, 0x00, 0x00, 0x00, 0x04, 0x05,
    0x09, 0x00, 0x00, 0x00, 0x00, 0x00, 0x00, 0x00, 0x0D, 0x0A, 0x00, 0x00, 0x00, 0x00, 0x00, 0x00, 0x0C, 0x0C, 0x00, 0x00, 0x00, 0x00, 0x00, 0x00,
    0x00, 0x00, 0x00, 0x00, 0x00, 0x00, 0x00, 0x00, 0x00, 0x00, 0x00, 0x00, 0x00, 0x00, 0x08, 0x08, 0x08, 0x00, 0x00, 0x00, 0x00, 0x00, 0x00, 0x04,
    0x04, 0x09, 0x09, 0x00, 0x00, 0x00, 0x00, 0x00, 0x00, 0x00, 0x00, 0x00, 0x00, 0x00, 0x0C, 0x09, 0x00, 0x00, 0x00, 0x00, 0x00, 0x00, 0x00, 0x00,
    0x00, 0x00, 0x00, 0x04, 0x0A, 0x0A, 0x00, 0x00, 0x00, 0x00, 0x00, 0x00, 0x0D, 0x0A, 0x00, 0x00, 0x00, 0x00, 0x00, 0x00, 0x0C, 0x0C, 0x00, 0x00,
    0x00, 0x00, 0x00, 0x00, 0x00, 0x00, 0x00, 0x00, 0x00, 0x00, 0x00, 0x00, 0x00, 0x00, 0x00, 0x00, 0x00, 0x00, 0x00, 0x08, 0x08, 0x09, 0x00, 0x00,
    0x00, 0x00, 0x00, 0x00, 0x04, 0x04, 0x09, 0x09, 0x00, 0x00, 0x00, 0x00, 0x00, 0x00, 0x00, 0x00, 0x00, 0x00, 0x0D, 0x09, 0x00, 0x00, 0x00, 0x00,
    0x00, 0x00, 0x00, 0x00, 0x00, 0x00, 0x00, 0x05, 0x05, 0x0A, 0x0A, 0x00, 0x00, 0x00, 0x00, 0x00, 0x0D, 0x0A, 0x00, 0x00, 0x00, 0x00, 0x00, 0x00,
    0x0C, 0x0C, 0x00, 0x00, 0x00, 0x00, 0x00, 0x00, 0x00, 0x00, 0x00, 0x00, 0x00, 0x00, 0x00, 0x00, 0x00, 0x00, 0x00, 0x00, 0x00, 0x00, 0x00, 0x08,
    0x08, 0x08, 0x00, 0x00, 0x00, 0x00, 0x00, 0x00, 0x00, 0x04, 0x04, 0x09, 0x00, 0x00, 0x00, 0x00, 0x00, 0x00, 0x00, 0x00, 0x00, 0x00, 0x0D, 0x09,
    0x00, 0x00, 0x00, 0x00, 0x00, 0x00, 0x00, 0x00, 0x00, 0x00, 0x00, 0x00, 0x06, 0x06, 0x0A, 0x0A, 0x00, 0x00, 0x0D, 0x0D, 0x0D, 0x0A, 0x00, 0x00,
    0x00, 0x00, 0x00, 0x00, 0x0C, 0x0D, 0x00, 0x00, 0x00, 0x00, 0x00, 0x00, 0x00, 0x00, 0x00, 0x00, 0x00, 0x00, 0x00, 0x00, 0x00, 0x00, 0x00, 0x00,
    0x00, 0x00, 0x00, 0x00, 0x08, 0x09, 0x08, 0x00, 0x00, 0x00, 0x00, 0x00, 0x00, 0x00, 0x04, 0x09, 0x09, 0x00, 0x00, 0x00, 0x00, 0x00, 0x00, 0x00,
    0x00, 0x00, 0x0D, 0x09, 0x00, 0x00, 0x00, 0x00, 0x00, 0x00, 0x00, 0x00, 0x00, 0x00, 0x00, 0x00, 0x00, 0x06, 0x06, 0x0A, 0x0D, 0x0D, 0x0D, 0x04,
    0x05, 0x06, 0x00, 0x00, 0x00, 0x00, 0x00, 0x00, 0x0D, 0x0D, 0x00, 0x00, 0x00, 0x00, 0x00, 0x00, 0x00, 0x00, 0x00, 0x00, 0x00, 0x00, 0x00, 0x00,
    0x00, 0x00, 0x00, 0x00, 0x00, 0x00, 0x00, 0x00, 0x00, 0x09, 0x09, 0x09, 0x00, 0x00, 0x00, 0x00, 0x00, 0x00, 0x05, 0x05, 0x0A, 0x0A, 0x00, 0x00,
    0x00, 0x00, 0x00, 0x00, 0x00, 0x00, 0x0D, 0x09, 0x00, 0x00, 0x00, 0x00, 0x00, 0x00, 0x0B, 0x00, 0x00, 0x00, 0x00, 0x00, 0x00, 0x00, 0x06, 0x0E,
    0x01, 0x02, 0x03, 0x04, 0x00, 0x00, 0x00, 0x00, 0x00, 0x00, 0x00, 0x00, 0x0D, 0x0D, 0x00, 0x00, 0x00, 0x00, 0x00, 0x00, 0x00, 0x00, 0x00, 0x00,
    0x00, 0x00, 0x00, 0x00, 0x00, 0x00, 0x00, 0x00, 0x00, 0x00, 0x00, 0x00, 0x00, 0x00, 0x09, 0x09, 0x09, 0x00, 0x00, 0x00, 0x00, 0x00, 0x00, 0x05,
    0x05, 0x0A, 0x0A, 0x00, 0x00, 0x00, 0x00, 0x00, 0x00, 0x00, 0x0D, 0x0A, 0x00, 0x00, 0x00, 0x00, 0x00, 0x00, 0x0B, 0x07, 0x00, 0x00, 0x00, 0x00,
    0x00, 0x00, 0x00, 0x0E, 0x01, 0x00, 0x00, 0x00, 0x00, 0x00, 0x00, 0x00, 0x00, 0x00, 0x00, 0x00, 0x0D, 0x0D, 0x00, 0x00, 0x00, 0x00, 0x00, 0x00,
    0x00, 0x00, 0x00, 0x00, 0x00, 0x00, 0x00, 0x00, 0x00, 0x00, 0x00, 0x00, 0x00, 0x00, 0x00, 0x00, 0x00, 0x00, 0x09, 0x09, 0x09, 0x00, 0x00, 0x00,
    0x00, 0x00, 0x00, 0x00, 0x05, 0x05, 0x0A, 0x00, 0x00, 0x00, 0x00, 0x00, 0x00, 0x00, 0x0D, 0x0A, 0x00, 0x00, 0x00, 0x00, 0x00, 0x00, 0x0B, 0x07,
    0x00, 0x00, 0x00, 0x00, 0x00, 0x00, 0x00, 0x00, 0x00, 0x00, 0x00, 0x00, 0x00, 0x00, 0x00, 0x00, 0x00, 0x00, 0x00, 0x00, 0x0D, 0x0D, 0x00, 0x00,
    0x00, 0x00, 0x00, 0x00, 0x00, 0x00, 0x00, 0x00, 0x00, 0x00, 0x00, 0x00, 0x00, 0x00, 0x00, 0x00, 0x00, 0x00, 0x00, 0x00, 0x00, 0x00, 0x00, 0x09,
    0x09, 0x09, 0x00, 0x00, 0x00, 0x00, 0x00, 0x00, 0x00, 0x06, 0x0A, 0x0A, 0x00, 0x00, 0x00, 0x00, 0x00, 0x00, 0x0D, 0x0A, 0x00, 0x00, 0x00, 0x00,
    0x00, 0x00, 0x0B, 0x07, 0x08, 0x00, 0x00, 0x00, 0x00, 0x00, 0x00, 0x00, 0x00, 0x00, 0x00, 0x00, 0x00, 0x00, 0x00, 0x00, 0x00, 0x00, 0x00, 0x00,
    0x0D, 0x0D, 0x00, 0x00, 0x00, 0x00, 0x00, 0x00, 0x00, 0x00, 0x00, 0x00, 0x00, 0x00, 0x00, 0x00, 0x00, 0x00, 0x00, 0x00, 0x00, 0x00, 0x00, 0x00,
    0x00, 0x00, 0x00, 0x00, 0x09, 0x09, 0x09, 0x00, 0x00, 0x00, 0x00, 0x00, 0x00, 0x06, 0x06, 0x0A, 0x0A, 0x00, 0x00, 0x00, 0x00, 0x00, 0x0D, 0x0A,
    0x00, 0x00, 0x00, 0x00, 0x00, 0x00, 0x0B, 0x08, 0x08, 0x08, 0x00, 0x00, 0x00, 0x00, 0x00, 0x00, 0x00, 0x00, 0x00, 0x00, 0x00, 0x00, 0x00, 0x00,
    0x00, 0x00, 0x00, 0x00, 0x0D, 0x0D, 0x00, 0x00, 0x00, 0x00, 0x00, 0x00, 0x00, 0x00, 0x00, 0x00, 0x00, 0x00, 0x00, 0x00, 0x00, 0x00, 0x00, 0x00,
    0x00, 0x00, 0x00, 0x00, 0x00, 0x00, 0x00, 0x00, 0x00, 0x09, 0x09, 0x00, 0x00, 0x00, 0x00, 0x00, 0x00, 0x00, 0x06, 0x06, 0x0A, 0x0A, 0x00, 0x0D,
    0x0D, 0x0D, 0x0D, 0x0A, 0x00, 0x00, 0x00, 0x00, 0x00, 0x00, 0x0B, 0x0B, 0x08, 0x08, 0x00, 0x00, 0x00, 0x00, 0x00, 0x00, 0x00, 0x00, 0x00, 0x00,
    0x00, 0x00, 0x00, 0x00, 0x00, 0x00, 0x00, 0x00, 0x0D, 0x0D, 0x00, 0x00, 0x00, 0x00, 0x00, 0x00, 0x00, 0x00, 0x00, 0x00, 0x00, 0x00, 0x00, 0x00,
    0x00, 0x00, 0x00, 0x00, 0x00, 0x00, 0x00, 0x00, 0x00, 0x00, 0x00, 0x00, 0x00, 0x09, 0x09, 0x09, 0x00, 0x00, 0x00, 0x00, 0x00, 0x00, 0x00, 0x06,
    0x06, 0x0A, 0x0D, 0x0D, 0x04, 0x05, 0x06, 0x0A, 0x00, 0x00, 0x00, 0x00, 0x00, 0x00, 0x0B, 0x0B, 0x08, 0x08, 0x09, 0x00, 0x00, 0x00, 0x00, 0x00,
    0x00, 0x00, 0x00, 0x00, 0x00, 0x00, 0x00, 0x00, 0x00, 0x00, 0x00, 0x00, 0x0D, 0x0D, 0x00, 0x00, 0x00, 0x00, 0x00, 0x00, 0x00, 0x00, 0x00, 0x00,
    0x00, 0x00, 0x00, 0x00, 0x00, 0x00, 0x00, 0x00, 0x00, 0x00, 0x00, 0x00, 0x00, 0x00, 0x00, 0x00, 0x00, 0x00, 0x09, 0x09, 0x09, 0x00, 0x00, 0x00,
    0x00, 0x00, 0x00, 0x00, 0x0E, 0x01, 0x02, 0x03, 0x04, 0x00, 0x00, 0x00, 0x00, 0x00, 0x00, 0x00, 0x00, 0x00, 0x0B, 0x0B, 0x00, 0x09, 0x09, 0x09,
    0x00, 0x00, 0x00, 0x00, 0x00, 0x00, 0x00, 0x00, 0x00, 0x00, 0x00, 0x00, 0x00, 0x00, 0x00, 0x00, 0x0D, 0x0D, 0x00, 0x00, 0x00, 0x00, 0x00, 0x00,
    0x00, 0x00, 0x00, 0x00, 0x00, 0x00, 0x00, 0x00, 0x00, 0x00, 0x00, 0x00, 0x00, 0x00, 0x00, 0x00, 0x00, 0x00, 0x00, 0x00, 0x00, 0x00, 0x00, 0x09,
    0x09, 0x09, 0x00, 0x00, 0x00, 0x00, 0x00, 0x00, 0x0E, 0x01, 0x00, 0x00, 0x00, 0x00, 0x00, 0x00, 0x00, 0x00, 0x00, 0x00, 0x00, 0x00, 0x0C, 0x0C,
    0x00, 0x00, 0x09, 0x09, 0x09, 0x00, 0x00, 0x00, 0x00, 0x00, 0x00, 0x00, 0x00, 0x00, 0x00, 0x00, 0x00, 0x00, 0x0D, 0x0D, 0x0D, 0x0D, 0x00, 0x00,
    0x00, 0x00, 0x00, 0x00, 0x00, 0x00, 0x00, 0x00, 0x00, 0x00, 0x00, 0x00, 0x00, 0x00, 0x00, 0x00, 0x00, 0x00, 0x00, 0x00, 0x00, 0x00, 0x00, 0x00,
    0x00, 0x00, 0x00, 0x00, 0x09, 0x0A, 0x00, 0x00, 0x00, 0x00, 0x00, 0x00, 0x00, 0x00, 0x00, 0x00, 0x00, 0x00, 0x00, 0x00, 0x00, 0x00, 0x00, 0x00,
    0x00, 0x00, 0x0C, 0x0C, 0x00, 0x00, 0x00, 0x09, 0x09, 0x00, 0x00, 0x00, 0x00, 0x00, 0x00, 0x00, 0x00, 0x00, 0x00, 0x0D, 0x0D, 0x0D, 0x0D, 0x0D,
    0x0D, 0x0D, 0x00, 0x00, 0x00, 0x00, 0x00, 0x00, 0x00, 0x00, 0x00, 0x00, 0x00, 0x00, 0x00, 0x00, 0x00, 0x00, 0x00, 0x00, 0x00, 0x00, 0x00, 0x00,
    0x00, 0x00, 0x00, 0x00, 0x00, 0x00, 0x00, 0x00, 0x0A, 0x0A, 0x0A, 0x00, 0x00, 0x00, 0x00, 0x00, 0x00, 0x00, 0x00, 0x00, 0x00, 0x00, 0x00, 0x00,
    0x00, 0x00, 0x00, 0x00, 0x00, 0x00, 0x0C, 0x0C, 0x00, 0x00, 0x00, 0x09, 0x0A, 0x0A, 0x00, 0x00, 0x00, 0x00, 0x00, 0x00, 0x0D, 0x0D, 0x0D, 0x0D,
    0x0D, 0x0D, 0x0D, 0x00, 0x00, 0x00, 0x00, 0x00, 0x00, 0x00, 0x00, 0x00, 0x00, 0x00, 0x00, 0x00, 0x00, 0x00, 0x00, 0x00, 0x00, 0x00, 0x00, 0x00,
    0x00, 0x00, 0x00, 0x00, 0x00, 0x00, 0x00, 0x00, 0x00, 0x00, 0x00, 0x00, 0x00, 0x0A, 0x0A, 0x0A, 0x00, 0x00, 0x00, 0x00, 0x00, 0x00, 0x00, 0x00,
    0x00, 0x00, 0x00, 0x00, 0x00, 0x00, 0x00, 0x00, 0x00, 0x00, 0x0C, 0x0C, 0x00, 0x00, 0x00, 0x00, 0x0A, 0x0A, 0x0A, 0x00, 0x00, 0x0D, 0x0D, 0x0D,
    0x0D, 0x0D, 0x0D, 0x0D, 0x00, 0x00, 0x00, 0x00, 0x00, 0x00, 0x00, 0x00, 0x00, 0x00, 0x00, 0x00, 0x00, 0x00, 0x00, 0x00, 0x00, 0x00, 0x00, 0x00,
    0x00, 0x00, 0x00, 0x00, 0x00, 0x00, 0x00, 0x00, 0x00, 0x00, 0x00, 0x00, 0x00, 0x00, 0x00, 0x00, 0x00, 0x00, 0x0A, 0x0A, 0x0A, 0x00, 0x00, 0x00,
    0x00, 0x00, 0x00, 0x00, 0x00, 0x00, 0x00, 0x00, 0x00, 0x00, 0x00, 0x00, 0x00, 0x00, 0x0D, 0x0D, 0x00, 0x00, 0x00, 0x00, 0x00, 0x0A, 0x0A, 0x0D,
    0x0D, 0x0D, 0x0D, 0x0D, 0x0D, 0x00, 0x00, 0x00, 0x00, 0x00, 0x00, 0x00, 0x00, 0x00, 0x00, 0x00, 0x00, 0x00, 0x00, 0x00, 0x00, 0x00, 0x00, 0x00,
    0x00, 0x00, 0x00, 0x00, 0x00, 0x00, 0x00, 0x00, 0x00, 0x00, 0x00, 0x00, 0x00, 0x00, 0x00, 0x00, 0x00, 0x00, 0x00, 0x00, 0x00, 0x00, 0x00, 0x0A,
    0x0A, 0x00, 0x00, 0x00, 0x00, 0x00, 0x00, 0x00, 0x00, 0x00, 0x00, 0x00, 0x00, 0x00, 0x00, 0x00, 0x00, 0x00, 0x0D, 0x0D, 0x00, 0x00, 0x00, 0x00,
    0x00, 0x00, 0x0A, 0x0D, 0x0D, 0x0D, 0x00, 0x00, 0x00, 0x00, 0x00, 0x00, 0x00, 0x00, 0x00, 0x00, 0x00, 0x00, 0x00, 0x00, 0x00, 0x00, 0x00, 0x00,
    0x00, 0x00, 0x00, 0x00, 0x00, 0x00, 0x00, 0x00, 0x00, 0x00, 0x00, 0x00, 0x00, 0x00, 0x00, 0x00, 0x00, 0x00, 0x00, 0x00, 0x00, 0x00, 0x00, 0x00,
    0x00, 0x00, 0x00, 0x0A, 0x0A, 0x0A, 0x00, 0x00, 0x00, 0x00, 0x00, 0x00, 0x00, 0x00, 0x00, 0x00, 0x00, 0x00, 0x00, 0x00, 0x00, 0x00, 0x0D, 0x0D,
    0x00, 0x00, 0x00, 0x00, 0x00, 0x00, 0x00, 0x00, 0x00, 0x00, 0x00, 0x00, 0x00, 0x00, 0x00, 0x00, 0x00, 0x00, 0x00, 0x00, 0x00, 0x00, 0x00, 0x00,
    0x00, 0x00, 0x00, 0x00, 0x00, 0x00, 0x00, 0x00, 0x00, 0x00, 0x00, 0x00, 0x00, 0x00, 0x00, 0x00, 0x00, 0x00, 0x00, 0x00, 0x00, 0x00, 0x00, 0x00,
    0x00, 0x00, 0x00, 0x00, 0x00, 0x00, 0x00, 0x00, 0x0A, 0x0A, 0x0A, 0x00, 0x00, 0x00, 0x00, 0x00, 0x00, 0x00, 0x00, 0x00, 0x00, 0x00, 0x00, 0x00,
    0x00, 0x0D, 0x0D, 0x0D, 0x00, 0x00, 0x00, 0x00, 0x00, 0x00, 0x00, 0x00, 0x00, 0x00, 0x00, 0x00, 0x00, 0x00, 0x00, 0x00, 0x00, 0x00, 0x00, 0x00,
    0x00, 0x00, 0x00, 0x00, 0x00, 0x00, 0x00, 0x00, 0x00, 0x00, 0x00, 0x00, 0x00, 0x00, 0x00, 0x00, 0x00, 0x00, 0x00, 0x00, 0x00, 0x00, 0x00, 0x00,
    0x00, 0x00, 0x00, 0x00, 0x00, 0x00, 0x00, 0x00, 0x00, 0x00, 0x00, 0x00, 0x00, 0x0A, 0x0A, 0x0A, 0x00, 0x00, 0x00, 0x00, 0x00, 0x00, 0x00, 0x00,
    0x00, 0x00, 0x0D, 0x0D, 0x0D, 0x0D, 0x0D, 0x0D, 0x00, 0x00, 0x00, 0x00, 0x00, 0x00, 0x00, 0x00, 0x00, 0x00, 0x00, 0x00, 0x00, 0x00, 0x00, 0x00,
    0x00, 0x00, 0x00, 0x00, 0x00, 0x00, 0x00, 0x00, 0x00, 0x00, 0x00, 0x00, 0x00, 0x00, 0x00, 0x00, 0x00, 0x00, 0x00, 0x00, 0x00, 0x00, 0x00, 0x00,
    0x00, 0x00, 0x00, 0x00, 0x00, 0x00, 0x00, 0x00, 0x00, 0x00, 0x00, 0x00, 0x00, 0x00, 0x00, 0x00, 0x00, 0x00, 0x0A, 0x0A, 0x00, 0x00, 0x00, 0x00,
    0x00, 0x00, 0x00, 0x0D, 0x0D, 0x0D, 0x0D, 0x0D, 0x0D, 0x00, 0x00, 0x00, 0x00, 0x00, 0x00, 0x00, 0x00, 0x00, 0x00, 0x00, 0x00, 0x00, 0x00, 0x00,
    0x00, 0x00, 0x00, 0x00, 0x00, 0x00, 0x00, 0x00, 0x00, 0x00, 0x00, 0x00, 0x00, 0x00, 0x00, 0x00, 0x00, 0x00, 0x00, 0x00, 0x00, 0x00, 0x00, 0x00,
    0x00, 0x00, 0x00, 0x00, 0x00, 0x00, 0x00, 0x00, 0x00, 0x00, 0x00, 0x00, 0x00, 0x00, 0x00, 0x00, 0x00, 0x00, 0x00, 0x00, 0x00, 0x00, 0x0A, 0x0A,
    0x0A, 0x00, 0x00, 0x00, 0x0D, 0x0D, 0x0D, 0x0D, 0x0D, 0x0D, 0x00, 0x00, 0x00, 0x00, 0x00, 0x00, 0x00, 0x00, 0x00, 0x00, 0x00, 0x00, 0x00, 0x00,
    0x00, 0x00, 0x00, 0x00, 0x00, 0x00, 0x00, 0x00, 0x00, 0x00, 0x00, 0x00, 0x00, 0x00, 0x00, 0x00, 0x00, 0x00, 0x00, 0x00, 0x00, 0x00, 0x00, 0x00,
    0x00, 0x00, 0x00, 0x00, 0x00, 0x00, 0x00, 0x00, 0x00, 0x00, 0x00, 0x00, 0x00, 0x00, 0x00, 0x00, 0x00, 0x00, 0x00, 0x00, 0x00, 0x00, 0x00, 0x00,
    0x00, 0x00, 0x00, 0x0A, 0x0A, 0x0D, 0x0D, 0x0D, 0x0D, 0x0D, 0x0D, 0x00, 0x00, 0x00, 0x00, 0x00, 0x00, 0x00, 0x00, 0x00, 0x00, 0x00, 0x00, 0x00,
    0x00, 0x00, 0x00, 0x00, 0x00, 0x00, 0x00, 0x00, 0x00, 0x00, 0x00, 0x00, 0x00, 0x00, 0x00, 0x00, 0x00, 0x00, 0x00, 0x00, 0x00, 0x00, 0x00, 0x00,
    0x00, 0x00, 0x00, 0x00, 0x00, 0x00, 0x00, 0x00, 0x00, 0x00, 0x00, 0x00, 0x00, 0x00, 0x00, 0x00, 0x00, 0x00, 0x00, 0x00, 0x00, 0x00, 0x00, 0x00,
    0x00, 0x00, 0x00, 0x00, 0x00, 0x00, 0x00, 0x00, 0x0A, 0x0D, 0x0D, 0x0D, 0x00, 0x00, 0x00, 0x00, 0x00, 0x00, 0x00, 0x00, 0x00, 0x00, 0x00, 0x00,
    0x00, 0x00, 0x00, 0x00, 0x00, 0x00, 0x00, 0x00, 0x00, 0x00, 0x00, 0x00, 0x00, 0x00, 0x00, 0x00, 0x00, 0x00, 0x00, 0x00, 0x00, 0x00, 0x00, 0x00,
    0x00, 0x00, 0x00, 0x00, 0x00, 0x00, 0x00, 0x00,
};

static uint16_t pal_wm_select_choice_p0_CSELBK_P_opaque[] __attribute__((aligned(8))) = {
    0x0001, 0x190B, 0x290D, 0x294F, 0x18C9, 0x2991, 0x1887, 0x0843, 0x0845, 0x39D3, 0x4ADF, 0x39D5,
    0x3A17, 0x3A59, 0x4A9B, 0x4A9D, 0x5B63, 0x5B21, 0x6BA7, 0x5B65, 0x6BE9, 0x6C2B,
};

static uint16_t pal_wm_select_choice_p0_CSELBK_P_keyed[] __attribute__((aligned(8))) = {
    0x0000, 0x190B, 0x290D, 0x294F, 0x18C9, 0x2991, 0x1887, 0x0843, 0x0845, 0x39D3, 0x4ADF, 0x39D5,
    0x3A17, 0x3A59, 0x4A9B, 0x4A9D, 0x5B63, 0x5B21, 0x6BA7, 0x5B65, 0x6BE9, 0x6C2B,
};

static uint16_t pal_wm_select_choice_p1_LLOGOL_P_opaque[] __attribute__((aligned(8))) = {
    0x0001, 0xAD2F, 0x9CED, 0x9CAB, 0x8C69, 0x8C27, 0x7BE5, 0x39D1, 0x298F, 0x294D, 0x190B, 0x0845,
    0x0003, 0x0001, 0xCDF7,
};

static uint16_t pal_wm_select_choice_p1_LLOGOL_P_keyed[] __attribute__((aligned(8))) = {
    0x0000, 0xAD2F, 0x9CED, 0x9CAB, 0x8C69, 0x8C27, 0x7BE5, 0x39D1, 0x298F, 0x294D, 0x190B, 0x0845,
    0x0003, 0x0001, 0xCDF7,
};

static uint16_t pal_wm_select_choice_p2_LLOGOD_P_opaque[] __attribute__((aligned(8))) = {
    0x0001, 0x7BA3, 0x6B61, 0x6B1F, 0x5ADD, 0x5A9B, 0x4A59, 0x0845, 0x0003, 0x0001, 0x0001, 0x0001,
    0x0001, 0x0001, 0x9C6B,
};

static uint16_t pal_wm_select_choice_p2_LLOGOD_P_keyed[] __attribute__((aligned(8))) = {
    0x0000, 0x7BA3, 0x6B61, 0x6B1F, 0x5ADD, 0x5A9B, 0x4A59, 0x0845, 0x0003, 0x0001, 0x0001, 0x0001,
    0x0001, 0x0001, 0x9C6B,
};

static const wm_select_background_image bg_images[42] = {
    [0] = {0},
    [1] = {0},
    [2] = {2, 204, 133, 0x00, px_wm_select_choice_h2_043b952a},
    [3] = {3, 204, 5, 0x00, px_wm_select_choice_h3_044345ea},
    [4] = {4, 204, 119, 0x00, px_wm_select_choice_h4_043fa43a},
    [5] = {0},
    [6] = {0},
    [7] = {0},
    [8] = {0},
    [9] = {0},
    [10] = {0},
    [11] = {0},
    [12] = {0},
    [13] = {0},
    [14] = {0},
    [15] = {0},
    [16] = {0},
    [17] = {0},
    [18] = {0},
    [19] = {0},
    [20] = {0},
    [21] = {0},
    [22] = {0},
    [23] = {0},
    [24] = {0},
    [25] = {0},
    [26] = {0},
    [27] = {0},
    [28] = {0},
    [29] = {0},
    [30] = {0},
    [31] = {0},
    [32] = {0},
    [33] = {0},
    [34] = {34, 196, 133, 0x00, px_wm_select_choice_h34_043da716},
    [35] = {35, 196, 119, 0x00, px_wm_select_choice_h35_04417e5e},
    [36] = {36, 196, 5, 0x00, px_wm_select_choice_h36_044355da},
    [37] = {0},
    [38] = {0},
    [39] = {0},
    [40] = {40, 76, 62, 0x80, px_wm_select_choice_h40_049d5c4c},
    [41] = {41, 76, 62, 0x80, px_wm_select_choice_h40_049d5c4c},
};

static wm_select_background_palette bg_palettes[3] = {
    [0] = {"CSELBK_P", pal_wm_select_choice_p0_CSELBK_P_opaque, pal_wm_select_choice_p0_CSELBK_P_keyed, 22},
    [1] = {"LLOGOL_P", pal_wm_select_choice_p1_LLOGOL_P_opaque, pal_wm_select_choice_p1_LLOGOL_P_keyed, 15},
    [2] = {"LLOGOD_P", pal_wm_select_choice_p2_LLOGOD_P_opaque, pal_wm_select_choice_p2_LLOGOD_P_keyed, 15},
};

size_t wm_select_choice_image_count(void) { return sizeof(bg_images)/sizeof(bg_images[0]); }
const wm_select_background_image *wm_select_choice_image_at(size_t i) {
    if (i >= sizeof(bg_images)/sizeof(bg_images[0]) || !bg_images[i].pixels_ci8) return 0;
    return &bg_images[i];
}
size_t wm_select_choice_palette_count(void) { return sizeof(bg_palettes)/sizeof(bg_palettes[0]); }
const wm_select_background_palette *wm_select_choice_palette_at(size_t i) {
    if (i >= sizeof(bg_palettes)/sizeof(bg_palettes[0]) || !bg_palettes[i].rgba5551_opaque) return 0;
    return &bg_palettes[i];
}
const char *wm_select_choice_source_name(void) { return "WWF_PACKED_GFX"; }
uint16_t wm_select_choice_source_origin_x(void) { return 0; }
uint16_t wm_select_choice_source_origin_y(void) { return 0; }
