/* Auto-generated from verified WWF Wolf Unit graphics ROM + ELBKHDRS/ELBKPALS. */
#include "wm/select_background.h"

static const uint8_t px_wm_select_main_h0_049d5c4c[] __attribute__((aligned(8))) = {
    0x00, 0x00, 0x00, 0x00, 0x00, 0x00, 0x00, 0x00, 0x00, 0x00, 0x00, 0x00, 0x00, 0x00, 0x00, 0x00, 0x00, 0x00, 0x00, 0x00, 0x00, 0x00, 0x00, 0x00,
    0x00, 0x00, 0x00, 0x00, 0x00, 0x00, 0x00, 0x00, 0x00, 0x00, 0x00, 0x00, 0x00, 0x00, 0x00, 0x00, 0x00, 0x00, 0x00, 0x00, 0x00, 0x00, 0x00, 0x00,
    0x00, 0x00, 0x00, 0x00, 0x00, 0x00, 0x00, 0x00, 0x00, 0x00, 0x00, 0x00, 0x00, 0x00, 0x00, 0x00, 0x00, 0x00, 0x00, 0x00, 0x00, 0x00, 0x00, 0x01,
    0x01, 0x0B, 0x00, 0x00, 0x00, 0x00, 0x00, 0x00, 0x00, 0x00, 0x00, 0x00, 0x00, 0x00, 0x00, 0x00, 0x00, 0x00, 0x00, 0x00, 0x00, 0x00, 0x00, 0x00,
    0x00, 0x00, 0x00, 0x00, 0x00, 0x00, 0x00, 0x00, 0x00, 0x00, 0x00, 0x00, 0x00, 0x00, 0x00, 0x00, 0x00, 0x00, 0x00, 0x00, 0x00, 0x00, 0x00, 0x00,
    0x00, 0x00, 0x00, 0x00, 0x00, 0x00, 0x00, 0x00, 0x00, 0x00, 0x00, 0x00, 0x00, 0x00, 0x00, 0x00, 0x00, 0x00, 0x00, 0x00, 0x00, 0x00, 0x00, 0x00,
    0x02, 0x02, 0x02, 0x01, 0x01, 0x0B, 0x00, 0x00, 0x00, 0x00, 0x00, 0x00, 0x00, 0x00, 0x00, 0x00, 0x00, 0x00, 0x00, 0x00, 0x00, 0x00, 0x00, 0x00,
    0x00, 0x00, 0x00, 0x00, 0x00, 0x00, 0x00, 0x00, 0x00, 0x00, 0x00, 0x00, 0x00, 0x00, 0x00, 0x00, 0x00, 0x00, 0x00, 0x00, 0x00, 0x00, 0x00, 0x00,
    0x00, 0x00, 0x00, 0x00, 0x00, 0x00, 0x00, 0x00, 0x00, 0x00, 0x00, 0x00, 0x00, 0x00, 0x00, 0x00, 0x00, 0x00, 0x00, 0x00, 0x00, 0x00, 0x00, 0x00,
    0x00, 0x03, 0x03, 0x03, 0x02, 0x02, 0x01, 0x02, 0x0B, 0x0B, 0x00, 0x00, 0x00, 0x00, 0x00, 0x00, 0x00, 0x00, 0x00, 0x00, 0x00, 0x00, 0x00, 0x00,
    0x00, 0x00, 0x00, 0x00, 0x00, 0x00, 0x00, 0x00, 0x00, 0x00, 0x00, 0x00, 0x00, 0x00, 0x00, 0x00, 0x00, 0x00, 0x00, 0x00, 0x00, 0x00, 0x00, 0x00,
    0x00, 0x00, 0x00, 0x00, 0x00, 0x00, 0x00, 0x00, 0x00, 0x00, 0x00, 0x00, 0x00, 0x00, 0x00, 0x00, 0x00, 0x00, 0x00, 0x00, 0x00, 0x00, 0x00, 0x00,
    0x00, 0x00, 0x04, 0x03, 0x03, 0x03, 0x03, 0x02, 0x02, 0x02, 0x02, 0x00, 0x0B, 0x0B, 0x00, 0x00, 0x00, 0x00, 0x00, 0x00, 0x00, 0x00, 0x00, 0x00,
    0x00, 0x00, 0x00, 0x00, 0x00, 0x00, 0x00, 0x00, 0x00, 0x00, 0x00, 0x00, 0x00, 0x00, 0x00, 0x00, 0x00, 0x00, 0x00, 0x00, 0x00, 0x00, 0x00, 0x00,
    0x00, 0x00, 0x00, 0x00, 0x00, 0x00, 0x00, 0x00, 0x00, 0x00, 0x00, 0x00, 0x00, 0x00, 0x00, 0x00, 0x00, 0x00, 0x00, 0x00, 0x00, 0x00, 0x00, 0x00,
    0x00, 0x00, 0x00, 0x04, 0x04, 0x04, 0x03, 0x03, 0x03, 0x03, 0x03, 0x03, 0x00, 0x00, 0x00, 0x00, 0x0B, 0x0B, 0x00, 0x00, 0x00, 0x00, 0x00, 0x00,
    0x00, 0x00, 0x00, 0x00, 0x00, 0x00, 0x00, 0x00, 0x00, 0x00, 0x00, 0x00, 0x00, 0x00, 0x00, 0x00, 0x00, 0x00, 0x00, 0x00, 0x00, 0x00, 0x00, 0x00,
    0x00, 0x00, 0x00, 0x00, 0x00, 0x00, 0x00, 0x00, 0x00, 0x00, 0x00, 0x00, 0x00, 0x00, 0x00, 0x00, 0x00, 0x00, 0x00, 0x00, 0x00, 0x00, 0x00, 0x00,
    0x00, 0x00, 0x00, 0x00, 0x04, 0x04, 0x04, 0x04, 0x04, 0x04, 0x04, 0x03, 0x03, 0x00, 0x00, 0x00, 0x00, 0x00, 0x00, 0x00, 0x0B, 0x0B, 0x00, 0x00,
    0x00, 0x00, 0x00, 0x00, 0x00, 0x00, 0x00, 0x00, 0x00, 0x00, 0x00, 0x00, 0x00, 0x00, 0x00, 0x00, 0x00, 0x00, 0x00, 0x00, 0x00, 0x00, 0x00, 0x00,
    0x00, 0x00, 0x00, 0x00, 0x00, 0x00, 0x00, 0x00, 0x00, 0x00, 0x00, 0x00, 0x00, 0x00, 0x00, 0x00, 0x00, 0x00, 0x00, 0x00, 0x00, 0x00, 0x00, 0x00,
    0x00, 0x00, 0x00, 0x00, 0x00, 0x05, 0x05, 0x05, 0x04, 0x05, 0x04, 0x04, 0x04, 0x04, 0x00, 0x00, 0x00, 0x00, 0x00, 0x00, 0x00, 0x00, 0x00, 0x00,
    0x0B, 0x0B, 0x00, 0x00, 0x00, 0x00, 0x00, 0x00, 0x00, 0x00, 0x00, 0x00, 0x00, 0x00, 0x00, 0x00, 0x00, 0x00, 0x00, 0x00, 0x00, 0x00, 0x00, 0x00,
    0x00, 0x00, 0x00, 0x00, 0x00, 0x00, 0x00, 0x00, 0x00, 0x00, 0x00, 0x00, 0x00, 0x00, 0x00, 0x00, 0x00, 0x00, 0x00, 0x00, 0x00, 0x00, 0x00, 0x00,
    0x00, 0x00, 0x00, 0x00, 0x00, 0x00, 0x06, 0x06, 0x06, 0x06, 0x05, 0x05, 0x05, 0x04, 0x04, 0x00, 0x00, 0x00, 0x00, 0x00, 0x00, 0x00, 0x00, 0x00,
    0x00, 0x00, 0x00, 0x00, 0x0B, 0x0B, 0x00, 0x00, 0x00, 0x00, 0x00, 0x00, 0x00, 0x00, 0x00, 0x00, 0x00, 0x00, 0x00, 0x00, 0x00, 0x00, 0x00, 0x00,
    0x00, 0x00, 0x00, 0x00, 0x00, 0x00, 0x00, 0x00, 0x00, 0x00, 0x00, 0x00, 0x00, 0x00, 0x00, 0x00, 0x00, 0x00, 0x00, 0x00, 0x00, 0x00, 0x00, 0x00,
    0x00, 0x00, 0x00, 0x00, 0x00, 0x00, 0x00, 0x00, 0x07, 0x06, 0x06, 0x06, 0x06, 0x06, 0x05, 0x05, 0x00, 0x00, 0x00, 0x00, 0x00, 0x00, 0x00, 0x00,
    0x00, 0x00, 0x00, 0x00, 0x00, 0x00, 0x00, 0x00, 0x0B, 0x0B, 0x00, 0x00, 0x00, 0x00, 0x00, 0x00, 0x00, 0x00, 0x00, 0x00, 0x00, 0x00, 0x00, 0x00,
    0x00, 0x00, 0x00, 0x00, 0x00, 0x00, 0x00, 0x00, 0x00, 0x00, 0x00, 0x00, 0x00, 0x00, 0x00, 0x00, 0x00, 0x00, 0x00, 0x00, 0x00, 0x00, 0x00, 0x00,
    0x00, 0x00, 0x00, 0x00, 0x00, 0x00, 0x00, 0x00, 0x00, 0x00, 0x00, 0x00, 0x07, 0x07, 0x06, 0x06, 0x06, 0x00, 0x00, 0x00, 0x00, 0x00, 0x00, 0x00,
    0x00, 0x00, 0x00, 0x00, 0x00, 0x00, 0x00, 0x00, 0x00, 0x00, 0x00, 0x00, 0x0B, 0x0B, 0x00, 0x00, 0x00, 0x00, 0x00, 0x00, 0x00, 0x00, 0x00, 0x00,
    0x00, 0x00, 0x00, 0x00, 0x00, 0x00, 0x00, 0x00, 0x00, 0x00, 0x00, 0x00, 0x00, 0x00, 0x00, 0x00, 0x00, 0x00, 0x00, 0x00, 0x00, 0x00, 0x00, 0x00,
    0x00, 0x00, 0x00, 0x00, 0x00, 0x00, 0x00, 0x00, 0x00, 0x00, 0x00, 0x00, 0x00, 0x00, 0x00, 0x00, 0x07, 0x07, 0x00, 0x00, 0x00, 0x00, 0x00, 0x00,
    0x00, 0x00, 0x00, 0x00, 0x00, 0x00, 0x00, 0x00, 0x00, 0x00, 0x00, 0x00, 0x00, 0x00, 0x00, 0x00, 0x0B, 0x0B, 0x00, 0x00, 0x00, 0x00, 0x00, 0x00,
    0x00, 0x00, 0x00, 0x00, 0x00, 0x00, 0x00, 0x00, 0x00, 0x00, 0x00, 0x00, 0x00, 0x00, 0x00, 0x00, 0x00, 0x00, 0x00, 0x00, 0x00, 0x00, 0x00, 0x00,
    0x00, 0x00, 0x00, 0x00, 0x00, 0x00, 0x00, 0x00, 0x00, 0x00, 0x01, 0x0E, 0x00, 0x00, 0x00, 0x00, 0x00, 0x00, 0x00, 0x00, 0x07, 0x07, 0x00, 0x00,
    0x00, 0x00, 0x00, 0x00, 0x00, 0x00, 0x00, 0x00, 0x00, 0x00, 0x00, 0x00, 0x00, 0x00, 0x00, 0x00, 0x00, 0x00, 0x00, 0x00, 0x0B, 0x0B, 0x00, 0x00,
    0x00, 0x00, 0x00, 0x00, 0x00, 0x00, 0x00, 0x00, 0x00, 0x00, 0x00, 0x00, 0x00, 0x00, 0x00, 0x00, 0x00, 0x00, 0x00, 0x00, 0x00, 0x00, 0x00, 0x00,
    0x00, 0x00, 0x00, 0x00, 0x00, 0x00, 0x00, 0x00, 0x00, 0x00, 0x00, 0x03, 0x02, 0x02, 0x01, 0x0E, 0x01, 0x00, 0x00, 0x00, 0x00, 0x00, 0x00, 0x00,
    0x08, 0x08, 0x00, 0x00, 0x00, 0x00, 0x00, 0x00, 0x00, 0x00, 0x00, 0x00, 0x00, 0x00, 0x00, 0x00, 0x00, 0x00, 0x00, 0x00, 0x00, 0x00, 0x00, 0x00,
    0x0B, 0x0B, 0x00, 0x00, 0x00, 0x00, 0x00, 0x00, 0x00, 0x00, 0x00, 0x00, 0x00, 0x00, 0x00, 0x00, 0x00, 0x00, 0x00, 0x00, 0x00, 0x00, 0x00, 0x00,
    0x00, 0x00, 0x00, 0x00, 0x00, 0x00, 0x00, 0x00, 0x00, 0x00, 0x00, 0x00, 0x04, 0x04, 0x03, 0x03, 0x03, 0x02, 0x0E, 0x01, 0x01, 0x02, 0x00, 0x00,
    0x00, 0x00, 0x00, 0x00, 0x08, 0x08, 0x00, 0x00, 0x00, 0x00, 0x00, 0x00, 0x00, 0x00, 0x00, 0x00, 0x00, 0x00, 0x00, 0x00, 0x00, 0x00, 0x00, 0x00,
    0x00, 0x00, 0x0B, 0x0B, 0x0B, 0x0B, 0x00, 0x00, 0x00, 0x00, 0x00, 0x00, 0x00, 0x00, 0x00, 0x00, 0x00, 0x00, 0x00, 0x00, 0x00, 0x00, 0x00, 0x00,
    0x00, 0x00, 0x00, 0x00, 0x00, 0x00, 0x00, 0x00, 0x00, 0x00, 0x00, 0x00, 0x00, 0x06, 0x05, 0x05, 0x04, 0x04, 0x03, 0x03, 0x02, 0x00, 0x00, 0x02,
    0x01, 0x02, 0x00, 0x00, 0x00, 0x00, 0x00, 0x00, 0x08, 0x08, 0x00, 0x00, 0x00, 0x00, 0x00, 0x00, 0x00, 0x00, 0x00, 0x00, 0x00, 0x00, 0x00, 0x00,
    0x00, 0x00, 0x00, 0x0B, 0x0B, 0x0B, 0x0B, 0x0B, 0x0B, 0x0B, 0x00, 0x00, 0x00, 0x00, 0x00, 0x00, 0x00, 0x00, 0x00, 0x00, 0x00, 0x00, 0x00, 0x00,
    0x00, 0x00, 0x00, 0x00, 0x00, 0x00, 0x00, 0x00, 0x00, 0x00, 0x00, 0x00, 0x00, 0x00, 0x00, 0x07, 0x06, 0x06, 0x05, 0x05, 0x04, 0x04, 0x00, 0x00,
    0x00, 0x00, 0x00, 0x00, 0x02, 0x02, 0x03, 0x00, 0x00, 0x00, 0x00, 0x00, 0x08, 0x08, 0x00, 0x00, 0x00, 0x00, 0x00, 0x00, 0x00, 0x00, 0x00, 0x00,
    0x00, 0x00, 0x00, 0x00, 0x0B, 0x0C, 0x0B, 0x0C, 0x0B, 0x0C, 0x0B, 0x0C, 0x0B, 0x00, 0x00, 0x00, 0x00, 0x00, 0x00, 0x00, 0x00, 0x00, 0x00, 0x00,
    0x00, 0x00, 0x00, 0x00, 0x00, 0x00, 0x00, 0x00, 0x00, 0x00, 0x00, 0x00, 0x00, 0x00, 0x00, 0x00, 0x00, 0x00, 0x00, 0x07, 0x07, 0x06, 0x05, 0x00,
    0x00, 0x00, 0x00, 0x00, 0x00, 0x00, 0x00, 0x00, 0x00, 0x03, 0x03, 0x03, 0x00, 0x00, 0x00, 0x00, 0x08, 0x08, 0x00, 0x00, 0x00, 0x00, 0x00, 0x00,
    0x00, 0x00, 0x00, 0x00, 0x0C, 0x0C, 0x0C, 0x0C, 0x0C, 0x0C, 0x0C, 0x0C, 0x0C, 0x0C, 0x00, 0x00, 0x00, 0x00, 0x00, 0x00, 0x00, 0x00, 0x00, 0x00,
    0x00, 0x00, 0x00, 0x00, 0x00, 0x00, 0x00, 0x00, 0x00, 0x00, 0x00, 0x00, 0x00, 0x00, 0x00, 0x00, 0x00, 0x00, 0x00, 0x00, 0x00, 0x00, 0x00, 0x07,
    0x07, 0x00, 0x00, 0x00, 0x00, 0x00, 0x00, 0x00, 0x00, 0x00, 0x00, 0x00, 0x00, 0x03, 0x03, 0x03, 0x03, 0x00, 0x00, 0x00, 0x09, 0x09, 0x00, 0x00,
    0x00, 0x00, 0x00, 0x00, 0x00, 0x0C, 0x0C, 0x0C, 0x0C, 0x0C, 0x0C, 0x0C, 0x0C, 0x0C, 0x0C, 0x00, 0x00, 0x00, 0x00, 0x00, 0x00, 0x00, 0x00, 0x00,
    0x00, 0x00, 0x00, 0x00, 0x00, 0x00, 0x00, 0x00, 0x00, 0x00, 0x00, 0x00, 0x00, 0x00, 0x00, 0x00, 0x00, 0x01, 0x0E, 0x00, 0x00, 0x00, 0x00, 0x00,
    0x00, 0x00, 0x00, 0x08, 0x07, 0x00, 0x00, 0x00, 0x00, 0x00, 0x00, 0x00, 0x00, 0x00, 0x00, 0x00, 0x00, 0x00, 0x03, 0x04, 0x03, 0x00, 0x00, 0x00,
    0x09, 0x09, 0x00, 0x00, 0x00, 0x00, 0x00, 0x00, 0x0C, 0x0C, 0x0C, 0x0C, 0x0C, 0x0C, 0x0C, 0x0C, 0x00, 0x00, 0x00, 0x00, 0x00, 0x00, 0x00, 0x00,
    0x00, 0x00, 0x00, 0x00, 0x00, 0x00, 0x00, 0x00, 0x00, 0x00, 0x00, 0x00, 0x00, 0x00, 0x00, 0x00, 0x00, 0x00, 0x02, 0x02, 0x01, 0x01, 0x0E, 0x00,
    0x00, 0x00, 0x00, 0x00, 0x00, 0x00, 0x00, 0x08, 0x08, 0x00, 0x00, 0x00, 0x00, 0x00, 0x00, 0x00, 0x00, 0x00, 0x00, 0x00, 0x00, 0x00, 0x00, 0x04,
    0x04, 0x04, 0x00, 0x00, 0x09, 0x09, 0x00, 0x00, 0x00, 0x00, 0x00, 0x00, 0x0C, 0x0C, 0x0C, 0x0C, 0x0C, 0x00, 0x00, 0x00, 0x00, 0x00, 0x00, 0x00,
    0x00, 0x00, 0x00, 0x00, 0x00, 0x00, 0x00, 0x00, 0x00, 0x00, 0x00, 0x00, 0x00, 0x00, 0x00, 0x00, 0x00, 0x00, 0x00, 0x03, 0x03, 0x03, 0x02, 0x02,
    0x01, 0x0E, 0x01, 0x01, 0x00, 0x00, 0x00, 0x00, 0x00, 0x00, 0x00, 0x08, 0x08, 0x00, 0x00, 0x00, 0x00, 0x00, 0x00, 0x00, 0x00, 0x00, 0x00, 0x00,
    0x00, 0x00, 0x00, 0x00, 0x04, 0x04, 0x04, 0x00, 0x09, 0x09, 0x00, 0x00, 0x00, 0x00, 0x00, 0x00, 0x0C, 0x0C, 0x00, 0x00, 0x00, 0x00, 0x00, 0x00,
    0x00, 0x00, 0x00, 0x00, 0x00, 0x00, 0x00, 0x01, 0x01, 0x0B, 0x00, 0x00, 0x00, 0x00, 0x00, 0x00, 0x00, 0x00, 0x00, 0x00, 0x04, 0x04, 0x04, 0x03,
    0x03, 0x03, 0x02, 0x02, 0x00, 0x00, 0x01, 0x01, 0x00, 0x00, 0x00, 0x00, 0x00, 0x00, 0x00, 0x08, 0x08, 0x00, 0x00, 0x00, 0x00, 0x00, 0x00, 0x00,
    0x00, 0x00, 0x00, 0x00, 0x00, 0x00, 0x00, 0x00, 0x04, 0x04, 0x04, 0x05, 0x09, 0x09, 0x00, 0x00, 0x00, 0x00, 0x00, 0x00, 0x0C, 0x0C, 0x00, 0x00,
    0x00, 0x00, 0x00, 0x00, 0x00, 0x00, 0x00, 0x00, 0x03, 0x02, 0x02, 0x02, 0x0B, 0x0B, 0x00, 0x00, 0x00, 0x00, 0x00, 0x00, 0x00, 0x06, 0x05, 0x05,
    0x04, 0x04, 0x04, 0x04, 0x03, 0x00, 0x00, 0x00, 0x00, 0x00, 0x01, 0x02, 0x02, 0x00, 0x00, 0x00, 0x00, 0x00, 0x00, 0x08, 0x08, 0x00, 0x00, 0x00,
    0x00, 0x00, 0x00, 0x00, 0x00, 0x00, 0x00, 0x00, 0x00, 0x00, 0x00, 0x00, 0x00, 0x05, 0x04, 0x05, 0x09, 0x0A, 0x00, 0x00, 0x00, 0x00, 0x00, 0x00,
    0x0C, 0x0C, 0x00, 0x00, 0x00, 0x00, 0x00, 0x00, 0x00, 0x04, 0x03, 0x03, 0x03, 0x03, 0x02, 0x00, 0x0B, 0x0B, 0x00, 0x00, 0x00, 0x00, 0x06, 0x06,
    0x06, 0x05, 0x05, 0x04, 0x04, 0x04, 0x07, 0x07, 0x07, 0x00, 0x00, 0x00, 0x00, 0x00, 0x00, 0x02, 0x02, 0x02, 0x00, 0x00, 0x00, 0x00, 0x00, 0x08,
    0x08, 0x00, 0x00, 0x00, 0x00, 0x00, 0x00, 0x00, 0x00, 0x00, 0x00, 0x00, 0x00, 0x00, 0x00, 0x00, 0x00, 0x00, 0x05, 0x05, 0x0A, 0x0A, 0x00, 0x00,
    0x00, 0x00, 0x00, 0x00, 0x0C, 0x0D, 0x00, 0x00, 0x00, 0x00, 0x05, 0x04, 0x04, 0x04, 0x03, 0x03, 0x00, 0x00, 0x00, 0x00, 0x0B, 0x0B, 0x00, 0x00,
    0x07, 0x07, 0x07, 0x06, 0x06, 0x06, 0x05, 0x05, 0x00, 0x00, 0x01, 0x07, 0x07, 0x00, 0x00, 0x00, 0x00, 0x00, 0x00, 0x00, 0x03, 0x03, 0x00, 0x00,
    0x00, 0x00, 0x00, 0x09, 0x08, 0x00, 0x00, 0x00, 0x00, 0x00, 0x00, 0x00, 0x00, 0x00, 0x00, 0x00, 0x00, 0x00, 0x00, 0x00, 0x00, 0x00, 0x00, 0x06,
    0x06, 0x0A, 0x00, 0x00, 0x00, 0x00, 0x00, 0x00, 0x0D, 0x0D, 0x06, 0x06, 0x05, 0x05, 0x04, 0x04, 0x04, 0x00, 0x00, 0x00, 0x00, 0x00, 0x00, 0x00,
    0x0B, 0x0B, 0x00, 0x00, 0x00, 0x07, 0x07, 0x07, 0x07, 0x00, 0x00, 0x00, 0x00, 0x00, 0x01, 0x01, 0x07, 0x07, 0x00, 0x00, 0x00, 0x00, 0x00, 0x00,
    0x03, 0x03, 0x03, 0x00, 0x00, 0x00, 0x00, 0x09, 0x09, 0x00, 0x00, 0x00, 0x00, 0x00, 0x00, 0x00, 0x00, 0x00, 0x0B, 0x0B, 0x00, 0x00, 0x00, 0x00,
    0x00, 0x00, 0x00, 0x06, 0x06, 0x0A, 0x00, 0x00, 0x00, 0x00, 0x00, 0x00, 0x0D, 0x07, 0x06, 0x06, 0x05, 0x05, 0x00, 0x00, 0x00, 0x00, 0x00, 0x00,
    0x00, 0x00, 0x00, 0x00, 0x0B, 0x0B, 0x00, 0x00, 0x00, 0x00, 0x07, 0x07, 0x07, 0x00, 0x00, 0x00, 0x00, 0x00, 0x00, 0x02, 0x01, 0x07, 0x07, 0x00,
    0x00, 0x00, 0x00, 0x00, 0x00, 0x03, 0x03, 0x04, 0x00, 0x00, 0x00, 0x09, 0x09, 0x00, 0x00, 0x00, 0x00, 0x00, 0x00, 0x0B, 0x0B, 0x0B, 0x0B, 0x07,
    0x07, 0x00, 0x00, 0x00, 0x00, 0x00, 0x00, 0x00, 0x06, 0x0A, 0x00, 0x00, 0x00, 0x00, 0x00, 0x00, 0x0D, 0x07, 0x06, 0x00, 0x00, 0x00, 0x00, 0x00,
    0x00, 0x00, 0x00, 0x00, 0x00, 0x00, 0x00, 0x00, 0x0B, 0x0B, 0x00, 0x00, 0x00, 0x00, 0x07, 0x07, 0x07, 0x07, 0x00, 0x00, 0x00, 0x00, 0x00, 0x00,
    0x02, 0x02, 0x08, 0x00, 0x00, 0x00, 0x00, 0x00, 0x00, 0x00, 0x04, 0x04, 0x00, 0x00, 0x00, 0x09, 0x09, 0x00, 0x00, 0x00, 0x00, 0x00, 0x0B, 0x0B,
    0x04, 0x04, 0x0E, 0x01, 0x07, 0x07, 0x00, 0x00, 0x00, 0x00, 0x00, 0x00, 0x00, 0x0A, 0x00, 0x00, 0x00, 0x00, 0x00, 0x00, 0x0D, 0x07, 0x00, 0x00,
    0x00, 0x00, 0x00, 0x00, 0x00, 0x00, 0x00, 0x00, 0x00, 0x00, 0x00, 0x00, 0x0B, 0x0B, 0x00, 0x00, 0x00, 0x00, 0x00, 0x07, 0x07, 0x07, 0x00, 0x00,
    0x00, 0x00, 0x00, 0x00, 0x00, 0x02, 0x08, 0x08, 0x00, 0x00, 0x00, 0x00, 0x00, 0x00, 0x00, 0x04, 0x04, 0x00, 0x00, 0x09, 0x09, 0x00, 0x00, 0x00,
    0x00, 0x00, 0x0B, 0x07, 0x06, 0x00, 0x00, 0x01, 0x01, 0x08, 0x08, 0x00, 0x00, 0x00, 0x00, 0x00, 0x00, 0x00, 0x00, 0x00, 0x00, 0x00, 0x00, 0x00,
    0x0D, 0x08, 0x00, 0x00, 0x00, 0x00, 0x00, 0x00, 0x00, 0x00, 0x00, 0x00, 0x00, 0x00, 0x00, 0x00, 0x0B, 0x0B, 0x00, 0x00, 0x00, 0x00, 0x00, 0x00,
    0x07, 0x07, 0x08, 0x00, 0x00, 0x00, 0x00, 0x00, 0x00, 0x02, 0x02, 0x08, 0x08, 0x00, 0x00, 0x00, 0x00, 0x00, 0x00, 0x04, 0x04, 0x04, 0x00, 0x09,
    0x0A, 0x00, 0x00, 0x00, 0x00, 0x00, 0x0B, 0x07, 0x00, 0x00, 0x00, 0x00, 0x02, 0x02, 0x08, 0x08, 0x00, 0x00, 0x00, 0x00, 0x00, 0x00, 0x00, 0x00,
    0x00, 0x00, 0x00, 0x00, 0x0D, 0x08, 0x00, 0x00, 0x00, 0x00, 0x00, 0x00, 0x00, 0x00, 0x00, 0x00, 0x00, 0x00, 0x00, 0x00, 0x0B, 0x0B, 0x00, 0x00,
    0x00, 0x00, 0x00, 0x00, 0x00, 0x08, 0x08, 0x08, 0x00, 0x00, 0x00, 0x00, 0x00, 0x00, 0x02, 0x03, 0x08, 0x08, 0x00, 0x00, 0x00, 0x00, 0x00, 0x00,
    0x04, 0x05, 0x05, 0x0A, 0x0A, 0x00, 0x00, 0x00, 0x00, 0x00, 0x0B, 0x07, 0x00, 0x00, 0x00, 0x00, 0x00, 0x02, 0x02, 0x08, 0x08, 0x00, 0x00, 0x00,
    0x00, 0x00, 0x00, 0x00, 0x00, 0x00, 0x00, 0x00, 0x0D, 0x08, 0x00, 0x00, 0x00, 0x00, 0x00, 0x00, 0x00, 0x00, 0x00, 0x00, 0x00, 0x00, 0x00, 0x00,
    0x0B, 0x0B, 0x00, 0x00, 0x00, 0x00, 0x00, 0x00, 0x00, 0x08, 0x08, 0x08, 0x08, 0x00, 0x00, 0x00, 0x00, 0x00, 0x00, 0x03, 0x03, 0x08, 0x00, 0x00,
    0x00, 0x00, 0x00, 0x00, 0x00, 0x05, 0x05, 0x0A, 0x0A, 0x00, 0x00, 0x00, 0x00, 0x00, 0x0B, 0x07, 0x00, 0x00, 0x00, 0x00, 0x00, 0x00, 0x03, 0x03,
    0x08, 0x00, 0x00, 0x00, 0x00, 0x00, 0x00, 0x00, 0x00, 0x00, 0x00, 0x00, 0x0D, 0x08, 0x00, 0x00, 0x00, 0x00, 0x00, 0x00, 0x00, 0x00, 0x00, 0x00,
    0x00, 0x00, 0x00, 0x00, 0x0B, 0x0C, 0x00, 0x00, 0x00, 0x00, 0x00, 0x00, 0x00, 0x00, 0x08, 0x08, 0x08, 0x00, 0x00, 0x00, 0x00, 0x00, 0x00, 0x00,
    0x03, 0x08, 0x08, 0x00, 0x00, 0x00, 0x00, 0x00, 0x00, 0x00, 0x05, 0x06, 0x0A, 0x00, 0x00, 0x00, 0x00, 0x00, 0x0B, 0x08, 0x00, 0x00, 0x00, 0x00,
    0x00, 0x00, 0x00, 0x03, 0x08, 0x09, 0x00, 0x00, 0x00, 0x00, 0x00, 0x00, 0x00, 0x00, 0x00, 0x00, 0x0D, 0x09, 0x00, 0x00, 0x00, 0x00, 0x00, 0x00,
    0x00, 0x00, 0x00, 0x00, 0x00, 0x0B, 0x0C, 0x0C, 0x0C, 0x0B, 0x00, 0x00, 0x00, 0x00, 0x00, 0x00, 0x00, 0x00, 0x00, 0x08, 0x08, 0x08, 0x00, 0x00,
    0x00, 0x00, 0x00, 0x00, 0x03, 0x03, 0x09, 0x08, 0x00, 0x00, 0x00, 0x00, 0x00, 0x00, 0x06, 0x06, 0x0A, 0x00, 0x00, 0x00, 0x00, 0x00, 0x0B, 0x08,
    0x00, 0x00, 0x00, 0x00, 0x00, 0x00, 0x00, 0x03, 0x03, 0x09, 0x09, 0x00, 0x00, 0x00, 0x00, 0x00, 0x00, 0x00, 0x00, 0x00, 0x0D, 0x09, 0x00, 0x00,
    0x00, 0x00, 0x00, 0x00, 0x00, 0x00, 0x0C, 0x0C, 0x0C, 0x0C, 0x0C, 0x0C, 0x0C, 0x00, 0x00, 0x00, 0x00, 0x00, 0x00, 0x00, 0x00, 0x00, 0x00, 0x00,
    0x08, 0x08, 0x08, 0x00, 0x00, 0x00, 0x00, 0x00, 0x00, 0x03, 0x03, 0x09, 0x09, 0x00, 0x00, 0x00, 0x00, 0x00, 0x00, 0x06, 0x0A, 0x00, 0x00, 0x00,
    0x00, 0x00, 0x0C, 0x08, 0x00, 0x00, 0x00, 0x00, 0x00, 0x00, 0x00, 0x00, 0x03, 0x04, 0x09, 0x09, 0x00, 0x00, 0x00, 0x00, 0x00, 0x00, 0x00, 0x00,
    0x0D, 0x09, 0x00, 0x00, 0x00, 0x00, 0x00, 0x00, 0x0C, 0x0C, 0x0C, 0x0C, 0x0C, 0x0C, 0x00, 0x00, 0x00, 0x00, 0x00, 0x00, 0x00, 0x00, 0x00, 0x00,
    0x00, 0x00, 0x00, 0x00, 0x08, 0x08, 0x08, 0x00, 0x00, 0x00, 0x00, 0x00, 0x00, 0x00, 0x04, 0x04, 0x09, 0x00, 0x00, 0x00, 0x00, 0x00, 0x00, 0x00,
    0x0A, 0x00, 0x00, 0x00, 0x00, 0x00, 0x0C, 0x08, 0x00, 0x00, 0x00, 0x00, 0x00, 0x00, 0x00, 0x00, 0x00, 0x04, 0x04, 0x09, 0x09, 0x00, 0x00, 0x00,
    0x00, 0x00, 0x00, 0x00, 0x0D, 0x0A, 0x00, 0x00, 0x00, 0x00, 0x00, 0x00, 0x0C, 0x0C, 0x0C, 0x00, 0x00, 0x00, 0x00, 0x00, 0x00, 0x00, 0x00, 0x00,
    0x00, 0x00, 0x00, 0x00, 0x00, 0x00, 0x00, 0x00, 0x00, 0x08, 0x08, 0x08, 0x00, 0x00, 0x00, 0x00, 0x00, 0x00, 0x00, 0x04, 0x09, 0x09, 0x00, 0x00,
    0x00, 0x00, 0x00, 0x00, 0x00, 0x00, 0x00, 0x00, 0x00, 0x00, 0x0C, 0x08, 0x00, 0x00, 0x00, 0x00, 0x00, 0x00, 0x00, 0x00, 0x00, 0x00, 0x04, 0x05,
    0x09, 0x00, 0x00, 0x00, 0x00, 0x00, 0x00, 0x00, 0x0D, 0x0A, 0x00, 0x00, 0x00, 0x00, 0x00, 0x00, 0x0C, 0x0C, 0x00, 0x00, 0x00, 0x00, 0x00, 0x00,
    0x00, 0x00, 0x00, 0x00, 0x00, 0x00, 0x00, 0x00, 0x00, 0x00, 0x00, 0x00, 0x00, 0x00, 0x08, 0x08, 0x08, 0x00, 0x00, 0x00, 0x00, 0x00, 0x00, 0x04,
    0x04, 0x09, 0x09, 0x00, 0x00, 0x00, 0x00, 0x00, 0x00, 0x00, 0x00, 0x00, 0x00, 0x00, 0x0C, 0x09, 0x00, 0x00, 0x00, 0x00, 0x00, 0x00, 0x00, 0x00,
    0x00, 0x00, 0x00, 0x04, 0x0A, 0x0A, 0x00, 0x00, 0x00, 0x00, 0x00, 0x00, 0x0D, 0x0A, 0x00, 0x00, 0x00, 0x00, 0x00, 0x00, 0x0C, 0x0C, 0x00, 0x00,
    0x00, 0x00, 0x00, 0x00, 0x00, 0x00, 0x00, 0x00, 0x00, 0x00, 0x00, 0x00, 0x00, 0x00, 0x00, 0x00, 0x00, 0x00, 0x00, 0x08, 0x08, 0x09, 0x00, 0x00,
    0x00, 0x00, 0x00, 0x00, 0x04, 0x04, 0x09, 0x09, 0x00, 0x00, 0x00, 0x00, 0x00, 0x00, 0x00, 0x00, 0x00, 0x00, 0x0D, 0x09, 0x00, 0x00, 0x00, 0x00,
    0x00, 0x00, 0x00, 0x00, 0x00, 0x00, 0x00, 0x05, 0x05, 0x0A, 0x0A, 0x00, 0x00, 0x00, 0x00, 0x00, 0x0D, 0x0A, 0x00, 0x00, 0x00, 0x00, 0x00, 0x00,
    0x0C, 0x0C, 0x00, 0x00, 0x00, 0x00, 0x00, 0x00, 0x00, 0x00, 0x00, 0x00, 0x00, 0x00, 0x00, 0x00, 0x00, 0x00, 0x00, 0x00, 0x00, 0x00, 0x00, 0x08,
    0x08, 0x08, 0x00, 0x00, 0x00, 0x00, 0x00, 0x00, 0x00, 0x04, 0x04, 0x09, 0x00, 0x00, 0x00, 0x00, 0x00, 0x00, 0x00, 0x00, 0x00, 0x00, 0x0D, 0x09,
    0x00, 0x00, 0x00, 0x00, 0x00, 0x00, 0x00, 0x00, 0x00, 0x00, 0x00, 0x00, 0x06, 0x06, 0x0A, 0x0A, 0x00, 0x00, 0x0D, 0x0D, 0x0D, 0x0A, 0x00, 0x00,
    0x00, 0x00, 0x00, 0x00, 0x0C, 0x0D, 0x00, 0x00, 0x00, 0x00, 0x00, 0x00, 0x00, 0x00, 0x00, 0x00, 0x00, 0x00, 0x00, 0x00, 0x00, 0x00, 0x00, 0x00,
    0x00, 0x00, 0x00, 0x00, 0x08, 0x09, 0x08, 0x00, 0x00, 0x00, 0x00, 0x00, 0x00, 0x00, 0x04, 0x09, 0x09, 0x00, 0x00, 0x00, 0x00, 0x00, 0x00, 0x00,
    0x00, 0x00, 0x0D, 0x09, 0x00, 0x00, 0x00, 0x00, 0x00, 0x00, 0x00, 0x00, 0x00, 0x00, 0x00, 0x00, 0x00, 0x06, 0x06, 0x0A, 0x0D, 0x0D, 0x0D, 0x04,
    0x05, 0x06, 0x00, 0x00, 0x00, 0x00, 0x00, 0x00, 0x0D, 0x0D, 0x00, 0x00, 0x00, 0x00, 0x00, 0x00, 0x00, 0x00, 0x00, 0x00, 0x00, 0x00, 0x00, 0x00,
    0x00, 0x00, 0x00, 0x00, 0x00, 0x00, 0x00, 0x00, 0x00, 0x09, 0x09, 0x09, 0x00, 0x00, 0x00, 0x00, 0x00, 0x00, 0x05, 0x05, 0x0A, 0x0A, 0x00, 0x00,
    0x00, 0x00, 0x00, 0x00, 0x00, 0x00, 0x0D, 0x09, 0x00, 0x00, 0x00, 0x00, 0x00, 0x00, 0x0B, 0x00, 0x00, 0x00, 0x00, 0x00, 0x00, 0x00, 0x06, 0x0E,
    0x01, 0x02, 0x03, 0x04, 0x00, 0x00, 0x00, 0x00, 0x00, 0x00, 0x00, 0x00, 0x0D, 0x0D, 0x00, 0x00, 0x00, 0x00, 0x00, 0x00, 0x00, 0x00, 0x00, 0x00,
    0x00, 0x00, 0x00, 0x00, 0x00, 0x00, 0x00, 0x00, 0x00, 0x00, 0x00, 0x00, 0x00, 0x00, 0x09, 0x09, 0x09, 0x00, 0x00, 0x00, 0x00, 0x00, 0x00, 0x05,
    0x05, 0x0A, 0x0A, 0x00, 0x00, 0x00, 0x00, 0x00, 0x00, 0x00, 0x0D, 0x0A, 0x00, 0x00, 0x00, 0x00, 0x00, 0x00, 0x0B, 0x07, 0x00, 0x00, 0x00, 0x00,
    0x00, 0x00, 0x00, 0x0E, 0x01, 0x00, 0x00, 0x00, 0x00, 0x00, 0x00, 0x00, 0x00, 0x00, 0x00, 0x00, 0x0D, 0x0D, 0x00, 0x00, 0x00, 0x00, 0x00, 0x00,
    0x00, 0x00, 0x00, 0x00, 0x00, 0x00, 0x00, 0x00, 0x00, 0x00, 0x00, 0x00, 0x00, 0x00, 0x00, 0x00, 0x00, 0x00, 0x09, 0x09, 0x09, 0x00, 0x00, 0x00,
    0x00, 0x00, 0x00, 0x00, 0x05, 0x05, 0x0A, 0x00, 0x00, 0x00, 0x00, 0x00, 0x00, 0x00, 0x0D, 0x0A, 0x00, 0x00, 0x00, 0x00, 0x00, 0x00, 0x0B, 0x07,
    0x00, 0x00, 0x00, 0x00, 0x00, 0x00, 0x00, 0x00, 0x00, 0x00, 0x00, 0x00, 0x00, 0x00, 0x00, 0x00, 0x00, 0x00, 0x00, 0x00, 0x0D, 0x0D, 0x00, 0x00,
    0x00, 0x00, 0x00, 0x00, 0x00, 0x00, 0x00, 0x00, 0x00, 0x00, 0x00, 0x00, 0x00, 0x00, 0x00, 0x00, 0x00, 0x00, 0x00, 0x00, 0x00, 0x00, 0x00, 0x09,
    0x09, 0x09, 0x00, 0x00, 0x00, 0x00, 0x00, 0x00, 0x00, 0x06, 0x0A, 0x0A, 0x00, 0x00, 0x00, 0x00, 0x00, 0x00, 0x0D, 0x0A, 0x00, 0x00, 0x00, 0x00,
    0x00, 0x00, 0x0B, 0x07, 0x08, 0x00, 0x00, 0x00, 0x00, 0x00, 0x00, 0x00, 0x00, 0x00, 0x00, 0x00, 0x00, 0x00, 0x00, 0x00, 0x00, 0x00, 0x00, 0x00,
    0x0D, 0x0D, 0x00, 0x00, 0x00, 0x00, 0x00, 0x00, 0x00, 0x00, 0x00, 0x00, 0x00, 0x00, 0x00, 0x00, 0x00, 0x00, 0x00, 0x00, 0x00, 0x00, 0x00, 0x00,
    0x00, 0x00, 0x00, 0x00, 0x09, 0x09, 0x09, 0x00, 0x00, 0x00, 0x00, 0x00, 0x00, 0x06, 0x06, 0x0A, 0x0A, 0x00, 0x00, 0x00, 0x00, 0x00, 0x0D, 0x0A,
    0x00, 0x00, 0x00, 0x00, 0x00, 0x00, 0x0B, 0x08, 0x08, 0x08, 0x00, 0x00, 0x00, 0x00, 0x00, 0x00, 0x00, 0x00, 0x00, 0x00, 0x00, 0x00, 0x00, 0x00,
    0x00, 0x00, 0x00, 0x00, 0x0D, 0x0D, 0x00, 0x00, 0x00, 0x00, 0x00, 0x00, 0x00, 0x00, 0x00, 0x00, 0x00, 0x00, 0x00, 0x00, 0x00, 0x00, 0x00, 0x00,
    0x00, 0x00, 0x00, 0x00, 0x00, 0x00, 0x00, 0x00, 0x00, 0x09, 0x09, 0x00, 0x00, 0x00, 0x00, 0x00, 0x00, 0x00, 0x06, 0x06, 0x0A, 0x0A, 0x00, 0x0D,
    0x0D, 0x0D, 0x0D, 0x0A, 0x00, 0x00, 0x00, 0x00, 0x00, 0x00, 0x0B, 0x0B, 0x08, 0x08, 0x00, 0x00, 0x00, 0x00, 0x00, 0x00, 0x00, 0x00, 0x00, 0x00,
    0x00, 0x00, 0x00, 0x00, 0x00, 0x00, 0x00, 0x00, 0x0D, 0x0D, 0x00, 0x00, 0x00, 0x00, 0x00, 0x00, 0x00, 0x00, 0x00, 0x00, 0x00, 0x00, 0x00, 0x00,
    0x00, 0x00, 0x00, 0x00, 0x00, 0x00, 0x00, 0x00, 0x00, 0x00, 0x00, 0x00, 0x00, 0x09, 0x09, 0x09, 0x00, 0x00, 0x00, 0x00, 0x00, 0x00, 0x00, 0x06,
    0x06, 0x0A, 0x0D, 0x0D, 0x04, 0x05, 0x06, 0x0A, 0x00, 0x00, 0x00, 0x00, 0x00, 0x00, 0x0B, 0x0B, 0x08, 0x08, 0x09, 0x00, 0x00, 0x00, 0x00, 0x00,
    0x00, 0x00, 0x00, 0x00, 0x00, 0x00, 0x00, 0x00, 0x00, 0x00, 0x00, 0x00, 0x0D, 0x0D, 0x00, 0x00, 0x00, 0x00, 0x00, 0x00, 0x00, 0x00, 0x00, 0x00,
    0x00, 0x00, 0x00, 0x00, 0x00, 0x00, 0x00, 0x00, 0x00, 0x00, 0x00, 0x00, 0x00, 0x00, 0x00, 0x00, 0x00, 0x00, 0x09, 0x09, 0x09, 0x00, 0x00, 0x00,
    0x00, 0x00, 0x00, 0x00, 0x0E, 0x01, 0x02, 0x03, 0x04, 0x00, 0x00, 0x00, 0x00, 0x00, 0x00, 0x00, 0x00, 0x00, 0x0B, 0x0B, 0x00, 0x09, 0x09, 0x09,
    0x00, 0x00, 0x00, 0x00, 0x00, 0x00, 0x00, 0x00, 0x00, 0x00, 0x00, 0x00, 0x00, 0x00, 0x00, 0x00, 0x0D, 0x0D, 0x00, 0x00, 0x00, 0x00, 0x00, 0x00,
    0x00, 0x00, 0x00, 0x00, 0x00, 0x00, 0x00, 0x00, 0x00, 0x00, 0x00, 0x00, 0x00, 0x00, 0x00, 0x00, 0x00, 0x00, 0x00, 0x00, 0x00, 0x00, 0x00, 0x09,
    0x09, 0x09, 0x00, 0x00, 0x00, 0x00, 0x00, 0x00, 0x0E, 0x01, 0x00, 0x00, 0x00, 0x00, 0x00, 0x00, 0x00, 0x00, 0x00, 0x00, 0x00, 0x00, 0x0C, 0x0C,
    0x00, 0x00, 0x09, 0x09, 0x09, 0x00, 0x00, 0x00, 0x00, 0x00, 0x00, 0x00, 0x00, 0x00, 0x00, 0x00, 0x00, 0x00, 0x0D, 0x0D, 0x0D, 0x0D, 0x00, 0x00,
    0x00, 0x00, 0x00, 0x00, 0x00, 0x00, 0x00, 0x00, 0x00, 0x00, 0x00, 0x00, 0x00, 0x00, 0x00, 0x00, 0x00, 0x00, 0x00, 0x00, 0x00, 0x00, 0x00, 0x00,
    0x00, 0x00, 0x00, 0x00, 0x09, 0x0A, 0x00, 0x00, 0x00, 0x00, 0x00, 0x00, 0x00, 0x00, 0x00, 0x00, 0x00, 0x00, 0x00, 0x00, 0x00, 0x00, 0x00, 0x00,
    0x00, 0x00, 0x0C, 0x0C, 0x00, 0x00, 0x00, 0x09, 0x09, 0x00, 0x00, 0x00, 0x00, 0x00, 0x00, 0x00, 0x00, 0x00, 0x00, 0x0D, 0x0D, 0x0D, 0x0D, 0x0D,
    0x0D, 0x0D, 0x00, 0x00, 0x00, 0x00, 0x00, 0x00, 0x00, 0x00, 0x00, 0x00, 0x00, 0x00, 0x00, 0x00, 0x00, 0x00, 0x00, 0x00, 0x00, 0x00, 0x00, 0x00,
    0x00, 0x00, 0x00, 0x00, 0x00, 0x00, 0x00, 0x00, 0x0A, 0x0A, 0x0A, 0x00, 0x00, 0x00, 0x00, 0x00, 0x00, 0x00, 0x00, 0x00, 0x00, 0x00, 0x00, 0x00,
    0x00, 0x00, 0x00, 0x00, 0x00, 0x00, 0x0C, 0x0C, 0x00, 0x00, 0x00, 0x09, 0x0A, 0x0A, 0x00, 0x00, 0x00, 0x00, 0x00, 0x00, 0x0D, 0x0D, 0x0D, 0x0D,
    0x0D, 0x0D, 0x0D, 0x00, 0x00, 0x00, 0x00, 0x00, 0x00, 0x00, 0x00, 0x00, 0x00, 0x00, 0x00, 0x00, 0x00, 0x00, 0x00, 0x00, 0x00, 0x00, 0x00, 0x00,
    0x00, 0x00, 0x00, 0x00, 0x00, 0x00, 0x00, 0x00, 0x00, 0x00, 0x00, 0x00, 0x00, 0x0A, 0x0A, 0x0A, 0x00, 0x00, 0x00, 0x00, 0x00, 0x00, 0x00, 0x00,
    0x00, 0x00, 0x00, 0x00, 0x00, 0x00, 0x00, 0x00, 0x00, 0x00, 0x0C, 0x0C, 0x00, 0x00, 0x00, 0x00, 0x0A, 0x0A, 0x0A, 0x00, 0x00, 0x0D, 0x0D, 0x0D,
    0x0D, 0x0D, 0x0D, 0x0D, 0x00, 0x00, 0x00, 0x00, 0x00, 0x00, 0x00, 0x00, 0x00, 0x00, 0x00, 0x00, 0x00, 0x00, 0x00, 0x00, 0x00, 0x00, 0x00, 0x00,
    0x00, 0x00, 0x00, 0x00, 0x00, 0x00, 0x00, 0x00, 0x00, 0x00, 0x00, 0x00, 0x00, 0x00, 0x00, 0x00, 0x00, 0x00, 0x0A, 0x0A, 0x0A, 0x00, 0x00, 0x00,
    0x00, 0x00, 0x00, 0x00, 0x00, 0x00, 0x00, 0x00, 0x00, 0x00, 0x00, 0x00, 0x00, 0x00, 0x0D, 0x0D, 0x00, 0x00, 0x00, 0x00, 0x00, 0x0A, 0x0A, 0x0D,
    0x0D, 0x0D, 0x0D, 0x0D, 0x0D, 0x00, 0x00, 0x00, 0x00, 0x00, 0x00, 0x00, 0x00, 0x00, 0x00, 0x00, 0x00, 0x00, 0x00, 0x00, 0x00, 0x00, 0x00, 0x00,
    0x00, 0x00, 0x00, 0x00, 0x00, 0x00, 0x00, 0x00, 0x00, 0x00, 0x00, 0x00, 0x00, 0x00, 0x00, 0x00, 0x00, 0x00, 0x00, 0x00, 0x00, 0x00, 0x00, 0x0A,
    0x0A, 0x00, 0x00, 0x00, 0x00, 0x00, 0x00, 0x00, 0x00, 0x00, 0x00, 0x00, 0x00, 0x00, 0x00, 0x00, 0x00, 0x00, 0x0D, 0x0D, 0x00, 0x00, 0x00, 0x00,
    0x00, 0x00, 0x0A, 0x0D, 0x0D, 0x0D, 0x00, 0x00, 0x00, 0x00, 0x00, 0x00, 0x00, 0x00, 0x00, 0x00, 0x00, 0x00, 0x00, 0x00, 0x00, 0x00, 0x00, 0x00,
    0x00, 0x00, 0x00, 0x00, 0x00, 0x00, 0x00, 0x00, 0x00, 0x00, 0x00, 0x00, 0x00, 0x00, 0x00, 0x00, 0x00, 0x00, 0x00, 0x00, 0x00, 0x00, 0x00, 0x00,
    0x00, 0x00, 0x00, 0x0A, 0x0A, 0x0A, 0x00, 0x00, 0x00, 0x00, 0x00, 0x00, 0x00, 0x00, 0x00, 0x00, 0x00, 0x00, 0x00, 0x00, 0x00, 0x00, 0x0D, 0x0D,
    0x00, 0x00, 0x00, 0x00, 0x00, 0x00, 0x00, 0x00, 0x00, 0x00, 0x00, 0x00, 0x00, 0x00, 0x00, 0x00, 0x00, 0x00, 0x00, 0x00, 0x00, 0x00, 0x00, 0x00,
    0x00, 0x00, 0x00, 0x00, 0x00, 0x00, 0x00, 0x00, 0x00, 0x00, 0x00, 0x00, 0x00, 0x00, 0x00, 0x00, 0x00, 0x00, 0x00, 0x00, 0x00, 0x00, 0x00, 0x00,
    0x00, 0x00, 0x00, 0x00, 0x00, 0x00, 0x00, 0x00, 0x0A, 0x0A, 0x0A, 0x00, 0x00, 0x00, 0x00, 0x00, 0x00, 0x00, 0x00, 0x00, 0x00, 0x00, 0x00, 0x00,
    0x00, 0x0D, 0x0D, 0x0D, 0x00, 0x00, 0x00, 0x00, 0x00, 0x00, 0x00, 0x00, 0x00, 0x00, 0x00, 0x00, 0x00, 0x00, 0x00, 0x00, 0x00, 0x00, 0x00, 0x00,
    0x00, 0x00, 0x00, 0x00, 0x00, 0x00, 0x00, 0x00, 0x00, 0x00, 0x00, 0x00, 0x00, 0x00, 0x00, 0x00, 0x00, 0x00, 0x00, 0x00, 0x00, 0x00, 0x00, 0x00,
    0x00, 0x00, 0x00, 0x00, 0x00, 0x00, 0x00, 0x00, 0x00, 0x00, 0x00, 0x00, 0x00, 0x0A, 0x0A, 0x0A, 0x00, 0x00, 0x00, 0x00, 0x00, 0x00, 0x00, 0x00,
    0x00, 0x00, 0x0D, 0x0D, 0x0D, 0x0D, 0x0D, 0x0D, 0x00, 0x00, 0x00, 0x00, 0x00, 0x00, 0x00, 0x00, 0x00, 0x00, 0x00, 0x00, 0x00, 0x00, 0x00, 0x00,
    0x00, 0x00, 0x00, 0x00, 0x00, 0x00, 0x00, 0x00, 0x00, 0x00, 0x00, 0x00, 0x00, 0x00, 0x00, 0x00, 0x00, 0x00, 0x00, 0x00, 0x00, 0x00, 0x00, 0x00,
    0x00, 0x00, 0x00, 0x00, 0x00, 0x00, 0x00, 0x00, 0x00, 0x00, 0x00, 0x00, 0x00, 0x00, 0x00, 0x00, 0x00, 0x00, 0x0A, 0x0A, 0x00, 0x00, 0x00, 0x00,
    0x00, 0x00, 0x00, 0x0D, 0x0D, 0x0D, 0x0D, 0x0D, 0x0D, 0x00, 0x00, 0x00, 0x00, 0x00, 0x00, 0x00, 0x00, 0x00, 0x00, 0x00, 0x00, 0x00, 0x00, 0x00,
    0x00, 0x00, 0x00, 0x00, 0x00, 0x00, 0x00, 0x00, 0x00, 0x00, 0x00, 0x00, 0x00, 0x00, 0x00, 0x00, 0x00, 0x00, 0x00, 0x00, 0x00, 0x00, 0x00, 0x00,
    0x00, 0x00, 0x00, 0x00, 0x00, 0x00, 0x00, 0x00, 0x00, 0x00, 0x00, 0x00, 0x00, 0x00, 0x00, 0x00, 0x00, 0x00, 0x00, 0x00, 0x00, 0x00, 0x0A, 0x0A,
    0x0A, 0x00, 0x00, 0x00, 0x0D, 0x0D, 0x0D, 0x0D, 0x0D, 0x0D, 0x00, 0x00, 0x00, 0x00, 0x00, 0x00, 0x00, 0x00, 0x00, 0x00, 0x00, 0x00, 0x00, 0x00,
    0x00, 0x00, 0x00, 0x00, 0x00, 0x00, 0x00, 0x00, 0x00, 0x00, 0x00, 0x00, 0x00, 0x00, 0x00, 0x00, 0x00, 0x00, 0x00, 0x00, 0x00, 0x00, 0x00, 0x00,
    0x00, 0x00, 0x00, 0x00, 0x00, 0x00, 0x00, 0x00, 0x00, 0x00, 0x00, 0x00, 0x00, 0x00, 0x00, 0x00, 0x00, 0x00, 0x00, 0x00, 0x00, 0x00, 0x00, 0x00,
    0x00, 0x00, 0x00, 0x0A, 0x0A, 0x0D, 0x0D, 0x0D, 0x0D, 0x0D, 0x0D, 0x00, 0x00, 0x00, 0x00, 0x00, 0x00, 0x00, 0x00, 0x00, 0x00, 0x00, 0x00, 0x00,
    0x00, 0x00, 0x00, 0x00, 0x00, 0x00, 0x00, 0x00, 0x00, 0x00, 0x00, 0x00, 0x00, 0x00, 0x00, 0x00, 0x00, 0x00, 0x00, 0x00, 0x00, 0x00, 0x00, 0x00,
    0x00, 0x00, 0x00, 0x00, 0x00, 0x00, 0x00, 0x00, 0x00, 0x00, 0x00, 0x00, 0x00, 0x00, 0x00, 0x00, 0x00, 0x00, 0x00, 0x00, 0x00, 0x00, 0x00, 0x00,
    0x00, 0x00, 0x00, 0x00, 0x00, 0x00, 0x00, 0x00, 0x0A, 0x0D, 0x0D, 0x0D, 0x00, 0x00, 0x00, 0x00, 0x00, 0x00, 0x00, 0x00, 0x00, 0x00, 0x00, 0x00,
    0x00, 0x00, 0x00, 0x00, 0x00, 0x00, 0x00, 0x00, 0x00, 0x00, 0x00, 0x00, 0x00, 0x00, 0x00, 0x00, 0x00, 0x00, 0x00, 0x00, 0x00, 0x00, 0x00, 0x00,
    0x00, 0x00, 0x00, 0x00, 0x00, 0x00, 0x00, 0x00,
};

static const uint8_t px_wm_select_main_h2_043b952a[] __attribute__((aligned(8))) = {
    0x0F, 0x01, 0x02, 0x02, 0x02, 0x02, 0x02, 0x03, 0x02, 0x03, 0x02, 0x02, 0x03, 0x02, 0x03, 0x05, 0x05, 0x05, 0x0B, 0x09, 0x03, 0x03, 0x03, 0x03,
    0x03, 0x03, 0x05, 0x05, 0x05, 0x05, 0x09, 0x05, 0x05, 0x03, 0x03, 0x03, 0x02, 0x02, 0x01, 0x01, 0x02, 0x02, 0x05, 0x02, 0x02, 0x01, 0x02, 0x03,
    0x03, 0x02, 0x02, 0x02, 0x02, 0x03, 0x03, 0x03, 0x05, 0x03, 0x03, 0x03, 0x03, 0x03, 0x05, 0x05, 0x03, 0x03, 0x03, 0x03, 0x03, 0x03, 0x05, 0x03,
    0x05, 0x03, 0x03, 0x03, 0x05, 0x05, 0x03, 0x03, 0x03, 0x03, 0x03, 0x03, 0x02, 0x05, 0x05, 0x09, 0x05, 0x05, 0x05, 0x05, 0x05, 0x05, 0x05, 0x03,
    0x05, 0x05, 0x09, 0x05, 0x05, 0x03, 0x03, 0x03, 0x05, 0x05, 0x05, 0x05, 0x05, 0x03, 0x05, 0x05, 0x03, 0x03, 0x05, 0x03, 0x05, 0x05, 0x05, 0x05,
    0x05, 0x09, 0x05, 0x09, 0x05, 0x05, 0x05, 0x05, 0x05, 0x05, 0x05, 0x05, 0x05, 0x05, 0x05, 0x05, 0x03, 0x05, 0x05, 0x05, 0x03, 0x05, 0x03, 0x05,
    0x05, 0x03, 0x03, 0x03, 0x02, 0x03, 0x03, 0x03, 0x03, 0x03, 0x03, 0x03, 0x03, 0x02, 0x01, 0x02, 0x02, 0x02, 0x03, 0x03, 0x03, 0x02, 0x02, 0x02,
    0x03, 0x03, 0x05, 0x03, 0x05, 0x03, 0x05, 0x03, 0x02, 0x05, 0x03, 0x05, 0x05, 0x03, 0x05, 0x03, 0x05, 0x03, 0x05, 0x03, 0x05, 0x03, 0x05, 0x03,
    0x05, 0x03, 0x05, 0x03, 0x05, 0x05, 0x05, 0x05, 0x02, 0x02, 0x03, 0x05, 0x0E, 0x0D, 0x0D, 0x0D, 0x0D, 0x0B, 0x0D, 0x0B, 0x0B, 0x0D, 0x0B, 0x0B,
    0x0E, 0x0E, 0x0B, 0x0B, 0x0F, 0x0A, 0x0F, 0x0E, 0x0E, 0x0D, 0x0D, 0x0D, 0x0A, 0x0D, 0x0D, 0x0D, 0x0F, 0x0F, 0x0A, 0x0F, 0x0C, 0x0C, 0x0D, 0x0D,
    0x0D, 0x0E, 0x0B, 0x05, 0x0C, 0x0D, 0x0F, 0x0A, 0x0C, 0x0C, 0x0B, 0x0D, 0x0E, 0x0F, 0x0D, 0x0C, 0x0B, 0x0B, 0x0D, 0x0E, 0x11, 0x11, 0x10, 0x0A,
    0x0A, 0x0A, 0x0F, 0x0A, 0x0F, 0x0D, 0x0F, 0x0F, 0x0F, 0x0D, 0x0A, 0x0A, 0x11, 0x0A, 0x0F, 0x0A, 0x0A, 0x0F, 0x0F, 0x0F, 0x0E, 0x0F, 0x0E, 0x0A,
    0x0F, 0x0F, 0x0E, 0x0F, 0x0F, 0x0F, 0x0F, 0x0A, 0x0A, 0x0F, 0x0A, 0x0F, 0x11, 0x0A, 0x0A, 0x0A, 0x0A, 0x0F, 0x0F, 0x0F, 0x0F, 0x0E, 0x0F, 0x0F,
    0x0F, 0x0A, 0x0F, 0x0D, 0x0D, 0x0D, 0x0E, 0x0E, 0x0A, 0x10, 0x10, 0x11, 0x10, 0x10, 0x13, 0x14, 0x12, 0x13, 0x11, 0x0F, 0x0F, 0x0A, 0x11, 0x10,
    0x10, 0x10, 0x11, 0x0A, 0x10, 0x11, 0x13, 0x13, 0x10, 0x0A, 0x11, 0x0A, 0x10, 0x11, 0x0F, 0x0D, 0x0E, 0x0F, 0x11, 0x10, 0x11, 0x0A, 0x0F, 0x11,
    0x10, 0x0A, 0x0A, 0x0E, 0x0A, 0x0A, 0x10, 0x11, 0x0A, 0x0E, 0x0F, 0x0A, 0x10, 0x11, 0x0A, 0x0F, 0x0F, 0x0F, 0x0A, 0x0A, 0x0E, 0x0F, 0x0A, 0x0F,
    0x0E, 0x0A, 0x0A, 0x0A, 0x11, 0x11, 0x13, 0x13, 0x13, 0x10, 0x0F, 0x11, 0x0A, 0x0A, 0x0A, 0x0A, 0x11, 0x10, 0x10, 0x10, 0x11, 0x0F, 0x0A, 0x11,
    0x0E, 0x0E, 0x0D, 0x0D, 0x0D, 0x0D, 0x0D, 0x0F, 0x0F, 0x0B, 0x0B, 0x0D, 0x0D, 0x0A, 0x0D, 0x0C, 0x0D, 0x0E, 0x0F, 0x0A, 0x0E, 0x0D, 0x0E, 0x0E,
    0x0D, 0x0C, 0x0D, 0x0D, 0x0D, 0x0D, 0x0F, 0x0D, 0x0D, 0x0B, 0x0B, 0x0D, 0x0F, 0x0F, 0x0D, 0x0D, 0x0C, 0x0E, 0x0C, 0x0F, 0x0D, 0x0B, 0x0D, 0x0F,
    0x0F, 0x0F, 0x0F, 0x0D, 0x0D, 0x0F, 0x0A, 0x11, 0x11, 0x0A, 0x0F, 0x0F, 0x0A, 0x0A, 0x0A, 0x0F, 0x0D, 0x0D, 0x0D, 0x0A, 0x0D, 0x0A, 0x0A, 0x0F,
    0x0A, 0x0F, 0x0A, 0x0F, 0x0D, 0x0F, 0x0A, 0x11, 0x11, 0x0F, 0x0D, 0x0F, 0x0F, 0x0E, 0x0E, 0x0E, 0x0F, 0x0F, 0x0F, 0x0F, 0x0F, 0x0E, 0x0F, 0x0F,
    0x0E, 0x0E, 0x0D, 0x0D, 0x0D, 0x0D, 0x0E, 0x0F, 0x0A, 0x0A, 0x0E, 0x0D, 0x0E, 0x0D, 0x0E, 0x0F, 0x0D, 0x0D, 0x0D, 0x0E, 0x0A, 0x10, 0x10, 0x11,
    0x0F, 0x0A, 0x0A, 0x0A, 0x11, 0x11, 0x10, 0x10, 0x11, 0x0A, 0x0A, 0x0A, 0x10, 0x12, 0x13, 0x11, 0x0D, 0x0E, 0x0A, 0x0A, 0x11, 0x11, 0x0F, 0x11,
    0x10, 0x10, 0x0F, 0x0D, 0x0D, 0x0F, 0x0F, 0x0A, 0x0F, 0x0F, 0x0A, 0x0A, 0x0F, 0x0A, 0x0A, 0x0A, 0x0D, 0x0A, 0x0E, 0x0A, 0x0E, 0x0E, 0x0F, 0x0A,
    0x0F, 0x0F, 0x0F, 0x0F, 0x0E, 0x0D, 0x0C, 0x0C, 0x0C, 0x0F, 0x0F, 0x0F, 0x0F, 0x0F, 0x0F, 0x0E, 0x0E, 0x0F, 0x0A, 0x0F, 0x0F, 0x0E, 0x0F, 0x0A,
    0x0A, 0x0F, 0x0F, 0x0A, 0x11, 0x0A, 0x0A, 0x0A, 0x0F, 0x0A, 0x0A, 0x11, 0x0F, 0x0F, 0x0E, 0x0E, 0x0D, 0x0B, 0x0E, 0x0B, 0x0A, 0x11, 0x0D, 0x0D,
    0x0F, 0x11, 0x0A, 0x0D, 0x0D, 0x0D, 0x0D, 0x0D, 0x0D, 0x0D, 0x0D, 0x0D, 0x0D, 0x0C, 0x0D, 0x0C, 0x0B, 0x0C, 0x0D, 0x0E, 0x0E, 0x0E, 0x0C, 0x0B,
    0x0C, 0x0E, 0x0D, 0x0D, 0x0D, 0x0D, 0x0B, 0x09, 0x0D, 0x0E, 0x0D, 0x0D, 0x0E, 0x0D, 0x0D, 0x0D, 0x0D, 0x0F, 0x0F, 0x0F, 0x0F, 0x0A, 0x0A, 0x0A,
    0x0A, 0x0A, 0x0A, 0x0E, 0x0E, 0x0E, 0x0A, 0x0F, 0x0F, 0x0F, 0x0F, 0x0A, 0x11, 0x10, 0x0A, 0x0F, 0x0A, 0x0F, 0x0F, 0x0F, 0x0F, 0x0E, 0x0E, 0x0D,
    0x0E, 0x0A, 0x0F, 0x11, 0x0F, 0x0E, 0x0F, 0x0F, 0x0E, 0x0D, 0x0F, 0x0E, 0x0E, 0x0D, 0x09, 0x0B, 0x0C, 0x0C, 0x0D, 0x0D, 0x0E, 0x0F, 0x0E, 0x0E,
    0x0B, 0x0C, 0x0C, 0x0C, 0x0D, 0x0D, 0x0C, 0x0E, 0x11, 0x0A, 0x11, 0x0A, 0x0F, 0x0A, 0x0A, 0x0A, 0x0F, 0x11, 0x11, 0x0A, 0x11, 0x0F, 0x0E, 0x0A,
    0x10, 0x12, 0x13, 0x10, 0x0A, 0x0A, 0x0E, 0x0E, 0x0A, 0x11, 0x0A, 0x0D, 0x0F, 0x11, 0x10, 0x11, 0x10, 0x0F, 0x0F, 0x0E, 0x0E, 0x0E, 0x0D, 0x0E,
    0x0E, 0x0E, 0x0F, 0x11, 0x11, 0x0A, 0x0E, 0x0F, 0x0D, 0x0F, 0x0F, 0x0A, 0x0F, 0x0E, 0x0F, 0x0F, 0x0F, 0x0E, 0x0D, 0x0B, 0x0B, 0x0C, 0x0B, 0x0D,
    0x0F, 0x0A, 0x0F, 0x0E, 0x11, 0x0D, 0x0D, 0x0C, 0x0D, 0x0E, 0x0D, 0x0D, 0x0D, 0x0A, 0x0A, 0x11, 0x11, 0x10, 0x0A, 0x0A, 0x0F, 0x0F, 0x0A, 0x0E,
    0x0C, 0x0D, 0x0D, 0x0D, 0x0C, 0x0D, 0x0D, 0x0E, 0x0E, 0x0D, 0x0E, 0x0E, 0x0F, 0x0F, 0x0E, 0x0D, 0x0D, 0x0E, 0x0D, 0x0B, 0x0E, 0x0D, 0x0C, 0x0C,
    0x0B, 0x0C, 0x0C, 0x0C, 0x0C, 0x0D, 0x0C, 0x0B, 0x0D, 0x0E, 0x0D, 0x0D, 0x0C, 0x0C, 0x0A, 0x11, 0x11, 0x0E, 0x0D, 0x0D, 0x0E, 0x0A, 0x0F, 0x0D,
    0x0E, 0x0C, 0x0C, 0x0D, 0x0E, 0x0C, 0x0B, 0x0D, 0x0F, 0x0F, 0x0A, 0x11, 0x0A, 0x0A, 0x0A, 0x0A, 0x0A, 0x0A, 0x0F, 0x0F, 0x11, 0x0A, 0x11, 0x11,
    0x11, 0x11, 0x0A, 0x0F, 0x0E, 0x0D, 0x0E, 0x0E, 0x0E, 0x0E, 0x0D, 0x0E, 0x0D, 0x0D, 0x0D, 0x0D, 0x0E, 0x0F, 0x0F, 0x0F, 0x0E, 0x0F, 0x0F, 0x0F,
    0x0F, 0x0A, 0x0A, 0x0D, 0x0C, 0x0C, 0x0D, 0x0D, 0x0A, 0x0A, 0x11, 0x0D, 0x0A, 0x0D, 0x0D, 0x0D, 0x0C, 0x0D, 0x0E, 0x0A, 0x0E, 0x0F, 0x0F, 0x0A,
    0x0A, 0x0F, 0x0F, 0x0F, 0x0A, 0x11, 0x0F, 0x11, 0x0A, 0x0F, 0x0F, 0x0F, 0x11, 0x11, 0x10, 0x10, 0x13, 0x13, 0x0A, 0x0D, 0x0F, 0x0A, 0x11, 0x10,
    0x0F, 0x0E, 0x0E, 0x0A, 0x11, 0x0F, 0x0E, 0x0E, 0x0F, 0x0A, 0x10, 0x0F, 0x0C, 0x0B, 0x09, 0x0D, 0x0E, 0x0F, 0x0E, 0x0E, 0x0E, 0x0E, 0x0A, 0x0A,
    0x0A, 0x0D, 0x0D, 0x0E, 0x0A, 0x0F, 0x0E, 0x0F, 0x0F, 0x0F, 0x0A, 0x0C, 0x0D, 0x0D, 0x11, 0x11, 0x10, 0x13, 0x11, 0x0A, 0x0A, 0x0E, 0x0D, 0x0C,
    0x09, 0x0B, 0x0F, 0x0F, 0x0F, 0x0F, 0x0F, 0x0A, 0x0F, 0x0F, 0x0F, 0x0F, 0x0D, 0x0D, 0x0D, 0x0F, 0x0E, 0x0C, 0x0D, 0x05, 0x0D, 0x0A, 0x0F, 0x0D,
    0x0A, 0x0E, 0x0E, 0x0E, 0x0A, 0x0E, 0x0D, 0x0C, 0x0C, 0x0C, 0x0D, 0x0E, 0x0D, 0x0D, 0x0D, 0x0B, 0x0E, 0x0D, 0x0D, 0x0E, 0x0D, 0x0E, 0x0D, 0x0A,
    0x0F, 0x0F, 0x0F, 0x0E, 0x0A, 0x11, 0x0F, 0x0F, 0x0A, 0x0F, 0x0A, 0x11, 0x0F, 0x0E, 0x0C, 0x0B, 0x0D, 0x0D, 0x0D, 0x0B, 0x0B, 0x0F, 0x0A, 0x11,
    0x0A, 0x10, 0x11, 0x13, 0x0A, 0x0A, 0x0F, 0x0F, 0x0A, 0x0A, 0x0F, 0x0A, 0x0A, 0x0A, 0x0A, 0x0A, 0x0A, 0x0F, 0x0D, 0x0D, 0x0C, 0x0C, 0x0D, 0x0C,
    0x0E, 0x0B, 0x0D, 0x0D, 0x0D, 0x0A, 0x10, 0x10, 0x10, 0x11, 0x0A, 0x0F, 0x0E, 0x0D, 0x0D, 0x0F, 0x0A, 0x0E, 0x0D, 0x0C, 0x0A, 0x0A, 0x11, 0x0F,
    0x0E, 0x0D, 0x0D, 0x0D, 0x0D, 0x0E, 0x0E, 0x0E, 0x0A, 0x0F, 0x0F, 0x0E, 0x0F, 0x0B, 0x0E, 0x0C, 0x11, 0x0A, 0x13, 0x10, 0x11, 0x0A, 0x0A, 0x0A,
    0x0A, 0x0A, 0x11, 0x11, 0x13, 0x10, 0x0A, 0x0A, 0x0A, 0x0A, 0x0F, 0x11, 0x0A, 0x0C, 0x0D, 0x0F, 0x0E, 0x0E, 0x0D, 0x0D, 0x0F, 0x11, 0x11, 0x0E,
    0x0F, 0x0E, 0x0B, 0x03, 0x05, 0x0B, 0x0C, 0x0C, 0x0D, 0x0F, 0x0F, 0x0F, 0x11, 0x10, 0x11, 0x0F, 0x0E, 0x0E, 0x0D, 0x0F, 0x11, 0x11, 0x0A, 0x0F,
    0x0D, 0x0D, 0x0E, 0x0A, 0x0A, 0x0A, 0x11, 0x0A, 0x0F, 0x0F, 0x0E, 0x0E, 0x11, 0x0F, 0x0A, 0x0E, 0x0D, 0x0C, 0x0C, 0x0E, 0x11, 0x0D, 0x0D, 0x0E,
    0x0C, 0x0B, 0x0B, 0x0C, 0x0D, 0x0D, 0x0D, 0x0B, 0x0B, 0x0B, 0x0E, 0x0B, 0x0A, 0x0D, 0x0E, 0x0E, 0x0F, 0x0D, 0x0D, 0x0D, 0x0D, 0x0C, 0x0C, 0x0D,
    0x0D, 0x0C, 0x0C, 0x0D, 0x0D, 0x0D, 0x0D, 0x0D, 0x0E, 0x0E, 0x0E, 0x0E, 0x0F, 0x0D, 0x0D, 0x0E, 0x0F, 0x0F, 0x11, 0x0A, 0x0D, 0x0F, 0x0F, 0x0F,
    0x0A, 0x0D, 0x0D, 0x0C, 0x0C, 0x0E, 0x0C, 0x0B, 0x0C, 0x0E, 0x0E, 0x0D, 0x0A, 0x0A, 0x0A, 0x11, 0x0A, 0x0A, 0x0E, 0x0A, 0x0A, 0x0F, 0x0D, 0x0C,
    0x0C, 0x0B, 0x0D, 0x0E, 0x0E, 0x0D, 0x0F, 0x0E, 0x0D, 0x0D, 0x0D, 0x0D, 0x0C, 0x0C, 0x0C, 0x0B, 0x0C, 0x0D, 0x0E, 0x0E, 0x0E, 0x0E, 0x0E, 0x0D,
    0x0A, 0x0F, 0x0E, 0x0F, 0x11, 0x0F, 0x0E, 0x0F, 0x11, 0x0A, 0x0A, 0x0F, 0x0F, 0x0D, 0x0D, 0x0D, 0x0E, 0x0D, 0x0D, 0x0E, 0x0E, 0x0A, 0x0F, 0x0E,
    0x0E, 0x0F, 0x0F, 0x0E, 0x0A, 0x0E, 0x0F, 0x11, 0x0F, 0x0F, 0x0F, 0x11, 0x11, 0x10, 0x10, 0x10, 0x10, 0x13, 0x11, 0x0F, 0x0F, 0x0F, 0x11, 0x13,
    0x0F, 0x0A, 0x11, 0x0D, 0x0F, 0x0E, 0x0D, 0x0C, 0x0D, 0x0E, 0x0E, 0x0E, 0x0C, 0x0D, 0x0E, 0x0D, 0x0C, 0x0D, 0x0B, 0x0D, 0x0E, 0x0F, 0x0F, 0x0F,
    0x11, 0x0F, 0x0F, 0x0A, 0x0A, 0x0E, 0x0F, 0x0F, 0x0A, 0x0F, 0x0A, 0x0F, 0x0F, 0x0D, 0x0D, 0x0E, 0x0F, 0x11, 0x10, 0x0A, 0x0E, 0x0D, 0x0F, 0x0A,
    0x0A, 0x0F, 0x0A, 0x0A, 0x0A, 0x0F, 0x0F, 0x0D, 0x0A, 0x0A, 0x11, 0x0D, 0x0C, 0x0B, 0x0D, 0x0D, 0x0D, 0x0E, 0x0B, 0x0D, 0x0B, 0x05, 0x0B, 0x0C,
    0x0B, 0x0B, 0x0C, 0x0D, 0x0E, 0x0E, 0x0C, 0x09, 0x0C, 0x0B, 0x0C, 0x0D, 0x0B, 0x0B, 0x0B, 0x0B, 0x0C, 0x05, 0x0D, 0x0D, 0x0C, 0x0F, 0x0F, 0x0F,
    0x0A, 0x11, 0x10, 0x11, 0x0F, 0x0D, 0x0E, 0x0D, 0x0D, 0x0D, 0x0B, 0x0F, 0x0A, 0x0A, 0x0D, 0x0D, 0x0E, 0x0D, 0x0E, 0x0D, 0x0D, 0x0B, 0x0B, 0x0C,
    0x0E, 0x0E, 0x0A, 0x0F, 0x0A, 0x0A, 0x0A, 0x0C, 0x0E, 0x0E, 0x0E, 0x0D, 0x0F, 0x0A, 0x0F, 0x0F, 0x0F, 0x0D, 0x0D, 0x0C, 0x0C, 0x0C, 0x0D, 0x0F,
    0x0C, 0x03, 0x05, 0x05, 0x03, 0x09, 0x0B, 0x0C, 0x0F, 0x0A, 0x0A, 0x0A, 0x11, 0x0A, 0x0A, 0x0D, 0x0F, 0x0D, 0x0D, 0x0E, 0x0F, 0x0A, 0x11, 0x0F,
    0x11, 0x0F, 0x0F, 0x0E, 0x0D, 0x0D, 0x0D, 0x0E, 0x0E, 0x0E, 0x0E, 0x0F, 0x0E, 0x0D, 0x0E, 0x0C, 0x0D, 0x0C, 0x0B, 0x0E, 0x0F, 0x0A, 0x0F, 0x0F,
    0x0A, 0x11, 0x0A, 0x0A, 0x11, 0x13, 0x12, 0x0A, 0x11, 0x11, 0x0A, 0x0E, 0x11, 0x0A, 0x10, 0x11, 0x11, 0x11, 0x11, 0x0A, 0x0E, 0x0C, 0x0E, 0x0F,
    0x0F, 0x0A, 0x11, 0x10, 0x11, 0x0A, 0x0E, 0x0E, 0x0F, 0x0D, 0x0E, 0x0E, 0x0F, 0x11, 0x0A, 0x0E, 0x0E, 0x0D, 0x0E, 0x0F, 0x0F, 0x0E, 0x0F, 0x0A,
    0x11, 0x0F, 0x0D, 0x0E, 0x0E, 0x0F, 0x0A, 0x11, 0x0A, 0x0F, 0x0F, 0x0F, 0x0F, 0x0F, 0x0F, 0x0F, 0x0D, 0x0A, 0x0E, 0x0F, 0x0C, 0x0D, 0x0A, 0x0A,
    0x0B, 0x0C, 0x0E, 0x0F, 0x0D, 0x0D, 0x0B, 0x0B, 0x0E, 0x0B, 0x0D, 0x0D, 0x0B, 0x0C, 0x0B, 0x0D, 0x0D, 0x0F, 0x0E, 0x0D, 0x0E, 0x0C, 0x0B, 0x09,
    0x0D, 0x0D, 0x05, 0x0D, 0x0D, 0x03, 0x0B, 0x0F, 0x0A, 0x0A, 0x0F, 0x0F, 0x0D, 0x0D, 0x0E, 0x0E, 0x0F, 0x0F, 0x0D, 0x0B, 0x0B, 0x0C, 0x0D, 0x0D,
    0x0E, 0x0E, 0x0E, 0x0C, 0x0E, 0x0D, 0x0B, 0x05, 0x03, 0x0D, 0x11, 0x0F, 0x0E, 0x0D, 0x0E, 0x0A, 0x0F, 0x0B, 0x0D, 0x11, 0x0E, 0x0C, 0x0C, 0x0D,
    0x0F, 0x0F, 0x0E, 0x0E, 0x0D, 0x0B, 0x05, 0x0D, 0x05, 0x0D, 0x0E, 0x0A, 0x14, 0x13, 0x0E, 0x0B, 0x0D, 0x0C, 0x0B, 0x0B, 0x0B, 0x05, 0x0B, 0x0E,
    0x11, 0x0A, 0x0F, 0x0E, 0x0D, 0x0D, 0x0D, 0x0C, 0x0B, 0x0E, 0x0D, 0x0F, 0x0F, 0x10, 0x0A, 0x0F, 0x0E, 0x0F, 0x0D, 0x0D, 0x0E, 0x0E, 0x0F, 0x0E,
    0x0E, 0x0F, 0x0A, 0x10, 0x11, 0x0F, 0x0F, 0x0E, 0x0E, 0x0F, 0x0F, 0x0F, 0x0E, 0x0F, 0x0F, 0x0A, 0x0F, 0x11, 0x11, 0x13, 0x14, 0x11, 0x0F, 0x10,
    0x13, 0x10, 0x10, 0x0D, 0x0D, 0x0C, 0x0D, 0x0E, 0x0A, 0x0F, 0x0F, 0x0A, 0x10, 0x13, 0x11, 0x0D, 0x0D, 0x0D, 0x0D, 0x0D, 0x0D, 0x0F, 0x0F, 0x0F,
    0x0F, 0x0F, 0x0F, 0x0D, 0x0D, 0x0C, 0x0B, 0x0D, 0x0F, 0x0F, 0x11, 0x0F, 0x11, 0x0A, 0x0C, 0x0D, 0x0D, 0x0D, 0x0D, 0x0E, 0x11, 0x0A, 0x0A, 0x0F,
    0x0F, 0x0E, 0x0E, 0x0A, 0x11, 0x0F, 0x0F, 0x0A, 0x0F, 0x13, 0x10, 0x13, 0x09, 0x0B, 0x0C, 0x0D, 0x0C, 0x0C, 0x05, 0x0D, 0x0C, 0x0B, 0x05, 0x0D,
    0x0B, 0x0B, 0x0B, 0x0B, 0x0B, 0x0E, 0x0B, 0x0C, 0x0D, 0x0D, 0x0D, 0x0D, 0x0D, 0x0F, 0x0F, 0x0F, 0x03, 0x05, 0x0D, 0x0E, 0x11, 0x0F, 0x0E, 0x0E,
    0x0C, 0x0B, 0x0D, 0x0E, 0x0E, 0x0F, 0x0A, 0x11, 0x0A, 0x0E, 0x0B, 0x0B, 0x0C, 0x0F, 0x0D, 0x0F, 0x0D, 0x09, 0x0D, 0x0A, 0x0D, 0x05, 0x0B, 0x0F,
    0x0E, 0x0E, 0x0D, 0x0C, 0x0D, 0x0D, 0x0D, 0x0D, 0x0D, 0x0F, 0x0C, 0x11, 0x13, 0x0F, 0x0D, 0x0B, 0x0E, 0x0A, 0x0A, 0x0D, 0x0C, 0x0C, 0x0D, 0x0E,
    0x0A, 0x0A, 0x11, 0x0A, 0x0E, 0x0F, 0x0E, 0x0D, 0x0F, 0x0E, 0x0E, 0x0D, 0x0D, 0x0D, 0x0D, 0x0D, 0x0D, 0x0E, 0x0E, 0x11, 0x0D, 0x0B, 0x0E, 0x0E,
    0x0D, 0x0F, 0x0A, 0x0E, 0x0C, 0x0C, 0x0E, 0x0D, 0x0F, 0x0A, 0x0F, 0x0E, 0x0D, 0x0F, 0x0F, 0x0A, 0x0A, 0x0E, 0x0F, 0x0F, 0x0F, 0x0E, 0x0E, 0x0F,
    0x0F, 0x0E, 0x0E, 0x0E, 0x0C, 0x0B, 0x0F, 0x0E, 0x0F, 0x0F, 0x11, 0x10, 0x0A, 0x10, 0x12, 0x13, 0x0F, 0x0D, 0x0E, 0x0F, 0x0F, 0x0F, 0x0A, 0x0F,
    0x0F, 0x11, 0x0A, 0x0E, 0x0E, 0x0C, 0x0B, 0x0E, 0x0F, 0x0F, 0x0F, 0x0E, 0x09, 0x0B, 0x0B, 0x0D, 0x0D, 0x0F, 0x0E, 0x0C, 0x09, 0x0D, 0x0F, 0x0A,
    0x0F, 0x10, 0x11, 0x0F, 0x0F, 0x0F, 0x0E, 0x0C, 0x0D, 0x0A, 0x11, 0x11, 0x0C, 0x0E, 0x11, 0x0E, 0x0F, 0x11, 0x10, 0x0A, 0x0F, 0x0F, 0x11, 0x0F,
    0x0C, 0x0B, 0x0B, 0x0B, 0x0B, 0x0B, 0x0B, 0x0C, 0x0C, 0x0D, 0x0D, 0x0B, 0x0B, 0x05, 0x0B, 0x0B, 0x0B, 0x0A, 0x0F, 0x0E, 0x0D, 0x0B, 0x0D, 0x0D,
    0x0D, 0x0B, 0x0D, 0x11, 0x11, 0x0D, 0x05, 0x0E, 0x0F, 0x0D, 0x0F, 0x0D, 0x0D, 0x0D, 0x0E, 0x0E, 0x0D, 0x0F, 0x0F, 0x0D, 0x0F, 0x0D, 0x0E, 0x0B,
    0x0E, 0x0E, 0x0D, 0x0C, 0x0A, 0x0E, 0x0B, 0x0D, 0x0A, 0x0A, 0x0A, 0x0D, 0x0E, 0x0D, 0x0D, 0x0D, 0x0D, 0x0D, 0x0D, 0x0D, 0x0F, 0x0D, 0x0D, 0x0B,
    0x0D, 0x0B, 0x05, 0x0B, 0x0C, 0x0C, 0x0D, 0x0E, 0x0A, 0x0F, 0x0D, 0x0C, 0x0B, 0x0D, 0x0D, 0x0D, 0x0D, 0x0E, 0x0A, 0x0D, 0x0F, 0x0A, 0x0A, 0x0F,
    0x0F, 0x0E, 0x0D, 0x0D, 0x0D, 0x0D, 0x0D, 0x0D, 0x0E, 0x0E, 0x11, 0x0F, 0x0D, 0x0F, 0x0F, 0x0D, 0x0A, 0x0A, 0x0E, 0x0E, 0x0D, 0x0D, 0x0D, 0x0F,
    0x0E, 0x0F, 0x0E, 0x11, 0x0D, 0x0F, 0x0E, 0x0A, 0x0A, 0x0E, 0x0F, 0x0E, 0x0F, 0x0E, 0x0E, 0x0F, 0x0F, 0x0D, 0x0D, 0x0E, 0x0F, 0x0D, 0x11, 0x11,
    0x0A, 0x0A, 0x13, 0x12, 0x10, 0x11, 0x10, 0x10, 0x0F, 0x0A, 0x0A, 0x0F, 0x0E, 0x0B, 0x0E, 0x0B, 0x0C, 0x0F, 0x0A, 0x0F, 0x0F, 0x0E, 0x0F, 0x0F,
    0x0E, 0x0F, 0x0D, 0x0E, 0x0F, 0x0F, 0x0A, 0x0E, 0x0A, 0x0F, 0x0A, 0x11, 0x0A, 0x0A, 0x11, 0x11, 0x0F, 0x0E, 0x0E, 0x0F, 0x0F, 0x0A, 0x0F, 0x0F,
    0x0A, 0x0A, 0x0A, 0x0E, 0x0E, 0x11, 0x0A, 0x0F, 0x0D, 0x0F, 0x0F, 0x0F, 0x09, 0x05, 0x0B, 0x0C, 0x0C, 0x0B, 0x0B, 0x05, 0x0B, 0x0D, 0x0A, 0x0E,
    0x0D, 0x0D, 0x0B, 0x05, 0x0B, 0x0E, 0x0D, 0x0E, 0x0D, 0x0D, 0x0D, 0x0B, 0x0B, 0x0B, 0x0F, 0x0A, 0x10, 0x0E, 0x0D, 0x0E, 0x0E, 0x0F, 0x0E, 0x0D,
    0x0D, 0x0F, 0x0B, 0x0B, 0x0D, 0x0F, 0x0F, 0x0F, 0x0C, 0x0C, 0x0A, 0x0F, 0x0F, 0x0F, 0x10, 0x10, 0x11, 0x0B, 0x0B, 0x0B, 0x0C, 0x0D, 0x0A, 0x0A,
    0x0F, 0x0F, 0x0A, 0x0D, 0x0D, 0x0F, 0x0D, 0x0D, 0x0F, 0x0F, 0x0D, 0x0C, 0x0D, 0x0D, 0x0C, 0x0B, 0x0D, 0x0D, 0x0D, 0x0D, 0x0D, 0x0E, 0x0B, 0x0C,
    0x0D, 0x0D, 0x0B, 0x0D, 0x0C, 0x0D, 0x0D, 0x0D, 0x0C, 0x0D, 0x0E, 0x0E, 0x0E, 0x0D, 0x0C, 0x0E, 0x0D, 0x0F, 0x0F, 0x0D, 0x0A, 0x0F, 0x0E, 0x0A,
    0x0A, 0x0D, 0x0E, 0x0E, 0x0E, 0x0F, 0x0F, 0x0D, 0x0E, 0x0E, 0x0E, 0x0F, 0x0E, 0x0F, 0x0D, 0x0E, 0x0D, 0x0E, 0x0F, 0x0E, 0x0E, 0x0D, 0x0D, 0x0D,
    0x0D, 0x0E, 0x0D, 0x0F, 0x0F, 0x0B, 0x03, 0x0B, 0x0A, 0x0F, 0x0A, 0x10, 0x11, 0x0F, 0x0E, 0x0F, 0x0F, 0x0F, 0x0A, 0x0A, 0x0F, 0x0F, 0x0F, 0x0E,
    0x0D, 0x0D, 0x0C, 0x0B, 0x0C, 0x0D, 0x0E, 0x0E, 0x0F, 0x0A, 0x0A, 0x0F, 0x11, 0x10, 0x0A, 0x0E, 0x0F, 0x0F, 0x0F, 0x0F, 0x0E, 0x0D, 0x0F, 0x0C,
    0x0F, 0x0F, 0x10, 0x0A, 0x0F, 0x0F, 0x0F, 0x0E, 0x0F, 0x0D, 0x0B, 0x0C, 0x0E, 0x0F, 0x11, 0x13, 0x0F, 0x11, 0x0A, 0x0E, 0x0F, 0x0C, 0x0D, 0x0F,
    0x0C, 0x0C, 0x0E, 0x0A, 0x0F, 0x0D, 0x0C, 0x0B, 0x0C, 0x0D, 0x0C, 0x0D, 0x0C, 0x0C, 0x0D, 0x0B, 0x0C, 0x0C, 0x0D, 0x0D, 0x0D, 0x0D, 0x0D, 0x0D,
    0x0D, 0x0B, 0x0E, 0x0D, 0x0A, 0x0D, 0x0F, 0x0A, 0x0F, 0x0E, 0x0E, 0x0D, 0x0D, 0x0D, 0x0D, 0x0B, 0x0D, 0x0E, 0x0E, 0x0D, 0x0D, 0x10, 0x0F, 0x0F,
    0x0F, 0x0D, 0x0D, 0x0F, 0x11, 0x0F, 0x0C, 0x05, 0x09, 0x0B, 0x0B, 0x0C, 0x0D, 0x0D, 0x0C, 0x0D, 0x0E, 0x0B, 0x0B, 0x0E, 0x0D, 0x0D, 0x0D, 0x0D,
    0x0F, 0x0F, 0x0E, 0x0D, 0x0F, 0x0E, 0x0E, 0x0F, 0x0F, 0x0F, 0x0A, 0x0F, 0x0E, 0x0D, 0x0F, 0x0F, 0x0C, 0x0E, 0x0C, 0x09, 0x0B, 0x0D, 0x0D, 0x0F,
    0x0F, 0x0F, 0x0D, 0x0D, 0x0D, 0x0D, 0x0F, 0x0F, 0x0D, 0x0F, 0x0F, 0x0F, 0x0D, 0x0E, 0x0F, 0x0A, 0x0A, 0x11, 0x11, 0x0F, 0x0E, 0x0F, 0x0F, 0x0E,
    0x0A, 0x0E, 0x0E, 0x0D, 0x0D, 0x0E, 0x0D, 0x0F, 0x0E, 0x0D, 0x0D, 0x0E, 0x0C, 0x0C, 0x0D, 0x0D, 0x0F, 0x0A, 0x0F, 0x0A, 0x0F, 0x0A, 0x0E, 0x0A,
    0x0A, 0x0F, 0x0F, 0x0F, 0x0A, 0x13, 0x10, 0x0A, 0x0A, 0x0E, 0x0D, 0x0D, 0x0E, 0x0D, 0x0E, 0x0D, 0x0D, 0x0D, 0x0E, 0x0A, 0x0A, 0x0F, 0x0E, 0x10,
    0x0A, 0x0D, 0x0D, 0x0E, 0x0A, 0x0A, 0x0A, 0x11, 0x0A, 0x0B, 0x0C, 0x0E, 0x0F, 0x0E, 0x0E, 0x0E, 0x0E, 0x0E, 0x0F, 0x0A, 0x0F, 0x0A, 0x11, 0x0F,
    0x0F, 0x0F, 0x0A, 0x11, 0x13, 0x11, 0x0F, 0x0F, 0x0A, 0x11, 0x0D, 0x0D, 0x0B, 0x0B, 0x0B, 0x0C, 0x0C, 0x0E, 0x0D, 0x0B, 0x0D, 0x0D, 0x0E, 0x0E,
    0x0D, 0x0D, 0x0D, 0x0B, 0x0B, 0x09, 0x05, 0x0B, 0x0D, 0x0E, 0x0E, 0x0E, 0x0E, 0x0F, 0x11, 0x0B, 0x0D, 0x0F, 0x0A, 0x10, 0x11, 0x0F, 0x0F, 0x0A,
    0x11, 0x11, 0x11, 0x0A, 0x0E, 0x0E, 0x0D, 0x0E, 0x0E, 0x0F, 0x0C, 0x0F, 0x0E, 0x0E, 0x0D, 0x0E, 0x0D, 0x0A, 0x0A, 0x0E, 0x0D, 0x05, 0x03, 0x0B,
    0x0B, 0x0C, 0x0C, 0x0D, 0x0B, 0x05, 0x05, 0x0B, 0x0E, 0x0D, 0x0E, 0x11, 0x13, 0x0A, 0x0A, 0x0F, 0x0F, 0x11, 0x11, 0x0F, 0x0E, 0x0E, 0x0D, 0x0A,
    0x0A, 0x0D, 0x0D, 0x0D, 0x11, 0x0E, 0x0B, 0x09, 0x05, 0x05, 0x0D, 0x0D, 0x0D, 0x0E, 0x0D, 0x0F, 0x0D, 0x0E, 0x0D, 0x0F, 0x0D, 0x0D, 0x0E, 0x0F,
    0x0F, 0x0F, 0x0D, 0x0D, 0x0F, 0x0F, 0x0F, 0x0F, 0x0F, 0x0D, 0x0D, 0x0C, 0x0E, 0x0F, 0x0D, 0x0D, 0x0D, 0x0D, 0x0E, 0x0D, 0x0D, 0x0E, 0x0D, 0x0D,
    0x0C, 0x0B, 0x0C, 0x0E, 0x0A, 0x10, 0x13, 0x0A, 0x0A, 0x0A, 0x0F, 0x0F, 0x0E, 0x0A, 0x0E, 0x0E, 0x11, 0x0A, 0x0F, 0x0F, 0x0E, 0x0D, 0x09, 0x0B,
    0x0E, 0x11, 0x0A, 0x0A, 0x0D, 0x0D, 0x0E, 0x0F, 0x11, 0x0A, 0x0A, 0x0E, 0x0F, 0x0F, 0x0E, 0x0D, 0x0F, 0x0F, 0x0F, 0x0E, 0x0E, 0x10, 0x11, 0x0E,
    0x0F, 0x0E, 0x0D, 0x0E, 0x0E, 0x0D, 0x0E, 0x0E, 0x0A, 0x0A, 0x0A, 0x0F, 0x0F, 0x0A, 0x0E, 0x0E, 0x0E, 0x10, 0x0F, 0x0A, 0x0A, 0x10, 0x0F, 0x0E,
    0x0B, 0x0B, 0x0B, 0x0C, 0x0C, 0x0C, 0x0B, 0x0B, 0x0C, 0x0C, 0x0D, 0x0D, 0x0D, 0x0C, 0x0B, 0x0C, 0x0B, 0x0D, 0x0D, 0x0D, 0x0D, 0x0E, 0x0F, 0x0E,
    0x0D, 0x0E, 0x0E, 0x0D, 0x0D, 0x0E, 0x0F, 0x0A, 0x11, 0x10, 0x11, 0x0A, 0x0A, 0x0F, 0x0F, 0x0F, 0x0B, 0x0C, 0x0D, 0x0C, 0x0B, 0x0F, 0x0B, 0x0D,
    0x0D, 0x0D, 0x0F, 0x0D, 0x0D, 0x0E, 0x0F, 0x0A, 0x0F, 0x0D, 0x0D, 0x09, 0x0B, 0x0B, 0x0D, 0x0D, 0x0E, 0x0E, 0x0F, 0x0D, 0x09, 0x09, 0x0F, 0x0F,
    0x0F, 0x11, 0x11, 0x0F, 0x0F, 0x0A, 0x0D, 0x0F, 0x0E, 0x0D, 0x0D, 0x0A, 0x0D, 0x0D, 0x0E, 0x0F, 0x0E, 0x0F, 0x0A, 0x0F, 0x0D, 0x0C, 0x0B, 0x0C,
    0x0D, 0x0D, 0x0D, 0x0E, 0x0C, 0x0D, 0x0D, 0x0D, 0x0D, 0x0D, 0x0E, 0x0F, 0x0F, 0x0D, 0x0F, 0x0F, 0x0E, 0x0F, 0x0A, 0x11, 0x0A, 0x0F, 0x0D, 0x0D,
    0x0A, 0x0A, 0x0D, 0x0F, 0x09, 0x0D, 0x0D, 0x0D, 0x0B, 0x0C, 0x0E, 0x0D, 0x0D, 0x0D, 0x0C, 0x0D, 0x0D, 0x0F, 0x0D, 0x0E, 0x0F, 0x0D, 0x0E, 0x0E,
    0x0A, 0x0A, 0x0F, 0x0F, 0x0A, 0x0F, 0x0F, 0x0E, 0x0B, 0x0B, 0x0B, 0x0D, 0x0E, 0x11, 0x11, 0x11, 0x11, 0x0F, 0x0D, 0x0D, 0x0A, 0x0A, 0x0E, 0x0A,
    0x0F, 0x0B, 0x09, 0x0C, 0x0E, 0x0F, 0x0D, 0x0D, 0x0D, 0x0E, 0x0D, 0x0D, 0x0D, 0x0D, 0x0E, 0x0E, 0x0F, 0x0D, 0x0E, 0x0F, 0x0F, 0x0F, 0x0A, 0x0F,
    0x0F, 0x0A, 0x0F, 0x0E, 0x0E, 0x0E, 0x0F, 0x0A, 0x0A, 0x11, 0x0A, 0x0A, 0x0B, 0x0B, 0x0D, 0x0B, 0x0B, 0x0C, 0x0C, 0x0C, 0x0B, 0x09, 0x0C, 0x0C,
    0x0E, 0x0D, 0x0D, 0x0C, 0x0C, 0x0D, 0x0E, 0x0B, 0x0D, 0x0D, 0x0D, 0x0D, 0x0E, 0x0D, 0x0D, 0x05, 0x0E, 0x0B, 0x0F, 0x0F, 0x0F, 0x0F, 0x10, 0x10,
    0x0A, 0x0E, 0x0D, 0x0A, 0x0F, 0x0A, 0x0F, 0x0E, 0x0D, 0x0E, 0x0B, 0x0C, 0x0D, 0x0D, 0x0D, 0x0D, 0x0C, 0x0D, 0x0F, 0x0E, 0x0E, 0x0F, 0x10, 0x0A,
    0x0F, 0x0D, 0x0E, 0x0F, 0x11, 0x12, 0x12, 0x0A, 0x0D, 0x0F, 0x0C, 0x0E, 0x0A, 0x0A, 0x0E, 0x0F, 0x0F, 0x0F, 0x0F, 0x0D, 0x0D, 0x0D, 0x0C, 0x0C,
    0x0D, 0x0D, 0x0D, 0x0D, 0x0D, 0x0F, 0x0A, 0x0E, 0x0D, 0x0D, 0x0D, 0x0B, 0x0B, 0x0D, 0x0D, 0x0D, 0x0D, 0x0C, 0x0B, 0x09, 0x0D, 0x0D, 0x0D, 0x0D,
    0x0D, 0x0D, 0x0E, 0x0E, 0x0D, 0x0E, 0x0F, 0x0F, 0x0E, 0x0E, 0x0F, 0x0D, 0x0E, 0x0F, 0x0C, 0x0A, 0x0F, 0x0E, 0x0F, 0x0D, 0x0E, 0x0D, 0x0D, 0x0E,
    0x0D, 0x0D, 0x0F, 0x0E, 0x0D, 0x0D, 0x0D, 0x0D, 0x0D, 0x0D, 0x0F, 0x0F, 0x0F, 0x0F, 0x0E, 0x0E, 0x0E, 0x0F, 0x0D, 0x0B, 0x09, 0x0C, 0x0D, 0x0E,
    0x0F, 0x11, 0x11, 0x0A, 0x0E, 0x0C, 0x0D, 0x0F, 0x0D, 0x0D, 0x0D, 0x0C, 0x0B, 0x09, 0x0C, 0x0E, 0x0D, 0x0E, 0x0D, 0x0D, 0x0B, 0x0D, 0x0E, 0x0E,
    0x0D, 0x0F, 0x0F, 0x0E, 0x0E, 0x11, 0x0D, 0x0E, 0x0F, 0x0F, 0x0F, 0x0F, 0x0A, 0x11, 0x10, 0x11, 0x0F, 0x0F, 0x0F, 0x10, 0x12, 0x0F, 0x0F, 0x0F,
    0x0D, 0x0C, 0x0B, 0x0B, 0x0C, 0x0B, 0x0C, 0x0B, 0x09, 0x03, 0x0B, 0x0B, 0x0C, 0x0B, 0x0B, 0x0C, 0x0E, 0x0D, 0x0E, 0x0F, 0x0D, 0x0C, 0x0B, 0x0B,
    0x05, 0x05, 0x0E, 0x0D, 0x0D, 0x0D, 0x0E, 0x0E, 0x0E, 0x0F, 0x0A, 0x0F, 0x0E, 0x0E, 0x0E, 0x0F, 0x0F, 0x0D, 0x0B, 0x0C, 0x0F, 0x0E, 0x0C, 0x0E,
    0x0E, 0x0F, 0x0F, 0x0E, 0x0C, 0x05, 0x0D, 0x0F, 0x0F, 0x0F, 0x0F, 0x0F, 0x0F, 0x0F, 0x0E, 0x0E, 0x0D, 0x0F, 0x0F, 0x0F, 0x13, 0x0A, 0x0F, 0x0E,
    0x0D, 0x0D, 0x0A, 0x0A, 0x0F, 0x0D, 0x0D, 0x0E, 0x0D, 0x0D, 0x0E, 0x0B, 0x0F, 0x0B, 0x0D, 0x0D, 0x0D, 0x0F, 0x0A, 0x0F, 0x0E, 0x0D, 0x0B, 0x0B,
    0x0B, 0x0C, 0x0B, 0x0C, 0x0C, 0x0B, 0x09, 0x0B, 0x0B, 0x0C, 0x0D, 0x0D, 0x0D, 0x0D, 0x0D, 0x0A, 0x0E, 0x0D, 0x0D, 0x0D, 0x0D, 0x0D, 0x0B, 0x0D,
    0x0D, 0x0E, 0x11, 0x0A, 0x0E, 0x0E, 0x0F, 0x0D, 0x0E, 0x0D, 0x0D, 0x0C, 0x0C, 0x0D, 0x0D, 0x0E, 0x0A, 0x0D, 0x0C, 0x0D, 0x0E, 0x0F, 0x0E, 0x0F,
    0x0E, 0x0D, 0x0D, 0x0A, 0x0E, 0x0E, 0x0C, 0x0C, 0x0C, 0x0D, 0x0D, 0x0D, 0x0E, 0x0F, 0x0A, 0x10, 0x10, 0x10, 0x0A, 0x0F, 0x0F, 0x0F, 0x0F, 0x0A,
    0x11, 0x11, 0x0F, 0x0D, 0x0C, 0x0D, 0x0D, 0x0E, 0x0E, 0x0F, 0x0A, 0x0F, 0x0D, 0x0D, 0x0D, 0x0D, 0x0D, 0x0D, 0x0F, 0x0D, 0x0D, 0x0E, 0x0F, 0x0A,
    0x10, 0x10, 0x0A, 0x0F, 0x0A, 0x0F, 0x0A, 0x0A, 0x0A, 0x0E, 0x0E, 0x0A, 0x0D, 0x0E, 0x0D, 0x0D, 0x0D, 0x0C, 0x0B, 0x0B, 0x05, 0x05, 0x0B, 0x05,
    0x05, 0x0B, 0x0B, 0x0B, 0x09, 0x0C, 0x0D, 0x0F, 0x0A, 0x0F, 0x0D, 0x0D, 0x0D, 0x0D, 0x0B, 0x05, 0x0E, 0x0D, 0x0E, 0x0E, 0x0D, 0x0D, 0x0D, 0x0A,
    0x0F, 0x0E, 0x0F, 0x0E, 0x0F, 0x0E, 0x0B, 0x0D, 0x0F, 0x0E, 0x0F, 0x0C, 0x0C, 0x0A, 0x10, 0x0F, 0x0F, 0x0C, 0x0D, 0x0F, 0x0F, 0x0D, 0x0E, 0x10,
    0x13, 0x0A, 0x0F, 0x0A, 0x0D, 0x11, 0x0F, 0x0E, 0x0D, 0x0A, 0x0D, 0x0F, 0x0E, 0x0D, 0x0B, 0x0C, 0x05, 0x0D, 0x0E, 0x0D, 0x0B, 0x05, 0x0B, 0x09,
    0x05, 0x05, 0x05, 0x05, 0x05, 0x0C, 0x0D, 0x0F, 0x0A, 0x0E, 0x0E, 0x0D, 0x0C, 0x0D, 0x0D, 0x0C, 0x0B, 0x0B, 0x0D, 0x0D, 0x0D, 0x0C, 0x0D, 0x0D,
    0x0D, 0x0F, 0x0C, 0x0C, 0x0D, 0x0D, 0x0D, 0x0D, 0x0E, 0x0D, 0x0E, 0x0E, 0x0C, 0x0D, 0x0F, 0x0D, 0x0A, 0x0D, 0x0D, 0x0E, 0x0A, 0x0A, 0x0E, 0x0B,
    0x05, 0x05, 0x05, 0x05, 0x09, 0x0B, 0x0C, 0x0E, 0x0E, 0x0E, 0x0D, 0x0D, 0x0D, 0x0D, 0x0F, 0x0F, 0x0E, 0x0C, 0x0C, 0x0D, 0x0D, 0x0F, 0x0F, 0x0E,
    0x0E, 0x0D, 0x0F, 0x0E, 0x0E, 0x0F, 0x0A, 0x11, 0x0A, 0x11, 0x0A, 0x0F, 0x0F, 0x11, 0x0F, 0x0D, 0x0D, 0x0E, 0x0F, 0x0F, 0x0A, 0x11, 0x11, 0x0E,
    0x0D, 0x0C, 0x0E, 0x0C, 0x0B, 0x0E, 0x0D, 0x0D, 0x0C, 0x0D, 0x0E, 0x0A, 0x0A, 0x0E, 0x0E, 0x0F, 0x0E, 0x0E, 0x0D, 0x0E, 0x0E, 0x0A, 0x10, 0x0A,
    0x0D, 0x0D, 0x0E, 0x0E, 0x0D, 0x0D, 0x0B, 0x0C, 0x0D, 0x0E, 0x0B, 0x0C, 0x0B, 0x0B, 0x0B, 0x0B, 0x05, 0x05, 0x0B, 0x0C, 0x0D, 0x11, 0x0A, 0x0E,
    0x0E, 0x0F, 0x0F, 0x03, 0x05, 0x05, 0x09, 0x0D, 0x0D, 0x0E, 0x0D, 0x0B, 0x0C, 0x0D, 0x0D, 0x0D, 0x0E, 0x0A, 0x0F, 0x0A, 0x0E, 0x0E, 0x0E, 0x0E,
    0x0A, 0x0A, 0x10, 0x14, 0x13, 0x0D, 0x0D, 0x0D, 0x0D, 0x0D, 0x0E, 0x0E, 0x0E, 0x0F, 0x0E, 0x0E, 0x0F, 0x0E, 0x09, 0x09, 0x0F, 0x0A, 0x0A, 0x0A,
    0x0A, 0x0A, 0x0A, 0x0F, 0x0D, 0x0C, 0x0B, 0x05, 0x0C, 0x0C, 0x05, 0x0B, 0x0B, 0x0D, 0x0B, 0x05, 0x05, 0x0D, 0x0B, 0x0D, 0x0F, 0x0F, 0x0B, 0x09,
    0x0D, 0x09, 0x0C, 0x0C, 0x0D, 0x09, 0x0C, 0x0D, 0x0E, 0x0D, 0x0D, 0x0B, 0x0D, 0x0E, 0x0E, 0x0D, 0x0D, 0x0C, 0x0D, 0x0F, 0x0D, 0x0E, 0x0D, 0x0C,
    0x0D, 0x0D, 0x0E, 0x0F, 0x0E, 0x0E, 0x0C, 0x0E, 0x0F, 0x0E, 0x0F, 0x0E, 0x0C, 0x0D, 0x0C, 0x02, 0x03, 0x05, 0x0B, 0x0D, 0x0B, 0x0B, 0x0B, 0x0D,
    0x0E, 0x0F, 0x0F, 0x0F, 0x0E, 0x0F, 0x0E, 0x0D, 0x0D, 0x0A, 0x11, 0x0A, 0x0F, 0x0F, 0x0D, 0x0D, 0x0A, 0x0C, 0x0D, 0x0F, 0x11, 0x11, 0x0F, 0x0F,
    0x0A, 0x0F, 0x0F, 0x0E, 0x0E, 0x0D, 0x0B, 0x0C, 0x0D, 0x0D, 0x0F, 0x0E, 0x0D, 0x0D, 0x0B, 0x0B, 0x0C, 0x0D, 0x0E, 0x0C, 0x0B, 0x0C, 0x0E, 0x0F,
    0x0A, 0x0F, 0x0E, 0x0F, 0x0E, 0x0D, 0x0D, 0x0E, 0x0E, 0x0F, 0x0D, 0x0A, 0x0A, 0x0D, 0x09, 0x0C, 0x0C, 0x0C, 0x0B, 0x0C, 0x0F, 0x0D, 0x0D, 0x0B,
    0x09, 0x0B, 0x0B, 0x03, 0x0B, 0x0B, 0x0D, 0x0B, 0x0E, 0x0F, 0x11, 0x0A, 0x0A, 0x10, 0x0A, 0x0A, 0x03, 0x0B, 0x05, 0x05, 0x0B, 0x0E, 0x05, 0x0B,
    0x0C, 0x0D, 0x0D, 0x0D, 0x0E, 0x0A, 0x0F, 0x0D, 0x0C, 0x0E, 0x0E, 0x0E, 0x0E, 0x0E, 0x0A, 0x13, 0x13, 0x0F, 0x0D, 0x0B, 0x0D, 0x0D, 0x0B, 0x0E,
    0x0E, 0x0D, 0x0E, 0x0E, 0x11, 0x0D, 0x10, 0x13, 0x0F, 0x0F, 0x0A, 0x0F, 0x0A, 0x0F, 0x13, 0x13, 0x0A, 0x0F, 0x0A, 0x0F, 0x0F, 0x0D, 0x0D, 0x0B,
    0x0C, 0x0D, 0x0E, 0x05, 0x02, 0x03, 0x05, 0x05, 0x0C, 0x0D, 0x0E, 0x0E, 0x0F, 0x0D, 0x0C, 0x0B, 0x0D, 0x0D, 0x09, 0x0B, 0x0D, 0x0E, 0x0B, 0x05,
    0x0C, 0x0D, 0x0D, 0x0D, 0x0C, 0x0C, 0x0C, 0x0D, 0x0D, 0x0D, 0x0F, 0x0D, 0x09, 0x0B, 0x0F, 0x13, 0x0A, 0x0F, 0x10, 0x0E, 0x0E, 0x0D, 0x0A, 0x0F,
    0x0F, 0x0E, 0x0E, 0x0C, 0x0D, 0x0B, 0x0B, 0x0D, 0x0D, 0x0C, 0x0C, 0x0D, 0x0E, 0x0F, 0x0A, 0x0E, 0x0E, 0x0E, 0x0E, 0x0D, 0x0F, 0x0E, 0x0A, 0x0A,
    0x11, 0x0F, 0x0F, 0x0E, 0x0F, 0x0E, 0x0E, 0x0A, 0x0A, 0x0E, 0x0F, 0x0E, 0x0E, 0x0A, 0x11, 0x10, 0x11, 0x0F, 0x0A, 0x0F, 0x0D, 0x0B, 0x0B, 0x0F,
    0x11, 0x0E, 0x0B, 0x0B, 0x0D, 0x11, 0x0A, 0x0F, 0x0F, 0x0D, 0x0D, 0x0C, 0x0E, 0x0E, 0x0E, 0x0D, 0x0D, 0x0C, 0x0F, 0x11, 0x0E, 0x0A, 0x0A, 0x0A,
    0x0A, 0x0F, 0x0F, 0x0E, 0x0E, 0x0B, 0x05, 0x05, 0x0B, 0x0D, 0x0B, 0x0B, 0x0B, 0x0B, 0x0C, 0x0C, 0x05, 0x05, 0x05, 0x05, 0x0B, 0x0B, 0x0D, 0x0D,
    0x0A, 0x0F, 0x0A, 0x0D, 0x0D, 0x0D, 0x11, 0x0D, 0x0B, 0x0D, 0x0E, 0x0D, 0x0B, 0x09, 0x0D, 0x0D, 0x0E, 0x0C, 0x0D, 0x0D, 0x0F, 0x09, 0x0C, 0x0D,
    0x0D, 0x0E, 0x0E, 0x0A, 0x0A, 0x0D, 0x0E, 0x0D, 0x0C, 0x0B, 0x0C, 0x0D, 0x0E, 0x0D, 0x0E, 0x0F, 0x0D, 0x11, 0x0F, 0x0F, 0x0F, 0x11, 0x0A, 0x0A,
    0x11, 0x0F, 0x0D, 0x0D, 0x0A, 0x11, 0x11, 0x0A, 0x10, 0x12, 0x11, 0x0F, 0x0B, 0x09, 0x0D, 0x0D, 0x0D, 0x09, 0x03, 0x0B, 0x0E, 0x0B, 0x0C, 0x0E,
    0x0F, 0x11, 0x0A, 0x0E, 0x0D, 0x0D, 0x0D, 0x0D, 0x0D, 0x0C, 0x0B, 0x0E, 0x0E, 0x11, 0x0A, 0x0E, 0x0E, 0x0A, 0x0C, 0x0C, 0x0D, 0x0D, 0x0E, 0x0D,
    0x0D, 0x0D, 0x0E, 0x0E, 0x0F, 0x0A, 0x0A, 0x0F, 0x0E, 0x0F, 0x0A, 0x11, 0x11, 0x0F, 0x0C, 0x0C, 0x0D, 0x0D, 0x0B, 0x0D, 0x0D, 0x0D, 0x0B, 0x0C,
    0x0D, 0x0E, 0x0E, 0x0D, 0x0D, 0x0E, 0x0E, 0x0F, 0x0D, 0x0D, 0x0D, 0x0D, 0x0F, 0x0E, 0x0A, 0x0F, 0x0E, 0x0A, 0x10, 0x0A, 0x0A, 0x0A, 0x0F, 0x0E,
    0x0F, 0x0E, 0x0F, 0x0E, 0x0F, 0x0F, 0x0A, 0x0F, 0x0D, 0x0B, 0x09, 0x0C, 0x0D, 0x0F, 0x0C, 0x0D, 0x10, 0x0F, 0x0D, 0x0D, 0x0D, 0x0D, 0x0D, 0x0D,
    0x0D, 0x0F, 0x0F, 0x0F, 0x0F, 0x0A, 0x0E, 0x10, 0x11, 0x0F, 0x0E, 0x0E, 0x0D, 0x0E, 0x0D, 0x0C, 0x0B, 0x0C, 0x0B, 0x03, 0x0B, 0x05, 0x0B, 0x0B,
    0x0B, 0x0B, 0x0C, 0x0B, 0x0B, 0x0B, 0x05, 0x05, 0x0D, 0x0C, 0x0B, 0x0B, 0x0B, 0x0E, 0x0E, 0x0D, 0x0C, 0x0D, 0x11, 0x0E, 0x0B, 0x0B, 0x0C, 0x0C,
    0x0C, 0x0C, 0x0C, 0x09, 0x0B, 0x0D, 0x0D, 0x0D, 0x0C, 0x0D, 0x0B, 0x0C, 0x0D, 0x0D, 0x0D, 0x0D, 0x0F, 0x0D, 0x0D, 0x0D, 0x0E, 0x11, 0x0B, 0x0C,
    0x0E, 0x0C, 0x0B, 0x0E, 0x0E, 0x0F, 0x0F, 0x11, 0x0E, 0x0F, 0x0F, 0x0F, 0x0E, 0x0E, 0x0E, 0x0F, 0x0A, 0x0D, 0x0D, 0x0A, 0x10, 0x13, 0x13, 0x0D,
    0x0E, 0x0F, 0x0D, 0x0C, 0x0F, 0x0E, 0x0C, 0x0C, 0x0C, 0x0C, 0x0E, 0x0E, 0x0C, 0x0D, 0x0E, 0x0A, 0x0F, 0x10, 0x0D, 0x0F, 0x0F, 0x0D, 0x0D, 0x0E,
    0x0F, 0x0F, 0x0E, 0x0A, 0x0E, 0x0E, 0x0D, 0x09, 0x0B, 0x0E, 0x0A, 0x0A, 0x0E, 0x0F, 0x0F, 0x0F, 0x0E, 0x0E, 0x0D, 0x0F, 0x0F, 0x0E, 0x0F, 0x10,
    0x10, 0x0A, 0x0C, 0x0C, 0x0D, 0x0B, 0x0B, 0x0B, 0x0B, 0x0D, 0x0A, 0x0E, 0x0D, 0x0E, 0x0D, 0x0C, 0x0C, 0x0D, 0x0D, 0x0D, 0x0D, 0x0D, 0x0E, 0x0F,
    0x11, 0x0A, 0x0E, 0x0F, 0x0E, 0x0F, 0x0E, 0x0E, 0x0E, 0x0E, 0x0F, 0x0A, 0x0E, 0x0C, 0x0D, 0x0E, 0x0E, 0x0E, 0x0F, 0x0A, 0x0E, 0x0D, 0x0D, 0x0E,
    0x0D, 0x0B, 0x0B, 0x0B, 0x0D, 0x0F, 0x0D, 0x09, 0x0B, 0x0D, 0x0B, 0x0B, 0x0D, 0x0D, 0x0B, 0x0D, 0x0D, 0x10, 0x0A, 0x0F, 0x0E, 0x0E, 0x0D, 0x0F,
    0x05, 0x0B, 0x0C, 0x0E, 0x0D, 0x0D, 0x0C, 0x0B, 0x05, 0x0B, 0x0B, 0x09, 0x0B, 0x0C, 0x09, 0x0F, 0x0A, 0x0E, 0x0D, 0x0D, 0x0C, 0x0D, 0x0C, 0x0C,
    0x0D, 0x0C, 0x0C, 0x0C, 0x0B, 0x0E, 0x0D, 0x11, 0x0F, 0x0D, 0x0E, 0x0D, 0x0C, 0x0C, 0x0B, 0x0B, 0x0C, 0x0C, 0x0B, 0x0C, 0x0A, 0x0A, 0x0E, 0x0D,
    0x0D, 0x0C, 0x0D, 0x0E, 0x0D, 0x0E, 0x0D, 0x11, 0x10, 0x13, 0x0A, 0x0E, 0x0F, 0x0A, 0x13, 0x0E, 0x0E, 0x0F, 0x0D, 0x0F, 0x0E, 0x0E, 0x0E, 0x0D,
    0x0B, 0x0D, 0x0E, 0x0D, 0x0F, 0x0E, 0x0E, 0x0D, 0x0A, 0x0D, 0x0F, 0x0F, 0x10, 0x11, 0x0D, 0x0E, 0x0F, 0x0C, 0x05, 0x0B, 0x0E, 0x0E, 0x0E, 0x0E,
    0x0D, 0x0D, 0x0D, 0x0E, 0x0D, 0x0D, 0x0D, 0x0E, 0x0F, 0x0E, 0x0A, 0x0E, 0x0D, 0x0D, 0x0C, 0x0C, 0x0D, 0x0E, 0x0F, 0x0F, 0x0D, 0x0F, 0x0D, 0x0F,
    0x0A, 0x0E, 0x0D, 0x0E, 0x0D, 0x0D, 0x0D, 0x0D, 0x0E, 0x0D, 0x0E, 0x0D, 0x0F, 0x10, 0x11, 0x0F, 0x0F, 0x0F, 0x0B, 0x0B, 0x0C, 0x0F, 0x0D, 0x0D,
    0x0D, 0x0E, 0x0C, 0x0B, 0x0D, 0x0D, 0x0E, 0x0E, 0x0F, 0x0E, 0x0F, 0x0F, 0x0E, 0x0E, 0x0D, 0x0E, 0x0D, 0x0D, 0x0F, 0x0E, 0x0A, 0x0F, 0x0F, 0x0A,
    0x0A, 0x0F, 0x0D, 0x0D, 0x0E, 0x0A, 0x0E, 0x0D, 0x0C, 0x0D, 0x0D, 0x0F, 0x0C, 0x0C, 0x0B, 0x0D, 0x0D, 0x0D, 0x0E, 0x0F, 0x0F, 0x0E, 0x0F, 0x0F,
    0x10, 0x0A, 0x0E, 0x0F, 0x0D, 0x0E, 0x0F, 0x0D, 0x0C, 0x0D, 0x0D, 0x0E, 0x03, 0x05, 0x09, 0x0B, 0x0D, 0x0B, 0x0C, 0x0B, 0x05, 0x0B, 0x09, 0x0C,
    0x0C, 0x03, 0x05, 0x09, 0x0B, 0x0B, 0x09, 0x05, 0x05, 0x0C, 0x0C, 0x0C, 0x0D, 0x0D, 0x0E, 0x0E, 0x0C, 0x0C, 0x0E, 0x0D, 0x0D, 0x0D, 0x0D, 0x0D,
    0x0A, 0x11, 0x0D, 0x0C, 0x0C, 0x0C, 0x0B, 0x0C, 0x0D, 0x0C, 0x0C, 0x0D, 0x0D, 0x0D, 0x0E, 0x0F, 0x0E, 0x0E, 0x0F, 0x0F, 0x0A, 0x0A, 0x0F, 0x0F,
    0x0F, 0x0A, 0x11, 0x0A, 0x0D, 0x0B, 0x0A, 0x0B, 0x0E, 0x0D, 0x0D, 0x0E, 0x0A, 0x0F, 0x0D, 0x0A, 0x0A, 0x0F, 0x0F, 0x0D, 0x0D, 0x09, 0x0C, 0x0C,
    0x0F, 0x0E, 0x0A, 0x0A, 0x0F, 0x03, 0x06, 0x04, 0x09, 0x0D, 0x0D, 0x0A, 0x0A, 0x0E, 0x0D, 0x0B, 0x0C, 0x0D, 0x0F, 0x0D, 0x0C, 0x0D, 0x0D, 0x0D,
    0x0D, 0x0B, 0x0B, 0x0B, 0x0B, 0x0D, 0x11, 0x11, 0x0A, 0x0F, 0x0C, 0x0D, 0x0D, 0x0D, 0x0D, 0x0D, 0x0C, 0x0C, 0x0D, 0x0E, 0x0D, 0x0F, 0x0E, 0x0E,
    0x0F, 0x0F, 0x0F, 0x0F, 0x0A, 0x11, 0x0F, 0x0F, 0x0C, 0x0D, 0x0D, 0x0D, 0x0D, 0x0D, 0x0D, 0x0D, 0x0D, 0x0E, 0x0D, 0x0E, 0x0E, 0x0D, 0x0D, 0x0E,
    0x0E, 0x0E, 0x0D, 0x0F, 0x0E, 0x0E, 0x0F, 0x0F, 0x0D, 0x0E, 0x0D, 0x0D, 0x0E, 0x0F, 0x0F, 0x0D, 0x0C, 0x0D, 0x0D, 0x0C, 0x0D, 0x0D, 0x0E, 0x0D,
    0x0E, 0x0D, 0x0D, 0x0D, 0x0A, 0x0A, 0x0A, 0x0E, 0x0D, 0x0F, 0x0F, 0x0E, 0x0D, 0x0D, 0x0D, 0x0B, 0x05, 0x0B, 0x0D, 0x0D, 0x0D, 0x0D, 0x0E, 0x0E,
    0x09, 0x0B, 0x0B, 0x0B, 0x0D, 0x0C, 0x0B, 0x0B, 0x0B, 0x0C, 0x0C, 0x0F, 0x0F, 0x0D, 0x0D, 0x0B, 0x05, 0x0B, 0x0C, 0x0F, 0x0D, 0x0C, 0x09, 0x0B,
    0x0B, 0x0C, 0x0D, 0x0C, 0x0C, 0x0D, 0x0D, 0x0D, 0x0D, 0x0D, 0x0D, 0x0D, 0x0C, 0x0D, 0x0C, 0x0C, 0x09, 0x05, 0x0B, 0x09, 0x0B, 0x0D, 0x0D, 0x0F,
    0x0B, 0x0C, 0x0C, 0x0E, 0x0D, 0x0B, 0x0B, 0x0B, 0x0C, 0x0E, 0x0E, 0x0D, 0x0B, 0x0A, 0x0F, 0x0F, 0x11, 0x11, 0x0F, 0x0B, 0x0E, 0x0E, 0x0F, 0x0D,
    0x0E, 0x0A, 0x11, 0x11, 0x0A, 0x0E, 0x0E, 0x0D, 0x0D, 0x0E, 0x0C, 0x0D, 0x0D, 0x09, 0x11, 0x0A, 0x0F, 0x0D, 0x09, 0x03, 0x0B, 0x0D, 0x0D, 0x0C,
    0x0C, 0x0C, 0x0D, 0x0E, 0x0D, 0x0D, 0x0F, 0x0D, 0x0C, 0x0E, 0x0F, 0x0D, 0x0C, 0x05, 0x02, 0x02, 0x02, 0x0C, 0x0A, 0x13, 0x10, 0x0F, 0x0D, 0x05,
    0x0B, 0x0C, 0x0F, 0x05, 0x02, 0x0B, 0x0D, 0x0C, 0x0C, 0x0D, 0x0E, 0x0F, 0x0D, 0x0D, 0x0D, 0x0D, 0x0D, 0x0D, 0x0D, 0x0D, 0x0C, 0x0B, 0x0D, 0x0D,
    0x0E, 0x0D, 0x0D, 0x0E, 0x0D, 0x0D, 0x0D, 0x0D, 0x0D, 0x0E, 0x0E, 0x0E, 0x0D, 0x0E, 0x0E, 0x0E, 0x0D, 0x0E, 0x0D, 0x0D, 0x0D, 0x0D, 0x0D, 0x0E,
    0x0A, 0x0F, 0x0E, 0x0F, 0x0D, 0x09, 0x09, 0x0D, 0x0C, 0x0C, 0x0E, 0x0F, 0x0D, 0x0E, 0x0E, 0x0D, 0x0B, 0x0B, 0x0C, 0x0C, 0x09, 0x09, 0x09, 0x0B,
    0x0B, 0x0C, 0x0D, 0x0E, 0x05, 0x0B, 0x05, 0x0D, 0x0B, 0x0C, 0x0D, 0x0F, 0x03, 0x05, 0x05, 0x05, 0x0B, 0x0B, 0x0B, 0x09, 0x0C, 0x0C, 0x0D, 0x0E,
    0x0E, 0x0D, 0x0D, 0x0B, 0x0B, 0x05, 0x05, 0x0B, 0x0C, 0x0D, 0x0E, 0x0B, 0x09, 0x09, 0x0C, 0x0C, 0x0D, 0x0D, 0x0B, 0x0B, 0x0C, 0x0D, 0x0C, 0x0C,
    0x0C, 0x0D, 0x0D, 0x0D, 0x05, 0x03, 0x01, 0x03, 0x05, 0x0C, 0x0B, 0x0D, 0x0C, 0x0B, 0x0B, 0x0D, 0x0E, 0x0F, 0x11, 0x0E, 0x0E, 0x0F, 0x0D, 0x0A,
    0x0F, 0x0F, 0x0E, 0x0E, 0x0F, 0x0E, 0x11, 0x0A, 0x0D, 0x0F, 0x0E, 0x0E, 0x0D, 0x0C, 0x0D, 0x0D, 0x0D, 0x0D, 0x0D, 0x0C, 0x0D, 0x0C, 0x0C, 0x0B,
    0x0C, 0x0D, 0x0A, 0x0F, 0x11, 0x0D, 0x0F, 0x0D, 0x0D, 0x0D, 0x0C, 0x0B, 0x0B, 0x0C, 0x0D, 0x0D, 0x0D, 0x0F, 0x0C, 0x0D, 0x0D, 0x0D, 0x0C, 0x0D,
    0x0D, 0x0D, 0x0E, 0x0E, 0x0D, 0x0B, 0x0C, 0x0D, 0x11, 0x0A, 0x0A, 0x11, 0x0C, 0x0D, 0x0F, 0x0F, 0x0F, 0x0C, 0x0D, 0x0C, 0x0C, 0x0C, 0x0B, 0x0C,
    0x0D, 0x0C, 0x0C, 0x0D, 0x0C, 0x0B, 0x0D, 0x0C, 0x0C, 0x0B, 0x0C, 0x0D, 0x0D, 0x0B, 0x0C, 0x0D, 0x0D, 0x0E, 0x0D, 0x0E, 0x0E, 0x0D, 0x0C, 0x0B,
    0x0D, 0x0D, 0x0D, 0x0E, 0x0D, 0x0E, 0x0D, 0x0D, 0x0D, 0x0D, 0x0E, 0x0D, 0x0E, 0x0F, 0x0F, 0x0A, 0x11, 0x0F, 0x0F, 0x0B, 0x09, 0x09, 0x0E, 0x0C,
    0x0D, 0x0D, 0x0B, 0x0B, 0x0C, 0x0E, 0x0A, 0x0A, 0x0E, 0x0F, 0x0E, 0x0D, 0x0F, 0x0D, 0x0D, 0x0D, 0x0F, 0x0D, 0x0E, 0x0D, 0x0D, 0x0E, 0x0D, 0x0E,
    0x03, 0x05, 0x09, 0x0C, 0x0C, 0x0B, 0x0B, 0x09, 0x0B, 0x05, 0x0D, 0x0C, 0x0C, 0x0D, 0x0D, 0x0E, 0x0D, 0x0C, 0x05, 0x03, 0x05, 0x0C, 0x0C, 0x0D,
    0x09, 0x05, 0x0B, 0x0C, 0x0C, 0x0C, 0x0D, 0x0B, 0x0B, 0x0B, 0x0C, 0x0D, 0x0D, 0x0D, 0x0E, 0x0E, 0x0D, 0x0D, 0x0B, 0x03, 0x02, 0x05, 0x0D, 0x0F,
    0x0D, 0x0C, 0x0B, 0x05, 0x0D, 0x0C, 0x0C, 0x09, 0x09, 0x0B, 0x0C, 0x05, 0x0B, 0x0B, 0x0E, 0x0E, 0x0D, 0x0E, 0x0C, 0x0D, 0x0D, 0x0D, 0x0B, 0x0C,
    0x0D, 0x0D, 0x0D, 0x0D, 0x0D, 0x0E, 0x0D, 0x0C, 0x0B, 0x0D, 0x0C, 0x0B, 0x0E, 0x0F, 0x11, 0x10, 0x0D, 0x11, 0x0D, 0x0B, 0x0C, 0x0B, 0x05, 0x09,
    0x0B, 0x09, 0x0C, 0x0C, 0x0D, 0x0D, 0x0D, 0x0A, 0x0E, 0x0E, 0x0B, 0x0C, 0x0B, 0x0D, 0x0E, 0x0F, 0x0E, 0x0D, 0x0D, 0x09, 0x0B, 0x0F, 0x11, 0x0F,
    0x0A, 0x0E, 0x0D, 0x0D, 0x0A, 0x0C, 0x0C, 0x0C, 0x0B, 0x0B, 0x0C, 0x0E, 0x0E, 0x0D, 0x0E, 0x0D, 0x0D, 0x0D, 0x0B, 0x0B, 0x0B, 0x0B, 0x0D, 0x0E,
    0x0C, 0x0D, 0x0D, 0x0D, 0x0D, 0x0D, 0x0D, 0x0D, 0x0D, 0x05, 0x05, 0x03, 0x0C, 0x0C, 0x0D, 0x0E, 0x0D, 0x0C, 0x0D, 0x0D, 0x0D, 0x0E, 0x0E, 0x0E,
    0x0E, 0x0E, 0x13, 0x12, 0x11, 0x0F, 0x0D, 0x0D, 0x0B, 0x0C, 0x09, 0x09, 0x0B, 0x0D, 0x0D, 0x0D, 0x0E, 0x0F, 0x0F, 0x0F, 0x0A, 0x0F, 0x0F, 0x0A,
    0x0F, 0x0D, 0x0F, 0x0F, 0x0E, 0x0B, 0x0C, 0x0B, 0x0D, 0x0D, 0x0D, 0x0D, 0x0B, 0x09, 0x05, 0x05, 0x0C, 0x0B, 0x0D, 0x09, 0x0B, 0x05, 0x0B, 0x09,
    0x09, 0x0B, 0x0D, 0x0D, 0x0D, 0x0E, 0x0D, 0x0D, 0x0C, 0x0C, 0x0D, 0x0D, 0x0D, 0x0B, 0x0B, 0x0B, 0x0C, 0x0B, 0x0C, 0x0C, 0x0B, 0x0C, 0x0B, 0x0C,
    0x0C, 0x0C, 0x0C, 0x0D, 0x0E, 0x0A, 0x0A, 0x0C, 0x03, 0x01, 0x0B, 0x0D, 0x0E, 0x0D, 0x0D, 0x0C, 0x0F, 0x0B, 0x05, 0x0B, 0x0D, 0x0D, 0x0B, 0x0D,
    0x0A, 0x05, 0x0C, 0x0E, 0x0F, 0x0E, 0x0E, 0x0D, 0x0D, 0x0D, 0x0C, 0x0B, 0x0D, 0x0C, 0x0B, 0x0C, 0x0D, 0x0D, 0x0B, 0x0C, 0x0C, 0x0C, 0x0D, 0x0D,
    0x0C, 0x0D, 0x0F, 0x0A, 0x0A, 0x0A, 0x0C, 0x0C, 0x0C, 0x0D, 0x0D, 0x0C, 0x0B, 0x05, 0x03, 0x0C, 0x0D, 0x0C, 0x0D, 0x0F, 0x0F, 0x0D, 0x0D, 0x09,
    0x0C, 0x0D, 0x0C, 0x0E, 0x0D, 0x0D, 0x0E, 0x0F, 0x0F, 0x0D, 0x0A, 0x0A, 0x0F, 0x0A, 0x0D, 0x0F, 0x10, 0x0E, 0x0E, 0x0B, 0x0C, 0x0D, 0x0D, 0x0D,
    0x0C, 0x0D, 0x0F, 0x0F, 0x0D, 0x09, 0x0B, 0x0B, 0x0B, 0x0D, 0x0C, 0x0C, 0x0C, 0x0C, 0x0D, 0x0D, 0x0D, 0x0D, 0x0E, 0x0B, 0x0D, 0x0F, 0x0A, 0x0D,
    0x0D, 0x0E, 0x0D, 0x0D, 0x0D, 0x0F, 0x0D, 0x0D, 0x0D, 0x0E, 0x0D, 0x0E, 0x0B, 0x0D, 0x0E, 0x0A, 0x0E, 0x0E, 0x0D, 0x0D, 0x0C, 0x0C, 0x0E, 0x0D,
    0x0E, 0x03, 0x05, 0x0B, 0x0D, 0x0E, 0x0E, 0x11, 0x0A, 0x0F, 0x0D, 0x0D, 0x0E, 0x0F, 0x11, 0x0A, 0x0E, 0x0F, 0x0A, 0x0E, 0x0E, 0x09, 0x0D, 0x0D,
    0x0C, 0x0B, 0x0B, 0x0B, 0x0B, 0x0C, 0x0D, 0x0C, 0x09, 0x0B, 0x0B, 0x0C, 0x0C, 0x0B, 0x0C, 0x0D, 0x0D, 0x0D, 0x0E, 0x0F, 0x0F, 0x0F, 0x0D, 0x0D,
    0x0E, 0x0E, 0x0E, 0x09, 0x05, 0x0B, 0x0B, 0x0C, 0x0C, 0x0D, 0x0B, 0x0C, 0x0C, 0x0C, 0x0C, 0x0B, 0x05, 0x0B, 0x0E, 0x0D, 0x0D, 0x05, 0x04, 0x01,
    0x05, 0x0C, 0x0B, 0x0F, 0x0E, 0x0D, 0x0E, 0x0D, 0x0D, 0x0C, 0x0B, 0x0D, 0x0E, 0x0D, 0x0B, 0x0E, 0x0D, 0x0B, 0x0F, 0x0D, 0x05, 0x05, 0x0B, 0x0D,
    0x0C, 0x0C, 0x0C, 0x09, 0x05, 0x09, 0x09, 0x0B, 0x0B, 0x0C, 0x0D, 0x0D, 0x0C, 0x0C, 0x0F, 0x0D, 0x12, 0x0A, 0x0F, 0x0E, 0x0E, 0x0E, 0x0D, 0x0C,
    0x0C, 0x0B, 0x0C, 0x0C, 0x0D, 0x0D, 0x0D, 0x0B, 0x0F, 0x0A, 0x0D, 0x0C, 0x0B, 0x0C, 0x0C, 0x0C, 0x0C, 0x0D, 0x0F, 0x0F, 0x0D, 0x0E, 0x0F, 0x0E,
    0x0B, 0x0D, 0x0E, 0x0A, 0x0D, 0x0D, 0x0D, 0x0D, 0x0F, 0x0B, 0x09, 0x09, 0x09, 0x09, 0x0B, 0x05, 0x09, 0x05, 0x02, 0x09, 0x09, 0x0B, 0x0B, 0x0D,
    0x0D, 0x0D, 0x0C, 0x0C, 0x0D, 0x0D, 0x0D, 0x0D, 0x0E, 0x0D, 0x0A, 0x0F, 0x0D, 0x0D, 0x0E, 0x0B, 0x0B, 0x0E, 0x0E, 0x0D, 0x0E, 0x0E, 0x0E, 0x0D,
    0x0F, 0x11, 0x10, 0x10, 0x0F, 0x0D, 0x0D, 0x0C, 0x0C, 0x0D, 0x0D, 0x0F, 0x0A, 0x10, 0x0F, 0x0D, 0x09, 0x0B, 0x0F, 0x0E, 0x0E, 0x0D, 0x0C, 0x0D,
    0x0F, 0x0E, 0x0F, 0x0D, 0x0E, 0x0F, 0x0F, 0x0C, 0x0B, 0x0B, 0x09, 0x0D, 0x05, 0x09, 0x05, 0x05, 0x02, 0x0B, 0x09, 0x0D, 0x0D, 0x0B, 0x0D, 0x0B,
    0x0E, 0x0C, 0x0B, 0x0B, 0x0D, 0x0E, 0x0D, 0x0D, 0x0C, 0x0C, 0x0D, 0x0D, 0x0D, 0x0E, 0x0E, 0x0D, 0x0B, 0x05, 0x03, 0x0C, 0x0D, 0x0D, 0x0C, 0x0B,
    0x09, 0x09, 0x05, 0x01, 0x03, 0x0C, 0x0F, 0x0A, 0x0F, 0x0B, 0x05, 0x03, 0x05, 0x05, 0x0C, 0x0D, 0x0D, 0x0D, 0x0C, 0x0D, 0x0D, 0x0C, 0x0E, 0x0D,
    0x05, 0x0D, 0x0C, 0x0C, 0x0F, 0x0F, 0x0A, 0x0A, 0x0B, 0x0E, 0x0E, 0x0C, 0x0C, 0x0C, 0x09, 0x0D, 0x0D, 0x0B, 0x0C, 0x09, 0x09, 0x0C, 0x0C, 0x0D,
    0x0C, 0x0B, 0x0F, 0x10, 0x11, 0x0E, 0x0D, 0x0D, 0x0D, 0x0D, 0x0C, 0x0D, 0x0D, 0x0D, 0x0D, 0x0E, 0x0E, 0x0E, 0x0D, 0x0D, 0x0D, 0x0D, 0x0E, 0x0C,
    0x0B, 0x0B, 0x0D, 0x0C, 0x09, 0x0B, 0x0D, 0x0D, 0x0D, 0x0D, 0x0D, 0x0F, 0x0D, 0x0D, 0x0D, 0x13, 0x0D, 0x0E, 0x0F, 0x11, 0x0C, 0x05, 0x05, 0x09,
    0x09, 0x03, 0x03, 0x03, 0x03, 0x09, 0x0B, 0x0B, 0x0B, 0x0B, 0x0C, 0x0C, 0x0D, 0x0D, 0x0D, 0x0D, 0x0D, 0x0D, 0x0D, 0x0D, 0x0E, 0x0D, 0x0E, 0x0F,
    0x0D, 0x0D, 0x0B, 0x09, 0x0B, 0x0D, 0x0C, 0x0B, 0x0B, 0x0C, 0x0C, 0x0E, 0x0D, 0x0E, 0x0E, 0x0D, 0x0D, 0x0D, 0x0E, 0x0D, 0x0D, 0x0D, 0x0C, 0x0F,
    0x0F, 0x0F, 0x11, 0x0E, 0x0B, 0x0B, 0x0C, 0x0D, 0x0D, 0x0A, 0x0F, 0x0E, 0x0D, 0x0D, 0x0E, 0x0F, 0x0D, 0x0D, 0x09, 0x09, 0x0C, 0x0B, 0x09, 0x03,
    0x05, 0x09, 0x0D, 0x0C, 0x0B, 0x0B, 0x0B, 0x0B, 0x0B, 0x0B, 0x09, 0x0A, 0x0F, 0x0C, 0x0D, 0x0D, 0x0B, 0x0C, 0x0C, 0x0B, 0x0B, 0x0C, 0x0E, 0x0D,
    0x0D, 0x0D, 0x0F, 0x0A, 0x0A, 0x09, 0x06, 0x01, 0x05, 0x0B, 0x0B, 0x0B, 0x09, 0x05, 0x0C, 0x0D, 0x0D, 0x0A, 0x0F, 0x0E, 0x0C, 0x0B, 0x0B, 0x0D,
    0x02, 0x05, 0x0B, 0x0E, 0x0D, 0x0E, 0x0C, 0x0C, 0x0B, 0x0D, 0x10, 0x13, 0x0E, 0x0B, 0x05, 0x09, 0x0B, 0x0E, 0x10, 0x0F, 0x0D, 0x0E, 0x0E, 0x0D,
    0x0C, 0x0B, 0x0C, 0x0E, 0x0F, 0x0E, 0x0D, 0x0D, 0x0C, 0x0C, 0x0C, 0x0D, 0x09, 0x05, 0x0E, 0x10, 0x0A, 0x0D, 0x0C, 0x0B, 0x05, 0x0C, 0x0D, 0x0C,
    0x0D, 0x0D, 0x0D, 0x0B, 0x0C, 0x0C, 0x0C, 0x0F, 0x0F, 0x0D, 0x0E, 0x0E, 0x0E, 0x0D, 0x0B, 0x03, 0x05, 0x0B, 0x0C, 0x0C, 0x0C, 0x0C, 0x0C, 0x0E,
    0x0E, 0x0A, 0x0F, 0x10, 0x0A, 0x0A, 0x0F, 0x0E, 0x0D, 0x0D, 0x0C, 0x09, 0x0C, 0x0B, 0x09, 0x05, 0x09, 0x0B, 0x0D, 0x0D, 0x0D, 0x0D, 0x0D, 0x0D,
    0x0D, 0x0D, 0x0D, 0x0F, 0x0D, 0x0D, 0x0D, 0x0D, 0x0C, 0x0C, 0x0D, 0x0D, 0x0C, 0x0C, 0x0C, 0x0C, 0x0C, 0x0C, 0x0C, 0x0C, 0x0B, 0x0C, 0x0D, 0x0D,
    0x0D, 0x0D, 0x0D, 0x0D, 0x0E, 0x0D, 0x0D, 0x0D, 0x0E, 0x0F, 0x0F, 0x0E, 0x11, 0x0A, 0x0E, 0x0D, 0x0C, 0x0B, 0x0C, 0x0D, 0x0C, 0x0D, 0x0D, 0x0D,
    0x0C, 0x0C, 0x0C, 0x0D, 0x0D, 0x0E, 0x0D, 0x05, 0x05, 0x03, 0x0D, 0x0C, 0x0B, 0x0B, 0x09, 0x0B, 0x0C, 0x0B, 0x0B, 0x09, 0x0B, 0x09, 0x0B, 0x09,
    0x0D, 0x0D, 0x0B, 0x0B, 0x09, 0x09, 0x0B, 0x0B, 0x0B, 0x0B, 0x0C, 0x0B, 0x0C, 0x0D, 0x0A, 0x0A, 0x11, 0x0F, 0x05, 0x02, 0x02, 0x02, 0x05, 0x05,
    0x03, 0x05, 0x05, 0x0C, 0x0D, 0x0F, 0x0F, 0x0D, 0x0E, 0x0D, 0x0F, 0x10, 0x0C, 0x0B, 0x0D, 0x0E, 0x0D, 0x0C, 0x0C, 0x0B, 0x0B, 0x0C, 0x0E, 0x0A,
    0x0C, 0x0C, 0x0D, 0x0B, 0x0B, 0x0E, 0x0D, 0x0E, 0x0F, 0x0E, 0x0D, 0x0D, 0x0D, 0x0D, 0x0D, 0x0D, 0x0F, 0x0F, 0x0D, 0x0D, 0x0C, 0x0C, 0x0C, 0x0C,
    0x09, 0x0D, 0x05, 0x0C, 0x0D, 0x0E, 0x0E, 0x0B, 0x0B, 0x0D, 0x0D, 0x0D, 0x0E, 0x0E, 0x0D, 0x0B, 0x05, 0x0D, 0x0D, 0x0C, 0x05, 0x0D, 0x0D, 0x0F,
    0x0F, 0x0D, 0x0D, 0x0D, 0x0D, 0x0B, 0x05, 0x0D, 0x0D, 0x0C, 0x0D, 0x0D, 0x0E, 0x0D, 0x0F, 0x0D, 0x0D, 0x11, 0x0F, 0x0D, 0x0D, 0x0D, 0x0D, 0x0B,
    0x0B, 0x0D, 0x0C, 0x09, 0x0B, 0x0B, 0x0C, 0x0D, 0x0C, 0x09, 0x09, 0x0D, 0x0D, 0x0D, 0x0D, 0x0D, 0x0D, 0x0D, 0x0D, 0x0D, 0x0D, 0x0D, 0x0C, 0x0D,
    0x0D, 0x0D, 0x0C, 0x0C, 0x0B, 0x0C, 0x0B, 0x09, 0x0C, 0x0D, 0x0D, 0x0C, 0x0D, 0x0D, 0x0E, 0x0D, 0x0D, 0x0D, 0x0E, 0x0F, 0x0E, 0x0F, 0x0A, 0x0F,
    0x0F, 0x0E, 0x0D, 0x0B, 0x0C, 0x0E, 0x0D, 0x0B, 0x0C, 0x05, 0x0B, 0x05, 0x05, 0x09, 0x05, 0x0B, 0x0D, 0x0D, 0x0D, 0x0C, 0x05, 0x05, 0x0B, 0x0C,
    0x09, 0x09, 0x09, 0x0B, 0x0C, 0x0B, 0x0B, 0x0B, 0x0B, 0x09, 0x0B, 0x0B, 0x0B, 0x0C, 0x0C, 0x0C, 0x0B, 0x09, 0x09, 0x05, 0x0C, 0x0B, 0x0B, 0x0C,
    0x0C, 0x0C, 0x0D, 0x0D, 0x0F, 0x0A, 0x0F, 0x05, 0x06, 0x01, 0x04, 0x05, 0x0B, 0x0C, 0x0D, 0x0B, 0x0B, 0x0D, 0x0F, 0x0F, 0x0F, 0x0D, 0x0D, 0x0C,
    0x05, 0x0B, 0x0D, 0x0C, 0x0C, 0x0D, 0x0C, 0x0B, 0x0B, 0x0B, 0x0D, 0x0C, 0x0C, 0x0C, 0x0B, 0x0B, 0x0D, 0x0C, 0x0D, 0x0C, 0x0D, 0x0C, 0x0D, 0x0C,
    0x0B, 0x0D, 0x0E, 0x0E, 0x0E, 0x0F, 0x0F, 0x0E, 0x0E, 0x0E, 0x0C, 0x0B, 0x0C, 0x0D, 0x0D, 0x0C, 0x0E, 0x0F, 0x0A, 0x0E, 0x0A, 0x0D, 0x0D, 0x0D,
    0x0C, 0x0D, 0x0C, 0x0D, 0x0D, 0x0F, 0x0D, 0x0C, 0x0D, 0x0E, 0x0D, 0x0D, 0x0E, 0x0D, 0x0E, 0x0B, 0x0C, 0x0E, 0x0D, 0x0D, 0x0E, 0x0F, 0x11, 0x0A,
    0x0E, 0x0D, 0x0E, 0x0F, 0x0D, 0x0C, 0x0B, 0x0D, 0x0C, 0x0D, 0x0C, 0x0D, 0x0C, 0x0D, 0x0E, 0x0B, 0x05, 0x05, 0x05, 0x03, 0x09, 0x0C, 0x09, 0x0B,
    0x0B, 0x05, 0x0B, 0x09, 0x0C, 0x0D, 0x0D, 0x0D, 0x0D, 0x0D, 0x0D, 0x0C, 0x0D, 0x0C, 0x0C, 0x0B, 0x0B, 0x09, 0x0B, 0x09, 0x0C, 0x0F, 0x0D, 0x0C,
    0x0D, 0x0D, 0x0D, 0x0D, 0x0D, 0x0C, 0x0C, 0x0D, 0x0D, 0x0E, 0x0E, 0x0E, 0x0E, 0x0E, 0x0B, 0x0B, 0x0B, 0x0D, 0x0E, 0x0D, 0x0D, 0x0C, 0x05, 0x03,
    0x05, 0x0B, 0x09, 0x0B, 0x09, 0x0C, 0x0E, 0x0F, 0x0D, 0x0C, 0x0E, 0x0D, 0x09, 0x0B, 0x0C, 0x0B, 0x02, 0x05, 0x05, 0x0B, 0x09, 0x0B, 0x0B, 0x0B,
    0x0C, 0x0D, 0x0C, 0x0B, 0x0B, 0x0B, 0x0D, 0x0D, 0x0C, 0x0B, 0x0B, 0x0C, 0x0C, 0x0C, 0x0C, 0x0D, 0x11, 0x13, 0x14, 0x13, 0x0A, 0x0B, 0x03, 0x0B,
    0x0C, 0x0D, 0x0D, 0x0B, 0x0B, 0x0C, 0x0F, 0x0F, 0x0E, 0x0B, 0x09, 0x03, 0x01, 0x0B, 0x0B, 0x0B, 0x0C, 0x0C, 0x0C, 0x0D, 0x0D, 0x0C, 0x0B, 0x0D,
    0x0D, 0x0B, 0x0D, 0x0D, 0x0B, 0x09, 0x09, 0x0D, 0x0B, 0x0C, 0x0D, 0x0B, 0x0C, 0x0C, 0x0C, 0x0C, 0x0D, 0x0D, 0x0D, 0x0D, 0x0A, 0x0D, 0x0C, 0x0B,
    0x0B, 0x0B, 0x0C, 0x0C, 0x0F, 0x0E, 0x0F, 0x11, 0x11, 0x0F, 0x0D, 0x0D, 0x0D, 0x0C, 0x0E, 0x0D, 0x0D, 0x0D, 0x0C, 0x0D, 0x0D, 0x0F, 0x0E, 0x0D,
    0x0E, 0x0D, 0x0A, 0x0F, 0x0D, 0x0B, 0x0B, 0x0C, 0x0E, 0x0E, 0x0E, 0x0E, 0x0F, 0x11, 0x0A, 0x0E, 0x0D, 0x0E, 0x0D, 0x11, 0x0A, 0x0D, 0x0B, 0x0B,
    0x0D, 0x0E, 0x0D, 0x0C, 0x03, 0x05, 0x09, 0x0C, 0x0B, 0x0C, 0x0B, 0x0B, 0x09, 0x0C, 0x0C, 0x0D, 0x0C, 0x0D, 0x0D, 0x0D, 0x0D, 0x0C, 0x0B, 0x0C,
    0x0C, 0x09, 0x09, 0x09, 0x0B, 0x09, 0x0B, 0x09, 0x09, 0x0D, 0x0D, 0x0D, 0x0D, 0x0D, 0x0D, 0x0C, 0x0B, 0x0C, 0x0D, 0x0D, 0x0E, 0x0E, 0x0F, 0x11,
    0x0D, 0x0B, 0x03, 0x05, 0x05, 0x0B, 0x0D, 0x0C, 0x0B, 0x05, 0x0B, 0x0B, 0x09, 0x0B, 0x0C, 0x0D, 0x0D, 0x0C, 0x0C, 0x0D, 0x11, 0x0F, 0x0E, 0x0D,
    0x05, 0x0B, 0x0B, 0x0C, 0x0C, 0x0B, 0x0B, 0x05, 0x0B, 0x0B, 0x0B, 0x0B, 0x0B, 0x0B, 0x0C, 0x0D, 0x0C, 0x0B, 0x0C, 0x0C, 0x0D, 0x0D, 0x0D, 0x0C,
    0x0B, 0x0B, 0x0C, 0x0C, 0x0D, 0x11, 0x11, 0x13, 0x12, 0x14, 0x13, 0x11, 0x0C, 0x0E, 0x0D, 0x0C, 0x0C, 0x0D, 0x0C, 0x0B, 0x0E, 0x0F, 0x0A, 0x0B,
    0x01, 0x0B, 0x09, 0x0B, 0x0B, 0x0B, 0x0B, 0x0C, 0x0D, 0x0D, 0x0D, 0x0D, 0x0C, 0x0C, 0x0C, 0x0C, 0x0C, 0x0D, 0x0C, 0x0B, 0x0B, 0x0D, 0x0C, 0x05,
    0x0B, 0x0C, 0x0C, 0x0C, 0x0C, 0x0C, 0x0C, 0x0D, 0x0F, 0x0F, 0x0C, 0x0F, 0x0D, 0x0B, 0x0B, 0x0C, 0x0D, 0x0C, 0x0C, 0x0D, 0x0F, 0x0F, 0x0F, 0x0D,
    0x0D, 0x0E, 0x0D, 0x0D, 0x0D, 0x0C, 0x0C, 0x0A, 0x0C, 0x0B, 0x0C, 0x0C, 0x0D, 0x0D, 0x0D, 0x0D, 0x0D, 0x0C, 0x0D, 0x0E, 0x0D, 0x0F, 0x0D, 0x0C,
    0x0F, 0x0F, 0x0F, 0x0D, 0x0E, 0x0D, 0x0F, 0x11, 0x0A, 0x0F, 0x0D, 0x0C, 0x0D, 0x0E, 0x0D, 0x0D, 0x0C, 0x0B, 0x0B, 0x0B, 0x0B, 0x0C, 0x0B, 0x0B,
    0x09, 0x0C, 0x0C, 0x0C, 0x0C, 0x0C, 0x0B, 0x0B, 0x09, 0x09, 0x09, 0x0B, 0x09, 0x09, 0x05, 0x09, 0x09, 0x09, 0x09, 0x09, 0x0B, 0x0C, 0x0D, 0x0E,
    0x0D, 0x0C, 0x0D, 0x0C, 0x0D, 0x0D, 0x0D, 0x0D, 0x0D, 0x0E, 0x0D, 0x0E, 0x0C, 0x0B, 0x05, 0x03, 0x02, 0x03, 0x09, 0x0B, 0x09, 0x0D, 0x0D, 0x05,
    0x03, 0x01, 0x05, 0x0B, 0x0C, 0x09, 0x05, 0x0B, 0x0D, 0x0D, 0x0D, 0x0D, 0x05, 0x05, 0x09, 0x0B, 0x0B, 0x09, 0x05, 0x05, 0x09, 0x05, 0x05, 0x0B,
    0x0B, 0x0C, 0x0B, 0x0B, 0x0B, 0x0B, 0x0B, 0x09, 0x05, 0x0B, 0x0B, 0x0B, 0x0B, 0x0B, 0x0B, 0x0C, 0x0C, 0x0C, 0x0D, 0x0E, 0x0F, 0x0E, 0x0D, 0x0D,
    0x0C, 0x0C, 0x0D, 0x0C, 0x0E, 0x0F, 0x0E, 0x0D, 0x0D, 0x0F, 0x13, 0x0F, 0x03, 0x0B, 0x0E, 0x0B, 0x0B, 0x05, 0x0B, 0x0B, 0x0B, 0x0D, 0x0D, 0x0C,
    0x0C, 0x0C, 0x0D, 0x0E, 0x0C, 0x0E, 0x0C, 0x0C, 0x0C, 0x0D, 0x0D, 0x0D, 0x0C, 0x0C, 0x0C, 0x0D, 0x0C, 0x0B, 0x0C, 0x0C, 0x0B, 0x0E, 0x0F, 0x0E,
    0x0C, 0x0B, 0x0B, 0x0D, 0x0B, 0x0B, 0x0C, 0x0C, 0x0C, 0x0D, 0x0D, 0x0F, 0x0D, 0x0D, 0x0F, 0x0F, 0x0F, 0x0D, 0x0A, 0x11, 0x0E, 0x0D, 0x0D, 0x0C,
    0x0D, 0x0D, 0x0E, 0x0E, 0x0C, 0x0D, 0x0E, 0x0D, 0x0D, 0x0D, 0x0A, 0x0D, 0x0C, 0x0D, 0x0D, 0x0C, 0x0D, 0x0C, 0x11, 0x11, 0x0F, 0x0B, 0x09, 0x0C,
    0x0E, 0x0D, 0x0E, 0x0E, 0x0C, 0x0C, 0x0C, 0x0B, 0x0B, 0x0C, 0x0C, 0x0D, 0x0C, 0x0C, 0x0C, 0x0B, 0x0B, 0x0B, 0x0D, 0x0C, 0x0B, 0x09, 0x09, 0x09,
    0x0B, 0x0B, 0x05, 0x09, 0x09, 0x09, 0x09, 0x09, 0x0C, 0x0D, 0x0D, 0x0D, 0x0D, 0x0C, 0x0B, 0x0B, 0x0B, 0x0C, 0x0E, 0x0E, 0x0D, 0x0C, 0x0C, 0x0B,
    0x0D, 0x0B, 0x0B, 0x09, 0x05, 0x02, 0x05, 0x0C, 0x0B, 0x0D, 0x0B, 0x05, 0x04, 0x03, 0x09, 0x0B, 0x0B, 0x0B, 0x0B, 0x05, 0x05, 0x0D, 0x0E, 0x0E,
    0x03, 0x03, 0x05, 0x05, 0x09, 0x0B, 0x05, 0x05, 0x0B, 0x05, 0x05, 0x05, 0x05, 0x05, 0x09, 0x09, 0x0B, 0x09, 0x0B, 0x0B, 0x05, 0x05, 0x03, 0x03,
    0x09, 0x05, 0x05, 0x05, 0x09, 0x0B, 0x0D, 0x0D, 0x0C, 0x0D, 0x0D, 0x0D, 0x0C, 0x0B, 0x0D, 0x0D, 0x0C, 0x0B, 0x0F, 0x0F, 0x0D, 0x10, 0x14, 0x14,
    0x0F, 0x0E, 0x0D, 0x0B, 0x0B, 0x05, 0x09, 0x09, 0x09, 0x0B, 0x0B, 0x05, 0x0B, 0x0B, 0x0B, 0x0E, 0x0E, 0x0D, 0x0E, 0x0C, 0x0E, 0x0E, 0x0E, 0x0D,
    0x0B, 0x0B, 0x0C, 0x0B, 0x0C, 0x0C, 0x0C, 0x0C, 0x0C, 0x0B, 0x0C, 0x0C, 0x0C, 0x0B, 0x0D, 0x0B, 0x09, 0x0F, 0x0E, 0x0B, 0x0C, 0x0E, 0x0F, 0x0D,
    0x0D, 0x0C, 0x0B, 0x0D, 0x0C, 0x0D, 0x0D, 0x11, 0x0F, 0x0D, 0x0D, 0x0C, 0x0D, 0x0D, 0x0D, 0x0D, 0x0D, 0x0D, 0x0D, 0x0F, 0x11, 0x0A, 0x0F, 0x0D,
    0x0D, 0x0D, 0x0D, 0x0C, 0x0D, 0x0D, 0x0F, 0x0A, 0x11, 0x0A, 0x0F, 0x11, 0x0F, 0x0D, 0x0D, 0x0D, 0x0D, 0x0C, 0x0C, 0x0C, 0x0F, 0x0D, 0x0C, 0x09,
    0x0B, 0x0D, 0x0C, 0x0C, 0x0D, 0x0C, 0x0D, 0x0E, 0x0D, 0x0C, 0x0D, 0x0D, 0x0C, 0x09, 0x09, 0x0B, 0x0B, 0x0B, 0x0B, 0x0B, 0x0C, 0x0D, 0x0D, 0x0C,
    0x0C, 0x0C, 0x0B, 0x0C, 0x0D, 0x0E, 0x0D, 0x0B, 0x0B, 0x05, 0x03, 0x02, 0x09, 0x0B, 0x0C, 0x03, 0x0B, 0x0B, 0x0D, 0x05, 0x03, 0x05, 0x02, 0x05,
    0x03, 0x02, 0x02, 0x09, 0x0D, 0x0E, 0x0B, 0x05, 0x0B, 0x09, 0x09, 0x0B, 0x03, 0x01, 0x01, 0x05, 0x0B, 0x03, 0x05, 0x03, 0x03, 0x05, 0x09, 0x05,
    0x05, 0x03, 0x05, 0x03, 0x05, 0x09, 0x03, 0x03, 0x05, 0x05, 0x05, 0x0D, 0x05, 0x03, 0x05, 0x05, 0x0C, 0x0D, 0x0B, 0x0E, 0x0F, 0x0D, 0x0C, 0x0D,
    0x0B, 0x0B, 0x0C, 0x0C, 0x0B, 0x0B, 0x0E, 0x0F, 0x0D, 0x0C, 0x0D, 0x0C, 0x0D, 0x0D, 0x0D, 0x0D, 0x0C, 0x05, 0x05, 0x0B, 0x05, 0x09, 0x0B, 0x0C,
    0x0B, 0x0B, 0x0B, 0x0D, 0x0D, 0x10, 0x0E, 0x0D, 0x0F, 0x0D, 0x0C, 0x0D, 0x0C, 0x0D, 0x0D, 0x0D, 0x0D, 0x0C, 0x0D, 0x0E, 0x0D, 0x0B, 0x0C, 0x0D,
    0x0E, 0x05, 0x0D, 0x05, 0x0F, 0x13, 0x0F, 0x0D, 0x0C, 0x0B, 0x0B, 0x0D, 0x0D, 0x0D, 0x0D, 0x0C, 0x0D, 0x0E, 0x0D, 0x0C, 0x0D, 0x0E, 0x0B, 0x0B,
    0x0C, 0x0E, 0x0D, 0x0D, 0x0D, 0x0C, 0x0C, 0x0E, 0x0F, 0x0D, 0x0F, 0x0E, 0x0E, 0x0D, 0x0D, 0x0D, 0x0D, 0x0A, 0x0F, 0x0F, 0x0F, 0x0F, 0x0F, 0x0E,
    0x0E, 0x0F, 0x0F, 0x0D, 0x0C, 0x0C, 0x0C, 0x0B, 0x0C, 0x0D, 0x0D, 0x0E, 0x0A, 0x0D, 0x0E, 0x0E, 0x0C, 0x0C, 0x0C, 0x0B, 0x0B, 0x0C, 0x0D, 0x0C,
    0x0C, 0x0C, 0x0B, 0x0C, 0x0D, 0x0C, 0x0C, 0x0C, 0x0C, 0x0D, 0x0C, 0x0C, 0x0B, 0x0B, 0x0C, 0x0D, 0x0D, 0x0D, 0x0B, 0x0E, 0x0F, 0x0B, 0x0B, 0x0C,
    0x0C, 0x0C, 0x0D, 0x0C, 0x0C, 0x0E, 0x0C, 0x0B, 0x0B, 0x09, 0x0B, 0x0D, 0x0B, 0x05, 0x02, 0x05, 0x05, 0x05, 0x0C, 0x0B, 0x0C, 0x0B, 0x09, 0x05,
    0x03, 0x03, 0x05, 0x05, 0x09, 0x0C, 0x0B, 0x05, 0x05, 0x05, 0x03, 0x0B, 0x05, 0x09, 0x0B, 0x05, 0x02, 0x01, 0x03, 0x05, 0x05, 0x09, 0x05, 0x05,
    0x0B, 0x0C, 0x0D, 0x0E, 0x09, 0x0D, 0x0D, 0x05, 0x0B, 0x0C, 0x0E, 0x0F, 0x0B, 0x0B, 0x0C, 0x0C, 0x0B, 0x0C, 0x0D, 0x0C, 0x0B, 0x0B, 0x0B, 0x0B,
    0x0D, 0x0D, 0x0C, 0x0E, 0x0D, 0x0D, 0x0D, 0x0B, 0x0B, 0x0B, 0x0B, 0x0B, 0x0B, 0x0B, 0x0B, 0x0B, 0x0E, 0x11, 0x0D, 0x0B, 0x0B, 0x0B, 0x0B, 0x0D,
    0x0E, 0x0D, 0x0C, 0x0E, 0x0C, 0x0D, 0x0D, 0x0D, 0x0E, 0x0A, 0x0D, 0x0F, 0x0E, 0x0D, 0x0D, 0x05, 0x0C, 0x0D, 0x0E, 0x0C, 0x0B, 0x0F, 0x0D, 0x0B,
    0x0D, 0x0C, 0x0B, 0x09, 0x0B, 0x0D, 0x0C, 0x0B, 0x0C, 0x0D, 0x0D, 0x0E, 0x0C, 0x0B, 0x0C, 0x0C, 0x0D, 0x0D, 0x0D, 0x0C, 0x0C, 0x0C, 0x0D, 0x0D,
    0x0F, 0x0D, 0x0D, 0x0A, 0x0E, 0x0D, 0x0E, 0x0E, 0x0E, 0x0E, 0x0C, 0x0C, 0x0D, 0x0D, 0x0D, 0x0D, 0x0D, 0x0D, 0x0C, 0x09, 0x0C, 0x0E, 0x0D, 0x0D,
    0x0D, 0x0C, 0x0D, 0x0D, 0x0F, 0x0C, 0x0C, 0x0F, 0x0D, 0x0D, 0x0C, 0x0D, 0x0D, 0x0D, 0x0D, 0x0C, 0x0C, 0x09, 0x09, 0x0B, 0x09, 0x0C, 0x0C, 0x0B,
    0x0C, 0x0C, 0x0D, 0x0D, 0x0E, 0x0D, 0x0C, 0x0D, 0x0B, 0x0C, 0x0C, 0x0D, 0x09, 0x09, 0x09, 0x0C, 0x0C, 0x0B, 0x09, 0x09, 0x0B, 0x0D, 0x0D, 0x0D,
    0x0C, 0x0C, 0x0D, 0x09, 0x05, 0x09, 0x0D, 0x0D, 0x0C, 0x09, 0x05, 0x03, 0x0D, 0x0C, 0x05, 0x09, 0x0B, 0x0C, 0x0C, 0x0D, 0x0D, 0x02, 0x05, 0x05,
    0x05, 0x09, 0x05, 0x03, 0x05, 0x0C, 0x0D, 0x0C, 0x0C, 0x0B, 0x0B, 0x0B, 0x0B, 0x0B, 0x05, 0x05, 0x09, 0x0B, 0x05, 0x09, 0x05, 0x0B, 0x0C, 0x0F,
    0x0F, 0x0F, 0x0E, 0x0B, 0x0B, 0x0D, 0x0D, 0x0C, 0x0B, 0x0B, 0x0D, 0x0E, 0x0B, 0x0B, 0x0D, 0x0F, 0x0B, 0x09, 0x0B, 0x0B, 0x0E, 0x0D, 0x0B, 0x0C,
    0x0D, 0x0C, 0x0B, 0x09, 0x0C, 0x0A, 0x0D, 0x0B, 0x0B, 0x0C, 0x0C, 0x0E, 0x0C, 0x0D, 0x0E, 0x0D, 0x0D, 0x0D, 0x0E, 0x0C, 0x0D, 0x0E, 0x0E, 0x0D,
    0x0E, 0x10, 0x10, 0x0C, 0x0D, 0x0B, 0x09, 0x0C, 0x09, 0x09, 0x0D, 0x0D, 0x0C, 0x0F, 0x0E, 0x0D, 0x0C, 0x09, 0x0D, 0x0C, 0x0F, 0x0E, 0x10, 0x0A,
    0x0D, 0x0D, 0x0E, 0x0D, 0x0F, 0x0A, 0x0E, 0x0C, 0x0B, 0x0C, 0x0B, 0x0F, 0x0E, 0x0D, 0x0F, 0x0D, 0x0D, 0x0F, 0x0C, 0x0C, 0x0B, 0x0C, 0x0C, 0x0D,
    0x0D, 0x0D, 0x0D, 0x0E, 0x0E, 0x0D, 0x0D, 0x0C, 0x0D, 0x0B, 0x0C, 0x0D, 0x0E, 0x0E, 0x0E, 0x0E, 0x0A, 0x11, 0x11, 0x0F, 0x0E, 0x0C, 0x0C, 0x0C,
    0x0D, 0x0D, 0x0C, 0x0D, 0x0D, 0x0D, 0x0D, 0x0D, 0x0B, 0x09, 0x0B, 0x0C, 0x0B, 0x0B, 0x0C, 0x0D, 0x0D, 0x0C, 0x0B, 0x09, 0x09, 0x05, 0x0E, 0x0D,
    0x09, 0x05, 0x05, 0x03, 0x09, 0x09, 0x09, 0x0D, 0x0E, 0x0C, 0x0C, 0x0D, 0x0C, 0x0D, 0x0D, 0x0D, 0x0D, 0x0D, 0x05, 0x0B, 0x09, 0x03, 0x05, 0x0C,
    0x05, 0x09, 0x05, 0x05, 0x03, 0x03, 0x05, 0x0B, 0x09, 0x05, 0x03, 0x05, 0x05, 0x0B, 0x05, 0x0B, 0x09, 0x0B, 0x09, 0x05, 0x0B, 0x0B, 0x0D, 0x0F,
    0x0E, 0x0B, 0x09, 0x03, 0x03, 0x03, 0x05, 0x0B, 0x05, 0x05, 0x0B, 0x0C, 0x0C, 0x0B, 0x0C, 0x0C, 0x0B, 0x0B, 0x0C, 0x0B, 0x0C, 0x0B, 0x0B, 0x0B,
    0x0B, 0x0B, 0x05, 0x0B, 0x0B, 0x0B, 0x0B, 0x0B, 0x0B, 0x0B, 0x0B, 0x09, 0x0D, 0x05, 0x0D, 0x0C, 0x0F, 0x0A, 0x0B, 0x0C, 0x0E, 0x0C, 0x0C, 0x0C,
    0x0C, 0x0D, 0x0B, 0x0B, 0x0D, 0x0D, 0x0E, 0x0D, 0x0B, 0x09, 0x0B, 0x0B, 0x0B, 0x0D, 0x0D, 0x0B, 0x0B, 0x0C, 0x0C, 0x0F, 0x0D, 0x0B, 0x0C, 0x0D,
    0x0F, 0x0D, 0x0C, 0x0B, 0x09, 0x0E, 0x0C, 0x0C, 0x0D, 0x0F, 0x0F, 0x0D, 0x0F, 0x0D, 0x0C, 0x0D, 0x0E, 0x0E, 0x0D, 0x0C, 0x0D, 0x0E, 0x0B, 0x0C,
    0x0C, 0x0C, 0x0C, 0x0C, 0x0C, 0x0C, 0x0C, 0x0C, 0x09, 0x0B, 0x0E, 0x0D, 0x0D, 0x0D, 0x0D, 0x0A, 0x0F, 0x0D, 0x0F, 0x0E, 0x0C, 0x0B, 0x05, 0x0B,
    0x0C, 0x0C, 0x05, 0x05, 0x0B, 0x0D, 0x0D, 0x0C, 0x0B, 0x0C, 0x0C, 0x0D, 0x0D, 0x0D, 0x0D, 0x0F, 0x0C, 0x0D, 0x0D, 0x0D, 0x0D, 0x0B, 0x09, 0x0B,
    0x0C, 0x0C, 0x0D, 0x0D, 0x0D, 0x0E, 0x0E, 0x0C, 0x0E, 0x0C, 0x0E, 0x0E, 0x0B, 0x0B, 0x0B, 0x09, 0x09, 0x0B, 0x09, 0x09, 0x0C, 0x0D, 0x09, 0x05,
    0x0D, 0x05, 0x09, 0x05, 0x0D, 0x0D, 0x0A, 0x0F, 0x0F, 0x0E, 0x0D, 0x0D, 0x05, 0x05, 0x05, 0x0B, 0x09, 0x05, 0x0B, 0x05, 0x0B, 0x0C, 0x05, 0x05,
    0x05, 0x0C, 0x0C, 0x0C, 0x0B, 0x05, 0x0B, 0x05, 0x05, 0x09, 0x05, 0x0B, 0x0B, 0x0D, 0x05, 0x05, 0x0B, 0x05, 0x02, 0x05, 0x03, 0x05, 0x03, 0x05,
    0x0C, 0x0D, 0x0E, 0x0C, 0x0D, 0x0C, 0x0B, 0x05, 0x05, 0x0B, 0x09, 0x0B, 0x0D, 0x0C, 0x09, 0x0B, 0x0B, 0x0B, 0x09, 0x0B, 0x0C, 0x0B, 0x0D, 0x0D,
    0x0C, 0x0C, 0x0D, 0x0F, 0x0E, 0x0B, 0x0D, 0x0B, 0x0B, 0x0C, 0x0D, 0x0D, 0x0C, 0x0D, 0x0C, 0x05, 0x0B, 0x0F, 0x0D, 0x05, 0x0D, 0x0B, 0x09, 0x03,
    0x0B, 0x0B, 0x0F, 0x10, 0x0F, 0x0D, 0x0C, 0x0C, 0x0B, 0x05, 0x0B, 0x0D, 0x0D, 0x0D, 0x0E, 0x11, 0x11, 0x0D, 0x0D, 0x0F, 0x0E, 0x0B, 0x0C, 0x0E,
    0x0D, 0x0D, 0x0D, 0x0D, 0x0D, 0x0D, 0x0D, 0x0C, 0x0D, 0x11, 0x0A, 0x0E, 0x0D, 0x0D, 0x0C, 0x0C, 0x0D, 0x0C, 0x0D, 0x0C, 0x0C, 0x0D, 0x0D, 0x0D,
    0x0C, 0x0D, 0x0F, 0x0E, 0x0D, 0x0A, 0x11, 0x0E, 0x05, 0x0C, 0x0B, 0x0B, 0x0C, 0x0C, 0x0D, 0x0D, 0x0D, 0x0B, 0x0C, 0x0D, 0x0D, 0x0E, 0x0D, 0x0C,
    0x05, 0x0B, 0x0C, 0x0C, 0x0D, 0x0C, 0x0D, 0x0C, 0x0C, 0x0D, 0x0C, 0x0D, 0x0C, 0x0B, 0x0C, 0x0D, 0x0C, 0x0E, 0x0A, 0x0F, 0x0E, 0x0F, 0x0C, 0x0B,
    0x0B, 0x05, 0x09, 0x0B, 0x0C, 0x0C, 0x0B, 0x03, 0x05, 0x09, 0x0B, 0x0B, 0x09, 0x0C, 0x0B, 0x09, 0x0B, 0x0D, 0x0D, 0x0D, 0x0E, 0x0D, 0x0B, 0x0B,
    0x0B, 0x0C, 0x0B, 0x09, 0x09, 0x05, 0x05, 0x05, 0x09, 0x05, 0x02, 0x01, 0x05, 0x03, 0x03, 0x05, 0x09, 0x0B, 0x0B, 0x0B, 0x09, 0x09, 0x09, 0x0B,
    0x0B, 0x09, 0x0C, 0x0B, 0x0D, 0x0C, 0x0D, 0x0B, 0x0C, 0x0B, 0x05, 0x09, 0x0B, 0x0B, 0x0C, 0x0B, 0x0D, 0x0D, 0x0C, 0x0C, 0x0C, 0x0B, 0x0E, 0x0D,
    0x0B, 0x0E, 0x0B, 0x0B, 0x0B, 0x0C, 0x0C, 0x0C, 0x0C, 0x0C, 0x0B, 0x0C, 0x0B, 0x0B, 0x0B, 0x0B, 0x0D, 0x09, 0x05, 0x0B, 0x0B, 0x0C, 0x0C, 0x0D,
    0x0D, 0x0C, 0x0C, 0x0C, 0x0B, 0x09, 0x0D, 0x0E, 0x0D, 0x0D, 0x0D, 0x09, 0x0B, 0x0B, 0x0D, 0x0D, 0x0D, 0x0B, 0x0B, 0x0B, 0x0B, 0x05, 0x05, 0x09,
    0x09, 0x03, 0x05, 0x0C, 0x0D, 0x0C, 0x0D, 0x0D, 0x0C, 0x0D, 0x0C, 0x0D, 0x0C, 0x0C, 0x0C, 0x0C, 0x0D, 0x0E, 0x0E, 0x0E, 0x0E, 0x0D, 0x0F, 0x0E,
    0x0E, 0x0E, 0x0C, 0x0D, 0x0D, 0x0D, 0x0D, 0x0D, 0x0D, 0x0C, 0x0C, 0x0C, 0x0D, 0x0D, 0x0F, 0x0F, 0x0D, 0x0D, 0x0E, 0x10, 0x10, 0x0A, 0x0C, 0x0D,
    0x0C, 0x09, 0x0D, 0x0E, 0x0C, 0x0B, 0x0B, 0x0D, 0x0C, 0x0D, 0x0D, 0x0D, 0x0D, 0x0C, 0x0C, 0x0C, 0x0D, 0x0D, 0x0D, 0x0B, 0x0B, 0x09, 0x0B, 0x0C,
    0x0C, 0x0C, 0x0C, 0x0D, 0x0D, 0x0C, 0x0D, 0x0E, 0x0F, 0x0F, 0x0D, 0x0C, 0x0D, 0x0C, 0x0B, 0x0B, 0x0D, 0x0F, 0x0F, 0x0D, 0x0B, 0x0C, 0x0D, 0x0D,
    0x0D, 0x0F, 0x0F, 0x0C, 0x0B, 0x05, 0x02, 0x09, 0x0D, 0x0E, 0x0D, 0x0C, 0x0B, 0x09, 0x05, 0x05, 0x09, 0x0D, 0x0B, 0x02, 0x03, 0x01, 0x09, 0x02,
    0x01, 0x02, 0x03, 0x03, 0x05, 0x05, 0x0B, 0x0C, 0x0B, 0x05, 0x0B, 0x0C, 0x0D, 0x0D, 0x0C, 0x0C, 0x09, 0x0B, 0x0E, 0x0F, 0x0E, 0x0E, 0x0D, 0x0B,
    0x0B, 0x0B, 0x0B, 0x0B, 0x0C, 0x0B, 0x0D, 0x0E, 0x0F, 0x0F, 0x0E, 0x0B, 0x0D, 0x0D, 0x0C, 0x0D, 0x0B, 0x0B, 0x09, 0x0B, 0x0C, 0x0C, 0x0B, 0x0C,
    0x0B, 0x0B, 0x0B, 0x05, 0x09, 0x0B, 0x0E, 0x0B, 0x0B, 0x0C, 0x0C, 0x0B, 0x0D, 0x0D, 0x0C, 0x0D, 0x0B, 0x05, 0x0C, 0x0A, 0x0A, 0x0F, 0x0F, 0x0A,
    0x0F, 0x0D, 0x0D, 0x0C, 0x0C, 0x0C, 0x05, 0x05, 0x05, 0x05, 0x05, 0x05, 0x09, 0x09, 0x09, 0x0B, 0x0E, 0x0C, 0x0D, 0x0E, 0x0C, 0x0C, 0x09, 0x0B,
    0x0B, 0x0B, 0x0C, 0x0B, 0x0C, 0x0C, 0x0D, 0x0F, 0x0D, 0x09, 0x0B, 0x0E, 0x0D, 0x0D, 0x0E, 0x0D, 0x0E, 0x0C, 0x0D, 0x0D, 0x0D, 0x0D, 0x0C, 0x0C,
    0x0B, 0x0C, 0x0D, 0x0E, 0x0F, 0x0E, 0x0F, 0x0F, 0x10, 0x0A, 0x0E, 0x0E, 0x0D, 0x0C, 0x0C, 0x0C, 0x0D, 0x0D, 0x0D, 0x0C, 0x0B, 0x0B, 0x0C, 0x0C,
    0x0D, 0x0D, 0x0F, 0x0D, 0x0D, 0x0C, 0x0C, 0x09, 0x0B, 0x0B, 0x0C, 0x0B, 0x0B, 0x0B, 0x05, 0x03, 0x05, 0x09, 0x0C, 0x0D, 0x0F, 0x0F, 0x0F, 0x0D,
    0x0C, 0x0D, 0x0B, 0x0D, 0x0D, 0x0D, 0x0F, 0x11, 0x0E, 0x0B, 0x0B, 0x0D, 0x0D, 0x0D, 0x0D, 0x0B, 0x03, 0x09, 0x0B, 0x0C, 0x0F, 0x0A, 0x0E, 0x0F,
    0x05, 0x09, 0x0B, 0x05, 0x03, 0x05, 0x09, 0x0B, 0x05, 0x05, 0x05, 0x0B, 0x0B, 0x0B, 0x05, 0x03, 0x03, 0x05, 0x0B, 0x05, 0x03, 0x03, 0x05, 0x05,
    0x0B, 0x0B, 0x09, 0x0C, 0x0C, 0x0C, 0x0B, 0x0B, 0x0B, 0x0B, 0x0B, 0x0C, 0x0C, 0x0C, 0x0C, 0x0B, 0x05, 0x09, 0x0B, 0x0B, 0x0B, 0x0D, 0x0B, 0x0C,
    0x05, 0x05, 0x03, 0x03, 0x05, 0x05, 0x09, 0x0B, 0x0B, 0x0C, 0x0B, 0x0B, 0x05, 0x05, 0x05, 0x03, 0x05, 0x05, 0x0B, 0x0C, 0x0B, 0x0B, 0x0C, 0x0C,
    0x0D, 0x0D, 0x0F, 0x0A, 0x0C, 0x05, 0x0C, 0x0D, 0x0D, 0x0D, 0x0E, 0x0C, 0x0E, 0x0D, 0x0C, 0x0C, 0x09, 0x0B, 0x05, 0x09, 0x05, 0x05, 0x09, 0x05,
    0x05, 0x09, 0x0B, 0x0D, 0x0D, 0x0C, 0x0C, 0x0C, 0x0B, 0x05, 0x0B, 0x09, 0x0B, 0x0D, 0x0F, 0x0D, 0x0C, 0x0D, 0x0C, 0x0B, 0x05, 0x0B, 0x0D, 0x0C,
    0x0D, 0x0C, 0x0B, 0x0D, 0x0E, 0x0B, 0x0C, 0x0C, 0x0C, 0x0D, 0x0C, 0x0C, 0x0B, 0x0C, 0x0C, 0x0D, 0x0D, 0x0E, 0x0E, 0x0D, 0x0D, 0x0E, 0x0D, 0x0D,
    0x0B, 0x0C, 0x0D, 0x0B, 0x0C, 0x0C, 0x0C, 0x0D, 0x0B, 0x0B, 0x0B, 0x0C, 0x0D, 0x0E, 0x0D, 0x0D, 0x0B, 0x0C, 0x0B, 0x0B, 0x0C, 0x0B, 0x0B, 0x0C,
    0x0C, 0x0B, 0x05, 0x09, 0x0C, 0x0B, 0x0C, 0x0E, 0x0E, 0x0D, 0x0E, 0x0D, 0x0A, 0x0B, 0x0D, 0x0D, 0x0D, 0x0D, 0x0E, 0x0A, 0x11, 0x0E, 0x0D, 0x0D,
    0x0E, 0x0D, 0x0B, 0x05, 0x0B, 0x05, 0x0C, 0x0C, 0x0D, 0x0F, 0x0F, 0x0F, 0x05, 0x09, 0x0B, 0x05, 0x05, 0x05, 0x05, 0x05, 0x05, 0x0B, 0x03, 0x05,
    0x0C, 0x0B, 0x09, 0x09, 0x05, 0x05, 0x0B, 0x0B, 0x05, 0x05, 0x05, 0x0B, 0x0B, 0x0B, 0x09, 0x05, 0x05, 0x03, 0x03, 0x05, 0x05, 0x0B, 0x0B, 0x0B,
    0x0C, 0x0B, 0x0C, 0x0C, 0x0B, 0x05, 0x02, 0x05, 0x05, 0x0B, 0x0B, 0x0B, 0x0C, 0x05, 0x0B, 0x03, 0x03, 0x09, 0x0B, 0x0B, 0x0D, 0x0D, 0x0C, 0x05,
    0x05, 0x09, 0x09, 0x0B, 0x0B, 0x05, 0x0B, 0x09, 0x0B, 0x05, 0x0B, 0x0C, 0x0C, 0x05, 0x05, 0x0B, 0x05, 0x0C, 0x0E, 0x0D, 0x0D, 0x0C, 0x0E, 0x0F,
    0x0D, 0x0C, 0x0C, 0x0C, 0x0B, 0x0E, 0x0D, 0x0C, 0x0B, 0x0B, 0x0B, 0x03, 0x01, 0x02, 0x09, 0x0C, 0x0B, 0x0B, 0x0B, 0x05, 0x0D, 0x0C, 0x0C, 0x0E,
    0x0E, 0x0D, 0x0D, 0x0E, 0x0F, 0x0D, 0x0D, 0x0D, 0x0F, 0x0F, 0x0A, 0x0E, 0x0D, 0x0D, 0x11, 0x0E, 0x0E, 0x0C, 0x0D, 0x0C, 0x0C, 0x0C, 0x0C, 0x05,
    0x05, 0x05, 0x0B, 0x0C, 0x0D, 0x0D, 0x0D, 0x0C, 0x0D, 0x0B, 0x0B, 0x09, 0x09, 0x05, 0x09, 0x0C, 0x0C, 0x0B, 0x05, 0x05, 0x05, 0x09, 0x0C, 0x0F,
    0x11, 0x0A, 0x0D, 0x0D, 0x0C, 0x0B, 0x0B, 0x0B, 0x0C, 0x0C, 0x09, 0x0C, 0x0D, 0x0C, 0x0B, 0x0B, 0x0D, 0x0F, 0x0F, 0x0D, 0x0E, 0x0F, 0x0F, 0x11,
    0x0F, 0x0A, 0x0E, 0x0F, 0x0A, 0x11, 0x0F, 0x0F, 0x11, 0x0F, 0x0E, 0x0D, 0x0D, 0x0E, 0x0E, 0x0D, 0x0B, 0x0B, 0x0C, 0x05, 0x05, 0x0E, 0x0D, 0x0C,
    0x05, 0x05, 0x09, 0x0B, 0x09, 0x09, 0x05, 0x05, 0x0B, 0x09, 0x05, 0x09, 0x05, 0x0B, 0x0B, 0x09, 0x05, 0x0B, 0x0B, 0x09, 0x05, 0x03, 0x05, 0x05,
    0x05, 0x09, 0x0E, 0x0C, 0x0C, 0x0C, 0x0C, 0x0B, 0x0B, 0x0B, 0x0B, 0x0B, 0x0B, 0x0B, 0x0B, 0x0B, 0x0B, 0x0D, 0x0C, 0x0B, 0x05, 0x0B, 0x0B, 0x0B,
    0x0C, 0x0B, 0x09, 0x05, 0x05, 0x0B, 0x0B, 0x0D, 0x0D, 0x0D, 0x0E, 0x0D, 0x0D, 0x0B, 0x0B, 0x0B, 0x0B, 0x0B, 0x0D, 0x0B, 0x09, 0x0D, 0x0C, 0x05,
    0x05, 0x05, 0x05, 0x05, 0x09, 0x0C, 0x0B, 0x0C, 0x0E, 0x0D, 0x0D, 0x0C, 0x0B, 0x03, 0x09, 0x0D, 0x0A, 0x0F, 0x0D, 0x0D, 0x0D, 0x0C, 0x0B, 0x05,
    0x05, 0x05, 0x05, 0x09, 0x0B, 0x0B, 0x0D, 0x0D, 0x0D, 0x0E, 0x0A, 0x0F, 0x0E, 0x0D, 0x0C, 0x0D, 0x0E, 0x0A, 0x0A, 0x0E, 0x0E, 0x0D, 0x0D, 0x0B,
    0x05, 0x0C, 0x0C, 0x0A, 0x0D, 0x0D, 0x0D, 0x0C, 0x0C, 0x0C, 0x0B, 0x05, 0x05, 0x0B, 0x09, 0x05, 0x0B, 0x0D, 0x0B, 0x0B, 0x05, 0x0B, 0x0C, 0x0C,
    0x0D, 0x0F, 0x0E, 0x0D, 0x09, 0x09, 0x03, 0x01, 0x05, 0x0C, 0x0D, 0x0D, 0x0D, 0x0D, 0x0D, 0x0D, 0x05, 0x0B, 0x0B, 0x0B, 0x0B, 0x0E, 0x0C, 0x0C,
    0x0D, 0x0B, 0x0B, 0x0C, 0x0C, 0x0D, 0x0E, 0x0D, 0x10, 0x0E, 0x0F, 0x0D, 0x0F, 0x0A, 0x10, 0x0F, 0x0F, 0x0A, 0x0F, 0x0F, 0x0D, 0x0E, 0x0D, 0x0C,
    0x0E, 0x0D, 0x0D, 0x0C, 0x0C, 0x0B, 0x0B, 0x0B, 0x02, 0x05, 0x0D, 0x0E, 0x05, 0x03, 0x09, 0x0D, 0x0D, 0x0F, 0x0D, 0x0D, 0x03, 0x05, 0x05, 0x05,
    0x03, 0x09, 0x05, 0x0B, 0x05, 0x09, 0x0B, 0x0C, 0x0B, 0x05, 0x05, 0x0B, 0x0B, 0x05, 0x05, 0x0C, 0x0C, 0x0C, 0x0B, 0x0C, 0x05, 0x05, 0x05, 0x05,
    0x0B, 0x0B, 0x09, 0x05, 0x0B, 0x0B, 0x0B, 0x0B, 0x02, 0x05, 0x05, 0x05, 0x05, 0x09, 0x03, 0x05, 0x05, 0x0B, 0x0B, 0x0B, 0x0C, 0x0B, 0x0C, 0x0E,
    0x0D, 0x0D, 0x0D, 0x0B, 0x05, 0x0B, 0x0D, 0x0B, 0x0B, 0x0D, 0x0D, 0x0B, 0x0B, 0x05, 0x05, 0x09, 0x0B, 0x0B, 0x0C, 0x0D, 0x0C, 0x0C, 0x0C, 0x0C,
    0x03, 0x05, 0x05, 0x0D, 0x0F, 0x0A, 0x0F, 0x0D, 0x0D, 0x0D, 0x0B, 0x0C, 0x0D, 0x0A, 0x0F, 0x0B, 0x0D, 0x0D, 0x0D, 0x0D, 0x0F, 0x10, 0x10, 0x0F,
    0x0D, 0x0D, 0x0D, 0x11, 0x11, 0x0A, 0x0C, 0x05, 0x0B, 0x0D, 0x0B, 0x0B, 0x0B, 0x05, 0x0E, 0x0D, 0x0F, 0x0E, 0x0D, 0x0D, 0x0D, 0x0C, 0x0C, 0x0E,
    0x0D, 0x0C, 0x0C, 0x0C, 0x0C, 0x0B, 0x0B, 0x0D, 0x0D, 0x0B, 0x0C, 0x09, 0x0C, 0x0C, 0x0D, 0x0D, 0x0E, 0x0B, 0x05, 0x09, 0x0B, 0x0B, 0x0B, 0x0D,
    0x0C, 0x0C, 0x0C, 0x0D, 0x0D, 0x0E, 0x0B, 0x09, 0x0C, 0x0D, 0x11, 0x0D, 0x0D, 0x0C, 0x0B, 0x0C, 0x0E, 0x0E, 0x0D, 0x0D, 0x0C, 0x0D, 0x0D, 0x0E,
    0x0D, 0x0A, 0x0F, 0x0E, 0x0F, 0x0D, 0x0D, 0x0C, 0x0C, 0x0D, 0x0E, 0x0D, 0x0E, 0x0F, 0x0F, 0x0E, 0x0E, 0x0D, 0x0C, 0x0B, 0x0B, 0x03, 0x0B, 0x0E,
    0x05, 0x05, 0x05, 0x03, 0x03, 0x09, 0x0B, 0x0B, 0x0C, 0x09, 0x05, 0x0B, 0x03, 0x03, 0x05, 0x09, 0x0B, 0x05, 0x03, 0x0C, 0x0F, 0x0C, 0x09, 0x0B,
    0x0D, 0x0C, 0x0D, 0x0C, 0x0D, 0x0C, 0x0B, 0x0D, 0x0F, 0x0D, 0x0B, 0x0B, 0x05, 0x05, 0x0B, 0x0D, 0x0E, 0x0D, 0x0F, 0x0D, 0x0B, 0x04, 0x01, 0x02,
    0x05, 0x05, 0x03, 0x05, 0x09, 0x0B, 0x0B, 0x0B, 0x0B, 0x0B, 0x0C, 0x0C, 0x0C, 0x0C, 0x0B, 0x0B, 0x05, 0x0C, 0x0C, 0x05, 0x09, 0x0B, 0x0B, 0x0C,
    0x0D, 0x0C, 0x09, 0x05, 0x0B, 0x0B, 0x0B, 0x0C, 0x0B, 0x0B, 0x09, 0x0C, 0x0B, 0x05, 0x0B, 0x05, 0x09, 0x0D, 0x0E, 0x0E, 0x0C, 0x0A, 0x13, 0x12,
    0x12, 0x11, 0x0B, 0x0B, 0x0C, 0x0E, 0x0D, 0x0D, 0x0D, 0x0E, 0x0D, 0x0B, 0x0C, 0x0D, 0x0E, 0x0C, 0x0E, 0x0C, 0x0F, 0x0A, 0x0B, 0x0B, 0x0C, 0x0E,
    0x11, 0x0D, 0x0C, 0x0B, 0x0C, 0x0C, 0x0D, 0x0D, 0x0C, 0x0B, 0x0C, 0x0D, 0x0D, 0x0B, 0x09, 0x0B, 0x0B, 0x05, 0x09, 0x0C, 0x0E, 0x0D, 0x09, 0x0C,
    0x0B, 0x0B, 0x0C, 0x0C, 0x0C, 0x0C, 0x0B, 0x09, 0x09, 0x09, 0x09, 0x0B, 0x09, 0x05, 0x05, 0x09, 0x09, 0x05, 0x0B, 0x0C, 0x0C, 0x0D, 0x0D, 0x0F,
    0x0D, 0x0B, 0x0B, 0x0D, 0x0D, 0x0F, 0x0D, 0x0D, 0x0B, 0x0C, 0x0D, 0x0D, 0x0C, 0x0C, 0x0C, 0x0D, 0x0F, 0x0C, 0x05, 0x0D, 0x0D, 0x0D, 0x0F, 0x0D,
    0x0D, 0x0D, 0x0E, 0x0D, 0x0E, 0x0C, 0x0B, 0x09, 0x0F, 0x0E, 0x0A, 0x10, 0x03, 0x03, 0x03, 0x02, 0x03, 0x05, 0x09, 0x09, 0x0D, 0x0D, 0x0B, 0x09,
    0x05, 0x05, 0x09, 0x0B, 0x0B, 0x05, 0x02, 0x02, 0x05, 0x0B, 0x09, 0x05, 0x05, 0x0B, 0x0B, 0x0D, 0x0D, 0x0B, 0x09, 0x0B, 0x0C, 0x0B, 0x0C, 0x05,
    0x05, 0x05, 0x0B, 0x0B, 0x0B, 0x0B, 0x0B, 0x0B, 0x0D, 0x05, 0x04, 0x01, 0x04, 0x04, 0x03, 0x05, 0x0B, 0x05, 0x0B, 0x05, 0x03, 0x05, 0x05, 0x09,
    0x0B, 0x0C, 0x0D, 0x09, 0x05, 0x0B, 0x0C, 0x05, 0x02, 0x05, 0x05, 0x05, 0x05, 0x09, 0x05, 0x05, 0x09, 0x0B, 0x0B, 0x0C, 0x0C, 0x0B, 0x0F, 0x0E,
    0x0F, 0x0F, 0x0F, 0x0D, 0x0A, 0x10, 0x0A, 0x0F, 0x0D, 0x0B, 0x0C, 0x0D, 0x0D, 0x0B, 0x09, 0x03, 0x0B, 0x0D, 0x0C, 0x0D, 0x0D, 0x0B, 0x0D, 0x0F,
    0x0C, 0x0B, 0x09, 0x09, 0x09, 0x09, 0x0F, 0x0E, 0x0D, 0x0E, 0x0E, 0x0E, 0x0E, 0x0C, 0x0B, 0x0F, 0x0A, 0x0F, 0x0D, 0x0D, 0x0B, 0x0B, 0x0B, 0x0C,
    0x0D, 0x0C, 0x0B, 0x0B, 0x03, 0x0B, 0x0B, 0x0B, 0x0C, 0x0C, 0x0B, 0x0D, 0x0E, 0x0D, 0x0C, 0x0C, 0x0B, 0x0C, 0x0D, 0x0B, 0x03, 0x01, 0x05, 0x03,
    0x05, 0x0B, 0x09, 0x05, 0x03, 0x01, 0x0C, 0x0D, 0x0C, 0x0E, 0x0C, 0x0C, 0x09, 0x0B, 0x0D, 0x0D, 0x0E, 0x0E, 0x0E, 0x0D, 0x0D, 0x0C, 0x0D, 0x0E,
    0x0C, 0x05, 0x05, 0x0C, 0x0C, 0x0C, 0x0E, 0x0D, 0x0C, 0x0E, 0x11, 0x0A, 0x0D, 0x0E, 0x0E, 0x0B, 0x0E, 0x0D, 0x0D, 0x05, 0x0B, 0x09, 0x0B, 0x0D,
    0x03, 0x05, 0x09, 0x09, 0x0B, 0x05, 0x09, 0x0B, 0x0C, 0x0D, 0x0D, 0x09, 0x05, 0x0B, 0x0B, 0x0B, 0x09, 0x09, 0x03, 0x01, 0x03, 0x09, 0x0C, 0x0C,
    0x0C, 0x0B, 0x0C, 0x0B, 0x0B, 0x0F, 0x0A, 0x0D, 0x0D, 0x0E, 0x0D, 0x0D, 0x0C, 0x0C, 0x0B, 0x09, 0x09, 0x0B, 0x0B, 0x05, 0x0D, 0x05, 0x05, 0x02,
    0x05, 0x03, 0x03, 0x05, 0x05, 0x05, 0x0B, 0x05, 0x01, 0x03, 0x05, 0x0B, 0x0C, 0x0B, 0x0C, 0x0B, 0x0D, 0x0C, 0x0B, 0x02, 0x05, 0x05, 0x09, 0x05,
    0x05, 0x0B, 0x05, 0x03, 0x03, 0x05, 0x0B, 0x0B, 0x0C, 0x0D, 0x0D, 0x0F, 0x0F, 0x11, 0x0A, 0x0F, 0x0E, 0x0F, 0x10, 0x10, 0x0F, 0x0B, 0x05, 0x09,
    0x0B, 0x0C, 0x0D, 0x05, 0x0B, 0x0E, 0x0D, 0x05, 0x05, 0x0D, 0x0D, 0x0E, 0x0D, 0x0D, 0x09, 0x05, 0x09, 0x0B, 0x0B, 0x0C, 0x0C, 0x0D, 0x0C, 0x0B,
    0x0E, 0x0D, 0x0D, 0x0E, 0x0F, 0x0F, 0x0D, 0x0E, 0x0C, 0x0D, 0x0D, 0x0C, 0x0C, 0x0C, 0x0C, 0x0B, 0x05, 0x05, 0x09, 0x0B, 0x0C, 0x0C, 0x0E, 0x0D,
    0x0E, 0x0B, 0x0B, 0x0B, 0x0B, 0x0B, 0x0B, 0x0C, 0x0D, 0x0B, 0x0B, 0x03, 0x01, 0x01, 0x09, 0x05, 0x0C, 0x0C, 0x0C, 0x0D, 0x0B, 0x0D, 0x0D, 0x09,
    0x03, 0x05, 0x09, 0x0B, 0x0C, 0x0F, 0x10, 0x10, 0x0E, 0x0C, 0x0B, 0x0B, 0x0D, 0x0E, 0x0D, 0x0D, 0x0B, 0x0B, 0x09, 0x03, 0x09, 0x0D, 0x0D, 0x0A,
    0x10, 0x10, 0x0F, 0x0E, 0x0D, 0x0D, 0x0D, 0x0C, 0x05, 0x0B, 0x03, 0x02, 0x05, 0x05, 0x09, 0x09, 0x0B, 0x09, 0x09, 0x09, 0x0B, 0x09, 0x0B, 0x0C,
    0x0E, 0x0D, 0x0D, 0x0E, 0x0E, 0x0F, 0x0F, 0x0D, 0x05, 0x05, 0x0B, 0x05, 0x0D, 0x0B, 0x0B, 0x0C, 0x0C, 0x0B, 0x0B, 0x0C, 0x0D, 0x0D, 0x0C, 0x0D,
    0x0D, 0x0D, 0x0C, 0x0C, 0x0D, 0x0D, 0x09, 0x0D, 0x0D, 0x0D, 0x0D, 0x05, 0x0C, 0x05, 0x04, 0x03, 0x05, 0x03, 0x03, 0x05, 0x05, 0x05, 0x09, 0x0B,
    0x0B, 0x0D, 0x0C, 0x0C, 0x0C, 0x10, 0x12, 0x0A, 0x0F, 0x0D, 0x0D, 0x0C, 0x0B, 0x0D, 0x0B, 0x05, 0x05, 0x03, 0x09, 0x09, 0x0B, 0x0C, 0x0B, 0x0C,
    0x0D, 0x0C, 0x0F, 0x0C, 0x0B, 0x0D, 0x0F, 0x0F, 0x0A, 0x0F, 0x0D, 0x0D, 0x0E, 0x0E, 0x0D, 0x05, 0x03, 0x05, 0x0C, 0x0D, 0x0D, 0x0E, 0x0C, 0x0D,
    0x0D, 0x0C, 0x0B, 0x03, 0x05, 0x05, 0x05, 0x05, 0x0B, 0x0B, 0x0B, 0x0B, 0x0B, 0x0B, 0x0C, 0x0B, 0x0A, 0x0D, 0x0D, 0x0B, 0x0D, 0x0F, 0x0F, 0x0D,
    0x0D, 0x0D, 0x09, 0x05, 0x0C, 0x0B, 0x05, 0x0B, 0x0B, 0x0C, 0x0F, 0x0D, 0x0C, 0x0C, 0x0B, 0x09, 0x0B, 0x09, 0x0B, 0x09, 0x0C, 0x0C, 0x0C, 0x0D,
    0x09, 0x05, 0x0B, 0x0B, 0x0D, 0x0C, 0x0E, 0x0C, 0x0D, 0x09, 0x05, 0x05, 0x05, 0x03, 0x05, 0x0B, 0x0C, 0x0C, 0x0D, 0x0C, 0x0D, 0x0F, 0x0C, 0x0B,
    0x0C, 0x0D, 0x0D, 0x0C, 0x0D, 0x05, 0x09, 0x0D, 0x0D, 0x0E, 0x0E, 0x0A, 0x10, 0x14, 0x13, 0x10, 0x0D, 0x0D, 0x0D, 0x10, 0x0A, 0x0B, 0x09, 0x03,
    0x03, 0x05, 0x05, 0x05, 0x05, 0x05, 0x03, 0x09, 0x09, 0x0B, 0x0B, 0x0C, 0x0B, 0x0C, 0x0C, 0x0C, 0x0C, 0x0C, 0x0C, 0x0D, 0x0D, 0x0C, 0x05, 0x0B,
    0x0C, 0x0B, 0x0B, 0x0B, 0x0C, 0x0B, 0x0B, 0x0B, 0x0B, 0x0C, 0x0C, 0x09, 0x0B, 0x0B, 0x0D, 0x0E, 0x0E, 0x0D, 0x0B, 0x0B, 0x0D, 0x0E, 0x0C, 0x03,
    0x05, 0x0B, 0x0B, 0x09, 0x05, 0x05, 0x05, 0x09, 0x0C, 0x0B, 0x0B, 0x0B, 0x0B, 0x0B, 0x0C, 0x0E, 0x0F, 0x0A, 0x0F, 0x0F, 0x0D, 0x0C, 0x0B, 0x0C,
    0x0D, 0x0D, 0x0D, 0x09, 0x02, 0x02, 0x05, 0x03, 0x09, 0x0B, 0x0C, 0x0C, 0x0B, 0x0B, 0x0D, 0x0A, 0x0E, 0x0C, 0x0B, 0x0B, 0x0E, 0x0C, 0x0B, 0x0D,
    0x0D, 0x11, 0x10, 0x0D, 0x0C, 0x0D, 0x0D, 0x0D, 0x0D, 0x09, 0x09, 0x0C, 0x0D, 0x09, 0x05, 0x0B, 0x0B, 0x09, 0x05, 0x05, 0x03, 0x02, 0x0B, 0x0B,
    0x0C, 0x0B, 0x0C, 0x0C, 0x0E, 0x0D, 0x0E, 0x09, 0x09, 0x0B, 0x0B, 0x0C, 0x0C, 0x0C, 0x0D, 0x0F, 0x0D, 0x0C, 0x09, 0x09, 0x0B, 0x0B, 0x0B, 0x0B,
    0x09, 0x05, 0x0B, 0x0C, 0x0B, 0x0B, 0x0B, 0x0B, 0x09, 0x0B, 0x0B, 0x0B, 0x0E, 0x0D, 0x0B, 0x05, 0x0D, 0x0F, 0x0C, 0x0E, 0x0E, 0x0E, 0x0D, 0x09,
    0x05, 0x05, 0x05, 0x0B, 0x0B, 0x0B, 0x0B, 0x0B, 0x0B, 0x0C, 0x0C, 0x0D, 0x0E, 0x0F, 0x0B, 0x0C, 0x0B, 0x09, 0x0C, 0x0D, 0x0E, 0x0E, 0x0F, 0x0A,
    0x0A, 0x0A, 0x10, 0x14, 0x12, 0x0A, 0x0A, 0x10, 0x0A, 0x0C, 0x10, 0x14, 0x05, 0x05, 0x05, 0x03, 0x03, 0x03, 0x05, 0x05, 0x09, 0x09, 0x0C, 0x0B,
    0x0B, 0x0B, 0x0B, 0x0B, 0x0C, 0x0C, 0x0D, 0x0D, 0x0D, 0x0C, 0x0B, 0x05, 0x0C, 0x0C, 0x0B, 0x03, 0x0C, 0x05, 0x05, 0x0B, 0x0B, 0x0B, 0x0B, 0x05,
    0x05, 0x0B, 0x0B, 0x0B, 0x0D, 0x0D, 0x0C, 0x0B, 0x0B, 0x0C, 0x0D, 0x0C, 0x0B, 0x05, 0x0B, 0x05, 0x0B, 0x0B, 0x05, 0x0B, 0x0B, 0x0C, 0x0B, 0x0C,
    0x0C, 0x0C, 0x0C, 0x0C, 0x0F, 0x0E, 0x0D, 0x0D, 0x0B, 0x0B, 0x0E, 0x0B, 0x05, 0x0B, 0x0C, 0x0D, 0x0C, 0x0B, 0x09, 0x02, 0x02, 0x09, 0x05, 0x0B,
    0x01, 0x05, 0x0F, 0x0F, 0x0E, 0x0E, 0x0E, 0x0D, 0x0C, 0x09, 0x09, 0x0C, 0x0D, 0x0F, 0x0A, 0x0E, 0x0C, 0x0B, 0x0C, 0x0C, 0x0D, 0x0D, 0x0E, 0x0D,
    0x0C, 0x0C, 0x0B, 0x0B, 0x0B, 0x0D, 0x0C, 0x05, 0x09, 0x0C, 0x0B, 0x0D, 0x0E, 0x0B, 0x0B, 0x0D, 0x0B, 0x0B, 0x0B, 0x0B, 0x0B, 0x09, 0x0B, 0x0B,
    0x05, 0x05, 0x0D, 0x0D, 0x0D, 0x0D, 0x0C, 0x0D, 0x0B, 0x0B, 0x0B, 0x0B, 0x0B, 0x0C, 0x0C, 0x0C, 0x0C, 0x0D, 0x0C, 0x0B, 0x0B, 0x0B, 0x0B, 0x0C,
    0x0C, 0x0D, 0x0C, 0x0C, 0x0C, 0x0D, 0x0C, 0x0C, 0x0D, 0x0D, 0x0D, 0x0E, 0x0B, 0x05, 0x05, 0x0B, 0x09, 0x0B, 0x0C, 0x0E, 0x0D, 0x0D, 0x0E, 0x0E,
    0x0E, 0x0B, 0x0B, 0x05, 0x01, 0x0C, 0x0F, 0x0D, 0x0E, 0x0D, 0x0F, 0x0A, 0x0F, 0x0F, 0x0D, 0x11, 0x14, 0x13, 0x12, 0x11, 0x0D, 0x14, 0x14, 0x13,
    0x05, 0x09, 0x05, 0x09, 0x09, 0x03, 0x03, 0x05, 0x05, 0x0B, 0x0C, 0x05, 0x09, 0x0B, 0x0B, 0x09, 0x0B, 0x0B, 0x0C, 0x0E, 0x0D, 0x0D, 0x0C, 0x0B,
    0x0C, 0x0C, 0x0B, 0x0D, 0x0C, 0x0F, 0x0D, 0x0C, 0x0C, 0x0C, 0x0C, 0x0C, 0x0B, 0x0B, 0x09, 0x0B, 0x0C, 0x0B, 0x0B, 0x09, 0x0B, 0x0B, 0x0B, 0x0E,
    0x0B, 0x05, 0x0B, 0x0B, 0x0B, 0x09, 0x0B, 0x09, 0x05, 0x09, 0x09, 0x05, 0x0B, 0x0C, 0x0B, 0x0F, 0x13, 0x0E, 0x0D, 0x0D, 0x0B, 0x0C, 0x0D, 0x0B,
    0x0B, 0x0B, 0x0C, 0x0D, 0x0D, 0x0D, 0x0D, 0x0D, 0x0F, 0x09, 0x0B, 0x0D, 0x0E, 0x0F, 0x0E, 0x0B, 0x0D, 0x0E, 0x0F, 0x0E, 0x0F, 0x0C, 0x0B, 0x0B,
    0x0C, 0x0D, 0x0E, 0x0F, 0x0D, 0x0B, 0x0B, 0x0C, 0x0D, 0x0B, 0x0D, 0x0C, 0x0D, 0x0C, 0x0B, 0x09, 0x0B, 0x0C, 0x0C, 0x09, 0x09, 0x0D, 0x0D, 0x0F,
    0x0F, 0x0E, 0x0C, 0x0D, 0x0B, 0x0B, 0x0C, 0x0C, 0x0B, 0x0B, 0x0B, 0x0B, 0x0B, 0x0C, 0x05, 0x05, 0x0B, 0x0B, 0x0B, 0x0B, 0x09, 0x0B, 0x09, 0x09,
    0x09, 0x05, 0x09, 0x0B, 0x0B, 0x0B, 0x0B, 0x0B, 0x0B, 0x0B, 0x09, 0x03, 0x05, 0x0E, 0x0D, 0x0D, 0x0B, 0x0B, 0x09, 0x0C, 0x0C, 0x0B, 0x0C, 0x0E,
    0x09, 0x09, 0x0B, 0x09, 0x0C, 0x0D, 0x0B, 0x0B, 0x0C, 0x0C, 0x0D, 0x0F, 0x0F, 0x0B, 0x09, 0x01, 0x02, 0x05, 0x0C, 0x0C, 0x0C, 0x0C, 0x0D, 0x0D,
    0x0F, 0x0D, 0x0C, 0x0D, 0x11, 0x11, 0x13, 0x14, 0x14, 0x12, 0x0F, 0x0F, 0x05, 0x03, 0x0B, 0x09, 0x0B, 0x0B, 0x09, 0x02, 0x05, 0x0B, 0x09, 0x0B,
    0x05, 0x0B, 0x0C, 0x0B, 0x0B, 0x0C, 0x0B, 0x09, 0x0B, 0x0C, 0x0C, 0x0B, 0x05, 0x05, 0x0C, 0x0B, 0x0B, 0x0B, 0x0B, 0x0B, 0x0C, 0x0B, 0x0D, 0x0D,
    0x0C, 0x0B, 0x0B, 0x0B, 0x0B, 0x0B, 0x0B, 0x0B, 0x0B, 0x0B, 0x09, 0x0C, 0x0B, 0x05, 0x05, 0x0B, 0x05, 0x05, 0x0B, 0x0B, 0x09, 0x05, 0x05, 0x05,
    0x05, 0x05, 0x0D, 0x0D, 0x0D, 0x0F, 0x09, 0x0B, 0x0B, 0x0B, 0x0B, 0x0E, 0x0D, 0x0D, 0x0D, 0x0D, 0x0C, 0x0C, 0x0C, 0x0D, 0x0D, 0x0D, 0x0E, 0x0E,
    0x0D, 0x0E, 0x0D, 0x0D, 0x0D, 0x0E, 0x0D, 0x10, 0x13, 0x0A, 0x0E, 0x0D, 0x0C, 0x0C, 0x0D, 0x0F, 0x0D, 0x0C, 0x0D, 0x09, 0x0C, 0x09, 0x0C, 0x0C,
    0x0D, 0x0C, 0x0B, 0x0C, 0x0B, 0x0B, 0x0B, 0x0C, 0x0D, 0x0D, 0x0E, 0x0E, 0x0E, 0x0E, 0x0D, 0x0D, 0x05, 0x0B, 0x0B, 0x0B, 0x05, 0x09, 0x05, 0x05,
    0x0B, 0x09, 0x0B, 0x0C, 0x0C, 0x0C, 0x05, 0x05, 0x03, 0x05, 0x05, 0x0B, 0x09, 0x0B, 0x05, 0x05, 0x09, 0x03, 0x05, 0x09, 0x0B, 0x0B, 0x0C, 0x0C,
    0x0D, 0x0C, 0x0D, 0x0B, 0x03, 0x09, 0x05, 0x05, 0x09, 0x05, 0x09, 0x0B, 0x0C, 0x0D, 0x0C, 0x0B, 0x0C, 0x0C, 0x0B, 0x05, 0x09, 0x0C, 0x0B, 0x0B,
    0x0C, 0x0D, 0x0B, 0x05, 0x05, 0x05, 0x05, 0x0B, 0x0B, 0x05, 0x09, 0x09, 0x0B, 0x0D, 0x11, 0x11, 0x0D, 0x0C, 0x0C, 0x0C, 0x0D, 0x0E, 0x0E, 0x0D,
    0x05, 0x05, 0x05, 0x03, 0x05, 0x05, 0x05, 0x05, 0x03, 0x09, 0x05, 0x09, 0x0C, 0x0B, 0x05, 0x0B, 0x0B, 0x0C, 0x0B, 0x09, 0x0B, 0x0B, 0x0C, 0x0C,
    0x05, 0x05, 0x05, 0x05, 0x03, 0x03, 0x0B, 0x0B, 0x0B, 0x0B, 0x0B, 0x0C, 0x0B, 0x09, 0x0B, 0x05, 0x0B, 0x05, 0x05, 0x0B, 0x0C, 0x0B, 0x0B, 0x09,
    0x0B, 0x0B, 0x02, 0x03, 0x05, 0x05, 0x0B, 0x05, 0x05, 0x03, 0x03, 0x05, 0x09, 0x05, 0x0B, 0x0C, 0x0B, 0x0B, 0x0B, 0x05, 0x0B, 0x09, 0x0B, 0x0D,
    0x0C, 0x0D, 0x0D, 0x0D, 0x0C, 0x0D, 0x0D, 0x0B, 0x0B, 0x0C, 0x0C, 0x0C, 0x0F, 0x0E, 0x0C, 0x0D, 0x0D, 0x0C, 0x0D, 0x0D, 0x10, 0x10, 0x0A, 0x0F,
    0x0E, 0x0D, 0x0C, 0x0D, 0x0A, 0x0E, 0x0C, 0x0C, 0x0D, 0x0E, 0x0C, 0x0C, 0x0D, 0x0C, 0x0B, 0x09, 0x09, 0x09, 0x0C, 0x0D, 0x0D, 0x0B, 0x0D, 0x0D,
    0x0C, 0x0D, 0x0D, 0x0D, 0x03, 0x02, 0x01, 0x01, 0x05, 0x03, 0x04, 0x02, 0x05, 0x0B, 0x0C, 0x0B, 0x0C, 0x0C, 0x0C, 0x03, 0x0B, 0x0B, 0x05, 0x0B,
    0x0C, 0x0C, 0x0C, 0x0C, 0x05, 0x02, 0x03, 0x09, 0x05, 0x0C, 0x0E, 0x0A, 0x0A, 0x0F, 0x0F, 0x0F, 0x0F, 0x0E, 0x0B, 0x05, 0x09, 0x03, 0x05, 0x0B,
    0x0E, 0x11, 0x0F, 0x0D, 0x0D, 0x0C, 0x0C, 0x0C, 0x0C, 0x0D, 0x09, 0x0B, 0x09, 0x0C, 0x09, 0x09, 0x05, 0x05, 0x09, 0x09, 0x05, 0x05, 0x05, 0x05,
    0x09, 0x0B, 0x0C, 0x0D, 0x0D, 0x0C, 0x0C, 0x0D, 0x0D, 0x0D, 0x0F, 0x0D, 0x09, 0x05, 0x05, 0x03, 0x03, 0x03, 0x09, 0x02, 0x05, 0x05, 0x09, 0x0C,
    0x0B, 0x09, 0x0B, 0x0B, 0x0B, 0x0B, 0x0B, 0x0B, 0x0B, 0x0B, 0x09, 0x0B, 0x05, 0x05, 0x05, 0x0B, 0x03, 0x09, 0x05, 0x05, 0x05, 0x05, 0x0B, 0x0B,
    0x0B, 0x0B, 0x05, 0x03, 0x02, 0x05, 0x0B, 0x0C, 0x0B, 0x0B, 0x0B, 0x0B, 0x05, 0x09, 0x0B, 0x0B, 0x05, 0x05, 0x0C, 0x0B, 0x09, 0x05, 0x09, 0x05,
    0x09, 0x05, 0x05, 0x0B, 0x0B, 0x0C, 0x0B, 0x0B, 0x0C, 0x0B, 0x05, 0x0B, 0x09, 0x0B, 0x0B, 0x0B, 0x0C, 0x0D, 0x0D, 0x0D, 0x0C, 0x0D, 0x0E, 0x0D,
    0x0D, 0x0D, 0x0C, 0x0C, 0x0D, 0x0D, 0x0C, 0x0C, 0x0D, 0x0C, 0x0D, 0x0D, 0x0F, 0x0D, 0x0D, 0x0C, 0x0C, 0x0D, 0x0D, 0x0D, 0x0C, 0x0E, 0x0D, 0x0B,
    0x0C, 0x09, 0x05, 0x03, 0x02, 0x05, 0x0C, 0x0E, 0x0F, 0x0F, 0x0D, 0x0D, 0x0E, 0x0A, 0x0A, 0x0E, 0x0F, 0x0B, 0x05, 0x02, 0x04, 0x05, 0x05, 0x0B,
    0x0B, 0x0D, 0x0C, 0x0B, 0x0B, 0x05, 0x0B, 0x0B, 0x0B, 0x0B, 0x05, 0x09, 0x09, 0x09, 0x0C, 0x0C, 0x0B, 0x0B, 0x0B, 0x0B, 0x0C, 0x0B, 0x0D, 0x0D,
    0x0D, 0x0D, 0x0D, 0x0E, 0x13, 0x13, 0x13, 0x0A, 0x0E, 0x0B, 0x0B, 0x09, 0x0B, 0x0F, 0x13, 0x10, 0x11, 0x0D, 0x0D, 0x0D, 0x0E, 0x0D, 0x0D, 0x0D,
    0x09, 0x0D, 0x0D, 0x09, 0x09, 0x0C, 0x0B, 0x0B, 0x0B, 0x0B, 0x0C, 0x0C, 0x0B, 0x0B, 0x0C, 0x0C, 0x0D, 0x11, 0x10, 0x0D, 0x0E, 0x0D, 0x0D, 0x0D,
    0x05, 0x05, 0x09, 0x05, 0x09, 0x09, 0x05, 0x09, 0x05, 0x05, 0x05, 0x09, 0x0B, 0x09, 0x09, 0x09, 0x0B, 0x0B, 0x0B, 0x0B, 0x0B, 0x0B, 0x0B, 0x0B,
    0x0B, 0x05, 0x05, 0x0C, 0x0C, 0x05, 0x0B, 0x0B, 0x09, 0x05, 0x0C, 0x09, 0x05, 0x0B, 0x05, 0x05, 0x05, 0x05, 0x09, 0x0B, 0x0B, 0x0B, 0x09, 0x09,
    0x05, 0x0B, 0x05, 0x02, 0x01, 0x05, 0x05, 0x05, 0x05, 0x0B, 0x0B, 0x05, 0x03, 0x05, 0x01, 0x03, 0x0B, 0x0B, 0x0B, 0x0C, 0x0C, 0x0B, 0x0B, 0x0B,
    0x05, 0x03, 0x05, 0x0B, 0x0B, 0x0B, 0x0B, 0x0B, 0x0C, 0x0E, 0x0C, 0x0E, 0x0C, 0x0D, 0x0C, 0x0D, 0x0D, 0x0D, 0x0C, 0x0C, 0x0C, 0x0C, 0x0D, 0x0D,
    0x0D, 0x0C, 0x0B, 0x0B, 0x05, 0x0B, 0x09, 0x0C, 0x0C, 0x0A, 0x0C, 0x0F, 0x05, 0x01, 0x03, 0x05, 0x03, 0x01, 0x02, 0x0C, 0x0F, 0x0A, 0x0A, 0x0A,
    0x11, 0x0A, 0x0D, 0x0E, 0x10, 0x12, 0x10, 0x11, 0x0A, 0x0A, 0x0D, 0x0E, 0x0B, 0x0D, 0x0C, 0x0B, 0x03, 0x03, 0x05, 0x0D, 0x09, 0x09, 0x05, 0x0C,
    0x09, 0x05, 0x09, 0x0B, 0x0B, 0x09, 0x0D, 0x0F, 0x0D, 0x0B, 0x05, 0x0B, 0x0D, 0x0C, 0x0D, 0x0B, 0x09, 0x09, 0x0C, 0x0C, 0x0E, 0x0F, 0x0D, 0x0C,
    0x05, 0x05, 0x0B, 0x0C, 0x0D, 0x0F, 0x0F, 0x0F, 0x13, 0x11, 0x0D, 0x0C, 0x09, 0x0B, 0x0E, 0x0F, 0x0E, 0x0C, 0x0D, 0x0C, 0x0C, 0x0C, 0x0C, 0x0C,
    0x0C, 0x0C, 0x0C, 0x0C, 0x0D, 0x0C, 0x0C, 0x0F, 0x0C, 0x0C, 0x0C, 0x0C, 0x05, 0x05, 0x05, 0x05, 0x09, 0x09, 0x04, 0x02, 0x05, 0x02, 0x05, 0x03,
    0x05, 0x09, 0x09, 0x0B, 0x0C, 0x0B, 0x0C, 0x0D, 0x0D, 0x0D, 0x0C, 0x0B, 0x0D, 0x0B, 0x0D, 0x09, 0x05, 0x0B, 0x0C, 0x0D, 0x0E, 0x0B, 0x05, 0x05,
    0x0B, 0x05, 0x05, 0x05, 0x05, 0x05, 0x09, 0x05, 0x0B, 0x0C, 0x0B, 0x0D, 0x0B, 0x0D, 0x0C, 0x0F, 0x11, 0x0D, 0x0C, 0x0C, 0x0B, 0x0B, 0x0D, 0x0B,
    0x09, 0x05, 0x05, 0x05, 0x05, 0x05, 0x03, 0x0C, 0x05, 0x0B, 0x0B, 0x0C, 0x0D, 0x0D, 0x0B, 0x05, 0x0B, 0x05, 0x05, 0x09, 0x0B, 0x09, 0x0D, 0x0D,
    0x0C, 0x0D, 0x0D, 0x05, 0x0B, 0x0E, 0x0D, 0x0D, 0x0C, 0x0C, 0x0D, 0x0E, 0x0F, 0x0D, 0x0F, 0x0F, 0x0C, 0x0B, 0x0B, 0x0B, 0x05, 0x0B, 0x0C, 0x0C,
    0x0F, 0x0A, 0x0E, 0x02, 0x04, 0x02, 0x09, 0x09, 0x0C, 0x0E, 0x0F, 0x0F, 0x0D, 0x0E, 0x0E, 0x0D, 0x0E, 0x11, 0x0D, 0x0E, 0x0A, 0x13, 0x0A, 0x0D,
    0x0C, 0x0B, 0x0B, 0x05, 0x05, 0x03, 0x09, 0x02, 0x0B, 0x0B, 0x0C, 0x0B, 0x0B, 0x09, 0x0B, 0x0B, 0x09, 0x0C, 0x0D, 0x0E, 0x0F, 0x0E, 0x0C, 0x0B,
    0x05, 0x02, 0x06, 0x06, 0x06, 0x04, 0x01, 0x03, 0x05, 0x0C, 0x0C, 0x0B, 0x05, 0x05, 0x0B, 0x0B, 0x0C, 0x0C, 0x0C, 0x0B, 0x0D, 0x0C, 0x0C, 0x0D,
    0x0B, 0x0B, 0x0F, 0x10, 0x0F, 0x0D, 0x0D, 0x0C, 0x0C, 0x0C, 0x0B, 0x0B, 0x0B, 0x0C, 0x0B, 0x0C, 0x0C, 0x0C, 0x0C, 0x0C, 0x0C, 0x0C, 0x0E, 0x0E,
    0x05, 0x0B, 0x09, 0x09, 0x0B, 0x0B, 0x0B, 0x09, 0x0B, 0x09, 0x02, 0x05, 0x0B, 0x0B, 0x0B, 0x0B, 0x0B, 0x0B, 0x0B, 0x0B, 0x0C, 0x0B, 0x0B, 0x0B,
    0x0B, 0x05, 0x0B, 0x0E, 0x0F, 0x0D, 0x0C, 0x0B, 0x0E, 0x0B, 0x0B, 0x0C, 0x0D, 0x0B, 0x05, 0x05, 0x0B, 0x09, 0x09, 0x0B, 0x0D, 0x0C, 0x0D, 0x0B,
    0x0D, 0x0E, 0x0F, 0x0F, 0x0D, 0x0C, 0x0D, 0x0D, 0x0B, 0x0B, 0x0B, 0x0D, 0x0E, 0x0B, 0x0D, 0x0B, 0x09, 0x09, 0x05, 0x0B, 0x0D, 0x0D, 0x0B, 0x0C,
    0x0B, 0x0D, 0x0C, 0x0B, 0x05, 0x05, 0x05, 0x03, 0x01, 0x05, 0x09, 0x0B, 0x0D, 0x0E, 0x09, 0x0B, 0x05, 0x05, 0x09, 0x0B, 0x0C, 0x0C, 0x0D, 0x0C,
    0x0B, 0x0B, 0x0B, 0x09, 0x09, 0x0E, 0x09, 0x09, 0x0E, 0x0E, 0x11, 0x0D, 0x0C, 0x0E, 0x10, 0x10, 0x0A, 0x0E, 0x0B, 0x0C, 0x0D, 0x0D, 0x0E, 0x0F,
    0x10, 0x0F, 0x0F, 0x0E, 0x0E, 0x0E, 0x0E, 0x0E, 0x0D, 0x0E, 0x0C, 0x0C, 0x0B, 0x0B, 0x0B, 0x09, 0x0B, 0x0C, 0x0B, 0x0B, 0x09, 0x03, 0x0E, 0x0D,
    0x0B, 0x0C, 0x09, 0x09, 0x0B, 0x09, 0x09, 0x0B, 0x0B, 0x0C, 0x0B, 0x0C, 0x0B, 0x05, 0x0B, 0x0D, 0x0B, 0x05, 0x06, 0x04, 0x06, 0x01, 0x03, 0x09,
    0x0C, 0x0C, 0x0D, 0x0D, 0x0B, 0x0B, 0x05, 0x03, 0x01, 0x0B, 0x0D, 0x0D, 0x09, 0x09, 0x0C, 0x0C, 0x0C, 0x0B, 0x0C, 0x0C, 0x0C, 0x0B, 0x0C, 0x0C,
    0x0B, 0x05, 0x05, 0x0C, 0x0C, 0x0C, 0x0C, 0x0C, 0x0C, 0x0D, 0x0C, 0x0C, 0x05, 0x05, 0x05, 0x05, 0x09, 0x05, 0x09, 0x05, 0x0B, 0x0B, 0x05, 0x0B,
    0x05, 0x03, 0x05, 0x05, 0x09, 0x05, 0x0B, 0x05, 0x09, 0x05, 0x0C, 0x0C, 0x0B, 0x09, 0x03, 0x05, 0x05, 0x0D, 0x0B, 0x05, 0x05, 0x05, 0x05, 0x0B,
    0x09, 0x05, 0x0B, 0x09, 0x05, 0x0B, 0x0B, 0x09, 0x09, 0x0C, 0x0B, 0x09, 0x0C, 0x0C, 0x0C, 0x0C, 0x0B, 0x0A, 0x0F, 0x0E, 0x0C, 0x05, 0x0B, 0x0C,
    0x09, 0x0E, 0x11, 0x0F, 0x0B, 0x0C, 0x0C, 0x0B, 0x0B, 0x0B, 0x0B, 0x0B, 0x0B, 0x0B, 0x0B, 0x0D, 0x0D, 0x0B, 0x05, 0x05, 0x05, 0x03, 0x01, 0x05,
    0x0C, 0x0E, 0x0E, 0x0E, 0x0B, 0x0D, 0x0C, 0x0B, 0x0B, 0x0B, 0x0C, 0x0B, 0x0B, 0x05, 0x03, 0x05, 0x02, 0x05, 0x09, 0x0C, 0x0B, 0x0F, 0x0E, 0x0C,
    0x0B, 0x09, 0x0C, 0x0D, 0x0E, 0x0E, 0x0F, 0x0E, 0x0C, 0x0C, 0x0E, 0x0F, 0x0E, 0x0F, 0x0F, 0x0F, 0x0F, 0x0A, 0x0A, 0x0F, 0x0E, 0x0E, 0x0D, 0x0D,
    0x0D, 0x0C, 0x05, 0x05, 0x0B, 0x0D, 0x0E, 0x0B, 0x0B, 0x0E, 0x0B, 0x05, 0x03, 0x05, 0x09, 0x09, 0x0B, 0x09, 0x0B, 0x05, 0x09, 0x0C, 0x0C, 0x0B,
    0x0E, 0x10, 0x15, 0x15, 0x14, 0x14, 0x10, 0x0B, 0x03, 0x05, 0x0B, 0x0B, 0x0B, 0x0B, 0x09, 0x0B, 0x09, 0x05, 0x09, 0x0C, 0x0D, 0x0B, 0x0B, 0x0B,
    0x0D, 0x0F, 0x0C, 0x0C, 0x0C, 0x0C, 0x0C, 0x0C, 0x0C, 0x0C, 0x0C, 0x0C, 0x0B, 0x05, 0x09, 0x0C, 0x0E, 0x0D, 0x0C, 0x0C, 0x0D, 0x0D, 0x0D, 0x0C,
    0x02, 0x04, 0x06, 0x03, 0x03, 0x03, 0x05, 0x05, 0x05, 0x02, 0x0B, 0x05, 0x09, 0x03, 0x02, 0x03, 0x05, 0x05, 0x05, 0x05, 0x05, 0x05, 0x09, 0x09,
    0x0B, 0x0D, 0x05, 0x09, 0x0C, 0x0D, 0x0C, 0x0D, 0x0C, 0x0D, 0x0D, 0x0B, 0x05, 0x0B, 0x09, 0x05, 0x05, 0x05, 0x0B, 0x0B, 0x0B, 0x09, 0x0B, 0x09,
    0x0B, 0x0B, 0x0C, 0x0B, 0x0D, 0x0B, 0x0B, 0x0C, 0x0C, 0x0C, 0x09, 0x05, 0x05, 0x0C, 0x0F, 0x0A, 0x0A, 0x0B, 0x09, 0x03, 0x09, 0x05, 0x09, 0x09,
    0x09, 0x05, 0x0C, 0x0C, 0x09, 0x05, 0x05, 0x05, 0x05, 0x05, 0x05, 0x03, 0x01, 0x05, 0x09, 0x0D, 0x0A, 0x0B, 0x0D, 0x0D, 0x0B, 0x09, 0x0B, 0x0B,
    0x0B, 0x0B, 0x09, 0x05, 0x05, 0x05, 0x09, 0x09, 0x0F, 0x0D, 0x0C, 0x09, 0x0D, 0x0C, 0x05, 0x0D, 0x0F, 0x0A, 0x0F, 0x0D, 0x0C, 0x0C, 0x0C, 0x0D,
    0x0D, 0x0E, 0x0E, 0x0E, 0x0F, 0x0E, 0x0A, 0x0A, 0x11, 0x0F, 0x0F, 0x0A, 0x0A, 0x0D, 0x09, 0x05, 0x05, 0x0B, 0x0C, 0x0E, 0x0C, 0x0C, 0x0D, 0x0B,
    0x0C, 0x09, 0x0B, 0x05, 0x09, 0x09, 0x09, 0x0B, 0x0B, 0x0B, 0x09, 0x09, 0x0C, 0x0E, 0x11, 0x11, 0x10, 0x0A, 0x0E, 0x09, 0x0C, 0x0C, 0x05, 0x09,
    0x0C, 0x09, 0x05, 0x02, 0x01, 0x09, 0x09, 0x0B, 0x0C, 0x0C, 0x0B, 0x0B, 0x0B, 0x09, 0x09, 0x0B, 0x09, 0x0B, 0x0C, 0x0C, 0x0C, 0x0B, 0x0C, 0x0B,
    0x0B, 0x09, 0x0B, 0x0B, 0x0B, 0x0C, 0x0C, 0x0C, 0x0B, 0x0C, 0x0C, 0x0C, 0x05, 0x09, 0x0B, 0x05, 0x05, 0x0B, 0x05, 0x02, 0x05, 0x03, 0x05, 0x0D,
    0x0B, 0x05, 0x09, 0x05, 0x03, 0x05, 0x05, 0x05, 0x03, 0x01, 0x02, 0x05, 0x0B, 0x0F, 0x0B, 0x05, 0x09, 0x0B, 0x0C, 0x0B, 0x0C, 0x0D, 0x0B, 0x0B,
    0x05, 0x05, 0x05, 0x05, 0x05, 0x05, 0x09, 0x09, 0x0B, 0x0D, 0x0E, 0x0B, 0x0C, 0x0B, 0x0C, 0x0F, 0x0D, 0x0B, 0x0B, 0x0B, 0x0C, 0x0C, 0x0B, 0x05,
    0x02, 0x05, 0x0B, 0x0E, 0x0D, 0x0C, 0x03, 0x0B, 0x0B, 0x05, 0x05, 0x0B, 0x0C, 0x05, 0x0B, 0x0D, 0x0B, 0x0B, 0x0B, 0x0D, 0x0B, 0x05, 0x05, 0x0B,
    0x05, 0x0C, 0x05, 0x0B, 0x0B, 0x09, 0x09, 0x05, 0x09, 0x05, 0x0B, 0x05, 0x05, 0x09, 0x0B, 0x03, 0x03, 0x09, 0x09, 0x05, 0x0C, 0x0D, 0x0D, 0x0C,
    0x05, 0x09, 0x05, 0x05, 0x0B, 0x0B, 0x0D, 0x0D, 0x0C, 0x0C, 0x0E, 0x0E, 0x0C, 0x0C, 0x0E, 0x0D, 0x0D, 0x0C, 0x0D, 0x0E, 0x0B, 0x0C, 0x0C, 0x0B,
    0x0B, 0x0B, 0x09, 0x09, 0x05, 0x05, 0x09, 0x0C, 0x0C, 0x05, 0x0D, 0x0E, 0x0D, 0x0C, 0x09, 0x03, 0x02, 0x05, 0x0B, 0x0B, 0x0B, 0x0B, 0x09, 0x09,
    0x05, 0x0C, 0x0C, 0x0A, 0x0D, 0x09, 0x05, 0x03, 0x0B, 0x0B, 0x05, 0x03, 0x02, 0x09, 0x0C, 0x05, 0x05, 0x05, 0x0B, 0x0D, 0x0C, 0x05, 0x0B, 0x09,
    0x0B, 0x0B, 0x0B, 0x0B, 0x0C, 0x0C, 0x0C, 0x0D, 0x0C, 0x0C, 0x0C, 0x0C, 0x0D, 0x0D, 0x0C, 0x0C, 0x0D, 0x0D, 0x0D, 0x0B, 0x0B, 0x0C, 0x0C, 0x09,
    0x05, 0x05, 0x05, 0x05, 0x05, 0x05, 0x05, 0x05, 0x05, 0x05, 0x03, 0x05, 0x0B, 0x05, 0x05, 0x0B, 0x0C, 0x05, 0x03, 0x03, 0x05, 0x03, 0x02, 0x03,
    0x0B, 0x0E, 0x09, 0x0B, 0x09, 0x09, 0x03, 0x0B, 0x0C, 0x0D, 0x05, 0x05, 0x05, 0x05, 0x05, 0x05, 0x05, 0x09, 0x05, 0x09, 0x05, 0x0B, 0x05, 0x0B,
    0x0D, 0x0B, 0x0B, 0x0B, 0x0C, 0x0B, 0x09, 0x0B, 0x0B, 0x0B, 0x05, 0x05, 0x03, 0x05, 0x05, 0x0B, 0x0C, 0x0E, 0x0D, 0x05, 0x0B, 0x0D, 0x0D, 0x0B,
    0x0B, 0x0B, 0x0C, 0x0C, 0x0D, 0x0C, 0x0D, 0x0B, 0x0D, 0x0F, 0x0E, 0x0D, 0x09, 0x0D, 0x0D, 0x0B, 0x03, 0x05, 0x0B, 0x0B, 0x09, 0x05, 0x05, 0x05,
    0x09, 0x05, 0x05, 0x09, 0x09, 0x03, 0x0B, 0x09, 0x0B, 0x0B, 0x03, 0x09, 0x05, 0x03, 0x01, 0x05, 0x0B, 0x0C, 0x0C, 0x0B, 0x0C, 0x0C, 0x0B, 0x0B,
    0x0D, 0x0B, 0x0B, 0x05, 0x0B, 0x0B, 0x0B, 0x05, 0x05, 0x05, 0x0B, 0x0B, 0x0B, 0x0B, 0x09, 0x09, 0x03, 0x02, 0x05, 0x0B, 0x0C, 0x05, 0x05, 0x09,
    0x09, 0x0B, 0x0B, 0x09, 0x09, 0x0B, 0x05, 0x05, 0x09, 0x0D, 0x0B, 0x0B, 0x0C, 0x0C, 0x0C, 0x05, 0x03, 0x09, 0x09, 0x0B, 0x05, 0x03, 0x0B, 0x0B,
    0x0C, 0x0C, 0x0C, 0x0D, 0x0D, 0x0C, 0x0C, 0x0C, 0x0D, 0x0D, 0x0B, 0x0B, 0x0B, 0x0C, 0x0B, 0x0C, 0x0B, 0x0C, 0x0C, 0x0E, 0x0C, 0x0C, 0x0B, 0x0C,
    0x0B, 0x0C, 0x0D, 0x0C, 0x0B, 0x0C, 0x0D, 0x0B, 0x0D, 0x0B, 0x0C, 0x0F, 0x03, 0x03, 0x03, 0x05, 0x03, 0x05, 0x03, 0x05, 0x03, 0x05, 0x03, 0x05,
    0x05, 0x05, 0x05, 0x09, 0x0B, 0x0C, 0x0C, 0x05, 0x02, 0x02, 0x03, 0x03, 0x05, 0x0B, 0x05, 0x05, 0x05, 0x0B, 0x05, 0x0B, 0x05, 0x05, 0x0B, 0x05,
    0x0B, 0x0D, 0x0D, 0x0B, 0x05, 0x05, 0x05, 0x05, 0x05, 0x05, 0x05, 0x05, 0x05, 0x05, 0x05, 0x05, 0x05, 0x09, 0x03, 0x01, 0x03, 0x09, 0x09, 0x05,
    0x03, 0x05, 0x0B, 0x0C, 0x0D, 0x0A, 0x0D, 0x0B, 0x0B, 0x0C, 0x0B, 0x0B, 0x0C, 0x0D, 0x0C, 0x0C, 0x0E, 0x0D, 0x0E, 0x0C, 0x0C, 0x0B, 0x0D, 0x0E,
    0x0B, 0x0B, 0x05, 0x0B, 0x0C, 0x0D, 0x0B, 0x05, 0x09, 0x09, 0x02, 0x03, 0x05, 0x09, 0x09, 0x05, 0x03, 0x05, 0x01, 0x09, 0x01, 0x03, 0x05, 0x03,
    0x01, 0x04, 0x02, 0x02, 0x05, 0x0B, 0x0B, 0x0B, 0x0C, 0x0C, 0x0B, 0x09, 0x05, 0x03, 0x0B, 0x09, 0x05, 0x0D, 0x0C, 0x0E, 0x0D, 0x0C, 0x09, 0x05,
    0x05, 0x05, 0x09, 0x0B, 0x0C, 0x0B, 0x05, 0x05, 0x05, 0x0C, 0x09, 0x03, 0x02, 0x02, 0x02, 0x03, 0x05, 0x0B, 0x05, 0x05, 0x09, 0x05, 0x05, 0x09,
    0x09, 0x0C, 0x0B, 0x0D, 0x0B, 0x05, 0x09, 0x05, 0x09, 0x0B, 0x0C, 0x0F, 0x0A, 0x0D, 0x0C, 0x0C, 0x0B, 0x09, 0x0D, 0x0D, 0x0B, 0x09, 0x0C, 0x0B,
    0x0B, 0x0C, 0x0B, 0x0B, 0x0C, 0x0C, 0x0C, 0x0B, 0x0C, 0x0C, 0x0B, 0x09, 0x0B, 0x0C, 0x0C, 0x0C, 0x0C, 0x0D, 0x0C, 0x0D, 0x0B, 0x0C, 0x0C, 0x0C,
    0x04, 0x04, 0x04, 0x02, 0x02, 0x03, 0x03, 0x01, 0x03, 0x02, 0x03, 0x05, 0x05, 0x05, 0x0B, 0x09, 0x05, 0x05, 0x0B, 0x0D, 0x0E, 0x0B, 0x05, 0x03,
    0x03, 0x05, 0x05, 0x05, 0x05, 0x03, 0x03, 0x02, 0x03, 0x02, 0x03, 0x05, 0x05, 0x05, 0x09, 0x0B, 0x05, 0x05, 0x09, 0x0B, 0x05, 0x05, 0x09, 0x0B,
    0x05, 0x0B, 0x05, 0x05, 0x05, 0x05, 0x05, 0x0B, 0x0C, 0x0D, 0x0B, 0x0B, 0x0B, 0x09, 0x02, 0x03, 0x0B, 0x0D, 0x0D, 0x0B, 0x09, 0x0B, 0x0B, 0x0C,
    0x0D, 0x0D, 0x0C, 0x0D, 0x0B, 0x0D, 0x0C, 0x0B, 0x0C, 0x0B, 0x0B, 0x0B, 0x09, 0x0B, 0x0C, 0x0D, 0x0F, 0x0A, 0x0E, 0x0B, 0x05, 0x05, 0x0B, 0x0B,
    0x09, 0x0B, 0x05, 0x05, 0x09, 0x09, 0x09, 0x09, 0x0B, 0x09, 0x05, 0x09, 0x0B, 0x03, 0x04, 0x04, 0x05, 0x05, 0x05, 0x0B, 0x0C, 0x0D, 0x0D, 0x0B,
    0x0B, 0x0D, 0x0C, 0x0D, 0x0B, 0x0D, 0x0B, 0x0E, 0x0D, 0x0C, 0x0D, 0x0B, 0x0B, 0x09, 0x05, 0x09, 0x0B, 0x09, 0x09, 0x05, 0x05, 0x03, 0x0B, 0x0B,
    0x05, 0x01, 0x06, 0x06, 0x06, 0x05, 0x0C, 0x0D, 0x0B, 0x05, 0x05, 0x05, 0x09, 0x0B, 0x09, 0x09, 0x05, 0x03, 0x09, 0x05, 0x0B, 0x0C, 0x0C, 0x0B,
    0x0B, 0x0B, 0x0B, 0x0B, 0x0B, 0x0E, 0x0D, 0x0D, 0x0B, 0x0C, 0x0B, 0x09, 0x0B, 0x0C, 0x0B, 0x0B, 0x0B, 0x0B, 0x0C, 0x0D, 0x0C, 0x0C, 0x0B, 0x0B,
    0x0B, 0x0C, 0x0C, 0x0E, 0x0D, 0x0C, 0x0C, 0x0C, 0x0C, 0x0C, 0x0C, 0x0C, 0x05, 0x05, 0x03, 0x02, 0x03, 0x03, 0x03, 0x03, 0x05, 0x02, 0x03, 0x03,
    0x05, 0x05, 0x05, 0x05, 0x03, 0x05, 0x05, 0x03, 0x03, 0x05, 0x05, 0x05, 0x03, 0x01, 0x03, 0x05, 0x0B, 0x05, 0x0B, 0x02, 0x01, 0x03, 0x02, 0x03,
    0x05, 0x0B, 0x05, 0x0B, 0x0D, 0x05, 0x05, 0x05, 0x05, 0x01, 0x05, 0x0B, 0x09, 0x0B, 0x0C, 0x09, 0x03, 0x05, 0x02, 0x03, 0x05, 0x0B, 0x0B, 0x09,
    0x0C, 0x0B, 0x0B, 0x09, 0x09, 0x05, 0x05, 0x0B, 0x09, 0x05, 0x03, 0x05, 0x09, 0x0B, 0x0B, 0x0B, 0x09, 0x0B, 0x0C, 0x0B, 0x0B, 0x0C, 0x0B, 0x05,
    0x0E, 0x0E, 0x0E, 0x0E, 0x0D, 0x0C, 0x0D, 0x0C, 0x0B, 0x09, 0x05, 0x05, 0x0D, 0x0B, 0x05, 0x05, 0x09, 0x0B, 0x0C, 0x0C, 0x0B, 0x09, 0x0C, 0x0C,
    0x0B, 0x09, 0x09, 0x03, 0x02, 0x05, 0x03, 0x05, 0x0B, 0x0C, 0x0B, 0x0C, 0x0D, 0x0A, 0x0A, 0x0F, 0x0E, 0x03, 0x05, 0x0B, 0x0B, 0x0D, 0x0C, 0x0C,
    0x0C, 0x0C, 0x0C, 0x0B, 0x09, 0x05, 0x05, 0x09, 0x05, 0x02, 0x03, 0x0B, 0x0E, 0x11, 0x0A, 0x0B, 0x05, 0x09, 0x05, 0x05, 0x09, 0x05, 0x03, 0x02,
    0x02, 0x02, 0x05, 0x0B, 0x0C, 0x09, 0x09, 0x09, 0x0D, 0x0B, 0x0B, 0x0C, 0x0C, 0x0B, 0x0C, 0x0C, 0x0B, 0x0C, 0x0D, 0x0B, 0x0B, 0x05, 0x0B, 0x0B,
    0x05, 0x0B, 0x0B, 0x0B, 0x0B, 0x0C, 0x0B, 0x0B, 0x0B, 0x0B, 0x0C, 0x0B, 0x09, 0x0B, 0x0D, 0x09, 0x0B, 0x0C, 0x0B, 0x0B, 0x0B, 0x0B, 0x0D, 0x0D,
    0x03, 0x05, 0x0B, 0x0B, 0x05, 0x05, 0x02, 0x02, 0x02, 0x01, 0x02, 0x03, 0x03, 0x05, 0x05, 0x05, 0x05, 0x02, 0x03, 0x05, 0x05, 0x01, 0x03, 0x03,
    0x03, 0x01, 0x03, 0x05, 0x0B, 0x05, 0x09, 0x05, 0x03, 0x05, 0x05, 0x0B, 0x09, 0x05, 0x09, 0x05, 0x05, 0x0B, 0x0B, 0x0B, 0x0C, 0x0B, 0x0C, 0x0B,
    0x0D, 0x0C, 0x0C, 0x05, 0x03, 0x03, 0x05, 0x0B, 0x05, 0x05, 0x0B, 0x09, 0x05, 0x05, 0x0B, 0x0B, 0x0D, 0x05, 0x03, 0x02, 0x0C, 0x0C, 0x0D, 0x09,
    0x0B, 0x0B, 0x0B, 0x09, 0x0B, 0x09, 0x0B, 0x0B, 0x0D, 0x0C, 0x0B, 0x0D, 0x0D, 0x0E, 0x0F, 0x0D, 0x0B, 0x0C, 0x0B, 0x0B, 0x0D, 0x0C, 0x03, 0x02,
    0x0B, 0x09, 0x0B, 0x0D, 0x05, 0x09, 0x0B, 0x09, 0x0D, 0x0B, 0x0F, 0x0E, 0x09, 0x05, 0x03, 0x09, 0x05, 0x03, 0x09, 0x09, 0x05, 0x09, 0x0C, 0x0B,
    0x0E, 0x0E, 0x0F, 0x0E, 0x0E, 0x0F, 0x0D, 0x0C, 0x05, 0x05, 0x05, 0x0B, 0x0B, 0x0C, 0x0D, 0x0B, 0x0B, 0x0B, 0x09, 0x05, 0x0B, 0x0E, 0x0D, 0x0B,
    0x0D, 0x0F, 0x11, 0x0E, 0x0C, 0x09, 0x09, 0x05, 0x03, 0x03, 0x01, 0x05, 0x03, 0x09, 0x0B, 0x05, 0x09, 0x05, 0x09, 0x05, 0x05, 0x0B, 0x05, 0x0B,
    0x0B, 0x0B, 0x0C, 0x0D, 0x0E, 0x0D, 0x03, 0x05, 0x0B, 0x05, 0x09, 0x03, 0x03, 0x0B, 0x0B, 0x0C, 0x0B, 0x0B, 0x0B, 0x09, 0x05, 0x05, 0x05, 0x05,
    0x05, 0x05, 0x0B, 0x0B, 0x0C, 0x0C, 0x0D, 0x0E, 0x0B, 0x0B, 0x0C, 0x0C, 0x01, 0x02, 0x03, 0x05, 0x03, 0x02, 0x03, 0x05, 0x03, 0x03, 0x05, 0x09,
    0x05, 0x05, 0x05, 0x09, 0x05, 0x05, 0x05, 0x0B, 0x09, 0x05, 0x02, 0x03, 0x02, 0x03, 0x03, 0x05, 0x05, 0x05, 0x05, 0x05, 0x05, 0x09, 0x05, 0x09,
    0x0B, 0x0C, 0x0D, 0x0B, 0x0C, 0x0B, 0x0D, 0x0A, 0x0A, 0x0D, 0x0D, 0x09, 0x0B, 0x09, 0x0B, 0x0D, 0x0E, 0x0A, 0x0D, 0x0C, 0x02, 0x05, 0x05, 0x0B,
    0x0C, 0x0C, 0x0C, 0x0D, 0x0B, 0x0B, 0x0B, 0x0C, 0x0C, 0x09, 0x0C, 0x0B, 0x0C, 0x0B, 0x0B, 0x0B, 0x0D, 0x0B, 0x09, 0x0B, 0x05, 0x03, 0x05, 0x0D,
    0x0D, 0x05, 0x05, 0x05, 0x0B, 0x0B, 0x0F, 0x0D, 0x0D, 0x0B, 0x05, 0x01, 0x03, 0x03, 0x0B, 0x0B, 0x05, 0x05, 0x05, 0x09, 0x0D, 0x0F, 0x0C, 0x09,
    0x09, 0x05, 0x03, 0x0B, 0x09, 0x0C, 0x0C, 0x0B, 0x09, 0x0B, 0x0C, 0x0C, 0x0C, 0x0E, 0x0D, 0x0F, 0x0E, 0x0D, 0x0A, 0x0C, 0x0D, 0x0C, 0x0B, 0x0B,
    0x0B, 0x09, 0x09, 0x09, 0x05, 0x03, 0x05, 0x05, 0x05, 0x09, 0x0B, 0x09, 0x0B, 0x0B, 0x0F, 0x0A, 0x0E, 0x0C, 0x0B, 0x09, 0x05, 0x09, 0x09, 0x09,
    0x0B, 0x0B, 0x0B, 0x0B, 0x05, 0x05, 0x03, 0x09, 0x09, 0x03, 0x01, 0x01, 0x01, 0x01, 0x0B, 0x0B, 0x0D, 0x0D, 0x0B, 0x0C, 0x0C, 0x0D, 0x0B, 0x0B,
    0x0B, 0x05, 0x05, 0x03, 0x05, 0x05, 0x03, 0x09, 0x03, 0x05, 0x05, 0x05, 0x05, 0x05, 0x05, 0x05, 0x05, 0x0B, 0x0B, 0x0B, 0x0B, 0x0B, 0x0B, 0x0B,
    0x03, 0x03, 0x03, 0x05, 0x05, 0x05, 0x05, 0x05, 0x0C, 0x02, 0x03, 0x05, 0x05, 0x05, 0x0B, 0x05, 0x05, 0x0B, 0x0B, 0x09, 0x0B, 0x05, 0x05, 0x01,
    0x03, 0x03, 0x03, 0x09, 0x0C, 0x0C, 0x05, 0x0B, 0x05, 0x05, 0x05, 0x0B, 0x0C, 0x09, 0x0B, 0x0B, 0x0B, 0x05, 0x03, 0x05, 0x0B, 0x0B, 0x0B, 0x0C,
    0x0B, 0x0D, 0x0C, 0x0C, 0x0C, 0x0F, 0x10, 0x0F, 0x0B, 0x0B, 0x03, 0x03, 0x05, 0x0B, 0x0C, 0x0D, 0x0B, 0x0E, 0x0D, 0x0C, 0x0D, 0x0C, 0x0B, 0x0B,
    0x0B, 0x0B, 0x0B, 0x0B, 0x0D, 0x0C, 0x0C, 0x0C, 0x0D, 0x0B, 0x05, 0x0C, 0x05, 0x05, 0x05, 0x02, 0x05, 0x09, 0x0C, 0x0D, 0x05, 0x02, 0x05, 0x03,
    0x01, 0x06, 0x03, 0x02, 0x02, 0x01, 0x09, 0x05, 0x0B, 0x0C, 0x09, 0x03, 0x03, 0x04, 0x03, 0x03, 0x05, 0x0B, 0x0D, 0x0C, 0x05, 0x05, 0x0C, 0x11,
    0x0D, 0x0C, 0x0F, 0x0E, 0x0A, 0x0F, 0x0C, 0x0D, 0x0F, 0x0A, 0x0D, 0x0C, 0x09, 0x05, 0x05, 0x05, 0x03, 0x03, 0x01, 0x02, 0x05, 0x09, 0x0B, 0x0B,
    0x0B, 0x0C, 0x0C, 0x0A, 0x0E, 0x09, 0x0B, 0x0C, 0x0B, 0x0D, 0x11, 0x0D, 0x0D, 0x0B, 0x0B, 0x0C, 0x03, 0x03, 0x0B, 0x09, 0x05, 0x05, 0x05, 0x09,
    0x0C, 0x09, 0x09, 0x0B, 0x05, 0x05, 0x0B, 0x0B, 0x0B, 0x0D, 0x0C, 0x0C, 0x0D, 0x05, 0x03, 0x0B, 0x0B, 0x0C, 0x0C, 0x0B, 0x0C, 0x0B, 0x0B, 0x0B,
    0x09, 0x05, 0x0B, 0x09, 0x09, 0x09, 0x0D, 0x0D, 0x0D, 0x0D, 0x0B, 0x0B, 0x05, 0x03, 0x03, 0x0B, 0x05, 0x05, 0x05, 0x0B, 0x0C, 0x05, 0x03, 0x03,
    0x05, 0x05, 0x05, 0x05, 0x0B, 0x09, 0x05, 0x05, 0x05, 0x01, 0x03, 0x03, 0x05, 0x05, 0x03, 0x03, 0x03, 0x03, 0x05, 0x09, 0x0B, 0x05, 0x05, 0x05,
    0x05, 0x0B, 0x02, 0x02, 0x0B, 0x05, 0x06, 0x01, 0x04, 0x05, 0x0B, 0x0C, 0x0B, 0x0E, 0x0A, 0x0E, 0x0E, 0x0C, 0x0C, 0x0D, 0x0D, 0x0F, 0x0B, 0x0C,
    0x0C, 0x09, 0x0B, 0x0B, 0x0D, 0x0D, 0x0C, 0x0D, 0x0C, 0x0D, 0x0D, 0x0D, 0x0E, 0x0B, 0x0B, 0x0B, 0x0D, 0x0D, 0x0E, 0x0B, 0x0B, 0x0C, 0x0D, 0x0D,
    0x0D, 0x0B, 0x05, 0x0B, 0x0D, 0x0B, 0x0C, 0x0C, 0x0D, 0x05, 0x0B, 0x0D, 0x0D, 0x0F, 0x0B, 0x0B, 0x09, 0x09, 0x0B, 0x0E, 0x05, 0x0C, 0x0C, 0x0C,
    0x0C, 0x0B, 0x05, 0x09, 0x0B, 0x0B, 0x0B, 0x0C, 0x0C, 0x0C, 0x0C, 0x0C, 0x0C, 0x0C, 0x0C, 0x0A, 0x0F, 0x0C, 0x0C, 0x0C, 0x0C, 0x0C, 0x0B, 0x0B,
    0x0B, 0x0B, 0x0B, 0x05, 0x01, 0x05, 0x0B, 0x09, 0x0B, 0x0B, 0x05, 0x09, 0x0B, 0x0B, 0x0D, 0x0E, 0x0D, 0x0B, 0x05, 0x05, 0x05, 0x0B, 0x0B, 0x0B,
    0x0C, 0x0B, 0x0B, 0x05, 0x05, 0x05, 0x0B, 0x05, 0x05, 0x05, 0x09, 0x02, 0x05, 0x0B, 0x0B, 0x0C, 0x05, 0x01, 0x02, 0x03, 0x05, 0x05, 0x05, 0x05,
    0x0C, 0x0B, 0x0B, 0x0B, 0x0D, 0x0D, 0x0D, 0x0B, 0x0B, 0x0D, 0x0C, 0x0B, 0x0B, 0x0B, 0x0B, 0x0B, 0x0B, 0x0B, 0x0B, 0x0B, 0x0D, 0x05, 0x01, 0x02,
    0x03, 0x03, 0x03, 0x03, 0x0B, 0x09, 0x03, 0x03, 0x01, 0x02, 0x05, 0x02, 0x03, 0x05, 0x05, 0x05, 0x05, 0x09, 0x05, 0x05, 0x02, 0x02, 0x01, 0x03,
    0x03, 0x03, 0x03, 0x02, 0x03, 0x03, 0x09, 0x09, 0x05, 0x03, 0x05, 0x0B, 0x05, 0x09, 0x0B, 0x0B, 0x0B, 0x0B, 0x05, 0x05, 0x03, 0x01, 0x05, 0x0C,
    0x0B, 0x0C, 0x0C, 0x0C, 0x0B, 0x05, 0x09, 0x09, 0x0C, 0x0D, 0x0C, 0x0B, 0x0B, 0x0B, 0x0B, 0x0B, 0x09, 0x0B, 0x0C, 0x0B, 0x0C, 0x0C, 0x0D, 0x0D,
    0x0C, 0x0B, 0x0D, 0x0D, 0x0C, 0x0C, 0x0B, 0x05, 0x05, 0x05, 0x0D, 0x0C, 0x0B, 0x09, 0x05, 0x0C, 0x05, 0x03, 0x03, 0x05, 0x0B, 0x0B, 0x0B, 0x0D,
    0x0D, 0x0D, 0x0C, 0x0D, 0x11, 0x0E, 0x0E, 0x0E, 0x09, 0x0C, 0x0B, 0x0C, 0x0C, 0x0C, 0x0B, 0x09, 0x09, 0x09, 0x0B, 0x0E, 0x0F, 0x0C, 0x0B, 0x0C,
    0x0B, 0x09, 0x0C, 0x0B, 0x0B, 0x0B, 0x0C, 0x0D, 0x0B, 0x0B, 0x09, 0x0B, 0x0B, 0x0B, 0x09, 0x09, 0x0B, 0x09, 0x0C, 0x0D, 0x0C, 0x0D, 0x0C, 0x0D,
    0x0C, 0x0D, 0x0A, 0x0B, 0x0B, 0x05, 0x05, 0x05, 0x09, 0x05, 0x0B, 0x0B, 0x0B, 0x0B, 0x0B, 0x0C, 0x0B, 0x0B, 0x05, 0x03, 0x03, 0x05, 0x0D, 0x0A,
    0x0D, 0x0D, 0x0D, 0x0C, 0x0C, 0x0C, 0x0B, 0x05, 0x03, 0x03, 0x02, 0x05, 0x09, 0x09, 0x0B, 0x0B, 0x0B, 0x0C, 0x0D, 0x0D, 0x0D, 0x0C, 0x0C, 0x0C,
    0x0B, 0x05, 0x03, 0x03, 0x03, 0x03, 0x05, 0x05, 0x05, 0x02, 0x06, 0x06, 0x05, 0x09, 0x0B, 0x0B, 0x09, 0x09, 0x09, 0x05, 0x02, 0x02, 0x02, 0x05,
    0x05, 0x03, 0x0B, 0x0C, 0x0B, 0x0B, 0x0B, 0x05, 0x05, 0x03, 0x03, 0x03, 0x01, 0x03, 0x03, 0x09, 0x05, 0x05, 0x03, 0x09, 0x0B, 0x05, 0x0B, 0x0B,
    0x0C, 0x0B, 0x0B, 0x0B, 0x0C, 0x0C, 0x0E, 0x0C, 0x03, 0x01, 0x05, 0x03, 0x0B, 0x09, 0x05, 0x0B, 0x0B, 0x05, 0x05, 0x05, 0x0B, 0x0B, 0x0B, 0x0B,
    0x0B, 0x0B, 0x0B, 0x09, 0x0B, 0x0B, 0x0B, 0x0B, 0x0B, 0x0B, 0x0C, 0x0D, 0x0C, 0x0C, 0x0D, 0x0D, 0x0D, 0x0D, 0x0B, 0x0B, 0x0D, 0x0D, 0x0B, 0x05,
    0x0C, 0x0B, 0x0C, 0x0D, 0x09, 0x03, 0x0C, 0x0C, 0x0D, 0x0B, 0x0B, 0x0C, 0x0C, 0x0B, 0x0B, 0x0B, 0x09, 0x0B, 0x0D, 0x0C, 0x05, 0x09, 0x0C, 0x0C,
    0x0C, 0x0C, 0x0B, 0x09, 0x0B, 0x0B, 0x0B, 0x0B, 0x0B, 0x0C, 0x05, 0x03, 0x03, 0x0B, 0x0B, 0x05, 0x0C, 0x0B, 0x0D, 0x0F, 0x0E, 0x0C, 0x09, 0x05,
    0x09, 0x09, 0x0B, 0x09, 0x0B, 0x0C, 0x0D, 0x0D, 0x0E, 0x0D, 0x0D, 0x0D, 0x0D, 0x0C, 0x0B, 0x0C, 0x0B, 0x09, 0x09, 0x09, 0x05, 0x0B, 0x0B, 0x09,
    0x0B, 0x0B, 0x0B, 0x0C, 0x0C, 0x09, 0x05, 0x03, 0x0C, 0x0D, 0x0B, 0x0B, 0x0C, 0x0C, 0x0C, 0x0B, 0x0C, 0x0E, 0x0D, 0x0C, 0x05, 0x06, 0x06, 0x03,
    0x09, 0x0B, 0x09, 0x0C, 0x0C, 0x0C, 0x0C, 0x0D, 0x0D, 0x0D, 0x0B, 0x0B, 0x03, 0x05, 0x05, 0x05, 0x02, 0x01, 0x02, 0x05, 0x05, 0x0D, 0x10, 0x0A,
    0x05, 0x05, 0x05, 0x05, 0x0B, 0x0B, 0x0B, 0x05, 0x05, 0x05, 0x05, 0x03, 0x03, 0x02, 0x03, 0x02, 0x02, 0x03, 0x05, 0x05, 0x05, 0x03, 0x04, 0x06,
    0x04, 0x05, 0x05, 0x05, 0x05, 0x05, 0x0C, 0x0B, 0x0B, 0x05, 0x09, 0x0C, 0x0D, 0x0D, 0x0C, 0x0C, 0x0B, 0x0C, 0x0F, 0x0A, 0x0C, 0x05, 0x02, 0x01,
    0x05, 0x0B, 0x0B, 0x0B, 0x0B, 0x0B, 0x0B, 0x0B, 0x0B, 0x0C, 0x0B, 0x0C, 0x0B, 0x09, 0x0B, 0x0B, 0x05, 0x05, 0x09, 0x0B, 0x05, 0x0B, 0x0B, 0x0D,
    0x0B, 0x09, 0x0B, 0x0B, 0x0C, 0x0C, 0x0C, 0x0F, 0x0C, 0x0C, 0x0C, 0x0B, 0x0B, 0x0B, 0x0C, 0x0C, 0x0F, 0x0D, 0x09, 0x0B, 0x0D, 0x0F, 0x0E, 0x0D,
    0x0C, 0x0B, 0x09, 0x05, 0x03, 0x09, 0x0D, 0x0E, 0x0B, 0x05, 0x03, 0x05, 0x05, 0x09, 0x0B, 0x03, 0x05, 0x0B, 0x09, 0x09, 0x0B, 0x03, 0x09, 0x0C,
    0x0D, 0x0B, 0x0B, 0x0C, 0x0D, 0x0D, 0x0D, 0x0C, 0x0D, 0x0B, 0x09, 0x0B, 0x0B, 0x0C, 0x0B, 0x09, 0x0B, 0x0E, 0x0E, 0x0E, 0x0B, 0x0B, 0x0C, 0x0C,
    0x0C, 0x0C, 0x0B, 0x0C, 0x0C, 0x0C, 0x0D, 0x0C, 0x0B, 0x09, 0x0B, 0x09, 0x09, 0x05, 0x09, 0x09, 0x09, 0x0C, 0x09, 0x0B, 0x0B, 0x09, 0x0B, 0x0C,
    0x0C, 0x0C, 0x0C, 0x0C, 0x0D, 0x0D, 0x0D, 0x0C, 0x0E, 0x10, 0x0A, 0x05, 0x05, 0x09, 0x0B, 0x0B, 0x0C, 0x0B, 0x0B, 0x0C, 0x05, 0x05, 0x05, 0x05,
    0x05, 0x05, 0x0B, 0x05, 0x0B, 0x05, 0x05, 0x03, 0x02, 0x0B, 0x0F, 0x0A, 0x05, 0x0B, 0x09, 0x0B, 0x09, 0x05, 0x05, 0x05, 0x05, 0x0B, 0x0C, 0x05,
    0x05, 0x03, 0x02, 0x03, 0x05, 0x05, 0x05, 0x05, 0x03, 0x05, 0x0B, 0x02, 0x03, 0x02, 0x03, 0x03, 0x06, 0x03, 0x05, 0x05, 0x03, 0x03, 0x03, 0x09,
    0x0B, 0x0D, 0x0C, 0x0C, 0x0E, 0x0D, 0x0E, 0x0D, 0x0E, 0x0D, 0x03, 0x03, 0x03, 0x05, 0x09, 0x0B, 0x0D, 0x0E, 0x0D, 0x0B, 0x0C, 0x0E, 0x0D, 0x0D,
    0x0C, 0x05, 0x05, 0x09, 0x0B, 0x0B, 0x0B, 0x0B, 0x05, 0x09, 0x0B, 0x0B, 0x0D, 0x05, 0x09, 0x09, 0x05, 0x0B, 0x0B, 0x0C, 0x0B, 0x09, 0x05, 0x09,
    0x05, 0x09, 0x09, 0x0C, 0x0D, 0x11, 0x0D, 0x0C, 0x0C, 0x0C, 0x0C, 0x0C, 0x0C, 0x09, 0x0B, 0x05, 0x03, 0x05, 0x0B, 0x0E, 0x0C, 0x05, 0x05, 0x05,
    0x05, 0x05, 0x0B, 0x0B, 0x0C, 0x0B, 0x0B, 0x0B, 0x09, 0x05, 0x09, 0x0C, 0x0D, 0x09, 0x0B, 0x0C, 0x0B, 0x0B, 0x09, 0x05, 0x03, 0x09, 0x0C, 0x0B,
    0x0C, 0x0D, 0x0B, 0x0B, 0x0B, 0x0E, 0x0F, 0x0E, 0x0D, 0x0E, 0x0E, 0x0B, 0x0B, 0x0B, 0x0B, 0x0B, 0x0D, 0x0D, 0x0D, 0x0C, 0x0B, 0x05, 0x05, 0x05,
    0x05, 0x09, 0x05, 0x05, 0x05, 0x09, 0x0B, 0x0C, 0x0C, 0x0B, 0x09, 0x0B, 0x0B, 0x0C, 0x0D, 0x0D, 0x0B, 0x0B, 0x09, 0x05, 0x05, 0x0B, 0x0A, 0x0C,
    0x05, 0x09, 0x0B, 0x09, 0x0B, 0x0B, 0x0B, 0x0B, 0x03, 0x03, 0x03, 0x05, 0x0B, 0x0B, 0x05, 0x05, 0x0B, 0x09, 0x0B, 0x03, 0x03, 0x09, 0x0C, 0x0C,
    0x05, 0x05, 0x05, 0x05, 0x03, 0x05, 0x05, 0x03, 0x05, 0x03, 0x02, 0x03, 0x05, 0x09, 0x0B, 0x0C, 0x0B, 0x0B, 0x09, 0x05, 0x03, 0x03, 0x09, 0x05,
    0x01, 0x04, 0x01, 0x01, 0x02, 0x03, 0x02, 0x02, 0x05, 0x03, 0x05, 0x03, 0x02, 0x03, 0x09, 0x0C, 0x0E, 0x0C, 0x0D, 0x11, 0x13, 0x14, 0x0F, 0x09,
    0x0B, 0x05, 0x0B, 0x0B, 0x0B, 0x0B, 0x0C, 0x0B, 0x0B, 0x0C, 0x0C, 0x0B, 0x0B, 0x0B, 0x09, 0x05, 0x09, 0x05, 0x03, 0x0B, 0x0D, 0x0C, 0x0C, 0x0C,
    0x0D, 0x0F, 0x0D, 0x05, 0x03, 0x05, 0x0C, 0x09, 0x0B, 0x09, 0x0B, 0x05, 0x03, 0x0B, 0x05, 0x09, 0x0D, 0x0F, 0x0E, 0x0B, 0x0B, 0x0B, 0x0B, 0x0B,
    0x0B, 0x0B, 0x09, 0x03, 0x05, 0x05, 0x05, 0x0C, 0x0C, 0x0C, 0x0B, 0x0C, 0x0C, 0x09, 0x05, 0x05, 0x09, 0x09, 0x0B, 0x0B, 0x09, 0x09, 0x0C, 0x0C,
    0x0D, 0x0D, 0x05, 0x0D, 0x0C, 0x0B, 0x0B, 0x0B, 0x05, 0x0C, 0x0D, 0x0B, 0x0C, 0x0C, 0x0B, 0x0D, 0x0C, 0x0C, 0x0B, 0x0C, 0x0D, 0x0C, 0x0E, 0x0F,
    0x0C, 0x09, 0x0D, 0x0D, 0x09, 0x0B, 0x0D, 0x0D, 0x0B, 0x0D, 0x0D, 0x0E, 0x0C, 0x0C, 0x0D, 0x09, 0x03, 0x05, 0x09, 0x0B, 0x0B, 0x0B, 0x0B, 0x0B,
    0x05, 0x05, 0x0C, 0x0C, 0x0B, 0x05, 0x05, 0x05, 0x0B, 0x0C, 0x0B, 0x0D, 0x0C, 0x0B, 0x09, 0x09, 0x0B, 0x0B, 0x09, 0x03, 0x05, 0x0B, 0x0B, 0x09,
    0x09, 0x0B, 0x05, 0x05, 0x05, 0x0B, 0x0B, 0x0B, 0x0B, 0x09, 0x0B, 0x0C, 0x0B, 0x05, 0x0B, 0x09, 0x05, 0x05, 0x05, 0x05, 0x05, 0x03, 0x05, 0x05,
    0x03, 0x05, 0x05, 0x05, 0x0B, 0x03, 0x03, 0x03, 0x05, 0x05, 0x05, 0x05, 0x05, 0x05, 0x05, 0x03, 0x01, 0x02, 0x01, 0x02, 0x01, 0x02, 0x01, 0x01,
    0x01, 0x04, 0x01, 0x01, 0x02, 0x03, 0x05, 0x0B, 0x0D, 0x0D, 0x0B, 0x0D, 0x0B, 0x05, 0x09, 0x0B, 0x0B, 0x0B, 0x0C, 0x0C, 0x05, 0x05, 0x0B, 0x05,
    0x05, 0x05, 0x05, 0x02, 0x05, 0x09, 0x09, 0x05, 0x05, 0x05, 0x0C, 0x0C, 0x0D, 0x0D, 0x0B, 0x05, 0x0C, 0x0E, 0x0B, 0x05, 0x0B, 0x0B, 0x0B, 0x0B,
    0x0B, 0x0B, 0x09, 0x05, 0x0B, 0x0C, 0x0C, 0x05, 0x05, 0x0B, 0x0B, 0x0B, 0x0B, 0x0B, 0x0B, 0x05, 0x03, 0x05, 0x03, 0x05, 0x0B, 0x0D, 0x0C, 0x0C,
    0x0E, 0x0D, 0x0C, 0x0C, 0x05, 0x03, 0x05, 0x0B, 0x0B, 0x05, 0x02, 0x03, 0x09, 0x0D, 0x0C, 0x0D, 0x0B, 0x0B, 0x0D, 0x0E, 0x0D, 0x0B, 0x05, 0x0B,
    0x0B, 0x0B, 0x0D, 0x0D, 0x0D, 0x0C, 0x0B, 0x05, 0x0D, 0x0D, 0x0C, 0x0E, 0x0D, 0x0F, 0x0D, 0x0D, 0x0D, 0x0C, 0x0B, 0x0B, 0x09, 0x09, 0x0B, 0x0C,
    0x0C, 0x0C, 0x0C, 0x09, 0x03, 0x03, 0x03, 0x0B, 0x0C, 0x0C, 0x0B, 0x05, 0x0D, 0x0D, 0x0C, 0x0C, 0x0D, 0x05, 0x03, 0x05, 0x05, 0x0C, 0x0C, 0x0B,
    0x0D, 0x09, 0x0B, 0x0B, 0x0B, 0x0C, 0x0B, 0x03, 0x05, 0x09, 0x0B, 0x0B, 0x0B, 0x0B, 0x0B, 0x0B, 0x05, 0x0B, 0x09, 0x0C, 0x0D, 0x0C, 0x0B, 0x0B,
    0x0B, 0x0B, 0x0B, 0x05, 0x05, 0x05, 0x05, 0x02, 0x09, 0x01, 0x0B, 0x0C, 0x09, 0x05, 0x05, 0x05, 0x03, 0x03, 0x05, 0x05, 0x05, 0x05, 0x0B, 0x0B,
    0x09, 0x05, 0x05, 0x05, 0x02, 0x03, 0x05, 0x03, 0x05, 0x03, 0x03, 0x02, 0x02, 0x01, 0x02, 0x03, 0x05, 0x05, 0x05, 0x03, 0x03, 0x05, 0x09, 0x09,
    0x0B, 0x0C, 0x0B, 0x0E, 0x0D, 0x0D, 0x0D, 0x0D, 0x0B, 0x05, 0x05, 0x0B, 0x0D, 0x0D, 0x0B, 0x0B, 0x0C, 0x05, 0x03, 0x03, 0x0D, 0x0C, 0x0E, 0x0D,
    0x0D, 0x0E, 0x0D, 0x0E, 0x0D, 0x0B, 0x09, 0x05, 0x0B, 0x09, 0x05, 0x0B, 0x09, 0x09, 0x05, 0x05, 0x03, 0x0B, 0x09, 0x05, 0x0B, 0x05, 0x09, 0x0B,
    0x0C, 0x0B, 0x09, 0x05, 0x05, 0x05, 0x09, 0x09, 0x0D, 0x0D, 0x0C, 0x0B, 0x0C, 0x0D, 0x0B, 0x09, 0x09, 0x02, 0x02, 0x03, 0x09, 0x0B, 0x03, 0x03,
    0x03, 0x0C, 0x0B, 0x0B, 0x0B, 0x0B, 0x0B, 0x0D, 0x0F, 0x0F, 0x0E, 0x0D, 0x0F, 0x0E, 0x0C, 0x0D, 0x0D, 0x0D, 0x0E, 0x0D, 0x0C, 0x0B, 0x0B, 0x0B,
    0x0B, 0x0D, 0x0D, 0x0D, 0x0B, 0x0B, 0x05, 0x05, 0x0B, 0x05, 0x05, 0x05, 0x05, 0x05, 0x09, 0x0B, 0x0C, 0x05, 0x0B, 0x09, 0x0B, 0x0C, 0x0C, 0x0C,
    0x0E, 0x0D, 0x0C, 0x0D, 0x0C, 0x0D, 0x0F, 0x0B, 0x0D, 0x0D, 0x0E, 0x0C, 0x0C, 0x0B, 0x0B, 0x0B, 0x05, 0x0B, 0x0B, 0x0C, 0x0C, 0x05, 0x09, 0x0B,
    0x09, 0x09, 0x0B, 0x05, 0x05, 0x05, 0x05, 0x0C, 0x0E, 0x0D, 0x0B, 0x02, 0x0B, 0x0D, 0x0D, 0x09, 0x09, 0x05, 0x05, 0x09, 0x01, 0x03, 0x02, 0x05,
    0x05, 0x05, 0x03, 0x05, 0x09, 0x0B, 0x05, 0x05, 0x0B, 0x0B, 0x0C, 0x0B, 0x09, 0x05, 0x03, 0x03, 0x0B, 0x09, 0x02, 0x05, 0x05, 0x03, 0x02, 0x03,
    0x03, 0x05, 0x05, 0x05, 0x05, 0x05, 0x09, 0x03, 0x03, 0x03, 0x09, 0x0C, 0x05, 0x05, 0x09, 0x05, 0x0B, 0x0C, 0x0C, 0x0B, 0x0C, 0x09, 0x0B, 0x09,
    0x0B, 0x0B, 0x0B, 0x09, 0x09, 0x09, 0x0C, 0x09, 0x0B, 0x0B, 0x05, 0x0B, 0x0B, 0x0B, 0x0C, 0x05, 0x03, 0x03, 0x09, 0x0B, 0x09, 0x05, 0x02, 0x0B,
    0x09, 0x03, 0x0B, 0x0D, 0x0B, 0x09, 0x03, 0x05, 0x09, 0x09, 0x09, 0x05, 0x0B, 0x0B, 0x0C, 0x0B, 0x09, 0x05, 0x09, 0x09, 0x05, 0x05, 0x09, 0x09,
    0x05, 0x09, 0x03, 0x03, 0x02, 0x02, 0x03, 0x01, 0x02, 0x03, 0x01, 0x03, 0x02, 0x03, 0x09, 0x03, 0x01, 0x0C, 0x0B, 0x0C, 0x0D, 0x0D, 0x0C, 0x0D,
    0x0C, 0x0D, 0x0E, 0x0D, 0x0B, 0x0D, 0x0C, 0x0D, 0x0D, 0x02, 0x02, 0x02, 0x09, 0x09, 0x0D, 0x0B, 0x0C, 0x0B, 0x0B, 0x0B, 0x0B, 0x0C, 0x0B, 0x02,
    0x05, 0x05, 0x09, 0x0C, 0x0C, 0x0E, 0x05, 0x0B, 0x0B, 0x05, 0x0D, 0x0E, 0x0C, 0x0C, 0x0D, 0x0B, 0x0B, 0x0B, 0x09, 0x09, 0x0B, 0x09, 0x0B, 0x0C,
    0x0D, 0x0B, 0x09, 0x05, 0x09, 0x05, 0x0C, 0x0C, 0x0C, 0x0C, 0x0D, 0x0B, 0x0B, 0x05, 0x09, 0x03, 0x09, 0x0B, 0x0C, 0x0D, 0x0E, 0x0D, 0x0D, 0x05,
    0x05, 0x05, 0x05, 0x05, 0x0B, 0x05, 0x05, 0x05, 0x09, 0x05, 0x03, 0x02, 0x03, 0x05, 0x01, 0x03, 0x05, 0x09, 0x0B, 0x0B, 0x0D, 0x0E, 0x0D, 0x0B,
    0x0B, 0x0C, 0x09, 0x09, 0x09, 0x03, 0x09, 0x05, 0x05, 0x05, 0x03, 0x05, 0x03, 0x02, 0x01, 0x04, 0x04, 0x05, 0x05, 0x03, 0x03, 0x05, 0x05, 0x05,
    0x0D, 0x09, 0x05, 0x05, 0x0B, 0x0B, 0x0B, 0x0B, 0x0B, 0x0B, 0x09, 0x0B, 0x0C, 0x0C, 0x0B, 0x0C, 0x0C, 0x0D, 0x0B, 0x0B, 0x0B, 0x09, 0x05, 0x03,
    0x05, 0x05, 0x09, 0x0B, 0x0B, 0x0B, 0x0D, 0x0E, 0x0B, 0x09, 0x0C, 0x0C, 0x0E, 0x0F, 0x0E, 0x0D, 0x05, 0x05, 0x09, 0x09, 0x05, 0x05, 0x05, 0x0B,
    0x09, 0x09, 0x09, 0x0B, 0x0B, 0x03, 0x01, 0x03, 0x0B, 0x05, 0x03, 0x03, 0x05, 0x09, 0x09, 0x09, 0x09, 0x09, 0x05, 0x05, 0x05, 0x01, 0x02, 0x02,
    0x05, 0x03, 0x05, 0x01, 0x09, 0x0B, 0x09, 0x0D, 0x0D, 0x09, 0x0B, 0x0C, 0x09, 0x0B, 0x0D, 0x0B, 0x0B, 0x0B, 0x0C, 0x0C, 0x0B, 0x0C, 0x0C, 0x0C,
    0x0B, 0x05, 0x02, 0x09, 0x0B, 0x0B, 0x0B, 0x0B, 0x05, 0x05, 0x0B, 0x0B, 0x05, 0x0B, 0x0B, 0x0B, 0x09, 0x03, 0x05, 0x0D, 0x05, 0x05, 0x05, 0x0B,
    0x0B, 0x0C, 0x0C, 0x0D, 0x0D, 0x05, 0x01, 0x05, 0x0B, 0x05, 0x0B, 0x0C, 0x05, 0x05, 0x0C, 0x0C, 0x0B, 0x0C, 0x0B, 0x0E, 0x0F, 0x0D, 0x0B, 0x0B,
    0x09, 0x05, 0x03, 0x05, 0x02, 0x09, 0x0B, 0x0D, 0x0B, 0x0C, 0x0E, 0x0D, 0x05, 0x05, 0x05, 0x05, 0x05, 0x05, 0x0C, 0x0C, 0x0C, 0x0E, 0x03, 0x05,
    0x05, 0x05, 0x05, 0x05, 0x05, 0x0D, 0x0A, 0x0F, 0x11, 0x0A, 0x0F, 0x0F, 0x0B, 0x0D, 0x0B, 0x0B, 0x05, 0x05, 0x0B, 0x09, 0x09, 0x0B, 0x0B, 0x03,
    0x04, 0x01, 0x01, 0x04, 0x02, 0x05, 0x05, 0x05, 0x05, 0x01, 0x05, 0x05, 0x05, 0x03, 0x01, 0x02, 0x01, 0x09, 0x0B, 0x0B, 0x05, 0x0B, 0x0C, 0x0B,
    0x09, 0x03, 0x09, 0x09, 0x09, 0x0B, 0x0C, 0x0B, 0x05, 0x05, 0x05, 0x05, 0x09, 0x0B, 0x0B, 0x0B, 0x0D, 0x0F, 0x11, 0x0E, 0x0C, 0x0B, 0x05, 0x05,
    0x05, 0x03, 0x05, 0x03, 0x03, 0x0B, 0x09, 0x09, 0x09, 0x0B, 0x05, 0x05, 0x05, 0x05, 0x09, 0x05, 0x05, 0x03, 0x03, 0x0B, 0x0E, 0x0C, 0x0B, 0x0B,
    0x09, 0x0C, 0x0D, 0x0D, 0x0C, 0x0E, 0x0C, 0x0B, 0x0C, 0x0B, 0x05, 0x05, 0x03, 0x05, 0x02, 0x02, 0x03, 0x03, 0x0B, 0x03, 0x0B, 0x0C, 0x0C, 0x05,
    0x05, 0x05, 0x0B, 0x05, 0x05, 0x0B, 0x0B, 0x0C, 0x0C, 0x0D, 0x0C, 0x0B, 0x09, 0x0C, 0x0D, 0x0C, 0x0F, 0x0A, 0x0D, 0x0E, 0x0D, 0x0D, 0x0B, 0x0B,
    0x09, 0x09, 0x09, 0x01, 0x03, 0x0C, 0x09, 0x0B, 0x0D, 0x0C, 0x05, 0x03, 0x09, 0x05, 0x09, 0x0B, 0x0C, 0x0D, 0x0C, 0x0D, 0x11, 0x0F, 0x0C, 0x0B,
    0x0C, 0x0F, 0x0F, 0x0F, 0x0C, 0x05, 0x0C, 0x0E, 0x0E, 0x0F, 0x0E, 0x0C, 0x0C, 0x0D, 0x0E, 0x0A, 0x0F, 0x0B, 0x0B, 0x0D, 0x0E, 0x0B, 0x09, 0x09,
    0x05, 0x05, 0x05, 0x05, 0x05, 0x05, 0x0B, 0x0B, 0x0B, 0x0C, 0x0B, 0x09, 0x0B, 0x0B, 0x09, 0x0B, 0x0B, 0x05, 0x05, 0x05, 0x05, 0x0B, 0x05, 0x0B,
    0x0B, 0x05, 0x0B, 0x05, 0x0C, 0x0C, 0x09, 0x0D, 0x0D, 0x0C, 0x0D, 0x0C, 0x05, 0x01, 0x01, 0x05, 0x05, 0x05, 0x05, 0x09, 0x03, 0x03, 0x05, 0x01,
    0x02, 0x01, 0x02, 0x03, 0x03, 0x05, 0x05, 0x05, 0x05, 0x03, 0x03, 0x05, 0x09, 0x09, 0x0D, 0x0C, 0x0B, 0x09, 0x0B, 0x0D, 0x0C, 0x09, 0x03, 0x03,
    0x05, 0x09, 0x09, 0x09, 0x05, 0x09, 0x05, 0x05, 0x05, 0x03, 0x01, 0x01, 0x04, 0x06, 0x01, 0x04, 0x01, 0x03, 0x09, 0x05, 0x05, 0x05, 0x05, 0x09,
    0x05, 0x05, 0x05, 0x03, 0x03, 0x03, 0x03, 0x05, 0x05, 0x0C, 0x0B, 0x0B, 0x09, 0x05, 0x09, 0x0B, 0x0B, 0x0C, 0x0C, 0x0D, 0x0C, 0x0B, 0x0B, 0x0B,
    0x03, 0x0B, 0x03, 0x03, 0x05, 0x03, 0x03, 0x05, 0x09, 0x0D, 0x09, 0x0B, 0x0E, 0x0E, 0x0B, 0x0B, 0x0C, 0x0C, 0x0B, 0x0D, 0x0A, 0x0F, 0x0F, 0x0B,
    0x0C, 0x02, 0x0B, 0x0A, 0x11, 0x0A, 0x10, 0x10, 0x10, 0x11, 0x0E, 0x09, 0x0C, 0x0C, 0x09, 0x05, 0x05, 0x09, 0x0C, 0x05, 0x05, 0x05, 0x03, 0x05,
    0x05, 0x05, 0x03, 0x03, 0x0B, 0x0C, 0x0F, 0x0D, 0x0C, 0x0C, 0x0B, 0x03, 0x0C, 0x0B, 0x0B, 0x09, 0x0D, 0x0C, 0x03, 0x0B, 0x0E, 0x0E, 0x0D, 0x0B,
    0x0B, 0x0C, 0x0E, 0x0B, 0x0C, 0x0D, 0x0C, 0x09, 0x0B, 0x02, 0x01, 0x0B, 0x03, 0x03, 0x05, 0x05, 0x09, 0x05, 0x09, 0x05, 0x05, 0x09, 0x0B, 0x05,
    0x0C, 0x05, 0x05, 0x05, 0x09, 0x09, 0x09, 0x05, 0x02, 0x05, 0x09, 0x0B, 0x0C, 0x0B, 0x05, 0x05, 0x09, 0x09, 0x0C, 0x0E, 0x0F, 0x0E, 0x0E, 0x0D,
    0x0E, 0x0A, 0x05, 0x02, 0x02, 0x03, 0x03, 0x03, 0x01, 0x01, 0x01, 0x01, 0x01, 0x03, 0x05, 0x09, 0x05, 0x02, 0x02, 0x03, 0x01, 0x03, 0x05, 0x05,
    0x03, 0x0B, 0x0B, 0x05, 0x05, 0x03, 0x03, 0x09, 0x0D, 0x0F, 0x0B, 0x05, 0x05, 0x05, 0x03, 0x05, 0x03, 0x01, 0x04, 0x06, 0x06, 0x02, 0x01, 0x01,
    0x01, 0x03, 0x03, 0x09, 0x02, 0x03, 0x02, 0x02, 0x03, 0x02, 0x01, 0x02, 0x01, 0x02, 0x01, 0x01, 0x02, 0x01, 0x02, 0x09, 0x09, 0x09, 0x05, 0x0B,
    0x0B, 0x09, 0x05, 0x09, 0x0B, 0x0D, 0x0C, 0x0B, 0x09, 0x0B, 0x0B, 0x0C, 0x0B, 0x0B, 0x05, 0x02, 0x05, 0x05, 0x09, 0x03, 0x05, 0x0B, 0x0C, 0x0C,
    0x0B, 0x0B, 0x0B, 0x0C, 0x0C, 0x0C, 0x0D, 0x0E, 0x0C, 0x0C, 0x0B, 0x0B, 0x0C, 0x0D, 0x0E, 0x0B, 0x0C, 0x0C, 0x0C, 0x0C, 0x0D, 0x0D, 0x0C, 0x0B,
    0x0B, 0x0B, 0x09, 0x03, 0x01, 0x02, 0x03, 0x05, 0x05, 0x0B, 0x05, 0x05, 0x03, 0x02, 0x02, 0x05, 0x09, 0x09, 0x0B, 0x0C, 0x0C, 0x0D, 0x0C, 0x05,
    0x02, 0x05, 0x0B, 0x0B, 0x0B, 0x0B, 0x0C, 0x0B, 0x0B, 0x0D, 0x0C, 0x0C, 0x0C, 0x0C, 0x0D, 0x0D, 0x0D, 0x09, 0x05, 0x05, 0x05, 0x0B, 0x0B, 0x0B,
    0x05, 0x09, 0x05, 0x03, 0x03, 0x05, 0x09, 0x0B, 0x0B, 0x05, 0x05, 0x05, 0x09, 0x0B, 0x09, 0x0B, 0x0B, 0x05, 0x05, 0x05, 0x05, 0x0B, 0x05, 0x02,
    0x05, 0x05, 0x01, 0x09, 0x05, 0x03, 0x05, 0x05, 0x0D, 0x0C, 0x0E, 0x0F, 0x0D, 0x0B, 0x09, 0x05, 0x05, 0x01, 0x01, 0x01, 0x01, 0x01, 0x03, 0x03,
    0x03, 0x05, 0x09, 0x09, 0x05, 0x09, 0x03, 0x01, 0x01, 0x01, 0x01, 0x01, 0x03, 0x05, 0x05, 0x09, 0x05, 0x03, 0x05, 0x03, 0x0B, 0x0B, 0x0D, 0x0D,
    0x0D, 0x0D, 0x0B, 0x03, 0x02, 0x02, 0x02, 0x02, 0x01, 0x02, 0x03, 0x03, 0x03, 0x09, 0x05, 0x09, 0x0B, 0x01, 0x03, 0x09, 0x05, 0x05, 0x03, 0x02,
    0x02, 0x01, 0x01, 0x02, 0x02, 0x03, 0x05, 0x03, 0x05, 0x09, 0x0E, 0x0B, 0x09, 0x05, 0x0B, 0x0B, 0x0D, 0x0C, 0x0B, 0x0C, 0x0C, 0x0B, 0x09, 0x05,
    0x0D, 0x0E, 0x0D, 0x0B, 0x05, 0x05, 0x03, 0x03, 0x01, 0x02, 0x03, 0x09, 0x0C, 0x0D, 0x0C, 0x0C, 0x0B, 0x0B, 0x0D, 0x0E, 0x0B, 0x0B, 0x0B, 0x0C,
    0x0C, 0x0B, 0x0B, 0x0B, 0x0B, 0x0C, 0x0B, 0x05, 0x03, 0x0B, 0x0B, 0x0B, 0x05, 0x05, 0x05, 0x03, 0x03, 0x05, 0x0B, 0x05, 0x05, 0x0B, 0x05, 0x05,
    0x03, 0x03, 0x05, 0x05, 0x05, 0x05, 0x05, 0x0B, 0x0D, 0x0D, 0x0D, 0x0F, 0x0B, 0x03, 0x05, 0x0B, 0x0C, 0x0B, 0x0E, 0x0C, 0x0B, 0x0C, 0x0C, 0x0B,
    0x0B, 0x0B, 0x0B, 0x09, 0x09, 0x0B, 0x03, 0x05, 0x0B, 0x0B, 0x0B, 0x0C, 0x03, 0x05, 0x0B, 0x0B, 0x05, 0x05, 0x05, 0x09, 0x0D, 0x0B, 0x0B, 0x05,
    0x09, 0x09, 0x05, 0x05, 0x05, 0x05, 0x05, 0x05, 0x05, 0x02, 0x05, 0x0B, 0x09, 0x09, 0x09, 0x05, 0x03, 0x01, 0x03, 0x05, 0x05, 0x05, 0x09, 0x05,
    0x05, 0x05, 0x05, 0x05, 0x03, 0x03, 0x02, 0x01, 0x03, 0x03, 0x05, 0x05, 0x05, 0x05, 0x05, 0x05, 0x05, 0x09, 0x0B, 0x0B, 0x0B, 0x09, 0x03, 0x03,
    0x01, 0x01, 0x01, 0x02, 0x01, 0x02, 0x01, 0x03, 0x03, 0x05, 0x05, 0x09, 0x09, 0x03, 0x03, 0x03, 0x02, 0x03, 0x05, 0x09, 0x09, 0x05, 0x05, 0x09,
    0x05, 0x01, 0x03, 0x09, 0x09, 0x05, 0x09, 0x0B, 0x0B, 0x0B, 0x0B, 0x0B, 0x0B, 0x0D, 0x0C, 0x05, 0x05, 0x03, 0x05, 0x09, 0x05, 0x0D, 0x0C, 0x05,
    0x0B, 0x0B, 0x0B, 0x0B, 0x0B, 0x0B, 0x0B, 0x0C, 0x0C, 0x0C, 0x0B, 0x0D, 0x0D, 0x0D, 0x0F, 0x0E, 0x05, 0x05, 0x0B, 0x0D, 0x0C, 0x09, 0x09, 0x03,
    0x05, 0x0B, 0x09, 0x0B, 0x0B, 0x0D, 0x0C, 0x0C, 0x0B, 0x0B, 0x0D, 0x0C, 0x0B, 0x0B, 0x03, 0x05, 0x09, 0x0B, 0x0B, 0x0B, 0x0D, 0x0D, 0x0B, 0x05,
    0x03, 0x03, 0x03, 0x05, 0x0C, 0x0D, 0x09, 0x0B, 0x0B, 0x0B, 0x0D, 0x0B, 0x05, 0x02, 0x01, 0x05, 0x09, 0x0B, 0x0B, 0x0B, 0x0B, 0x0B, 0x0C, 0x0D,
    0x0F, 0x0C, 0x03, 0x0B, 0x0B, 0x0B, 0x0B, 0x0D, 0x0C, 0x0B, 0x0B, 0x05, 0x03, 0x05, 0x03, 0x0C, 0x0C, 0x05, 0x02, 0x05, 0x09, 0x05, 0x0B, 0x0B,
    0x04, 0x02, 0x03, 0x05, 0x05, 0x05, 0x05, 0x0B, 0x05, 0x0B, 0x09, 0x05, 0x09, 0x0C, 0x05, 0x05, 0x05, 0x05, 0x05, 0x02, 0x04, 0x02, 0x03, 0x03,
    0x05, 0x0B, 0x0E, 0x0B, 0x05, 0x09, 0x05, 0x05, 0x01, 0x04, 0x01, 0x05, 0x03, 0x03, 0x03, 0x02, 0x02, 0x03, 0x03, 0x03, 0x05, 0x05, 0x0B, 0x05,
    0x05, 0x09, 0x09, 0x09, 0x05, 0x0B, 0x0B, 0x09, 0x09, 0x0B, 0x09, 0x03, 0x03, 0x02, 0x01, 0x06, 0x01, 0x01, 0x03, 0x02, 0x01, 0x03, 0x01, 0x03,
    0x05, 0x03, 0x03, 0x03, 0x02, 0x03, 0x0B, 0x0C, 0x09, 0x02, 0x01, 0x05, 0x09, 0x0B, 0x0C, 0x05, 0x05, 0x05, 0x05, 0x0B, 0x0B, 0x0B, 0x0B, 0x0B,
    0x0C, 0x0D, 0x0C, 0x0B, 0x05, 0x05, 0x05, 0x0D, 0x05, 0x0B, 0x0B, 0x05, 0x02, 0x03, 0x05, 0x0B, 0x0B, 0x0C, 0x0B, 0x09, 0x0B, 0x0B, 0x0B, 0x0D,
    0x0D, 0x09, 0x0C, 0x0B, 0x0D, 0x0B, 0x0D, 0x0B, 0x0B, 0x0B, 0x0B, 0x0B, 0x03, 0x05, 0x05, 0x0B, 0x0B, 0x0B, 0x0C, 0x0D, 0x0C, 0x0C, 0x0B, 0x0D,
    0x05, 0x0B, 0x0B, 0x05, 0x0B, 0x0B, 0x09, 0x0B, 0x0B, 0x0C, 0x0B, 0x05, 0x03, 0x05, 0x03, 0x05, 0x05, 0x05, 0x03, 0x05, 0x0B, 0x0C, 0x0B, 0x09,
    0x0B, 0x05, 0x02, 0x04, 0x02, 0x05, 0x09, 0x0B, 0x0B, 0x02, 0x0B, 0x09, 0x0C, 0x09, 0x0B, 0x02, 0x02, 0x02, 0x05, 0x0B, 0x0B, 0x0C, 0x0D, 0x0D,
    0x0C, 0x0B, 0x0B, 0x09, 0x0C, 0x0C, 0x0C, 0x0D, 0x0B, 0x0D, 0x0D, 0x0B, 0x03, 0x02, 0x02, 0x03, 0x05, 0x03, 0x05, 0x05, 0x05, 0x0B, 0x05, 0x0B,
    0x0E, 0x0C, 0x0B, 0x0B, 0x05, 0x05, 0x05, 0x05, 0x05, 0x05, 0x05, 0x03, 0x05, 0x05, 0x0B, 0x0C, 0x0C, 0x0D, 0x09, 0x05, 0x05, 0x0B, 0x05, 0x05,
    0x03, 0x03, 0x02, 0x01, 0x02, 0x03, 0x05, 0x05, 0x05, 0x05, 0x0C, 0x05, 0x05, 0x03, 0x02, 0x02, 0x03, 0x03, 0x03, 0x05, 0x05, 0x03, 0x03, 0x09,
    0x05, 0x05, 0x03, 0x03, 0x02, 0x0C, 0x02, 0x02, 0x03, 0x01, 0x02, 0x01, 0x03, 0x03, 0x09, 0x0B, 0x0C, 0x0B, 0x0B, 0x09, 0x0B, 0x09, 0x09, 0x05,
    0x05, 0x09, 0x0C, 0x0C, 0x05, 0x09, 0x05, 0x02, 0x02, 0x02, 0x05, 0x0C, 0x0B, 0x0B, 0x0B, 0x05, 0x05, 0x0B, 0x0B, 0x05, 0x0B, 0x05, 0x05, 0x0B,
    0x0C, 0x09, 0x0B, 0x0B, 0x05, 0x05, 0x05, 0x05, 0x0B, 0x0C, 0x0F, 0x0F, 0x0D, 0x0D, 0x0B, 0x05, 0x0B, 0x09, 0x0B, 0x03, 0x09, 0x0B, 0x0B, 0x0C,
    0x0B, 0x05, 0x05, 0x05, 0x05, 0x05, 0x05, 0x05, 0x0B, 0x0B, 0x0D, 0x0D, 0x0C, 0x05, 0x0D, 0x0F, 0x0C, 0x05, 0x09, 0x09, 0x0B, 0x0B, 0x0B, 0x09,
    0x05, 0x05, 0x05, 0x05, 0x02, 0x01, 0x05, 0x09, 0x05, 0x0B, 0x0B, 0x05, 0x05, 0x05, 0x03, 0x04, 0x04, 0x02, 0x05, 0x09, 0x0B, 0x09, 0x05, 0x0B,
    0x05, 0x0B, 0x09, 0x0B, 0x09, 0x0B, 0x0B, 0x0B, 0x0B, 0x0B, 0x0B, 0x0B, 0x0B, 0x0B, 0x0B, 0x0B, 0x0D, 0x0D, 0x0C, 0x0B, 0x0B, 0x0B, 0x0C, 0x0B,
    0x01, 0x03, 0x01, 0x02, 0x01, 0x05, 0x05, 0x05, 0x05, 0x03, 0x03, 0x09, 0x0C, 0x0C, 0x0C, 0x05, 0x05, 0x05, 0x03, 0x03, 0x05, 0x05, 0x03, 0x02,
    0x05, 0x05, 0x01, 0x05, 0x05, 0x05, 0x05, 0x05, 0x03, 0x05, 0x03, 0x02, 0x03, 0x05, 0x05, 0x05, 0x09, 0x0C, 0x0B, 0x05, 0x09, 0x05, 0x05, 0x05,
    0x05, 0x0C, 0x09, 0x09, 0x05, 0x0B, 0x03, 0x05, 0x0B, 0x0B, 0x0B, 0x03, 0x03, 0x05, 0x05, 0x05, 0x0B, 0x0B, 0x02, 0x03, 0x05, 0x05, 0x06, 0x01,
    0x02, 0x02, 0x05, 0x0B, 0x0B, 0x0B, 0x09, 0x09, 0x09, 0x0B, 0x0C, 0x0B, 0x03, 0x0C, 0x09, 0x05, 0x09, 0x05, 0x01, 0x02, 0x03, 0x05, 0x09, 0x09,
    0x09, 0x09, 0x0B, 0x0B, 0x03, 0x05, 0x05, 0x05, 0x03, 0x03, 0x09, 0x05, 0x0D, 0x0D, 0x0B, 0x0B, 0x09, 0x05, 0x05, 0x05, 0x03, 0x0B, 0x0D, 0x0E,
    0x09, 0x0B, 0x0F, 0x0C, 0x03, 0x05, 0x05, 0x0B, 0x0E, 0x0D, 0x0B, 0x05, 0x05, 0x05, 0x05, 0x05, 0x0B, 0x0C, 0x0C, 0x0B, 0x03, 0x0C, 0x0B, 0x0C,
    0x0B, 0x0D, 0x0D, 0x0D, 0x0C, 0x0B, 0x09, 0x05, 0x09, 0x0B, 0x09, 0x09, 0x0B, 0x0B, 0x0B, 0x0B, 0x0B, 0x09, 0x0B, 0x0B, 0x02, 0x05, 0x0C, 0x0D,
    0x0C, 0x0F, 0x0D, 0x0B, 0x09, 0x09, 0x05, 0x0B, 0x09, 0x0B, 0x09, 0x0B, 0x05, 0x03, 0x05, 0x0D, 0x0B, 0x05, 0x09, 0x05, 0x01, 0x03, 0x0B, 0x0C,
    0x09, 0x0B, 0x0D, 0x0D, 0x0E, 0x0D, 0x0D, 0x09, 0x09, 0x0C, 0x0B, 0x09, 0x05, 0x02, 0x03, 0x05, 0x03, 0x01, 0x01, 0x02, 0x01, 0x03, 0x03, 0x03,
    0x03, 0x0B, 0x05, 0x09, 0x0B, 0x0B, 0x0B, 0x0B, 0x0B, 0x09, 0x05, 0x02, 0x01, 0x02, 0x03, 0x03, 0x03, 0x03, 0x05, 0x05, 0x05, 0x0B, 0x0B, 0x05,
    0x03, 0x05, 0x05, 0x09, 0x05, 0x05, 0x09, 0x05, 0x05, 0x05, 0x04, 0x05, 0x0F, 0x0F, 0x0C, 0x05, 0x0C, 0x0B, 0x05, 0x05, 0x0B, 0x0C, 0x0D, 0x0D,
    0x0D, 0x05, 0x01, 0x03, 0x09, 0x0B, 0x0C, 0x0B, 0x09, 0x0B, 0x09, 0x05, 0x02, 0x03, 0x03, 0x05, 0x09, 0x09, 0x0B, 0x0B, 0x0D, 0x0F, 0x0A, 0x0B,
    0x0B, 0x0B, 0x0B, 0x05, 0x0B, 0x0B, 0x05, 0x0B, 0x03, 0x06, 0x03, 0x09, 0x03, 0x05, 0x05, 0x03, 0x03, 0x03, 0x03, 0x04, 0x03, 0x04, 0x02, 0x05,
    0x05, 0x05, 0x05, 0x0B, 0x0C, 0x0D, 0x0B, 0x05, 0x05, 0x05, 0x09, 0x0B, 0x0B, 0x0B, 0x0B, 0x0C, 0x0B, 0x05, 0x05, 0x0B, 0x05, 0x0B, 0x0B, 0x0B,
    0x0B, 0x02, 0x04, 0x04, 0x02, 0x0B, 0x0B, 0x0E, 0x09, 0x0B, 0x09, 0x09, 0x0B, 0x09, 0x0B, 0x09, 0x09, 0x0B, 0x0B, 0x0B, 0x0B, 0x0B, 0x09, 0x0C,
    0x0C, 0x0B, 0x0D, 0x0A, 0x0E, 0x0D, 0x0E, 0x0B, 0x0B, 0x05, 0x05, 0x05, 0x09, 0x09, 0x0C, 0x0D, 0x0D, 0x05, 0x05, 0x05, 0x01, 0x0B, 0x0B, 0x0B,
    0x02, 0x03, 0x0B, 0x0C, 0x0B, 0x0B, 0x0B, 0x05, 0x02, 0x05, 0x0B, 0x0B, 0x0E, 0x0E, 0x0D, 0x11, 0x0A, 0x0A, 0x0D, 0x03, 0x02, 0x05, 0x0B, 0x0F,
    0x03, 0x01, 0x03, 0x0C, 0x09, 0x09, 0x05, 0x03, 0x02, 0x03, 0x03, 0x02, 0x02, 0x03, 0x03, 0x05, 0x05, 0x05, 0x09, 0x05, 0x03, 0x05, 0x03, 0x03,
    0x03, 0x01, 0x02, 0x01, 0x03, 0x03, 0x05, 0x05, 0x0B, 0x0C, 0x0C, 0x09, 0x05, 0x05, 0x09, 0x09, 0x0B, 0x05, 0x0B, 0x05, 0x02, 0x01, 0x05, 0x09,
    0x0B, 0x0B, 0x09, 0x05, 0x09, 0x09, 0x09, 0x0B, 0x0C, 0x0E, 0x0A, 0x0C, 0x0B, 0x0C, 0x09, 0x0B, 0x09, 0x0B, 0x0B, 0x05, 0x0B, 0x0B, 0x0B, 0x05,
    0x03, 0x03, 0x03, 0x05, 0x0B, 0x0B, 0x05, 0x0B, 0x0B, 0x09, 0x0B, 0x0B, 0x09, 0x0B, 0x0B, 0x0B, 0x0D, 0x05, 0x0B, 0x0D, 0x0B, 0x05, 0x09, 0x05,
    0x03, 0x02, 0x03, 0x05, 0x03, 0x05, 0x09, 0x0B, 0x05, 0x0B, 0x09, 0x01, 0x06, 0x02, 0x02, 0x05, 0x0D, 0x0B, 0x0B, 0x0B, 0x0B, 0x05, 0x0D, 0x0B,
    0x02, 0x09, 0x0B, 0x0E, 0x0B, 0x05, 0x01, 0x01, 0x05, 0x09, 0x0B, 0x09, 0x09, 0x05, 0x01, 0x01, 0x03, 0x05, 0x09, 0x09, 0x0B, 0x05, 0x03, 0x05,
    0x09, 0x05, 0x02, 0x02, 0x03, 0x03, 0x09, 0x09, 0x09, 0x09, 0x0B, 0x0B, 0x0C, 0x0C, 0x0B, 0x0D, 0x0B, 0x0C, 0x0D, 0x0E, 0x0D, 0x0D, 0x09, 0x05,
    0x03, 0x01, 0x05, 0x0C, 0x0B, 0x0B, 0x0C, 0x0C, 0x0B, 0x03, 0x0D, 0x0D, 0x0D, 0x0B, 0x05, 0x09, 0x0B, 0x0B, 0x0D, 0x0D, 0x0D, 0x09, 0x05, 0x0D,
    0x0D, 0x0D, 0x0B, 0x0D, 0x09, 0x0B, 0x0E, 0x0C, 0x0B, 0x05, 0x09, 0x09, 0x01, 0x02, 0x02, 0x01, 0x03, 0x0B, 0x0C, 0x0D, 0x09, 0x05, 0x0B, 0x02,
    0x02, 0x05, 0x05, 0x03, 0x03, 0x05, 0x03, 0x05, 0x03, 0x03, 0x03, 0x05, 0x09, 0x0B, 0x09, 0x02, 0x04, 0x02, 0x03, 0x05, 0x0B, 0x0C, 0x09, 0x05,
    0x05, 0x05, 0x03, 0x02, 0x03, 0x05, 0x05, 0x0B, 0x0B, 0x02, 0x05, 0x05, 0x0B, 0x09, 0x0B, 0x0C, 0x0B, 0x0B, 0x0B, 0x0B, 0x0D, 0x0C, 0x0B, 0x05,
    0x0B, 0x0B, 0x0B, 0x05, 0x0B, 0x0B, 0x09, 0x0B, 0x09, 0x09, 0x0B, 0x0B, 0x09, 0x0B, 0x0B, 0x0C, 0x0C, 0x0B, 0x0B, 0x0B, 0x0B, 0x09, 0x0B, 0x05,
    0x0B, 0x09, 0x0B, 0x0B, 0x0C, 0x0B, 0x0B, 0x0C, 0x0B, 0x0B, 0x09, 0x0B, 0x0B, 0x05, 0x01, 0x06, 0x04, 0x02, 0x05, 0x0B, 0x0B, 0x0D, 0x09, 0x0B,
    0x05, 0x05, 0x09, 0x05, 0x09, 0x0B, 0x0B, 0x0D, 0x0B, 0x0B, 0x0B, 0x0D, 0x0A, 0x0B, 0x0B, 0x0C, 0x0D, 0x0B, 0x03, 0x06, 0x02, 0x03, 0x09, 0x05,
    0x09, 0x05, 0x05, 0x03, 0x05, 0x05, 0x05, 0x09, 0x0B, 0x0C, 0x05, 0x05, 0x09, 0x09, 0x05, 0x0B, 0x0B, 0x05, 0x05, 0x0B, 0x05, 0x05, 0x09, 0x05,
    0x0B, 0x0B, 0x05, 0x02, 0x05, 0x0C, 0x0C, 0x0D, 0x0D, 0x0B, 0x05, 0x05, 0x05, 0x03, 0x03, 0x05, 0x09, 0x0B, 0x0B, 0x0B, 0x0B, 0x0B, 0x09, 0x05,
    0x0B, 0x05, 0x05, 0x01, 0x05, 0x09, 0x0B, 0x0D, 0x0E, 0x0E, 0x0D, 0x0C, 0x0B, 0x09, 0x0B, 0x0C, 0x0E, 0x0D, 0x0C, 0x0C, 0x0D, 0x0C, 0x0C, 0x09,
    0x03, 0x02, 0x01, 0x01, 0x01, 0x01, 0x05, 0x09, 0x0B, 0x0B, 0x03, 0x02, 0x01, 0x02, 0x03, 0x03, 0x03, 0x03, 0x05, 0x05, 0x05, 0x03, 0x05, 0x09,
    0x05, 0x05, 0x09, 0x09, 0x03, 0x06, 0x04, 0x03, 0x09, 0x0C, 0x0B, 0x01, 0x03, 0x03, 0x02, 0x05, 0x05, 0x05, 0x09, 0x05, 0x0B, 0x0B, 0x05, 0x05,
    0x03, 0x0B, 0x05, 0x01, 0x03, 0x05, 0x0C, 0x05, 0x0B, 0x0B, 0x09, 0x0B, 0x0B, 0x0B, 0x05, 0x09, 0x09, 0x09, 0x0B, 0x0B, 0x0C, 0x0B, 0x09, 0x0B,
    0x0C, 0x0B, 0x0B, 0x0C, 0x0E, 0x0F, 0x0F, 0x0D, 0x0C, 0x0B, 0x0B, 0x0B, 0x0C, 0x05, 0x0B, 0x0B, 0x0B, 0x0B, 0x0B, 0x0B, 0x0B, 0x03, 0x03, 0x05,
    0x09, 0x05, 0x01, 0x05, 0x09, 0x09, 0x05, 0x03, 0x05, 0x0B, 0x0B, 0x0B, 0x05, 0x01, 0x01, 0x03, 0x05, 0x05, 0x0B, 0x0C, 0x0B, 0x05, 0x05, 0x05,
    0x0B, 0x05, 0x05, 0x0F, 0x0D, 0x0E, 0x0B, 0x05, 0x03, 0x05, 0x05, 0x05, 0x05, 0x05, 0x02, 0x02, 0x03, 0x03, 0x03, 0x03, 0x05, 0x0B, 0x0D, 0x09,
    0x05, 0x0B, 0x0C, 0x0D, 0x0C, 0x0D, 0x0F, 0x0C, 0x0B, 0x0B, 0x0B, 0x0B, 0x0B, 0x0C, 0x0D, 0x0F, 0x0D, 0x0D, 0x0B, 0x0B, 0x0B, 0x05, 0x09, 0x05,
    0x03, 0x05, 0x03, 0x03, 0x05, 0x09, 0x0B, 0x05, 0x03, 0x0C, 0x05, 0x0B, 0x03, 0x05, 0x09, 0x09, 0x05, 0x0C, 0x0B, 0x0B, 0x0C, 0x0B, 0x0B, 0x09,
    0x09, 0x0B, 0x0C, 0x0B, 0x0B, 0x0C, 0x0D, 0x05, 0x05, 0x0C, 0x0B, 0x09, 0x03, 0x01, 0x01, 0x01, 0x01, 0x02, 0x03, 0x0B, 0x0B, 0x05, 0x0B, 0x05,
    0x0B, 0x09, 0x03, 0x03, 0x05, 0x03, 0x03, 0x03, 0x03, 0x05, 0x05, 0x03, 0x03, 0x03, 0x05, 0x0B, 0x05, 0x05, 0x05, 0x02, 0x05, 0x09, 0x0B, 0x0B,
    0x0B, 0x09, 0x09, 0x0B, 0x09, 0x05, 0x09, 0x0B, 0x0B, 0x0B, 0x01, 0x05, 0x04, 0x03, 0x0B, 0x0D, 0x0B, 0x0B, 0x09, 0x0B, 0x09, 0x05, 0x0B, 0x05,
    0x05, 0x09, 0x03, 0x05, 0x09, 0x09, 0x0B, 0x09, 0x03, 0x05, 0x09, 0x0B, 0x09, 0x09, 0x09, 0x0B, 0x0B, 0x0D, 0x0E, 0x0F, 0x0E, 0x0E, 0x0C, 0x0B,
    0x0B, 0x0C, 0x0C, 0x0B, 0x0B, 0x09, 0x09, 0x09, 0x05, 0x0B, 0x05, 0x05, 0x09, 0x0B, 0x0B, 0x0C, 0x05, 0x05, 0x05, 0x02, 0x05, 0x05, 0x0B, 0x09,
    0x05, 0x03, 0x03, 0x02, 0x02, 0x09, 0x0B, 0x03, 0x05, 0x0B, 0x0C, 0x0B, 0x0B, 0x05, 0x05, 0x0B, 0x0B, 0x0B, 0x0C, 0x0B, 0x02, 0x01, 0x05, 0x05,
    0x05, 0x05, 0x02, 0x01, 0x02, 0x04, 0x01, 0x02, 0x03, 0x05, 0x09, 0x05, 0x0B, 0x0C, 0x0B, 0x0B, 0x0B, 0x0C, 0x0C, 0x0C, 0x0D, 0x0C, 0x09, 0x09,
    0x0B, 0x0C, 0x0D, 0x0D, 0x0C, 0x03, 0x03, 0x03, 0x05, 0x05, 0x03, 0x03, 0x05, 0x05, 0x05, 0x05, 0x05, 0x05, 0x09, 0x05, 0x0B, 0x0B, 0x05, 0x05,
    0x05, 0x05, 0x05, 0x0B, 0x05, 0x0B, 0x0D, 0x0D, 0x0B, 0x09, 0x09, 0x05, 0x05, 0x09, 0x0B, 0x09, 0x0B, 0x0C, 0x0B, 0x09, 0x05, 0x0C, 0x0C, 0x0C,
    0x02, 0x01, 0x01, 0x02, 0x01, 0x01, 0x03, 0x03, 0x0B, 0x0C, 0x0B, 0x05, 0x05, 0x05, 0x05, 0x03, 0x05, 0x03, 0x03, 0x03, 0x05, 0x03, 0x03, 0x03,
    0x03, 0x03, 0x05, 0x05, 0x0B, 0x09, 0x09, 0x05, 0x03, 0x05, 0x05, 0x09, 0x0B, 0x0C, 0x0D, 0x0C, 0x09, 0x09, 0x09, 0x05, 0x0B, 0x09, 0x0B, 0x01,
    0x01, 0x01, 0x03, 0x05, 0x05, 0x05, 0x0B, 0x0B, 0x03, 0x05, 0x05, 0x09, 0x05, 0x01, 0x03, 0x05, 0x09, 0x09, 0x05, 0x09, 0x0D, 0x0B, 0x09, 0x09,
    0x05, 0x05, 0x0B, 0x09, 0x05, 0x05, 0x0C, 0x0C, 0x0D, 0x0D, 0x0F, 0x0C, 0x0D, 0x0D, 0x0D, 0x0B, 0x0B, 0x0C, 0x05, 0x0B, 0x05, 0x0B, 0x0B, 0x0B,
    0x0B, 0x0B, 0x09, 0x0B, 0x0C, 0x05, 0x05, 0x0B, 0x05, 0x05, 0x05, 0x09, 0x0C, 0x0B, 0x09, 0x05, 0x05, 0x0B, 0x05, 0x05, 0x09, 0x0B, 0x0D, 0x0B,
    0x0B, 0x0D, 0x0D, 0x09, 0x0B, 0x0B, 0x0B, 0x05, 0x05, 0x03, 0x03, 0x05, 0x05, 0x09, 0x05, 0x03, 0x03, 0x01, 0x04, 0x02, 0x03, 0x02, 0x03, 0x05,
    0x09, 0x0B, 0x0B, 0x03, 0x05, 0x0B, 0x05, 0x09, 0x0B, 0x09, 0x0B, 0x0B, 0x0C, 0x0D, 0x0D, 0x0B, 0x05, 0x05, 0x01, 0x03, 0x03, 0x05, 0x05, 0x05,
    0x05, 0x03, 0x03, 0x05, 0x05, 0x05, 0x03, 0x02, 0x09, 0x05, 0x03, 0x03, 0x03, 0x09, 0x03, 0x03, 0x09, 0x0D, 0x0B, 0x09, 0x09, 0x0B, 0x09, 0x05,
    0x05, 0x05, 0x09, 0x0B, 0x0B, 0x0B, 0x0C, 0x0B, 0x09, 0x09, 0x0D, 0x0C, 0x03, 0x03, 0x02, 0x04, 0x01, 0x01, 0x01, 0x09, 0x05, 0x0B, 0x0C, 0x0D,
    0x09, 0x01, 0x02, 0x03, 0x03, 0x03, 0x03, 0x03, 0x03, 0x05, 0x03, 0x05, 0x03, 0x03, 0x03, 0x03, 0x05, 0x09, 0x05, 0x09, 0x05, 0x05, 0x05, 0x09,
    0x05, 0x0B, 0x09, 0x09, 0x09, 0x05, 0x09, 0x05, 0x09, 0x0C, 0x0C, 0x09, 0x01, 0x09, 0x05, 0x02, 0x03, 0x03, 0x05, 0x09, 0x0B, 0x09, 0x05, 0x05,
    0x09, 0x09, 0x05, 0x05, 0x05, 0x05, 0x0B, 0x05, 0x0B, 0x09, 0x05, 0x0B, 0x0B, 0x0B, 0x0B, 0x09, 0x0B, 0x05, 0x02, 0x05, 0x03, 0x03, 0x05, 0x0C,
    0x0B, 0x0D, 0x0C, 0x0C, 0x0B, 0x05, 0x0B, 0x05, 0x05, 0x05, 0x05, 0x0B, 0x0B, 0x0B, 0x0C, 0x0D, 0x0C, 0x0C, 0x05, 0x09, 0x05, 0x05, 0x0B, 0x0B,
    0x0C, 0x0C, 0x0B, 0x0C, 0x0B, 0x0B, 0x0B, 0x05, 0x0B, 0x05, 0x0B, 0x0C, 0x05, 0x05, 0x0B, 0x05, 0x05, 0x0B, 0x0D, 0x09, 0x0B, 0x0B, 0x05, 0x0B,
    0x05, 0x0B, 0x09, 0x05, 0x05, 0x05, 0x01, 0x06, 0x06, 0x06, 0x01, 0x03, 0x0B, 0x0B, 0x09, 0x03, 0x05, 0x0B, 0x0B, 0x0B, 0x0B, 0x05, 0x0B, 0x09,
    0x0B, 0x0C, 0x0B, 0x05, 0x05, 0x09, 0x05, 0x05, 0x02, 0x02, 0x09, 0x05, 0x05, 0x03, 0x05, 0x05, 0x05, 0x09, 0x09, 0x09, 0x05, 0x05, 0x03, 0x03,
    0x05, 0x05, 0x05, 0x05, 0x05, 0x05, 0x05, 0x09, 0x09, 0x05, 0x05, 0x05, 0x03, 0x09, 0x09, 0x0B, 0x0B, 0x0B, 0x0C, 0x0E, 0x05, 0x0C, 0x09, 0x05,
    0x03, 0x05, 0x05, 0x03, 0x01, 0x02, 0x02, 0x02, 0x01, 0x02, 0x05, 0x0C, 0x0B, 0x05, 0x05, 0x03, 0x01, 0x02, 0x05, 0x03, 0x03, 0x03, 0x03, 0x02,
    0x05, 0x03, 0x05, 0x05, 0x01, 0x05, 0x09, 0x0B, 0x0C, 0x0C, 0x09, 0x05, 0x05, 0x09, 0x09, 0x09, 0x09, 0x0B, 0x09, 0x03, 0x03, 0x0B, 0x0B, 0x0B,
    0x0B, 0x01, 0x03, 0x03, 0x05, 0x05, 0x05, 0x05, 0x05, 0x05, 0x05, 0x05, 0x05, 0x05, 0x03, 0x03, 0x03, 0x05, 0x02, 0x05, 0x09, 0x0B, 0x05, 0x0B,
    0x0B, 0x0B, 0x09, 0x09, 0x0B, 0x0B, 0x05, 0x0D, 0x0B, 0x0B, 0x0B, 0x0B, 0x0C, 0x0C, 0x0C, 0x0D, 0x0C, 0x0C, 0x0D, 0x0B, 0x05, 0x09, 0x0B, 0x05,
    0x05, 0x0B, 0x0B, 0x0B, 0x05, 0x03, 0x05, 0x02, 0x03, 0x03, 0x05, 0x09, 0x0B, 0x0B, 0x0B, 0x0B, 0x09, 0x09, 0x05, 0x05, 0x0B, 0x0B, 0x09, 0x09,
    0x05, 0x02, 0x05, 0x0B, 0x05, 0x05, 0x0D, 0x05, 0x03, 0x05, 0x05, 0x0B, 0x09, 0x05, 0x05, 0x05, 0x05, 0x0B, 0x09, 0x0B, 0x01, 0x04, 0x01, 0x02,
    0x05, 0x0B, 0x0B, 0x0C, 0x0B, 0x02, 0x05, 0x05, 0x05, 0x0B, 0x0B, 0x0B, 0x0B, 0x05, 0x05, 0x05, 0x05, 0x02, 0x02, 0x05, 0x02, 0x05, 0x05, 0x03,
    0x01, 0x03, 0x03, 0x05, 0x05, 0x05, 0x05, 0x09, 0x05, 0x05, 0x03, 0x03, 0x03, 0x03, 0x03, 0x03, 0x05, 0x05, 0x03, 0x03, 0x03, 0x01, 0x01, 0x01,
    0x05, 0x05, 0x0B, 0x0B, 0x0B, 0x0B, 0x0B, 0x0D, 0x0F, 0x0D, 0x0B, 0x0C, 0x03, 0x05, 0x03, 0x03, 0x02, 0x01, 0x01, 0x04, 0x02, 0x03, 0x05, 0x05,
    0x05, 0x09, 0x09, 0x05, 0x05, 0x03, 0x03, 0x03, 0x05, 0x03, 0x01, 0x03, 0x05, 0x03, 0x05, 0x05, 0x03, 0x05, 0x03, 0x03, 0x05, 0x09, 0x09, 0x09,
    0x03, 0x03, 0x05, 0x03, 0x05, 0x09, 0x05, 0x03, 0x09, 0x05, 0x09, 0x05, 0x0C, 0x05, 0x09, 0x05, 0x0B, 0x0B, 0x0B, 0x0B, 0x0D, 0x0C, 0x0B, 0x05,
    0x05, 0x09, 0x05, 0x03, 0x02, 0x03, 0x09, 0x09, 0x0B, 0x09, 0x05, 0x0B, 0x09, 0x0B, 0x0B, 0x09, 0x05, 0x09, 0x0B, 0x0B, 0x0B, 0x0B, 0x05, 0x05,
    0x0C, 0x05, 0x0C, 0x0B, 0x0B, 0x0B, 0x0C, 0x0B, 0x0B, 0x05, 0x05, 0x0B, 0x0D, 0x05, 0x05, 0x0B, 0x0B, 0x0D, 0x0B, 0x05, 0x02, 0x02, 0x05, 0x05,
    0x09, 0x09, 0x05, 0x0C, 0x0F, 0x0D, 0x0B, 0x0B, 0x0B, 0x0B, 0x05, 0x05, 0x0D, 0x05, 0x05, 0x0B, 0x05, 0x0D, 0x05, 0x05, 0x05, 0x03, 0x05, 0x05,
    0x03, 0x05, 0x05, 0x03, 0x03, 0x09, 0x0F, 0x0C, 0x0D, 0x03, 0x02, 0x05, 0x09, 0x05, 0x09, 0x0C, 0x0B, 0x05, 0x0C, 0x05, 0x05, 0x09, 0x0B, 0x0B,
    0x0B, 0x05, 0x09, 0x0B, 0x05, 0x03, 0x05, 0x0B, 0x0A, 0x0A, 0x0C, 0x05, 0x03, 0x03, 0x05, 0x05, 0x09, 0x09, 0x05, 0x05, 0x05, 0x03, 0x01, 0x09,
    0x05, 0x05, 0x02, 0x02, 0x05, 0x03, 0x03, 0x02, 0x04, 0x02, 0x01, 0x01, 0x02, 0x05, 0x0B, 0x0B, 0x0B, 0x0B, 0x0B, 0x0B, 0x0F, 0x0D, 0x0C, 0x0C,
    0x01, 0x02, 0x03, 0x05, 0x03, 0x03, 0x03, 0x05, 0x05, 0x03, 0x01, 0x02, 0x03, 0x05, 0x05, 0x05, 0x05, 0x05, 0x03, 0x05, 0x03, 0x03, 0x05, 0x02,
    0x03, 0x03, 0x03, 0x03, 0x02, 0x03, 0x02, 0x05, 0x03, 0x03, 0x02, 0x02, 0x02, 0x03, 0x03, 0x02, 0x03, 0x0B, 0x09, 0x09, 0x0B, 0x09, 0x05, 0x0B,
    0x05, 0x05, 0x0B, 0x0B, 0x0B, 0x05, 0x0B, 0x0B, 0x0C, 0x0E, 0x0B, 0x05, 0x0B, 0x09, 0x05, 0x02, 0x03, 0x03, 0x05, 0x09, 0x09, 0x05, 0x05, 0x0B,
    0x09, 0x05, 0x05, 0x05, 0x05, 0x05, 0x05, 0x09, 0x0B, 0x0C, 0x0C, 0x0B, 0x0B, 0x0B, 0x0B, 0x05, 0x05, 0x05, 0x05, 0x0B, 0x0B, 0x05, 0x0B, 0x0B,
    0x05, 0x05, 0x0C, 0x0D, 0x0B, 0x0E, 0x0D, 0x05, 0x05, 0x05, 0x03, 0x03, 0x09, 0x0B, 0x0B, 0x09, 0x05, 0x05, 0x09, 0x0B, 0x0B, 0x0B, 0x0B, 0x05,
    0x0B, 0x05, 0x0B, 0x0B, 0x0C, 0x0C, 0x09, 0x0C, 0x0E, 0x0D, 0x09, 0x03, 0x03, 0x05, 0x03, 0x02, 0x05, 0x0B, 0x0E, 0x0B, 0x05, 0x03, 0x03, 0x05,
    0x0B, 0x05, 0x09, 0x0C, 0x0B, 0x0B, 0x09, 0x0D, 0x0E, 0x0B, 0x0D, 0x09, 0x05, 0x03, 0x05, 0x0B, 0x0F, 0x0A, 0x0F, 0x0C, 0x0C, 0x0C, 0x05, 0x0B,
    0x03, 0x05, 0x05, 0x05, 0x05, 0x05, 0x05, 0x0B, 0x05, 0x03, 0x03, 0x05, 0x09, 0x05, 0x09, 0x05, 0x05, 0x05, 0x05, 0x05, 0x05, 0x05, 0x03, 0x02,
    0x01, 0x05, 0x05, 0x0B, 0x09, 0x0B, 0x0B, 0x0D, 0x09, 0x0B, 0x0E, 0x0B, 0x05, 0x03, 0x03, 0x03, 0x05, 0x03, 0x03, 0x05, 0x05, 0x05, 0x09, 0x0C,
    0x03, 0x03, 0x03, 0x03, 0x09, 0x0B, 0x05, 0x03, 0x01, 0x02, 0x03, 0x03, 0x01, 0x05, 0x04, 0x01, 0x02, 0x02, 0x02, 0x02, 0x06, 0x04, 0x02, 0x03,
    0x05, 0x05, 0x05, 0x05, 0x05, 0x0B, 0x0E, 0x0B, 0x0C, 0x09, 0x0B, 0x02, 0x09, 0x05, 0x05, 0x0C, 0x09, 0x05, 0x05, 0x0B, 0x0B, 0x0C, 0x09, 0x0B,
    0x0B, 0x09, 0x05, 0x05, 0x03, 0x04, 0x02, 0x05, 0x09, 0x0B, 0x0E, 0x0B, 0x0B, 0x0B, 0x05, 0x0B, 0x09, 0x0B, 0x0C, 0x0B, 0x0B, 0x0B, 0x0B, 0x0B,
    0x0B, 0x0B, 0x05, 0x05, 0x0D, 0x03, 0x05, 0x0B, 0x05, 0x03, 0x02, 0x05, 0x0B, 0x0B, 0x0B, 0x0C, 0x0C, 0x0B, 0x0D, 0x0B, 0x0B, 0x05, 0x02, 0x05,
    0x03, 0x03, 0x05, 0x05, 0x09, 0x09, 0x05, 0x0C, 0x0D, 0x0C, 0x0F, 0x0E, 0x05, 0x05, 0x0D, 0x0B, 0x0D, 0x0D, 0x0B, 0x0C, 0x0B, 0x0B, 0x09, 0x05,
    0x03, 0x03, 0x03, 0x01, 0x02, 0x01, 0x02, 0x05, 0x03, 0x09, 0x01, 0x05, 0x0B, 0x0B, 0x0B, 0x0C, 0x0C, 0x0B, 0x0B, 0x09, 0x0B, 0x0C, 0x0C, 0x0B,
    0x0B, 0x05, 0x0B, 0x0B, 0x09, 0x0D, 0x0B, 0x0B, 0x09, 0x0C, 0x0B, 0x0B, 0x05, 0x09, 0x0C, 0x0D, 0x02, 0x05, 0x05, 0x05, 0x05, 0x05, 0x03, 0x03,
    0x05, 0x09, 0x0B, 0x0C, 0x03, 0x05, 0x0B, 0x0C, 0x0C, 0x03, 0x05, 0x03, 0x02, 0x03, 0x05, 0x09, 0x09, 0x0B, 0x0B, 0x0D, 0x09, 0x09, 0x0C, 0x0B,
    0x03, 0x05, 0x02, 0x02, 0x05, 0x05, 0x05, 0x05, 0x05, 0x02, 0x0B, 0x05, 0x05, 0x0B, 0x05, 0x05, 0x03, 0x05, 0x05, 0x05, 0x05, 0x05, 0x09, 0x0B,
    0x05, 0x03, 0x03, 0x05, 0x03, 0x03, 0x03, 0x05, 0x09, 0x09, 0x0B, 0x05, 0x05, 0x09, 0x03, 0x03, 0x05, 0x05, 0x0C, 0x0E, 0x0C, 0x0C, 0x0C, 0x0B,
    0x05, 0x05, 0x05, 0x0B, 0x05, 0x05, 0x09, 0x05, 0x05, 0x09, 0x0C, 0x0B, 0x0B, 0x0B, 0x0B, 0x05, 0x05, 0x02, 0x06, 0x03, 0x0B, 0x05, 0x0B, 0x0B,
    0x0B, 0x09, 0x09, 0x0B, 0x09, 0x05, 0x0B, 0x0B, 0x0B, 0x0B, 0x09, 0x0D, 0x0C, 0x0B, 0x0B, 0x03, 0x09, 0x0E, 0x0D, 0x0C, 0x09, 0x05, 0x03, 0x03,
    0x05, 0x0B, 0x0B, 0x05, 0x05, 0x05, 0x0C, 0x09, 0x0B, 0x09, 0x0B, 0x09, 0x05, 0x0B, 0x05, 0x05, 0x02, 0x02, 0x05, 0x0B, 0x0D, 0x0C, 0x0C, 0x0B,
    0x0B, 0x09, 0x09, 0x0B, 0x0B, 0x0B, 0x09, 0x0B, 0x0B, 0x0C, 0x0D, 0x0B, 0x05, 0x02, 0x02, 0x03, 0x03, 0x02, 0x01, 0x02, 0x01, 0x05, 0x0B, 0x01,
    0x09, 0x0D, 0x0C, 0x0B, 0x0B, 0x0D, 0x0F, 0x0C, 0x05, 0x0B, 0x0B, 0x0C, 0x0D, 0x0B, 0x0B, 0x0B, 0x0B, 0x03, 0x0B, 0x0B, 0x0B, 0x0B, 0x09, 0x05,
    0x0D, 0x0C, 0x09, 0x0D, 0x0D, 0x03, 0x04, 0x04, 0x03, 0x05, 0x05, 0x05, 0x03, 0x05, 0x0B, 0x0C, 0x02, 0x03, 0x0B, 0x0B, 0x09, 0x02, 0x01, 0x02,
    0x02, 0x01, 0x02, 0x03, 0x09, 0x09, 0x09, 0x09, 0x0B, 0x0B, 0x0B, 0x0F, 0x05, 0x03, 0x03, 0x05, 0x05, 0x05, 0x03, 0x03, 0x03, 0x09, 0x09, 0x0B,
    0x09, 0x05, 0x03, 0x03, 0x05, 0x05, 0x02, 0x02, 0x09, 0x0C, 0x05, 0x03, 0x03, 0x01, 0x05, 0x01, 0x05, 0x03, 0x05, 0x05, 0x03, 0x03, 0x03, 0x05,
    0x05, 0x05, 0x05, 0x03, 0x05, 0x05, 0x05, 0x05, 0x05, 0x0B, 0x0C, 0x0D, 0x0B, 0x0B, 0x03, 0x05, 0x05, 0x03, 0x03, 0x05, 0x02, 0x05, 0x0E, 0x0B,
    0x03, 0x02, 0x05, 0x0D, 0x0C, 0x0B, 0x09, 0x05, 0x03, 0x0B, 0x0B, 0x09, 0x05, 0x05, 0x09, 0x09, 0x0B, 0x0B, 0x0B, 0x0B, 0x0B, 0x0B, 0x0C, 0x0B,
    0x0B, 0x0B, 0x0B, 0x0B, 0x0C, 0x09, 0x0C, 0x0A, 0x10, 0x0F, 0x05, 0x05, 0x0B, 0x0D, 0x0D, 0x05, 0x05, 0x05, 0x05, 0x05, 0x09, 0x09, 0x0B, 0x0B,
    0x0C, 0x0B, 0x0B, 0x05, 0x0B, 0x09, 0x0B, 0x0B, 0x0B, 0x0B, 0x0D, 0x0B, 0x0B, 0x05, 0x05, 0x05, 0x0B, 0x09, 0x0B, 0x0B, 0x09, 0x09, 0x05, 0x05,
    0x05, 0x03, 0x01, 0x01, 0x02, 0x05, 0x09, 0x09, 0x09, 0x0B, 0x09, 0x0B, 0x03, 0x0B, 0x02, 0x05, 0x09, 0x09, 0x05, 0x0D, 0x0B, 0x05, 0x03, 0x0B,
    0x09, 0x0B, 0x0B, 0x0B, 0x0C, 0x05, 0x0B, 0x0B, 0x0B, 0x05, 0x0B, 0x0D, 0x0F, 0x0D, 0x0B, 0x05, 0x09, 0x0C, 0x0D, 0x05, 0x02, 0x05, 0x09, 0x03,
    0x0B, 0x0D, 0x0E, 0x0C, 0x0E, 0x0D, 0x0B, 0x0B, 0x0B, 0x09, 0x03, 0x02, 0x01, 0x06, 0x06, 0x06, 0x02, 0x02, 0x03, 0x05, 0x0B, 0x05, 0x05, 0x0B,
    0x03, 0x05, 0x03, 0x03, 0x03, 0x03, 0x02, 0x03, 0x01, 0x05, 0x05, 0x03, 0x05, 0x05, 0x03, 0x05, 0x05, 0x05, 0x05, 0x05, 0x0B, 0x0B, 0x03, 0x03,
    0x05, 0x03, 0x03, 0x01, 0x06, 0x01, 0x05, 0x03, 0x03, 0x03, 0x01, 0x02, 0x02, 0x03, 0x05, 0x05, 0x05, 0x03, 0x09, 0x05, 0x03, 0x05, 0x05, 0x0E,
    0x0F, 0x0C, 0x0D, 0x05, 0x04, 0x02, 0x02, 0x03, 0x09, 0x0B, 0x0C, 0x0B, 0x05, 0x09, 0x0B, 0x0C, 0x09, 0x0B, 0x0D, 0x05, 0x02, 0x02, 0x02, 0x05,
    0x05, 0x05, 0x05, 0x05, 0x09, 0x0B, 0x0B, 0x0B, 0x05, 0x09, 0x0B, 0x0B, 0x0E, 0x0B, 0x0C, 0x0C, 0x05, 0x05, 0x0B, 0x05, 0x0C, 0x0E, 0x0A, 0x0D,
    0x0C, 0x0C, 0x0C, 0x0B, 0x0B, 0x05, 0x03, 0x0B, 0x02, 0x0B, 0x0B, 0x0C, 0x0E, 0x0F, 0x0C, 0x05, 0x0B, 0x0B, 0x0B, 0x05, 0x05, 0x0B, 0x0D, 0x0E,
    0x0B, 0x03, 0x01, 0x05, 0x05, 0x05, 0x0C, 0x09, 0x05, 0x03, 0x05, 0x05, 0x0B, 0x05, 0x05, 0x0B, 0x0B, 0x0B, 0x0B, 0x0B, 0x0B, 0x0C, 0x0B, 0x0D,
    0x0C, 0x0B, 0x05, 0x01, 0x02, 0x03, 0x05, 0x03, 0x05, 0x05, 0x05, 0x0B, 0x0B, 0x0B, 0x0B, 0x05, 0x0B, 0x0D, 0x05, 0x02, 0x05, 0x05, 0x09, 0x0B,
    0x05, 0x05, 0x03, 0x09, 0x09, 0x05, 0x09, 0x0C, 0x0C, 0x05, 0x0D, 0x0C, 0x03, 0x09, 0x0C, 0x0C, 0x0D, 0x0C, 0x09, 0x09, 0x0B, 0x0B, 0x0C, 0x0B,
    0x05, 0x01, 0x04, 0x06, 0x06, 0x01, 0x05, 0x05, 0x05, 0x05, 0x05, 0x05, 0x03, 0x05, 0x05, 0x03, 0x05, 0x03, 0x05, 0x03, 0x05, 0x01, 0x05, 0x05,
    0x05, 0x03, 0x05, 0x05, 0x05, 0x03, 0x05, 0x05, 0x0B, 0x0B, 0x05, 0x0B, 0x05, 0x03, 0x05, 0x09, 0x0C, 0x09, 0x05, 0x05, 0x03, 0x03, 0x05, 0x03,
    0x03, 0x02, 0x03, 0x05, 0x05, 0x03, 0x04, 0x04, 0x02, 0x03, 0x05, 0x05, 0x0B, 0x0F, 0x0D, 0x0C, 0x05, 0x03, 0x05, 0x05, 0x0B, 0x0E, 0x0B, 0x0C,
    0x0D, 0x0B, 0x0B, 0x05, 0x0B, 0x0C, 0x0B, 0x05, 0x05, 0x05, 0x0B, 0x0B, 0x05, 0x05, 0x05, 0x09, 0x05, 0x05, 0x05, 0x05, 0x05, 0x05, 0x05, 0x01,
    0x09, 0x0B, 0x0B, 0x05, 0x0B, 0x05, 0x03, 0x03, 0x05, 0x05, 0x0B, 0x05, 0x0B, 0x0B, 0x0B, 0x0D, 0x0E, 0x0B, 0x0B, 0x03, 0x05, 0x05, 0x0B, 0x0D,
    0x0B, 0x05, 0x0E, 0x0D, 0x0D, 0x0D, 0x0D, 0x0D, 0x09, 0x05, 0x0B, 0x0B, 0x0C, 0x0B, 0x03, 0x03, 0x03, 0x05, 0x05, 0x05, 0x05, 0x03, 0x03, 0x02,
    0x02, 0x05, 0x0B, 0x09, 0x0B, 0x0B, 0x0B, 0x0B, 0x0C, 0x0D, 0x03, 0x0B, 0x09, 0x09, 0x0C, 0x0D, 0x0B, 0x05, 0x02, 0x03, 0x05, 0x05, 0x09, 0x05,
    0x05, 0x05, 0x09, 0x03, 0x05, 0x0D, 0x0D, 0x0D, 0x0B, 0x0B, 0x0D, 0x0E, 0x05, 0x03, 0x05, 0x03, 0x03, 0x05, 0x0B, 0x0C, 0x0B, 0x05, 0x0C, 0x0D,
    0x0E, 0x05, 0x02, 0x05, 0x09, 0x05, 0x0B, 0x05, 0x09, 0x0B, 0x0B, 0x0B, 0x05, 0x0B, 0x09, 0x05, 0x03, 0x04, 0x03, 0x0B, 0x05, 0x03, 0x01, 0x03,
    0x03, 0x02, 0x02, 0x03, 0x05, 0x05, 0x02, 0x02, 0x03, 0x05, 0x02, 0x02, 0x02, 0x05, 0x05, 0x05, 0x05, 0x03, 0x03, 0x03, 0x09, 0x0B, 0x0C, 0x05,
    0x05, 0x05, 0x03, 0x05, 0x05, 0x03, 0x03, 0x05, 0x03, 0x0B, 0x0B, 0x05, 0x05, 0x05, 0x03, 0x05, 0x03, 0x05, 0x05, 0x05, 0x03, 0x05, 0x05, 0x03,
    0x0B, 0x0B, 0x0F, 0x0F, 0x0E, 0x0B, 0x05, 0x0B, 0x05, 0x03, 0x05, 0x0B, 0x0B, 0x0B, 0x0B, 0x0B, 0x0B, 0x0B, 0x09, 0x05, 0x05, 0x0B, 0x05, 0x05,
    0x05, 0x03, 0x03, 0x02, 0x03, 0x0B, 0x0B, 0x0B, 0x0B, 0x09, 0x09, 0x0B, 0x03, 0x09, 0x03, 0x05, 0x0B, 0x0D, 0x0F, 0x0D, 0x05, 0x03, 0x05, 0x09,
    0x05, 0x05, 0x0B, 0x0B, 0x0B, 0x0F, 0x0D, 0x0B, 0x02, 0x03, 0x0B, 0x0D, 0x05, 0x0B, 0x05, 0x05, 0x0B, 0x0B, 0x0B, 0x0C, 0x0B, 0x03, 0x02, 0x05,
    0x0B, 0x0B, 0x05, 0x05, 0x03, 0x05, 0x0B, 0x0B, 0x09, 0x05, 0x03, 0x05, 0x05, 0x0B, 0x0C, 0x0C, 0x0B, 0x05, 0x02, 0x02, 0x0B, 0x0B, 0x0B, 0x02,
    0x05, 0x0B, 0x0B, 0x0D, 0x05, 0x03, 0x02, 0x02, 0x05, 0x0C, 0x0B, 0x0B, 0x0D, 0x0D, 0x0C, 0x05, 0x0B, 0x0B, 0x05, 0x09, 0x05, 0x09, 0x09, 0x05,
    0x05, 0x03, 0x03, 0x05, 0x05, 0x03, 0x05, 0x0C, 0x0F, 0x0D, 0x0D, 0x0C, 0x0D, 0x0D, 0x0B, 0x02, 0x03, 0x03, 0x05, 0x05, 0x02, 0x03, 0x05, 0x0B,
    0x0B, 0x09, 0x0C, 0x0C, 0x0C, 0x05, 0x0B, 0x0C, 0x05, 0x02, 0x03, 0x02, 0x02, 0x02, 0x03, 0x03, 0x03, 0x03, 0x05, 0x09, 0x05, 0x03, 0x03, 0x03,
    0x05, 0x03, 0x05, 0x05, 0x03, 0x05, 0x05, 0x03, 0x03, 0x05, 0x05, 0x03, 0x02, 0x02, 0x03, 0x02, 0x05, 0x05, 0x05, 0x05, 0x0B, 0x09, 0x05, 0x05,
    0x0B, 0x03, 0x03, 0x03, 0x03, 0x03, 0x09, 0x0B, 0x03, 0x05, 0x03, 0x05, 0x05, 0x0D, 0x05, 0x0B, 0x05, 0x0B, 0x0B, 0x05, 0x05, 0x03, 0x05, 0x0B,
    0x0B, 0x0B, 0x0B, 0x0B, 0x05, 0x0B, 0x05, 0x05, 0x0D, 0x0D, 0x0D, 0x05, 0x05, 0x05, 0x05, 0x09, 0x05, 0x05, 0x05, 0x09, 0x05, 0x05, 0x09, 0x03,
    0x0B, 0x05, 0x05, 0x05, 0x05, 0x05, 0x05, 0x05, 0x0B, 0x05, 0x05, 0x02, 0x02, 0x05, 0x0B, 0x0D, 0x0B, 0x0B, 0x0B, 0x0C, 0x09, 0x05, 0x09, 0x0B,
    0x0D, 0x05, 0x09, 0x05, 0x05, 0x03, 0x05, 0x05, 0x03, 0x03, 0x03, 0x05, 0x09, 0x05, 0x09, 0x05, 0x0D, 0x05, 0x0B, 0x05, 0x05, 0x03, 0x03, 0x09,
    0x0B, 0x05, 0x0B, 0x0E, 0x0D, 0x0C, 0x0B, 0x0B, 0x0B, 0x0B, 0x0F, 0x0D, 0x0B, 0x05, 0x05, 0x0C, 0x0C, 0x0D, 0x0D, 0x05, 0x05, 0x09, 0x05, 0x05,
    0x09, 0x05, 0x0B, 0x03, 0x04, 0x06, 0x01, 0x03, 0x05, 0x05, 0x05, 0x05, 0x05, 0x03, 0x05, 0x0B, 0x0C, 0x0B, 0x03, 0x05, 0x0B, 0x0B, 0x0B, 0x09,
    0x09, 0x09, 0x05, 0x09, 0x02, 0x03, 0x09, 0x09, 0x05, 0x05, 0x03, 0x03, 0x05, 0x0B, 0x0B, 0x0D, 0x0D, 0x0C, 0x05, 0x05, 0x0B, 0x05, 0x05, 0x05,
    0x03, 0x03, 0x02, 0x05, 0x05, 0x05, 0x02, 0x09, 0x05, 0x0C, 0x03, 0x05, 0x03, 0x09, 0x03, 0x05, 0x05, 0x05, 0x05, 0x05, 0x03, 0x05, 0x03, 0x05,
    0x0B, 0x03, 0x03, 0x05, 0x03, 0x05, 0x05, 0x02, 0x03, 0x05, 0x05, 0x0D, 0x0E, 0x0C, 0x0B, 0x05, 0x03, 0x05, 0x05, 0x05, 0x03, 0x05, 0x03, 0x09,
    0x03, 0x03, 0x05, 0x02, 0x03, 0x03, 0x03, 0x03, 0x05, 0x05, 0x03, 0x05, 0x05, 0x0C, 0x0B, 0x0C, 0x05, 0x0B, 0x05, 0x05, 0x05, 0x05, 0x05, 0x05,
    0x05, 0x0B, 0x0B, 0x0B, 0x0B, 0x09, 0x05, 0x0B, 0x0B, 0x05, 0x03, 0x03, 0x03, 0x05, 0x05, 0x0B, 0x0B, 0x0C, 0x0B, 0x0C, 0x0B, 0x0D, 0x0D, 0x0C,
    0x0D, 0x02, 0x0B, 0x05, 0x0B, 0x0B, 0x0C, 0x0B, 0x0B, 0x05, 0x03, 0x01, 0x0B, 0x0B, 0x0B, 0x0B, 0x05, 0x03, 0x03, 0x02, 0x01, 0x03, 0x02, 0x04,
    0x01, 0x05, 0x0B, 0x05, 0x05, 0x0B, 0x05, 0x03, 0x03, 0x09, 0x0B, 0x0B, 0x09, 0x05, 0x03, 0x0B, 0x0C, 0x0C, 0x0C, 0x0C, 0x0B, 0x0B, 0x0B, 0x0B,
    0x0C, 0x05, 0x05, 0x0B, 0x0C, 0x0B, 0x0D, 0x0C, 0x0B, 0x05, 0x05, 0x05, 0x05, 0x0C, 0x0B, 0x05, 0x03, 0x06, 0x01, 0x03, 0x03, 0x05, 0x09, 0x05,
    0x05, 0x05, 0x05, 0x05, 0x09, 0x09, 0x0C, 0x0D, 0x0B, 0x0C, 0x0D, 0x05, 0x0B, 0x03, 0x03, 0x09, 0x0C, 0x0B, 0x09, 0x0B, 0x0D, 0x0D, 0x09, 0x05,
    0x03, 0x0B, 0x0E, 0x0D, 0x0C, 0x0B, 0x02, 0x04, 0x05, 0x09, 0x09, 0x03, 0x03, 0x03, 0x05, 0x03, 0x05, 0x03, 0x02, 0x03, 0x03, 0x0D, 0x03, 0x05,
    0x03, 0x02, 0x03, 0x03, 0x05, 0x0B, 0x09, 0x0C, 0x0B, 0x01, 0x02, 0x05, 0x05, 0x05, 0x03, 0x04, 0x04, 0x06, 0x06, 0x05, 0x05, 0x05, 0x0C, 0x09,
    0x05, 0x0D, 0x0F, 0x0C, 0x03, 0x05, 0x05, 0x05, 0x03, 0x05, 0x05, 0x09, 0x05, 0x0B, 0x05, 0x05, 0x03, 0x03, 0x02, 0x03, 0x03, 0x03, 0x05, 0x05,
    0x09, 0x05, 0x05, 0x03, 0x09, 0x05, 0x09, 0x05, 0x0B, 0x05, 0x05, 0x09, 0x05, 0x05, 0x05, 0x05, 0x05, 0x09, 0x03, 0x05, 0x05, 0x05, 0x05, 0x05,
    0x02, 0x03, 0x05, 0x05, 0x0B, 0x0B, 0x0B, 0x0B, 0x0D, 0x0E, 0x0B, 0x0B, 0x0C, 0x05, 0x02, 0x02, 0x05, 0x0B, 0x05, 0x09, 0x05, 0x05, 0x03, 0x05,
    0x05, 0x03, 0x05, 0x05, 0x09, 0x0B, 0x0C, 0x0C, 0x0B, 0x05, 0x05, 0x05, 0x03, 0x05, 0x0D, 0x03, 0x04, 0x05, 0x05, 0x0B, 0x03, 0x03, 0x05, 0x05,
    0x0D, 0x0D, 0x05, 0x03, 0x0B, 0x0B, 0x0B, 0x0B, 0x0B, 0x0B, 0x09, 0x03, 0x0B, 0x0C, 0x05, 0x0B, 0x0C, 0x0D, 0x0B, 0x0B, 0x09, 0x05, 0x0C, 0x0C,
    0x0B, 0x0B, 0x0A, 0x0F, 0x0F, 0x0D, 0x01, 0x06, 0x02, 0x03, 0x05, 0x05, 0x05, 0x01, 0x03, 0x03, 0x02, 0x05, 0x0C, 0x09, 0x05, 0x05, 0x05, 0x05,
    0x03, 0x01, 0x03, 0x09, 0x09, 0x0B, 0x0B, 0x0D, 0x0E, 0x0C, 0x09, 0x05, 0x05, 0x09, 0x0C, 0x0E, 0x0E, 0x0B, 0x0B, 0x05, 0x05, 0x05, 0x09, 0x09,
    0x05, 0x0B, 0x0B, 0x09, 0x05, 0x05, 0x03, 0x05, 0x03, 0x0C, 0x0C, 0x05, 0x02, 0x03, 0x03, 0x03, 0x02, 0x03, 0x03, 0x05, 0x05, 0x03, 0x03, 0x05,
    0x03, 0x05, 0x0B, 0x09, 0x05, 0x03, 0x03, 0x05, 0x05, 0x05, 0x05, 0x05, 0x09, 0x05, 0x0C, 0x05, 0x05, 0x05, 0x03, 0x03, 0x05, 0x05, 0x0B, 0x0B,
    0x0B, 0x05, 0x05, 0x05, 0x02, 0x02, 0x02, 0x01, 0x0B, 0x05, 0x09, 0x05, 0x03, 0x03, 0x05, 0x03, 0x01, 0x01, 0x0C, 0x0B, 0x05, 0x09, 0x04, 0x04,
    0x04, 0x02, 0x03, 0x05, 0x03, 0x03, 0x03, 0x03, 0x03, 0x05, 0x02, 0x02, 0x01, 0x02, 0x04, 0x04, 0x03, 0x05, 0x05, 0x03, 0x05, 0x05, 0x05, 0x05,
    0x0D, 0x0D, 0x05, 0x01, 0x02, 0x05, 0x05, 0x05, 0x03, 0x05, 0x05, 0x0B, 0x0B, 0x0B, 0x0B, 0x0B, 0x09, 0x05, 0x0B, 0x0C, 0x0C, 0x0B, 0x05, 0x0B,
    0x05, 0x0D, 0x0E, 0x0D, 0x0B, 0x02, 0x01, 0x04, 0x03, 0x02, 0x02, 0x05, 0x0B, 0x0B, 0x0B, 0x0B, 0x03, 0x01, 0x02, 0x02, 0x03, 0x03, 0x02, 0x0B,
    0x0B, 0x05, 0x0B, 0x0B, 0x0B, 0x0B, 0x0B, 0x0B, 0x0C, 0x0D, 0x0C, 0x09, 0x09, 0x05, 0x0B, 0x05, 0x0C, 0x0F, 0x0E, 0x0B, 0x05, 0x05, 0x03, 0x05,
    0x05, 0x05, 0x05, 0x03, 0x05, 0x05, 0x09, 0x05, 0x02, 0x02, 0x02, 0x05, 0x03, 0x05, 0x09, 0x09, 0x03, 0x02, 0x02, 0x05, 0x0B, 0x0C, 0x0D, 0x0B,
    0x05, 0x09, 0x0D, 0x0D, 0x0D, 0x0B, 0x09, 0x0E, 0x05, 0x05, 0x09, 0x05, 0x01, 0x01, 0x03, 0x03, 0x05, 0x05, 0x03, 0x03, 0x05, 0x0B, 0x09, 0x05,
    0x05, 0x02, 0x04, 0x06, 0x04, 0x04, 0x03, 0x03, 0x05, 0x05, 0x05, 0x03, 0x03, 0x05, 0x0B, 0x0B, 0x0B, 0x09, 0x05, 0x0B, 0x02, 0x01, 0x01, 0x04,
    0x06, 0x03, 0x05, 0x09, 0x05, 0x05, 0x05, 0x05, 0x02, 0x03, 0x03, 0x05, 0x05, 0x0B, 0x05, 0x0B, 0x02, 0x01, 0x02, 0x01, 0x02, 0x01, 0x02, 0x03,
    0x05, 0x05, 0x03, 0x01, 0x06, 0x02, 0x05, 0x05, 0x05, 0x05, 0x05, 0x05, 0x05, 0x05, 0x01, 0x01, 0x01, 0x03, 0x01, 0x01, 0x02, 0x05, 0x05, 0x05,
    0x0B, 0x09, 0x03, 0x05, 0x06, 0x02, 0x03, 0x03, 0x02, 0x05, 0x05, 0x05, 0x0C, 0x0A, 0x0D, 0x05, 0x02, 0x01, 0x05, 0x0B, 0x05, 0x05, 0x05, 0x05,
    0x05, 0x0B, 0x0B, 0x05, 0x05, 0x03, 0x05, 0x0B, 0x0B, 0x0C, 0x05, 0x0B, 0x05, 0x03, 0x09, 0x05, 0x0E, 0x0C, 0x05, 0x05, 0x03, 0x03, 0x01, 0x03,
    0x05, 0x0B, 0x0B, 0x05, 0x05, 0x0B, 0x05, 0x02, 0x03, 0x0C, 0x0B, 0x0B, 0x0B, 0x05, 0x05, 0x05, 0x05, 0x0B, 0x0B, 0x0C, 0x0B, 0x0C, 0x0C, 0x0B,
    0x05, 0x05, 0x05, 0x0B, 0x0D, 0x0B, 0x05, 0x05, 0x03, 0x03, 0x01, 0x01, 0x02, 0x03, 0x05, 0x0B, 0x0C, 0x09, 0x05, 0x05, 0x05, 0x01, 0x02, 0x01,
    0x05, 0x0C, 0x0E, 0x0B, 0x0B, 0x09, 0x0B, 0x05, 0x09, 0x0C, 0x0D, 0x0D, 0x0C, 0x09, 0x0B, 0x0B, 0x0B, 0x0D, 0x0D, 0x0D, 0x05, 0x02, 0x03, 0x09,
    0x05, 0x05, 0x02, 0x03, 0x01, 0x05, 0x03, 0x05, 0x05, 0x03, 0x05, 0x05, 0x0D, 0x03, 0x05, 0x05, 0x01, 0x01, 0x02, 0x03, 0x09, 0x05, 0x09, 0x05,
    0x03, 0x01, 0x03, 0x03, 0x03, 0x09, 0x03, 0x0B, 0x09, 0x0B, 0x0D, 0x05, 0x05, 0x0B, 0x05, 0x05, 0x0B, 0x05, 0x05, 0x05, 0x05, 0x03, 0x03, 0x05,
    0x03, 0x05, 0x05, 0x03, 0x02, 0x01, 0x03, 0x02, 0x01, 0x02, 0x05, 0x09, 0x0B, 0x05, 0x05, 0x02, 0x01, 0x06, 0x02, 0x01, 0x05, 0x0B, 0x0B, 0x0B,
    0x0B, 0x09, 0x03, 0x03, 0x03, 0x03, 0x01, 0x04, 0x02, 0x09, 0x05, 0x05, 0x05, 0x05, 0x05, 0x05, 0x03, 0x04, 0x04, 0x03, 0x03, 0x03, 0x05, 0x05,
    0x0B, 0x0B, 0x0C, 0x05, 0x05, 0x05, 0x05, 0x05, 0x05, 0x05, 0x05, 0x09, 0x05, 0x05, 0x0B, 0x05, 0x0B, 0x0B, 0x05, 0x05, 0x0C, 0x0D, 0x0B, 0x03,
    0x0B, 0x05, 0x05, 0x0C, 0x09, 0x0B, 0x0C, 0x05, 0x03, 0x02, 0x05, 0x03, 0x05, 0x0B, 0x05, 0x05, 0x05, 0x05, 0x0B, 0x0B, 0x0D, 0x0C, 0x03, 0x05,
    0x01, 0x05, 0x05, 0x09, 0x05, 0x05, 0x05, 0x05, 0x09, 0x05, 0x03, 0x0C, 0x0D, 0x0B, 0x05, 0x0C, 0x0D, 0x0C, 0x0B, 0x05, 0x05, 0x05, 0x01, 0x03,
    0x03, 0x02, 0x01, 0x05, 0x09, 0x0C, 0x0B, 0x05, 0x05, 0x0B, 0x01, 0x02, 0x03, 0x0B, 0x09, 0x05, 0x05, 0x0B, 0x0C, 0x0D, 0x0B, 0x0B, 0x0C, 0x0D,
    0x0C, 0x0C, 0x0B, 0x05, 0x0B, 0x0B, 0x0C, 0x0B, 0x0C, 0x0B, 0x05, 0x01, 0x03, 0x0B, 0x0C, 0x0B, 0x03, 0x05, 0x0B, 0x05, 0x05, 0x09, 0x0B, 0x0B,
    0x09, 0x0B, 0x0D, 0x05, 0x02, 0x03, 0x03, 0x02, 0x03, 0x05, 0x01, 0x02, 0x04, 0x02, 0x01, 0x01, 0x02, 0x01, 0x05, 0x02, 0x03, 0x0C, 0x05, 0x02,
    0x02, 0x03, 0x03, 0x04, 0x01, 0x05, 0x09, 0x05, 0x09, 0x05, 0x09, 0x03, 0x01, 0x03, 0x02, 0x01, 0x05, 0x03, 0x05, 0x03, 0x06, 0x04, 0x05, 0x05,
    0x0B, 0x0D, 0x09, 0x03, 0x03, 0x05, 0x0B, 0x09, 0x09, 0x03, 0x09, 0x0B, 0x05, 0x03, 0x02, 0x03, 0x03, 0x0B, 0x0B, 0x0B, 0x09, 0x0B, 0x09, 0x02,
    0x01, 0x05, 0x0B, 0x0C, 0x0C, 0x03, 0x01, 0x05, 0x05, 0x0B, 0x05, 0x05, 0x03, 0x05, 0x0B, 0x02, 0x06, 0x03, 0x02, 0x01, 0x05, 0x05, 0x05, 0x05,
    0x09, 0x05, 0x0B, 0x05, 0x05, 0x0B, 0x0B, 0x09, 0x05, 0x0B, 0x0B, 0x0B, 0x0E, 0x05, 0x02, 0x09, 0x0B, 0x0B, 0x0B, 0x0B, 0x03, 0x03, 0x03, 0x05,
    0x05, 0x05, 0x05, 0x05, 0x05, 0x05, 0x09, 0x05, 0x05, 0x0B, 0x05, 0x0D, 0x0B, 0x03, 0x05, 0x05, 0x05, 0x05, 0x05, 0x09, 0x0B, 0x05, 0x03, 0x03,
    0x01, 0x05, 0x05, 0x09, 0x05, 0x09, 0x0C, 0x09, 0x0B, 0x05, 0x0B, 0x0C, 0x0B, 0x03, 0x01, 0x03, 0x03, 0x09, 0x05, 0x03, 0x03, 0x05, 0x05, 0x01,
    0x04, 0x02, 0x01, 0x05, 0x05, 0x05, 0x0B, 0x0C, 0x0B, 0x05, 0x05, 0x0B, 0x0B, 0x0B, 0x05, 0x0B, 0x0B, 0x05, 0x0B, 0x05, 0x09, 0x05, 0x09, 0x05,
    0x03, 0x05, 0x05, 0x05, 0x02, 0x03, 0x05, 0x0C, 0x0C, 0x0B, 0x05, 0x09, 0x0B, 0x0B, 0x0B, 0x0D, 0x0B, 0x05, 0x02, 0x04, 0x06, 0x01, 0x01, 0x01,
    0x05, 0x03, 0x02, 0x01, 0x03, 0x05, 0x05, 0x09, 0x05, 0x05, 0x09, 0x05, 0x09, 0x09, 0x05, 0x05, 0x04, 0x06, 0x05, 0x05, 0x09, 0x05, 0x01, 0x01,
    0x04, 0x03, 0x05, 0x09, 0x05, 0x05, 0x05, 0x05, 0x05, 0x05, 0x0B, 0x05, 0x05, 0x0B, 0x05, 0x05, 0x02, 0x05, 0x03, 0x05, 0x0B, 0x09, 0x0D, 0x0B,
    0x05, 0x05, 0x03, 0x03, 0x05, 0x0B, 0x0C, 0x0C, 0x05, 0x05, 0x01, 0x06, 0x06, 0x01, 0x04, 0x05, 0x05, 0x0B, 0x05, 0x02, 0x03, 0x05, 0x05, 0x05,
    0x05, 0x03, 0x05, 0x0C, 0x0C, 0x0B, 0x0B, 0x0C, 0x0E, 0x05, 0x03, 0x02, 0x01, 0x02, 0x05, 0x05, 0x0B, 0x0B, 0x0C, 0x0D, 0x0B, 0x0B, 0x0B, 0x0B,
    0x0B, 0x05, 0x0B, 0x05, 0x0B, 0x0C, 0x0B, 0x05, 0x03, 0x03, 0x03, 0x03, 0x05, 0x03, 0x03, 0x05, 0x05, 0x05, 0x09, 0x05, 0x01, 0x02, 0x0B, 0x0D,
    0x09, 0x05, 0x05, 0x05, 0x05, 0x05, 0x05, 0x0B, 0x0B, 0x0B, 0x03, 0x05, 0x0D, 0x0C, 0x05, 0x03, 0x05, 0x03, 0x05, 0x05, 0x02, 0x01, 0x05, 0x05,
    0x09, 0x0B, 0x0B, 0x05, 0x05, 0x03, 0x05, 0x02, 0x03, 0x05, 0x05, 0x01, 0x01, 0x0B, 0x05, 0x05, 0x05, 0x09, 0x05, 0x05, 0x05, 0x05, 0x05, 0x05,
    0x0B, 0x0C, 0x0B, 0x09, 0x05, 0x05, 0x05, 0x01, 0x05, 0x05, 0x0C, 0x05, 0x02, 0x03, 0x03, 0x05, 0x0B, 0x05, 0x05, 0x0B, 0x0D, 0x05, 0x05, 0x0B,
    0x05, 0x0B, 0x0B, 0x0C, 0x0D, 0x0B, 0x0B, 0x05, 0x02, 0x04, 0x01, 0x02, 0x05, 0x05, 0x0B, 0x03, 0x03, 0x05, 0x05, 0x05, 0x05, 0x05, 0x05, 0x0B,
    0x09, 0x09, 0x0B, 0x0D, 0x05, 0x03, 0x03, 0x03, 0x05, 0x05, 0x0B, 0x05, 0x09, 0x05, 0x05, 0x05, 0x05, 0x09, 0x05, 0x05, 0x0B, 0x05, 0x09, 0x0B,
    0x0B, 0x09, 0x05, 0x03, 0x05, 0x05, 0x01, 0x03, 0x09, 0x0B, 0x05, 0x05, 0x0B, 0x05, 0x02, 0x01, 0x03, 0x05, 0x05, 0x0C, 0x05, 0x0B, 0x09, 0x0C,
    0x05, 0x02, 0x06, 0x03, 0x0B, 0x0B, 0x09, 0x05, 0x02, 0x02, 0x05, 0x05, 0x0B, 0x09, 0x05, 0x03, 0x05, 0x0D, 0x0E, 0x0D, 0x0D, 0x05, 0x03, 0x05,
    0x0B, 0x05, 0x05, 0x0B, 0x05, 0x0B, 0x0B, 0x0C, 0x0C, 0x0B, 0x09, 0x05, 0x02, 0x05, 0x05, 0x0C, 0x0C, 0x05, 0x0B, 0x05, 0x03, 0x01, 0x01, 0x01,
    0x03, 0x0B, 0x05, 0x02, 0x06, 0x02, 0x05, 0x03, 0x02, 0x04, 0x05, 0x05, 0x0B, 0x0B, 0x0B, 0x05, 0x05, 0x05, 0x05, 0x0B, 0x0B, 0x0C, 0x0C, 0x0B,
    0x0B, 0x0D, 0x0D, 0x05, 0x0B, 0x0B, 0x03, 0x05, 0x0B, 0x0B, 0x09, 0x09, 0x09, 0x09, 0x0B, 0x05, 0x05, 0x05, 0x09, 0x0B, 0x05, 0x05, 0x03, 0x01,
    0x05, 0x09, 0x09, 0x05, 0x05, 0x05, 0x03, 0x03, 0x05, 0x05, 0x05, 0x0B, 0x0B, 0x09, 0x09, 0x09, 0x05, 0x05, 0x05, 0x01, 0x05, 0x09, 0x0B, 0x05,
    0x06, 0x06, 0x04, 0x03, 0x05, 0x03, 0x03, 0x09, 0x0D, 0x05, 0x09, 0x02, 0x05, 0x03, 0x05, 0x05, 0x0B, 0x05, 0x05, 0x05, 0x05, 0x05, 0x03, 0x02,
    0x03, 0x03, 0x02, 0x02, 0x03, 0x01, 0x03, 0x05, 0x03, 0x03, 0x02, 0x03, 0x02, 0x05, 0x05, 0x0B, 0x0B, 0x05, 0x02, 0x02, 0x05, 0x03, 0x05, 0x09,
    0x05, 0x02, 0x03, 0x05, 0x0B, 0x05, 0x0B, 0x09, 0x05, 0x03, 0x02, 0x05, 0x09, 0x05, 0x05, 0x05, 0x05, 0x05, 0x05, 0x03, 0x05, 0x05, 0x05, 0x0B,
    0x0B, 0x05, 0x05, 0x02, 0x01, 0x01, 0x03, 0x05, 0x05, 0x0B, 0x0F, 0x12, 0x12, 0x0D, 0x05, 0x01, 0x05, 0x05, 0x03, 0x05, 0x0B, 0x05, 0x05, 0x05,
    0x05, 0x03, 0x03, 0x03, 0x03, 0x05, 0x0B, 0x0D, 0x0E, 0x0E, 0x0D, 0x05, 0x0B, 0x0B, 0x0B, 0x09, 0x05, 0x0B, 0x0B, 0x05, 0x09, 0x05, 0x05, 0x03,
    0x03, 0x05, 0x05, 0x05, 0x05, 0x03, 0x05, 0x03, 0x03, 0x01, 0x02, 0x05, 0x0C, 0x0D, 0x0C, 0x03, 0x04, 0x05, 0x05, 0x05, 0x05, 0x05, 0x05, 0x03,
    0x0B, 0x0B, 0x05, 0x09, 0x0B, 0x05, 0x0B, 0x0B, 0x0B, 0x0B, 0x0B, 0x0B, 0x0B, 0x0B, 0x0B, 0x0C, 0x05, 0x0C, 0x0C, 0x09, 0x09, 0x0B, 0x0B, 0x0B,
    0x0B, 0x05, 0x0B, 0x0B, 0x05, 0x09, 0x05, 0x09, 0x09, 0x0B, 0x02, 0x03, 0x03, 0x03, 0x03, 0x05, 0x05, 0x05, 0x05, 0x03, 0x03, 0x03, 0x05, 0x0B,
    0x09, 0x05, 0x0B, 0x09, 0x0B, 0x0B, 0x0C, 0x0B, 0x05, 0x0B, 0x0B, 0x0B, 0x02, 0x02, 0x01, 0x04, 0x01, 0x01, 0x02, 0x03, 0x03, 0x05, 0x05, 0x02,
    0x01, 0x02, 0x05, 0x05, 0x05, 0x03, 0x05, 0x05, 0x05, 0x05, 0x03, 0x02, 0x05, 0x01, 0x02, 0x03, 0x02, 0x05, 0x03, 0x05, 0x05, 0x09, 0x05, 0x05,
    0x09, 0x05, 0x05, 0x05, 0x0B, 0x0D, 0x0B, 0x05, 0x03, 0x05, 0x05, 0x05, 0x05, 0x02, 0x05, 0x05, 0x09, 0x0B, 0x0B, 0x0B, 0x05, 0x03, 0x02, 0x02,
    0x09, 0x05, 0x0B, 0x05, 0x05, 0x0B, 0x05, 0x05, 0x05, 0x05, 0x05, 0x0B, 0x0B, 0x0B, 0x0B, 0x0B, 0x09, 0x0B, 0x03, 0x05, 0x02, 0x03, 0x0B, 0x0D,
    0x10, 0x14, 0x0E, 0x0B, 0x05, 0x05, 0x05, 0x03, 0x05, 0x05, 0x09, 0x05, 0x05, 0x05, 0x05, 0x03, 0x03, 0x05, 0x05, 0x05, 0x05, 0x0D, 0x0C, 0x05,
    0x05, 0x0C, 0x0C, 0x09, 0x05, 0x05, 0x03, 0x03, 0x03, 0x05, 0x05, 0x03, 0x05, 0x03, 0x05, 0x02, 0x03, 0x05, 0x05, 0x03, 0x03, 0x01, 0x03, 0x05,
    0x09, 0x0B, 0x0B, 0x0D, 0x11, 0x0C, 0x0B, 0x0B, 0x05, 0x0B, 0x05, 0x05, 0x03, 0x03, 0x05, 0x05, 0x05, 0x0B, 0x05, 0x03, 0x02, 0x03, 0x0B, 0x05,
    0x0B, 0x05, 0x03, 0x05, 0x0B, 0x0B, 0x0B, 0x0B, 0x05, 0x0B, 0x0B, 0x0B, 0x05, 0x05, 0x0B, 0x0C, 0x0B, 0x05, 0x05, 0x05, 0x0B, 0x09, 0x05, 0x01,
    0x03, 0x05, 0x03, 0x05, 0x05, 0x05, 0x05, 0x05, 0x05, 0x09, 0x05, 0x01, 0x02, 0x05, 0x09, 0x09, 0x0B, 0x09, 0x0B, 0x05, 0x03, 0x0B, 0x0B, 0x0B,
    0x0B, 0x05, 0x09, 0x03, 0x0B, 0x02, 0x01, 0x04, 0x02, 0x03, 0x02, 0x02, 0x02, 0x01, 0x01, 0x03, 0x05, 0x05, 0x05, 0x05, 0x05, 0x0B, 0x0B, 0x05,
    0x02, 0x05, 0x0B, 0x0C, 0x0D, 0x0C, 0x05, 0x05, 0x05, 0x0B, 0x0B, 0x05, 0x05, 0x05, 0x03, 0x03, 0x05, 0x09, 0x05, 0x01, 0x03, 0x05, 0x05, 0x05,
    0x09, 0x0C, 0x05, 0x05, 0x05, 0x0B, 0x0D, 0x05, 0x05, 0x03, 0x05, 0x05, 0x05, 0x09, 0x05, 0x0B, 0x09, 0x05, 0x05, 0x05, 0x02, 0x03, 0x05, 0x0B,
    0x0B, 0x0B, 0x0B, 0x0B, 0x0C, 0x0C, 0x0C, 0x05, 0x05, 0x01, 0x03, 0x05, 0x0B, 0x0B, 0x0C, 0x05, 0x05, 0x0B, 0x05, 0x03, 0x03, 0x05, 0x0B, 0x0B,
    0x0B, 0x0B, 0x0B, 0x0B, 0x05, 0x03, 0x03, 0x01, 0x05, 0x0D, 0x0D, 0x0D, 0x05, 0x02, 0x05, 0x03, 0x05, 0x05, 0x05, 0x05, 0x05, 0x05, 0x09, 0x0B,
    0x09, 0x05, 0x09, 0x03, 0x02, 0x05, 0x03, 0x03, 0x09, 0x02, 0x01, 0x01, 0x02, 0x03, 0x03, 0x05, 0x05, 0x02, 0x09, 0x0C, 0x0D, 0x0B, 0x05, 0x0B,
    0x03, 0x05, 0x03, 0x02, 0x05, 0x05, 0x05, 0x05, 0x09, 0x0B, 0x0B, 0x05, 0x0B, 0x03, 0x02, 0x03, 0x09, 0x0B, 0x0B, 0x0B, 0x05, 0x05, 0x0B, 0x0C,
    0x0B, 0x05, 0x05, 0x09, 0x0B, 0x0B, 0x05, 0x04, 0x03, 0x02, 0x09, 0x03, 0x02, 0x03, 0x05, 0x05, 0x05, 0x03, 0x05, 0x09, 0x0B, 0x0C, 0x09, 0x02,
    0x02, 0x05, 0x0B, 0x05, 0x0B, 0x0B, 0x09, 0x03, 0x03, 0x09, 0x0B, 0x0B, 0x03, 0x03, 0x03, 0x02, 0x02, 0x03, 0x05, 0x02, 0x03, 0x03, 0x05, 0x02,
    0x02, 0x03, 0x03, 0x03, 0x03, 0x03, 0x03, 0x03, 0x05, 0x05, 0x0B, 0x0C, 0x02, 0x01, 0x03, 0x03, 0x03, 0x03, 0x05, 0x05, 0x09, 0x05, 0x05, 0x05,
    0x09, 0x05, 0x03, 0x03, 0x05, 0x05, 0x09, 0x0B, 0x05, 0x02, 0x05, 0x05, 0x09, 0x05, 0x0B, 0x0B, 0x0B, 0x0B, 0x0C, 0x0B, 0x05, 0x05, 0x05, 0x09,
    0x05, 0x05, 0x05, 0x05, 0x05, 0x05, 0x03, 0x05, 0x03, 0x03, 0x05, 0x0B, 0x09, 0x05, 0x05, 0x03, 0x05, 0x0E, 0x0E, 0x0B, 0x0D, 0x0E, 0x05, 0x03,
    0x05, 0x0B, 0x0D, 0x09, 0x05, 0x0B, 0x0B, 0x05, 0x05, 0x05, 0x05, 0x0B, 0x09, 0x0B, 0x0B, 0x0C, 0x0B, 0x05, 0x02, 0x05, 0x05, 0x0C, 0x0C, 0x0D,
    0x0B, 0x02, 0x01, 0x01, 0x03, 0x05, 0x05, 0x05, 0x05, 0x02, 0x05, 0x0B, 0x0B, 0x0B, 0x0D, 0x0C, 0x09, 0x05, 0x02, 0x03, 0x03, 0x09, 0x03, 0x02,
    0x01, 0x04, 0x01, 0x03, 0x01, 0x02, 0x01, 0x09, 0x05, 0x0B, 0x05, 0x05, 0x03, 0x02, 0x03, 0x02, 0x01, 0x02, 0x05, 0x09, 0x05, 0x05, 0x05, 0x05,
    0x0B, 0x0B, 0x09, 0x05, 0x0B, 0x05, 0x05, 0x0D, 0x0C, 0x05, 0x0B, 0x05, 0x05, 0x09, 0x0C, 0x0D, 0x0D, 0x0B, 0x0C, 0x05, 0x02, 0x03, 0x05, 0x05,
    0x03, 0x03, 0x05, 0x05, 0x0B, 0x09, 0x05, 0x05, 0x05, 0x03, 0x05, 0x05, 0x05, 0x05, 0x05, 0x0B, 0x0D, 0x0D, 0x0B, 0x03, 0x0B, 0x09, 0x0B, 0x09,
    0x0B, 0x09, 0x05, 0x09, 0x05, 0x03, 0x02, 0x05, 0x05, 0x05, 0x0B, 0x0D, 0x0C, 0x0C, 0x05, 0x05, 0x03, 0x02, 0x03, 0x02, 0x01, 0x02, 0x05, 0x03,
    0x01, 0x05, 0x05, 0x03, 0x01, 0x02, 0x03, 0x03, 0x02, 0x02, 0x05, 0x05, 0x05, 0x03, 0x03, 0x02, 0x03, 0x03, 0x05, 0x05, 0x0C, 0x05, 0x05, 0x09,
    0x05, 0x05, 0x0B, 0x0C, 0x0B, 0x0C, 0x0B, 0x0C, 0x0B, 0x09, 0x0B, 0x05, 0x05, 0x05, 0x05, 0x03, 0x02, 0x05, 0x03, 0x03, 0x05, 0x03, 0x05, 0x05,
    0x0B, 0x05, 0x01, 0x01, 0x03, 0x05, 0x03, 0x03, 0x03, 0x03, 0x05, 0x05, 0x0B, 0x05, 0x0B, 0x0B, 0x0B, 0x05, 0x02, 0x03, 0x03, 0x05, 0x05, 0x09,
    0x0B, 0x0B, 0x0B, 0x0B, 0x0B, 0x05, 0x0C, 0x0C, 0x05, 0x0B, 0x05, 0x05, 0x09, 0x09, 0x05, 0x05, 0x05, 0x05, 0x05, 0x0B, 0x05, 0x03, 0x05, 0x09,
    0x0B, 0x0B, 0x05, 0x05, 0x0B, 0x03, 0x05, 0x05, 0x01, 0x03, 0x09, 0x02, 0x06, 0x04, 0x01, 0x03, 0x01, 0x01, 0x02, 0x01, 0x01, 0x03, 0x03, 0x03,
    0x02, 0x06, 0x06, 0x06, 0x06, 0x04, 0x03, 0x05, 0x05, 0x05, 0x0B, 0x05, 0x05, 0x0B, 0x0B, 0x05, 0x09, 0x03, 0x03, 0x03, 0x05, 0x05, 0x03, 0x03,
    0x03, 0x05, 0x05, 0x05, 0x0C, 0x0D, 0x0B, 0x05, 0x05, 0x03, 0x02, 0x05, 0x05, 0x0C, 0x05, 0x09, 0x05, 0x05, 0x05, 0x05, 0x05, 0x05, 0x09, 0x0B,
    0x0B, 0x0B, 0x0B, 0x03, 0x05, 0x0B, 0x0B, 0x05, 0x0B, 0x0B, 0x05, 0x0B, 0x0B, 0x05, 0x09, 0x05, 0x05, 0x05, 0x03, 0x05, 0x03, 0x05, 0x01, 0x0B,
    0x0B, 0x0B, 0x05, 0x03, 0x05, 0x05, 0x05, 0x05, 0x03, 0x05, 0x05, 0x02, 0x02, 0x05, 0x0B, 0x0B, 0x09, 0x04, 0x02, 0x02, 0x02, 0x02, 0x03, 0x03,
    0x03, 0x03, 0x03, 0x03, 0x03, 0x05, 0x05, 0x05, 0x05, 0x05, 0x05, 0x05, 0x05, 0x0B, 0x0D, 0x0E, 0x0B, 0x05, 0x05, 0x05, 0x05, 0x05, 0x05, 0x03,
    0x03, 0x01, 0x01, 0x05, 0x05, 0x05, 0x03, 0x03, 0x03, 0x03, 0x03, 0x05, 0x05, 0x0B, 0x0D, 0x0B, 0x0B, 0x02, 0x01, 0x02, 0x01, 0x02, 0x03, 0x01,
    0x05, 0x05, 0x0B, 0x0B, 0x05, 0x01, 0x02, 0x03, 0x0B, 0x0B, 0x03, 0x03, 0x05, 0x0B, 0x0B, 0x0B, 0x0D, 0x0C, 0x0C, 0x0D, 0x0D, 0x05, 0x05, 0x0B,
    0x0B, 0x0D, 0x0D, 0x03, 0x03, 0x05, 0x05, 0x05, 0x05, 0x0C, 0x0A, 0x0D, 0x0D, 0x0C, 0x05, 0x0B, 0x0B, 0x0F, 0x0C, 0x05, 0x03, 0x03, 0x01, 0x02,
    0x02, 0x04, 0x05, 0x0B, 0x0B, 0x05, 0x09, 0x01, 0x03, 0x01, 0x03, 0x04, 0x01, 0x03, 0x05, 0x01, 0x01, 0x01, 0x03, 0x03, 0x05, 0x05, 0x09, 0x0B,
    0x05, 0x05, 0x05, 0x05, 0x02, 0x0C, 0x01, 0x03, 0x05, 0x05, 0x03, 0x03, 0x09, 0x05, 0x03, 0x03, 0x03, 0x09, 0x05, 0x03, 0x05, 0x02, 0x02, 0x02,
    0x05, 0x05, 0x05, 0x02, 0x03, 0x05, 0x05, 0x05, 0x03, 0x05, 0x09, 0x0B, 0x05, 0x09, 0x0B, 0x0B, 0x0B, 0x05, 0x05, 0x0D, 0x0E, 0x0B, 0x09, 0x0B,
    0x09, 0x09, 0x05, 0x05, 0x0B, 0x05, 0x03, 0x02, 0x03, 0x09, 0x03, 0x04, 0x05, 0x05, 0x05, 0x05, 0x0B, 0x0B, 0x09, 0x05, 0x05, 0x05, 0x0C, 0x05,
    0x09, 0x05, 0x05, 0x05, 0x05, 0x05, 0x03, 0x02, 0x02, 0x01, 0x02, 0x03, 0x03, 0x03, 0x03, 0x02, 0x05, 0x09, 0x03, 0x05, 0x05, 0x05, 0x05, 0x0B,
    0x02, 0x05, 0x05, 0x05, 0x05, 0x05, 0x03, 0x03, 0x09, 0x0B, 0x05, 0x05, 0x03, 0x02, 0x03, 0x05, 0x05, 0x03, 0x05, 0x03, 0x05, 0x03, 0x05, 0x03,
    0x05, 0x0B, 0x05, 0x05, 0x05, 0x05, 0x0E, 0x0E, 0x02, 0x03, 0x01, 0x09, 0x05, 0x05, 0x05, 0x0D, 0x0C, 0x05, 0x0B, 0x05, 0x05, 0x03, 0x0B, 0x0B,
    0x05, 0x05, 0x05, 0x05, 0x0B, 0x09, 0x05, 0x0D, 0x05, 0x05, 0x05, 0x0B, 0x05, 0x0B, 0x09, 0x0B, 0x0B, 0x09, 0x09, 0x0C, 0x0B, 0x0B, 0x05, 0x05,
    0x05, 0x05, 0x0B, 0x05, 0x05, 0x0B, 0x05, 0x05, 0x05, 0x01, 0x05, 0x05, 0x05, 0x09, 0x03, 0x03, 0x09, 0x0E, 0x0E, 0x0B, 0x05, 0x0D, 0x05, 0x05,
    0x03, 0x05, 0x05, 0x0B, 0x05, 0x01, 0x01, 0x01, 0x03, 0x05, 0x05, 0x0B, 0x09, 0x02, 0x01, 0x03, 0x06, 0x02, 0x02, 0x01, 0x02, 0x01, 0x02, 0x01,
    0x01, 0x01, 0x03, 0x01, 0x02, 0x01, 0x03, 0x03, 0x05, 0x05, 0x02, 0x05, 0x04, 0x01, 0x03, 0x01, 0x09, 0x03, 0x01, 0x05, 0x05, 0x05, 0x05, 0x05,
    0x05, 0x05, 0x0B, 0x0E, 0x0B, 0x0B, 0x0B, 0x0F, 0x0C, 0x0E, 0x0D, 0x0D, 0x0B, 0x09, 0x0B, 0x0C, 0x0B, 0x0C, 0x05, 0x03, 0x09, 0x0D, 0x05, 0x03,
    0x03, 0x05, 0x05, 0x05, 0x03, 0x0D, 0x0D, 0x0C, 0x0B, 0x09, 0x05, 0x05, 0x05, 0x05, 0x03, 0x03, 0x0B, 0x05, 0x02, 0x05, 0x09, 0x03, 0x03, 0x05,
    0x05, 0x05, 0x05, 0x05, 0x05, 0x09, 0x05, 0x0B, 0x05, 0x09, 0x03, 0x0B, 0x05, 0x05, 0x05, 0x05, 0x05, 0x05, 0x05, 0x05, 0x05, 0x05, 0x05, 0x03,
    0x05, 0x05, 0x05, 0x0B, 0x02, 0x03, 0x05, 0x05, 0x05, 0x05, 0x03, 0x05, 0x05, 0x0B, 0x0B, 0x0B, 0x0B, 0x0D, 0x05, 0x05, 0x0B, 0x01, 0x01, 0x05,
    0x05, 0x05, 0x05, 0x09, 0x05, 0x05, 0x0B, 0x05, 0x03, 0x0B, 0x0D, 0x0B, 0x05, 0x09, 0x05, 0x03, 0x03, 0x09, 0x0B, 0x05, 0x03, 0x05, 0x0B, 0x05,
    0x09, 0x05, 0x05, 0x05, 0x05, 0x0B, 0x0B, 0x0B, 0x0B, 0x0D, 0x05, 0x02, 0x05, 0x0B, 0x09, 0x01, 0x03, 0x01, 0x03, 0x03, 0x05, 0x03, 0x03, 0x03,
    0x05, 0x0B, 0x0B, 0x02, 0x03, 0x05, 0x05, 0x01, 0x05, 0x05, 0x0B, 0x09, 0x0C, 0x09, 0x0B, 0x05, 0x09, 0x09, 0x05, 0x03, 0x02, 0x01, 0x03, 0x03,
    0x09, 0x09, 0x03, 0x01, 0x06, 0x03, 0x05, 0x03, 0x06, 0x01, 0x03, 0x05, 0x05, 0x01, 0x01, 0x04, 0x06, 0x04, 0x01, 0x05, 0x05, 0x0B, 0x05, 0x09,
    0x03, 0x03, 0x03, 0x05, 0x02, 0x02, 0x02, 0x03, 0x02, 0x01, 0x03, 0x09, 0x05, 0x03, 0x05, 0x0B, 0x0C, 0x0B, 0x02, 0x05, 0x05, 0x05, 0x0C, 0x05,
    0x05, 0x05, 0x05, 0x05, 0x0B, 0x0C, 0x05, 0x02, 0x05, 0x05, 0x02, 0x0B, 0x05, 0x05, 0x05, 0x05, 0x03, 0x05, 0x05, 0x09, 0x0B, 0x05, 0x05, 0x05,
    0x05, 0x05, 0x02, 0x05, 0x09, 0x0B, 0x09, 0x05, 0x05, 0x02, 0x03, 0x05, 0x05, 0x09, 0x03, 0x05, 0x0B, 0x05, 0x05, 0x05, 0x05, 0x05, 0x05, 0x09,
    0x05, 0x05, 0x05, 0x02, 0x02, 0x03, 0x03, 0x02, 0x03, 0x09, 0x0B, 0x0B, 0x0C, 0x0E, 0x0F, 0x0B, 0x09, 0x05, 0x05, 0x05, 0x01, 0x03, 0x03, 0x09,
    0x05, 0x03, 0x03, 0x05, 0x09, 0x09, 0x09, 0x09, 0x0D, 0x05, 0x01, 0x03, 0x02, 0x04, 0x01, 0x03, 0x05, 0x05, 0x05, 0x05, 0x05, 0x05, 0x05, 0x05,
    0x09, 0x03, 0x03, 0x05, 0x05, 0x0B, 0x0B, 0x05, 0x05, 0x05, 0x03, 0x09, 0x05, 0x05, 0x0B, 0x0B, 0x0B, 0x0B, 0x0B, 0x0B, 0x0B, 0x05, 0x02, 0x05,
    0x03, 0x01, 0x04, 0x02, 0x02, 0x02, 0x02, 0x0B, 0x0C, 0x09, 0x02, 0x02, 0x03, 0x03, 0x05, 0x03, 0x01, 0x02, 0x01, 0x02, 0x02, 0x03, 0x05, 0x05,
    0x05, 0x05, 0x05, 0x03, 0x0B, 0x05, 0x05, 0x09, 0x05, 0x02, 0x03, 0x05, 0x05, 0x05, 0x05, 0x05, 0x05, 0x05, 0x01, 0x01, 0x03, 0x02, 0x02, 0x04,
    0x01, 0x02, 0x03, 0x05, 0x09, 0x02, 0x04, 0x02, 0x01, 0x01, 0x02, 0x03, 0x0D, 0x05, 0x01, 0x01, 0x01, 0x02, 0x01, 0x05, 0x03, 0x02, 0x03, 0x05,
    0x05, 0x05, 0x09, 0x05, 0x05, 0x0B, 0x05, 0x09, 0x01, 0x02, 0x03, 0x02, 0x05, 0x0B, 0x05, 0x05, 0x05, 0x05, 0x0D, 0x09, 0x0B, 0x0B, 0x0C, 0x0C,
    0x05, 0x0C, 0x0C, 0x0B, 0x03, 0x04, 0x01, 0x05, 0x05, 0x03, 0x03, 0x09, 0x0C, 0x05, 0x05, 0x09, 0x0D, 0x0E, 0x05, 0x03, 0x01, 0x05, 0x03, 0x03,
    0x0B, 0x0C, 0x0C, 0x09, 0x05, 0x09, 0x09, 0x05, 0x05, 0x05, 0x03, 0x05, 0x05, 0x09, 0x0B, 0x0D, 0x0C, 0x05, 0x0B, 0x0B, 0x0B, 0x0C, 0x0C, 0x09,
    0x05, 0x05, 0x0B, 0x09, 0x05, 0x05, 0x05, 0x05, 0x09, 0x0D, 0x0B, 0x0B, 0x09, 0x05, 0x05, 0x02, 0x03, 0x05, 0x0D, 0x0D, 0x0E, 0x0C, 0x05, 0x05,
    0x01, 0x03, 0x05, 0x03, 0x05, 0x02, 0x03, 0x03, 0x03, 0x03, 0x05, 0x05, 0x09, 0x05, 0x05, 0x05, 0x05, 0x05, 0x05, 0x01, 0x09, 0x0B, 0x03, 0x05,
    0x0B, 0x05, 0x05, 0x0B, 0x0B, 0x09, 0x0B, 0x0D, 0x0D, 0x0C, 0x0E, 0x0D, 0x0C, 0x0D, 0x0E, 0x05, 0x09, 0x05, 0x03, 0x05, 0x05, 0x05, 0x0B, 0x05,
    0x03, 0x03, 0x01, 0x01, 0x03, 0x01, 0x02, 0x05, 0x03, 0x05, 0x05, 0x0B, 0x0B, 0x05, 0x05, 0x05, 0x05, 0x05, 0x05, 0x05, 0x05, 0x0B, 0x03, 0x04,
    0x04, 0x01, 0x03, 0x05, 0x05, 0x01, 0x01, 0x03, 0x01, 0x05, 0x05, 0x02, 0x01, 0x02, 0x02, 0x02, 0x02, 0x03, 0x09, 0x03, 0x03, 0x03, 0x03, 0x02,
    0x05, 0x05, 0x01, 0x03, 0x02, 0x02, 0x02, 0x09, 0x0C, 0x0C, 0x05, 0x02, 0x05, 0x05, 0x0B, 0x03, 0x01, 0x03, 0x0C, 0x09, 0x09, 0x05, 0x09, 0x05,
    0x0B, 0x05, 0x05, 0x05, 0x0C, 0x0C, 0x0B, 0x0B, 0x0C, 0x0D, 0x0E, 0x0E, 0x0D, 0x0B, 0x0C, 0x0C, 0x05, 0x01, 0x03, 0x03, 0x02, 0x03, 0x05, 0x03,
    0x03, 0x02, 0x03, 0x03, 0x03, 0x05, 0x05, 0x0B, 0x0D, 0x05, 0x0B, 0x0B, 0x09, 0x05, 0x09, 0x05, 0x03, 0x09, 0x0B, 0x05, 0x0B, 0x05, 0x0B, 0x05,
    0x09, 0x0C, 0x05, 0x0C, 0x0F, 0x11, 0x0D, 0x0B, 0x09, 0x09, 0x09, 0x05, 0x05, 0x01, 0x05, 0x05, 0x09, 0x0B, 0x05, 0x05, 0x05, 0x05, 0x09, 0x05,
    0x05, 0x05, 0x0C, 0x0D, 0x0C, 0x0B, 0x0C, 0x05, 0x05, 0x0D, 0x0B, 0x0D, 0x0B, 0x05, 0x05, 0x05, 0x05, 0x0B, 0x09, 0x02, 0x02, 0x03, 0x03, 0x05,
    0x05, 0x02, 0x05, 0x01, 0x01, 0x03, 0x05, 0x0B, 0x05, 0x0B, 0x0B, 0x05, 0x05, 0x0B, 0x05, 0x09, 0x05, 0x0B, 0x0B, 0x0B, 0x0B, 0x05, 0x09, 0x0B,
    0x0D, 0x0D, 0x0C, 0x0D, 0x0D, 0x09, 0x03, 0x02, 0x01, 0x05, 0x0B, 0x0B, 0x03, 0x03, 0x03, 0x02, 0x03, 0x05, 0x0B, 0x0C, 0x0C, 0x0D, 0x0B, 0x05,
    0x05, 0x0B, 0x04, 0x02, 0x05, 0x03, 0x03, 0x03, 0x05, 0x09, 0x09, 0x03, 0x01, 0x01, 0x04, 0x01, 0x03, 0x04, 0x04, 0x04, 0x0B, 0x09, 0x05, 0x0B,
    0x05, 0x06, 0x06, 0x06, 0x06, 0x01, 0x03, 0x05, 0x02, 0x01, 0x01, 0x05, 0x03, 0x02, 0x03, 0x02, 0x02, 0x04, 0x02, 0x05, 0x0B, 0x0B, 0x09, 0x0B,
    0x0C, 0x0C, 0x09, 0x0C, 0x09, 0x03, 0x03, 0x01, 0x03, 0x03, 0x05, 0x05, 0x05, 0x05, 0x05, 0x0B, 0x05, 0x05, 0x0B, 0x05, 0x09, 0x0C, 0x0B, 0x05,
    0x05, 0x0F, 0x0D, 0x0D, 0x0D, 0x0B, 0x05, 0x03, 0x05, 0x05, 0x03, 0x02, 0x01, 0x05, 0x05, 0x05, 0x03, 0x0B, 0x05, 0x05, 0x05, 0x0B, 0x05, 0x03,
    0x02, 0x02, 0x01, 0x01, 0x03, 0x02, 0x02, 0x05, 0x03, 0x05, 0x05, 0x05, 0x0B, 0x09, 0x03, 0x05, 0x09, 0x0B, 0x0B, 0x03, 0x05, 0x05, 0x05, 0x05,
    0x05, 0x09, 0x05, 0x05, 0x05, 0x05, 0x03, 0x05, 0x09, 0x03, 0x05, 0x05, 0x05, 0x0B, 0x05, 0x0C, 0x0E, 0x0D, 0x0B, 0x05, 0x0B, 0x0B, 0x0B, 0x0B,
    0x0C, 0x0C, 0x05, 0x05, 0x0B, 0x0D, 0x0C, 0x05, 0x05, 0x0B, 0x03, 0x05, 0x0B, 0x0C, 0x0D, 0x0B, 0x05, 0x05, 0x03, 0x05, 0x05, 0x05, 0x05, 0x05,
    0x05, 0x05, 0x05, 0x05, 0x05, 0x05, 0x05, 0x03, 0x05, 0x0B, 0x09, 0x05, 0x0B, 0x05, 0x0B, 0x09, 0x0B, 0x05, 0x09, 0x0B, 0x0B, 0x05, 0x02, 0x01,
    0x05, 0x0B, 0x05, 0x05, 0x05, 0x05, 0x05, 0x05, 0x0B, 0x09, 0x09, 0x0B, 0x05, 0x05, 0x05, 0x05, 0x02, 0x01, 0x03, 0x05, 0x05, 0x05, 0x05, 0x05,
    0x09, 0x05, 0x03, 0x05, 0x0D, 0x0D, 0x0B, 0x0B, 0x05, 0x05, 0x0B, 0x0D, 0x0E, 0x0C, 0x05, 0x05, 0x05, 0x05, 0x05, 0x03, 0x02, 0x03, 0x02, 0x01,
    0x01, 0x02, 0x01, 0x03, 0x05, 0x02, 0x02, 0x01, 0x03, 0x05, 0x03, 0x03, 0x01, 0x03, 0x01, 0x01, 0x03, 0x03, 0x02, 0x06, 0x06, 0x06, 0x03, 0x05,
    0x05, 0x05, 0x05, 0x05, 0x0B, 0x05, 0x05, 0x05, 0x03, 0x03, 0x05, 0x05, 0x05, 0x05, 0x05, 0x0B, 0x0B, 0x0B, 0x0C, 0x0B, 0x03, 0x05, 0x05, 0x05,
    0x0B, 0x0B, 0x09, 0x05, 0x0B, 0x05, 0x05, 0x05, 0x05, 0x0B, 0x0B, 0x09, 0x05, 0x09, 0x05, 0x0B, 0x03, 0x06, 0x06, 0x01, 0x06, 0x02, 0x03, 0x05,
    0x03, 0x02, 0x05, 0x03, 0x05, 0x03, 0x05, 0x05, 0x03, 0x05, 0x05, 0x09, 0x0B, 0x05, 0x05, 0x05, 0x05, 0x0B, 0x05, 0x05, 0x03, 0x02, 0x05, 0x05,
    0x05, 0x05, 0x05, 0x05, 0x05, 0x05, 0x0B, 0x0B, 0x05, 0x0B, 0x0B, 0x05, 0x0C, 0x0B, 0x05, 0x0B, 0x05, 0x05, 0x05, 0x0C, 0x0D, 0x0C, 0x0B, 0x0B,
    0x0C, 0x0B, 0x09, 0x0D, 0x0D, 0x05, 0x05, 0x0C, 0x0D, 0x0B, 0x0B, 0x05, 0x0C, 0x0B, 0x05, 0x05, 0x05, 0x02, 0x03, 0x05, 0x05, 0x03, 0x05, 0x05,
    0x01, 0x04, 0x01, 0x05, 0x0B, 0x05, 0x0E, 0x0C, 0x05, 0x03, 0x03, 0x03, 0x03, 0x05, 0x0B, 0x09, 0x05, 0x0B, 0x0B, 0x05, 0x0B, 0x0B, 0x0C, 0x0B,
    0x09, 0x05, 0x0B, 0x0B, 0x03, 0x01, 0x02, 0x02, 0x03, 0x03, 0x03, 0x0B, 0x0E, 0x0A, 0x11, 0x11, 0x0A, 0x0C, 0x0B, 0x05, 0x09, 0x05, 0x0B, 0x05,
    0x0B, 0x0D, 0x0E, 0x0B, 0x03, 0x03, 0x03, 0x03, 0x05, 0x03, 0x01, 0x02, 0x02, 0x03, 0x01, 0x01, 0x02, 0x03, 0x01, 0x01, 0x02, 0x05, 0x0B, 0x0B,
    0x0C, 0x05, 0x0B, 0x0B, 0x0B, 0x0B, 0x05, 0x03, 0x03, 0x02, 0x06, 0x01, 0x02, 0x03, 0x05, 0x03, 0x05, 0x05, 0x05, 0x09, 0x03, 0x05, 0x03, 0x0C,
    0x0D, 0x09, 0x03, 0x0B, 0x0D, 0x0C, 0x09, 0x0B, 0x0B, 0x05, 0x09, 0x0D, 0x05, 0x05, 0x01, 0x01, 0x02, 0x03, 0x03, 0x0C, 0x05, 0x0B, 0x09, 0x0C,
    0x0C, 0x0B, 0x0C, 0x0B, 0x05, 0x09, 0x05, 0x05, 0x01, 0x06, 0x01, 0x05, 0x05, 0x05, 0x05, 0x0B, 0x05, 0x05, 0x05, 0x05, 0x03, 0x02, 0x03, 0x03,
    0x05, 0x05, 0x0B, 0x05, 0x05, 0x03, 0x05, 0x01, 0x05, 0x05, 0x05, 0x03, 0x03, 0x05, 0x0B, 0x0B, 0x0B, 0x09, 0x03, 0x03, 0x03, 0x05, 0x05, 0x05,
    0x05, 0x03, 0x05, 0x0B, 0x05, 0x05, 0x05, 0x0B, 0x05, 0x05, 0x0B, 0x05, 0x05, 0x0B, 0x0B, 0x05, 0x0B, 0x0B, 0x05, 0x0B, 0x05, 0x05, 0x05, 0x0B,
    0x09, 0x05, 0x0B, 0x05, 0x02, 0x03, 0x05, 0x05, 0x0B, 0x0C, 0x0D, 0x0E, 0x0D, 0x0C, 0x05, 0x04, 0x05, 0x0B, 0x09, 0x0C, 0x09, 0x05, 0x05, 0x09,
    0x05, 0x05, 0x0B, 0x0B, 0x05, 0x0B, 0x0D, 0x0C, 0x03, 0x05, 0x05, 0x05, 0x0B, 0x0C, 0x0D, 0x0E, 0x0C, 0x0B, 0x0B, 0x01, 0x06, 0x04, 0x02, 0x05,
    0x05, 0x0C, 0x0F, 0x0D, 0x0D, 0x0B, 0x0F, 0x0A, 0x0E, 0x0B, 0x05, 0x05, 0x0B, 0x09, 0x0C, 0x0C, 0x09, 0x05, 0x05, 0x05, 0x09, 0x09, 0x05, 0x05,
    0x01, 0x09, 0x01, 0x06, 0x02, 0x02, 0x01, 0x01, 0x01, 0x03, 0x05, 0x05, 0x05, 0x05, 0x05, 0x03, 0x02, 0x02, 0x0C, 0x0B, 0x09, 0x0B, 0x02, 0x02,
    0x05, 0x03, 0x05, 0x05, 0x03, 0x02, 0x01, 0x05, 0x0B, 0x05, 0x05, 0x02, 0x05, 0x05, 0x05, 0x05, 0x0B, 0x0D, 0x0D, 0x0B, 0x0C, 0x0D, 0x0F, 0x0D,
    0x0B, 0x0B, 0x05, 0x05, 0x05, 0x02, 0x05, 0x05, 0x0D, 0x05, 0x05, 0x09, 0x09, 0x05, 0x03, 0x0B, 0x0C, 0x0C, 0x0B, 0x0B, 0x09, 0x05, 0x02, 0x03,
    0x05, 0x05, 0x05, 0x05, 0x01, 0x02, 0x03, 0x02, 0x03, 0x03, 0x02, 0x01, 0x02, 0x05, 0x03, 0x03, 0x03, 0x02, 0x03, 0x05, 0x05, 0x05, 0x05, 0x05,
    0x05, 0x05, 0x05, 0x0B, 0x0B, 0x05, 0x0B, 0x05, 0x05, 0x05, 0x05, 0x05, 0x02, 0x03, 0x05, 0x0B, 0x05, 0x01, 0x06, 0x05, 0x0C, 0x05, 0x02, 0x02,
    0x05, 0x09, 0x0B, 0x09, 0x04, 0x01, 0x09, 0x05, 0x0C, 0x0D, 0x05, 0x05, 0x0B, 0x0B, 0x09, 0x0B, 0x0C, 0x0B, 0x0C, 0x05, 0x03, 0x05, 0x05, 0x0B,
    0x09, 0x0C, 0x0E, 0x02, 0x06, 0x01, 0x04, 0x03, 0x05, 0x09, 0x0C, 0x05, 0x0B, 0x05, 0x09, 0x0B, 0x0B, 0x05, 0x0B, 0x0B, 0x0C, 0x05, 0x05, 0x05,
    0x05, 0x05, 0x0D, 0x0D, 0x0D, 0x0C, 0x09, 0x05, 0x03, 0x02, 0x03, 0x05, 0x05, 0x05, 0x09, 0x0B, 0x09, 0x05, 0x0B, 0x0C, 0x0D, 0x0B, 0x0B, 0x0B,
    0x0B, 0x0C, 0x0B, 0x05, 0x0B, 0x0C, 0x0D, 0x0C, 0x05, 0x05, 0x05, 0x05, 0x0B, 0x0B, 0x05, 0x03, 0x06, 0x06, 0x06, 0x06, 0x04, 0x03, 0x05, 0x05,
    0x05, 0x03, 0x01, 0x04, 0x01, 0x03, 0x02, 0x05, 0x0B, 0x0B, 0x0B, 0x01, 0x05, 0x0B, 0x05, 0x05, 0x03, 0x03, 0x05, 0x05, 0x0B, 0x0D, 0x0B, 0x03,
    0x03, 0x0B, 0x05, 0x05, 0x03, 0x03, 0x09, 0x0B, 0x0B, 0x09, 0x0B, 0x0C, 0x0B, 0x0D, 0x0B, 0x05, 0x0B, 0x0B, 0x05, 0x02, 0x05, 0x05, 0x05, 0x05,
    0x03, 0x03, 0x05, 0x05, 0x05, 0x05, 0x05, 0x0C, 0x0C, 0x05, 0x04, 0x01, 0x01, 0x01, 0x02, 0x05, 0x05, 0x06, 0x01, 0x01, 0x01, 0x05, 0x05, 0x05,
    0x05, 0x05, 0x05, 0x05, 0x05, 0x02, 0x05, 0x05, 0x0C, 0x0B, 0x0B, 0x05, 0x05, 0x05, 0x09, 0x05, 0x05, 0x0B, 0x0C, 0x05, 0x05, 0x0B, 0x0B, 0x05,
    0x06, 0x06, 0x05, 0x0C, 0x0B, 0x0B, 0x0D, 0x0C, 0x0B, 0x0D, 0x0B, 0x0B, 0x05, 0x0B, 0x09, 0x02, 0x05, 0x0B, 0x0B, 0x0B, 0x0C, 0x0C, 0x0C, 0x0D,
    0x0B, 0x0B, 0x0B, 0x0C, 0x0B, 0x05, 0x03, 0x05, 0x0B, 0x0B, 0x01, 0x01, 0x02, 0x09, 0x05, 0x0D, 0x05, 0x03, 0x01, 0x03, 0x09, 0x0B, 0x0B, 0x05,
    0x0B, 0x0B, 0x0B, 0x0C, 0x05, 0x05, 0x05, 0x09, 0x05, 0x0D, 0x0B, 0x0C, 0x05, 0x03, 0x02, 0x03, 0x05, 0x03, 0x05, 0x03, 0x05, 0x03, 0x01, 0x02,
    0x05, 0x09, 0x05, 0x05, 0x05, 0x0D, 0x05, 0x0B, 0x0B, 0x09, 0x0B, 0x0B, 0x0B, 0x05, 0x05, 0x0B, 0x05, 0x05, 0x05, 0x05, 0x0B, 0x05, 0x05, 0x05,
    0x05, 0x02, 0x0C, 0x0C, 0x0C, 0x0B, 0x03, 0x02, 0x02, 0x01, 0x04, 0x01, 0x03, 0x05, 0x05, 0x02, 0x03, 0x05, 0x05, 0x05, 0x05, 0x0D, 0x0F, 0x11,
    0x05, 0x05, 0x05, 0x09, 0x02, 0x05, 0x05, 0x05, 0x05, 0x05, 0x0B, 0x05, 0x03, 0x03, 0x05, 0x05, 0x05, 0x0B, 0x0D, 0x0B, 0x03, 0x02, 0x05, 0x05,
    0x0B, 0x0C, 0x05, 0x0C, 0x09, 0x09, 0x0B, 0x03, 0x03, 0x05, 0x05, 0x05, 0x05, 0x09, 0x05, 0x02, 0x02, 0x05, 0x02, 0x0B, 0x0F, 0x0B, 0x05, 0x05,
    0x01, 0x01, 0x01, 0x05, 0x0B, 0x09, 0x05, 0x03, 0x02, 0x03, 0x03, 0x03, 0x05, 0x05, 0x05, 0x05, 0x05, 0x05, 0x03, 0x02, 0x05, 0x05, 0x05, 0x05,
    0x0B, 0x05, 0x05, 0x05, 0x05, 0x05, 0x05, 0x0B, 0x0C, 0x05, 0x0B, 0x0D, 0x0D, 0x0D, 0x05, 0x09, 0x05, 0x0B, 0x0D, 0x0B, 0x05, 0x03, 0x05, 0x05,
    0x05, 0x0B, 0x0C, 0x0C, 0x0E, 0x05, 0x05, 0x09, 0x05, 0x0B, 0x0C, 0x11, 0x0A, 0x0B, 0x0B, 0x0B, 0x0B, 0x0B, 0x0E, 0x0E, 0x0B, 0x0B, 0x0B, 0x0C,
    0x05, 0x01, 0x05, 0x05, 0x05, 0x05, 0x0B, 0x0B, 0x0B, 0x0B, 0x05, 0x05, 0x09, 0x0B, 0x0B, 0x0B, 0x0B, 0x05, 0x03, 0x02, 0x01, 0x05, 0x0C, 0x0B,
    0x05, 0x01, 0x06, 0x06, 0x04, 0x03, 0x02, 0x03, 0x09, 0x05, 0x02, 0x02, 0x09, 0x02, 0x05, 0x09, 0x03, 0x0B, 0x0B, 0x09, 0x0B, 0x0D, 0x0D, 0x0B,
    0x05, 0x05, 0x03, 0x03, 0x04, 0x05, 0x05, 0x05, 0x05, 0x05, 0x0B, 0x05, 0x09, 0x05, 0x05, 0x09, 0x09, 0x0B, 0x05, 0x05, 0x02, 0x04, 0x06, 0x06,
    0x02, 0x03, 0x03, 0x05, 0x05, 0x05, 0x05, 0x03, 0x05, 0x05, 0x0B, 0x0D, 0x03, 0x05, 0x05, 0x05, 0x03, 0x03, 0x03, 0x05, 0x05, 0x05, 0x05, 0x05,
    0x05, 0x05, 0x02, 0x03, 0x05, 0x09, 0x0B, 0x09, 0x03, 0x04, 0x04, 0x01, 0x05, 0x05, 0x05, 0x05, 0x03, 0x03, 0x05, 0x0B, 0x05, 0x05, 0x03, 0x05,
    0x05, 0x0B, 0x0B, 0x0B, 0x05, 0x05, 0x05, 0x05, 0x09, 0x0D, 0x10, 0x0A, 0x0A, 0x0C, 0x0B, 0x03, 0x05, 0x05, 0x0C, 0x0C, 0x09, 0x05, 0x05, 0x05,
    0x0B, 0x05, 0x05, 0x04, 0x03, 0x0D, 0x0B, 0x03, 0x06, 0x04, 0x02, 0x05, 0x03, 0x05, 0x03, 0x03, 0x05, 0x0B, 0x0B, 0x0C, 0x0B, 0x0C, 0x0C, 0x0D,
    0x05, 0x05, 0x0B, 0x0B, 0x09, 0x02, 0x05, 0x05, 0x05, 0x05, 0x03, 0x05, 0x0B, 0x09, 0x05, 0x0B, 0x0D, 0x0B, 0x0B, 0x05, 0x02, 0x05, 0x05, 0x0C,
    0x0D, 0x05, 0x0B, 0x0B, 0x0C, 0x0D, 0x0C, 0x0B, 0x0B, 0x0B, 0x05, 0x0B, 0x05, 0x04, 0x04, 0x03, 0x05, 0x01, 0x02, 0x05, 0x05, 0x05, 0x03, 0x05,
    0x05, 0x05, 0x05, 0x05, 0x05, 0x0B, 0x02, 0x03, 0x03, 0x03, 0x02, 0x02, 0x05, 0x05, 0x05, 0x03, 0x01, 0x03, 0x05, 0x0B, 0x0B, 0x0B, 0x0B, 0x0B,
    0x0B, 0x03, 0x03, 0x05, 0x05, 0x02, 0x05, 0x0B, 0x0D, 0x0C, 0x05, 0x02, 0x02, 0x04, 0x01, 0x05, 0x05, 0x05, 0x0B, 0x05, 0x09, 0x0B, 0x0B, 0x0B,
    0x0C, 0x05, 0x05, 0x05, 0x0C, 0x0B, 0x05, 0x05, 0x05, 0x05, 0x0F, 0x0E, 0x05, 0x02, 0x02, 0x03, 0x03, 0x04, 0x01, 0x01, 0x05, 0x0B, 0x05, 0x0B,
    0x05, 0x05, 0x05, 0x05, 0x05, 0x05, 0x03, 0x02, 0x03, 0x03, 0x02, 0x05, 0x0C, 0x03, 0x01, 0x02, 0x05, 0x03, 0x05, 0x05, 0x05, 0x03, 0x05, 0x05,
    0x05, 0x05, 0x05, 0x09, 0x02, 0x03, 0x05, 0x05, 0x09, 0x05, 0x05, 0x05, 0x03, 0x03, 0x09, 0x0D, 0x0D, 0x05, 0x05, 0x03, 0x03, 0x05, 0x05, 0x09,
    0x0C, 0x05, 0x0D, 0x09, 0x05, 0x05, 0x09, 0x0B, 0x0B, 0x0B, 0x0C, 0x0B, 0x0B, 0x0B, 0x03, 0x01, 0x06, 0x02, 0x05, 0x05, 0x03, 0x05, 0x03, 0x03,
    0x03, 0x03, 0x03, 0x03, 0x05, 0x05, 0x05, 0x05, 0x0B, 0x05, 0x05, 0x03, 0x03, 0x0B, 0x05, 0x05, 0x0B, 0x0B, 0x0B, 0x03, 0x03, 0x05, 0x05, 0x05,
    0x0B, 0x0B, 0x0B, 0x0D, 0x0C, 0x0E, 0x0C, 0x0B, 0x03, 0x01, 0x05, 0x05, 0x03, 0x0B, 0x0C, 0x0B, 0x05, 0x0B, 0x0B, 0x09, 0x05, 0x05, 0x05, 0x05,
    0x09, 0x05, 0x05, 0x05, 0x03, 0x01, 0x06, 0x01, 0x01, 0x02, 0x05, 0x0B, 0x03, 0x01, 0x01, 0x04, 0x01, 0x02, 0x05, 0x05, 0x05, 0x05, 0x09, 0x05,
    0x0B, 0x0C, 0x0B, 0x03, 0x06, 0x06, 0x02, 0x05, 0x0B, 0x0C, 0x0D, 0x0D, 0x0C, 0x0B, 0x0B, 0x0B, 0x02, 0x02, 0x0B, 0x05, 0x09, 0x09, 0x05, 0x05,
    0x05, 0x05, 0x0B, 0x0D, 0x0D, 0x0B, 0x05, 0x05, 0x0C, 0x0B, 0x0B, 0x0B, 0x0C, 0x0B, 0x03, 0x05, 0x0B, 0x0D, 0x0B, 0x0B, 0x03, 0x01, 0x02, 0x03,
    0x05, 0x03, 0x03, 0x03, 0x03, 0x05, 0x05, 0x0C, 0x0B, 0x05, 0x09, 0x09,
};

static const uint8_t px_wm_select_main_h3_043fa43a[] __attribute__((aligned(8))) = {
    0x05, 0x05, 0x05, 0x05, 0x05, 0x03, 0x03, 0x02, 0x04, 0x01, 0x01, 0x05, 0x09, 0x02, 0x06, 0x01, 0x04, 0x03, 0x03, 0x05, 0x05, 0x0B, 0x05, 0x05,
    0x05, 0x05, 0x0B, 0x05, 0x03, 0x02, 0x06, 0x01, 0x04, 0x03, 0x03, 0x03, 0x09, 0x0B, 0x0B, 0x0B, 0x05, 0x05, 0x05, 0x02, 0x02, 0x02, 0x02, 0x0B,
    0x05, 0x05, 0x02, 0x02, 0x03, 0x05, 0x05, 0x05, 0x05, 0x05, 0x05, 0x05, 0x0B, 0x0B, 0x05, 0x0B, 0x05, 0x03, 0x06, 0x02, 0x05, 0x05, 0x02, 0x09,
    0x05, 0x05, 0x05, 0x05, 0x05, 0x05, 0x05, 0x05, 0x05, 0x05, 0x01, 0x06, 0x05, 0x0B, 0x05, 0x06, 0x05, 0x09, 0x0B, 0x05, 0x05, 0x09, 0x05, 0x0C,
    0x0B, 0x05, 0x0B, 0x0B, 0x0B, 0x0E, 0x0E, 0x0C, 0x0B, 0x05, 0x03, 0x05, 0x05, 0x0B, 0x0C, 0x0B, 0x09, 0x05, 0x05, 0x0B, 0x05, 0x05, 0x02, 0x05,
    0x05, 0x0B, 0x0C, 0x0C, 0x0B, 0x0D, 0x0C, 0x05, 0x05, 0x0B, 0x0C, 0x0B, 0x09, 0x0B, 0x03, 0x05, 0x05, 0x02, 0x02, 0x09, 0x05, 0x05, 0x05, 0x09,
    0x05, 0x05, 0x0B, 0x05, 0x01, 0x05, 0x03, 0x05, 0x05, 0x05, 0x0B, 0x0B, 0x0B, 0x0B, 0x0B, 0x05, 0x05, 0x02, 0x01, 0x02, 0x03, 0x05, 0x0B, 0x05,
    0x0B, 0x0B, 0x0B, 0x0B, 0x09, 0x05, 0x0B, 0x05, 0x05, 0x03, 0x09, 0x0B, 0x0D, 0x0B, 0x03, 0x04, 0x03, 0x09, 0x05, 0x03, 0x01, 0x01, 0x02, 0x01,
    0x03, 0x02, 0x02, 0x03, 0x05, 0x05, 0x05, 0x0B, 0x0B, 0x0C, 0x0B, 0x05, 0x03, 0x03, 0x05, 0x05, 0x05, 0x05, 0x05, 0x05, 0x05, 0x01, 0x02, 0x03,
    0x03, 0x0B, 0x0B, 0x02, 0x01, 0x03, 0x05, 0x02, 0x02, 0x05, 0x03, 0x03, 0x03, 0x02, 0x01, 0x01, 0x06, 0x01, 0x05, 0x01, 0x03, 0x02, 0x01, 0x01,
    0x02, 0x03, 0x09, 0x09, 0x05, 0x05, 0x05, 0x02, 0x05, 0x01, 0x03, 0x05, 0x03, 0x02, 0x02, 0x03, 0x03, 0x05, 0x03, 0x03, 0x05, 0x03, 0x03, 0x05,
    0x02, 0x05, 0x0B, 0x0B, 0x0B, 0x04, 0x01, 0x03, 0x03, 0x05, 0x0B, 0x03, 0x05, 0x05, 0x05, 0x09, 0x03, 0x05, 0x05, 0x05, 0x05, 0x03, 0x03, 0x03,
    0x0B, 0x0B, 0x0C, 0x05, 0x0B, 0x05, 0x05, 0x0C, 0x05, 0x05, 0x03, 0x03, 0x05, 0x05, 0x0B, 0x05, 0x0B, 0x0B, 0x0B, 0x0E, 0x0D, 0x0E, 0x0B, 0x0B,
    0x0B, 0x0B, 0x05, 0x0B, 0x05, 0x05, 0x0B, 0x0B, 0x05, 0x05, 0x0B, 0x0B, 0x05, 0x05, 0x0B, 0x0A, 0x0B, 0x05, 0x05, 0x05, 0x09, 0x05, 0x03, 0x03,
    0x0B, 0x0E, 0x0A, 0x0D, 0x0D, 0x0B, 0x05, 0x04, 0x06, 0x06, 0x04, 0x06, 0x01, 0x01, 0x03, 0x0B, 0x0D, 0x0D, 0x05, 0x05, 0x0B, 0x05, 0x09, 0x01,
    0x02, 0x03, 0x05, 0x05, 0x05, 0x05, 0x06, 0x06, 0x02, 0x05, 0x05, 0x05, 0x0B, 0x0D, 0x0B, 0x05, 0x05, 0x05, 0x05, 0x05, 0x0B, 0x0B, 0x0B, 0x0B,
    0x0B, 0x0C, 0x0D, 0x09, 0x0B, 0x03, 0x03, 0x05, 0x05, 0x02, 0x01, 0x06, 0x06, 0x01, 0x03, 0x05, 0x03, 0x03, 0x04, 0x02, 0x0B, 0x0B, 0x0B, 0x05,
    0x05, 0x03, 0x05, 0x09, 0x05, 0x05, 0x03, 0x03, 0x0B, 0x0B, 0x0B, 0x09, 0x05, 0x05, 0x05, 0x05, 0x03, 0x03, 0x02, 0x05, 0x05, 0x03, 0x05, 0x05,
    0x03, 0x0B, 0x0B, 0x05, 0x05, 0x03, 0x05, 0x05, 0x05, 0x02, 0x01, 0x04, 0x04, 0x01, 0x02, 0x05, 0x05, 0x09, 0x0B, 0x0C, 0x0B, 0x0B, 0x09, 0x05,
    0x0C, 0x05, 0x03, 0x03, 0x05, 0x05, 0x05, 0x05, 0x09, 0x05, 0x05, 0x05, 0x0B, 0x05, 0x0B, 0x0D, 0x0C, 0x0E, 0x0D, 0x0B, 0x05, 0x0B, 0x0B, 0x05,
    0x03, 0x05, 0x05, 0x05, 0x05, 0x05, 0x09, 0x03, 0x05, 0x03, 0x05, 0x0B, 0x0B, 0x05, 0x05, 0x0C, 0x03, 0x03, 0x02, 0x01, 0x02, 0x03, 0x05, 0x05,
    0x05, 0x05, 0x0B, 0x05, 0x05, 0x05, 0x05, 0x0C, 0x0A, 0x0F, 0x0D, 0x0B, 0x0B, 0x05, 0x05, 0x05, 0x05, 0x0B, 0x05, 0x05, 0x05, 0x05, 0x05, 0x0B,
    0x0D, 0x05, 0x05, 0x09, 0x0B, 0x05, 0x05, 0x03, 0x02, 0x01, 0x02, 0x05, 0x05, 0x09, 0x0B, 0x0D, 0x11, 0x10, 0x0A, 0x0D, 0x0B, 0x0B, 0x05, 0x03,
    0x05, 0x0B, 0x05, 0x05, 0x05, 0x05, 0x05, 0x05, 0x05, 0x0B, 0x05, 0x0B, 0x05, 0x03, 0x05, 0x05, 0x09, 0x05, 0x0B, 0x05, 0x02, 0x01, 0x03, 0x03,
    0x05, 0x05, 0x03, 0x03, 0x03, 0x02, 0x05, 0x05, 0x0B, 0x0C, 0x0B, 0x0C, 0x0B, 0x0C, 0x0D, 0x0D, 0x0B, 0x05, 0x0B, 0x05, 0x03, 0x03, 0x01, 0x06,
    0x06, 0x04, 0x01, 0x01, 0x03, 0x0B, 0x05, 0x05, 0x03, 0x01, 0x03, 0x05, 0x01, 0x01, 0x02, 0x01, 0x05, 0x03, 0x05, 0x09, 0x0B, 0x05, 0x05, 0x05,
    0x05, 0x05, 0x03, 0x03, 0x03, 0x02, 0x02, 0x02, 0x05, 0x03, 0x05, 0x09, 0x05, 0x0B, 0x0B, 0x0C, 0x0C, 0x0C, 0x05, 0x02, 0x03, 0x03, 0x05, 0x05,
    0x03, 0x03, 0x01, 0x03, 0x05, 0x05, 0x03, 0x05, 0x0B, 0x0C, 0x0B, 0x05, 0x02, 0x05, 0x05, 0x03, 0x05, 0x05, 0x05, 0x05, 0x03, 0x05, 0x05, 0x05,
    0x05, 0x0B, 0x0D, 0x0B, 0x05, 0x0C, 0x0B, 0x05, 0x05, 0x05, 0x05, 0x05, 0x02, 0x02, 0x05, 0x05, 0x03, 0x05, 0x05, 0x09, 0x03, 0x05, 0x05, 0x05,
    0x09, 0x05, 0x05, 0x05, 0x05, 0x03, 0x02, 0x03, 0x05, 0x05, 0x05, 0x05, 0x05, 0x0B, 0x05, 0x0B, 0x05, 0x0B, 0x05, 0x0C, 0x0B, 0x0B, 0x0D, 0x0B,
    0x0B, 0x0B, 0x05, 0x0B, 0x05, 0x05, 0x0B, 0x09, 0x05, 0x05, 0x05, 0x05, 0x0C, 0x0B, 0x05, 0x0C, 0x0C, 0x03, 0x05, 0x05, 0x06, 0x06, 0x04, 0x04,
    0x01, 0x03, 0x05, 0x0B, 0x0B, 0x0D, 0x0C, 0x0D, 0x0B, 0x0C, 0x05, 0x05, 0x0B, 0x05, 0x0B, 0x05, 0x01, 0x02, 0x05, 0x05, 0x09, 0x05, 0x0B, 0x09,
    0x05, 0x05, 0x03, 0x03, 0x02, 0x0B, 0x0D, 0x0B, 0x09, 0x03, 0x02, 0x01, 0x01, 0x01, 0x01, 0x04, 0x02, 0x03, 0x02, 0x05, 0x0B, 0x05, 0x09, 0x05,
    0x0B, 0x0B, 0x0B, 0x0D, 0x0C, 0x0B, 0x09, 0x03, 0x02, 0x01, 0x05, 0x01, 0x04, 0x06, 0x06, 0x01, 0x03, 0x0B, 0x0C, 0x0B, 0x0C, 0x05, 0x03, 0x05,
    0x03, 0x03, 0x03, 0x05, 0x03, 0x03, 0x03, 0x03, 0x05, 0x05, 0x05, 0x05, 0x03, 0x01, 0x05, 0x05, 0x02, 0x02, 0x02, 0x02, 0x02, 0x03, 0x09, 0x05,
    0x0B, 0x0B, 0x05, 0x05, 0x0B, 0x09, 0x03, 0x03, 0x03, 0x03, 0x03, 0x05, 0x03, 0x03, 0x03, 0x03, 0x03, 0x05, 0x05, 0x02, 0x01, 0x01, 0x03, 0x01,
    0x01, 0x01, 0x06, 0x06, 0x01, 0x04, 0x04, 0x02, 0x03, 0x05, 0x05, 0x05, 0x09, 0x02, 0x05, 0x0B, 0x05, 0x05, 0x05, 0x05, 0x05, 0x09, 0x05, 0x05,
    0x09, 0x05, 0x05, 0x05, 0x05, 0x03, 0x05, 0x0B, 0x05, 0x03, 0x05, 0x05, 0x02, 0x05, 0x01, 0x05, 0x05, 0x0B, 0x05, 0x05, 0x0B, 0x0B, 0x0B, 0x05,
    0x0B, 0x05, 0x0B, 0x05, 0x0B, 0x0B, 0x05, 0x05, 0x05, 0x05, 0x0D, 0x0D, 0x0C, 0x0B, 0x05, 0x05, 0x03, 0x03, 0x03, 0x02, 0x02, 0x03, 0x09, 0x05,
    0x05, 0x03, 0x03, 0x03, 0x03, 0x0B, 0x0C, 0x05, 0x03, 0x01, 0x04, 0x01, 0x01, 0x04, 0x01, 0x02, 0x03, 0x05, 0x03, 0x09, 0x0B, 0x05, 0x05, 0x0B,
    0x05, 0x0C, 0x09, 0x05, 0x03, 0x02, 0x02, 0x05, 0x05, 0x05, 0x0B, 0x09, 0x05, 0x0B, 0x05, 0x05, 0x09, 0x0B, 0x05, 0x05, 0x05, 0x02, 0x01, 0x04,
    0x04, 0x06, 0x06, 0x06, 0x04, 0x05, 0x0B, 0x05, 0x0B, 0x09, 0x05, 0x05, 0x09, 0x02, 0x05, 0x0B, 0x0B, 0x0B, 0x0B, 0x05, 0x05, 0x05, 0x09, 0x09,
    0x01, 0x06, 0x06, 0x01, 0x02, 0x05, 0x0B, 0x0E, 0x09, 0x0B, 0x05, 0x0B, 0x02, 0x02, 0x05, 0x05, 0x05, 0x05, 0x05, 0x05, 0x03, 0x03, 0x03, 0x02,
    0x05, 0x05, 0x09, 0x03, 0x01, 0x01, 0x04, 0x04, 0x04, 0x01, 0x03, 0x05, 0x05, 0x02, 0x06, 0x02, 0x03, 0x09, 0x03, 0x06, 0x01, 0x04, 0x05, 0x03,
    0x03, 0x05, 0x03, 0x03, 0x03, 0x09, 0x0C, 0x0B, 0x0B, 0x05, 0x04, 0x05, 0x05, 0x02, 0x01, 0x06, 0x01, 0x06, 0x03, 0x05, 0x03, 0x01, 0x01, 0x03,
    0x05, 0x03, 0x02, 0x0B, 0x05, 0x05, 0x02, 0x05, 0x09, 0x05, 0x03, 0x05, 0x05, 0x05, 0x05, 0x05, 0x05, 0x05, 0x05, 0x0B, 0x0E, 0x0D, 0x05, 0x0B,
    0x0C, 0x05, 0x05, 0x0B, 0x05, 0x05, 0x0B, 0x05, 0x05, 0x05, 0x0B, 0x05, 0x05, 0x05, 0x05, 0x0B, 0x0D, 0x0B, 0x0B, 0x0B, 0x05, 0x0B, 0x05, 0x0B,
    0x09, 0x05, 0x09, 0x05, 0x0C, 0x05, 0x01, 0x03, 0x05, 0x05, 0x05, 0x05, 0x05, 0x05, 0x04, 0x06, 0x02, 0x05, 0x0B, 0x0D, 0x0B, 0x09, 0x05, 0x03,
    0x05, 0x05, 0x05, 0x05, 0x02, 0x01, 0x03, 0x0B, 0x0B, 0x0C, 0x0C, 0x0D, 0x0B, 0x0C, 0x0B, 0x05, 0x03, 0x04, 0x06, 0x01, 0x05, 0x05, 0x0B, 0x0B,
    0x0B, 0x03, 0x05, 0x0B, 0x03, 0x05, 0x01, 0x03, 0x05, 0x03, 0x01, 0x04, 0x01, 0x01, 0x01, 0x02, 0x04, 0x03, 0x0B, 0x0B, 0x0B, 0x0B, 0x05, 0x03,
    0x02, 0x05, 0x0B, 0x05, 0x0B, 0x09, 0x05, 0x05, 0x05, 0x03, 0x01, 0x01, 0x05, 0x03, 0x01, 0x06, 0x03, 0x0B, 0x0A, 0x0B, 0x0B, 0x0B, 0x0B, 0x05,
    0x01, 0x01, 0x03, 0x05, 0x05, 0x09, 0x05, 0x05, 0x0B, 0x0C, 0x05, 0x05, 0x05, 0x05, 0x03, 0x05, 0x0B, 0x05, 0x05, 0x05, 0x03, 0x01, 0x01, 0x05,
    0x0B, 0x0B, 0x01, 0x02, 0x09, 0x0D, 0x05, 0x05, 0x03, 0x05, 0x03, 0x05, 0x05, 0x03, 0x03, 0x02, 0x03, 0x05, 0x0B, 0x0C, 0x0F, 0x0F, 0x0C, 0x05,
    0x0B, 0x05, 0x0B, 0x03, 0x01, 0x01, 0x06, 0x01, 0x06, 0x02, 0x05, 0x0B, 0x05, 0x05, 0x0B, 0x01, 0x05, 0x02, 0x01, 0x06, 0x01, 0x04, 0x06, 0x04,
    0x06, 0x01, 0x01, 0x02, 0x03, 0x05, 0x05, 0x05, 0x05, 0x05, 0x05, 0x0B, 0x09, 0x05, 0x05, 0x05, 0x0B, 0x0B, 0x0B, 0x05, 0x01, 0x03, 0x05, 0x05,
    0x05, 0x09, 0x05, 0x0B, 0x05, 0x0B, 0x0B, 0x05, 0x0B, 0x03, 0x05, 0x05, 0x09, 0x02, 0x04, 0x02, 0x03, 0x05, 0x0D, 0x0B, 0x05, 0x03, 0x03, 0x05,
    0x09, 0x03, 0x02, 0x04, 0x04, 0x02, 0x03, 0x03, 0x05, 0x09, 0x05, 0x05, 0x09, 0x05, 0x03, 0x02, 0x03, 0x03, 0x05, 0x0B, 0x0B, 0x0B, 0x05, 0x05,
    0x0B, 0x05, 0x0D, 0x0C, 0x0B, 0x05, 0x05, 0x05, 0x02, 0x05, 0x05, 0x0B, 0x0B, 0x05, 0x0B, 0x09, 0x05, 0x04, 0x06, 0x04, 0x01, 0x05, 0x01, 0x03,
    0x09, 0x09, 0x05, 0x05, 0x03, 0x09, 0x05, 0x05, 0x05, 0x01, 0x02, 0x03, 0x01, 0x09, 0x05, 0x09, 0x05, 0x05, 0x02, 0x01, 0x03, 0x03, 0x05, 0x0C,
    0x0D, 0x0A, 0x0E, 0x05, 0x02, 0x02, 0x05, 0x05, 0x0B, 0x05, 0x0B, 0x09, 0x03, 0x03, 0x03, 0x05, 0x09, 0x09, 0x09, 0x09, 0x05, 0x05, 0x0B, 0x0D,
    0x05, 0x03, 0x05, 0x0B, 0x0D, 0x0C, 0x0B, 0x0D, 0x0B, 0x03, 0x02, 0x03, 0x05, 0x0B, 0x0D, 0x09, 0x03, 0x0B, 0x0B, 0x03, 0x09, 0x0C, 0x0B, 0x02,
    0x03, 0x03, 0x05, 0x02, 0x02, 0x03, 0x05, 0x05, 0x0C, 0x0D, 0x0E, 0x0B, 0x0D, 0x11, 0x11, 0x0F, 0x0E, 0x09, 0x03, 0x05, 0x0C, 0x0B, 0x09, 0x05,
    0x0D, 0x0D, 0x0B, 0x0B, 0x05, 0x02, 0x06, 0x06, 0x04, 0x01, 0x03, 0x01, 0x06, 0x06, 0x06, 0x04, 0x01, 0x03, 0x05, 0x03, 0x05, 0x05, 0x09, 0x05,
    0x03, 0x03, 0x05, 0x0B, 0x0B, 0x03, 0x0B, 0x0D, 0x0B, 0x05, 0x05, 0x05, 0x0B, 0x09, 0x05, 0x05, 0x0B, 0x05, 0x05, 0x0B, 0x09, 0x05, 0x03, 0x05,
    0x05, 0x05, 0x03, 0x01, 0x02, 0x02, 0x02, 0x01, 0x01, 0x05, 0x05, 0x05, 0x05, 0x05, 0x02, 0x01, 0x06, 0x06, 0x06, 0x04, 0x03, 0x03, 0x03, 0x05,
    0x05, 0x02, 0x01, 0x02, 0x03, 0x05, 0x09, 0x05, 0x0B, 0x05, 0x0B, 0x09, 0x09, 0x09, 0x09, 0x0D, 0x0A, 0x0E, 0x09, 0x03, 0x01, 0x06, 0x02, 0x05,
    0x05, 0x05, 0x05, 0x05, 0x0D, 0x0E, 0x0D, 0x0C, 0x05, 0x02, 0x03, 0x02, 0x02, 0x01, 0x03, 0x03, 0x05, 0x03, 0x05, 0x03, 0x0B, 0x0B, 0x0C, 0x05,
    0x09, 0x02, 0x05, 0x0B, 0x05, 0x05, 0x02, 0x05, 0x05, 0x05, 0x0B, 0x0C, 0x0D, 0x0A, 0x0E, 0x0C, 0x03, 0x04, 0x02, 0x05, 0x09, 0x05, 0x05, 0x0D,
    0x04, 0x04, 0x03, 0x03, 0x03, 0x05, 0x05, 0x05, 0x0B, 0x09, 0x05, 0x09, 0x0B, 0x0B, 0x02, 0x02, 0x05, 0x0B, 0x0B, 0x05, 0x0B, 0x0B, 0x05, 0x09,
    0x05, 0x05, 0x02, 0x09, 0x0B, 0x05, 0x0B, 0x05, 0x05, 0x05, 0x0B, 0x03, 0x03, 0x02, 0x01, 0x01, 0x06, 0x06, 0x06, 0x01, 0x01, 0x05, 0x05, 0x05,
    0x09, 0x0B, 0x0D, 0x0F, 0x11, 0x0F, 0x0F, 0x0D, 0x05, 0x05, 0x03, 0x03, 0x05, 0x0B, 0x0F, 0x10, 0x13, 0x10, 0x11, 0x0A, 0x0D, 0x0D, 0x0A, 0x11,
    0x0D, 0x03, 0x01, 0x06, 0x06, 0x06, 0x01, 0x02, 0x02, 0x03, 0x05, 0x05, 0x0B, 0x05, 0x05, 0x0B, 0x05, 0x0D, 0x0B, 0x0D, 0x0A, 0x0D, 0x05, 0x05,
    0x05, 0x0B, 0x0B, 0x05, 0x0B, 0x05, 0x0B, 0x05, 0x05, 0x05, 0x05, 0x05, 0x05, 0x0D, 0x0B, 0x05, 0x09, 0x05, 0x01, 0x03, 0x03, 0x05, 0x05, 0x05,
    0x0B, 0x0B, 0x0F, 0x0D, 0x0D, 0x0D, 0x05, 0x02, 0x01, 0x02, 0x05, 0x05, 0x05, 0x09, 0x09, 0x0B, 0x09, 0x0B, 0x0B, 0x03, 0x0B, 0x05, 0x0B, 0x05,
    0x0B, 0x0D, 0x0C, 0x05, 0x05, 0x0C, 0x0B, 0x03, 0x01, 0x06, 0x01, 0x01, 0x05, 0x05, 0x01, 0x05, 0x05, 0x0B, 0x0C, 0x0B, 0x03, 0x02, 0x05, 0x03,
    0x03, 0x01, 0x05, 0x0C, 0x0D, 0x09, 0x06, 0x01, 0x05, 0x0E, 0x0E, 0x11, 0x0D, 0x0B, 0x05, 0x05, 0x03, 0x03, 0x0B, 0x09, 0x05, 0x05, 0x0B, 0x0B,
    0x0D, 0x0E, 0x09, 0x09, 0x0D, 0x0F, 0x05, 0x05, 0x05, 0x0B, 0x05, 0x05, 0x01, 0x04, 0x01, 0x01, 0x02, 0x01, 0x02, 0x01, 0x02, 0x03, 0x05, 0x05,
    0x05, 0x05, 0x05, 0x05, 0x05, 0x05, 0x05, 0x09, 0x05, 0x05, 0x0B, 0x0B, 0x0B, 0x02, 0x01, 0x01, 0x02, 0x03, 0x0D, 0x0D, 0x0B, 0x0B, 0x0B, 0x0C,
    0x0B, 0x0B, 0x0B, 0x0C, 0x01, 0x03, 0x01, 0x01, 0x02, 0x05, 0x09, 0x05, 0x04, 0x03, 0x05, 0x0D, 0x0C, 0x05, 0x05, 0x03, 0x01, 0x04, 0x04, 0x04,
    0x01, 0x01, 0x05, 0x0B, 0x0E, 0x0D, 0x0D, 0x0C, 0x09, 0x05, 0x0C, 0x0D, 0x0F, 0x0A, 0x0C, 0x03, 0x06, 0x06, 0x06, 0x01, 0x01, 0x01, 0x05, 0x03,
    0x03, 0x03, 0x05, 0x06, 0x05, 0x05, 0x05, 0x05, 0x09, 0x03, 0x05, 0x09, 0x05, 0x05, 0x05, 0x05, 0x05, 0x05, 0x05, 0x05, 0x0B, 0x0C, 0x0B, 0x05,
    0x03, 0x03, 0x05, 0x0B, 0x09, 0x03, 0x02, 0x03, 0x05, 0x0B, 0x0C, 0x0E, 0x0B, 0x05, 0x05, 0x0D, 0x0D, 0x0F, 0x0A, 0x0C, 0x05, 0x02, 0x01, 0x05,
    0x0C, 0x0C, 0x0D, 0x0B, 0x0C, 0x09, 0x09, 0x05, 0x0B, 0x0B, 0x0E, 0x05, 0x0B, 0x05, 0x05, 0x05, 0x05, 0x03, 0x05, 0x05, 0x03, 0x05, 0x05, 0x05,
    0x0B, 0x0C, 0x05, 0x09, 0x02, 0x05, 0x05, 0x05, 0x05, 0x03, 0x02, 0x03, 0x02, 0x03, 0x09, 0x0D, 0x10, 0x12, 0x14, 0x0F, 0x0F, 0x0C, 0x0B, 0x0C,
    0x0F, 0x0B, 0x09, 0x05, 0x0B, 0x05, 0x05, 0x0B, 0x09, 0x03, 0x03, 0x0B, 0x0B, 0x05, 0x09, 0x05, 0x05, 0x05, 0x05, 0x05, 0x05, 0x05, 0x05, 0x05,
    0x03, 0x05, 0x01, 0x06, 0x06, 0x02, 0x02, 0x02, 0x01, 0x01, 0x02, 0x03, 0x03, 0x05, 0x03, 0x05, 0x03, 0x02, 0x03, 0x05, 0x09, 0x03, 0x03, 0x05,
    0x05, 0x05, 0x09, 0x05, 0x02, 0x05, 0x03, 0x0D, 0x0D, 0x0D, 0x0C, 0x0B, 0x05, 0x05, 0x0B, 0x0B, 0x0C, 0x0E, 0x0D, 0x09, 0x05, 0x0B, 0x05, 0x0B,
    0x0B, 0x09, 0x05, 0x0C, 0x0F, 0x0D, 0x0C, 0x0C, 0x09, 0x05, 0x05, 0x05, 0x09, 0x0B, 0x0B, 0x0B, 0x0B, 0x05, 0x0B, 0x05, 0x05, 0x03, 0x01, 0x02,
    0x05, 0x0B, 0x0B, 0x09, 0x05, 0x03, 0x06, 0x06, 0x06, 0x03, 0x03, 0x05, 0x05, 0x05, 0x0E, 0x0B, 0x05, 0x02, 0x05, 0x05, 0x05, 0x05, 0x03, 0x05,
    0x05, 0x0B, 0x0B, 0x09, 0x09, 0x05, 0x0B, 0x05, 0x09, 0x03, 0x03, 0x03, 0x03, 0x02, 0x05, 0x09, 0x05, 0x05, 0x05, 0x0B, 0x03, 0x05, 0x05, 0x05,
    0x0B, 0x0B, 0x09, 0x05, 0x05, 0x05, 0x0B, 0x0D, 0x0B, 0x02, 0x06, 0x04, 0x03, 0x05, 0x05, 0x05, 0x05, 0x05, 0x05, 0x05, 0x0B, 0x0C, 0x05, 0x0B,
    0x05, 0x05, 0x05, 0x0B, 0x02, 0x04, 0x02, 0x02, 0x05, 0x05, 0x0B, 0x0B, 0x0B, 0x0D, 0x0A, 0x0C, 0x03, 0x02, 0x01, 0x06, 0x01, 0x04, 0x06, 0x06,
    0x01, 0x04, 0x03, 0x05, 0x0B, 0x0D, 0x0D, 0x0D, 0x0B, 0x09, 0x05, 0x05, 0x0B, 0x05, 0x0B, 0x05, 0x05, 0x05, 0x0B, 0x05, 0x03, 0x03, 0x05, 0x05,
    0x05, 0x05, 0x05, 0x09, 0x05, 0x05, 0x05, 0x03, 0x03, 0x01, 0x05, 0x05, 0x02, 0x03, 0x03, 0x03, 0x03, 0x02, 0x03, 0x02, 0x01, 0x01, 0x01, 0x01,
    0x01, 0x01, 0x03, 0x03, 0x05, 0x05, 0x05, 0x0B, 0x0D, 0x02, 0x03, 0x03, 0x03, 0x05, 0x05, 0x05, 0x05, 0x05, 0x05, 0x05, 0x05, 0x09, 0x0B, 0x0B,
    0x05, 0x05, 0x05, 0x05, 0x05, 0x05, 0x05, 0x05, 0x05, 0x05, 0x05, 0x05, 0x05, 0x05, 0x0B, 0x05, 0x0B, 0x0C, 0x0D, 0x0E, 0x0D, 0x0D, 0x0D, 0x0C,
    0x0D, 0x0B, 0x0C, 0x0B, 0x0B, 0x05, 0x0B, 0x0B, 0x0B, 0x0C, 0x05, 0x03, 0x0B, 0x0D, 0x0E, 0x0F, 0x0F, 0x0A, 0x0D, 0x05, 0x05, 0x01, 0x03, 0x05,
    0x0C, 0x03, 0x09, 0x0B, 0x0B, 0x0B, 0x05, 0x05, 0x05, 0x05, 0x05, 0x05, 0x05, 0x03, 0x03, 0x03, 0x05, 0x05, 0x09, 0x05, 0x05, 0x05, 0x02, 0x01,
    0x02, 0x03, 0x05, 0x05, 0x09, 0x03, 0x03, 0x05, 0x05, 0x05, 0x05, 0x05, 0x05, 0x02, 0x02, 0x09, 0x05, 0x05, 0x0B, 0x0B, 0x0C, 0x0B, 0x01, 0x06,
    0x01, 0x06, 0x01, 0x03, 0x05, 0x05, 0x0B, 0x05, 0x0B, 0x05, 0x05, 0x05, 0x0B, 0x05, 0x0B, 0x0B, 0x0B, 0x0B, 0x05, 0x05, 0x03, 0x03, 0x03, 0x05,
    0x05, 0x0B, 0x0B, 0x0E, 0x0B, 0x0B, 0x05, 0x05, 0x04, 0x01, 0x06, 0x06, 0x01, 0x06, 0x06, 0x06, 0x01, 0x03, 0x05, 0x05, 0x02, 0x02, 0x02, 0x02,
    0x01, 0x05, 0x0B, 0x05, 0x0B, 0x02, 0x04, 0x05, 0x0B, 0x0B, 0x02, 0x06, 0x06, 0x02, 0x03, 0x03, 0x03, 0x01, 0x05, 0x05, 0x09, 0x0B, 0x05, 0x05,
    0x01, 0x01, 0x05, 0x03, 0x05, 0x03, 0x02, 0x02, 0x05, 0x0B, 0x05, 0x05, 0x03, 0x03, 0x03, 0x03, 0x03, 0x05, 0x0B, 0x0D, 0x0E, 0x0C, 0x05, 0x02,
    0x01, 0x05, 0x05, 0x02, 0x05, 0x01, 0x01, 0x01, 0x01, 0x03, 0x03, 0x05, 0x05, 0x05, 0x05, 0x0B, 0x0B, 0x03, 0x04, 0x01, 0x01, 0x04, 0x01, 0x02,
    0x05, 0x03, 0x03, 0x02, 0x03, 0x02, 0x05, 0x05, 0x05, 0x05, 0x09, 0x05, 0x05, 0x0B, 0x05, 0x05, 0x02, 0x02, 0x03, 0x03, 0x05, 0x0B, 0x0C, 0x05,
    0x05, 0x0B, 0x0B, 0x0B, 0x0B, 0x0B, 0x0D, 0x0D, 0x0B, 0x05, 0x02, 0x03, 0x01, 0x09, 0x09, 0x05, 0x0B, 0x05, 0x09, 0x05, 0x03, 0x05, 0x03, 0x05,
    0x0B, 0x0C, 0x05, 0x05, 0x09, 0x03, 0x04, 0x02, 0x01, 0x04, 0x01, 0x02, 0x02, 0x05, 0x05, 0x05, 0x05, 0x05, 0x05, 0x05, 0x09, 0x05, 0x09, 0x05,
    0x0B, 0x0B, 0x0A, 0x05, 0x05, 0x0B, 0x0B, 0x0C, 0x11, 0x10, 0x10, 0x0A, 0x0D, 0x02, 0x03, 0x05, 0x05, 0x05, 0x0D, 0x0F, 0x0C, 0x05, 0x05, 0x05,
    0x05, 0x05, 0x05, 0x05, 0x03, 0x05, 0x09, 0x05, 0x03, 0x02, 0x01, 0x04, 0x03, 0x03, 0x0B, 0x0C, 0x0D, 0x0B, 0x0D, 0x0B, 0x0B, 0x05, 0x03, 0x0B,
    0x0B, 0x01, 0x06, 0x01, 0x01, 0x06, 0x05, 0x05, 0x05, 0x05, 0x03, 0x03, 0x0B, 0x0B, 0x0B, 0x05, 0x05, 0x0B, 0x05, 0x0C, 0x0B, 0x0B, 0x05, 0x03,
    0x01, 0x01, 0x02, 0x01, 0x01, 0x04, 0x06, 0x03, 0x04, 0x05, 0x09, 0x05, 0x04, 0x02, 0x03, 0x05, 0x02, 0x02, 0x02, 0x02, 0x02, 0x05, 0x0B, 0x0B,
    0x0B, 0x0B, 0x05, 0x0B, 0x05, 0x0B, 0x05, 0x03, 0x05, 0x05, 0x03, 0x02, 0x03, 0x04, 0x04, 0x05, 0x0D, 0x05, 0x05, 0x05, 0x05, 0x01, 0x04, 0x03,
    0x03, 0x03, 0x05, 0x05, 0x0C, 0x0C, 0x05, 0x03, 0x02, 0x02, 0x05, 0x0B, 0x0D, 0x05, 0x05, 0x03, 0x02, 0x01, 0x06, 0x01, 0x06, 0x06, 0x01, 0x01,
    0x03, 0x05, 0x02, 0x02, 0x03, 0x09, 0x03, 0x02, 0x03, 0x03, 0x03, 0x05, 0x05, 0x05, 0x03, 0x02, 0x04, 0x02, 0x03, 0x05, 0x03, 0x03, 0x03, 0x01,
    0x02, 0x05, 0x09, 0x0B, 0x0B, 0x05, 0x09, 0x05, 0x05, 0x05, 0x03, 0x03, 0x03, 0x05, 0x05, 0x05, 0x02, 0x02, 0x03, 0x01, 0x02, 0x03, 0x04, 0x01,
    0x03, 0x05, 0x05, 0x09, 0x05, 0x05, 0x03, 0x05, 0x05, 0x05, 0x05, 0x09, 0x05, 0x0B, 0x0B, 0x05, 0x05, 0x0B, 0x05, 0x05, 0x0B, 0x0E, 0x0D, 0x0A,
    0x0A, 0x0A, 0x03, 0x05, 0x05, 0x0B, 0x05, 0x05, 0x0B, 0x05, 0x05, 0x05, 0x05, 0x05, 0x05, 0x05, 0x0B, 0x0D, 0x0C, 0x0B, 0x0B, 0x05, 0x05, 0x09,
    0x03, 0x05, 0x05, 0x0B, 0x0D, 0x0C, 0x0E, 0x0E, 0x0F, 0x0A, 0x13, 0x10, 0x11, 0x0A, 0x0D, 0x02, 0x06, 0x04, 0x02, 0x05, 0x05, 0x02, 0x03, 0x03,
    0x03, 0x05, 0x05, 0x05, 0x05, 0x05, 0x0B, 0x05, 0x09, 0x05, 0x0B, 0x09, 0x05, 0x05, 0x05, 0x05, 0x05, 0x05, 0x03, 0x02, 0x02, 0x05, 0x05, 0x05,
    0x03, 0x02, 0x03, 0x05, 0x05, 0x03, 0x02, 0x02, 0x02, 0x04, 0x03, 0x03, 0x03, 0x03, 0x05, 0x0B, 0x0B, 0x05, 0x05, 0x04, 0x04, 0x04, 0x06, 0x06,
    0x01, 0x06, 0x06, 0x01, 0x02, 0x02, 0x03, 0x05, 0x05, 0x05, 0x02, 0x02, 0x03, 0x05, 0x05, 0x05, 0x05, 0x05, 0x0C, 0x0D, 0x0B, 0x03, 0x05, 0x03,
    0x0B, 0x0B, 0x05, 0x0B, 0x0B, 0x0B, 0x05, 0x02, 0x06, 0x01, 0x06, 0x06, 0x01, 0x02, 0x04, 0x06, 0x01, 0x09, 0x0B, 0x03, 0x03, 0x01, 0x02, 0x05,
    0x03, 0x03, 0x05, 0x03, 0x01, 0x04, 0x02, 0x02, 0x04, 0x01, 0x02, 0x04, 0x06, 0x06, 0x02, 0x03, 0x03, 0x05, 0x03, 0x09, 0x05, 0x05, 0x03, 0x01,
    0x02, 0x02, 0x03, 0x03, 0x01, 0x01, 0x05, 0x02, 0x03, 0x03, 0x05, 0x05, 0x05, 0x05, 0x05, 0x05, 0x05, 0x05, 0x05, 0x03, 0x02, 0x05, 0x05, 0x05,
    0x05, 0x05, 0x05, 0x09, 0x05, 0x05, 0x03, 0x05, 0x05, 0x05, 0x05, 0x0B, 0x0C, 0x0D, 0x0B, 0x05, 0x05, 0x05, 0x02, 0x01, 0x02, 0x05, 0x05, 0x05,
    0x05, 0x05, 0x0B, 0x0B, 0x05, 0x09, 0x0B, 0x0E, 0x0E, 0x0B, 0x05, 0x05, 0x01, 0x02, 0x05, 0x09, 0x05, 0x05, 0x0B, 0x0D, 0x0D, 0x0C, 0x0B, 0x0C,
    0x0A, 0x10, 0x12, 0x10, 0x0F, 0x05, 0x02, 0x03, 0x03, 0x0B, 0x05, 0x0B, 0x0B, 0x09, 0x01, 0x04, 0x02, 0x05, 0x05, 0x05, 0x05, 0x05, 0x0B, 0x0B,
    0x05, 0x03, 0x03, 0x03, 0x05, 0x0B, 0x0B, 0x01, 0x02, 0x06, 0x03, 0x01, 0x02, 0x03, 0x03, 0x05, 0x05, 0x01, 0x02, 0x01, 0x06, 0x04, 0x01, 0x01,
    0x03, 0x03, 0x03, 0x02, 0x05, 0x09, 0x05, 0x03, 0x03, 0x02, 0x02, 0x01, 0x01, 0x03, 0x04, 0x06, 0x06, 0x06, 0x02, 0x03, 0x03, 0x05, 0x0B, 0x05,
    0x03, 0x03, 0x05, 0x03, 0x09, 0x05, 0x05, 0x0B, 0x05, 0x03, 0x02, 0x05, 0x0C, 0x09, 0x0B, 0x0D, 0x0C, 0x0D, 0x0D, 0x0C, 0x0E, 0x03, 0x06, 0x01,
    0x06, 0x02, 0x03, 0x09, 0x0B, 0x0C, 0x0B, 0x03, 0x02, 0x02, 0x05, 0x05, 0x03, 0x05, 0x0B, 0x0D, 0x11, 0x0D, 0x05, 0x09, 0x05, 0x05, 0x05, 0x05,
    0x03, 0x01, 0x06, 0x01, 0x06, 0x04, 0x01, 0x02, 0x03, 0x03, 0x03, 0x02, 0x01, 0x01, 0x02, 0x01, 0x05, 0x05, 0x05, 0x02, 0x02, 0x03, 0x09, 0x05,
    0x09, 0x05, 0x03, 0x02, 0x02, 0x02, 0x05, 0x03, 0x02, 0x04, 0x06, 0x06, 0x01, 0x02, 0x05, 0x05, 0x03, 0x01, 0x03, 0x05, 0x05, 0x05, 0x05, 0x05,
    0x0B, 0x0B, 0x09, 0x05, 0x05, 0x02, 0x03, 0x03, 0x09, 0x05, 0x05, 0x09, 0x0D, 0x05, 0x0B, 0x05, 0x03, 0x05, 0x0B, 0x0B, 0x0B, 0x0B, 0x02, 0x06,
    0x03, 0x03, 0x09, 0x05, 0x05, 0x09, 0x05, 0x0C, 0x0E, 0x0D, 0x0C, 0x0C, 0x0D, 0x0D, 0x0F, 0x0A, 0x0A, 0x0D, 0x03, 0x01, 0x01, 0x05, 0x0B, 0x05,
    0x0D, 0x05, 0x05, 0x05, 0x05, 0x03, 0x05, 0x03, 0x03, 0x09, 0x0B, 0x05, 0x09, 0x02, 0x04, 0x04, 0x02, 0x05, 0x0B, 0x0F, 0x0E, 0x0D, 0x0C, 0x0C,
    0x02, 0x01, 0x02, 0x03, 0x05, 0x02, 0x02, 0x01, 0x06, 0x01, 0x06, 0x06, 0x06, 0x06, 0x01, 0x06, 0x04, 0x01, 0x03, 0x05, 0x03, 0x05, 0x05, 0x0B,
    0x0C, 0x0D, 0x03, 0x03, 0x06, 0x01, 0x03, 0x05, 0x05, 0x05, 0x0B, 0x05, 0x01, 0x01, 0x06, 0x06, 0x03, 0x09, 0x0D, 0x05, 0x03, 0x05, 0x05, 0x05,
    0x05, 0x05, 0x05, 0x05, 0x05, 0x05, 0x0B, 0x0C, 0x0B, 0x0B, 0x05, 0x03, 0x06, 0x04, 0x09, 0x0D, 0x0D, 0x05, 0x05, 0x03, 0x03, 0x03, 0x02, 0x02,
    0x03, 0x02, 0x03, 0x05, 0x0B, 0x0B, 0x05, 0x05, 0x05, 0x0B, 0x0D, 0x05, 0x0B, 0x05, 0x0C, 0x0B, 0x01, 0x06, 0x06, 0x06, 0x06, 0x01, 0x05, 0x03,
    0x02, 0x03, 0x03, 0x03, 0x05, 0x0B, 0x09, 0x05, 0x05, 0x09, 0x05, 0x05, 0x05, 0x05, 0x0B, 0x09, 0x03, 0x05, 0x05, 0x09, 0x05, 0x05, 0x03, 0x03,
    0x02, 0x02, 0x01, 0x01, 0x04, 0x01, 0x01, 0x03, 0x09, 0x09, 0x05, 0x05, 0x03, 0x0B, 0x0B, 0x05, 0x05, 0x0B, 0x0B, 0x0B, 0x05, 0x06, 0x05, 0x0B,
    0x05, 0x03, 0x05, 0x02, 0x03, 0x0B, 0x0B, 0x03, 0x03, 0x0B, 0x05, 0x01, 0x01, 0x03, 0x09, 0x05, 0x05, 0x03, 0x05, 0x09, 0x09, 0x09, 0x09, 0x05,
    0x05, 0x05, 0x05, 0x0B, 0x0E, 0x0E, 0x0D, 0x09, 0x05, 0x05, 0x0B, 0x05, 0x03, 0x03, 0x0D, 0x0B, 0x0B, 0x05, 0x05, 0x0C, 0x0B, 0x0B, 0x09, 0x05,
    0x03, 0x06, 0x06, 0x03, 0x05, 0x05, 0x05, 0x0B, 0x0C, 0x05, 0x05, 0x09, 0x05, 0x03, 0x05, 0x05, 0x03, 0x03, 0x0B, 0x0B, 0x05, 0x05, 0x01, 0x04,
    0x04, 0x01, 0x06, 0x06, 0x06, 0x06, 0x06, 0x06, 0x01, 0x03, 0x0C, 0x0C, 0x02, 0x03, 0x03, 0x0C, 0x0B, 0x01, 0x01, 0x03, 0x03, 0x03, 0x02, 0x02,
    0x05, 0x03, 0x03, 0x06, 0x06, 0x01, 0x02, 0x03, 0x04, 0x02, 0x02, 0x06, 0x01, 0x02, 0x05, 0x0B, 0x05, 0x09, 0x0B, 0x0E, 0x0F, 0x0D, 0x05, 0x02,
    0x01, 0x06, 0x06, 0x03, 0x03, 0x01, 0x03, 0x02, 0x02, 0x01, 0x02, 0x01, 0x02, 0x02, 0x02, 0x03, 0x02, 0x02, 0x03, 0x03, 0x03, 0x03, 0x05, 0x0B,
    0x05, 0x05, 0x03, 0x05, 0x03, 0x03, 0x02, 0x01, 0x04, 0x02, 0x05, 0x05, 0x05, 0x05, 0x05, 0x03, 0x05, 0x05, 0x0B, 0x0B, 0x05, 0x0B, 0x0B, 0x0B,
    0x05, 0x09, 0x05, 0x05, 0x03, 0x05, 0x05, 0x05, 0x05, 0x02, 0x03, 0x03, 0x03, 0x05, 0x03, 0x01, 0x02, 0x09, 0x03, 0x06, 0x06, 0x06, 0x01, 0x06,
    0x06, 0x01, 0x02, 0x05, 0x05, 0x05, 0x0B, 0x0D, 0x09, 0x0C, 0x09, 0x05, 0x05, 0x05, 0x05, 0x02, 0x01, 0x03, 0x05, 0x05, 0x0B, 0x0D, 0x0C, 0x0C,
    0x05, 0x05, 0x05, 0x09, 0x03, 0x03, 0x03, 0x03, 0x09, 0x05, 0x09, 0x05, 0x01, 0x02, 0x05, 0x05, 0x05, 0x05, 0x05, 0x0B, 0x0E, 0x0D, 0x05, 0x03,
    0x05, 0x05, 0x05, 0x0B, 0x0B, 0x0B, 0x09, 0x05, 0x0B, 0x05, 0x0B, 0x0C, 0x0C, 0x03, 0x05, 0x02, 0x05, 0x05, 0x05, 0x05, 0x05, 0x05, 0x03, 0x05,
    0x03, 0x05, 0x03, 0x03, 0x05, 0x09, 0x03, 0x02, 0x0B, 0x05, 0x03, 0x0D, 0x05, 0x03, 0x03, 0x03, 0x01, 0x01, 0x06, 0x06, 0x04, 0x01, 0x03, 0x02,
    0x06, 0x04, 0x01, 0x0B, 0x0E, 0x09, 0x01, 0x01, 0x03, 0x02, 0x02, 0x04, 0x01, 0x03, 0x03, 0x03, 0x03, 0x03, 0x03, 0x01, 0x02, 0x04, 0x02, 0x02,
    0x01, 0x02, 0x03, 0x05, 0x05, 0x03, 0x05, 0x0C, 0x0D, 0x05, 0x05, 0x0B, 0x0A, 0x01, 0x06, 0x01, 0x06, 0x01, 0x05, 0x06, 0x02, 0x02, 0x05, 0x01,
    0x02, 0x05, 0x01, 0x06, 0x04, 0x03, 0x06, 0x06, 0x04, 0x01, 0x03, 0x0C, 0x0B, 0x0D, 0x0C, 0x0B, 0x03, 0x05, 0x0B, 0x0C, 0x09, 0x05, 0x05, 0x05,
    0x02, 0x01, 0x03, 0x03, 0x05, 0x05, 0x05, 0x05, 0x0B, 0x05, 0x09, 0x05, 0x05, 0x05, 0x05, 0x05, 0x05, 0x05, 0x09, 0x05, 0x05, 0x01, 0x03, 0x0C,
    0x05, 0x02, 0x03, 0x05, 0x05, 0x0B, 0x0B, 0x05, 0x01, 0x03, 0x02, 0x02, 0x01, 0x06, 0x01, 0x01, 0x06, 0x05, 0x03, 0x05, 0x0B, 0x0C, 0x0D, 0x0E,
    0x0D, 0x0D, 0x05, 0x09, 0x04, 0x06, 0x06, 0x06, 0x03, 0x05, 0x05, 0x05, 0x03, 0x05, 0x05, 0x05, 0x05, 0x05, 0x05, 0x02, 0x02, 0x03, 0x01, 0x01,
    0x05, 0x0B, 0x03, 0x02, 0x03, 0x03, 0x01, 0x01, 0x05, 0x05, 0x05, 0x02, 0x03, 0x03, 0x09, 0x05, 0x05, 0x05, 0x0B, 0x0D, 0x09, 0x09, 0x0B, 0x05,
    0x05, 0x09, 0x09, 0x03, 0x09, 0x0B, 0x05, 0x05, 0x05, 0x02, 0x02, 0x03, 0x02, 0x02, 0x03, 0x05, 0x03, 0x01, 0x02, 0x02, 0x03, 0x05, 0x03, 0x03,
    0x05, 0x03, 0x05, 0x0C, 0x0B, 0x0B, 0x0D, 0x05, 0x03, 0x04, 0x04, 0x01, 0x04, 0x06, 0x06, 0x05, 0x09, 0x03, 0x03, 0x03, 0x05, 0x05, 0x03, 0x05,
    0x05, 0x04, 0x04, 0x01, 0x02, 0x03, 0x0B, 0x05, 0x05, 0x03, 0x02, 0x03, 0x01, 0x01, 0x01, 0x02, 0x0B, 0x03, 0x05, 0x0B, 0x0A, 0x0B, 0x02, 0x01,
    0x05, 0x05, 0x0C, 0x05, 0x05, 0x09, 0x03, 0x05, 0x03, 0x05, 0x05, 0x05, 0x0B, 0x0B, 0x05, 0x03, 0x03, 0x02, 0x02, 0x02, 0x01, 0x02, 0x02, 0x03,
    0x05, 0x09, 0x0B, 0x0D, 0x0C, 0x0E, 0x0C, 0x05, 0x09, 0x05, 0x0B, 0x05, 0x09, 0x05, 0x03, 0x03, 0x05, 0x05, 0x05, 0x0B, 0x09, 0x05, 0x09, 0x0B,
    0x05, 0x02, 0x01, 0x03, 0x05, 0x0B, 0x05, 0x03, 0x0B, 0x0D, 0x0B, 0x09, 0x05, 0x02, 0x01, 0x05, 0x05, 0x05, 0x0E, 0x0E, 0x0E, 0x0C, 0x05, 0x05,
    0x03, 0x03, 0x03, 0x02, 0x01, 0x06, 0x06, 0x06, 0x05, 0x05, 0x05, 0x05, 0x0D, 0x09, 0x0D, 0x0B, 0x09, 0x05, 0x05, 0x03, 0x05, 0x05, 0x0B, 0x05,
    0x05, 0x03, 0x05, 0x05, 0x05, 0x03, 0x0B, 0x0B, 0x03, 0x03, 0x02, 0x01, 0x05, 0x0C, 0x0B, 0x0B, 0x05, 0x0B, 0x05, 0x05, 0x05, 0x05, 0x05, 0x05,
    0x02, 0x03, 0x05, 0x0B, 0x05, 0x0B, 0x05, 0x05, 0x05, 0x0B, 0x0B, 0x05, 0x03, 0x03, 0x02, 0x05, 0x0B, 0x05, 0x05, 0x05, 0x0C, 0x09, 0x05, 0x05,
    0x01, 0x02, 0x02, 0x01, 0x01, 0x01, 0x01, 0x05, 0x09, 0x05, 0x05, 0x05, 0x05, 0x05, 0x05, 0x05, 0x05, 0x05, 0x05, 0x02, 0x05, 0x03, 0x01, 0x01,
    0x03, 0x02, 0x03, 0x0C, 0x0B, 0x05, 0x05, 0x0B, 0x03, 0x03, 0x05, 0x0B, 0x0B, 0x0B, 0x05, 0x03, 0x01, 0x03, 0x03, 0x0B, 0x09, 0x03, 0x09, 0x0B,
    0x0D, 0x0C, 0x0B, 0x02, 0x04, 0x02, 0x05, 0x03, 0x0B, 0x0F, 0x12, 0x11, 0x01, 0x01, 0x05, 0x0D, 0x0D, 0x0B, 0x02, 0x06, 0x01, 0x01, 0x05, 0x0B,
    0x0B, 0x0B, 0x0B, 0x0B, 0x0B, 0x05, 0x05, 0x0B, 0x05, 0x03, 0x01, 0x03, 0x03, 0x05, 0x0B, 0x05, 0x05, 0x05, 0x05, 0x0D, 0x0B, 0x05, 0x05, 0x05,
    0x09, 0x09, 0x05, 0x05, 0x05, 0x05, 0x05, 0x05, 0x09, 0x05, 0x05, 0x05, 0x05, 0x06, 0x01, 0x01, 0x05, 0x05, 0x09, 0x05, 0x03, 0x05, 0x05, 0x0B,
    0x05, 0x06, 0x01, 0x06, 0x01, 0x04, 0x05, 0x0D, 0x0C, 0x0D, 0x0D, 0x0C, 0x0C, 0x0C, 0x0E, 0x0E, 0x05, 0x05, 0x02, 0x06, 0x02, 0x02, 0x02, 0x01,
    0x05, 0x05, 0x05, 0x0E, 0x0A, 0x0B, 0x02, 0x01, 0x09, 0x0B, 0x0B, 0x0D, 0x0C, 0x0B, 0x0B, 0x05, 0x05, 0x0C, 0x05, 0x09, 0x03, 0x01, 0x04, 0x03,
    0x05, 0x05, 0x05, 0x0B, 0x03, 0x02, 0x05, 0x05, 0x09, 0x05, 0x05, 0x05, 0x03, 0x05, 0x02, 0x05, 0x05, 0x05, 0x05, 0x05, 0x05, 0x05, 0x05, 0x05,
    0x03, 0x03, 0x03, 0x05, 0x05, 0x03, 0x02, 0x05, 0x05, 0x0B, 0x05, 0x05, 0x02, 0x05, 0x01, 0x02, 0x02, 0x01, 0x01, 0x01, 0x03, 0x05, 0x05, 0x09,
    0x0B, 0x0C, 0x0B, 0x05, 0x05, 0x09, 0x05, 0x03, 0x02, 0x05, 0x05, 0x03, 0x03, 0x05, 0x05, 0x03, 0x03, 0x05, 0x05, 0x0B, 0x0B, 0x05, 0x05, 0x05,
    0x05, 0x0B, 0x0D, 0x05, 0x02, 0x02, 0x05, 0x03, 0x02, 0x01, 0x03, 0x02, 0x05, 0x0B, 0x0B, 0x03, 0x06, 0x01, 0x03, 0x05, 0x03, 0x05, 0x0B, 0x0C,
    0x05, 0x05, 0x05, 0x0B, 0x0D, 0x0C, 0x0B, 0x03, 0x06, 0x04, 0x03, 0x05, 0x05, 0x0B, 0x05, 0x05, 0x03, 0x05, 0x05, 0x03, 0x03, 0x03, 0x03, 0x03,
    0x05, 0x03, 0x03, 0x03, 0x05, 0x0B, 0x05, 0x03, 0x05, 0x05, 0x05, 0x05, 0x05, 0x0B, 0x0B, 0x05, 0x05, 0x05, 0x05, 0x09, 0x05, 0x05, 0x05, 0x05,
    0x05, 0x05, 0x09, 0x06, 0x04, 0x03, 0x03, 0x03, 0x03, 0x09, 0x09, 0x05, 0x09, 0x0B, 0x05, 0x01, 0x06, 0x06, 0x01, 0x04, 0x03, 0x0B, 0x0D, 0x0D,
    0x0D, 0x0D, 0x0D, 0x0A, 0x0A, 0x0D, 0x05, 0x03, 0x06, 0x01, 0x02, 0x03, 0x01, 0x03, 0x05, 0x09, 0x0C, 0x0B, 0x09, 0x05, 0x05, 0x05, 0x0C, 0x0E,
    0x09, 0x09, 0x03, 0x05, 0x03, 0x03, 0x05, 0x05, 0x03, 0x01, 0x03, 0x03, 0x01, 0x02, 0x05, 0x05, 0x05, 0x04, 0x06, 0x04, 0x05, 0x05, 0x02, 0x05,
    0x05, 0x05, 0x03, 0x03, 0x01, 0x03, 0x02, 0x01, 0x05, 0x05, 0x05, 0x05, 0x0B, 0x05, 0x02, 0x03, 0x02, 0x03, 0x05, 0x03, 0x02, 0x03, 0x09, 0x05,
    0x06, 0x06, 0x01, 0x02, 0x02, 0x03, 0x03, 0x0B, 0x02, 0x03, 0x03, 0x05, 0x05, 0x03, 0x02, 0x05, 0x03, 0x05, 0x05, 0x05, 0x03, 0x03, 0x03, 0x03,
    0x03, 0x02, 0x03, 0x02, 0x01, 0x02, 0x03, 0x03, 0x05, 0x0B, 0x0B, 0x09, 0x05, 0x03, 0x03, 0x03, 0x04, 0x06, 0x02, 0x01, 0x06, 0x05, 0x04, 0x02,
    0x05, 0x09, 0x05, 0x05, 0x02, 0x03, 0x02, 0x03, 0x03, 0x05, 0x03, 0x03, 0x05, 0x05, 0x03, 0x05, 0x0B, 0x05, 0x0F, 0x13, 0x11, 0x0D, 0x05, 0x03,
    0x05, 0x05, 0x03, 0x04, 0x04, 0x01, 0x02, 0x02, 0x03, 0x03, 0x05, 0x05, 0x09, 0x03, 0x03, 0x05, 0x05, 0x05, 0x0B, 0x05, 0x0B, 0x03, 0x03, 0x05,
    0x05, 0x0B, 0x0B, 0x05, 0x05, 0x05, 0x05, 0x05, 0x09, 0x0B, 0x05, 0x05, 0x03, 0x0B, 0x0B, 0x02, 0x02, 0x01, 0x01, 0x01, 0x04, 0x06, 0x01, 0x05,
    0x0D, 0x0A, 0x13, 0x13, 0x0D, 0x03, 0x04, 0x01, 0x02, 0x03, 0x0B, 0x0D, 0x0C, 0x05, 0x03, 0x0B, 0x11, 0x0D, 0x05, 0x0B, 0x05, 0x01, 0x01, 0x05,
    0x05, 0x02, 0x01, 0x02, 0x0B, 0x0D, 0x0D, 0x05, 0x0B, 0x09, 0x05, 0x05, 0x0D, 0x05, 0x05, 0x05, 0x05, 0x05, 0x01, 0x01, 0x02, 0x02, 0x05, 0x03,
    0x02, 0x02, 0x03, 0x05, 0x05, 0x09, 0x0B, 0x05, 0x04, 0x01, 0x09, 0x05, 0x03, 0x05, 0x03, 0x03, 0x05, 0x03, 0x05, 0x02, 0x05, 0x05, 0x0B, 0x0C,
    0x0B, 0x05, 0x03, 0x03, 0x03, 0x05, 0x0B, 0x03, 0x06, 0x03, 0x03, 0x03, 0x06, 0x04, 0x04, 0x01, 0x02, 0x03, 0x03, 0x02, 0x03, 0x03, 0x03, 0x05,
    0x05, 0x03, 0x02, 0x05, 0x05, 0x05, 0x05, 0x03, 0x02, 0x06, 0x06, 0x04, 0x06, 0x04, 0x05, 0x04, 0x02, 0x01, 0x03, 0x05, 0x05, 0x03, 0x05, 0x05,
    0x05, 0x02, 0x02, 0x02, 0x02, 0x01, 0x01, 0x02, 0x05, 0x05, 0x01, 0x06, 0x03, 0x03, 0x01, 0x03, 0x05, 0x0D, 0x05, 0x05, 0x05, 0x03, 0x03, 0x02,
    0x03, 0x05, 0x05, 0x0B, 0x03, 0x01, 0x02, 0x0B, 0x0B, 0x05, 0x03, 0x02, 0x02, 0x02, 0x05, 0x03, 0x03, 0x03, 0x02, 0x02, 0x03, 0x02, 0x05, 0x05,
    0x05, 0x09, 0x05, 0x03, 0x05, 0x05, 0x05, 0x05, 0x05, 0x05, 0x09, 0x05, 0x05, 0x05, 0x05, 0x05, 0x02, 0x03, 0x09, 0x02, 0x05, 0x05, 0x05, 0x05,
    0x05, 0x05, 0x05, 0x0B, 0x09, 0x04, 0x04, 0x02, 0x02, 0x03, 0x01, 0x04, 0x01, 0x05, 0x0B, 0x0B, 0x0D, 0x0D, 0x0D, 0x05, 0x04, 0x01, 0x02, 0x05,
    0x0C, 0x0D, 0x0B, 0x05, 0x05, 0x05, 0x05, 0x0B, 0x0B, 0x05, 0x05, 0x03, 0x02, 0x03, 0x05, 0x03, 0x05, 0x05, 0x09, 0x0B, 0x05, 0x0B, 0x05, 0x09,
    0x0B, 0x05, 0x09, 0x05, 0x0D, 0x0B, 0x05, 0x03, 0x02, 0x01, 0x05, 0x02, 0x02, 0x02, 0x03, 0x05, 0x0B, 0x0B, 0x05, 0x05, 0x05, 0x03, 0x03, 0x05,
    0x02, 0x02, 0x05, 0x05, 0x02, 0x03, 0x05, 0x05, 0x05, 0x09, 0x05, 0x09, 0x0B, 0x05, 0x03, 0x02, 0x01, 0x05, 0x09, 0x05, 0x03, 0x01, 0x03, 0x02,
    0x04, 0x06, 0x06, 0x06, 0x04, 0x06, 0x06, 0x01, 0x06, 0x01, 0x02, 0x03, 0x03, 0x02, 0x02, 0x02, 0x05, 0x05, 0x05, 0x05, 0x05, 0x05, 0x04, 0x01,
    0x02, 0x02, 0x03, 0x03, 0x05, 0x05, 0x05, 0x03, 0x03, 0x03, 0x05, 0x0B, 0x05, 0x01, 0x01, 0x03, 0x05, 0x05, 0x04, 0x02, 0x09, 0x0C, 0x03, 0x02,
    0x01, 0x03, 0x05, 0x0B, 0x0B, 0x0B, 0x03, 0x03, 0x05, 0x03, 0x01, 0x01, 0x05, 0x05, 0x05, 0x0B, 0x05, 0x05, 0x02, 0x09, 0x05, 0x05, 0x04, 0x04,
    0x06, 0x04, 0x03, 0x03, 0x05, 0x05, 0x05, 0x05, 0x05, 0x03, 0x09, 0x0B, 0x09, 0x05, 0x05, 0x09, 0x05, 0x01, 0x01, 0x03, 0x05, 0x05, 0x05, 0x0B,
    0x09, 0x05, 0x05, 0x05, 0x0B, 0x05, 0x05, 0x05, 0x0B, 0x0B, 0x0B, 0x0B, 0x0B, 0x02, 0x05, 0x05, 0x05, 0x01, 0x02, 0x03, 0x0B, 0x0D, 0x09, 0x05,
    0x05, 0x05, 0x0B, 0x0E, 0x10, 0x10, 0x11, 0x0D, 0x02, 0x01, 0x06, 0x01, 0x05, 0x09, 0x0B, 0x03, 0x02, 0x03, 0x05, 0x05, 0x03, 0x03, 0x05, 0x02,
    0x02, 0x02, 0x05, 0x05, 0x02, 0x05, 0x0B, 0x09, 0x03, 0x03, 0x05, 0x05, 0x02, 0x04, 0x04, 0x02, 0x03, 0x05, 0x05, 0x05, 0x05, 0x05, 0x09, 0x03,
    0x03, 0x03, 0x03, 0x05, 0x05, 0x0C, 0x0D, 0x0D, 0x09, 0x05, 0x09, 0x05, 0x0B, 0x03, 0x0B, 0x05, 0x03, 0x05, 0x05, 0x0B, 0x05, 0x05, 0x05, 0x05,
    0x03, 0x05, 0x03, 0x02, 0x02, 0x0B, 0x0B, 0x05, 0x03, 0x02, 0x04, 0x04, 0x04, 0x04, 0x06, 0x04, 0x06, 0x01, 0x04, 0x06, 0x06, 0x06, 0x01, 0x02,
    0x01, 0x01, 0x02, 0x02, 0x02, 0x05, 0x05, 0x0B, 0x05, 0x0C, 0x0B, 0x05, 0x03, 0x01, 0x06, 0x06, 0x02, 0x06, 0x01, 0x02, 0x01, 0x02, 0x02, 0x09,
    0x0B, 0x05, 0x05, 0x03, 0x05, 0x05, 0x09, 0x03, 0x05, 0x05, 0x05, 0x03, 0x02, 0x02, 0x01, 0x05, 0x05, 0x0B, 0x0C, 0x0C, 0x05, 0x05, 0x03, 0x05,
    0x05, 0x05, 0x05, 0x0C, 0x05, 0x05, 0x01, 0x01, 0x05, 0x05, 0x02, 0x04, 0x01, 0x03, 0x05, 0x0C, 0x0D, 0x05, 0x0B, 0x0B, 0x0B, 0x05, 0x05, 0x0B,
    0x05, 0x05, 0x03, 0x05, 0x03, 0x05, 0x0B, 0x0B, 0x02, 0x05, 0x05, 0x05, 0x05, 0x05, 0x05, 0x05, 0x0B, 0x0B, 0x05, 0x05, 0x05, 0x03, 0x05, 0x05,
    0x05, 0x02, 0x05, 0x05, 0x03, 0x02, 0x05, 0x05, 0x05, 0x05, 0x0B, 0x09, 0x05, 0x05, 0x03, 0x05, 0x0D, 0x0C, 0x05, 0x0B, 0x0D, 0x0B, 0x03, 0x02,
    0x05, 0x05, 0x05, 0x05, 0x03, 0x03, 0x05, 0x02, 0x06, 0x01, 0x03, 0x05, 0x05, 0x03, 0x02, 0x03, 0x09, 0x0B, 0x09, 0x0B, 0x05, 0x05, 0x05, 0x03,
    0x06, 0x04, 0x01, 0x05, 0x0C, 0x01, 0x03, 0x05, 0x0D, 0x0D, 0x0C, 0x0C, 0x0B, 0x05, 0x05, 0x03, 0x05, 0x0B, 0x0D, 0x0D, 0x0C, 0x03, 0x03, 0x0B,
    0x0E, 0x0D, 0x09, 0x05, 0x05, 0x05, 0x05, 0x09, 0x0B, 0x05, 0x05, 0x05, 0x05, 0x05, 0x05, 0x02, 0x05, 0x03, 0x03, 0x02, 0x01, 0x03, 0x04, 0x04,
    0x05, 0x03, 0x01, 0x04, 0x06, 0x06, 0x03, 0x02, 0x01, 0x01, 0x03, 0x0B, 0x09, 0x09, 0x03, 0x01, 0x02, 0x05, 0x05, 0x05, 0x0C, 0x0D, 0x0C, 0x0B,
    0x05, 0x0B, 0x02, 0x06, 0x06, 0x04, 0x06, 0x04, 0x02, 0x03, 0x01, 0x01, 0x03, 0x03, 0x02, 0x02, 0x05, 0x0B, 0x05, 0x0B, 0x05, 0x05, 0x05, 0x01,
    0x02, 0x01, 0x06, 0x02, 0x03, 0x03, 0x05, 0x09, 0x0D, 0x0D, 0x0D, 0x0C, 0x05, 0x0B, 0x05, 0x02, 0x02, 0x03, 0x05, 0x02, 0x03, 0x05, 0x09, 0x0B,
    0x0B, 0x03, 0x05, 0x05, 0x03, 0x05, 0x05, 0x0B, 0x05, 0x05, 0x05, 0x0B, 0x05, 0x09, 0x03, 0x09, 0x05, 0x05, 0x09, 0x05, 0x05, 0x05, 0x05, 0x05,
    0x05, 0x05, 0x03, 0x03, 0x01, 0x03, 0x02, 0x02, 0x02, 0x02, 0x03, 0x05, 0x0C, 0x05, 0x01, 0x04, 0x01, 0x03, 0x05, 0x03, 0x02, 0x04, 0x02, 0x03,
    0x02, 0x04, 0x04, 0x03, 0x05, 0x05, 0x01, 0x02, 0x09, 0x0E, 0x0B, 0x03, 0x03, 0x03, 0x05, 0x05, 0x05, 0x05, 0x09, 0x0B, 0x01, 0x02, 0x04, 0x03,
    0x03, 0x02, 0x02, 0x02, 0x04, 0x02, 0x05, 0x05, 0x05, 0x05, 0x05, 0x0B, 0x0A, 0x0C, 0x05, 0x05, 0x03, 0x03, 0x03, 0x05, 0x0B, 0x0F, 0x0F, 0x0C,
    0x0B, 0x05, 0x02, 0x03, 0x05, 0x09, 0x09, 0x05, 0x03, 0x05, 0x05, 0x03, 0x05, 0x0D, 0x0B, 0x0B, 0x09, 0x05, 0x0B, 0x05, 0x03, 0x05, 0x05, 0x05,
    0x05, 0x02, 0x02, 0x01, 0x02, 0x01, 0x02, 0x02, 0x02, 0x02, 0x03, 0x01, 0x0B, 0x0B, 0x05, 0x05, 0x09, 0x0B, 0x0B, 0x0B, 0x0E, 0x03, 0x02, 0x01,
    0x02, 0x04, 0x04, 0x01, 0x02, 0x03, 0x03, 0x05, 0x05, 0x05, 0x0E, 0x0A, 0x0E, 0x0E, 0x11, 0x09, 0x04, 0x03, 0x03, 0x01, 0x01, 0x04, 0x01, 0x01,
    0x01, 0x04, 0x01, 0x02, 0x09, 0x0B, 0x03, 0x02, 0x02, 0x03, 0x02, 0x0B, 0x03, 0x02, 0x03, 0x04, 0x02, 0x01, 0x01, 0x03, 0x05, 0x05, 0x03, 0x05,
    0x03, 0x03, 0x05, 0x05, 0x09, 0x01, 0x05, 0x0B, 0x03, 0x02, 0x05, 0x09, 0x03, 0x03, 0x03, 0x05, 0x05, 0x03, 0x05, 0x09, 0x05, 0x05, 0x05, 0x03,
    0x01, 0x03, 0x04, 0x02, 0x05, 0x09, 0x03, 0x05, 0x05, 0x03, 0x05, 0x03, 0x03, 0x03, 0x02, 0x02, 0x02, 0x03, 0x03, 0x09, 0x03, 0x04, 0x01, 0x06,
    0x01, 0x06, 0x06, 0x01, 0x01, 0x05, 0x03, 0x05, 0x05, 0x0B, 0x02, 0x06, 0x01, 0x06, 0x01, 0x01, 0x09, 0x0E, 0x05, 0x05, 0x03, 0x05, 0x02, 0x02,
    0x02, 0x02, 0x03, 0x05, 0x03, 0x05, 0x0B, 0x0B, 0x0C, 0x05, 0x01, 0x04, 0x03, 0x02, 0x02, 0x06, 0x01, 0x06, 0x02, 0x02, 0x01, 0x05, 0x0D, 0x0C,
    0x0C, 0x0A, 0x0D, 0x09, 0x05, 0x05, 0x05, 0x05, 0x03, 0x05, 0x05, 0x05, 0x0B, 0x0C, 0x0B, 0x0C, 0x0C, 0x09, 0x05, 0x05, 0x0B, 0x0B, 0x0D, 0x0C,
    0x0D, 0x0F, 0x0F, 0x0C, 0x0D, 0x09, 0x0B, 0x03, 0x03, 0x05, 0x05, 0x03, 0x02, 0x04, 0x06, 0x01, 0x02, 0x02, 0x02, 0x02, 0x03, 0x03, 0x03, 0x02,
    0x05, 0x0B, 0x0B, 0x05, 0x03, 0x02, 0x01, 0x01, 0x01, 0x01, 0x06, 0x01, 0x01, 0x06, 0x04, 0x01, 0x01, 0x02, 0x02, 0x05, 0x0E, 0x0A, 0x0D, 0x0B,
    0x0B, 0x0D, 0x0F, 0x0C, 0x0B, 0x05, 0x0B, 0x05, 0x01, 0x06, 0x04, 0x01, 0x02, 0x04, 0x04, 0x02, 0x02, 0x03, 0x03, 0x03, 0x05, 0x03, 0x03, 0x03,
    0x02, 0x05, 0x03, 0x02, 0x03, 0x04, 0x01, 0x02, 0x02, 0x02, 0x03, 0x05, 0x02, 0x01, 0x03, 0x03, 0x02, 0x02, 0x05, 0x02, 0x02, 0x05, 0x02, 0x03,
    0x03, 0x03, 0x03, 0x05, 0x0C, 0x0B, 0x05, 0x05, 0x0B, 0x02, 0x02, 0x03, 0x05, 0x05, 0x02, 0x01, 0x03, 0x05, 0x05, 0x03, 0x02, 0x01, 0x02, 0x02,
    0x03, 0x03, 0x01, 0x04, 0x02, 0x03, 0x03, 0x05, 0x05, 0x01, 0x01, 0x06, 0x06, 0x03, 0x0B, 0x0B, 0x0D, 0x05, 0x09, 0x0B, 0x0B, 0x0F, 0x0A, 0x0F,
    0x0E, 0x0D, 0x05, 0x04, 0x02, 0x0B, 0x0E, 0x05, 0x01, 0x04, 0x03, 0x05, 0x05, 0x03, 0x03, 0x03, 0x05, 0x05, 0x09, 0x0C, 0x0B, 0x03, 0x05, 0x06,
    0x03, 0x05, 0x01, 0x05, 0x03, 0x01, 0x02, 0x05, 0x03, 0x05, 0x0B, 0x0B, 0x0D, 0x0B, 0x0B, 0x05, 0x03, 0x03, 0x05, 0x01, 0x05, 0x05, 0x03, 0x05,
    0x0B, 0x0D, 0x0A, 0x0A, 0x0E, 0x0B, 0x05, 0x05, 0x05, 0x05, 0x05, 0x05, 0x05, 0x05, 0x05, 0x0D, 0x0C, 0x09, 0x05, 0x05, 0x03, 0x03, 0x05, 0x05,
    0x03, 0x02, 0x02, 0x04, 0x01, 0x02, 0x03, 0x03, 0x02, 0x02, 0x0B, 0x0C, 0x02, 0x0B, 0x05, 0x03, 0x02, 0x06, 0x06, 0x02, 0x05, 0x01, 0x06, 0x06,
    0x06, 0x01, 0x05, 0x03, 0x01, 0x04, 0x01, 0x04, 0x01, 0x03, 0x03, 0x05, 0x05, 0x05, 0x05, 0x03, 0x09, 0x0B, 0x0F, 0x0D, 0x05, 0x01, 0x01, 0x04,
    0x01, 0x02, 0x03, 0x02, 0x01, 0x03, 0x03, 0x03, 0x09, 0x03, 0x05, 0x03, 0x01, 0x05, 0x05, 0x03, 0x06, 0x01, 0x06, 0x01, 0x02, 0x03, 0x03, 0x03,
    0x05, 0x05, 0x02, 0x01, 0x03, 0x05, 0x02, 0x01, 0x05, 0x02, 0x02, 0x01, 0x03, 0x03, 0x03, 0x03, 0x05, 0x05, 0x03, 0x01, 0x02, 0x02, 0x02, 0x03,
    0x09, 0x05, 0x01, 0x02, 0x03, 0x05, 0x03, 0x02, 0x02, 0x02, 0x02, 0x03, 0x03, 0x03, 0x03, 0x03, 0x01, 0x06, 0x06, 0x01, 0x05, 0x06, 0x05, 0x0B,
    0x0C, 0x0D, 0x0E, 0x11, 0x0C, 0x0B, 0x0D, 0x0B, 0x0B, 0x0E, 0x0D, 0x0D, 0x0D, 0x0D, 0x0B, 0x02, 0x05, 0x05, 0x05, 0x0B, 0x0D, 0x0F, 0x0E, 0x05,
    0x05, 0x05, 0x02, 0x02, 0x03, 0x05, 0x0B, 0x0B, 0x0B, 0x0B, 0x03, 0x05, 0x03, 0x05, 0x03, 0x03, 0x03, 0x03, 0x03, 0x03, 0x05, 0x05, 0x09, 0x05,
    0x0B, 0x0B, 0x0B, 0x0D, 0x05, 0x0B, 0x05, 0x05, 0x05, 0x03, 0x05, 0x05, 0x05, 0x05, 0x05, 0x09, 0x05, 0x05, 0x0B, 0x05, 0x0B, 0x05, 0x0D, 0x0C,
    0x02, 0x05, 0x05, 0x0C, 0x0B, 0x05, 0x03, 0x03, 0x05, 0x05, 0x02, 0x02, 0x03, 0x03, 0x05, 0x03, 0x01, 0x04, 0x02, 0x05, 0x05, 0x01, 0x02, 0x02,
    0x05, 0x0C, 0x0D, 0x0C, 0x0B, 0x05, 0x0B, 0x01, 0x05, 0x05, 0x05, 0x05, 0x05, 0x06, 0x06, 0x06, 0x04, 0x01, 0x04, 0x04, 0x02, 0x05, 0x05, 0x05,
    0x03, 0x02, 0x03, 0x03, 0x05, 0x09, 0x0D, 0x0F, 0x0D, 0x0D, 0x09, 0x03, 0x03, 0x02, 0x03, 0x03, 0x06, 0x02, 0x03, 0x02, 0x02, 0x02, 0x05, 0x0B,
    0x0C, 0x09, 0x0B, 0x05, 0x05, 0x03, 0x02, 0x02, 0x02, 0x03, 0x03, 0x05, 0x05, 0x0B, 0x0B, 0x0C, 0x05, 0x05, 0x03, 0x05, 0x05, 0x02, 0x03, 0x03,
    0x03, 0x03, 0x03, 0x03, 0x05, 0x03, 0x03, 0x0B, 0x09, 0x09, 0x0B, 0x0B, 0x03, 0x02, 0x05, 0x0B, 0x05, 0x01, 0x02, 0x02, 0x03, 0x02, 0x05, 0x05,
    0x03, 0x02, 0x01, 0x01, 0x01, 0x03, 0x01, 0x04, 0x05, 0x0F, 0x10, 0x13, 0x12, 0x10, 0x0D, 0x0C, 0x0C, 0x0F, 0x0F, 0x0D, 0x0D, 0x0B, 0x05, 0x0B,
    0x0B, 0x0B, 0x05, 0x06, 0x01, 0x01, 0x01, 0x05, 0x09, 0x0B, 0x0E, 0x0F, 0x0F, 0x0D, 0x0B, 0x09, 0x03, 0x03, 0x05, 0x05, 0x0C, 0x0C, 0x0D, 0x0C,
    0x03, 0x05, 0x03, 0x05, 0x05, 0x05, 0x03, 0x05, 0x05, 0x05, 0x05, 0x0D, 0x09, 0x09, 0x05, 0x05, 0x05, 0x05, 0x05, 0x05, 0x05, 0x05, 0x03, 0x02,
    0x05, 0x01, 0x01, 0x01, 0x04, 0x01, 0x03, 0x05, 0x05, 0x0B, 0x0B, 0x0B, 0x03, 0x03, 0x05, 0x05, 0x05, 0x0B, 0x09, 0x05, 0x05, 0x05, 0x02, 0x02,
    0x03, 0x03, 0x02, 0x01, 0x04, 0x01, 0x01, 0x01, 0x01, 0x03, 0x03, 0x05, 0x05, 0x05, 0x0B, 0x05, 0x05, 0x05, 0x03, 0x05, 0x0D, 0x0B, 0x05, 0x05,
    0x05, 0x05, 0x05, 0x02, 0x01, 0x02, 0x03, 0x03, 0x02, 0x02, 0x02, 0x05, 0x02, 0x04, 0x01, 0x02, 0x03, 0x05, 0x05, 0x05, 0x03, 0x0C, 0x0B, 0x05,
    0x03, 0x0B, 0x0B, 0x01, 0x02, 0x01, 0x01, 0x02, 0x02, 0x03, 0x02, 0x02, 0x03, 0x03, 0x05, 0x03, 0x05, 0x05, 0x03, 0x01, 0x01, 0x02, 0x03, 0x02,
    0x02, 0x03, 0x05, 0x05, 0x05, 0x05, 0x03, 0x05, 0x02, 0x05, 0x0D, 0x05, 0x03, 0x0B, 0x05, 0x05, 0x05, 0x05, 0x05, 0x03, 0x05, 0x05, 0x05, 0x05,
    0x05, 0x05, 0x09, 0x0C, 0x05, 0x03, 0x03, 0x02, 0x02, 0x03, 0x03, 0x03, 0x05, 0x03, 0x01, 0x03, 0x0B, 0x0D, 0x0D, 0x0D, 0x0B, 0x0A, 0x11, 0x0A,
    0x0E, 0x0F, 0x0D, 0x0B, 0x0B, 0x0B, 0x0B, 0x0C, 0x0B, 0x0B, 0x05, 0x0B, 0x0B, 0x0D, 0x0B, 0x0A, 0x05, 0x01, 0x03, 0x0B, 0x05, 0x03, 0x05, 0x05,
    0x0B, 0x0B, 0x0C, 0x05, 0x05, 0x05, 0x01, 0x03, 0x05, 0x05, 0x05, 0x09, 0x03, 0x05, 0x0B, 0x05, 0x05, 0x03, 0x03, 0x03, 0x01, 0x06, 0x06, 0x02,
    0x05, 0x05, 0x05, 0x09, 0x05, 0x0B, 0x0D, 0x0D, 0x03, 0x03, 0x02, 0x05, 0x09, 0x0B, 0x09, 0x03, 0x05, 0x05, 0x05, 0x03, 0x0B, 0x0C, 0x0B, 0x0B,
    0x0E, 0x05, 0x03, 0x02, 0x03, 0x02, 0x03, 0x05, 0x05, 0x03, 0x03, 0x03, 0x03, 0x03, 0x03, 0x03, 0x03, 0x03, 0x03, 0x03, 0x03, 0x03, 0x03, 0x05,
    0x03, 0x05, 0x03, 0x05, 0x05, 0x05, 0x05, 0x0D, 0x0D, 0x0F, 0x09, 0x0B, 0x0B, 0x0C, 0x0C, 0x03, 0x02, 0x02, 0x03, 0x04, 0x01, 0x04, 0x02, 0x02,
    0x02, 0x02, 0x02, 0x01, 0x02, 0x03, 0x04, 0x01, 0x03, 0x05, 0x05, 0x05, 0x0D, 0x0E, 0x0D, 0x0B, 0x05, 0x03, 0x03, 0x03, 0x02, 0x03, 0x02, 0x03,
    0x03, 0x02, 0x05, 0x05, 0x05, 0x0B, 0x0B, 0x05, 0x02, 0x02, 0x02, 0x02, 0x03, 0x05, 0x05, 0x05, 0x03, 0x03, 0x05, 0x0B, 0x0B, 0x05, 0x03, 0x03,
    0x03, 0x05, 0x05, 0x02, 0x02, 0x01, 0x04, 0x03, 0x05, 0x05, 0x05, 0x03, 0x01, 0x02, 0x0B, 0x0B, 0x0B, 0x0B, 0x0B, 0x0B, 0x05, 0x05, 0x05, 0x05,
    0x03, 0x05, 0x09, 0x0B, 0x0B, 0x0E, 0x0F, 0x05, 0x05, 0x0B, 0x0C, 0x0B, 0x0B, 0x0C, 0x0B, 0x0B, 0x0B, 0x05, 0x05, 0x0B, 0x0D, 0x0B, 0x0B, 0x05,
    0x0B, 0x0D, 0x0F, 0x0F, 0x0E, 0x09, 0x05, 0x03, 0x05, 0x03, 0x02, 0x06, 0x04, 0x03, 0x05, 0x0C, 0x0C, 0x0D, 0x03, 0x03, 0x03, 0x03, 0x03, 0x01,
    0x02, 0x02, 0x0B, 0x05, 0x05, 0x05, 0x03, 0x03, 0x03, 0x02, 0x06, 0x06, 0x04, 0x02, 0x03, 0x05, 0x05, 0x05, 0x0B, 0x0C, 0x05, 0x05, 0x05, 0x05,
    0x0B, 0x0B, 0x09, 0x09, 0x05, 0x05, 0x05, 0x05, 0x0B, 0x0B, 0x0B, 0x05, 0x05, 0x0B, 0x03, 0x01, 0x03, 0x05, 0x05, 0x05, 0x02, 0x01, 0x02, 0x05,
    0x03, 0x02, 0x04, 0x06, 0x04, 0x05, 0x03, 0x03, 0x02, 0x02, 0x02, 0x02, 0x03, 0x03, 0x03, 0x05, 0x05, 0x05, 0x05, 0x0B, 0x05, 0x0B, 0x05, 0x03,
    0x05, 0x03, 0x03, 0x02, 0x03, 0x03, 0x03, 0x03, 0x03, 0x05, 0x03, 0x03, 0x02, 0x05, 0x02, 0x03, 0x01, 0x02, 0x03, 0x05, 0x05, 0x05, 0x05, 0x03,
    0x05, 0x0C, 0x0B, 0x09, 0x05, 0x02, 0x09, 0x05, 0x03, 0x05, 0x03, 0x03, 0x03, 0x02, 0x03, 0x05, 0x05, 0x05, 0x03, 0x05, 0x05, 0x05, 0x05, 0x05,
    0x05, 0x05, 0x05, 0x0B, 0x0C, 0x0B, 0x0D, 0x0B, 0x09, 0x02, 0x01, 0x06, 0x01, 0x02, 0x03, 0x05, 0x05, 0x05, 0x03, 0x01, 0x02, 0x02, 0x01, 0x04,
    0x02, 0x02, 0x03, 0x05, 0x0B, 0x0B, 0x0C, 0x0C, 0x0C, 0x0C, 0x0B, 0x05, 0x05, 0x0B, 0x0D, 0x0F, 0x0D, 0x05, 0x0B, 0x03, 0x05, 0x05, 0x05, 0x02,
    0x04, 0x01, 0x03, 0x05, 0x05, 0x05, 0x05, 0x05, 0x05, 0x0B, 0x05, 0x0C, 0x0C, 0x05, 0x09, 0x0B, 0x05, 0x05, 0x03, 0x02, 0x02, 0x03, 0x05, 0x05,
    0x05, 0x05, 0x05, 0x09, 0x09, 0x09, 0x05, 0x04, 0x04, 0x03, 0x05, 0x09, 0x05, 0x03, 0x03, 0x03, 0x05, 0x03, 0x05, 0x03, 0x05, 0x03, 0x02, 0x06,
    0x06, 0x06, 0x06, 0x06, 0x04, 0x09, 0x03, 0x02, 0x09, 0x05, 0x09, 0x05, 0x05, 0x05, 0x05, 0x05, 0x09, 0x05, 0x03, 0x05, 0x03, 0x05, 0x05, 0x03,
    0x05, 0x03, 0x05, 0x05, 0x03, 0x03, 0x05, 0x05, 0x05, 0x05, 0x03, 0x05, 0x05, 0x02, 0x02, 0x05, 0x05, 0x02, 0x01, 0x03, 0x02, 0x05, 0x02, 0x02,
    0x05, 0x03, 0x03, 0x05, 0x05, 0x03, 0x02, 0x03, 0x05, 0x05, 0x05, 0x05, 0x05, 0x01, 0x04, 0x01, 0x02, 0x03, 0x01, 0x02, 0x02, 0x03, 0x05, 0x0C,
    0x05, 0x0D, 0x03, 0x01, 0x02, 0x02, 0x03, 0x03, 0x03, 0x03, 0x05, 0x02, 0x02, 0x02, 0x05, 0x05, 0x02, 0x01, 0x03, 0x03, 0x02, 0x03, 0x02, 0x02,
    0x03, 0x02, 0x02, 0x03, 0x0B, 0x03, 0x02, 0x05, 0x05, 0x05, 0x05, 0x05, 0x03, 0x05, 0x05, 0x05, 0x0B, 0x03, 0x05, 0x05, 0x05, 0x05, 0x05, 0x05,
    0x03, 0x02, 0x03, 0x09, 0x05, 0x05, 0x02, 0x04, 0x01, 0x05, 0x05, 0x04, 0x03, 0x05, 0x03, 0x03, 0x03, 0x05, 0x05, 0x05, 0x05, 0x05, 0x05, 0x03,
    0x03, 0x05, 0x05, 0x05, 0x05, 0x05, 0x05, 0x03, 0x05, 0x05, 0x05, 0x09, 0x05, 0x05, 0x09, 0x05, 0x05, 0x05, 0x09, 0x05, 0x05, 0x05, 0x05, 0x05,
    0x05, 0x03, 0x02, 0x02, 0x05, 0x0B, 0x05, 0x06, 0x04, 0x02, 0x03, 0x05, 0x03, 0x03, 0x03, 0x09, 0x02, 0x04, 0x06, 0x06, 0x06, 0x06, 0x02, 0x09,
    0x09, 0x01, 0x06, 0x02, 0x03, 0x03, 0x03, 0x03, 0x05, 0x05, 0x05, 0x03, 0x04, 0x06, 0x06, 0x06, 0x06, 0x06, 0x06, 0x01, 0x03, 0x05, 0x05, 0x05,
    0x03, 0x02, 0x02, 0x03, 0x05, 0x05, 0x05, 0x02, 0x06, 0x01, 0x02, 0x03, 0x05, 0x03, 0x05, 0x09, 0x03, 0x03, 0x03, 0x03, 0x03, 0x05, 0x03, 0x05,
    0x05, 0x05, 0x03, 0x03, 0x04, 0x01, 0x01, 0x01, 0x01, 0x03, 0x02, 0x01, 0x03, 0x05, 0x05, 0x05, 0x05, 0x03, 0x02, 0x03, 0x09, 0x05, 0x05, 0x03,
    0x02, 0x04, 0x03, 0x05, 0x03, 0x02, 0x01, 0x01, 0x02, 0x03, 0x09, 0x05, 0x03, 0x03, 0x05, 0x03, 0x01, 0x01, 0x06, 0x06, 0x01, 0x05, 0x05, 0x02,
    0x01, 0x01, 0x05, 0x0C, 0x05, 0x06, 0x02, 0x02, 0x02, 0x06, 0x06, 0x02, 0x01, 0x03, 0x03, 0x03, 0x05, 0x05, 0x05, 0x03, 0x03, 0x05, 0x02, 0x04,
    0x04, 0x01, 0x02, 0x05, 0x05, 0x0B, 0x09, 0x03, 0x05, 0x03, 0x0C, 0x05, 0x05, 0x02, 0x02, 0x01, 0x01, 0x02, 0x02, 0x02, 0x01, 0x05, 0x03, 0x05,
    0x05, 0x0B, 0x03, 0x03, 0x03, 0x05, 0x05, 0x05, 0x0B, 0x05, 0x05, 0x05, 0x0B, 0x0C, 0x05, 0x05, 0x0B, 0x09, 0x05, 0x03, 0x05, 0x05, 0x03, 0x05,
    0x0C, 0x0B, 0x05, 0x05, 0x05, 0x05, 0x05, 0x05, 0x05, 0x05, 0x05, 0x05, 0x09, 0x05, 0x05, 0x05, 0x0B, 0x05, 0x03, 0x05, 0x01, 0x06, 0x01, 0x01,
    0x06, 0x02, 0x02, 0x05, 0x05, 0x03, 0x05, 0x03, 0x01, 0x04, 0x01, 0x09, 0x09, 0x0B, 0x03, 0x03, 0x05, 0x03, 0x03, 0x02, 0x03, 0x05, 0x05, 0x03,
    0x03, 0x02, 0x04, 0x06, 0x06, 0x06, 0x01, 0x06, 0x06, 0x06, 0x04, 0x02, 0x03, 0x05, 0x05, 0x05, 0x01, 0x06, 0x03, 0x05, 0x01, 0x04, 0x01, 0x03,
    0x05, 0x05, 0x01, 0x03, 0x05, 0x05, 0x03, 0x03, 0x05, 0x03, 0x05, 0x03, 0x05, 0x0C, 0x0D, 0x0B, 0x09, 0x05, 0x02, 0x01, 0x06, 0x01, 0x01, 0x03,
    0x05, 0x0B, 0x0B, 0x0B, 0x05, 0x05, 0x02, 0x03, 0x05, 0x0B, 0x0C, 0x05, 0x02, 0x02, 0x05, 0x05, 0x03, 0x05, 0x02, 0x02, 0x02, 0x01, 0x02, 0x03,
    0x03, 0x03, 0x02, 0x06, 0x01, 0x02, 0x03, 0x05, 0x0B, 0x09, 0x05, 0x05, 0x05, 0x05, 0x05, 0x0B, 0x0B, 0x02, 0x04, 0x02, 0x02, 0x02, 0x03, 0x06,
    0x01, 0x01, 0x02, 0x01, 0x04, 0x02, 0x03, 0x03, 0x03, 0x05, 0x0B, 0x05, 0x01, 0x06, 0x02, 0x02, 0x03, 0x03, 0x03, 0x09, 0x05, 0x05, 0x05, 0x03,
    0x03, 0x05, 0x05, 0x03, 0x05, 0x05, 0x05, 0x02, 0x01, 0x06, 0x01, 0x05, 0x05, 0x05, 0x02, 0x05, 0x03, 0x02, 0x05, 0x03, 0x05, 0x05, 0x05, 0x05,
    0x0B, 0x0B, 0x0D, 0x05, 0x05, 0x03, 0x05, 0x0B, 0x05, 0x05, 0x0B, 0x05, 0x03, 0x05, 0x05, 0x05, 0x0B, 0x05, 0x09, 0x05, 0x05, 0x05, 0x09, 0x02,
    0x02, 0x05, 0x05, 0x05, 0x03, 0x05, 0x0E, 0x0D, 0x0B, 0x01, 0x01, 0x02, 0x06, 0x06, 0x03, 0x02, 0x05, 0x0C, 0x0C, 0x0E, 0x0D, 0x05, 0x05, 0x01,
    0x05, 0x03, 0x0C, 0x09, 0x05, 0x05, 0x03, 0x03, 0x03, 0x05, 0x09, 0x02, 0x03, 0x03, 0x05, 0x03, 0x03, 0x02, 0x05, 0x02, 0x01, 0x02, 0x03, 0x04,
    0x02, 0x05, 0x0B, 0x05, 0x03, 0x02, 0x05, 0x09, 0x05, 0x05, 0x01, 0x02, 0x02, 0x01, 0x03, 0x03, 0x0B, 0x05, 0x05, 0x03, 0x03, 0x0B, 0x0B, 0x03,
    0x03, 0x05, 0x05, 0x0B, 0x09, 0x0C, 0x05, 0x0B, 0x05, 0x03, 0x02, 0x02, 0x0B, 0x0B, 0x0B, 0x0C, 0x09, 0x03, 0x03, 0x09, 0x05, 0x05, 0x05, 0x0C,
    0x03, 0x02, 0x05, 0x05, 0x0B, 0x09, 0x03, 0x02, 0x02, 0x02, 0x02, 0x02, 0x02, 0x05, 0x05, 0x0C, 0x05, 0x05, 0x05, 0x02, 0x03, 0x03, 0x02, 0x02,
    0x03, 0x03, 0x05, 0x02, 0x01, 0x02, 0x03, 0x02, 0x01, 0x03, 0x0B, 0x03, 0x05, 0x05, 0x03, 0x02, 0x02, 0x02, 0x05, 0x05, 0x05, 0x03, 0x05, 0x09,
    0x0B, 0x05, 0x01, 0x01, 0x03, 0x03, 0x05, 0x03, 0x05, 0x0D, 0x0C, 0x0B, 0x0B, 0x03, 0x03, 0x03, 0x05, 0x05, 0x0C, 0x0C, 0x0E, 0x05, 0x03, 0x03,
    0x03, 0x03, 0x05, 0x02, 0x03, 0x06, 0x01, 0x05, 0x03, 0x05, 0x03, 0x05, 0x0B, 0x0B, 0x05, 0x09, 0x0B, 0x05, 0x03, 0x03, 0x05, 0x05, 0x05, 0x05,
    0x09, 0x05, 0x05, 0x05, 0x05, 0x05, 0x05, 0x03, 0x05, 0x05, 0x09, 0x05, 0x05, 0x0B, 0x09, 0x0B, 0x0D, 0x05, 0x09, 0x0C, 0x0F, 0x0F, 0x0D, 0x03,
    0x05, 0x03, 0x03, 0x02, 0x03, 0x05, 0x05, 0x09, 0x0C, 0x11, 0x09, 0x03, 0x04, 0x06, 0x03, 0x0B, 0x0D, 0x0B, 0x05, 0x05, 0x03, 0x05, 0x05, 0x05,
    0x03, 0x05, 0x0B, 0x0B, 0x0C, 0x0B, 0x0B, 0x0B, 0x05, 0x05, 0x05, 0x05, 0x05, 0x0B, 0x05, 0x0B, 0x0D, 0x0B, 0x02, 0x02, 0x0B, 0x0B, 0x05, 0x0B,
    0x01, 0x06, 0x06, 0x02, 0x02, 0x03, 0x05, 0x05, 0x03, 0x05, 0x05, 0x03, 0x03, 0x05, 0x09, 0x0B, 0x0B, 0x05, 0x05, 0x0B, 0x05, 0x03, 0x05, 0x05,
    0x02, 0x03, 0x03, 0x03, 0x05, 0x03, 0x03, 0x09, 0x05, 0x0B, 0x03, 0x0C, 0x03, 0x02, 0x06, 0x01, 0x01, 0x03, 0x03, 0x04, 0x06, 0x06, 0x06, 0x04,
    0x02, 0x03, 0x02, 0x02, 0x03, 0x05, 0x05, 0x06, 0x06, 0x01, 0x04, 0x01, 0x04, 0x01, 0x03, 0x05, 0x05, 0x01, 0x02, 0x02, 0x03, 0x05, 0x09, 0x05,
    0x03, 0x02, 0x03, 0x02, 0x05, 0x01, 0x04, 0x01, 0x02, 0x04, 0x01, 0x03, 0x03, 0x05, 0x01, 0x03, 0x02, 0x01, 0x03, 0x05, 0x05, 0x05, 0x03, 0x05,
    0x03, 0x05, 0x03, 0x05, 0x05, 0x05, 0x09, 0x03, 0x0B, 0x05, 0x05, 0x05, 0x05, 0x03, 0x01, 0x05, 0x05, 0x0B, 0x09, 0x05, 0x05, 0x03, 0x0B, 0x05,
    0x05, 0x03, 0x05, 0x05, 0x03, 0x05, 0x05, 0x05, 0x09, 0x05, 0x03, 0x05, 0x05, 0x05, 0x05, 0x05, 0x05, 0x09, 0x05, 0x09, 0x05, 0x05, 0x05, 0x09,
    0x05, 0x05, 0x0B, 0x0B, 0x05, 0x05, 0x05, 0x03, 0x0B, 0x0C, 0x03, 0x01, 0x04, 0x02, 0x03, 0x05, 0x03, 0x02, 0x03, 0x03, 0x03, 0x0B, 0x0C, 0x05,
    0x09, 0x03, 0x04, 0x02, 0x03, 0x03, 0x0B, 0x0A, 0x11, 0x0F, 0x0A, 0x0E, 0x0C, 0x0C, 0x09, 0x05, 0x0F, 0x0A, 0x0D, 0x09, 0x0D, 0x05, 0x05, 0x03,
    0x02, 0x03, 0x05, 0x03, 0x03, 0x05, 0x05, 0x0C, 0x05, 0x03, 0x03, 0x0B, 0x02, 0x02, 0x02, 0x05, 0x02, 0x04, 0x02, 0x03, 0x05, 0x09, 0x09, 0x0B,
    0x0C, 0x0C, 0x0C, 0x0B, 0x0D, 0x05, 0x0D, 0x0B, 0x05, 0x09, 0x0D, 0x0D, 0x02, 0x02, 0x02, 0x02, 0x05, 0x05, 0x05, 0x0B, 0x0B, 0x0B, 0x0B, 0x0C,
    0x05, 0x03, 0x04, 0x04, 0x01, 0x01, 0x02, 0x02, 0x04, 0x02, 0x02, 0x01, 0x01, 0x02, 0x02, 0x01, 0x01, 0x04, 0x02, 0x03, 0x03, 0x02, 0x04, 0x06,
    0x06, 0x01, 0x02, 0x02, 0x03, 0x03, 0x02, 0x04, 0x05, 0x01, 0x04, 0x03, 0x01, 0x03, 0x03, 0x05, 0x05, 0x05, 0x05, 0x02, 0x02, 0x03, 0x03, 0x04,
    0x01, 0x05, 0x05, 0x02, 0x01, 0x04, 0x02, 0x04, 0x06, 0x02, 0x05, 0x05, 0x01, 0x01, 0x03, 0x05, 0x05, 0x01, 0x04, 0x02, 0x03, 0x03, 0x05, 0x05,
    0x05, 0x05, 0x0B, 0x05, 0x02, 0x03, 0x05, 0x05, 0x05, 0x03, 0x05, 0x09, 0x09, 0x05, 0x05, 0x05, 0x02, 0x03, 0x03, 0x05, 0x05, 0x03, 0x09, 0x05,
    0x03, 0x02, 0x05, 0x05, 0x03, 0x03, 0x05, 0x05, 0x03, 0x05, 0x05, 0x05, 0x05, 0x05, 0x05, 0x05, 0x05, 0x02, 0x06, 0x01, 0x03, 0x03, 0x09, 0x05,
    0x06, 0x06, 0x01, 0x03, 0x03, 0x02, 0x02, 0x03, 0x05, 0x03, 0x05, 0x05, 0x05, 0x01, 0x06, 0x01, 0x03, 0x05, 0x03, 0x05, 0x0D, 0x0C, 0x0D, 0x0A,
    0x0D, 0x0D, 0x0D, 0x03, 0x02, 0x0B, 0x05, 0x01, 0x03, 0x03, 0x02, 0x03, 0x05, 0x02, 0x02, 0x02, 0x06, 0x06, 0x03, 0x03, 0x02, 0x02, 0x05, 0x05,
    0x05, 0x05, 0x05, 0x03, 0x02, 0x04, 0x01, 0x03, 0x03, 0x03, 0x03, 0x05, 0x05, 0x09, 0x05, 0x05, 0x09, 0x05, 0x0B, 0x0B, 0x0D, 0x05, 0x05, 0x09,
    0x02, 0x02, 0x02, 0x03, 0x02, 0x02, 0x05, 0x02, 0x03, 0x03, 0x03, 0x03, 0x0D, 0x0E, 0x05, 0x04, 0x04, 0x03, 0x09, 0x05, 0x01, 0x02, 0x01, 0x02,
    0x01, 0x01, 0x01, 0x04, 0x01, 0x06, 0x02, 0x03, 0x03, 0x02, 0x06, 0x06, 0x01, 0x02, 0x01, 0x02, 0x03, 0x05, 0x03, 0x05, 0x04, 0x06, 0x02, 0x01,
    0x02, 0x03, 0x03, 0x05, 0x03, 0x01, 0x02, 0x01, 0x01, 0x03, 0x02, 0x02, 0x05, 0x05, 0x0B, 0x03, 0x06, 0x06, 0x01, 0x01, 0x03, 0x03, 0x03, 0x03,
    0x02, 0x03, 0x02, 0x05, 0x03, 0x02, 0x03, 0x02, 0x01, 0x02, 0x05, 0x05, 0x03, 0x05, 0x03, 0x03, 0x02, 0x05, 0x05, 0x05, 0x05, 0x05, 0x05, 0x05,
    0x03, 0x05, 0x03, 0x03, 0x03, 0x03, 0x05, 0x05, 0x03, 0x05, 0x01, 0x09, 0x09, 0x02, 0x02, 0x05, 0x03, 0x05, 0x05, 0x05, 0x09, 0x05, 0x05, 0x09,
    0x03, 0x05, 0x09, 0x0B, 0x05, 0x0B, 0x03, 0x01, 0x01, 0x03, 0x0B, 0x09, 0x0D, 0x0C, 0x06, 0x01, 0x02, 0x02, 0x03, 0x03, 0x02, 0x03, 0x03, 0x0B,
    0x0C, 0x0D, 0x0B, 0x05, 0x03, 0x03, 0x03, 0x02, 0x02, 0x05, 0x09, 0x0B, 0x0C, 0x0B, 0x05, 0x05, 0x06, 0x01, 0x02, 0x02, 0x02, 0x03, 0x05, 0x03,
    0x03, 0x03, 0x01, 0x02, 0x03, 0x05, 0x03, 0x04, 0x02, 0x03, 0x03, 0x03, 0x0B, 0x0C, 0x05, 0x02, 0x02, 0x03, 0x01, 0x06, 0x06, 0x02, 0x05, 0x05,
    0x05, 0x05, 0x05, 0x05, 0x02, 0x03, 0x03, 0x01, 0x02, 0x01, 0x02, 0x03, 0x02, 0x02, 0x02, 0x02, 0x02, 0x04, 0x02, 0x04, 0x01, 0x02, 0x02, 0x03,
    0x0D, 0x0E, 0x0B, 0x05, 0x05, 0x05, 0x05, 0x02, 0x02, 0x02, 0x02, 0x01, 0x01, 0x04, 0x06, 0x01, 0x02, 0x06, 0x01, 0x02, 0x0B, 0x09, 0x03, 0x03,
    0x03, 0x02, 0x04, 0x04, 0x02, 0x03, 0x05, 0x05, 0x09, 0x05, 0x03, 0x06, 0x03, 0x05, 0x05, 0x01, 0x03, 0x02, 0x01, 0x01, 0x02, 0x05, 0x05, 0x05,
    0x05, 0x05, 0x0B, 0x0B, 0x03, 0x03, 0x02, 0x05, 0x03, 0x02, 0x03, 0x05, 0x05, 0x02, 0x05, 0x05, 0x05, 0x02, 0x02, 0x03, 0x03, 0x05, 0x0B, 0x05,
    0x09, 0x05, 0x03, 0x05, 0x05, 0x03, 0x03, 0x03, 0x05, 0x03, 0x05, 0x05, 0x05, 0x05, 0x05, 0x03, 0x05, 0x05, 0x02, 0x02, 0x03, 0x05, 0x09, 0x05,
    0x09, 0x0B, 0x0B, 0x05, 0x0B, 0x05, 0x05, 0x05, 0x05, 0x05, 0x05, 0x05, 0x09, 0x05, 0x05, 0x05, 0x0B, 0x0B, 0x0B, 0x05, 0x03, 0x02, 0x03, 0x09,
    0x0B, 0x0B, 0x05, 0x03, 0x03, 0x02, 0x04, 0x01, 0x03, 0x01, 0x02, 0x03, 0x0B, 0x05, 0x05, 0x03, 0x04, 0x02, 0x05, 0x05, 0x05, 0x02, 0x01, 0x05,
    0x09, 0x0B, 0x09, 0x05, 0x04, 0x06, 0x02, 0x02, 0x02, 0x02, 0x02, 0x01, 0x03, 0x05, 0x0B, 0x0B, 0x05, 0x03, 0x01, 0x04, 0x06, 0x06, 0x06, 0x01,
    0x05, 0x02, 0x06, 0x06, 0x01, 0x05, 0x09, 0x01, 0x03, 0x01, 0x06, 0x06, 0x06, 0x02, 0x05, 0x02, 0x02, 0x02, 0x05, 0x0B, 0x0D, 0x0B, 0x0B, 0x03,
    0x02, 0x04, 0x06, 0x04, 0x01, 0x03, 0x02, 0x02, 0x02, 0x04, 0x02, 0x05, 0x05, 0x0B, 0x0B, 0x0D, 0x0B, 0x05, 0x03, 0x03, 0x02, 0x01, 0x01, 0x01,
    0x01, 0x04, 0x01, 0x01, 0x02, 0x01, 0x01, 0x01, 0x05, 0x05, 0x05, 0x05, 0x05, 0x02, 0x01, 0x01, 0x01, 0x03, 0x03, 0x02, 0x05, 0x05, 0x02, 0x04,
    0x02, 0x02, 0x03, 0x05, 0x05, 0x01, 0x02, 0x02, 0x02, 0x02, 0x05, 0x05, 0x03, 0x03, 0x05, 0x05, 0x0D, 0x0B, 0x03, 0x05, 0x09, 0x0B, 0x05, 0x05,
    0x03, 0x03, 0x05, 0x05, 0x03, 0x05, 0x03, 0x02, 0x03, 0x03, 0x05, 0x05, 0x05, 0x03, 0x03, 0x05, 0x05, 0x05, 0x05, 0x05, 0x03, 0x05, 0x05, 0x05,
    0x05, 0x05, 0x03, 0x03, 0x03, 0x03, 0x05, 0x0B, 0x01, 0x03, 0x05, 0x05, 0x05, 0x05, 0x05, 0x05, 0x05, 0x05, 0x05, 0x05, 0x03, 0x05, 0x05, 0x05,
    0x05, 0x05, 0x03, 0x03, 0x09, 0x0B, 0x0C, 0x0F, 0x0D, 0x0B, 0x0B, 0x05, 0x05, 0x0B, 0x0C, 0x05, 0x05, 0x05, 0x03, 0x04, 0x01, 0x04, 0x02, 0x03,
    0x03, 0x05, 0x05, 0x03, 0x01, 0x02, 0x03, 0x05, 0x05, 0x09, 0x0B, 0x05, 0x05, 0x05, 0x05, 0x05, 0x06, 0x06, 0x06, 0x06, 0x06, 0x06, 0x04, 0x02,
    0x03, 0x05, 0x05, 0x05, 0x05, 0x05, 0x05, 0x02, 0x04, 0x01, 0x04, 0x01, 0x01, 0x01, 0x06, 0x06, 0x06, 0x05, 0x05, 0x0D, 0x0C, 0x02, 0x01, 0x01,
    0x01, 0x01, 0x01, 0x02, 0x02, 0x02, 0x05, 0x05, 0x09, 0x0B, 0x0B, 0x05, 0x03, 0x02, 0x03, 0x02, 0x01, 0x05, 0x03, 0x01, 0x02, 0x03, 0x01, 0x02,
    0x03, 0x05, 0x09, 0x05, 0x05, 0x05, 0x05, 0x03, 0x03, 0x03, 0x02, 0x01, 0x01, 0x01, 0x01, 0x02, 0x02, 0x01, 0x02, 0x01, 0x06, 0x01, 0x06, 0x02,
    0x05, 0x05, 0x05, 0x01, 0x04, 0x03, 0x03, 0x02, 0x03, 0x0B, 0x05, 0x02, 0x03, 0x03, 0x02, 0x02, 0x05, 0x0B, 0x05, 0x02, 0x02, 0x05, 0x03, 0x05,
    0x05, 0x02, 0x02, 0x05, 0x05, 0x05, 0x05, 0x05, 0x05, 0x05, 0x05, 0x05, 0x03, 0x03, 0x03, 0x03, 0x03, 0x05, 0x03, 0x03, 0x03, 0x01, 0x01, 0x05,
    0x09, 0x02, 0x03, 0x05, 0x05, 0x05, 0x05, 0x05, 0x03, 0x05, 0x05, 0x05, 0x05, 0x05, 0x05, 0x05, 0x05, 0x05, 0x05, 0x05, 0x0E, 0x05, 0x05, 0x05,
    0x05, 0x05, 0x05, 0x05, 0x05, 0x05, 0x05, 0x05, 0x05, 0x05, 0x02, 0x05, 0x03, 0x05, 0x05, 0x03, 0x05, 0x05, 0x05, 0x05, 0x0B, 0x09, 0x05, 0x05,
    0x05, 0x05, 0x0E, 0x0D, 0x05, 0x05, 0x05, 0x0B, 0x03, 0x09, 0x02, 0x02, 0x05, 0x05, 0x05, 0x03, 0x04, 0x04, 0x06, 0x06, 0x04, 0x02, 0x02, 0x01,
    0x05, 0x05, 0x05, 0x05, 0x03, 0x01, 0x06, 0x04, 0x06, 0x06, 0x06, 0x06, 0x06, 0x01, 0x02, 0x03, 0x03, 0x03, 0x05, 0x05, 0x02, 0x01, 0x01, 0x01,
    0x05, 0x0B, 0x0D, 0x09, 0x05, 0x0B, 0x05, 0x05, 0x0C, 0x0B, 0x05, 0x05, 0x0B, 0x02, 0x02, 0x02, 0x03, 0x04, 0x03, 0x05, 0x05, 0x03, 0x05, 0x05,
    0x03, 0x05, 0x05, 0x02, 0x01, 0x05, 0x05, 0x02, 0x06, 0x01, 0x06, 0x04, 0x02, 0x01, 0x03, 0x03, 0x03, 0x02, 0x02, 0x03, 0x02, 0x01, 0x02, 0x05,
    0x05, 0x05, 0x05, 0x03, 0x02, 0x02, 0x05, 0x09, 0x01, 0x05, 0x02, 0x01, 0x02, 0x05, 0x05, 0x05, 0x05, 0x03, 0x01, 0x03, 0x05, 0x0B, 0x05, 0x03,
    0x02, 0x05, 0x02, 0x02, 0x05, 0x0B, 0x0B, 0x03, 0x02, 0x05, 0x05, 0x09, 0x03, 0x02, 0x02, 0x05, 0x05, 0x05, 0x03, 0x03, 0x02, 0x05, 0x03, 0x03,
    0x05, 0x03, 0x03, 0x05, 0x05, 0x05, 0x05, 0x05, 0x05, 0x02, 0x05, 0x05, 0x05, 0x05, 0x03, 0x05, 0x03, 0x05, 0x03, 0x05, 0x05, 0x05, 0x05, 0x05,
    0x05, 0x05, 0x05, 0x03, 0x03, 0x05, 0x05, 0x05, 0x03, 0x05, 0x05, 0x05, 0x05, 0x05, 0x05, 0x05, 0x05, 0x05, 0x05, 0x09, 0x05, 0x05, 0x05, 0x03,
    0x03, 0x05, 0x05, 0x03, 0x01, 0x01, 0x02, 0x02, 0x02, 0x02, 0x03, 0x02, 0x02, 0x03, 0x05, 0x05, 0x03, 0x01, 0x03, 0x03, 0x05, 0x05, 0x03, 0x02,
    0x02, 0x05, 0x05, 0x05, 0x02, 0x04, 0x02, 0x01, 0x04, 0x04, 0x01, 0x01, 0x01, 0x03, 0x05, 0x05, 0x0C, 0x03, 0x02, 0x03, 0x03, 0x04, 0x04, 0x06,
    0x06, 0x06, 0x04, 0x01, 0x03, 0x03, 0x03, 0x03, 0x03, 0x01, 0x02, 0x03, 0x0B, 0x0B, 0x0E, 0x0D, 0x0D, 0x09, 0x0B, 0x09, 0x05, 0x0B, 0x0B, 0x05,
    0x0B, 0x03, 0x03, 0x03, 0x01, 0x02, 0x03, 0x05, 0x05, 0x03, 0x03, 0x03, 0x02, 0x05, 0x0B, 0x02, 0x02, 0x03, 0x03, 0x03, 0x01, 0x01, 0x04, 0x01,
    0x06, 0x06, 0x02, 0x02, 0x01, 0x02, 0x02, 0x03, 0x02, 0x02, 0x05, 0x03, 0x01, 0x05, 0x03, 0x03, 0x02, 0x05, 0x03, 0x05, 0x05, 0x05, 0x05, 0x03,
    0x02, 0x02, 0x03, 0x03, 0x03, 0x02, 0x01, 0x04, 0x02, 0x03, 0x05, 0x05, 0x03, 0x05, 0x05, 0x05, 0x03, 0x09, 0x05, 0x02, 0x05, 0x05, 0x05, 0x05,
    0x03, 0x05, 0x05, 0x03, 0x03, 0x05, 0x02, 0x04, 0x01, 0x05, 0x03, 0x03, 0x03, 0x05, 0x05, 0x0B, 0x0B, 0x05, 0x0B, 0x0B, 0x05, 0x09, 0x05, 0x03,
    0x03, 0x05, 0x05, 0x05, 0x05, 0x03, 0x03, 0x05, 0x05, 0x05, 0x05, 0x05, 0x05, 0x05, 0x05, 0x05, 0x05, 0x05, 0x05, 0x05, 0x05, 0x09, 0x05, 0x05,
    0x05, 0x05, 0x05, 0x05, 0x05, 0x05, 0x05, 0x05, 0x05, 0x05, 0x09, 0x05, 0x05, 0x01, 0x01, 0x03, 0x01, 0x06, 0x01, 0x04, 0x01, 0x01, 0x01, 0x04,
    0x04, 0x02, 0x02, 0x02, 0x02, 0x02, 0x02, 0x03, 0x0B, 0x05, 0x05, 0x01, 0x04, 0x03, 0x05, 0x05, 0x05, 0x02, 0x04, 0x06, 0x06, 0x06, 0x06, 0x06,
    0x06, 0x04, 0x06, 0x04, 0x01, 0x05, 0x03, 0x03, 0x02, 0x05, 0x0B, 0x03, 0x06, 0x06, 0x06, 0x06, 0x01, 0x02, 0x02, 0x03, 0x03, 0x02, 0x01, 0x02,
    0x01, 0x02, 0x05, 0x05, 0x05, 0x05, 0x05, 0x0B, 0x09, 0x05, 0x05, 0x0C, 0x05, 0x05, 0x05, 0x05, 0x04, 0x02, 0x01, 0x05, 0x05, 0x03, 0x03, 0x02,
    0x04, 0x02, 0x02, 0x03, 0x05, 0x03, 0x05, 0x05, 0x0C, 0x03, 0x02, 0x04, 0x04, 0x01, 0x02, 0x02, 0x01, 0x02, 0x03, 0x03, 0x05, 0x0B, 0x05, 0x03,
    0x02, 0x01, 0x01, 0x03, 0x02, 0x03, 0x05, 0x09, 0x09, 0x02, 0x01, 0x02, 0x03, 0x02, 0x03, 0x05, 0x03, 0x03, 0x05, 0x05, 0x03, 0x05, 0x05, 0x09,
    0x0C, 0x05, 0x05, 0x05, 0x03, 0x05, 0x0D, 0x0F, 0x05, 0x05, 0x05, 0x03, 0x03, 0x03, 0x05, 0x05, 0x03, 0x03, 0x09, 0x05, 0x03, 0x05, 0x03, 0x03,
    0x03, 0x03, 0x05, 0x05, 0x05, 0x0B, 0x05, 0x05, 0x09, 0x0B, 0x03, 0x05, 0x05, 0x0B, 0x03, 0x03, 0x03, 0x03, 0x05, 0x05, 0x03, 0x05, 0x05, 0x05,
    0x05, 0x05, 0x05, 0x05, 0x05, 0x03, 0x05, 0x03, 0x03, 0x05, 0x05, 0x05, 0x05, 0x03, 0x05, 0x05, 0x05, 0x05, 0x05, 0x05, 0x05, 0x05, 0x03, 0x05,
    0x0B, 0x0B, 0x05, 0x02, 0x09, 0x04, 0x03, 0x04, 0x01, 0x04, 0x01, 0x03, 0x02, 0x01, 0x01, 0x01, 0x01, 0x03, 0x02, 0x04, 0x01, 0x03, 0x02, 0x0B,
    0x05, 0x05, 0x05, 0x05, 0x05, 0x05, 0x01, 0x02, 0x01, 0x04, 0x06, 0x06, 0x06, 0x06, 0x06, 0x06, 0x06, 0x03, 0x05, 0x03, 0x0B, 0x05, 0x0C, 0x0C,
    0x05, 0x06, 0x06, 0x06, 0x04, 0x04, 0x04, 0x01, 0x02, 0x01, 0x06, 0x04, 0x06, 0x01, 0x03, 0x05, 0x05, 0x05, 0x03, 0x05, 0x05, 0x09, 0x0E, 0x0C,
    0x05, 0x03, 0x01, 0x01, 0x02, 0x01, 0x01, 0x02, 0x02, 0x03, 0x03, 0x01, 0x04, 0x01, 0x02, 0x02, 0x02, 0x02, 0x02, 0x02, 0x09, 0x0D, 0x0D, 0x05,
    0x02, 0x01, 0x03, 0x03, 0x02, 0x03, 0x05, 0x03, 0x05, 0x0B, 0x05, 0x03, 0x03, 0x03, 0x05, 0x02, 0x03, 0x03, 0x05, 0x05, 0x05, 0x09, 0x05, 0x01,
    0x01, 0x09, 0x05, 0x05, 0x05, 0x02, 0x01, 0x03, 0x03, 0x05, 0x0C, 0x05, 0x02, 0x05, 0x05, 0x0B, 0x0B, 0x05, 0x05, 0x03, 0x03, 0x02, 0x02, 0x02,
    0x02, 0x03, 0x05, 0x05, 0x05, 0x03, 0x03, 0x05, 0x02, 0x02, 0x05, 0x09, 0x05, 0x05, 0x05, 0x05, 0x05, 0x05, 0x09, 0x05, 0x05, 0x05, 0x03, 0x03,
    0x03, 0x05, 0x03, 0x03, 0x03, 0x03, 0x02, 0x03, 0x05, 0x05, 0x05, 0x05, 0x05, 0x05, 0x05, 0x05, 0x05, 0x05, 0x02, 0x03, 0x05, 0x03, 0x05, 0x03,
    0x05, 0x05, 0x05, 0x05, 0x03, 0x03, 0x03, 0x03, 0x05, 0x05, 0x05, 0x03, 0x03, 0x02, 0x03, 0x09, 0x03, 0x0B, 0x03, 0x03, 0x01, 0x06, 0x06, 0x01,
    0x02, 0x01, 0x01, 0x03, 0x05, 0x02, 0x02, 0x03, 0x0B, 0x03, 0x01, 0x02, 0x03, 0x03, 0x03, 0x0B, 0x05, 0x05, 0x05, 0x05, 0x05, 0x03, 0x02, 0x04,
    0x06, 0x06, 0x06, 0x01, 0x03, 0x02, 0x05, 0x02, 0x0B, 0x0B, 0x03, 0x02, 0x04, 0x06, 0x06, 0x06, 0x04, 0x09, 0x02, 0x04, 0x02, 0x03, 0x02, 0x03,
    0x03, 0x04, 0x03, 0x03, 0x03, 0x05, 0x05, 0x02, 0x03, 0x05, 0x05, 0x03, 0x09, 0x0B, 0x02, 0x04, 0x01, 0x01, 0x06, 0x06, 0x06, 0x03, 0x01, 0x02,
    0x04, 0x06, 0x06, 0x06, 0x01, 0x02, 0x01, 0x04, 0x01, 0x0B, 0x0A, 0x0C, 0x01, 0x02, 0x02, 0x03, 0x03, 0x03, 0x02, 0x02, 0x02, 0x03, 0x03, 0x03,
    0x02, 0x02, 0x05, 0x02, 0x03, 0x05, 0x05, 0x05, 0x0B, 0x05, 0x01, 0x04, 0x01, 0x01, 0x04, 0x05, 0x0B, 0x05, 0x05, 0x05, 0x0D, 0x0D, 0x0B, 0x03,
    0x05, 0x03, 0x03, 0x03, 0x05, 0x03, 0x02, 0x03, 0x02, 0x01, 0x02, 0x01, 0x02, 0x03, 0x05, 0x05, 0x05, 0x03, 0x0C, 0x05, 0x05, 0x05, 0x05, 0x05,
    0x03, 0x05, 0x03, 0x02, 0x03, 0x03, 0x05, 0x05, 0x09, 0x05, 0x01, 0x02, 0x02, 0x03, 0x05, 0x05, 0x02, 0x03, 0x03, 0x03, 0x03, 0x03, 0x05, 0x03,
    0x05, 0x03, 0x05, 0x03, 0x05, 0x05, 0x05, 0x05, 0x05, 0x03, 0x02, 0x03, 0x03, 0x05, 0x03, 0x03, 0x05, 0x03, 0x05, 0x05, 0x09, 0x05, 0x05, 0x05,
    0x05, 0x02, 0x03, 0x05, 0x05, 0x05, 0x05, 0x03, 0x05, 0x0D, 0x0C, 0x03, 0x04, 0x01, 0x02, 0x01, 0x05, 0x05, 0x03, 0x03, 0x05, 0x03, 0x03, 0x02,
    0x03, 0x03, 0x05, 0x03, 0x05, 0x0B, 0x0B, 0x05, 0x05, 0x03, 0x03, 0x01, 0x06, 0x03, 0x05, 0x05, 0x05, 0x0C, 0x05, 0x03, 0x02, 0x01, 0x06, 0x01,
    0x01, 0x02, 0x01, 0x03, 0x01, 0x04, 0x05, 0x03, 0x02, 0x01, 0x04, 0x03, 0x05, 0x05, 0x06, 0x02, 0x05, 0x03, 0x03, 0x03, 0x03, 0x03, 0x05, 0x05,
    0x05, 0x09, 0x0E, 0x0D, 0x09, 0x0B, 0x0D, 0x01, 0x04, 0x01, 0x06, 0x04, 0x06, 0x06, 0x06, 0x01, 0x02, 0x02, 0x04, 0x02, 0x06, 0x01, 0x02, 0x0C,
    0x05, 0x03, 0x03, 0x05, 0x0B, 0x05, 0x01, 0x04, 0x03, 0x05, 0x05, 0x05, 0x03, 0x05, 0x05, 0x02, 0x05, 0x06, 0x02, 0x03, 0x02, 0x05, 0x05, 0x05,
    0x03, 0x05, 0x05, 0x05, 0x05, 0x05, 0x05, 0x05, 0x05, 0x05, 0x03, 0x02, 0x03, 0x03, 0x03, 0x01, 0x02, 0x02, 0x01, 0x01, 0x02, 0x03, 0x03, 0x02,
    0x05, 0x05, 0x05, 0x05, 0x03, 0x03, 0x0B, 0x0C, 0x05, 0x03, 0x09, 0x0B, 0x09, 0x05, 0x05, 0x09, 0x05, 0x02, 0x03, 0x03, 0x05, 0x01, 0x01, 0x01,
    0x02, 0x02, 0x02, 0x02, 0x05, 0x02, 0x02, 0x03, 0x03, 0x03, 0x03, 0x05, 0x03, 0x03, 0x05, 0x03, 0x05, 0x05, 0x05, 0x05, 0x05, 0x03, 0x03, 0x03,
    0x02, 0x03, 0x05, 0x05, 0x05, 0x05, 0x05, 0x05, 0x05, 0x05, 0x05, 0x05, 0x05, 0x09, 0x05, 0x03, 0x05, 0x05, 0x02, 0x01, 0x03, 0x03, 0x03, 0x03,
    0x09, 0x05, 0x03, 0x03, 0x05, 0x0B, 0x01, 0x03, 0x03, 0x03, 0x02, 0x03, 0x05, 0x05, 0x03, 0x02, 0x02, 0x02, 0x05, 0x0B, 0x0C, 0x0D, 0x09, 0x01,
    0x03, 0x03, 0x03, 0x03, 0x01, 0x09, 0x0B, 0x05, 0x0C, 0x05, 0x05, 0x03, 0x05, 0x09, 0x0C, 0x0C, 0x05, 0x03, 0x02, 0x03, 0x01, 0x01, 0x01, 0x06,
    0x05, 0x09, 0x05, 0x03, 0x01, 0x05, 0x05, 0x05, 0x0C, 0x05, 0x03, 0x03, 0x03, 0x05, 0x05, 0x05, 0x03, 0x09, 0x03, 0x0C, 0x0B, 0x01, 0x06, 0x06,
    0x04, 0x01, 0x04, 0x06, 0x01, 0x04, 0x02, 0x02, 0x01, 0x03, 0x05, 0x0D, 0x0D, 0x03, 0x05, 0x05, 0x09, 0x05, 0x09, 0x0B, 0x0B, 0x0B, 0x03, 0x03,
    0x05, 0x0B, 0x05, 0x03, 0x02, 0x03, 0x02, 0x03, 0x05, 0x03, 0x03, 0x09, 0x05, 0x01, 0x01, 0x01, 0x05, 0x0B, 0x0C, 0x0B, 0x05, 0x03, 0x06, 0x09,
    0x05, 0x05, 0x02, 0x05, 0x03, 0x04, 0x02, 0x03, 0x03, 0x05, 0x02, 0x01, 0x01, 0x03, 0x09, 0x0B, 0x05, 0x0B, 0x03, 0x03, 0x03, 0x0B, 0x0B, 0x05,
    0x0B, 0x03, 0x02, 0x03, 0x05, 0x05, 0x05, 0x0D, 0x0B, 0x05, 0x02, 0x03, 0x06, 0x03, 0x03, 0x02, 0x03, 0x05, 0x03, 0x05, 0x05, 0x03, 0x03, 0x03,
    0x05, 0x05, 0x05, 0x05, 0x05, 0x03, 0x03, 0x05, 0x05, 0x05, 0x02, 0x03, 0x05, 0x05, 0x05, 0x09, 0x05, 0x05, 0x05, 0x05, 0x05, 0x05, 0x03, 0x05,
    0x05, 0x0C, 0x05, 0x09, 0x05, 0x03, 0x03, 0x02, 0x09, 0x02, 0x01, 0x03, 0x05, 0x0B, 0x0B, 0x09, 0x0B, 0x0C, 0x0C, 0x0B, 0x03, 0x03, 0x02, 0x05,
    0x03, 0x0B, 0x05, 0x01, 0x06, 0x04, 0x01, 0x03, 0x09, 0x05, 0x03, 0x03, 0x03, 0x02, 0x01, 0x02, 0x0B, 0x03, 0x05, 0x0E, 0x0C, 0x0B, 0x0C, 0x09,
    0x05, 0x09, 0x05, 0x05, 0x03, 0x02, 0x02, 0x03, 0x05, 0x03, 0x01, 0x01, 0x01, 0x04, 0x03, 0x01, 0x02, 0x03, 0x03, 0x05, 0x05, 0x05, 0x0B, 0x0B,
    0x02, 0x02, 0x05, 0x05, 0x03, 0x05, 0x01, 0x03, 0x03, 0x0B, 0x0E, 0x0B, 0x05, 0x03, 0x02, 0x04, 0x02, 0x03, 0x01, 0x03, 0x06, 0x03, 0x04, 0x03,
    0x05, 0x03, 0x02, 0x03, 0x02, 0x03, 0x03, 0x03, 0x01, 0x03, 0x03, 0x0B, 0x0B, 0x0B, 0x05, 0x05, 0x03, 0x03, 0x03, 0x03, 0x03, 0x05, 0x05, 0x05,
    0x05, 0x02, 0x01, 0x04, 0x06, 0x02, 0x05, 0x05, 0x09, 0x05, 0x09, 0x05, 0x0B, 0x05, 0x03, 0x05, 0x05, 0x03, 0x03, 0x03, 0x03, 0x02, 0x03, 0x05,
    0x02, 0x03, 0x02, 0x03, 0x0C, 0x03, 0x05, 0x05, 0x03, 0x03, 0x03, 0x05, 0x03, 0x0B, 0x0B, 0x03, 0x03, 0x05, 0x05, 0x03, 0x05, 0x0B, 0x05, 0x01,
    0x02, 0x02, 0x02, 0x02, 0x05, 0x05, 0x05, 0x03, 0x03, 0x02, 0x02, 0x03, 0x03, 0x05, 0x05, 0x05, 0x02, 0x06, 0x02, 0x01, 0x03, 0x03, 0x03, 0x03,
    0x05, 0x05, 0x05, 0x05, 0x05, 0x05, 0x05, 0x05, 0x03, 0x05, 0x05, 0x05, 0x05, 0x05, 0x09, 0x0B, 0x05, 0x05, 0x05, 0x0B, 0x0B, 0x05, 0x03, 0x03,
    0x03, 0x03, 0x03, 0x05, 0x05, 0x05, 0x05, 0x05, 0x03, 0x01, 0x03, 0x02, 0x03, 0x02, 0x02, 0x05, 0x03, 0x04, 0x04, 0x01, 0x03, 0x05, 0x05, 0x05,
    0x05, 0x03, 0x04, 0x06, 0x01, 0x05, 0x05, 0x03, 0x02, 0x03, 0x03, 0x05, 0x03, 0x03, 0x03, 0x05, 0x01, 0x06, 0x01, 0x01, 0x05, 0x0B, 0x0D, 0x05,
    0x03, 0x03, 0x02, 0x02, 0x01, 0x03, 0x02, 0x02, 0x01, 0x02, 0x02, 0x03, 0x05, 0x05, 0x03, 0x03, 0x02, 0x03, 0x0C, 0x05, 0x01, 0x02, 0x03, 0x02,
    0x05, 0x03, 0x03, 0x03, 0x01, 0x04, 0x01, 0x02, 0x06, 0x06, 0x06, 0x01, 0x03, 0x05, 0x02, 0x03, 0x02, 0x02, 0x02, 0x02, 0x01, 0x01, 0x01, 0x02,
    0x02, 0x09, 0x05, 0x0B, 0x09, 0x03, 0x03, 0x05, 0x05, 0x05, 0x09, 0x05, 0x05, 0x05, 0x0B, 0x03, 0x01, 0x04, 0x02, 0x03, 0x05, 0x05, 0x0E, 0x0E,
    0x0D, 0x05, 0x0B, 0x05, 0x0B, 0x05, 0x03, 0x02, 0x03, 0x05, 0x0B, 0x03, 0x01, 0x04, 0x01, 0x02, 0x03, 0x05, 0x03, 0x05, 0x05, 0x05, 0x05, 0x03,
    0x03, 0x03, 0x03, 0x03, 0x03, 0x02, 0x03, 0x02, 0x01, 0x05, 0x0D, 0x0C, 0x03, 0x0B, 0x03, 0x03, 0x03, 0x03, 0x03, 0x03, 0x03, 0x02, 0x03, 0x03,
    0x05, 0x05, 0x05, 0x05, 0x05, 0x0B, 0x0B, 0x0B, 0x05, 0x02, 0x02, 0x05, 0x05, 0x05, 0x05, 0x05, 0x05, 0x05, 0x05, 0x03, 0x03, 0x05, 0x05, 0x05,
    0x05, 0x03, 0x05, 0x03, 0x05, 0x05, 0x0B, 0x0B, 0x0B, 0x09, 0x05, 0x03, 0x03, 0x03, 0x03, 0x03, 0x03, 0x03, 0x03, 0x03, 0x05, 0x03, 0x05, 0x03,
    0x04, 0x02, 0x02, 0x05, 0x05, 0x05, 0x02, 0x02, 0x05, 0x05, 0x09, 0x0B, 0x03, 0x02, 0x01, 0x03, 0x02, 0x02, 0x03, 0x02, 0x02, 0x02, 0x02, 0x02,
    0x03, 0x03, 0x03, 0x03, 0x03, 0x01, 0x01, 0x01, 0x03, 0x0B, 0x0C, 0x0D, 0x0E, 0x09, 0x03, 0x03, 0x02, 0x01, 0x01, 0x09, 0x09, 0x02, 0x03, 0x03,
    0x03, 0x02, 0x01, 0x02, 0x02, 0x01, 0x02, 0x03, 0x02, 0x02, 0x02, 0x03, 0x05, 0x05, 0x05, 0x05, 0x03, 0x02, 0x09, 0x05, 0x02, 0x01, 0x06, 0x04,
    0x02, 0x01, 0x04, 0x02, 0x02, 0x02, 0x03, 0x03, 0x02, 0x01, 0x01, 0x01, 0x01, 0x02, 0x02, 0x03, 0x0B, 0x09, 0x0C, 0x02, 0x03, 0x0B, 0x05, 0x03,
    0x05, 0x0B, 0x0B, 0x01, 0x06, 0x04, 0x01, 0x03, 0x01, 0x03, 0x05, 0x09, 0x01, 0x01, 0x02, 0x05, 0x05, 0x0D, 0x0B, 0x01, 0x01, 0x03, 0x03, 0x04,
    0x01, 0x01, 0x01, 0x01, 0x02, 0x03, 0x05, 0x05, 0x03, 0x05, 0x03, 0x05, 0x03, 0x05, 0x03, 0x03, 0x03, 0x03, 0x03, 0x03, 0x02, 0x03, 0x05, 0x03,
    0x03, 0x02, 0x02, 0x02, 0x03, 0x02, 0x03, 0x03, 0x05, 0x05, 0x05, 0x05, 0x05, 0x05, 0x03, 0x05, 0x03, 0x01, 0x03, 0x03, 0x03, 0x02, 0x03, 0x03,
    0x03, 0x05, 0x03, 0x03, 0x03, 0x03, 0x03, 0x03, 0x03, 0x03, 0x05, 0x05, 0x05, 0x05, 0x05, 0x05, 0x05, 0x05, 0x05, 0x05, 0x03, 0x05, 0x05, 0x05,
    0x03, 0x01, 0x01, 0x03, 0x03, 0x03, 0x03, 0x02, 0x02, 0x05, 0x03, 0x03, 0x09, 0x0D, 0x0D, 0x0B, 0x03, 0x03, 0x03, 0x02, 0x01, 0x02, 0x05, 0x0E,
    0x0D, 0x05, 0x01, 0x02, 0x06, 0x06, 0x04, 0x03, 0x02, 0x02, 0x02, 0x01, 0x02, 0x01, 0x01, 0x04, 0x01, 0x01, 0x01, 0x01, 0x05, 0x03, 0x03, 0x0B,
    0x0B, 0x0C, 0x0B, 0x03, 0x02, 0x06, 0x01, 0x02, 0x01, 0x03, 0x03, 0x02, 0x03, 0x05, 0x03, 0x01, 0x01, 0x02, 0x02, 0x01, 0x03, 0x02, 0x02, 0x05,
    0x05, 0x05, 0x03, 0x02, 0x03, 0x02, 0x05, 0x03, 0x03, 0x05, 0x06, 0x06, 0x06, 0x06, 0x03, 0x05, 0x03, 0x02, 0x03, 0x05, 0x05, 0x03, 0x02, 0x01,
    0x04, 0x04, 0x01, 0x02, 0x03, 0x03, 0x05, 0x03, 0x01, 0x02, 0x03, 0x05, 0x05, 0x05, 0x03, 0x02, 0x04, 0x06, 0x01, 0x06, 0x06, 0x01, 0x06, 0x01,
    0x05, 0x01, 0x06, 0x03, 0x0B, 0x09, 0x05, 0x03, 0x03, 0x03, 0x01, 0x01, 0x02, 0x03, 0x01, 0x01, 0x06, 0x06, 0x02, 0x02, 0x02, 0x03, 0x03, 0x03,
    0x05, 0x02, 0x02, 0x02, 0x02, 0x02, 0x02, 0x03, 0x02, 0x02, 0x01, 0x03, 0x02, 0x01, 0x01, 0x02, 0x05, 0x03, 0x05, 0x02, 0x03, 0x03, 0x03, 0x03,
    0x03, 0x03, 0x03, 0x03, 0x01, 0x03, 0x02, 0x03, 0x03, 0x02, 0x02, 0x03, 0x03, 0x03, 0x03, 0x05, 0x03, 0x03, 0x05, 0x03, 0x05, 0x05, 0x03, 0x05,
    0x05, 0x05, 0x05, 0x05, 0x03, 0x05, 0x09, 0x05, 0x05, 0x05, 0x0B, 0x0C, 0x05, 0x02, 0x02, 0x03, 0x05, 0x03, 0x02, 0x03, 0x02, 0x05, 0x05, 0x05,
    0x05, 0x0C, 0x05, 0x05, 0x05, 0x03, 0x03, 0x03, 0x03, 0x03, 0x03, 0x0B, 0x0B, 0x05, 0x01, 0x06, 0x06, 0x01, 0x02, 0x03, 0x03, 0x03, 0x05, 0x03,
    0x03, 0x02, 0x03, 0x01, 0x04, 0x01, 0x01, 0x04, 0x06, 0x01, 0x02, 0x02, 0x01, 0x02, 0x03, 0x05, 0x03, 0x01, 0x04, 0x01, 0x02, 0x03, 0x01, 0x03,
    0x02, 0x01, 0x01, 0x02, 0x03, 0x02, 0x02, 0x05, 0x05, 0x05, 0x0B, 0x0B, 0x05, 0x05, 0x05, 0x05, 0x02, 0x02, 0x05, 0x02, 0x05, 0x02, 0x05, 0x02,
    0x03, 0x06, 0x02, 0x02, 0x02, 0x03, 0x02, 0x03, 0x03, 0x05, 0x03, 0x03, 0x03, 0x05, 0x05, 0x02, 0x01, 0x05, 0x05, 0x05, 0x03, 0x02, 0x02, 0x03,
    0x05, 0x0B, 0x0B, 0x0F, 0x0B, 0x03, 0x03, 0x03, 0x03, 0x03, 0x02, 0x05, 0x05, 0x02, 0x01, 0x05, 0x0B, 0x0B, 0x05, 0x05, 0x02, 0x03, 0x05, 0x03,
    0x03, 0x03, 0x03, 0x01, 0x03, 0x01, 0x01, 0x01, 0x01, 0x02, 0x02, 0x02, 0x02, 0x02, 0x04, 0x04, 0x01, 0x02, 0x02, 0x01, 0x01, 0x02, 0x01, 0x02,
    0x02, 0x06, 0x01, 0x05, 0x05, 0x05, 0x05, 0x03, 0x03, 0x05, 0x03, 0x03, 0x03, 0x03, 0x01, 0x06, 0x01, 0x03, 0x02, 0x03, 0x03, 0x05, 0x03, 0x03,
    0x05, 0x05, 0x03, 0x03, 0x05, 0x05, 0x03, 0x01, 0x01, 0x04, 0x04, 0x01, 0x03, 0x02, 0x03, 0x03, 0x01, 0x05, 0x02, 0x05, 0x0C, 0x09, 0x09, 0x0B,
    0x0C, 0x09, 0x06, 0x01, 0x03, 0x05, 0x03, 0x01, 0x02, 0x05, 0x05, 0x05, 0x05, 0x03, 0x05, 0x04, 0x03, 0x0D, 0x09, 0x03, 0x03, 0x03, 0x03, 0x03,
    0x03, 0x0B, 0x0B, 0x05, 0x09, 0x0D, 0x0C, 0x09, 0x05, 0x03, 0x02, 0x05, 0x05, 0x03, 0x01, 0x03, 0x01, 0x01, 0x01, 0x01, 0x06, 0x06, 0x06, 0x01,
    0x04, 0x02, 0x03, 0x05, 0x09, 0x05, 0x03, 0x02, 0x02, 0x03, 0x03, 0x02, 0x03, 0x04, 0x06, 0x04, 0x02, 0x01, 0x01, 0x01, 0x01, 0x03, 0x02, 0x02,
    0x02, 0x03, 0x05, 0x05, 0x03, 0x03, 0x02, 0x09, 0x0D, 0x0D, 0x05, 0x02, 0x01, 0x06, 0x04, 0x05, 0x0B, 0x05, 0x05, 0x05, 0x0C, 0x09, 0x03, 0x02,
    0x01, 0x03, 0x09, 0x02, 0x05, 0x02, 0x03, 0x03, 0x03, 0x02, 0x03, 0x02, 0x02, 0x05, 0x05, 0x09, 0x0D, 0x0C, 0x0C, 0x05, 0x05, 0x03, 0x05, 0x03,
    0x01, 0x05, 0x03, 0x01, 0x03, 0x05, 0x05, 0x09, 0x05, 0x0B, 0x05, 0x05, 0x03, 0x02, 0x02, 0x02, 0x02, 0x02, 0x01, 0x01, 0x01, 0x02, 0x02, 0x02,
    0x02, 0x02, 0x01, 0x06, 0x06, 0x06, 0x06, 0x02, 0x03, 0x02, 0x01, 0x02, 0x01, 0x09, 0x0D, 0x09, 0x03, 0x03, 0x03, 0x05, 0x05, 0x03, 0x05, 0x03,
    0x02, 0x03, 0x03, 0x02, 0x02, 0x03, 0x03, 0x05, 0x05, 0x05, 0x05, 0x03, 0x03, 0x03, 0x05, 0x05, 0x03, 0x03, 0x03, 0x02, 0x04, 0x01, 0x02, 0x02,
    0x01, 0x02, 0x03, 0x05, 0x03, 0x05, 0x0B, 0x0B, 0x09, 0x05, 0x05, 0x0B, 0x0B, 0x0B, 0x05, 0x02, 0x02, 0x05, 0x05, 0x05, 0x09, 0x05, 0x05, 0x05,
    0x05, 0x05, 0x02, 0x06, 0x01, 0x05, 0x05, 0x05, 0x02, 0x02, 0x03, 0x02, 0x02, 0x05, 0x03, 0x0B, 0x0D, 0x05, 0x03, 0x05, 0x01, 0x02, 0x02, 0x03,
    0x02, 0x09, 0x09, 0x05, 0x05, 0x01, 0x06, 0x01, 0x05, 0x03, 0x0B, 0x0B, 0x05, 0x0C, 0x03, 0x09, 0x0B, 0x05, 0x01, 0x02, 0x03, 0x02, 0x01, 0x02,
    0x03, 0x03, 0x02, 0x06, 0x06, 0x06, 0x02, 0x02, 0x06, 0x04, 0x01, 0x01, 0x02, 0x03, 0x05, 0x09, 0x05, 0x09, 0x03, 0x02, 0x05, 0x05, 0x05, 0x05,
    0x02, 0x04, 0x04, 0x01, 0x03, 0x02, 0x03, 0x05, 0x03, 0x03, 0x05, 0x05, 0x09, 0x01, 0x03, 0x0B, 0x03, 0x05, 0x02, 0x01, 0x02, 0x02, 0x03, 0x04,
    0x04, 0x04, 0x01, 0x02, 0x09, 0x0B, 0x0B, 0x05, 0x05, 0x05, 0x0D, 0x05, 0x0B, 0x05, 0x02, 0x02, 0x02, 0x06, 0x01, 0x03, 0x03, 0x03, 0x03, 0x03,
    0x02, 0x04, 0x01, 0x01, 0x03, 0x05, 0x02, 0x01, 0x01, 0x06, 0x01, 0x03, 0x03, 0x02, 0x01, 0x02, 0x02, 0x03, 0x03, 0x02, 0x02, 0x02, 0x02, 0x02,
    0x02, 0x02, 0x05, 0x02, 0x05, 0x05, 0x03, 0x03, 0x03, 0x05, 0x03, 0x03, 0x03, 0x03, 0x05, 0x05, 0x05, 0x05, 0x05, 0x05, 0x03, 0x03, 0x03, 0x03,
    0x03, 0x03, 0x03, 0x03, 0x03, 0x05, 0x05, 0x05, 0x0B, 0x0C, 0x02, 0x03, 0x03, 0x05, 0x02, 0x06, 0x01, 0x03, 0x05, 0x02, 0x03, 0x03, 0x03, 0x03,
    0x09, 0x0B, 0x0B, 0x0B, 0x05, 0x05, 0x05, 0x0B, 0x05, 0x05, 0x05, 0x03, 0x01, 0x01, 0x02, 0x03, 0x03, 0x02, 0x03, 0x03, 0x03, 0x05, 0x05, 0x03,
    0x03, 0x03, 0x02, 0x02, 0x01, 0x04, 0x01, 0x01, 0x01, 0x01, 0x06, 0x01, 0x02, 0x01, 0x0B, 0x09, 0x09, 0x0B, 0x03, 0x05, 0x05, 0x03, 0x02, 0x02,
    0x02, 0x03, 0x03, 0x03, 0x02, 0x09, 0x0B, 0x05, 0x03, 0x03, 0x05, 0x02, 0x03, 0x03, 0x05, 0x01, 0x02, 0x02, 0x01, 0x03, 0x05, 0x03, 0x05, 0x03,
    0x02, 0x03, 0x05, 0x05, 0x09, 0x05, 0x05, 0x06, 0x05, 0x0B, 0x0D, 0x0E, 0x0B, 0x01, 0x06, 0x06, 0x06, 0x06, 0x06, 0x06, 0x06, 0x02, 0x05, 0x0D,
    0x03, 0x09, 0x06, 0x04, 0x03, 0x03, 0x01, 0x02, 0x01, 0x05, 0x05, 0x09, 0x02, 0x06, 0x04, 0x01, 0x01, 0x01, 0x01, 0x01, 0x02, 0x03, 0x0C, 0x0D,
    0x05, 0x0D, 0x0B, 0x05, 0x01, 0x02, 0x01, 0x01, 0x01, 0x01, 0x04, 0x01, 0x01, 0x01, 0x02, 0x02, 0x02, 0x09, 0x05, 0x02, 0x02, 0x05, 0x02, 0x02,
    0x02, 0x02, 0x02, 0x02, 0x03, 0x03, 0x02, 0x03, 0x03, 0x02, 0x02, 0x03, 0x03, 0x02, 0x03, 0x02, 0x02, 0x03, 0x05, 0x03, 0x03, 0x03, 0x03, 0x05,
    0x05, 0x03, 0x01, 0x01, 0x01, 0x01, 0x01, 0x04, 0x09, 0x03, 0x03, 0x03, 0x03, 0x03, 0x05, 0x05, 0x05, 0x03, 0x02, 0x09, 0x0B, 0x05, 0x05, 0x03,
    0x05, 0x05, 0x01, 0x02, 0x02, 0x01, 0x01, 0x03, 0x03, 0x05, 0x09, 0x05, 0x05, 0x0B, 0x0B, 0x05, 0x02, 0x03, 0x05, 0x05, 0x03, 0x02, 0x02, 0x02,
    0x02, 0x01, 0x06, 0x04, 0x02, 0x02, 0x01, 0x04, 0x01, 0x02, 0x02, 0x01, 0x06, 0x01, 0x06, 0x06, 0x01, 0x01, 0x01, 0x01, 0x03, 0x01, 0x03, 0x03,
    0x03, 0x03, 0x02, 0x05, 0x09, 0x0D, 0x0D, 0x0C, 0x0D, 0x0B, 0x05, 0x01, 0x01, 0x01, 0x02, 0x02, 0x0B, 0x05, 0x05, 0x03, 0x03, 0x05, 0x05, 0x02,
    0x02, 0x02, 0x05, 0x09, 0x03, 0x03, 0x02, 0x02, 0x02, 0x03, 0x03, 0x02, 0x03, 0x03, 0x02, 0x03, 0x05, 0x03, 0x05, 0x03, 0x05, 0x03, 0x0D, 0x0F,
    0x05, 0x11, 0x05, 0x03, 0x03, 0x03, 0x03, 0x01, 0x01, 0x01, 0x02, 0x09, 0x0C, 0x09, 0x05, 0x05, 0x05, 0x01, 0x05, 0x03, 0x0B, 0x03, 0x02, 0x01,
    0x05, 0x03, 0x04, 0x04, 0x01, 0x03, 0x05, 0x01, 0x01, 0x01, 0x03, 0x02, 0x03, 0x05, 0x05, 0x05, 0x05, 0x05, 0x05, 0x05, 0x03, 0x05, 0x02, 0x01,
    0x06, 0x01, 0x06, 0x01, 0x01, 0x01, 0x03, 0x05, 0x03, 0x02, 0x01, 0x06, 0x01, 0x01, 0x01, 0x02, 0x02, 0x03, 0x03, 0x02, 0x02, 0x03, 0x03, 0x03,
    0x03, 0x03, 0x02, 0x03, 0x03, 0x03, 0x03, 0x05, 0x09, 0x05, 0x03, 0x02, 0x02, 0x02, 0x02, 0x03, 0x04, 0x03, 0x05, 0x05, 0x04, 0x01, 0x02, 0x03,
    0x05, 0x05, 0x05, 0x05, 0x05, 0x05, 0x05, 0x05, 0x09, 0x0B, 0x05, 0x09, 0x0B, 0x09, 0x05, 0x09, 0x05, 0x05, 0x09, 0x01, 0x01, 0x02, 0x01, 0x01,
    0x03, 0x05, 0x05, 0x01, 0x06, 0x06, 0x06, 0x04, 0x02, 0x01, 0x01, 0x01, 0x01, 0x01, 0x01, 0x01, 0x06, 0x06, 0x06, 0x04, 0x01, 0x06, 0x04, 0x01,
    0x06, 0x06, 0x03, 0x03, 0x01, 0x02, 0x02, 0x02, 0x03, 0x09, 0x05, 0x05, 0x03, 0x01, 0x01, 0x01, 0x03, 0x05, 0x05, 0x05, 0x05, 0x05, 0x05, 0x09,
    0x03, 0x01, 0x04, 0x02, 0x02, 0x05, 0x05, 0x09, 0x03, 0x02, 0x02, 0x03, 0x02, 0x03, 0x02, 0x05, 0x09, 0x02, 0x06, 0x03, 0x02, 0x05, 0x04, 0x04,
    0x03, 0x02, 0x02, 0x02, 0x02, 0x02, 0x02, 0x03, 0x05, 0x06, 0x06, 0x01, 0x02, 0x0B, 0x05, 0x05, 0x05, 0x09, 0x05, 0x03, 0x09, 0x09, 0x04, 0x01,
    0x03, 0x03, 0x03, 0x09, 0x05, 0x03, 0x03, 0x05, 0x05, 0x05, 0x01, 0x06, 0x06, 0x02, 0x02, 0x01, 0x02, 0x03, 0x05, 0x0B, 0x05, 0x03, 0x02, 0x01,
    0x05, 0x03, 0x03, 0x03, 0x01, 0x01, 0x03, 0x05, 0x0D, 0x0D, 0x0B, 0x05, 0x03, 0x03, 0x02, 0x01, 0x06, 0x01, 0x04, 0x02, 0x0B, 0x05, 0x03, 0x02,
    0x01, 0x06, 0x01, 0x01, 0x01, 0x02, 0x04, 0x06, 0x01, 0x02, 0x03, 0x02, 0x02, 0x02, 0x02, 0x03, 0x05, 0x03, 0x05, 0x05, 0x03, 0x05, 0x05, 0x09,
    0x0B, 0x03, 0x03, 0x05, 0x05, 0x03, 0x03, 0x05, 0x02, 0x03, 0x05, 0x03, 0x01, 0x03, 0x03, 0x03, 0x03, 0x03, 0x03, 0x03, 0x05, 0x03, 0x03, 0x05,
    0x03, 0x05, 0x05, 0x05, 0x05, 0x05, 0x0B, 0x05, 0x02, 0x01, 0x02, 0x02, 0x01, 0x02, 0x03, 0x05, 0x05, 0x01, 0x04, 0x06, 0x06, 0x01, 0x02, 0x01,
    0x02, 0x02, 0x01, 0x01, 0x05, 0x01, 0x06, 0x04, 0x01, 0x04, 0x01, 0x04, 0x01, 0x0B, 0x09, 0x0C, 0x01, 0x06, 0x06, 0x01, 0x03, 0x03, 0x05, 0x03,
    0x02, 0x02, 0x06, 0x06, 0x04, 0x03, 0x02, 0x03, 0x03, 0x03, 0x03, 0x05, 0x05, 0x01, 0x05, 0x05, 0x05, 0x0C, 0x0B, 0x05, 0x03, 0x03, 0x02, 0x03,
    0x02, 0x01, 0x01, 0x02, 0x03, 0x03, 0x03, 0x06, 0x06, 0x06, 0x03, 0x01, 0x05, 0x05, 0x0B, 0x0B, 0x05, 0x05, 0x05, 0x0B, 0x03, 0x01, 0x01, 0x06,
    0x06, 0x06, 0x01, 0x03, 0x05, 0x05, 0x09, 0x05, 0x05, 0x02, 0x01, 0x03, 0x05, 0x03, 0x06, 0x02, 0x02, 0x09, 0x02, 0x02, 0x01, 0x03, 0x05, 0x01,
    0x03, 0x05, 0x05, 0x0B, 0x02, 0x01, 0x02, 0x05, 0x05, 0x02, 0x06, 0x01, 0x02, 0x06, 0x01, 0x03, 0x05, 0x03, 0x06, 0x01, 0x03, 0x05, 0x0B, 0x0C,
    0x0D, 0x0B, 0x02, 0x06, 0x04, 0x01, 0x04, 0x03, 0x05, 0x0B, 0x0B, 0x0B, 0x05, 0x03, 0x05, 0x02, 0x02, 0x01, 0x05, 0x03, 0x03, 0x02, 0x02, 0x03,
    0x02, 0x02, 0x02, 0x03, 0x03, 0x05, 0x03, 0x05, 0x05, 0x03, 0x05, 0x05, 0x05, 0x05, 0x05, 0x03, 0x03, 0x03, 0x05, 0x05, 0x0D, 0x05, 0x05, 0x03,
    0x09, 0x05, 0x03, 0x05, 0x03, 0x03, 0x05, 0x05, 0x05, 0x05, 0x03, 0x02, 0x06, 0x03, 0x05, 0x09, 0x01, 0x04, 0x02, 0x05, 0x05, 0x01, 0x02, 0x02,
    0x04, 0x01, 0x01, 0x01, 0x03, 0x05, 0x02, 0x06, 0x02, 0x06, 0x01, 0x01, 0x04, 0x04, 0x01, 0x03, 0x03, 0x01, 0x01, 0x01, 0x06, 0x06, 0x04, 0x01,
    0x01, 0x01, 0x03, 0x09, 0x0B, 0x02, 0x03, 0x06, 0x01, 0x02, 0x02, 0x02, 0x03, 0x05, 0x03, 0x02, 0x03, 0x02, 0x02, 0x02, 0x01, 0x04, 0x03, 0x03,
    0x05, 0x0B, 0x05, 0x05, 0x05, 0x05, 0x05, 0x03, 0x05, 0x05, 0x02, 0x02, 0x01, 0x06, 0x06, 0x04, 0x01, 0x09, 0x05, 0x05, 0x03, 0x01, 0x04, 0x02,
    0x03, 0x03, 0x03, 0x03, 0x05, 0x05, 0x0B, 0x05, 0x03, 0x03, 0x02, 0x01, 0x02, 0x04, 0x04, 0x02, 0x02, 0x03, 0x05, 0x05, 0x05, 0x03, 0x05, 0x0B,
    0x05, 0x03, 0x02, 0x02, 0x01, 0x02, 0x01, 0x04, 0x02, 0x01, 0x01, 0x05, 0x05, 0x03, 0x05, 0x05, 0x05, 0x05, 0x03, 0x02, 0x05, 0x0B, 0x0D, 0x0E,
    0x0B, 0x05, 0x05, 0x05, 0x09, 0x0B, 0x0B, 0x0B, 0x05, 0x01, 0x01, 0x01, 0x0B, 0x0B, 0x0C, 0x0B, 0x05, 0x01, 0x05, 0x01, 0x02, 0x05, 0x05, 0x09,
    0x09, 0x0B, 0x09, 0x05, 0x05, 0x01, 0x06, 0x06, 0x01, 0x02, 0x05, 0x02, 0x02, 0x04, 0x02, 0x03, 0x03, 0x03, 0x03, 0x03, 0x03, 0x03, 0x03, 0x03,
    0x03, 0x05, 0x05, 0x03, 0x03, 0x02, 0x02, 0x03, 0x05, 0x03, 0x05, 0x05, 0x02, 0x03, 0x05, 0x03, 0x02, 0x02, 0x02, 0x03, 0x03, 0x05, 0x02, 0x01,
    0x03, 0x03, 0x05, 0x05, 0x01, 0x01, 0x01, 0x03, 0x05, 0x0B, 0x05, 0x03, 0x02, 0x01, 0x01, 0x01, 0x03, 0x02, 0x05, 0x0B, 0x05, 0x05, 0x09, 0x05,
    0x06, 0x03, 0x05, 0x05, 0x05, 0x01, 0x01, 0x01, 0x04, 0x01, 0x06, 0x04, 0x01, 0x01, 0x01, 0x03, 0x02, 0x03, 0x02, 0x0B, 0x03, 0x02, 0x01, 0x02,
    0x02, 0x02, 0x03, 0x05, 0x03, 0x02, 0x01, 0x04, 0x04, 0x01, 0x03, 0x09, 0x05, 0x0C, 0x09, 0x02, 0x05, 0x03, 0x03, 0x03, 0x03, 0x03, 0x01, 0x02,
    0x03, 0x02, 0x05, 0x05, 0x05, 0x05, 0x0B, 0x0C, 0x0D, 0x05, 0x03, 0x0B, 0x03, 0x03, 0x02, 0x03, 0x05, 0x05, 0x09, 0x05, 0x0C, 0x0B, 0x05, 0x09,
    0x05, 0x03, 0x02, 0x02, 0x01, 0x01, 0x02, 0x03, 0x05, 0x05, 0x05, 0x05, 0x0B, 0x05, 0x03, 0x03, 0x05, 0x03, 0x03, 0x03, 0x05, 0x02, 0x01, 0x02,
    0x03, 0x02, 0x01, 0x04, 0x02, 0x03, 0x03, 0x01, 0x01, 0x01, 0x02, 0x05, 0x0A, 0x0E, 0x0B, 0x05, 0x05, 0x05, 0x0B, 0x0D, 0x05, 0x05, 0x0B, 0x0F,
    0x0D, 0x0F, 0x0E, 0x0D, 0x0B, 0x0B, 0x0C, 0x03, 0x01, 0x02, 0x03, 0x02, 0x05, 0x03, 0x05, 0x05, 0x05, 0x02, 0x04, 0x01, 0x03, 0x04, 0x03, 0x02,
    0x03, 0x05, 0x03, 0x03, 0x03, 0x05, 0x03, 0x05, 0x05, 0x03, 0x01, 0x01, 0x01, 0x02, 0x02, 0x02, 0x03, 0x02, 0x05, 0x03, 0x03, 0x05, 0x03, 0x03,
    0x03, 0x03, 0x02, 0x03, 0x02, 0x02, 0x02, 0x03, 0x03, 0x06, 0x06, 0x01, 0x03, 0x03, 0x05, 0x05, 0x05, 0x02, 0x01, 0x02, 0x03, 0x05, 0x05, 0x03,
    0x01, 0x01, 0x01, 0x02, 0x02, 0x02, 0x03, 0x05, 0x0B, 0x0C, 0x0C, 0x0D, 0x0A, 0x0F, 0x0C, 0x0C, 0x09, 0x03, 0x01, 0x02, 0x01, 0x01, 0x01, 0x02,
    0x01, 0x04, 0x06, 0x01, 0x02, 0x02, 0x02, 0x01, 0x02, 0x01, 0x02, 0x01, 0x01, 0x01, 0x03, 0x05, 0x02, 0x04, 0x04, 0x01, 0x03, 0x03, 0x03, 0x04,
    0x03, 0x03, 0x05, 0x05, 0x01, 0x02, 0x02, 0x01, 0x01, 0x01, 0x02, 0x01, 0x03, 0x05, 0x05, 0x05, 0x05, 0x05, 0x03, 0x05, 0x05, 0x09, 0x09, 0x05,
    0x02, 0x01, 0x01, 0x03, 0x03, 0x02, 0x02, 0x05, 0x05, 0x0D, 0x0E, 0x0B, 0x0B, 0x05, 0x05, 0x03, 0x02, 0x01, 0x01, 0x02, 0x02, 0x01, 0x01, 0x02,
    0x03, 0x03, 0x03, 0x03, 0x05, 0x09, 0x0B, 0x05, 0x05, 0x03, 0x02, 0x02, 0x02, 0x02, 0x05, 0x05, 0x0B, 0x05, 0x02, 0x03, 0x02, 0x01, 0x01, 0x01,
    0x04, 0x05, 0x05, 0x05, 0x03, 0x03, 0x05, 0x05, 0x05, 0x0B, 0x05, 0x05, 0x0F, 0x11, 0x0A, 0x0F, 0x0D, 0x0B, 0x0B, 0x05, 0x03, 0x01, 0x01, 0x02,
    0x02, 0x03, 0x02, 0x03, 0x02, 0x01, 0x02, 0x05, 0x04, 0x01, 0x02, 0x03, 0x03, 0x03, 0x02, 0x03, 0x03, 0x03, 0x03, 0x03, 0x03, 0x02, 0x04, 0x01,
    0x02, 0x02, 0x01, 0x02, 0x02, 0x03, 0x03, 0x03, 0x03, 0x03, 0x03, 0x02, 0x01, 0x01, 0x02, 0x03, 0x05, 0x05, 0x03, 0x03, 0x03, 0x03, 0x02, 0x05,
    0x05, 0x05, 0x02, 0x03, 0x0C, 0x0B, 0x05, 0x01, 0x01, 0x01, 0x03, 0x02, 0x01, 0x01, 0x02, 0x02, 0x01, 0x01, 0x02, 0x02, 0x05, 0x05, 0x0B, 0x0B,
    0x0B, 0x0B, 0x0B, 0x0D, 0x0B, 0x03, 0x02, 0x03, 0x02, 0x02, 0x03, 0x02, 0x02, 0x01, 0x04, 0x01, 0x02, 0x02, 0x01, 0x03, 0x02, 0x02, 0x02, 0x04,
    0x01, 0x01, 0x05, 0x05, 0x03, 0x05, 0x05, 0x01, 0x02, 0x02, 0x03, 0x03, 0x03, 0x03, 0x05, 0x05, 0x02, 0x01, 0x02, 0x01, 0x02, 0x03, 0x05, 0x03,
    0x02, 0x02, 0x02, 0x02, 0x02, 0x01, 0x04, 0x02, 0x02, 0x05, 0x0D, 0x0F, 0x01, 0x01, 0x02, 0x02, 0x03, 0x01, 0x02, 0x03, 0x03, 0x05, 0x0B, 0x03,
    0x03, 0x09, 0x05, 0x03, 0x02, 0x01, 0x06, 0x04, 0x02, 0x01, 0x01, 0x01, 0x02, 0x03, 0x05, 0x02, 0x03, 0x03, 0x09, 0x05, 0x03, 0x02, 0x02, 0x01,
    0x01, 0x03, 0x05, 0x0B, 0x0B, 0x05, 0x02, 0x03, 0x05, 0x03, 0x01, 0x02, 0x06, 0x01, 0x02, 0x02, 0x06, 0x01, 0x03, 0x03, 0x05, 0x09, 0x0B, 0x03,
    0x03, 0x03, 0x0D, 0x0D, 0x05, 0x03, 0x05, 0x0B, 0x05, 0x05, 0x02, 0x01, 0x02, 0x02, 0x03, 0x03, 0x02, 0x03, 0x05, 0x05, 0x02, 0x04, 0x03, 0x01,
    0x03, 0x03, 0x02, 0x02, 0x02, 0x02, 0x03, 0x03, 0x03, 0x0B, 0x09, 0x0B, 0x0B, 0x05, 0x05, 0x0B, 0x05, 0x01, 0x03, 0x03, 0x03, 0x03, 0x03, 0x03,
    0x02, 0x01, 0x03, 0x03, 0x05, 0x03, 0x03, 0x03, 0x03, 0x05, 0x05, 0x05, 0x01, 0x02, 0x01, 0x01, 0x05, 0x0B, 0x0B, 0x03, 0x03, 0x03, 0x02, 0x02,
    0x02, 0x02, 0x02, 0x03, 0x02, 0x01, 0x02, 0x02, 0x03, 0x03, 0x05, 0x05, 0x02, 0x03, 0x05, 0x0B, 0x0D, 0x0B, 0x03, 0x03, 0x03, 0x02, 0x02, 0x02,
    0x05, 0x0B, 0x05, 0x01, 0x04, 0x01, 0x02, 0x02, 0x01, 0x01, 0x01, 0x02, 0x02, 0x02, 0x02, 0x03, 0x0B, 0x0D, 0x0B, 0x09, 0x02, 0x01, 0x02, 0x02,
    0x02, 0x01, 0x01, 0x01, 0x03, 0x02, 0x02, 0x03, 0x05, 0x03, 0x03, 0x03, 0x02, 0x02, 0x03, 0x03, 0x03, 0x05, 0x03, 0x02, 0x02, 0x02, 0x03, 0x05,
    0x03, 0x05, 0x05, 0x05, 0x02, 0x03, 0x04, 0x02, 0x04, 0x04, 0x01, 0x04, 0x04, 0x02, 0x01, 0x01, 0x03, 0x03, 0x03, 0x05, 0x05, 0x03, 0x03, 0x02,
    0x02, 0x04, 0x01, 0x01, 0x01, 0x02, 0x03, 0x03, 0x05, 0x02, 0x01, 0x06, 0x04, 0x03, 0x09, 0x05, 0x0B, 0x0B, 0x0B, 0x0B, 0x05, 0x03, 0x02, 0x05,
    0x06, 0x06, 0x01, 0x03, 0x02, 0x01, 0x04, 0x01, 0x01, 0x02, 0x01, 0x02, 0x03, 0x05, 0x0C, 0x05, 0x0B, 0x05, 0x05, 0x05, 0x01, 0x02, 0x01, 0x02,
    0x02, 0x02, 0x03, 0x03, 0x01, 0x02, 0x03, 0x05, 0x0B, 0x05, 0x03, 0x02, 0x02, 0x03, 0x03, 0x02, 0x01, 0x01, 0x01, 0x03, 0x03, 0x05, 0x0B, 0x0D,
    0x0E, 0x0E, 0x0E, 0x0D, 0x0C, 0x05, 0x05, 0x02, 0x03, 0x02, 0x01, 0x01, 0x02, 0x03, 0x02, 0x02, 0x02, 0x02, 0x01, 0x02, 0x02, 0x03, 0x05, 0x03,
    0x06, 0x04, 0x02, 0x04, 0x01, 0x02, 0x05, 0x09, 0x05, 0x05, 0x03, 0x02, 0x03, 0x02, 0x02, 0x03, 0x02, 0x06, 0x01, 0x02, 0x02, 0x05, 0x05, 0x05,
    0x03, 0x03, 0x05, 0x03, 0x05, 0x02, 0x05, 0x05, 0x03, 0x03, 0x02, 0x03, 0x0B, 0x09, 0x02, 0x01, 0x04, 0x02, 0x09, 0x03, 0x02, 0x01, 0x03, 0x03,
    0x02, 0x01, 0x02, 0x02, 0x03, 0x02, 0x05, 0x0D, 0x0B, 0x01, 0x02, 0x02, 0x01, 0x04, 0x01, 0x01, 0x02, 0x02, 0x01, 0x01, 0x02, 0x02, 0x02, 0x01,
    0x02, 0x03, 0x02, 0x02, 0x03, 0x03, 0x05, 0x01, 0x02, 0x01, 0x02, 0x01, 0x03, 0x03, 0x02, 0x02, 0x02, 0x02, 0x03, 0x01, 0x01, 0x02, 0x03, 0x05,
    0x03, 0x01, 0x01, 0x02, 0x04, 0x04, 0x02, 0x03, 0x09, 0x05, 0x05, 0x02, 0x03, 0x02, 0x01, 0x02, 0x03, 0x02, 0x02, 0x01, 0x03, 0x05, 0x0B, 0x05,
    0x03, 0x05, 0x05, 0x03, 0x02, 0x03, 0x05, 0x03, 0x05, 0x05, 0x03, 0x03, 0x05, 0x02, 0x09, 0x05, 0x05, 0x03, 0x05, 0x0B, 0x03, 0x02, 0x04, 0x02,
    0x05, 0x05, 0x05, 0x0B, 0x0B, 0x05, 0x09, 0x05, 0x05, 0x04, 0x04, 0x02, 0x02, 0x03, 0x03, 0x03, 0x02, 0x05, 0x02, 0x04, 0x09, 0x0B, 0x05, 0x03,
    0x05, 0x02, 0x01, 0x01, 0x02, 0x02, 0x02, 0x02, 0x03, 0x03, 0x05, 0x05, 0x05, 0x09, 0x0B, 0x09, 0x09, 0x05, 0x05, 0x03, 0x03, 0x02, 0x03, 0x02,
    0x01, 0x02, 0x02, 0x01, 0x01, 0x01, 0x01, 0x01, 0x06, 0x02, 0x05, 0x02, 0x09, 0x05, 0x03, 0x06, 0x06, 0x03, 0x03, 0x05, 0x03, 0x05, 0x05, 0x05,
    0x0B, 0x03, 0x01, 0x02, 0x03, 0x03, 0x01, 0x02, 0x06, 0x05, 0x05, 0x05, 0x0B, 0x09, 0x05, 0x03, 0x05, 0x03, 0x03, 0x03, 0x05, 0x0B, 0x0A, 0x0F,
    0x0D, 0x0B, 0x03, 0x05, 0x03, 0x02, 0x01, 0x02, 0x02, 0x03, 0x02, 0x03, 0x03, 0x02, 0x02, 0x01, 0x01, 0x03, 0x02, 0x01, 0x03, 0x03, 0x02, 0x01,
    0x04, 0x01, 0x01, 0x02, 0x02, 0x01, 0x02, 0x02, 0x01, 0x01, 0x06, 0x04, 0x01, 0x06, 0x01, 0x02, 0x02, 0x02, 0x01, 0x01, 0x02, 0x04, 0x02, 0x02,
    0x05, 0x05, 0x05, 0x03, 0x03, 0x03, 0x06, 0x04, 0x02, 0x01, 0x02, 0x05, 0x0B, 0x0B, 0x05, 0x02, 0x02, 0x02, 0x02, 0x02, 0x03, 0x05, 0x09, 0x0B,
    0x0C, 0x0B, 0x0C, 0x03, 0x04, 0x01, 0x04, 0x03, 0x03, 0x03, 0x02, 0x03, 0x05, 0x02, 0x03, 0x03, 0x02, 0x04, 0x02, 0x03, 0x03, 0x03, 0x03, 0x03,
    0x05, 0x0C, 0x0B, 0x02, 0x02, 0x03, 0x05, 0x0B, 0x0B, 0x05, 0x01, 0x01, 0x03, 0x03, 0x02, 0x05, 0x05, 0x0B, 0x05, 0x05, 0x05, 0x05, 0x01, 0x01,
    0x01, 0x05, 0x0C, 0x03, 0x01, 0x01, 0x05, 0x0B, 0x05, 0x0B, 0x0B, 0x03, 0x02, 0x03, 0x03, 0x02, 0x02, 0x02, 0x02, 0x02, 0x03, 0x03, 0x03, 0x03,
    0x03, 0x03, 0x02, 0x03, 0x03, 0x02, 0x03, 0x02, 0x03, 0x02, 0x05, 0x02, 0x01, 0x01, 0x03, 0x05, 0x05, 0x05, 0x05, 0x05, 0x03, 0x03, 0x05, 0x03,
    0x05, 0x03, 0x01, 0x03, 0x03, 0x05, 0x02, 0x05, 0x05, 0x03, 0x05, 0x05, 0x0B, 0x05, 0x02, 0x02, 0x03, 0x05, 0x05, 0x02, 0x02, 0x02, 0x03, 0x05,
    0x05, 0x05, 0x09, 0x05, 0x06, 0x01, 0x03, 0x03, 0x0B, 0x0D, 0x0C, 0x0F, 0x0F, 0x0D, 0x0D, 0x0C, 0x05, 0x05, 0x01, 0x03, 0x02, 0x03, 0x03, 0x02,
    0x05, 0x03, 0x02, 0x01, 0x01, 0x01, 0x02, 0x02, 0x02, 0x01, 0x02, 0x01, 0x02, 0x02, 0x01, 0x01, 0x01, 0x02, 0x02, 0x01, 0x06, 0x06, 0x06, 0x04,
    0x04, 0x06, 0x04, 0x01, 0x01, 0x02, 0x04, 0x02, 0x04, 0x02, 0x04, 0x02, 0x03, 0x03, 0x03, 0x03, 0x01, 0x09, 0x0B, 0x05, 0x03, 0x02, 0x06, 0x02,
    0x05, 0x02, 0x02, 0x05, 0x09, 0x02, 0x01, 0x01, 0x04, 0x02, 0x03, 0x03, 0x03, 0x05, 0x03, 0x05, 0x05, 0x03, 0x03, 0x0B, 0x09, 0x03, 0x03, 0x02,
    0x03, 0x02, 0x01, 0x02, 0x02, 0x02, 0x01, 0x02, 0x03, 0x02, 0x02, 0x03, 0x01, 0x0B, 0x0B, 0x0D, 0x0C, 0x0B, 0x05, 0x05, 0x05, 0x0B, 0x05, 0x01,
    0x02, 0x03, 0x05, 0x0B, 0x05, 0x09, 0x05, 0x05, 0x05, 0x03, 0x04, 0x01, 0x01, 0x02, 0x01, 0x02, 0x05, 0x09, 0x05, 0x0B, 0x05, 0x05, 0x03, 0x05,
    0x05, 0x03, 0x0B, 0x0B, 0x05, 0x03, 0x02, 0x02, 0x03, 0x03, 0x02, 0x01, 0x01, 0x01, 0x01, 0x01, 0x04, 0x01, 0x01, 0x03, 0x03, 0x02, 0x03, 0x05,
    0x05, 0x05, 0x03, 0x03, 0x09, 0x0B, 0x05, 0x05, 0x03, 0x03, 0x03, 0x03, 0x05, 0x01, 0x01, 0x03, 0x09, 0x05, 0x0B, 0x0B, 0x05, 0x05, 0x0B, 0x03,
    0x02, 0x04, 0x03, 0x09, 0x05, 0x05, 0x03, 0x01, 0x02, 0x01, 0x03, 0x03, 0x03, 0x03, 0x05, 0x01, 0x03, 0x03, 0x02, 0x02, 0x03, 0x02, 0x02, 0x02,
    0x02, 0x02, 0x02, 0x05, 0x05, 0x09, 0x0D, 0x0D, 0x05, 0x05, 0x02, 0x01, 0x02, 0x05, 0x03, 0x03, 0x05, 0x03, 0x02, 0x02, 0x04, 0x01, 0x01, 0x02,
    0x01, 0x01, 0x04, 0x04, 0x01, 0x02, 0x06, 0x06, 0x04, 0x04, 0x06, 0x06, 0x01, 0x03, 0x02, 0x01, 0x02, 0x02, 0x04, 0x04, 0x04, 0x02, 0x02, 0x03,
    0x03, 0x03, 0x03, 0x05, 0x05, 0x02, 0x03, 0x05, 0x05, 0x05, 0x05, 0x02, 0x01, 0x02, 0x03, 0x03, 0x03, 0x02, 0x03, 0x03, 0x02, 0x02, 0x01, 0x01,
    0x04, 0x05, 0x0B, 0x05, 0x01, 0x05, 0x01, 0x05, 0x05, 0x02, 0x03, 0x0B, 0x05, 0x02, 0x03, 0x05, 0x03, 0x01, 0x02, 0x05, 0x03, 0x01, 0x05, 0x05,
    0x01, 0x04, 0x05, 0x0B, 0x05, 0x0B, 0x03, 0x02, 0x09, 0x0B, 0x05, 0x02, 0x03, 0x03, 0x03, 0x05, 0x05, 0x05, 0x05, 0x02, 0x05, 0x0B, 0x0D, 0x11,
    0x0D, 0x04, 0x01, 0x04, 0x01, 0x03, 0x05, 0x05, 0x03, 0x02, 0x03, 0x02, 0x02, 0x02, 0x02, 0x0B, 0x0B, 0x05, 0x05, 0x03, 0x03, 0x03, 0x02, 0x02,
    0x02, 0x02, 0x02, 0x01, 0x02, 0x02, 0x06, 0x04, 0x03, 0x01, 0x03, 0x03, 0x03, 0x02, 0x03, 0x03, 0x03, 0x03, 0x03, 0x03, 0x03, 0x03, 0x03, 0x01,
    0x02, 0x02, 0x02, 0x05, 0x05, 0x03, 0x05, 0x03, 0x05, 0x05, 0x03, 0x02, 0x01, 0x04, 0x01, 0x01, 0x02, 0x02, 0x02, 0x02, 0x05, 0x02, 0x03, 0x05,
    0x02, 0x03, 0x03, 0x01, 0x02, 0x02, 0x02, 0x02, 0x06, 0x06, 0x06, 0x06, 0x06, 0x04, 0x06, 0x02, 0x02, 0x01, 0x03, 0x03, 0x05, 0x05, 0x03, 0x05,
    0x05, 0x03, 0x03, 0x05, 0x05, 0x03, 0x02, 0x02, 0x01, 0x02, 0x02, 0x01, 0x02, 0x01, 0x06, 0x06, 0x06, 0x06, 0x01, 0x01, 0x01, 0x01, 0x01, 0x06,
    0x06, 0x01, 0x01, 0x04, 0x01, 0x01, 0x04, 0x01, 0x01, 0x01, 0x0B, 0x0C, 0x01, 0x02, 0x02, 0x03, 0x03, 0x03, 0x03, 0x04, 0x02, 0x09, 0x0B, 0x0B,
    0x03, 0x05, 0x05, 0x02, 0x03, 0x03, 0x03, 0x03, 0x01, 0x02, 0x02, 0x01, 0x04, 0x02, 0x05, 0x0E, 0x0B, 0x05, 0x02, 0x02, 0x05, 0x03, 0x03, 0x05,
    0x05, 0x03, 0x03, 0x05, 0x05, 0x05, 0x03, 0x02, 0x05, 0x05, 0x0D, 0x0B, 0x03, 0x06, 0x01, 0x01, 0x03, 0x02, 0x02, 0x02, 0x05, 0x05, 0x05, 0x03,
    0x03, 0x03, 0x03, 0x03, 0x03, 0x05, 0x05, 0x05, 0x0B, 0x03, 0x05, 0x05, 0x09, 0x03, 0x09, 0x0B, 0x03, 0x06, 0x06, 0x06, 0x06, 0x04, 0x02, 0x02,
    0x03, 0x02, 0x03, 0x03, 0x02, 0x03, 0x05, 0x0B, 0x0B, 0x05, 0x03, 0x03, 0x09, 0x0B, 0x05, 0x05, 0x03, 0x02, 0x03, 0x05, 0x01, 0x01, 0x01, 0x02,
    0x02, 0x05, 0x03, 0x01, 0x02, 0x02, 0x05, 0x0B, 0x0B, 0x02, 0x05, 0x0B, 0x0B, 0x0C, 0x02, 0x02, 0x03, 0x05, 0x02, 0x01, 0x02, 0x03, 0x03, 0x03,
    0x03, 0x01, 0x06, 0x06, 0x04, 0x02, 0x02, 0x02, 0x02, 0x05, 0x02, 0x02, 0x03, 0x02, 0x01, 0x04, 0x01, 0x03, 0x03, 0x03, 0x04, 0x06, 0x06, 0x06,
    0x06, 0x06, 0x06, 0x06, 0x06, 0x03, 0x04, 0x03, 0x03, 0x03, 0x05, 0x05, 0x03, 0x03, 0x03, 0x02, 0x02, 0x02, 0x02, 0x02, 0x02, 0x01, 0x06, 0x06,
    0x02, 0x01, 0x04, 0x01, 0x02, 0x04, 0x01, 0x03, 0x02, 0x05, 0x05, 0x06, 0x06, 0x06, 0x06, 0x06, 0x02, 0x06, 0x04, 0x01, 0x01, 0x01, 0x02, 0x02,
    0x02, 0x03, 0x02, 0x02, 0x02, 0x03, 0x05, 0x09, 0x05, 0x0B, 0x02, 0x02, 0x02, 0x03, 0x05, 0x02, 0x04, 0x01, 0x01, 0x04, 0x02, 0x03, 0x02, 0x02,
    0x03, 0x05, 0x03, 0x05, 0x05, 0x03, 0x01, 0x02, 0x02, 0x02, 0x02, 0x03, 0x05, 0x02, 0x02, 0x05, 0x02, 0x02, 0x05, 0x05, 0x0C, 0x0D, 0x03, 0x05,
    0x0C, 0x05, 0x06, 0x01, 0x04, 0x03, 0x03, 0x03, 0x02, 0x02, 0x03, 0x03, 0x03, 0x02, 0x03, 0x03, 0x03, 0x01, 0x03, 0x01, 0x03, 0x03, 0x0B, 0x0B,
    0x09, 0x02, 0x0B, 0x0E, 0x0E, 0x05, 0x05, 0x0C, 0x05, 0x02, 0x01, 0x01, 0x03, 0x03, 0x02, 0x02, 0x03, 0x03, 0x03, 0x03, 0x03, 0x03, 0x02, 0x02,
    0x02, 0x03, 0x09, 0x0B, 0x03, 0x03, 0x05, 0x03, 0x05, 0x05, 0x03, 0x03, 0x05, 0x03, 0x05, 0x03, 0x03, 0x0B, 0x05, 0x03, 0x02, 0x02, 0x05, 0x05,
    0x05, 0x05, 0x0B, 0x0B, 0x05, 0x0C, 0x05, 0x03, 0x03, 0x02, 0x02, 0x03, 0x03, 0x01, 0x04, 0x04, 0x03, 0x02, 0x04, 0x04, 0x06, 0x04, 0x01, 0x02,
    0x02, 0x02, 0x01, 0x02, 0x02, 0x01, 0x02, 0x02, 0x02, 0x03, 0x03, 0x03, 0x06, 0x06, 0x06, 0x02, 0x05, 0x05, 0x01, 0x06, 0x02, 0x05, 0x04, 0x03,
    0x03, 0x01, 0x02, 0x02, 0x01, 0x06, 0x06, 0x01, 0x02, 0x02, 0x02, 0x01, 0x04, 0x02, 0x02, 0x03, 0x02, 0x05, 0x05, 0x05, 0x05, 0x05, 0x0C, 0x0D,
    0x09, 0x02, 0x01, 0x06, 0x06, 0x06, 0x04, 0x01, 0x02, 0x01, 0x04, 0x03, 0x03, 0x03, 0x01, 0x04, 0x01, 0x01, 0x03, 0x05, 0x05, 0x09, 0x03, 0x03,
    0x02, 0x01, 0x05, 0x09, 0x05, 0x01, 0x04, 0x06, 0x06, 0x06, 0x04, 0x01, 0x03, 0x02, 0x02, 0x02, 0x09, 0x05, 0x0B, 0x02, 0x01, 0x04, 0x01, 0x06,
    0x06, 0x01, 0x01, 0x04, 0x01, 0x02, 0x05, 0x05, 0x05, 0x05, 0x01, 0x09, 0x05, 0x03, 0x02, 0x02, 0x05, 0x05, 0x05, 0x03, 0x01, 0x04, 0x04, 0x03,
    0x03, 0x03, 0x02, 0x02, 0x03, 0x0B, 0x02, 0x03, 0x03, 0x0B, 0x0B, 0x0B, 0x05, 0x0B, 0x05, 0x03, 0x03, 0x05, 0x09, 0x05, 0x09, 0x05, 0x02, 0x02,
    0x02, 0x04, 0x02, 0x02, 0x03, 0x01, 0x03, 0x05, 0x03, 0x02, 0x03, 0x02, 0x02, 0x03, 0x05, 0x02, 0x03, 0x03, 0x05, 0x02, 0x09, 0x09, 0x0B, 0x09,
    0x05, 0x05, 0x05, 0x03, 0x02, 0x01, 0x02, 0x03, 0x02, 0x03, 0x03, 0x02, 0x02, 0x03, 0x03, 0x03, 0x03, 0x03, 0x02, 0x05, 0x03, 0x05, 0x03, 0x02,
    0x02, 0x02, 0x01, 0x02, 0x03, 0x02, 0x01, 0x01, 0x02, 0x01, 0x04, 0x02, 0x01, 0x03, 0x01, 0x02, 0x01, 0x01, 0x01, 0x02, 0x02, 0x01, 0x01, 0x03,
    0x01, 0x01, 0x02, 0x02, 0x05, 0x03, 0x05, 0x05, 0x02, 0x02, 0x09, 0x05, 0x05, 0x09, 0x09, 0x03, 0x05, 0x03, 0x0B, 0x09, 0x01, 0x02, 0x01, 0x03,
    0x01, 0x03, 0x03, 0x03, 0x02, 0x02, 0x03, 0x02, 0x02, 0x02, 0x03, 0x0B, 0x0C, 0x0C, 0x0C, 0x0E, 0x05, 0x02, 0x06, 0x06, 0x01, 0x01, 0x01, 0x01,
    0x01, 0x03, 0x05, 0x05, 0x02, 0x02, 0x04, 0x01, 0x01, 0x04, 0x01, 0x02, 0x0B, 0x05, 0x0B, 0x0B, 0x03, 0x02, 0x06, 0x06, 0x06, 0x06, 0x01, 0x02,
    0x02, 0x02, 0x02, 0x02, 0x02, 0x02, 0x03, 0x02, 0x05, 0x0B, 0x05, 0x05, 0x03, 0x05, 0x0B, 0x0A, 0x0B, 0x09, 0x09, 0x05, 0x03, 0x03, 0x01, 0x01,
    0x03, 0x03, 0x0B, 0x09, 0x05, 0x05, 0x0B, 0x0B, 0x05, 0x02, 0x03, 0x01, 0x04, 0x04, 0x06, 0x01, 0x04, 0x01, 0x09, 0x05, 0x03, 0x01, 0x01, 0x02,
    0x0B, 0x0C, 0x09, 0x03, 0x02, 0x01, 0x01, 0x02, 0x02, 0x04, 0x01, 0x06, 0x04, 0x02, 0x02, 0x02, 0x03, 0x05, 0x05, 0x02, 0x03, 0x03, 0x03, 0x01,
    0x04, 0x03, 0x05, 0x09, 0x05, 0x05, 0x03, 0x01, 0x02, 0x02, 0x02, 0x02, 0x05, 0x03, 0x03, 0x01, 0x03, 0x01, 0x06, 0x01, 0x05, 0x03, 0x01, 0x04,
    0x04, 0x01, 0x03, 0x01, 0x03, 0x01, 0x02, 0x03, 0x03, 0x03, 0x02, 0x02, 0x02, 0x02, 0x02, 0x02, 0x03, 0x02, 0x05, 0x02, 0x02, 0x03, 0x01, 0x06,
    0x01, 0x01, 0x01, 0x06, 0x04, 0x04, 0x06, 0x04, 0x02, 0x02, 0x01, 0x01, 0x01, 0x04, 0x04, 0x04, 0x01, 0x04, 0x03, 0x05, 0x02, 0x02, 0x03, 0x03,
    0x03, 0x03, 0x03, 0x02, 0x01, 0x01, 0x02, 0x02, 0x01, 0x02, 0x05, 0x0B, 0x05, 0x02, 0x02, 0x0B, 0x03, 0x06, 0x04, 0x01, 0x04, 0x02, 0x02, 0x02,
    0x05, 0x0B, 0x05, 0x03, 0x02, 0x02, 0x02, 0x06, 0x06, 0x02, 0x02, 0x05, 0x01, 0x02, 0x02, 0x02, 0x02, 0x03, 0x03, 0x06, 0x06, 0x06, 0x04, 0x03,
    0x02, 0x01, 0x05, 0x05, 0x0D, 0x0B, 0x01, 0x01, 0x02, 0x04, 0x06, 0x01, 0x04, 0x01, 0x02, 0x03, 0x04, 0x02, 0x01, 0x03, 0x03, 0x03, 0x03, 0x05,
    0x05, 0x05, 0x03, 0x0B, 0x02, 0x05, 0x09, 0x05, 0x01, 0x02, 0x02, 0x03, 0x05, 0x02, 0x02, 0x01, 0x02, 0x05, 0x02, 0x02, 0x03, 0x05, 0x05, 0x05,
    0x05, 0x01, 0x06, 0x06, 0x01, 0x04, 0x04, 0x02, 0x03, 0x03, 0x03, 0x03, 0x03, 0x03, 0x02, 0x02, 0x05, 0x0B, 0x09, 0x06, 0x06, 0x06, 0x01, 0x01,
    0x02, 0x02, 0x02, 0x02, 0x02, 0x01, 0x03, 0x02, 0x02, 0x01, 0x01, 0x02, 0x01, 0x02, 0x02, 0x02, 0x02, 0x01, 0x02, 0x01, 0x06, 0x01, 0x01, 0x04,
    0x01, 0x01, 0x01, 0x03, 0x05, 0x0B, 0x05, 0x0B, 0x05, 0x05, 0x02, 0x04, 0x05, 0x02, 0x05, 0x05, 0x0B, 0x0B, 0x03, 0x03, 0x03, 0x03, 0x09, 0x05,
    0x01, 0x04, 0x01, 0x02, 0x03, 0x02, 0x03, 0x05, 0x02, 0x01, 0x02, 0x02, 0x06, 0x01, 0x04, 0x01, 0x01, 0x02, 0x02, 0x02, 0x02, 0x03, 0x01, 0x06,
    0x04, 0x06, 0x06, 0x06, 0x06, 0x06, 0x01, 0x02, 0x03, 0x02, 0x03, 0x03, 0x03, 0x02, 0x03, 0x03, 0x04, 0x06, 0x04, 0x01, 0x02, 0x03, 0x0B, 0x05,
    0x05, 0x03, 0x02, 0x02, 0x02, 0x05, 0x03, 0x05, 0x09, 0x01, 0x01, 0x02, 0x03, 0x03, 0x05, 0x05, 0x0B, 0x03, 0x02, 0x02, 0x06, 0x06, 0x06, 0x02,
    0x02, 0x02, 0x02, 0x03, 0x03, 0x01, 0x05, 0x05, 0x09, 0x05, 0x01, 0x01, 0x01, 0x06, 0x01, 0x02, 0x03, 0x0B, 0x0B, 0x05, 0x02, 0x02, 0x03, 0x02,
    0x03, 0x06, 0x06, 0x06, 0x01, 0x02, 0x02, 0x01, 0x02, 0x03, 0x02, 0x09, 0x0B, 0x0B, 0x02, 0x06, 0x04, 0x03, 0x05, 0x05, 0x05, 0x03, 0x02, 0x03,
    0x01, 0x05, 0x0B, 0x0B, 0x0B, 0x09, 0x03, 0x02, 0x03, 0x02, 0x02, 0x03, 0x05, 0x05, 0x0C, 0x03, 0x01, 0x01, 0x02, 0x02, 0x02, 0x03, 0x03, 0x03,
    0x02, 0x02, 0x03, 0x02, 0x02, 0x03, 0x0C, 0x05, 0x0B, 0x04, 0x06, 0x01, 0x03, 0x05, 0x03, 0x02, 0x02, 0x02, 0x01, 0x01, 0x01, 0x01, 0x01, 0x01,
    0x02, 0x02, 0x04, 0x04, 0x01, 0x04, 0x01, 0x05, 0x01, 0x04, 0x01, 0x06, 0x01, 0x04, 0x02, 0x05, 0x09, 0x0B, 0x0B, 0x02, 0x03, 0x05, 0x03, 0x05,
    0x05, 0x09, 0x03, 0x03, 0x05, 0x05, 0x03, 0x03, 0x02, 0x02, 0x02, 0x03, 0x03, 0x01, 0x01, 0x02, 0x02, 0x02, 0x05, 0x0C, 0x0B, 0x09, 0x03, 0x06,
    0x01, 0x02, 0x03, 0x05, 0x03, 0x02, 0x02, 0x02, 0x01, 0x01, 0x01, 0x02, 0x01, 0x01, 0x06, 0x06, 0x06, 0x01, 0x01, 0x02, 0x02, 0x03, 0x01, 0x02,
    0x02, 0x03, 0x03, 0x03, 0x03, 0x03, 0x03, 0x06, 0x01, 0x02, 0x01, 0x02, 0x05, 0x02, 0x06, 0x06, 0x02, 0x02, 0x03, 0x05, 0x05, 0x0B, 0x05, 0x05,
    0x09, 0x03, 0x03, 0x0B, 0x05, 0x03, 0x05, 0x05, 0x02, 0x06, 0x02, 0x03, 0x03, 0x03, 0x02, 0x03, 0x03, 0x03, 0x02, 0x05, 0x02, 0x02, 0x05, 0x03,
    0x03, 0x01, 0x06, 0x04, 0x02, 0x01, 0x02, 0x02, 0x04, 0x04, 0x05, 0x05, 0x03, 0x03, 0x05, 0x01, 0x06, 0x01, 0x02, 0x02, 0x02, 0x02, 0x03, 0x02,
    0x02, 0x0B, 0x0D, 0x01, 0x06, 0x04, 0x01, 0x03, 0x02, 0x02, 0x02, 0x06, 0x02, 0x04, 0x01, 0x03, 0x05, 0x05, 0x05, 0x01, 0x06, 0x06, 0x01, 0x04,
    0x02, 0x01, 0x03, 0x03, 0x04, 0x04, 0x04, 0x02, 0x02, 0x01, 0x04, 0x02, 0x03, 0x02, 0x02, 0x02, 0x01, 0x01, 0x05, 0x05, 0x02, 0x03, 0x0B, 0x03,
    0x01, 0x03, 0x02, 0x02, 0x02, 0x02, 0x02, 0x02, 0x02, 0x01, 0x01, 0x02, 0x01, 0x01, 0x02, 0x05, 0x01, 0x01, 0x03, 0x03, 0x0C, 0x0C, 0x0D, 0x0F,
    0x05, 0x03, 0x03, 0x03, 0x02, 0x02, 0x01, 0x01, 0x02, 0x02, 0x05, 0x0B, 0x05, 0x0B, 0x02, 0x03, 0x05, 0x02, 0x03, 0x02, 0x02, 0x02, 0x02, 0x03,
    0x03, 0x03, 0x03, 0x03, 0x03, 0x03, 0x03, 0x03, 0x03, 0x02, 0x02, 0x01, 0x01, 0x01, 0x01, 0x03, 0x05, 0x01, 0x02, 0x01, 0x04, 0x04, 0x06, 0x04,
    0x01, 0x02, 0x04, 0x01, 0x0C, 0x02, 0x06, 0x06, 0x01, 0x02, 0x02, 0x03, 0x03, 0x03, 0x03, 0x02, 0x02, 0x02, 0x05, 0x05, 0x02, 0x03, 0x02, 0x04,
    0x01, 0x05, 0x03, 0x01, 0x02, 0x03, 0x03, 0x03, 0x03, 0x03, 0x03, 0x03, 0x01, 0x06, 0x01, 0x02, 0x02, 0x06, 0x03, 0x09, 0x09, 0x0C, 0x0B, 0x05,
    0x01, 0x01, 0x01, 0x01, 0x01, 0x01, 0x02, 0x01, 0x02, 0x06, 0x05, 0x01, 0x05, 0x05, 0x01, 0x06, 0x04, 0x01, 0x01, 0x02, 0x01, 0x01, 0x01, 0x01,
    0x04, 0x05, 0x0B, 0x05, 0x05, 0x03, 0x02, 0x02, 0x02, 0x03, 0x02, 0x05, 0x03, 0x05, 0x0D, 0x03, 0x05, 0x03, 0x03, 0x05, 0x02, 0x04, 0x06, 0x05,
    0x01, 0x04, 0x06, 0x04, 0x02, 0x03, 0x05, 0x05, 0x09, 0x03, 0x02, 0x04, 0x06, 0x06, 0x03, 0x02, 0x06, 0x06, 0x01, 0x06, 0x01, 0x04, 0x02, 0x02,
    0x02, 0x02, 0x03, 0x02, 0x01, 0x01, 0x01, 0x02, 0x02, 0x02, 0x05, 0x05, 0x01, 0x03, 0x03, 0x03, 0x03, 0x03, 0x02, 0x03, 0x01, 0x04, 0x04, 0x06,
    0x06, 0x01, 0x01, 0x04, 0x03, 0x03, 0x04, 0x05, 0x03, 0x0B, 0x0B, 0x0B, 0x0B, 0x05, 0x04, 0x04, 0x02, 0x01, 0x02, 0x03, 0x01, 0x02, 0x03, 0x05,
    0x0B, 0x05, 0x03, 0x04, 0x06, 0x03, 0x03, 0x03, 0x01, 0x02, 0x02, 0x02, 0x03, 0x05, 0x0C, 0x0B, 0x0B, 0x05, 0x05, 0x02, 0x02, 0x01, 0x03, 0x02,
    0x03, 0x0B, 0x0B, 0x0B, 0x09, 0x03, 0x01, 0x01, 0x01, 0x04, 0x04, 0x01, 0x01, 0x01, 0x04, 0x04, 0x03, 0x03, 0x02, 0x06, 0x01, 0x05, 0x03, 0x03,
    0x03, 0x03, 0x03, 0x02, 0x02, 0x03, 0x02, 0x02, 0x02, 0x04, 0x01, 0x02, 0x01, 0x05, 0x02, 0x01, 0x06, 0x02, 0x02, 0x05, 0x05, 0x03, 0x03, 0x02,
    0x03, 0x05, 0x02, 0x04, 0x02, 0x02, 0x04, 0x02, 0x05, 0x03, 0x0C, 0x0C, 0x04, 0x06, 0x04, 0x01, 0x01, 0x01, 0x01, 0x03, 0x01, 0x02, 0x02, 0x02,
    0x02, 0x02, 0x05, 0x02, 0x01, 0x03, 0x02, 0x03, 0x03, 0x06, 0x01, 0x01, 0x04, 0x02, 0x02, 0x09, 0x05, 0x05, 0x03, 0x03, 0x03, 0x03, 0x03, 0x05,
    0x09, 0x01, 0x04, 0x01, 0x01, 0x01, 0x02, 0x02, 0x03, 0x09, 0x03, 0x01, 0x01, 0x02, 0x03, 0x03, 0x01, 0x02, 0x09, 0x0B, 0x0B, 0x0B, 0x09, 0x05,
    0x03, 0x05, 0x03, 0x02, 0x02, 0x02, 0x01, 0x06, 0x06, 0x06, 0x06, 0x04, 0x04, 0x01, 0x01, 0x01, 0x04, 0x01, 0x01, 0x01, 0x02, 0x02, 0x02, 0x05,
    0x05, 0x05, 0x05, 0x03, 0x02, 0x02, 0x02, 0x05, 0x01, 0x04, 0x06, 0x04, 0x04, 0x04, 0x03, 0x05, 0x0B, 0x0B, 0x0D, 0x0B, 0x02, 0x01, 0x05, 0x02,
    0x02, 0x09, 0x05, 0x05, 0x03, 0x01, 0x06, 0x06, 0x04, 0x01, 0x06, 0x06, 0x01, 0x06, 0x01, 0x01, 0x0B, 0x09, 0x05, 0x05, 0x09, 0x02, 0x01, 0x01,
    0x01, 0x01, 0x02, 0x01, 0x02, 0x01, 0x02, 0x02, 0x03, 0x03, 0x03, 0x0B, 0x0D, 0x0B, 0x0B, 0x05, 0x05, 0x05, 0x05, 0x02, 0x01, 0x01, 0x01, 0x03,
    0x02, 0x02, 0x02, 0x03, 0x05, 0x03, 0x05, 0x05, 0x01, 0x01, 0x02, 0x03, 0x03, 0x02, 0x02, 0x03, 0x05, 0x03, 0x02, 0x02, 0x01, 0x01, 0x02, 0x02,
    0x06, 0x06, 0x04, 0x06, 0x06, 0x06, 0x06, 0x04, 0x01, 0x04, 0x04, 0x03, 0x05, 0x05, 0x09, 0x03, 0x06, 0x02, 0x03, 0x06, 0x04, 0x06, 0x02, 0x05,
    0x02, 0x02, 0x01, 0x04, 0x02, 0x01, 0x02, 0x05, 0x02, 0x03, 0x02, 0x02, 0x02, 0x03, 0x03, 0x09, 0x05, 0x02, 0x04, 0x06, 0x06, 0x06, 0x06, 0x06,
    0x06, 0x06, 0x06, 0x01, 0x02, 0x03, 0x05, 0x02, 0x02, 0x05, 0x05, 0x05, 0x05, 0x05, 0x05, 0x02, 0x02, 0x01, 0x02, 0x02, 0x09, 0x05, 0x03, 0x05,
    0x02, 0x02, 0x05, 0x03, 0x02, 0x02, 0x05, 0x05, 0x0B, 0x05, 0x04, 0x01, 0x03, 0x05, 0x05, 0x0B, 0x0C, 0x03, 0x05, 0x04, 0x06, 0x06, 0x06, 0x06,
    0x06, 0x06, 0x04, 0x04, 0x06, 0x04, 0x01, 0x04, 0x04, 0x01, 0x03, 0x02, 0x03, 0x02, 0x02, 0x02, 0x02, 0x02, 0x02, 0x02, 0x04, 0x01, 0x01, 0x02,
    0x05, 0x05, 0x01, 0x01, 0x03, 0x03, 0x03, 0x03, 0x03, 0x03, 0x02, 0x02, 0x03, 0x03, 0x03, 0x03, 0x05, 0x05, 0x05, 0x05, 0x05, 0x02, 0x01, 0x01,
    0x09, 0x05, 0x05, 0x05, 0x03, 0x03, 0x03, 0x05, 0x03, 0x03, 0x02, 0x02, 0x01, 0x01, 0x02, 0x02, 0x03, 0x02, 0x03, 0x03, 0x02, 0x03, 0x03, 0x05,
    0x05, 0x05, 0x05, 0x03, 0x05, 0x05, 0x05, 0x05, 0x05, 0x03, 0x02, 0x02, 0x02, 0x01, 0x09, 0x0B, 0x0B, 0x0B, 0x0B, 0x09, 0x02, 0x03, 0x03, 0x01,
    0x01, 0x02, 0x02, 0x02, 0x05, 0x09, 0x05, 0x01, 0x06, 0x03, 0x01, 0x01, 0x03, 0x06, 0x06, 0x05, 0x01, 0x01, 0x06, 0x06, 0x02, 0x05, 0x05, 0x09,
    0x0B, 0x0B, 0x0B, 0x03, 0x02, 0x02, 0x03, 0x02, 0x05, 0x05, 0x06, 0x06, 0x04, 0x01, 0x01, 0x01, 0x06, 0x01, 0x04, 0x01, 0x02, 0x01, 0x02, 0x02,
    0x02, 0x02, 0x03, 0x01, 0x01, 0x02, 0x01, 0x01, 0x01, 0x01, 0x06, 0x06, 0x06, 0x06, 0x06, 0x06, 0x06, 0x04, 0x03, 0x03, 0x03, 0x03, 0x05, 0x05,
    0x02, 0x05, 0x03, 0x0B, 0x0B, 0x01, 0x01, 0x05, 0x03, 0x02, 0x01, 0x02, 0x05, 0x0B, 0x09, 0x02, 0x01, 0x01, 0x04, 0x01, 0x02, 0x03, 0x05, 0x09,
    0x03, 0x03, 0x02, 0x03, 0x05, 0x05, 0x05, 0x01, 0x02, 0x06, 0x06, 0x06, 0x01, 0x01, 0x04, 0x06, 0x06, 0x06, 0x06, 0x06, 0x04, 0x02, 0x02, 0x03,
    0x02, 0x02, 0x04, 0x04, 0x01, 0x01, 0x06, 0x01, 0x01, 0x02, 0x01, 0x06, 0x06, 0x02, 0x02, 0x02, 0x03, 0x03, 0x03, 0x02, 0x03, 0x0D, 0x05, 0x02,
    0x03, 0x03, 0x02, 0x01, 0x02, 0x03, 0x03, 0x03, 0x02, 0x02, 0x05, 0x0B, 0x03, 0x05, 0x03, 0x03, 0x02, 0x05, 0x03, 0x03, 0x05, 0x03, 0x02, 0x01,
    0x02, 0x01, 0x02, 0x02, 0x02, 0x03, 0x02, 0x03, 0x03, 0x03, 0x03, 0x05, 0x05, 0x0B, 0x09, 0x03, 0x03, 0x02, 0x03, 0x05, 0x05, 0x05, 0x03, 0x03,
    0x03, 0x03, 0x05, 0x0B, 0x09, 0x0B, 0x09, 0x0D, 0x05, 0x05, 0x03, 0x01, 0x01, 0x01, 0x02, 0x03, 0x02, 0x02, 0x02, 0x03, 0x05, 0x03, 0x02, 0x02,
    0x02, 0x0D, 0x0E, 0x0B, 0x05, 0x03, 0x01, 0x02, 0x01, 0x03, 0x03, 0x03, 0x03, 0x05, 0x0B, 0x09, 0x05, 0x01, 0x03, 0x09, 0x0D, 0x0D, 0x0B, 0x02,
    0x04, 0x04, 0x02, 0x02, 0x01, 0x06, 0x06, 0x02, 0x02, 0x03, 0x02, 0x03, 0x0B, 0x0B, 0x0B, 0x0B, 0x09, 0x03, 0x01, 0x01, 0x03, 0x01, 0x04, 0x06,
    0x02, 0x05, 0x01, 0x02, 0x01, 0x03, 0x05, 0x05, 0x02, 0x03, 0x09, 0x0B, 0x05, 0x0B, 0x0B, 0x0B, 0x05, 0x0B, 0x05, 0x03, 0x02, 0x01, 0x03, 0x02,
    0x01, 0x02, 0x02, 0x02, 0x06, 0x01, 0x03, 0x01, 0x01, 0x02, 0x05, 0x05, 0x05, 0x03, 0x02, 0x03, 0x05, 0x05, 0x05, 0x0C, 0x03, 0x01, 0x06, 0x06,
    0x04, 0x01, 0x04, 0x06, 0x06, 0x06, 0x06, 0x06, 0x04, 0x01, 0x02, 0x02, 0x02, 0x02, 0x04, 0x02, 0x02, 0x02, 0x03, 0x01, 0x06, 0x06, 0x01, 0x01,
    0x06, 0x06, 0x06, 0x06, 0x06, 0x01, 0x02, 0x02, 0x02, 0x03, 0x05, 0x01, 0x02, 0x04, 0x01, 0x01, 0x02, 0x03, 0x03, 0x03, 0x02, 0x01, 0x01, 0x02,
    0x05, 0x0C, 0x05, 0x03, 0x03, 0x02, 0x03, 0x03, 0x05, 0x02, 0x02, 0x01, 0x04, 0x01, 0x02, 0x02, 0x03, 0x03, 0x03, 0x02, 0x03, 0x03, 0x03, 0x0B,
    0x0D, 0x0B, 0x05, 0x02, 0x02, 0x02, 0x03, 0x03, 0x02, 0x01, 0x02, 0x02, 0x05, 0x0B, 0x0C, 0x05, 0x05, 0x0B, 0x09, 0x05, 0x05, 0x05, 0x02, 0x02,
    0x01, 0x01, 0x01, 0x01, 0x01, 0x02, 0x02, 0x03, 0x0C, 0x03, 0x01, 0x02, 0x02, 0x05, 0x05, 0x0B, 0x0B, 0x0A, 0x0F, 0x0B, 0x05, 0x03, 0x02, 0x02,
    0x02, 0x01, 0x04, 0x05, 0x0B, 0x05, 0x02, 0x03, 0x05, 0x0F, 0x0C, 0x0C, 0x04, 0x01, 0x01, 0x02, 0x05, 0x03, 0x03, 0x04, 0x06, 0x01, 0x03, 0x05,
    0x05, 0x03, 0x02, 0x02, 0x05, 0x05, 0x01, 0x06, 0x06, 0x01, 0x06, 0x06, 0x06, 0x06, 0x02, 0x03, 0x02, 0x03, 0x03, 0x05, 0x03, 0x03, 0x03, 0x03,
    0x05, 0x05, 0x05, 0x05, 0x03, 0x03, 0x02, 0x01, 0x01, 0x02, 0x02, 0x02, 0x01, 0x01, 0x01, 0x02, 0x05, 0x05, 0x03, 0x02, 0x02, 0x02, 0x03, 0x02,
    0x02, 0x01, 0x01, 0x03, 0x09, 0x0C, 0x0D, 0x0C, 0x0D, 0x03, 0x06, 0x06, 0x06, 0x06, 0x06, 0x01, 0x04, 0x06, 0x06, 0x06, 0x06, 0x01, 0x01, 0x01,
    0x01, 0x01, 0x01, 0x01, 0x02, 0x03, 0x05, 0x02, 0x03, 0x05, 0x03, 0x06, 0x04, 0x03, 0x02, 0x06, 0x04, 0x06, 0x06, 0x04, 0x04, 0x01, 0x01, 0x01,
    0x01, 0x01, 0x03, 0x03, 0x02, 0x03, 0x03, 0x03, 0x02, 0x02, 0x01, 0x02, 0x03, 0x05, 0x05, 0x03, 0x02, 0x02, 0x02, 0x02, 0x01, 0x02, 0x01, 0x01,
    0x01, 0x02, 0x02, 0x02, 0x02, 0x02, 0x01, 0x02, 0x01, 0x01, 0x02, 0x05, 0x05, 0x02, 0x03, 0x01, 0x06, 0x01, 0x01, 0x06, 0x06, 0x06, 0x06, 0x03,
    0x05, 0x03, 0x03, 0x01, 0x02, 0x01, 0x02, 0x02, 0x03, 0x02, 0x05, 0x03, 0x02, 0x02, 0x03, 0x03, 0x03, 0x02, 0x02, 0x02, 0x03, 0x03, 0x05, 0x02,
    0x02, 0x03, 0x02, 0x03, 0x03, 0x05, 0x05, 0x05, 0x03, 0x03, 0x02, 0x02, 0x03, 0x03, 0x01, 0x02, 0x05, 0x05, 0x02, 0x04, 0x05, 0x0B, 0x05, 0x0D,
    0x04, 0x04, 0x01, 0x02, 0x02, 0x03, 0x05, 0x05, 0x02, 0x09, 0x01, 0x02, 0x05, 0x0B, 0x01, 0x04, 0x03, 0x02, 0x09, 0x05, 0x0B, 0x05, 0x05, 0x02,
    0x06, 0x06, 0x06, 0x06, 0x01, 0x02, 0x02, 0x05, 0x03, 0x02, 0x02, 0x03, 0x03, 0x05, 0x09, 0x03, 0x03, 0x02, 0x02, 0x03, 0x01, 0x02, 0x01, 0x02,
    0x02, 0x03, 0x01, 0x03, 0x03, 0x02, 0x01, 0x01, 0x02, 0x01, 0x04, 0x01, 0x01, 0x01, 0x03, 0x02, 0x01, 0x05, 0x0C, 0x0B, 0x0B, 0x0C, 0x03, 0x06,
    0x06, 0x04, 0x02, 0x02, 0x03, 0x05, 0x03, 0x06, 0x06, 0x06, 0x06, 0x01, 0x01, 0x01, 0x02, 0x02, 0x02, 0x02, 0x04, 0x01, 0x0B, 0x0B, 0x05, 0x03,
    0x09, 0x0B, 0x0B, 0x05, 0x02, 0x03, 0x03, 0x09, 0x01, 0x01, 0x06, 0x06, 0x01, 0x02, 0x03, 0x05, 0x03, 0x01, 0x04, 0x02, 0x02, 0x02, 0x02, 0x02,
    0x01, 0x02, 0x05, 0x05, 0x03, 0x01, 0x02, 0x02, 0x03, 0x02, 0x03, 0x02, 0x02, 0x02, 0x02, 0x02, 0x02, 0x02, 0x02, 0x02, 0x01, 0x01, 0x02, 0x02,
    0x01, 0x01, 0x03, 0x03, 0x01, 0x02, 0x01, 0x04, 0x06, 0x06, 0x06, 0x06, 0x04, 0x01, 0x01, 0x04, 0x04, 0x01, 0x04, 0x01, 0x01, 0x01, 0x05, 0x05,
    0x05, 0x03, 0x03, 0x03, 0x03, 0x02, 0x02, 0x02, 0x03, 0x03, 0x02, 0x02, 0x01, 0x01, 0x01, 0x04, 0x01, 0x01, 0x02, 0x01, 0x04, 0x04, 0x04, 0x04,
    0x04, 0x02, 0x02, 0x01, 0x05, 0x05, 0x05, 0x02, 0x01, 0x01, 0x01, 0x03, 0x06, 0x01, 0x04, 0x01, 0x04, 0x01, 0x02, 0x03, 0x05, 0x0B, 0x05, 0x03,
    0x03, 0x05, 0x05, 0x09, 0x05, 0x03, 0x03, 0x05, 0x05, 0x0B, 0x0B, 0x09, 0x01, 0x01, 0x02, 0x06, 0x04, 0x02, 0x03, 0x01, 0x02, 0x03, 0x03, 0x02,
    0x03, 0x02, 0x02, 0x02, 0x02, 0x02, 0x02, 0x01, 0x02, 0x01, 0x04, 0x01, 0x05, 0x02, 0x02, 0x03, 0x0B, 0x03, 0x04, 0x06, 0x06, 0x06, 0x06, 0x04,
    0x04, 0x02, 0x03, 0x03, 0x01, 0x02, 0x02, 0x05, 0x05, 0x05, 0x02, 0x02, 0x06, 0x04, 0x04, 0x02, 0x03, 0x09, 0x0B, 0x05, 0x05, 0x01, 0x04, 0x06,
    0x06, 0x04, 0x06, 0x04, 0x02, 0x01, 0x02, 0x02, 0x02, 0x02, 0x03, 0x05, 0x09, 0x05, 0x09, 0x03, 0x03, 0x01, 0x02, 0x02, 0x02, 0x04, 0x06, 0x01,
    0x01, 0x03, 0x05, 0x03, 0x05, 0x05, 0x05, 0x03, 0x03, 0x03, 0x03, 0x02, 0x02, 0x02, 0x02, 0x02, 0x02, 0x02, 0x03, 0x02, 0x03, 0x02, 0x02, 0x01,
    0x02, 0x02, 0x02, 0x02, 0x02, 0x02, 0x01, 0x02, 0x02, 0x04, 0x01, 0x01, 0x04, 0x01, 0x03, 0x01, 0x01, 0x01, 0x03, 0x03, 0x02, 0x04, 0x06, 0x06,
    0x06, 0x06, 0x06, 0x04, 0x06, 0x06, 0x04, 0x04, 0x04, 0x04, 0x01, 0x03, 0x03, 0x02, 0x01, 0x04, 0x01, 0x01, 0x02, 0x01, 0x04, 0x01, 0x04, 0x06,
    0x06, 0x06, 0x06, 0x06, 0x06, 0x06, 0x06, 0x06, 0x01, 0x02, 0x01, 0x01, 0x04, 0x01, 0x03, 0x05, 0x03, 0x05, 0x0B, 0x01, 0x06, 0x02, 0x03, 0x05,
    0x02, 0x02, 0x01, 0x01, 0x04, 0x06, 0x06, 0x02, 0x03, 0x01, 0x04, 0x01, 0x04, 0x01, 0x02, 0x03, 0x05, 0x05, 0x03, 0x02, 0x03, 0x03, 0x03, 0x05,
    0x03, 0x0B, 0x05, 0x01, 0x04, 0x02, 0x01, 0x02, 0x02, 0x03, 0x02, 0x03, 0x02, 0x02, 0x04, 0x06, 0x04, 0x01, 0x01, 0x01, 0x02, 0x02, 0x06, 0x04,
    0x02, 0x03, 0x02, 0x01, 0x01, 0x01, 0x01, 0x06, 0x06, 0x06, 0x06, 0x06, 0x04, 0x03, 0x09, 0x05, 0x05, 0x03, 0x0B, 0x0C, 0x0B, 0x03, 0x05, 0x05,
    0x02, 0x02, 0x03, 0x03, 0x03, 0x03, 0x05, 0x09, 0x0D, 0x0D, 0x01, 0x01, 0x06, 0x04, 0x02, 0x01, 0x01, 0x01, 0x03, 0x02, 0x02, 0x04, 0x06, 0x04,
    0x02, 0x03, 0x03, 0x03, 0x02, 0x01, 0x03, 0x02, 0x01, 0x05, 0x05, 0x03, 0x02, 0x03, 0x03, 0x02, 0x03, 0x05, 0x05, 0x05, 0x05, 0x03, 0x03, 0x03,
    0x02, 0x03, 0x02, 0x02, 0x03, 0x03, 0x02, 0x02, 0x02, 0x02, 0x02, 0x02, 0x02, 0x01, 0x02, 0x01, 0x02, 0x01, 0x01, 0x01, 0x02, 0x06, 0x04, 0x01,
    0x01, 0x04, 0x01, 0x05, 0x03, 0x03, 0x01, 0x02, 0x02, 0x02, 0x04, 0x06, 0x06, 0x06, 0x06, 0x06, 0x06, 0x04, 0x06, 0x04, 0x06, 0x06, 0x06, 0x04,
    0x04, 0x04, 0x06, 0x06, 0x01, 0x01, 0x01, 0x01, 0x01, 0x04, 0x04, 0x01, 0x03, 0x02, 0x04, 0x06, 0x05, 0x02, 0x02, 0x02, 0x03, 0x02, 0x03, 0x05,
    0x03, 0x03, 0x05, 0x05, 0x02, 0x03, 0x0B, 0x03, 0x06, 0x05, 0x05, 0x03, 0x02, 0x03, 0x03, 0x03, 0x01, 0x02, 0x01, 0x06, 0x03, 0x04, 0x01, 0x04,
    0x02, 0x01, 0x03, 0x05, 0x03, 0x03, 0x03, 0x03, 0x03, 0x02, 0x05, 0x05, 0x05, 0x09, 0x05, 0x0B, 0x0B, 0x03, 0x05, 0x02, 0x05, 0x05, 0x03, 0x02,
    0x02, 0x05, 0x03, 0x01, 0x01, 0x01, 0x04, 0x06, 0x03, 0x05, 0x05, 0x05, 0x01, 0x04, 0x01, 0x02, 0x04, 0x01, 0x03, 0x03, 0x01, 0x02, 0x06, 0x06,
    0x04, 0x01, 0x03, 0x0B, 0x0D, 0x03, 0x03, 0x02, 0x04, 0x02, 0x0B, 0x09, 0x02, 0x09, 0x0B, 0x0B, 0x05, 0x05, 0x03, 0x02, 0x02, 0x05, 0x05, 0x0B,
    0x0B, 0x04, 0x02, 0x01, 0x01, 0x01, 0x05, 0x03, 0x03, 0x05, 0x02, 0x05, 0x02, 0x02, 0x02, 0x02, 0x02, 0x05, 0x02, 0x02, 0x03, 0x05, 0x09, 0x02,
    0x03, 0x01, 0x02, 0x03, 0x05, 0x03, 0x05, 0x03, 0x03, 0x03, 0x03, 0x03, 0x03, 0x02, 0x03, 0x03, 0x02, 0x03, 0x03, 0x03, 0x03, 0x01, 0x01, 0x02,
    0x02, 0x02, 0x02, 0x01, 0x01, 0x01, 0x04, 0x04, 0x04, 0x04, 0x01, 0x04, 0x06, 0x06, 0x06, 0x01, 0x01, 0x01, 0x03, 0x03, 0x03, 0x02, 0x02, 0x06,
    0x06, 0x06, 0x06, 0x06, 0x06, 0x01, 0x01, 0x04, 0x06, 0x04, 0x06, 0x06, 0x06, 0x04, 0x01, 0x01, 0x01, 0x02, 0x03, 0x0B, 0x09, 0x0B, 0x05, 0x05,
    0x03, 0x01, 0x02, 0x06, 0x01, 0x02, 0x02, 0x02, 0x02, 0x02, 0x02, 0x03, 0x02, 0x02, 0x03, 0x01, 0x02, 0x02, 0x03, 0x0B, 0x02, 0x02, 0x02, 0x05,
    0x01, 0x01, 0x02, 0x03, 0x01, 0x02, 0x02, 0x02, 0x05, 0x03, 0x01, 0x06, 0x06, 0x06, 0x04, 0x05, 0x03, 0x05, 0x0B, 0x0B, 0x0B, 0x09, 0x09, 0x03,
    0x02, 0x03, 0x03, 0x03, 0x05, 0x02, 0x02, 0x0B, 0x0C, 0x05, 0x05, 0x03, 0x05, 0x05, 0x03, 0x02, 0x03, 0x02, 0x04, 0x04, 0x04, 0x02, 0x02, 0x03,
    0x01, 0x04, 0x06, 0x06, 0x01, 0x01, 0x01, 0x03, 0x0B, 0x05, 0x03, 0x02, 0x01, 0x02, 0x02, 0x02, 0x02, 0x04, 0x04, 0x02, 0x05, 0x03, 0x05, 0x05,
    0x03, 0x02, 0x03, 0x05, 0x05, 0x03, 0x03, 0x05, 0x03, 0x03, 0x05, 0x03, 0x02, 0x02, 0x03, 0x04, 0x01, 0x04, 0x06, 0x01, 0x03, 0x02, 0x02, 0x01,
    0x04, 0x01, 0x04, 0x04, 0x04, 0x03, 0x01, 0x03, 0x03, 0x02, 0x05, 0x03, 0x02, 0x02, 0x02, 0x03, 0x03, 0x03, 0x02, 0x02, 0x03, 0x02, 0x03, 0x02,
    0x02, 0x03, 0x02, 0x02, 0x03, 0x02, 0x03, 0x02, 0x03, 0x02, 0x02, 0x02, 0x01, 0x02, 0x01, 0x02, 0x01, 0x04, 0x04, 0x02, 0x01, 0x04, 0x01, 0x04,
    0x06, 0x06, 0x06, 0x06, 0x06, 0x06, 0x06, 0x01, 0x01, 0x02, 0x02, 0x02, 0x01, 0x06, 0x06, 0x06, 0x06, 0x06, 0x04, 0x06, 0x02, 0x01, 0x01, 0x04,
    0x01, 0x01, 0x01, 0x02, 0x01, 0x01, 0x04, 0x01, 0x03, 0x05, 0x03, 0x05, 0x03, 0x02, 0x02, 0x03, 0x01, 0x01, 0x02, 0x02, 0x02, 0x02, 0x03, 0x02,
    0x03, 0x03, 0x02, 0x01, 0x02, 0x02, 0x01, 0x05, 0x05, 0x01, 0x03, 0x03, 0x04, 0x01, 0x01, 0x01, 0x03, 0x01, 0x04, 0x02, 0x09, 0x03, 0x01, 0x01,
    0x02, 0x02, 0x01, 0x06, 0x01, 0x04, 0x02, 0x02, 0x05, 0x0B, 0x0B, 0x02, 0x01, 0x05, 0x02, 0x01, 0x02, 0x02, 0x01, 0x03, 0x02, 0x02, 0x03, 0x01,
    0x01, 0x04, 0x01, 0x03, 0x05, 0x09, 0x05, 0x03, 0x04, 0x02, 0x02, 0x01, 0x04, 0x05, 0x03, 0x02, 0x01, 0x02, 0x02, 0x02, 0x01, 0x01, 0x01, 0x02,
    0x02, 0x02, 0x06, 0x06, 0x06, 0x02, 0x09, 0x0C, 0x05, 0x03, 0x03, 0x04, 0x06, 0x06, 0x04, 0x03, 0x05, 0x05, 0x09, 0x05, 0x05, 0x02, 0x02, 0x06,
    0x05, 0x02, 0x01, 0x03, 0x09, 0x05, 0x05, 0x03, 0x02, 0x04, 0x04, 0x06, 0x06, 0x06, 0x04, 0x06, 0x06, 0x05, 0x01, 0x02, 0x02, 0x02, 0x04, 0x01,
    0x04, 0x06, 0x06, 0x01, 0x02, 0x03, 0x03, 0x02, 0x03, 0x02, 0x02, 0x02, 0x03, 0x03, 0x03, 0x03, 0x03, 0x02, 0x03, 0x02, 0x02, 0x02, 0x01, 0x01,
    0x01, 0x04, 0x04, 0x04, 0x06, 0x06, 0x04, 0x01, 0x04, 0x02, 0x02, 0x01, 0x02, 0x03, 0x03, 0x03, 0x04, 0x05, 0x01, 0x05, 0x02, 0x02, 0x03, 0x05,
    0x01, 0x04, 0x06, 0x06, 0x06, 0x06, 0x06, 0x06, 0x01, 0x01, 0x01, 0x04, 0x04, 0x06, 0x04, 0x01, 0x02, 0x05, 0x02, 0x04, 0x02, 0x02, 0x01, 0x06,
    0x03, 0x02, 0x04, 0x03, 0x0B, 0x05, 0x02, 0x02, 0x06, 0x06, 0x06, 0x01, 0x02, 0x03, 0x02, 0x02, 0x02, 0x06, 0x02, 0x09, 0x0B, 0x05, 0x02, 0x05,
    0x02, 0x02, 0x06, 0x04, 0x01, 0x04, 0x02, 0x02, 0x05, 0x03, 0x05, 0x02, 0x02, 0x05, 0x03, 0x02, 0x03, 0x06, 0x01, 0x06, 0x01, 0x01, 0x01, 0x04,
    0x05, 0x03, 0x02, 0x01, 0x06, 0x04, 0x01, 0x04, 0x04, 0x01, 0x01, 0x02, 0x01, 0x01, 0x01, 0x02, 0x02, 0x02, 0x09, 0x05, 0x01, 0x06, 0x06, 0x04,
    0x02, 0x02, 0x03, 0x03, 0x03, 0x02, 0x06, 0x01, 0x01, 0x02, 0x02, 0x01, 0x06, 0x06, 0x02, 0x01, 0x02, 0x02, 0x05, 0x09, 0x05, 0x05, 0x0B, 0x03,
    0x06, 0x01, 0x04, 0x04, 0x01, 0x03, 0x02, 0x03, 0x02, 0x03, 0x03, 0x05, 0x02, 0x06, 0x06, 0x06, 0x01, 0x01, 0x02, 0x02, 0x01, 0x01, 0x06, 0x06,
    0x01, 0x03, 0x04, 0x06, 0x03, 0x01, 0x01, 0x02, 0x02, 0x04, 0x06, 0x04, 0x06, 0x01, 0x02, 0x02, 0x03, 0x01, 0x02, 0x03, 0x02, 0x02, 0x02, 0x02,
    0x02, 0x02, 0x02, 0x02, 0x02, 0x02, 0x02, 0x02, 0x01, 0x02, 0x02, 0x01, 0x04, 0x01, 0x04, 0x04, 0x04, 0x04, 0x01, 0x02, 0x05, 0x03, 0x03, 0x04,
    0x02, 0x02, 0x02, 0x05, 0x05, 0x0D, 0x0A, 0x0F, 0x0D, 0x0B, 0x02, 0x02, 0x01, 0x01, 0x05, 0x0B, 0x0B, 0x05, 0x03, 0x05, 0x01, 0x01, 0x01, 0x06,
    0x06, 0x04, 0x04, 0x01, 0x01, 0x01, 0x03, 0x05, 0x01, 0x01, 0x02, 0x02, 0x02, 0x02, 0x01, 0x05, 0x02, 0x02, 0x04, 0x06, 0x04, 0x09, 0x09, 0x02,
    0x03, 0x04, 0x04, 0x02, 0x05, 0x05, 0x02, 0x0B, 0x05, 0x05, 0x02, 0x03, 0x02, 0x02, 0x01, 0x01, 0x06, 0x01, 0x01, 0x04, 0x06, 0x01, 0x09, 0x05,
    0x06, 0x06, 0x01, 0x02, 0x02, 0x03, 0x03, 0x03, 0x02, 0x01, 0x02, 0x09, 0x05, 0x01, 0x01, 0x06, 0x01, 0x06, 0x04, 0x02, 0x02, 0x01, 0x01, 0x01,
    0x02, 0x03, 0x03, 0x01, 0x02, 0x01, 0x06, 0x06, 0x03, 0x02, 0x05, 0x09, 0x02, 0x03, 0x05, 0x05, 0x03, 0x02, 0x05, 0x02, 0x02, 0x02, 0x02, 0x05,
    0x05, 0x02, 0x02, 0x01, 0x01, 0x03, 0x05, 0x09, 0x05, 0x0B, 0x0C, 0x05, 0x03, 0x01, 0x04, 0x04, 0x04, 0x04, 0x02, 0x02, 0x03, 0x03, 0x02, 0x02,
    0x03, 0x03, 0x06, 0x06, 0x06, 0x04, 0x02, 0x05, 0x03, 0x03, 0x02, 0x03, 0x0B, 0x05, 0x05, 0x09, 0x03, 0x04, 0x02, 0x02, 0x02, 0x01, 0x02, 0x02,
    0x03, 0x03, 0x02, 0x02, 0x02, 0x02, 0x02, 0x03, 0x02, 0x03, 0x02, 0x02, 0x01, 0x02, 0x01, 0x04, 0x02, 0x02, 0x02, 0x02, 0x02, 0x01, 0x01, 0x04,
    0x04, 0x04, 0x04, 0x01, 0x02, 0x02, 0x01, 0x04, 0x05, 0x05, 0x09, 0x05, 0x05, 0x01, 0x02, 0x02, 0x03, 0x09, 0x05, 0x0B, 0x05, 0x02, 0x02, 0x01,
    0x02, 0x02, 0x03, 0x02, 0x01, 0x01, 0x04, 0x06, 0x04, 0x06, 0x01, 0x03, 0x0B, 0x02, 0x06, 0x04, 0x04, 0x04, 0x02, 0x03, 0x04, 0x06, 0x02, 0x05,
    0x03, 0x01, 0x06, 0x04, 0x04, 0x04, 0x01, 0x01, 0x05, 0x05, 0x02, 0x02, 0x03, 0x03, 0x03, 0x02, 0x03, 0x03, 0x03, 0x03, 0x03, 0x02, 0x01, 0x02,
    0x03, 0x02, 0x02, 0x03, 0x05, 0x05, 0x03, 0x03, 0x01, 0x06, 0x06, 0x05, 0x09, 0x05, 0x03, 0x02, 0x03, 0x02, 0x05, 0x0B, 0x0C, 0x05, 0x01, 0x01,
    0x03, 0x05, 0x04, 0x04, 0x01, 0x06, 0x02, 0x03, 0x02, 0x06, 0x04, 0x06, 0x06, 0x04, 0x02, 0x02, 0x06, 0x06, 0x04, 0x02, 0x05, 0x05, 0x02, 0x05,
    0x03, 0x03, 0x05, 0x05, 0x03, 0x02, 0x05, 0x09, 0x03, 0x01, 0x02, 0x03, 0x05, 0x05, 0x05, 0x09, 0x02, 0x02, 0x02, 0x01, 0x05, 0x05, 0x05, 0x05,
    0x03, 0x03, 0x02, 0x02, 0x04, 0x04, 0x02, 0x05, 0x03, 0x02, 0x02, 0x01, 0x02, 0x02, 0x03, 0x04, 0x03, 0x02, 0x01, 0x04, 0x02, 0x02, 0x02, 0x03,
    0x02, 0x01, 0x03, 0x03, 0x0D, 0x02, 0x06, 0x01, 0x02, 0x02, 0x03, 0x03, 0x02, 0x02, 0x05, 0x03, 0x01, 0x02, 0x02, 0x01, 0x02, 0x01, 0x04, 0x04,
    0x01, 0x02, 0x02, 0x02, 0x02, 0x03, 0x01, 0x01, 0x01, 0x01, 0x01, 0x01, 0x01, 0x01, 0x02, 0x02, 0x01, 0x01, 0x02, 0x02, 0x02, 0x03, 0x03, 0x03,
    0x03, 0x04, 0x06, 0x04, 0x01, 0x01, 0x06, 0x04, 0x02, 0x02, 0x01, 0x01, 0x02, 0x02, 0x04, 0x01, 0x04, 0x04, 0x06, 0x06, 0x01, 0x06, 0x04, 0x01,
    0x01, 0x04, 0x06, 0x06, 0x06, 0x06, 0x06, 0x04, 0x05, 0x05, 0x02, 0x02, 0x02, 0x01, 0x03, 0x02, 0x02, 0x01, 0x01, 0x01, 0x02, 0x02, 0x02, 0x02,
    0x01, 0x02, 0x02, 0x02, 0x02, 0x01, 0x01, 0x01, 0x02, 0x02, 0x02, 0x01, 0x02, 0x02, 0x02, 0x03, 0x05, 0x03, 0x05, 0x05, 0x03, 0x04, 0x01, 0x01,
    0x02, 0x02, 0x02, 0x02, 0x01, 0x01, 0x01, 0x02, 0x02, 0x03, 0x01, 0x01, 0x01, 0x06, 0x02, 0x05, 0x01, 0x02, 0x06, 0x01, 0x01, 0x02, 0x06, 0x06,
    0x06, 0x04, 0x02, 0x01, 0x01, 0x05, 0x05, 0x05, 0x05, 0x0C, 0x05, 0x05, 0x05, 0x0C, 0x0B, 0x09, 0x05, 0x05, 0x0C, 0x05, 0x0B, 0x0B, 0x05, 0x03,
    0x05, 0x03, 0x05, 0x05, 0x0B, 0x05, 0x06, 0x04, 0x02, 0x05, 0x01, 0x03, 0x03, 0x03, 0x02, 0x03, 0x03, 0x02, 0x01, 0x02, 0x02, 0x02, 0x05, 0x03,
    0x02, 0x03, 0x05, 0x09, 0x03, 0x02, 0x02, 0x01, 0x03, 0x02, 0x02, 0x01, 0x01, 0x02, 0x03, 0x05, 0x05, 0x04, 0x03, 0x01, 0x02, 0x02, 0x05, 0x02,
    0x02, 0x02, 0x01, 0x04, 0x01, 0x01, 0x01, 0x01, 0x01, 0x01, 0x01, 0x01, 0x01, 0x02, 0x02, 0x02, 0x03, 0x02, 0x02, 0x02, 0x02, 0x01, 0x01, 0x02,
    0x02, 0x01, 0x02, 0x01, 0x02, 0x02, 0x03, 0x02, 0x01, 0x04, 0x04, 0x02, 0x03, 0x06, 0x04, 0x01, 0x06, 0x06, 0x06, 0x06, 0x04, 0x05, 0x05, 0x02,
    0x02, 0x06, 0x04, 0x06, 0x06, 0x06, 0x06, 0x01, 0x01, 0x01, 0x01, 0x06, 0x06, 0x06, 0x06, 0x06, 0x06, 0x06, 0x06, 0x06, 0x04, 0x01, 0x06, 0x06,
    0x01, 0x04, 0x02, 0x01, 0x05, 0x03, 0x01, 0x04, 0x06, 0x06, 0x01, 0x04, 0x01, 0x02, 0x02, 0x01, 0x02, 0x02, 0x03, 0x02, 0x02, 0x03, 0x05, 0x03,
    0x01, 0x01, 0x02, 0x02, 0x02, 0x01, 0x02, 0x02, 0x03, 0x03, 0x01, 0x06, 0x06, 0x06, 0x06, 0x01, 0x01, 0x06, 0x01, 0x04, 0x01, 0x03, 0x03, 0x03,
    0x01, 0x06, 0x02, 0x05, 0x01, 0x03, 0x04, 0x04, 0x01, 0x02, 0x05, 0x03, 0x09, 0x04, 0x06, 0x06, 0x02, 0x09, 0x05, 0x05, 0x02, 0x05, 0x09, 0x03,
    0x02, 0x02, 0x02, 0x01, 0x03, 0x03, 0x02, 0x05, 0x05, 0x09, 0x05, 0x03, 0x02, 0x03, 0x05, 0x03, 0x03, 0x02, 0x03, 0x03, 0x01, 0x06, 0x02, 0x05,
    0x02, 0x02, 0x02, 0x02, 0x02, 0x03, 0x02, 0x04, 0x04, 0x02, 0x02, 0x03, 0x03, 0x02, 0x04, 0x04, 0x01, 0x01, 0x01, 0x01, 0x01, 0x02, 0x02, 0x02,
    0x01, 0x01, 0x01, 0x01, 0x01, 0x06, 0x01, 0x01, 0x04, 0x01, 0x04, 0x04, 0x04, 0x06, 0x04, 0x04, 0x01, 0x01, 0x01, 0x01, 0x01, 0x02, 0x02, 0x02,
    0x02, 0x02, 0x02, 0x02, 0x02, 0x03, 0x02, 0x03, 0x02, 0x02, 0x02, 0x02, 0x01, 0x02, 0x02, 0x02, 0x02, 0x02, 0x02, 0x02, 0x02, 0x03, 0x03, 0x05,
    0x03, 0x03, 0x03, 0x02, 0x04, 0x06, 0x06, 0x04, 0x01, 0x02, 0x03, 0x05, 0x05, 0x02, 0x06, 0x06, 0x06, 0x06, 0x06, 0x06, 0x06, 0x06, 0x06, 0x06,
    0x06, 0x06, 0x06, 0x06, 0x06, 0x06, 0x06, 0x06, 0x06, 0x06, 0x06, 0x06, 0x06, 0x04, 0x02, 0x05, 0x01, 0x01, 0x04, 0x06, 0x04, 0x06, 0x01, 0x01,
    0x04, 0x04, 0x02, 0x02, 0x01, 0x03, 0x02, 0x03, 0x03, 0x02, 0x02, 0x01, 0x06, 0x01, 0x01, 0x01, 0x01, 0x02, 0x01, 0x02, 0x03, 0x05, 0x03, 0x03,
    0x01, 0x02, 0x01, 0x01, 0x02, 0x02, 0x06, 0x01, 0x01, 0x01, 0x04, 0x01, 0x02, 0x04, 0x04, 0x01, 0x04, 0x01, 0x01, 0x04, 0x02, 0x02, 0x02, 0x02,
    0x03, 0x03, 0x03, 0x09, 0x05, 0x05, 0x01, 0x02, 0x03, 0x02, 0x02, 0x05, 0x09, 0x05, 0x03, 0x09, 0x05, 0x03, 0x05, 0x05, 0x03, 0x02, 0x05, 0x03,
    0x02, 0x02, 0x01, 0x03, 0x01, 0x03, 0x03, 0x09, 0x02, 0x03, 0x05, 0x05, 0x02, 0x01, 0x04, 0x04, 0x04, 0x04, 0x01, 0x02, 0x02, 0x01, 0x01, 0x02,
    0x02, 0x01, 0x06, 0x06, 0x04, 0x04, 0x01, 0x02, 0x02, 0x01, 0x03, 0x02, 0x02, 0x02, 0x01, 0x01, 0x01, 0x01, 0x01, 0x04, 0x01, 0x01, 0x01, 0x01,
    0x02, 0x04, 0x01, 0x01, 0x01, 0x01, 0x01, 0x02, 0x01, 0x01, 0x02, 0x02, 0x02, 0x01, 0x02, 0x02, 0x02, 0x02, 0x02, 0x02, 0x02, 0x02, 0x02, 0x02,
    0x02, 0x02, 0x01, 0x02, 0x01, 0x02, 0x02, 0x03, 0x0B, 0x0B, 0x05, 0x02, 0x05, 0x05, 0x05, 0x02, 0x02, 0x01, 0x04, 0x04, 0x06, 0x06, 0x01, 0x02,
    0x03, 0x03, 0x01, 0x06, 0x06, 0x06, 0x06, 0x06, 0x06, 0x06, 0x06, 0x06, 0x06, 0x06, 0x06, 0x06, 0x06, 0x06, 0x06, 0x06, 0x06, 0x06, 0x06, 0x06,
    0x04, 0x01, 0x01, 0x04, 0x04, 0x04, 0x01, 0x03, 0x01, 0x01, 0x04, 0x01, 0x03, 0x05, 0x02, 0x02, 0x01, 0x02, 0x02, 0x02, 0x02, 0x05, 0x02, 0x05,
    0x03, 0x01, 0x04, 0x01, 0x01, 0x02, 0x02, 0x02, 0x05, 0x0B, 0x0B, 0x05, 0x03, 0x05, 0x05, 0x03, 0x01, 0x03, 0x03, 0x02, 0x06, 0x06, 0x04, 0x01,
    0x05, 0x0C, 0x05, 0x06, 0x01, 0x06, 0x04, 0x04, 0x04, 0x04, 0x04, 0x01, 0x02, 0x02, 0x03, 0x02, 0x02, 0x01, 0x02, 0x02, 0x02, 0x04, 0x01, 0x02,
    0x02, 0x03, 0x02, 0x03, 0x02, 0x03, 0x02, 0x02, 0x03, 0x09, 0x05, 0x05, 0x01, 0x02, 0x02, 0x04, 0x01, 0x02, 0x03, 0x01, 0x02, 0x05, 0x03, 0x02,
    0x03, 0x02, 0x02, 0x02, 0x02, 0x01, 0x02, 0x01, 0x02, 0x03, 0x03, 0x02, 0x03, 0x02, 0x03, 0x04, 0x06, 0x01, 0x02, 0x02, 0x01, 0x02, 0x03, 0x03,
    0x03, 0x02, 0x02, 0x02, 0x02, 0x02, 0x02, 0x02, 0x01, 0x01, 0x04, 0x02, 0x05, 0x03, 0x02, 0x02, 0x01, 0x02, 0x01, 0x01, 0x02, 0x02, 0x01, 0x02,
    0x02, 0x03, 0x03, 0x03, 0x02, 0x03, 0x03, 0x02, 0x03, 0x02, 0x02, 0x02, 0x02, 0x02, 0x02, 0x02, 0x03, 0x02, 0x02, 0x01, 0x02, 0x02, 0x02, 0x05,
    0x02, 0x05, 0x03, 0x03, 0x02, 0x03, 0x01, 0x06, 0x06, 0x06, 0x04, 0x02, 0x03, 0x02, 0x03, 0x01, 0x06, 0x06, 0x04, 0x03, 0x02, 0x03, 0x02, 0x05,
    0x0B, 0x05, 0x02, 0x02, 0x02, 0x01, 0x01, 0x01, 0x01, 0x01, 0x04, 0x02, 0x01, 0x02, 0x03, 0x01, 0x04, 0x04, 0x01, 0x02, 0x09, 0x05, 0x05, 0x05,
    0x03, 0x01, 0x01, 0x02, 0x02, 0x02, 0x02, 0x02, 0x02, 0x02, 0x02, 0x05, 0x02, 0x02, 0x04, 0x02, 0x03, 0x05, 0x02, 0x06, 0x01, 0x04, 0x03, 0x05,
    0x0B, 0x05, 0x05, 0x09, 0x05, 0x05, 0x05, 0x03, 0x03, 0x03, 0x02, 0x01, 0x01, 0x03, 0x05, 0x05, 0x02, 0x02, 0x09, 0x09, 0x09, 0x03, 0x01, 0x04,
    0x01, 0x04, 0x02, 0x02, 0x04, 0x06, 0x01, 0x01, 0x01, 0x06, 0x04, 0x02, 0x01, 0x01, 0x04, 0x01, 0x02, 0x02, 0x02, 0x02, 0x03, 0x03, 0x02, 0x01,
    0x02, 0x02, 0x03, 0x05, 0x09, 0x05, 0x03, 0x04, 0x05, 0x03, 0x02, 0x02, 0x03, 0x02, 0x02, 0x02, 0x02, 0x02, 0x01, 0x02, 0x02, 0x03, 0x05, 0x05,
    0x05, 0x09, 0x05, 0x05, 0x02, 0x02, 0x02, 0x02, 0x02, 0x02, 0x01, 0x01, 0x02, 0x02, 0x03, 0x02, 0x02, 0x03, 0x03, 0x03, 0x03, 0x09, 0x09, 0x03,
    0x02, 0x02, 0x02, 0x02, 0x01, 0x02, 0x02, 0x02, 0x02, 0x02, 0x02, 0x02, 0x02, 0x02, 0x02, 0x02, 0x02, 0x03, 0x02, 0x03, 0x02, 0x03, 0x02, 0x02,
    0x02, 0x02, 0x02, 0x02, 0x02, 0x01, 0x02, 0x02, 0x02, 0x03, 0x02, 0x02, 0x05, 0x0D, 0x0C, 0x09, 0x05, 0x05, 0x03, 0x05, 0x05, 0x05, 0x03, 0x03,
    0x03, 0x02, 0x02, 0x02, 0x02, 0x01, 0x01, 0x03, 0x03, 0x05, 0x0B, 0x05, 0x01, 0x03, 0x05, 0x05, 0x0B, 0x0D, 0x03, 0x01, 0x01, 0x02, 0x02, 0x01,
    0x02, 0x02, 0x02, 0x03, 0x02, 0x02, 0x01, 0x02, 0x01, 0x02, 0x03, 0x03, 0x01, 0x04, 0x06, 0x01, 0x01, 0x02, 0x01, 0x01, 0x04, 0x02, 0x03, 0x02,
    0x03, 0x03, 0x02, 0x01, 0x02, 0x02, 0x05, 0x05, 0x09, 0x03, 0x02, 0x02, 0x02, 0x01, 0x04, 0x02, 0x03, 0x03, 0x09, 0x05, 0x05, 0x09, 0x03, 0x01,
    0x06, 0x01, 0x09, 0x03, 0x05, 0x0B, 0x01, 0x05, 0x05, 0x03, 0x03, 0x01, 0x04, 0x02, 0x02, 0x01, 0x06, 0x01, 0x06, 0x03, 0x03, 0x02, 0x05, 0x01,
    0x04, 0x01, 0x06, 0x01, 0x04, 0x01, 0x02, 0x01, 0x04, 0x04, 0x01, 0x02, 0x02, 0x02, 0x03, 0x03, 0x03, 0x02, 0x01, 0x03, 0x05, 0x02, 0x01, 0x05,
    0x03, 0x04, 0x04, 0x01, 0x02, 0x03, 0x03, 0x02, 0x01, 0x04, 0x03, 0x03, 0x03, 0x05, 0x0D, 0x0F, 0x0D, 0x05, 0x05, 0x05, 0x04, 0x04, 0x01, 0x01,
    0x02, 0x02, 0x02, 0x03, 0x02, 0x03, 0x03, 0x02, 0x03, 0x03, 0x03, 0x05, 0x05, 0x03, 0x02, 0x01, 0x03, 0x02, 0x02, 0x02, 0x01, 0x02, 0x02, 0x01,
    0x02, 0x02, 0x02, 0x03, 0x03, 0x02, 0x03, 0x03, 0x03, 0x02, 0x02, 0x03, 0x02, 0x02, 0x02, 0x02, 0x03, 0x02, 0x02, 0x01, 0x02, 0x01, 0x02, 0x06,
    0x02, 0x05, 0x03, 0x05, 0x0B, 0x09, 0x03, 0x02, 0x03, 0x03, 0x02, 0x02, 0x02, 0x02, 0x02, 0x02, 0x02, 0x03, 0x01, 0x02, 0x03, 0x02, 0x09, 0x02,
    0x03, 0x02, 0x02, 0x05, 0x05, 0x09, 0x03, 0x03, 0x02, 0x05, 0x05, 0x02, 0x03, 0x01, 0x02, 0x02, 0x01, 0x04, 0x01, 0x02, 0x01, 0x02, 0x02, 0x04,
    0x01, 0x03, 0x03, 0x02, 0x02, 0x02, 0x01, 0x01, 0x02, 0x02, 0x05, 0x05, 0x02, 0x03, 0x03, 0x02, 0x04, 0x02, 0x05, 0x05, 0x02, 0x04, 0x01, 0x02,
    0x02, 0x02, 0x02, 0x02, 0x02, 0x02, 0x03, 0x05, 0x05, 0x05, 0x05, 0x0B, 0x09, 0x05, 0x03, 0x02, 0x02, 0x01, 0x02, 0x02, 0x05, 0x03, 0x03, 0x02,
    0x01, 0x04, 0x02, 0x01, 0x06, 0x06, 0x06, 0x06, 0x06, 0x04, 0x01, 0x04, 0x04, 0x01, 0x03, 0x02, 0x06, 0x04, 0x06, 0x04, 0x01, 0x01, 0x02, 0x02,
    0x02, 0x03, 0x03, 0x02, 0x01, 0x04, 0x02, 0x02, 0x02, 0x02, 0x03, 0x03, 0x03, 0x03, 0x02, 0x02, 0x01, 0x02, 0x02, 0x03, 0x02, 0x05, 0x03, 0x02,
    0x03, 0x01, 0x02, 0x02, 0x03, 0x02, 0x03, 0x02, 0x01, 0x04, 0x06, 0x01, 0x01, 0x04, 0x01, 0x03, 0x03, 0x03, 0x03, 0x02, 0x03, 0x03, 0x03, 0x03,
    0x02, 0x02, 0x02, 0x03, 0x02, 0x02, 0x02, 0x01, 0x02, 0x02, 0x01, 0x02, 0x01, 0x03, 0x02, 0x05, 0x01, 0x02, 0x03, 0x02, 0x02, 0x02, 0x03, 0x02,
    0x02, 0x02, 0x02, 0x02, 0x01, 0x02, 0x02, 0x02, 0x02, 0x01, 0x05, 0x03, 0x06, 0x04, 0x01, 0x02, 0x05, 0x05, 0x03, 0x03, 0x03, 0x02, 0x02, 0x03,
    0x02, 0x04, 0x02, 0x03, 0x05, 0x02, 0x0B, 0x03, 0x05, 0x06, 0x01, 0x02, 0x02, 0x02, 0x04, 0x06, 0x04, 0x03, 0x09, 0x09, 0x05, 0x05, 0x05, 0x05,
    0x02, 0x02, 0x02, 0x06, 0x05, 0x03, 0x01, 0x02, 0x02, 0x04, 0x02, 0x05, 0x03, 0x02, 0x02, 0x03, 0x02, 0x06, 0x04, 0x06, 0x01, 0x01, 0x01, 0x01,
    0x03, 0x03, 0x01, 0x06, 0x01, 0x01, 0x02, 0x01, 0x01, 0x06, 0x01, 0x04, 0x02, 0x02, 0x01, 0x01, 0x01, 0x02, 0x02, 0x02, 0x03, 0x09, 0x05, 0x0B,
    0x0B, 0x05, 0x02, 0x06, 0x02, 0x06, 0x06, 0x04, 0x02, 0x01, 0x02, 0x02, 0x06, 0x06, 0x01, 0x01, 0x04, 0x04, 0x01, 0x04, 0x06, 0x06, 0x06, 0x01,
    0x01, 0x02, 0x03, 0x02, 0x02, 0x02, 0x01, 0x01, 0x03, 0x03, 0x03, 0x02, 0x02, 0x01, 0x03, 0x03, 0x02, 0x04, 0x01, 0x01, 0x01, 0x02, 0x02, 0x06,
    0x01, 0x02, 0x01, 0x01, 0x02, 0x02, 0x03, 0x02, 0x03, 0x02, 0x03, 0x05, 0x01, 0x01, 0x01, 0x02, 0x02, 0x02, 0x02, 0x02, 0x05, 0x05, 0x05, 0x02,
    0x02, 0x04, 0x06, 0x02, 0x03, 0x03, 0x03, 0x02, 0x02, 0x03, 0x02, 0x02, 0x02, 0x03, 0x02, 0x02, 0x03, 0x03, 0x03, 0x02, 0x02, 0x02, 0x03, 0x02,
    0x02, 0x02, 0x02, 0x03, 0x02, 0x02, 0x02, 0x02, 0x02, 0x03, 0x03, 0x02, 0x02, 0x02, 0x01, 0x02, 0x02, 0x01, 0x02, 0x01, 0x01, 0x02, 0x03, 0x02,
    0x09, 0x05, 0x03, 0x02, 0x01, 0x05, 0x0B, 0x05, 0x02, 0x02, 0x03, 0x02, 0x05, 0x0B, 0x0B, 0x0D, 0x0D, 0x0E, 0x0B, 0x03, 0x02, 0x02, 0x02, 0x02,
    0x01, 0x03, 0x02, 0x06, 0x06, 0x04, 0x02, 0x03, 0x02, 0x03, 0x09, 0x05, 0x01, 0x04, 0x02, 0x02, 0x02, 0x01, 0x03, 0x03, 0x03, 0x05, 0x02, 0x02,
    0x04, 0x04, 0x01, 0x04, 0x06, 0x01, 0x01, 0x01, 0x01, 0x01, 0x04, 0x04, 0x03, 0x05, 0x05, 0x05, 0x03, 0x02, 0x03, 0x01, 0x04, 0x01, 0x06, 0x01,
    0x01, 0x01, 0x01, 0x06, 0x06, 0x01, 0x01, 0x01, 0x02, 0x03, 0x05, 0x05, 0x05, 0x09, 0x05, 0x09, 0x02, 0x05, 0x05, 0x01, 0x01, 0x02, 0x02, 0x01,
    0x01, 0x06, 0x06, 0x02, 0x01, 0x02, 0x01, 0x06, 0x01, 0x04, 0x02, 0x06, 0x06, 0x06, 0x01, 0x03, 0x05, 0x02, 0x06, 0x06, 0x06, 0x06, 0x04, 0x01,
    0x02, 0x02, 0x02, 0x02, 0x04, 0x05, 0x01, 0x02, 0x02, 0x02, 0x02, 0x01, 0x02, 0x02, 0x01, 0x02, 0x01, 0x02, 0x02, 0x02, 0x02, 0x02, 0x02, 0x03,
    0x02, 0x03, 0x02, 0x01, 0x02, 0x02, 0x04, 0x05, 0x0B, 0x05, 0x03, 0x02, 0x02, 0x02, 0x05, 0x03, 0x03, 0x03, 0x02, 0x02, 0x05, 0x03, 0x03, 0x03,
    0x02, 0x02, 0x02, 0x05, 0x05, 0x02, 0x06, 0x04, 0x01, 0x04, 0x04, 0x03, 0x03, 0x01, 0x02, 0x02, 0x03, 0x02, 0x02, 0x03, 0x02, 0x02, 0x02, 0x02,
    0x02, 0x02, 0x02, 0x02, 0x02, 0x01, 0x02, 0x01, 0x02, 0x02, 0x02, 0x02, 0x03, 0x02, 0x09, 0x02, 0x02, 0x02, 0x02, 0x03, 0x0C, 0x0B, 0x0B, 0x0B,
    0x0F, 0x10, 0x0D, 0x0F, 0x0A, 0x11, 0x0E, 0x0B, 0x02, 0x06, 0x04, 0x05, 0x03, 0x02, 0x02, 0x02, 0x01, 0x02, 0x02, 0x04, 0x06, 0x01, 0x02, 0x06,
    0x04, 0x01, 0x02, 0x02, 0x02, 0x03, 0x02, 0x02, 0x02, 0x01, 0x02, 0x01, 0x02, 0x01, 0x01, 0x02, 0x02, 0x01, 0x02, 0x01, 0x04, 0x04, 0x06, 0x06,
    0x02, 0x03, 0x03, 0x05, 0x03, 0x01, 0x02, 0x0B, 0x05, 0x03, 0x01, 0x04, 0x02, 0x05, 0x04, 0x02, 0x03, 0x02, 0x02, 0x02, 0x02, 0x01, 0x02, 0x02,
    0x05, 0x05, 0x03, 0x05, 0x03, 0x03, 0x05, 0x03, 0x04, 0x02, 0x01, 0x02, 0x02, 0x02, 0x04, 0x02, 0x05, 0x0B, 0x02, 0x02, 0x02, 0x01, 0x03, 0x03,
    0x05, 0x01, 0x01, 0x03, 0x0B, 0x03, 0x03, 0x01, 0x01, 0x04, 0x01, 0x06, 0x06, 0x06, 0x04, 0x04, 0x02, 0x03, 0x03, 0x02, 0x03, 0x02, 0x05, 0x05,
    0x01, 0x02, 0x02, 0x02, 0x01, 0x04, 0x01, 0x02, 0x01, 0x04, 0x02, 0x01, 0x02, 0x02, 0x01, 0x04, 0x01, 0x02, 0x02, 0x02, 0x02, 0x02, 0x01, 0x01,
    0x02, 0x01, 0x01, 0x02, 0x03, 0x02, 0x02, 0x02, 0x03, 0x02, 0x05, 0x05, 0x02, 0x02, 0x03, 0x02, 0x02, 0x0B, 0x05, 0x02, 0x02, 0x02, 0x02, 0x01,
    0x01, 0x02, 0x02, 0x02, 0x02, 0x02, 0x02, 0x02, 0x02, 0x02, 0x02, 0x01, 0x02, 0x01, 0x02, 0x01, 0x02, 0x02, 0x01, 0x02, 0x01, 0x01, 0x02, 0x01,
    0x02, 0x05, 0x05, 0x05, 0x04, 0x01, 0x02, 0x01, 0x03, 0x0B, 0x0E, 0x0E, 0x05, 0x05, 0x02, 0x02, 0x05, 0x03, 0x05, 0x0B, 0x03, 0x04, 0x01, 0x03,
    0x03, 0x03, 0x02, 0x02, 0x06, 0x06, 0x02, 0x02, 0x01, 0x01, 0x02, 0x0B, 0x02, 0x01, 0x02, 0x02, 0x02, 0x02, 0x06, 0x06, 0x04, 0x06, 0x01, 0x02,
    0x02, 0x02, 0x02, 0x02, 0x02, 0x01, 0x04, 0x01, 0x04, 0x02, 0x01, 0x06, 0x01, 0x01, 0x03, 0x03, 0x03, 0x03, 0x02, 0x09, 0x0E, 0x0D, 0x02, 0x09,
    0x05, 0x03, 0x05, 0x03, 0x03, 0x02, 0x02, 0x01, 0x01, 0x04, 0x01, 0x03, 0x05, 0x05, 0x03, 0x04, 0x02, 0x02, 0x01, 0x03, 0x01, 0x01, 0x04, 0x03,
    0x05, 0x02, 0x06, 0x06, 0x01, 0x02, 0x03, 0x09, 0x05, 0x01, 0x05, 0x03, 0x04, 0x01, 0x01, 0x01, 0x04, 0x04, 0x02, 0x05, 0x03, 0x01, 0x02, 0x01,
    0x01, 0x01, 0x01, 0x02, 0x01, 0x01, 0x02, 0x02, 0x02, 0x01, 0x02, 0x05, 0x03, 0x01, 0x04, 0x04, 0x01, 0x03, 0x01, 0x01, 0x01, 0x01, 0x02, 0x01,
    0x02, 0x06, 0x02, 0x01, 0x02, 0x02, 0x02, 0x02, 0x02, 0x01, 0x02, 0x01, 0x01, 0x04, 0x02, 0x02, 0x02, 0x02, 0x02, 0x03, 0x01, 0x03, 0x02, 0x03,
    0x02, 0x02, 0x02, 0x02, 0x02, 0x02, 0x03, 0x05, 0x02, 0x02, 0x01, 0x01, 0x04, 0x01, 0x01, 0x01, 0x04, 0x02, 0x02, 0x02, 0x02, 0x02, 0x02, 0x01,
    0x02, 0x01, 0x02, 0x02, 0x02, 0x01, 0x01, 0x04, 0x06, 0x04, 0x06, 0x04, 0x02, 0x03, 0x05, 0x03, 0x02, 0x03, 0x03, 0x03, 0x02, 0x02, 0x03, 0x05,
    0x01, 0x06, 0x06, 0x04, 0x02, 0x03, 0x03, 0x05, 0x05, 0x05, 0x06, 0x06, 0x06, 0x01, 0x05, 0x05, 0x05, 0x03, 0x03, 0x05, 0x05, 0x02, 0x02, 0x02,
    0x03, 0x02, 0x02, 0x02, 0x03, 0x02, 0x04, 0x04, 0x06, 0x06, 0x04, 0x03, 0x02, 0x02, 0x03, 0x01, 0x06, 0x06, 0x04, 0x06, 0x06, 0x06, 0x06, 0x06,
    0x03, 0x03, 0x02, 0x03, 0x03, 0x03, 0x03, 0x05, 0x0E, 0x0B, 0x05, 0x01, 0x06, 0x01, 0x05, 0x05, 0x05, 0x02, 0x01, 0x06, 0x06, 0x01, 0x01, 0x02,
    0x01, 0x02, 0x03, 0x05, 0x01, 0x02, 0x04, 0x04, 0x03, 0x05, 0x0B, 0x09, 0x0B, 0x0D, 0x0B, 0x05, 0x04, 0x04, 0x01, 0x03, 0x05, 0x05, 0x05, 0x05,
    0x01, 0x02, 0x01, 0x06, 0x01, 0x02, 0x02, 0x03, 0x01, 0x06, 0x06, 0x01, 0x02, 0x02, 0x02, 0x01, 0x01, 0x04, 0x01, 0x01, 0x06, 0x01, 0x02, 0x02,
    0x02, 0x05, 0x03, 0x03, 0x03, 0x02, 0x02, 0x02, 0x05, 0x05, 0x01, 0x04, 0x04, 0x01, 0x02, 0x02, 0x02, 0x02, 0x02, 0x01, 0x04, 0x04, 0x01, 0x01,
    0x04, 0x01, 0x01, 0x01, 0x02, 0x02, 0x01, 0x02, 0x02, 0x04, 0x02, 0x04, 0x01, 0x03, 0x03, 0x04, 0x04, 0x01, 0x02, 0x03, 0x05, 0x02, 0x02, 0x01,
    0x04, 0x06, 0x06, 0x04, 0x04, 0x01, 0x01, 0x02, 0x02, 0x02, 0x02, 0x02, 0x02, 0x01, 0x01, 0x01, 0x01, 0x02, 0x01, 0x06, 0x06, 0x04, 0x06, 0x04,
    0x01, 0x01, 0x03, 0x05, 0x05, 0x06, 0x06, 0x03, 0x02, 0x03, 0x03, 0x02, 0x04, 0x06, 0x06, 0x01, 0x02, 0x02, 0x01, 0x01, 0x05, 0x0D, 0x0B, 0x02,
    0x06, 0x04, 0x05, 0x0D, 0x0F, 0x0B, 0x02, 0x02, 0x03, 0x03, 0x01, 0x02, 0x06, 0x01, 0x06, 0x05, 0x02, 0x02, 0x02, 0x02, 0x04, 0x01, 0x02, 0x01,
    0x01, 0x02, 0x02, 0x02, 0x02, 0x03, 0x01, 0x06, 0x04, 0x01, 0x01, 0x01, 0x05, 0x03, 0x02, 0x02, 0x02, 0x05, 0x03, 0x03, 0x05, 0x09, 0x02, 0x04,
    0x04, 0x01, 0x02, 0x0B, 0x09, 0x03, 0x04, 0x01, 0x04, 0x06, 0x01, 0x03, 0x03, 0x03, 0x05, 0x05, 0x03, 0x03, 0x03, 0x03, 0x03, 0x05, 0x02, 0x02,
    0x02, 0x05, 0x0C, 0x0B, 0x0D, 0x02, 0x02, 0x06, 0x01, 0x03, 0x02, 0x05, 0x09, 0x01, 0x02, 0x04, 0x04, 0x01, 0x02, 0x02, 0x05, 0x05, 0x05, 0x01,
    0x01, 0x02, 0x02, 0x02, 0x02, 0x05, 0x01, 0x01, 0x02, 0x02, 0x02, 0x02, 0x03, 0x05, 0x0B, 0x0B, 0x05, 0x01, 0x01, 0x01, 0x04, 0x02, 0x02, 0x01,
    0x01, 0x01, 0x02, 0x03, 0x03, 0x03, 0x02, 0x02, 0x01, 0x04, 0x01, 0x01, 0x01, 0x06, 0x06, 0x06, 0x06, 0x01, 0x06, 0x06, 0x01, 0x01, 0x02, 0x01,
    0x02, 0x02, 0x05, 0x09, 0x02, 0x02, 0x01, 0x01, 0x02, 0x02, 0x02, 0x02, 0x02, 0x01, 0x01, 0x04, 0x04, 0x04, 0x01, 0x02, 0x02, 0x02, 0x02, 0x03,
    0x02, 0x03, 0x03, 0x02, 0x01, 0x02, 0x01, 0x01, 0x04, 0x01, 0x04, 0x04, 0x06, 0x01, 0x02, 0x05, 0x09, 0x0C, 0x0C, 0x03, 0x02, 0x02, 0x03, 0x02,
    0x04, 0x06, 0x06, 0x02, 0x05, 0x02, 0x02, 0x01, 0x02, 0x03, 0x03, 0x02, 0x02, 0x02, 0x05, 0x05, 0x0B, 0x05, 0x03, 0x02, 0x02, 0x02, 0x02, 0x05,
    0x06, 0x01, 0x01, 0x02, 0x03, 0x04, 0x01, 0x02, 0x02, 0x02, 0x01, 0x01, 0x04, 0x02, 0x01, 0x01, 0x01, 0x02, 0x01, 0x01, 0x01, 0x03, 0x01, 0x01,
    0x05, 0x05, 0x03, 0x01, 0x02, 0x03, 0x02, 0x03, 0x02, 0x02, 0x05, 0x05, 0x02, 0x01, 0x02, 0x01, 0x02, 0x03, 0x03, 0x03, 0x0B, 0x0B, 0x05, 0x09,
    0x03, 0x05, 0x03, 0x03, 0x03, 0x03, 0x03, 0x02, 0x02, 0x05, 0x03, 0x01, 0x01, 0x02, 0x03, 0x09, 0x0B, 0x05, 0x0B, 0x05, 0x03, 0x01, 0x03, 0x09,
    0x0B, 0x02, 0x01, 0x01, 0x01, 0x01, 0x01, 0x01, 0x01, 0x03, 0x02, 0x04, 0x01, 0x02, 0x02, 0x02, 0x03, 0x03, 0x01, 0x01, 0x03, 0x03, 0x03, 0x02,
    0x04, 0x01, 0x01, 0x02, 0x03, 0x05, 0x01, 0x02, 0x03, 0x01, 0x02, 0x03, 0x05, 0x01, 0x02, 0x02, 0x02, 0x02, 0x03, 0x02, 0x03, 0x02, 0x02, 0x02,
    0x02, 0x02, 0x04, 0x06, 0x06, 0x01, 0x05, 0x02, 0x02, 0x03, 0x02, 0x03, 0x02, 0x03, 0x05, 0x02, 0x02, 0x04, 0x04, 0x04, 0x01, 0x02, 0x03, 0x02,
    0x03, 0x02, 0x02, 0x04, 0x02, 0x04, 0x01, 0x01, 0x02, 0x02, 0x02, 0x02, 0x03, 0x02, 0x02, 0x01, 0x02, 0x01, 0x02, 0x03, 0x01, 0x01, 0x02, 0x01,
    0x01, 0x01, 0x06, 0x04, 0x03, 0x09, 0x05, 0x05, 0x01, 0x04, 0x01, 0x02, 0x05, 0x05, 0x02, 0x01, 0x01, 0x03, 0x02, 0x02, 0x02, 0x01, 0x02, 0x02,
    0x05, 0x05, 0x0B, 0x05, 0x01, 0x06, 0x04, 0x02, 0x03, 0x02, 0x03, 0x03, 0x06, 0x06, 0x06, 0x01, 0x05, 0x04, 0x05, 0x03, 0x01, 0x04, 0x04, 0x01,
    0x01, 0x04, 0x01, 0x01, 0x01, 0x02, 0x02, 0x01, 0x04, 0x01, 0x03, 0x04, 0x05, 0x09, 0x03, 0x05, 0x02, 0x02, 0x02, 0x0B, 0x01, 0x06, 0x01, 0x09,
    0x0B, 0x05, 0x03, 0x03, 0x03, 0x03, 0x09, 0x05, 0x02, 0x02, 0x03, 0x03, 0x03, 0x02, 0x03, 0x02, 0x03, 0x03, 0x05, 0x09, 0x03, 0x02, 0x02, 0x02,
    0x01, 0x04, 0x01, 0x02, 0x05, 0x05, 0x05, 0x05, 0x05, 0x05, 0x02, 0x05, 0x0B, 0x04, 0x02, 0x02, 0x04, 0x01, 0x04, 0x01, 0x01, 0x02, 0x02, 0x04,
    0x01, 0x04, 0x06, 0x06, 0x01, 0x01, 0x02, 0x02, 0x02, 0x01, 0x02, 0x03, 0x03, 0x01, 0x01, 0x02, 0x01, 0x04, 0x02, 0x02, 0x01, 0x02, 0x02, 0x02,
    0x02, 0x02, 0x03, 0x02, 0x02, 0x02, 0x03, 0x05, 0x05, 0x05, 0x05, 0x02, 0x03, 0x05, 0x05, 0x02, 0x06, 0x06, 0x01, 0x02, 0x02, 0x02, 0x03, 0x05,
    0x01, 0x06, 0x01, 0x06, 0x01, 0x01, 0x06, 0x06, 0x01, 0x01, 0x01, 0x02, 0x02, 0x01, 0x02, 0x01, 0x02, 0x02, 0x02, 0x04, 0x01, 0x02, 0x03, 0x01,
    0x04, 0x01, 0x02, 0x01, 0x02, 0x06, 0x06, 0x06, 0x02, 0x04, 0x01, 0x01, 0x01, 0x01, 0x02, 0x01, 0x02, 0x01, 0x02, 0x05, 0x03, 0x02, 0x01, 0x03,
    0x05, 0x05, 0x03, 0x04, 0x01, 0x05, 0x02, 0x03, 0x03, 0x02, 0x01, 0x02, 0x03, 0x05, 0x0B, 0x05, 0x03, 0x03, 0x02, 0x02, 0x03, 0x05, 0x03, 0x02,
    0x05, 0x03, 0x09, 0x03, 0x03, 0x0B, 0x02, 0x02, 0x02, 0x05, 0x03, 0x04, 0x06, 0x06, 0x06, 0x01, 0x01, 0x02, 0x01, 0x03, 0x01, 0x04, 0x06, 0x06,
    0x02, 0x03, 0x05, 0x05, 0x03, 0x05, 0x0B, 0x05, 0x03, 0x03, 0x04, 0x03, 0x05, 0x03, 0x03, 0x05, 0x09, 0x05, 0x05, 0x03, 0x02, 0x02, 0x02, 0x01,
    0x02, 0x01, 0x01, 0x01, 0x03, 0x03, 0x03, 0x03, 0x01, 0x01, 0x03, 0x03, 0x02, 0x03, 0x09, 0x09, 0x02, 0x04, 0x02, 0x03, 0x05, 0x0B, 0x02, 0x02,
    0x01, 0x05, 0x0B, 0x03, 0x02, 0x01, 0x01, 0x02, 0x06, 0x06, 0x06, 0x01, 0x04, 0x01, 0x06, 0x04, 0x06, 0x02, 0x05, 0x05, 0x02, 0x02, 0x02, 0x02,
    0x02, 0x02, 0x01, 0x01, 0x01, 0x06, 0x06, 0x01, 0x04, 0x01, 0x01, 0x02, 0x03, 0x02, 0x01, 0x04, 0x04, 0x01, 0x01, 0x01, 0x02, 0x02, 0x02, 0x01,
    0x01, 0x02, 0x03, 0x0B, 0x05, 0x01, 0x02, 0x03, 0x02, 0x02, 0x02, 0x05, 0x05, 0x04, 0x06, 0x06, 0x02, 0x05, 0x0B, 0x0B, 0x03, 0x01, 0x06, 0x02,
    0x02, 0x01, 0x01, 0x02, 0x02, 0x01, 0x02, 0x02, 0x01, 0x04, 0x01, 0x02, 0x02, 0x01, 0x01, 0x01, 0x01, 0x03, 0x01, 0x01, 0x04, 0x04, 0x06, 0x04,
    0x01, 0x01, 0x01, 0x02, 0x02, 0x01, 0x01, 0x02, 0x03, 0x03, 0x01, 0x04, 0x04, 0x02, 0x02, 0x03, 0x01, 0x02, 0x03, 0x03, 0x02, 0x04, 0x01, 0x06,
    0x04, 0x01, 0x04, 0x06, 0x01, 0x01, 0x02, 0x05, 0x05, 0x05, 0x05, 0x03, 0x05, 0x02, 0x05, 0x02, 0x02, 0x02, 0x01, 0x01, 0x02, 0x03, 0x02, 0x02,
    0x01, 0x04, 0x01, 0x03, 0x01, 0x02, 0x02, 0x05, 0x02, 0x01, 0x04, 0x06, 0x02, 0x02, 0x05, 0x03, 0x05, 0x0B, 0x0D, 0x0B, 0x03, 0x03, 0x03, 0x03,
    0x02, 0x03, 0x02, 0x03, 0x02, 0x03, 0x09, 0x0B, 0x0B, 0x03, 0x09, 0x03, 0x06, 0x05, 0x03, 0x01, 0x03, 0x02, 0x02, 0x02, 0x01, 0x02, 0x09, 0x09,
    0x02, 0x01, 0x03, 0x05, 0x02, 0x02, 0x02, 0x02, 0x02, 0x05, 0x05, 0x02, 0x02, 0x01, 0x03, 0x05, 0x0B, 0x02, 0x01, 0x01, 0x01, 0x04, 0x04, 0x01,
    0x04, 0x02, 0x02, 0x01, 0x04, 0x06, 0x04, 0x01, 0x02, 0x02, 0x04, 0x06, 0x06, 0x06, 0x04, 0x06, 0x04, 0x04, 0x06, 0x04, 0x04, 0x01, 0x02, 0x02,
    0x02, 0x02, 0x01, 0x04, 0x04, 0x04, 0x06, 0x06, 0x01, 0x02, 0x04, 0x04, 0x01, 0x01, 0x02, 0x01, 0x01, 0x01, 0x01, 0x02, 0x02, 0x02, 0x02, 0x02,
    0x02, 0x05, 0x05, 0x02, 0x02, 0x01, 0x02, 0x03, 0x03, 0x05, 0x03, 0x04, 0x01, 0x02, 0x02, 0x06, 0x01, 0x03, 0x03, 0x02, 0x01, 0x02, 0x01, 0x02,
    0x02, 0x01, 0x04, 0x01, 0x06, 0x04, 0x01, 0x03, 0x03, 0x04, 0x06, 0x06, 0x01, 0x06, 0x01, 0x01, 0x01, 0x01, 0x03, 0x03, 0x03, 0x02, 0x04, 0x06,
    0x04, 0x05, 0x05, 0x03, 0x06, 0x06, 0x03, 0x0B, 0x03, 0x05, 0x01, 0x06, 0x06, 0x06, 0x06, 0x06, 0x06, 0x06, 0x01, 0x01, 0x01, 0x02, 0x01, 0x02,
    0x05, 0x0D, 0x0B, 0x02, 0x02, 0x03, 0x03, 0x02, 0x01, 0x01, 0x04, 0x01, 0x02, 0x02, 0x04, 0x06, 0x01, 0x01, 0x01, 0x03, 0x05, 0x05, 0x01, 0x01,
    0x01, 0x01, 0x01, 0x02, 0x02, 0x03, 0x02, 0x05, 0x0C, 0x0B, 0x03, 0x04, 0x02, 0x04, 0x01, 0x02, 0x09, 0x0B, 0x0B, 0x05, 0x03, 0x02, 0x03, 0x05,
    0x09, 0x05, 0x01, 0x05, 0x06, 0x02, 0x03, 0x03, 0x02, 0x06, 0x03, 0x05, 0x06, 0x06, 0x04, 0x02, 0x03, 0x05, 0x03, 0x02, 0x01, 0x01, 0x03, 0x01,
    0x02, 0x02, 0x02, 0x02, 0x02, 0x05, 0x01, 0x01, 0x03, 0x02, 0x01, 0x03, 0x02, 0x01, 0x03, 0x02, 0x06, 0x06, 0x06, 0x02, 0x01, 0x02, 0x05, 0x03,
    0x06, 0x01, 0x04, 0x03, 0x06, 0x01, 0x06, 0x01, 0x01, 0x01, 0x01, 0x01, 0x06, 0x06, 0x01, 0x01, 0x01, 0x04, 0x01, 0x01, 0x01, 0x01, 0x02, 0x02,
    0x01, 0x01, 0x02, 0x03, 0x05, 0x02, 0x05, 0x02, 0x01, 0x02, 0x03, 0x02, 0x03, 0x0B, 0x05, 0x09, 0x03, 0x01, 0x01, 0x02, 0x03, 0x05, 0x02, 0x04,
    0x01, 0x02, 0x01, 0x06, 0x06, 0x02, 0x02, 0x03, 0x03, 0x02, 0x01, 0x02, 0x02, 0x01, 0x04, 0x06, 0x06, 0x06, 0x01, 0x01, 0x02, 0x01, 0x05, 0x04,
    0x06, 0x06, 0x04, 0x04, 0x01, 0x03, 0x02, 0x01, 0x02, 0x02, 0x03, 0x03, 0x05, 0x0B, 0x0E, 0x0B, 0x03, 0x02, 0x01, 0x01, 0x02, 0x03, 0x04, 0x02,
    0x0B, 0x0A, 0x0B, 0x06, 0x06, 0x04, 0x01, 0x04, 0x01, 0x02, 0x03, 0x01, 0x09, 0x03, 0x03, 0x09, 0x02, 0x02, 0x05, 0x05, 0x09, 0x03, 0x04, 0x04,
    0x03, 0x02, 0x02, 0x01, 0x03, 0x02, 0x01, 0x04, 0x01, 0x02, 0x09, 0x03, 0x04, 0x06, 0x06, 0x06, 0x06, 0x01, 0x01, 0x02, 0x01, 0x03, 0x05, 0x03,
    0x03, 0x09, 0x0B, 0x0B, 0x03, 0x03, 0x05, 0x05, 0x05, 0x03, 0x03, 0x03, 0x03, 0x03, 0x09, 0x05, 0x03, 0x03, 0x02, 0x03, 0x0B, 0x05, 0x05, 0x05,
    0x09, 0x03, 0x01, 0x06, 0x06, 0x04, 0x01, 0x01, 0x01, 0x02, 0x03, 0x03, 0x02, 0x01, 0x01, 0x02, 0x02, 0x02, 0x02, 0x02, 0x02, 0x02, 0x04, 0x04,
    0x04, 0x06, 0x01, 0x02, 0x04, 0x06, 0x06, 0x01, 0x02, 0x02, 0x02, 0x05, 0x03, 0x05, 0x05, 0x05, 0x05, 0x03, 0x03, 0x02, 0x01, 0x01, 0x03, 0x02,
    0x03, 0x02, 0x03, 0x01, 0x02, 0x04, 0x01, 0x01, 0x03, 0x03, 0x03, 0x03, 0x01, 0x01, 0x02, 0x01, 0x02, 0x01, 0x04, 0x01, 0x01, 0x01, 0x01, 0x01,
    0x01, 0x03, 0x05, 0x0C, 0x09, 0x02, 0x01, 0x04, 0x01, 0x01, 0x02, 0x03, 0x02, 0x03, 0x02, 0x05, 0x05, 0x02, 0x02, 0x02, 0x02, 0x01, 0x01, 0x04,
    0x01, 0x06, 0x01, 0x05, 0x01, 0x03, 0x03, 0x01, 0x01, 0x01, 0x02, 0x03, 0x02, 0x01, 0x06, 0x04, 0x02, 0x01, 0x01, 0x04, 0x01, 0x04, 0x04, 0x02,
    0x01, 0x02, 0x02, 0x02, 0x01, 0x02, 0x06, 0x03, 0x02, 0x05, 0x05, 0x09, 0x09, 0x01, 0x04, 0x03, 0x02, 0x04, 0x04, 0x06, 0x06, 0x02, 0x02, 0x03,
    0x05, 0x05, 0x05, 0x01, 0x02, 0x02, 0x03, 0x05, 0x03, 0x02, 0x02, 0x02, 0x02, 0x02, 0x03, 0x01, 0x02, 0x01, 0x01, 0x02, 0x01, 0x06, 0x05, 0x03,
    0x0B, 0x03, 0x03, 0x03, 0x03, 0x02, 0x01, 0x01, 0x01, 0x02, 0x03, 0x02, 0x03, 0x01, 0x02, 0x01, 0x01, 0x02, 0x01, 0x02, 0x03, 0x02, 0x01, 0x05,
    0x09, 0x02, 0x02, 0x02, 0x05, 0x05, 0x01, 0x02, 0x05, 0x0B, 0x02, 0x02, 0x05, 0x0B, 0x05, 0x03, 0x01, 0x06, 0x01, 0x06, 0x01, 0x01, 0x02, 0x02,
    0x02, 0x03, 0x01, 0x01, 0x06, 0x04, 0x01, 0x02, 0x01, 0x01, 0x02, 0x02, 0x01, 0x01, 0x01, 0x01, 0x01, 0x01, 0x05, 0x01, 0x01, 0x02, 0x02, 0x02,
    0x03, 0x03, 0x03, 0x02, 0x0B, 0x0D, 0x0B, 0x01, 0x06, 0x01, 0x01, 0x03, 0x09, 0x09, 0x01, 0x01, 0x01, 0x03, 0x05, 0x02, 0x01, 0x03, 0x05, 0x05,
    0x02, 0x01, 0x04, 0x04, 0x02, 0x02, 0x01, 0x04, 0x01, 0x04, 0x01, 0x02, 0x01, 0x02, 0x02, 0x03, 0x03, 0x05, 0x05, 0x01, 0x01, 0x06, 0x01, 0x03,
    0x02, 0x06, 0x01, 0x01, 0x01, 0x02, 0x01, 0x01, 0x01, 0x05, 0x05, 0x05, 0x05, 0x0B, 0x05, 0x05, 0x05, 0x02, 0x01, 0x01, 0x06, 0x02, 0x02, 0x03,
    0x03, 0x02, 0x02, 0x01, 0x01, 0x01, 0x04, 0x04, 0x02, 0x03, 0x04, 0x06, 0x06, 0x01, 0x06, 0x04, 0x01, 0x02, 0x02, 0x02, 0x01, 0x02, 0x05, 0x0C,
    0x05, 0x04, 0x02, 0x02, 0x02, 0x03, 0x02, 0x05, 0x05, 0x01, 0x02, 0x03, 0x02, 0x0B, 0x01, 0x04, 0x04, 0x01, 0x05, 0x03, 0x02, 0x01, 0x02, 0x01,
    0x02, 0x02, 0x02, 0x01, 0x02, 0x02, 0x01, 0x03, 0x05, 0x05, 0x05, 0x03, 0x01, 0x03, 0x03, 0x03, 0x03, 0x09, 0x02, 0x01, 0x06, 0x01, 0x01, 0x04,
    0x01, 0x04, 0x04, 0x01, 0x06, 0x01, 0x06, 0x06, 0x01, 0x05, 0x0B, 0x0B, 0x05, 0x03, 0x0B, 0x05, 0x0B, 0x0D, 0x0C, 0x05, 0x05, 0x02, 0x03, 0x03,
    0x03, 0x03, 0x02, 0x02, 0x05, 0x03, 0x06, 0x01, 0x04, 0x01, 0x04, 0x01, 0x03, 0x03, 0x01, 0x02, 0x04, 0x01, 0x04, 0x01, 0x06, 0x01, 0x01, 0x02,
    0x02, 0x03, 0x02, 0x01, 0x02, 0x01, 0x03, 0x03, 0x02, 0x02, 0x03, 0x02, 0x02, 0x02, 0x02, 0x03, 0x05, 0x05, 0x05, 0x05, 0x09, 0x01, 0x02, 0x01,
    0x05, 0x03, 0x02, 0x02, 0x02, 0x02, 0x02, 0x01, 0x02, 0x02, 0x02, 0x03, 0x03, 0x03, 0x05, 0x05, 0x02, 0x01, 0x04, 0x04, 0x06, 0x01, 0x04, 0x02,
    0x03, 0x02, 0x02, 0x02, 0x03, 0x03, 0x02, 0x01, 0x03, 0x02, 0x01, 0x03, 0x05, 0x05, 0x03, 0x04, 0x01, 0x01, 0x02, 0x03, 0x02, 0x02, 0x03, 0x03,
    0x03, 0x05, 0x01, 0x01, 0x02, 0x03, 0x03, 0x01, 0x04, 0x01, 0x01, 0x02, 0x02, 0x02, 0x01, 0x06, 0x06, 0x06, 0x06, 0x01, 0x01, 0x01, 0x03, 0x03,
    0x05, 0x04, 0x01, 0x04, 0x01, 0x01, 0x02, 0x02, 0x03, 0x02, 0x03, 0x0B, 0x0C, 0x05, 0x03, 0x01, 0x05, 0x03, 0x03, 0x05, 0x03, 0x02, 0x02, 0x06,
    0x02, 0x01, 0x03, 0x02, 0x06, 0x04, 0x02, 0x02, 0x01, 0x02, 0x02, 0x03, 0x02, 0x01, 0x02, 0x03, 0x01, 0x01, 0x03, 0x02, 0x0B, 0x0B, 0x0B, 0x02,
    0x01, 0x02, 0x03, 0x02, 0x05, 0x03, 0x03, 0x03, 0x02, 0x03, 0x06, 0x04, 0x01, 0x02, 0x01, 0x04, 0x04, 0x01, 0x06, 0x01, 0x04, 0x04, 0x03, 0x0C,
    0x0B, 0x09, 0x02, 0x03, 0x09, 0x09, 0x05, 0x05, 0x05, 0x02, 0x02, 0x02, 0x02, 0x02, 0x01, 0x05, 0x0B, 0x0C, 0x0C, 0x03, 0x01, 0x02, 0x02, 0x02,
    0x03, 0x03, 0x05, 0x02, 0x02, 0x01, 0x04, 0x06, 0x04, 0x01, 0x04, 0x02, 0x01, 0x04, 0x01, 0x01, 0x01, 0x02, 0x02, 0x02, 0x02, 0x02, 0x02, 0x02,
    0x02, 0x02, 0x02, 0x02, 0x01, 0x02, 0x01, 0x01, 0x02, 0x02, 0x01, 0x06, 0x04, 0x06, 0x01, 0x02, 0x04, 0x01, 0x01, 0x02, 0x01, 0x01, 0x02, 0x02,
    0x02, 0x02, 0x02, 0x01, 0x02, 0x01, 0x01, 0x06, 0x03, 0x01, 0x01, 0x04, 0x01, 0x01, 0x01, 0x01, 0x02, 0x02, 0x03, 0x03, 0x03, 0x04, 0x06, 0x06,
    0x01, 0x01, 0x05, 0x09, 0x05, 0x04, 0x01, 0x01, 0x02, 0x02, 0x02, 0x03, 0x02, 0x02, 0x01, 0x04, 0x06, 0x06, 0x01, 0x01, 0x06, 0x06, 0x06, 0x06,
    0x01, 0x02, 0x04, 0x04, 0x06, 0x06, 0x06, 0x04, 0x01, 0x04, 0x04, 0x04, 0x04, 0x06, 0x06, 0x06, 0x04, 0x06, 0x01, 0x01, 0x03, 0x03, 0x02, 0x02,
    0x02, 0x02, 0x02, 0x01, 0x01, 0x04, 0x01, 0x02, 0x02, 0x01, 0x06, 0x02, 0x01, 0x01, 0x02, 0x01, 0x03, 0x02, 0x02, 0x02, 0x02, 0x02, 0x02, 0x02,
    0x01, 0x02, 0x02, 0x03, 0x02, 0x02, 0x05, 0x05, 0x03, 0x03, 0x02, 0x02, 0x01, 0x04, 0x02, 0x02, 0x03, 0x03, 0x02, 0x05, 0x05, 0x03, 0x03, 0x02,
    0x01, 0x02, 0x02, 0x05, 0x0B, 0x0D, 0x0B, 0x06, 0x01, 0x04, 0x01, 0x03, 0x03, 0x02, 0x02, 0x02, 0x01, 0x02, 0x03, 0x03, 0x03, 0x03, 0x03, 0x05,
    0x02, 0x01, 0x01, 0x01, 0x02, 0x02, 0x03, 0x03, 0x02, 0x02, 0x05, 0x05, 0x02, 0x02, 0x03, 0x09, 0x0C, 0x09, 0x03, 0x01, 0x04, 0x04, 0x04, 0x06,
    0x04, 0x02, 0x04, 0x03, 0x03, 0x02, 0x04, 0x01, 0x01, 0x04, 0x01, 0x02, 0x02, 0x02, 0x01, 0x02, 0x02, 0x01, 0x01, 0x02, 0x01, 0x01, 0x04, 0x01,
    0x06, 0x02, 0x01, 0x06, 0x01, 0x04, 0x04, 0x01, 0x02, 0x01, 0x03, 0x05, 0x03, 0x01, 0x01, 0x02, 0x02, 0x01, 0x04, 0x06, 0x06, 0x04, 0x04, 0x01,
    0x01, 0x01, 0x01, 0x01, 0x01, 0x01, 0x03, 0x05, 0x02, 0x03, 0x03, 0x06, 0x01, 0x06, 0x01, 0x03, 0x05, 0x05, 0x01, 0x01, 0x02, 0x02, 0x03, 0x02,
    0x01, 0x04, 0x06, 0x04, 0x01, 0x06, 0x06, 0x06, 0x06, 0x04, 0x01, 0x02, 0x03, 0x02, 0x01, 0x01, 0x04, 0x06, 0x06, 0x04, 0x03, 0x03, 0x02, 0x01,
    0x01, 0x01, 0x01, 0x04, 0x04, 0x04, 0x01, 0x01, 0x03, 0x02, 0x06, 0x06, 0x06, 0x01, 0x01, 0x02, 0x02, 0x01, 0x04, 0x04, 0x04, 0x02, 0x03, 0x02,
    0x01, 0x01, 0x01, 0x05, 0x09, 0x05, 0x01, 0x04, 0x01, 0x01, 0x02, 0x02, 0x02, 0x03, 0x03, 0x02, 0x03, 0x03, 0x03, 0x03, 0x02, 0x02, 0x02, 0x05,
    0x03, 0x03, 0x02, 0x02, 0x02, 0x02, 0x03, 0x03, 0x05, 0x0B, 0x0B, 0x03, 0x01, 0x01, 0x01, 0x01, 0x01, 0x03, 0x03, 0x03, 0x01, 0x01, 0x01, 0x01,
    0x03, 0x09, 0x03, 0x04, 0x02, 0x02, 0x01, 0x01, 0x04, 0x02, 0x05, 0x09, 0x05, 0x02, 0x02, 0x05, 0x03, 0x01, 0x01, 0x03, 0x01, 0x02, 0x04, 0x01,
    0x01, 0x02, 0x01, 0x02, 0x05, 0x05, 0x05, 0x05, 0x05, 0x02, 0x02, 0x04, 0x02, 0x03, 0x05, 0x05, 0x02, 0x01, 0x04, 0x06, 0x01, 0x01, 0x01, 0x02,
    0x02, 0x03, 0x02, 0x02, 0x03, 0x03, 0x02, 0x02, 0x02, 0x04, 0x01, 0x01, 0x01, 0x01, 0x03, 0x02, 0x01, 0x01, 0x06, 0x01, 0x04, 0x04, 0x01, 0x02,
    0x01, 0x01, 0x01, 0x02, 0x01, 0x02, 0x04, 0x02, 0x04, 0x06, 0x01, 0x04, 0x06, 0x06, 0x04, 0x04, 0x01, 0x01, 0x01, 0x05, 0x0B, 0x0B, 0x0C, 0x0D,
    0x05, 0x01, 0x01, 0x02, 0x05, 0x0B, 0x0B, 0x03, 0x02, 0x02, 0x02, 0x02, 0x02, 0x01, 0x01, 0x06, 0x06, 0x04, 0x01, 0x04, 0x06, 0x06, 0x06, 0x06,
    0x01, 0x02, 0x02, 0x01, 0x01, 0x02, 0x04, 0x06, 0x06, 0x01, 0x01, 0x01, 0x01, 0x02, 0x01, 0x04, 0x04, 0x06, 0x06, 0x01, 0x02, 0x02, 0x03, 0x04,
    0x06, 0x01, 0x01, 0x01, 0x02, 0x02, 0x01, 0x01, 0x04, 0x01, 0x02, 0x02, 0x06, 0x04, 0x04, 0x01, 0x01, 0x03, 0x02, 0x03, 0x01, 0x01, 0x01, 0x01,
    0x03, 0x05, 0x05, 0x02, 0x02, 0x01, 0x02, 0x01, 0x01, 0x01, 0x04, 0x05, 0x02, 0x01, 0x01, 0x02, 0x03, 0x03, 0x02, 0x05, 0x05, 0x03, 0x0C, 0x09,
    0x05, 0x02, 0x01, 0x04, 0x04, 0x01, 0x02, 0x03, 0x09, 0x09, 0x05, 0x09, 0x03, 0x02, 0x03, 0x09, 0x01, 0x03, 0x01, 0x01, 0x06, 0x06, 0x01, 0x06,
    0x01, 0x02, 0x03, 0x01, 0x06, 0x06, 0x06, 0x01, 0x01, 0x01, 0x01, 0x01, 0x01, 0x02, 0x02, 0x02, 0x03, 0x05, 0x0B, 0x0B, 0x0D, 0x09, 0x0B, 0x0B,
    0x03, 0x02, 0x01, 0x01, 0x05, 0x05, 0x02, 0x04, 0x01, 0x05, 0x01, 0x01, 0x01, 0x02, 0x02, 0x02, 0x02, 0x03, 0x03, 0x03, 0x01, 0x01, 0x01, 0x01,
    0x02, 0x04, 0x01, 0x01, 0x01, 0x01, 0x01, 0x01, 0x01, 0x01, 0x01, 0x02, 0x01, 0x01, 0x04, 0x06, 0x01, 0x02, 0x05, 0x05, 0x02, 0x02, 0x06, 0x04,
    0x06, 0x06, 0x06, 0x04, 0x01, 0x01, 0x01, 0x01, 0x01, 0x02, 0x05, 0x05, 0x05, 0x03, 0x01, 0x06, 0x02, 0x02, 0x02, 0x02, 0x01, 0x01, 0x02, 0x02,
    0x02, 0x01, 0x02, 0x05, 0x02, 0x01, 0x04, 0x01, 0x03, 0x03, 0x05, 0x02, 0x01, 0x01, 0x01, 0x02, 0x02, 0x01, 0x04, 0x06, 0x06, 0x06, 0x06, 0x06,
    0x06, 0x01, 0x01, 0x01, 0x06, 0x06, 0x06, 0x04, 0x04, 0x01, 0x05, 0x02, 0x02, 0x01, 0x01, 0x01, 0x01, 0x02, 0x01, 0x02, 0x02, 0x01, 0x01, 0x02,
    0x01, 0x02, 0x01, 0x02, 0x02, 0x02, 0x01, 0x02, 0x03, 0x02, 0x01, 0x01, 0x02, 0x02, 0x02, 0x01, 0x02, 0x01, 0x01, 0x01, 0x01, 0x06, 0x06, 0x04,
    0x04, 0x01, 0x02, 0x01, 0x02, 0x03, 0x01, 0x02, 0x09, 0x02, 0x02, 0x01, 0x05, 0x05, 0x05, 0x01, 0x06, 0x01, 0x06, 0x01, 0x02, 0x02, 0x03, 0x03,
    0x02, 0x01, 0x01, 0x01, 0x04, 0x02, 0x01, 0x05, 0x05, 0x05, 0x01, 0x02, 0x02, 0x02, 0x02, 0x06, 0x06, 0x06, 0x01, 0x06, 0x04, 0x04, 0x01, 0x06,
    0x01, 0x06, 0x06, 0x01, 0x06, 0x01, 0x03, 0x05, 0x09, 0x02, 0x02, 0x03, 0x05, 0x02, 0x06, 0x01, 0x05, 0x0A, 0x05, 0x01, 0x01, 0x01, 0x06, 0x01,
    0x04, 0x01, 0x01, 0x01, 0x04, 0x06, 0x04, 0x01, 0x02, 0x01, 0x04, 0x01, 0x01, 0x04, 0x06, 0x01, 0x01, 0x01, 0x04, 0x01, 0x01, 0x01, 0x04, 0x04,
    0x02, 0x03, 0x05, 0x01, 0x06, 0x01, 0x02, 0x01, 0x02, 0x02, 0x01, 0x01, 0x02, 0x01, 0x01, 0x04, 0x04, 0x04, 0x04, 0x04, 0x06, 0x01, 0x06, 0x04,
    0x02, 0x02, 0x02, 0x01, 0x01, 0x04, 0x01, 0x02, 0x02, 0x01, 0x02, 0x01, 0x02, 0x01, 0x02, 0x03, 0x01, 0x06, 0x06, 0x01, 0x03, 0x05, 0x0B, 0x02,
    0x06, 0x06, 0x04, 0x01, 0x01, 0x01, 0x04, 0x06, 0x06, 0x06, 0x06, 0x06, 0x06, 0x04, 0x01, 0x03, 0x02, 0x01, 0x06, 0x06, 0x06, 0x06, 0x06, 0x04,
    0x02, 0x02, 0x04, 0x04, 0x01, 0x02, 0x02, 0x01, 0x04, 0x04, 0x01, 0x01, 0x01, 0x02, 0x01, 0x01, 0x04, 0x04, 0x02, 0x01, 0x01, 0x01, 0x01, 0x01,
    0x02, 0x01, 0x02, 0x01, 0x01, 0x01, 0x01, 0x04, 0x02, 0x06, 0x06, 0x06,
};

static const uint8_t px_wm_select_main_h4_044345ea[] __attribute__((aligned(8))) = {
    0x04, 0x01, 0x02, 0x01, 0x02, 0x03, 0x01, 0x02, 0x09, 0x02, 0x02, 0x01, 0x05, 0x05, 0x05, 0x01, 0x06, 0x01, 0x06, 0x01, 0x02, 0x02, 0x03, 0x03,
    0x02, 0x01, 0x01, 0x01, 0x04, 0x02, 0x01, 0x05, 0x05, 0x05, 0x01, 0x02, 0x02, 0x02, 0x02, 0x06, 0x06, 0x06, 0x01, 0x06, 0x04, 0x04, 0x01, 0x06,
    0x01, 0x06, 0x06, 0x01, 0x06, 0x01, 0x03, 0x05, 0x09, 0x02, 0x02, 0x03, 0x05, 0x02, 0x06, 0x01, 0x05, 0x0A, 0x05, 0x01, 0x01, 0x01, 0x06, 0x01,
    0x04, 0x01, 0x01, 0x01, 0x04, 0x06, 0x04, 0x01, 0x02, 0x01, 0x04, 0x01, 0x01, 0x04, 0x06, 0x01, 0x01, 0x01, 0x04, 0x01, 0x01, 0x01, 0x04, 0x04,
    0x02, 0x03, 0x05, 0x01, 0x06, 0x01, 0x02, 0x01, 0x02, 0x02, 0x01, 0x01, 0x02, 0x01, 0x01, 0x04, 0x04, 0x04, 0x04, 0x04, 0x06, 0x01, 0x06, 0x04,
    0x02, 0x02, 0x02, 0x01, 0x01, 0x04, 0x01, 0x02, 0x02, 0x01, 0x02, 0x01, 0x02, 0x01, 0x02, 0x03, 0x01, 0x06, 0x06, 0x01, 0x03, 0x05, 0x0B, 0x02,
    0x06, 0x06, 0x04, 0x01, 0x01, 0x01, 0x04, 0x06, 0x06, 0x06, 0x06, 0x06, 0x06, 0x04, 0x01, 0x03, 0x02, 0x01, 0x06, 0x06, 0x06, 0x06, 0x06, 0x04,
    0x02, 0x02, 0x04, 0x04, 0x01, 0x02, 0x02, 0x01, 0x04, 0x04, 0x01, 0x01, 0x01, 0x02, 0x01, 0x01, 0x04, 0x04, 0x02, 0x01, 0x01, 0x01, 0x01, 0x01,
    0x02, 0x01, 0x02, 0x01, 0x01, 0x01, 0x01, 0x04, 0x02, 0x06, 0x06, 0x06, 0x02, 0x01, 0x01, 0x02, 0x03, 0x03, 0x02, 0x05, 0x05, 0x03, 0x0C, 0x09,
    0x05, 0x02, 0x01, 0x04, 0x04, 0x01, 0x02, 0x03, 0x09, 0x09, 0x05, 0x09, 0x03, 0x02, 0x03, 0x09, 0x01, 0x03, 0x01, 0x01, 0x06, 0x06, 0x01, 0x06,
    0x01, 0x02, 0x03, 0x01, 0x06, 0x06, 0x06, 0x01, 0x01, 0x01, 0x01, 0x01, 0x01, 0x02, 0x02, 0x02, 0x03, 0x05, 0x0B, 0x0B, 0x0D, 0x09, 0x0B, 0x0B,
    0x03, 0x02, 0x01, 0x01, 0x05, 0x05, 0x02, 0x04, 0x01, 0x05, 0x01, 0x01, 0x01, 0x02, 0x02, 0x02, 0x02, 0x03, 0x03, 0x03, 0x01, 0x01, 0x01, 0x01,
    0x02, 0x04, 0x01, 0x01, 0x01, 0x01, 0x01, 0x01, 0x01, 0x01, 0x01, 0x02, 0x01, 0x01, 0x04, 0x06, 0x01, 0x02, 0x05, 0x05, 0x02, 0x02, 0x06, 0x04,
    0x06, 0x06, 0x06, 0x04, 0x01, 0x01, 0x01, 0x01, 0x01, 0x02, 0x05, 0x05, 0x05, 0x03, 0x01, 0x06, 0x02, 0x02, 0x02, 0x02, 0x01, 0x01, 0x02, 0x02,
    0x02, 0x01, 0x02, 0x05, 0x02, 0x01, 0x04, 0x01, 0x03, 0x03, 0x05, 0x02, 0x01, 0x01, 0x01, 0x02, 0x02, 0x01, 0x04, 0x06, 0x06, 0x06, 0x06, 0x06,
    0x06, 0x01, 0x01, 0x01, 0x06, 0x06, 0x06, 0x04, 0x04, 0x01, 0x05, 0x02, 0x02, 0x01, 0x01, 0x01, 0x01, 0x02, 0x01, 0x02, 0x02, 0x01, 0x01, 0x02,
    0x01, 0x02, 0x01, 0x02, 0x02, 0x02, 0x01, 0x02, 0x03, 0x02, 0x01, 0x01, 0x02, 0x02, 0x02, 0x01, 0x02, 0x01, 0x01, 0x01, 0x01, 0x06, 0x06, 0x04,
    0x03, 0x03, 0x02, 0x02, 0x02, 0x02, 0x03, 0x03, 0x05, 0x0B, 0x0B, 0x03, 0x01, 0x01, 0x01, 0x01, 0x01, 0x03, 0x03, 0x03, 0x01, 0x01, 0x01, 0x01,
    0x03, 0x09, 0x03, 0x04, 0x02, 0x02, 0x01, 0x01, 0x04, 0x02, 0x05, 0x09, 0x05, 0x02, 0x02, 0x05, 0x03, 0x01, 0x01, 0x03, 0x01, 0x02, 0x04, 0x01,
    0x01, 0x02, 0x01, 0x02, 0x05, 0x05, 0x05, 0x05, 0x05, 0x02, 0x02, 0x04, 0x02, 0x03, 0x05, 0x05, 0x02, 0x01, 0x04, 0x06, 0x01, 0x01, 0x01, 0x02,
    0x02, 0x03, 0x02, 0x02, 0x03, 0x03, 0x02, 0x02, 0x02, 0x04, 0x01, 0x01, 0x01, 0x01, 0x03, 0x02, 0x01, 0x01, 0x06, 0x01, 0x04, 0x04, 0x01, 0x02,
    0x01, 0x01, 0x01, 0x02, 0x01, 0x02, 0x04, 0x02, 0x04, 0x06, 0x01, 0x04, 0x06, 0x06, 0x04, 0x04, 0x01, 0x01, 0x01, 0x05, 0x0B, 0x0B, 0x0C, 0x0D,
    0x05, 0x01, 0x01, 0x02, 0x05, 0x0B, 0x0B, 0x03, 0x02, 0x02, 0x02, 0x02, 0x02, 0x01, 0x01, 0x06, 0x06, 0x04, 0x01, 0x04, 0x06, 0x06, 0x06, 0x06,
    0x01, 0x02, 0x02, 0x01, 0x01, 0x02, 0x04, 0x06, 0x06, 0x01, 0x01, 0x01, 0x01, 0x02, 0x01, 0x04, 0x04, 0x06, 0x06, 0x01, 0x02, 0x02, 0x03, 0x04,
    0x06, 0x01, 0x01, 0x01, 0x02, 0x02, 0x01, 0x01, 0x04, 0x01, 0x02, 0x02, 0x06, 0x04, 0x04, 0x01, 0x01, 0x03, 0x02, 0x03, 0x01, 0x01, 0x01, 0x01,
    0x03, 0x05, 0x05, 0x02, 0x02, 0x01, 0x02, 0x01, 0x01, 0x01, 0x04, 0x05, 0x01, 0x04, 0x02, 0x02, 0x03, 0x03, 0x02, 0x05, 0x05, 0x03, 0x03, 0x02,
    0x01, 0x02, 0x02, 0x05, 0x0B, 0x0D, 0x0B, 0x06, 0x01, 0x04, 0x01, 0x03, 0x03, 0x02, 0x02, 0x02, 0x01, 0x02, 0x03, 0x03, 0x03, 0x03, 0x03, 0x05,
    0x02, 0x01, 0x01, 0x01, 0x02, 0x02, 0x03, 0x03, 0x02, 0x02, 0x05, 0x05, 0x02, 0x02, 0x03, 0x09, 0x0C, 0x09, 0x03, 0x01, 0x04, 0x04, 0x04, 0x06,
    0x04, 0x02, 0x04, 0x03, 0x03, 0x02, 0x04, 0x01, 0x01, 0x04, 0x01, 0x02, 0x02, 0x02, 0x01, 0x02, 0x02, 0x01, 0x01, 0x02, 0x01, 0x01, 0x04, 0x01,
    0x06, 0x02, 0x01, 0x06, 0x01, 0x04, 0x04, 0x01, 0x02, 0x01, 0x03, 0x05, 0x03, 0x01, 0x01, 0x02, 0x02, 0x01, 0x04, 0x06, 0x06, 0x04, 0x04, 0x01,
    0x01, 0x01, 0x01, 0x01, 0x01, 0x01, 0x03, 0x05, 0x02, 0x03, 0x03, 0x06, 0x01, 0x06, 0x01, 0x03, 0x05, 0x05, 0x01, 0x01, 0x02, 0x02, 0x03, 0x02,
    0x01, 0x04, 0x06, 0x04, 0x01, 0x06, 0x06, 0x06, 0x06, 0x04, 0x01, 0x02, 0x03, 0x02, 0x01, 0x01, 0x04, 0x06, 0x06, 0x04, 0x03, 0x03, 0x02, 0x01,
    0x01, 0x01, 0x01, 0x04, 0x04, 0x04, 0x01, 0x01, 0x03, 0x02, 0x06, 0x06, 0x06, 0x01, 0x01, 0x02, 0x02, 0x01, 0x04, 0x04, 0x04, 0x02, 0x03, 0x02,
    0x01, 0x01, 0x01, 0x05, 0x09, 0x05, 0x01, 0x04, 0x01, 0x01, 0x02, 0x02, 0x02, 0x03, 0x03, 0x02, 0x03, 0x03, 0x03, 0x03, 0x02, 0x02, 0x02, 0x05,
    0x01, 0x02, 0x03, 0x02, 0x05, 0x03, 0x03, 0x03, 0x02, 0x03, 0x06, 0x04, 0x01, 0x02, 0x01, 0x04, 0x04, 0x01, 0x06, 0x01, 0x04, 0x04, 0x03, 0x0C,
    0x0B, 0x09, 0x02, 0x03, 0x09, 0x09, 0x05, 0x05, 0x05, 0x02, 0x02, 0x02, 0x02, 0x02, 0x01, 0x05, 0x0B, 0x0C, 0x0C, 0x03, 0x01, 0x02, 0x02, 0x02,
    0x03, 0x03, 0x05, 0x02, 0x02, 0x01, 0x04, 0x06, 0x04, 0x01, 0x04, 0x02, 0x01, 0x04, 0x01, 0x01, 0x01, 0x02, 0x02, 0x02, 0x02, 0x02, 0x02, 0x02,
    0x02, 0x02, 0x02, 0x02, 0x01, 0x02, 0x01, 0x01, 0x02, 0x02, 0x01, 0x06, 0x04, 0x06, 0x01, 0x02, 0x04, 0x01, 0x01, 0x02, 0x01, 0x01, 0x02, 0x02,
    0x02, 0x02, 0x02, 0x01, 0x02, 0x01, 0x01, 0x06, 0x03, 0x01, 0x01, 0x04, 0x01, 0x01, 0x01, 0x01, 0x02, 0x02, 0x03, 0x03, 0x03, 0x04, 0x06, 0x06,
    0x01, 0x01, 0x05, 0x09, 0x05, 0x04, 0x01, 0x01, 0x02, 0x02, 0x02, 0x03, 0x02, 0x02, 0x01, 0x04, 0x06, 0x06, 0x01, 0x01, 0x06, 0x06, 0x06, 0x06,
    0x01, 0x02, 0x04, 0x04, 0x06, 0x06, 0x06, 0x04, 0x01, 0x04, 0x04, 0x04, 0x04, 0x06, 0x06, 0x06, 0x04, 0x06, 0x01, 0x01, 0x03, 0x03, 0x02, 0x02,
    0x02, 0x02, 0x02, 0x01, 0x01, 0x04, 0x01, 0x02, 0x02, 0x01, 0x06, 0x02, 0x01, 0x01, 0x02, 0x01, 0x03, 0x02, 0x02, 0x02, 0x02, 0x02, 0x02, 0x02,
    0x01, 0x02, 0x02, 0x03, 0x02, 0x02, 0x05, 0x05, 0x03, 0x03, 0x02, 0x02,
};

static const uint8_t px_wm_select_main_h5_049d8ac4[] __attribute__((aligned(8))) = {
    0x04, 0x04, 0x04, 0x04, 0x06, 0x08, 0x07, 0x07, 0x07, 0x07, 0x07, 0x07, 0x07, 0x08, 0x07, 0x07, 0x07, 0x07, 0x07, 0x07, 0x07, 0x07, 0x07, 0x07,
    0x07, 0x07, 0x07, 0x07, 0x07, 0x07, 0x07, 0x07, 0x07, 0x07, 0x07, 0x07, 0x07, 0x07, 0x07, 0x07, 0x07, 0x07, 0x07, 0x07, 0x07, 0x07, 0x07, 0x07,
    0x07, 0x07, 0x07, 0x07, 0x07, 0x07, 0x07, 0x07, 0x06, 0x08, 0x07, 0x08, 0x08, 0x07, 0x07, 0x07, 0x07, 0x07, 0x07, 0x07, 0x07, 0x07, 0x07, 0x07,
    0x07, 0x07, 0x07, 0x07, 0x07, 0x07, 0x07, 0x07, 0x07, 0x07, 0x07, 0x07, 0x07, 0x07, 0x07, 0x07, 0x07, 0x07, 0x07, 0x07, 0x07, 0x07, 0x07, 0x07,
    0x07, 0x07, 0x07, 0x07, 0x07, 0x07, 0x07, 0x07, 0x07, 0x07, 0x07, 0x07, 0x07, 0x07, 0x07, 0x07, 0x07, 0x07, 0x07, 0x07, 0x07, 0x07, 0x07, 0x08,
    0x06, 0x04, 0x04, 0x04, 0x04, 0x02, 0x00, 0x00, 0x01, 0x04, 0x04, 0x04, 0x06, 0x08, 0x07, 0x07, 0x07, 0x07, 0x07, 0x07, 0x07, 0x07, 0x07, 0x07,
    0x07, 0x07, 0x07, 0x07, 0x07, 0x07, 0x07, 0x07, 0x07, 0x07, 0x07, 0x07, 0x07, 0x07, 0x07, 0x07, 0x07, 0x07, 0x07, 0x07, 0x07, 0x07, 0x07, 0x07,
    0x07, 0x07, 0x07, 0x07, 0x07, 0x07, 0x07, 0x07, 0x07, 0x07, 0x07, 0x06, 0x07, 0x07, 0x07, 0x07, 0x07, 0x08, 0x07, 0x07, 0x07, 0x07, 0x07, 0x07,
    0x07, 0x07, 0x07, 0x07, 0x07, 0x07, 0x07, 0x07, 0x07, 0x07, 0x07, 0x07, 0x07, 0x07, 0x07, 0x07, 0x07, 0x07, 0x07, 0x07, 0x07, 0x07, 0x07, 0x07,
    0x07, 0x07, 0x07, 0x07, 0x07, 0x07, 0x07, 0x07, 0x07, 0x07, 0x07, 0x07, 0x07, 0x07, 0x07, 0x06, 0x06, 0x07, 0x07, 0x07, 0x07, 0x07, 0x07, 0x07,
    0x07, 0x07, 0x07, 0x07, 0x07, 0x07, 0x07, 0x08, 0x06, 0x04, 0x04, 0x04, 0x01, 0x02, 0x00, 0x00, 0x04, 0x04, 0x04, 0x01, 0x06, 0x08, 0x08, 0x08,
    0x07, 0x07, 0x07, 0x07, 0x07, 0x07, 0x07, 0x07, 0x07, 0x07, 0x07, 0x07, 0x07, 0x07, 0x07, 0x07, 0x07, 0x07, 0x07, 0x07, 0x07, 0x07, 0x07, 0x07,
    0x07, 0x07, 0x07, 0x07, 0x07, 0x07, 0x07, 0x07, 0x07, 0x07, 0x07, 0x07, 0x07, 0x07, 0x07, 0x07, 0x07, 0x07, 0x07, 0x06, 0x07, 0x07, 0x07, 0x07,
    0x07, 0x07, 0x07, 0x07, 0x07, 0x07, 0x07, 0x07, 0x07, 0x07, 0x07, 0x07, 0x07, 0x07, 0x07, 0x07, 0x07, 0x07, 0x07, 0x07, 0x07, 0x07, 0x07, 0x07,
    0x07, 0x07, 0x07, 0x07, 0x07, 0x07, 0x07, 0x07, 0x07, 0x07, 0x07, 0x07, 0x07, 0x07, 0x07, 0x07, 0x07, 0x07, 0x07, 0x07, 0x07, 0x07, 0x07, 0x07,
    0x07, 0x07, 0x07, 0x07, 0x07, 0x07, 0x07, 0x07, 0x07, 0x07, 0x07, 0x07, 0x07, 0x08, 0x08, 0x08, 0x06, 0x01, 0x04, 0x04, 0x04, 0x01, 0x00, 0x00,
    0x03, 0x01, 0x04, 0x04, 0x06, 0x08, 0x07, 0x07, 0x06, 0x07, 0x07, 0x07, 0x07, 0x07, 0x08, 0x07, 0x07, 0x07, 0x07, 0x07, 0x07, 0x07, 0x07, 0x07,
    0x07, 0x07, 0x07, 0x07, 0x07, 0x07, 0x07, 0x07, 0x07, 0x07, 0x07, 0x07, 0x07, 0x07, 0x07, 0x07, 0x07, 0x07, 0x07, 0x07, 0x07, 0x07, 0x07, 0x07,
    0x07, 0x07, 0x07, 0x07, 0x07, 0x07, 0x07, 0x07, 0x07, 0x07, 0x07, 0x07, 0x07, 0x07, 0x07, 0x07, 0x07, 0x07, 0x07, 0x07, 0x07, 0x07, 0x07, 0x07,
    0x07, 0x07, 0x07, 0x07, 0x07, 0x07, 0x07, 0x07, 0x07, 0x07, 0x07, 0x07, 0x07, 0x07, 0x07, 0x07, 0x07, 0x07, 0x07, 0x07, 0x07, 0x07, 0x07, 0x07,
    0x07, 0x07, 0x07, 0x07, 0x07, 0x07, 0x07, 0x07, 0x07, 0x07, 0x07, 0x07, 0x07, 0x07, 0x07, 0x07, 0x07, 0x07, 0x07, 0x07, 0x06, 0x07, 0x07, 0x08,
    0x06, 0x04, 0x04, 0x01, 0x03, 0x01, 0x00, 0x00, 0x03, 0x01, 0x04, 0x04, 0x06, 0x08, 0x08, 0x08, 0x08, 0x08, 0x08, 0x08, 0x08, 0x08, 0x08, 0x08,
    0x08, 0x08, 0x08, 0x08, 0x08, 0x08, 0x08, 0x08, 0x08, 0x08, 0x08, 0x08, 0x08, 0x08, 0x08, 0x08, 0x08, 0x08, 0x08, 0x08, 0x08, 0x08, 0x08, 0x08,
    0x08, 0x08, 0x08, 0x08, 0x08, 0x08, 0x08, 0x08, 0x08, 0x08, 0x08, 0x08, 0x08, 0x08, 0x08, 0x08, 0x08, 0x08, 0x08, 0x08, 0x08, 0x08, 0x08, 0x08,
    0x08, 0x08, 0x08, 0x08, 0x08, 0x08, 0x08, 0x08, 0x08, 0x08, 0x08, 0x08, 0x08, 0x08, 0x08, 0x08, 0x08, 0x08, 0x08, 0x08, 0x08, 0x08, 0x08, 0x08,
    0x08, 0x08, 0x08, 0x08, 0x08, 0x08, 0x08, 0x08, 0x08, 0x08, 0x08, 0x08, 0x08, 0x08, 0x08, 0x08, 0x08, 0x08, 0x08, 0x08, 0x08, 0x08, 0x08, 0x08,
    0x08, 0x08, 0x08, 0x08, 0x08, 0x08, 0x08, 0x08, 0x06, 0x04, 0x04, 0x01, 0x03, 0x03, 0x00, 0x00, 0x03, 0x05, 0x02, 0x04, 0x06, 0x06, 0x06, 0x06,
    0x06, 0x06, 0x06, 0x06, 0x06, 0x06, 0x06, 0x06, 0x06, 0x06, 0x06, 0x06, 0x06, 0x06, 0x06, 0x06, 0x06, 0x06, 0x06, 0x06, 0x06, 0x06, 0x06, 0x06,
    0x06, 0x06, 0x06, 0x06, 0x06, 0x06, 0x06, 0x06, 0x06, 0x06, 0x06, 0x06, 0x06, 0x06, 0x06, 0x06, 0x06, 0x06, 0x06, 0x06, 0x06, 0x06, 0x06, 0x06,
    0x06, 0x06, 0x06, 0x06, 0x06, 0x06, 0x06, 0x06, 0x06, 0x06, 0x04, 0x04, 0x04, 0x06, 0x06, 0x06, 0x06, 0x06, 0x06, 0x06, 0x06, 0x06, 0x06, 0x06,
    0x06, 0x06, 0x06, 0x06, 0x06, 0x06, 0x06, 0x06, 0x06, 0x06, 0x06, 0x06, 0x06, 0x06, 0x06, 0x06, 0x06, 0x06, 0x06, 0x06, 0x06, 0x06, 0x06, 0x06,
    0x06, 0x06, 0x06, 0x06, 0x06, 0x06, 0x06, 0x06, 0x06, 0x06, 0x06, 0x06, 0x06, 0x06, 0x06, 0x06, 0x06, 0x04, 0x02, 0x05, 0x03, 0x05, 0x00, 0x00,
    0x02, 0x02, 0x04, 0x04, 0x04, 0x04, 0x01, 0x04, 0x04, 0x04, 0x04, 0x04, 0x04, 0x04, 0x04, 0x04, 0x04, 0x04, 0x04, 0x04, 0x04, 0x04, 0x04, 0x04,
    0x04, 0x04, 0x04, 0x04, 0x04, 0x04, 0x04, 0x04, 0x04, 0x04, 0x04, 0x04, 0x04, 0x04, 0x04, 0x04, 0x04, 0x04, 0x04, 0x04, 0x04, 0x04, 0x04, 0x01,
    0x04, 0x04, 0x04, 0x04, 0x04, 0x04, 0x04, 0x01, 0x04, 0x04, 0x01, 0x01, 0x04, 0x04, 0x04, 0x01, 0x01, 0x02, 0x03, 0x01, 0x01, 0x04, 0x04, 0x01,
    0x04, 0x04, 0x04, 0x04, 0x04, 0x04, 0x01, 0x04, 0x04, 0x04, 0x04, 0x04, 0x04, 0x04, 0x04, 0x04, 0x01, 0x04, 0x04, 0x04, 0x04, 0x04, 0x04, 0x04,
    0x04, 0x04, 0x04, 0x04, 0x04, 0x04, 0x04, 0x04, 0x04, 0x04, 0x04, 0x04, 0x04, 0x08, 0x04, 0x04, 0x04, 0x04, 0x04, 0x04, 0x04, 0x04, 0x01, 0x04,
    0x04, 0x04, 0x04, 0x02, 0x02, 0x05, 0x00, 0x00, 0x02, 0x04, 0x04, 0x01, 0x04, 0x04, 0x01, 0x01, 0x01, 0x01, 0x01, 0x01, 0x04, 0x04, 0x01, 0x01,
    0x01, 0x04, 0x01, 0x01, 0x01, 0x01, 0x01, 0x01, 0x01, 0x01, 0x01, 0x01, 0x01, 0x01, 0x01, 0x01, 0x01, 0x01, 0x01, 0x01, 0x01, 0x01, 0x01, 0x01,
    0x01, 0x01, 0x01, 0x01, 0x01, 0x01, 0x01, 0x02, 0x01, 0x02, 0x01, 0x01, 0x01, 0x01, 0x01, 0x02, 0x01, 0x01, 0x01, 0x01, 0x01, 0x02, 0x02, 0x02,
    0x02, 0x01, 0x05, 0x01, 0x01, 0x01, 0x01, 0x01, 0x01, 0x01, 0x01, 0x01, 0x02, 0x02, 0x02, 0x02, 0x01, 0x01, 0x01, 0x01, 0x01, 0x01, 0x01, 0x01,
    0x01, 0x04, 0x04, 0x04, 0x01, 0x03, 0x05, 0x02, 0x03, 0x02, 0x04, 0x04, 0x01, 0x01, 0x01, 0x04, 0x04, 0x04, 0x04, 0x01, 0x04, 0x01, 0x04, 0x04,
    0x01, 0x04, 0x01, 0x01, 0x01, 0x01, 0x01, 0x04, 0x04, 0x01, 0x04, 0x04, 0x02, 0x03, 0x00, 0x00, 0x00, 0x01, 0x01, 0x01, 0x02, 0x02, 0x01, 0x02,
    0x02, 0x02, 0x02, 0x02, 0x02, 0x01, 0x02, 0x02, 0x02, 0x02, 0x02, 0x01, 0x02, 0x02, 0x02, 0x02, 0x02, 0x02, 0x02, 0x02, 0x02, 0x02, 0x02, 0x02,
    0x02, 0x02, 0x02, 0x02, 0x02, 0x02, 0x02, 0x02, 0x02, 0x02, 0x02, 0x02, 0x02, 0x02, 0x02, 0x03, 0x02, 0x02, 0x02, 0x02, 0x02, 0x02, 0x02, 0x02,
    0x02, 0x02, 0x02, 0x02, 0x02, 0x02, 0x02, 0x03, 0x03, 0x02, 0x02, 0x02, 0x02, 0x02, 0x02, 0x02, 0x02, 0x02, 0x02, 0x02, 0x02, 0x02, 0x02, 0x01,
    0x04, 0x04, 0x02, 0x02, 0x01, 0x02, 0x03, 0x02, 0x02, 0x01, 0x02, 0x01, 0x02, 0x02, 0x05, 0x03, 0x05, 0x05, 0x03, 0x02, 0x01, 0x01, 0x04, 0x06,
    0x07, 0x08, 0x01, 0x01, 0x01, 0x03, 0x01, 0x01, 0x01, 0x01, 0x02, 0x02, 0x02, 0x02, 0x01, 0x02, 0x02, 0x01, 0x01, 0x01, 0x03, 0x00, 0x00, 0x00,
};

static const uint8_t px_wm_select_main_h6_049d9cbc[] __attribute__((aligned(8))) = {
    0x05, 0x03, 0x05, 0x05, 0x03, 0x03, 0x00, 0x00, 0x03, 0x02, 0x01, 0x01, 0x01, 0x01, 0x00, 0x00, 0x05, 0x03, 0x04, 0x04, 0x04, 0x04, 0x00, 0x00,
    0x03, 0x03, 0x02, 0x02, 0x04, 0x04, 0x00, 0x00, 0x05, 0x03, 0x01, 0x01, 0x04, 0x04, 0x00, 0x00, 0x05, 0x03, 0x01, 0x01, 0x04, 0x04, 0x00, 0x00,
    0x05, 0x03, 0x02, 0x02, 0x04, 0x04, 0x00, 0x00, 0x03, 0x03, 0x02, 0x02, 0x04, 0x04, 0x00, 0x00, 0x05, 0x03, 0x01, 0x01, 0x04, 0x06, 0x00, 0x00,
    0x05, 0x05, 0x03, 0x03, 0x04, 0x04, 0x00, 0x00, 0x05, 0x03, 0x02, 0x02, 0x04, 0x04, 0x00, 0x00, 0x03, 0x02, 0x02, 0x02, 0x04, 0x04, 0x00, 0x00,
    0x05, 0x03, 0x03, 0x03, 0x01, 0x04, 0x00, 0x00, 0x05, 0x03, 0x03, 0x03, 0x04, 0x06, 0x00, 0x00, 0x05, 0x03, 0x01, 0x01, 0x04, 0x04, 0x00, 0x00,
    0x05, 0x03, 0x02, 0x02, 0x04, 0x04, 0x00, 0x00, 0x01, 0x02, 0x01, 0x01, 0x04, 0x04, 0x00, 0x00, 0x09, 0x05, 0x03, 0x02, 0x04, 0x04, 0x00, 0x00,
    0x09, 0x05, 0x03, 0x03, 0x03, 0x04, 0x00, 0x00, 0x09, 0x05, 0x03, 0x01, 0x04, 0x04, 0x00, 0x00, 0x09, 0x05, 0x02, 0x01, 0x04, 0x04, 0x00, 0x00,
    0x05, 0x03, 0x02, 0x01, 0x04, 0x04, 0x00, 0x00, 0x05, 0x05, 0x02, 0x01, 0x04, 0x04, 0x00, 0x00, 0x05, 0x02, 0x01, 0x01, 0x04, 0x06, 0x00, 0x00,
    0x05, 0x03, 0x04, 0x01, 0x06, 0x08, 0x00, 0x00, 0x03, 0x01, 0x01, 0x04, 0x06, 0x08, 0x00, 0x00, 0x02, 0x02, 0x03, 0x04, 0x06, 0x06, 0x00, 0x00,
    0x03, 0x03, 0x03, 0x04, 0x06, 0x06, 0x00, 0x00, 0x03, 0x02, 0x02, 0x03, 0x04, 0x06, 0x00, 0x00, 0x02, 0x02, 0x01, 0x01, 0x04, 0x06, 0x00, 0x00,
    0x04, 0x04, 0x04, 0x01, 0x04, 0x06, 0x00, 0x00, 0x04, 0x04, 0x04, 0x04, 0x04, 0x06, 0x00, 0x00, 0x03, 0x01, 0x01, 0x04, 0x06, 0x08, 0x00, 0x00,
    0x05, 0x02, 0x01, 0x04, 0x06, 0x06, 0x00, 0x00, 0x03, 0x02, 0x02, 0x04, 0x06, 0x06, 0x00, 0x00, 0x03, 0x02, 0x02, 0x01, 0x04, 0x06, 0x00, 0x00,
    0x05, 0x03, 0x01, 0x04, 0x06, 0x06, 0x00, 0x00, 0x05, 0x03, 0x02, 0x01, 0x06, 0x06, 0x00, 0x00, 0x05, 0x03, 0x02, 0x01, 0x04, 0x06, 0x00, 0x00,
    0x03, 0x02, 0x04, 0x04, 0x06, 0x06, 0x00, 0x00, 0x04, 0x04, 0x04, 0x01, 0x06, 0x06, 0x00, 0x00, 0x04, 0x04, 0x04, 0x04, 0x06, 0x06, 0x00, 0x00,
    0x02, 0x02, 0x02, 0x04, 0x06, 0x08, 0x00, 0x00, 0x0B, 0x03, 0x05, 0x04, 0x06, 0x08, 0x00, 0x00, 0x05, 0x02, 0x02, 0x04, 0x06, 0x06, 0x00, 0x00,
    0x03, 0x02, 0x01, 0x09, 0x04, 0x04, 0x00, 0x00, 0x05, 0x02, 0x01, 0x03, 0x01, 0x06, 0x00, 0x00, 0x03, 0x02, 0x01, 0x04, 0x06, 0x06, 0x00, 0x00,
    0x03, 0x02, 0x01, 0x04, 0x06, 0x06, 0x00, 0x00, 0x03, 0x02, 0x01, 0x04, 0x06, 0x06, 0x00, 0x00, 0x03, 0x02, 0x04, 0x04, 0x06, 0x08, 0x00, 0x00,
    0x02, 0x01, 0x04, 0x04, 0x06, 0x08, 0x00, 0x00, 0x02, 0x04, 0x04, 0x04, 0x06, 0x08, 0x00, 0x00, 0x02, 0x01, 0x02, 0x04, 0x06, 0x06, 0x00, 0x00,
    0x02, 0x01, 0x04, 0x04, 0x06, 0x06, 0x00, 0x00, 0x03, 0x01, 0x04, 0x05, 0x02, 0x04, 0x00, 0x00, 0x03, 0x02, 0x01, 0x04, 0x06, 0x06, 0x00, 0x00,
    0x03, 0x02, 0x04, 0x04, 0x06, 0x06, 0x00, 0x00, 0x03, 0x01, 0x04, 0x04, 0x06, 0x06, 0x00, 0x00, 0x03, 0x02, 0x04, 0x04, 0x06, 0x06, 0x00, 0x00,
    0x02, 0x01, 0x04, 0x04, 0x06, 0x06, 0x00, 0x00, 0x02, 0x01, 0x04, 0x04, 0x06, 0x06, 0x00, 0x00, 0x02, 0x01, 0x01, 0x04, 0x06, 0x06, 0x00, 0x00,
    0x02, 0x01, 0x04, 0x04, 0x06, 0x06, 0x00, 0x00, 0x02, 0x01, 0x04, 0x04, 0x06, 0x06, 0x00, 0x00, 0x02, 0x01, 0x04, 0x04, 0x06, 0x06, 0x00, 0x00,
    0x02, 0x01, 0x01, 0x04, 0x06, 0x06, 0x00, 0x00, 0x02, 0x01, 0x04, 0x04, 0x04, 0x06, 0x00, 0x00, 0x03, 0x02, 0x01, 0x04, 0x06, 0x06, 0x00, 0x00,
    0x02, 0x01, 0x03, 0x04, 0x06, 0x06, 0x00, 0x00, 0x03, 0x02, 0x02, 0x04, 0x06, 0x08, 0x00, 0x00, 0x05, 0x02, 0x04, 0x02, 0x06, 0x06, 0x00, 0x00,
    0x05, 0x02, 0x04, 0x04, 0x04, 0x06, 0x00, 0x00, 0x03, 0x04, 0x04, 0x04, 0x06, 0x06, 0x00, 0x00, 0x01, 0x04, 0x04, 0x04, 0x06, 0x06, 0x00, 0x00,
    0x04, 0x04, 0x04, 0x04, 0x06, 0x08, 0x00, 0x00, 0x02, 0x01, 0x04, 0x01, 0x06, 0x08, 0x00, 0x00, 0x02, 0x02, 0x01, 0x04, 0x06, 0x08, 0x00, 0x00,
    0x03, 0x03, 0x02, 0x04, 0x06, 0x08, 0x00, 0x00, 0x03, 0x02, 0x01, 0x04, 0x06, 0x06, 0x00, 0x00, 0x03, 0x03, 0x02, 0x04, 0x06, 0x06, 0x00, 0x00,
    0x03, 0x02, 0x01, 0x04, 0x06, 0x06, 0x00, 0x00, 0x03, 0x02, 0x01, 0x04, 0x06, 0x06, 0x00, 0x00, 0x02, 0x01, 0x04, 0x04, 0x06, 0x06, 0x00, 0x00,
    0x02, 0x01, 0x04, 0x04, 0x07, 0x08, 0x00, 0x00, 0x02, 0x01, 0x01, 0x04, 0x04, 0x08, 0x00, 0x00, 0x03, 0x02, 0x01, 0x04, 0x04, 0x04, 0x00, 0x00,
    0x03, 0x01, 0x04, 0x04, 0x04, 0x06, 0x00, 0x00, 0x02, 0x02, 0x01, 0x04, 0x06, 0x06, 0x00, 0x00, 0x03, 0x01, 0x04, 0x04, 0x06, 0x06, 0x00, 0x00,
    0x02, 0x01, 0x04, 0x04, 0x06, 0x06, 0x00, 0x00, 0x02, 0x02, 0x01, 0x04, 0x06, 0x06, 0x00, 0x00, 0x02, 0x01, 0x04, 0x04, 0x06, 0x06, 0x00, 0x00,
    0x03, 0x02, 0x04, 0x04, 0x06, 0x06, 0x00, 0x00, 0x03, 0x01, 0x04, 0x04, 0x06, 0x06, 0x00, 0x00, 0x02, 0x02, 0x01, 0x04, 0x06, 0x06, 0x00, 0x00,
    0x03, 0x02, 0x04, 0x04, 0x06, 0x06, 0x00, 0x00, 0x02, 0x01, 0x04, 0x04, 0x06, 0x06, 0x00, 0x00, 0x02, 0x01, 0x04, 0x04, 0x06, 0x06, 0x00, 0x00,
    0x02, 0x01, 0x04, 0x04, 0x06, 0x06, 0x00, 0x00, 0x02, 0x01, 0x04, 0x04, 0x06, 0x06, 0x00, 0x00, 0x02, 0x01, 0x04, 0x04, 0x06, 0x06, 0x00, 0x00,
    0x02, 0x01, 0x04, 0x04, 0x06, 0x08, 0x00, 0x00, 0x02, 0x01, 0x01, 0x04, 0x06, 0x08, 0x00, 0x00, 0x02, 0x01, 0x04, 0x04, 0x06, 0x08, 0x00, 0x00,
    0x03, 0x02, 0x01, 0x04, 0x06, 0x08, 0x00, 0x00, 0x03, 0x01, 0x04, 0x04, 0x06, 0x08, 0x00, 0x00, 0x02, 0x01, 0x04, 0x04, 0x06, 0x08, 0x00, 0x00,
    0x03, 0x04, 0x04, 0x04, 0x06, 0x08, 0x00, 0x00, 0x01, 0x04, 0x04, 0x04, 0x06, 0x06, 0x00, 0x00, 0x02, 0x04, 0x04, 0x04, 0x06, 0x06, 0x00, 0x00,
    0x02, 0x04, 0x04, 0x04, 0x06, 0x08, 0x00, 0x00, 0x02, 0x03, 0x03, 0x04, 0x06, 0x08, 0x00, 0x00, 0x02, 0x01, 0x04, 0x04, 0x06, 0x08, 0x00, 0x00,
    0x01, 0x04, 0x04, 0x04, 0x06, 0x08, 0x00, 0x00, 0x01, 0x04, 0x04, 0x04, 0x06, 0x08, 0x00, 0x00, 0x02, 0x01, 0x04, 0x04, 0x06, 0x08, 0x00, 0x00,
    0x01, 0x04, 0x04, 0x04, 0x06, 0x08, 0x00, 0x00, 0x01, 0x01, 0x04, 0x04, 0x06, 0x08, 0x00, 0x00, 0x02, 0x01, 0x04, 0x04, 0x06, 0x08, 0x00, 0x00,
    0x02, 0x01, 0x04, 0x04, 0x06, 0x08, 0x00, 0x00, 0x02, 0x01, 0x04, 0x06, 0x06, 0x08, 0x00, 0x00, 0x02, 0x01, 0x04, 0x04, 0x06, 0x08, 0x00, 0x00,
    0x02, 0x04, 0x04, 0x04, 0x06, 0x08, 0x00, 0x00, 0x02, 0x02, 0x04, 0x04, 0x06, 0x08, 0x00, 0x00, 0x02, 0x01, 0x04, 0x04, 0x06, 0x08, 0x00, 0x00,
    0x01, 0x01, 0x01, 0x04, 0x06, 0x08, 0x00, 0x00, 0x02, 0x01, 0x04, 0x01, 0x06, 0x08, 0x00, 0x00, 0x02, 0x01, 0x04, 0x01, 0x04, 0x06, 0x00, 0x00,
    0x02, 0x01, 0x04, 0x04, 0x06, 0x06, 0x00, 0x00, 0x01, 0x04, 0x04, 0x04, 0x06, 0x08, 0x00, 0x00, 0x02, 0x01, 0x04, 0x04, 0x06, 0x08, 0x00, 0x00,
    0x04, 0x04, 0x04, 0x04, 0x06, 0x08, 0x00, 0x00, 0x02, 0x04, 0x04, 0x04, 0x06, 0x08, 0x00, 0x00, 0x04, 0x04, 0x04, 0x04, 0x06, 0x08, 0x00, 0x00,
};

static const uint8_t px_wm_select_main_h7_049dad9c[] __attribute__((aligned(8))) = {
    0x0F, 0x03, 0x08, 0x0A, 0x0C, 0x0D, 0x0D, 0x0F, 0x0D, 0x0D, 0x0D, 0x0D, 0x0D, 0x0D, 0x0D, 0x0D, 0x0D, 0x0D, 0x0D, 0x0D, 0x0D, 0x0D, 0x0D, 0x0D,
    0x0D, 0x10, 0x10, 0x10, 0x10, 0x0F, 0x0F, 0x10, 0x10, 0x10, 0x10, 0x10, 0x0D, 0x10, 0x10, 0x0F, 0x10, 0x10, 0x0F, 0x10, 0x10, 0x10, 0x10, 0x11,
    0x12, 0x12, 0x12, 0x12, 0x12, 0x12, 0x12, 0x12, 0x12, 0x13, 0x14, 0x12, 0x13, 0x14, 0x15, 0x16, 0x16, 0x15, 0x14, 0x15, 0x14, 0x15, 0x15, 0x15,
    0x15, 0x13, 0x14, 0x15, 0x15, 0x13, 0x14, 0x12, 0x12, 0x14, 0x14, 0x14, 0x12, 0x12, 0x12, 0x12, 0x12, 0x12, 0x12, 0x12, 0x12, 0x13, 0x14, 0x12,
    0x13, 0x14, 0x15, 0x16, 0x16, 0x15, 0x14, 0x15, 0x14, 0x15, 0x15, 0x15, 0x15, 0x13, 0x14, 0x15, 0x15, 0x15, 0x13, 0x17, 0x17, 0x19, 0x18, 0x18,
    0x17, 0x17, 0x1C, 0x00, 0x10, 0x0F, 0x0B, 0x03, 0x08, 0x0D, 0x10, 0x10, 0x10, 0x10, 0x10, 0x10, 0x10, 0x10, 0x10, 0x11, 0x11, 0x11, 0x11, 0x11,
    0x11, 0x11, 0x14, 0x14, 0x12, 0x12, 0x14, 0x14, 0x10, 0x12, 0x14, 0x12, 0x12, 0x12, 0x14, 0x11, 0x12, 0x12, 0x12, 0x12, 0x12, 0x12, 0x14, 0x14,
    0x14, 0x14, 0x14, 0x14, 0x14, 0x14, 0x14, 0x14, 0x14, 0x14, 0x17, 0x17, 0x15, 0x17, 0x17, 0x17, 0x19, 0x19, 0x17, 0x19, 0x15, 0x12, 0x17, 0x15,
    0x15, 0x17, 0x17, 0x17, 0x17, 0x17, 0x17, 0x17, 0x17, 0x12, 0x14, 0x14, 0x14, 0x14, 0x14, 0x14, 0x14, 0x14, 0x14, 0x14, 0x14, 0x14, 0x17, 0x17,
    0x15, 0x17, 0x17, 0x17, 0x19, 0x19, 0x17, 0x19, 0x15, 0x12, 0x17, 0x15, 0x15, 0x17, 0x17, 0x17, 0x17, 0x17, 0x17, 0x17, 0x17, 0x17, 0x17, 0x17,
    0x17, 0x17, 0x19, 0x18, 0x18, 0x1C, 0x1C, 0x00, 0x12, 0x11, 0x0F, 0x0B, 0x07, 0x03, 0x08, 0x0B, 0x0B, 0x0B, 0x0B, 0x0B, 0x0B, 0x0B, 0x0B, 0x0B,
    0x0B, 0x0B, 0x0B, 0x0B, 0x0B, 0x0B, 0x0B, 0x0A, 0x08, 0x0A, 0x0B, 0x0D, 0x0D, 0x0D, 0x0D, 0x0D, 0x0A, 0x0B, 0x0B, 0x0B, 0x0B, 0x0B, 0x0B, 0x0B,
    0x0A, 0x0D, 0x0B, 0x0D, 0x0D, 0x0D, 0x0D, 0x0D, 0x0D, 0x0D, 0x10, 0x10, 0x10, 0x10, 0x10, 0x10, 0x12, 0x12, 0x12, 0x10, 0x10, 0x10, 0x12, 0x12,
    0x10, 0x12, 0x10, 0x10, 0x10, 0x0D, 0x0D, 0x10, 0x10, 0x10, 0x10, 0x10, 0x10, 0x12, 0x12, 0x12, 0x10, 0x10, 0x0D, 0x0D, 0x0D, 0x0D, 0x10, 0x10,
    0x10, 0x10, 0x10, 0x10, 0x12, 0x12, 0x12, 0x10, 0x10, 0x10, 0x12, 0x12, 0x10, 0x12, 0x10, 0x10, 0x10, 0x0D, 0x0D, 0x10, 0x10, 0x10, 0x10, 0x10,
    0x12, 0x12, 0x10, 0x10, 0x13, 0x14, 0x16, 0x18, 0x1C, 0x1C, 0x1C, 0x00, 0x11, 0x11, 0x11, 0x11, 0x08, 0x0D, 0x13, 0x13, 0x13, 0x13, 0x13, 0x13,
    0x13, 0x12, 0x12, 0x12, 0x12, 0x12, 0x13, 0x13, 0x13, 0x13, 0x13, 0x13, 0x12, 0x13, 0x13, 0x14, 0x15, 0x15, 0x15, 0x14, 0x14, 0x14, 0x14, 0x14,
    0x13, 0x13, 0x13, 0x13, 0x13, 0x13, 0x13, 0x13, 0x13, 0x13, 0x13, 0x13, 0x13, 0x14, 0x15, 0x15, 0x15, 0x15, 0x15, 0x15, 0x16, 0x16, 0x15, 0x15,
    0x15, 0x15, 0x15, 0x16, 0x15, 0x15, 0x15, 0x15, 0x14, 0x14, 0x14, 0x14, 0x15, 0x15, 0x15, 0x15, 0x15, 0x15, 0x15, 0x15, 0x14, 0x14, 0x13, 0x13,
    0x13, 0x13, 0x14, 0x14, 0x14, 0x14, 0x15, 0x15, 0x15, 0x15, 0x15, 0x15, 0x14, 0x14, 0x15, 0x15, 0x15, 0x15, 0x15, 0x14, 0x14, 0x13, 0x13, 0x14,
    0x14, 0x15, 0x15, 0x15, 0x15, 0x16, 0x16, 0x16, 0x16, 0x16, 0x18, 0x1C, 0x1C, 0x1C, 0x1C, 0x00, 0x11, 0x14, 0x11, 0x14, 0x0D, 0x10, 0x18, 0x17,
    0x16, 0x17, 0x17, 0x16, 0x16, 0x16, 0x16, 0x16, 0x16, 0x16, 0x17, 0x17, 0x16, 0x16, 0x16, 0x17, 0x17, 0x17, 0x18, 0x18, 0x19, 0x19, 0x19, 0x18,
    0x18, 0x18, 0x18, 0x18, 0x17, 0x16, 0x16, 0x17, 0x16, 0x16, 0x16, 0x16, 0x16, 0x16, 0x17, 0x16, 0x17, 0x16, 0x18, 0x17, 0x18, 0x17, 0x18, 0x18,
    0x18, 0x18, 0x17, 0x18, 0x18, 0x18, 0x18, 0x18, 0x18, 0x18, 0x17, 0x18, 0x17, 0x17, 0x17, 0x17, 0x17, 0x18, 0x17, 0x17, 0x16, 0x17, 0x16, 0x17,
    0x16, 0x17, 0x16, 0x16, 0x17, 0x16, 0x16, 0x16, 0x16, 0x17, 0x17, 0x17, 0x17, 0x17, 0x17, 0x17, 0x17, 0x17, 0x17, 0x16, 0x17, 0x17, 0x17, 0x16,
    0x16, 0x17, 0x16, 0x17, 0x16, 0x17, 0x17, 0x17, 0x17, 0x18, 0x19, 0x19, 0x19, 0x19, 0x19, 0x1C, 0x1C, 0x1C, 0x1C, 0x00, 0x11, 0x14, 0x14, 0x14,
    0x10, 0x12, 0x19, 0x16, 0x17, 0x17, 0x17, 0x16, 0x16, 0x16, 0x16, 0x16, 0x16, 0x17, 0x16, 0x17, 0x16, 0x17, 0x16, 0x16, 0x16, 0x17, 0x17, 0x18,
    0x19, 0x19, 0x19, 0x17, 0x17, 0x17, 0x17, 0x18, 0x16, 0x17, 0x15, 0x16, 0x15, 0x16, 0x17, 0x17, 0x17, 0x16, 0x16, 0x16, 0x16, 0x17, 0x17, 0x16,
    0x16, 0x17, 0x18, 0x18, 0x18, 0x17, 0x17, 0x17, 0x18, 0x18, 0x18, 0x18, 0x18, 0x18, 0x17, 0x17, 0x17, 0x16, 0x17, 0x17, 0x17, 0x17, 0x17, 0x17,
    0x17, 0x17, 0x17, 0x17, 0x17, 0x17, 0x16, 0x16, 0x16, 0x16, 0x17, 0x16, 0x17, 0x16, 0x17, 0x17, 0x17, 0x17, 0x17, 0x17, 0x17, 0x17, 0x18, 0x18,
    0x16, 0x17, 0x17, 0x15, 0x17, 0x16, 0x16, 0x17, 0x17, 0x17, 0x18, 0x18, 0x19, 0x19, 0x19, 0x18, 0x18, 0x18, 0x1A, 0x1C, 0x1C, 0x1C, 0x1C, 0x00,
    0x11, 0x14, 0x11, 0x14, 0x10, 0x13, 0x18, 0x18, 0x17, 0x17, 0x17, 0x16, 0x17, 0x17, 0x16, 0x15, 0x16, 0x16, 0x16, 0x17, 0x16, 0x17, 0x17, 0x17,
    0x17, 0x17, 0x17, 0x17, 0x19, 0x19, 0x1A, 0x19, 0x18, 0x18, 0x18, 0x17, 0x17, 0x16, 0x16, 0x16, 0x17, 0x16, 0x16, 0x16, 0x17, 0x16, 0x17, 0x16,
    0x17, 0x17, 0x17, 0x17, 0x17, 0x17, 0x17, 0x17, 0x17, 0x16, 0x17, 0x17, 0x17, 0x17, 0x17, 0x18, 0x18, 0x18, 0x17, 0x17, 0x17, 0x17, 0x17, 0x17,
    0x18, 0x17, 0x17, 0x17, 0x17, 0x16, 0x17, 0x16, 0x16, 0x17, 0x16, 0x17, 0x17, 0x16, 0x16, 0x17, 0x16, 0x17, 0x16, 0x18, 0x17, 0x17, 0x17, 0x17,
    0x17, 0x17, 0x17, 0x17, 0x17, 0x17, 0x17, 0x17, 0x17, 0x17, 0x17, 0x17, 0x18, 0x18, 0x18, 0x18, 0x18, 0x18, 0x18, 0x18, 0x18, 0x18, 0x1A, 0x1C,
    0x1C, 0x1C, 0x1C, 0x00, 0x12, 0x14, 0x14, 0x14, 0x10, 0x14, 0x18, 0x17, 0x17, 0x16, 0x17, 0x17, 0x17, 0x16, 0x16, 0x16, 0x17, 0x17, 0x16, 0x17,
    0x16, 0x17, 0x16, 0x17, 0x17, 0x17, 0x17, 0x17, 0x19, 0x19, 0x19, 0x19, 0x19, 0x19, 0x18, 0x17, 0x17, 0x17, 0x16, 0x16, 0x16, 0x16, 0x17, 0x17,
    0x16, 0x16, 0x17, 0x17, 0x17, 0x17, 0x17, 0x16, 0x17, 0x17, 0x17, 0x17, 0x17, 0x17, 0x17, 0x17, 0x16, 0x17, 0x17, 0x17, 0x18, 0x17, 0x17, 0x17,
    0x17, 0x17, 0x17, 0x17, 0x18, 0x19, 0x18, 0x17, 0x17, 0x16, 0x16, 0x17, 0x17, 0x16, 0x17, 0x16, 0x16, 0x17, 0x17, 0x16, 0x17, 0x17, 0x16, 0x17,
    0x17, 0x16, 0x17, 0x17, 0x17, 0x18, 0x17, 0x17, 0x17, 0x18, 0x18, 0x17, 0x17, 0x17, 0x17, 0x18, 0x17, 0x17, 0x17, 0x18, 0x17, 0x17, 0x17, 0x17,
    0x18, 0x18, 0x1A, 0x1C, 0x1C, 0x1C, 0x1C, 0x00, 0x12, 0x14, 0x14, 0x14, 0x10, 0x14, 0x17, 0x17, 0x16, 0x16, 0x17, 0x17, 0x16, 0x16, 0x16, 0x17,
    0x17, 0x16, 0x17, 0x16, 0x17, 0x16, 0x17, 0x17, 0x17, 0x17, 0x17, 0x19, 0x19, 0x19, 0x19, 0x19, 0x19, 0x18, 0x17, 0x17, 0x17, 0x16, 0x16, 0x16,
    0x16, 0x17, 0x17, 0x16, 0x16, 0x17, 0x17, 0x17, 0x17, 0x17, 0x16, 0x17, 0x17, 0x17, 0x17, 0x17, 0x17, 0x17, 0x17, 0x16, 0x17, 0x17, 0x17, 0x18,
    0x17, 0x17, 0x17, 0x17, 0x17, 0x17, 0x17, 0x18, 0x19, 0x18, 0x17, 0x17, 0x16, 0x16, 0x17, 0x17, 0x16, 0x17, 0x16, 0x16, 0x17, 0x17, 0x16, 0x17,
    0x17, 0x16, 0x17, 0x17, 0x16, 0x17, 0x17, 0x17, 0x18, 0x17, 0x17, 0x17, 0x18, 0x18, 0x17, 0x17, 0x17, 0x17, 0x18, 0x17, 0x17, 0x17, 0x18, 0x17,
    0x18, 0x17, 0x17, 0x18, 0x18, 0x18, 0x1A, 0x1C, 0x1C, 0x1C, 0x1C, 0x00, 0x12, 0x15, 0x14, 0x14, 0x10, 0x14, 0x17, 0x17, 0x17, 0x16, 0x17, 0x16,
    0x16, 0x16, 0x16, 0x17, 0x17, 0x17, 0x17, 0x17, 0x16, 0x17, 0x17, 0x17, 0x17, 0x18, 0x18, 0x19, 0x18, 0x17, 0x17, 0x19, 0x18, 0x18, 0x18, 0x18,
    0x17, 0x17, 0x17, 0x17, 0x17, 0x16, 0x17, 0x17, 0x17, 0x17, 0x16, 0x17, 0x17, 0x16, 0x17, 0x17, 0x16, 0x16, 0x17, 0x17, 0x17, 0x17, 0x17, 0x17,
    0x17, 0x17, 0x17, 0x17, 0x16, 0x17, 0x17, 0x17, 0x17, 0x17, 0x17, 0x17, 0x19, 0x19, 0x18, 0x18, 0x17, 0x17, 0x17, 0x17, 0x17, 0x17, 0x17, 0x16,
    0x17, 0x17, 0x17, 0x17, 0x17, 0x17, 0x17, 0x18, 0x18, 0x17, 0x17, 0x18, 0x17, 0x18, 0x17, 0x17, 0x19, 0x19, 0x18, 0x17, 0x17, 0x16, 0x17, 0x17,
    0x17, 0x17, 0x17, 0x17, 0x17, 0x18, 0x19, 0x17, 0x17, 0x18, 0x1A, 0x1C, 0x1C, 0x1C, 0x1C, 0x00, 0x14, 0x17, 0x15, 0x14, 0x12, 0x15, 0x17, 0x16,
    0x17, 0x17, 0x17, 0x16, 0x16, 0x17, 0x17, 0x16, 0x17, 0x17, 0x17, 0x17, 0x17, 0x18, 0x17, 0x18, 0x18, 0x18, 0x18, 0x17, 0x17, 0x16, 0x17, 0x17,
    0x16, 0x17, 0x17, 0x17, 0x17, 0x17, 0x17, 0x17, 0x17, 0x17, 0x17, 0x16, 0x16, 0x17, 0x16, 0x16, 0x16, 0x17, 0x17, 0x17, 0x17, 0x17, 0x17, 0x17,
    0x17, 0x18, 0x17, 0x17, 0x16, 0x17, 0x17, 0x17, 0x17, 0x16, 0x17, 0x17, 0x17, 0x17, 0x17, 0x17, 0x17, 0x19, 0x19, 0x18, 0x17, 0x17, 0x18, 0x17,
    0x17, 0x19, 0x19, 0x19, 0x17, 0x17, 0x17, 0x17, 0x16, 0x17, 0x17, 0x18, 0x18, 0x17, 0x17, 0x17, 0x17, 0x17, 0x17, 0x18, 0x19, 0x19, 0x18, 0x17,
    0x17, 0x17, 0x17, 0x17, 0x16, 0x17, 0x17, 0x17, 0x18, 0x18, 0x17, 0x18, 0x17, 0x17, 0x1A, 0x1A, 0x1C, 0x1C, 0x1C, 0x00, 0x11, 0x17, 0x15, 0x14,
    0x12, 0x15, 0x17, 0x17, 0x16, 0x17, 0x16, 0x16, 0x16, 0x16, 0x17, 0x17, 0x17, 0x17, 0x17, 0x17, 0x18, 0x17, 0x18, 0x18, 0x18, 0x18, 0x16, 0x17,
    0x16, 0x17, 0x17, 0x16, 0x17, 0x16, 0x16, 0x17, 0x15, 0x16, 0x16, 0x16, 0x17, 0x17, 0x17, 0x17, 0x17, 0x16, 0x16, 0x17, 0x16, 0x17, 0x17, 0x17,
    0x17, 0x17, 0x17, 0x18, 0x18, 0x17, 0x17, 0x17, 0x17, 0x16, 0x17, 0x17, 0x17, 0x17, 0x17, 0x18, 0x18, 0x18, 0x16, 0x17, 0x17, 0x17, 0x18, 0x17,
    0x17, 0x17, 0x17, 0x17, 0x16, 0x16, 0x18, 0x19, 0x19, 0x18, 0x17, 0x17, 0x16, 0x16, 0x18, 0x19, 0x18, 0x18, 0x18, 0x18, 0x19, 0x18, 0x19, 0x19,
    0x18, 0x19, 0x18, 0x16, 0x17, 0x17, 0x17, 0x17, 0x17, 0x16, 0x17, 0x17, 0x17, 0x17, 0x17, 0x18, 0x17, 0x17, 0x1A, 0x1A, 0x1C, 0x1C, 0x1C, 0x00,
    0x11, 0x14, 0x15, 0x14, 0x12, 0x15, 0x16, 0x16, 0x17, 0x16, 0x17, 0x17, 0x17, 0x17, 0x17, 0x18, 0x17, 0x17, 0x18, 0x17, 0x17, 0x17, 0x18, 0x18,
    0x19, 0x17, 0x16, 0x16, 0x16, 0x16, 0x17, 0x16, 0x16, 0x16, 0x17, 0x16, 0x16, 0x17, 0x16, 0x17, 0x16, 0x17, 0x17, 0x17, 0x17, 0x17, 0x17, 0x17,
    0x17, 0x17, 0x17, 0x17, 0x16, 0x17, 0x17, 0x18, 0x18, 0x18, 0x17, 0x18, 0x17, 0x17, 0x17, 0x17, 0x17, 0x17, 0x19, 0x19, 0x18, 0x17, 0x17, 0x16,
    0x17, 0x17, 0x17, 0x17, 0x16, 0x16, 0x17, 0x16, 0x17, 0x17, 0x17, 0x17, 0x18, 0x19, 0x18, 0x17, 0x17, 0x17, 0x17, 0x19, 0x19, 0x19, 0x18, 0x19,
    0x18, 0x17, 0x17, 0x17, 0x17, 0x17, 0x18, 0x17, 0x17, 0x17, 0x17, 0x17, 0x17, 0x17, 0x17, 0x17, 0x17, 0x17, 0x17, 0x17, 0x17, 0x17, 0x1A, 0x1A,
    0x1C, 0x1C, 0x1C, 0x00, 0x11, 0x14, 0x14, 0x17, 0x10, 0x15, 0x17, 0x17, 0x17, 0x17, 0x18, 0x18, 0x18, 0x17, 0x18, 0x18, 0x19, 0x17, 0x17, 0x17,
    0x17, 0x17, 0x19, 0x19, 0x18, 0x17, 0x17, 0x16, 0x16, 0x17, 0x17, 0x16, 0x17, 0x16, 0x16, 0x17, 0x17, 0x17, 0x17, 0x17, 0x17, 0x16, 0x17, 0x17,
    0x17, 0x17, 0x17, 0x17, 0x17, 0x17, 0x17, 0x17, 0x17, 0x17, 0x17, 0x18, 0x17, 0x17, 0x17, 0x17, 0x17, 0x17, 0x17, 0x17, 0x17, 0x18, 0x18, 0x18,
    0x17, 0x17, 0x17, 0x17, 0x16, 0x17, 0x17, 0x16, 0x17, 0x17, 0x16, 0x17, 0x17, 0x17, 0x17, 0x17, 0x18, 0x18, 0x18, 0x18, 0x17, 0x17, 0x17, 0x18,
    0x19, 0x19, 0x17, 0x18, 0x18, 0x18, 0x17, 0x17, 0x18, 0x17, 0x17, 0x18, 0x18, 0x18, 0x18, 0x17, 0x17, 0x17, 0x17, 0x17, 0x17, 0x17, 0x17, 0x16,
    0x17, 0x17, 0x1A, 0x1C, 0x1C, 0x1C, 0x1C, 0x00, 0x14, 0x14, 0x14, 0x16, 0x10, 0x17, 0x19, 0x19, 0x19, 0x19, 0x19, 0x19, 0x19, 0x19, 0x19, 0x19,
    0x19, 0x19, 0x18, 0x19, 0x19, 0x19, 0x19, 0x19, 0x19, 0x19, 0x19, 0x18, 0x18, 0x18, 0x18, 0x18, 0x18, 0x18, 0x18, 0x18, 0x18, 0x18, 0x18, 0x18,
    0x18, 0x18, 0x18, 0x18, 0x18, 0x18, 0x18, 0x18, 0x19, 0x19, 0x19, 0x19, 0x19, 0x19, 0x19, 0x19, 0x19, 0x19, 0x19, 0x19, 0x19, 0x19, 0x19, 0x19,
    0x19, 0x19, 0x19, 0x19, 0x18, 0x19, 0x19, 0x19, 0x19, 0x19, 0x19, 0x19, 0x18, 0x18, 0x19, 0x19, 0x18, 0x18, 0x19, 0x19, 0x19, 0x19, 0x19, 0x19,
    0x19, 0x19, 0x19, 0x19, 0x19, 0x19, 0x19, 0x19, 0x19, 0x19, 0x19, 0x19, 0x19, 0x19, 0x19, 0x19, 0x19, 0x19, 0x19, 0x19, 0x19, 0x19, 0x19, 0x19,
    0x18, 0x19, 0x19, 0x19, 0x19, 0x19, 0x1A, 0x1C, 0x1C, 0x1C, 0x1C, 0x00, 0x14, 0x14, 0x16, 0x17, 0x17, 0x19, 0x1B, 0x1B, 0x1B, 0x1B, 0x1B, 0x1B,
    0x1B, 0x1B, 0x1B, 0x1B, 0x1B, 0x1B, 0x1B, 0x1B, 0x1B, 0x1B, 0x1B, 0x1B, 0x1C, 0x1B, 0x1B, 0x1B, 0x1B, 0x1B, 0x1B, 0x1B, 0x1B, 0x1B, 0x1B, 0x1B,
    0x1B, 0x1B, 0x1B, 0x1B, 0x1B, 0x1B, 0x1B, 0x1B, 0x1B, 0x1B, 0x1B, 0x1B, 0x1B, 0x1B, 0x1B, 0x1B, 0x1B, 0x1B, 0x1B, 0x1B, 0x1B, 0x1B, 0x1B, 0x1B,
    0x1B, 0x1B, 0x1C, 0x1C, 0x1C, 0x1B, 0x1B, 0x1B, 0x1B, 0x1B, 0x1B, 0x1B, 0x1B, 0x1B, 0x1B, 0x1B, 0x1B, 0x1B, 0x1B, 0x1B, 0x1B, 0x1B, 0x1B, 0x1B,
    0x1B, 0x1B, 0x1B, 0x1B, 0x1B, 0x1B, 0x1B, 0x1B, 0x1B, 0x1B, 0x1B, 0x1B, 0x1B, 0x1B, 0x1B, 0x1B, 0x1B, 0x1B, 0x1B, 0x1B, 0x1B, 0x1B, 0x1B, 0x1B,
    0x1B, 0x1B, 0x1B, 0x1B, 0x1B, 0x1B, 0x1B, 0x1B, 0x1B, 0x1B, 0x1A, 0x1A, 0x1C, 0x1C, 0x1C, 0x00, 0x14, 0x16, 0x17, 0x18, 0x1A, 0x1C, 0x1B, 0x1B,
    0x1B, 0x1B, 0x1B, 0x1B, 0x1B, 0x1B, 0x1B, 0x1B, 0x1B, 0x1B, 0x1B, 0x1B, 0x1B, 0x1B, 0x1B, 0x1B, 0x1B, 0x1B, 0x1B, 0x1B, 0x1B, 0x1B, 0x1B, 0x1B,
    0x1B, 0x1B, 0x1B, 0x1B, 0x1B, 0x1B, 0x1B, 0x1B, 0x1B, 0x1B, 0x1B, 0x1B, 0x1B, 0x1B, 0x1B, 0x1B, 0x1B, 0x1B, 0x1B, 0x1B, 0x1B, 0x1B, 0x1B, 0x1B,
    0x1B, 0x1B, 0x1B, 0x1B, 0x1B, 0x1B, 0x1C, 0x1C, 0x1B, 0x1B, 0x1B, 0x1B, 0x1B, 0x1B, 0x1B, 0x1B, 0x1B, 0x1B, 0x1B, 0x1B, 0x1B, 0x1B, 0x1B, 0x1B,
    0x1B, 0x1B, 0x1B, 0x1C, 0x1B, 0x1B, 0x1B, 0x1B, 0x1B, 0x1B, 0x1B, 0x1B, 0x1B, 0x1B, 0x1B, 0x1B, 0x1B, 0x1B, 0x1B, 0x1B, 0x1B, 0x1B, 0x1C, 0x1C,
    0x1C, 0x1C, 0x1C, 0x1C, 0x1C, 0x1C, 0x1B, 0x1B, 0x1B, 0x1B, 0x1B, 0x1B, 0x1B, 0x1B, 0x1B, 0x1B, 0x1C, 0x1A, 0x1C, 0x00, 0x16, 0x1A, 0x1B, 0x1B,
    0x1A, 0x1B, 0x1B, 0x1B, 0x1B, 0x1B, 0x1B, 0x1B, 0x1B, 0x1B, 0x1B, 0x1B, 0x1B, 0x1B, 0x1B, 0x1B, 0x1B, 0x1B, 0x1B, 0x1B, 0x1B, 0x1B, 0x1B, 0x1B,
    0x1B, 0x1B, 0x1B, 0x1B, 0x1B, 0x1B, 0x1B, 0x1B, 0x1B, 0x1B, 0x1B, 0x1B, 0x1B, 0x1B, 0x1B, 0x1B, 0x1B, 0x1B, 0x1B, 0x1B, 0x1B, 0x1B, 0x1B, 0x1B,
    0x1B, 0x1B, 0x1B, 0x1B, 0x1B, 0x1B, 0x1B, 0x1B, 0x1B, 0x1B, 0x1B, 0x1C, 0x1C, 0x1B, 0x1B, 0x1B, 0x1B, 0x1B, 0x1B, 0x1B, 0x1B, 0x1B, 0x1B, 0x1B,
    0x1B, 0x1B, 0x1B, 0x1B, 0x1B, 0x1B, 0x1B, 0x1B, 0x1B, 0x1B, 0x1B, 0x1B, 0x1B, 0x1B, 0x1B, 0x1B, 0x1B, 0x1B, 0x1B, 0x1B, 0x1B, 0x1B, 0x1B, 0x1B,
    0x1B, 0x1B, 0x1B, 0x1C, 0x1C, 0x1C, 0x1C, 0x1C, 0x1C, 0x1C, 0x1B, 0x1B, 0x1C, 0x1B, 0x1B, 0x1B, 0x1B, 0x1B, 0x1B, 0x1B, 0x1B, 0x1B, 0x1D, 0x00,
    0x1C, 0x1C, 0x1C, 0x1C, 0x1A, 0x1E, 0x1E, 0x1E, 0x1E, 0x1E, 0x1E, 0x1E, 0x1E, 0x1E, 0x1E, 0x1E, 0x1E, 0x1E, 0x1E, 0x1E, 0x1E, 0x1E, 0x1E, 0x1E,
    0x1E, 0x1E, 0x1E, 0x1E, 0x1E, 0x1E, 0x1E, 0x1E, 0x1E, 0x1E, 0x1E, 0x1E, 0x1E, 0x1E, 0x1E, 0x1E, 0x1E, 0x1E, 0x1E, 0x1E, 0x1E, 0x1E, 0x1E, 0x1E,
    0x1E, 0x1E, 0x1E, 0x1E, 0x1E, 0x1E, 0x1E, 0x1E, 0x1E, 0x1E, 0x1E, 0x1E, 0x1E, 0x1E, 0x1E, 0x1E, 0x1E, 0x1E, 0x1E, 0x1E, 0x1E, 0x1E, 0x1E, 0x1E,
    0x1E, 0x1E, 0x1E, 0x1E, 0x1E, 0x1E, 0x1E, 0x1E, 0x1E, 0x1E, 0x1E, 0x1E, 0x1E, 0x1E, 0x1E, 0x1E, 0x1E, 0x1E, 0x1E, 0x1E, 0x1E, 0x1E, 0x1E, 0x1E,
    0x1E, 0x1E, 0x1E, 0x1E, 0x1E, 0x1E, 0x1E, 0x1E, 0x1E, 0x1E, 0x1E, 0x1E, 0x1E, 0x1E, 0x1E, 0x1E, 0x1E, 0x1E, 0x1E, 0x1E, 0x1E, 0x1E, 0x1E, 0x1E,
    0x1E, 0x1E, 0x1E, 0x00, 0x1C, 0x1C, 0x1C, 0x1C, 0x1A, 0x1C, 0x1D, 0x1C, 0x1C, 0x1C, 0x1D, 0x1D, 0x1E, 0x1D, 0x1D, 0x1D, 0x1D, 0x1D, 0x1D, 0x1E,
    0x1E, 0x1E, 0x1E, 0x1E, 0x1E, 0x1E, 0x1E, 0x1E, 0x1E, 0x1E, 0x1E, 0x1E, 0x1E, 0x1E, 0x1E, 0x1E, 0x1E, 0x1E, 0x1E, 0x1E, 0x1E, 0x1E, 0x1E, 0x1E,
    0x1E, 0x1E, 0x1E, 0x1E, 0x1E, 0x1E, 0x1E, 0x1E, 0x1E, 0x1E, 0x1E, 0x1E, 0x1E, 0x1E, 0x1E, 0x1E, 0x1E, 0x1E, 0x1E, 0x1E, 0x1E, 0x1E, 0x1E, 0x1E,
    0x1E, 0x1E, 0x1E, 0x1E, 0x1E, 0x1E, 0x1E, 0x1E, 0x1E, 0x1E, 0x1E, 0x1E, 0x1E, 0x1E, 0x1E, 0x1E, 0x1E, 0x1E, 0x1E, 0x1E, 0x1E, 0x1E, 0x1E, 0x1E,
    0x1E, 0x1E, 0x1E, 0x1E, 0x1E, 0x1E, 0x1E, 0x1E, 0x1E, 0x1E, 0x1E, 0x1E, 0x1E, 0x1E, 0x1E, 0x1E, 0x1E, 0x1E, 0x1E, 0x1E, 0x1E, 0x1E, 0x1E, 0x1E,
    0x1E, 0x1E, 0x1E, 0x1E, 0x1E, 0x1E, 0x1E, 0x00, 0x19, 0x19, 0x19, 0x19, 0x16, 0x1A, 0x1B, 0x1B, 0x1B, 0x1B, 0x1B, 0x1C, 0x1C, 0x1C, 0x1C, 0x1B,
    0x1B, 0x1B, 0x1B, 0x1B, 0x1E, 0x1B, 0x1A, 0x1A, 0x1A, 0x1A, 0x1A, 0x1B, 0x1B, 0x1B, 0x1B, 0x1B, 0x1B, 0x1B, 0x1B, 0x1B, 0x1B, 0x1B, 0x1B, 0x1B,
    0x1E, 0x1E, 0x1B, 0x1B, 0x1B, 0x1B, 0x1B, 0x1B, 0x1B, 0x1B, 0x1B, 0x1B, 0x1B, 0x1B, 0x1B, 0x1B, 0x1B, 0x1B, 0x1B, 0x1B, 0x1B, 0x1A, 0x19, 0x19,
    0x1A, 0x1B, 0x1E, 0x1E, 0x1E, 0x1E, 0x1E, 0x1E, 0x1B, 0x1B, 0x1B, 0x1B, 0x1B, 0x1B, 0x1B, 0x1B, 0x1B, 0x1B, 0x1B, 0x1E, 0x1E, 0x1E, 0x1E, 0x1B,
    0x1B, 0x1A, 0x1B, 0x1B, 0x1B, 0x1B, 0x1B, 0x1B, 0x1B, 0x1B, 0x1B, 0x1B, 0x1A, 0x1B, 0x1B, 0x1A, 0x1B, 0x1B, 0x1B, 0x1B, 0x1B, 0x1B, 0x1B, 0x1B,
    0x1B, 0x1B, 0x1B, 0x1B, 0x1B, 0x1B, 0x1B, 0x1E, 0x1E, 0x1E, 0x1E, 0x00, 0x15, 0x16, 0x16, 0x16, 0x14, 0x16, 0x18, 0x19, 0x18, 0x19, 0x18, 0x17,
    0x19, 0x1A, 0x1A, 0x19, 0x19, 0x18, 0x17, 0x19, 0x19, 0x19, 0x19, 0x19, 0x19, 0x19, 0x17, 0x19, 0x19, 0x19, 0x19, 0x19, 0x19, 0x1A, 0x19, 0x19,
    0x19, 0x19, 0x19, 0x19, 0x19, 0x19, 0x19, 0x19, 0x19, 0x19, 0x19, 0x19, 0x19, 0x19, 0x19, 0x19, 0x19, 0x19, 0x19, 0x17, 0x19, 0x19, 0x1A, 0x1A,
    0x1A, 0x19, 0x19, 0x17, 0x19, 0x19, 0x1A, 0x1A, 0x1A, 0x19, 0x1A, 0x19, 0x19, 0x19, 0x19, 0x19, 0x19, 0x19, 0x19, 0x19, 0x19, 0x19, 0x17, 0x19,
    0x19, 0x19, 0x19, 0x1A, 0x1A, 0x19, 0x19, 0x19, 0x19, 0x19, 0x1A, 0x19, 0x19, 0x19, 0x19, 0x19, 0x19, 0x19, 0x19, 0x19, 0x19, 0x19, 0x19, 0x19,
    0x19, 0x19, 0x19, 0x17, 0x19, 0x19, 0x19, 0x19, 0x19, 0x19, 0x1A, 0x1E, 0x1E, 0x1E, 0x1E, 0x00, 0x12, 0x14, 0x12, 0x14, 0x11, 0x15, 0x17, 0x16,
    0x17, 0x16, 0x14, 0x15, 0x16, 0x16, 0x17, 0x17, 0x17, 0x17, 0x17, 0x17, 0x17, 0x16, 0x17, 0x17, 0x17, 0x17, 0x15, 0x16, 0x16, 0x17, 0x16, 0x17,
    0x16, 0x17, 0x16, 0x17, 0x16, 0x16, 0x16, 0x17, 0x17, 0x17, 0x16, 0x16, 0x16, 0x16, 0x17, 0x17, 0x15, 0x16, 0x17, 0x16, 0x16, 0x16, 0x17, 0x16,
    0x17, 0x16, 0x17, 0x17, 0x16, 0x17, 0x17, 0x17, 0x16, 0x15, 0x17, 0x16, 0x15, 0x16, 0x17, 0x17, 0x17, 0x17, 0x17, 0x16, 0x16, 0x16, 0x16, 0x17,
    0x17, 0x19, 0x19, 0x17, 0x17, 0x16, 0x17, 0x16, 0x15, 0x17, 0x16, 0x16, 0x16, 0x16, 0x17, 0x19, 0x17, 0x17, 0x17, 0x16, 0x17, 0x17, 0x16, 0x16,
    0x16, 0x14, 0x16, 0x16, 0x19, 0x17, 0x17, 0x17, 0x16, 0x16, 0x16, 0x16, 0x15, 0x18, 0x1A, 0x1C, 0x1C, 0x1C, 0x1C, 0x00, 0x13, 0x14, 0x14, 0x14,
    0x11, 0x13, 0x17, 0x17, 0x17, 0x17, 0x19, 0x17, 0x16, 0x17, 0x16, 0x16, 0x17, 0x17, 0x17, 0x17, 0x17, 0x17, 0x17, 0x17, 0x17, 0x17, 0x17, 0x17,
    0x19, 0x17, 0x19, 0x17, 0x19, 0x19, 0x19, 0x17, 0x16, 0x16, 0x17, 0x16, 0x17, 0x16, 0x16, 0x17, 0x17, 0x17, 0x17, 0x15, 0x16, 0x16, 0x16, 0x16,
    0x17, 0x17, 0x17, 0x16, 0x17, 0x17, 0x19, 0x19, 0x17, 0x16, 0x15, 0x17, 0x19, 0x1A, 0x19, 0x19, 0x17, 0x17, 0x17, 0x17, 0x17, 0x17, 0x16, 0x15,
    0x17, 0x19, 0x1B, 0x19, 0x19, 0x17, 0x17, 0x15, 0x17, 0x16, 0x17, 0x17, 0x16, 0x16, 0x15, 0x16, 0x16, 0x17, 0x16, 0x17, 0x17, 0x17, 0x17, 0x17,
    0x16, 0x15, 0x16, 0x16, 0x17, 0x17, 0x17, 0x17, 0x16, 0x17, 0x17, 0x16, 0x16, 0x16, 0x17, 0x16, 0x16, 0x18, 0x1A, 0x1C, 0x1C, 0x1C, 0x1C, 0x00,
    0x13, 0x14, 0x14, 0x14, 0x11, 0x13, 0x17, 0x1A, 0x1C, 0x1E, 0x1A, 0x19, 0x19, 0x17, 0x16, 0x16, 0x17, 0x17, 0x17, 0x17, 0x17, 0x16, 0x16, 0x17,
    0x17, 0x19, 0x19, 0x17, 0x17, 0x17, 0x17, 0x17, 0x16, 0x16, 0x17, 0x17, 0x16, 0x17, 0x16, 0x14, 0x16, 0x16, 0x16, 0x16, 0x17, 0x15, 0x14, 0x15,
    0x17, 0x16, 0x17, 0x16, 0x17, 0x17, 0x16, 0x15, 0x16, 0x14, 0x14, 0x12, 0x15, 0x17, 0x17, 0x17, 0x17, 0x15, 0x17, 0x17, 0x17, 0x17, 0x16, 0x17,
    0x19, 0x19, 0x16, 0x16, 0x16, 0x17, 0x19, 0x17, 0x17, 0x15, 0x17, 0x17, 0x17, 0x19, 0x19, 0x17, 0x19, 0x17, 0x15, 0x15, 0x17, 0x17, 0x17, 0x17,
    0x16, 0x15, 0x16, 0x16, 0x16, 0x17, 0x15, 0x17, 0x17, 0x19, 0x17, 0x17, 0x15, 0x16, 0x15, 0x14, 0x15, 0x17, 0x16, 0x17, 0x17, 0x18, 0x1A, 0x1C,
    0x1C, 0x1C, 0x1C, 0x00, 0x13, 0x16, 0x14, 0x14, 0x11, 0x13, 0x16, 0x15, 0x16, 0x16, 0x17, 0x19, 0x17, 0x17, 0x17, 0x17, 0x17, 0x16, 0x17, 0x17,
    0x19, 0x17, 0x19, 0x17, 0x19, 0x17, 0x17, 0x19, 0x16, 0x17, 0x17, 0x19, 0x17, 0x17, 0x17, 0x17, 0x17, 0x17, 0x17, 0x17, 0x16, 0x17, 0x16, 0x16,
    0x17, 0x17, 0x19, 0x17, 0x19, 0x17, 0x17, 0x17, 0x16, 0x16, 0x17, 0x17, 0x17, 0x17, 0x17, 0x15, 0x16, 0x16, 0x19, 0x17, 0x16, 0x17, 0x17, 0x17,
    0x19, 0x19, 0x17, 0x17, 0x17, 0x17, 0x17, 0x16, 0x16, 0x16, 0x16, 0x16, 0x16, 0x16, 0x17, 0x15, 0x17, 0x17, 0x19, 0x19, 0x17, 0x16, 0x15, 0x16,
    0x15, 0x15, 0x16, 0x16, 0x16, 0x17, 0x16, 0x17, 0x16, 0x16, 0x17, 0x16, 0x17, 0x19, 0x17, 0x16, 0x16, 0x16, 0x16, 0x17, 0x17, 0x17, 0x16, 0x16,
    0x16, 0x18, 0x1A, 0x1C, 0x1C, 0x1C, 0x1C, 0x00, 0x14, 0x18, 0x16, 0x14, 0x13, 0x13, 0x17, 0x16, 0x16, 0x15, 0x17, 0x17, 0x17, 0x17, 0x17, 0x16,
    0x17, 0x17, 0x17, 0x17, 0x17, 0x19, 0x17, 0x19, 0x17, 0x17, 0x16, 0x19, 0x17, 0x17, 0x16, 0x17, 0x17, 0x17, 0x17, 0x17, 0x17, 0x17, 0x16, 0x16,
    0x16, 0x17, 0x19, 0x19, 0x1A, 0x19, 0x19, 0x19, 0x17, 0x16, 0x17, 0x19, 0x19, 0x19, 0x17, 0x17, 0x1A, 0x1C, 0x19, 0x19, 0x19, 0x19, 0x17, 0x19,
    0x16, 0x19, 0x17, 0x19, 0x17, 0x15, 0x16, 0x17, 0x16, 0x17, 0x17, 0x17, 0x17, 0x16, 0x14, 0x15, 0x15, 0x17, 0x16, 0x17, 0x17, 0x17, 0x15, 0x15,
    0x15, 0x15, 0x16, 0x17, 0x17, 0x16, 0x16, 0x16, 0x17, 0x17, 0x15, 0x16, 0x16, 0x16, 0x17, 0x17, 0x19, 0x17, 0x17, 0x17, 0x19, 0x19, 0x17, 0x17,
    0x16, 0x15, 0x17, 0x17, 0x17, 0x18, 0x1A, 0x1C, 0x1C, 0x1C, 0x1C, 0x00, 0x12, 0x18, 0x16, 0x14, 0x13, 0x13, 0x17, 0x17, 0x17, 0x15, 0x16, 0x16,
    0x17, 0x19, 0x16, 0x16, 0x17, 0x17, 0x16, 0x17, 0x16, 0x16, 0x17, 0x16, 0x17, 0x17, 0x16, 0x17, 0x16, 0x17, 0x17, 0x16, 0x16, 0x16, 0x16, 0x16,
    0x17, 0x17, 0x17, 0x17, 0x17, 0x17, 0x17, 0x16, 0x16, 0x16, 0x16, 0x17, 0x17, 0x17, 0x19, 0x17, 0x17, 0x17, 0x17, 0x17, 0x16, 0x17, 0x16, 0x16,
    0x17, 0x17, 0x17, 0x16, 0x16, 0x16, 0x17, 0x17, 0x17, 0x17, 0x16, 0x16, 0x16, 0x17, 0x19, 0x1A, 0x19, 0x17, 0x16, 0x15, 0x16, 0x16, 0x15, 0x14,
    0x16, 0x16, 0x17, 0x17, 0x16, 0x15, 0x16, 0x19, 0x17, 0x16, 0x17, 0x17, 0x19, 0x17, 0x15, 0x14, 0x14, 0x16, 0x17, 0x17, 0x17, 0x17, 0x17, 0x17,
    0x15, 0x16, 0x17, 0x16, 0x17, 0x16, 0x16, 0x16, 0x19, 0x18, 0x1A, 0x1C, 0x1C, 0x1C, 0x1C, 0x00, 0x12, 0x14, 0x16, 0x14, 0x13, 0x13, 0x16, 0x16,
    0x16, 0x17, 0x16, 0x15, 0x16, 0x16, 0x16, 0x15, 0x17, 0x17, 0x16, 0x16, 0x17, 0x17, 0x17, 0x16, 0x16, 0x16, 0x17, 0x17, 0x17, 0x16, 0x17, 0x17,
    0x17, 0x16, 0x16, 0x17, 0x16, 0x17, 0x16, 0x16, 0x17, 0x17, 0x15, 0x16, 0x17, 0x17, 0x17, 0x19, 0x16, 0x17, 0x16, 0x16, 0x16, 0x17, 0x17, 0x17,
    0x15, 0x17, 0x17, 0x19, 0x17, 0x17, 0x16, 0x17, 0x16, 0x17, 0x17, 0x16, 0x17, 0x17, 0x16, 0x17, 0x16, 0x17, 0x17, 0x16, 0x19, 0x19, 0x1A, 0x19,
    0x16, 0x17, 0x14, 0x14, 0x14, 0x12, 0x14, 0x16, 0x15, 0x16, 0x16, 0x14, 0x16, 0x12, 0x12, 0x14, 0x12, 0x12, 0x14, 0x14, 0x17, 0x16, 0x17, 0x17,
    0x15, 0x17, 0x16, 0x16, 0x15, 0x16, 0x16, 0x19, 0x17, 0x17, 0x17, 0x19, 0x17, 0x18, 0x1A, 0x1C, 0x1C, 0x1C, 0x1C, 0x00, 0x12, 0x14, 0x16, 0x14,
    0x13, 0x13, 0x17, 0x17, 0x17, 0x16, 0x15, 0x17, 0x16, 0x17, 0x16, 0x16, 0x17, 0x17, 0x16, 0x16, 0x17, 0x17, 0x17, 0x16, 0x17, 0x17, 0x16, 0x17,
    0x17, 0x17, 0x17, 0x17, 0x16, 0x17, 0x16, 0x17, 0x17, 0x17, 0x17, 0x16, 0x17, 0x16, 0x16, 0x17, 0x17, 0x17, 0x17, 0x17, 0x17, 0x17, 0x16, 0x14,
    0x15, 0x16, 0x17, 0x17, 0x17, 0x17, 0x17, 0x17, 0x17, 0x17, 0x17, 0x16, 0x16, 0x16, 0x15, 0x17, 0x17, 0x15, 0x14, 0x14, 0x16, 0x16, 0x15, 0x16,
    0x16, 0x14, 0x16, 0x14, 0x17, 0x17, 0x19, 0x17, 0x16, 0x15, 0x15, 0x15, 0x17, 0x17, 0x17, 0x19, 0x15, 0x17, 0x17, 0x17, 0x16, 0x16, 0x17, 0x17,
    0x17, 0x16, 0x17, 0x17, 0x17, 0x17, 0x17, 0x17, 0x16, 0x17, 0x16, 0x17, 0x19, 0x17, 0x17, 0x14, 0x16, 0x18, 0x1A, 0x1A, 0x1C, 0x1C, 0x1C, 0x00,
    0x12, 0x14, 0x14, 0x18, 0x11, 0x13, 0x19, 0x17, 0x19, 0x19, 0x19, 0x17, 0x17, 0x16, 0x16, 0x15, 0x16, 0x16, 0x16, 0x15, 0x14, 0x16, 0x17, 0x17,
    0x17, 0x17, 0x16, 0x17, 0x17, 0x17, 0x17, 0x17, 0x16, 0x17, 0x16, 0x17, 0x16, 0x17, 0x17, 0x17, 0x19, 0x17, 0x17, 0x17, 0x17, 0x17, 0x16, 0x16,
    0x17, 0x16, 0x17, 0x16, 0x17, 0x16, 0x19, 0x17, 0x17, 0x16, 0x17, 0x17, 0x17, 0x17, 0x17, 0x16, 0x16, 0x16, 0x17, 0x17, 0x17, 0x16, 0x19, 0x17,
    0x17, 0x17, 0x17, 0x17, 0x17, 0x17, 0x17, 0x17, 0x17, 0x17, 0x17, 0x17, 0x17, 0x17, 0x16, 0x17, 0x19, 0x19, 0x17, 0x17, 0x19, 0x1A, 0x1A, 0x19,
    0x19, 0x19, 0x19, 0x17, 0x17, 0x16, 0x17, 0x16, 0x16, 0x16, 0x17, 0x19, 0x19, 0x19, 0x19, 0x19, 0x17, 0x16, 0x16, 0x16, 0x17, 0x18, 0x1A, 0x1A,
    0x1C, 0x1C, 0x1C, 0x00, 0x14, 0x14, 0x14, 0x18, 0x11, 0x15, 0x1A, 0x1C, 0x1A, 0x1A, 0x19, 0x19, 0x17, 0x17, 0x16, 0x17, 0x17, 0x17, 0x17, 0x17,
    0x17, 0x17, 0x17, 0x17, 0x17, 0x17, 0x17, 0x17, 0x17, 0x16, 0x14, 0x14, 0x14, 0x16, 0x17, 0x16, 0x16, 0x17, 0x17, 0x19, 0x17, 0x16, 0x17, 0x17,
    0x17, 0x17, 0x16, 0x16, 0x17, 0x16, 0x19, 0x17, 0x16, 0x16, 0x16, 0x16, 0x16, 0x17, 0x16, 0x17, 0x17, 0x16, 0x17, 0x17, 0x19, 0x17, 0x17, 0x16,
    0x16, 0x17, 0x17, 0x19, 0x19, 0x19, 0x17, 0x17, 0x17, 0x19, 0x19, 0x19, 0x19, 0x19, 0x19, 0x17, 0x16, 0x14, 0x15, 0x16, 0x17, 0x17, 0x19, 0x15,
    0x15, 0x17, 0x17, 0x19, 0x19, 0x17, 0x16, 0x16, 0x19, 0x17, 0x19, 0x17, 0x19, 0x19, 0x19, 0x19, 0x17, 0x16, 0x16, 0x16, 0x16, 0x16, 0x15, 0x17,
    0x17, 0x18, 0x1A, 0x1A, 0x1C, 0x1C, 0x1C, 0x00, 0x14, 0x14, 0x14, 0x15, 0x11, 0x15, 0x17, 0x17, 0x19, 0x19, 0x19, 0x17, 0x17, 0x17, 0x17, 0x17,
    0x16, 0x16, 0x15, 0x16, 0x16, 0x17, 0x16, 0x17, 0x17, 0x17, 0x17, 0x17, 0x17, 0x17, 0x17, 0x17, 0x16, 0x17, 0x17, 0x16, 0x15, 0x16, 0x16, 0x16,
    0x16, 0x16, 0x16, 0x15, 0x17, 0x16, 0x16, 0x16, 0x15, 0x17, 0x15, 0x17, 0x17, 0x16, 0x16, 0x16, 0x15, 0x16, 0x16, 0x16, 0x16, 0x17, 0x16, 0x17,
    0x16, 0x17, 0x16, 0x17, 0x17, 0x17, 0x17, 0x17, 0x17, 0x17, 0x17, 0x17, 0x17, 0x17, 0x17, 0x19, 0x19, 0x17, 0x16, 0x17, 0x17, 0x19, 0x1B, 0x1A,
    0x19, 0x16, 0x16, 0x17, 0x17, 0x16, 0x17, 0x19, 0x19, 0x19, 0x17, 0x17, 0x16, 0x16, 0x15, 0x16, 0x17, 0x17, 0x17, 0x15, 0x15, 0x17, 0x15, 0x16,
    0x16, 0x17, 0x17, 0x16, 0x17, 0x18, 0x1A, 0x1C, 0x1C, 0x1C, 0x1C, 0x00, 0x14, 0x16, 0x16, 0x17, 0x13, 0x15, 0x17, 0x17, 0x19, 0x19, 0x19, 0x17,
    0x17, 0x19, 0x17, 0x17, 0x16, 0x16, 0x14, 0x12, 0x12, 0x15, 0x14, 0x17, 0x16, 0x17, 0x16, 0x17, 0x17, 0x17, 0x17, 0x19, 0x17, 0x19, 0x19, 0x19,
    0x17, 0x17, 0x17, 0x19, 0x19, 0x19, 0x17, 0x16, 0x15, 0x16, 0x16, 0x17, 0x16, 0x15, 0x17, 0x16, 0x17, 0x16, 0x17, 0x16, 0x16, 0x17, 0x17, 0x17,
    0x17, 0x17, 0x17, 0x17, 0x16, 0x16, 0x16, 0x17, 0x17, 0x17, 0x17, 0x17, 0x19, 0x17, 0x17, 0x15, 0x16, 0x17, 0x15, 0x15, 0x14, 0x14, 0x16, 0x16,
    0x17, 0x16, 0x17, 0x17, 0x17, 0x1A, 0x19, 0x17, 0x17, 0x19, 0x19, 0x17, 0x17, 0x17, 0x19, 0x17, 0x17, 0x17, 0x16, 0x15, 0x17, 0x17, 0x17, 0x16,
    0x16, 0x17, 0x16, 0x17, 0x16, 0x17, 0x17, 0x17, 0x17, 0x18, 0x1A, 0x1C, 0x1C, 0x1C, 0x1C, 0x00, 0x14, 0x16, 0x16, 0x17, 0x13, 0x15, 0x17, 0x17,
    0x17, 0x17, 0x17, 0x19, 0x17, 0x16, 0x19, 0x19, 0x19, 0x19, 0x17, 0x17, 0x16, 0x16, 0x16, 0x14, 0x16, 0x17, 0x16, 0x16, 0x16, 0x16, 0x17, 0x17,
    0x17, 0x16, 0x17, 0x17, 0x19, 0x16, 0x14, 0x14, 0x14, 0x15, 0x14, 0x16, 0x16, 0x16, 0x17, 0x17, 0x17, 0x16, 0x17, 0x17, 0x17, 0x17, 0x17, 0x17,
    0x19, 0x19, 0x17, 0x17, 0x17, 0x16, 0x17, 0x17, 0x17, 0x17, 0x17, 0x17, 0x16, 0x16, 0x17, 0x17, 0x17, 0x17, 0x17, 0x16, 0x17, 0x14, 0x12, 0x12,
    0x15, 0x16, 0x19, 0x19, 0x1A, 0x1C, 0x19, 0x19, 0x17, 0x17, 0x17, 0x17, 0x17, 0x16, 0x17, 0x17, 0x17, 0x17, 0x19, 0x1A, 0x1B, 0x19, 0x17, 0x17,
    0x15, 0x17, 0x17, 0x16, 0x17, 0x17, 0x17, 0x17, 0x16, 0x16, 0x17, 0x15, 0x17, 0x18, 0x1A, 0x1A, 0x1C, 0x1C, 0x1C, 0x00, 0x14, 0x17, 0x16, 0x17,
    0x13, 0x15, 0x17, 0x17, 0x17, 0x17, 0x17, 0x17, 0x17, 0x17, 0x17, 0x19, 0x1B, 0x1A, 0x1C, 0x1A, 0x19, 0x1A, 0x19, 0x17, 0x15, 0x16, 0x16, 0x16,
    0x17, 0x17, 0x17, 0x19, 0x17, 0x17, 0x17, 0x17, 0x16, 0x17, 0x17, 0x17, 0x16, 0x16, 0x15, 0x16, 0x17, 0x16, 0x17, 0x16, 0x16, 0x19, 0x17, 0x17,
    0x16, 0x16, 0x17, 0x17, 0x17, 0x17, 0x17, 0x17, 0x17, 0x17, 0x17, 0x17, 0x17, 0x17, 0x17, 0x17, 0x17, 0x16, 0x16, 0x15, 0x16, 0x17, 0x19, 0x19,
    0x19, 0x16, 0x16, 0x15, 0x17, 0x17, 0x19, 0x19, 0x19, 0x17, 0x19, 0x17, 0x17, 0x16, 0x16, 0x16, 0x16, 0x17, 0x16, 0x17, 0x17, 0x15, 0x17, 0x17,
    0x17, 0x17, 0x19, 0x19, 0x17, 0x17, 0x17, 0x17, 0x17, 0x19, 0x17, 0x17, 0x16, 0x16, 0x17, 0x17, 0x17, 0x18, 0x1A, 0x1C, 0x1C, 0x1C, 0x1C, 0x00,
    0x14, 0x17, 0x14, 0x17, 0x11, 0x15, 0x16, 0x16, 0x19, 0x19, 0x19, 0x17, 0x17, 0x19, 0x17, 0x17, 0x17, 0x16, 0x16, 0x17, 0x19, 0x1A, 0x19, 0x17,
    0x17, 0x15, 0x15, 0x16, 0x15, 0x16, 0x17, 0x19, 0x17, 0x16, 0x17, 0x17, 0x17, 0x17, 0x19, 0x17, 0x17, 0x19, 0x19, 0x1A, 0x17, 0x16, 0x17, 0x16,
    0x17, 0x17, 0x17, 0x16, 0x16, 0x15, 0x15, 0x17, 0x17, 0x17, 0x17, 0x19, 0x19, 0x19, 0x17, 0x17, 0x17, 0x16, 0x19, 0x17, 0x17, 0x19, 0x19, 0x19,
    0x17, 0x16, 0x16, 0x14, 0x14, 0x17, 0x17, 0x16, 0x17, 0x17, 0x17, 0x19, 0x17, 0x17, 0x17, 0x17, 0x17, 0x15, 0x16, 0x17, 0x16, 0x17, 0x16, 0x16,
    0x15, 0x15, 0x16, 0x17, 0x16, 0x19, 0x17, 0x17, 0x17, 0x17, 0x17, 0x17, 0x17, 0x17, 0x17, 0x17, 0x17, 0x17, 0x17, 0x17, 0x17, 0x18, 0x1A, 0x1C,
    0x1C, 0x1C, 0x1C, 0x00, 0x14, 0x17, 0x17, 0x1A, 0x13, 0x15, 0x16, 0x17, 0x17, 0x17, 0x17, 0x19, 0x19, 0x19, 0x17, 0x19, 0x19, 0x19, 0x17, 0x16,
    0x15, 0x16, 0x19, 0x19, 0x19, 0x17, 0x17, 0x17, 0x15, 0x14, 0x16, 0x14, 0x16, 0x17, 0x17, 0x16, 0x17, 0x19, 0x19, 0x19, 0x19, 0x1A, 0x19, 0x19,
    0x17, 0x19, 0x17, 0x17, 0x17, 0x17, 0x17, 0x17, 0x16, 0x16, 0x16, 0x17, 0x16, 0x17, 0x16, 0x16, 0x16, 0x16, 0x17, 0x17, 0x17, 0x15, 0x16, 0x17,
    0x17, 0x17, 0x17, 0x17, 0x16, 0x15, 0x15, 0x14, 0x17, 0x19, 0x19, 0x19, 0x19, 0x16, 0x17, 0x16, 0x16, 0x17, 0x17, 0x15, 0x16, 0x16, 0x16, 0x17,
    0x17, 0x17, 0x17, 0x17, 0x17, 0x16, 0x16, 0x16, 0x16, 0x12, 0x14, 0x16, 0x14, 0x16, 0x16, 0x16, 0x16, 0x17, 0x16, 0x17, 0x17, 0x17, 0x19, 0x17,
    0x17, 0x18, 0x1A, 0x1C, 0x1C, 0x1C, 0x1C, 0x00, 0x14, 0x17, 0x1A, 0x1A, 0x11, 0x15, 0x19, 0x17, 0x17, 0x17, 0x19, 0x19, 0x17, 0x17, 0x17, 0x17,
    0x17, 0x19, 0x19, 0x19, 0x17, 0x15, 0x17, 0x17, 0x19, 0x1A, 0x19, 0x19, 0x19, 0x17, 0x15, 0x16, 0x16, 0x15, 0x16, 0x17, 0x17, 0x19, 0x17, 0x17,
    0x17, 0x19, 0x19, 0x19, 0x17, 0x17, 0x17, 0x17, 0x17, 0x19, 0x19, 0x17, 0x17, 0x17, 0x17, 0x17, 0x16, 0x16, 0x15, 0x14, 0x15, 0x17, 0x16, 0x14,
    0x17, 0x15, 0x14, 0x14, 0x15, 0x12, 0x14, 0x14, 0x14, 0x12, 0x12, 0x14, 0x16, 0x17, 0x19, 0x19, 0x1C, 0x17, 0x17, 0x16, 0x16, 0x17, 0x15, 0x16,
    0x17, 0x17, 0x17, 0x17, 0x17, 0x16, 0x16, 0x17, 0x17, 0x19, 0x17, 0x16, 0x16, 0x17, 0x17, 0x16, 0x17, 0x17, 0x16, 0x16, 0x14, 0x14, 0x16, 0x14,
    0x16, 0x17, 0x15, 0x16, 0x15, 0x18, 0x1A, 0x1C, 0x1C, 0x1C, 0x1C, 0x00, 0x14, 0x17, 0x1A, 0x1A, 0x11, 0x15, 0x19, 0x17, 0x17, 0x16, 0x16, 0x16,
    0x19, 0x19, 0x17, 0x19, 0x17, 0x17, 0x17, 0x19, 0x17, 0x17, 0x17, 0x17, 0x19, 0x19, 0x1A, 0x19, 0x19, 0x17, 0x17, 0x19, 0x19, 0x17, 0x16, 0x16,
    0x16, 0x17, 0x19, 0x16, 0x17, 0x17, 0x15, 0x17, 0x17, 0x17, 0x16, 0x17, 0x17, 0x17, 0x15, 0x17, 0x17, 0x19, 0x17, 0x19, 0x17, 0x17, 0x17, 0x19,
    0x17, 0x16, 0x16, 0x16, 0x16, 0x15, 0x15, 0x16, 0x16, 0x15, 0x16, 0x16, 0x17, 0x17, 0x17, 0x19, 0x19, 0x17, 0x16, 0x16, 0x15, 0x16, 0x16, 0x14,
    0x14, 0x16, 0x16, 0x17, 0x19, 0x19, 0x17, 0x17, 0x17, 0x16, 0x15, 0x17, 0x16, 0x17, 0x19, 0x19, 0x19, 0x17, 0x17, 0x17, 0x16, 0x17, 0x16, 0x16,
    0x17, 0x16, 0x16, 0x14, 0x14, 0x16, 0x14, 0x16, 0x16, 0x18, 0x1A, 0x1C, 0x1C, 0x1C, 0x1C, 0x00, 0x14, 0x17, 0x18, 0x17, 0x11, 0x15, 0x17, 0x17,
    0x19, 0x17, 0x17, 0x17, 0x19, 0x19, 0x19, 0x19, 0x19, 0x19, 0x17, 0x17, 0x17, 0x17, 0x17, 0x17, 0x19, 0x17, 0x17, 0x17, 0x19, 0x19, 0x1A, 0x1A,
    0x1A, 0x19, 0x19, 0x17, 0x17, 0x17, 0x17, 0x17, 0x16, 0x16, 0x16, 0x15, 0x17, 0x16, 0x16, 0x16, 0x17, 0x15, 0x16, 0x16, 0x17, 0x19, 0x17, 0x17,
    0x19, 0x17, 0x17, 0x19, 0x19, 0x17, 0x16, 0x17, 0x17, 0x19, 0x17, 0x19, 0x19, 0x1C, 0x1A, 0x1C, 0x1A, 0x1A, 0x1A, 0x19, 0x17, 0x17, 0x17, 0x16,
    0x16, 0x15, 0x16, 0x12, 0x12, 0x14, 0x14, 0x14, 0x12, 0x14, 0x16, 0x14, 0x14, 0x14, 0x16, 0x14, 0x14, 0x16, 0x17, 0x17, 0x17, 0x19, 0x19, 0x17,
    0x16, 0x16, 0x15, 0x15, 0x17, 0x17, 0x17, 0x17, 0x16, 0x12, 0x12, 0x12, 0x14, 0x16, 0x1A, 0x1C, 0x1C, 0x1C, 0x1C, 0x00, 0x14, 0x17, 0x1A, 0x1A,
    0x11, 0x15, 0x17, 0x17, 0x17, 0x19, 0x19, 0x19, 0x19, 0x17, 0x19, 0x17, 0x17, 0x17, 0x17, 0x17, 0x17, 0x16, 0x17, 0x16, 0x15, 0x17, 0x15, 0x17,
    0x19, 0x17, 0x17, 0x17, 0x17, 0x17, 0x19, 0x17, 0x17, 0x19, 0x17, 0x17, 0x19, 0x19, 0x17, 0x17, 0x17, 0x17, 0x17, 0x17, 0x17, 0x17, 0x17, 0x19,
    0x19, 0x17, 0x17, 0x17, 0x17, 0x16, 0x17, 0x17, 0x17, 0x17, 0x17, 0x17, 0x19, 0x19, 0x19, 0x19, 0x19, 0x19, 0x17, 0x17, 0x17, 0x17, 0x17, 0x17,
    0x17, 0x17, 0x17, 0x17, 0x19, 0x1A, 0x19, 0x19, 0x19, 0x19, 0x19, 0x17, 0x19, 0x19, 0x19, 0x17, 0x17, 0x16, 0x17, 0x17, 0x16, 0x15, 0x17, 0x17,
    0x17, 0x15, 0x17, 0x16, 0x17, 0x17, 0x16, 0x15, 0x16, 0x16, 0x19, 0x19, 0x1B, 0x19, 0x17, 0x17, 0x14, 0x18, 0x1C, 0x1C, 0x1C, 0x1C, 0x1C, 0x00,
    0x14, 0x17, 0x1A, 0x15, 0x0E, 0x15, 0x19, 0x17, 0x17, 0x19, 0x17, 0x17, 0x17, 0x17, 0x16, 0x17, 0x16, 0x16, 0x15, 0x17, 0x19, 0x16, 0x16, 0x14,
    0x16, 0x16, 0x16, 0x16, 0x14, 0x16, 0x16, 0x15, 0x16, 0x16, 0x17, 0x19, 0x17, 0x17, 0x16, 0x16, 0x17, 0x17, 0x19, 0x17, 0x19, 0x19, 0x19, 0x17,
    0x17, 0x17, 0x17, 0x19, 0x17, 0x17, 0x17, 0x16, 0x17, 0x17, 0x17, 0x19, 0x17, 0x17, 0x16, 0x19, 0x19, 0x19, 0x19, 0x19, 0x17, 0x15, 0x16, 0x16,
    0x17, 0x17, 0x17, 0x17, 0x17, 0x19, 0x19, 0x17, 0x17, 0x19, 0x19, 0x19, 0x17, 0x16, 0x17, 0x16, 0x17, 0x16, 0x16, 0x17, 0x19, 0x19, 0x19, 0x15,
    0x19, 0x19, 0x19, 0x1A, 0x19, 0x19, 0x19, 0x19, 0x19, 0x17, 0x19, 0x16, 0x16, 0x16, 0x14, 0x14, 0x16, 0x19, 0x17, 0x17, 0x16, 0x18, 0x1A, 0x1C,
    0x1C, 0x1C, 0x1C, 0x00, 0x16, 0x17, 0x15, 0x13, 0x0E, 0x14, 0x17, 0x19, 0x17, 0x19, 0x16, 0x16, 0x17, 0x15, 0x14, 0x14, 0x12, 0x14, 0x16, 0x16,
    0x17, 0x16, 0x17, 0x17, 0x17, 0x17, 0x17, 0x17, 0x19, 0x17, 0x19, 0x17, 0x17, 0x17, 0x17, 0x17, 0x19, 0x17, 0x19, 0x19, 0x17, 0x17, 0x16, 0x15,
    0x16, 0x16, 0x17, 0x17, 0x17, 0x17, 0x19, 0x17, 0x17, 0x16, 0x17, 0x17, 0x17, 0x17, 0x17, 0x16, 0x17, 0x19, 0x17, 0x17, 0x17, 0x19, 0x17, 0x17,
    0x17, 0x17, 0x16, 0x17, 0x19, 0x17, 0x19, 0x19, 0x19, 0x17, 0x19, 0x17, 0x17, 0x17, 0x17, 0x19, 0x19, 0x17, 0x17, 0x16, 0x14, 0x14, 0x16, 0x15,
    0x16, 0x19, 0x16, 0x16, 0x19, 0x19, 0x17, 0x19, 0x19, 0x19, 0x17, 0x17, 0x17, 0x16, 0x19, 0x19, 0x19, 0x19, 0x17, 0x17, 0x16, 0x17, 0x17, 0x17,
    0x16, 0x18, 0x1A, 0x1C, 0x1C, 0x1C, 0x1C, 0x00, 0x12, 0x15, 0x14, 0x17, 0x11, 0x15, 0x17, 0x17, 0x17, 0x19, 0x17, 0x17, 0x16, 0x17, 0x17, 0x17,
    0x19, 0x17, 0x17, 0x17, 0x15, 0x16, 0x17, 0x17, 0x17, 0x19, 0x19, 0x19, 0x19, 0x19, 0x19, 0x19, 0x19, 0x17, 0x16, 0x17, 0x17, 0x17, 0x17, 0x19,
    0x17, 0x17, 0x17, 0x17, 0x16, 0x16, 0x16, 0x17, 0x17, 0x17, 0x17, 0x19, 0x16, 0x16, 0x17, 0x17, 0x19, 0x17, 0x19, 0x17, 0x17, 0x16, 0x17, 0x17,
    0x19, 0x17, 0x17, 0x17, 0x17, 0x17, 0x17, 0x17, 0x17, 0x17, 0x17, 0x17, 0x17, 0x17, 0x19, 0x17, 0x19, 0x19, 0x17, 0x17, 0x17, 0x19, 0x1A, 0x17,
    0x17, 0x16, 0x16, 0x16, 0x16, 0x15, 0x16, 0x17, 0x17, 0x16, 0x17, 0x17, 0x17, 0x17, 0x17, 0x15, 0x17, 0x17, 0x19, 0x19, 0x19, 0x16, 0x17, 0x17,
    0x19, 0x17, 0x17, 0x17, 0x17, 0x18, 0x1A, 0x1C, 0x1C, 0x1C, 0x1C, 0x00, 0x13, 0x16, 0x17, 0x16, 0x11, 0x15, 0x16, 0x16, 0x16, 0x16, 0x17, 0x17,
    0x16, 0x17, 0x19, 0x19, 0x1C, 0x1C, 0x1A, 0x1C, 0x1A, 0x1C, 0x1A, 0x1A, 0x1C, 0x1A, 0x19, 0x19, 0x17, 0x17, 0x17, 0x19, 0x19, 0x17, 0x17, 0x17,
    0x19, 0x17, 0x19, 0x19, 0x19, 0x17, 0x17, 0x17, 0x17, 0x17, 0x15, 0x15, 0x17, 0x17, 0x19, 0x17, 0x17, 0x16, 0x16, 0x16, 0x17, 0x19, 0x17, 0x17,
    0x17, 0x17, 0x17, 0x19, 0x16, 0x17, 0x17, 0x17, 0x19, 0x17, 0x16, 0x17, 0x16, 0x16, 0x15, 0x17, 0x17, 0x17, 0x17, 0x17, 0x17, 0x17, 0x17, 0x17,
    0x17, 0x17, 0x16, 0x17, 0x19, 0x1C, 0x19, 0x17, 0x16, 0x16, 0x17, 0x16, 0x17, 0x16, 0x17, 0x17, 0x17, 0x17, 0x15, 0x16, 0x19, 0x1A, 0x19, 0x17,
    0x15, 0x15, 0x17, 0x19, 0x1A, 0x1A, 0x1A, 0x19, 0x17, 0x19, 0x1A, 0x1C, 0x1C, 0x1C, 0x1C, 0x00, 0x14, 0x17, 0x13, 0x17, 0x11, 0x15, 0x17, 0x19,
    0x17, 0x16, 0x17, 0x17, 0x17, 0x19, 0x19, 0x19, 0x19, 0x19, 0x1A, 0x19, 0x19, 0x19, 0x19, 0x19, 0x19, 0x17, 0x17, 0x19, 0x17, 0x19, 0x17, 0x17,
    0x17, 0x17, 0x17, 0x17, 0x17, 0x19, 0x17, 0x17, 0x19, 0x19, 0x17, 0x19, 0x17, 0x17, 0x16, 0x15, 0x16, 0x16, 0x16, 0x15, 0x17, 0x17, 0x17, 0x17,
    0x17, 0x17, 0x19, 0x17, 0x17, 0x17, 0x17, 0x17, 0x17, 0x17, 0x17, 0x17, 0x16, 0x17, 0x14, 0x16, 0x16, 0x16, 0x16, 0x17, 0x17, 0x17, 0x17, 0x17,
    0x16, 0x16, 0x17, 0x16, 0x17, 0x17, 0x17, 0x16, 0x17, 0x17, 0x19, 0x19, 0x16, 0x17, 0x16, 0x16, 0x15, 0x14, 0x14, 0x16, 0x16, 0x16, 0x16, 0x17,
    0x17, 0x16, 0x17, 0x17, 0x17, 0x17, 0x17, 0x17, 0x17, 0x16, 0x16, 0x17, 0x1A, 0x18, 0x1C, 0x1C, 0x1C, 0x1C, 0x1C, 0x00, 0x14, 0x16, 0x1A, 0x16,
    0x11, 0x15, 0x17, 0x17, 0x19, 0x16, 0x17, 0x17, 0x17, 0x19, 0x19, 0x19, 0x19, 0x17, 0x19, 0x17, 0x17, 0x17, 0x19, 0x19, 0x17, 0x17, 0x17, 0x17,
    0x17, 0x19, 0x17, 0x16, 0x16, 0x16, 0x17, 0x17, 0x17, 0x16, 0x17, 0x17, 0x17, 0x17, 0x19, 0x16, 0x16, 0x17, 0x17, 0x17, 0x17, 0x16, 0x16, 0x16,
    0x17, 0x19, 0x19, 0x17, 0x17, 0x17, 0x19, 0x19, 0x17, 0x16, 0x16, 0x16, 0x17, 0x17, 0x17, 0x17, 0x19, 0x17, 0x17, 0x17, 0x17, 0x17, 0x17, 0x17,
    0x19, 0x17, 0x19, 0x17, 0x19, 0x17, 0x17, 0x17, 0x15, 0x16, 0x16, 0x16, 0x15, 0x17, 0x19, 0x19, 0x15, 0x17, 0x19, 0x19, 0x17, 0x17, 0x16, 0x16,
    0x16, 0x17, 0x17, 0x19, 0x17, 0x16, 0x16, 0x16, 0x17, 0x19, 0x17, 0x17, 0x16, 0x12, 0x12, 0x14, 0x15, 0x18, 0x1C, 0x1C, 0x1C, 0x1C, 0x1A, 0x00,
    0x14, 0x17, 0x16, 0x16, 0x11, 0x15, 0x19, 0x19, 0x19, 0x17, 0x17, 0x17, 0x17, 0x19, 0x17, 0x17, 0x19, 0x19, 0x19, 0x19, 0x19, 0x19, 0x17, 0x19,
    0x17, 0x17, 0x19, 0x17, 0x19, 0x17, 0x17, 0x17, 0x17, 0x17, 0x17, 0x17, 0x17, 0x17, 0x17, 0x16, 0x17, 0x16, 0x15, 0x16, 0x19, 0x17, 0x17, 0x19,
    0x19, 0x19, 0x19, 0x17, 0x17, 0x17, 0x16, 0x15, 0x17, 0x17, 0x16, 0x19, 0x19, 0x17, 0x17, 0x17, 0x17, 0x17, 0x16, 0x17, 0x19, 0x1A, 0x1A, 0x19,
    0x17, 0x17, 0x17, 0x17, 0x19, 0x17, 0x19, 0x17, 0x19, 0x19, 0x17, 0x16, 0x16, 0x14, 0x10, 0x12, 0x10, 0x10, 0x12, 0x14, 0x14, 0x14, 0x15, 0x19,
    0x19, 0x19, 0x17, 0x15, 0x16, 0x16, 0x16, 0x15, 0x15, 0x16, 0x15, 0x15, 0x16, 0x16, 0x15, 0x14, 0x14, 0x16, 0x14, 0x16, 0x17, 0x18, 0x1C, 0x1C,
    0x1C, 0x1C, 0x1C, 0x00, 0x14, 0x15, 0x17, 0x17, 0x11, 0x15, 0x16, 0x17, 0x19, 0x19, 0x19, 0x19, 0x19, 0x17, 0x17, 0x19, 0x17, 0x17, 0x17, 0x17,
    0x17, 0x17, 0x16, 0x17, 0x16, 0x16, 0x16, 0x17, 0x17, 0x17, 0x17, 0x17, 0x17, 0x17, 0x17, 0x17, 0x17, 0x17, 0x17, 0x19, 0x17, 0x17, 0x17, 0x19,
    0x17, 0x17, 0x19, 0x19, 0x19, 0x19, 0x19, 0x19, 0x1A, 0x19, 0x17, 0x16, 0x16, 0x17, 0x16, 0x17, 0x19, 0x19, 0x19, 0x16, 0x16, 0x16, 0x17, 0x17,
    0x17, 0x19, 0x1A, 0x19, 0x17, 0x17, 0x17, 0x17, 0x17, 0x19, 0x17, 0x17, 0x19, 0x17, 0x19, 0x17, 0x19, 0x19, 0x17, 0x17, 0x16, 0x16, 0x16, 0x16,
    0x14, 0x12, 0x12, 0x11, 0x12, 0x16, 0x16, 0x17, 0x16, 0x17, 0x19, 0x17, 0x16, 0x16, 0x16, 0x16, 0x15, 0x16, 0x16, 0x17, 0x17, 0x17, 0x17, 0x17,
    0x17, 0x19, 0x1A, 0x1C, 0x1C, 0x1C, 0x1C, 0x00, 0x14, 0x15, 0x17, 0x17, 0x11, 0x16, 0x17, 0x17, 0x17, 0x19, 0x17, 0x19, 0x19, 0x17, 0x19, 0x17,
    0x17, 0x17, 0x16, 0x16, 0x16, 0x16, 0x16, 0x16, 0x17, 0x16, 0x17, 0x19, 0x19, 0x17, 0x19, 0x19, 0x19, 0x19, 0x19, 0x16, 0x17, 0x17, 0x17, 0x19,
    0x19, 0x1A, 0x1A, 0x1A, 0x1A, 0x19, 0x19, 0x19, 0x17, 0x19, 0x19, 0x19, 0x17, 0x17, 0x17, 0x17, 0x19, 0x17, 0x17, 0x17, 0x17, 0x19, 0x17, 0x17,
    0x17, 0x17, 0x19, 0x17, 0x17, 0x16, 0x19, 0x19, 0x17, 0x19, 0x17, 0x17, 0x19, 0x17, 0x17, 0x17, 0x17, 0x16, 0x17, 0x17, 0x17, 0x1A, 0x1C, 0x1C,
    0x1C, 0x1D, 0x1C, 0x1C, 0x1C, 0x1A, 0x19, 0x17, 0x16, 0x16, 0x16, 0x17, 0x16, 0x19, 0x16, 0x17, 0x17, 0x16, 0x17, 0x17, 0x17, 0x17, 0x19, 0x17,
    0x19, 0x1A, 0x19, 0x1A, 0x1A, 0x19, 0x1A, 0x1C, 0x1C, 0x1C, 0x1C, 0x00, 0x14, 0x17, 0x17, 0x17, 0x11, 0x16, 0x17, 0x17, 0x17, 0x17, 0x19, 0x19,
    0x19, 0x19, 0x19, 0x17, 0x19, 0x17, 0x17, 0x17, 0x17, 0x17, 0x19, 0x17, 0x19, 0x17, 0x19, 0x17, 0x16, 0x16, 0x16, 0x16, 0x17, 0x16, 0x17, 0x17,
    0x17, 0x17, 0x16, 0x17, 0x17, 0x17, 0x17, 0x17, 0x16, 0x16, 0x17, 0x19, 0x19, 0x17, 0x19, 0x19, 0x19, 0x19, 0x19, 0x1A, 0x19, 0x19, 0x17, 0x17,
    0x19, 0x1A, 0x19, 0x17, 0x16, 0x17, 0x19, 0x19, 0x19, 0x17, 0x17, 0x19, 0x19, 0x19, 0x17, 0x19, 0x17, 0x19, 0x17, 0x19, 0x19, 0x19, 0x19, 0x17,
    0x17, 0x17, 0x19, 0x19, 0x17, 0x19, 0x1A, 0x1C, 0x1C, 0x1E, 0x1E, 0x19, 0x19, 0x17, 0x14, 0x12, 0x14, 0x12, 0x14, 0x16, 0x17, 0x17, 0x19, 0x16,
    0x17, 0x17, 0x17, 0x19, 0x19, 0x1A, 0x1C, 0x19, 0x19, 0x19, 0x1A, 0x1C, 0x1C, 0x1C, 0x1C, 0x00, 0x12, 0x16, 0x17, 0x17, 0x13, 0x16, 0x19, 0x17,
    0x17, 0x17, 0x19, 0x19, 0x17, 0x17, 0x17, 0x16, 0x16, 0x16, 0x17, 0x19, 0x19, 0x16, 0x17, 0x19, 0x19, 0x17, 0x17, 0x19, 0x17, 0x19, 0x17, 0x17,
    0x17, 0x17, 0x17, 0x19, 0x17, 0x16, 0x16, 0x17, 0x16, 0x16, 0x15, 0x15, 0x17, 0x17, 0x15, 0x16, 0x17, 0x17, 0x19, 0x17, 0x19, 0x19, 0x17, 0x19,
    0x19, 0x19, 0x19, 0x17, 0x17, 0x16, 0x17, 0x17, 0x17, 0x17, 0x16, 0x16, 0x17, 0x17, 0x17, 0x17, 0x19, 0x17, 0x17, 0x16, 0x16, 0x17, 0x17, 0x17,
    0x17, 0x17, 0x17, 0x19, 0x17, 0x17, 0x17, 0x17, 0x17, 0x17, 0x17, 0x17, 0x17, 0x19, 0x1C, 0x1E, 0x1C, 0x19, 0x17, 0x17, 0x17, 0x17, 0x17, 0x19,
    0x1A, 0x19, 0x17, 0x17, 0x17, 0x17, 0x17, 0x19, 0x17, 0x17, 0x16, 0x12, 0x16, 0x18, 0x1C, 0x1C, 0x1C, 0x1C, 0x1C, 0x00, 0x12, 0x18, 0x17, 0x17,
    0x13, 0x16, 0x17, 0x17, 0x19, 0x17, 0x17, 0x17, 0x17, 0x16, 0x17, 0x16, 0x17, 0x17, 0x19, 0x19, 0x19, 0x16, 0x17, 0x17, 0x17, 0x16, 0x17, 0x17,
    0x17, 0x17, 0x17, 0x17, 0x17, 0x16, 0x16, 0x17, 0x17, 0x17, 0x17, 0x17, 0x17, 0x16, 0x17, 0x16, 0x17, 0x17, 0x17, 0x16, 0x17, 0x17, 0x15, 0x14,
    0x14, 0x14, 0x15, 0x15, 0x17, 0x17, 0x19, 0x17, 0x16, 0x17, 0x17, 0x19, 0x1A, 0x17, 0x17, 0x15, 0x17, 0x17, 0x17, 0x17, 0x17, 0x17, 0x17, 0x19,
    0x17, 0x17, 0x17, 0x17, 0x17, 0x17, 0x17, 0x17, 0x17, 0x17, 0x17, 0x17, 0x19, 0x17, 0x17, 0x19, 0x17, 0x17, 0x16, 0x19, 0x1C, 0x1E, 0x1E, 0x1C,
    0x1A, 0x19, 0x19, 0x17, 0x15, 0x16, 0x17, 0x17, 0x17, 0x17, 0x19, 0x17, 0x17, 0x16, 0x14, 0x16, 0x15, 0x18, 0x1C, 0x1C, 0x1C, 0x1C, 0x1C, 0x00,
    0x14, 0x18, 0x17, 0x17, 0x13, 0x16, 0x17, 0x16, 0x17, 0x17, 0x16, 0x15, 0x16, 0x17, 0x19, 0x1A, 0x19, 0x19, 0x19, 0x19, 0x17, 0x15, 0x16, 0x17,
    0x17, 0x17, 0x19, 0x17, 0x17, 0x17, 0x17, 0x19, 0x17, 0x19, 0x19, 0x1B, 0x19, 0x19, 0x1A, 0x19, 0x19, 0x19, 0x19, 0x19, 0x19, 0x1A, 0x19, 0x19,
    0x17, 0x19, 0x19, 0x19, 0x16, 0x15, 0x15, 0x16, 0x16, 0x17, 0x17, 0x17, 0x17, 0x17, 0x17, 0x19, 0x19, 0x17, 0x17, 0x17, 0x16, 0x17, 0x17, 0x16,
    0x17, 0x17, 0x19, 0x17, 0x17, 0x17, 0x17, 0x17, 0x17, 0x17, 0x19, 0x17, 0x17, 0x16, 0x17, 0x17, 0x17, 0x16, 0x17, 0x17, 0x17, 0x17, 0x17, 0x19,
    0x17, 0x19, 0x19, 0x19, 0x19, 0x17, 0x17, 0x16, 0x17, 0x17, 0x16, 0x17, 0x17, 0x19, 0x19, 0x19, 0x17, 0x17, 0x19, 0x17, 0x15, 0x18, 0x1C, 0x1C,
    0x1C, 0x1C, 0x1A, 0x00, 0x14, 0x17, 0x17, 0x18, 0x15, 0x16, 0x17, 0x14, 0x16, 0x16, 0x16, 0x17, 0x16, 0x19, 0x17, 0x17, 0x17, 0x17, 0x17, 0x19,
    0x17, 0x1A, 0x19, 0x1B, 0x19, 0x1A, 0x19, 0x19, 0x19, 0x19, 0x19, 0x19, 0x19, 0x19, 0x19, 0x19, 0x19, 0x17, 0x17, 0x17, 0x19, 0x1A, 0x19, 0x19,
    0x17, 0x17, 0x17, 0x17, 0x17, 0x16, 0x17, 0x19, 0x1A, 0x19, 0x17, 0x17, 0x16, 0x15, 0x16, 0x17, 0x17, 0x17, 0x17, 0x16, 0x17, 0x17, 0x17, 0x17,
    0x17, 0x17, 0x17, 0x17, 0x19, 0x17, 0x17, 0x19, 0x17, 0x17, 0x17, 0x17, 0x17, 0x19, 0x17, 0x19, 0x17, 0x17, 0x17, 0x17, 0x17, 0x17, 0x19, 0x17,
    0x17, 0x17, 0x17, 0x19, 0x17, 0x17, 0x17, 0x19, 0x19, 0x16, 0x17, 0x17, 0x17, 0x17, 0x17, 0x17, 0x19, 0x17, 0x17, 0x16, 0x16, 0x17, 0x15, 0x17,
    0x16, 0x18, 0x1A, 0x1C, 0x1C, 0x1C, 0x1C, 0x00, 0x15, 0x17, 0x17, 0x17, 0x15, 0x18, 0x19, 0x19, 0x19, 0x19, 0x19, 0x19, 0x19, 0x19, 0x1A, 0x1A,
    0x1A, 0x1A, 0x1A, 0x1A, 0x1A, 0x1A, 0x1A, 0x19, 0x19, 0x1A, 0x1A, 0x1A, 0x1A, 0x1A, 0x1A, 0x19, 0x19, 0x19, 0x19, 0x1A, 0x1A, 0x19, 0x19, 0x19,
    0x19, 0x19, 0x19, 0x19, 0x19, 0x1A, 0x1A, 0x1A, 0x19, 0x19, 0x19, 0x19, 0x19, 0x19, 0x19, 0x19, 0x19, 0x18, 0x18, 0x18, 0x19, 0x19, 0x19, 0x19,
    0x19, 0x19, 0x19, 0x19, 0x19, 0x19, 0x19, 0x19, 0x18, 0x18, 0x19, 0x19, 0x1A, 0x1A, 0x19, 0x19, 0x19, 0x19, 0x19, 0x19, 0x1A, 0x19, 0x19, 0x18,
    0x19, 0x19, 0x19, 0x19, 0x19, 0x1A, 0x19, 0x19, 0x19, 0x19, 0x19, 0x19, 0x19, 0x18, 0x18, 0x18, 0x19, 0x19, 0x19, 0x19, 0x18, 0x18, 0x18, 0x18,
    0x17, 0x18, 0x18, 0x18, 0x18, 0x19, 0x1A, 0x1C, 0x1A, 0x1C, 0x1C, 0x00, 0x15, 0x16, 0x17, 0x19, 0x1C, 0x1C, 0x1C, 0x1C, 0x1C, 0x1C, 0x1C, 0x1C,
    0x1C, 0x1C, 0x1C, 0x1C, 0x1C, 0x1C, 0x1C, 0x1C, 0x1C, 0x1C, 0x1C, 0x1C, 0x1C, 0x1C, 0x1C, 0x1C, 0x1C, 0x1C, 0x1B, 0x1B, 0x1B, 0x1B, 0x1B, 0x1B,
    0x1C, 0x1C, 0x1D, 0x1C, 0x1C, 0x1C, 0x1C, 0x1D, 0x1D, 0x1C, 0x1C, 0x1B, 0x1C, 0x1C, 0x1C, 0x1C, 0x1C, 0x1C, 0x1C, 0x1D, 0x1C, 0x1C, 0x1C, 0x1C,
    0x1C, 0x1C, 0x1C, 0x1C, 0x1C, 0x1C, 0x1C, 0x1C, 0x1D, 0x1C, 0x1C, 0x1D, 0x1C, 0x1C, 0x1C, 0x1C, 0x1D, 0x1D, 0x1E, 0x1E, 0x1D, 0x1D, 0x1D, 0x1D,
    0x1C, 0x1B, 0x1C, 0x1C, 0x1C, 0x1C, 0x1C, 0x1D, 0x1C, 0x1C, 0x1C, 0x1B, 0x1C, 0x1B, 0x1B, 0x1C, 0x1C, 0x1C, 0x1C, 0x1C, 0x1C, 0x1C, 0x1A, 0x1C,
    0x1C, 0x1C, 0x1A, 0x1A, 0x1C, 0x1A, 0x1C, 0x1C, 0x1C, 0x1C, 0x1C, 0x1C, 0x1C, 0x1C, 0x1C, 0x00, 0x16, 0x17, 0x1A, 0x1C, 0x1C, 0x1C, 0x1C, 0x1C,
    0x1D, 0x1C, 0x1C, 0x1C, 0x1D, 0x1C, 0x1D, 0x1D, 0x1D, 0x1D, 0x1D, 0x1D, 0x1D, 0x1D, 0x1D, 0x1D, 0x1D, 0x1D, 0x1D, 0x1D, 0x1D, 0x1C, 0x1D, 0x1D,
    0x1D, 0x1C, 0x1B, 0x1B, 0x1C, 0x1C, 0x1C, 0x1C, 0x1C, 0x1C, 0x1C, 0x1C, 0x1D, 0x1D, 0x1C, 0x1C, 0x1C, 0x1C, 0x1C, 0x1C, 0x1C, 0x1C, 0x1C, 0x1D,
    0x1C, 0x1C, 0x1C, 0x1C, 0x1C, 0x1C, 0x1C, 0x1D, 0x1C, 0x1C, 0x1C, 0x1C, 0x1C, 0x1C, 0x1C, 0x1C, 0x1C, 0x1C, 0x1C, 0x1C, 0x1D, 0x1C, 0x1D, 0x1D,
    0x1D, 0x1D, 0x1C, 0x1C, 0x1C, 0x1C, 0x1C, 0x1C, 0x1C, 0x1C, 0x1D, 0x1D, 0x1D, 0x1C, 0x1C, 0x1D, 0x1C, 0x1B, 0x1B, 0x1C, 0x1C, 0x1C, 0x1C, 0x1C,
    0x1C, 0x1C, 0x1C, 0x1C, 0x1C, 0x1C, 0x1C, 0x1C, 0x1C, 0x1C, 0x1C, 0x1C, 0x1C, 0x1C, 0x1C, 0x1C, 0x1C, 0x1C, 0x1C, 0x00, 0x17, 0x19, 0x1C, 0x1C,
    0x1C, 0x1D, 0x1D, 0x1D, 0x1D, 0x1D, 0x1D, 0x1D, 0x1D, 0x1D, 0x1D, 0x1D, 0x1D, 0x1D, 0x1C, 0x1C, 0x1C, 0x1D, 0x1D, 0x1D, 0x1D, 0x1C, 0x1C, 0x1C,
    0x1C, 0x1C, 0x1C, 0x1C, 0x1D, 0x1D, 0x1D, 0x1C, 0x1C, 0x1C, 0x1B, 0x1C, 0x1C, 0x1C, 0x1C, 0x1C, 0x1C, 0x1C, 0x1C, 0x1C, 0x1C, 0x1C, 0x1C, 0x1C,
    0x1C, 0x1D, 0x1C, 0x1C, 0x1D, 0x1C, 0x1C, 0x1C, 0x1C, 0x1C, 0x1D, 0x1C, 0x1D, 0x1C, 0x1C, 0x1C, 0x1C, 0x1C, 0x1C, 0x1D, 0x1C, 0x1C, 0x1C, 0x1C,
    0x1D, 0x1C, 0x1C, 0x1C, 0x1D, 0x1D, 0x1C, 0x1C, 0x1C, 0x1C, 0x1C, 0x1C, 0x1C, 0x1D, 0x1C, 0x1C, 0x1C, 0x1C, 0x1C, 0x1B, 0x1C, 0x1C, 0x1C, 0x1C,
    0x1C, 0x1C, 0x1C, 0x1C, 0x1C, 0x1C, 0x1C, 0x1C, 0x1C, 0x1C, 0x1C, 0x1C, 0x1C, 0x1C, 0x1C, 0x1C, 0x1C, 0x1C, 0x1C, 0x1C, 0x1C, 0x1C, 0x1C, 0x00,
    0x19, 0x1C, 0x1C, 0x1C, 0x1C, 0x1C, 0x1C, 0x1D, 0x1C, 0x1D, 0x1C, 0x1D, 0x1C, 0x1C, 0x1D, 0x1C, 0x1C, 0x1C, 0x1D, 0x1D, 0x1C, 0x1D, 0x1D, 0x1D,
    0x1D, 0x1D, 0x1C, 0x1C, 0x1C, 0x1C, 0x1C, 0x1C, 0x1D, 0x1D, 0x1D, 0x1D, 0x1D, 0x1D, 0x1D, 0x1D, 0x1C, 0x1C, 0x1D, 0x1D, 0x1C, 0x1C, 0x1C, 0x1C,
    0x1C, 0x1C, 0x1C, 0x1C, 0x1C, 0x1C, 0x1C, 0x1C, 0x1C, 0x1C, 0x1C, 0x1C, 0x1C, 0x1C, 0x1C, 0x1C, 0x1C, 0x1C, 0x1C, 0x1D, 0x1C, 0x1C, 0x1C, 0x1C,
    0x1C, 0x1C, 0x1C, 0x1C, 0x1C, 0x1C, 0x1C, 0x1C, 0x1C, 0x1C, 0x1C, 0x1C, 0x1C, 0x1D, 0x1C, 0x1C, 0x1D, 0x1C, 0x1C, 0x1C, 0x1C, 0x1C, 0x1C, 0x1B,
    0x1C, 0x1C, 0x1C, 0x1D, 0x1C, 0x1C, 0x1C, 0x1C, 0x1C, 0x1C, 0x1C, 0x1C, 0x1C, 0x1C, 0x1C, 0x1C, 0x1C, 0x1C, 0x1C, 0x1C, 0x1C, 0x1C, 0x1C, 0x1C,
    0x1C, 0x1C, 0x1C, 0x00,
};

static const uint8_t px_wm_select_main_h8_049e4158[] __attribute__((aligned(8))) = {
    0x07, 0x04, 0x09, 0x0B, 0x0B, 0x0B, 0x0C, 0x0C, 0x0C, 0x0E, 0x0C, 0x0C, 0x0B, 0x0B, 0x0B, 0x0B, 0x0B, 0x0B, 0x0B, 0x0B, 0x0B, 0x0B, 0x0B, 0x0B,
    0x0B, 0x0B, 0x0B, 0x0B, 0x0D, 0x0D, 0x0D, 0x0D, 0x0D, 0x0D, 0x0D, 0x0D, 0x0D, 0x0D, 0x11, 0x0B, 0x0D, 0x0D, 0x0C, 0x0D, 0x0D, 0x0B, 0x0E, 0x0E,
    0x0E, 0x0E, 0x0F, 0x10, 0x10, 0x0F, 0x0E, 0x0E, 0x0E, 0x0E, 0x0E, 0x0E, 0x0E, 0x0E, 0x0E, 0x0F, 0x0E, 0x0F, 0x0E, 0x0E, 0x0F, 0x0E, 0x0F, 0x10,
    0x0F, 0x0E, 0x0E, 0x0E, 0x0E, 0x0F, 0x0F, 0x0F, 0x0E, 0x0E, 0x0E, 0x0E, 0x0E, 0x0E, 0x0E, 0x0F, 0x0E, 0x0F, 0x0F, 0x11, 0x11, 0x11, 0x11, 0x10,
    0x10, 0x10, 0x10, 0x11, 0x12, 0x11, 0x12, 0x10, 0x10, 0x10, 0x10, 0x11, 0x10, 0x10, 0x10, 0x10, 0x10, 0x11, 0x11, 0x11, 0x11, 0x12, 0x11, 0x12,
    0x12, 0x13, 0x16, 0x00, 0x0E, 0x06, 0x04, 0x08, 0x0C, 0x10, 0x10, 0x11, 0x11, 0x10, 0x0E, 0x10, 0x10, 0x10, 0x10, 0x10, 0x11, 0x10, 0x10, 0x10,
    0x10, 0x12, 0x12, 0x12, 0x12, 0x12, 0x12, 0x12, 0x12, 0x12, 0x12, 0x12, 0x12, 0x12, 0x13, 0x15, 0x15, 0x16, 0x13, 0x12, 0x12, 0x13, 0x13, 0x13,
    0x13, 0x13, 0x13, 0x13, 0x13, 0x13, 0x13, 0x13, 0x12, 0x12, 0x12, 0x13, 0x14, 0x14, 0x13, 0x13, 0x14, 0x13, 0x14, 0x14, 0x12, 0x13, 0x13, 0x13,
    0x14, 0x14, 0x15, 0x14, 0x14, 0x14, 0x15, 0x15, 0x14, 0x14, 0x13, 0x12, 0x14, 0x14, 0x14, 0x13, 0x14, 0x14, 0x14, 0x15, 0x15, 0x14, 0x14, 0x14,
    0x13, 0x13, 0x13, 0x13, 0x14, 0x14, 0x13, 0x13, 0x13, 0x14, 0x14, 0x14, 0x13, 0x13, 0x13, 0x13, 0x12, 0x14, 0x12, 0x12, 0x13, 0x13, 0x14, 0x14,
    0x15, 0x13, 0x13, 0x14, 0x16, 0x17, 0x1C, 0x00, 0x10, 0x0E, 0x08, 0x04, 0x09, 0x0E, 0x11, 0x11, 0x11, 0x10, 0x0E, 0x10, 0x10, 0x10, 0x10, 0x10,
    0x10, 0x10, 0x10, 0x10, 0x10, 0x10, 0x10, 0x10, 0x10, 0x12, 0x12, 0x12, 0x12, 0x12, 0x12, 0x12, 0x15, 0x15, 0x13, 0x13, 0x15, 0x15, 0x11, 0x13,
    0x15, 0x13, 0x13, 0x13, 0x15, 0x12, 0x13, 0x13, 0x13, 0x13, 0x13, 0x13, 0x14, 0x13, 0x12, 0x13, 0x15, 0x14, 0x13, 0x14, 0x14, 0x14, 0x15, 0x14,
    0x12, 0x11, 0x11, 0x13, 0x14, 0x14, 0x14, 0x14, 0x14, 0x14, 0x12, 0x13, 0x14, 0x13, 0x14, 0x13, 0x13, 0x13, 0x15, 0x14, 0x14, 0x14, 0x15, 0x14,
    0x13, 0x14, 0x13, 0x14, 0x13, 0x13, 0x14, 0x13, 0x14, 0x12, 0x13, 0x13, 0x14, 0x14, 0x14, 0x14, 0x14, 0x13, 0x13, 0x12, 0x13, 0x14, 0x14, 0x13,
    0x12, 0x14, 0x13, 0x13, 0x11, 0x10, 0x14, 0x16, 0x18, 0x1C, 0x1C, 0x00, 0x10, 0x11, 0x0D, 0x07, 0x04, 0x06, 0x06, 0x09, 0x09, 0x0C, 0x0C, 0x0C,
    0x0B, 0x0B, 0x0B, 0x0B, 0x0B, 0x0B, 0x0B, 0x0B, 0x0B, 0x0B, 0x0B, 0x0B, 0x0B, 0x0B, 0x0B, 0x0B, 0x0A, 0x08, 0x0A, 0x0B, 0x0D, 0x0D, 0x0D, 0x0D,
    0x0D, 0x0A, 0x0B, 0x0B, 0x0B, 0x0B, 0x0B, 0x0B, 0x0B, 0x0A, 0x0D, 0x0B, 0x0D, 0x0D, 0x0D, 0x0D, 0x0E, 0x0D, 0x0E, 0x0E, 0x0D, 0x0E, 0x0B, 0x0B,
    0x0D, 0x0D, 0x0B, 0x0B, 0x0D, 0x0D, 0x0E, 0x0E, 0x0E, 0x0E, 0x0D, 0x0E, 0x0E, 0x0E, 0x0D, 0x0E, 0x0E, 0x10, 0x0E, 0x0E, 0x0E, 0x10, 0x0E, 0x0E,
    0x0E, 0x0E, 0x0E, 0x0E, 0x0E, 0x0E, 0x0E, 0x0E, 0x0E, 0x0E, 0x0F, 0x0F, 0x0F, 0x0F, 0x0F, 0x0F, 0x0F, 0x0F, 0x10, 0x10, 0x11, 0x10, 0x0F, 0x0F,
    0x0F, 0x0F, 0x10, 0x10, 0x0F, 0x0F, 0x0E, 0x0F, 0x10, 0x10, 0x14, 0x18, 0x1C, 0x1C, 0x1C, 0x00, 0x10, 0x13, 0x10, 0x0D, 0x06, 0x0E, 0x0F, 0x12,
    0x12, 0x13, 0x13, 0x13, 0x13, 0x13, 0x13, 0x14, 0x14, 0x14, 0x14, 0x14, 0x14, 0x14, 0x14, 0x14, 0x14, 0x13, 0x13, 0x13, 0x13, 0x13, 0x13, 0x13,
    0x13, 0x13, 0x13, 0x13, 0x13, 0x13, 0x13, 0x14, 0x14, 0x14, 0x15, 0x15, 0x15, 0x14, 0x14, 0x14, 0x14, 0x14, 0x14, 0x15, 0x15, 0x15, 0x14, 0x14,
    0x13, 0x13, 0x14, 0x14, 0x14, 0x14, 0x14, 0x14, 0x14, 0x14, 0x14, 0x14, 0x14, 0x14, 0x14, 0x14, 0x14, 0x15, 0x14, 0x14, 0x14, 0x14, 0x14, 0x14,
    0x14, 0x14, 0x14, 0x14, 0x14, 0x14, 0x14, 0x14, 0x14, 0x14, 0x14, 0x14, 0x14, 0x14, 0x14, 0x14, 0x14, 0x14, 0x14, 0x14, 0x14, 0x14, 0x14, 0x15,
    0x15, 0x14, 0x14, 0x14, 0x14, 0x15, 0x15, 0x15, 0x15, 0x14, 0x14, 0x14, 0x14, 0x15, 0x17, 0x1C, 0x1C, 0x1C, 0x1C, 0x00, 0x10, 0x13, 0x0F, 0x0C,
    0x09, 0x11, 0x12, 0x14, 0x14, 0x14, 0x14, 0x12, 0x14, 0x14, 0x14, 0x14, 0x15, 0x14, 0x14, 0x12, 0x14, 0x14, 0x14, 0x14, 0x14, 0x14, 0x16, 0x16,
    0x12, 0x14, 0x14, 0x14, 0x14, 0x14, 0x15, 0x16, 0x16, 0x16, 0x16, 0x14, 0x16, 0x16, 0x17, 0x16, 0x12, 0x11, 0x11, 0x16, 0x16, 0x15, 0x12, 0x12,
    0x14, 0x14, 0x15, 0x16, 0x19, 0x19, 0x19, 0x17, 0x17, 0x15, 0x14, 0x16, 0x14, 0x12, 0x12, 0x14, 0x16, 0x16, 0x14, 0x14, 0x14, 0x16, 0x15, 0x16,
    0x14, 0x15, 0x16, 0x14, 0x16, 0x14, 0x14, 0x12, 0x11, 0x14, 0x14, 0x15, 0x14, 0x16, 0x16, 0x16, 0x16, 0x16, 0x16, 0x16, 0x16, 0x16, 0x16, 0x16,
    0x16, 0x16, 0x16, 0x16, 0x16, 0x15, 0x15, 0x15, 0x15, 0x16, 0x15, 0x15, 0x15, 0x15, 0x15, 0x15, 0x15, 0x16, 0x18, 0x1C, 0x1B, 0x1C, 0x1D, 0x00,
    0x10, 0x13, 0x0E, 0x0C, 0x0C, 0x11, 0x14, 0x14, 0x14, 0x12, 0x12, 0x12, 0x14, 0x12, 0x14, 0x14, 0x12, 0x14, 0x12, 0x14, 0x14, 0x12, 0x12, 0x14,
    0x12, 0x14, 0x14, 0x12, 0x14, 0x15, 0x15, 0x14, 0x12, 0x14, 0x14, 0x14, 0x15, 0x16, 0x14, 0x14, 0x12, 0x14, 0x14, 0x14, 0x12, 0x12, 0x14, 0x14,
    0x16, 0x16, 0x15, 0x14, 0x15, 0x16, 0x16, 0x15, 0x14, 0x14, 0x16, 0x16, 0x16, 0x16, 0x16, 0x14, 0x14, 0x14, 0x15, 0x17, 0x17, 0x17, 0x17, 0x15,
    0x12, 0x14, 0x16, 0x16, 0x15, 0x16, 0x14, 0x15, 0x14, 0x15, 0x14, 0x14, 0x14, 0x16, 0x16, 0x16, 0x16, 0x17, 0x17, 0x17, 0x15, 0x16, 0x16, 0x17,
    0x16, 0x16, 0x17, 0x16, 0x17, 0x16, 0x17, 0x16, 0x16, 0x16, 0x16, 0x14, 0x15, 0x16, 0x16, 0x15, 0x16, 0x14, 0x14, 0x16, 0x15, 0x15, 0x18, 0x1C,
    0x1C, 0x1C, 0x1E, 0x00, 0x10, 0x13, 0x11, 0x0E, 0x0C, 0x12, 0x14, 0x14, 0x14, 0x14, 0x14, 0x14, 0x14, 0x15, 0x14, 0x16, 0x15, 0x16, 0x14, 0x16,
    0x16, 0x12, 0x12, 0x14, 0x14, 0x16, 0x16, 0x14, 0x16, 0x14, 0x14, 0x14, 0x14, 0x14, 0x14, 0x15, 0x14, 0x14, 0x17, 0x17, 0x17, 0x16, 0x16, 0x14,
    0x15, 0x15, 0x16, 0x16, 0x15, 0x16, 0x16, 0x16, 0x17, 0x14, 0x15, 0x16, 0x14, 0x12, 0x12, 0x14, 0x16, 0x16, 0x15, 0x16, 0x14, 0x15, 0x16, 0x16,
    0x15, 0x16, 0x14, 0x14, 0x12, 0x14, 0x14, 0x15, 0x14, 0x16, 0x16, 0x16, 0x15, 0x15, 0x16, 0x17, 0x17, 0x19, 0x17, 0x15, 0x16, 0x16, 0x15, 0x16,
    0x16, 0x16, 0x16, 0x16, 0x16, 0x16, 0x16, 0x16, 0x15, 0x16, 0x16, 0x14, 0x14, 0x15, 0x16, 0x15, 0x16, 0x16, 0x15, 0x16, 0x16, 0x16, 0x15, 0x16,
    0x16, 0x17, 0x18, 0x1C, 0x1C, 0x1C, 0x1E, 0x00, 0x10, 0x11, 0x10, 0x0D, 0x09, 0x12, 0x15, 0x14, 0x14, 0x14, 0x14, 0x16, 0x14, 0x12, 0x12, 0x12,
    0x14, 0x14, 0x16, 0x14, 0x14, 0x16, 0x14, 0x12, 0x14, 0x16, 0x14, 0x14, 0x15, 0x14, 0x14, 0x14, 0x12, 0x14, 0x15, 0x14, 0x14, 0x14, 0x12, 0x15,
    0x16, 0x15, 0x14, 0x14, 0x15, 0x16, 0x17, 0x16, 0x16, 0x16, 0x16, 0x15, 0x16, 0x16, 0x16, 0x16, 0x16, 0x14, 0x15, 0x16, 0x16, 0x16, 0x16, 0x16,
    0x16, 0x15, 0x16, 0x14, 0x12, 0x12, 0x14, 0x16, 0x17, 0x16, 0x15, 0x15, 0x15, 0x16, 0x16, 0x16, 0x15, 0x17, 0x17, 0x17, 0x17, 0x15, 0x17, 0x16,
    0x15, 0x16, 0x14, 0x15, 0x16, 0x16, 0x15, 0x16, 0x16, 0x15, 0x16, 0x15, 0x15, 0x16, 0x16, 0x15, 0x16, 0x16, 0x17, 0x14, 0x15, 0x14, 0x15, 0x16,
    0x15, 0x16, 0x16, 0x15, 0x16, 0x16, 0x18, 0x1C, 0x1C, 0x1C, 0x1D, 0x00, 0x10, 0x13, 0x11, 0x0F, 0x09, 0x12, 0x16, 0x14, 0x14, 0x14, 0x12, 0x14,
    0x14, 0x14, 0x14, 0x12, 0x14, 0x14, 0x12, 0x12, 0x16, 0x16, 0x16, 0x14, 0x14, 0x12, 0x12, 0x16, 0x16, 0x12, 0x10, 0x12, 0x12, 0x14, 0x14, 0x14,
    0x15, 0x15, 0x14, 0x14, 0x16, 0x15, 0x17, 0x16, 0x16, 0x16, 0x16, 0x14, 0x14, 0x14, 0x16, 0x14, 0x14, 0x14, 0x14, 0x14, 0x16, 0x17, 0x16, 0x16,
    0x14, 0x12, 0x12, 0x14, 0x14, 0x15, 0x14, 0x16, 0x15, 0x16, 0x16, 0x17, 0x19, 0x19, 0x19, 0x19, 0x19, 0x19, 0x16, 0x15, 0x17, 0x15, 0x16, 0x16,
    0x15, 0x16, 0x16, 0x16, 0x16, 0x16, 0x15, 0x16, 0x14, 0x16, 0x14, 0x16, 0x16, 0x15, 0x14, 0x15, 0x15, 0x16, 0x15, 0x16, 0x15, 0x16, 0x16, 0x14,
    0x14, 0x15, 0x16, 0x16, 0x16, 0x16, 0x16, 0x15, 0x16, 0x16, 0x18, 0x1C, 0x1C, 0x1C, 0x1D, 0x00, 0x0E, 0x13, 0x11, 0x0F, 0x0C, 0x12, 0x16, 0x15,
    0x14, 0x14, 0x16, 0x14, 0x14, 0x16, 0x14, 0x16, 0x14, 0x16, 0x14, 0x14, 0x14, 0x14, 0x12, 0x14, 0x14, 0x10, 0x12, 0x14, 0x16, 0x14, 0x12, 0x10,
    0x11, 0x14, 0x14, 0x16, 0x16, 0x16, 0x16, 0x17, 0x16, 0x16, 0x17, 0x15, 0x16, 0x17, 0x16, 0x16, 0x15, 0x14, 0x16, 0x16, 0x14, 0x15, 0x14, 0x16,
    0x16, 0x16, 0x14, 0x16, 0x12, 0x12, 0x11, 0x14, 0x12, 0x15, 0x16, 0x17, 0x17, 0x17, 0x16, 0x17, 0x17, 0x16, 0x15, 0x16, 0x16, 0x15, 0x16, 0x17,
    0x16, 0x15, 0x16, 0x16, 0x15, 0x16, 0x15, 0x16, 0x16, 0x16, 0x15, 0x15, 0x16, 0x16, 0x16, 0x15, 0x16, 0x16, 0x16, 0x16, 0x14, 0x16, 0x16, 0x16,
    0x15, 0x16, 0x14, 0x15, 0x16, 0x14, 0x15, 0x16, 0x16, 0x16, 0x16, 0x16, 0x16, 0x15, 0x18, 0x1C, 0x1C, 0x1C, 0x1D, 0x00, 0x0E, 0x13, 0x11, 0x0F,
    0x0C, 0x12, 0x14, 0x14, 0x14, 0x16, 0x12, 0x12, 0x12, 0x14, 0x14, 0x16, 0x14, 0x14, 0x14, 0x14, 0x14, 0x14, 0x14, 0x12, 0x10, 0x10, 0x10, 0x10,
    0x12, 0x16, 0x15, 0x16, 0x16, 0x16, 0x15, 0x16, 0x16, 0x16, 0x16, 0x16, 0x16, 0x16, 0x14, 0x15, 0x15, 0x14, 0x14, 0x16, 0x14, 0x14, 0x14, 0x16,
    0x14, 0x14, 0x14, 0x14, 0x14, 0x14, 0x12, 0x14, 0x16, 0x16, 0x15, 0x16, 0x17, 0x17, 0x17, 0x16, 0x16, 0x15, 0x16, 0x17, 0x16, 0x14, 0x14, 0x15,
    0x16, 0x16, 0x15, 0x16, 0x16, 0x16, 0x15, 0x16, 0x15, 0x16, 0x15, 0x16, 0x16, 0x16, 0x14, 0x15, 0x16, 0x16, 0x16, 0x15, 0x14, 0x16, 0x14, 0x14,
    0x14, 0x12, 0x14, 0x14, 0x16, 0x14, 0x14, 0x16, 0x16, 0x16, 0x15, 0x15, 0x16, 0x16, 0x15, 0x14, 0x16, 0x16, 0x18, 0x1C, 0x1C, 0x1C, 0x1D, 0x00,
    0x0E, 0x11, 0x13, 0x0F, 0x09, 0x11, 0x14, 0x14, 0x14, 0x14, 0x12, 0x12, 0x10, 0x12, 0x15, 0x16, 0x12, 0x12, 0x14, 0x12, 0x14, 0x16, 0x14, 0x14,
    0x16, 0x17, 0x16, 0x16, 0x15, 0x16, 0x19, 0x1A, 0x1B, 0x19, 0x17, 0x16, 0x16, 0x15, 0x14, 0x14, 0x14, 0x14, 0x14, 0x12, 0x11, 0x12, 0x14, 0x14,
    0x12, 0x12, 0x14, 0x14, 0x16, 0x16, 0x15, 0x14, 0x16, 0x14, 0x14, 0x16, 0x16, 0x19, 0x17, 0x19, 0x19, 0x16, 0x16, 0x15, 0x16, 0x16, 0x15, 0x14,
    0x16, 0x14, 0x16, 0x15, 0x15, 0x16, 0x14, 0x14, 0x15, 0x16, 0x16, 0x17, 0x16, 0x16, 0x16, 0x14, 0x16, 0x15, 0x16, 0x15, 0x16, 0x15, 0x16, 0x16,
    0x12, 0x14, 0x15, 0x16, 0x16, 0x16, 0x14, 0x16, 0x16, 0x15, 0x14, 0x16, 0x16, 0x15, 0x15, 0x16, 0x16, 0x16, 0x16, 0x15, 0x16, 0x16, 0x18, 0x1C,
    0x1C, 0x1C, 0x1D, 0x00, 0x0F, 0x11, 0x11, 0x0F, 0x0C, 0x10, 0x14, 0x14, 0x14, 0x14, 0x14, 0x12, 0x14, 0x10, 0x14, 0x12, 0x10, 0x12, 0x10, 0x12,
    0x12, 0x12, 0x10, 0x10, 0x11, 0x14, 0x16, 0x16, 0x16, 0x14, 0x12, 0x14, 0x14, 0x12, 0x11, 0x14, 0x16, 0x14, 0x14, 0x16, 0x11, 0x10, 0x11, 0x12,
    0x14, 0x12, 0x14, 0x12, 0x12, 0x16, 0x12, 0x12, 0x14, 0x14, 0x15, 0x16, 0x16, 0x17, 0x16, 0x16, 0x16, 0x15, 0x16, 0x16, 0x16, 0x15, 0x16, 0x16,
    0x16, 0x15, 0x15, 0x16, 0x16, 0x16, 0x15, 0x16, 0x14, 0x15, 0x14, 0x15, 0x14, 0x15, 0x16, 0x14, 0x16, 0x16, 0x16, 0x15, 0x16, 0x16, 0x15, 0x16,
    0x16, 0x15, 0x16, 0x15, 0x16, 0x15, 0x16, 0x17, 0x16, 0x16, 0x16, 0x16, 0x16, 0x14, 0x15, 0x16, 0x16, 0x16, 0x16, 0x16, 0x14, 0x16, 0x16, 0x16,
    0x15, 0x15, 0x17, 0x1C, 0x1C, 0x1C, 0x1D, 0x00, 0x0F, 0x13, 0x13, 0x0E, 0x09, 0x10, 0x12, 0x10, 0x10, 0x14, 0x12, 0x16, 0x16, 0x14, 0x14, 0x14,
    0x15, 0x12, 0x12, 0x12, 0x12, 0x16, 0x14, 0x14, 0x14, 0x14, 0x14, 0x16, 0x14, 0x16, 0x14, 0x14, 0x14, 0x16, 0x16, 0x15, 0x16, 0x16, 0x16, 0x14,
    0x16, 0x14, 0x16, 0x14, 0x15, 0x14, 0x16, 0x15, 0x14, 0x16, 0x14, 0x14, 0x14, 0x16, 0x15, 0x16, 0x16, 0x16, 0x15, 0x16, 0x15, 0x14, 0x16, 0x16,
    0x15, 0x16, 0x14, 0x15, 0x16, 0x16, 0x15, 0x15, 0x16, 0x14, 0x15, 0x14, 0x16, 0x15, 0x14, 0x16, 0x15, 0x14, 0x16, 0x14, 0x15, 0x14, 0x15, 0x16,
    0x16, 0x16, 0x15, 0x15, 0x16, 0x16, 0x16, 0x16, 0x16, 0x16, 0x16, 0x16, 0x16, 0x16, 0x17, 0x15, 0x15, 0x16, 0x16, 0x15, 0x15, 0x15, 0x15, 0x14,
    0x16, 0x16, 0x16, 0x16, 0x16, 0x16, 0x17, 0x1C, 0x1C, 0x1C, 0x1D, 0x00, 0x0E, 0x13, 0x13, 0x10, 0x09, 0x11, 0x16, 0x14, 0x16, 0x16, 0x14, 0x16,
    0x17, 0x19, 0x17, 0x16, 0x16, 0x16, 0x16, 0x16, 0x16, 0x16, 0x17, 0x19, 0x17, 0x17, 0x16, 0x17, 0x16, 0x16, 0x12, 0x14, 0x16, 0x16, 0x16, 0x16,
    0x12, 0x12, 0x12, 0x12, 0x12, 0x15, 0x16, 0x17, 0x16, 0x15, 0x16, 0x17, 0x19, 0x17, 0x17, 0x16, 0x16, 0x16, 0x15, 0x15, 0x16, 0x16, 0x16, 0x14,
    0x15, 0x15, 0x14, 0x14, 0x15, 0x14, 0x14, 0x14, 0x16, 0x16, 0x15, 0x14, 0x16, 0x14, 0x16, 0x16, 0x14, 0x14, 0x16, 0x14, 0x14, 0x16, 0x16, 0x16,
    0x15, 0x16, 0x14, 0x15, 0x15, 0x16, 0x15, 0x15, 0x16, 0x15, 0x16, 0x16, 0x15, 0x15, 0x16, 0x15, 0x15, 0x15, 0x16, 0x16, 0x16, 0x16, 0x16, 0x15,
    0x14, 0x15, 0x15, 0x16, 0x16, 0x17, 0x15, 0x15, 0x16, 0x15, 0x17, 0x1C, 0x1C, 0x1C, 0x1D, 0x00, 0x0D, 0x11, 0x13, 0x10, 0x09, 0x12, 0x15, 0x12,
    0x16, 0x15, 0x16, 0x16, 0x12, 0x10, 0x10, 0x14, 0x12, 0x15, 0x16, 0x16, 0x14, 0x16, 0x14, 0x16, 0x16, 0x14, 0x14, 0x15, 0x16, 0x15, 0x16, 0x15,
    0x15, 0x14, 0x14, 0x14, 0x16, 0x14, 0x14, 0x15, 0x15, 0x17, 0x17, 0x15, 0x15, 0x14, 0x14, 0x16, 0x14, 0x14, 0x12, 0x16, 0x15, 0x16, 0x14, 0x16,
    0x16, 0x14, 0x14, 0x14, 0x16, 0x15, 0x16, 0x16, 0x12, 0x16, 0x14, 0x16, 0x16, 0x14, 0x14, 0x15, 0x15, 0x16, 0x15, 0x14, 0x16, 0x16, 0x15, 0x14,
    0x16, 0x15, 0x14, 0x14, 0x15, 0x16, 0x16, 0x15, 0x15, 0x15, 0x15, 0x16, 0x15, 0x16, 0x15, 0x16, 0x15, 0x16, 0x15, 0x15, 0x16, 0x16, 0x15, 0x16,
    0x16, 0x16, 0x14, 0x16, 0x15, 0x16, 0x15, 0x14, 0x16, 0x15, 0x16, 0x16, 0x16, 0x16, 0x18, 0x1C, 0x1C, 0x1C, 0x1D, 0x00, 0x0D, 0x11, 0x13, 0x0F,
    0x0B, 0x12, 0x14, 0x14, 0x12, 0x12, 0x12, 0x12, 0x14, 0x12, 0x16, 0x14, 0x14, 0x14, 0x14, 0x14, 0x14, 0x16, 0x14, 0x16, 0x16, 0x16, 0x15, 0x15,
    0x14, 0x14, 0x14, 0x16, 0x15, 0x14, 0x16, 0x15, 0x14, 0x16, 0x16, 0x15, 0x16, 0x14, 0x14, 0x14, 0x14, 0x12, 0x12, 0x10, 0x10, 0x10, 0x11, 0x10,
    0x14, 0x14, 0x12, 0x12, 0x14, 0x14, 0x16, 0x14, 0x14, 0x14, 0x14, 0x14, 0x15, 0x16, 0x15, 0x16, 0x15, 0x16, 0x16, 0x14, 0x16, 0x14, 0x16, 0x14,
    0x15, 0x14, 0x16, 0x16, 0x16, 0x15, 0x15, 0x16, 0x16, 0x16, 0x15, 0x16, 0x16, 0x16, 0x16, 0x14, 0x15, 0x15, 0x16, 0x15, 0x15, 0x14, 0x15, 0x16,
    0x14, 0x16, 0x16, 0x16, 0x15, 0x16, 0x14, 0x15, 0x16, 0x16, 0x15, 0x15, 0x16, 0x15, 0x14, 0x14, 0x15, 0x16, 0x18, 0x1C, 0x1C, 0x1C, 0x1D, 0x00,
    0x0E, 0x11, 0x11, 0x0E, 0x0B, 0x12, 0x16, 0x14, 0x16, 0x14, 0x14, 0x12, 0x14, 0x14, 0x15, 0x14, 0x14, 0x16, 0x14, 0x14, 0x14, 0x14, 0x14, 0x12,
    0x14, 0x15, 0x16, 0x12, 0x12, 0x14, 0x15, 0x16, 0x15, 0x14, 0x16, 0x16, 0x15, 0x16, 0x14, 0x16, 0x14, 0x16, 0x16, 0x14, 0x14, 0x16, 0x14, 0x16,
    0x16, 0x16, 0x16, 0x16, 0x15, 0x14, 0x14, 0x12, 0x12, 0x14, 0x12, 0x14, 0x12, 0x14, 0x12, 0x14, 0x16, 0x15, 0x16, 0x14, 0x15, 0x14, 0x15, 0x14,
    0x14, 0x16, 0x16, 0x15, 0x14, 0x15, 0x15, 0x14, 0x16, 0x15, 0x16, 0x16, 0x16, 0x16, 0x14, 0x16, 0x16, 0x14, 0x15, 0x16, 0x16, 0x16, 0x16, 0x16,
    0x14, 0x15, 0x15, 0x16, 0x16, 0x16, 0x16, 0x15, 0x16, 0x16, 0x16, 0x16, 0x16, 0x16, 0x15, 0x16, 0x15, 0x14, 0x12, 0x14, 0x14, 0x16, 0x18, 0x1C,
    0x1C, 0x1B, 0x1C, 0x00, 0x0E, 0x11, 0x13, 0x0E, 0x0B, 0x12, 0x12, 0x12, 0x14, 0x14, 0x14, 0x14, 0x14, 0x14, 0x16, 0x12, 0x14, 0x14, 0x15, 0x14,
    0x14, 0x14, 0x14, 0x14, 0x15, 0x16, 0x12, 0x12, 0x14, 0x16, 0x17, 0x17, 0x14, 0x14, 0x14, 0x14, 0x12, 0x12, 0x11, 0x12, 0x12, 0x12, 0x12, 0x11,
    0x12, 0x15, 0x16, 0x15, 0x19, 0x19, 0x1A, 0x1A, 0x17, 0x14, 0x19, 0x16, 0x17, 0x15, 0x15, 0x14, 0x14, 0x14, 0x16, 0x12, 0x14, 0x16, 0x14, 0x14,
    0x16, 0x14, 0x15, 0x16, 0x14, 0x14, 0x15, 0x16, 0x14, 0x16, 0x15, 0x16, 0x14, 0x16, 0x16, 0x15, 0x16, 0x16, 0x14, 0x14, 0x16, 0x14, 0x14, 0x15,
    0x16, 0x15, 0x16, 0x16, 0x14, 0x12, 0x14, 0x14, 0x16, 0x16, 0x15, 0x16, 0x15, 0x14, 0x16, 0x16, 0x14, 0x16, 0x16, 0x19, 0x16, 0x12, 0x10, 0x10,
    0x12, 0x14, 0x17, 0x1C, 0x1B, 0x1B, 0x1D, 0x00, 0x0E, 0x10, 0x13, 0x0F, 0x0C, 0x12, 0x14, 0x14, 0x14, 0x12, 0x12, 0x14, 0x14, 0x14, 0x14, 0x14,
    0x12, 0x14, 0x14, 0x14, 0x14, 0x14, 0x12, 0x16, 0x15, 0x14, 0x14, 0x12, 0x12, 0x14, 0x14, 0x10, 0x10, 0x12, 0x12, 0x12, 0x11, 0x12, 0x12, 0x12,
    0x12, 0x12, 0x14, 0x14, 0x12, 0x12, 0x12, 0x10, 0x11, 0x11, 0x14, 0x14, 0x11, 0x12, 0x12, 0x14, 0x17, 0x16, 0x16, 0x17, 0x17, 0x16, 0x16, 0x15,
    0x14, 0x12, 0x12, 0x12, 0x14, 0x14, 0x16, 0x15, 0x16, 0x14, 0x14, 0x16, 0x12, 0x12, 0x12, 0x12, 0x16, 0x14, 0x14, 0x12, 0x15, 0x16, 0x14, 0x12,
    0x12, 0x14, 0x14, 0x15, 0x15, 0x16, 0x16, 0x16, 0x14, 0x16, 0x14, 0x16, 0x16, 0x16, 0x16, 0x15, 0x17, 0x16, 0x15, 0x16, 0x14, 0x14, 0x16, 0x16,
    0x16, 0x14, 0x11, 0x12, 0x14, 0x16, 0x17, 0x1C, 0x1C, 0x1B, 0x1D, 0x00, 0x0E, 0x10, 0x11, 0x0F, 0x0C, 0x12, 0x12, 0x14, 0x14, 0x14, 0x14, 0x12,
    0x14, 0x12, 0x12, 0x12, 0x14, 0x14, 0x14, 0x16, 0x14, 0x14, 0x14, 0x15, 0x14, 0x14, 0x14, 0x14, 0x12, 0x14, 0x12, 0x12, 0x14, 0x14, 0x16, 0x14,
    0x14, 0x12, 0x12, 0x16, 0x14, 0x12, 0x11, 0x11, 0x10, 0x12, 0x14, 0x16, 0x15, 0x14, 0x14, 0x14, 0x10, 0x10, 0x10, 0x10, 0x10, 0x12, 0x14, 0x16,
    0x16, 0x14, 0x17, 0x16, 0x16, 0x12, 0x14, 0x15, 0x16, 0x15, 0x14, 0x12, 0x12, 0x10, 0x10, 0x10, 0x11, 0x11, 0x11, 0x12, 0x14, 0x10, 0x11, 0x14,
    0x16, 0x14, 0x14, 0x16, 0x16, 0x16, 0x15, 0x15, 0x16, 0x16, 0x16, 0x16, 0x16, 0x16, 0x16, 0x14, 0x17, 0x17, 0x16, 0x16, 0x16, 0x16, 0x14, 0x14,
    0x12, 0x12, 0x14, 0x16, 0x16, 0x14, 0x16, 0x14, 0x15, 0x16, 0x17, 0x1B, 0x1B, 0x1C, 0x1D, 0x00, 0x0E, 0x13, 0x13, 0x11, 0x0C, 0x13, 0x16, 0x16,
    0x16, 0x15, 0x16, 0x16, 0x12, 0x14, 0x16, 0x14, 0x16, 0x16, 0x16, 0x16, 0x14, 0x14, 0x14, 0x14, 0x14, 0x14, 0x14, 0x17, 0x16, 0x15, 0x16, 0x17,
    0x16, 0x16, 0x16, 0x15, 0x14, 0x12, 0x14, 0x14, 0x12, 0x12, 0x12, 0x14, 0x15, 0x14, 0x14, 0x16, 0x15, 0x14, 0x14, 0x14, 0x16, 0x16, 0x14, 0x16,
    0x12, 0x12, 0x11, 0x11, 0x10, 0x12, 0x12, 0x10, 0x10, 0x10, 0x12, 0x10, 0x12, 0x12, 0x10, 0x11, 0x12, 0x16, 0x14, 0x16, 0x16, 0x16, 0x16, 0x16,
    0x16, 0x16, 0x16, 0x16, 0x16, 0x16, 0x16, 0x14, 0x16, 0x15, 0x16, 0x15, 0x14, 0x14, 0x16, 0x16, 0x17, 0x16, 0x14, 0x15, 0x16, 0x17, 0x15, 0x14,
    0x16, 0x15, 0x16, 0x15, 0x15, 0x17, 0x17, 0x17, 0x17, 0x17, 0x19, 0x19, 0x19, 0x17, 0x18, 0x1C, 0x1C, 0x1C, 0x1D, 0x00, 0x0E, 0x0F, 0x11, 0x10,
    0x0E, 0x12, 0x15, 0x16, 0x16, 0x14, 0x15, 0x17, 0x17, 0x16, 0x14, 0x16, 0x16, 0x14, 0x14, 0x12, 0x14, 0x15, 0x16, 0x12, 0x16, 0x14, 0x15, 0x14,
    0x14, 0x16, 0x14, 0x12, 0x16, 0x16, 0x14, 0x14, 0x14, 0x14, 0x16, 0x15, 0x16, 0x16, 0x16, 0x16, 0x16, 0x14, 0x14, 0x16, 0x14, 0x14, 0x12, 0x12,
    0x12, 0x15, 0x15, 0x15, 0x16, 0x17, 0x16, 0x15, 0x15, 0x16, 0x15, 0x16, 0x16, 0x15, 0x14, 0x16, 0x14, 0x15, 0x14, 0x16, 0x15, 0x16, 0x17, 0x17,
    0x17, 0x17, 0x17, 0x16, 0x15, 0x16, 0x15, 0x12, 0x12, 0x15, 0x16, 0x16, 0x15, 0x15, 0x16, 0x16, 0x15, 0x14, 0x16, 0x16, 0x17, 0x17, 0x14, 0x14,
    0x12, 0x17, 0x15, 0x16, 0x16, 0x14, 0x15, 0x17, 0x15, 0x14, 0x16, 0x16, 0x16, 0x15, 0x17, 0x1C, 0x19, 0x17, 0x18, 0x1C, 0x1C, 0x1C, 0x1E, 0x00,
    0x0E, 0x10, 0x10, 0x10, 0x0C, 0x11, 0x10, 0x16, 0x16, 0x14, 0x12, 0x12, 0x14, 0x16, 0x17, 0x16, 0x15, 0x16, 0x15, 0x17, 0x17, 0x17, 0x19, 0x16,
    0x15, 0x14, 0x16, 0x15, 0x14, 0x16, 0x14, 0x16, 0x15, 0x16, 0x14, 0x14, 0x14, 0x16, 0x15, 0x17, 0x19, 0x19, 0x17, 0x17, 0x16, 0x16, 0x16, 0x16,
    0x16, 0x16, 0x14, 0x16, 0x15, 0x15, 0x16, 0x14, 0x16, 0x16, 0x15, 0x15, 0x16, 0x17, 0x16, 0x19, 0x16, 0x17, 0x16, 0x15, 0x14, 0x15, 0x15, 0x16,
    0x14, 0x12, 0x16, 0x12, 0x12, 0x14, 0x14, 0x12, 0x14, 0x14, 0x16, 0x14, 0x14, 0x16, 0x16, 0x16, 0x14, 0x16, 0x16, 0x16, 0x14, 0x16, 0x16, 0x15,
    0x16, 0x15, 0x14, 0x16, 0x16, 0x15, 0x16, 0x16, 0x15, 0x16, 0x15, 0x17, 0x12, 0x16, 0x16, 0x14, 0x16, 0x14, 0x16, 0x16, 0x14, 0x14, 0x17, 0x1C,
    0x1C, 0x1C, 0x1D, 0x00, 0x0F, 0x13, 0x14, 0x11, 0x0C, 0x12, 0x16, 0x14, 0x14, 0x14, 0x16, 0x16, 0x15, 0x16, 0x16, 0x16, 0x15, 0x16, 0x16, 0x17,
    0x19, 0x19, 0x17, 0x17, 0x16, 0x16, 0x17, 0x17, 0x16, 0x17, 0x16, 0x17, 0x19, 0x19, 0x17, 0x17, 0x16, 0x17, 0x17, 0x19, 0x19, 0x1A, 0x19, 0x1A,
    0x1A, 0x1A, 0x1A, 0x1A, 0x1A, 0x16, 0x15, 0x19, 0x19, 0x19, 0x17, 0x17, 0x16, 0x16, 0x17, 0x15, 0x16, 0x14, 0x14, 0x14, 0x14, 0x14, 0x16, 0x16,
    0x14, 0x14, 0x16, 0x15, 0x14, 0x14, 0x16, 0x17, 0x16, 0x16, 0x16, 0x14, 0x12, 0x14, 0x16, 0x14, 0x14, 0x16, 0x14, 0x14, 0x14, 0x15, 0x16, 0x16,
    0x16, 0x15, 0x15, 0x15, 0x16, 0x15, 0x15, 0x14, 0x16, 0x16, 0x15, 0x16, 0x16, 0x16, 0x14, 0x15, 0x16, 0x12, 0x16, 0x14, 0x14, 0x12, 0x12, 0x14,
    0x14, 0x17, 0x18, 0x1C, 0x1C, 0x1C, 0x1D, 0x00, 0x0F, 0x13, 0x14, 0x12, 0x0C, 0x14, 0x15, 0x16, 0x15, 0x15, 0x16, 0x17, 0x17, 0x16, 0x19, 0x16,
    0x16, 0x19, 0x19, 0x17, 0x16, 0x14, 0x12, 0x14, 0x16, 0x17, 0x17, 0x16, 0x17, 0x14, 0x16, 0x19, 0x15, 0x16, 0x15, 0x16, 0x19, 0x17, 0x17, 0x17,
    0x16, 0x16, 0x17, 0x17, 0x17, 0x17, 0x17, 0x17, 0x15, 0x16, 0x19, 0x19, 0x1A, 0x19, 0x1A, 0x19, 0x19, 0x19, 0x19, 0x19, 0x17, 0x16, 0x16, 0x15,
    0x14, 0x14, 0x14, 0x16, 0x15, 0x15, 0x16, 0x14, 0x15, 0x16, 0x17, 0x19, 0x15, 0x16, 0x16, 0x14, 0x12, 0x11, 0x14, 0x14, 0x12, 0x12, 0x12, 0x14,
    0x16, 0x16, 0x16, 0x15, 0x16, 0x14, 0x16, 0x16, 0x15, 0x16, 0x16, 0x15, 0x15, 0x16, 0x16, 0x17, 0x17, 0x17, 0x17, 0x17, 0x14, 0x14, 0x14, 0x14,
    0x14, 0x14, 0x11, 0x12, 0x17, 0x17, 0x18, 0x1C, 0x1C, 0x1C, 0x1D, 0x00, 0x0E, 0x13, 0x13, 0x11, 0x0C, 0x13, 0x16, 0x14, 0x16, 0x14, 0x16, 0x16,
    0x14, 0x16, 0x16, 0x16, 0x17, 0x16, 0x14, 0x16, 0x16, 0x16, 0x16, 0x14, 0x16, 0x16, 0x15, 0x14, 0x12, 0x14, 0x16, 0x17, 0x16, 0x16, 0x16, 0x15,
    0x15, 0x17, 0x16, 0x15, 0x15, 0x16, 0x15, 0x16, 0x16, 0x15, 0x14, 0x16, 0x14, 0x16, 0x17, 0x17, 0x17, 0x16, 0x17, 0x17, 0x17, 0x17, 0x17, 0x17,
    0x19, 0x19, 0x19, 0x1A, 0x19, 0x19, 0x19, 0x16, 0x16, 0x15, 0x16, 0x16, 0x17, 0x17, 0x16, 0x17, 0x17, 0x15, 0x14, 0x16, 0x17, 0x16, 0x16, 0x16,
    0x16, 0x17, 0x14, 0x16, 0x14, 0x14, 0x14, 0x15, 0x16, 0x14, 0x14, 0x15, 0x16, 0x15, 0x17, 0x15, 0x17, 0x15, 0x16, 0x16, 0x16, 0x16, 0x14, 0x16,
    0x16, 0x16, 0x16, 0x17, 0x17, 0x16, 0x14, 0x16, 0x14, 0x16, 0x18, 0x1C, 0x1C, 0x1C, 0x1D, 0x00, 0x10, 0x13, 0x13, 0x13, 0x0C, 0x13, 0x12, 0x12,
    0x11, 0x12, 0x14, 0x16, 0x17, 0x15, 0x14, 0x15, 0x16, 0x16, 0x16, 0x14, 0x15, 0x17, 0x16, 0x15, 0x16, 0x14, 0x16, 0x14, 0x16, 0x15, 0x16, 0x15,
    0x16, 0x15, 0x15, 0x14, 0x16, 0x15, 0x16, 0x15, 0x16, 0x16, 0x16, 0x15, 0x16, 0x14, 0x16, 0x15, 0x16, 0x16, 0x16, 0x15, 0x16, 0x16, 0x15, 0x14,
    0x16, 0x17, 0x16, 0x16, 0x15, 0x15, 0x15, 0x17, 0x19, 0x16, 0x16, 0x1C, 0x1C, 0x19, 0x19, 0x17, 0x14, 0x16, 0x16, 0x15, 0x14, 0x16, 0x16, 0x15,
    0x17, 0x15, 0x17, 0x16, 0x16, 0x15, 0x15, 0x16, 0x16, 0x16, 0x17, 0x16, 0x15, 0x16, 0x15, 0x15, 0x16, 0x15, 0x16, 0x17, 0x16, 0x16, 0x12, 0x14,
    0x12, 0x12, 0x15, 0x16, 0x16, 0x14, 0x16, 0x14, 0x15, 0x15, 0x15, 0x16, 0x16, 0x19, 0x19, 0x1C, 0x1C, 0x1C, 0x1E, 0x00, 0x0F, 0x13, 0x11, 0x11,
    0x0C, 0x12, 0x16, 0x12, 0x12, 0x12, 0x12, 0x14, 0x15, 0x16, 0x16, 0x16, 0x15, 0x15, 0x14, 0x16, 0x15, 0x14, 0x16, 0x16, 0x15, 0x15, 0x15, 0x16,
    0x15, 0x16, 0x16, 0x16, 0x14, 0x15, 0x15, 0x16, 0x15, 0x15, 0x16, 0x16, 0x16, 0x16, 0x16, 0x16, 0x14, 0x15, 0x15, 0x15, 0x16, 0x15, 0x16, 0x16,
    0x14, 0x16, 0x14, 0x15, 0x14, 0x15, 0x14, 0x15, 0x16, 0x15, 0x16, 0x16, 0x15, 0x16, 0x16, 0x16, 0x16, 0x17, 0x17, 0x17, 0x19, 0x19, 0x19, 0x16,
    0x17, 0x17, 0x16, 0x15, 0x16, 0x17, 0x17, 0x19, 0x19, 0x19, 0x17, 0x19, 0x1A, 0x1A, 0x1A, 0x1A, 0x19, 0x17, 0x17, 0x14, 0x14, 0x14, 0x14, 0x12,
    0x12, 0x15, 0x15, 0x16, 0x15, 0x16, 0x19, 0x16, 0x14, 0x16, 0x14, 0x16, 0x17, 0x17, 0x1A, 0x1A, 0x19, 0x19, 0x19, 0x1C, 0x1C, 0x1C, 0x1D, 0x00,
    0x0F, 0x13, 0x13, 0x13, 0x0C, 0x13, 0x16, 0x17, 0x16, 0x16, 0x14, 0x12, 0x16, 0x15, 0x16, 0x16, 0x14, 0x14, 0x15, 0x14, 0x14, 0x14, 0x16, 0x15,
    0x15, 0x16, 0x16, 0x16, 0x14, 0x14, 0x14, 0x16, 0x15, 0x16, 0x16, 0x14, 0x14, 0x15, 0x16, 0x15, 0x16, 0x16, 0x15, 0x16, 0x16, 0x15, 0x15, 0x16,
    0x15, 0x16, 0x16, 0x16, 0x15, 0x16, 0x16, 0x15, 0x16, 0x16, 0x16, 0x15, 0x16, 0x16, 0x16, 0x15, 0x16, 0x15, 0x16, 0x15, 0x16, 0x16, 0x16, 0x16,
    0x16, 0x15, 0x16, 0x19, 0x1A, 0x1A, 0x1A, 0x19, 0x19, 0x1A, 0x1A, 0x1C, 0x1E, 0x1C, 0x1C, 0x1A, 0x17, 0x16, 0x17, 0x17, 0x17, 0x19, 0x19, 0x19,
    0x17, 0x16, 0x15, 0x15, 0x16, 0x15, 0x15, 0x16, 0x15, 0x16, 0x17, 0x16, 0x16, 0x14, 0x17, 0x17, 0x1A, 0x1C, 0x1C, 0x1C, 0x17, 0x14, 0x18, 0x1C,
    0x1C, 0x1C, 0x1D, 0x00, 0x0F, 0x13, 0x13, 0x13, 0x0C, 0x13, 0x16, 0x16, 0x17, 0x14, 0x14, 0x14, 0x15, 0x16, 0x16, 0x16, 0x16, 0x14, 0x14, 0x16,
    0x14, 0x14, 0x16, 0x14, 0x14, 0x14, 0x16, 0x15, 0x14, 0x12, 0x14, 0x16, 0x15, 0x15, 0x14, 0x16, 0x15, 0x14, 0x16, 0x14, 0x16, 0x15, 0x16, 0x15,
    0x15, 0x16, 0x15, 0x16, 0x16, 0x16, 0x14, 0x16, 0x16, 0x15, 0x16, 0x14, 0x15, 0x16, 0x15, 0x15, 0x16, 0x16, 0x16, 0x16, 0x14, 0x15, 0x15, 0x15,
    0x15, 0x16, 0x15, 0x16, 0x15, 0x16, 0x15, 0x17, 0x17, 0x16, 0x16, 0x12, 0x14, 0x14, 0x17, 0x16, 0x15, 0x16, 0x17, 0x16, 0x17, 0x16, 0x16, 0x16,
    0x16, 0x15, 0x15, 0x17, 0x19, 0x17, 0x16, 0x17, 0x17, 0x16, 0x17, 0x17, 0x16, 0x16, 0x16, 0x16, 0x16, 0x16, 0x17, 0x17, 0x19, 0x16, 0x16, 0x14,
    0x15, 0x16, 0x18, 0x1B, 0x1B, 0x1C, 0x1D, 0x00, 0x0F, 0x13, 0x13, 0x13, 0x0C, 0x13, 0x15, 0x17, 0x17, 0x17, 0x17, 0x19, 0x17, 0x16, 0x16, 0x14,
    0x15, 0x16, 0x14, 0x14, 0x12, 0x12, 0x16, 0x15, 0x15, 0x14, 0x14, 0x14, 0x16, 0x15, 0x16, 0x14, 0x16, 0x14, 0x15, 0x15, 0x16, 0x15, 0x15, 0x16,
    0x14, 0x16, 0x15, 0x16, 0x15, 0x15, 0x16, 0x16, 0x16, 0x16, 0x15, 0x15, 0x16, 0x16, 0x16, 0x16, 0x14, 0x16, 0x16, 0x16, 0x14, 0x16, 0x15, 0x15,
    0x16, 0x16, 0x16, 0x16, 0x16, 0x15, 0x15, 0x16, 0x14, 0x16, 0x16, 0x16, 0x16, 0x12, 0x12, 0x14, 0x16, 0x17, 0x17, 0x17, 0x15, 0x16, 0x16, 0x16,
    0x15, 0x15, 0x16, 0x16, 0x16, 0x15, 0x16, 0x16, 0x16, 0x15, 0x17, 0x17, 0x19, 0x17, 0x16, 0x16, 0x16, 0x16, 0x16, 0x16, 0x17, 0x16, 0x16, 0x17,
    0x17, 0x17, 0x17, 0x17, 0x19, 0x19, 0x18, 0x1B, 0x1A, 0x1C, 0x1E, 0x00, 0x0F, 0x13, 0x13, 0x13, 0x0C, 0x13, 0x16, 0x16, 0x16, 0x19, 0x19, 0x17,
    0x17, 0x16, 0x14, 0x15, 0x15, 0x15, 0x16, 0x19, 0x19, 0x19, 0x15, 0x15, 0x15, 0x16, 0x16, 0x16, 0x15, 0x16, 0x16, 0x16, 0x15, 0x15, 0x15, 0x15,
    0x16, 0x16, 0x16, 0x15, 0x16, 0x16, 0x16, 0x15, 0x15, 0x16, 0x16, 0x16, 0x15, 0x16, 0x14, 0x16, 0x15, 0x15, 0x16, 0x14, 0x16, 0x16, 0x15, 0x16,
    0x16, 0x15, 0x16, 0x16, 0x17, 0x15, 0x15, 0x16, 0x15, 0x16, 0x17, 0x16, 0x14, 0x16, 0x16, 0x17, 0x16, 0x15, 0x14, 0x16, 0x17, 0x17, 0x16, 0x16,
    0x15, 0x16, 0x16, 0x16, 0x15, 0x16, 0x16, 0x15, 0x16, 0x16, 0x16, 0x16, 0x15, 0x15, 0x17, 0x17, 0x17, 0x16, 0x17, 0x17, 0x15, 0x16, 0x16, 0x15,
    0x16, 0x14, 0x15, 0x16, 0x16, 0x17, 0x17, 0x17, 0x16, 0x19, 0x17, 0x1A, 0x1B, 0x1B, 0x1D, 0x00, 0x0E, 0x11, 0x13, 0x13, 0x0C, 0x13, 0x16, 0x12,
    0x14, 0x16, 0x17, 0x16, 0x16, 0x16, 0x16, 0x16, 0x14, 0x14, 0x16, 0x14, 0x14, 0x15, 0x15, 0x14, 0x16, 0x16, 0x15, 0x16, 0x16, 0x16, 0x17, 0x16,
    0x16, 0x15, 0x16, 0x16, 0x15, 0x14, 0x16, 0x16, 0x16, 0x16, 0x16, 0x16, 0x16, 0x14, 0x15, 0x16, 0x16, 0x16, 0x16, 0x15, 0x16, 0x16, 0x15, 0x16,
    0x15, 0x16, 0x15, 0x15, 0x16, 0x16, 0x16, 0x16, 0x15, 0x16, 0x16, 0x16, 0x16, 0x15, 0x16, 0x14, 0x16, 0x16, 0x16, 0x14, 0x16, 0x15, 0x16, 0x17,
    0x19, 0x17, 0x16, 0x16, 0x16, 0x15, 0x15, 0x15, 0x16, 0x15, 0x16, 0x16, 0x16, 0x15, 0x16, 0x15, 0x14, 0x14, 0x16, 0x16, 0x16, 0x16, 0x16, 0x17,
    0x19, 0x17, 0x17, 0x17, 0x19, 0x17, 0x16, 0x15, 0x12, 0x12, 0x14, 0x14, 0x14, 0x14, 0x16, 0x1B, 0x1C, 0x1B, 0x1D, 0x00, 0x0F, 0x13, 0x13, 0x13,
    0x0C, 0x13, 0x15, 0x16, 0x14, 0x15, 0x14, 0x15, 0x14, 0x16, 0x16, 0x15, 0x16, 0x16, 0x16, 0x15, 0x16, 0x16, 0x15, 0x16, 0x15, 0x16, 0x16, 0x17,
    0x16, 0x16, 0x16, 0x16, 0x15, 0x16, 0x14, 0x16, 0x15, 0x16, 0x15, 0x15, 0x15, 0x15, 0x16, 0x14, 0x16, 0x16, 0x15, 0x14, 0x16, 0x16, 0x16, 0x17,
    0x15, 0x16, 0x16, 0x16, 0x14, 0x16, 0x16, 0x15, 0x16, 0x16, 0x16, 0x14, 0x16, 0x16, 0x16, 0x16, 0x15, 0x16, 0x15, 0x16, 0x14, 0x16, 0x16, 0x16,
    0x16, 0x16, 0x15, 0x15, 0x17, 0x16, 0x15, 0x15, 0x16, 0x15, 0x15, 0x16, 0x16, 0x16, 0x15, 0x16, 0x14, 0x15, 0x15, 0x17, 0x15, 0x16, 0x17, 0x16,
    0x15, 0x17, 0x17, 0x17, 0x16, 0x17, 0x19, 0x19, 0x19, 0x1C, 0x1C, 0x1A, 0x19, 0x19, 0x17, 0x16, 0x15, 0x15, 0x18, 0x1C, 0x1C, 0x1C, 0x1D, 0x00,
    0x0E, 0x13, 0x11, 0x11, 0x0C, 0x13, 0x16, 0x16, 0x16, 0x14, 0x16, 0x14, 0x14, 0x12, 0x15, 0x15, 0x16, 0x17, 0x16, 0x15, 0x16, 0x14, 0x15, 0x16,
    0x14, 0x14, 0x16, 0x16, 0x16, 0x16, 0x16, 0x15, 0x16, 0x16, 0x16, 0x16, 0x16, 0x16, 0x15, 0x16, 0x16, 0x16, 0x16, 0x14, 0x15, 0x15, 0x16, 0x16,
    0x16, 0x15, 0x16, 0x14, 0x16, 0x15, 0x15, 0x14, 0x16, 0x16, 0x15, 0x16, 0x14, 0x15, 0x16, 0x15, 0x16, 0x15, 0x16, 0x16, 0x16, 0x16, 0x14, 0x14,
    0x16, 0x15, 0x16, 0x15, 0x16, 0x16, 0x16, 0x14, 0x16, 0x16, 0x15, 0x15, 0x15, 0x16, 0x16, 0x15, 0x14, 0x16, 0x16, 0x17, 0x16, 0x15, 0x17, 0x16,
    0x17, 0x17, 0x17, 0x16, 0x15, 0x16, 0x15, 0x17, 0x16, 0x16, 0x16, 0x16, 0x16, 0x17, 0x17, 0x17, 0x17, 0x19, 0x19, 0x19, 0x1A, 0x1A, 0x1A, 0x1E,
    0x1E, 0x1C, 0x1E, 0x00, 0x0E, 0x13, 0x13, 0x13, 0x0C, 0x14, 0x16, 0x16, 0x14, 0x14, 0x12, 0x14, 0x12, 0x15, 0x16, 0x16, 0x16, 0x15, 0x14, 0x16,
    0x16, 0x15, 0x14, 0x14, 0x15, 0x14, 0x14, 0x16, 0x16, 0x16, 0x16, 0x16, 0x16, 0x16, 0x16, 0x16, 0x16, 0x14, 0x16, 0x16, 0x14, 0x16, 0x14, 0x16,
    0x16, 0x16, 0x15, 0x16, 0x16, 0x16, 0x16, 0x15, 0x16, 0x14, 0x16, 0x15, 0x16, 0x16, 0x15, 0x14, 0x15, 0x16, 0x15, 0x16, 0x16, 0x15, 0x16, 0x15,
    0x16, 0x15, 0x16, 0x16, 0x16, 0x15, 0x15, 0x12, 0x12, 0x14, 0x16, 0x14, 0x14, 0x14, 0x15, 0x14, 0x16, 0x17, 0x17, 0x16, 0x15, 0x17, 0x17, 0x16,
    0x16, 0x16, 0x15, 0x16, 0x15, 0x17, 0x16, 0x15, 0x16, 0x16, 0x16, 0x16, 0x16, 0x16, 0x17, 0x16, 0x17, 0x17, 0x16, 0x16, 0x17, 0x16, 0x16, 0x16,
    0x16, 0x16, 0x19, 0x1C, 0x1E, 0x1D, 0x1D, 0x00, 0x0E, 0x13, 0x13, 0x13, 0x0C, 0x14, 0x16, 0x14, 0x14, 0x12, 0x14, 0x16, 0x14, 0x14, 0x15, 0x15,
    0x16, 0x16, 0x14, 0x14, 0x16, 0x15, 0x16, 0x16, 0x16, 0x15, 0x15, 0x15, 0x16, 0x15, 0x16, 0x16, 0x15, 0x16, 0x16, 0x15, 0x14, 0x16, 0x16, 0x15,
    0x16, 0x16, 0x16, 0x15, 0x15, 0x15, 0x15, 0x14, 0x16, 0x15, 0x16, 0x16, 0x16, 0x16, 0x16, 0x16, 0x16, 0x14, 0x16, 0x15, 0x16, 0x16, 0x16, 0x15,
    0x16, 0x16, 0x17, 0x16, 0x15, 0x16, 0x16, 0x15, 0x16, 0x15, 0x15, 0x16, 0x16, 0x16, 0x16, 0x15, 0x16, 0x16, 0x19, 0x17, 0x16, 0x17, 0x17, 0x15,
    0x16, 0x14, 0x16, 0x16, 0x15, 0x15, 0x16, 0x15, 0x16, 0x16, 0x17, 0x16, 0x16, 0x17, 0x16, 0x15, 0x16, 0x16, 0x17, 0x16, 0x16, 0x15, 0x16, 0x16,
    0x16, 0x16, 0x16, 0x16, 0x17, 0x17, 0x18, 0x1C, 0x1C, 0x1C, 0x1D, 0x00, 0x0D, 0x13, 0x10, 0x11, 0x0C, 0x12, 0x14, 0x12, 0x14, 0x14, 0x14, 0x16,
    0x16, 0x16, 0x14, 0x16, 0x14, 0x16, 0x16, 0x14, 0x16, 0x16, 0x16, 0x16, 0x14, 0x16, 0x16, 0x15, 0x16, 0x16, 0x14, 0x16, 0x16, 0x16, 0x16, 0x16,
    0x14, 0x16, 0x16, 0x14, 0x16, 0x16, 0x16, 0x15, 0x16, 0x16, 0x16, 0x16, 0x16, 0x15, 0x16, 0x16, 0x15, 0x15, 0x16, 0x16, 0x16, 0x16, 0x16, 0x14,
    0x16, 0x15, 0x16, 0x16, 0x16, 0x15, 0x16, 0x16, 0x16, 0x14, 0x16, 0x16, 0x15, 0x16, 0x15, 0x17, 0x17, 0x19, 0x19, 0x17, 0x16, 0x16, 0x17, 0x17,
    0x17, 0x16, 0x15, 0x16, 0x15, 0x14, 0x16, 0x16, 0x15, 0x16, 0x16, 0x17, 0x15, 0x16, 0x16, 0x15, 0x16, 0x16, 0x16, 0x15, 0x16, 0x16, 0x16, 0x17,
    0x17, 0x15, 0x17, 0x16, 0x16, 0x16, 0x16, 0x16, 0x17, 0x15, 0x17, 0x1C, 0x1C, 0x1C, 0x1E, 0x00, 0x0E, 0x13, 0x13, 0x13, 0x0C, 0x11, 0x10, 0x10,
    0x12, 0x14, 0x14, 0x16, 0x16, 0x15, 0x16, 0x14, 0x15, 0x16, 0x16, 0x15, 0x16, 0x15, 0x16, 0x16, 0x14, 0x16, 0x16, 0x16, 0x15, 0x16, 0x15, 0x16,
    0x15, 0x16, 0x16, 0x16, 0x16, 0x15, 0x15, 0x16, 0x16, 0x16, 0x17, 0x16, 0x14, 0x16, 0x16, 0x15, 0x15, 0x15, 0x14, 0x14, 0x16, 0x15, 0x16, 0x14,
    0x15, 0x16, 0x17, 0x15, 0x16, 0x16, 0x15, 0x14, 0x16, 0x15, 0x16, 0x16, 0x16, 0x16, 0x16, 0x17, 0x17, 0x16, 0x15, 0x15, 0x16, 0x19, 0x19, 0x17,
    0x16, 0x16, 0x16, 0x17, 0x16, 0x16, 0x16, 0x16, 0x16, 0x17, 0x17, 0x15, 0x16, 0x16, 0x16, 0x16, 0x16, 0x16, 0x16, 0x16, 0x17, 0x16, 0x14, 0x15,
    0x16, 0x17, 0x17, 0x17, 0x16, 0x16, 0x17, 0x16, 0x16, 0x17, 0x16, 0x15, 0x17, 0x16, 0x17, 0x1C, 0x1C, 0x1C, 0x1E, 0x00, 0x0F, 0x14, 0x14, 0x13,
    0x0C, 0x13, 0x16, 0x14, 0x16, 0x15, 0x17, 0x16, 0x16, 0x16, 0x16, 0x14, 0x15, 0x14, 0x14, 0x14, 0x14, 0x14, 0x14, 0x16, 0x15, 0x15, 0x16, 0x15,
    0x16, 0x16, 0x16, 0x15, 0x16, 0x16, 0x14, 0x15, 0x16, 0x15, 0x14, 0x14, 0x16, 0x16, 0x16, 0x15, 0x14, 0x16, 0x16, 0x16, 0x16, 0x15, 0x16, 0x16,
    0x16, 0x16, 0x15, 0x15, 0x16, 0x16, 0x16, 0x15, 0x15, 0x16, 0x16, 0x16, 0x14, 0x16, 0x16, 0x15, 0x14, 0x15, 0x15, 0x15, 0x15, 0x16, 0x16, 0x17,
    0x17, 0x16, 0x16, 0x16, 0x16, 0x16, 0x16, 0x16, 0x16, 0x16, 0x15, 0x17, 0x17, 0x17, 0x16, 0x16, 0x16, 0x16, 0x15, 0x17, 0x16, 0x15, 0x16, 0x16,
    0x16, 0x16, 0x16, 0x16, 0x16, 0x16, 0x15, 0x16, 0x16, 0x15, 0x16, 0x16, 0x16, 0x17, 0x17, 0x16, 0x17, 0x16, 0x18, 0x1C, 0x1C, 0x1C, 0x1E, 0x00,
    0x10, 0x15, 0x16, 0x15, 0x0C, 0x15, 0x19, 0x17, 0x19, 0x19, 0x19, 0x17, 0x16, 0x17, 0x16, 0x15, 0x16, 0x16, 0x16, 0x14, 0x14, 0x14, 0x16, 0x16,
    0x17, 0x16, 0x16, 0x15, 0x16, 0x16, 0x15, 0x16, 0x14, 0x16, 0x16, 0x14, 0x16, 0x15, 0x16, 0x16, 0x16, 0x16, 0x16, 0x16, 0x14, 0x16, 0x14, 0x15,
    0x15, 0x16, 0x15, 0x16, 0x16, 0x15, 0x16, 0x16, 0x16, 0x15, 0x16, 0x16, 0x16, 0x15, 0x16, 0x16, 0x16, 0x16, 0x16, 0x14, 0x14, 0x16, 0x16, 0x15,
    0x16, 0x15, 0x17, 0x17, 0x16, 0x17, 0x15, 0x16, 0x16, 0x15, 0x16, 0x16, 0x16, 0x17, 0x17, 0x16, 0x16, 0x16, 0x16, 0x14, 0x16, 0x16, 0x17, 0x17,
    0x17, 0x16, 0x16, 0x15, 0x16, 0x15, 0x16, 0x16, 0x16, 0x16, 0x16, 0x16, 0x17, 0x16, 0x14, 0x14, 0x15, 0x17, 0x17, 0x16, 0x15, 0x17, 0x18, 0x1C,
    0x1C, 0x1C, 0x1D, 0x00, 0x0F, 0x14, 0x14, 0x13, 0x0C, 0x15, 0x19, 0x19, 0x19, 0x17, 0x16, 0x16, 0x16, 0x16, 0x16, 0x16, 0x16, 0x16, 0x16, 0x16,
    0x14, 0x14, 0x14, 0x14, 0x16, 0x15, 0x16, 0x16, 0x15, 0x15, 0x17, 0x16, 0x15, 0x16, 0x14, 0x15, 0x16, 0x16, 0x15, 0x16, 0x15, 0x16, 0x16, 0x16,
    0x16, 0x16, 0x16, 0x16, 0x15, 0x17, 0x15, 0x17, 0x16, 0x16, 0x15, 0x15, 0x16, 0x15, 0x16, 0x16, 0x16, 0x16, 0x16, 0x16, 0x16, 0x15, 0x16, 0x14,
    0x16, 0x16, 0x15, 0x17, 0x15, 0x17, 0x17, 0x17, 0x16, 0x15, 0x16, 0x16, 0x19, 0x19, 0x17, 0x16, 0x17, 0x16, 0x16, 0x17, 0x16, 0x16, 0x16, 0x15,
    0x15, 0x16, 0x17, 0x16, 0x16, 0x14, 0x16, 0x16, 0x15, 0x16, 0x16, 0x17, 0x19, 0x17, 0x16, 0x15, 0x17, 0x17, 0x19, 0x19, 0x17, 0x16, 0x17, 0x17,
    0x15, 0x17, 0x18, 0x1C, 0x1C, 0x1C, 0x1E, 0x00, 0x0F, 0x14, 0x14, 0x13, 0x0C, 0x14, 0x16, 0x16, 0x17, 0x16, 0x16, 0x16, 0x15, 0x16, 0x16, 0x14,
    0x14, 0x15, 0x16, 0x16, 0x15, 0x16, 0x14, 0x16, 0x16, 0x14, 0x14, 0x16, 0x15, 0x16, 0x16, 0x16, 0x15, 0x15, 0x16, 0x16, 0x16, 0x16, 0x15, 0x16,
    0x14, 0x16, 0x16, 0x16, 0x16, 0x15, 0x15, 0x16, 0x16, 0x15, 0x16, 0x16, 0x15, 0x16, 0x16, 0x15, 0x16, 0x16, 0x16, 0x16, 0x16, 0x16, 0x16, 0x16,
    0x16, 0x15, 0x16, 0x15, 0x15, 0x16, 0x15, 0x15, 0x16, 0x15, 0x16, 0x16, 0x15, 0x16, 0x16, 0x16, 0x17, 0x16, 0x15, 0x16, 0x16, 0x17, 0x16, 0x16,
    0x15, 0x16, 0x16, 0x16, 0x15, 0x16, 0x16, 0x17, 0x15, 0x16, 0x15, 0x17, 0x17, 0x16, 0x17, 0x19, 0x17, 0x16, 0x15, 0x17, 0x16, 0x16, 0x17, 0x17,
    0x17, 0x15, 0x16, 0x17, 0x15, 0x16, 0x18, 0x1C, 0x1C, 0x1C, 0x1E, 0x00, 0x0F, 0x14, 0x13, 0x14, 0x0C, 0x14, 0x16, 0x16, 0x15, 0x16, 0x16, 0x17,
    0x16, 0x16, 0x15, 0x14, 0x16, 0x14, 0x16, 0x16, 0x16, 0x16, 0x17, 0x16, 0x16, 0x14, 0x15, 0x16, 0x16, 0x16, 0x14, 0x14, 0x16, 0x14, 0x17, 0x17,
    0x14, 0x14, 0x16, 0x16, 0x16, 0x16, 0x15, 0x16, 0x16, 0x16, 0x15, 0x16, 0x16, 0x17, 0x16, 0x16, 0x16, 0x16, 0x16, 0x16, 0x16, 0x16, 0x16, 0x17,
    0x16, 0x16, 0x16, 0x16, 0x15, 0x16, 0x16, 0x16, 0x14, 0x14, 0x16, 0x15, 0x17, 0x16, 0x16, 0x15, 0x16, 0x16, 0x17, 0x16, 0x17, 0x17, 0x17, 0x17,
    0x16, 0x15, 0x16, 0x16, 0x17, 0x16, 0x16, 0x17, 0x17, 0x16, 0x16, 0x15, 0x19, 0x17, 0x19, 0x19, 0x17, 0x16, 0x16, 0x16, 0x17, 0x16, 0x16, 0x16,
    0x16, 0x16, 0x16, 0x17, 0x16, 0x16, 0x17, 0x16, 0x17, 0x16, 0x18, 0x1C, 0x1C, 0x1C, 0x1D, 0x00, 0x0F, 0x14, 0x13, 0x14, 0x0C, 0x14, 0x16, 0x16,
    0x14, 0x15, 0x16, 0x16, 0x16, 0x14, 0x16, 0x17, 0x17, 0x15, 0x15, 0x16, 0x15, 0x16, 0x16, 0x15, 0x15, 0x15, 0x15, 0x16, 0x16, 0x15, 0x16, 0x16,
    0x15, 0x14, 0x14, 0x12, 0x12, 0x14, 0x14, 0x16, 0x14, 0x14, 0x16, 0x15, 0x16, 0x16, 0x16, 0x16, 0x16, 0x16, 0x16, 0x16, 0x16, 0x15, 0x15, 0x16,
    0x15, 0x15, 0x16, 0x15, 0x16, 0x15, 0x15, 0x16, 0x15, 0x16, 0x16, 0x16, 0x16, 0x15, 0x16, 0x16, 0x17, 0x15, 0x16, 0x16, 0x15, 0x16, 0x15, 0x16,
    0x16, 0x16, 0x17, 0x16, 0x15, 0x16, 0x16, 0x17, 0x16, 0x15, 0x15, 0x16, 0x17, 0x16, 0x17, 0x16, 0x16, 0x17, 0x17, 0x16, 0x16, 0x17, 0x15, 0x16,
    0x15, 0x16, 0x15, 0x16, 0x16, 0x17, 0x16, 0x16, 0x15, 0x16, 0x15, 0x17, 0x17, 0x17, 0x18, 0x1C, 0x1C, 0x1C, 0x1D, 0x00, 0x10, 0x14, 0x14, 0x13,
    0x0B, 0x13, 0x14, 0x16, 0x16, 0x16, 0x14, 0x14, 0x16, 0x15, 0x16, 0x14, 0x17, 0x17, 0x16, 0x16, 0x16, 0x14, 0x16, 0x17, 0x16, 0x15, 0x16, 0x16,
    0x15, 0x16, 0x16, 0x16, 0x15, 0x14, 0x16, 0x15, 0x16, 0x16, 0x15, 0x16, 0x16, 0x15, 0x15, 0x16, 0x16, 0x16, 0x15, 0x16, 0x16, 0x16, 0x14, 0x16,
    0x16, 0x15, 0x16, 0x16, 0x16, 0x15, 0x15, 0x16, 0x16, 0x15, 0x15, 0x16, 0x16, 0x16, 0x15, 0x15, 0x16, 0x16, 0x17, 0x15, 0x15, 0x17, 0x16, 0x15,
    0x16, 0x16, 0x16, 0x16, 0x17, 0x15, 0x16, 0x15, 0x17, 0x16, 0x15, 0x15, 0x16, 0x16, 0x16, 0x15, 0x17, 0x17, 0x16, 0x17, 0x15, 0x17, 0x16, 0x16,
    0x17, 0x17, 0x17, 0x16, 0x15, 0x16, 0x16, 0x16, 0x15, 0x17, 0x16, 0x17, 0x16, 0x16, 0x17, 0x17, 0x17, 0x16, 0x18, 0x1C, 0x1C, 0x1C, 0x1D, 0x00,
    0x10, 0x14, 0x14, 0x14, 0x09, 0x13, 0x16, 0x16, 0x15, 0x15, 0x16, 0x16, 0x16, 0x14, 0x17, 0x16, 0x16, 0x16, 0x16, 0x16, 0x14, 0x16, 0x14, 0x16,
    0x15, 0x16, 0x16, 0x16, 0x15, 0x16, 0x14, 0x16, 0x17, 0x16, 0x16, 0x17, 0x19, 0x19, 0x17, 0x15, 0x16, 0x16, 0x15, 0x16, 0x16, 0x17, 0x16, 0x15,
    0x14, 0x12, 0x14, 0x16, 0x15, 0x15, 0x15, 0x16, 0x16, 0x15, 0x16, 0x16, 0x16, 0x16, 0x16, 0x16, 0x15, 0x16, 0x16, 0x14, 0x16, 0x16, 0x17, 0x16,
    0x15, 0x17, 0x15, 0x16, 0x16, 0x17, 0x15, 0x16, 0x16, 0x17, 0x17, 0x17, 0x16, 0x16, 0x15, 0x17, 0x16, 0x15, 0x15, 0x16, 0x17, 0x17, 0x17, 0x17,
    0x17, 0x16, 0x16, 0x17, 0x16, 0x16, 0x16, 0x16, 0x16, 0x16, 0x17, 0x16, 0x17, 0x17, 0x16, 0x16, 0x17, 0x17, 0x17, 0x16, 0x16, 0x16, 0x18, 0x1C,
    0x1C, 0x1C, 0x1D, 0x00, 0x10, 0x13, 0x13, 0x14, 0x0B, 0x13, 0x16, 0x14, 0x16, 0x16, 0x16, 0x16, 0x16, 0x14, 0x14, 0x15, 0x16, 0x16, 0x16, 0x19,
    0x19, 0x17, 0x14, 0x16, 0x15, 0x14, 0x16, 0x16, 0x16, 0x14, 0x16, 0x15, 0x16, 0x17, 0x16, 0x16, 0x16, 0x16, 0x16, 0x16, 0x16, 0x15, 0x15, 0x16,
    0x15, 0x16, 0x14, 0x12, 0x10, 0x10, 0x14, 0x16, 0x14, 0x16, 0x16, 0x15, 0x16, 0x17, 0x16, 0x16, 0x15, 0x16, 0x16, 0x15, 0x16, 0x15, 0x16, 0x16,
    0x16, 0x16, 0x17, 0x17, 0x15, 0x16, 0x16, 0x15, 0x16, 0x17, 0x16, 0x16, 0x15, 0x17, 0x15, 0x17, 0x15, 0x15, 0x16, 0x16, 0x16, 0x16, 0x17, 0x16,
    0x16, 0x17, 0x17, 0x16, 0x17, 0x17, 0x16, 0x16, 0x16, 0x17, 0x16, 0x16, 0x16, 0x17, 0x16, 0x17, 0x15, 0x16, 0x17, 0x17, 0x16, 0x16, 0x17, 0x17,
    0x16, 0x16, 0x18, 0x1C, 0x1C, 0x1C, 0x1D, 0x00, 0x10, 0x14, 0x14, 0x14, 0x0C, 0x14, 0x15, 0x15, 0x15, 0x16, 0x17, 0x16, 0x16, 0x14, 0x14, 0x16,
    0x16, 0x16, 0x16, 0x15, 0x16, 0x16, 0x16, 0x16, 0x16, 0x15, 0x15, 0x15, 0x16, 0x15, 0x15, 0x16, 0x16, 0x17, 0x16, 0x16, 0x16, 0x15, 0x16, 0x16,
    0x16, 0x15, 0x16, 0x16, 0x16, 0x15, 0x15, 0x16, 0x16, 0x17, 0x15, 0x15, 0x15, 0x14, 0x16, 0x16, 0x16, 0x16, 0x15, 0x16, 0x16, 0x16, 0x16, 0x16,
    0x17, 0x16, 0x16, 0x14, 0x16, 0x17, 0x16, 0x15, 0x16, 0x16, 0x16, 0x15, 0x16, 0x16, 0x16, 0x16, 0x15, 0x17, 0x15, 0x15, 0x15, 0x17, 0x16, 0x17,
    0x17, 0x15, 0x17, 0x17, 0x16, 0x15, 0x16, 0x16, 0x15, 0x16, 0x16, 0x16, 0x17, 0x17, 0x16, 0x17, 0x16, 0x17, 0x17, 0x17, 0x16, 0x16, 0x16, 0x16,
    0x17, 0x16, 0x17, 0x17, 0x17, 0x17, 0x18, 0x1C, 0x1C, 0x1C, 0x1D, 0x00, 0x10, 0x14, 0x13, 0x14, 0x0E, 0x14, 0x15, 0x16, 0x15, 0x16, 0x15, 0x17,
    0x15, 0x17, 0x15, 0x14, 0x15, 0x16, 0x15, 0x16, 0x16, 0x16, 0x17, 0x17, 0x16, 0x16, 0x14, 0x16, 0x16, 0x16, 0x15, 0x16, 0x16, 0x16, 0x16, 0x16,
    0x16, 0x16, 0x16, 0x16, 0x16, 0x15, 0x15, 0x16, 0x15, 0x16, 0x14, 0x16, 0x17, 0x16, 0x16, 0x12, 0x14, 0x14, 0x16, 0x15, 0x16, 0x16, 0x16, 0x17,
    0x16, 0x16, 0x16, 0x16, 0x16, 0x16, 0x15, 0x14, 0x16, 0x16, 0x16, 0x15, 0x16, 0x15, 0x17, 0x17, 0x17, 0x17, 0x16, 0x16, 0x16, 0x16, 0x16, 0x16,
    0x16, 0x16, 0x17, 0x17, 0x17, 0x15, 0x16, 0x17, 0x17, 0x16, 0x17, 0x16, 0x17, 0x16, 0x17, 0x16, 0x17, 0x16, 0x16, 0x16, 0x16, 0x16, 0x17, 0x17,
    0x16, 0x17, 0x16, 0x16, 0x17, 0x16, 0x17, 0x16, 0x15, 0x17, 0x18, 0x1C, 0x1C, 0x1C, 0x1D, 0x00, 0x10, 0x14, 0x13, 0x14, 0x0E, 0x14, 0x15, 0x17,
    0x16, 0x15, 0x16, 0x14, 0x16, 0x15, 0x15, 0x16, 0x16, 0x15, 0x16, 0x16, 0x16, 0x15, 0x16, 0x14, 0x17, 0x16, 0x16, 0x14, 0x16, 0x16, 0x14, 0x15,
    0x16, 0x16, 0x15, 0x14, 0x12, 0x15, 0x16, 0x16, 0x16, 0x14, 0x12, 0x14, 0x14, 0x14, 0x16, 0x15, 0x12, 0x10, 0x12, 0x14, 0x15, 0x14, 0x14, 0x12,
    0x12, 0x12, 0x12, 0x12, 0x15, 0x16, 0x16, 0x16, 0x16, 0x15, 0x16, 0x15, 0x16, 0x17, 0x17, 0x17, 0x17, 0x16, 0x16, 0x17, 0x15, 0x17, 0x16, 0x16,
    0x17, 0x17, 0x15, 0x15, 0x17, 0x17, 0x16, 0x16, 0x16, 0x15, 0x16, 0x16, 0x16, 0x16, 0x17, 0x16, 0x16, 0x17, 0x15, 0x16, 0x15, 0x16, 0x17, 0x17,
    0x16, 0x16, 0x17, 0x16, 0x16, 0x15, 0x16, 0x16, 0x17, 0x16, 0x16, 0x16, 0x16, 0x17, 0x18, 0x1C, 0x1C, 0x1C, 0x1E, 0x00, 0x10, 0x14, 0x14, 0x14,
    0x0E, 0x14, 0x16, 0x17, 0x17, 0x17, 0x16, 0x15, 0x14, 0x14, 0x17, 0x17, 0x17, 0x16, 0x16, 0x16, 0x16, 0x15, 0x17, 0x16, 0x17, 0x16, 0x16, 0x15,
    0x14, 0x12, 0x14, 0x14, 0x16, 0x14, 0x12, 0x12, 0x12, 0x16, 0x12, 0x14, 0x12, 0x14, 0x14, 0x14, 0x15, 0x16, 0x15, 0x16, 0x15, 0x14, 0x16, 0x16,
    0x15, 0x17, 0x17, 0x16, 0x16, 0x16, 0x16, 0x16, 0x16, 0x16, 0x15, 0x16, 0x16, 0x15, 0x16, 0x16, 0x17, 0x17, 0x17, 0x15, 0x17, 0x17, 0x17, 0x16,
    0x17, 0x16, 0x16, 0x16, 0x17, 0x17, 0x17, 0x15, 0x16, 0x16, 0x16, 0x16, 0x16, 0x16, 0x17, 0x15, 0x16, 0x16, 0x16, 0x16, 0x16, 0x17, 0x17, 0x16,
    0x16, 0x17, 0x17, 0x16, 0x16, 0x17, 0x17, 0x16, 0x16, 0x16, 0x16, 0x17, 0x16, 0x16, 0x16, 0x16, 0x16, 0x16, 0x18, 0x1C, 0x1C, 0x1C, 0x1E, 0x00,
    0x10, 0x13, 0x14, 0x14, 0x0E, 0x14, 0x16, 0x15, 0x15, 0x15, 0x16, 0x16, 0x15, 0x16, 0x16, 0x15, 0x14, 0x15, 0x16, 0x16, 0x16, 0x14, 0x16, 0x14,
    0x14, 0x16, 0x17, 0x17, 0x16, 0x16, 0x17, 0x15, 0x15, 0x16, 0x15, 0x16, 0x14, 0x14, 0x14, 0x16, 0x16, 0x17, 0x17, 0x17, 0x16, 0x15, 0x15, 0x16,
    0x17, 0x16, 0x15, 0x17, 0x17, 0x19, 0x17, 0x16, 0x16, 0x16, 0x16, 0x16, 0x15, 0x15, 0x17, 0x16, 0x15, 0x16, 0x16, 0x17, 0x16, 0x15, 0x16, 0x17,
    0x17, 0x16, 0x15, 0x16, 0x16, 0x17, 0x16, 0x17, 0x17, 0x16, 0x16, 0x15, 0x15, 0x16, 0x16, 0x17, 0x16, 0x16, 0x16, 0x17, 0x17, 0x16, 0x16, 0x16,
    0x16, 0x16, 0x17, 0x16, 0x17, 0x16, 0x16, 0x16, 0x16, 0x17, 0x17, 0x17, 0x17, 0x15, 0x16, 0x16, 0x14, 0x16, 0x16, 0x16, 0x17, 0x16, 0x18, 0x1C,
    0x1C, 0x1C, 0x1E, 0x00, 0x10, 0x14, 0x14, 0x14, 0x0E, 0x14, 0x16, 0x15, 0x16, 0x15, 0x15, 0x15, 0x16, 0x17, 0x15, 0x14, 0x15, 0x16, 0x16, 0x14,
    0x14, 0x14, 0x16, 0x15, 0x16, 0x16, 0x16, 0x19, 0x17, 0x19, 0x17, 0x16, 0x15, 0x16, 0x17, 0x19, 0x19, 0x19, 0x19, 0x19, 0x19, 0x19, 0x17, 0x15,
    0x15, 0x16, 0x15, 0x16, 0x17, 0x16, 0x16, 0x16, 0x17, 0x19, 0x19, 0x19, 0x19, 0x16, 0x15, 0x16, 0x16, 0x16, 0x16, 0x16, 0x16, 0x16, 0x16, 0x16,
    0x16, 0x16, 0x15, 0x16, 0x16, 0x17, 0x16, 0x15, 0x16, 0x17, 0x17, 0x15, 0x16, 0x15, 0x16, 0x16, 0x16, 0x16, 0x17, 0x17, 0x17, 0x15, 0x16, 0x16,
    0x17, 0x16, 0x15, 0x17, 0x16, 0x15, 0x16, 0x16, 0x17, 0x16, 0x17, 0x16, 0x17, 0x16, 0x17, 0x17, 0x17, 0x19, 0x17, 0x17, 0x17, 0x16, 0x17, 0x16,
    0x16, 0x17, 0x18, 0x1C, 0x1C, 0x1C, 0x1D, 0x00, 0x10, 0x14, 0x16, 0x14, 0x0B, 0x13, 0x15, 0x16, 0x16, 0x17, 0x16, 0x16, 0x16, 0x16, 0x17, 0x16,
    0x16, 0x16, 0x15, 0x15, 0x16, 0x14, 0x16, 0x16, 0x14, 0x16, 0x16, 0x15, 0x19, 0x15, 0x15, 0x15, 0x17, 0x17, 0x17, 0x17, 0x17, 0x16, 0x17, 0x19,
    0x16, 0x16, 0x15, 0x16, 0x16, 0x15, 0x17, 0x16, 0x19, 0x1A, 0x1A, 0x19, 0x17, 0x16, 0x16, 0x16, 0x16, 0x17, 0x17, 0x19, 0x17, 0x17, 0x16, 0x17,
    0x17, 0x17, 0x16, 0x17, 0x16, 0x16, 0x16, 0x16, 0x17, 0x16, 0x17, 0x15, 0x16, 0x16, 0x16, 0x16, 0x16, 0x16, 0x17, 0x17, 0x16, 0x16, 0x16, 0x15,
    0x16, 0x16, 0x17, 0x17, 0x16, 0x17, 0x16, 0x17, 0x16, 0x17, 0x16, 0x16, 0x17, 0x16, 0x17, 0x17, 0x16, 0x17, 0x17, 0x17, 0x17, 0x16, 0x17, 0x19,
    0x19, 0x17, 0x16, 0x16, 0x17, 0x17, 0x18, 0x1C, 0x1C, 0x1C, 0x1D, 0x00, 0x13, 0x15, 0x14, 0x13, 0x0C, 0x13, 0x16, 0x16, 0x15, 0x16, 0x15, 0x16,
    0x16, 0x16, 0x16, 0x16, 0x17, 0x16, 0x16, 0x17, 0x17, 0x17, 0x16, 0x16, 0x16, 0x16, 0x16, 0x16, 0x17, 0x16, 0x15, 0x16, 0x15, 0x15, 0x16, 0x16,
    0x15, 0x14, 0x16, 0x16, 0x16, 0x15, 0x16, 0x16, 0x17, 0x17, 0x17, 0x16, 0x17, 0x17, 0x19, 0x19, 0x16, 0x16, 0x15, 0x14, 0x14, 0x14, 0x16, 0x15,
    0x16, 0x16, 0x16, 0x16, 0x16, 0x15, 0x17, 0x15, 0x17, 0x16, 0x16, 0x16, 0x17, 0x16, 0x16, 0x16, 0x16, 0x17, 0x16, 0x16, 0x16, 0x17, 0x16, 0x15,
    0x17, 0x17, 0x17, 0x17, 0x16, 0x16, 0x15, 0x16, 0x16, 0x15, 0x16, 0x15, 0x16, 0x16, 0x17, 0x16, 0x17, 0x16, 0x15, 0x15, 0x16, 0x16, 0x16, 0x16,
    0x16, 0x17, 0x16, 0x17, 0x17, 0x17, 0x17, 0x16, 0x16, 0x17, 0x18, 0x1C, 0x1C, 0x1C, 0x1D, 0x00, 0x0F, 0x11, 0x13, 0x14, 0x0C, 0x14, 0x16, 0x16,
    0x15, 0x16, 0x15, 0x17, 0x16, 0x16, 0x16, 0x16, 0x16, 0x16, 0x15, 0x16, 0x16, 0x15, 0x16, 0x15, 0x14, 0x16, 0x15, 0x15, 0x17, 0x16, 0x15, 0x16,
    0x14, 0x15, 0x16, 0x16, 0x17, 0x17, 0x16, 0x16, 0x16, 0x16, 0x17, 0x17, 0x17, 0x17, 0x17, 0x16, 0x16, 0x16, 0x15, 0x16, 0x17, 0x17, 0x16, 0x17,
    0x16, 0x17, 0x17, 0x16, 0x16, 0x16, 0x16, 0x16, 0x15, 0x16, 0x14, 0x16, 0x16, 0x17, 0x16, 0x17, 0x16, 0x16, 0x17, 0x16, 0x16, 0x16, 0x16, 0x16,
    0x17, 0x17, 0x16, 0x16, 0x17, 0x16, 0x16, 0x16, 0x15, 0x17, 0x17, 0x16, 0x17, 0x16, 0x17, 0x17, 0x17, 0x17, 0x17, 0x17, 0x16, 0x16, 0x17, 0x16,
    0x17, 0x16, 0x17, 0x16, 0x17, 0x17, 0x16, 0x15, 0x17, 0x17, 0x19, 0x17, 0x17, 0x16, 0x18, 0x1C, 0x1C, 0x1C, 0x1E, 0x00, 0x0E, 0x13, 0x13, 0x14,
    0x0C, 0x14, 0x15, 0x16, 0x16, 0x16, 0x16, 0x16, 0x16, 0x15, 0x16, 0x16, 0x16, 0x15, 0x16, 0x14, 0x16, 0x16, 0x16, 0x16, 0x15, 0x16, 0x14, 0x14,
    0x17, 0x16, 0x16, 0x14, 0x14, 0x14, 0x15, 0x12, 0x12, 0x14, 0x16, 0x14, 0x16, 0x14, 0x14, 0x15, 0x16, 0x15, 0x14, 0x16, 0x16, 0x16, 0x16, 0x16,
    0x12, 0x12, 0x14, 0x14, 0x16, 0x16, 0x16, 0x15, 0x14, 0x12, 0x12, 0x14, 0x12, 0x12, 0x14, 0x16, 0x16, 0x16, 0x16, 0x15, 0x17, 0x16, 0x17, 0x16,
    0x17, 0x17, 0x17, 0x16, 0x16, 0x17, 0x16, 0x17, 0x17, 0x16, 0x16, 0x16, 0x17, 0x16, 0x16, 0x16, 0x17, 0x17, 0x15, 0x17, 0x16, 0x17, 0x16, 0x17,
    0x16, 0x17, 0x14, 0x16, 0x16, 0x16, 0x17, 0x16, 0x16, 0x16, 0x17, 0x16, 0x16, 0x16, 0x15, 0x17, 0x16, 0x17, 0x19, 0x1C, 0x1C, 0x1C, 0x1D, 0x00,
    0x10, 0x13, 0x14, 0x13, 0x0C, 0x14, 0x16, 0x16, 0x16, 0x16, 0x15, 0x15, 0x16, 0x16, 0x16, 0x15, 0x14, 0x16, 0x15, 0x16, 0x16, 0x15, 0x16, 0x15,
    0x16, 0x16, 0x14, 0x11, 0x12, 0x16, 0x16, 0x16, 0x16, 0x14, 0x14, 0x14, 0x14, 0x16, 0x15, 0x16, 0x14, 0x17, 0x16, 0x16, 0x16, 0x16, 0x16, 0x16,
    0x15, 0x16, 0x16, 0x16, 0x16, 0x14, 0x14, 0x14, 0x14, 0x16, 0x16, 0x14, 0x16, 0x17, 0x17, 0x17, 0x17, 0x16, 0x16, 0x16, 0x17, 0x17, 0x16, 0x16,
    0x17, 0x16, 0x16, 0x16, 0x16, 0x16, 0x16, 0x17, 0x16, 0x17, 0x16, 0x16, 0x16, 0x17, 0x17, 0x17, 0x17, 0x16, 0x16, 0x17, 0x16, 0x17, 0x17, 0x17,
    0x16, 0x17, 0x17, 0x17, 0x17, 0x17, 0x16, 0x17, 0x17, 0x17, 0x16, 0x16, 0x17, 0x17, 0x16, 0x17, 0x17, 0x16, 0x16, 0x17, 0x15, 0x16, 0x18, 0x1C,
    0x1C, 0x1C, 0x1E, 0x00, 0x10, 0x15, 0x14, 0x13, 0x0C, 0x13, 0x14, 0x16, 0x16, 0x15, 0x16, 0x15, 0x16, 0x16, 0x16, 0x14, 0x16, 0x15, 0x16, 0x16,
    0x16, 0x14, 0x14, 0x15, 0x15, 0x17, 0x15, 0x15, 0x16, 0x17, 0x16, 0x17, 0x16, 0x16, 0x16, 0x17, 0x16, 0x16, 0x19, 0x19, 0x19, 0x19, 0x19, 0x17,
    0x19, 0x16, 0x17, 0x17, 0x17, 0x15, 0x16, 0x19, 0x19, 0x17, 0x16, 0x17, 0x15, 0x16, 0x16, 0x16, 0x16, 0x19, 0x16, 0x17, 0x16, 0x17, 0x15, 0x17,
    0x17, 0x16, 0x17, 0x17, 0x17, 0x17, 0x16, 0x17, 0x16, 0x16, 0x16, 0x17, 0x16, 0x14, 0x15, 0x16, 0x16, 0x16, 0x15, 0x17, 0x17, 0x17, 0x15, 0x16,
    0x16, 0x15, 0x16, 0x16, 0x16, 0x16, 0x17, 0x16, 0x17, 0x17, 0x17, 0x17, 0x17, 0x17, 0x17, 0x16, 0x16, 0x17, 0x16, 0x16, 0x16, 0x17, 0x17, 0x17,
    0x17, 0x16, 0x18, 0x1C, 0x1C, 0x1C, 0x1E, 0x00, 0x10, 0x13, 0x13, 0x13, 0x0C, 0x13, 0x17, 0x16, 0x15, 0x16, 0x15, 0x16, 0x15, 0x15, 0x16, 0x15,
    0x16, 0x17, 0x17, 0x17, 0x15, 0x14, 0x14, 0x14, 0x16, 0x17, 0x17, 0x16, 0x17, 0x1A, 0x19, 0x19, 0x19, 0x19, 0x19, 0x19, 0x1A, 0x19, 0x19, 0x17,
    0x16, 0x17, 0x16, 0x16, 0x16, 0x15, 0x17, 0x19, 0x17, 0x16, 0x16, 0x19, 0x19, 0x19, 0x19, 0x17, 0x17, 0x16, 0x17, 0x17, 0x17, 0x17, 0x19, 0x17,
    0x16, 0x16, 0x16, 0x15, 0x17, 0x16, 0x15, 0x15, 0x17, 0x17, 0x16, 0x17, 0x15, 0x16, 0x15, 0x16, 0x15, 0x16, 0x14, 0x16, 0x17, 0x16, 0x16, 0x15,
    0x16, 0x15, 0x16, 0x16, 0x16, 0x16, 0x17, 0x16, 0x15, 0x17, 0x17, 0x16, 0x17, 0x16, 0x16, 0x17, 0x17, 0x16, 0x16, 0x16, 0x16, 0x17, 0x16, 0x16,
    0x17, 0x17, 0x17, 0x17, 0x16, 0x16, 0x18, 0x1C, 0x1C, 0x1C, 0x1D, 0x00, 0x10, 0x13, 0x13, 0x13, 0x0C, 0x13, 0x16, 0x16, 0x15, 0x16, 0x14, 0x16,
    0x16, 0x15, 0x16, 0x14, 0x15, 0x14, 0x14, 0x14, 0x15, 0x16, 0x16, 0x17, 0x17, 0x17, 0x16, 0x17, 0x16, 0x17, 0x19, 0x17, 0x19, 0x17, 0x17, 0x16,
    0x16, 0x17, 0x16, 0x14, 0x15, 0x14, 0x16, 0x17, 0x16, 0x16, 0x17, 0x15, 0x16, 0x16, 0x15, 0x16, 0x15, 0x14, 0x14, 0x16, 0x16, 0x16, 0x16, 0x17,
    0x16, 0x16, 0x16, 0x17, 0x17, 0x17, 0x1A, 0x19, 0x17, 0x16, 0x16, 0x17, 0x16, 0x16, 0x16, 0x17, 0x19, 0x17, 0x17, 0x17, 0x17, 0x16, 0x15, 0x17,
    0x17, 0x16, 0x16, 0x16, 0x16, 0x15, 0x16, 0x17, 0x17, 0x16, 0x15, 0x15, 0x15, 0x17, 0x17, 0x16, 0x16, 0x17, 0x15, 0x16, 0x17, 0x17, 0x16, 0x17,
    0x17, 0x17, 0x16, 0x17, 0x17, 0x17, 0x17, 0x17, 0x17, 0x16, 0x18, 0x1C, 0x1C, 0x1C, 0x1D, 0x00, 0x0E, 0x13, 0x14, 0x14, 0x0B, 0x13, 0x16, 0x16,
    0x16, 0x16, 0x14, 0x16, 0x15, 0x15, 0x14, 0x16, 0x16, 0x14, 0x16, 0x16, 0x16, 0x17, 0x19, 0x17, 0x16, 0x17, 0x14, 0x11, 0x14, 0x14, 0x17, 0x17,
    0x17, 0x15, 0x16, 0x16, 0x16, 0x16, 0x15, 0x16, 0x14, 0x14, 0x16, 0x16, 0x16, 0x15, 0x17, 0x17, 0x16, 0x16, 0x16, 0x16, 0x17, 0x16, 0x17, 0x17,
    0x17, 0x16, 0x16, 0x14, 0x16, 0x17, 0x17, 0x14, 0x16, 0x16, 0x16, 0x16, 0x16, 0x15, 0x16, 0x16, 0x16, 0x17, 0x16, 0x15, 0x17, 0x16, 0x16, 0x16,
    0x16, 0x17, 0x17, 0x16, 0x17, 0x17, 0x16, 0x16, 0x16, 0x16, 0x16, 0x14, 0x16, 0x16, 0x16, 0x16, 0x16, 0x16, 0x17, 0x17, 0x17, 0x17, 0x15, 0x16,
    0x16, 0x16, 0x16, 0x17, 0x16, 0x17, 0x17, 0x17, 0x16, 0x16, 0x15, 0x15, 0x16, 0x17, 0x18, 0x1C, 0x1C, 0x1C, 0x1D, 0x00, 0x11, 0x14, 0x14, 0x15,
    0x0E, 0x13, 0x10, 0x10, 0x14, 0x15, 0x16, 0x16, 0x15, 0x16, 0x17, 0x17, 0x19, 0x19, 0x17, 0x15, 0x17, 0x17, 0x16, 0x15, 0x16, 0x15, 0x14, 0x14,
    0x15, 0x15, 0x16, 0x16, 0x15, 0x16, 0x16, 0x16, 0x16, 0x16, 0x16, 0x17, 0x17, 0x17, 0x17, 0x16, 0x16, 0x16, 0x16, 0x17, 0x15, 0x16, 0x16, 0x15,
    0x16, 0x17, 0x17, 0x16, 0x16, 0x17, 0x17, 0x19, 0x17, 0x19, 0x16, 0x16, 0x15, 0x16, 0x16, 0x15, 0x16, 0x16, 0x15, 0x15, 0x17, 0x17, 0x16, 0x16,
    0x16, 0x15, 0x16, 0x16, 0x16, 0x15, 0x15, 0x16, 0x14, 0x16, 0x16, 0x14, 0x14, 0x14, 0x14, 0x16, 0x12, 0x14, 0x17, 0x15, 0x16, 0x15, 0x15, 0x16,
    0x16, 0x16, 0x16, 0x16, 0x17, 0x17, 0x17, 0x16, 0x17, 0x16, 0x16, 0x17, 0x17, 0x16, 0x16, 0x17, 0x15, 0x15, 0x18, 0x1C, 0x1C, 0x1C, 0x1D, 0x00,
    0x11, 0x15, 0x15, 0x14, 0x0C, 0x13, 0x15, 0x16, 0x16, 0x17, 0x17, 0x16, 0x12, 0x11, 0x16, 0x16, 0x16, 0x16, 0x17, 0x17, 0x17, 0x17, 0x12, 0x14,
    0x14, 0x14, 0x15, 0x16, 0x17, 0x17, 0x17, 0x15, 0x16, 0x16, 0x16, 0x16, 0x15, 0x17, 0x17, 0x17, 0x19, 0x17, 0x19, 0x19, 0x19, 0x16, 0x16, 0x16,
    0x16, 0x17, 0x16, 0x16, 0x17, 0x16, 0x15, 0x16, 0x16, 0x16, 0x14, 0x14, 0x16, 0x15, 0x16, 0x15, 0x14, 0x16, 0x14, 0x14, 0x16, 0x12, 0x16, 0x11,
    0x12, 0x14, 0x12, 0x14, 0x14, 0x16, 0x14, 0x15, 0x14, 0x15, 0x15, 0x15, 0x17, 0x17, 0x16, 0x16, 0x15, 0x15, 0x15, 0x17, 0x17, 0x16, 0x14, 0x16,
    0x17, 0x17, 0x16, 0x16, 0x16, 0x16, 0x15, 0x17, 0x16, 0x16, 0x16, 0x17, 0x17, 0x16, 0x15, 0x17, 0x16, 0x16, 0x16, 0x16, 0x16, 0x16, 0x18, 0x1C,
    0x1C, 0x1C, 0x1E, 0x00, 0x12, 0x16, 0x16, 0x16, 0x0E, 0x14, 0x16, 0x17, 0x17, 0x19, 0x17, 0x15, 0x17, 0x16, 0x17, 0x15, 0x15, 0x12, 0x14, 0x15,
    0x14, 0x14, 0x12, 0x12, 0x12, 0x16, 0x16, 0x19, 0x17, 0x16, 0x16, 0x16, 0x17, 0x17, 0x17, 0x17, 0x15, 0x16, 0x17, 0x16, 0x15, 0x17, 0x16, 0x15,
    0x16, 0x17, 0x17, 0x16, 0x17, 0x16, 0x19, 0x17, 0x17, 0x17, 0x19, 0x19, 0x19, 0x19, 0x17, 0x16, 0x17, 0x16, 0x15, 0x16, 0x17, 0x16, 0x15, 0x16,
    0x15, 0x16, 0x16, 0x17, 0x16, 0x14, 0x14, 0x14, 0x14, 0x15, 0x15, 0x15, 0x17, 0x16, 0x17, 0x17, 0x17, 0x19, 0x19, 0x16, 0x17, 0x19, 0x1A, 0x1C,
    0x1A, 0x16, 0x16, 0x16, 0x16, 0x16, 0x16, 0x16, 0x14, 0x16, 0x16, 0x16, 0x17, 0x17, 0x17, 0x17, 0x19, 0x16, 0x17, 0x16, 0x16, 0x16, 0x14, 0x14,
    0x16, 0x16, 0x18, 0x1C, 0x1C, 0x1C, 0x1E, 0x00, 0x12, 0x16, 0x16, 0x16, 0x0E, 0x14, 0x16, 0x16, 0x17, 0x16, 0x16, 0x15, 0x17, 0x19, 0x17, 0x17,
    0x16, 0x16, 0x16, 0x14, 0x14, 0x14, 0x16, 0x14, 0x14, 0x15, 0x17, 0x1A, 0x1A, 0x17, 0x16, 0x16, 0x16, 0x16, 0x16, 0x16, 0x16, 0x16, 0x16, 0x16,
    0x16, 0x17, 0x16, 0x16, 0x17, 0x16, 0x17, 0x16, 0x17, 0x17, 0x16, 0x17, 0x16, 0x15, 0x16, 0x17, 0x17, 0x16, 0x16, 0x17, 0x19, 0x19, 0x19, 0x19,
    0x17, 0x15, 0x16, 0x12, 0x14, 0x16, 0x19, 0x19, 0x19, 0x19, 0x17, 0x17, 0x16, 0x16, 0x15, 0x16, 0x12, 0x15, 0x16, 0x17, 0x17, 0x16, 0x19, 0x17,
    0x15, 0x15, 0x16, 0x16, 0x17, 0x16, 0x16, 0x16, 0x16, 0x14, 0x16, 0x16, 0x16, 0x16, 0x16, 0x16, 0x16, 0x16, 0x16, 0x16, 0x15, 0x17, 0x17, 0x17,
    0x16, 0x16, 0x16, 0x15, 0x14, 0x16, 0x18, 0x1C, 0x1C, 0x1C, 0x1E, 0x00, 0x13, 0x14, 0x13, 0x13, 0x0E, 0x14, 0x16, 0x17, 0x17, 0x17, 0x15, 0x17,
    0x17, 0x17, 0x16, 0x14, 0x14, 0x16, 0x16, 0x15, 0x16, 0x15, 0x16, 0x15, 0x17, 0x17, 0x19, 0x19, 0x19, 0x15, 0x17, 0x17, 0x17, 0x17, 0x15, 0x14,
    0x16, 0x15, 0x16, 0x16, 0x16, 0x14, 0x15, 0x17, 0x16, 0x17, 0x16, 0x15, 0x17, 0x17, 0x19, 0x17, 0x17, 0x17, 0x17, 0x17, 0x17, 0x16, 0x16, 0x16,
    0x16, 0x17, 0x17, 0x19, 0x16, 0x16, 0x16, 0x16, 0x16, 0x19, 0x19, 0x19, 0x17, 0x19, 0x19, 0x1A, 0x19, 0x19, 0x17, 0x17, 0x17, 0x19, 0x19, 0x19,
    0x17, 0x16, 0x17, 0x17, 0x16, 0x16, 0x17, 0x16, 0x17, 0x17, 0x16, 0x16, 0x15, 0x17, 0x16, 0x16, 0x16, 0x17, 0x17, 0x15, 0x15, 0x15, 0x16, 0x17,
    0x15, 0x14, 0x16, 0x16, 0x16, 0x16, 0x14, 0x16, 0x16, 0x16, 0x18, 0x1C, 0x1D, 0x1C, 0x1D, 0x00, 0x13, 0x13, 0x14, 0x13, 0x0E, 0x14, 0x16, 0x17,
    0x16, 0x17, 0x16, 0x16, 0x16, 0x15, 0x14, 0x14, 0x14, 0x14, 0x16, 0x12, 0x16, 0x16, 0x15, 0x17, 0x16, 0x17, 0x16, 0x17, 0x16, 0x17, 0x15, 0x16,
    0x16, 0x17, 0x16, 0x17, 0x16, 0x16, 0x16, 0x16, 0x17, 0x17, 0x16, 0x16, 0x16, 0x17, 0x17, 0x16, 0x17, 0x16, 0x17, 0x16, 0x16, 0x15, 0x15, 0x17,
    0x16, 0x15, 0x16, 0x16, 0x17, 0x15, 0x17, 0x17, 0x17, 0x17, 0x19, 0x19, 0x19, 0x1A, 0x19, 0x17, 0x16, 0x17, 0x17, 0x16, 0x17, 0x19, 0x19, 0x1A,
    0x19, 0x17, 0x19, 0x17, 0x17, 0x15, 0x16, 0x17, 0x17, 0x17, 0x17, 0x19, 0x19, 0x17, 0x17, 0x17, 0x19, 0x19, 0x17, 0x17, 0x16, 0x17, 0x15, 0x17,
    0x16, 0x17, 0x17, 0x17, 0x17, 0x19, 0x19, 0x17, 0x17, 0x19, 0x19, 0x17, 0x17, 0x16, 0x19, 0x1C, 0x1C, 0x1C, 0x1D, 0x00, 0x13, 0x14, 0x14, 0x14,
    0x0E, 0x14, 0x15, 0x16, 0x14, 0x14, 0x11, 0x11, 0x10, 0x12, 0x14, 0x15, 0x16, 0x14, 0x12, 0x14, 0x12, 0x16, 0x17, 0x19, 0x19, 0x19, 0x17, 0x14,
    0x15, 0x15, 0x14, 0x15, 0x16, 0x17, 0x17, 0x17, 0x17, 0x17, 0x17, 0x17, 0x16, 0x16, 0x17, 0x17, 0x15, 0x17, 0x17, 0x17, 0x16, 0x17, 0x16, 0x17,
    0x17, 0x16, 0x16, 0x16, 0x16, 0x16, 0x15, 0x16, 0x15, 0x16, 0x16, 0x17, 0x16, 0x17, 0x15, 0x17, 0x17, 0x14, 0x14, 0x12, 0x17, 0x15, 0x15, 0x16,
    0x16, 0x17, 0x16, 0x16, 0x16, 0x17, 0x19, 0x17, 0x17, 0x16, 0x16, 0x17, 0x17, 0x19, 0x19, 0x15, 0x16, 0x12, 0x16, 0x15, 0x16, 0x17, 0x19, 0x19,
    0x17, 0x17, 0x15, 0x17, 0x16, 0x16, 0x15, 0x17, 0x17, 0x19, 0x17, 0x17, 0x19, 0x19, 0x19, 0x19, 0x17, 0x17, 0x19, 0x1D, 0x1E, 0x1C, 0x1D, 0x00,
    0x13, 0x14, 0x14, 0x14, 0x0E, 0x14, 0x16, 0x16, 0x17, 0x17, 0x14, 0x12, 0x14, 0x14, 0x17, 0x16, 0x17, 0x19, 0x17, 0x17, 0x17, 0x17, 0x17, 0x19,
    0x19, 0x17, 0x16, 0x15, 0x14, 0x14, 0x14, 0x14, 0x16, 0x17, 0x16, 0x17, 0x17, 0x16, 0x16, 0x16, 0x16, 0x16, 0x15, 0x16, 0x16, 0x16, 0x16, 0x15,
    0x17, 0x16, 0x16, 0x17, 0x17, 0x17, 0x16, 0x17, 0x15, 0x17, 0x17, 0x17, 0x16, 0x17, 0x17, 0x17, 0x16, 0x16, 0x19, 0x19, 0x17, 0x16, 0x15, 0x16,
    0x15, 0x16, 0x15, 0x16, 0x16, 0x15, 0x14, 0x16, 0x16, 0x16, 0x17, 0x17, 0x16, 0x17, 0x16, 0x17, 0x17, 0x16, 0x16, 0x16, 0x16, 0x16, 0x15, 0x15,
    0x16, 0x16, 0x17, 0x19, 0x17, 0x17, 0x19, 0x17, 0x17, 0x16, 0x14, 0x15, 0x17, 0x17, 0x17, 0x17, 0x16, 0x16, 0x15, 0x16, 0x16, 0x17, 0x18, 0x1C,
    0x1B, 0x1A, 0x1D, 0x00, 0x14, 0x15, 0x14, 0x14, 0x0E, 0x15, 0x17, 0x16, 0x17, 0x16, 0x16, 0x16, 0x16, 0x16, 0x16, 0x14, 0x12, 0x14, 0x17, 0x1A,
    0x19, 0x19, 0x16, 0x16, 0x16, 0x16, 0x16, 0x14, 0x12, 0x14, 0x15, 0x16, 0x16, 0x15, 0x16, 0x17, 0x17, 0x16, 0x16, 0x17, 0x16, 0x16, 0x17, 0x17,
    0x19, 0x17, 0x16, 0x16, 0x15, 0x17, 0x16, 0x17, 0x17, 0x15, 0x16, 0x14, 0x16, 0x16, 0x16, 0x17, 0x17, 0x17, 0x17, 0x17, 0x17, 0x19, 0x1A, 0x1A,
    0x19, 0x17, 0x16, 0x16, 0x17, 0x16, 0x17, 0x17, 0x17, 0x17, 0x17, 0x17, 0x16, 0x17, 0x16, 0x17, 0x17, 0x17, 0x17, 0x17, 0x15, 0x16, 0x16, 0x15,
    0x15, 0x19, 0x19, 0x1A, 0x1A, 0x1A, 0x1A, 0x19, 0x19, 0x19, 0x17, 0x17, 0x17, 0x17, 0x16, 0x17, 0x16, 0x17, 0x17, 0x17, 0x17, 0x14, 0x12, 0x14,
    0x16, 0x16, 0x19, 0x1C, 0x1C, 0x1C, 0x1E, 0x00, 0x13, 0x15, 0x15, 0x16, 0x11, 0x17, 0x19, 0x17, 0x19, 0x19, 0x17, 0x17, 0x17, 0x16, 0x17, 0x17,
    0x17, 0x17, 0x19, 0x1B, 0x1A, 0x17, 0x16, 0x16, 0x17, 0x15, 0x16, 0x16, 0x17, 0x19, 0x16, 0x17, 0x16, 0x16, 0x15, 0x15, 0x16, 0x16, 0x16, 0x17,
    0x17, 0x16, 0x15, 0x17, 0x17, 0x16, 0x16, 0x17, 0x15, 0x15, 0x17, 0x15, 0x14, 0x15, 0x17, 0x17, 0x17, 0x17, 0x16, 0x16, 0x17, 0x17, 0x16, 0x16,
    0x17, 0x17, 0x17, 0x19, 0x17, 0x17, 0x19, 0x1A, 0x19, 0x17, 0x19, 0x19, 0x19, 0x17, 0x17, 0x17, 0x17, 0x17, 0x16, 0x16, 0x17, 0x16, 0x15, 0x16,
    0x14, 0x14, 0x16, 0x16, 0x16, 0x17, 0x17, 0x17, 0x19, 0x17, 0x15, 0x16, 0x14, 0x15, 0x16, 0x17, 0x17, 0x16, 0x15, 0x16, 0x12, 0x12, 0x16, 0x14,
    0x15, 0x16, 0x16, 0x17, 0x19, 0x1A, 0x1A, 0x1C, 0x1D, 0x1E, 0x1E, 0x00, 0x13, 0x15, 0x15, 0x14, 0x11, 0x16, 0x19, 0x19, 0x17, 0x16, 0x16, 0x16,
    0x16, 0x17, 0x15, 0x17, 0x19, 0x17, 0x19, 0x19, 0x17, 0x16, 0x16, 0x17, 0x19, 0x16, 0x14, 0x14, 0x16, 0x16, 0x17, 0x17, 0x17, 0x17, 0x17, 0x16,
    0x16, 0x16, 0x16, 0x15, 0x16, 0x16, 0x17, 0x16, 0x16, 0x15, 0x14, 0x16, 0x17, 0x16, 0x16, 0x16, 0x16, 0x16, 0x17, 0x17, 0x17, 0x17, 0x16, 0x16,
    0x17, 0x17, 0x17, 0x16, 0x14, 0x17, 0x16, 0x14, 0x14, 0x14, 0x16, 0x16, 0x19, 0x17, 0x19, 0x19, 0x17, 0x17, 0x19, 0x19, 0x19, 0x17, 0x16, 0x16,
    0x14, 0x16, 0x17, 0x16, 0x17, 0x17, 0x16, 0x17, 0x19, 0x17, 0x17, 0x17, 0x17, 0x17, 0x17, 0x16, 0x17, 0x16, 0x16, 0x17, 0x17, 0x19, 0x19, 0x19,
    0x17, 0x17, 0x17, 0x17, 0x15, 0x17, 0x19, 0x19, 0x19, 0x19, 0x19, 0x1C, 0x1C, 0x1E, 0x1E, 0x00, 0x13, 0x14, 0x15, 0x15, 0x11, 0x15, 0x17, 0x19,
    0x16, 0x16, 0x16, 0x16, 0x14, 0x16, 0x16, 0x17, 0x19, 0x19, 0x17, 0x17, 0x16, 0x16, 0x17, 0x17, 0x14, 0x12, 0x12, 0x14, 0x15, 0x15, 0x17, 0x17,
    0x19, 0x19, 0x16, 0x16, 0x16, 0x15, 0x16, 0x16, 0x14, 0x14, 0x15, 0x15, 0x14, 0x12, 0x14, 0x12, 0x16, 0x14, 0x12, 0x10, 0x16, 0x16, 0x17, 0x16,
    0x17, 0x17, 0x16, 0x15, 0x16, 0x14, 0x14, 0x16, 0x16, 0x14, 0x16, 0x15, 0x15, 0x16, 0x17, 0x17, 0x17, 0x19, 0x19, 0x17, 0x17, 0x16, 0x17, 0x19,
    0x17, 0x17, 0x17, 0x17, 0x17, 0x17, 0x17, 0x17, 0x19, 0x19, 0x19, 0x19, 0x19, 0x1A, 0x1A, 0x19, 0x19, 0x19, 0x17, 0x16, 0x17, 0x19, 0x19, 0x1A,
    0x19, 0x19, 0x1A, 0x1A, 0x1A, 0x1A, 0x19, 0x16, 0x16, 0x16, 0x17, 0x17, 0x17, 0x17, 0x18, 0x1B, 0x1C, 0x1C, 0x1E, 0x00, 0x13, 0x14, 0x14, 0x14,
    0x11, 0x15, 0x15, 0x17, 0x19, 0x17, 0x17, 0x17, 0x16, 0x17, 0x19, 0x19, 0x19, 0x19, 0x17, 0x16, 0x16, 0x16, 0x17, 0x17, 0x16, 0x16, 0x17, 0x19,
    0x17, 0x17, 0x15, 0x16, 0x16, 0x14, 0x15, 0x15, 0x16, 0x15, 0x14, 0x14, 0x12, 0x12, 0x10, 0x10, 0x10, 0x16, 0x16, 0x16, 0x16, 0x15, 0x16, 0x16,
    0x16, 0x16, 0x17, 0x16, 0x16, 0x16, 0x16, 0x15, 0x16, 0x16, 0x17, 0x17, 0x17, 0x17, 0x16, 0x17, 0x19, 0x17, 0x17, 0x17, 0x19, 0x17, 0x16, 0x17,
    0x19, 0x17, 0x17, 0x17, 0x19, 0x17, 0x16, 0x17, 0x17, 0x19, 0x17, 0x17, 0x17, 0x17, 0x17, 0x17, 0x17, 0x16, 0x16, 0x17, 0x17, 0x17, 0x19, 0x19,
    0x19, 0x19, 0x19, 0x19, 0x17, 0x17, 0x17, 0x17, 0x1C, 0x1C, 0x19, 0x17, 0x16, 0x16, 0x16, 0x16, 0x14, 0x15, 0x18, 0x1C, 0x1D, 0x1D, 0x1E, 0x00,
    0x13, 0x14, 0x14, 0x14, 0x11, 0x15, 0x16, 0x16, 0x14, 0x16, 0x16, 0x17, 0x19, 0x19, 0x19, 0x19, 0x17, 0x16, 0x14, 0x16, 0x16, 0x16, 0x15, 0x14,
    0x16, 0x17, 0x19, 0x1A, 0x1A, 0x19, 0x17, 0x16, 0x15, 0x17, 0x16, 0x17, 0x16, 0x15, 0x16, 0x16, 0x17, 0x16, 0x16, 0x14, 0x14, 0x14, 0x16, 0x15,
    0x16, 0x16, 0x16, 0x17, 0x17, 0x17, 0x17, 0x16, 0x16, 0x14, 0x16, 0x16, 0x16, 0x16, 0x16, 0x17, 0x17, 0x17, 0x19, 0x19, 0x17, 0x17, 0x19, 0x19,
    0x17, 0x17, 0x17, 0x17, 0x17, 0x17, 0x19, 0x17, 0x17, 0x17, 0x17, 0x16, 0x17, 0x17, 0x16, 0x17, 0x17, 0x17, 0x17, 0x16, 0x17, 0x17, 0x16, 0x17,
    0x19, 0x19, 0x17, 0x17, 0x19, 0x19, 0x17, 0x16, 0x17, 0x17, 0x17, 0x17, 0x17, 0x15, 0x17, 0x1A, 0x1A, 0x1A, 0x19, 0x16, 0x16, 0x16, 0x18, 0x1C,
    0x1D, 0x1D, 0x1E, 0x00, 0x14, 0x15, 0x14, 0x14, 0x11, 0x15, 0x16, 0x16, 0x16, 0x15, 0x17, 0x17, 0x1A, 0x19, 0x19, 0x16, 0x17, 0x15, 0x15, 0x15,
    0x15, 0x15, 0x16, 0x15, 0x15, 0x16, 0x19, 0x19, 0x1A, 0x19, 0x15, 0x16, 0x16, 0x16, 0x17, 0x19, 0x16, 0x16, 0x14, 0x16, 0x16, 0x17, 0x16, 0x15,
    0x16, 0x16, 0x17, 0x16, 0x16, 0x14, 0x17, 0x16, 0x16, 0x16, 0x16, 0x14, 0x16, 0x16, 0x17, 0x19, 0x19, 0x19, 0x17, 0x17, 0x1A, 0x19, 0x17, 0x16,
    0x17, 0x17, 0x17, 0x19, 0x17, 0x17, 0x17, 0x16, 0x17, 0x17, 0x17, 0x17, 0x17, 0x16, 0x17, 0x17, 0x17, 0x17, 0x17, 0x17, 0x19, 0x17, 0x17, 0x17,
    0x16, 0x17, 0x17, 0x17, 0x17, 0x17, 0x16, 0x16, 0x17, 0x17, 0x17, 0x17, 0x17, 0x19, 0x19, 0x19, 0x17, 0x16, 0x17, 0x17, 0x19, 0x19, 0x19, 0x1A,
    0x17, 0x16, 0x18, 0x1C, 0x1C, 0x1D, 0x1E, 0x00, 0x16, 0x17, 0x17, 0x16, 0x13, 0x16, 0x15, 0x14, 0x16, 0x15, 0x16, 0x17, 0x16, 0x17, 0x16, 0x14,
    0x17, 0x19, 0x1A, 0x19, 0x19, 0x16, 0x16, 0x15, 0x17, 0x15, 0x14, 0x16, 0x16, 0x11, 0x10, 0x12, 0x16, 0x17, 0x17, 0x16, 0x12, 0x12, 0x15, 0x16,
    0x15, 0x17, 0x17, 0x1A, 0x19, 0x17, 0x17, 0x17, 0x19, 0x17, 0x17, 0x17, 0x19, 0x19, 0x19, 0x19, 0x17, 0x17, 0x19, 0x17, 0x17, 0x17, 0x17, 0x16,
    0x17, 0x17, 0x17, 0x16, 0x16, 0x17, 0x17, 0x16, 0x15, 0x17, 0x16, 0x16, 0x17, 0x16, 0x17, 0x17, 0x16, 0x16, 0x19, 0x17, 0x17, 0x17, 0x16, 0x17,
    0x17, 0x17, 0x17, 0x16, 0x17, 0x16, 0x16, 0x17, 0x17, 0x17, 0x17, 0x16, 0x17, 0x17, 0x17, 0x17, 0x17, 0x19, 0x16, 0x16, 0x19, 0x17, 0x19, 0x16,
    0x17, 0x17, 0x19, 0x17, 0x17, 0x19, 0x1A, 0x1C, 0x1C, 0x1C, 0x1E, 0x00, 0x13, 0x17, 0x16, 0x14, 0x13, 0x15, 0x16, 0x16, 0x16, 0x14, 0x15, 0x17,
    0x16, 0x16, 0x16, 0x17, 0x17, 0x16, 0x15, 0x17, 0x14, 0x16, 0x15, 0x17, 0x17, 0x16, 0x15, 0x16, 0x16, 0x16, 0x17, 0x17, 0x1A, 0x1A, 0x19, 0x16,
    0x12, 0x16, 0x17, 0x16, 0x17, 0x17, 0x16, 0x17, 0x19, 0x17, 0x17, 0x19, 0x19, 0x19, 0x17, 0x19, 0x17, 0x16, 0x17, 0x19, 0x17, 0x17, 0x17, 0x17,
    0x17, 0x17, 0x17, 0x17, 0x16, 0x17, 0x17, 0x16, 0x17, 0x17, 0x17, 0x17, 0x17, 0x17, 0x17, 0x17, 0x16, 0x16, 0x17, 0x17, 0x17, 0x17, 0x19, 0x17,
    0x17, 0x17, 0x17, 0x17, 0x17, 0x17, 0x17, 0x19, 0x17, 0x16, 0x17, 0x17, 0x17, 0x16, 0x17, 0x16, 0x16, 0x16, 0x17, 0x17, 0x17, 0x17, 0x16, 0x16,
    0x17, 0x17, 0x17, 0x17, 0x17, 0x17, 0x17, 0x17, 0x19, 0x1A, 0x1A, 0x1C, 0x1C, 0x1C, 0x1E, 0x00, 0x13, 0x15, 0x16, 0x14, 0x13, 0x15, 0x17, 0x16,
    0x17, 0x16, 0x16, 0x17, 0x16, 0x16, 0x16, 0x16, 0x15, 0x16, 0x16, 0x17, 0x17, 0x19, 0x19, 0x1A, 0x17, 0x16, 0x15, 0x16, 0x16, 0x14, 0x16, 0x12,
    0x16, 0x15, 0x15, 0x16, 0x17, 0x19, 0x17, 0x16, 0x17, 0x16, 0x17, 0x17, 0x17, 0x19, 0x1A, 0x19, 0x17, 0x16, 0x19, 0x19, 0x19, 0x17, 0x17, 0x16,
    0x16, 0x17, 0x17, 0x17, 0x17, 0x17, 0x17, 0x16, 0x16, 0x16, 0x17, 0x17, 0x17, 0x17, 0x17, 0x17, 0x17, 0x17, 0x17, 0x17, 0x17, 0x16, 0x17, 0x17,
    0x16, 0x17, 0x17, 0x17, 0x17, 0x16, 0x17, 0x17, 0x17, 0x17, 0x17, 0x17, 0x17, 0x17, 0x17, 0x17, 0x17, 0x17, 0x17, 0x17, 0x17, 0x17, 0x17, 0x17,
    0x19, 0x16, 0x16, 0x17, 0x17, 0x17, 0x17, 0x17, 0x17, 0x17, 0x17, 0x17, 0x19, 0x19, 0x1A, 0x1D, 0x1C, 0x1C, 0x1E, 0x00, 0x13, 0x16, 0x14, 0x17,
    0x11, 0x15, 0x15, 0x15, 0x16, 0x19, 0x17, 0x16, 0x17, 0x17, 0x17, 0x15, 0x15, 0x16, 0x17, 0x17, 0x17, 0x19, 0x19, 0x17, 0x15, 0x15, 0x16, 0x16,
    0x16, 0x17, 0x17, 0x16, 0x15, 0x12, 0x14, 0x16, 0x17, 0x17, 0x17, 0x16, 0x17, 0x19, 0x16, 0x15, 0x16, 0x17, 0x19, 0x17, 0x17, 0x15, 0x16, 0x17,
    0x17, 0x16, 0x17, 0x16, 0x17, 0x16, 0x16, 0x17, 0x17, 0x17, 0x17, 0x16, 0x16, 0x16, 0x16, 0x17, 0x17, 0x17, 0x15, 0x16, 0x16, 0x16, 0x17, 0x17,
    0x17, 0x16, 0x17, 0x16, 0x16, 0x17, 0x17, 0x17, 0x17, 0x17, 0x16, 0x17, 0x19, 0x17, 0x17, 0x17, 0x17, 0x16, 0x17, 0x17, 0x17, 0x16, 0x17, 0x17,
    0x17, 0x17, 0x16, 0x17, 0x17, 0x17, 0x16, 0x19, 0x17, 0x17, 0x17, 0x17, 0x17, 0x17, 0x17, 0x17, 0x17, 0x16, 0x19, 0x1C, 0x1C, 0x1C, 0x1D, 0x00,
    0x14, 0x14, 0x14, 0x17, 0x11, 0x15, 0x16, 0x15, 0x16, 0x16, 0x17, 0x16, 0x16, 0x17, 0x17, 0x17, 0x17, 0x17, 0x17, 0x17, 0x17, 0x16, 0x16, 0x16,
    0x16, 0x17, 0x17, 0x17, 0x1A, 0x19, 0x16, 0x17, 0x17, 0x17, 0x17, 0x15, 0x17, 0x17, 0x16, 0x19, 0x19, 0x19, 0x17, 0x16, 0x16, 0x16, 0x17, 0x17,
    0x17, 0x17, 0x19, 0x17, 0x17, 0x17, 0x17, 0x17, 0x17, 0x17, 0x17, 0x17, 0x17, 0x17, 0x16, 0x16, 0x16, 0x17, 0x19, 0x19, 0x17, 0x17, 0x17, 0x17,
    0x16, 0x16, 0x16, 0x17, 0x16, 0x17, 0x17, 0x17, 0x17, 0x17, 0x17, 0x17, 0x16, 0x16, 0x17, 0x17, 0x17, 0x17, 0x17, 0x17, 0x16, 0x17, 0x17, 0x17,
    0x17, 0x16, 0x17, 0x17, 0x17, 0x16, 0x17, 0x17, 0x17, 0x17, 0x17, 0x17, 0x17, 0x17, 0x17, 0x19, 0x17, 0x17, 0x17, 0x17, 0x16, 0x16, 0x18, 0x1C,
    0x1C, 0x1C, 0x1E, 0x00, 0x15, 0x14, 0x14, 0x15, 0x13, 0x16, 0x16, 0x14, 0x15, 0x16, 0x17, 0x17, 0x17, 0x16, 0x16, 0x15, 0x17, 0x15, 0x16, 0x17,
    0x15, 0x16, 0x16, 0x16, 0x17, 0x17, 0x19, 0x16, 0x16, 0x12, 0x12, 0x16, 0x16, 0x17, 0x19, 0x19, 0x17, 0x16, 0x17, 0x19, 0x19, 0x19, 0x19, 0x17,
    0x19, 0x17, 0x16, 0x17, 0x17, 0x17, 0x17, 0x19, 0x19, 0x17, 0x17, 0x17, 0x16, 0x17, 0x17, 0x19, 0x17, 0x16, 0x17, 0x16, 0x17, 0x19, 0x17, 0x17,
    0x17, 0x16, 0x17, 0x17, 0x17, 0x17, 0x17, 0x17, 0x17, 0x17, 0x15, 0x16, 0x17, 0x17, 0x17, 0x16, 0x16, 0x16, 0x17, 0x17, 0x17, 0x15, 0x16, 0x16,
    0x16, 0x17, 0x16, 0x16, 0x17, 0x17, 0x17, 0x16, 0x17, 0x19, 0x17, 0x17, 0x17, 0x17, 0x17, 0x17, 0x17, 0x17, 0x17, 0x17, 0x16, 0x16, 0x16, 0x17,
    0x15, 0x12, 0x18, 0x1C, 0x1C, 0x1C, 0x1E, 0x00, 0x16, 0x17, 0x17, 0x17, 0x15, 0x16, 0x16, 0x16, 0x15, 0x14, 0x15, 0x17, 0x16, 0x16, 0x15, 0x15,
    0x16, 0x17, 0x17, 0x14, 0x12, 0x16, 0x17, 0x17, 0x16, 0x16, 0x16, 0x15, 0x14, 0x16, 0x15, 0x16, 0x19, 0x1A, 0x19, 0x19, 0x17, 0x19, 0x17, 0x16,
    0x16, 0x17, 0x19, 0x19, 0x19, 0x17, 0x17, 0x17, 0x16, 0x17, 0x17, 0x16, 0x15, 0x17, 0x16, 0x16, 0x17, 0x17, 0x17, 0x19, 0x17, 0x19, 0x17, 0x19,
    0x19, 0x17, 0x17, 0x17, 0x16, 0x17, 0x16, 0x17, 0x17, 0x16, 0x17, 0x17, 0x16, 0x17, 0x19, 0x17, 0x17, 0x17, 0x17, 0x17, 0x16, 0x16, 0x15, 0x15,
    0x17, 0x16, 0x17, 0x17, 0x17, 0x17, 0x17, 0x17, 0x17, 0x17, 0x17, 0x17, 0x17, 0x17, 0x17, 0x17, 0x17, 0x17, 0x17, 0x17, 0x17, 0x17, 0x17, 0x17,
    0x15, 0x16, 0x16, 0x16, 0x19, 0x19, 0x19, 0x1D, 0x1D, 0x1D, 0x1E, 0x00, 0x15, 0x16, 0x17, 0x18, 0x13, 0x16, 0x17, 0x17, 0x15, 0x17, 0x17, 0x16,
    0x16, 0x15, 0x14, 0x14, 0x16, 0x17, 0x16, 0x12, 0x12, 0x16, 0x17, 0x16, 0x15, 0x16, 0x17, 0x16, 0x17, 0x17, 0x17, 0x19, 0x19, 0x19, 0x17, 0x19,
    0x1C, 0x1B, 0x17, 0x17, 0x19, 0x17, 0x17, 0x17, 0x16, 0x16, 0x17, 0x16, 0x17, 0x17, 0x14, 0x14, 0x16, 0x16, 0x17, 0x16, 0x16, 0x16, 0x19, 0x17,
    0x17, 0x16, 0x16, 0x14, 0x16, 0x15, 0x17, 0x17, 0x16, 0x17, 0x17, 0x17, 0x17, 0x16, 0x17, 0x17, 0x17, 0x17, 0x17, 0x16, 0x17, 0x16, 0x17, 0x17,
    0x19, 0x19, 0x19, 0x17, 0x17, 0x17, 0x17, 0x17, 0x17, 0x17, 0x17, 0x16, 0x17, 0x17, 0x17, 0x17, 0x17, 0x19, 0x17, 0x17, 0x17, 0x17, 0x16, 0x17,
    0x17, 0x19, 0x19, 0x16, 0x14, 0x12, 0x14, 0x11, 0x16, 0x19, 0x1A, 0x1D, 0x1D, 0x1C, 0x1E, 0x00, 0x14, 0x16, 0x15, 0x16, 0x13, 0x16, 0x17, 0x17,
    0x15, 0x14, 0x17, 0x17, 0x16, 0x16, 0x16, 0x17, 0x17, 0x16, 0x12, 0x12, 0x14, 0x15, 0x17, 0x19, 0x17, 0x16, 0x17, 0x17, 0x17, 0x19, 0x19, 0x19,
    0x19, 0x17, 0x17, 0x19, 0x17, 0x17, 0x17, 0x17, 0x16, 0x17, 0x17, 0x16, 0x16, 0x16, 0x17, 0x17, 0x17, 0x16, 0x16, 0x14, 0x16, 0x16, 0x17, 0x16,
    0x19, 0x16, 0x17, 0x17, 0x17, 0x16, 0x16, 0x17, 0x17, 0x16, 0x17, 0x17, 0x17, 0x17, 0x17, 0x17, 0x16, 0x17, 0x17, 0x16, 0x17, 0x16, 0x16, 0x17,
    0x16, 0x16, 0x17, 0x17, 0x19, 0x17, 0x17, 0x17, 0x17, 0x17, 0x17, 0x16, 0x17, 0x17, 0x17, 0x16, 0x16, 0x17, 0x17, 0x16, 0x16, 0x17, 0x17, 0x17,
    0x17, 0x17, 0x17, 0x17, 0x17, 0x17, 0x16, 0x14, 0x12, 0x12, 0x14, 0x15, 0x16, 0x16, 0x19, 0x1C, 0x1B, 0x1C, 0x1D, 0x00, 0x14, 0x17, 0x16, 0x19,
    0x13, 0x16, 0x17, 0x17, 0x17, 0x17, 0x15, 0x16, 0x15, 0x17, 0x16, 0x17, 0x17, 0x14, 0x14, 0x17, 0x19, 0x19, 0x17, 0x19, 0x17, 0x16, 0x17, 0x17,
    0x19, 0x19, 0x17, 0x17, 0x17, 0x16, 0x17, 0x16, 0x17, 0x19, 0x19, 0x17, 0x15, 0x14, 0x14, 0x14, 0x16, 0x17, 0x16, 0x16, 0x16, 0x17, 0x16, 0x16,
    0x17, 0x16, 0x17, 0x16, 0x16, 0x16, 0x17, 0x17, 0x17, 0x17, 0x16, 0x17, 0x17, 0x17, 0x16, 0x16, 0x17, 0x16, 0x17, 0x17, 0x17, 0x16, 0x16, 0x17,
    0x19, 0x17, 0x17, 0x17, 0x17, 0x17, 0x17, 0x17, 0x16, 0x19, 0x17, 0x17, 0x17, 0x17, 0x16, 0x17, 0x17, 0x17, 0x17, 0x16, 0x16, 0x16, 0x17, 0x17,
    0x17, 0x17, 0x16, 0x17, 0x17, 0x17, 0x17, 0x17, 0x17, 0x17, 0x16, 0x12, 0x14, 0x16, 0x15, 0x17, 0x19, 0x17, 0x1A, 0x1D, 0x1C, 0x1C, 0x1D, 0x00,
    0x15, 0x17, 0x19, 0x19, 0x12, 0x15, 0x17, 0x16, 0x17, 0x15, 0x15, 0x17, 0x17, 0x17, 0x19, 0x17, 0x16, 0x15, 0x17, 0x17, 0x19, 0x19, 0x17, 0x16,
    0x17, 0x17, 0x16, 0x16, 0x17, 0x19, 0x19, 0x17, 0x17, 0x17, 0x16, 0x17, 0x17, 0x17, 0x17, 0x17, 0x16, 0x16, 0x17, 0x19, 0x17, 0x17, 0x16, 0x14,
    0x14, 0x15, 0x17, 0x16, 0x17, 0x17, 0x16, 0x17, 0x17, 0x17, 0x16, 0x17, 0x17, 0x17, 0x17, 0x16, 0x16, 0x17, 0x17, 0x17, 0x17, 0x17, 0x17, 0x17,
    0x17, 0x16, 0x19, 0x17, 0x17, 0x17, 0x17, 0x16, 0x17, 0x17, 0x16, 0x16, 0x17, 0x17, 0x17, 0x17, 0x17, 0x17, 0x17, 0x17, 0x19, 0x17, 0x15, 0x16,
    0x17, 0x17, 0x17, 0x17, 0x17, 0x17, 0x16, 0x17, 0x17, 0x17, 0x17, 0x17, 0x17, 0x16, 0x17, 0x19, 0x19, 0x19, 0x19, 0x19, 0x17, 0x19, 0x1A, 0x1D,
    0x1D, 0x1D, 0x1E, 0x00, 0x16, 0x17, 0x17, 0x16, 0x12, 0x14, 0x16, 0x16, 0x16, 0x17, 0x19, 0x17, 0x16, 0x16, 0x17, 0x17, 0x17, 0x19, 0x17, 0x19,
    0x17, 0x17, 0x17, 0x17, 0x17, 0x16, 0x16, 0x16, 0x17, 0x19, 0x17, 0x19, 0x17, 0x16, 0x16, 0x15, 0x17, 0x17, 0x17, 0x15, 0x17, 0x19, 0x19, 0x17,
    0x17, 0x17, 0x15, 0x16, 0x17, 0x17, 0x19, 0x17, 0x19, 0x17, 0x17, 0x19, 0x17, 0x17, 0x17, 0x17, 0x17, 0x17, 0x16, 0x16, 0x16, 0x17, 0x17, 0x17,
    0x17, 0x19, 0x16, 0x17, 0x17, 0x17, 0x17, 0x16, 0x19, 0x16, 0x17, 0x17, 0x17, 0x16, 0x19, 0x19, 0x19, 0x17, 0x17, 0x17, 0x17, 0x17, 0x17, 0x17,
    0x17, 0x17, 0x17, 0x17, 0x17, 0x19, 0x17, 0x17, 0x17, 0x17, 0x17, 0x17, 0x19, 0x17, 0x17, 0x17, 0x17, 0x17, 0x17, 0x19, 0x1A, 0x1A, 0x17, 0x17,
    0x19, 0x19, 0x1A, 0x1C, 0x1C, 0x1C, 0x1E, 0x00, 0x14, 0x16, 0x19, 0x18, 0x11, 0x13, 0x14, 0x16, 0x16, 0x17, 0x17, 0x16, 0x14, 0x12, 0x12, 0x14,
    0x14, 0x16, 0x19, 0x17, 0x17, 0x19, 0x1A, 0x19, 0x17, 0x16, 0x17, 0x17, 0x19, 0x16, 0x19, 0x16, 0x17, 0x16, 0x17, 0x17, 0x16, 0x17, 0x17, 0x17,
    0x19, 0x19, 0x19, 0x17, 0x17, 0x15, 0x17, 0x16, 0x17, 0x17, 0x19, 0x1A, 0x19, 0x17, 0x16, 0x16, 0x17, 0x17, 0x17, 0x17, 0x17, 0x17, 0x17, 0x17,
    0x16, 0x17, 0x17, 0x16, 0x17, 0x17, 0x17, 0x16, 0x16, 0x16, 0x17, 0x19, 0x16, 0x17, 0x16, 0x16, 0x17, 0x17, 0x16, 0x17, 0x17, 0x17, 0x17, 0x17,
    0x17, 0x17, 0x17, 0x17, 0x17, 0x17, 0x17, 0x17, 0x17, 0x17, 0x17, 0x17, 0x17, 0x17, 0x17, 0x17, 0x16, 0x17, 0x16, 0x17, 0x17, 0x16, 0x17, 0x14,
    0x16, 0x17, 0x17, 0x17, 0x17, 0x1A, 0x1B, 0x1E, 0x1E, 0x1D, 0x1E, 0x00, 0x13, 0x15, 0x18, 0x16, 0x10, 0x14, 0x16, 0x16, 0x17, 0x19, 0x17, 0x16,
    0x17, 0x17, 0x16, 0x17, 0x19, 0x19, 0x19, 0x17, 0x15, 0x16, 0x16, 0x17, 0x15, 0x16, 0x17, 0x17, 0x19, 0x16, 0x16, 0x16, 0x16, 0x17, 0x16, 0x16,
    0x16, 0x17, 0x17, 0x17, 0x17, 0x19, 0x17, 0x17, 0x15, 0x16, 0x16, 0x17, 0x19, 0x19, 0x19, 0x16, 0x17, 0x16, 0x17, 0x16, 0x17, 0x17, 0x16, 0x15,
    0x16, 0x17, 0x17, 0x17, 0x17, 0x17, 0x17, 0x17, 0x17, 0x17, 0x17, 0x17, 0x17, 0x17, 0x17, 0x16, 0x19, 0x17, 0x16, 0x17, 0x19, 0x17, 0x17, 0x17,
    0x17, 0x17, 0x17, 0x17, 0x17, 0x17, 0x16, 0x17, 0x17, 0x17, 0x17, 0x16, 0x17, 0x17, 0x17, 0x17, 0x17, 0x17, 0x17, 0x17, 0x17, 0x17, 0x17, 0x17,
    0x19, 0x17, 0x16, 0x14, 0x15, 0x17, 0x17, 0x17, 0x17, 0x19, 0x1A, 0x1D, 0x1D, 0x1D, 0x1E, 0x00, 0x16, 0x17, 0x16, 0x15, 0x11, 0x15, 0x17, 0x16,
    0x19, 0x1A, 0x1A, 0x17, 0x17, 0x17, 0x17, 0x17, 0x19, 0x19, 0x17, 0x15, 0x14, 0x14, 0x14, 0x12, 0x14, 0x15, 0x16, 0x17, 0x17, 0x17, 0x16, 0x15,
    0x17, 0x17, 0x17, 0x17, 0x17, 0x17, 0x19, 0x17, 0x17, 0x17, 0x17, 0x17, 0x16, 0x16, 0x17, 0x19, 0x17, 0x19, 0x16, 0x17, 0x17, 0x17, 0x15, 0x16,
    0x17, 0x17, 0x17, 0x16, 0x14, 0x15, 0x17, 0x17, 0x16, 0x17, 0x17, 0x16, 0x16, 0x17, 0x17, 0x16, 0x17, 0x17, 0x19, 0x17, 0x17, 0x17, 0x19, 0x19,
    0x17, 0x17, 0x17, 0x17, 0x17, 0x17, 0x16, 0x17, 0x17, 0x17, 0x16, 0x17, 0x17, 0x17, 0x17, 0x19, 0x17, 0x17, 0x17, 0x17, 0x17, 0x16, 0x17, 0x17,
    0x16, 0x17, 0x17, 0x17, 0x15, 0x17, 0x16, 0x16, 0x19, 0x1A, 0x19, 0x17, 0x19, 0x17, 0x19, 0x1C, 0x1D, 0x1C, 0x1E, 0x00, 0x13, 0x16, 0x16, 0x18,
    0x13, 0x17, 0x19, 0x19, 0x19, 0x17, 0x17, 0x17, 0x17, 0x16, 0x15, 0x15, 0x17, 0x16, 0x16, 0x16, 0x16, 0x17, 0x16, 0x17, 0x17, 0x17, 0x16, 0x17,
    0x16, 0x16, 0x15, 0x16, 0x16, 0x17, 0x17, 0x17, 0x16, 0x17, 0x16, 0x17, 0x16, 0x16, 0x15, 0x14, 0x16, 0x15, 0x17, 0x19, 0x17, 0x16, 0x16, 0x16,
    0x15, 0x15, 0x17, 0x16, 0x17, 0x17, 0x17, 0x17, 0x16, 0x16, 0x16, 0x17, 0x19, 0x17, 0x16, 0x16, 0x16, 0x17, 0x17, 0x17, 0x17, 0x16, 0x17, 0x17,
    0x19, 0x17, 0x19, 0x17, 0x17, 0x17, 0x17, 0x17, 0x17, 0x17, 0x17, 0x19, 0x17, 0x17, 0x16, 0x17, 0x17, 0x17, 0x17, 0x19, 0x17, 0x19, 0x17, 0x17,
    0x17, 0x17, 0x17, 0x17, 0x17, 0x16, 0x17, 0x16, 0x16, 0x14, 0x16, 0x19, 0x19, 0x19, 0x19, 0x17, 0x16, 0x15, 0x18, 0x1C, 0x1C, 0x1C, 0x1E, 0x00,
    0x16, 0x17, 0x17, 0x17, 0x13, 0x17, 0x19, 0x19, 0x17, 0x16, 0x16, 0x17, 0x19, 0x17, 0x15, 0x15, 0x15, 0x16, 0x15, 0x17, 0x19, 0x17, 0x16, 0x16,
    0x17, 0x17, 0x17, 0x15, 0x16, 0x17, 0x15, 0x16, 0x16, 0x16, 0x16, 0x16, 0x16, 0x16, 0x16, 0x14, 0x16, 0x15, 0x16, 0x15, 0x17, 0x17, 0x17, 0x17,
    0x16, 0x17, 0x17, 0x15, 0x16, 0x17, 0x17, 0x17, 0x16, 0x17, 0x17, 0x17, 0x17, 0x16, 0x14, 0x16, 0x17, 0x17, 0x16, 0x17, 0x17, 0x17, 0x17, 0x17,
    0x17, 0x17, 0x16, 0x17, 0x17, 0x17, 0x17, 0x17, 0x17, 0x17, 0x17, 0x17, 0x17, 0x17, 0x17, 0x17, 0x17, 0x19, 0x17, 0x17, 0x17, 0x17, 0x17, 0x17,
    0x19, 0x17, 0x17, 0x16, 0x17, 0x17, 0x16, 0x17, 0x17, 0x17, 0x17, 0x17, 0x16, 0x16, 0x19, 0x17, 0x19, 0x19, 0x19, 0x19, 0x19, 0x16, 0x18, 0x1D,
    0x1D, 0x1D, 0x1E, 0x00, 0x14, 0x16, 0x13, 0x16, 0x12, 0x15, 0x17, 0x17, 0x15, 0x16, 0x16, 0x17, 0x19, 0x17, 0x17, 0x17, 0x16, 0x16, 0x15, 0x16,
    0x15, 0x16, 0x15, 0x16, 0x17, 0x16, 0x17, 0x16, 0x16, 0x16, 0x16, 0x16, 0x16, 0x16, 0x16, 0x17, 0x14, 0x10, 0x10, 0x14, 0x16, 0x17, 0x19, 0x1A,
    0x1A, 0x17, 0x17, 0x17, 0x17, 0x17, 0x17, 0x15, 0x16, 0x16, 0x16, 0x16, 0x15, 0x16, 0x16, 0x17, 0x17, 0x17, 0x17, 0x17, 0x17, 0x17, 0x19, 0x17,
    0x17, 0x17, 0x17, 0x17, 0x17, 0x17, 0x17, 0x16, 0x16, 0x17, 0x16, 0x17, 0x17, 0x17, 0x16, 0x16, 0x17, 0x17, 0x17, 0x17, 0x17, 0x17, 0x17, 0x17,
    0x17, 0x17, 0x17, 0x17, 0x17, 0x17, 0x17, 0x17, 0x17, 0x17, 0x17, 0x17, 0x17, 0x19, 0x19, 0x17, 0x17, 0x15, 0x19, 0x19, 0x19, 0x19, 0x19, 0x19,
    0x16, 0x15, 0x18, 0x1C, 0x1D, 0x1C, 0x1E, 0x00, 0x14, 0x17, 0x19, 0x17, 0x12, 0x13, 0x10, 0x10, 0x10, 0x12, 0x14, 0x15, 0x16, 0x16, 0x17, 0x19,
    0x1A, 0x1C, 0x1A, 0x19, 0x17, 0x16, 0x16, 0x16, 0x16, 0x17, 0x17, 0x17, 0x16, 0x17, 0x19, 0x16, 0x15, 0x16, 0x15, 0x17, 0x17, 0x17, 0x16, 0x16,
    0x17, 0x16, 0x16, 0x17, 0x17, 0x19, 0x17, 0x17, 0x19, 0x16, 0x16, 0x17, 0x19, 0x17, 0x17, 0x17, 0x19, 0x16, 0x17, 0x17, 0x17, 0x19, 0x19, 0x19,
    0x19, 0x17, 0x19, 0x17, 0x17, 0x17, 0x17, 0x17, 0x17, 0x17, 0x17, 0x16, 0x17, 0x17, 0x17, 0x19, 0x17, 0x17, 0x16, 0x17, 0x17, 0x19, 0x17, 0x17,
    0x17, 0x17, 0x17, 0x17, 0x16, 0x16, 0x17, 0x17, 0x17, 0x17, 0x17, 0x17, 0x17, 0x17, 0x17, 0x19, 0x17, 0x19, 0x19, 0x19, 0x16, 0x16, 0x17, 0x19,
    0x19, 0x17, 0x19, 0x17, 0x19, 0x17, 0x19, 0x1C, 0x1D, 0x1D, 0x1E, 0x00, 0x17, 0x18, 0x17, 0x17, 0x12, 0x15, 0x16, 0x16, 0x17, 0x17, 0x14, 0x12,
    0x12, 0x15, 0x17, 0x17, 0x17, 0x19, 0x1A, 0x19, 0x19, 0x16, 0x17, 0x17, 0x16, 0x17, 0x17, 0x17, 0x16, 0x17, 0x19, 0x17, 0x17, 0x17, 0x19, 0x19,
    0x19, 0x19, 0x1A, 0x1C, 0x19, 0x17, 0x19, 0x17, 0x17, 0x17, 0x17, 0x16, 0x16, 0x12, 0x14, 0x14, 0x15, 0x16, 0x17, 0x17, 0x17, 0x16, 0x17, 0x17,
    0x17, 0x17, 0x17, 0x19, 0x17, 0x19, 0x17, 0x17, 0x16, 0x17, 0x17, 0x16, 0x17, 0x17, 0x16, 0x16, 0x17, 0x16, 0x17, 0x17, 0x17, 0x19, 0x19, 0x16,
    0x17, 0x17, 0x17, 0x17, 0x17, 0x19, 0x17, 0x17, 0x17, 0x17, 0x17, 0x19, 0x17, 0x17, 0x19, 0x17, 0x17, 0x17, 0x17, 0x19, 0x17, 0x17, 0x16, 0x14,
    0x17, 0x19, 0x1A, 0x1A, 0x19, 0x17, 0x17, 0x19, 0x19, 0x19, 0x1A, 0x1E, 0x1D, 0x1C, 0x1E, 0x00, 0x14, 0x16, 0x18, 0x18, 0x13, 0x17, 0x1A, 0x1C,
    0x1A, 0x17, 0x16, 0x17, 0x19, 0x19, 0x19, 0x14, 0x16, 0x16, 0x17, 0x16, 0x17, 0x17, 0x17, 0x17, 0x17, 0x15, 0x17, 0x17, 0x16, 0x17, 0x17, 0x17,
    0x16, 0x15, 0x16, 0x14, 0x16, 0x19, 0x19, 0x19, 0x15, 0x16, 0x17, 0x16, 0x16, 0x16, 0x15, 0x17, 0x17, 0x19, 0x16, 0x16, 0x17, 0x17, 0x17, 0x17,
    0x17, 0x16, 0x16, 0x17, 0x17, 0x17, 0x17, 0x19, 0x16, 0x16, 0x16, 0x16, 0x16, 0x17, 0x16, 0x17, 0x17, 0x17, 0x16, 0x17, 0x17, 0x17, 0x17, 0x17,
    0x17, 0x16, 0x17, 0x17, 0x16, 0x16, 0x17, 0x17, 0x19, 0x17, 0x17, 0x16, 0x17, 0x17, 0x17, 0x19, 0x17, 0x17, 0x17, 0x17, 0x17, 0x16, 0x17, 0x17,
    0x17, 0x16, 0x15, 0x16, 0x19, 0x19, 0x1A, 0x19, 0x19, 0x17, 0x17, 0x17, 0x19, 0x19, 0x1A, 0x1C, 0x1C, 0x1C, 0x1E, 0x00, 0x14, 0x16, 0x16, 0x16,
    0x12, 0x16, 0x16, 0x16, 0x19, 0x19, 0x19, 0x17, 0x19, 0x19, 0x19, 0x14, 0x10, 0x10, 0x12, 0x14, 0x14, 0x14, 0x16, 0x16, 0x16, 0x17, 0x15, 0x16,
    0x17, 0x16, 0x17, 0x19, 0x19, 0x19, 0x1A, 0x1A, 0x19, 0x19, 0x15, 0x16, 0x15, 0x16, 0x17, 0x17, 0x17, 0x17, 0x17, 0x16, 0x1A, 0x1E, 0x1C, 0x1D,
    0x19, 0x19, 0x17, 0x17, 0x17, 0x17, 0x17, 0x17, 0x17, 0x17, 0x17, 0x16, 0x17, 0x17, 0x16, 0x17, 0x17, 0x17, 0x17, 0x17, 0x16, 0x17, 0x17, 0x17,
    0x16, 0x17, 0x17, 0x17, 0x17, 0x17, 0x17, 0x19, 0x17, 0x17, 0x17, 0x17, 0x17, 0x19, 0x17, 0x16, 0x17, 0x17, 0x17, 0x17, 0x17, 0x17, 0x17, 0x17,
    0x16, 0x17, 0x15, 0x17, 0x17, 0x17, 0x17, 0x1A, 0x19, 0x1A, 0x1A, 0x19, 0x16, 0x17, 0x19, 0x17, 0x17, 0x17, 0x19, 0x1D, 0x1C, 0x1C, 0x1E, 0x00,
    0x15, 0x16, 0x16, 0x16, 0x13, 0x14, 0x10, 0x12, 0x16, 0x17, 0x17, 0x19, 0x19, 0x17, 0x19, 0x15, 0x17, 0x16, 0x16, 0x19, 0x17, 0x15, 0x17, 0x17,
    0x19, 0x19, 0x19, 0x19, 0x19, 0x19, 0x17, 0x16, 0x16, 0x17, 0x19, 0x19, 0x17, 0x16, 0x16, 0x17, 0x17, 0x17, 0x17, 0x17, 0x19, 0x17, 0x19, 0x19,
    0x17, 0x17, 0x19, 0x17, 0x17, 0x19, 0x17, 0x17, 0x17, 0x19, 0x19, 0x16, 0x16, 0x16, 0x15, 0x17, 0x19, 0x17, 0x16, 0x17, 0x19, 0x19, 0x19, 0x17,
    0x17, 0x17, 0x17, 0x17, 0x17, 0x17, 0x16, 0x16, 0x16, 0x17, 0x17, 0x19, 0x17, 0x19, 0x17, 0x17, 0x17, 0x17, 0x17, 0x17, 0x17, 0x19, 0x19, 0x19,
    0x17, 0x17, 0x16, 0x17, 0x16, 0x16, 0x16, 0x16, 0x15, 0x17, 0x19, 0x19, 0x19, 0x19, 0x17, 0x16, 0x17, 0x17, 0x17, 0x17, 0x19, 0x17, 0x19, 0x1C,
    0x1C, 0x1C, 0x1E, 0x00, 0x14, 0x17, 0x16, 0x16, 0x13, 0x14, 0x16, 0x16, 0x16, 0x19, 0x19, 0x19, 0x16, 0x16, 0x16, 0x19, 0x19, 0x1A, 0x19, 0x19,
    0x19, 0x17, 0x16, 0x17, 0x17, 0x19, 0x17, 0x17, 0x17, 0x17, 0x17, 0x17, 0x16, 0x17, 0x17, 0x17, 0x17, 0x16, 0x17, 0x19, 0x17, 0x19, 0x19, 0x19,
    0x19, 0x17, 0x17, 0x17, 0x19, 0x17, 0x17, 0x19, 0x17, 0x19, 0x17, 0x17, 0x19, 0x16, 0x19, 0x17, 0x17, 0x17, 0x17, 0x17, 0x16, 0x17, 0x19, 0x17,
    0x17, 0x19, 0x17, 0x16, 0x17, 0x17, 0x17, 0x17, 0x19, 0x16, 0x16, 0x17, 0x17, 0x17, 0x19, 0x17, 0x17, 0x17, 0x17, 0x19, 0x17, 0x17, 0x17, 0x17,
    0x19, 0x17, 0x17, 0x16, 0x17, 0x16, 0x16, 0x16, 0x16, 0x17, 0x19, 0x19, 0x19, 0x19, 0x17, 0x19, 0x17, 0x17, 0x17, 0x17, 0x17, 0x19, 0x17, 0x19,
    0x19, 0x17, 0x19, 0x1C, 0x1C, 0x1C, 0x1E, 0x00, 0x13, 0x17, 0x17, 0x17, 0x14, 0x16, 0x17, 0x1A, 0x19, 0x17, 0x16, 0x12, 0x10, 0x10, 0x12, 0x17,
    0x1A, 0x19, 0x19, 0x19, 0x19, 0x17, 0x17, 0x16, 0x16, 0x17, 0x19, 0x17, 0x17, 0x16, 0x17, 0x17, 0x15, 0x14, 0x17, 0x17, 0x17, 0x17, 0x17, 0x19,
    0x19, 0x19, 0x1A, 0x17, 0x17, 0x1A, 0x19, 0x17, 0x17, 0x17, 0x17, 0x17, 0x19, 0x19, 0x17, 0x19, 0x19, 0x19, 0x17, 0x19, 0x17, 0x17, 0x16, 0x15,
    0x16, 0x19, 0x17, 0x17, 0x19, 0x17, 0x17, 0x17, 0x17, 0x17, 0x17, 0x19, 0x17, 0x17, 0x17, 0x17, 0x17, 0x17, 0x17, 0x17, 0x17, 0x17, 0x17, 0x17,
    0x17, 0x17, 0x17, 0x17, 0x19, 0x16, 0x16, 0x15, 0x15, 0x17, 0x19, 0x19, 0x1C, 0x1C, 0x1A, 0x1A, 0x1A, 0x1B, 0x19, 0x19, 0x17, 0x17, 0x17, 0x19,
    0x19, 0x19, 0x17, 0x17, 0x19, 0x17, 0x19, 0x1C, 0x1D, 0x1C, 0x1E, 0x00, 0x16, 0x19, 0x18, 0x17, 0x14, 0x16, 0x1A, 0x19, 0x17, 0x16, 0x16, 0x17,
    0x15, 0x17, 0x19, 0x19, 0x19, 0x1A, 0x19, 0x17, 0x16, 0x16, 0x16, 0x15, 0x17, 0x19, 0x17, 0x16, 0x15, 0x17, 0x17, 0x17, 0x17, 0x16, 0x16, 0x16,
    0x17, 0x17, 0x17, 0x19, 0x17, 0x17, 0x16, 0x19, 0x17, 0x17, 0x17, 0x19, 0x17, 0x17, 0x17, 0x19, 0x17, 0x17, 0x19, 0x19, 0x19, 0x17, 0x16, 0x16,
    0x17, 0x16, 0x15, 0x17, 0x17, 0x19, 0x17, 0x17, 0x17, 0x19, 0x17, 0x17, 0x17, 0x19, 0x17, 0x17, 0x17, 0x19, 0x19, 0x17, 0x19, 0x17, 0x19, 0x17,
    0x19, 0x17, 0x17, 0x17, 0x17, 0x17, 0x17, 0x17, 0x16, 0x15, 0x17, 0x17, 0x19, 0x17, 0x17, 0x19, 0x19, 0x19, 0x19, 0x19, 0x17, 0x17, 0x17, 0x19,
    0x17, 0x17, 0x17, 0x17, 0x17, 0x19, 0x19, 0x17, 0x17, 0x17, 0x18, 0x1C, 0x1C, 0x1D, 0x1E, 0x00, 0x15, 0x17, 0x17, 0x17, 0x12, 0x16, 0x16, 0x16,
    0x12, 0x15, 0x15, 0x17, 0x19, 0x1A, 0x19, 0x16, 0x14, 0x16, 0x15, 0x15, 0x16, 0x17, 0x19, 0x19, 0x17, 0x16, 0x16, 0x14, 0x14, 0x16, 0x16, 0x17,
    0x19, 0x17, 0x17, 0x17, 0x17, 0x17, 0x17, 0x17, 0x16, 0x14, 0x14, 0x16, 0x19, 0x19, 0x19, 0x17, 0x17, 0x17, 0x17, 0x19, 0x17, 0x15, 0x17, 0x17,
    0x19, 0x17, 0x17, 0x17, 0x17, 0x17, 0x17, 0x19, 0x17, 0x17, 0x19, 0x17, 0x17, 0x17, 0x16, 0x17, 0x17, 0x19, 0x19, 0x19, 0x17, 0x17, 0x17, 0x16,
    0x17, 0x17, 0x17, 0x17, 0x17, 0x19, 0x17, 0x16, 0x17, 0x17, 0x17, 0x14, 0x10, 0x14, 0x15, 0x17, 0x19, 0x1A, 0x1A, 0x19, 0x17, 0x19, 0x17, 0x17,
    0x17, 0x17, 0x17, 0x17, 0x17, 0x17, 0x17, 0x17, 0x17, 0x17, 0x17, 0x16, 0x14, 0x14, 0x18, 0x1C, 0x1C, 0x1D, 0x1E, 0x00, 0x16, 0x16, 0x16, 0x16,
    0x12, 0x16, 0x16, 0x16, 0x17, 0x17, 0x16, 0x16, 0x16, 0x17, 0x17, 0x17, 0x15, 0x14, 0x12, 0x15, 0x16, 0x19, 0x1A, 0x1A, 0x19, 0x1A, 0x19, 0x17,
    0x17, 0x17, 0x17, 0x17, 0x19, 0x17, 0x17, 0x17, 0x17, 0x19, 0x19, 0x17, 0x17, 0x15, 0x14, 0x16, 0x15, 0x16, 0x17, 0x17, 0x17, 0x17, 0x16, 0x17,
    0x16, 0x17, 0x17, 0x17, 0x17, 0x17, 0x17, 0x17, 0x19, 0x19, 0x1A, 0x19, 0x19, 0x17, 0x17, 0x17, 0x17, 0x17, 0x15, 0x17, 0x19, 0x19, 0x15, 0x17,
    0x17, 0x17, 0x19, 0x17, 0x17, 0x17, 0x17, 0x16, 0x17, 0x17, 0x17, 0x14, 0x15, 0x16, 0x16, 0x17, 0x17, 0x19, 0x19, 0x19, 0x17, 0x17, 0x17, 0x16,
    0x17, 0x17, 0x19, 0x17, 0x17, 0x17, 0x19, 0x17, 0x17, 0x17, 0x17, 0x17, 0x16, 0x16, 0x16, 0x16, 0x16, 0x17, 0x18, 0x1C, 0x1D, 0x1D, 0x1E, 0x00,
    0x15, 0x16, 0x17, 0x16, 0x12, 0x16, 0x19, 0x19, 0x17, 0x17, 0x16, 0x17, 0x17, 0x17, 0x19, 0x17, 0x17, 0x16, 0x17, 0x19, 0x15, 0x17, 0x19, 0x1C,
    0x1E, 0x1E, 0x1E, 0x1A, 0x17, 0x17, 0x17, 0x17, 0x17, 0x15, 0x17, 0x17, 0x16, 0x14, 0x14, 0x16, 0x16, 0x16, 0x16, 0x16, 0x15, 0x14, 0x16, 0x17,
    0x16, 0x17, 0x16, 0x17, 0x16, 0x17, 0x17, 0x17, 0x15, 0x15, 0x17, 0x17, 0x17, 0x17, 0x17, 0x15, 0x16, 0x16, 0x15, 0x16, 0x15, 0x15, 0x16, 0x17,
    0x19, 0x17, 0x14, 0x15, 0x16, 0x16, 0x16, 0x17, 0x17, 0x16, 0x16, 0x14, 0x16, 0x16, 0x16, 0x17, 0x19, 0x17, 0x19, 0x19, 0x19, 0x1A, 0x19, 0x19,
    0x17, 0x17, 0x17, 0x19, 0x19, 0x17, 0x17, 0x16, 0x17, 0x19, 0x19, 0x19, 0x16, 0x17, 0x19, 0x17, 0x19, 0x17, 0x19, 0x17, 0x17, 0x16, 0x18, 0x1C,
    0x1C, 0x1D, 0x1E, 0x00, 0x16, 0x17, 0x16, 0x17, 0x13, 0x17, 0x19, 0x17, 0x19, 0x19, 0x19, 0x19, 0x19, 0x17, 0x15, 0x16, 0x17, 0x17, 0x19, 0x19,
    0x19, 0x17, 0x15, 0x15, 0x17, 0x17, 0x17, 0x19, 0x17, 0x19, 0x17, 0x16, 0x16, 0x17, 0x16, 0x19, 0x19, 0x19, 0x17, 0x16, 0x16, 0x19, 0x19, 0x17,
    0x19, 0x17, 0x17, 0x17, 0x19, 0x17, 0x19, 0x19, 0x17, 0x16, 0x17, 0x17, 0x17, 0x17, 0x17, 0x19, 0x19, 0x19, 0x19, 0x17, 0x17, 0x16, 0x16, 0x16,
    0x16, 0x15, 0x15, 0x16, 0x14, 0x16, 0x16, 0x16, 0x15, 0x16, 0x16, 0x15, 0x16, 0x16, 0x17, 0x16, 0x17, 0x17, 0x19, 0x19, 0x1A, 0x19, 0x17, 0x17,
    0x19, 0x17, 0x17, 0x17, 0x19, 0x17, 0x17, 0x19, 0x17, 0x17, 0x17, 0x17, 0x17, 0x17, 0x17, 0x17, 0x17, 0x17, 0x17, 0x17, 0x17, 0x17, 0x19, 0x19,
    0x17, 0x16, 0x18, 0x1C, 0x1C, 0x1C, 0x1E, 0x00, 0x16, 0x16, 0x16, 0x17, 0x12, 0x16, 0x16, 0x16, 0x17, 0x1A, 0x1A, 0x1C, 0x1A, 0x17, 0x17, 0x16,
    0x17, 0x1A, 0x1A, 0x19, 0x17, 0x17, 0x16, 0x15, 0x15, 0x16, 0x16, 0x17, 0x17, 0x16, 0x17, 0x19, 0x17, 0x16, 0x16, 0x17, 0x19, 0x15, 0x15, 0x16,
    0x15, 0x17, 0x17, 0x16, 0x17, 0x16, 0x16, 0x15, 0x16, 0x16, 0x16, 0x17, 0x16, 0x17, 0x19, 0x19, 0x19, 0x19, 0x17, 0x17, 0x17, 0x17, 0x19, 0x17,
    0x16, 0x17, 0x16, 0x16, 0x17, 0x15, 0x17, 0x17, 0x19, 0x17, 0x19, 0x17, 0x17, 0x19, 0x19, 0x15, 0x15, 0x17, 0x1B, 0x19, 0x15, 0x15, 0x16, 0x14,
    0x16, 0x15, 0x16, 0x16, 0x17, 0x16, 0x17, 0x19, 0x19, 0x19, 0x17, 0x17, 0x17, 0x17, 0x17, 0x16, 0x15, 0x17, 0x19, 0x19, 0x17, 0x17, 0x17, 0x19,
    0x19, 0x16, 0x16, 0x17, 0x17, 0x16, 0x18, 0x1D, 0x1E, 0x1D, 0x1E, 0x00, 0x16, 0x16, 0x17, 0x17, 0x12, 0x15, 0x14, 0x12, 0x16, 0x16, 0x17, 0x19,
    0x19, 0x19, 0x19, 0x1A, 0x1A, 0x19, 0x19, 0x19, 0x19, 0x17, 0x17, 0x17, 0x17, 0x17, 0x16, 0x17, 0x16, 0x17, 0x14, 0x16, 0x17, 0x17, 0x19, 0x17,
    0x17, 0x16, 0x16, 0x17, 0x17, 0x12, 0x12, 0x12, 0x16, 0x16, 0x17, 0x17, 0x17, 0x17, 0x17, 0x16, 0x16, 0x17, 0x15, 0x15, 0x15, 0x17, 0x19, 0x17,
    0x17, 0x17, 0x19, 0x19, 0x19, 0x19, 0x1B, 0x17, 0x17, 0x17, 0x17, 0x19, 0x19, 0x1A, 0x19, 0x1A, 0x19, 0x17, 0x17, 0x17, 0x19, 0x19, 0x19, 0x17,
    0x16, 0x17, 0x17, 0x16, 0x17, 0x19, 0x17, 0x17, 0x16, 0x16, 0x17, 0x17, 0x17, 0x16, 0x16, 0x14, 0x16, 0x17, 0x17, 0x17, 0x17, 0x17, 0x17, 0x16,
    0x17, 0x16, 0x16, 0x16, 0x16, 0x17, 0x17, 0x17, 0x19, 0x17, 0x19, 0x1C, 0x1D, 0x1D, 0x1E, 0x00, 0x15, 0x16, 0x18, 0x17, 0x13, 0x16, 0x19, 0x19,
    0x19, 0x17, 0x19, 0x17, 0x17, 0x19, 0x17, 0x19, 0x17, 0x19, 0x17, 0x19, 0x19, 0x19, 0x19, 0x17, 0x17, 0x15, 0x16, 0x17, 0x17, 0x17, 0x17, 0x17,
    0x17, 0x17, 0x17, 0x17, 0x17, 0x17, 0x17, 0x16, 0x16, 0x17, 0x17, 0x17, 0x17, 0x19, 0x17, 0x19, 0x19, 0x17, 0x16, 0x17, 0x17, 0x17, 0x16, 0x15,
    0x19, 0x19, 0x17, 0x16, 0x17, 0x17, 0x16, 0x17, 0x19, 0x19, 0x19, 0x19, 0x17, 0x19, 0x16, 0x17, 0x15, 0x17, 0x17, 0x14, 0x16, 0x14, 0x17, 0x19,
    0x19, 0x19, 0x19, 0x19, 0x1A, 0x1C, 0x19, 0x19, 0x19, 0x17, 0x17, 0x17, 0x17, 0x19, 0x19, 0x19, 0x19, 0x17, 0x17, 0x19, 0x17, 0x17, 0x17, 0x17,
    0x17, 0x16, 0x16, 0x17, 0x16, 0x17, 0x17, 0x17, 0x16, 0x17, 0x17, 0x19, 0x17, 0x16, 0x19, 0x1C, 0x1C, 0x1C, 0x1D, 0x00, 0x16, 0x17, 0x19, 0x17,
    0x15, 0x16, 0x17, 0x19, 0x17, 0x17, 0x16, 0x16, 0x16, 0x15, 0x16, 0x14, 0x15, 0x17, 0x16, 0x17, 0x17, 0x15, 0x17, 0x17, 0x17, 0x16, 0x17, 0x17,
    0x17, 0x19, 0x19, 0x19, 0x19, 0x17, 0x19, 0x17, 0x19, 0x17, 0x17, 0x17, 0x17, 0x17, 0x17, 0x19, 0x19, 0x17, 0x17, 0x17, 0x17, 0x17, 0x17, 0x19,
    0x19, 0x17, 0x16, 0x16, 0x19, 0x1A, 0x16, 0x15, 0x14, 0x14, 0x15, 0x17, 0x19, 0x17, 0x17, 0x16, 0x17, 0x17, 0x17, 0x17, 0x16, 0x16, 0x14, 0x16,
    0x15, 0x17, 0x17, 0x19, 0x17, 0x19, 0x19, 0x19, 0x17, 0x19, 0x17, 0x17, 0x16, 0x19, 0x19, 0x19, 0x19, 0x1A, 0x1C, 0x19, 0x19, 0x17, 0x17, 0x19,
    0x19, 0x19, 0x1A, 0x1A, 0x19, 0x16, 0x15, 0x16, 0x14, 0x17, 0x19, 0x19, 0x17, 0x19, 0x17, 0x15, 0x16, 0x17, 0x18, 0x1C, 0x1C, 0x1C, 0x1D, 0x00,
    0x17, 0x18, 0x19, 0x18, 0x14, 0x16, 0x16, 0x16, 0x17, 0x17, 0x16, 0x14, 0x12, 0x14, 0x15, 0x17, 0x16, 0x14, 0x16, 0x16, 0x14, 0x16, 0x16, 0x14,
    0x17, 0x17, 0x17, 0x16, 0x19, 0x1C, 0x1D, 0x1A, 0x1A, 0x19, 0x19, 0x17, 0x16, 0x19, 0x19, 0x17, 0x17, 0x19, 0x19, 0x19, 0x1A, 0x19, 0x17, 0x17,
    0x16, 0x16, 0x16, 0x16, 0x15, 0x15, 0x16, 0x15, 0x15, 0x16, 0x15, 0x16, 0x16, 0x14, 0x16, 0x15, 0x19, 0x19, 0x17, 0x17, 0x19, 0x19, 0x19, 0x19,
    0x19, 0x19, 0x19, 0x1A, 0x1A, 0x1A, 0x19, 0x19, 0x17, 0x17, 0x19, 0x19, 0x19, 0x17, 0x16, 0x16, 0x16, 0x19, 0x17, 0x19, 0x19, 0x19, 0x19, 0x19,
    0x17, 0x19, 0x19, 0x19, 0x19, 0x19, 0x19, 0x19, 0x19, 0x19, 0x19, 0x19, 0x19, 0x17, 0x17, 0x19, 0x19, 0x17, 0x16, 0x17, 0x17, 0x17, 0x19, 0x1C,
    0x1C, 0x1C, 0x1E, 0x00, 0x16, 0x16, 0x17, 0x19, 0x15, 0x16, 0x15, 0x16, 0x17, 0x17, 0x17, 0x15, 0x16, 0x16, 0x17, 0x17, 0x14, 0x12, 0x14, 0x14,
    0x11, 0x12, 0x16, 0x16, 0x17, 0x1C, 0x1E, 0x1A, 0x1A, 0x17, 0x17, 0x16, 0x16, 0x17, 0x15, 0x16, 0x16, 0x16, 0x17, 0x17, 0x19, 0x19, 0x1C, 0x1E,
    0x1D, 0x19, 0x17, 0x16, 0x14, 0x15, 0x16, 0x17, 0x17, 0x17, 0x17, 0x19, 0x17, 0x16, 0x14, 0x19, 0x19, 0x19, 0x19, 0x17, 0x19, 0x19, 0x19, 0x1A,
    0x19, 0x19, 0x1A, 0x1A, 0x1A, 0x19, 0x19, 0x19, 0x19, 0x19, 0x19, 0x15, 0x17, 0x19, 0x19, 0x19, 0x17, 0x16, 0x17, 0x19, 0x19, 0x19, 0x17, 0x19,
    0x19, 0x17, 0x17, 0x17, 0x17, 0x17, 0x17, 0x19, 0x19, 0x19, 0x17, 0x17, 0x19, 0x19, 0x19, 0x19, 0x1A, 0x1A, 0x19, 0x19, 0x17, 0x19, 0x19, 0x19,
    0x19, 0x19, 0x1A, 0x1E, 0x1E, 0x1D, 0x1E, 0x00, 0x16, 0x18, 0x17, 0x18, 0x14, 0x16, 0x15, 0x12, 0x16, 0x14, 0x14, 0x16, 0x15, 0x17, 0x17, 0x19,
    0x19, 0x17, 0x17, 0x19, 0x19, 0x19, 0x17, 0x17, 0x17, 0x19, 0x1C, 0x19, 0x16, 0x14, 0x14, 0x16, 0x16, 0x17, 0x16, 0x17, 0x17, 0x17, 0x19, 0x17,
    0x19, 0x19, 0x17, 0x17, 0x16, 0x15, 0x19, 0x19, 0x19, 0x15, 0x17, 0x16, 0x15, 0x17, 0x17, 0x19, 0x19, 0x1A, 0x19, 0x19, 0x19, 0x1A, 0x1C, 0x1C,
    0x1C, 0x17, 0x15, 0x16, 0x16, 0x16, 0x17, 0x16, 0x15, 0x17, 0x17, 0x17, 0x19, 0x16, 0x17, 0x16, 0x17, 0x17, 0x19, 0x19, 0x16, 0x15, 0x17, 0x19,
    0x1A, 0x19, 0x19, 0x19, 0x19, 0x19, 0x17, 0x19, 0x17, 0x19, 0x17, 0x19, 0x17, 0x19, 0x17, 0x17, 0x16, 0x17, 0x17, 0x19, 0x19, 0x17, 0x19, 0x19,
    0x19, 0x19, 0x1A, 0x19, 0x19, 0x19, 0x1A, 0x1E, 0x1E, 0x1D, 0x1E, 0x00, 0x16, 0x17, 0x17, 0x17, 0x14, 0x16, 0x17, 0x17, 0x16, 0x16, 0x16, 0x16,
    0x17, 0x17, 0x16, 0x15, 0x16, 0x17, 0x1A, 0x1A, 0x1A, 0x19, 0x16, 0x17, 0x16, 0x14, 0x16, 0x14, 0x16, 0x19, 0x17, 0x19, 0x1C, 0x1E, 0x1C, 0x1A,
    0x17, 0x17, 0x17, 0x19, 0x17, 0x16, 0x12, 0x12, 0x14, 0x16, 0x19, 0x17, 0x17, 0x19, 0x19, 0x19, 0x19, 0x19, 0x19, 0x19, 0x19, 0x19, 0x19, 0x17,
    0x19, 0x17, 0x19, 0x19, 0x17, 0x17, 0x16, 0x16, 0x17, 0x17, 0x19, 0x19, 0x19, 0x17, 0x17, 0x17, 0x16, 0x16, 0x17, 0x16, 0x16, 0x19, 0x17, 0x17,
    0x17, 0x19, 0x19, 0x19, 0x19, 0x17, 0x17, 0x17, 0x17, 0x19, 0x17, 0x19, 0x17, 0x17, 0x17, 0x17, 0x17, 0x17, 0x17, 0x17, 0x17, 0x17, 0x17, 0x19,
    0x19, 0x19, 0x17, 0x17, 0x19, 0x17, 0x17, 0x16, 0x16, 0x17, 0x19, 0x1C, 0x1C, 0x1C, 0x1D, 0x00, 0x16, 0x19, 0x19, 0x16, 0x14, 0x17, 0x19, 0x17,
    0x17, 0x17, 0x17, 0x17, 0x19, 0x17, 0x16, 0x17, 0x16, 0x16, 0x15, 0x15, 0x16, 0x14, 0x17, 0x17, 0x16, 0x16, 0x16, 0x17, 0x17, 0x1A, 0x1C, 0x1C,
    0x19, 0x19, 0x17, 0x1A, 0x19, 0x17, 0x17, 0x16, 0x19, 0x17, 0x17, 0x17, 0x17, 0x19, 0x16, 0x17, 0x19, 0x19, 0x19, 0x17, 0x19, 0x19, 0x17, 0x15,
    0x17, 0x19, 0x1A, 0x1A, 0x19, 0x19, 0x17, 0x17, 0x15, 0x16, 0x17, 0x17, 0x19, 0x17, 0x19, 0x19, 0x19, 0x19, 0x19, 0x19, 0x16, 0x16, 0x15, 0x17,
    0x19, 0x19, 0x19, 0x19, 0x19, 0x19, 0x19, 0x19, 0x17, 0x19, 0x17, 0x17, 0x17, 0x16, 0x19, 0x19, 0x16, 0x19, 0x17, 0x19, 0x19, 0x19, 0x19, 0x17,
    0x19, 0x19, 0x19, 0x19, 0x17, 0x17, 0x17, 0x19, 0x19, 0x17, 0x16, 0x17, 0x19, 0x19, 0x1A, 0x1D, 0x1D, 0x1C, 0x1E, 0x00, 0x16, 0x17, 0x17, 0x17,
    0x15, 0x16, 0x17, 0x17, 0x19, 0x19, 0x1A, 0x1A, 0x1C, 0x1A, 0x19, 0x17, 0x17, 0x17, 0x17, 0x17, 0x17, 0x19, 0x1A, 0x19, 0x19, 0x19, 0x19, 0x1A,
    0x19, 0x19, 0x17, 0x17, 0x17, 0x17, 0x17, 0x19, 0x1A, 0x17, 0x17, 0x17, 0x17, 0x19, 0x19, 0x1C, 0x1C, 0x1C, 0x19, 0x17, 0x19, 0x19, 0x19, 0x15,
    0x16, 0x15, 0x16, 0x17, 0x16, 0x17, 0x17, 0x17, 0x17, 0x17, 0x19, 0x17, 0x16, 0x17, 0x17, 0x1B, 0x19, 0x17, 0x17, 0x16, 0x17, 0x17, 0x17, 0x17,
    0x16, 0x16, 0x17, 0x17, 0x19, 0x17, 0x17, 0x19, 0x19, 0x19, 0x17, 0x19, 0x17, 0x17, 0x17, 0x19, 0x17, 0x19, 0x17, 0x19, 0x19, 0x19, 0x17, 0x19,
    0x19, 0x17, 0x17, 0x17, 0x17, 0x19, 0x17, 0x19, 0x19, 0x17, 0x19, 0x17, 0x17, 0x16, 0x17, 0x19, 0x19, 0x1A, 0x1B, 0x1E, 0x1E, 0x1E, 0x1E, 0x00,
    0x18, 0x19, 0x18, 0x16, 0x13, 0x15, 0x15, 0x19, 0x19, 0x19, 0x19, 0x19, 0x19, 0x1A, 0x1A, 0x19, 0x17, 0x17, 0x17, 0x16, 0x16, 0x19, 0x19, 0x19,
    0x17, 0x17, 0x17, 0x15, 0x19, 0x17, 0x19, 0x17, 0x17, 0x17, 0x17, 0x19, 0x19, 0x19, 0x17, 0x16, 0x15, 0x19, 0x17, 0x17, 0x19, 0x19, 0x19, 0x19,
    0x17, 0x19, 0x19, 0x19, 0x17, 0x1A, 0x1D, 0x19, 0x17, 0x17, 0x17, 0x17, 0x19, 0x17, 0x17, 0x17, 0x17, 0x19, 0x19, 0x19, 0x17, 0x15, 0x16, 0x15,
    0x14, 0x14, 0x17, 0x17, 0x16, 0x16, 0x17, 0x17, 0x16, 0x19, 0x16, 0x17, 0x17, 0x17, 0x17, 0x17, 0x19, 0x19, 0x17, 0x17, 0x17, 0x19, 0x17, 0x17,
    0x19, 0x17, 0x17, 0x17, 0x19, 0x19, 0x17, 0x17, 0x17, 0x19, 0x17, 0x19, 0x19, 0x17, 0x17, 0x16, 0x16, 0x17, 0x17, 0x19, 0x1A, 0x19, 0x1A, 0x1D,
    0x1D, 0x1C, 0x1E, 0x00, 0x17, 0x17, 0x16, 0x16, 0x13, 0x16, 0x19, 0x19, 0x17, 0x19, 0x19, 0x19, 0x17, 0x17, 0x17, 0x19, 0x19, 0x1A, 0x19, 0x17,
    0x16, 0x16, 0x19, 0x19, 0x16, 0x16, 0x16, 0x17, 0x19, 0x17, 0x16, 0x16, 0x16, 0x15, 0x15, 0x16, 0x12, 0x15, 0x16, 0x16, 0x17, 0x17, 0x17, 0x17,
    0x16, 0x12, 0x14, 0x17, 0x19, 0x19, 0x19, 0x16, 0x17, 0x15, 0x17, 0x19, 0x17, 0x17, 0x17, 0x17, 0x19, 0x17, 0x17, 0x19, 0x16, 0x17, 0x16, 0x15,
    0x16, 0x16, 0x17, 0x16, 0x17, 0x17, 0x17, 0x16, 0x17, 0x17, 0x17, 0x16, 0x16, 0x17, 0x17, 0x19, 0x19, 0x17, 0x17, 0x17, 0x19, 0x19, 0x17, 0x19,
    0x17, 0x17, 0x17, 0x19, 0x19, 0x17, 0x17, 0x19, 0x19, 0x19, 0x17, 0x17, 0x17, 0x19, 0x19, 0x19, 0x17, 0x16, 0x15, 0x15, 0x17, 0x17, 0x19, 0x19,
    0x19, 0x19, 0x1A, 0x1D, 0x1D, 0x1D, 0x1E, 0x00, 0x17, 0x16, 0x16, 0x16, 0x14, 0x17, 0x19, 0x19, 0x19, 0x19, 0x19, 0x17, 0x17, 0x14, 0x14, 0x17,
    0x16, 0x16, 0x16, 0x16, 0x17, 0x16, 0x16, 0x16, 0x16, 0x16, 0x15, 0x12, 0x11, 0x12, 0x12, 0x11, 0x10, 0x10, 0x10, 0x10, 0x12, 0x16, 0x19, 0x17,
    0x17, 0x19, 0x19, 0x19, 0x17, 0x17, 0x17, 0x19, 0x19, 0x17, 0x19, 0x1A, 0x19, 0x19, 0x17, 0x17, 0x17, 0x17, 0x17, 0x19, 0x17, 0x17, 0x19, 0x17,
    0x17, 0x17, 0x16, 0x16, 0x16, 0x16, 0x17, 0x19, 0x19, 0x1A, 0x17, 0x17, 0x17, 0x17, 0x17, 0x17, 0x15, 0x15, 0x17, 0x19, 0x17, 0x17, 0x16, 0x17,
    0x17, 0x16, 0x16, 0x17, 0x17, 0x17, 0x19, 0x19, 0x19, 0x19, 0x17, 0x17, 0x17, 0x16, 0x17, 0x17, 0x16, 0x17, 0x17, 0x17, 0x19, 0x19, 0x19, 0x19,
    0x17, 0x19, 0x17, 0x19, 0x19, 0x19, 0x1A, 0x1C, 0x1C, 0x1D, 0x1E, 0x00, 0x16, 0x16, 0x16, 0x16, 0x13, 0x16, 0x16, 0x15, 0x16, 0x16, 0x16, 0x15,
    0x16, 0x16, 0x16, 0x15, 0x16, 0x16, 0x17, 0x17, 0x17, 0x17, 0x16, 0x17, 0x17, 0x17, 0x17, 0x17, 0x17, 0x16, 0x16, 0x17, 0x16, 0x17, 0x17, 0x17,
    0x17, 0x17, 0x19, 0x17, 0x17, 0x17, 0x19, 0x19, 0x19, 0x17, 0x19, 0x17, 0x16, 0x16, 0x16, 0x17, 0x1A, 0x1A, 0x1A, 0x19, 0x19, 0x17, 0x19, 0x19,
    0x17, 0x19, 0x19, 0x19, 0x17, 0x17, 0x17, 0x16, 0x16, 0x17, 0x19, 0x19, 0x19, 0x19, 0x17, 0x17, 0x19, 0x19, 0x19, 0x17, 0x17, 0x17, 0x17, 0x17,
    0x17, 0x17, 0x17, 0x17, 0x15, 0x15, 0x17, 0x19, 0x17, 0x19, 0x17, 0x17, 0x17, 0x19, 0x19, 0x19, 0x19, 0x17, 0x19, 0x19, 0x17, 0x17, 0x19, 0x17,
    0x17, 0x19, 0x19, 0x19, 0x17, 0x19, 0x17, 0x19, 0x19, 0x17, 0x1A, 0x1D, 0x1C, 0x1D, 0x1E, 0x00, 0x16, 0x16, 0x16, 0x17, 0x14, 0x15, 0x15, 0x14,
    0x12, 0x16, 0x15, 0x14, 0x16, 0x15, 0x16, 0x17, 0x19, 0x17, 0x17, 0x19, 0x19, 0x19, 0x19, 0x19, 0x19, 0x1A, 0x1A, 0x19, 0x1B, 0x19, 0x19, 0x19,
    0x1A, 0x19, 0x19, 0x19, 0x17, 0x19, 0x1B, 0x19, 0x19, 0x16, 0x15, 0x16, 0x16, 0x19, 0x17, 0x19, 0x16, 0x17, 0x17, 0x17, 0x19, 0x19, 0x17, 0x19,
    0x19, 0x19, 0x19, 0x19, 0x19, 0x19, 0x19, 0x17, 0x19, 0x19, 0x1A, 0x19, 0x19, 0x17, 0x16, 0x17, 0x17, 0x17, 0x16, 0x16, 0x16, 0x17, 0x19, 0x19,
    0x19, 0x19, 0x19, 0x17, 0x17, 0x17, 0x17, 0x17, 0x19, 0x19, 0x19, 0x17, 0x19, 0x17, 0x17, 0x17, 0x17, 0x17, 0x17, 0x17, 0x19, 0x17, 0x19, 0x19,
    0x1A, 0x1A, 0x19, 0x19, 0x17, 0x19, 0x19, 0x19, 0x17, 0x17, 0x17, 0x17, 0x17, 0x19, 0x19, 0x1C, 0x1C, 0x1C, 0x1D, 0x00, 0x16, 0x16, 0x17, 0x17,
    0x14, 0x15, 0x15, 0x17, 0x17, 0x16, 0x16, 0x17, 0x19, 0x17, 0x19, 0x19, 0x19, 0x17, 0x1A, 0x19, 0x17, 0x17, 0x19, 0x19, 0x19, 0x19, 0x19, 0x19,
    0x19, 0x17, 0x19, 0x19, 0x17, 0x17, 0x16, 0x17, 0x19, 0x19, 0x17, 0x16, 0x19, 0x17, 0x17, 0x19, 0x19, 0x1C, 0x1A, 0x1A, 0x1A, 0x19, 0x19, 0x17,
    0x17, 0x19, 0x19, 0x19, 0x17, 0x17, 0x17, 0x16, 0x17, 0x16, 0x12, 0x14, 0x14, 0x16, 0x16, 0x16, 0x17, 0x17, 0x17, 0x16, 0x14, 0x16, 0x17, 0x17,
    0x17, 0x19, 0x19, 0x19, 0x1A, 0x19, 0x17, 0x17, 0x17, 0x17, 0x16, 0x17, 0x19, 0x1A, 0x19, 0x19, 0x19, 0x17, 0x16, 0x14, 0x17, 0x19, 0x19, 0x17,
    0x17, 0x17, 0x17, 0x17, 0x19, 0x17, 0x17, 0x17, 0x19, 0x19, 0x19, 0x16, 0x17, 0x17, 0x16, 0x16, 0x16, 0x16, 0x18, 0x1C, 0x1C, 0x1D, 0x1E, 0x00,
    0x16, 0x17, 0x18, 0x18, 0x15, 0x16, 0x17, 0x17, 0x17, 0x19, 0x19, 0x17, 0x19, 0x19, 0x1A, 0x17, 0x17, 0x17, 0x16, 0x17, 0x17, 0x17, 0x19, 0x17,
    0x19, 0x17, 0x19, 0x19, 0x1A, 0x19, 0x19, 0x19, 0x19, 0x17, 0x17, 0x17, 0x17, 0x17, 0x17, 0x16, 0x17, 0x19, 0x19, 0x19, 0x17, 0x17, 0x16, 0x19,
    0x1B, 0x19, 0x17, 0x16, 0x16, 0x17, 0x19, 0x19, 0x19, 0x19, 0x16, 0x16, 0x16, 0x16, 0x16, 0x17, 0x17, 0x19, 0x19, 0x19, 0x1A, 0x1C, 0x1C, 0x19,
    0x19, 0x17, 0x19, 0x19, 0x19, 0x19, 0x19, 0x19, 0x19, 0x17, 0x15, 0x16, 0x17, 0x17, 0x19, 0x17, 0x17, 0x16, 0x19, 0x17, 0x17, 0x17, 0x16, 0x15,
    0x17, 0x17, 0x19, 0x17, 0x17, 0x17, 0x16, 0x17, 0x17, 0x17, 0x17, 0x16, 0x17, 0x17, 0x17, 0x17, 0x17, 0x17, 0x17, 0x17, 0x17, 0x17, 0x19, 0x1C,
    0x1D, 0x1E, 0x1E, 0x00, 0x16, 0x17, 0x17, 0x18, 0x15, 0x17, 0x17, 0x17, 0x17, 0x19, 0x17, 0x17, 0x19, 0x19, 0x19, 0x16, 0x16, 0x17, 0x16, 0x16,
    0x16, 0x16, 0x16, 0x17, 0x15, 0x16, 0x17, 0x16, 0x16, 0x15, 0x17, 0x17, 0x16, 0x17, 0x19, 0x17, 0x17, 0x17, 0x17, 0x19, 0x17, 0x19, 0x17, 0x17,
    0x17, 0x17, 0x17, 0x16, 0x14, 0x19, 0x17, 0x19, 0x1A, 0x19, 0x19, 0x17, 0x17, 0x19, 0x17, 0x17, 0x17, 0x17, 0x17, 0x16, 0x17, 0x17, 0x17, 0x17,
    0x1A, 0x17, 0x17, 0x19, 0x19, 0x19, 0x19, 0x1A, 0x19, 0x17, 0x17, 0x17, 0x14, 0x16, 0x16, 0x17, 0x17, 0x19, 0x16, 0x12, 0x10, 0x16, 0x16, 0x17,
    0x17, 0x17, 0x17, 0x17, 0x16, 0x17, 0x19, 0x17, 0x19, 0x19, 0x19, 0x17, 0x19, 0x19, 0x19, 0x19, 0x19, 0x19, 0x17, 0x19, 0x19, 0x1A, 0x1A, 0x19,
    0x19, 0x19, 0x1A, 0x1D, 0x1E, 0x1E, 0x1E, 0x00, 0x16, 0x17, 0x17, 0x17, 0x15, 0x17, 0x19, 0x17, 0x17, 0x17, 0x17, 0x17, 0x17, 0x16, 0x14, 0x17,
    0x17, 0x17, 0x17, 0x17, 0x17, 0x17, 0x19, 0x16, 0x16, 0x16, 0x17, 0x17, 0x16, 0x16, 0x16, 0x17, 0x16, 0x19, 0x19, 0x17, 0x17, 0x17, 0x19, 0x19,
    0x16, 0x16, 0x16, 0x15, 0x15, 0x15, 0x19, 0x19, 0x19, 0x17, 0x19, 0x19, 0x19, 0x19, 0x19, 0x17, 0x17, 0x19, 0x17, 0x17, 0x17, 0x19, 0x19, 0x19,
    0x19, 0x17, 0x19, 0x1B, 0x17, 0x17, 0x16, 0x17, 0x17, 0x19, 0x19, 0x19, 0x19, 0x19, 0x17, 0x19, 0x17, 0x17, 0x19, 0x19, 0x1C, 0x1A, 0x1A, 0x17,
    0x17, 0x19, 0x19, 0x19, 0x19, 0x19, 0x19, 0x1A, 0x1A, 0x1A, 0x17, 0x17, 0x17, 0x17, 0x16, 0x15, 0x16, 0x16, 0x15, 0x16, 0x17, 0x17, 0x16, 0x17,
    0x17, 0x17, 0x19, 0x19, 0x17, 0x19, 0x1A, 0x1E, 0x1E, 0x1D, 0x1E, 0x00, 0x16, 0x17, 0x17, 0x16, 0x16, 0x18, 0x19, 0x17, 0x17, 0x17, 0x19, 0x17,
    0x19, 0x19, 0x19, 0x19, 0x1A, 0x1A, 0x1A, 0x19, 0x17, 0x19, 0x19, 0x17, 0x17, 0x19, 0x19, 0x19, 0x17, 0x16, 0x17, 0x15, 0x19, 0x19, 0x17, 0x17,
    0x19, 0x19, 0x19, 0x16, 0x17, 0x19, 0x17, 0x17, 0x19, 0x17, 0x16, 0x17, 0x15, 0x14, 0x16, 0x17, 0x19, 0x19, 0x17, 0x17, 0x16, 0x17, 0x19, 0x19,
    0x19, 0x19, 0x19, 0x19, 0x1A, 0x1C, 0x1A, 0x19, 0x19, 0x17, 0x17, 0x1A, 0x1C, 0x1A, 0x19, 0x19, 0x17, 0x17, 0x19, 0x1A, 0x1C, 0x1E, 0x1C, 0x1C,
    0x1A, 0x19, 0x19, 0x19, 0x1A, 0x1A, 0x1A, 0x19, 0x19, 0x19, 0x19, 0x1A, 0x17, 0x17, 0x17, 0x17, 0x16, 0x19, 0x19, 0x19, 0x17, 0x19, 0x17, 0x16,
    0x16, 0x15, 0x16, 0x16, 0x17, 0x17, 0x17, 0x19, 0x17, 0x17, 0x19, 0x1D, 0x1C, 0x1C, 0x1E, 0x00, 0x17, 0x18, 0x17, 0x16, 0x16, 0x18, 0x19, 0x19,
    0x1A, 0x1A, 0x1A, 0x19, 0x1A, 0x19, 0x19, 0x19, 0x15, 0x14, 0x15, 0x17, 0x17, 0x17, 0x19, 0x19, 0x19, 0x17, 0x17, 0x17, 0x17, 0x17, 0x19, 0x19,
    0x1A, 0x19, 0x19, 0x19, 0x17, 0x19, 0x19, 0x17, 0x17, 0x19, 0x19, 0x19, 0x16, 0x16, 0x15, 0x17, 0x19, 0x19, 0x19, 0x19, 0x17, 0x17, 0x19, 0x17,
    0x17, 0x17, 0x19, 0x1A, 0x19, 0x19, 0x17, 0x19, 0x19, 0x19, 0x19, 0x16, 0x17, 0x17, 0x19, 0x19, 0x19, 0x17, 0x16, 0x15, 0x17, 0x19, 0x19, 0x1A,
    0x1A, 0x19, 0x17, 0x17, 0x19, 0x17, 0x17, 0x19, 0x19, 0x1A, 0x19, 0x17, 0x19, 0x19, 0x17, 0x16, 0x17, 0x17, 0x17, 0x19, 0x19, 0x17, 0x19, 0x17,
    0x19, 0x17, 0x17, 0x19, 0x17, 0x17, 0x17, 0x17, 0x17, 0x19, 0x17, 0x17, 0x16, 0x15, 0x18, 0x1C, 0x1C, 0x1C, 0x1D, 0x00, 0x18, 0x18, 0x17, 0x17,
    0x15, 0x17, 0x19, 0x19, 0x17, 0x17, 0x17, 0x17, 0x17, 0x19, 0x1A, 0x1A, 0x19, 0x19, 0x17, 0x17, 0x16, 0x16, 0x19, 0x1A, 0x19, 0x16, 0x17, 0x17,
    0x17, 0x17, 0x17, 0x1A, 0x19, 0x19, 0x17, 0x17, 0x19, 0x19, 0x17, 0x17, 0x19, 0x17, 0x17, 0x16, 0x17, 0x17, 0x17, 0x17, 0x19, 0x1A, 0x17, 0x19,
    0x16, 0x17, 0x16, 0x16, 0x15, 0x16, 0x17, 0x19, 0x19, 0x17, 0x19, 0x19, 0x19, 0x17, 0x17, 0x17, 0x17, 0x19, 0x17, 0x17, 0x16, 0x16, 0x16, 0x17,
    0x17, 0x19, 0x17, 0x17, 0x16, 0x16, 0x16, 0x16, 0x15, 0x17, 0x17, 0x19, 0x19, 0x19, 0x17, 0x17, 0x17, 0x19, 0x17, 0x17, 0x17, 0x19, 0x19, 0x17,
    0x17, 0x19, 0x19, 0x19, 0x17, 0x17, 0x17, 0x17, 0x19, 0x1C, 0x1A, 0x19, 0x19, 0x17, 0x17, 0x17, 0x19, 0x19, 0x19, 0x1C, 0x1C, 0x1C, 0x1E, 0x00,
    0x16, 0x16, 0x17, 0x17, 0x15, 0x18, 0x19, 0x19, 0x17, 0x16, 0x16, 0x15, 0x15, 0x17, 0x17, 0x16, 0x19, 0x1C, 0x1A, 0x1A, 0x1A, 0x17, 0x19, 0x19,
    0x19, 0x19, 0x1C, 0x19, 0x1A, 0x17, 0x17, 0x14, 0x16, 0x15, 0x16, 0x16, 0x19, 0x17, 0x17, 0x17, 0x17, 0x19, 0x19, 0x1A, 0x19, 0x19, 0x19, 0x19,
    0x1A, 0x19, 0x19, 0x15, 0x16, 0x19, 0x17, 0x17, 0x17, 0x17, 0x19, 0x19, 0x17, 0x19, 0x19, 0x19, 0x17, 0x19, 0x17, 0x16, 0x17, 0x17, 0x19, 0x17,
    0x19, 0x19, 0x1C, 0x1A, 0x1A, 0x1C, 0x19, 0x17, 0x17, 0x17, 0x17, 0x17, 0x17, 0x17, 0x17, 0x17, 0x17, 0x17, 0x15, 0x16, 0x19, 0x17, 0x17, 0x17,
    0x19, 0x19, 0x19, 0x17, 0x14, 0x14, 0x17, 0x17, 0x16, 0x16, 0x14, 0x16, 0x16, 0x15, 0x17, 0x17, 0x17, 0x19, 0x17, 0x17, 0x19, 0x19, 0x1A, 0x1C,
    0x1D, 0x1D, 0x1E, 0x00, 0x17, 0x17, 0x16, 0x18, 0x16, 0x18, 0x1A, 0x19, 0x19, 0x19, 0x19, 0x17, 0x16, 0x17, 0x17, 0x16, 0x19, 0x16, 0x17, 0x17,
    0x17, 0x17, 0x19, 0x17, 0x17, 0x19, 0x17, 0x17, 0x19, 0x17, 0x17, 0x17, 0x17, 0x17, 0x19, 0x19, 0x19, 0x17, 0x17, 0x19, 0x17, 0x19, 0x19, 0x17,
    0x17, 0x17, 0x19, 0x19, 0x19, 0x17, 0x15, 0x14, 0x15, 0x17, 0x1A, 0x1A, 0x19, 0x19, 0x19, 0x17, 0x16, 0x17, 0x17, 0x19, 0x17, 0x16, 0x16, 0x16,
    0x17, 0x17, 0x19, 0x17, 0x17, 0x19, 0x15, 0x15, 0x17, 0x16, 0x15, 0x16, 0x17, 0x17, 0x17, 0x17, 0x17, 0x17, 0x17, 0x17, 0x17, 0x17, 0x17, 0x16,
    0x16, 0x17, 0x17, 0x17, 0x17, 0x17, 0x16, 0x15, 0x16, 0x17, 0x17, 0x16, 0x16, 0x17, 0x19, 0x17, 0x17, 0x19, 0x19, 0x19, 0x1A, 0x19, 0x17, 0x19,
    0x19, 0x1A, 0x1A, 0x1D, 0x1E, 0x1E, 0x1E, 0x00, 0x16, 0x17, 0x17, 0x18, 0x16, 0x18, 0x1A, 0x1C, 0x1A, 0x1A, 0x17, 0x19, 0x19, 0x19, 0x1A, 0x19,
    0x17, 0x19, 0x19, 0x19, 0x19, 0x19, 0x17, 0x17, 0x17, 0x19, 0x17, 0x19, 0x19, 0x19, 0x1A, 0x19, 0x19, 0x19, 0x19, 0x19, 0x19, 0x17, 0x17, 0x17,
    0x19, 0x17, 0x19, 0x17, 0x17, 0x16, 0x17, 0x17, 0x17, 0x16, 0x15, 0x17, 0x17, 0x19, 0x19, 0x17, 0x17, 0x16, 0x16, 0x16, 0x16, 0x16, 0x17, 0x19,
    0x16, 0x16, 0x16, 0x16, 0x17, 0x17, 0x17, 0x16, 0x17, 0x19, 0x19, 0x16, 0x17, 0x17, 0x19, 0x17, 0x17, 0x17, 0x17, 0x16, 0x17, 0x19, 0x17, 0x19,
    0x19, 0x17, 0x19, 0x17, 0x19, 0x19, 0x19, 0x17, 0x17, 0x19, 0x19, 0x17, 0x17, 0x19, 0x17, 0x19, 0x19, 0x19, 0x19, 0x19, 0x19, 0x19, 0x19, 0x1A,
    0x19, 0x19, 0x19, 0x19, 0x19, 0x19, 0x1A, 0x1D, 0x1D, 0x1D, 0x1E, 0x00, 0x17, 0x19, 0x19, 0x18, 0x16, 0x18, 0x19, 0x17, 0x19, 0x19, 0x19, 0x19,
    0x19, 0x19, 0x19, 0x17, 0x19, 0x19, 0x19, 0x19, 0x1A, 0x19, 0x17, 0x17, 0x15, 0x17, 0x17, 0x17, 0x19, 0x17, 0x17, 0x16, 0x17, 0x17, 0x16, 0x17,
    0x16, 0x17, 0x17, 0x17, 0x17, 0x17, 0x16, 0x16, 0x17, 0x19, 0x17, 0x16, 0x17, 0x19, 0x1C, 0x1C, 0x1C, 0x19, 0x16, 0x17, 0x16, 0x16, 0x15, 0x16,
    0x17, 0x19, 0x17, 0x16, 0x16, 0x15, 0x17, 0x19, 0x17, 0x16, 0x16, 0x17, 0x19, 0x19, 0x17, 0x16, 0x17, 0x19, 0x17, 0x17, 0x16, 0x17, 0x17, 0x19,
    0x19, 0x17, 0x19, 0x17, 0x19, 0x17, 0x17, 0x17, 0x19, 0x17, 0x19, 0x19, 0x19, 0x19, 0x19, 0x19, 0x19, 0x1A, 0x1A, 0x19, 0x1A, 0x19, 0x17, 0x19,
    0x19, 0x19, 0x19, 0x19, 0x19, 0x1A, 0x19, 0x19, 0x19, 0x17, 0x19, 0x1C, 0x1D, 0x1E, 0x1E, 0x00, 0x17, 0x17, 0x17, 0x18, 0x16, 0x18, 0x19, 0x19,
    0x17, 0x17, 0x19, 0x1A, 0x1A, 0x19, 0x19, 0x19, 0x17, 0x19, 0x19, 0x19, 0x19, 0x16, 0x14, 0x16, 0x16, 0x16, 0x15, 0x16, 0x17, 0x17, 0x16, 0x17,
    0x19, 0x17, 0x17, 0x17, 0x17, 0x16, 0x17, 0x17, 0x17, 0x16, 0x17, 0x19, 0x19, 0x19, 0x17, 0x17, 0x17, 0x17, 0x17, 0x19, 0x17, 0x17, 0x17, 0x17,
    0x17, 0x17, 0x17, 0x17, 0x19, 0x17, 0x17, 0x17, 0x16, 0x17, 0x16, 0x17, 0x16, 0x15, 0x17, 0x17, 0x19, 0x17, 0x17, 0x16, 0x16, 0x16, 0x16, 0x17,
    0x19, 0x19, 0x19, 0x19, 0x19, 0x19, 0x17, 0x19, 0x17, 0x19, 0x19, 0x19, 0x16, 0x19, 0x19, 0x19, 0x19, 0x17, 0x17, 0x19, 0x19, 0x19, 0x19, 0x19,
    0x17, 0x19, 0x17, 0x19, 0x19, 0x1A, 0x1A, 0x19, 0x19, 0x1A, 0x1A, 0x19, 0x17, 0x19, 0x1A, 0x1D, 0x1C, 0x1D, 0x1E, 0x00, 0x18, 0x17, 0x17, 0x18,
    0x16, 0x17, 0x17, 0x17, 0x17, 0x17, 0x19, 0x17, 0x17, 0x19, 0x19, 0x19, 0x17, 0x17, 0x17, 0x19, 0x17, 0x17, 0x19, 0x19, 0x19, 0x17, 0x17, 0x17,
    0x17, 0x17, 0x17, 0x17, 0x19, 0x17, 0x17, 0x19, 0x17, 0x17, 0x16, 0x17, 0x17, 0x17, 0x17, 0x17, 0x17, 0x17, 0x16, 0x16, 0x15, 0x14, 0x17, 0x17,
    0x16, 0x15, 0x16, 0x17, 0x17, 0x17, 0x17, 0x19, 0x19, 0x19, 0x19, 0x17, 0x16, 0x15, 0x17, 0x17, 0x19, 0x17, 0x19, 0x19, 0x1A, 0x17, 0x19, 0x19,
    0x19, 0x17, 0x19, 0x17, 0x19, 0x19, 0x19, 0x19, 0x19, 0x17, 0x16, 0x19, 0x17, 0x17, 0x17, 0x17, 0x17, 0x17, 0x17, 0x19, 0x19, 0x19, 0x19, 0x19,
    0x1A, 0x1A, 0x19, 0x19, 0x16, 0x17, 0x19, 0x19, 0x19, 0x19, 0x19, 0x17, 0x19, 0x19, 0x17, 0x19, 0x19, 0x19, 0x1A, 0x1C, 0x1D, 0x1C, 0x1D, 0x00,
    0x16, 0x17, 0x17, 0x18, 0x16, 0x17, 0x16, 0x16, 0x17, 0x17, 0x19, 0x17, 0x15, 0x15, 0x16, 0x17, 0x17, 0x17, 0x17, 0x19, 0x19, 0x19, 0x19, 0x19,
    0x19, 0x19, 0x19, 0x19, 0x19, 0x17, 0x17, 0x19, 0x19, 0x17, 0x17, 0x17, 0x19, 0x17, 0x17, 0x17, 0x19, 0x19, 0x19, 0x16, 0x15, 0x17, 0x17, 0x17,
    0x17, 0x16, 0x16, 0x17, 0x16, 0x17, 0x19, 0x17, 0x19, 0x17, 0x19, 0x17, 0x17, 0x17, 0x17, 0x17, 0x17, 0x19, 0x19, 0x19, 0x19, 0x1A, 0x1A, 0x19,
    0x19, 0x17, 0x19, 0x19, 0x19, 0x19, 0x17, 0x17, 0x19, 0x19, 0x19, 0x17, 0x17, 0x19, 0x17, 0x17, 0x17, 0x17, 0x17, 0x16, 0x17, 0x17, 0x16, 0x19,
    0x1A, 0x1A, 0x1A, 0x1A, 0x17, 0x17, 0x17, 0x17, 0x19, 0x19, 0x19, 0x19, 0x1A, 0x1A, 0x19, 0x17, 0x19, 0x19, 0x16, 0x19, 0x17, 0x17, 0x1A, 0x1C,
    0x1D, 0x1D, 0x1E, 0x00, 0x16, 0x17, 0x17, 0x17, 0x17, 0x17, 0x17, 0x14, 0x16, 0x16, 0x16, 0x17, 0x16, 0x19, 0x17, 0x17, 0x17, 0x17, 0x17, 0x19,
    0x17, 0x1A, 0x19, 0x1B, 0x19, 0x1A, 0x19, 0x19, 0x19, 0x19, 0x19, 0x19, 0x19, 0x19, 0x19, 0x19, 0x19, 0x17, 0x17, 0x17, 0x19, 0x1A, 0x19, 0x19,
    0x17, 0x17, 0x17, 0x17, 0x17, 0x16, 0x17, 0x19, 0x1A, 0x19, 0x17, 0x17, 0x16, 0x15, 0x16, 0x17, 0x17, 0x17, 0x17, 0x16, 0x17, 0x17, 0x17, 0x17,
    0x17, 0x17, 0x17, 0x17, 0x19, 0x17, 0x17, 0x19, 0x17, 0x17, 0x17, 0x17, 0x17, 0x19, 0x17, 0x19, 0x17, 0x17, 0x17, 0x17, 0x17, 0x17, 0x19, 0x17,
    0x17, 0x17, 0x17, 0x19, 0x17, 0x17, 0x17, 0x19, 0x19, 0x16, 0x17, 0x17, 0x17, 0x17, 0x17, 0x17, 0x19, 0x17, 0x17, 0x16, 0x16, 0x17, 0x15, 0x17,
    0x16, 0x18, 0x1A, 0x1E, 0x1E, 0x1E, 0x1E, 0x00, 0x14, 0x17, 0x17, 0x17, 0x17, 0x18, 0x19, 0x19, 0x19, 0x19, 0x19, 0x19, 0x19, 0x19, 0x1A, 0x1A,
    0x1A, 0x1A, 0x1A, 0x1A, 0x1A, 0x1A, 0x1A, 0x19, 0x19, 0x1A, 0x1A, 0x1A, 0x1A, 0x1A, 0x1A, 0x19, 0x19, 0x19, 0x19, 0x1A, 0x1A, 0x19, 0x19, 0x19,
    0x19, 0x19, 0x19, 0x19, 0x19, 0x1A, 0x1A, 0x1A, 0x19, 0x19, 0x19, 0x19, 0x19, 0x19, 0x19, 0x19, 0x19, 0x18, 0x18, 0x18, 0x19, 0x19, 0x19, 0x19,
    0x19, 0x19, 0x19, 0x19, 0x19, 0x19, 0x19, 0x19, 0x18, 0x18, 0x19, 0x19, 0x1A, 0x1A, 0x19, 0x19, 0x19, 0x19, 0x19, 0x19, 0x1A, 0x19, 0x19, 0x18,
    0x19, 0x19, 0x19, 0x19, 0x19, 0x1A, 0x19, 0x19, 0x19, 0x19, 0x19, 0x19, 0x19, 0x18, 0x18, 0x18, 0x19, 0x19, 0x19, 0x19, 0x18, 0x18, 0x18, 0x18,
    0x17, 0x18, 0x18, 0x18, 0x18, 0x19, 0x1A, 0x1E, 0x1C, 0x1E, 0x1C, 0x00, 0x14, 0x16, 0x17, 0x19, 0x1C, 0x1C, 0x1C, 0x1C, 0x1C, 0x1C, 0x1C, 0x1C,
    0x1C, 0x1C, 0x1C, 0x1C, 0x1C, 0x1C, 0x1C, 0x1C, 0x1C, 0x1C, 0x1C, 0x1C, 0x1C, 0x1C, 0x1C, 0x1C, 0x1C, 0x1C, 0x1B, 0x1B, 0x1B, 0x1B, 0x1B, 0x1B,
    0x1C, 0x1C, 0x1D, 0x1C, 0x1C, 0x1C, 0x1C, 0x1D, 0x1D, 0x1C, 0x1C, 0x1B, 0x1C, 0x1C, 0x1C, 0x1C, 0x1C, 0x1C, 0x1C, 0x1D, 0x1C, 0x1C, 0x1C, 0x1C,
    0x1C, 0x1C, 0x1C, 0x1C, 0x1C, 0x1C, 0x1C, 0x1C, 0x1D, 0x1C, 0x1C, 0x1D, 0x1C, 0x1C, 0x1C, 0x1C, 0x1D, 0x1D, 0x1E, 0x1E, 0x1D, 0x1D, 0x1D, 0x1D,
    0x1C, 0x1B, 0x1C, 0x1C, 0x1C, 0x1C, 0x1C, 0x1D, 0x1C, 0x1C, 0x1C, 0x1B, 0x1C, 0x1B, 0x1B, 0x1C, 0x1C, 0x1C, 0x1C, 0x1C, 0x1C, 0x1C, 0x1A, 0x1C,
    0x1C, 0x1C, 0x1A, 0x1A, 0x1C, 0x1A, 0x1C, 0x1C, 0x1C, 0x1C, 0x1C, 0x1C, 0x1C, 0x1C, 0x1C, 0x00, 0x15, 0x17, 0x1A, 0x1C, 0x1C, 0x1C, 0x1C, 0x1C,
    0x1D, 0x1C, 0x1C, 0x1C, 0x1D, 0x1C, 0x1D, 0x1D, 0x1D, 0x1D, 0x1D, 0x1D, 0x1D, 0x1D, 0x1D, 0x1D, 0x1D, 0x1D, 0x1D, 0x1D, 0x1D, 0x1C, 0x1D, 0x1D,
    0x1D, 0x1C, 0x1B, 0x1B, 0x1C, 0x1C, 0x1C, 0x1C, 0x1C, 0x1C, 0x1C, 0x1C, 0x1D, 0x1D, 0x1C, 0x1C, 0x1C, 0x1C, 0x1C, 0x1C, 0x1C, 0x1C, 0x1C, 0x1D,
    0x1C, 0x1C, 0x1C, 0x1C, 0x1C, 0x1C, 0x1C, 0x1D, 0x1C, 0x1C, 0x1C, 0x1C, 0x1C, 0x1C, 0x1C, 0x1C, 0x1C, 0x1C, 0x1C, 0x1C, 0x1D, 0x1C, 0x1D, 0x1D,
    0x1D, 0x1D, 0x1C, 0x1C, 0x1C, 0x1C, 0x1C, 0x1C, 0x1C, 0x1C, 0x1D, 0x1D, 0x1D, 0x1C, 0x1C, 0x1D, 0x1C, 0x1B, 0x1B, 0x1C, 0x1C, 0x1C, 0x1C, 0x1C,
    0x1C, 0x1C, 0x1C, 0x1C, 0x1C, 0x1C, 0x1C, 0x1C, 0x1C, 0x1C, 0x1C, 0x1C, 0x1C, 0x1C, 0x1C, 0x1C, 0x1C, 0x1C, 0x1C, 0x00, 0x17, 0x19, 0x1C, 0x1C,
    0x1C, 0x1D, 0x1D, 0x1D, 0x1D, 0x1D, 0x1D, 0x1D, 0x1D, 0x1D, 0x1D, 0x1D, 0x1D, 0x1D, 0x1C, 0x1C, 0x1C, 0x1D, 0x1D, 0x1D, 0x1D, 0x1C, 0x1C, 0x1C,
    0x1C, 0x1C, 0x1C, 0x1C, 0x1D, 0x1D, 0x1D, 0x1C, 0x1C, 0x1C, 0x1B, 0x1C, 0x1C, 0x1C, 0x1C, 0x1C, 0x1C, 0x1C, 0x1C, 0x1C, 0x1C, 0x1C, 0x1C, 0x1C,
    0x1C, 0x1D, 0x1C, 0x1C, 0x1D, 0x1C, 0x1C, 0x1C, 0x1C, 0x1C, 0x1D, 0x1C, 0x1D, 0x1C, 0x1C, 0x1C, 0x1C, 0x1C, 0x1C, 0x1D, 0x1C, 0x1C, 0x1C, 0x1C,
    0x1D, 0x1C, 0x1C, 0x1C, 0x1D, 0x1D, 0x1C, 0x1C, 0x1C, 0x1C, 0x1C, 0x1C, 0x1C, 0x1D, 0x1C, 0x1C, 0x1C, 0x1C, 0x1C, 0x1B, 0x1C, 0x1C, 0x1C, 0x1C,
    0x1C, 0x1C, 0x1C, 0x1C, 0x1C, 0x1C, 0x1C, 0x1C, 0x1C, 0x1C, 0x1C, 0x1C, 0x1C, 0x1C, 0x1C, 0x1C, 0x1C, 0x1C, 0x1C, 0x1C, 0x1C, 0x1C, 0x1C, 0x00,
    0x19, 0x1C, 0x1C, 0x1C, 0x1C, 0x1C, 0x1C, 0x1D, 0x1C, 0x1D, 0x1C, 0x1D, 0x1C, 0x1C, 0x1D, 0x1C, 0x1C, 0x1C, 0x1D, 0x1D, 0x1C, 0x1D, 0x1D, 0x1D,
    0x1D, 0x1D, 0x1C, 0x1C, 0x1C, 0x1C, 0x1C, 0x1C, 0x1D, 0x1D, 0x1D, 0x1D, 0x1D, 0x1D, 0x1D, 0x1D, 0x1C, 0x1C, 0x1D, 0x1D, 0x1C, 0x1C, 0x1C, 0x1C,
    0x1C, 0x1C, 0x1C, 0x1C, 0x1C, 0x1C, 0x1C, 0x1C, 0x1C, 0x1C, 0x1C, 0x1C, 0x1C, 0x1C, 0x1C, 0x1C, 0x1C, 0x1C, 0x1C, 0x1D, 0x1C, 0x1C, 0x1C, 0x1C,
    0x1C, 0x1C, 0x1C, 0x1C, 0x1C, 0x1C, 0x1C, 0x1C, 0x1C, 0x1C, 0x1C, 0x1C, 0x1C, 0x1D, 0x1C, 0x1C, 0x1D, 0x1C, 0x1C, 0x1C, 0x1C, 0x1C, 0x1C, 0x1B,
    0x1C, 0x1C, 0x1C, 0x1D, 0x1C, 0x1C, 0x1C, 0x1C, 0x1C, 0x1C, 0x1C, 0x1C, 0x1C, 0x1C, 0x1C, 0x1C, 0x1C, 0x1C, 0x1C, 0x1C, 0x1C, 0x1C, 0x1C, 0x1C,
    0x1C, 0x1C, 0x1C, 0x00,
};

static const uint8_t px_wm_select_main_h9_049fa084[] __attribute__((aligned(8))) = {
    0x03, 0x06, 0x06, 0x06, 0x05, 0x05, 0x05, 0x05, 0x05, 0x05, 0x05, 0x04, 0x04, 0x04, 0x04, 0x05, 0x06, 0x06, 0x06, 0x06, 0x06, 0x06, 0x06, 0x06,
    0x06, 0x06, 0x06, 0x05, 0x05, 0x05, 0x05, 0x05, 0x08, 0x08, 0x0E, 0x00, 0x00, 0x00, 0x00, 0x00, 0x08, 0x01, 0x01, 0x01, 0x01, 0x01, 0x01, 0x01,
    0x01, 0x01, 0x01, 0x01, 0x01, 0x01, 0x01, 0x01, 0x01, 0x01, 0x01, 0x01, 0x01, 0x01, 0x01, 0x01, 0x01, 0x01, 0x01, 0x01, 0x01, 0x01, 0x01, 0x01,
    0x02, 0x0D, 0x12, 0x00, 0x00, 0x00, 0x00, 0x00, 0x07, 0x04, 0x07, 0x0A, 0x0A, 0x0B, 0x0B, 0x0B, 0x0B, 0x0B, 0x0B, 0x0B, 0x0B, 0x0A, 0x0A, 0x0A,
    0x0A, 0x0A, 0x0A, 0x0A, 0x0B, 0x0C, 0x0D, 0x0C, 0x0B, 0x0B, 0x0A, 0x0A, 0x0A, 0x0A, 0x0A, 0x0A, 0x0B, 0x11, 0x11, 0x00, 0x00, 0x00, 0x00, 0x00,
    0x09, 0x06, 0x0A, 0x0F, 0x10, 0x10, 0x10, 0x10, 0x10, 0x10, 0x0F, 0x0F, 0x0F, 0x0E, 0x0E, 0x0E, 0x0D, 0x0D, 0x0C, 0x0D, 0x0D, 0x0D, 0x0D, 0x0D,
    0x0D, 0x0D, 0x0D, 0x0D, 0x0D, 0x0D, 0x0E, 0x0F, 0x0F, 0x12, 0x12, 0x00, 0x00, 0x00, 0x00, 0x00, 0x08, 0x05, 0x0A, 0x0C, 0x0C, 0x0D, 0x0E, 0x0E,
    0x0E, 0x0E, 0x0D, 0x0C, 0x0B, 0x0C, 0x0C, 0x0B, 0x0B, 0x0B, 0x0B, 0x0B, 0x0B, 0x0B, 0x0B, 0x0A, 0x0A, 0x0A, 0x0A, 0x0A, 0x0A, 0x0A, 0x0B, 0x0C,
    0x10, 0x13, 0x13, 0x16, 0x16, 0x16, 0x16, 0x00, 0x09, 0x06, 0x0B, 0x0D, 0x0D, 0x0C, 0x0C, 0x0B, 0x0B, 0x0B, 0x0A, 0x0B, 0x0B, 0x0B, 0x0B, 0x0B,
    0x0A, 0x0B, 0x0B, 0x0B, 0x0C, 0x0C, 0x0C, 0x0D, 0x0E, 0x0E, 0x0E, 0x0E, 0x0D, 0x0C, 0x0B, 0x0B, 0x10, 0x13, 0x13, 0x16, 0x16, 0x16, 0x16, 0x00,
    0x09, 0x06, 0x0A, 0x0C, 0x0C, 0x0C, 0x0B, 0x0B, 0x0B, 0x0A, 0x0A, 0x0B, 0x0B, 0x0C, 0x0C, 0x0D, 0x0D, 0x0D, 0x0D, 0x0E, 0x0E, 0x0E, 0x0E, 0x0D,
    0x0C, 0x0B, 0x0B, 0x0B, 0x0B, 0x0B, 0x0C, 0x0D, 0x0F, 0x13, 0x13, 0x16, 0x16, 0x16, 0x16, 0x00, 0x09, 0x06, 0x0A, 0x0D, 0x0D, 0x0D, 0x0D, 0x0D,
    0x0C, 0x0C, 0x0A, 0x0A, 0x0A, 0x0A, 0x0A, 0x0B, 0x0C, 0x0B, 0x0B, 0x0B, 0x0B, 0x0B, 0x0C, 0x0B, 0x0A, 0x0B, 0x0B, 0x0B, 0x0B, 0x0A, 0x0A, 0x0A,
    0x0E, 0x0F, 0x0F, 0x16, 0x16, 0x16, 0x16, 0x00, 0x07, 0x05, 0x09, 0x0C, 0x0C, 0x0C, 0x0C, 0x0C, 0x0C, 0x0D, 0x0D, 0x0D, 0x0E, 0x0E, 0x0F, 0x0F,
    0x0F, 0x0F, 0x0E, 0x0D, 0x0C, 0x0C, 0x0B, 0x0A, 0x0A, 0x0B, 0x0B, 0x0B, 0x0A, 0x0A, 0x0A, 0x0A, 0x0F, 0x13, 0x13, 0x16, 0x16, 0x16, 0x16, 0x00,
    0x09, 0x05, 0x09, 0x0A, 0x0B, 0x0A, 0x0A, 0x0A, 0x0A, 0x0A, 0x0A, 0x0A, 0x0A, 0x0A, 0x0B, 0x0A, 0x0A, 0x0A, 0x0A, 0x0A, 0x0A, 0x0A, 0x0A, 0x0A,
    0x0B, 0x0B, 0x0B, 0x0B, 0x0B, 0x0B, 0x0B, 0x0C, 0x11, 0x15, 0x15, 0x16, 0x16, 0x16, 0x16, 0x00, 0x08, 0x06, 0x0A, 0x0C, 0x0C, 0x0D, 0x0E, 0x0E,
    0x0E, 0x0D, 0x0D, 0x0D, 0x0D, 0x0C, 0x0C, 0x0C, 0x0C, 0x0C, 0x0C, 0x0B, 0x0B, 0x0B, 0x0C, 0x0C, 0x0C, 0x0B, 0x0A, 0x0B, 0x0B, 0x0C, 0x0E, 0x0F,
    0x12, 0x15, 0x15, 0x16, 0x16, 0x16, 0x16, 0x00, 0x09, 0x06, 0x0B, 0x0C, 0x0C, 0x0B, 0x0B, 0x0B, 0x0B, 0x0A, 0x0A, 0x0B, 0x0C, 0x0C, 0x0C, 0x0D,
    0x0D, 0x0D, 0x0E, 0x0E, 0x0E, 0x0E, 0x0F, 0x0F, 0x10, 0x10, 0x10, 0x10, 0x10, 0x10, 0x10, 0x10, 0x12, 0x15, 0x15, 0x16, 0x16, 0x16, 0x16, 0x00,
    0x09, 0x07, 0x0B, 0x0C, 0x0B, 0x0C, 0x0C, 0x0C, 0x0D, 0x0D, 0x0E, 0x0F, 0x0F, 0x0F, 0x0E, 0x0F, 0x10, 0x0F, 0x0E, 0x0D, 0x0D, 0x0D, 0x0D, 0x0D,
    0x0D, 0x0B, 0x0B, 0x0B, 0x0C, 0x0D, 0x0E, 0x0E, 0x11, 0x14, 0x14, 0x16, 0x16, 0x16, 0x16, 0x00, 0x08, 0x05, 0x0B, 0x0D, 0x0F, 0x0F, 0x10, 0x10,
    0x10, 0x10, 0x10, 0x0F, 0x0F, 0x0F, 0x0E, 0x0D, 0x0D, 0x0D, 0x0D, 0x0D, 0x0D, 0x0D, 0x0D, 0x0C, 0x0B, 0x0B, 0x0A, 0x0A, 0x0A, 0x0A, 0x0A, 0x0B,
    0x10, 0x13, 0x13, 0x16, 0x16, 0x16, 0x16, 0x00, 0x09, 0x06, 0x0B, 0x0E, 0x0F, 0x10, 0x10, 0x10, 0x0F, 0x0E, 0x0D, 0x0C, 0x0C, 0x0C, 0x0C, 0x0D,
    0x0D, 0x0C, 0x0C, 0x0C, 0x0C, 0x0C, 0x0C, 0x0B, 0x0A, 0x0A, 0x0A, 0x0A, 0x0A, 0x0A, 0x0C, 0x0C, 0x10, 0x13, 0x14, 0x16, 0x16, 0x16, 0x16, 0x00,
    0x09, 0x06, 0x0B, 0x0E, 0x0E, 0x0F, 0x0F, 0x0F, 0x0E, 0x0E, 0x0D, 0x0D, 0x0D, 0x0E, 0x0E, 0x0E, 0x0E, 0x0E, 0x0D, 0x0D, 0x0D, 0x0E, 0x0E, 0x0E,
    0x0E, 0x0E, 0x0E, 0x0F, 0x0F, 0x0F, 0x0F, 0x0F, 0x10, 0x14, 0x15, 0x16, 0x16, 0x16, 0x16, 0x00, 0x09, 0x06, 0x0B, 0x0D, 0x0D, 0x0D, 0x0D, 0x0E,
    0x0E, 0x0F, 0x0F, 0x0F, 0x0F, 0x0F, 0x0E, 0x0F, 0x10, 0x10, 0x10, 0x0F, 0x0E, 0x0E, 0x0D, 0x0E, 0x10, 0x10, 0x10, 0x10, 0x0F, 0x0F, 0x0F, 0x10,
    0x10, 0x14, 0x14, 0x16, 0x16, 0x16, 0x16, 0x00, 0x09, 0x07, 0x0C, 0x0E, 0x0E, 0x0D, 0x0D, 0x0D, 0x0E, 0x0E, 0x0F, 0x0F, 0x0E, 0x0F, 0x0F, 0x0F,
    0x0E, 0x0F, 0x0F, 0x0F, 0x0F, 0x0E, 0x0D, 0x0D, 0x0C, 0x0D, 0x0D, 0x0D, 0x0D, 0x0E, 0x0E, 0x0F, 0x10, 0x13, 0x13, 0x16, 0x16, 0x16, 0x16, 0x00,
    0x09, 0x06, 0x0C, 0x0D, 0x0D, 0x0C, 0x0C, 0x0C, 0x0D, 0x0D, 0x0D, 0x0D, 0x0C, 0x0C, 0x0C, 0x0C, 0x0C, 0x0B, 0x0A, 0x0A, 0x0A, 0x0A, 0x0A, 0x0A,
    0x0A, 0x0A, 0x0A, 0x0A, 0x0A, 0x0B, 0x0C, 0x0E, 0x11, 0x15, 0x15, 0x16, 0x16, 0x16, 0x16, 0x00, 0x0C, 0x08, 0x0D, 0x10, 0x10, 0x0F, 0x0F, 0x0F,
    0x0F, 0x10, 0x10, 0x10, 0x11, 0x10, 0x10, 0x10, 0x10, 0x0F, 0x0F, 0x0F, 0x0E, 0x0E, 0x0E, 0x0D, 0x0D, 0x0D, 0x0E, 0x0E, 0x0D, 0x0D, 0x0C, 0x0C,
    0x11, 0x14, 0x14, 0x16, 0x16, 0x16, 0x16, 0x00, 0x0C, 0x08, 0x0E, 0x10, 0x10, 0x10, 0x10, 0x10, 0x10, 0x10, 0x11, 0x10, 0x10, 0x0F, 0x0F, 0x0F,
    0x0F, 0x10, 0x10, 0x10, 0x10, 0x10, 0x10, 0x10, 0x10, 0x10, 0x11, 0x11, 0x11, 0x11, 0x10, 0x11, 0x10, 0x14, 0x14, 0x16, 0x16, 0x16, 0x16, 0x00,
    0x0B, 0x0B, 0x0E, 0x0F, 0x10, 0x10, 0x10, 0x10, 0x10, 0x10, 0x10, 0x10, 0x10, 0x0F, 0x0F, 0x0F, 0x0E, 0x0F, 0x0F, 0x10, 0x10, 0x10, 0x10, 0x10,
    0x10, 0x10, 0x10, 0x10, 0x10, 0x10, 0x10, 0x10, 0x10, 0x13, 0x13, 0x16, 0x16, 0x16, 0x16, 0x00, 0x0A, 0x0B, 0x0D, 0x0F, 0x0F, 0x0F, 0x0E, 0x0E,
    0x0E, 0x0E, 0x0F, 0x11, 0x11, 0x10, 0x10, 0x10, 0x10, 0x10, 0x10, 0x10, 0x10, 0x10, 0x10, 0x10, 0x11, 0x10, 0x10, 0x0F, 0x0F, 0x0F, 0x0F, 0x0E,
    0x11, 0x15, 0x14, 0x16, 0x16, 0x16, 0x16, 0x00, 0x0A, 0x07, 0x0C, 0x0E, 0x0E, 0x0E, 0x0E, 0x0F, 0x0F, 0x0F, 0x0F, 0x0F, 0x10, 0x0F, 0x0F, 0x0E,
    0x0D, 0x0E, 0x0E, 0x0E, 0x0E, 0x0F, 0x0F, 0x10, 0x10, 0x10, 0x11, 0x10, 0x10, 0x10, 0x10, 0x10, 0x11, 0x13, 0x13, 0x16, 0x16, 0x16, 0x16, 0x00,
    0x0A, 0x09, 0x0C, 0x0D, 0x0D, 0x0E, 0x0E, 0x0E, 0x0E, 0x0E, 0x0D, 0x0D, 0x0C, 0x0C, 0x0C, 0x0D, 0x0D, 0x0D, 0x0E, 0x0E, 0x0F, 0x0F, 0x10, 0x10,
    0x11, 0x10, 0x10, 0x10, 0x11, 0x10, 0x10, 0x10, 0x11, 0x15, 0x15, 0x16, 0x16, 0x16, 0x16, 0x00, 0x0B, 0x0B, 0x0E, 0x10, 0x10, 0x10, 0x10, 0x10,
    0x10, 0x10, 0x10, 0x10, 0x0F, 0x0F, 0x0E, 0x0E, 0x0E, 0x0E, 0x0E, 0x0E, 0x0E, 0x0D, 0x0D, 0x0D, 0x0E, 0x0E, 0x0E, 0x0E, 0x0E, 0x0E, 0x0E, 0x0D,
    0x11, 0x13, 0x13, 0x16, 0x16, 0x16, 0x16, 0x00, 0x0B, 0x0B, 0x0E, 0x10, 0x10, 0x10, 0x0F, 0x10, 0x10, 0x10, 0x10, 0x0F, 0x0F, 0x10, 0x10, 0x10,
    0x10, 0x10, 0x11, 0x10, 0x10, 0x10, 0x10, 0x10, 0x11, 0x11, 0x11, 0x12, 0x12, 0x12, 0x11, 0x11, 0x11, 0x14, 0x14, 0x16, 0x16, 0x16, 0x16, 0x00,
    0x0B, 0x0C, 0x0E, 0x10, 0x10, 0x10, 0x10, 0x10, 0x10, 0x10, 0x10, 0x10, 0x10, 0x10, 0x10, 0x10, 0x10, 0x10, 0x10, 0x10, 0x10, 0x10, 0x10, 0x0F,
    0x0F, 0x0F, 0x0F, 0x0F, 0x0F, 0x0F, 0x0F, 0x0F, 0x11, 0x14, 0x14, 0x16, 0x16, 0x16, 0x16, 0x00, 0x09, 0x0A, 0x0E, 0x0F, 0x0F, 0x10, 0x10, 0x10,
    0x10, 0x10, 0x10, 0x10, 0x10, 0x10, 0x10, 0x10, 0x0F, 0x0F, 0x0F, 0x0F, 0x0F, 0x0F, 0x0F, 0x10, 0x10, 0x10, 0x10, 0x10, 0x10, 0x10, 0x0F, 0x0F,
    0x11, 0x14, 0x14, 0x16, 0x16, 0x16, 0x16, 0x00, 0x0C, 0x08, 0x0E, 0x10, 0x10, 0x10, 0x10, 0x10, 0x10, 0x10, 0x10, 0x10, 0x10, 0x0F, 0x0F, 0x0F,
    0x0F, 0x0F, 0x0F, 0x0F, 0x0F, 0x0F, 0x0F, 0x0F, 0x0F, 0x0E, 0x0E, 0x0E, 0x0F, 0x0F, 0x10, 0x10, 0x11, 0x14, 0x13, 0x16, 0x16, 0x16, 0x16, 0x00,
    0x0A, 0x0A, 0x0E, 0x0F, 0x0F, 0x0F, 0x0F, 0x0F, 0x0F, 0x0F, 0x0F, 0x0F, 0x0F, 0x0F, 0x0F, 0x0F, 0x0F, 0x0F, 0x0F, 0x0F, 0x0F, 0x0F, 0x0F, 0x10,
    0x10, 0x10, 0x10, 0x10, 0x10, 0x10, 0x10, 0x10, 0x11, 0x14, 0x14, 0x16, 0x16, 0x16, 0x16, 0x00, 0x0B, 0x0B, 0x0E, 0x0F, 0x10, 0x0F, 0x0F, 0x0F,
    0x0F, 0x0F, 0x0F, 0x0F, 0x0F, 0x0F, 0x0F, 0x0E, 0x0E, 0x0E, 0x0F, 0x0F, 0x10, 0x10, 0x10, 0x10, 0x10, 0x10, 0x10, 0x10, 0x10, 0x10, 0x10, 0x10,
    0x11, 0x14, 0x13, 0x16, 0x16, 0x16, 0x16, 0x00, 0x09, 0x0A, 0x0E, 0x0F, 0x0F, 0x10, 0x10, 0x10, 0x10, 0x10, 0x10, 0x10, 0x10, 0x10, 0x10, 0x10,
    0x0F, 0x0F, 0x0F, 0x0F, 0x0F, 0x0F, 0x0F, 0x10, 0x10, 0x11, 0x11, 0x11, 0x11, 0x11, 0x11, 0x11, 0x11, 0x14, 0x14, 0x16, 0x16, 0x16, 0x16, 0x00,
    0x0C, 0x08, 0x0E, 0x10, 0x10, 0x10, 0x10, 0x10, 0x10, 0x10, 0x10, 0x10, 0x10, 0x0F, 0x0F, 0x10, 0x10, 0x10, 0x10, 0x10, 0x10, 0x10, 0x10, 0x10,
    0x10, 0x10, 0x11, 0x11, 0x11, 0x11, 0x11, 0x11, 0x11, 0x14, 0x13, 0x16, 0x16, 0x16, 0x16, 0x00, 0x0A, 0x0A, 0x0E, 0x0F, 0x0F, 0x0F, 0x0F, 0x0F,
    0x0F, 0x0F, 0x0F, 0x0F, 0x0F, 0x10, 0x10, 0x10, 0x10, 0x10, 0x11, 0x11, 0x11, 0x11, 0x11, 0x11, 0x11, 0x11, 0x11, 0x11, 0x11, 0x11, 0x11, 0x11,
    0x11, 0x14, 0x14, 0x16, 0x16, 0x16, 0x16, 0x00, 0x0B, 0x0B, 0x0E, 0x0F, 0x10, 0x0F, 0x0F, 0x0F, 0x0F, 0x0F, 0x0F, 0x0F, 0x0F, 0x0F, 0x0F, 0x0E,
    0x0E, 0x0E, 0x0F, 0x0F, 0x10, 0x10, 0x10, 0x10, 0x10, 0x10, 0x10, 0x10, 0x10, 0x10, 0x10, 0x10, 0x11, 0x14, 0x13, 0x16, 0x16, 0x16, 0x16, 0x00,
    0x0B, 0x0B, 0x0E, 0x0F, 0x0F, 0x0F, 0x0F, 0x10, 0x10, 0x10, 0x10, 0x10, 0x10, 0x10, 0x10, 0x10, 0x10, 0x10, 0x10, 0x10, 0x0F, 0x0F, 0x0F, 0x0F,
    0x0F, 0x10, 0x10, 0x10, 0x10, 0x10, 0x10, 0x10, 0x11, 0x13, 0x13, 0x16, 0x16, 0x16, 0x16, 0x00, 0x0A, 0x0B, 0x0F, 0x11, 0x11, 0x11, 0x11, 0x11,
    0x11, 0x11, 0x11, 0x11, 0x11, 0x11, 0x11, 0x11, 0x11, 0x11, 0x11, 0x11, 0x11, 0x11, 0x11, 0x11, 0x11, 0x11, 0x11, 0x11, 0x11, 0x11, 0x12, 0x12,
    0x12, 0x15, 0x15, 0x16, 0x16, 0x16, 0x16, 0x00, 0x0A, 0x0F, 0x15, 0x15, 0x15, 0x15, 0x15, 0x15, 0x15, 0x15, 0x15, 0x15, 0x14, 0x14, 0x15, 0x15,
    0x15, 0x15, 0x15, 0x15, 0x15, 0x15, 0x15, 0x15, 0x15, 0x15, 0x15, 0x15, 0x15, 0x15, 0x15, 0x15, 0x15, 0x15, 0x14, 0x16, 0x16, 0x16, 0x16, 0x00,
    0x0E, 0x13, 0x15, 0x15, 0x15, 0x15, 0x15, 0x15, 0x15, 0x15, 0x15, 0x15, 0x15, 0x15, 0x15, 0x15, 0x15, 0x15, 0x15, 0x15, 0x15, 0x15, 0x15, 0x15,
    0x15, 0x15, 0x15, 0x15, 0x15, 0x15, 0x15, 0x15, 0x15, 0x15, 0x15, 0x16, 0x16, 0x16, 0x16, 0x00, 0x00, 0x00, 0x00, 0x00, 0x16, 0x16, 0x16, 0x16,
    0x16, 0x16, 0x16, 0x16, 0x16, 0x16, 0x16, 0x16, 0x16, 0x16, 0x16, 0x16, 0x16, 0x16, 0x16, 0x16, 0x16, 0x16, 0x16, 0x16, 0x16, 0x16, 0x16, 0x16,
    0x16, 0x16, 0x16, 0x16, 0x16, 0x16, 0x16, 0x00, 0x00, 0x00, 0x00, 0x00, 0x16, 0x16, 0x16, 0x16, 0x16, 0x16, 0x16, 0x16, 0x16, 0x16, 0x16, 0x16,
    0x16, 0x16, 0x16, 0x16, 0x16, 0x16, 0x16, 0x16, 0x16, 0x16, 0x16, 0x16, 0x16, 0x16, 0x16, 0x16, 0x16, 0x16, 0x16, 0x16, 0x16, 0x16, 0x16, 0x00,
    0x00, 0x00, 0x00, 0x00, 0x16, 0x16, 0x16, 0x16, 0x16, 0x16, 0x16, 0x16, 0x16, 0x16, 0x16, 0x16, 0x16, 0x16, 0x16, 0x16, 0x16, 0x16, 0x16, 0x16,
    0x16, 0x16, 0x16, 0x16, 0x16, 0x16, 0x16, 0x16, 0x16, 0x16, 0x16, 0x16, 0x16, 0x16, 0x16, 0x00, 0x00, 0x00, 0x00, 0x00, 0x16, 0x16, 0x16, 0x16,
    0x16, 0x16, 0x16, 0x16, 0x16, 0x16, 0x16, 0x16, 0x16, 0x16, 0x16, 0x16, 0x16, 0x16, 0x16, 0x16, 0x16, 0x16, 0x16, 0x16, 0x16, 0x16, 0x16, 0x16,
    0x16, 0x16, 0x16, 0x16, 0x16, 0x16, 0x16, 0x00,
};

static const uint8_t px_wm_select_main_h10_043da716[] __attribute__((aligned(8))) = {
    0x03, 0x05, 0x03, 0x05, 0x03, 0x05, 0x05, 0x09, 0x05, 0x05, 0x03, 0x03, 0x05, 0x05, 0x09, 0x09, 0x05, 0x05, 0x03, 0x03, 0x05, 0x09, 0x03, 0x05,
    0x05, 0x03, 0x05, 0x03, 0x05, 0x03, 0x05, 0x03, 0x05, 0x0B, 0x05, 0x05, 0x05, 0x05, 0x05, 0x05, 0x03, 0x05, 0x05, 0x05, 0x05, 0x05, 0x05, 0x05,
    0x05, 0x03, 0x01, 0x02, 0x01, 0x02, 0x01, 0x02, 0x01, 0x05, 0x03, 0x02, 0x01, 0x01, 0x01, 0x02, 0x03, 0x03, 0x02, 0x01, 0x02, 0x01, 0x01, 0x02,
    0x03, 0x03, 0x03, 0x03, 0x03, 0x03, 0x03, 0x03, 0x05, 0x03, 0x05, 0x05, 0x05, 0x03, 0x03, 0x03, 0x05, 0x03, 0x03, 0x05, 0x03, 0x05, 0x03, 0x02,
    0x02, 0x02, 0x01, 0x02, 0x02, 0x01, 0x01, 0x01, 0x01, 0x01, 0x01, 0x02, 0x01, 0x01, 0x01, 0x01, 0x04, 0x01, 0x01, 0x01, 0x01, 0x01, 0x01, 0x01,
    0x01, 0x01, 0x01, 0x04, 0x04, 0x01, 0x01, 0x04, 0x01, 0x04, 0x02, 0x02, 0x02, 0x02, 0x02, 0x04, 0x04, 0x01, 0x01, 0x01, 0x02, 0x01, 0x01, 0x01,
    0x02, 0x02, 0x02, 0x03, 0x02, 0x02, 0x02, 0x02, 0x03, 0x03, 0x03, 0x02, 0x02, 0x02, 0x02, 0x01, 0x03, 0x03, 0x03, 0x03, 0x02, 0x02, 0x02, 0x02,
    0x05, 0x05, 0x03, 0x01, 0x02, 0x03, 0x03, 0x01, 0x04, 0x02, 0x02, 0x01, 0x05, 0x03, 0x01, 0x01, 0x02, 0x03, 0x02, 0x01, 0x01, 0x01, 0x01, 0x01,
    0x02, 0x02, 0x01, 0x01, 0x10, 0x0A, 0x0F, 0x0A, 0x0A, 0x11, 0x10, 0x11, 0x13, 0x11, 0x11, 0x13, 0x0A, 0x11, 0x10, 0x10, 0x12, 0x13, 0x10, 0x0A,
    0x0F, 0x0F, 0x11, 0x10, 0x10, 0x0A, 0x0A, 0x0A, 0x10, 0x11, 0x0A, 0x11, 0x0A, 0x0A, 0x0A, 0x0F, 0x11, 0x10, 0x0A, 0x0A, 0x11, 0x13, 0x10, 0x11,
    0x11, 0x10, 0x11, 0x11, 0x11, 0x0A, 0x0E, 0x0E, 0x0E, 0x0D, 0x0C, 0x0D, 0x0C, 0x0D, 0x0D, 0x0D, 0x0E, 0x0D, 0x0D, 0x0C, 0x0E, 0x0F, 0x0A, 0x0E,
    0x0D, 0x0E, 0x0E, 0x0F, 0x0A, 0x0F, 0x0F, 0x0A, 0x0A, 0x0A, 0x0A, 0x11, 0x10, 0x10, 0x11, 0x11, 0x0A, 0x0A, 0x0F, 0x0F, 0x0F, 0x0A, 0x0F, 0x0D,
    0x0D, 0x0E, 0x0D, 0x0D, 0x0C, 0x0C, 0x0D, 0x0C, 0x0C, 0x0B, 0x0B, 0x0B, 0x09, 0x0B, 0x0C, 0x0C, 0x0C, 0x0C, 0x05, 0x0B, 0x0C, 0x0C, 0x0C, 0x0B,
    0x0B, 0x0B, 0x0C, 0x0C, 0x0C, 0x0C, 0x0D, 0x0C, 0x0C, 0x0C, 0x0C, 0x0D, 0x0C, 0x0D, 0x0E, 0x0E, 0x0D, 0x0C, 0x0C, 0x0B, 0x09, 0x0B, 0x0C, 0x0D,
    0x0E, 0x0C, 0x0C, 0x0C, 0x0C, 0x0E, 0x0E, 0x0D, 0x0E, 0x0D, 0x0B, 0x0D, 0x0E, 0x0D, 0x0C, 0x0D, 0x0D, 0x0D, 0x0B, 0x0D, 0x0C, 0x0D, 0x0E, 0x0F,
    0x0E, 0x0D, 0x0B, 0x0E, 0x0F, 0x0D, 0x0E, 0x0E, 0x0D, 0x05, 0x0B, 0x0C, 0x0B, 0x0B, 0x0C, 0x0D, 0x0E, 0x0F, 0x0D, 0x05, 0x0D, 0x0D, 0x0B, 0x0C,
    0x05, 0x09, 0x0B, 0x0C, 0x0C, 0x0B, 0x0D, 0x0E, 0x0F, 0x0E, 0x0A, 0x0A, 0x0F, 0x0F, 0x0F, 0x0A, 0x10, 0x10, 0x11, 0x11, 0x11, 0x0A, 0x11, 0x11,
    0x0F, 0x0A, 0x0A, 0x0A, 0x11, 0x11, 0x0A, 0x0A, 0x0F, 0x0D, 0x11, 0x10, 0x13, 0x11, 0x11, 0x11, 0x0A, 0x0A, 0x0A, 0x10, 0x11, 0x11, 0x11, 0x11,
    0x0A, 0x11, 0x0A, 0x0F, 0x0D, 0x0E, 0x0A, 0x0A, 0x0A, 0x0E, 0x11, 0x0A, 0x0E, 0x11, 0x0E, 0x0F, 0x0F, 0x0E, 0x0F, 0x0F, 0x0D, 0x0D, 0x0D, 0x0F,
    0x0F, 0x0E, 0x0F, 0x0A, 0x0F, 0x0E, 0x0F, 0x0E, 0x0D, 0x0A, 0x10, 0x11, 0x11, 0x0A, 0x0A, 0x0A, 0x0A, 0x0A, 0x0A, 0x0A, 0x0F, 0x0E, 0x0E, 0x0C,
    0x0F, 0x11, 0x0E, 0x09, 0x09, 0x0B, 0x0D, 0x0B, 0x09, 0x05, 0x05, 0x0B, 0x0B, 0x0C, 0x0C, 0x0C, 0x0B, 0x0B, 0x0B, 0x0B, 0x09, 0x0B, 0x09, 0x0B,
    0x0B, 0x0B, 0x0B, 0x0C, 0x0B, 0x0C, 0x0C, 0x0E, 0x0D, 0x0C, 0x0B, 0x0B, 0x0D, 0x0C, 0x0B, 0x0B, 0x0D, 0x0D, 0x0D, 0x0B, 0x0C, 0x0C, 0x0D, 0x0D,
    0x0D, 0x0C, 0x0B, 0x09, 0x0B, 0x0B, 0x0C, 0x0D, 0x0D, 0x0C, 0x0D, 0x0E, 0x0D, 0x0C, 0x0D, 0x0D, 0x0D, 0x0D, 0x0F, 0x0D, 0x0D, 0x0C, 0x0D, 0x0C,
    0x0D, 0x0C, 0x0D, 0x0D, 0x0E, 0x0E, 0x0E, 0x0D, 0x0C, 0x0E, 0x0F, 0x0D, 0x0B, 0x09, 0x09, 0x0D, 0x0D, 0x0D, 0x0D, 0x0C, 0x0D, 0x0C, 0x0C, 0x0E,
    0x0C, 0x0B, 0x05, 0x05, 0x0B, 0x0E, 0x0D, 0x0C, 0x0C, 0x0C, 0x0C, 0x0D, 0x0E, 0x0E, 0x11, 0x11, 0x11, 0x11, 0x0A, 0x10, 0x0A, 0x0A, 0x0E, 0x0D,
    0x11, 0x0A, 0x0D, 0x11, 0x0F, 0x0F, 0x0F, 0x0A, 0x0A, 0x11, 0x0A, 0x10, 0x12, 0x10, 0x11, 0x10, 0x10, 0x13, 0x10, 0x11, 0x0A, 0x0F, 0x0A, 0x0A,
    0x0A, 0x0A, 0x0A, 0x0A, 0x0D, 0x0D, 0x0D, 0x0E, 0x0D, 0x0D, 0x0F, 0x0A, 0x0D, 0x0A, 0x0E, 0x0A, 0x0A, 0x0A, 0x0D, 0x0F, 0x0F, 0x0A, 0x0A, 0x11,
    0x0F, 0x0D, 0x0E, 0x0F, 0x0E, 0x0E, 0x0E, 0x0E, 0x0F, 0x0F, 0x0A, 0x0A, 0x0E, 0x0D, 0x0A, 0x0A, 0x10, 0x11, 0x0F, 0x0A, 0x0A, 0x0A, 0x0F, 0x0F,
    0x0F, 0x0D, 0x0C, 0x0B, 0x0C, 0x0E, 0x0D, 0x0D, 0x0E, 0x0C, 0x0B, 0x0C, 0x0C, 0x0B, 0x0C, 0x0C, 0x0B, 0x0C, 0x0C, 0x0C, 0x0D, 0x0E, 0x05, 0x09,
    0x05, 0x09, 0x0B, 0x0C, 0x0B, 0x0C, 0x0C, 0x0C, 0x0D, 0x0C, 0x0C, 0x0B, 0x0C, 0x0D, 0x0B, 0x0B, 0x09, 0x0C, 0x0B, 0x0D, 0x0D, 0x0D, 0x0C, 0x0B,
    0x09, 0x09, 0x0D, 0x0D, 0x0B, 0x0C, 0x0E, 0x0D, 0x09, 0x0B, 0x0B, 0x0B, 0x09, 0x05, 0x09, 0x0C, 0x0D, 0x0F, 0x0F, 0x0D, 0x0C, 0x0C, 0x0D, 0x0D,
    0x0D, 0x0C, 0x0C, 0x0C, 0x0D, 0x0E, 0x0E, 0x0F, 0x0E, 0x0F, 0x0E, 0x0E, 0x0E, 0x0B, 0x0C, 0x0C, 0x0B, 0x05, 0x0B, 0x0D, 0x0D, 0x0C, 0x0C, 0x0C,
    0x0B, 0x0C, 0x0F, 0x0B, 0x09, 0x0B, 0x0C, 0x0E, 0x0D, 0x0C, 0x0D, 0x0C, 0x0D, 0x0D, 0x0C, 0x0C, 0x0D, 0x0E, 0x0F, 0x11, 0x11, 0x13, 0x12, 0x10,
    0x11, 0x0A, 0x0A, 0x11, 0x10, 0x10, 0x10, 0x0F, 0x13, 0x13, 0x13, 0x10, 0x11, 0x11, 0x11, 0x11, 0x10, 0x12, 0x12, 0x12, 0x11, 0x10, 0x12, 0x13,
    0x13, 0x0A, 0x0F, 0x11, 0x0F, 0x0A, 0x0F, 0x0F, 0x0A, 0x0D, 0x0D, 0x0D, 0x0D, 0x0E, 0x0E, 0x0E, 0x0D, 0x0F, 0x0F, 0x0A, 0x0E, 0x0F, 0x0D, 0x0D,
    0x0A, 0x0A, 0x0A, 0x0F, 0x0F, 0x0A, 0x0D, 0x0D, 0x0F, 0x0D, 0x0D, 0x0D, 0x0E, 0x0F, 0x0F, 0x10, 0x0A, 0x11, 0x0F, 0x0A, 0x11, 0x0F, 0x0A, 0x11,
    0x10, 0x11, 0x0A, 0x0F, 0x0E, 0x0F, 0x0E, 0x0D, 0x05, 0x03, 0x05, 0x0C, 0x0A, 0x0F, 0x0D, 0x0E, 0x0A, 0x0D, 0x0C, 0x0B, 0x0C, 0x0C, 0x0C, 0x0B,
    0x0C, 0x0D, 0x0B, 0x05, 0x05, 0x0D, 0x11, 0x0F, 0x0C, 0x0D, 0x0B, 0x0B, 0x0C, 0x0E, 0x0D, 0x0B, 0x0C, 0x0B, 0x09, 0x09, 0x05, 0x0B, 0x0C, 0x0B,
    0x05, 0x0C, 0x0B, 0x0D, 0x0B, 0x0B, 0x0B, 0x0C, 0x0C, 0x0B, 0x09, 0x0B, 0x0D, 0x0E, 0x0B, 0x09, 0x09, 0x0B, 0x05, 0x0C, 0x0E, 0x0C, 0x0B, 0x0C,
    0x09, 0x0B, 0x0D, 0x0D, 0x0D, 0x0C, 0x0C, 0x0C, 0x0D, 0x0D, 0x0E, 0x0D, 0x0D, 0x0D, 0x0D, 0x0E, 0x0B, 0x0C, 0x0B, 0x09, 0x09, 0x0C, 0x0C, 0x0C,
    0x0D, 0x0F, 0x0A, 0x0E, 0x0C, 0x0C, 0x0D, 0x0A, 0x0B, 0x09, 0x0D, 0x0C, 0x0C, 0x0D, 0x0C, 0x0C, 0x0C, 0x0C, 0x0C, 0x0C, 0x0E, 0x0F, 0x0A, 0x0F,
    0x11, 0x10, 0x11, 0x11, 0x10, 0x12, 0x12, 0x10, 0x10, 0x10, 0x10, 0x13, 0x11, 0x11, 0x13, 0x11, 0x0A, 0x0D, 0x0B, 0x0E, 0x0A, 0x0A, 0x11, 0x11,
    0x11, 0x13, 0x13, 0x13, 0x14, 0x11, 0x0A, 0x0A, 0x11, 0x0A, 0x0A, 0x0F, 0x0F, 0x0F, 0x0D, 0x0D, 0x0D, 0x0F, 0x0E, 0x0A, 0x11, 0x0E, 0x0E, 0x0F,
    0x0D, 0x0D, 0x0C, 0x0D, 0x0F, 0x0D, 0x0D, 0x0D, 0x0E, 0x0F, 0x0F, 0x0D, 0x0C, 0x0D, 0x0E, 0x0D, 0x0F, 0x0E, 0x0F, 0x0D, 0x0A, 0x0A, 0x0A, 0x0A,
    0x0F, 0x0F, 0x0A, 0x0A, 0x10, 0x0A, 0x0E, 0x0E, 0x0F, 0x0F, 0x0F, 0x0D, 0x0F, 0x0D, 0x0C, 0x05, 0x0C, 0x0C, 0x0B, 0x0E, 0x0D, 0x0D, 0x0C, 0x09,
    0x05, 0x0B, 0x0D, 0x0E, 0x0D, 0x0B, 0x0C, 0x0C, 0x0B, 0x0B, 0x0C, 0x0D, 0x0D, 0x0D, 0x0D, 0x0D, 0x0C, 0x0B, 0x0D, 0x0D, 0x09, 0x05, 0x09, 0x0D,
    0x0D, 0x09, 0x09, 0x09, 0x0C, 0x0B, 0x0C, 0x09, 0x0B, 0x05, 0x05, 0x0D, 0x0C, 0x09, 0x05, 0x09, 0x09, 0x05, 0x05, 0x05, 0x05, 0x0D, 0x0C, 0x0E,
    0x0B, 0x09, 0x0B, 0x0C, 0x0D, 0x0D, 0x0C, 0x0C, 0x0C, 0x09, 0x09, 0x0C, 0x0C, 0x0C, 0x0D, 0x0D, 0x0D, 0x0C, 0x0D, 0x0C, 0x0E, 0x0D, 0x0C, 0x0B,
    0x0B, 0x0D, 0x0D, 0x0D, 0x0D, 0x0C, 0x0B, 0x0C, 0x0C, 0x0B, 0x09, 0x0C, 0x0B, 0x0C, 0x0C, 0x0D, 0x0C, 0x0D, 0x0C, 0x0C, 0x0B, 0x0C, 0x0C, 0x0D,
    0x0D, 0x0F, 0x0A, 0x0F, 0x0F, 0x0E, 0x0A, 0x11, 0x10, 0x12, 0x14, 0x10, 0x0F, 0x0E, 0x0A, 0x11, 0x0A, 0x0A, 0x11, 0x11, 0x0A, 0x0E, 0x0C, 0x0C,
    0x0E, 0x0F, 0x0F, 0x0A, 0x0A, 0x11, 0x10, 0x10, 0x10, 0x0F, 0x0F, 0x0E, 0x0E, 0x0F, 0x0A, 0x0F, 0x0E, 0x0F, 0x0D, 0x0F, 0x11, 0x0A, 0x0F, 0x0D,
    0x0C, 0x0F, 0x0A, 0x0A, 0x0F, 0x0F, 0x0D, 0x0B, 0x0B, 0x0D, 0x0D, 0x0F, 0x0E, 0x0F, 0x0A, 0x0A, 0x0E, 0x0D, 0x0D, 0x0F, 0x11, 0x13, 0x0E, 0x0A,
    0x0F, 0x0A, 0x0F, 0x0A, 0x0D, 0x0F, 0x11, 0x11, 0x0A, 0x0F, 0x0F, 0x0E, 0x0E, 0x0F, 0x0E, 0x0A, 0x0D, 0x0D, 0x0A, 0x0C, 0x05, 0x09, 0x05, 0x09,
    0x09, 0x09, 0x09, 0x05, 0x09, 0x0C, 0x0D, 0x0D, 0x0D, 0x0C, 0x0C, 0x0D, 0x0C, 0x0C, 0x0D, 0x0D, 0x0D, 0x0C, 0x0C, 0x0C, 0x0C, 0x0B, 0x0B, 0x0B,
    0x0B, 0x0C, 0x0B, 0x09, 0x0B, 0x0B, 0x0B, 0x09, 0x09, 0x0B, 0x05, 0x09, 0x0D, 0x0D, 0x0D, 0x0D, 0x0B, 0x0B, 0x0B, 0x0B, 0x0C, 0x0C, 0x0B, 0x09,
    0x0C, 0x0F, 0x0A, 0x0C, 0x0E, 0x0D, 0x0E, 0x0E, 0x0F, 0x0A, 0x0E, 0x0D, 0x0C, 0x0C, 0x0C, 0x0B, 0x0C, 0x0C, 0x0C, 0x0C, 0x0C, 0x0C, 0x0C, 0x0C,
    0x0C, 0x0E, 0x0D, 0x0C, 0x0B, 0x0B, 0x0C, 0x0C, 0x0C, 0x0C, 0x0C, 0x0B, 0x0C, 0x0B, 0x05, 0x0B, 0x0B, 0x0D, 0x0D, 0x0D, 0x0C, 0x0B, 0x0D, 0x0C,
    0x0C, 0x0B, 0x0B, 0x0C, 0x0D, 0x09, 0x0E, 0x0F, 0x0F, 0x0F, 0x0F, 0x0A, 0x0A, 0x0A, 0x0A, 0x13, 0x11, 0x10, 0x12, 0x13, 0x13, 0x0A, 0x0F, 0x0D,
    0x0D, 0x0D, 0x0D, 0x0C, 0x0D, 0x0A, 0x0E, 0x0C, 0x0D, 0x0F, 0x11, 0x0A, 0x11, 0x11, 0x0A, 0x13, 0x11, 0x0D, 0x0D, 0x0D, 0x0E, 0x0D, 0x0E, 0x0E,
    0x0E, 0x0E, 0x11, 0x0F, 0x0C, 0x0F, 0x11, 0x0F, 0x0E, 0x0F, 0x0F, 0x0C, 0x0D, 0x0E, 0x0D, 0x0F, 0x0A, 0x11, 0x0A, 0x0D, 0x0C, 0x09, 0x0C, 0x0D,
    0x0E, 0x0F, 0x0E, 0x0D, 0x0D, 0x0B, 0x0C, 0x0B, 0x0B, 0x0B, 0x0C, 0x0D, 0x0C, 0x0E, 0x0E, 0x0F, 0x0D, 0x0D, 0x0C, 0x0D, 0x0D, 0x0E, 0x0E, 0x11,
    0x0E, 0x0D, 0x0C, 0x09, 0x0B, 0x05, 0x0B, 0x0C, 0x0B, 0x05, 0x0B, 0x0D, 0x09, 0x09, 0x0C, 0x0D, 0x0C, 0x0D, 0x0B, 0x09, 0x0B, 0x0C, 0x0D, 0x0C,
    0x0D, 0x0C, 0x0B, 0x0B, 0x09, 0x09, 0x0B, 0x0B, 0x0B, 0x0C, 0x0E, 0x0C, 0x0B, 0x09, 0x0B, 0x0B, 0x0B, 0x0D, 0x0E, 0x0E, 0x0F, 0x0C, 0x09, 0x09,
    0x0B, 0x0C, 0x0C, 0x09, 0x09, 0x09, 0x0E, 0x0D, 0x0D, 0x0C, 0x0C, 0x0D, 0x0C, 0x0C, 0x0D, 0x0D, 0x0C, 0x0D, 0x0D, 0x0C, 0x0C, 0x0B, 0x0B, 0x0C,
    0x0C, 0x0C, 0x0C, 0x0C, 0x0B, 0x0D, 0x0D, 0x0B, 0x0B, 0x0C, 0x0C, 0x0C, 0x0C, 0x0C, 0x0C, 0x0B, 0x0C, 0x0C, 0x0B, 0x0B, 0x0C, 0x0D, 0x0C, 0x0B,
    0x0B, 0x0D, 0x09, 0x09, 0x0B, 0x0B, 0x0B, 0x0B, 0x13, 0x0A, 0x05, 0x05, 0x0F, 0x0A, 0x11, 0x0D, 0x0C, 0x0F, 0x11, 0x13, 0x14, 0x13, 0x10, 0x10,
    0x10, 0x0A, 0x0E, 0x0C, 0x0D, 0x0D, 0x0F, 0x0F, 0x0A, 0x0F, 0x0A, 0x0A, 0x0D, 0x0F, 0x0A, 0x0F, 0x11, 0x10, 0x11, 0x0A, 0x0A, 0x0A, 0x0A, 0x0D,
    0x0D, 0x0D, 0x0E, 0x0E, 0x0D, 0x0F, 0x0A, 0x0A, 0x0A, 0x0F, 0x0E, 0x0F, 0x0F, 0x0E, 0x0D, 0x0F, 0x0D, 0x0D, 0x0F, 0x0F, 0x0E, 0x0D, 0x0B, 0x0D,
    0x0E, 0x0D, 0x0C, 0x05, 0x09, 0x0D, 0x0F, 0x0A, 0x0B, 0x05, 0x0D, 0x0D, 0x0E, 0x0D, 0x0F, 0x0D, 0x0B, 0x05, 0x0A, 0x0D, 0x0E, 0x0F, 0x0D, 0x0C,
    0x0E, 0x0E, 0x0E, 0x0C, 0x0C, 0x0D, 0x0B, 0x0B, 0x05, 0x0B, 0x0B, 0x0C, 0x0D, 0x0E, 0x0D, 0x0C, 0x0B, 0x09, 0x0B, 0x0B, 0x0C, 0x0D, 0x0B, 0x0C,
    0x0B, 0x0B, 0x09, 0x0B, 0x09, 0x0C, 0x0C, 0x0B, 0x0B, 0x0C, 0x0C, 0x0C, 0x0C, 0x0C, 0x0C, 0x09, 0x09, 0x05, 0x0D, 0x0F, 0x0D, 0x0D, 0x0D, 0x0C,
    0x0D, 0x0F, 0x0F, 0x0D, 0x05, 0x05, 0x05, 0x09, 0x05, 0x09, 0x0B, 0x0C, 0x0B, 0x0D, 0x0C, 0x0C, 0x0C, 0x0C, 0x0C, 0x05, 0x09, 0x0C, 0x0D, 0x0B,
    0x05, 0x03, 0x0B, 0x0C, 0x0D, 0x0C, 0x0C, 0x0C, 0x0C, 0x0B, 0x0C, 0x09, 0x09, 0x0B, 0x0B, 0x0C, 0x0D, 0x0C, 0x0C, 0x0C, 0x0B, 0x0C, 0x0B, 0x0B,
    0x0D, 0x0D, 0x0C, 0x0C, 0x0B, 0x0B, 0x05, 0x0B, 0x0C, 0x0E, 0x0D, 0x0C, 0x0A, 0x13, 0x10, 0x0D, 0x0D, 0x11, 0x10, 0x13, 0x13, 0x11, 0x11, 0x10,
    0x0F, 0x11, 0x0A, 0x0F, 0x0A, 0x0A, 0x10, 0x0F, 0x0F, 0x0C, 0x0B, 0x0D, 0x0A, 0x10, 0x11, 0x11, 0x10, 0x13, 0x11, 0x0A, 0x11, 0x11, 0x0A, 0x0F,
    0x0D, 0x0F, 0x0F, 0x0A, 0x0E, 0x0D, 0x0D, 0x0E, 0x0D, 0x0D, 0x0B, 0x0D, 0x0B, 0x0B, 0x0C, 0x0C, 0x0E, 0x0B, 0x0D, 0x0C, 0x0B, 0x09, 0x0C, 0x0D,
    0x0F, 0x0A, 0x0A, 0x0F, 0x0F, 0x0D, 0x0D, 0x0C, 0x0D, 0x0D, 0x0F, 0x0F, 0x12, 0x13, 0x11, 0x0A, 0x0A, 0x0F, 0x0D, 0x0D, 0x09, 0x03, 0x0C, 0x09,
    0x0B, 0x0D, 0x0D, 0x0E, 0x0E, 0x0E, 0x0D, 0x0B, 0x0D, 0x0E, 0x0C, 0x0D, 0x0C, 0x0B, 0x0B, 0x0C, 0x0D, 0x0D, 0x0D, 0x0D, 0x0D, 0x0C, 0x0B, 0x09,
    0x0B, 0x0B, 0x05, 0x09, 0x0C, 0x0C, 0x0C, 0x0C, 0x0C, 0x0B, 0x0C, 0x0C, 0x0C, 0x0B, 0x0B, 0x0B, 0x0C, 0x0C, 0x0C, 0x0B, 0x0B, 0x05, 0x09, 0x0C,
    0x0D, 0x0D, 0x0D, 0x05, 0x05, 0x09, 0x0B, 0x05, 0x09, 0x09, 0x09, 0x0C, 0x0C, 0x0B, 0x0C, 0x0B, 0x0D, 0x0C, 0x0C, 0x0C, 0x0C, 0x0B, 0x0C, 0x0E,
    0x0D, 0x0F, 0x0D, 0x0D, 0x0D, 0x09, 0x0B, 0x09, 0x0F, 0x0D, 0x0D, 0x0B, 0x0C, 0x0C, 0x0B, 0x0E, 0x0C, 0x0B, 0x0C, 0x0B, 0x0B, 0x09, 0x0B, 0x0B,
    0x0D, 0x0D, 0x0B, 0x0B, 0x0C, 0x0B, 0x09, 0x0B, 0x0B, 0x0B, 0x0B, 0x0D, 0x0C, 0x0B, 0x0C, 0x0C, 0x0A, 0x0A, 0x0A, 0x11, 0x0F, 0x0A, 0x0A, 0x0A,
    0x11, 0x0A, 0x0F, 0x0D, 0x11, 0x0A, 0x11, 0x11, 0x11, 0x10, 0x0F, 0x13, 0x11, 0x0F, 0x11, 0x12, 0x13, 0x0A, 0x0A, 0x0F, 0x0F, 0x0F, 0x11, 0x13,
    0x10, 0x11, 0x0A, 0x0A, 0x10, 0x11, 0x0A, 0x0A, 0x0A, 0x0E, 0x0F, 0x0E, 0x0D, 0x0E, 0x0E, 0x0E, 0x0F, 0x0A, 0x0A, 0x0F, 0x0D, 0x0D, 0x0D, 0x0C,
    0x03, 0x01, 0x05, 0x0A, 0x0F, 0x0E, 0x0D, 0x0D, 0x0E, 0x0E, 0x0E, 0x0F, 0x0F, 0x11, 0x0D, 0x0A, 0x0F, 0x0F, 0x0F, 0x0D, 0x0A, 0x0E, 0x0F, 0x0D,
    0x0F, 0x11, 0x0A, 0x0E, 0x05, 0x0D, 0x09, 0x09, 0x0E, 0x0E, 0x0D, 0x09, 0x05, 0x0D, 0x0C, 0x0C, 0x0E, 0x0F, 0x0E, 0x0D, 0x0B, 0x09, 0x0C, 0x0E,
    0x0C, 0x0B, 0x0B, 0x0B, 0x09, 0x09, 0x0B, 0x09, 0x0B, 0x0B, 0x05, 0x03, 0x05, 0x0C, 0x0D, 0x0C, 0x0C, 0x0B, 0x0B, 0x0C, 0x0D, 0x0C, 0x0C, 0x0B,
    0x0B, 0x09, 0x0B, 0x05, 0x0B, 0x09, 0x0C, 0x0B, 0x0B, 0x0B, 0x05, 0x09, 0x05, 0x02, 0x09, 0x0C, 0x0D, 0x0E, 0x0B, 0x0B, 0x0C, 0x0B, 0x0C, 0x0B,
    0x0C, 0x09, 0x0C, 0x0C, 0x0C, 0x0D, 0x0C, 0x0C, 0x0C, 0x0D, 0x0C, 0x0C, 0x0C, 0x0B, 0x0C, 0x0C, 0x0B, 0x0C, 0x0E, 0x0B, 0x0C, 0x0C, 0x0C, 0x0C,
    0x0B, 0x09, 0x0B, 0x0B, 0x0B, 0x09, 0x0B, 0x0B, 0x0B, 0x0B, 0x09, 0x03, 0x0C, 0x0C, 0x0B, 0x05, 0x05, 0x09, 0x09, 0x0B, 0x0F, 0x0F, 0x0F, 0x0F,
    0x0D, 0x0E, 0x0F, 0x11, 0x10, 0x11, 0x0F, 0x0D, 0x0A, 0x0F, 0x0A, 0x10, 0x13, 0x13, 0x11, 0x13, 0x14, 0x14, 0x12, 0x10, 0x0A, 0x0A, 0x0A, 0x11,
    0x11, 0x0A, 0x0A, 0x11, 0x11, 0x10, 0x10, 0x11, 0x11, 0x13, 0x11, 0x0A, 0x0A, 0x0A, 0x0F, 0x0F, 0x0F, 0x0A, 0x11, 0x0A, 0x0F, 0x0F, 0x0E, 0x0E,
    0x0F, 0x0E, 0x0D, 0x0B, 0x0B, 0x0F, 0x10, 0x0A, 0x0D, 0x0F, 0x0F, 0x0D, 0x0F, 0x0F, 0x0F, 0x0F, 0x0A, 0x11, 0x13, 0x0E, 0x0E, 0x0E, 0x0A, 0x0F,
    0x0E, 0x0E, 0x0D, 0x0E, 0x0F, 0x0F, 0x0F, 0x0E, 0x09, 0x02, 0x0C, 0x0B, 0x0B, 0x0B, 0x0B, 0x0D, 0x09, 0x03, 0x09, 0x0C, 0x0D, 0x0E, 0x0C, 0x0B,
    0x09, 0x09, 0x0B, 0x0C, 0x0C, 0x09, 0x09, 0x09, 0x09, 0x0B, 0x0B, 0x09, 0x05, 0x05, 0x05, 0x05, 0x09, 0x0B, 0x09, 0x0B, 0x0C, 0x0C, 0x0B, 0x0B,
    0x0B, 0x0D, 0x0D, 0x0D, 0x0B, 0x05, 0x0B, 0x09, 0x0C, 0x0C, 0x09, 0x09, 0x0B, 0x09, 0x09, 0x09, 0x0C, 0x0B, 0x0D, 0x0D, 0x0B, 0x0B, 0x0C, 0x0C,
    0x0B, 0x0C, 0x0B, 0x0B, 0x0B, 0x0B, 0x09, 0x09, 0x0B, 0x0C, 0x0B, 0x0C, 0x0B, 0x05, 0x0B, 0x0D, 0x0E, 0x0C, 0x0C, 0x0C, 0x0C, 0x0B, 0x0C, 0x0B,
    0x09, 0x0B, 0x09, 0x0B, 0x0C, 0x0C, 0x0D, 0x0C, 0x05, 0x03, 0x03, 0x0D, 0x0D, 0x0C, 0x0C, 0x0C, 0x0D, 0x0D, 0x0D, 0x0D, 0x0B, 0x09, 0x09, 0x0B,
    0x0E, 0x0F, 0x0E, 0x11, 0x0A, 0x11, 0x11, 0x11, 0x11, 0x11, 0x0A, 0x0F, 0x0D, 0x0A, 0x0A, 0x0F, 0x0A, 0x11, 0x0A, 0x0A, 0x0A, 0x11, 0x11, 0x11,
    0x0A, 0x0F, 0x0F, 0x0F, 0x0F, 0x0A, 0x10, 0x0A, 0x11, 0x11, 0x0A, 0x0A, 0x11, 0x10, 0x11, 0x0A, 0x0A, 0x0A, 0x0A, 0x0A, 0x0A, 0x0A, 0x11, 0x0F,
    0x0E, 0x0F, 0x0D, 0x0F, 0x0F, 0x0E, 0x0C, 0x11, 0x11, 0x13, 0x0A, 0x0E, 0x0D, 0x0A, 0x13, 0x10, 0x10, 0x0F, 0x0F, 0x0E, 0x0F, 0x0F, 0x0A, 0x0A,
    0x0D, 0x0A, 0x0E, 0x0C, 0x0C, 0x0D, 0x0E, 0x0F, 0x0D, 0x0E, 0x0E, 0x0D, 0x0D, 0x0D, 0x0C, 0x0C, 0x09, 0x0C, 0x09, 0x09, 0x09, 0x09, 0x0B, 0x0C,
    0x0D, 0x05, 0x03, 0x0B, 0x0C, 0x0C, 0x0C, 0x0B, 0x09, 0x03, 0x01, 0x09, 0x09, 0x0D, 0x0D, 0x0D, 0x0D, 0x05, 0x05, 0x09, 0x0B, 0x0B, 0x0B, 0x0C,
    0x0D, 0x0B, 0x09, 0x0C, 0x0D, 0x0C, 0x0B, 0x09, 0x0D, 0x0C, 0x09, 0x0D, 0x09, 0x0B, 0x09, 0x0B, 0x0C, 0x0C, 0x0B, 0x09, 0x0B, 0x0D, 0x0D, 0x0D,
    0x0C, 0x0C, 0x0C, 0x0C, 0x0C, 0x09, 0x0C, 0x0B, 0x05, 0x02, 0x09, 0x0C, 0x0D, 0x0D, 0x0D, 0x0C, 0x0B, 0x0D, 0x0C, 0x0B, 0x09, 0x09, 0x0C, 0x0C,
    0x0B, 0x0C, 0x0B, 0x0B, 0x0B, 0x0B, 0x0B, 0x0C, 0x0C, 0x0C, 0x0C, 0x0C, 0x0B, 0x05, 0x0B, 0x03, 0x0B, 0x0D, 0x0B, 0x05, 0x09, 0x0B, 0x0B, 0x0C,
    0x0C, 0x0B, 0x0B, 0x0C, 0x0A, 0x0A, 0x0F, 0x0F, 0x0A, 0x11, 0x10, 0x10, 0x0F, 0x0A, 0x11, 0x13, 0x0A, 0x0F, 0x0A, 0x0F, 0x11, 0x0A, 0x0A, 0x0A,
    0x0A, 0x11, 0x0A, 0x0A, 0x0F, 0x0A, 0x11, 0x11, 0x11, 0x0A, 0x0A, 0x0A, 0x0A, 0x0F, 0x11, 0x11, 0x0A, 0x11, 0x0A, 0x10, 0x0A, 0x0A, 0x0F, 0x0F,
    0x0F, 0x0E, 0x0D, 0x0E, 0x0F, 0x0F, 0x0F, 0x0E, 0x0A, 0x11, 0x0A, 0x10, 0x10, 0x0A, 0x0D, 0x0C, 0x0D, 0x0F, 0x0E, 0x0D, 0x0E, 0x0D, 0x0F, 0x0D,
    0x0D, 0x0D, 0x0F, 0x11, 0x0F, 0x0E, 0x0D, 0x0D, 0x0E, 0x0D, 0x0E, 0x0E, 0x0C, 0x0B, 0x05, 0x05, 0x0C, 0x0D, 0x0E, 0x0D, 0x0C, 0x0B, 0x09, 0x0B,
    0x0C, 0x0C, 0x09, 0x05, 0x03, 0x09, 0x09, 0x0C, 0x0D, 0x0D, 0x0C, 0x0C, 0x0D, 0x0C, 0x09, 0x05, 0x05, 0x0B, 0x0B, 0x0D, 0x05, 0x05, 0x09, 0x0B,
    0x09, 0x05, 0x0B, 0x0C, 0x0C, 0x0D, 0x0E, 0x0E, 0x0C, 0x09, 0x05, 0x09, 0x0B, 0x0D, 0x0B, 0x09, 0x09, 0x09, 0x09, 0x0C, 0x0D, 0x0C, 0x0B, 0x0C,
    0x0C, 0x0C, 0x0B, 0x09, 0x0D, 0x0D, 0x0C, 0x0B, 0x0C, 0x0B, 0x0C, 0x09, 0x03, 0x0B, 0x0D, 0x0E, 0x0E, 0x0D, 0x0C, 0x0C, 0x0C, 0x0D, 0x0C, 0x05,
    0x02, 0x09, 0x0C, 0x0E, 0x0C, 0x0B, 0x0C, 0x0B, 0x0B, 0x0B, 0x0E, 0x0F, 0x0E, 0x0E, 0x0D, 0x0B, 0x0C, 0x0E, 0x0C, 0x0B, 0x0B, 0x09, 0x0C, 0x0B,
    0x09, 0x0C, 0x0E, 0x0D, 0x0B, 0x09, 0x0B, 0x0D, 0x0F, 0x0E, 0x0A, 0x0A, 0x0A, 0x0A, 0x11, 0x11, 0x11, 0x10, 0x10, 0x14, 0x13, 0x11, 0x11, 0x10,
    0x11, 0x0A, 0x0F, 0x0D, 0x0E, 0x0D, 0x0F, 0x0F, 0x11, 0x0A, 0x0A, 0x0A, 0x0A, 0x0A, 0x0A, 0x0A, 0x0A, 0x0A, 0x11, 0x0A, 0x0A, 0x0A, 0x0A, 0x0F,
    0x0A, 0x0F, 0x0A, 0x0A, 0x0F, 0x0E, 0x0E, 0x0F, 0x11, 0x0F, 0x0A, 0x0E, 0x0E, 0x0D, 0x0E, 0x0E, 0x0E, 0x0D, 0x0C, 0x09, 0x09, 0x0B, 0x05, 0x0B,
    0x0D, 0x0F, 0x0D, 0x0D, 0x0D, 0x0D, 0x0E, 0x0F, 0x0E, 0x0F, 0x0D, 0x0D, 0x0D, 0x0A, 0x0A, 0x0E, 0x0B, 0x05, 0x09, 0x0C, 0x0D, 0x0D, 0x0D, 0x0B,
    0x0C, 0x0D, 0x0D, 0x0C, 0x0D, 0x0C, 0x0B, 0x0B, 0x05, 0x0B, 0x05, 0x05, 0x0C, 0x0C, 0x0B, 0x0C, 0x0D, 0x0F, 0x0A, 0x0D, 0x09, 0x05, 0x0D, 0x0C,
    0x0D, 0x05, 0x09, 0x0C, 0x0B, 0x0B, 0x0B, 0x0C, 0x0D, 0x0E, 0x0A, 0x0F, 0x0C, 0x0B, 0x02, 0x05, 0x0C, 0x09, 0x03, 0x05, 0x09, 0x0B, 0x0C, 0x0B,
    0x09, 0x09, 0x0B, 0x0B, 0x0C, 0x0D, 0x0D, 0x0D, 0x0C, 0x0B, 0x0B, 0x0B, 0x05, 0x0B, 0x0C, 0x0B, 0x0B, 0x09, 0x0D, 0x0D, 0x0C, 0x0C, 0x0C, 0x0C,
    0x0C, 0x0D, 0x0B, 0x05, 0x0B, 0x0C, 0x0D, 0x0D, 0x0C, 0x0D, 0x0C, 0x09, 0x0C, 0x0D, 0x0D, 0x0C, 0x0C, 0x0B, 0x0C, 0x0E, 0x0C, 0x0B, 0x0B, 0x0D,
    0x09, 0x05, 0x05, 0x0B, 0x0B, 0x05, 0x0B, 0x0B, 0x0B, 0x0B, 0x0C, 0x0D, 0x0F, 0x11, 0x0A, 0x0A, 0x0F, 0x0A, 0x0A, 0x0A, 0x0A, 0x11, 0x0A, 0x0A,
    0x0A, 0x0A, 0x0A, 0x0A, 0x0A, 0x0F, 0x0C, 0x0E, 0x0C, 0x03, 0x03, 0x0E, 0x0F, 0x0A, 0x0A, 0x0F, 0x0A, 0x0A, 0x0A, 0x0A, 0x0A, 0x0A, 0x0A, 0x0A,
    0x0A, 0x0E, 0x0F, 0x0A, 0x0A, 0x0A, 0x11, 0x10, 0x0A, 0x0E, 0x0D, 0x0F, 0x0A, 0x0A, 0x0E, 0x0E, 0x0F, 0x0D, 0x0F, 0x0D, 0x0B, 0x0D, 0x0D, 0x0B,
    0x05, 0x01, 0x03, 0x09, 0x0C, 0x0D, 0x0D, 0x0B, 0x0B, 0x0C, 0x0F, 0x0E, 0x0F, 0x0F, 0x0E, 0x0A, 0x11, 0x0E, 0x0C, 0x0C, 0x0C, 0x05, 0x0B, 0x0A,
    0x0A, 0x0E, 0x0F, 0x0A, 0x0C, 0x0C, 0x0C, 0x0D, 0x0D, 0x0D, 0x0D, 0x0A, 0x0A, 0x0E, 0x0D, 0x0C, 0x0E, 0x0A, 0x0E, 0x0A, 0x0D, 0x0C, 0x0B, 0x0D,
    0x0D, 0x0C, 0x09, 0x09, 0x03, 0x03, 0x09, 0x0B, 0x0B, 0x0C, 0x0B, 0x05, 0x09, 0x0C, 0x0C, 0x0D, 0x0D, 0x09, 0x01, 0x05, 0x0B, 0x0D, 0x09, 0x03,
    0x05, 0x05, 0x03, 0x03, 0x05, 0x0B, 0x0B, 0x0C, 0x0D, 0x0D, 0x0D, 0x0C, 0x0C, 0x0C, 0x0C, 0x0B, 0x09, 0x0B, 0x09, 0x0B, 0x0D, 0x0C, 0x0B, 0x0C,
    0x0C, 0x0D, 0x0C, 0x0C, 0x0D, 0x0D, 0x0D, 0x0B, 0x09, 0x0E, 0x0D, 0x0C, 0x0D, 0x0C, 0x0C, 0x0C, 0x0C, 0x0D, 0x0D, 0x09, 0x05, 0x05, 0x05, 0x09,
    0x0B, 0x0C, 0x0D, 0x0D, 0x0F, 0x0E, 0x0B, 0x0C, 0x0B, 0x0B, 0x0B, 0x0C, 0x0C, 0x0C, 0x0B, 0x05, 0x0A, 0x0F, 0x0A, 0x10, 0x10, 0x0A, 0x0F, 0x0E,
    0x0F, 0x0E, 0x0F, 0x0A, 0x0A, 0x0A, 0x11, 0x0A, 0x0F, 0x0D, 0x0F, 0x0A, 0x0F, 0x09, 0x0B, 0x11, 0x0A, 0x0F, 0x0A, 0x0A, 0x0F, 0x0F, 0x0A, 0x0A,
    0x0A, 0x0F, 0x0F, 0x0A, 0x0A, 0x0A, 0x0F, 0x0F, 0x0F, 0x0F, 0x11, 0x0A, 0x13, 0x11, 0x11, 0x0F, 0x0F, 0x11, 0x0A, 0x0F, 0x0C, 0x0B, 0x0C, 0x0D,
    0x0C, 0x0E, 0x0E, 0x0D, 0x0C, 0x09, 0x0C, 0x0E, 0x0E, 0x0D, 0x0C, 0x0E, 0x0C, 0x0B, 0x0D, 0x0D, 0x0D, 0x0F, 0x0A, 0x10, 0x10, 0x0E, 0x0B, 0x0B,
    0x0C, 0x0D, 0x0D, 0x0C, 0x0C, 0x0E, 0x0F, 0x0E, 0x0B, 0x0D, 0x0E, 0x0D, 0x0B, 0x0C, 0x0D, 0x0B, 0x09, 0x0B, 0x0D, 0x0E, 0x0E, 0x0F, 0x0D, 0x0C,
    0x0B, 0x0B, 0x0D, 0x0D, 0x0D, 0x0C, 0x09, 0x05, 0x05, 0x03, 0x03, 0x05, 0x0C, 0x0C, 0x09, 0x05, 0x09, 0x09, 0x0B, 0x0B, 0x09, 0x0C, 0x0C, 0x0D,
    0x05, 0x05, 0x09, 0x02, 0x09, 0x09, 0x09, 0x05, 0x03, 0x05, 0x0B, 0x0C, 0x0C, 0x0D, 0x0C, 0x0D, 0x0C, 0x0C, 0x0C, 0x09, 0x05, 0x0B, 0x0D, 0x0D,
    0x0D, 0x0D, 0x0C, 0x0C, 0x0B, 0x0B, 0x0C, 0x0D, 0x0D, 0x0C, 0x0D, 0x0E, 0x0D, 0x0D, 0x11, 0x0D, 0x0B, 0x0B, 0x09, 0x0B, 0x09, 0x0B, 0x09, 0x0B,
    0x0B, 0x0B, 0x09, 0x0B, 0x0B, 0x0D, 0x0F, 0x0D, 0x0B, 0x09, 0x05, 0x0D, 0x0B, 0x0B, 0x0B, 0x0B, 0x0B, 0x0B, 0x0B, 0x0C, 0x0F, 0x0F, 0x0F, 0x0E,
    0x0E, 0x0E, 0x0F, 0x0A, 0x0E, 0x0E, 0x0E, 0x0F, 0x0D, 0x0F, 0x0F, 0x0A, 0x11, 0x0F, 0x11, 0x10, 0x11, 0x14, 0x15, 0x13, 0x10, 0x10, 0x0A, 0x0A,
    0x0A, 0x0F, 0x0E, 0x0E, 0x0E, 0x0A, 0x0A, 0x10, 0x10, 0x0A, 0x0F, 0x0E, 0x0D, 0x0D, 0x0F, 0x11, 0x0A, 0x0E, 0x0F, 0x0E, 0x0D, 0x0F, 0x0F, 0x0C,
    0x0C, 0x0B, 0x09, 0x0D, 0x0A, 0x0F, 0x0D, 0x0D, 0x0D, 0x0E, 0x0E, 0x0E, 0x0D, 0x0D, 0x0C, 0x0B, 0x0D, 0x0D, 0x0C, 0x0D, 0x0D, 0x0C, 0x0D, 0x0D,
    0x0E, 0x0D, 0x0C, 0x09, 0x0B, 0x0B, 0x09, 0x09, 0x03, 0x09, 0x0B, 0x0B, 0x0C, 0x0E, 0x0D, 0x0D, 0x0D, 0x0B, 0x09, 0x09, 0x09, 0x09, 0x05, 0x0D,
    0x0E, 0x0B, 0x0B, 0x05, 0x0B, 0x09, 0x0C, 0x0C, 0x0D, 0x0C, 0x0C, 0x09, 0x0B, 0x09, 0x0C, 0x0C, 0x0B, 0x09, 0x0B, 0x09, 0x0B, 0x0B, 0x09, 0x03,
    0x05, 0x0C, 0x0B, 0x09, 0x09, 0x05, 0x0B, 0x09, 0x09, 0x0B, 0x0B, 0x0B, 0x05, 0x05, 0x0B, 0x0C, 0x0D, 0x0D, 0x0E, 0x0D, 0x0C, 0x0B, 0x0B, 0x05,
    0x03, 0x0C, 0x0E, 0x0E, 0x0E, 0x0C, 0x0C, 0x0C, 0x0B, 0x0C, 0x0C, 0x0C, 0x0C, 0x0C, 0x0E, 0x0A, 0x0A, 0x0E, 0x0D, 0x0C, 0x0B, 0x09, 0x0B, 0x0B,
    0x0C, 0x05, 0x03, 0x0B, 0x0C, 0x0D, 0x0E, 0x0E, 0x0D, 0x0C, 0x0C, 0x0E, 0x0D, 0x0B, 0x0B, 0x05, 0x0B, 0x0C, 0x0C, 0x0B, 0x0B, 0x0D, 0x0E, 0x0D,
    0x0A, 0x0F, 0x0F, 0x0D, 0x0F, 0x0F, 0x0E, 0x0E, 0x0F, 0x0E, 0x0E, 0x0E, 0x0F, 0x0E, 0x0E, 0x0A, 0x0F, 0x0A, 0x0A, 0x0A, 0x11, 0x10, 0x10, 0x10,
    0x10, 0x0A, 0x0F, 0x0A, 0x0F, 0x0A, 0x0F, 0x0E, 0x0F, 0x11, 0x11, 0x0E, 0x0F, 0x0D, 0x0E, 0x0C, 0x0F, 0x0F, 0x13, 0x11, 0x0A, 0x0F, 0x0F, 0x0F,
    0x0F, 0x0E, 0x0E, 0x0D, 0x0C, 0x0A, 0x10, 0x0A, 0x0E, 0x0C, 0x0C, 0x0D, 0x0F, 0x0F, 0x0E, 0x0E, 0x0E, 0x0D, 0x0D, 0x0E, 0x0C, 0x09, 0x0B, 0x0D,
    0x0C, 0x0C, 0x0C, 0x0B, 0x0D, 0x0B, 0x09, 0x09, 0x09, 0x0B, 0x0B, 0x0B, 0x05, 0x03, 0x05, 0x0C, 0x0E, 0x0E, 0x0D, 0x0B, 0x0C, 0x0B, 0x09, 0x05,
    0x05, 0x0C, 0x0E, 0x11, 0x0C, 0x09, 0x09, 0x09, 0x05, 0x09, 0x0B, 0x05, 0x09, 0x09, 0x0D, 0x0B, 0x0C, 0x0E, 0x0C, 0x0B, 0x05, 0x05, 0x0B, 0x0C,
    0x0B, 0x0B, 0x0B, 0x0B, 0x0B, 0x05, 0x09, 0x0B, 0x0B, 0x05, 0x0C, 0x0B, 0x0F, 0x0D, 0x09, 0x03, 0x03, 0x01, 0x05, 0x0B, 0x0C, 0x0D, 0x0E, 0x0E,
    0x0E, 0x0C, 0x0B, 0x0B, 0x0B, 0x02, 0x0C, 0x0D, 0x0E, 0x0F, 0x0E, 0x0D, 0x09, 0x09, 0x0B, 0x0B, 0x0C, 0x0C, 0x0C, 0x0D, 0x0C, 0x05, 0x0C, 0x0B,
    0x09, 0x05, 0x0B, 0x0D, 0x0B, 0x0B, 0x0B, 0x0B, 0x0B, 0x0E, 0x0A, 0x0E, 0x0B, 0x0B, 0x0B, 0x09, 0x0B, 0x0C, 0x0B, 0x0B, 0x09, 0x0B, 0x0C, 0x0C,
    0x0C, 0x0B, 0x0C, 0x0D, 0x0F, 0x0F, 0x0F, 0x0D, 0x0D, 0x0D, 0x0E, 0x0D, 0x0E, 0x0C, 0x0E, 0x0E, 0x0F, 0x0F, 0x10, 0x0A, 0x0D, 0x0A, 0x0A, 0x0A,
    0x0A, 0x0A, 0x0A, 0x0A, 0x0A, 0x0A, 0x0A, 0x0F, 0x0F, 0x0F, 0x0E, 0x0E, 0x0F, 0x0E, 0x11, 0x0A, 0x0C, 0x05, 0x0B, 0x0D, 0x0D, 0x0E, 0x0E, 0x0C,
    0x0E, 0x0E, 0x0E, 0x0E, 0x0E, 0x0E, 0x0D, 0x0E, 0x0D, 0x0F, 0x0D, 0x0E, 0x0E, 0x0E, 0x0F, 0x0D, 0x0D, 0x0D, 0x05, 0x0C, 0x0D, 0x0D, 0x0B, 0x0C,
    0x0C, 0x0C, 0x09, 0x0B, 0x09, 0x0B, 0x09, 0x09, 0x0B, 0x09, 0x09, 0x0B, 0x09, 0x09, 0x0D, 0x0C, 0x05, 0x05, 0x05, 0x0B, 0x0D, 0x0E, 0x09, 0x0D,
    0x0C, 0x0E, 0x0C, 0x09, 0x09, 0x09, 0x0B, 0x0B, 0x09, 0x09, 0x0B, 0x0C, 0x0B, 0x09, 0x09, 0x0B, 0x0B, 0x01, 0x0B, 0x0B, 0x0B, 0x09, 0x0B, 0x09,
    0x03, 0x03, 0x09, 0x0C, 0x0D, 0x0F, 0x0D, 0x0C, 0x0C, 0x0B, 0x0E, 0x0B, 0x03, 0x0B, 0x09, 0x09, 0x09, 0x05, 0x09, 0x0B, 0x09, 0x05, 0x09, 0x0C,
    0x0C, 0x0D, 0x0D, 0x0C, 0x0C, 0x0D, 0x0F, 0x0F, 0x0D, 0x0B, 0x03, 0x03, 0x03, 0x0B, 0x0C, 0x0C, 0x0B, 0x0C, 0x0C, 0x0B, 0x0C, 0x0D, 0x0C, 0x0C,
    0x0C, 0x0C, 0x05, 0x05, 0x0B, 0x05, 0x03, 0x03, 0x03, 0x05, 0x0B, 0x0B, 0x0D, 0x0F, 0x0F, 0x0B, 0x09, 0x05, 0x03, 0x05, 0x09, 0x09, 0x0B, 0x0B,
    0x0C, 0x0C, 0x0B, 0x0D, 0x0C, 0x0B, 0x05, 0x09, 0x0E, 0x0E, 0x0E, 0x0F, 0x0E, 0x0E, 0x0F, 0x0D, 0x0D, 0x0E, 0x0F, 0x0F, 0x11, 0x0A, 0x0E, 0x0A,
    0x0A, 0x0E, 0x0E, 0x10, 0x10, 0x10, 0x0A, 0x0F, 0x0F, 0x0A, 0x0F, 0x0E, 0x0E, 0x0A, 0x0A, 0x0A, 0x0F, 0x0A, 0x0A, 0x0C, 0x05, 0x0D, 0x0D, 0x0D,
    0x0D, 0x0B, 0x0B, 0x0D, 0x0E, 0x0F, 0x0A, 0x11, 0x0F, 0x0D, 0x0D, 0x0F, 0x0D, 0x0D, 0x0E, 0x0F, 0x0E, 0x0D, 0x0C, 0x0D, 0x0C, 0x0B, 0x03, 0x09,
    0x0D, 0x0D, 0x0C, 0x0C, 0x0C, 0x0E, 0x0D, 0x0C, 0x0C, 0x0B, 0x0B, 0x09, 0x03, 0x01, 0x02, 0x09, 0x0B, 0x09, 0x09, 0x0B, 0x09, 0x09, 0x05, 0x09,
    0x0B, 0x0C, 0x0D, 0x0D, 0x0C, 0x0D, 0x09, 0x09, 0x0B, 0x05, 0x05, 0x03, 0x03, 0x05, 0x09, 0x09, 0x0B, 0x0B, 0x0C, 0x0C, 0x0C, 0x05, 0x09, 0x0D,
    0x09, 0x02, 0x05, 0x0B, 0x0B, 0x0B, 0x05, 0x09, 0x0B, 0x0B, 0x0C, 0x09, 0x09, 0x0C, 0x0C, 0x0C, 0x0B, 0x05, 0x03, 0x0C, 0x0C, 0x0C, 0x09, 0x09,
    0x0B, 0x0D, 0x0C, 0x0B, 0x0B, 0x0C, 0x0B, 0x0C, 0x0D, 0x0D, 0x0C, 0x0C, 0x0C, 0x0B, 0x0E, 0x11, 0x0F, 0x0E, 0x0D, 0x0C, 0x0B, 0x0B, 0x0B, 0x0C,
    0x0B, 0x0B, 0x09, 0x09, 0x0B, 0x0B, 0x0B, 0x0B, 0x0C, 0x0C, 0x0D, 0x0C, 0x0D, 0x03, 0x03, 0x05, 0x0B, 0x0C, 0x0B, 0x0B, 0x0B, 0x0B, 0x0C, 0x09,
    0x02, 0x09, 0x0C, 0x0B, 0x05, 0x05, 0x0B, 0x09, 0x0C, 0x0C, 0x0B, 0x0E, 0x0E, 0x0F, 0x0F, 0x0F, 0x0E, 0x0F, 0x0E, 0x0D, 0x0C, 0x0F, 0x0A, 0x0F,
    0x0E, 0x11, 0x11, 0x0F, 0x0E, 0x0A, 0x0A, 0x11, 0x0A, 0x0F, 0x0F, 0x0F, 0x0F, 0x0F, 0x0E, 0x0F, 0x0F, 0x0E, 0x0F, 0x0A, 0x11, 0x0E, 0x0F, 0x0E,
    0x0B, 0x0B, 0x0B, 0x0B, 0x0B, 0x09, 0x0D, 0x0F, 0x0E, 0x0F, 0x0F, 0x0A, 0x11, 0x11, 0x0D, 0x0D, 0x0D, 0x0F, 0x0D, 0x0E, 0x0E, 0x0E, 0x0A, 0x11,
    0x11, 0x0F, 0x0C, 0x0C, 0x0C, 0x0D, 0x0B, 0x0C, 0x0B, 0x0D, 0x0D, 0x0D, 0x0D, 0x0B, 0x0B, 0x09, 0x05, 0x02, 0x03, 0x09, 0x0B, 0x0B, 0x09, 0x0B,
    0x0C, 0x0C, 0x0D, 0x09, 0x0B, 0x09, 0x0C, 0x0D, 0x09, 0x0B, 0x0C, 0x0B, 0x09, 0x0B, 0x0B, 0x09, 0x09, 0x0C, 0x0C, 0x0B, 0x0C, 0x0B, 0x09, 0x0B,
    0x0C, 0x0D, 0x0B, 0x0B, 0x09, 0x0B, 0x0B, 0x0B, 0x0C, 0x0C, 0x0B, 0x05, 0x05, 0x09, 0x09, 0x05, 0x05, 0x05, 0x03, 0x05, 0x0B, 0x0B, 0x0C, 0x09,
    0x0B, 0x0B, 0x09, 0x09, 0x09, 0x09, 0x0E, 0x0E, 0x0B, 0x09, 0x09, 0x0B, 0x0B, 0x0B, 0x0B, 0x0C, 0x0E, 0x0D, 0x0C, 0x0D, 0x0C, 0x0D, 0x0C, 0x0B,
    0x0B, 0x09, 0x09, 0x05, 0x0B, 0x0C, 0x0B, 0x05, 0x09, 0x0C, 0x09, 0x0B, 0x0E, 0x0D, 0x0D, 0x0E, 0x0A, 0x0D, 0x0C, 0x0B, 0x0C, 0x05, 0x05, 0x05,
    0x0C, 0x0D, 0x0C, 0x0B, 0x0C, 0x0D, 0x0B, 0x09, 0x05, 0x05, 0x09, 0x0B, 0x0B, 0x0B, 0x0C, 0x0D, 0x0E, 0x0E, 0x0F, 0x0F, 0x0F, 0x0E, 0x0E, 0x0D,
    0x0D, 0x0E, 0x0E, 0x0F, 0x0A, 0x0A, 0x0E, 0x0E, 0x0E, 0x0A, 0x0F, 0x0E, 0x0E, 0x0F, 0x0F, 0x0F, 0x0A, 0x0F, 0x0F, 0x0E, 0x0A, 0x0A, 0x0F, 0x0F,
    0x0E, 0x0D, 0x0E, 0x0D, 0x09, 0x02, 0x05, 0x05, 0x03, 0x09, 0x0C, 0x0D, 0x0E, 0x0A, 0x0F, 0x0F, 0x0D, 0x0E, 0x0D, 0x0D, 0x0C, 0x0F, 0x0C, 0x09,
    0x0D, 0x0E, 0x0F, 0x0E, 0x0D, 0x0D, 0x0D, 0x0D, 0x09, 0x05, 0x0B, 0x0D, 0x0E, 0x0E, 0x0C, 0x0C, 0x0F, 0x0E, 0x0C, 0x0D, 0x0E, 0x0C, 0x09, 0x05,
    0x09, 0x0B, 0x0B, 0x0B, 0x09, 0x09, 0x0D, 0x0C, 0x0B, 0x0B, 0x09, 0x05, 0x0C, 0x09, 0x03, 0x05, 0x09, 0x09, 0x0E, 0x0C, 0x09, 0x0B, 0x0D, 0x0E,
    0x0C, 0x0B, 0x09, 0x05, 0x09, 0x0B, 0x0B, 0x09, 0x0B, 0x05, 0x05, 0x01, 0x0B, 0x09, 0x03, 0x03, 0x03, 0x03, 0x09, 0x09, 0x05, 0x03, 0x03, 0x05,
    0x09, 0x09, 0x0B, 0x0D, 0x05, 0x05, 0x05, 0x05, 0x05, 0x09, 0x0B, 0x0C, 0x0C, 0x0B, 0x09, 0x05, 0x05, 0x02, 0x05, 0x0B, 0x0D, 0x0E, 0x0B, 0x05,
    0x0B, 0x0B, 0x0C, 0x0C, 0x05, 0x05, 0x05, 0x0B, 0x0C, 0x0C, 0x0B, 0x0B, 0x05, 0x0B, 0x0B, 0x0B, 0x0E, 0x0C, 0x0D, 0x0C, 0x0C, 0x0D, 0x0B, 0x09,
    0x0B, 0x0C, 0x0B, 0x0B, 0x0B, 0x0B, 0x05, 0x09, 0x0B, 0x05, 0x09, 0x05, 0x05, 0x0B, 0x09, 0x09, 0x0B, 0x0B, 0x0B, 0x0B, 0x0F, 0x0D, 0x0F, 0x0F,
    0x0E, 0x0E, 0x0F, 0x0D, 0x0B, 0x0C, 0x0D, 0x0A, 0x0E, 0x0E, 0x0F, 0x0D, 0x0A, 0x0D, 0x0F, 0x0E, 0x0E, 0x0E, 0x0E, 0x0E, 0x0E, 0x0E, 0x0E, 0x0F,
    0x0F, 0x0A, 0x0A, 0x0F, 0x0F, 0x0D, 0x05, 0x01, 0x05, 0x0C, 0x09, 0x09, 0x0D, 0x0D, 0x0C, 0x0E, 0x0A, 0x0A, 0x0A, 0x0A, 0x0F, 0x0E, 0x0E, 0x0D,
    0x0D, 0x0B, 0x0D, 0x0A, 0x13, 0x0E, 0x0C, 0x0C, 0x0C, 0x0C, 0x0B, 0x0B, 0x0C, 0x09, 0x09, 0x0C, 0x0C, 0x09, 0x0B, 0x0D, 0x0E, 0x0D, 0x0B, 0x09,
    0x09, 0x0B, 0x09, 0x0B, 0x09, 0x0C, 0x0F, 0x0F, 0x0B, 0x06, 0x05, 0x0D, 0x0B, 0x0B, 0x09, 0x05, 0x09, 0x09, 0x09, 0x0D, 0x0D, 0x0B, 0x0B, 0x0B,
    0x0D, 0x0D, 0x0B, 0x09, 0x0B, 0x09, 0x09, 0x0B, 0x09, 0x09, 0x0C, 0x0C, 0x0B, 0x09, 0x03, 0x09, 0x0C, 0x0B, 0x09, 0x05, 0x05, 0x09, 0x05, 0x05,
    0x05, 0x05, 0x05, 0x05, 0x05, 0x05, 0x09, 0x09, 0x05, 0x0B, 0x09, 0x09, 0x0B, 0x0C, 0x0D, 0x0B, 0x0B, 0x09, 0x09, 0x09, 0x0B, 0x0C, 0x0B, 0x0B,
    0x0C, 0x0C, 0x0B, 0x0B, 0x0B, 0x05, 0x09, 0x0C, 0x0B, 0x09, 0x09, 0x09, 0x0C, 0x0C, 0x0B, 0x09, 0x0C, 0x0B, 0x0C, 0x0C, 0x0D, 0x0D, 0x0D, 0x09,
    0x0B, 0x09, 0x0B, 0x05, 0x05, 0x0B, 0x0C, 0x0D, 0x0B, 0x0B, 0x0B, 0x0C, 0x0D, 0x0B, 0x03, 0x09, 0x05, 0x09, 0x0D, 0x0B, 0x0B, 0x0B, 0x0B, 0x0B,
    0x0F, 0x0F, 0x0A, 0x0F, 0x0F, 0x0F, 0x0E, 0x0D, 0x0D, 0x0D, 0x0C, 0x0D, 0x0F, 0x0F, 0x0F, 0x0D, 0x0D, 0x0D, 0x0E, 0x0E, 0x0E, 0x0F, 0x0E, 0x0F,
    0x0F, 0x0F, 0x0F, 0x0F, 0x0E, 0x0F, 0x0F, 0x0F, 0x0F, 0x0D, 0x0B, 0x0D, 0x0D, 0x0C, 0x0E, 0x0F, 0x10, 0x10, 0x0E, 0x0D, 0x0E, 0x0A, 0x0F, 0x0E,
    0x0D, 0x0C, 0x0E, 0x0D, 0x0A, 0x0A, 0x0A, 0x11, 0x0A, 0x11, 0x0B, 0x09, 0x09, 0x0C, 0x0B, 0x09, 0x0B, 0x0C, 0x0B, 0x0C, 0x0B, 0x0D, 0x0F, 0x0E,
    0x0C, 0x0C, 0x05, 0x01, 0x02, 0x09, 0x09, 0x09, 0x09, 0x0C, 0x0E, 0x0D, 0x0E, 0x0E, 0x05, 0x05, 0x05, 0x0C, 0x0C, 0x05, 0x0C, 0x09, 0x0B, 0x0C,
    0x0C, 0x0B, 0x0B, 0x0B, 0x0C, 0x0D, 0x0D, 0x0C, 0x0C, 0x0C, 0x0B, 0x05, 0x0B, 0x0E, 0x0D, 0x0D, 0x0C, 0x0B, 0x0D, 0x0D, 0x0C, 0x0B, 0x0C, 0x0B,
    0x09, 0x05, 0x09, 0x05, 0x05, 0x09, 0x09, 0x05, 0x05, 0x03, 0x05, 0x03, 0x03, 0x05, 0x0B, 0x0C, 0x09, 0x05, 0x09, 0x0B, 0x0B, 0x09, 0x09, 0x0B,
    0x0B, 0x09, 0x0B, 0x0D, 0x0B, 0x0C, 0x0B, 0x0B, 0x0B, 0x0C, 0x0C, 0x09, 0x0B, 0x0B, 0x09, 0x0B, 0x0B, 0x0B, 0x0B, 0x0B, 0x0B, 0x0B, 0x0B, 0x0C,
    0x0B, 0x0C, 0x0C, 0x09, 0x02, 0x05, 0x0C, 0x0D, 0x0C, 0x03, 0x05, 0x0D, 0x0C, 0x0B, 0x0B, 0x0B, 0x0B, 0x0B, 0x02, 0x05, 0x0B, 0x0B, 0x0C, 0x0B,
    0x0C, 0x0C, 0x0B, 0x0B, 0x0F, 0x0F, 0x0E, 0x0E, 0x0F, 0x0E, 0x0D, 0x0A, 0x0D, 0x0C, 0x0D, 0x0D, 0x0E, 0x0E, 0x0D, 0x0D, 0x0C, 0x0B, 0x0E, 0x0F,
    0x0D, 0x0E, 0x0E, 0x0F, 0x0D, 0x0E, 0x0D, 0x0D, 0x0D, 0x0D, 0x0E, 0x0D, 0x0B, 0x09, 0x0B, 0x0D, 0x0D, 0x0C, 0x11, 0x10, 0x12, 0x12, 0x10, 0x0F,
    0x0D, 0x0F, 0x0F, 0x0E, 0x0E, 0x0D, 0x0B, 0x0E, 0x0F, 0x10, 0x11, 0x0F, 0x0E, 0x0D, 0x0F, 0x0D, 0x0C, 0x0D, 0x0E, 0x0B, 0x0B, 0x0D, 0x0D, 0x0C,
    0x0C, 0x0C, 0x0D, 0x0E, 0x0C, 0x0B, 0x02, 0x05, 0x0B, 0x0B, 0x05, 0x0B, 0x0C, 0x0D, 0x0D, 0x0D, 0x0E, 0x0F, 0x0E, 0x09, 0x05, 0x03, 0x0C, 0x0B,
    0x05, 0x0B, 0x0C, 0x0C, 0x0B, 0x0D, 0x0B, 0x0D, 0x0C, 0x0C, 0x0C, 0x0D, 0x0E, 0x0E, 0x0E, 0x0B, 0x0B, 0x0E, 0x0B, 0x09, 0x0D, 0x0D, 0x0C, 0x0C,
    0x0B, 0x0C, 0x0D, 0x0C, 0x0B, 0x09, 0x09, 0x0B, 0x0B, 0x0B, 0x05, 0x03, 0x05, 0x03, 0x05, 0x05, 0x01, 0x05, 0x0B, 0x09, 0x09, 0x05, 0x09, 0x0B,
    0x09, 0x09, 0x09, 0x05, 0x09, 0x09, 0x0B, 0x0D, 0x0D, 0x0B, 0x0B, 0x0B, 0x0D, 0x0D, 0x0B, 0x0B, 0x0B, 0x0B, 0x0B, 0x09, 0x0C, 0x0C, 0x0D, 0x0C,
    0x03, 0x05, 0x0C, 0x0D, 0x0E, 0x0E, 0x0B, 0x05, 0x05, 0x05, 0x0B, 0x0B, 0x0C, 0x09, 0x05, 0x05, 0x05, 0x05, 0x03, 0x05, 0x0B, 0x0B, 0x03, 0x05,
    0x09, 0x0C, 0x0B, 0x0B, 0x0B, 0x0B, 0x0C, 0x0D, 0x0D, 0x0E, 0x0E, 0x0D, 0x0D, 0x0D, 0x0E, 0x0D, 0x0C, 0x0E, 0x0D, 0x0E, 0x0D, 0x0D, 0x0D, 0x0B,
    0x09, 0x0B, 0x0B, 0x0D, 0x0D, 0x0E, 0x0D, 0x0D, 0x0D, 0x0D, 0x0D, 0x0C, 0x0C, 0x0B, 0x0B, 0x0C, 0x03, 0x05, 0x0C, 0x0D, 0x0B, 0x0F, 0x11, 0x10,
    0x11, 0x11, 0x12, 0x13, 0x0D, 0x0C, 0x0F, 0x0F, 0x0D, 0x0C, 0x0D, 0x0D, 0x0E, 0x0F, 0x0F, 0x0B, 0x0B, 0x0D, 0x0C, 0x0B, 0x0C, 0x0D, 0x0F, 0x0D,
    0x0D, 0x0D, 0x0C, 0x0C, 0x0D, 0x0D, 0x0E, 0x0D, 0x0D, 0x09, 0x0C, 0x0D, 0x0A, 0x0D, 0x0B, 0x05, 0x09, 0x0D, 0x0D, 0x0D, 0x0B, 0x0C, 0x0D, 0x0E,
    0x0C, 0x09, 0x09, 0x09, 0x0E, 0x09, 0x0B, 0x09, 0x0B, 0x0B, 0x0C, 0x0C, 0x0C, 0x0B, 0x0C, 0x0B, 0x0B, 0x0C, 0x0C, 0x0E, 0x0B, 0x09, 0x0B, 0x0C,
    0x0D, 0x0D, 0x0B, 0x0B, 0x0C, 0x0B, 0x0B, 0x0B, 0x0B, 0x09, 0x0B, 0x0B, 0x0B, 0x09, 0x09, 0x09, 0x05, 0x05, 0x05, 0x03, 0x03, 0x09, 0x0C, 0x0D,
    0x0D, 0x0C, 0x0B, 0x0B, 0x0B, 0x03, 0x01, 0x03, 0x0B, 0x0C, 0x0B, 0x0B, 0x09, 0x0C, 0x0B, 0x05, 0x0B, 0x0C, 0x0D, 0x0B, 0x0B, 0x09, 0x09, 0x09,
    0x09, 0x05, 0x09, 0x0D, 0x09, 0x03, 0x09, 0x0D, 0x0E, 0x0E, 0x09, 0x05, 0x0C, 0x0B, 0x05, 0x05, 0x0C, 0x0C, 0x0B, 0x05, 0x04, 0x06, 0x06, 0x04,
    0x02, 0x02, 0x0B, 0x05, 0x0B, 0x0D, 0x0B, 0x0C, 0x0C, 0x0D, 0x0C, 0x0B, 0x0D, 0x0D, 0x0D, 0x0D, 0x0F, 0x0D, 0x0D, 0x0F, 0x0F, 0x0D, 0x0C, 0x0D,
    0x0D, 0x0B, 0x0B, 0x05, 0x05, 0x0B, 0x0B, 0x0D, 0x0D, 0x0C, 0x0D, 0x0C, 0x0C, 0x0C, 0x0C, 0x0D, 0x0C, 0x0C, 0x0C, 0x0B, 0x0B, 0x0B, 0x0B, 0x0B,
    0x0B, 0x0F, 0x0F, 0x0A, 0x0D, 0x0E, 0x0A, 0x11, 0x10, 0x0E, 0x0D, 0x0D, 0x0E, 0x0F, 0x0D, 0x0D, 0x0E, 0x0B, 0x0B, 0x0D, 0x0C, 0x09, 0x0D, 0x0D,
    0x0C, 0x0D, 0x0D, 0x0C, 0x0C, 0x0C, 0x0D, 0x09, 0x05, 0x0B, 0x0D, 0x0E, 0x0D, 0x0F, 0x11, 0x11, 0x0F, 0x0C, 0x09, 0x01, 0x05, 0x0B, 0x0D, 0x0D,
    0x0D, 0x0D, 0x0B, 0x0B, 0x09, 0x0C, 0x0D, 0x0D, 0x0B, 0x0B, 0x0B, 0x09, 0x09, 0x0B, 0x0C, 0x0D, 0x0C, 0x0D, 0x0D, 0x09, 0x09, 0x09, 0x0D, 0x0C,
    0x0D, 0x0B, 0x0D, 0x0C, 0x0B, 0x09, 0x09, 0x05, 0x09, 0x03, 0x03, 0x05, 0x0D, 0x0F, 0x0F, 0x0C, 0x0B, 0x0B, 0x05, 0x09, 0x0D, 0x05, 0x05, 0x01,
    0x03, 0x05, 0x0C, 0x0B, 0x0D, 0x0E, 0x0D, 0x0B, 0x09, 0x0B, 0x0D, 0x09, 0x03, 0x03, 0x09, 0x0B, 0x0B, 0x0B, 0x0D, 0x0C, 0x0B, 0x0B, 0x0B, 0x0B,
    0x0B, 0x0B, 0x0B, 0x09, 0x09, 0x09, 0x0E, 0x0D, 0x0B, 0x09, 0x05, 0x05, 0x05, 0x05, 0x05, 0x05, 0x09, 0x0B, 0x0B, 0x0C, 0x0C, 0x0B, 0x0B, 0x0D,
    0x0B, 0x0D, 0x0C, 0x0C, 0x09, 0x0B, 0x05, 0x09, 0x0D, 0x0C, 0x0B, 0x0B, 0x0B, 0x0C, 0x0C, 0x0C, 0x0D, 0x0C, 0x0C, 0x0D, 0x0C, 0x0C, 0x0C, 0x0C,
    0x0E, 0x0A, 0x0D, 0x05, 0x0B, 0x05, 0x03, 0x04, 0x05, 0x05, 0x0C, 0x0C, 0x0C, 0x0B, 0x0D, 0x0F, 0x0D, 0x0C, 0x0B, 0x0B, 0x0C, 0x0D, 0x0D, 0x0B,
    0x0B, 0x0C, 0x0B, 0x0C, 0x0C, 0x0D, 0x0D, 0x0D, 0x0E, 0x0E, 0x0E, 0x0F, 0x11, 0x0A, 0x0E, 0x0D, 0x0D, 0x0D, 0x0A, 0x11, 0x0B, 0x0C, 0x0D, 0x0E,
    0x0C, 0x0D, 0x0D, 0x0C, 0x0D, 0x0C, 0x0B, 0x0B, 0x0C, 0x0B, 0x0C, 0x0B, 0x0B, 0x0C, 0x0C, 0x0F, 0x0A, 0x0F, 0x0D, 0x0D, 0x0D, 0x0B, 0x09, 0x01,
    0x02, 0x0C, 0x0A, 0x0B, 0x0B, 0x0C, 0x0C, 0x09, 0x05, 0x0B, 0x09, 0x0B, 0x0B, 0x0C, 0x0D, 0x0B, 0x03, 0x09, 0x0D, 0x0C, 0x0D, 0x0D, 0x0E, 0x0F,
    0x0D, 0x0D, 0x0B, 0x0D, 0x0E, 0x0C, 0x0B, 0x0B, 0x0C, 0x0B, 0x09, 0x05, 0x09, 0x0B, 0x0B, 0x0B, 0x0B, 0x0D, 0x0D, 0x0C, 0x0B, 0x0C, 0x05, 0x03,
    0x05, 0x0B, 0x0B, 0x0C, 0x0C, 0x05, 0x03, 0x05, 0x0C, 0x0C, 0x0B, 0x09, 0x0B, 0x09, 0x0B, 0x09, 0x0B, 0x09, 0x09, 0x0C, 0x09, 0x0C, 0x0B, 0x0C,
    0x09, 0x09, 0x09, 0x0B, 0x05, 0x0B, 0x0E, 0x0C, 0x0C, 0x0B, 0x0B, 0x0C, 0x0D, 0x05, 0x0B, 0x05, 0x09, 0x05, 0x02, 0x01, 0x05, 0x0C, 0x0B, 0x0B,
    0x0B, 0x0B, 0x09, 0x09, 0x0B, 0x0B, 0x0B, 0x0B, 0x09, 0x0C, 0x09, 0x0B, 0x0B, 0x05, 0x03, 0x0B, 0x0D, 0x0D, 0x0B, 0x05, 0x09, 0x0B, 0x03, 0x05,
    0x05, 0x05, 0x03, 0x05, 0x09, 0x0C, 0x0D, 0x0B, 0x03, 0x06, 0x06, 0x06, 0x05, 0x0E, 0x0B, 0x0B, 0x0B, 0x0C, 0x0D, 0x0E, 0x0D, 0x0D, 0x0C, 0x0C,
    0x0C, 0x0C, 0x05, 0x03, 0x09, 0x0F, 0x0C, 0x0D, 0x0E, 0x0A, 0x0E, 0x0A, 0x10, 0x11, 0x0F, 0x0F, 0x0F, 0x0C, 0x0B, 0x0C, 0x0D, 0x0F, 0x0D, 0x0E,
    0x0F, 0x0D, 0x09, 0x0B, 0x0D, 0x0F, 0x0D, 0x0C, 0x0D, 0x03, 0x05, 0x0D, 0x0D, 0x0D, 0x0C, 0x0D, 0x0F, 0x0E, 0x0E, 0x0D, 0x0E, 0x0D, 0x0C, 0x0B,
    0x09, 0x0B, 0x09, 0x03, 0x03, 0x0C, 0x0E, 0x0E, 0x0D, 0x09, 0x09, 0x0E, 0x0D, 0x0B, 0x04, 0x01, 0x0D, 0x09, 0x0B, 0x0D, 0x0D, 0x0B, 0x09, 0x0B,
    0x0B, 0x09, 0x09, 0x0B, 0x0B, 0x0C, 0x0B, 0x0B, 0x0B, 0x0B, 0x0C, 0x0B, 0x0B, 0x0B, 0x0B, 0x02, 0x05, 0x09, 0x0D, 0x0D, 0x0D, 0x0C, 0x0D, 0x0C,
    0x05, 0x0B, 0x0B, 0x03, 0x09, 0x0B, 0x0B, 0x05, 0x05, 0x05, 0x06, 0x04, 0x0B, 0x0B, 0x09, 0x05, 0x05, 0x09, 0x09, 0x05, 0x05, 0x05, 0x03, 0x09,
    0x0D, 0x05, 0x09, 0x05, 0x09, 0x0B, 0x09, 0x0B, 0x0C, 0x0C, 0x0B, 0x09, 0x05, 0x01, 0x09, 0x0D, 0x0B, 0x05, 0x0F, 0x0D, 0x0B, 0x0B, 0x0D, 0x0B,
    0x0B, 0x0B, 0x0B, 0x0D, 0x0D, 0x0B, 0x0B, 0x09, 0x09, 0x0B, 0x0B, 0x0C, 0x09, 0x09, 0x05, 0x02, 0x0C, 0x0B, 0x03, 0x02, 0x05, 0x09, 0x09, 0x09,
    0x0C, 0x0C, 0x0C, 0x05, 0x01, 0x03, 0x05, 0x03, 0x0B, 0x0C, 0x0C, 0x0D, 0x0B, 0x0B, 0x0E, 0x0D, 0x09, 0x03, 0x05, 0x03, 0x03, 0x03, 0x09, 0x0B,
    0x0B, 0x0C, 0x0C, 0x0C, 0x0B, 0x02, 0x06, 0x02, 0x0C, 0x11, 0x0F, 0x0B, 0x0D, 0x0E, 0x10, 0x0F, 0x0D, 0x0D, 0x0C, 0x0E, 0x0F, 0x0B, 0x05, 0x0D,
    0x0D, 0x0D, 0x0C, 0x0C, 0x0D, 0x0A, 0x0C, 0x05, 0x0D, 0x0E, 0x0D, 0x0C, 0x0D, 0x0D, 0x0C, 0x0B, 0x09, 0x09, 0x0B, 0x0C, 0x0D, 0x0C, 0x0C, 0x0D,
    0x0B, 0x05, 0x0B, 0x05, 0x03, 0x09, 0x0D, 0x0E, 0x0D, 0x09, 0x0B, 0x0C, 0x0D, 0x0B, 0x0B, 0x0C, 0x0D, 0x0D, 0x02, 0x02, 0x0E, 0x0B, 0x0D, 0x0B,
    0x09, 0x0B, 0x09, 0x09, 0x0B, 0x0B, 0x0B, 0x0B, 0x0C, 0x0B, 0x0B, 0x0C, 0x0C, 0x0D, 0x0C, 0x09, 0x09, 0x03, 0x05, 0x03, 0x05, 0x0B, 0x09, 0x0C,
    0x0B, 0x05, 0x09, 0x0B, 0x05, 0x09, 0x09, 0x05, 0x02, 0x0B, 0x0B, 0x05, 0x0B, 0x0B, 0x0E, 0x0E, 0x01, 0x01, 0x05, 0x0B, 0x0B, 0x09, 0x03, 0x01,
    0x03, 0x09, 0x0C, 0x09, 0x05, 0x09, 0x0C, 0x0B, 0x0B, 0x05, 0x03, 0x09, 0x0C, 0x0C, 0x0C, 0x0B, 0x09, 0x09, 0x05, 0x05, 0x0B, 0x0B, 0x0B, 0x0D,
    0x0C, 0x09, 0x0C, 0x0D, 0x0D, 0x0B, 0x0C, 0x09, 0x09, 0x0B, 0x0B, 0x0B, 0x0B, 0x0B, 0x09, 0x0B, 0x09, 0x09, 0x0B, 0x03, 0x02, 0x02, 0x05, 0x0B,
    0x0B, 0x05, 0x0B, 0x0B, 0x0D, 0x0C, 0x0D, 0x0E, 0x0C, 0x0D, 0x0D, 0x0D, 0x0C, 0x0D, 0x0D, 0x0D, 0x0D, 0x0D, 0x0C, 0x0A, 0x0D, 0x0D, 0x0C, 0x09,
    0x09, 0x0B, 0x09, 0x09, 0x0B, 0x09, 0x0C, 0x0C, 0x05, 0x04, 0x0B, 0x0F, 0x0E, 0x0F, 0x0C, 0x05, 0x03, 0x0B, 0x0D, 0x0D, 0x05, 0x04, 0x05, 0x0D,
    0x0E, 0x0F, 0x10, 0x0F, 0x0D, 0x09, 0x03, 0x05, 0x0D, 0x0A, 0x0A, 0x0D, 0x0D, 0x0D, 0x0D, 0x0C, 0x0D, 0x0D, 0x0C, 0x0B, 0x0B, 0x09, 0x0B, 0x0C,
    0x0E, 0x0D, 0x09, 0x0C, 0x0C, 0x0D, 0x0B, 0x05, 0x01, 0x01, 0x03, 0x0C, 0x0D, 0x0D, 0x0B, 0x0C, 0x0D, 0x0B, 0x0C, 0x0D, 0x0E, 0x0E, 0x11, 0x0B,
    0x09, 0x0C, 0x0B, 0x05, 0x0C, 0x0C, 0x0C, 0x0C, 0x0B, 0x0C, 0x0C, 0x0C, 0x0B, 0x0C, 0x0C, 0x0B, 0x09, 0x0B, 0x0B, 0x09, 0x09, 0x05, 0x03, 0x05,
    0x09, 0x02, 0x03, 0x0B, 0x09, 0x05, 0x05, 0x05, 0x0B, 0x0B, 0x0C, 0x09, 0x09, 0x0B, 0x09, 0x0B, 0x0B, 0x0C, 0x0B, 0x0B, 0x05, 0x02, 0x04, 0x03,
    0x09, 0x05, 0x05, 0x05, 0x03, 0x09, 0x09, 0x09, 0x0C, 0x0B, 0x0B, 0x0C, 0x0B, 0x09, 0x0C, 0x09, 0x0C, 0x0C, 0x0B, 0x09, 0x0B, 0x0B, 0x09, 0x09,
    0x0C, 0x05, 0x0B, 0x0D, 0x0F, 0x0B, 0x0B, 0x0E, 0x0B, 0x0C, 0x0C, 0x0E, 0x0C, 0x05, 0x09, 0x09, 0x09, 0x0B, 0x09, 0x09, 0x03, 0x03, 0x0C, 0x0C,
    0x09, 0x09, 0x01, 0x09, 0x0F, 0x0C, 0x05, 0x02, 0x0E, 0x0D, 0x0E, 0x0E, 0x0E, 0x0D, 0x0F, 0x0A, 0x0E, 0x0C, 0x0C, 0x0D, 0x0D, 0x09, 0x0B, 0x0F,
    0x0D, 0x0D, 0x0E, 0x0D, 0x0D, 0x0C, 0x0B, 0x05, 0x09, 0x0C, 0x0D, 0x0B, 0x0D, 0x0D, 0x0C, 0x0B, 0x0B, 0x09, 0x09, 0x0B, 0x03, 0x09, 0x09, 0x09,
    0x0B, 0x05, 0x0D, 0x0E, 0x0D, 0x0E, 0x0E, 0x0E, 0x11, 0x0A, 0x0A, 0x0C, 0x0D, 0x0E, 0x0E, 0x0D, 0x0B, 0x09, 0x03, 0x05, 0x0B, 0x0B, 0x0B, 0x0C,
    0x0B, 0x0B, 0x0B, 0x0C, 0x0C, 0x0D, 0x0C, 0x0C, 0x0D, 0x0D, 0x09, 0x01, 0x02, 0x02, 0x03, 0x0B, 0x0E, 0x0D, 0x0B, 0x0B, 0x0B, 0x0B, 0x05, 0x05,
    0x03, 0x09, 0x0E, 0x0E, 0x0B, 0x03, 0x0B, 0x0D, 0x0C, 0x0E, 0x0E, 0x0D, 0x0E, 0x0C, 0x0C, 0x0B, 0x0C, 0x0C, 0x0C, 0x0B, 0x0B, 0x0C, 0x0B, 0x0B,
    0x09, 0x09, 0x03, 0x05, 0x0B, 0x0C, 0x0C, 0x09, 0x09, 0x02, 0x01, 0x09, 0x09, 0x0B, 0x0B, 0x09, 0x03, 0x0C, 0x0B, 0x0B, 0x0B, 0x09, 0x05, 0x05,
    0x0B, 0x0C, 0x0C, 0x0C, 0x01, 0x03, 0x05, 0x03, 0x02, 0x05, 0x09, 0x0C, 0x0D, 0x0B, 0x05, 0x0B, 0x09, 0x05, 0x0B, 0x0D, 0x0D, 0x0D, 0x0C, 0x09,
    0x09, 0x0D, 0x0D, 0x0C, 0x09, 0x09, 0x0D, 0x0C, 0x0C, 0x0C, 0x0C, 0x09, 0x0C, 0x0B, 0x0B, 0x0B, 0x0C, 0x0B, 0x0B, 0x09, 0x0B, 0x09, 0x09, 0x05,
    0x0B, 0x03, 0x01, 0x09, 0x0E, 0x0C, 0x05, 0x0C, 0x0E, 0x0C, 0x05, 0x02, 0x0D, 0x0F, 0x0F, 0x0F, 0x0F, 0x0D, 0x0D, 0x0D, 0x0D, 0x0F, 0x0D, 0x0D,
    0x0B, 0x0B, 0x05, 0x0E, 0x0D, 0x0D, 0x0D, 0x0D, 0x0D, 0x0C, 0x0C, 0x0C, 0x0C, 0x0D, 0x0B, 0x05, 0x03, 0x05, 0x09, 0x03, 0x01, 0x05, 0x03, 0x05,
    0x09, 0x0D, 0x02, 0x04, 0x05, 0x0F, 0x10, 0x0D, 0x0D, 0x0F, 0x0F, 0x0A, 0x0A, 0x0A, 0x0F, 0x0A, 0x0B, 0x11, 0x0F, 0x0D, 0x0D, 0x0D, 0x0C, 0x0C,
    0x09, 0x0C, 0x0C, 0x0C, 0x0D, 0x0D, 0x0D, 0x0D, 0x0D, 0x0D, 0x0C, 0x0C, 0x0D, 0x09, 0x05, 0x05, 0x05, 0x05, 0x09, 0x0E, 0x0C, 0x09, 0x09, 0x09,
    0x0C, 0x0C, 0x0C, 0x0D, 0x0B, 0x09, 0x0B, 0x0B, 0x0B, 0x0D, 0x05, 0x0D, 0x0D, 0x0B, 0x0E, 0x0D, 0x0C, 0x0C, 0x0B, 0x0D, 0x0E, 0x0C, 0x0C, 0x0B,
    0x05, 0x09, 0x05, 0x0B, 0x0B, 0x0B, 0x0B, 0x05, 0x0B, 0x0B, 0x09, 0x0B, 0x0C, 0x09, 0x04, 0x01, 0x09, 0x0B, 0x09, 0x05, 0x02, 0x05, 0x0B, 0x0C,
    0x09, 0x05, 0x05, 0x0B, 0x09, 0x0B, 0x09, 0x03, 0x03, 0x05, 0x05, 0x09, 0x09, 0x05, 0x0B, 0x0C, 0x0D, 0x0C, 0x09, 0x09, 0x0B, 0x0B, 0x0B, 0x0B,
    0x0B, 0x0D, 0x0C, 0x0B, 0x0B, 0x0C, 0x0C, 0x0C, 0x0B, 0x0E, 0x0C, 0x0C, 0x0C, 0x0B, 0x0C, 0x0B, 0x09, 0x05, 0x0B, 0x0B, 0x0B, 0x05, 0x05, 0x05,
    0x03, 0x05, 0x09, 0x0B, 0x0B, 0x09, 0x0B, 0x0D, 0x0B, 0x0C, 0x03, 0x0B, 0x0B, 0x05, 0x03, 0x05, 0x0F, 0x0F, 0x0E, 0x0E, 0x0E, 0x0D, 0x0C, 0x0D,
    0x0E, 0x0E, 0x0D, 0x0C, 0x0C, 0x05, 0x09, 0x0B, 0x0C, 0x05, 0x0B, 0x0C, 0x0C, 0x0D, 0x0D, 0x0D, 0x0D, 0x0D, 0x0B, 0x05, 0x0B, 0x0C, 0x0B, 0x0D,
    0x0A, 0x0D, 0x05, 0x0E, 0x10, 0x0D, 0x0B, 0x05, 0x0F, 0x12, 0x0A, 0x0A, 0x0E, 0x0D, 0x0E, 0x0F, 0x0E, 0x0D, 0x0E, 0x0F, 0x0F, 0x0D, 0x0D, 0x0E,
    0x0A, 0x0D, 0x0D, 0x0F, 0x0E, 0x0C, 0x0E, 0x0F, 0x0D, 0x0D, 0x0E, 0x0C, 0x0C, 0x09, 0x0D, 0x0C, 0x0D, 0x0C, 0x09, 0x09, 0x09, 0x0C, 0x0C, 0x0C,
    0x0B, 0x09, 0x09, 0x0B, 0x0B, 0x0B, 0x0B, 0x0D, 0x0D, 0x0E, 0x0D, 0x0B, 0x0B, 0x09, 0x09, 0x05, 0x0B, 0x03, 0x05, 0x0B, 0x05, 0x03, 0x03, 0x09,
    0x0E, 0x0C, 0x0B, 0x0C, 0x0E, 0x0C, 0x0D, 0x0B, 0x05, 0x09, 0x0C, 0x03, 0x03, 0x0B, 0x0B, 0x09, 0x09, 0x0C, 0x0C, 0x09, 0x0C, 0x0B, 0x09, 0x05,
    0x09, 0x09, 0x09, 0x09, 0x0B, 0x05, 0x03, 0x03, 0x05, 0x0B, 0x0B, 0x09, 0x0B, 0x05, 0x05, 0x09, 0x0B, 0x0B, 0x0B, 0x0B, 0x0D, 0x0C, 0x0B, 0x09,
    0x0B, 0x0B, 0x0C, 0x0D, 0x0C, 0x0B, 0x0B, 0x0B, 0x0B, 0x0C, 0x0D, 0x0E, 0x0E, 0x09, 0x09, 0x0B, 0x0F, 0x0E, 0x0E, 0x0D, 0x0E, 0x0C, 0x0B, 0x0B,
    0x05, 0x02, 0x02, 0x05, 0x05, 0x05, 0x05, 0x03, 0x09, 0x05, 0x05, 0x05, 0x05, 0x0B, 0x0B, 0x05, 0x0D, 0x0C, 0x03, 0x03, 0x0C, 0x0C, 0x0D, 0x0F,
    0x0F, 0x0A, 0x0F, 0x0C, 0x0D, 0x0D, 0x0C, 0x09, 0x0C, 0x0B, 0x09, 0x0C, 0x0D, 0x03, 0x02, 0x05, 0x0D, 0x0C, 0x0B, 0x0B, 0x0B, 0x03, 0x03, 0x05,
    0x0B, 0x0F, 0x0B, 0x05, 0x03, 0x03, 0x09, 0x0D, 0x0A, 0x0C, 0x0C, 0x0B, 0x0E, 0x10, 0x0F, 0x0F, 0x0F, 0x0F, 0x0D, 0x0D, 0x0E, 0x0E, 0x0E, 0x0F,
    0x11, 0x0C, 0x0E, 0x0A, 0x0F, 0x0C, 0x0D, 0x0D, 0x0D, 0x0C, 0x0C, 0x0B, 0x0D, 0x0C, 0x0C, 0x0C, 0x0B, 0x09, 0x0C, 0x0D, 0x0B, 0x09, 0x0B, 0x0D,
    0x0C, 0x0B, 0x09, 0x09, 0x09, 0x0B, 0x0C, 0x0B, 0x09, 0x09, 0x0B, 0x09, 0x0B, 0x0B, 0x0B, 0x09, 0x0B, 0x09, 0x09, 0x03, 0x09, 0x0C, 0x0B, 0x0B,
    0x09, 0x05, 0x0C, 0x0C, 0x0D, 0x0D, 0x0C, 0x0B, 0x0B, 0x0B, 0x0C, 0x0C, 0x0C, 0x0B, 0x09, 0x09, 0x0B, 0x09, 0x09, 0x09, 0x09, 0x0B, 0x0D, 0x0C,
    0x09, 0x09, 0x03, 0x0B, 0x0E, 0x0D, 0x05, 0x05, 0x05, 0x05, 0x03, 0x09, 0x09, 0x05, 0x09, 0x0B, 0x0B, 0x09, 0x05, 0x0B, 0x0D, 0x0A, 0x0D, 0x09,
    0x0B, 0x0C, 0x0B, 0x02, 0x0B, 0x0D, 0x0C, 0x0B, 0x0B, 0x0B, 0x09, 0x0B, 0x0B, 0x0B, 0x0B, 0x0B, 0x0B, 0x0E, 0x0C, 0x0C, 0x0C, 0x0E, 0x0D, 0x0C,
    0x09, 0x0B, 0x0B, 0x09, 0x09, 0x09, 0x05, 0x03, 0x02, 0x03, 0x05, 0x05, 0x05, 0x09, 0x0D, 0x05, 0x0B, 0x0F, 0x0F, 0x09, 0x05, 0x05, 0x0B, 0x09,
    0x0B, 0x0D, 0x0D, 0x0C, 0x11, 0x10, 0x0F, 0x0D, 0x0D, 0x0D, 0x0C, 0x0B, 0x0E, 0x10, 0x10, 0x10, 0x0F, 0x0C, 0x0B, 0x0E, 0x0C, 0x0C, 0x0D, 0x09,
    0x09, 0x05, 0x05, 0x05, 0x0B, 0x0D, 0x0E, 0x09, 0x03, 0x01, 0x05, 0x0E, 0x0D, 0x0D, 0x0E, 0x11, 0x12, 0x11, 0x0E, 0x0D, 0x0E, 0x0E, 0x0D, 0x0D,
    0x0D, 0x0F, 0x0D, 0x0B, 0x0C, 0x0D, 0x11, 0x0A, 0x0E, 0x0F, 0x0E, 0x0C, 0x0C, 0x0B, 0x05, 0x0B, 0x03, 0x03, 0x05, 0x05, 0x0C, 0x0C, 0x0C, 0x0D,
    0x0D, 0x0C, 0x0B, 0x09, 0x09, 0x09, 0x09, 0x05, 0x09, 0x05, 0x09, 0x0B, 0x0C, 0x0B, 0x03, 0x05, 0x09, 0x09, 0x09, 0x05, 0x09, 0x05, 0x05, 0x0C,
    0x0D, 0x0E, 0x0D, 0x0D, 0x0D, 0x0D, 0x0D, 0x0E, 0x0D, 0x0B, 0x0C, 0x0D, 0x0C, 0x0C, 0x0C, 0x0D, 0x0D, 0x0D, 0x0D, 0x0E, 0x0C, 0x0B, 0x0B, 0x09,
    0x09, 0x09, 0x0B, 0x0B, 0x09, 0x09, 0x0C, 0x0B, 0x0B, 0x0D, 0x05, 0x03, 0x05, 0x05, 0x05, 0x05, 0x0B, 0x03, 0x05, 0x0C, 0x0E, 0x0D, 0x0C, 0x09,
    0x0D, 0x0E, 0x0D, 0x0D, 0x09, 0x0B, 0x0E, 0x0D, 0x0D, 0x0C, 0x0B, 0x09, 0x0B, 0x0B, 0x09, 0x0B, 0x09, 0x0B, 0x0B, 0x0C, 0x0B, 0x0B, 0x0B, 0x0B,
    0x0B, 0x0B, 0x0D, 0x0C, 0x0B, 0x09, 0x09, 0x0B, 0x0C, 0x0D, 0x0C, 0x0B, 0x09, 0x05, 0x09, 0x09, 0x05, 0x09, 0x0E, 0x0F, 0x0D, 0x0B, 0x0D, 0x0C,
    0x05, 0x0B, 0x0D, 0x09, 0x05, 0x0C, 0x0C, 0x0D, 0x0C, 0x0D, 0x0D, 0x0A, 0x0E, 0x0D, 0x0F, 0x0F, 0x0F, 0x0D, 0x0F, 0x0A, 0x0F, 0x10, 0x12, 0x0F,
    0x0D, 0x0C, 0x0B, 0x0D, 0x0D, 0x0F, 0x0B, 0x05, 0x0C, 0x0E, 0x11, 0x11, 0x11, 0x0F, 0x11, 0x0F, 0x0C, 0x0E, 0x11, 0x10, 0x11, 0x0D, 0x0D, 0x0C,
    0x0D, 0x0E, 0x0C, 0x0B, 0x0B, 0x0E, 0x0C, 0x09, 0x05, 0x0C, 0x0D, 0x0E, 0x0D, 0x0F, 0x0A, 0x0E, 0x0D, 0x0E, 0x0E, 0x0D, 0x0C, 0x05, 0x03, 0x01,
    0x03, 0x0C, 0x0D, 0x0C, 0x0B, 0x0B, 0x09, 0x09, 0x05, 0x05, 0x03, 0x03, 0x03, 0x05, 0x05, 0x09, 0x0C, 0x0C, 0x0B, 0x0B, 0x09, 0x0B, 0x0B, 0x09,
    0x0B, 0x0D, 0x0E, 0x0E, 0x0D, 0x0E, 0x0D, 0x0B, 0x0B, 0x03, 0x09, 0x0D, 0x0D, 0x0D, 0x0C, 0x0C, 0x0C, 0x0C, 0x0C, 0x0C, 0x0C, 0x0D, 0x0C, 0x0C,
    0x0B, 0x09, 0x09, 0x0B, 0x0B, 0x0B, 0x0C, 0x0B, 0x0B, 0x0B, 0x0C, 0x0B, 0x09, 0x09, 0x0B, 0x05, 0x05, 0x0B, 0x0C, 0x03, 0x03, 0x09, 0x0C, 0x0D,
    0x09, 0x0B, 0x0B, 0x05, 0x05, 0x0C, 0x0C, 0x0B, 0x0B, 0x0B, 0x0B, 0x0C, 0x0B, 0x09, 0x03, 0x05, 0x09, 0x09, 0x0B, 0x0B, 0x0C, 0x0B, 0x0B, 0x0C,
    0x0C, 0x0C, 0x0B, 0x0C, 0x0C, 0x0B, 0x0B, 0x0D, 0x0E, 0x0C, 0x09, 0x05, 0x09, 0x09, 0x09, 0x05, 0x05, 0x0B, 0x0B, 0x0B, 0x0C, 0x0D, 0x0C, 0x09,
    0x0E, 0x0C, 0x0C, 0x0C, 0x05, 0x03, 0x0B, 0x09, 0x05, 0x0D, 0x0C, 0x0C, 0x0C, 0x0B, 0x0D, 0x0D, 0x0D, 0x0A, 0x0A, 0x0F, 0x0D, 0x0E, 0x0D, 0x0B,
    0x0D, 0x0E, 0x0D, 0x0D, 0x0C, 0x0B, 0x0C, 0x0B, 0x0C, 0x0D, 0x0E, 0x0C, 0x0C, 0x0B, 0x0C, 0x0C, 0x0B, 0x09, 0x0B, 0x05, 0x09, 0x0C, 0x0E, 0x0D,
    0x0C, 0x0C, 0x0D, 0x0C, 0x0D, 0x0D, 0x0C, 0x09, 0x0D, 0x0F, 0x0D, 0x0D, 0x0F, 0x09, 0x05, 0x0C, 0x0E, 0x0F, 0x0F, 0x0D, 0x0D, 0x0E, 0x0B, 0x0C,
    0x0D, 0x0C, 0x0B, 0x0B, 0x0B, 0x09, 0x09, 0x05, 0x05, 0x01, 0x09, 0x05, 0x03, 0x05, 0x03, 0x01, 0x01, 0x03, 0x05, 0x03, 0x05, 0x0C, 0x0B, 0x0B,
    0x09, 0x0B, 0x0B, 0x0C, 0x0B, 0x0C, 0x0E, 0x0E, 0x0C, 0x0D, 0x0E, 0x0B, 0x0B, 0x09, 0x05, 0x0C, 0x0D, 0x0B, 0x0B, 0x0C, 0x0C, 0x0C, 0x0B, 0x0C,
    0x0C, 0x0C, 0x09, 0x09, 0x0C, 0x0C, 0x0C, 0x0B, 0x0C, 0x0B, 0x09, 0x09, 0x09, 0x0B, 0x09, 0x09, 0x03, 0x09, 0x0C, 0x0B, 0x0D, 0x0C, 0x0E, 0x0C,
    0x0C, 0x0B, 0x0C, 0x0B, 0x09, 0x05, 0x05, 0x03, 0x09, 0x0B, 0x0B, 0x0C, 0x0B, 0x0B, 0x0B, 0x0B, 0x09, 0x01, 0x04, 0x01, 0x02, 0x0B, 0x0E, 0x0B,
    0x09, 0x0B, 0x0B, 0x0B, 0x0C, 0x0B, 0x0B, 0x09, 0x0B, 0x0C, 0x0C, 0x0B, 0x0B, 0x0C, 0x0B, 0x05, 0x05, 0x0B, 0x05, 0x05, 0x0B, 0x05, 0x0C, 0x0D,
    0x0C, 0x09, 0x03, 0x02, 0x05, 0x0B, 0x0C, 0x0C, 0x0C, 0x09, 0x0B, 0x0B, 0x0D, 0x0B, 0x0C, 0x0D, 0x0C, 0x0B, 0x0D, 0x0D, 0x0C, 0x0B, 0x0B, 0x0F,
    0x0F, 0x0E, 0x0B, 0x05, 0x0D, 0x0F, 0x0D, 0x0C, 0x0B, 0x0C, 0x0B, 0x0C, 0x0B, 0x0B, 0x0B, 0x0B, 0x0B, 0x05, 0x01, 0x01, 0x0B, 0x0B, 0x0D, 0x03,
    0x02, 0x02, 0x03, 0x0C, 0x0F, 0x0F, 0x0F, 0x0D, 0x0C, 0x0D, 0x0E, 0x0C, 0x0B, 0x09, 0x0D, 0x0D, 0x0C, 0x0A, 0x0B, 0x05, 0x0C, 0x0C, 0x05, 0x0D,
    0x0F, 0x0E, 0x0C, 0x0C, 0x0B, 0x0B, 0x0C, 0x0E, 0x0B, 0x0C, 0x0D, 0x0B, 0x0D, 0x09, 0x09, 0x0D, 0x0C, 0x0B, 0x09, 0x03, 0x03, 0x09, 0x0B, 0x0D,
    0x0C, 0x05, 0x05, 0x09, 0x09, 0x09, 0x0C, 0x0C, 0x0C, 0x0D, 0x0C, 0x0B, 0x0B, 0x0D, 0x0D, 0x0D, 0x0C, 0x0B, 0x0E, 0x0E, 0x0C, 0x0C, 0x0C, 0x0C,
    0x0C, 0x0C, 0x0C, 0x0B, 0x0C, 0x09, 0x09, 0x05, 0x0B, 0x0C, 0x0C, 0x0C, 0x0B, 0x0C, 0x0B, 0x05, 0x01, 0x0B, 0x0C, 0x0D, 0x0F, 0x0B, 0x03, 0x0B,
    0x05, 0x09, 0x05, 0x05, 0x05, 0x05, 0x05, 0x0C, 0x0B, 0x09, 0x05, 0x09, 0x0B, 0x09, 0x0C, 0x0E, 0x0E, 0x0B, 0x05, 0x05, 0x05, 0x01, 0x09, 0x0C,
    0x0B, 0x0D, 0x0B, 0x0C, 0x0B, 0x05, 0x03, 0x03, 0x09, 0x0B, 0x05, 0x0C, 0x0B, 0x0B, 0x09, 0x0B, 0x05, 0x05, 0x0B, 0x0B, 0x09, 0x0B, 0x05, 0x05,
    0x05, 0x05, 0x0C, 0x0F, 0x0C, 0x09, 0x0B, 0x0C, 0x0D, 0x09, 0x09, 0x0D, 0x0D, 0x0B, 0x05, 0x05, 0x0D, 0x0E, 0x0F, 0x0D, 0x0B, 0x0B, 0x0C, 0x0D,
    0x0F, 0x0D, 0x09, 0x0D, 0x0D, 0x0D, 0x0D, 0x0D, 0x09, 0x0D, 0x0E, 0x0E, 0x0D, 0x0B, 0x09, 0x01, 0x01, 0x03, 0x03, 0x03, 0x0B, 0x0E, 0x0C, 0x09,
    0x0E, 0x01, 0x01, 0x05, 0x0B, 0x05, 0x0B, 0x0C, 0x0E, 0x0F, 0x0E, 0x0C, 0x0C, 0x0D, 0x0E, 0x0E, 0x0C, 0x0D, 0x0B, 0x0C, 0x0C, 0x0D, 0x0A, 0x0F,
    0x0C, 0x0B, 0x0D, 0x0D, 0x0D, 0x0D, 0x0C, 0x0B, 0x05, 0x05, 0x0D, 0x0C, 0x05, 0x09, 0x0C, 0x0C, 0x0C, 0x0B, 0x05, 0x05, 0x09, 0x05, 0x05, 0x09,
    0x0B, 0x0E, 0x0F, 0x0C, 0x0B, 0x0B, 0x05, 0x0C, 0x09, 0x0B, 0x0C, 0x0C, 0x0B, 0x0E, 0x0F, 0x0B, 0x05, 0x0C, 0x0C, 0x0B, 0x0C, 0x0A, 0x0F, 0x0C,
    0x0D, 0x0D, 0x0C, 0x0B, 0x0C, 0x0C, 0x0D, 0x0B, 0x0C, 0x0C, 0x0D, 0x0B, 0x09, 0x09, 0x0B, 0x09, 0x09, 0x0B, 0x03, 0x02, 0x05, 0x0B, 0x0C, 0x0D,
    0x0C, 0x0B, 0x05, 0x09, 0x09, 0x09, 0x0E, 0x09, 0x06, 0x01, 0x06, 0x01, 0x06, 0x04, 0x09, 0x0E, 0x0D, 0x0B, 0x0B, 0x0B, 0x0B, 0x0B, 0x0B, 0x0B,
    0x03, 0x09, 0x0D, 0x0E, 0x0E, 0x0E, 0x0B, 0x0B, 0x09, 0x0B, 0x0B, 0x09, 0x05, 0x0C, 0x0B, 0x05, 0x0D, 0x09, 0x09, 0x09, 0x0B, 0x0B, 0x09, 0x0B,
    0x0B, 0x0B, 0x0D, 0x0C, 0x05, 0x05, 0x05, 0x0B, 0x0B, 0x0C, 0x09, 0x09, 0x02, 0x01, 0x05, 0x0B, 0x0B, 0x0B, 0x0B, 0x0B, 0x0F, 0x0A, 0x0D, 0x0D,
    0x0B, 0x09, 0x0C, 0x0C, 0x0D, 0x0D, 0x0D, 0x0D, 0x0C, 0x0B, 0x0B, 0x0C, 0x0B, 0x09, 0x0B, 0x0C, 0x0C, 0x09, 0x05, 0x04, 0x01, 0x03, 0x03, 0x03,
    0x05, 0x0B, 0x09, 0x09, 0x0C, 0x01, 0x0B, 0x0D, 0x0D, 0x0C, 0x0B, 0x05, 0x05, 0x0B, 0x0B, 0x0C, 0x0C, 0x0C, 0x0D, 0x0D, 0x0C, 0x0D, 0x0B, 0x0C,
    0x0D, 0x0D, 0x0F, 0x0D, 0x09, 0x03, 0x0C, 0x0D, 0x09, 0x0B, 0x0D, 0x0D, 0x09, 0x04, 0x01, 0x03, 0x01, 0x09, 0x0B, 0x05, 0x0B, 0x0D, 0x0D, 0x09,
    0x0B, 0x09, 0x09, 0x0D, 0x0F, 0x0C, 0x0B, 0x0B, 0x0F, 0x0F, 0x11, 0x0F, 0x0D, 0x0C, 0x0B, 0x0B, 0x0C, 0x05, 0x0C, 0x0E, 0x0C, 0x0B, 0x05, 0x09,
    0x0B, 0x0C, 0x0C, 0x05, 0x09, 0x0C, 0x0C, 0x0C, 0x0C, 0x0B, 0x0C, 0x0D, 0x0B, 0x03, 0x03, 0x0B, 0x05, 0x02, 0x05, 0x03, 0x02, 0x01, 0x02, 0x09,
    0x09, 0x0B, 0x0D, 0x0B, 0x09, 0x0B, 0x0B, 0x09, 0x09, 0x02, 0x09, 0x0E, 0x0F, 0x0A, 0x0E, 0x03, 0x03, 0x05, 0x09, 0x0B, 0x0D, 0x0B, 0x0B, 0x0F,
    0x0C, 0x09, 0x0B, 0x0B, 0x0C, 0x0B, 0x0B, 0x0B, 0x0B, 0x0B, 0x0C, 0x0C, 0x0B, 0x0B, 0x09, 0x0B, 0x0B, 0x05, 0x03, 0x03, 0x09, 0x0B, 0x0B, 0x0B,
    0x0C, 0x0C, 0x0B, 0x09, 0x09, 0x0B, 0x0D, 0x0A, 0x0E, 0x0F, 0x0D, 0x09, 0x05, 0x09, 0x09, 0x0B, 0x0C, 0x03, 0x03, 0x04, 0x02, 0x02, 0x05, 0x0B,
    0x0E, 0x0E, 0x0F, 0x0E, 0x0F, 0x0F, 0x0B, 0x02, 0x0B, 0x0C, 0x0D, 0x0D, 0x0C, 0x0B, 0x09, 0x0B, 0x0C, 0x0B, 0x0B, 0x09, 0x09, 0x03, 0x03, 0x03,
    0x03, 0x05, 0x05, 0x01, 0x01, 0x05, 0x09, 0x0B, 0x0B, 0x09, 0x0B, 0x0D, 0x0D, 0x0E, 0x09, 0x09, 0x05, 0x05, 0x0B, 0x0D, 0x0C, 0x09, 0x0B, 0x0D,
    0x0C, 0x0D, 0x0D, 0x0A, 0x10, 0x0A, 0x0D, 0x0E, 0x0B, 0x05, 0x03, 0x0B, 0x0B, 0x09, 0x0B, 0x0C, 0x0C, 0x0D, 0x03, 0x05, 0x09, 0x0E, 0x0D, 0x0C,
    0x03, 0x03, 0x03, 0x02, 0x03, 0x05, 0x0C, 0x0C, 0x0D, 0x0C, 0x0B, 0x0C, 0x0D, 0x0C, 0x0B, 0x0B, 0x0B, 0x09, 0x0B, 0x0C, 0x09, 0x03, 0x05, 0x0C,
    0x0B, 0x0B, 0x0B, 0x0B, 0x0D, 0x0E, 0x0F, 0x0E, 0x0E, 0x0D, 0x0B, 0x0B, 0x0B, 0x0B, 0x0B, 0x0B, 0x03, 0x05, 0x05, 0x0B, 0x0B, 0x09, 0x05, 0x05,
    0x03, 0x05, 0x05, 0x0B, 0x0D, 0x0D, 0x0D, 0x0B, 0x05, 0x09, 0x0B, 0x0C, 0x0B, 0x0C, 0x0C, 0x0C, 0x0C, 0x0D, 0x09, 0x0B, 0x0C, 0x0E, 0x05, 0x01,
    0x05, 0x0B, 0x0C, 0x0C, 0x0B, 0x05, 0x0B, 0x0D, 0x0E, 0x0D, 0x0B, 0x0B, 0x0B, 0x09, 0x0B, 0x0B, 0x0B, 0x09, 0x05, 0x05, 0x0B, 0x0B, 0x09, 0x03,
    0x0B, 0x05, 0x03, 0x03, 0x0B, 0x0B, 0x0B, 0x0B, 0x0B, 0x0B, 0x0B, 0x0B, 0x05, 0x09, 0x05, 0x05, 0x09, 0x09, 0x05, 0x02, 0x09, 0x0D, 0x0D, 0x0D,
    0x0B, 0x0C, 0x05, 0x05, 0x0E, 0x0F, 0x0D, 0x0D, 0x0D, 0x0F, 0x0D, 0x02, 0x04, 0x04, 0x06, 0x06, 0x06, 0x05, 0x0B, 0x09, 0x0B, 0x0B, 0x0B, 0x01,
    0x06, 0x01, 0x03, 0x0B, 0x09, 0x03, 0x03, 0x04, 0x06, 0x01, 0x0B, 0x0B, 0x0B, 0x0C, 0x09, 0x09, 0x09, 0x09, 0x09, 0x0B, 0x0B, 0x09, 0x09, 0x0C,
    0x0C, 0x0B, 0x09, 0x09, 0x0B, 0x0D, 0x0D, 0x0D, 0x0D, 0x0F, 0x0D, 0x0E, 0x0E, 0x0C, 0x0B, 0x0D, 0x0D, 0x0B, 0x09, 0x09, 0x0C, 0x0E, 0x0F, 0x0F,
    0x0E, 0x0C, 0x0C, 0x0B, 0x01, 0x01, 0x02, 0x06, 0x06, 0x06, 0x06, 0x03, 0x0C, 0x0C, 0x0B, 0x0C, 0x0B, 0x09, 0x0B, 0x0B, 0x0B, 0x09, 0x05, 0x0B,
    0x0B, 0x0B, 0x0D, 0x0D, 0x09, 0x05, 0x0B, 0x0B, 0x0C, 0x0D, 0x0B, 0x0C, 0x0C, 0x0B, 0x0B, 0x09, 0x0B, 0x0B, 0x0B, 0x03, 0x05, 0x0B, 0x0B, 0x0B,
    0x0B, 0x0B, 0x05, 0x05, 0x09, 0x03, 0x02, 0x05, 0x0E, 0x0D, 0x0B, 0x09, 0x09, 0x09, 0x09, 0x0C, 0x0C, 0x0E, 0x0C, 0x0C, 0x0B, 0x0C, 0x0D, 0x0E,
    0x0E, 0x0C, 0x0C, 0x02, 0x04, 0x0B, 0x0D, 0x09, 0x09, 0x05, 0x0B, 0x0C, 0x0B, 0x0B, 0x0B, 0x0B, 0x09, 0x09, 0x09, 0x0B, 0x0B, 0x09, 0x03, 0x05,
    0x0C, 0x0C, 0x0C, 0x03, 0x0B, 0x05, 0x05, 0x05, 0x09, 0x0B, 0x0C, 0x0B, 0x0B, 0x0B, 0x0B, 0x09, 0x05, 0x05, 0x01, 0x06, 0x01, 0x02, 0x02, 0x03,
    0x05, 0x05, 0x0B, 0x05, 0x05, 0x09, 0x03, 0x03, 0x0D, 0x0C, 0x0C, 0x0C, 0x0B, 0x0C, 0x0A, 0x0F, 0x0C, 0x09, 0x09, 0x04, 0x02, 0x05, 0x0A, 0x0E,
    0x0D, 0x0D, 0x0D, 0x0B, 0x09, 0x05, 0x09, 0x0C, 0x0C, 0x0C, 0x0B, 0x05, 0x01, 0x04, 0x01, 0x03, 0x05, 0x09, 0x05, 0x02, 0x03, 0x0C, 0x0B, 0x0B,
    0x03, 0x05, 0x0C, 0x0C, 0x0C, 0x0D, 0x0D, 0x05, 0x05, 0x0D, 0x0D, 0x0B, 0x0D, 0x0C, 0x0D, 0x0C, 0x0D, 0x0A, 0x0A, 0x0D, 0x0C, 0x0D, 0x0C, 0x0B,
    0x0B, 0x0C, 0x0C, 0x0B, 0x0D, 0x0C, 0x0B, 0x0C, 0x0B, 0x01, 0x05, 0x0C, 0x0C, 0x0D, 0x0E, 0x0B, 0x0B, 0x0B, 0x0C, 0x0D, 0x0C, 0x05, 0x05, 0x0B,
    0x0C, 0x0B, 0x09, 0x09, 0x0C, 0x0D, 0x0B, 0x0C, 0x0F, 0x0C, 0x0D, 0x0E, 0x0C, 0x0C, 0x0B, 0x0C, 0x0C, 0x0B, 0x0C, 0x0B, 0x0C, 0x0B, 0x05, 0x03,
    0x0D, 0x0C, 0x0B, 0x09, 0x0B, 0x0B, 0x0B, 0x09, 0x0B, 0x03, 0x03, 0x09, 0x0C, 0x05, 0x09, 0x0B, 0x09, 0x05, 0x01, 0x09, 0x0D, 0x0C, 0x0B, 0x0B,
    0x0C, 0x0C, 0x0D, 0x0D, 0x0C, 0x09, 0x05, 0x05, 0x04, 0x03, 0x0C, 0x09, 0x05, 0x03, 0x03, 0x03, 0x05, 0x0C, 0x0B, 0x0B, 0x09, 0x05, 0x05, 0x05,
    0x09, 0x0B, 0x0B, 0x0B, 0x0B, 0x09, 0x0B, 0x0B, 0x05, 0x05, 0x09, 0x0D, 0x0C, 0x0B, 0x0B, 0x0B, 0x0B, 0x0B, 0x09, 0x0B, 0x0C, 0x0C, 0x0C, 0x02,
    0x04, 0x05, 0x05, 0x05, 0x05, 0x02, 0x09, 0x0B, 0x05, 0x05, 0x09, 0x0B, 0x05, 0x02, 0x09, 0x09, 0x05, 0x09, 0x0E, 0x0F, 0x0F, 0x0A, 0x10, 0x10,
    0x0D, 0x0E, 0x0E, 0x0E, 0x0F, 0x0D, 0x0B, 0x0B, 0x0C, 0x0C, 0x0C, 0x0B, 0x03, 0x03, 0x09, 0x0C, 0x0D, 0x09, 0x05, 0x03, 0x0B, 0x09, 0x03, 0x05,
    0x09, 0x05, 0x0B, 0x0B, 0x0E, 0x0D, 0x0C, 0x0C, 0x0C, 0x09, 0x09, 0x09, 0x05, 0x0B, 0x0D, 0x0C, 0x0B, 0x0D, 0x0D, 0x0D, 0x0D, 0x0D, 0x0C, 0x0D,
    0x0C, 0x0D, 0x0D, 0x0C, 0x0C, 0x0B, 0x05, 0x0B, 0x0C, 0x0C, 0x0B, 0x0B, 0x0C, 0x03, 0x0B, 0x0E, 0x11, 0x0D, 0x0B, 0x0B, 0x0B, 0x09, 0x0B, 0x0C,
    0x0B, 0x05, 0x09, 0x0C, 0x0D, 0x0B, 0x0B, 0x0B, 0x0C, 0x0B, 0x0C, 0x0B, 0x0B, 0x0C, 0x0B, 0x0C, 0x0C, 0x0C, 0x0B, 0x0B, 0x0C, 0x0B, 0x03, 0x04,
    0x01, 0x05, 0x0C, 0x0D, 0x0D, 0x0C, 0x0C, 0x0B, 0x03, 0x05, 0x0C, 0x0C, 0x09, 0x0B, 0x0B, 0x0B, 0x05, 0x09, 0x05, 0x05, 0x0B, 0x0C, 0x0B, 0x0C,
    0x0C, 0x0B, 0x0B, 0x09, 0x0B, 0x0B, 0x0B, 0x0B, 0x0B, 0x05, 0x05, 0x03, 0x03, 0x03, 0x03, 0x0B, 0x05, 0x03, 0x03, 0x09, 0x05, 0x0B, 0x0B, 0x0B,
    0x09, 0x05, 0x05, 0x0B, 0x0B, 0x09, 0x0B, 0x0B, 0x09, 0x02, 0x03, 0x09, 0x05, 0x05, 0x0B, 0x0C, 0x0B, 0x09, 0x05, 0x0B, 0x0C, 0x0B, 0x0B, 0x09,
    0x05, 0x05, 0x03, 0x03, 0x0B, 0x0E, 0x0C, 0x0C, 0x05, 0x03, 0x09, 0x0B, 0x05, 0x03, 0x03, 0x03, 0x0D, 0x0C, 0x0D, 0x0D, 0x0D, 0x0D, 0x0D, 0x0C,
    0x0C, 0x0B, 0x0A, 0x0F, 0x10, 0x0A, 0x0F, 0x0D, 0x0A, 0x0E, 0x0B, 0x0B, 0x09, 0x0B, 0x0D, 0x0C, 0x05, 0x01, 0x03, 0x0B, 0x0B, 0x09, 0x0B, 0x0C,
    0x0B, 0x0C, 0x0C, 0x0B, 0x0D, 0x09, 0x09, 0x05, 0x0C, 0x0E, 0x0D, 0x0B, 0x0B, 0x0C, 0x0C, 0x0E, 0x0B, 0x09, 0x0B, 0x0C, 0x0D, 0x0C, 0x0C, 0x0C,
    0x0C, 0x0C, 0x05, 0x0B, 0x0D, 0x0D, 0x0E, 0x0E, 0x0E, 0x0E, 0x0E, 0x0F, 0x0C, 0x09, 0x0C, 0x0C, 0x0B, 0x0D, 0x09, 0x0B, 0x0B, 0x0B, 0x0C, 0x0C,
    0x0B, 0x09, 0x0C, 0x0B, 0x0B, 0x09, 0x05, 0x05, 0x05, 0x09, 0x09, 0x0C, 0x0D, 0x0B, 0x05, 0x05, 0x0C, 0x0B, 0x09, 0x0B, 0x0B, 0x0B, 0x0B, 0x0C,
    0x0C, 0x0B, 0x0D, 0x09, 0x01, 0x04, 0x0E, 0x0F, 0x0E, 0x0C, 0x03, 0x03, 0x03, 0x09, 0x09, 0x05, 0x03, 0x05, 0x09, 0x05, 0x03, 0x03, 0x05, 0x0B,
    0x09, 0x0B, 0x0B, 0x09, 0x09, 0x09, 0x09, 0x0B, 0x0B, 0x0B, 0x0B, 0x0B, 0x09, 0x03, 0x01, 0x03, 0x09, 0x0C, 0x0B, 0x03, 0x03, 0x09, 0x0B, 0x05,
    0x05, 0x03, 0x05, 0x0B, 0x09, 0x05, 0x0B, 0x0C, 0x0D, 0x0B, 0x05, 0x0B, 0x0B, 0x0B, 0x0B, 0x0B, 0x0C, 0x0C, 0x09, 0x09, 0x05, 0x09, 0x0B, 0x0B,
    0x0B, 0x0B, 0x0C, 0x05, 0x05, 0x05, 0x05, 0x0C, 0x05, 0x09, 0x05, 0x0C, 0x0D, 0x0C, 0x05, 0x09, 0x03, 0x03, 0x01, 0x01, 0x0A, 0x0F, 0x0D, 0x0D,
    0x0E, 0x0D, 0x0D, 0x0E, 0x11, 0x0E, 0x05, 0x09, 0x0F, 0x0A, 0x0F, 0x0F, 0x0D, 0x0D, 0x0C, 0x0C, 0x09, 0x05, 0x0C, 0x0A, 0x0A, 0x11, 0x0F, 0x0E,
    0x0B, 0x09, 0x05, 0x05, 0x03, 0x09, 0x0F, 0x0F, 0x0C, 0x03, 0x01, 0x09, 0x0B, 0x0B, 0x09, 0x0B, 0x0B, 0x0C, 0x0C, 0x0D, 0x0F, 0x0D, 0x09, 0x05,
    0x05, 0x0B, 0x0D, 0x0B, 0x0C, 0x0C, 0x0B, 0x0D, 0x0D, 0x0D, 0x0E, 0x0D, 0x0C, 0x0C, 0x0D, 0x0C, 0x0C, 0x0B, 0x05, 0x0B, 0x05, 0x0B, 0x0B, 0x03,
    0x0B, 0x0B, 0x09, 0x09, 0x05, 0x0B, 0x0B, 0x02, 0x02, 0x0C, 0x0D, 0x0B, 0x0B, 0x05, 0x0C, 0x03, 0x05, 0x0B, 0x05, 0x02, 0x03, 0x09, 0x05, 0x03,
    0x09, 0x0C, 0x0C, 0x0B, 0x0B, 0x0B, 0x0C, 0x0D, 0x0B, 0x0B, 0x0D, 0x0C, 0x0C, 0x0B, 0x05, 0x0B, 0x0C, 0x05, 0x05, 0x0B, 0x0C, 0x05, 0x03, 0x03,
    0x02, 0x01, 0x09, 0x09, 0x09, 0x05, 0x09, 0x05, 0x0B, 0x0B, 0x09, 0x09, 0x09, 0x09, 0x0B, 0x0B, 0x05, 0x03, 0x02, 0x02, 0x05, 0x09, 0x0B, 0x05,
    0x05, 0x0B, 0x0D, 0x0D, 0x0B, 0x0B, 0x05, 0x03, 0x0B, 0x0C, 0x0C, 0x0B, 0x09, 0x0B, 0x09, 0x09, 0x0D, 0x09, 0x03, 0x03, 0x09, 0x0C, 0x0D, 0x0C,
    0x0B, 0x0B, 0x0C, 0x0B, 0x0B, 0x0B, 0x05, 0x05, 0x0B, 0x03, 0x03, 0x03, 0x03, 0x02, 0x03, 0x05, 0x0B, 0x0B, 0x05, 0x02, 0x05, 0x03, 0x03, 0x03,
    0x11, 0x0F, 0x0D, 0x0F, 0x0F, 0x0E, 0x0D, 0x0D, 0x0C, 0x0B, 0x05, 0x05, 0x0D, 0x11, 0x0D, 0x0D, 0x0C, 0x0D, 0x0C, 0x0B, 0x0B, 0x05, 0x0B, 0x0C,
    0x0D, 0x0E, 0x0D, 0x0D, 0x0C, 0x0D, 0x0D, 0x03, 0x09, 0x0C, 0x0E, 0x0A, 0x0D, 0x05, 0x03, 0x05, 0x05, 0x09, 0x0B, 0x09, 0x05, 0x0B, 0x0C, 0x0D,
    0x0C, 0x0B, 0x0B, 0x0B, 0x0B, 0x09, 0x0C, 0x0B, 0x0B, 0x0C, 0x0D, 0x0E, 0x0D, 0x0C, 0x09, 0x05, 0x09, 0x0C, 0x0B, 0x03, 0x0C, 0x0E, 0x0D, 0x0B,
    0x09, 0x09, 0x0C, 0x0C, 0x0C, 0x09, 0x09, 0x0B, 0x0E, 0x0D, 0x03, 0x03, 0x05, 0x0E, 0x0E, 0x0C, 0x09, 0x0D, 0x0F, 0x09, 0x0C, 0x0C, 0x0B, 0x0B,
    0x0D, 0x0C, 0x02, 0x02, 0x0B, 0x0B, 0x05, 0x09, 0x0B, 0x09, 0x09, 0x0B, 0x09, 0x0D, 0x0E, 0x0C, 0x0B, 0x0C, 0x09, 0x09, 0x0B, 0x0B, 0x05, 0x0B,
    0x09, 0x09, 0x03, 0x01, 0x09, 0x05, 0x01, 0x02, 0x05, 0x03, 0x01, 0x05, 0x09, 0x05, 0x09, 0x05, 0x03, 0x05, 0x05, 0x09, 0x09, 0x05, 0x03, 0x01,
    0x02, 0x02, 0x0B, 0x09, 0x09, 0x0B, 0x09, 0x09, 0x05, 0x05, 0x0D, 0x0C, 0x0C, 0x0B, 0x09, 0x09, 0x09, 0x09, 0x05, 0x05, 0x0B, 0x0B, 0x05, 0x0B,
    0x0B, 0x09, 0x0B, 0x05, 0x05, 0x0B, 0x0B, 0x05, 0x05, 0x05, 0x03, 0x03, 0x03, 0x01, 0x02, 0x01, 0x03, 0x05, 0x05, 0x09, 0x09, 0x05, 0x03, 0x03,
    0x03, 0x05, 0x05, 0x03, 0x0A, 0x0F, 0x0D, 0x0D, 0x0D, 0x0F, 0x11, 0x0A, 0x0A, 0x0F, 0x09, 0x0A, 0x10, 0x0A, 0x0D, 0x0D, 0x0C, 0x05, 0x03, 0x01,
    0x03, 0x01, 0x01, 0x05, 0x0D, 0x0B, 0x05, 0x05, 0x0D, 0x0C, 0x0B, 0x03, 0x09, 0x0B, 0x0C, 0x0B, 0x09, 0x0C, 0x0C, 0x0C, 0x0C, 0x0D, 0x0C, 0x0B,
    0x0B, 0x05, 0x05, 0x0B, 0x0D, 0x0D, 0x0D, 0x0C, 0x0B, 0x02, 0x0B, 0x0B, 0x09, 0x0C, 0x0C, 0x0C, 0x09, 0x09, 0x0B, 0x0B, 0x0C, 0x09, 0x0D, 0x0B,
    0x05, 0x05, 0x0B, 0x0C, 0x05, 0x05, 0x09, 0x05, 0x09, 0x05, 0x0B, 0x0B, 0x0C, 0x09, 0x0B, 0x0B, 0x0D, 0x0D, 0x0B, 0x0B, 0x0C, 0x0C, 0x0D, 0x0D,
    0x05, 0x0B, 0x05, 0x0D, 0x0B, 0x0B, 0x0B, 0x0D, 0x0D, 0x0B, 0x02, 0x01, 0x09, 0x0C, 0x0B, 0x03, 0x0D, 0x03, 0x0D, 0x0C, 0x0B, 0x0B, 0x0B, 0x09,
    0x09, 0x0B, 0x0C, 0x0B, 0x09, 0x0B, 0x0B, 0x09, 0x09, 0x05, 0x0D, 0x0C, 0x03, 0x09, 0x0B, 0x05, 0x0B, 0x09, 0x09, 0x05, 0x03, 0x05, 0x09, 0x09,
    0x09, 0x05, 0x03, 0x01, 0x02, 0x04, 0x01, 0x09, 0x03, 0x03, 0x05, 0x0B, 0x05, 0x0C, 0x0C, 0x0B, 0x09, 0x09, 0x05, 0x09, 0x05, 0x09, 0x05, 0x05,
    0x03, 0x05, 0x09, 0x05, 0x02, 0x0B, 0x0B, 0x05, 0x05, 0x03, 0x02, 0x03, 0x03, 0x03, 0x01, 0x03, 0x03, 0x03, 0x05, 0x03, 0x03, 0x09, 0x0B, 0x05,
    0x03, 0x03, 0x03, 0x03, 0x05, 0x03, 0x02, 0x03, 0x09, 0x0D, 0x0E, 0x0F, 0x0A, 0x11, 0x0A, 0x0F, 0x0F, 0x0F, 0x12, 0x0D, 0x0F, 0x0E, 0x0E, 0x0D,
    0x0D, 0x05, 0x05, 0x02, 0x03, 0x03, 0x05, 0x0C, 0x09, 0x0B, 0x05, 0x01, 0x05, 0x05, 0x02, 0x01, 0x09, 0x0E, 0x0E, 0x0C, 0x0D, 0x0C, 0x0C, 0x0B,
    0x05, 0x09, 0x0B, 0x0C, 0x0E, 0x0E, 0x0D, 0x0E, 0x0D, 0x0B, 0x05, 0x0B, 0x0B, 0x05, 0x09, 0x0C, 0x0F, 0x0D, 0x0C, 0x0B, 0x0C, 0x0E, 0x0D, 0x0D,
    0x0F, 0x0D, 0x0D, 0x0E, 0x0C, 0x0C, 0x0D, 0x0B, 0x09, 0x02, 0x05, 0x09, 0x05, 0x03, 0x0B, 0x0B, 0x0C, 0x0D, 0x0D, 0x0D, 0x0B, 0x05, 0x02, 0x09,
    0x09, 0x09, 0x09, 0x05, 0x03, 0x03, 0x05, 0x02, 0x05, 0x09, 0x09, 0x0B, 0x0B, 0x0C, 0x0D, 0x05, 0x05, 0x0B, 0x0D, 0x0D, 0x0D, 0x0F, 0x0D, 0x0B,
    0x03, 0x0B, 0x0B, 0x0B, 0x0B, 0x09, 0x0B, 0x0C, 0x05, 0x05, 0x0B, 0x0B, 0x0B, 0x09, 0x0B, 0x09, 0x0B, 0x0B, 0x0B, 0x05, 0x0B, 0x09, 0x05, 0x09,
    0x09, 0x0B, 0x0B, 0x09, 0x0B, 0x09, 0x02, 0x01, 0x03, 0x05, 0x09, 0x09, 0x09, 0x05, 0x05, 0x05, 0x05, 0x05, 0x05, 0x09, 0x05, 0x09, 0x0C, 0x0B,
    0x09, 0x03, 0x03, 0x03, 0x05, 0x03, 0x05, 0x05, 0x05, 0x05, 0x0B, 0x09, 0x09, 0x05, 0x05, 0x02, 0x03, 0x05, 0x05, 0x05, 0x05, 0x03, 0x03, 0x05,
    0x09, 0x0B, 0x09, 0x03, 0x01, 0x01, 0x01, 0x03, 0x02, 0x03, 0x05, 0x05, 0x0C, 0x11, 0x0A, 0x0F, 0x0E, 0x0F, 0x0F, 0x0F, 0x0D, 0x0D, 0x0F, 0x0D,
    0x0C, 0x0D, 0x0D, 0x0D, 0x0C, 0x0C, 0x0D, 0x0A, 0x0A, 0x11, 0x13, 0x0E, 0x0D, 0x0C, 0x0D, 0x0D, 0x0C, 0x0F, 0x09, 0x0B, 0x05, 0x0C, 0x0E, 0x0D,
    0x0C, 0x0C, 0x0C, 0x0C, 0x0B, 0x0B, 0x0B, 0x0B, 0x0C, 0x0D, 0x0E, 0x0D, 0x0C, 0x0B, 0x0B, 0x0C, 0x09, 0x09, 0x03, 0x03, 0x09, 0x0B, 0x0B, 0x05,
    0x0C, 0x0D, 0x0D, 0x0C, 0x0B, 0x0C, 0x0C, 0x0C, 0x0D, 0x0C, 0x09, 0x0D, 0x0B, 0x05, 0x09, 0x09, 0x03, 0x09, 0x05, 0x05, 0x0B, 0x0D, 0x0C, 0x0B,
    0x0C, 0x0B, 0x03, 0x0C, 0x03, 0x03, 0x02, 0x03, 0x0B, 0x0B, 0x0B, 0x0D, 0x05, 0x09, 0x09, 0x05, 0x09, 0x0C, 0x0B, 0x0C, 0x0B, 0x05, 0x0C, 0x0C,
    0x0D, 0x09, 0x0D, 0x0C, 0x0C, 0x09, 0x09, 0x09, 0x0B, 0x0B, 0x0C, 0x0C, 0x0C, 0x03, 0x03, 0x05, 0x05, 0x05, 0x05, 0x02, 0x03, 0x03, 0x03, 0x05,
    0x05, 0x0B, 0x09, 0x09, 0x0B, 0x09, 0x03, 0x03, 0x05, 0x05, 0x0B, 0x09, 0x0B, 0x0E, 0x05, 0x05, 0x05, 0x04, 0x03, 0x03, 0x05, 0x03, 0x05, 0x0B,
    0x09, 0x0B, 0x0B, 0x05, 0x03, 0x01, 0x02, 0x03, 0x05, 0x05, 0x05, 0x09, 0x0D, 0x0C, 0x05, 0x05, 0x05, 0x05, 0x03, 0x02, 0x02, 0x05, 0x03, 0x05,
    0x05, 0x05, 0x05, 0x09, 0x09, 0x0B, 0x05, 0x05, 0x05, 0x05, 0x05, 0x03, 0x05, 0x03, 0x05, 0x09, 0x12, 0x0A, 0x0F, 0x0F, 0x0D, 0x0F, 0x0A, 0x0F,
    0x0D, 0x0E, 0x0D, 0x0D, 0x0D, 0x0C, 0x0C, 0x0C, 0x0C, 0x09, 0x0B, 0x0C, 0x0E, 0x0E, 0x11, 0x0C, 0x09, 0x0C, 0x0E, 0x0F, 0x0D, 0x0E, 0x11, 0x0F,
    0x0F, 0x0B, 0x0C, 0x0C, 0x0C, 0x0D, 0x0D, 0x0B, 0x0B, 0x0B, 0x0B, 0x0B, 0x0C, 0x05, 0x05, 0x0D, 0x0D, 0x09, 0x09, 0x0C, 0x09, 0x09, 0x05, 0x03,
    0x03, 0x03, 0x05, 0x03, 0x01, 0x02, 0x0C, 0x05, 0x05, 0x09, 0x0B, 0x0B, 0x0B, 0x0B, 0x09, 0x01, 0x09, 0x09, 0x05, 0x05, 0x03, 0x05, 0x01, 0x0B,
    0x0B, 0x09, 0x05, 0x05, 0x0C, 0x0C, 0x0B, 0x03, 0x0B, 0x03, 0x01, 0x05, 0x0B, 0x0B, 0x0D, 0x0C, 0x05, 0x05, 0x03, 0x05, 0x05, 0x05, 0x0C, 0x0B,
    0x0D, 0x0C, 0x0C, 0x0C, 0x0D, 0x0E, 0x0C, 0x0C, 0x0D, 0x0C, 0x05, 0x03, 0x03, 0x03, 0x0B, 0x0D, 0x0C, 0x03, 0x02, 0x03, 0x05, 0x0B, 0x0B, 0x0B,
    0x01, 0x02, 0x06, 0x03, 0x09, 0x05, 0x0B, 0x0B, 0x05, 0x05, 0x01, 0x03, 0x03, 0x05, 0x0B, 0x0B, 0x0B, 0x0B, 0x0B, 0x09, 0x05, 0x03, 0x06, 0x01,
    0x01, 0x03, 0x01, 0x05, 0x03, 0x01, 0x03, 0x05, 0x05, 0x01, 0x01, 0x03, 0x03, 0x05, 0x05, 0x05, 0x0C, 0x0B, 0x05, 0x03, 0x05, 0x05, 0x05, 0x09,
    0x05, 0x05, 0x05, 0x05, 0x09, 0x05, 0x05, 0x05, 0x05, 0x05, 0x0B, 0x05, 0x09, 0x05, 0x05, 0x05, 0x05, 0x05, 0x09, 0x09, 0x0A, 0x0E, 0x0F, 0x0E,
    0x0D, 0x0C, 0x0D, 0x0D, 0x0E, 0x0D, 0x0D, 0x0E, 0x0D, 0x0C, 0x0C, 0x0D, 0x0B, 0x05, 0x02, 0x03, 0x05, 0x0E, 0x0D, 0x05, 0x03, 0x05, 0x05, 0x0B,
    0x0C, 0x0B, 0x0B, 0x0D, 0x0D, 0x0B, 0x05, 0x0B, 0x0C, 0x0C, 0x0C, 0x0B, 0x0B, 0x09, 0x09, 0x09, 0x0B, 0x0D, 0x0F, 0x0D, 0x0C, 0x0B, 0x0B, 0x0C,
    0x05, 0x02, 0x03, 0x05, 0x03, 0x05, 0x05, 0x0B, 0x05, 0x02, 0x02, 0x05, 0x09, 0x05, 0x0B, 0x0B, 0x0B, 0x09, 0x05, 0x09, 0x05, 0x0B, 0x09, 0x05,
    0x0B, 0x05, 0x0B, 0x0D, 0x0D, 0x0C, 0x09, 0x05, 0x0B, 0x0C, 0x0D, 0x09, 0x05, 0x09, 0x0B, 0x03, 0x09, 0x0B, 0x0C, 0x0C, 0x0B, 0x03, 0x05, 0x09,
    0x05, 0x09, 0x0B, 0x0C, 0x0D, 0x0E, 0x0B, 0x0C, 0x0D, 0x0D, 0x0B, 0x0B, 0x0B, 0x0C, 0x0E, 0x0A, 0x0F, 0x0D, 0x03, 0x03, 0x05, 0x0B, 0x0B, 0x0B,
    0x0B, 0x0B, 0x0D, 0x0D, 0x0F, 0x0D, 0x0C, 0x0B, 0x0B, 0x09, 0x05, 0x09, 0x05, 0x03, 0x03, 0x02, 0x03, 0x05, 0x09, 0x0B, 0x05, 0x03, 0x05, 0x0B,
    0x0E, 0x05, 0x01, 0x01, 0x01, 0x01, 0x01, 0x03, 0x05, 0x03, 0x03, 0x05, 0x05, 0x05, 0x05, 0x09, 0x05, 0x05, 0x05, 0x05, 0x03, 0x03, 0x03, 0x05,
    0x03, 0x05, 0x09, 0x0B, 0x09, 0x05, 0x09, 0x09, 0x0B, 0x05, 0x05, 0x03, 0x02, 0x0B, 0x09, 0x0B, 0x09, 0x0B, 0x09, 0x05, 0x05, 0x05, 0x05, 0x05,
    0x0E, 0x0C, 0x05, 0x05, 0x0B, 0x0B, 0x0C, 0x0E, 0x0D, 0x0E, 0x0D, 0x0D, 0x0C, 0x0D, 0x0D, 0x0C, 0x0B, 0x0C, 0x0B, 0x0B, 0x0D, 0x0C, 0x0E, 0x0C,
    0x03, 0x04, 0x03, 0x05, 0x0D, 0x0B, 0x0B, 0x05, 0x03, 0x0C, 0x09, 0x01, 0x0C, 0x0B, 0x0B, 0x0C, 0x0B, 0x09, 0x09, 0x0C, 0x0D, 0x0C, 0x0D, 0x0D,
    0x0B, 0x0C, 0x0C, 0x0B, 0x09, 0x05, 0x05, 0x04, 0x03, 0x05, 0x09, 0x0C, 0x0C, 0x05, 0x02, 0x05, 0x05, 0x09, 0x05, 0x05, 0x05, 0x05, 0x05, 0x09,
    0x05, 0x09, 0x05, 0x0B, 0x09, 0x0B, 0x0B, 0x0C, 0x0C, 0x0C, 0x0D, 0x0B, 0x05, 0x0B, 0x0E, 0x0D, 0x0C, 0x0B, 0x05, 0x03, 0x03, 0x09, 0x09, 0x09,
    0x09, 0x05, 0x09, 0x0B, 0x09, 0x09, 0x05, 0x03, 0x05, 0x0C, 0x0B, 0x0B, 0x0C, 0x0C, 0x0B, 0x09, 0x0B, 0x09, 0x0B, 0x0B, 0x0B, 0x0C, 0x03, 0x01,
    0x03, 0x0B, 0x0D, 0x0C, 0x0B, 0x0C, 0x0D, 0x0C, 0x0B, 0x09, 0x0C, 0x0D, 0x0B, 0x0B, 0x09, 0x09, 0x09, 0x03, 0x03, 0x02, 0x03, 0x09, 0x09, 0x09,
    0x05, 0x05, 0x0B, 0x0B, 0x09, 0x0B, 0x09, 0x05, 0x09, 0x05, 0x09, 0x05, 0x03, 0x03, 0x05, 0x05, 0x05, 0x09, 0x0B, 0x09, 0x05, 0x05, 0x05, 0x03,
    0x05, 0x05, 0x05, 0x05, 0x09, 0x09, 0x09, 0x0B, 0x0C, 0x0C, 0x0C, 0x0B, 0x09, 0x05, 0x0B, 0x0B, 0x0B, 0x0B, 0x05, 0x05, 0x09, 0x0B, 0x09, 0x03,
    0x05, 0x09, 0x09, 0x09, 0x0F, 0x0A, 0x0E, 0x0D, 0x0D, 0x0E, 0x0E, 0x0D, 0x0E, 0x0D, 0x0E, 0x0E, 0x0D, 0x0D, 0x0C, 0x0D, 0x0B, 0x0F, 0x0F, 0x0E,
    0x0C, 0x0B, 0x0C, 0x0F, 0x0F, 0x0B, 0x03, 0x0B, 0x0D, 0x0B, 0x09, 0x0B, 0x0B, 0x0D, 0x0B, 0x0C, 0x0C, 0x0C, 0x0B, 0x0C, 0x09, 0x09, 0x09, 0x0C,
    0x0C, 0x0C, 0x0B, 0x0B, 0x0D, 0x0D, 0x0B, 0x0B, 0x0C, 0x0E, 0x09, 0x05, 0x05, 0x09, 0x05, 0x09, 0x0C, 0x05, 0x03, 0x05, 0x05, 0x0B, 0x05, 0x05,
    0x05, 0x0D, 0x0D, 0x05, 0x0B, 0x03, 0x05, 0x09, 0x09, 0x05, 0x09, 0x09, 0x0B, 0x0B, 0x0B, 0x0B, 0x0B, 0x0B, 0x0C, 0x0C, 0x0C, 0x0C, 0x05, 0x01,
    0x01, 0x05, 0x05, 0x05, 0x09, 0x09, 0x0B, 0x09, 0x0B, 0x09, 0x09, 0x05, 0x02, 0x0C, 0x0B, 0x09, 0x0B, 0x09, 0x0B, 0x09, 0x0B, 0x0B, 0x09, 0x09,
    0x09, 0x09, 0x09, 0x05, 0x0C, 0x09, 0x05, 0x0B, 0x0D, 0x0D, 0x05, 0x05, 0x09, 0x05, 0x0B, 0x0B, 0x05, 0x0B, 0x09, 0x05, 0x03, 0x03, 0x02, 0x01,
    0x01, 0x02, 0x09, 0x0C, 0x0C, 0x0B, 0x0B, 0x0C, 0x0D, 0x0D, 0x0D, 0x0C, 0x0C, 0x0C, 0x0C, 0x0B, 0x05, 0x05, 0x05, 0x09, 0x05, 0x0B, 0x09, 0x03,
    0x0B, 0x09, 0x0B, 0x05, 0x05, 0x09, 0x0C, 0x0C, 0x0C, 0x0B, 0x09, 0x0C, 0x0C, 0x0B, 0x0B, 0x05, 0x05, 0x05, 0x0B, 0x0B, 0x0C, 0x0B, 0x0B, 0x0B,
    0x05, 0x05, 0x05, 0x05, 0x03, 0x03, 0x05, 0x09, 0x0E, 0x0A, 0x13, 0x12, 0x0A, 0x11, 0x0F, 0x0D, 0x0D, 0x0E, 0x0D, 0x0D, 0x0C, 0x0C, 0x0C, 0x0C,
    0x0F, 0x0F, 0x0F, 0x0E, 0x0F, 0x0F, 0x0D, 0x0D, 0x0A, 0x0A, 0x0C, 0x11, 0x0D, 0x05, 0x05, 0x0D, 0x0D, 0x0C, 0x09, 0x02, 0x09, 0x0B, 0x09, 0x0B,
    0x0C, 0x0C, 0x0C, 0x0B, 0x09, 0x0B, 0x0C, 0x0D, 0x0D, 0x0D, 0x0B, 0x0C, 0x0C, 0x0F, 0x0B, 0x05, 0x05, 0x03, 0x05, 0x09, 0x0B, 0x05, 0x05, 0x09,
    0x0B, 0x0C, 0x0B, 0x0C, 0x0D, 0x09, 0x03, 0x02, 0x01, 0x0B, 0x0B, 0x05, 0x05, 0x05, 0x09, 0x0B, 0x0B, 0x0B, 0x0B, 0x0D, 0x0D, 0x0C, 0x0C, 0x0B,
    0x0B, 0x0B, 0x0B, 0x01, 0x02, 0x01, 0x01, 0x01, 0x09, 0x09, 0x09, 0x0B, 0x09, 0x09, 0x0C, 0x0C, 0x05, 0x05, 0x0B, 0x09, 0x0B, 0x09, 0x09, 0x0B,
    0x0B, 0x0B, 0x0B, 0x0B, 0x0B, 0x0C, 0x09, 0x0C, 0x0F, 0x0D, 0x0B, 0x05, 0x05, 0x05, 0x05, 0x05, 0x09, 0x09, 0x0B, 0x09, 0x09, 0x05, 0x05, 0x05,
    0x03, 0x03, 0x03, 0x0B, 0x05, 0x03, 0x05, 0x0D, 0x0C, 0x0C, 0x0B, 0x0C, 0x0C, 0x0D, 0x0E, 0x0C, 0x0B, 0x05, 0x05, 0x05, 0x05, 0x05, 0x05, 0x0B,
    0x0B, 0x05, 0x05, 0x05, 0x0B, 0x09, 0x0B, 0x05, 0x03, 0x09, 0x0B, 0x09, 0x09, 0x09, 0x09, 0x09, 0x05, 0x05, 0x03, 0x03, 0x02, 0x02, 0x0B, 0x0C,
    0x05, 0x05, 0x09, 0x0C, 0x09, 0x02, 0x05, 0x0B, 0x09, 0x03, 0x03, 0x0B, 0x0C, 0x0D, 0x0D, 0x0D, 0x0D, 0x0E, 0x0D, 0x0E, 0x0D, 0x0D, 0x0D, 0x0D,
    0x0E, 0x0D, 0x0C, 0x0C, 0x0C, 0x0C, 0x0C, 0x0C, 0x0D, 0x0E, 0x0E, 0x0E, 0x0F, 0x10, 0x13, 0x0A, 0x0B, 0x0D, 0x0F, 0x0D, 0x0C, 0x0B, 0x0B, 0x05,
    0x02, 0x0B, 0x0C, 0x0D, 0x0C, 0x0B, 0x0B, 0x0B, 0x0B, 0x0C, 0x0C, 0x0D, 0x0D, 0x0C, 0x0B, 0x05, 0x0B, 0x0C, 0x0D, 0x0C, 0x0B, 0x03, 0x03, 0x05,
    0x0B, 0x0D, 0x0E, 0x0E, 0x0C, 0x0C, 0x0B, 0x0C, 0x0B, 0x05, 0x03, 0x03, 0x03, 0x09, 0x05, 0x01, 0x01, 0x05, 0x0B, 0x0B, 0x09, 0x05, 0x09, 0x0D,
    0x0C, 0x09, 0x0B, 0x0C, 0x0B, 0x09, 0x05, 0x0B, 0x09, 0x05, 0x03, 0x03, 0x05, 0x05, 0x05, 0x05, 0x05, 0x09, 0x0B, 0x0D, 0x0E, 0x05, 0x03, 0x03,
    0x09, 0x09, 0x0B, 0x0B, 0x0B, 0x09, 0x05, 0x05, 0x0B, 0x0B, 0x0B, 0x09, 0x0C, 0x0C, 0x0D, 0x0B, 0x03, 0x01, 0x09, 0x05, 0x0B, 0x05, 0x03, 0x05,
    0x0C, 0x09, 0x03, 0x03, 0x03, 0x03, 0x09, 0x0C, 0x0E, 0x0D, 0x09, 0x0B, 0x0B, 0x0B, 0x0B, 0x09, 0x09, 0x0B, 0x0B, 0x0C, 0x0B, 0x05, 0x05, 0x02,
    0x01, 0x03, 0x03, 0x02, 0x05, 0x0B, 0x0C, 0x0D, 0x0C, 0x0B, 0x05, 0x05, 0x09, 0x02, 0x03, 0x09, 0x0B, 0x0B, 0x0C, 0x0B, 0x0C, 0x0B, 0x0B, 0x0B,
    0x05, 0x05, 0x05, 0x0B, 0x09, 0x05, 0x09, 0x0C, 0x0B, 0x09, 0x09, 0x09, 0x09, 0x03, 0x03, 0x09, 0x0C, 0x09, 0x0B, 0x0C, 0x0D, 0x0D, 0x0D, 0x0E,
    0x0D, 0x0D, 0x0D, 0x0D, 0x0C, 0x0C, 0x0C, 0x0B, 0x03, 0x0B, 0x09, 0x0C, 0x0D, 0x0D, 0x0F, 0x0A, 0x0A, 0x0F, 0x0E, 0x0C, 0x0C, 0x0D, 0x09, 0x0C,
    0x0B, 0x0B, 0x0D, 0x0B, 0x09, 0x09, 0x09, 0x0B, 0x0B, 0x0B, 0x0B, 0x0C, 0x0E, 0x0F, 0x0F, 0x0C, 0x0D, 0x0E, 0x0F, 0x0C, 0x0B, 0x03, 0x09, 0x0C,
    0x0C, 0x09, 0x0C, 0x0D, 0x0E, 0x0F, 0x0A, 0x0A, 0x0C, 0x09, 0x05, 0x0B, 0x09, 0x05, 0x03, 0x0B, 0x0D, 0x0B, 0x02, 0x04, 0x01, 0x09, 0x0B, 0x09,
    0x09, 0x09, 0x0B, 0x09, 0x0B, 0x0C, 0x0C, 0x0B, 0x0B, 0x0B, 0x09, 0x09, 0x09, 0x05, 0x09, 0x05, 0x03, 0x03, 0x05, 0x02, 0x03, 0x03, 0x05, 0x09,
    0x0B, 0x0B, 0x02, 0x01, 0x03, 0x0C, 0x05, 0x0B, 0x09, 0x05, 0x01, 0x02, 0x05, 0x09, 0x0B, 0x05, 0x05, 0x0B, 0x09, 0x0B, 0x09, 0x03, 0x05, 0x05,
    0x0B, 0x0B, 0x09, 0x0B, 0x05, 0x05, 0x02, 0x01, 0x01, 0x03, 0x05, 0x05, 0x09, 0x0B, 0x0B, 0x0B, 0x09, 0x0B, 0x0D, 0x0D, 0x0B, 0x0B, 0x09, 0x0B,
    0x0B, 0x0B, 0x03, 0x01, 0x02, 0x01, 0x05, 0x09, 0x0B, 0x0C, 0x0E, 0x0D, 0x0D, 0x0B, 0x01, 0x02, 0x0B, 0x05, 0x02, 0x03, 0x0D, 0x0D, 0x0B, 0x09,
    0x0B, 0x0C, 0x09, 0x05, 0x03, 0x02, 0x05, 0x09, 0x0B, 0x09, 0x05, 0x05, 0x09, 0x0B, 0x0B, 0x05, 0x09, 0x05, 0x03, 0x05, 0x0D, 0x0B, 0x05, 0x0B,
    0x0C, 0x0D, 0x0D, 0x0D, 0x0D, 0x0D, 0x0C, 0x05, 0x0B, 0x0C, 0x0B, 0x0B, 0x0C, 0x0B, 0x0D, 0x0A, 0x0D, 0x0B, 0x0B, 0x0C, 0x0D, 0x0D, 0x0D, 0x0D,
    0x0E, 0x09, 0x05, 0x05, 0x05, 0x0B, 0x0C, 0x0C, 0x0B, 0x09, 0x05, 0x0B, 0x0E, 0x0D, 0x0C, 0x0C, 0x0C, 0x0C, 0x0D, 0x0E, 0x09, 0x0B, 0x0C, 0x0F,
    0x0B, 0x0B, 0x05, 0x0C, 0x0B, 0x09, 0x0C, 0x0B, 0x09, 0x05, 0x05, 0x05, 0x0C, 0x0B, 0x0B, 0x0B, 0x05, 0x05, 0x05, 0x09, 0x05, 0x09, 0x0C, 0x0B,
    0x05, 0x09, 0x09, 0x0B, 0x05, 0x09, 0x0C, 0x0D, 0x0B, 0x0C, 0x0B, 0x0B, 0x0C, 0x0B, 0x0B, 0x0B, 0x0B, 0x0B, 0x05, 0x03, 0x0B, 0x0B, 0x05, 0x05,
    0x03, 0x05, 0x05, 0x05, 0x05, 0x0B, 0x0F, 0x0D, 0x0C, 0x09, 0x05, 0x05, 0x09, 0x09, 0x02, 0x02, 0x09, 0x0B, 0x0D, 0x0B, 0x05, 0x0B, 0x0C, 0x09,
    0x0C, 0x05, 0x05, 0x03, 0x0D, 0x0D, 0x09, 0x05, 0x05, 0x05, 0x05, 0x01, 0x01, 0x02, 0x05, 0x0B, 0x09, 0x0B, 0x09, 0x09, 0x05, 0x09, 0x0C, 0x0C,
    0x09, 0x0C, 0x0B, 0x0B, 0x09, 0x0C, 0x0C, 0x05, 0x04, 0x04, 0x05, 0x0B, 0x0E, 0x09, 0x0B, 0x05, 0x09, 0x09, 0x0D, 0x05, 0x03, 0x05, 0x09, 0x05,
    0x0D, 0x0C, 0x0B, 0x05, 0x05, 0x0B, 0x09, 0x02, 0x06, 0x06, 0x01, 0x0B, 0x0D, 0x0C, 0x0B, 0x09, 0x09, 0x09, 0x05, 0x05, 0x05, 0x09, 0x0B, 0x05,
    0x0D, 0x0F, 0x09, 0x03, 0x0B, 0x0C, 0x0C, 0x05, 0x05, 0x0C, 0x05, 0x05, 0x0B, 0x09, 0x09, 0x0B, 0x0C, 0x0C, 0x0C, 0x0D, 0x0D, 0x0C, 0x0B, 0x0C,
    0x0D, 0x0D, 0x0D, 0x0F, 0x0E, 0x0E, 0x0D, 0x0B, 0x05, 0x05, 0x03, 0x0C, 0x0B, 0x0D, 0x0E, 0x09, 0x0B, 0x0B, 0x0B, 0x0C, 0x0C, 0x0E, 0x0D, 0x0B,
    0x0D, 0x0C, 0x0B, 0x0B, 0x0C, 0x09, 0x0C, 0x09, 0x0B, 0x09, 0x05, 0x0E, 0x0E, 0x0C, 0x05, 0x05, 0x0C, 0x0D, 0x0C, 0x03, 0x03, 0x03, 0x05, 0x0B,
    0x0B, 0x0B, 0x0C, 0x0D, 0x0D, 0x0B, 0x05, 0x03, 0x0D, 0x0D, 0x0C, 0x0C, 0x0C, 0x0C, 0x0B, 0x0B, 0x0B, 0x0B, 0x0B, 0x0B, 0x0B, 0x0B, 0x03, 0x05,
    0x05, 0x0B, 0x09, 0x05, 0x03, 0x03, 0x05, 0x03, 0x05, 0x0B, 0x0C, 0x0C, 0x0D, 0x0C, 0x05, 0x03, 0x03, 0x0E, 0x05, 0x0C, 0x0B, 0x03, 0x05, 0x05,
    0x09, 0x01, 0x03, 0x0B, 0x09, 0x09, 0x05, 0x05, 0x09, 0x05, 0x02, 0x05, 0x09, 0x0D, 0x05, 0x02, 0x02, 0x03, 0x05, 0x09, 0x09, 0x0B, 0x09, 0x09,
    0x0C, 0x0D, 0x0B, 0x0D, 0x0C, 0x0B, 0x09, 0x03, 0x03, 0x05, 0x02, 0x09, 0x0D, 0x05, 0x03, 0x0C, 0x0F, 0x0C, 0x09, 0x0B, 0x0E, 0x05, 0x0B, 0x0D,
    0x0B, 0x05, 0x03, 0x05, 0x0C, 0x0C, 0x09, 0x05, 0x05, 0x09, 0x0C, 0x05, 0x03, 0x03, 0x05, 0x02, 0x0D, 0x0B, 0x09, 0x09, 0x0B, 0x0B, 0x09, 0x05,
    0x03, 0x02, 0x02, 0x02, 0x0D, 0x10, 0x13, 0x0E, 0x03, 0x09, 0x0B, 0x05, 0x05, 0x05, 0x0B, 0x0D, 0x09, 0x0B, 0x0B, 0x09, 0x0C, 0x09, 0x01, 0x02,
    0x09, 0x0B, 0x05, 0x03, 0x05, 0x0B, 0x0C, 0x0C, 0x0D, 0x0D, 0x0C, 0x05, 0x0E, 0x0D, 0x0D, 0x0E, 0x0F, 0x0C, 0x0B, 0x09, 0x03, 0x03, 0x05, 0x0B,
    0x0B, 0x0B, 0x0B, 0x09, 0x09, 0x09, 0x0B, 0x0C, 0x05, 0x02, 0x01, 0x05, 0x03, 0x03, 0x0C, 0x0C, 0x0C, 0x0B, 0x05, 0x05, 0x05, 0x05, 0x05, 0x05,
    0x04, 0x01, 0x03, 0x09, 0x05, 0x0B, 0x09, 0x0C, 0x09, 0x05, 0x02, 0x03, 0x09, 0x0C, 0x0D, 0x0B, 0x0B, 0x0B, 0x0C, 0x0B, 0x0B, 0x0B, 0x0B, 0x0B,
    0x0B, 0x09, 0x05, 0x05, 0x09, 0x05, 0x05, 0x03, 0x05, 0x05, 0x05, 0x05, 0x03, 0x05, 0x05, 0x03, 0x05, 0x0B, 0x05, 0x03, 0x01, 0x05, 0x05, 0x09,
    0x0B, 0x09, 0x09, 0x0B, 0x05, 0x03, 0x02, 0x02, 0x05, 0x0B, 0x05, 0x09, 0x09, 0x09, 0x09, 0x0C, 0x09, 0x05, 0x09, 0x09, 0x03, 0x02, 0x03, 0x09,
    0x0B, 0x0B, 0x0B, 0x0C, 0x0B, 0x05, 0x09, 0x09, 0x09, 0x09, 0x0B, 0x0B, 0x09, 0x05, 0x05, 0x05, 0x0B, 0x05, 0x02, 0x09, 0x0D, 0x0B, 0x09, 0x09,
    0x05, 0x05, 0x0D, 0x0D, 0x0C, 0x0B, 0x02, 0x09, 0x0E, 0x0C, 0x09, 0x09, 0x05, 0x09, 0x0B, 0x0D, 0x09, 0x0C, 0x0D, 0x0D, 0x0D, 0x09, 0x05, 0x09,
    0x0B, 0x0B, 0x0B, 0x05, 0x01, 0x04, 0x01, 0x03, 0x0D, 0x0D, 0x0A, 0x10, 0x0A, 0x0C, 0x0D, 0x0D, 0x11, 0x0F, 0x0C, 0x0C, 0x0B, 0x0E, 0x0D, 0x0D,
    0x0D, 0x0D, 0x09, 0x05, 0x03, 0x0E, 0x0C, 0x0B, 0x09, 0x0B, 0x0B, 0x0B, 0x0C, 0x0C, 0x0D, 0x0F, 0x0D, 0x0C, 0x0D, 0x0D, 0x09, 0x0B, 0x05, 0x05,
    0x0C, 0x09, 0x05, 0x0B, 0x0B, 0x09, 0x0B, 0x0B, 0x0B, 0x0B, 0x0B, 0x09, 0x05, 0x0B, 0x0C, 0x0D, 0x0D, 0x0E, 0x0F, 0x0D, 0x09, 0x03, 0x05, 0x05,
    0x05, 0x0B, 0x05, 0x05, 0x03, 0x05, 0x0B, 0x03, 0x05, 0x0B, 0x0B, 0x09, 0x0B, 0x0B, 0x09, 0x0B, 0x0C, 0x0B, 0x09, 0x09, 0x0B, 0x09, 0x09, 0x0B,
    0x0B, 0x09, 0x0B, 0x0B, 0x0B, 0x0B, 0x09, 0x0B, 0x09, 0x09, 0x09, 0x09, 0x05, 0x05, 0x03, 0x02, 0x04, 0x04, 0x01, 0x03, 0x05, 0x05, 0x02, 0x02,
    0x02, 0x05, 0x03, 0x05, 0x05, 0x05, 0x0B, 0x0C, 0x05, 0x09, 0x03, 0x02, 0x05, 0x0B, 0x0B, 0x0D, 0x0C, 0x0D, 0x0C, 0x03, 0x03, 0x05, 0x05, 0x03,
    0x03, 0x02, 0x09, 0x0C, 0x0B, 0x09, 0x0B, 0x0B, 0x09, 0x09, 0x03, 0x05, 0x0B, 0x0B, 0x09, 0x05, 0x03, 0x05, 0x05, 0x05, 0x05, 0x09, 0x05, 0x09,
    0x0C, 0x0C, 0x0B, 0x0B, 0x0B, 0x09, 0x09, 0x05, 0x0B, 0x0C, 0x0D, 0x0E, 0x0C, 0x0B, 0x09, 0x05, 0x05, 0x05, 0x03, 0x03, 0x09, 0x09, 0x0D, 0x0E,
    0x09, 0x09, 0x05, 0x0B, 0x09, 0x09, 0x05, 0x0B, 0x05, 0x01, 0x02, 0x03, 0x0B, 0x0D, 0x0E, 0x11, 0x10, 0x0F, 0x0E, 0x11, 0x10, 0x11, 0x0E, 0x0E,
    0x0A, 0x0F, 0x10, 0x0F, 0x0E, 0x0A, 0x0F, 0x0C, 0x05, 0x0C, 0x0C, 0x0F, 0x0F, 0x0D, 0x0B, 0x0C, 0x0B, 0x0C, 0x0D, 0x0F, 0x0C, 0x0E, 0x0D, 0x0C,
    0x0C, 0x0B, 0x09, 0x05, 0x0B, 0x0C, 0x0B, 0x03, 0x03, 0x05, 0x09, 0x09, 0x0B, 0x09, 0x0B, 0x09, 0x0C, 0x0D, 0x0A, 0x11, 0x0A, 0x10, 0x0E, 0x0C,
    0x0C, 0x0C, 0x0C, 0x0D, 0x0B, 0x05, 0x05, 0x05, 0x09, 0x05, 0x01, 0x05, 0x05, 0x03, 0x09, 0x03, 0x03, 0x03, 0x09, 0x0E, 0x0D, 0x09, 0x05, 0x05,
    0x03, 0x05, 0x05, 0x03, 0x09, 0x0B, 0x0B, 0x0B, 0x0B, 0x0B, 0x03, 0x05, 0x0B, 0x0B, 0x05, 0x0B, 0x05, 0x03, 0x03, 0x01, 0x03, 0x02, 0x03, 0x09,
    0x0B, 0x09, 0x0B, 0x0B, 0x05, 0x05, 0x05, 0x03, 0x03, 0x05, 0x05, 0x09, 0x05, 0x05, 0x05, 0x05, 0x03, 0x03, 0x03, 0x0B, 0x0D, 0x09, 0x05, 0x03,
    0x04, 0x06, 0x04, 0x02, 0x09, 0x0B, 0x09, 0x09, 0x0B, 0x09, 0x09, 0x05, 0x09, 0x05, 0x05, 0x09, 0x0B, 0x09, 0x02, 0x01, 0x05, 0x09, 0x05, 0x05,
    0x09, 0x09, 0x0C, 0x0D, 0x0B, 0x09, 0x05, 0x05, 0x05, 0x05, 0x05, 0x05, 0x0B, 0x09, 0x0D, 0x0D, 0x0B, 0x09, 0x09, 0x05, 0x02, 0x06, 0x01, 0x0B,
    0x0B, 0x0B, 0x0C, 0x09, 0x09, 0x05, 0x05, 0x05, 0x05, 0x05, 0x09, 0x09, 0x09, 0x05, 0x03, 0x03, 0x0D, 0x0C, 0x0D, 0x0E, 0x0E, 0x0A, 0x11, 0x0F,
    0x0F, 0x0F, 0x0A, 0x10, 0x0A, 0x0E, 0x0F, 0x0D, 0x0F, 0x0E, 0x0A, 0x0D, 0x05, 0x02, 0x05, 0x09, 0x0C, 0x0D, 0x0C, 0x0B, 0x0B, 0x0C, 0x0B, 0x0C,
    0x0D, 0x0C, 0x0B, 0x0B, 0x0B, 0x0B, 0x09, 0x09, 0x09, 0x05, 0x05, 0x02, 0x02, 0x02, 0x03, 0x0B, 0x0B, 0x0C, 0x0B, 0x09, 0x0B, 0x0B, 0x0C, 0x0C,
    0x0C, 0x0C, 0x0B, 0x0C, 0x0B, 0x0B, 0x0C, 0x0B, 0x0B, 0x03, 0x01, 0x01, 0x09, 0x05, 0x03, 0x05, 0x01, 0x03, 0x05, 0x0C, 0x09, 0x0C, 0x0D, 0x0C,
    0x0C, 0x0C, 0x0C, 0x0C, 0x0C, 0x05, 0x05, 0x03, 0x05, 0x05, 0x01, 0x03, 0x01, 0x02, 0x05, 0x0B, 0x09, 0x09, 0x05, 0x05, 0x01, 0x01, 0x04, 0x02,
    0x05, 0x05, 0x0B, 0x0C, 0x0B, 0x09, 0x0B, 0x05, 0x05, 0x09, 0x09, 0x05, 0x05, 0x05, 0x03, 0x02, 0x01, 0x02, 0x03, 0x0B, 0x0B, 0x0C, 0x0B, 0x0B,
    0x0C, 0x09, 0x05, 0x03, 0x05, 0x01, 0x05, 0x0B, 0x0D, 0x0B, 0x05, 0x05, 0x05, 0x09, 0x09, 0x0C, 0x09, 0x09, 0x09, 0x09, 0x03, 0x03, 0x03, 0x02,
    0x05, 0x09, 0x0B, 0x09, 0x09, 0x09, 0x0C, 0x0C, 0x09, 0x05, 0x05, 0x05, 0x05, 0x09, 0x05, 0x09, 0x05, 0x05, 0x0B, 0x09, 0x09, 0x09, 0x02, 0x02,
    0x05, 0x03, 0x03, 0x05, 0x09, 0x09, 0x05, 0x05, 0x05, 0x05, 0x05, 0x05, 0x05, 0x03, 0x05, 0x05, 0x05, 0x05, 0x03, 0x02, 0x0D, 0x0C, 0x0C, 0x0C,
    0x0C, 0x0C, 0x0D, 0x0D, 0x0D, 0x0C, 0x0C, 0x0E, 0x10, 0x11, 0x0E, 0x0F, 0x0D, 0x0D, 0x0E, 0x0D, 0x0C, 0x05, 0x03, 0x02, 0x02, 0x09, 0x0C, 0x0B,
    0x0B, 0x0C, 0x0C, 0x03, 0x05, 0x05, 0x0D, 0x09, 0x0B, 0x0C, 0x0B, 0x0C, 0x05, 0x05, 0x05, 0x0B, 0x0C, 0x0C, 0x0B, 0x09, 0x05, 0x03, 0x03, 0x09,
    0x0B, 0x0C, 0x05, 0x0B, 0x0B, 0x0C, 0x0C, 0x05, 0x09, 0x0C, 0x0C, 0x0C, 0x0C, 0x0C, 0x0D, 0x0D, 0x0B, 0x05, 0x03, 0x03, 0x01, 0x03, 0x05, 0x0C,
    0x0E, 0x0D, 0x0C, 0x09, 0x05, 0x09, 0x05, 0x09, 0x09, 0x05, 0x03, 0x03, 0x02, 0x05, 0x05, 0x03, 0x05, 0x03, 0x05, 0x09, 0x0B, 0x0B, 0x05, 0x01,
    0x01, 0x01, 0x01, 0x01, 0x05, 0x05, 0x0B, 0x0C, 0x0B, 0x0B, 0x05, 0x01, 0x05, 0x05, 0x05, 0x05, 0x09, 0x09, 0x05, 0x05, 0x03, 0x03, 0x05, 0x0C,
    0x0D, 0x0D, 0x0C, 0x0B, 0x0B, 0x0B, 0x05, 0x03, 0x05, 0x0B, 0x0D, 0x0F, 0x0D, 0x0D, 0x0B, 0x09, 0x01, 0x01, 0x05, 0x0D, 0x09, 0x0B, 0x0B, 0x09,
    0x09, 0x05, 0x0B, 0x0B, 0x09, 0x0B, 0x05, 0x09, 0x0B, 0x09, 0x0C, 0x0B, 0x09, 0x09, 0x05, 0x05, 0x0B, 0x09, 0x05, 0x05, 0x05, 0x09, 0x02, 0x01,
    0x01, 0x01, 0x03, 0x05, 0x05, 0x05, 0x05, 0x05, 0x05, 0x05, 0x03, 0x03, 0x05, 0x09, 0x03, 0x09, 0x05, 0x09, 0x05, 0x03, 0x05, 0x05, 0x03, 0x03,
    0x0C, 0x0D, 0x0D, 0x0D, 0x0D, 0x0D, 0x0D, 0x0C, 0x0C, 0x0D, 0x0D, 0x0D, 0x0D, 0x0D, 0x0C, 0x0E, 0x0B, 0x0B, 0x0D, 0x0E, 0x0B, 0x05, 0x0B, 0x05,
    0x05, 0x03, 0x05, 0x09, 0x09, 0x0B, 0x05, 0x06, 0x06, 0x06, 0x0B, 0x0B, 0x09, 0x09, 0x0C, 0x0B, 0x05, 0x05, 0x05, 0x05, 0x0C, 0x0D, 0x0C, 0x05,
    0x01, 0x01, 0x01, 0x02, 0x02, 0x0C, 0x09, 0x0B, 0x0B, 0x0B, 0x0C, 0x0C, 0x0B, 0x0C, 0x0C, 0x0B, 0x0C, 0x0C, 0x09, 0x05, 0x09, 0x05, 0x09, 0x03,
    0x02, 0x01, 0x03, 0x05, 0x0B, 0x0B, 0x0B, 0x05, 0x0B, 0x09, 0x05, 0x05, 0x09, 0x05, 0x01, 0x01, 0x03, 0x03, 0x03, 0x05, 0x09, 0x0B, 0x05, 0x05,
    0x05, 0x03, 0x03, 0x05, 0x03, 0x02, 0x03, 0x03, 0x05, 0x05, 0x02, 0x05, 0x02, 0x09, 0x05, 0x09, 0x03, 0x03, 0x05, 0x09, 0x05, 0x09, 0x09, 0x05,
    0x05, 0x09, 0x05, 0x05, 0x0B, 0x0C, 0x0B, 0x09, 0x0C, 0x0B, 0x09, 0x05, 0x05, 0x05, 0x09, 0x09, 0x0D, 0x0D, 0x0D, 0x0B, 0x0C, 0x0D, 0x0D, 0x0B,
    0x05, 0x03, 0x03, 0x05, 0x03, 0x09, 0x09, 0x0C, 0x09, 0x0B, 0x05, 0x05, 0x05, 0x0B, 0x0B, 0x0B, 0x09, 0x03, 0x05, 0x09, 0x0B, 0x09, 0x03, 0x03,
    0x05, 0x09, 0x05, 0x05, 0x02, 0x03, 0x05, 0x02, 0x02, 0x05, 0x09, 0x09, 0x05, 0x05, 0x03, 0x05, 0x05, 0x09, 0x05, 0x05, 0x05, 0x01, 0x02, 0x03,
    0x0B, 0x09, 0x05, 0x03, 0x0D, 0x0D, 0x0C, 0x0C, 0x0B, 0x0B, 0x0C, 0x0C, 0x0C, 0x0D, 0x0C, 0x0D, 0x0C, 0x0C, 0x0C, 0x0B, 0x0B, 0x0E, 0x0F, 0x10,
    0x11, 0x0D, 0x09, 0x05, 0x03, 0x02, 0x05, 0x0B, 0x0B, 0x0B, 0x0B, 0x05, 0x05, 0x03, 0x03, 0x0B, 0x0B, 0x0B, 0x05, 0x05, 0x03, 0x01, 0x02, 0x05,
    0x0B, 0x0B, 0x03, 0x02, 0x01, 0x02, 0x01, 0x03, 0x05, 0x05, 0x0C, 0x0B, 0x0B, 0x0C, 0x0B, 0x0D, 0x0D, 0x0C, 0x0C, 0x0C, 0x0C, 0x05, 0x05, 0x03,
    0x05, 0x0D, 0x0C, 0x03, 0x01, 0x01, 0x06, 0x01, 0x03, 0x03, 0x05, 0x05, 0x09, 0x05, 0x05, 0x0C, 0x0B, 0x09, 0x05, 0x05, 0x05, 0x03, 0x0B, 0x09,
    0x0C, 0x0B, 0x01, 0x01, 0x01, 0x03, 0x05, 0x09, 0x09, 0x05, 0x05, 0x03, 0x05, 0x09, 0x03, 0x06, 0x04, 0x09, 0x0B, 0x0C, 0x09, 0x05, 0x09, 0x05,
    0x05, 0x05, 0x05, 0x0B, 0x09, 0x05, 0x03, 0x05, 0x0B, 0x0B, 0x09, 0x05, 0x09, 0x05, 0x09, 0x03, 0x03, 0x03, 0x05, 0x09, 0x09, 0x09, 0x0C, 0x0C,
    0x05, 0x05, 0x09, 0x05, 0x05, 0x05, 0x03, 0x05, 0x0C, 0x0C, 0x09, 0x09, 0x09, 0x05, 0x09, 0x05, 0x05, 0x0B, 0x0B, 0x0C, 0x0B, 0x09, 0x03, 0x05,
    0x03, 0x09, 0x03, 0x02, 0x05, 0x03, 0x05, 0x09, 0x05, 0x03, 0x02, 0x01, 0x01, 0x01, 0x03, 0x09, 0x05, 0x03, 0x09, 0x03, 0x01, 0x01, 0x03, 0x0B,
    0x03, 0x05, 0x05, 0x02, 0x03, 0x05, 0x05, 0x02, 0x0D, 0x0E, 0x0C, 0x0B, 0x0C, 0x0D, 0x0E, 0x0D, 0x0D, 0x0D, 0x0D, 0x0C, 0x0C, 0x0C, 0x0C, 0x0B,
    0x0C, 0x0C, 0x0E, 0x0A, 0x13, 0x0A, 0x0D, 0x09, 0x02, 0x01, 0x05, 0x0B, 0x0D, 0x0D, 0x0F, 0x13, 0x0A, 0x02, 0x05, 0x0C, 0x0C, 0x0B, 0x0B, 0x0B,
    0x09, 0x05, 0x09, 0x05, 0x09, 0x09, 0x09, 0x09, 0x0B, 0x0B, 0x0B, 0x09, 0x03, 0x05, 0x09, 0x0B, 0x0B, 0x0D, 0x0D, 0x0C, 0x0E, 0x0D, 0x0C, 0x0B,
    0x0B, 0x0C, 0x0C, 0x05, 0x05, 0x02, 0x03, 0x05, 0x05, 0x03, 0x01, 0x05, 0x05, 0x05, 0x0B, 0x0B, 0x05, 0x05, 0x05, 0x05, 0x0B, 0x05, 0x05, 0x03,
    0x05, 0x05, 0x0B, 0x02, 0x01, 0x02, 0x0B, 0x03, 0x01, 0x02, 0x05, 0x0B, 0x05, 0x05, 0x03, 0x03, 0x05, 0x09, 0x0B, 0x0D, 0x05, 0x06, 0x05, 0x09,
    0x0B, 0x01, 0x0B, 0x09, 0x09, 0x05, 0x05, 0x05, 0x09, 0x05, 0x03, 0x09, 0x0D, 0x0B, 0x0B, 0x05, 0x0B, 0x03, 0x03, 0x03, 0x05, 0x03, 0x02, 0x03,
    0x05, 0x05, 0x09, 0x09, 0x09, 0x09, 0x05, 0x05, 0x03, 0x03, 0x03, 0x05, 0x01, 0x05, 0x09, 0x05, 0x05, 0x05, 0x05, 0x05, 0x05, 0x0B, 0x0B, 0x09,
    0x09, 0x09, 0x03, 0x02, 0x05, 0x09, 0x0C, 0x0B, 0x09, 0x02, 0x09, 0x0B, 0x0B, 0x05, 0x05, 0x02, 0x01, 0x03, 0x03, 0x02, 0x05, 0x0D, 0x09, 0x03,
    0x02, 0x01, 0x0B, 0x02, 0x03, 0x09, 0x05, 0x0B, 0x05, 0x03, 0x05, 0x05, 0x0B, 0x0C, 0x0C, 0x0B, 0x0B, 0x0C, 0x0B, 0x0B, 0x0B, 0x0C, 0x0C, 0x0D,
    0x0C, 0x0C, 0x0D, 0x0C, 0x0D, 0x0C, 0x0D, 0x0E, 0x0F, 0x11, 0x10, 0x0F, 0x0C, 0x03, 0x06, 0x04, 0x0B, 0x0B, 0x0B, 0x0C, 0x0D, 0x0B, 0x09, 0x0D,
    0x0C, 0x0B, 0x0B, 0x0B, 0x09, 0x05, 0x05, 0x05, 0x09, 0x09, 0x05, 0x09, 0x0C, 0x0B, 0x0C, 0x09, 0x0B, 0x05, 0x03, 0x0B, 0x0B, 0x0B, 0x0B, 0x0B,
    0x0B, 0x0B, 0x0B, 0x0C, 0x0B, 0x0B, 0x0B, 0x0B, 0x0B, 0x05, 0x0B, 0x09, 0x0B, 0x0B, 0x0C, 0x0B, 0x0C, 0x0B, 0x0C, 0x0C, 0x09, 0x05, 0x05, 0x0B,
    0x0B, 0x05, 0x05, 0x05, 0x04, 0x0B, 0x09, 0x05, 0x09, 0x05, 0x0B, 0x05, 0x05, 0x01, 0x06, 0x02, 0x03, 0x03, 0x03, 0x03, 0x03, 0x03, 0x09, 0x0E,
    0x0B, 0x0C, 0x02, 0x05, 0x09, 0x02, 0x03, 0x09, 0x05, 0x09, 0x0B, 0x0B, 0x05, 0x01, 0x09, 0x0D, 0x0C, 0x05, 0x03, 0x02, 0x01, 0x02, 0x03, 0x09,
    0x05, 0x05, 0x05, 0x03, 0x05, 0x03, 0x05, 0x09, 0x0B, 0x0B, 0x09, 0x05, 0x03, 0x01, 0x05, 0x05, 0x02, 0x04, 0x03, 0x03, 0x05, 0x05, 0x05, 0x09,
    0x09, 0x05, 0x03, 0x05, 0x0B, 0x05, 0x05, 0x03, 0x05, 0x0B, 0x05, 0x05, 0x0B, 0x09, 0x05, 0x05, 0x05, 0x05, 0x05, 0x0B, 0x0C, 0x0C, 0x0C, 0x09,
    0x0E, 0x09, 0x05, 0x05, 0x05, 0x05, 0x09, 0x0B, 0x09, 0x09, 0x0B, 0x05, 0x05, 0x05, 0x03, 0x03, 0x0B, 0x0C, 0x0C, 0x0C, 0x0C, 0x0C, 0x0C, 0x0C,
    0x0C, 0x0D, 0x0C, 0x0B, 0x0D, 0x0C, 0x0D, 0x0D, 0x0C, 0x0C, 0x0D, 0x0D, 0x0E, 0x11, 0x12, 0x13, 0x11, 0x0D, 0x09, 0x06, 0x06, 0x06, 0x06, 0x01,
    0x0C, 0x0A, 0x0D, 0x0C, 0x09, 0x05, 0x02, 0x02, 0x05, 0x09, 0x09, 0x09, 0x0B, 0x09, 0x0B, 0x0C, 0x0C, 0x0B, 0x0C, 0x0B, 0x09, 0x05, 0x03, 0x05,
    0x0C, 0x0D, 0x05, 0x02, 0x05, 0x05, 0x0B, 0x0B, 0x0B, 0x0B, 0x09, 0x05, 0x09, 0x09, 0x0B, 0x0B, 0x0A, 0x0F, 0x0C, 0x0B, 0x0B, 0x0B, 0x0B, 0x09,
    0x0C, 0x05, 0x05, 0x05, 0x0B, 0x05, 0x0B, 0x0B, 0x0B, 0x05, 0x09, 0x05, 0x05, 0x03, 0x01, 0x02, 0x05, 0x05, 0x03, 0x02, 0x01, 0x01, 0x01, 0x01,
    0x02, 0x03, 0x03, 0x0B, 0x09, 0x0D, 0x0F, 0x0B, 0x05, 0x0B, 0x0B, 0x09, 0x09, 0x05, 0x09, 0x05, 0x03, 0x09, 0x0C, 0x09, 0x05, 0x03, 0x03, 0x03,
    0x01, 0x03, 0x04, 0x02, 0x02, 0x03, 0x05, 0x03, 0x03, 0x03, 0x05, 0x03, 0x05, 0x09, 0x09, 0x05, 0x03, 0x02, 0x03, 0x01, 0x04, 0x01, 0x01, 0x03,
    0x05, 0x05, 0x05, 0x05, 0x09, 0x09, 0x05, 0x05, 0x05, 0x05, 0x05, 0x03, 0x01, 0x03, 0x01, 0x03, 0x03, 0x05, 0x05, 0x05, 0x09, 0x05, 0x09, 0x0B,
    0x05, 0x05, 0x0B, 0x0B, 0x0B, 0x05, 0x05, 0x09, 0x0B, 0x05, 0x05, 0x09, 0x05, 0x05, 0x03, 0x05, 0x05, 0x05, 0x05, 0x05, 0x05, 0x0B, 0x0C, 0x0C,
    0x0B, 0x0B, 0x0C, 0x0C, 0x0D, 0x0C, 0x0D, 0x0C, 0x0D, 0x0D, 0x0D, 0x0D, 0x0C, 0x0C, 0x0D, 0x0C, 0x0D, 0x0E, 0x0A, 0x11, 0x10, 0x10, 0x0A, 0x0D,
    0x05, 0x01, 0x02, 0x01, 0x02, 0x09, 0x0D, 0x05, 0x0B, 0x09, 0x05, 0x02, 0x01, 0x05, 0x09, 0x09, 0x0B, 0x0C, 0x0E, 0x0B, 0x03, 0x09, 0x09, 0x0B,
    0x0B, 0x09, 0x03, 0x02, 0x05, 0x0B, 0x0B, 0x0B, 0x03, 0x05, 0x0B, 0x0C, 0x0C, 0x0D, 0x0B, 0x05, 0x01, 0x05, 0x0E, 0x0B, 0x0B, 0x0B, 0x0B, 0x0D,
    0x0D, 0x0D, 0x0C, 0x09, 0x09, 0x0B, 0x09, 0x02, 0x02, 0x03, 0x05, 0x09, 0x0B, 0x09, 0x05, 0x05, 0x09, 0x05, 0x03, 0x05, 0x03, 0x03, 0x01, 0x02,
    0x02, 0x02, 0x03, 0x03, 0x03, 0x01, 0x03, 0x01, 0x03, 0x05, 0x0B, 0x03, 0x09, 0x0B, 0x0E, 0x0E, 0x09, 0x05, 0x03, 0x02, 0x02, 0x03, 0x0B, 0x0B,
    0x09, 0x05, 0x0C, 0x0B, 0x09, 0x05, 0x03, 0x06, 0x04, 0x05, 0x05, 0x05, 0x03, 0x05, 0x05, 0x05, 0x05, 0x09, 0x05, 0x03, 0x01, 0x01, 0x09, 0x03,
    0x03, 0x04, 0x01, 0x01, 0x02, 0x01, 0x03, 0x03, 0x05, 0x03, 0x03, 0x05, 0x05, 0x05, 0x05, 0x03, 0x03, 0x01, 0x04, 0x05, 0x05, 0x05, 0x02, 0x01,
    0x05, 0x0B, 0x0B, 0x0B, 0x05, 0x05, 0x05, 0x0B, 0x09, 0x05, 0x05, 0x05, 0x05, 0x09, 0x03, 0x05, 0x0B, 0x05, 0x05, 0x05, 0x02, 0x01, 0x05, 0x0B,
    0x04, 0x0B, 0x0C, 0x0B, 0x09, 0x05, 0x05, 0x05, 0x05, 0x09, 0x0D, 0x0C, 0x0E, 0x0B, 0x0D, 0x0C, 0x0C, 0x0B, 0x0D, 0x0D, 0x0D, 0x0E, 0x0D, 0x0F,
    0x11, 0x13, 0x12, 0x14, 0x13, 0x0C, 0x0C, 0x05, 0x03, 0x01, 0x06, 0x04, 0x01, 0x01, 0x01, 0x01, 0x02, 0x05, 0x09, 0x09, 0x05, 0x03, 0x05, 0x09,
    0x0B, 0x09, 0x0C, 0x0B, 0x0B, 0x09, 0x0B, 0x0B, 0x03, 0x0B, 0x0C, 0x0E, 0x0F, 0x0D, 0x0B, 0x0C, 0x0C, 0x0B, 0x09, 0x05, 0x04, 0x04, 0x0C, 0x0C,
    0x09, 0x0B, 0x0B, 0x0C, 0x0E, 0x0C, 0x0C, 0x09, 0x01, 0x02, 0x0B, 0x0B, 0x0B, 0x0B, 0x05, 0x0B, 0x0B, 0x0C, 0x0B, 0x0C, 0x05, 0x05, 0x03, 0x03,
    0x03, 0x01, 0x01, 0x02, 0x02, 0x05, 0x05, 0x03, 0x0B, 0x09, 0x0B, 0x05, 0x03, 0x05, 0x05, 0x05, 0x09, 0x0B, 0x0C, 0x09, 0x09, 0x05, 0x03, 0x03,
    0x05, 0x02, 0x05, 0x09, 0x05, 0x05, 0x05, 0x05, 0x05, 0x09, 0x0C, 0x0E, 0x0B, 0x01, 0x04, 0x05, 0x03, 0x03, 0x05, 0x05, 0x09, 0x05, 0x05, 0x03,
    0x03, 0x05, 0x03, 0x03, 0x03, 0x09, 0x02, 0x01, 0x03, 0x05, 0x05, 0x05, 0x05, 0x03, 0x03, 0x03, 0x03, 0x05, 0x05, 0x05, 0x03, 0x01, 0x03, 0x09,
    0x05, 0x05, 0x02, 0x05, 0x09, 0x0B, 0x05, 0x0B, 0x05, 0x05, 0x01, 0x03, 0x09, 0x02, 0x01, 0x04, 0x05, 0x0B, 0x09, 0x01, 0x02, 0x09, 0x0C, 0x05,
    0x05, 0x06, 0x04, 0x09, 0x0C, 0x05, 0x09, 0x0B, 0x0B, 0x05, 0x04, 0x04, 0x05, 0x05, 0x0D, 0x0D, 0x0C, 0x0C, 0x0C, 0x0B, 0x0B, 0x0C, 0x0C, 0x0C,
    0x0D, 0x0C, 0x0C, 0x0C, 0x0E, 0x11, 0x10, 0x11, 0x11, 0x0F, 0x0D, 0x0C, 0x0B, 0x0B, 0x05, 0x03, 0x05, 0x03, 0x02, 0x01, 0x02, 0x06, 0x06, 0x01,
    0x02, 0x03, 0x05, 0x03, 0x0B, 0x09, 0x09, 0x0D, 0x0C, 0x0C, 0x0C, 0x09, 0x0B, 0x02, 0x02, 0x09, 0x0C, 0x0B, 0x03, 0x03, 0x0B, 0x0B, 0x0C, 0x0B,
    0x05, 0x0B, 0x0C, 0x0E, 0x0B, 0x0C, 0x03, 0x05, 0x09, 0x0B, 0x0B, 0x0C, 0x09, 0x0B, 0x0B, 0x0B, 0x0B, 0x0B, 0x0B, 0x0B, 0x0B, 0x0B, 0x0B, 0x05,
    0x03, 0x03, 0x03, 0x03, 0x01, 0x06, 0x04, 0x01, 0x01, 0x01, 0x02, 0x03, 0x09, 0x05, 0x02, 0x01, 0x05, 0x01, 0x01, 0x05, 0x0D, 0x0E, 0x0B, 0x0B,
    0x09, 0x05, 0x03, 0x03, 0x05, 0x03, 0x01, 0x01, 0x04, 0x09, 0x03, 0x05, 0x0B, 0x05, 0x05, 0x0B, 0x03, 0x05, 0x02, 0x01, 0x01, 0x06, 0x01, 0x03,
    0x02, 0x09, 0x05, 0x05, 0x03, 0x05, 0x02, 0x01, 0x05, 0x0C, 0x05, 0x03, 0x03, 0x05, 0x05, 0x05, 0x05, 0x05, 0x03, 0x03, 0x05, 0x05, 0x05, 0x05,
    0x05, 0x02, 0x03, 0x05, 0x05, 0x05, 0x0B, 0x0B, 0x05, 0x05, 0x05, 0x05, 0x09, 0x05, 0x03, 0x05, 0x03, 0x05, 0x05, 0x03, 0x03, 0x05, 0x05, 0x03,
    0x05, 0x05, 0x0B, 0x0B, 0x09, 0x09, 0x04, 0x02, 0x0E, 0x0B, 0x0B, 0x0B, 0x0C, 0x0C, 0x0C, 0x0B, 0x0C, 0x0F, 0x0C, 0x0C, 0x0C, 0x0C, 0x0C, 0x0C,
    0x0B, 0x0C, 0x0D, 0x0C, 0x0C, 0x0B, 0x0C, 0x0C, 0x0C, 0x0D, 0x0D, 0x0E, 0x0F, 0x0A, 0x0D, 0x0F, 0x0D, 0x0F, 0x0D, 0x0B, 0x0B, 0x05, 0x05, 0x03,
    0x02, 0x03, 0x05, 0x02, 0x04, 0x06, 0x02, 0x05, 0x0B, 0x0C, 0x09, 0x09, 0x0B, 0x0D, 0x0D, 0x0D, 0x0C, 0x0C, 0x09, 0x09, 0x09, 0x09, 0x05, 0x02,
    0x03, 0x0C, 0x0B, 0x0C, 0x0D, 0x0C, 0x0D, 0x0C, 0x0B, 0x0B, 0x0B, 0x03, 0x03, 0x0B, 0x0B, 0x0B, 0x0D, 0x0C, 0x0B, 0x0B, 0x0C, 0x0C, 0x09, 0x0B,
    0x0C, 0x03, 0x05, 0x03, 0x03, 0x03, 0x01, 0x01, 0x02, 0x02, 0x04, 0x01, 0x03, 0x01, 0x01, 0x03, 0x05, 0x05, 0x01, 0x02, 0x03, 0x01, 0x03, 0x03,
    0x0C, 0x0B, 0x0B, 0x05, 0x09, 0x0B, 0x03, 0x01, 0x02, 0x03, 0x03, 0x03, 0x03, 0x0B, 0x02, 0x01, 0x05, 0x05, 0x05, 0x05, 0x05, 0x09, 0x05, 0x05,
    0x09, 0x09, 0x05, 0x03, 0x03, 0x03, 0x03, 0x05, 0x03, 0x04, 0x03, 0x05, 0x05, 0x03, 0x03, 0x09, 0x03, 0x05, 0x05, 0x0B, 0x0B, 0x05, 0x02, 0x01,
    0x05, 0x03, 0x03, 0x02, 0x09, 0x0B, 0x05, 0x01, 0x01, 0x03, 0x0B, 0x05, 0x05, 0x05, 0x03, 0x03, 0x02, 0x03, 0x01, 0x03, 0x05, 0x05, 0x05, 0x05,
    0x05, 0x03, 0x02, 0x01, 0x02, 0x09, 0x09, 0x05, 0x05, 0x09, 0x0B, 0x05, 0x0C, 0x0C, 0x0C, 0x0B, 0x0B, 0x09, 0x0B, 0x0C, 0x0C, 0x0C, 0x0D, 0x0C,
    0x0C, 0x0C, 0x0C, 0x0C, 0x0D, 0x0C, 0x0B, 0x0D, 0x0B, 0x0C, 0x0D, 0x0C, 0x0B, 0x05, 0x0B, 0x0C, 0x0C, 0x0D, 0x0D, 0x0C, 0x0E, 0x0B, 0x0C, 0x09,
    0x05, 0x05, 0x05, 0x05, 0x03, 0x03, 0x03, 0x05, 0x05, 0x03, 0x03, 0x03, 0x09, 0x0B, 0x0C, 0x05, 0x05, 0x0D, 0x0B, 0x0B, 0x0C, 0x0D, 0x0B, 0x09,
    0x05, 0x05, 0x05, 0x03, 0x05, 0x0B, 0x0B, 0x0C, 0x0E, 0x0F, 0x0B, 0x05, 0x0D, 0x0C, 0x0F, 0x0B, 0x05, 0x03, 0x03, 0x09, 0x0B, 0x0B, 0x0B, 0x0B,
    0x0C, 0x0D, 0x0C, 0x0B, 0x0C, 0x05, 0x01, 0x03, 0x05, 0x05, 0x02, 0x02, 0x01, 0x03, 0x05, 0x05, 0x05, 0x03, 0x0B, 0x0C, 0x05, 0x01, 0x02, 0x01,
    0x03, 0x01, 0x01, 0x01, 0x03, 0x05, 0x05, 0x05, 0x05, 0x09, 0x05, 0x02, 0x02, 0x05, 0x0C, 0x0C, 0x0B, 0x09, 0x03, 0x02, 0x02, 0x03, 0x05, 0x05,
    0x05, 0x09, 0x05, 0x03, 0x03, 0x03, 0x05, 0x05, 0x05, 0x03, 0x03, 0x05, 0x05, 0x01, 0x02, 0x0B, 0x05, 0x01, 0x03, 0x05, 0x05, 0x03, 0x05, 0x05,
    0x09, 0x05, 0x01, 0x02, 0x01, 0x03, 0x01, 0x03, 0x03, 0x05, 0x09, 0x05, 0x06, 0x06, 0x01, 0x01, 0x02, 0x03, 0x02, 0x02, 0x01, 0x02, 0x03, 0x03,
    0x05, 0x05, 0x05, 0x09, 0x03, 0x01, 0x02, 0x03, 0x03, 0x03, 0x05, 0x03, 0x03, 0x05, 0x0B, 0x09, 0x0D, 0x0C, 0x0B, 0x0B, 0x0B, 0x0B, 0x0C, 0x0D,
    0x0C, 0x05, 0x03, 0x05, 0x0B, 0x0B, 0x09, 0x0B, 0x0B, 0x0C, 0x0B, 0x0B, 0x0C, 0x0D, 0x0C, 0x0B, 0x05, 0x05, 0x05, 0x03, 0x0B, 0x0C, 0x0E, 0x0F,
    0x0D, 0x0F, 0x0C, 0x0B, 0x0B, 0x0B, 0x05, 0x05, 0x03, 0x05, 0x05, 0x03, 0x03, 0x03, 0x05, 0x05, 0x09, 0x0C, 0x0D, 0x0D, 0x0C, 0x09, 0x0B, 0x0D,
    0x0E, 0x0C, 0x0B, 0x05, 0x05, 0x05, 0x05, 0x05, 0x03, 0x05, 0x05, 0x0E, 0x0F, 0x0F, 0x0B, 0x05, 0x0B, 0x09, 0x0B, 0x0D, 0x0F, 0x0C, 0x03, 0x02,
    0x02, 0x02, 0x05, 0x0C, 0x0A, 0x0F, 0x05, 0x05, 0x02, 0x04, 0x06, 0x05, 0x01, 0x03, 0x02, 0x03, 0x05, 0x0B, 0x0B, 0x09, 0x05, 0x0B, 0x0B, 0x0B,
    0x05, 0x03, 0x03, 0x04, 0x03, 0x03, 0x02, 0x06, 0x02, 0x01, 0x03, 0x05, 0x05, 0x05, 0x03, 0x01, 0x01, 0x09, 0x0B, 0x0C, 0x0C, 0x09, 0x05, 0x05,
    0x04, 0x01, 0x04, 0x01, 0x03, 0x03, 0x03, 0x06, 0x01, 0x05, 0x05, 0x03, 0x03, 0x03, 0x03, 0x05, 0x05, 0x03, 0x05, 0x09, 0x05, 0x02, 0x03, 0x03,
    0x0C, 0x0C, 0x0B, 0x09, 0x09, 0x03, 0x03, 0x02, 0x02, 0x05, 0x03, 0x03, 0x03, 0x02, 0x02, 0x02, 0x02, 0x01, 0x06, 0x06, 0x06, 0x06, 0x06, 0x01,
    0x01, 0x01, 0x01, 0x03, 0x03, 0x05, 0x05, 0x03, 0x05, 0x03, 0x05, 0x05, 0x03, 0x05, 0x0C, 0x0C, 0x0C, 0x0D, 0x0E, 0x0C, 0x0C, 0x0B, 0x0B, 0x0B,
    0x0B, 0x0C, 0x0C, 0x0D, 0x0B, 0x03, 0x03, 0x05, 0x09, 0x0B, 0x05, 0x0B, 0x0B, 0x03, 0x09, 0x05, 0x0B, 0x05, 0x05, 0x0B, 0x05, 0x05, 0x05, 0x05,
    0x05, 0x0B, 0x0D, 0x0C, 0x0D, 0x0A, 0x0F, 0x0B, 0x0B, 0x0B, 0x09, 0x09, 0x09, 0x05, 0x03, 0x03, 0x03, 0x03, 0x02, 0x01, 0x03, 0x09, 0x0B, 0x0D,
    0x0A, 0x0F, 0x0B, 0x0B, 0x0C, 0x0C, 0x09, 0x05, 0x05, 0x03, 0x05, 0x0B, 0x09, 0x05, 0x05, 0x0B, 0x0B, 0x0B, 0x0F, 0x0E, 0x0E, 0x05, 0x09, 0x09,
    0x09, 0x05, 0x0B, 0x05, 0x03, 0x02, 0x06, 0x02, 0x0F, 0x0E, 0x0B, 0x01, 0x01, 0x05, 0x0C, 0x0B, 0x09, 0x03, 0x09, 0x0B, 0x09, 0x0B, 0x05, 0x05,
    0x0B, 0x0E, 0x0C, 0x03, 0x02, 0x03, 0x05, 0x01, 0x02, 0x01, 0x01, 0x01, 0x01, 0x01, 0x01, 0x05, 0x05, 0x03, 0x01, 0x01, 0x05, 0x0C, 0x0B, 0x09,
    0x0C, 0x09, 0x05, 0x03, 0x02, 0x06, 0x01, 0x01, 0x05, 0x01, 0x01, 0x01, 0x03, 0x03, 0x03, 0x01, 0x03, 0x03, 0x03, 0x05, 0x0B, 0x0B, 0x09, 0x05,
    0x03, 0x01, 0x04, 0x05, 0x0B, 0x0C, 0x09, 0x05, 0x05, 0x05, 0x02, 0x04, 0x01, 0x02, 0x05, 0x09, 0x03, 0x05, 0x03, 0x01, 0x03, 0x03, 0x03, 0x02,
    0x02, 0x04, 0x06, 0x06, 0x06, 0x04, 0x02, 0x03, 0x03, 0x03, 0x03, 0x05, 0x03, 0x05, 0x05, 0x05, 0x05, 0x09, 0x0B, 0x0B, 0x09, 0x0B, 0x05, 0x05,
    0x03, 0x05, 0x0B, 0x0B, 0x0B, 0x0B, 0x0C, 0x0C, 0x0B, 0x09, 0x09, 0x0B, 0x0B, 0x09, 0x0C, 0x0C, 0x0C, 0x0B, 0x0B, 0x05, 0x0B, 0x0C, 0x0B, 0x0B,
    0x0B, 0x09, 0x03, 0x03, 0x03, 0x09, 0x09, 0x0C, 0x0C, 0x0C, 0x11, 0x0A, 0x0F, 0x0D, 0x0E, 0x0C, 0x09, 0x01, 0x03, 0x03, 0x02, 0x02, 0x09, 0x05,
    0x01, 0x02, 0x0B, 0x09, 0x0B, 0x0E, 0x0A, 0x0F, 0x0C, 0x0C, 0x0C, 0x0C, 0x0D, 0x0C, 0x0D, 0x11, 0x0C, 0x0B, 0x0C, 0x0B, 0x0D, 0x0D, 0x0B, 0x09,
    0x09, 0x0C, 0x05, 0x09, 0x0B, 0x05, 0x05, 0x0C, 0x09, 0x09, 0x03, 0x06, 0x01, 0x05, 0x0B, 0x0C, 0x0C, 0x0B, 0x05, 0x05, 0x03, 0x09, 0x05, 0x05,
    0x05, 0x05, 0x0C, 0x0B, 0x09, 0x05, 0x05, 0x09, 0x05, 0x03, 0x03, 0x02, 0x01, 0x03, 0x05, 0x03, 0x01, 0x02, 0x03, 0x05, 0x03, 0x03, 0x03, 0x03,
    0x03, 0x05, 0x03, 0x01, 0x05, 0x05, 0x05, 0x05, 0x09, 0x03, 0x05, 0x05, 0x01, 0x01, 0x03, 0x05, 0x03, 0x05, 0x05, 0x05, 0x03, 0x02, 0x03, 0x03,
    0x03, 0x03, 0x05, 0x01, 0x03, 0x03, 0x09, 0x0E, 0x0E, 0x0B, 0x09, 0x05, 0x03, 0x05, 0x05, 0x04, 0x06, 0x04, 0x03, 0x0B, 0x03, 0x05, 0x01, 0x03,
    0x03, 0x03, 0x05, 0x0B, 0x0B, 0x0B, 0x05, 0x04, 0x06, 0x04, 0x04, 0x04, 0x01, 0x02, 0x05, 0x05, 0x05, 0x05, 0x05, 0x05, 0x03, 0x09, 0x0B, 0x05,
    0x05, 0x03, 0x02, 0x05, 0x02, 0x05, 0x0C, 0x0C, 0x0B, 0x0B, 0x0B, 0x0C, 0x0C, 0x0D, 0x0E, 0x0C, 0x0B, 0x09, 0x0C, 0x0C, 0x0C, 0x0D, 0x0D, 0x0D,
    0x0B, 0x0C, 0x0B, 0x0B, 0x0C, 0x0B, 0x0B, 0x0D, 0x0B, 0x0B, 0x0C, 0x0C, 0x0D, 0x0C, 0x0D, 0x0C, 0x0F, 0x11, 0x0F, 0x0A, 0x0C, 0x05, 0x05, 0x03,
    0x05, 0x09, 0x0B, 0x0E, 0x0E, 0x05, 0x03, 0x05, 0x03, 0x0B, 0x0E, 0x0E, 0x0F, 0x0F, 0x0A, 0x10, 0x0E, 0x0A, 0x0F, 0x0D, 0x0C, 0x0B, 0x0D, 0x0B,
    0x0B, 0x0B, 0x0C, 0x05, 0x0E, 0x0E, 0x0E, 0x0B, 0x05, 0x05, 0x0B, 0x0C, 0x0D, 0x0D, 0x0C, 0x05, 0x09, 0x06, 0x02, 0x0A, 0x0B, 0x09, 0x05, 0x06,
    0x06, 0x03, 0x05, 0x03, 0x03, 0x05, 0x05, 0x05, 0x05, 0x05, 0x03, 0x03, 0x03, 0x03, 0x05, 0x0C, 0x05, 0x02, 0x05, 0x05, 0x05, 0x0B, 0x09, 0x03,
    0x03, 0x05, 0x05, 0x09, 0x09, 0x09, 0x03, 0x01, 0x06, 0x04, 0x03, 0x05, 0x0B, 0x0B, 0x09, 0x09, 0x03, 0x05, 0x05, 0x01, 0x03, 0x03, 0x03, 0x01,
    0x03, 0x05, 0x03, 0x05, 0x05, 0x05, 0x02, 0x02, 0x05, 0x0B, 0x09, 0x05, 0x05, 0x01, 0x01, 0x05, 0x05, 0x05, 0x09, 0x02, 0x02, 0x05, 0x03, 0x05,
    0x05, 0x05, 0x05, 0x03, 0x03, 0x03, 0x03, 0x01, 0x03, 0x02, 0x03, 0x03, 0x01, 0x01, 0x03, 0x03, 0x01, 0x04, 0x04, 0x05, 0x05, 0x0B, 0x09, 0x05,
    0x05, 0x06, 0x02, 0x05, 0x05, 0x0B, 0x09, 0x0B, 0x09, 0x09, 0x0C, 0x09, 0x0C, 0x0C, 0x0B, 0x09, 0x05, 0x03, 0x0B, 0x0E, 0x0B, 0x0C, 0x0D, 0x0B,
    0x0C, 0x0C, 0x0C, 0x0C, 0x0C, 0x0C, 0x0D, 0x0D, 0x0B, 0x0B, 0x05, 0x0B, 0x0D, 0x0A, 0x0D, 0x0D, 0x0E, 0x0E, 0x0D, 0x05, 0x0C, 0x0D, 0x09, 0x0F,
    0x0F, 0x09, 0x03, 0x05, 0x0D, 0x0D, 0x03, 0x05, 0x05, 0x0B, 0x05, 0x0B, 0x09, 0x05, 0x09, 0x0D, 0x0B, 0x0B, 0x0C, 0x0D, 0x0C, 0x0D, 0x0C, 0x0E,
    0x11, 0x0A, 0x0D, 0x09, 0x0C, 0x0B, 0x0B, 0x0E, 0x0E, 0x0D, 0x09, 0x05, 0x0B, 0x0B, 0x0B, 0x0C, 0x0B, 0x0E, 0x11, 0x0F, 0x09, 0x05, 0x09, 0x0E,
    0x0D, 0x0F, 0x09, 0x05, 0x04, 0x05, 0x05, 0x09, 0x05, 0x03, 0x03, 0x05, 0x05, 0x05, 0x03, 0x03, 0x03, 0x05, 0x05, 0x03, 0x03, 0x03, 0x0B, 0x05,
    0x05, 0x03, 0x05, 0x05, 0x05, 0x0D, 0x0D, 0x0B, 0x03, 0x03, 0x01, 0x01, 0x01, 0x06, 0x01, 0x01, 0x03, 0x05, 0x03, 0x03, 0x05, 0x03, 0x05, 0x09,
    0x03, 0x03, 0x03, 0x03, 0x05, 0x05, 0x09, 0x01, 0x03, 0x09, 0x04, 0x01, 0x03, 0x03, 0x05, 0x09, 0x03, 0x03, 0x03, 0x03, 0x05, 0x05, 0x01, 0x03,
    0x09, 0x05, 0x02, 0x01, 0x09, 0x09, 0x0B, 0x05, 0x09, 0x05, 0x03, 0x02, 0x03, 0x02, 0x03, 0x03, 0x05, 0x03, 0x02, 0x04, 0x01, 0x01, 0x01, 0x05,
    0x05, 0x05, 0x09, 0x09, 0x05, 0x03, 0x09, 0x05, 0x05, 0x05, 0x05, 0x0B, 0x0B, 0x09, 0x09, 0x05, 0x0C, 0x0C, 0x09, 0x05, 0x09, 0x0C, 0x0B, 0x0C,
    0x0C, 0x0E, 0x0C, 0x0C, 0x0C, 0x0C, 0x0C, 0x05, 0x05, 0x0C, 0x0C, 0x0B, 0x0B, 0x0B, 0x09, 0x0B, 0x0B, 0x0B, 0x0C, 0x0F, 0x0C, 0x09, 0x0B, 0x0D,
    0x0B, 0x09, 0x09, 0x0D, 0x0F, 0x0A, 0x0C, 0x05, 0x05, 0x05, 0x02, 0x03, 0x09, 0x05, 0x05, 0x05, 0x09, 0x09, 0x09, 0x05, 0x02, 0x09, 0x0B, 0x0B,
    0x0B, 0x09, 0x0C, 0x0C, 0x0C, 0x0D, 0x0D, 0x0F, 0x0D, 0x0B, 0x0B, 0x0C, 0x0C, 0x0B, 0x0B, 0x0B, 0x05, 0x09, 0x05, 0x09, 0x0B, 0x09, 0x09, 0x0D,
    0x0C, 0x0C, 0x0C, 0x0D, 0x0E, 0x0B, 0x05, 0x05, 0x05, 0x06, 0x03, 0x0C, 0x0B, 0x05, 0x05, 0x05, 0x05, 0x05, 0x09, 0x05, 0x03, 0x01, 0x03, 0x03,
    0x01, 0x03, 0x05, 0x03, 0x01, 0x03, 0x09, 0x0B, 0x0B, 0x09, 0x09, 0x05, 0x04, 0x06, 0x03, 0x03, 0x01, 0x01, 0x04, 0x02, 0x02, 0x03, 0x03, 0x01,
    0x03, 0x03, 0x05, 0x09, 0x0B, 0x05, 0x05, 0x09, 0x05, 0x09, 0x09, 0x03, 0x01, 0x03, 0x09, 0x02, 0x03, 0x04, 0x03, 0x05, 0x05, 0x03, 0x03, 0x03,
    0x05, 0x03, 0x05, 0x03, 0x03, 0x02, 0x05, 0x03, 0x09, 0x0B, 0x05, 0x05, 0x02, 0x05, 0x02, 0x02, 0x03, 0x03, 0x05, 0x05, 0x05, 0x03, 0x01, 0x06,
    0x01, 0x05, 0x05, 0x03, 0x05, 0x0B, 0x03, 0x03, 0x09, 0x0B, 0x05, 0x05, 0x02, 0x05, 0x05, 0x03, 0x0D, 0x0E, 0x0D, 0x0C, 0x0C, 0x0B, 0x0B, 0x09,
    0x05, 0x05, 0x09, 0x0C, 0x0C, 0x0B, 0x05, 0x03, 0x0C, 0x05, 0x0B, 0x0D, 0x0D, 0x05, 0x09, 0x05, 0x05, 0x0B, 0x0D, 0x0E, 0x0B, 0x0B, 0x0C, 0x0B,
    0x0B, 0x05, 0x0B, 0x09, 0x05, 0x0B, 0x0C, 0x0B, 0x0B, 0x0B, 0x05, 0x02, 0x04, 0x01, 0x05, 0x09, 0x09, 0x05, 0x0B, 0x0B, 0x0C, 0x0B, 0x05, 0x01,
    0x04, 0x02, 0x05, 0x02, 0x05, 0x0B, 0x0B, 0x09, 0x0B, 0x0D, 0x0B, 0x09, 0x09, 0x0B, 0x0B, 0x0C, 0x0B, 0x05, 0x05, 0x0B, 0x0B, 0x0B, 0x09, 0x09,
    0x0B, 0x0B, 0x0B, 0x0C, 0x0C, 0x0D, 0x0D, 0x0C, 0x0B, 0x0B, 0x09, 0x09, 0x0D, 0x0C, 0x05, 0x0B, 0x05, 0x05, 0x05, 0x05, 0x05, 0x05, 0x0B, 0x09,
    0x03, 0x02, 0x03, 0x03, 0x02, 0x01, 0x01, 0x0B, 0x02, 0x05, 0x05, 0x03, 0x03, 0x09, 0x09, 0x05, 0x03, 0x02, 0x02, 0x03, 0x03, 0x01, 0x01, 0x02,
    0x01, 0x04, 0x01, 0x03, 0x03, 0x03, 0x03, 0x03, 0x03, 0x01, 0x03, 0x01, 0x03, 0x03, 0x03, 0x05, 0x03, 0x01, 0x04, 0x01, 0x03, 0x09, 0x0B, 0x05,
    0x09, 0x03, 0x05, 0x05, 0x01, 0x06, 0x04, 0x01, 0x01, 0x03, 0x0B, 0x0C, 0x0D, 0x0B, 0x0B, 0x05, 0x0B, 0x03, 0x03, 0x01, 0x03, 0x01, 0x03, 0x05,
    0x05, 0x05, 0x03, 0x01, 0x04, 0x01, 0x03, 0x03, 0x09, 0x03, 0x05, 0x05, 0x05, 0x05, 0x05, 0x05, 0x05, 0x05, 0x05, 0x03, 0x0C, 0x0B, 0x0B, 0x0C,
    0x09, 0x0B, 0x0B, 0x05, 0x03, 0x01, 0x03, 0x05, 0x0B, 0x0C, 0x0C, 0x0C, 0x0B, 0x05, 0x05, 0x0B, 0x0D, 0x0D, 0x0B, 0x0B, 0x05, 0x09, 0x09, 0x05,
    0x09, 0x0B, 0x09, 0x03, 0x05, 0x05, 0x03, 0x03, 0x05, 0x03, 0x09, 0x03, 0x03, 0x05, 0x0C, 0x09, 0x02, 0x02, 0x05, 0x05, 0x0B, 0x09, 0x0B, 0x09,
    0x0B, 0x0B, 0x0C, 0x0E, 0x0D, 0x03, 0x09, 0x0C, 0x0C, 0x0B, 0x05, 0x05, 0x05, 0x0C, 0x0B, 0x0B, 0x0B, 0x0B, 0x09, 0x03, 0x03, 0x05, 0x0B, 0x0B,
    0x0C, 0x0B, 0x05, 0x05, 0x0B, 0x0B, 0x0B, 0x0B, 0x0B, 0x0B, 0x0C, 0x0B, 0x05, 0x01, 0x0B, 0x0C, 0x0C, 0x0B, 0x05, 0x05, 0x03, 0x02, 0x03, 0x05,
    0x02, 0x03, 0x05, 0x05, 0x05, 0x02, 0x03, 0x05, 0x05, 0x03, 0x05, 0x03, 0x09, 0x05, 0x03, 0x05, 0x05, 0x05, 0x09, 0x09, 0x03, 0x03, 0x0B, 0x05,
    0x05, 0x01, 0x01, 0x04, 0x01, 0x01, 0x01, 0x02, 0x04, 0x01, 0x03, 0x03, 0x03, 0x02, 0x01, 0x04, 0x04, 0x01, 0x02, 0x02, 0x01, 0x03, 0x05, 0x05,
    0x03, 0x09, 0x09, 0x05, 0x03, 0x01, 0x03, 0x05, 0x05, 0x03, 0x03, 0x02, 0x03, 0x09, 0x0B, 0x09, 0x05, 0x05, 0x09, 0x09, 0x0B, 0x05, 0x02, 0x03,
    0x05, 0x03, 0x03, 0x03, 0x02, 0x01, 0x01, 0x02, 0x03, 0x01, 0x02, 0x03, 0x05, 0x05, 0x0B, 0x0B, 0x05, 0x05, 0x03, 0x05, 0x05, 0x05, 0x03, 0x05,
    0x0E, 0x0E, 0x0D, 0x0D, 0x0D, 0x0B, 0x0B, 0x09, 0x05, 0x03, 0x02, 0x03, 0x0B, 0x0B, 0x0C, 0x0D, 0x0B, 0x0F, 0x0B, 0x0B, 0x0C, 0x0E, 0x0A, 0x0E,
    0x0A, 0x0E, 0x0D, 0x0D, 0x0C, 0x0B, 0x0D, 0x0D, 0x0D, 0x0C, 0x0B, 0x03, 0x05, 0x05, 0x09, 0x05, 0x03, 0x05, 0x0D, 0x0E, 0x05, 0x01, 0x06, 0x02,
    0x05, 0x09, 0x0B, 0x0B, 0x09, 0x0B, 0x0B, 0x0C, 0x0F, 0x0B, 0x05, 0x09, 0x0B, 0x0B, 0x0C, 0x0C, 0x03, 0x04, 0x02, 0x03, 0x05, 0x05, 0x05, 0x0B,
    0x03, 0x09, 0x05, 0x05, 0x0B, 0x09, 0x05, 0x05, 0x05, 0x0B, 0x05, 0x03, 0x09, 0x09, 0x0B, 0x0B, 0x05, 0x05, 0x09, 0x0B, 0x0C, 0x0B, 0x0B, 0x05,
    0x03, 0x09, 0x05, 0x05, 0x05, 0x03, 0x05, 0x03, 0x05, 0x0B, 0x0B, 0x09, 0x05, 0x05, 0x03, 0x05, 0x05, 0x05, 0x03, 0x05, 0x03, 0x03, 0x05, 0x09,
    0x0D, 0x0B, 0x03, 0x05, 0x03, 0x02, 0x01, 0x06, 0x06, 0x01, 0x01, 0x01, 0x01, 0x01, 0x02, 0x04, 0x01, 0x01, 0x01, 0x03, 0x02, 0x02, 0x01, 0x03,
    0x05, 0x05, 0x05, 0x0B, 0x0B, 0x0C, 0x0C, 0x05, 0x02, 0x01, 0x03, 0x05, 0x03, 0x03, 0x03, 0x09, 0x05, 0x0C, 0x05, 0x01, 0x02, 0x03, 0x05, 0x05,
    0x05, 0x0B, 0x02, 0x03, 0x05, 0x05, 0x03, 0x03, 0x02, 0x03, 0x05, 0x05, 0x05, 0x03, 0x01, 0x02, 0x03, 0x02, 0x05, 0x05, 0x05, 0x05, 0x05, 0x05,
    0x03, 0x03, 0x03, 0x03, 0x0B, 0x0C, 0x0C, 0x0D, 0x0C, 0x0B, 0x0B, 0x09, 0x0B, 0x0B, 0x0B, 0x0D, 0x0D, 0x0D, 0x0D, 0x0F, 0x0D, 0x0C, 0x0B, 0x05,
    0x0B, 0x0C, 0x0C, 0x0C, 0x0C, 0x0D, 0x0C, 0x0B, 0x0B, 0x0E, 0x0C, 0x0B, 0x0B, 0x0B, 0x09, 0x0B, 0x05, 0x05, 0x05, 0x09, 0x05, 0x03, 0x0B, 0x0D,
    0x11, 0x0B, 0x05, 0x05, 0x05, 0x01, 0x0B, 0x03, 0x0B, 0x09, 0x0B, 0x0B, 0x0E, 0x0A, 0x0D, 0x05, 0x05, 0x05, 0x0B, 0x0C, 0x0E, 0x0D, 0x0C, 0x0C,
    0x05, 0x05, 0x09, 0x09, 0x05, 0x0D, 0x0B, 0x03, 0x03, 0x02, 0x03, 0x03, 0x05, 0x0B, 0x0B, 0x05, 0x05, 0x0B, 0x0C, 0x05, 0x09, 0x09, 0x05, 0x0B,
    0x0B, 0x0B, 0x0B, 0x03, 0x03, 0x05, 0x0B, 0x09, 0x05, 0x05, 0x01, 0x03, 0x05, 0x0B, 0x0C, 0x0D, 0x0D, 0x0B, 0x05, 0x01, 0x04, 0x06, 0x01, 0x03,
    0x09, 0x05, 0x03, 0x05, 0x0B, 0x0C, 0x09, 0x05, 0x05, 0x03, 0x02, 0x01, 0x06, 0x01, 0x01, 0x03, 0x01, 0x04, 0x01, 0x01, 0x04, 0x01, 0x02, 0x03,
    0x01, 0x02, 0x04, 0x01, 0x02, 0x03, 0x03, 0x03, 0x03, 0x05, 0x03, 0x05, 0x09, 0x0B, 0x05, 0x03, 0x01, 0x04, 0x01, 0x05, 0x0C, 0x0B, 0x0B, 0x05,
    0x05, 0x05, 0x05, 0x05, 0x03, 0x03, 0x03, 0x03, 0x01, 0x03, 0x03, 0x03, 0x03, 0x03, 0x05, 0x05, 0x05, 0x03, 0x03, 0x01, 0x06, 0x02, 0x03, 0x02,
    0x03, 0x03, 0x03, 0x02, 0x03, 0x02, 0x03, 0x03, 0x0B, 0x0B, 0x0B, 0x0B, 0x0C, 0x0C, 0x09, 0x0B, 0x0C, 0x0B, 0x0C, 0x0B, 0x09, 0x0B, 0x0E, 0x0B,
    0x0B, 0x0B, 0x0B, 0x0B, 0x09, 0x0C, 0x0C, 0x0C, 0x0C, 0x0C, 0x0B, 0x0D, 0x0A, 0x0E, 0x0D, 0x0B, 0x0B, 0x0B, 0x0D, 0x0C, 0x05, 0x03, 0x04, 0x03,
    0x05, 0x05, 0x05, 0x0C, 0x0A, 0x13, 0x0D, 0x0B, 0x05, 0x03, 0x02, 0x05, 0x05, 0x09, 0x09, 0x05, 0x05, 0x0C, 0x0B, 0x05, 0x03, 0x03, 0x05, 0x0B,
    0x0B, 0x0B, 0x0C, 0x0C, 0x0E, 0x0B, 0x02, 0x01, 0x05, 0x0B, 0x0C, 0x0B, 0x0C, 0x0C, 0x0B, 0x0B, 0x0C, 0x0C, 0x0D, 0x0D, 0x0C, 0x09, 0x0B, 0x09,
    0x03, 0x01, 0x05, 0x0B, 0x0B, 0x05, 0x05, 0x03, 0x02, 0x01, 0x02, 0x03, 0x03, 0x03, 0x05, 0x05, 0x0B, 0x0B, 0x0B, 0x0B, 0x0D, 0x05, 0x09, 0x0B,
    0x05, 0x03, 0x04, 0x05, 0x0D, 0x0B, 0x05, 0x02, 0x03, 0x09, 0x05, 0x02, 0x02, 0x03, 0x03, 0x01, 0x02, 0x01, 0x02, 0x01, 0x01, 0x06, 0x04, 0x02,
    0x03, 0x01, 0x01, 0x02, 0x01, 0x01, 0x02, 0x05, 0x05, 0x03, 0x05, 0x03, 0x03, 0x01, 0x05, 0x05, 0x05, 0x05, 0x05, 0x01, 0x02, 0x01, 0x03, 0x09,
    0x0C, 0x09, 0x09, 0x05, 0x03, 0x03, 0x03, 0x03, 0x04, 0x03, 0x03, 0x05, 0x03, 0x01, 0x02, 0x03, 0x09, 0x09, 0x05, 0x0B, 0x0B, 0x0C, 0x09, 0x05,
    0x05, 0x03, 0x03, 0x05, 0x03, 0x03, 0x01, 0x02, 0x02, 0x02, 0x02, 0x03, 0x05, 0x05, 0x09, 0x0B, 0x0B, 0x0B, 0x0D, 0x0B, 0x0B, 0x0C, 0x0C, 0x0B,
    0x05, 0x0B, 0x0B, 0x03, 0x04, 0x09, 0x0B, 0x0B, 0x0B, 0x0C, 0x0C, 0x0C, 0x0B, 0x0B, 0x0B, 0x0C, 0x0C, 0x0B, 0x0C, 0x0D, 0x0C, 0x0C, 0x0C, 0x0F,
    0x0B, 0x03, 0x05, 0x09, 0x03, 0x03, 0x03, 0x03, 0x0D, 0x0D, 0x0B, 0x0B, 0x03, 0x05, 0x02, 0x0B, 0x0B, 0x05, 0x05, 0x0B, 0x01, 0x06, 0x02, 0x03,
    0x02, 0x03, 0x05, 0x0B, 0x0B, 0x05, 0x09, 0x09, 0x0B, 0x09, 0x05, 0x05, 0x03, 0x01, 0x05, 0x0C, 0x0B, 0x0D, 0x0D, 0x0D, 0x0D, 0x0D, 0x0D, 0x0D,
    0x0C, 0x09, 0x05, 0x02, 0x02, 0x06, 0x04, 0x05, 0x03, 0x05, 0x09, 0x05, 0x0C, 0x0B, 0x0B, 0x0D, 0x0C, 0x0B, 0x09, 0x0B, 0x0C, 0x0B, 0x0B, 0x09,
    0x05, 0x05, 0x05, 0x0B, 0x05, 0x02, 0x05, 0x0B, 0x0C, 0x0B, 0x03, 0x06, 0x06, 0x04, 0x09, 0x05, 0x03, 0x02, 0x02, 0x03, 0x05, 0x01, 0x04, 0x01,
    0x01, 0x01, 0x01, 0x01, 0x02, 0x02, 0x01, 0x03, 0x02, 0x01, 0x01, 0x05, 0x05, 0x03, 0x05, 0x02, 0x02, 0x03, 0x01, 0x05, 0x01, 0x03, 0x05, 0x05,
    0x05, 0x09, 0x09, 0x05, 0x05, 0x05, 0x05, 0x05, 0x03, 0x05, 0x03, 0x05, 0x05, 0x03, 0x05, 0x03, 0x03, 0x03, 0x03, 0x05, 0x05, 0x05, 0x05, 0x05,
    0x05, 0x05, 0x0B, 0x0B, 0x0B, 0x05, 0x05, 0x03, 0x05, 0x05, 0x03, 0x01, 0x02, 0x02, 0x02, 0x01, 0x0C, 0x0D, 0x0C, 0x0B, 0x0B, 0x05, 0x05, 0x05,
    0x0B, 0x0C, 0x0B, 0x0B, 0x05, 0x0B, 0x09, 0x0B, 0x0B, 0x0B, 0x0B, 0x0B, 0x0C, 0x0C, 0x05, 0x05, 0x0B, 0x0B, 0x0C, 0x0C, 0x0B, 0x05, 0x0B, 0x0B,
    0x0B, 0x0D, 0x0B, 0x09, 0x09, 0x05, 0x0D, 0x0B, 0x0B, 0x0C, 0x0B, 0x03, 0x01, 0x03, 0x0B, 0x0B, 0x05, 0x05, 0x03, 0x05, 0x0B, 0x05, 0x05, 0x0B,
    0x0F, 0x0D, 0x0B, 0x02, 0x03, 0x06, 0x04, 0x01, 0x03, 0x0B, 0x09, 0x09, 0x05, 0x05, 0x09, 0x09, 0x0B, 0x05, 0x05, 0x05, 0x0B, 0x0C, 0x05, 0x09,
    0x05, 0x0B, 0x09, 0x0C, 0x03, 0x09, 0x05, 0x03, 0x03, 0x0B, 0x05, 0x02, 0x05, 0x03, 0x05, 0x09, 0x0B, 0x0F, 0x0E, 0x0D, 0x0C, 0x0D, 0x0C, 0x09,
    0x0B, 0x0B, 0x09, 0x0B, 0x09, 0x0B, 0x02, 0x0B, 0x05, 0x01, 0x09, 0x0C, 0x09, 0x05, 0x01, 0x04, 0x06, 0x01, 0x05, 0x05, 0x02, 0x06, 0x06, 0x02,
    0x01, 0x01, 0x06, 0x02, 0x01, 0x01, 0x01, 0x01, 0x01, 0x01, 0x02, 0x06, 0x02, 0x09, 0x03, 0x03, 0x03, 0x03, 0x03, 0x03, 0x05, 0x05, 0x03, 0x05,
    0x03, 0x03, 0x03, 0x05, 0x03, 0x03, 0x03, 0x03, 0x03, 0x05, 0x09, 0x09, 0x03, 0x03, 0x03, 0x03, 0x03, 0x03, 0x03, 0x03, 0x02, 0x02, 0x03, 0x05,
    0x05, 0x05, 0x05, 0x05, 0x05, 0x05, 0x05, 0x05, 0x05, 0x09, 0x09, 0x03, 0x03, 0x03, 0x03, 0x02, 0x01, 0x04, 0x04, 0x04, 0x0E, 0x0B, 0x0B, 0x0B,
    0x0B, 0x05, 0x0B, 0x0D, 0x09, 0x09, 0x0D, 0x0C, 0x0B, 0x05, 0x0B, 0x0E, 0x0D, 0x0E, 0x0C, 0x05, 0x05, 0x02, 0x09, 0x03, 0x02, 0x02, 0x0C, 0x0C,
    0x0F, 0x0D, 0x0C, 0x0B, 0x09, 0x09, 0x02, 0x02, 0x02, 0x05, 0x09, 0x05, 0x05, 0x05, 0x09, 0x0C, 0x05, 0x09, 0x0C, 0x0F, 0x0E, 0x05, 0x01, 0x04,
    0x05, 0x0B, 0x0B, 0x05, 0x0B, 0x09, 0x09, 0x0B, 0x0B, 0x05, 0x0B, 0x05, 0x0C, 0x0C, 0x05, 0x03, 0x05, 0x02, 0x0B, 0x0E, 0x0C, 0x05, 0x09, 0x05,
    0x05, 0x09, 0x05, 0x02, 0x03, 0x03, 0x03, 0x03, 0x03, 0x05, 0x0E, 0x0D, 0x0D, 0x0F, 0x09, 0x05, 0x09, 0x05, 0x0B, 0x0B, 0x0E, 0x0D, 0x0D, 0x0B,
    0x09, 0x09, 0x05, 0x05, 0x0B, 0x09, 0x05, 0x0B, 0x05, 0x0B, 0x03, 0x01, 0x03, 0x03, 0x09, 0x05, 0x03, 0x03, 0x05, 0x03, 0x03, 0x05, 0x0B, 0x09,
    0x05, 0x02, 0x01, 0x05, 0x05, 0x01, 0x06, 0x01, 0x01, 0x02, 0x02, 0x02, 0x05, 0x03, 0x04, 0x01, 0x05, 0x01, 0x01, 0x04, 0x04, 0x01, 0x09, 0x05,
    0x0B, 0x01, 0x03, 0x03, 0x03, 0x05, 0x02, 0x01, 0x01, 0x05, 0x0B, 0x05, 0x05, 0x03, 0x05, 0x05, 0x03, 0x03, 0x03, 0x03, 0x03, 0x03, 0x03, 0x03,
    0x03, 0x09, 0x09, 0x05, 0x05, 0x05, 0x05, 0x05, 0x03, 0x03, 0x05, 0x05, 0x02, 0x05, 0x05, 0x05, 0x05, 0x03, 0x05, 0x02, 0x06, 0x06, 0x01, 0x02,
    0x09, 0x0C, 0x0D, 0x0B, 0x0C, 0x0C, 0x0D, 0x09, 0x05, 0x05, 0x09, 0x09, 0x0B, 0x0B, 0x0B, 0x0C, 0x0B, 0x0C, 0x0C, 0x0B, 0x0C, 0x0D, 0x0D, 0x0D,
    0x0B, 0x0B, 0x0E, 0x0B, 0x0B, 0x0C, 0x0C, 0x0B, 0x0B, 0x0C, 0x03, 0x06, 0x06, 0x0B, 0x0B, 0x0B, 0x0B, 0x05, 0x09, 0x0D, 0x0A, 0x0F, 0x0B, 0x0C,
    0x01, 0x02, 0x03, 0x0C, 0x0C, 0x05, 0x0B, 0x05, 0x0B, 0x03, 0x02, 0x03, 0x09, 0x09, 0x0B, 0x0B, 0x09, 0x0D, 0x0E, 0x0B, 0x05, 0x09, 0x0E, 0x0C,
    0x03, 0x03, 0x01, 0x05, 0x02, 0x01, 0x01, 0x02, 0x05, 0x05, 0x05, 0x05, 0x02, 0x02, 0x03, 0x03, 0x03, 0x0B, 0x0B, 0x05, 0x02, 0x05, 0x05, 0x05,
    0x0B, 0x0B, 0x0C, 0x0B, 0x03, 0x01, 0x05, 0x0B, 0x05, 0x03, 0x0B, 0x09, 0x09, 0x0C, 0x05, 0x05, 0x04, 0x03, 0x05, 0x05, 0x02, 0x02, 0x03, 0x09,
    0x0B, 0x0C, 0x0B, 0x03, 0x09, 0x03, 0x04, 0x05, 0x06, 0x03, 0x01, 0x06, 0x06, 0x06, 0x01, 0x01, 0x01, 0x03, 0x05, 0x03, 0x03, 0x03, 0x03, 0x09,
    0x05, 0x09, 0x05, 0x03, 0x09, 0x03, 0x03, 0x03, 0x03, 0x03, 0x05, 0x02, 0x03, 0x03, 0x05, 0x03, 0x05, 0x03, 0x02, 0x01, 0x05, 0x05, 0x05, 0x03,
    0x05, 0x03, 0x05, 0x05, 0x03, 0x03, 0x05, 0x05, 0x05, 0x05, 0x05, 0x05, 0x05, 0x05, 0x0B, 0x0C, 0x0B, 0x03, 0x03, 0x03, 0x05, 0x05, 0x03, 0x01,
    0x06, 0x02, 0x02, 0x03, 0x0B, 0x03, 0x05, 0x05, 0x0B, 0x09, 0x09, 0x05, 0x09, 0x09, 0x05, 0x09, 0x0B, 0x0C, 0x0B, 0x0B, 0x09, 0x0C, 0x0E, 0x0D,
    0x0C, 0x0B, 0x0B, 0x0B, 0x0C, 0x0C, 0x0B, 0x0C, 0x0C, 0x0B, 0x0B, 0x0B, 0x09, 0x05, 0x06, 0x01, 0x09, 0x0C, 0x0B, 0x05, 0x03, 0x05, 0x05, 0x05,
    0x0F, 0x09, 0x0B, 0x0D, 0x0C, 0x02, 0x0B, 0x0E, 0x0B, 0x0B, 0x0B, 0x05, 0x05, 0x0D, 0x05, 0x05, 0x05, 0x05, 0x09, 0x02, 0x01, 0x02, 0x01, 0x0B,
    0x0B, 0x05, 0x0B, 0x09, 0x05, 0x03, 0x03, 0x09, 0x05, 0x05, 0x02, 0x02, 0x02, 0x01, 0x03, 0x03, 0x05, 0x02, 0x05, 0x09, 0x03, 0x03, 0x0B, 0x0B,
    0x03, 0x05, 0x02, 0x09, 0x09, 0x09, 0x0B, 0x0B, 0x0B, 0x05, 0x0B, 0x0B, 0x0B, 0x05, 0x09, 0x05, 0x05, 0x09, 0x05, 0x02, 0x06, 0x02, 0x09, 0x09,
    0x0B, 0x03, 0x01, 0x0B, 0x0D, 0x0B, 0x05, 0x02, 0x03, 0x05, 0x05, 0x01, 0x01, 0x05, 0x03, 0x02, 0x06, 0x02, 0x01, 0x01, 0x01, 0x03, 0x03, 0x09,
    0x05, 0x01, 0x03, 0x03, 0x03, 0x05, 0x05, 0x05, 0x05, 0x05, 0x01, 0x03, 0x05, 0x03, 0x05, 0x05, 0x05, 0x03, 0x05, 0x03, 0x05, 0x03, 0x01, 0x05,
    0x05, 0x05, 0x03, 0x03, 0x09, 0x05, 0x09, 0x09, 0x05, 0x05, 0x03, 0x03, 0x05, 0x05, 0x03, 0x05, 0x05, 0x05, 0x05, 0x05, 0x03, 0x03, 0x03, 0x05,
    0x03, 0x03, 0x03, 0x03, 0x01, 0x04, 0x01, 0x02, 0x05, 0x05, 0x02, 0x04, 0x02, 0x05, 0x0C, 0x0B, 0x0B, 0x09, 0x03, 0x05, 0x09, 0x0B, 0x0B, 0x05,
    0x03, 0x05, 0x0B, 0x0F, 0x0C, 0x05, 0x05, 0x0B, 0x0D, 0x0B, 0x0B, 0x03, 0x05, 0x0B, 0x0B, 0x0B, 0x0B, 0x0C, 0x05, 0x0D, 0x0D, 0x09, 0x05, 0x05,
    0x03, 0x05, 0x05, 0x03, 0x03, 0x0B, 0x0D, 0x0C, 0x0D, 0x11, 0x0D, 0x0B, 0x05, 0x03, 0x05, 0x05, 0x05, 0x09, 0x0D, 0x0C, 0x0B, 0x05, 0x0B, 0x0B,
    0x0B, 0x11, 0x0F, 0x05, 0x02, 0x02, 0x01, 0x05, 0x05, 0x02, 0x02, 0x02, 0x05, 0x05, 0x05, 0x06, 0x06, 0x06, 0x06, 0x06, 0x01, 0x03, 0x0B, 0x09,
    0x03, 0x02, 0x02, 0x0B, 0x0F, 0x0E, 0x05, 0x05, 0x0D, 0x0E, 0x0D, 0x0B, 0x0B, 0x0B, 0x09, 0x05, 0x0B, 0x0B, 0x09, 0x05, 0x0B, 0x05, 0x09, 0x04,
    0x03, 0x05, 0x05, 0x05, 0x02, 0x02, 0x0B, 0x0B, 0x09, 0x09, 0x05, 0x02, 0x01, 0x05, 0x09, 0x03, 0x05, 0x03, 0x05, 0x03, 0x02, 0x05, 0x03, 0x01,
    0x01, 0x01, 0x03, 0x05, 0x05, 0x03, 0x01, 0x06, 0x05, 0x09, 0x01, 0x01, 0x01, 0x09, 0x05, 0x04, 0x02, 0x05, 0x09, 0x09, 0x05, 0x05, 0x03, 0x03,
    0x03, 0x05, 0x0B, 0x09, 0x02, 0x05, 0x05, 0x09, 0x05, 0x09, 0x05, 0x09, 0x03, 0x02, 0x01, 0x03, 0x03, 0x05, 0x05, 0x05, 0x05, 0x03, 0x03, 0x05,
    0x02, 0x05, 0x05, 0x01, 0x05, 0x05, 0x03, 0x03, 0x02, 0x02, 0x02, 0x04, 0x09, 0x05, 0x05, 0x05, 0x0C, 0x0E, 0x0C, 0x0C, 0x0C, 0x0B, 0x05, 0x05,
    0x0D, 0x0B, 0x03, 0x05, 0x09, 0x0B, 0x0B, 0x0D, 0x0B, 0x0B, 0x09, 0x05, 0x05, 0x0B, 0x0B, 0x0D, 0x0B, 0x0B, 0x0B, 0x0D, 0x0F, 0x0D, 0x0D, 0x0C,
    0x05, 0x0B, 0x03, 0x02, 0x03, 0x05, 0x03, 0x03, 0x03, 0x01, 0x01, 0x02, 0x05, 0x09, 0x05, 0x05, 0x05, 0x05, 0x05, 0x03, 0x03, 0x05, 0x05, 0x0B,
    0x05, 0x09, 0x05, 0x09, 0x0B, 0x0D, 0x0B, 0x0B, 0x0E, 0x09, 0x04, 0x04, 0x05, 0x0B, 0x0E, 0x0D, 0x0D, 0x09, 0x05, 0x05, 0x03, 0x02, 0x03, 0x05,
    0x05, 0x0D, 0x05, 0x02, 0x03, 0x05, 0x05, 0x0B, 0x0B, 0x09, 0x05, 0x0C, 0x0B, 0x0B, 0x0B, 0x09, 0x0B, 0x09, 0x0B, 0x0B, 0x05, 0x05, 0x05, 0x05,
    0x0B, 0x02, 0x03, 0x02, 0x05, 0x05, 0x09, 0x0B, 0x0B, 0x0B, 0x09, 0x0B, 0x09, 0x02, 0x04, 0x02, 0x03, 0x05, 0x05, 0x03, 0x05, 0x02, 0x05, 0x09,
    0x09, 0x05, 0x05, 0x01, 0x01, 0x06, 0x01, 0x01, 0x01, 0x01, 0x01, 0x02, 0x02, 0x01, 0x03, 0x02, 0x01, 0x0C, 0x0C, 0x03, 0x03, 0x05, 0x09, 0x05,
    0x03, 0x03, 0x03, 0x01, 0x01, 0x02, 0x09, 0x0C, 0x05, 0x03, 0x05, 0x05, 0x05, 0x03, 0x03, 0x03, 0x03, 0x03, 0x02, 0x03, 0x02, 0x02, 0x05, 0x05,
    0x05, 0x05, 0x03, 0x03, 0x05, 0x03, 0x05, 0x05, 0x05, 0x05, 0x05, 0x03, 0x05, 0x05, 0x03, 0x02, 0x0C, 0x0B, 0x0C, 0x0D, 0x05, 0x0B, 0x0B, 0x0B,
    0x0B, 0x0C, 0x0E, 0x0A, 0x0D, 0x0B, 0x02, 0x0B, 0x05, 0x0C, 0x0C, 0x0B, 0x05, 0x05, 0x05, 0x05, 0x0B, 0x0D, 0x0E, 0x0C, 0x0B, 0x09, 0x0B, 0x0B,
    0x05, 0x0B, 0x05, 0x03, 0x02, 0x03, 0x01, 0x05, 0x05, 0x03, 0x01, 0x02, 0x02, 0x04, 0x06, 0x06, 0x01, 0x03, 0x05, 0x05, 0x05, 0x05, 0x05, 0x05,
    0x05, 0x05, 0x03, 0x09, 0x0B, 0x03, 0x03, 0x05, 0x03, 0x09, 0x05, 0x05, 0x05, 0x0D, 0x0D, 0x01, 0x04, 0x0B, 0x0C, 0x0C, 0x0B, 0x0D, 0x0C, 0x0B,
    0x05, 0x05, 0x09, 0x0B, 0x0C, 0x0B, 0x05, 0x03, 0x0B, 0x0C, 0x0E, 0x0B, 0x09, 0x05, 0x05, 0x09, 0x0D, 0x05, 0x05, 0x09, 0x05, 0x0B, 0x05, 0x0B,
    0x09, 0x05, 0x02, 0x04, 0x02, 0x01, 0x01, 0x03, 0x05, 0x05, 0x03, 0x09, 0x0B, 0x0B, 0x05, 0x02, 0x05, 0x05, 0x03, 0x05, 0x03, 0x02, 0x05, 0x09,
    0x02, 0x01, 0x05, 0x05, 0x03, 0x01, 0x02, 0x03, 0x01, 0x01, 0x05, 0x01, 0x06, 0x04, 0x01, 0x05, 0x05, 0x05, 0x09, 0x05, 0x05, 0x01, 0x0D, 0x0C,
    0x0C, 0x0C, 0x09, 0x05, 0x03, 0x05, 0x03, 0x02, 0x03, 0x03, 0x05, 0x09, 0x03, 0x02, 0x01, 0x02, 0x01, 0x01, 0x02, 0x03, 0x03, 0x05, 0x03, 0x03,
    0x02, 0x02, 0x01, 0x02, 0x05, 0x05, 0x05, 0x03, 0x05, 0x05, 0x05, 0x03, 0x05, 0x03, 0x02, 0x03, 0x02, 0x01, 0x05, 0x0B, 0x0C, 0x0C, 0x0C, 0x0B,
    0x05, 0x03, 0x05, 0x0B, 0x05, 0x05, 0x09, 0x0B, 0x0B, 0x0C, 0x0E, 0x0B, 0x0E, 0x0C, 0x0B, 0x0B, 0x0C, 0x0B, 0x03, 0x05, 0x05, 0x0C, 0x0B, 0x0B,
    0x0B, 0x0B, 0x0B, 0x05, 0x05, 0x0B, 0x05, 0x05, 0x0B, 0x0B, 0x03, 0x03, 0x03, 0x03, 0x04, 0x06, 0x06, 0x06, 0x04, 0x01, 0x03, 0x05, 0x05, 0x05,
    0x09, 0x05, 0x05, 0x03, 0x03, 0x01, 0x03, 0x03, 0x09, 0x0B, 0x0B, 0x0C, 0x05, 0x04, 0x05, 0x03, 0x09, 0x05, 0x0B, 0x05, 0x05, 0x0B, 0x09, 0x0B,
    0x0B, 0x09, 0x0B, 0x0B, 0x0B, 0x0B, 0x0D, 0x0E, 0x0B, 0x05, 0x05, 0x0B, 0x0C, 0x0C, 0x0D, 0x0B, 0x03, 0x09, 0x09, 0x03, 0x09, 0x0B, 0x0B, 0x0B,
    0x0B, 0x09, 0x0B, 0x0B, 0x0B, 0x03, 0x04, 0x01, 0x04, 0x04, 0x04, 0x05, 0x09, 0x05, 0x05, 0x05, 0x09, 0x05, 0x03, 0x03, 0x03, 0x0B, 0x09, 0x05,
    0x03, 0x03, 0x06, 0x05, 0x02, 0x02, 0x03, 0x03, 0x03, 0x03, 0x01, 0x03, 0x03, 0x03, 0x03, 0x03, 0x01, 0x01, 0x01, 0x02, 0x03, 0x09, 0x0C, 0x0C,
    0x05, 0x03, 0x05, 0x05, 0x09, 0x0B, 0x0B, 0x09, 0x05, 0x01, 0x02, 0x02, 0x09, 0x09, 0x03, 0x01, 0x03, 0x02, 0x03, 0x03, 0x03, 0x03, 0x02, 0x01,
    0x03, 0x03, 0x03, 0x03, 0x05, 0x03, 0x02, 0x02, 0x03, 0x05, 0x05, 0x05, 0x05, 0x02, 0x02, 0x02, 0x05, 0x05, 0x05, 0x05, 0x01, 0x03, 0x05, 0x05,
    0x0B, 0x0B, 0x0C, 0x0C, 0x05, 0x05, 0x03, 0x02, 0x06, 0x01, 0x05, 0x05, 0x05, 0x0B, 0x05, 0x05, 0x0A, 0x0D, 0x0B, 0x0B, 0x0B, 0x09, 0x0C, 0x0B,
    0x05, 0x0B, 0x0C, 0x0B, 0x0B, 0x09, 0x0B, 0x0B, 0x0B, 0x0B, 0x0F, 0x0F, 0x0D, 0x09, 0x03, 0x01, 0x01, 0x02, 0x05, 0x01, 0x04, 0x01, 0x05, 0x0B,
    0x05, 0x05, 0x05, 0x05, 0x05, 0x05, 0x09, 0x03, 0x03, 0x01, 0x03, 0x03, 0x05, 0x0D, 0x0E, 0x0C, 0x0C, 0x05, 0x01, 0x05, 0x05, 0x05, 0x0E, 0x0D,
    0x0C, 0x05, 0x05, 0x03, 0x05, 0x05, 0x05, 0x05, 0x05, 0x09, 0x0D, 0x09, 0x05, 0x01, 0x09, 0x0B, 0x0B, 0x0B, 0x05, 0x05, 0x05, 0x0B, 0x09, 0x01,
    0x01, 0x09, 0x0D, 0x0C, 0x05, 0x05, 0x0B, 0x05, 0x05, 0x02, 0x02, 0x02, 0x03, 0x02, 0x05, 0x09, 0x0C, 0x05, 0x09, 0x05, 0x03, 0x01, 0x02, 0x02,
    0x02, 0x01, 0x01, 0x03, 0x05, 0x03, 0x01, 0x02, 0x03, 0x03, 0x03, 0x09, 0x05, 0x03, 0x01, 0x02, 0x01, 0x01, 0x01, 0x01, 0x05, 0x09, 0x03, 0x04,
    0x03, 0x0B, 0x05, 0x0C, 0x09, 0x01, 0x03, 0x05, 0x05, 0x09, 0x09, 0x09, 0x05, 0x02, 0x05, 0x0B, 0x0B, 0x05, 0x02, 0x02, 0x04, 0x02, 0x03, 0x05,
    0x09, 0x03, 0x03, 0x03, 0x03, 0x03, 0x03, 0x03, 0x05, 0x05, 0x03, 0x03, 0x09, 0x0C, 0x09, 0x0B, 0x05, 0x03, 0x05, 0x05, 0x0B, 0x05, 0x03, 0x05,
    0x05, 0x0B, 0x05, 0x01, 0x0C, 0x0C, 0x0D, 0x0D, 0x0B, 0x05, 0x0B, 0x05, 0x02, 0x0D, 0x0C, 0x02, 0x03, 0x0B, 0x05, 0x05, 0x05, 0x09, 0x09, 0x09,
    0x0B, 0x0B, 0x09, 0x0B, 0x0B, 0x05, 0x05, 0x0B, 0x0B, 0x05, 0x0B, 0x05, 0x0B, 0x0C, 0x05, 0x05, 0x03, 0x01, 0x03, 0x04, 0x06, 0x01, 0x03, 0x05,
    0x09, 0x0C, 0x05, 0x05, 0x05, 0x05, 0x05, 0x09, 0x05, 0x0B, 0x03, 0x03, 0x03, 0x03, 0x03, 0x03, 0x03, 0x03, 0x05, 0x0C, 0x0D, 0x0D, 0x03, 0x03,
    0x05, 0x09, 0x0B, 0x0D, 0x0E, 0x09, 0x02, 0x02, 0x03, 0x03, 0x05, 0x05, 0x03, 0x05, 0x03, 0x05, 0x03, 0x05, 0x0B, 0x0B, 0x0B, 0x09, 0x05, 0x0B,
    0x09, 0x0C, 0x0E, 0x0C, 0x01, 0x06, 0x05, 0x0C, 0x0B, 0x0B, 0x0B, 0x05, 0x03, 0x05, 0x09, 0x05, 0x05, 0x09, 0x09, 0x0C, 0x05, 0x03, 0x09, 0x03,
    0x03, 0x02, 0x01, 0x02, 0x05, 0x05, 0x03, 0x03, 0x03, 0x03, 0x02, 0x04, 0x03, 0x05, 0x05, 0x05, 0x01, 0x02, 0x03, 0x03, 0x03, 0x01, 0x01, 0x01,
    0x01, 0x01, 0x01, 0x05, 0x03, 0x05, 0x05, 0x05, 0x05, 0x0B, 0x05, 0x05, 0x05, 0x05, 0x05, 0x05, 0x05, 0x03, 0x05, 0x05, 0x03, 0x03, 0x03, 0x01,
    0x05, 0x05, 0x05, 0x01, 0x03, 0x03, 0x05, 0x05, 0x03, 0x03, 0x05, 0x03, 0x03, 0x03, 0x03, 0x05, 0x09, 0x0B, 0x05, 0x05, 0x05, 0x0B, 0x0B, 0x09,
    0x03, 0x03, 0x03, 0x02, 0x05, 0x05, 0x0B, 0x05, 0x0B, 0x0B, 0x0C, 0x0C, 0x0C, 0x0D, 0x0B, 0x0C, 0x0D, 0x0B, 0x0B, 0x02, 0x04, 0x05, 0x0D, 0x09,
    0x03, 0x03, 0x05, 0x09, 0x09, 0x05, 0x0B, 0x0B, 0x0B, 0x05, 0x02, 0x09, 0x05, 0x05, 0x05, 0x0B, 0x09, 0x05, 0x05, 0x03, 0x01, 0x01, 0x03, 0x01,
    0x02, 0x05, 0x05, 0x05, 0x09, 0x05, 0x03, 0x03, 0x05, 0x05, 0x05, 0x05, 0x03, 0x05, 0x03, 0x05, 0x03, 0x03, 0x03, 0x05, 0x05, 0x05, 0x05, 0x05,
    0x09, 0x0D, 0x0D, 0x0B, 0x03, 0x02, 0x02, 0x02, 0x03, 0x05, 0x03, 0x09, 0x0B, 0x0B, 0x05, 0x0C, 0x03, 0x04, 0x04, 0x01, 0x01, 0x05, 0x0B, 0x09,
    0x05, 0x02, 0x09, 0x0D, 0x0C, 0x0D, 0x0D, 0x0F, 0x0D, 0x05, 0x03, 0x09, 0x0B, 0x0B, 0x05, 0x03, 0x05, 0x09, 0x0D, 0x0B, 0x03, 0x09, 0x0B, 0x0B,
    0x03, 0x03, 0x09, 0x05, 0x02, 0x05, 0x03, 0x02, 0x03, 0x05, 0x05, 0x02, 0x04, 0x01, 0x05, 0x02, 0x01, 0x09, 0x05, 0x05, 0x03, 0x05, 0x05, 0x03,
    0x02, 0x04, 0x04, 0x01, 0x04, 0x04, 0x02, 0x05, 0x09, 0x05, 0x02, 0x03, 0x05, 0x05, 0x0B, 0x03, 0x05, 0x05, 0x03, 0x03, 0x05, 0x09, 0x0B, 0x05,
    0x02, 0x01, 0x0B, 0x0B, 0x0C, 0x0C, 0x05, 0x09, 0x02, 0x02, 0x05, 0x05, 0x05, 0x05, 0x03, 0x03, 0x03, 0x05, 0x05, 0x05, 0x05, 0x05, 0x05, 0x05,
    0x05, 0x0C, 0x0B, 0x05, 0x05, 0x02, 0x02, 0x03, 0x05, 0x05, 0x03, 0x03, 0x0B, 0x0C, 0x0B, 0x0F, 0x0F, 0x0A, 0x0A, 0x0A, 0x0E, 0x05, 0x0B, 0x0D,
    0x0C, 0x09, 0x0C, 0x0B, 0x05, 0x05, 0x05, 0x0B, 0x0B, 0x0E, 0x0C, 0x05, 0x05, 0x0B, 0x05, 0x05, 0x05, 0x05, 0x05, 0x05, 0x03, 0x05, 0x05, 0x03,
    0x03, 0x03, 0x03, 0x05, 0x05, 0x03, 0x05, 0x0D, 0x0D, 0x09, 0x05, 0x03, 0x03, 0x05, 0x03, 0x03, 0x05, 0x09, 0x01, 0x01, 0x03, 0x05, 0x03, 0x03,
    0x05, 0x05, 0x05, 0x05, 0x05, 0x05, 0x05, 0x0C, 0x0D, 0x0C, 0x03, 0x02, 0x02, 0x03, 0x05, 0x03, 0x05, 0x05, 0x09, 0x09, 0x05, 0x05, 0x05, 0x09,
    0x05, 0x03, 0x03, 0x05, 0x03, 0x0B, 0x05, 0x09, 0x0C, 0x0B, 0x09, 0x09, 0x05, 0x0C, 0x0C, 0x0D, 0x05, 0x03, 0x05, 0x09, 0x0C, 0x05, 0x05, 0x03,
    0x02, 0x02, 0x03, 0x03, 0x03, 0x09, 0x05, 0x01, 0x03, 0x01, 0x03, 0x01, 0x02, 0x05, 0x09, 0x05, 0x05, 0x05, 0x03, 0x03, 0x02, 0x05, 0x05, 0x05,
    0x0B, 0x0B, 0x03, 0x03, 0x02, 0x02, 0x02, 0x01, 0x01, 0x09, 0x09, 0x03, 0x03, 0x02, 0x05, 0x03, 0x05, 0x04, 0x03, 0x03, 0x05, 0x03, 0x09, 0x03,
    0x03, 0x03, 0x02, 0x02, 0x01, 0x02, 0x05, 0x05, 0x05, 0x05, 0x0B, 0x0B, 0x03, 0x01, 0x01, 0x03, 0x09, 0x02, 0x01, 0x01, 0x03, 0x05, 0x09, 0x09,
    0x03, 0x01, 0x05, 0x05, 0x03, 0x03, 0x05, 0x05, 0x05, 0x05, 0x03, 0x03, 0x05, 0x05, 0x03, 0x05, 0x0F, 0x0B, 0x0B, 0x0C, 0x0D, 0x0C, 0x0D, 0x0D,
    0x0B, 0x05, 0x0B, 0x0C, 0x0C, 0x05, 0x05, 0x05, 0x0B, 0x09, 0x0B, 0x09, 0x0D, 0x0C, 0x09, 0x0B, 0x0B, 0x09, 0x05, 0x05, 0x05, 0x05, 0x05, 0x05,
    0x05, 0x09, 0x03, 0x09, 0x03, 0x03, 0x03, 0x0C, 0x0F, 0x0B, 0x05, 0x05, 0x05, 0x05, 0x05, 0x03, 0x03, 0x03, 0x03, 0x02, 0x02, 0x03, 0x05, 0x02,
    0x02, 0x03, 0x05, 0x09, 0x05, 0x05, 0x05, 0x05, 0x05, 0x05, 0x0B, 0x09, 0x05, 0x09, 0x05, 0x01, 0x03, 0x0C, 0x09, 0x02, 0x06, 0x01, 0x03, 0x03,
    0x05, 0x09, 0x03, 0x03, 0x05, 0x02, 0x04, 0x03, 0x0D, 0x09, 0x05, 0x09, 0x05, 0x09, 0x05, 0x09, 0x05, 0x0B, 0x0B, 0x05, 0x05, 0x0B, 0x0B, 0x05,
    0x03, 0x03, 0x05, 0x03, 0x02, 0x06, 0x03, 0x03, 0x05, 0x03, 0x03, 0x03, 0x01, 0x09, 0x0C, 0x0B, 0x05, 0x03, 0x09, 0x0B, 0x0D, 0x0C, 0x05, 0x05,
    0x02, 0x04, 0x02, 0x03, 0x05, 0x03, 0x01, 0x03, 0x01, 0x02, 0x02, 0x02, 0x05, 0x05, 0x03, 0x03, 0x03, 0x09, 0x03, 0x02, 0x06, 0x04, 0x06, 0x06,
    0x06, 0x04, 0x02, 0x01, 0x03, 0x05, 0x03, 0x03, 0x05, 0x05, 0x03, 0x05, 0x03, 0x05, 0x09, 0x05, 0x01, 0x03, 0x01, 0x05, 0x02, 0x05, 0x03, 0x03,
    0x05, 0x09, 0x05, 0x03, 0x05, 0x03, 0x02, 0x01, 0x03, 0x05, 0x05, 0x09, 0x05, 0x0C, 0x0C, 0x05, 0x03, 0x01, 0x05, 0x05, 0x0D, 0x0E, 0x0C, 0x0B,
    0x0B, 0x0C, 0x0B, 0x09, 0x0B, 0x05, 0x05, 0x09, 0x09, 0x03, 0x01, 0x02, 0x05, 0x03, 0x05, 0x05, 0x03, 0x02, 0x01, 0x01, 0x02, 0x05, 0x0C, 0x0D,
    0x0B, 0x0B, 0x05, 0x09, 0x0B, 0x05, 0x09, 0x05, 0x09, 0x05, 0x0B, 0x03, 0x03, 0x0B, 0x0D, 0x09, 0x02, 0x03, 0x05, 0x03, 0x03, 0x01, 0x09, 0x02,
    0x01, 0x02, 0x05, 0x05, 0x05, 0x05, 0x05, 0x05, 0x05, 0x05, 0x05, 0x05, 0x05, 0x05, 0x05, 0x05, 0x05, 0x05, 0x05, 0x04, 0x06, 0x03, 0x0C, 0x05,
    0x03, 0x03, 0x06, 0x04, 0x03, 0x05, 0x0B, 0x05, 0x05, 0x0C, 0x0B, 0x02, 0x0B, 0x0B, 0x09, 0x09, 0x05, 0x0B, 0x05, 0x0B, 0x05, 0x05, 0x05, 0x05,
    0x0B, 0x0C, 0x09, 0x05, 0x05, 0x05, 0x02, 0x03, 0x0B, 0x05, 0x03, 0x09, 0x05, 0x03, 0x02, 0x02, 0x03, 0x05, 0x05, 0x03, 0x03, 0x03, 0x05, 0x05,
    0x03, 0x02, 0x0B, 0x05, 0x02, 0x02, 0x01, 0x09, 0x05, 0x03, 0x05, 0x05, 0x03, 0x03, 0x02, 0x02, 0x01, 0x01, 0x05, 0x05, 0x02, 0x05, 0x03, 0x03,
    0x02, 0x0C, 0x0D, 0x0E, 0x0B, 0x03, 0x05, 0x03, 0x05, 0x02, 0x01, 0x02, 0x09, 0x0B, 0x05, 0x03, 0x03, 0x03, 0x05, 0x03, 0x03, 0x03, 0x01, 0x01,
    0x02, 0x03, 0x03, 0x05, 0x09, 0x0B, 0x09, 0x09, 0x03, 0x05, 0x03, 0x03, 0x02, 0x03, 0x05, 0x03, 0x05, 0x05, 0x03, 0x02, 0x03, 0x03, 0x03, 0x02,
    0x05, 0x0D, 0x0E, 0x0B, 0x0C, 0x0B, 0x09, 0x0B, 0x0C, 0x05, 0x05, 0x05, 0x09, 0x0C, 0x0B, 0x05, 0x02, 0x01, 0x03, 0x03, 0x02, 0x01, 0x02, 0x09,
    0x0C, 0x0D, 0x0B, 0x09, 0x0B, 0x09, 0x09, 0x0B, 0x09, 0x05, 0x0B, 0x0B, 0x05, 0x0B, 0x09, 0x05, 0x05, 0x05, 0x05, 0x05, 0x05, 0x05, 0x01, 0x03,
    0x02, 0x05, 0x03, 0x03, 0x05, 0x04, 0x05, 0x03, 0x05, 0x03, 0x01, 0x02, 0x03, 0x05, 0x03, 0x02, 0x02, 0x01, 0x03, 0x05, 0x05, 0x02, 0x05, 0x05,
    0x09, 0x09, 0x0E, 0x0D, 0x0E, 0x0F, 0x0D, 0x02, 0x01, 0x02, 0x05, 0x02, 0x02, 0x09, 0x0E, 0x09, 0x05, 0x03, 0x05, 0x05, 0x05, 0x01, 0x03, 0x05,
    0x03, 0x05, 0x0B, 0x05, 0x05, 0x05, 0x0B, 0x0C, 0x0C, 0x05, 0x0B, 0x05, 0x03, 0x02, 0x06, 0x05, 0x01, 0x06, 0x06, 0x02, 0x03, 0x02, 0x03, 0x02,
    0x01, 0x02, 0x03, 0x03, 0x04, 0x01, 0x01, 0x05, 0x05, 0x03, 0x02, 0x05, 0x03, 0x01, 0x03, 0x01, 0x06, 0x06, 0x04, 0x01, 0x01, 0x02, 0x03, 0x03,
    0x05, 0x05, 0x09, 0x0C, 0x0C, 0x05, 0x05, 0x09, 0x0C, 0x0C, 0x09, 0x05, 0x05, 0x05, 0x05, 0x05, 0x09, 0x09, 0x0B, 0x05, 0x05, 0x05, 0x03, 0x02,
    0x01, 0x03, 0x03, 0x01, 0x01, 0x03, 0x0B, 0x0B, 0x05, 0x05, 0x05, 0x05, 0x03, 0x03, 0x05, 0x05, 0x05, 0x03, 0x03, 0x03, 0x03, 0x03, 0x03, 0x03,
    0x05, 0x01, 0x01, 0x01, 0x03, 0x03, 0x05, 0x0B, 0x0B, 0x0B, 0x05, 0x0B, 0x0B, 0x05, 0x03, 0x05, 0x05, 0x05, 0x0C, 0x05, 0x03, 0x03, 0x02, 0x03,
    0x03, 0x03, 0x03, 0x03, 0x05, 0x0B, 0x0C, 0x0B, 0x0C, 0x09, 0x0B, 0x09, 0x05, 0x0B, 0x05, 0x03, 0x05, 0x0B, 0x0C, 0x0B, 0x0C, 0x0C, 0x0C, 0x0D,
    0x0B, 0x0B, 0x0B, 0x09, 0x05, 0x05, 0x05, 0x09, 0x09, 0x05, 0x02, 0x03, 0x03, 0x03, 0x05, 0x02, 0x02, 0x03, 0x02, 0x01, 0x01, 0x02, 0x01, 0x02,
    0x02, 0x02, 0x01, 0x05, 0x0C, 0x0D, 0x0B, 0x05, 0x0B, 0x0B, 0x05, 0x09, 0x05, 0x02, 0x01, 0x02, 0x02, 0x03, 0x03, 0x03, 0x03, 0x05, 0x05, 0x09,
    0x03, 0x05, 0x05, 0x03, 0x04, 0x06, 0x05, 0x03, 0x02, 0x05, 0x05, 0x05, 0x09, 0x0B, 0x05, 0x03, 0x03, 0x03, 0x02, 0x03, 0x03, 0x03, 0x03, 0x05,
    0x02, 0x04, 0x02, 0x0C, 0x05, 0x03, 0x03, 0x03, 0x01, 0x06, 0x06, 0x01, 0x05, 0x05, 0x01, 0x03, 0x01, 0x03, 0x02, 0x01, 0x01, 0x04, 0x01, 0x02,
    0x03, 0x01, 0x01, 0x05, 0x09, 0x0C, 0x0C, 0x0D, 0x0E, 0x0D, 0x05, 0x03, 0x05, 0x05, 0x05, 0x05, 0x05, 0x09, 0x0B, 0x0C, 0x05, 0x03, 0x03, 0x03,
    0x02, 0x02, 0x04, 0x02, 0x02, 0x02, 0x03, 0x09, 0x01, 0x03, 0x05, 0x05, 0x03, 0x03, 0x03, 0x03, 0x05, 0x05, 0x05, 0x05, 0x05, 0x03, 0x04, 0x03,
    0x05, 0x05, 0x03, 0x03, 0x03, 0x03, 0x03, 0x03, 0x02, 0x03, 0x05, 0x05, 0x03, 0x03, 0x05, 0x05, 0x05, 0x05, 0x05, 0x05, 0x05, 0x05, 0x05, 0x09,
    0x03, 0x05, 0x05, 0x05, 0x0C, 0x0C, 0x05, 0x03, 0x0B, 0x0C, 0x0B, 0x09, 0x05, 0x09, 0x03, 0x0B, 0x05, 0x0B, 0x03, 0x03, 0x05, 0x09, 0x03, 0x05,
    0x05, 0x05, 0x05, 0x09, 0x05, 0x05, 0x05, 0x05, 0x05, 0x05, 0x05, 0x05, 0x0B, 0x03, 0x03, 0x02, 0x05, 0x05, 0x05, 0x02, 0x02, 0x03, 0x03, 0x05,
    0x03, 0x02, 0x03, 0x03, 0x05, 0x02, 0x02, 0x0B, 0x09, 0x0C, 0x05, 0x01, 0x01, 0x03, 0x03, 0x03, 0x01, 0x03, 0x03, 0x02, 0x03, 0x03, 0x02, 0x03,
    0x05, 0x09, 0x05, 0x05, 0x05, 0x05, 0x05, 0x05, 0x03, 0x05, 0x0B, 0x0C, 0x09, 0x05, 0x05, 0x05, 0x05, 0x05, 0x02, 0x03, 0x03, 0x05, 0x0C, 0x05,
    0x01, 0x03, 0x03, 0x03, 0x05, 0x02, 0x01, 0x01, 0x01, 0x01, 0x02, 0x02, 0x03, 0x03, 0x01, 0x01, 0x05, 0x0B, 0x03, 0x02, 0x02, 0x03, 0x03, 0x02,
    0x01, 0x01, 0x04, 0x06, 0x06, 0x01, 0x02, 0x01, 0x01, 0x05, 0x05, 0x05, 0x05, 0x05, 0x09, 0x05, 0x02, 0x03, 0x05, 0x05, 0x05, 0x05, 0x05, 0x03,
    0x03, 0x02, 0x02, 0x02, 0x02, 0x01, 0x02, 0x02, 0x03, 0x02, 0x01, 0x01, 0x02, 0x01, 0x02, 0x03, 0x05, 0x05, 0x03, 0x05, 0x03, 0x05, 0x05, 0x03,
    0x01, 0x01, 0x02, 0x02, 0x03, 0x05, 0x03, 0x05, 0x03, 0x05, 0x03, 0x05, 0x05, 0x05, 0x03, 0x01, 0x03, 0x05, 0x05, 0x09, 0x0B, 0x09, 0x01, 0x03,
    0x05, 0x03, 0x01, 0x03, 0x05, 0x05, 0x05, 0x0B, 0x03, 0x05, 0x03, 0x05, 0x05, 0x05, 0x0B, 0x0B, 0x03, 0x02, 0x05, 0x09, 0x05, 0x0B, 0x0B, 0x03,
    0x0B, 0x09, 0x05, 0x05, 0x05, 0x05, 0x05, 0x05, 0x05, 0x03, 0x03, 0x05, 0x05, 0x05, 0x03, 0x0B, 0x02, 0x05, 0x05, 0x09, 0x05, 0x03, 0x05, 0x0C,
    0x0C, 0x05, 0x02, 0x02, 0x02, 0x03, 0x03, 0x01, 0x03, 0x05, 0x05, 0x03, 0x01, 0x03, 0x05, 0x03, 0x05, 0x09, 0x09, 0x05, 0x0C, 0x0B, 0x05, 0x02,
    0x01, 0x04, 0x03, 0x03, 0x09, 0x03, 0x03, 0x03, 0x09, 0x05, 0x09, 0x0C, 0x0C, 0x0B, 0x09, 0x0B, 0x09, 0x03, 0x05, 0x09, 0x09, 0x09, 0x03, 0x03,
    0x03, 0x05, 0x03, 0x03, 0x05, 0x09, 0x05, 0x03, 0x05, 0x05, 0x03, 0x02, 0x02, 0x03, 0x03, 0x01, 0x02, 0x09, 0x09, 0x02, 0x01, 0x03, 0x03, 0x02,
    0x04, 0x01, 0x04, 0x04, 0x01, 0x04, 0x04, 0x04, 0x01, 0x02, 0x01, 0x01, 0x01, 0x01, 0x03, 0x02, 0x05, 0x05, 0x05, 0x05, 0x03, 0x05, 0x05, 0x03,
    0x03, 0x03, 0x03, 0x03, 0x03, 0x02, 0x03, 0x05, 0x02, 0x02, 0x01, 0x01, 0x02, 0x01, 0x02, 0x04, 0x01, 0x03, 0x09, 0x05, 0x02, 0x02, 0x05, 0x03,
    0x05, 0x05, 0x05, 0x05, 0x09, 0x05, 0x05, 0x03, 0x05, 0x05, 0x05, 0x05, 0x03, 0x05, 0x05, 0x03, 0x01, 0x06, 0x04, 0x01, 0x03, 0x05, 0x0B, 0x0B,
    0x05, 0x05, 0x02, 0x02, 0x01, 0x03, 0x09, 0x05, 0x0B, 0x0B, 0x03, 0x02, 0x02, 0x03, 0x05, 0x03, 0x04, 0x01, 0x02, 0x01, 0x03, 0x09, 0x0B, 0x02,
    0x0B, 0x05, 0x0B, 0x0D, 0x09, 0x05, 0x09, 0x0B, 0x05, 0x05, 0x05, 0x05, 0x0B, 0x09, 0x09, 0x05, 0x05, 0x05, 0x05, 0x05, 0x0C, 0x05, 0x0B, 0x05,
    0x01, 0x03, 0x03, 0x05, 0x0B, 0x09, 0x09, 0x03, 0x04, 0x03, 0x05, 0x02, 0x01, 0x05, 0x09, 0x03, 0x03, 0x02, 0x05, 0x0B, 0x0C, 0x09, 0x05, 0x05,
    0x09, 0x0C, 0x0B, 0x05, 0x01, 0x04, 0x04, 0x01, 0x03, 0x05, 0x05, 0x05, 0x0B, 0x09, 0x03, 0x03, 0x03, 0x05, 0x0C, 0x0B, 0x0C, 0x0D, 0x05, 0x05,
    0x05, 0x05, 0x05, 0x03, 0x02, 0x05, 0x03, 0x05, 0x05, 0x03, 0x05, 0x05, 0x05, 0x05, 0x09, 0x03, 0x03, 0x03, 0x02, 0x01, 0x03, 0x01, 0x02, 0x03,
    0x03, 0x03, 0x03, 0x02, 0x01, 0x01, 0x01, 0x04, 0x06, 0x01, 0x02, 0x01, 0x02, 0x02, 0x01, 0x06, 0x04, 0x02, 0x01, 0x01, 0x02, 0x02, 0x05, 0x05,
    0x0B, 0x05, 0x03, 0x05, 0x03, 0x02, 0x04, 0x01, 0x02, 0x03, 0x03, 0x03, 0x05, 0x02, 0x01, 0x02, 0x03, 0x03, 0x05, 0x05, 0x01, 0x02, 0x0B, 0x09,
    0x03, 0x04, 0x06, 0x04, 0x05, 0x05, 0x05, 0x02, 0x03, 0x05, 0x09, 0x0B, 0x05, 0x01, 0x06, 0x02, 0x03, 0x05, 0x05, 0x02, 0x09, 0x01, 0x05, 0x03,
    0x05, 0x05, 0x05, 0x03, 0x05, 0x05, 0x02, 0x04, 0x05, 0x05, 0x05, 0x03, 0x05, 0x09, 0x0B, 0x02, 0x02, 0x05, 0x03, 0x02, 0x03, 0x02, 0x02, 0x02,
    0x03, 0x05, 0x05, 0x09, 0x05, 0x05, 0x05, 0x05, 0x09, 0x0C, 0x0D, 0x0D, 0x0B, 0x05, 0x03, 0x02, 0x02, 0x05, 0x09, 0x05, 0x05, 0x03, 0x05, 0x05,
    0x09, 0x09, 0x05, 0x04, 0x02, 0x02, 0x02, 0x03, 0x02, 0x03, 0x0B, 0x09, 0x03, 0x0B, 0x05, 0x05, 0x09, 0x0B, 0x0B, 0x0B, 0x05, 0x09, 0x05, 0x05,
    0x05, 0x05, 0x05, 0x05, 0x05, 0x09, 0x0B, 0x0B, 0x05, 0x01, 0x01, 0x02, 0x02, 0x01, 0x01, 0x05, 0x05, 0x05, 0x03, 0x03, 0x09, 0x0B, 0x05, 0x05,
    0x05, 0x0B, 0x09, 0x03, 0x03, 0x05, 0x05, 0x03, 0x05, 0x05, 0x0C, 0x05, 0x03, 0x05, 0x01, 0x03, 0x03, 0x03, 0x05, 0x03, 0x02, 0x01, 0x03, 0x01,
    0x01, 0x02, 0x03, 0x05, 0x09, 0x03, 0x03, 0x03, 0x05, 0x03, 0x03, 0x02, 0x02, 0x01, 0x02, 0x01, 0x01, 0x04, 0x04, 0x01, 0x01, 0x01, 0x01, 0x05,
    0x02, 0x02, 0x01, 0x05, 0x05, 0x03, 0x03, 0x02, 0x02, 0x01, 0x02, 0x03, 0x03, 0x02, 0x02, 0x01, 0x02, 0x03, 0x05, 0x01, 0x02, 0x01, 0x02, 0x03,
    0x01, 0x01, 0x0B, 0x09, 0x03, 0x01, 0x02, 0x01, 0x05, 0x05, 0x02, 0x03, 0x03, 0x04, 0x01, 0x01, 0x01, 0x01, 0x01, 0x01, 0x02, 0x03, 0x05, 0x03,
    0x0B, 0x03, 0x05, 0x02, 0x01, 0x05, 0x05, 0x05, 0x05, 0x02, 0x03, 0x05, 0x05, 0x05, 0x05, 0x05, 0x02, 0x02, 0x05, 0x05, 0x0B, 0x05, 0x03, 0x05,
    0x05, 0x05, 0x0B, 0x0C, 0x09, 0x09, 0x05, 0x09, 0x05, 0x03, 0x09, 0x05, 0x05, 0x0B, 0x09, 0x09, 0x05, 0x09, 0x05, 0x05, 0x05, 0x09, 0x05, 0x0B,
    0x05, 0x0C, 0x0D, 0x09, 0x05, 0x05, 0x05, 0x05, 0x03, 0x0B, 0x09, 0x0B, 0x0B, 0x03, 0x02, 0x02, 0x05, 0x09, 0x09, 0x0B, 0x0D, 0x0B, 0x0D, 0x05,
    0x03, 0x05, 0x03, 0x01, 0x02, 0x06, 0x06, 0x06, 0x02, 0x02, 0x02, 0x05, 0x02, 0x06, 0x01, 0x02, 0x04, 0x06, 0x06, 0x05, 0x01, 0x05, 0x05, 0x05,
    0x03, 0x03, 0x03, 0x05, 0x05, 0x0B, 0x0B, 0x03, 0x03, 0x09, 0x05, 0x05, 0x05, 0x05, 0x05, 0x05, 0x05, 0x06, 0x02, 0x01, 0x03, 0x05, 0x02, 0x02,
    0x05, 0x01, 0x06, 0x02, 0x03, 0x03, 0x01, 0x05, 0x03, 0x03, 0x05, 0x03, 0x05, 0x05, 0x05, 0x03, 0x01, 0x03, 0x03, 0x05, 0x03, 0x01, 0x03, 0x01,
    0x01, 0x02, 0x03, 0x02, 0x03, 0x02, 0x05, 0x04, 0x04, 0x04, 0x01, 0x04, 0x04, 0x01, 0x02, 0x01, 0x04, 0x01, 0x06, 0x01, 0x03, 0x01, 0x03, 0x01,
    0x01, 0x02, 0x02, 0x01, 0x03, 0x01, 0x05, 0x01, 0x04, 0x02, 0x05, 0x09, 0x05, 0x02, 0x02, 0x03, 0x05, 0x05, 0x03, 0x01, 0x04, 0x01, 0x01, 0x05,
    0x09, 0x02, 0x01, 0x03, 0x09, 0x05, 0x01, 0x02, 0x03, 0x05, 0x05, 0x09, 0x05, 0x03, 0x03, 0x05, 0x05, 0x05, 0x09, 0x0D, 0x0D, 0x0B, 0x0C, 0x0B,
    0x05, 0x02, 0x01, 0x03, 0x03, 0x06, 0x01, 0x0B, 0x0B, 0x0B, 0x0B, 0x0B, 0x05, 0x05, 0x05, 0x0D, 0x09, 0x02, 0x03, 0x03, 0x05, 0x05, 0x05, 0x09,
    0x09, 0x0B, 0x0D, 0x0F, 0x11, 0x0A, 0x0B, 0x05, 0x09, 0x09, 0x05, 0x09, 0x05, 0x03, 0x09, 0x0B, 0x05, 0x05, 0x05, 0x09, 0x0B, 0x05, 0x05, 0x05,
    0x05, 0x0B, 0x05, 0x05, 0x05, 0x02, 0x05, 0x05, 0x02, 0x03, 0x03, 0x04, 0x06, 0x06, 0x05, 0x05, 0x05, 0x03, 0x02, 0x02, 0x0B, 0x09, 0x01, 0x06,
    0x03, 0x05, 0x05, 0x05, 0x05, 0x05, 0x05, 0x05, 0x03, 0x01, 0x02, 0x03, 0x05, 0x05, 0x05, 0x05, 0x03, 0x05, 0x05, 0x05, 0x03, 0x05, 0x05, 0x05,
    0x03, 0x05, 0x02, 0x03, 0x05, 0x05, 0x03, 0x03, 0x03, 0x05, 0x09, 0x05, 0x03, 0x05, 0x05, 0x03, 0x05, 0x0B, 0x05, 0x05, 0x03, 0x03, 0x03, 0x03,
    0x03, 0x03, 0x03, 0x03, 0x03, 0x04, 0x01, 0x03, 0x03, 0x02, 0x09, 0x05, 0x05, 0x04, 0x04, 0x01, 0x02, 0x02, 0x01, 0x01, 0x01, 0x02, 0x01, 0x01,
    0x01, 0x02, 0x03, 0x01, 0x06, 0x04, 0x03, 0x0B, 0x0B, 0x01, 0x05, 0x09, 0x05, 0x01, 0x02, 0x0E, 0x05, 0x03, 0x03, 0x05, 0x05, 0x05, 0x05, 0x0D,
    0x05, 0x01, 0x0B, 0x09, 0x09, 0x05, 0x02, 0x04, 0x05, 0x0D, 0x0B, 0x0B, 0x05, 0x09, 0x05, 0x05, 0x05, 0x03, 0x01, 0x02, 0x05, 0x05, 0x01, 0x05,
    0x05, 0x05, 0x05, 0x03, 0x03, 0x03, 0x05, 0x03, 0x02, 0x05, 0x05, 0x01, 0x01, 0x03, 0x01, 0x03, 0x03, 0x03, 0x05, 0x05, 0x02, 0x02, 0x02, 0x05,
    0x05, 0x05, 0x0D, 0x0D, 0x0B, 0x05, 0x09, 0x05, 0x0D, 0x0C, 0x09, 0x05, 0x0B, 0x05, 0x0D, 0x0B, 0x05, 0x05, 0x05, 0x05, 0x09, 0x05, 0x09, 0x05,
    0x05, 0x05, 0x0B, 0x0B, 0x05, 0x03, 0x05, 0x05, 0x06, 0x06, 0x04, 0x06, 0x03, 0x0B, 0x0B, 0x0B, 0x0C, 0x0D, 0x0C, 0x0B, 0x0B, 0x0B, 0x05, 0x0D,
    0x0B, 0x0C, 0x0D, 0x09, 0x03, 0x05, 0x05, 0x05, 0x05, 0x03, 0x05, 0x05, 0x05, 0x03, 0x03, 0x02, 0x04, 0x02, 0x02, 0x05, 0x05, 0x05, 0x05, 0x05,
    0x03, 0x04, 0x03, 0x03, 0x05, 0x05, 0x02, 0x03, 0x05, 0x05, 0x05, 0x02, 0x02, 0x02, 0x03, 0x03, 0x03, 0x02, 0x09, 0x05, 0x02, 0x02, 0x03, 0x05,
    0x05, 0x02, 0x02, 0x03, 0x03, 0x05, 0x03, 0x02, 0x02, 0x01, 0x03, 0x02, 0x04, 0x01, 0x02, 0x03, 0x03, 0x05, 0x04, 0x06, 0x06, 0x01, 0x03, 0x01,
    0x03, 0x03, 0x05, 0x05, 0x03, 0x05, 0x05, 0x03, 0x05, 0x03, 0x03, 0x0B, 0x09, 0x0B, 0x03, 0x03, 0x09, 0x01, 0x06, 0x01, 0x05, 0x05, 0x03, 0x05,
    0x03, 0x05, 0x05, 0x05, 0x09, 0x03, 0x03, 0x09, 0x05, 0x02, 0x02, 0x03, 0x03, 0x05, 0x05, 0x0B, 0x0B, 0x09, 0x05, 0x05, 0x0B, 0x0C, 0x09, 0x03,
    0x05, 0x05, 0x0C, 0x05, 0x0B, 0x05, 0x02, 0x01, 0x05, 0x05, 0x09, 0x0B, 0x05, 0x05, 0x03, 0x02, 0x01, 0x02, 0x02, 0x01, 0x01, 0x01, 0x01, 0x01,
    0x03, 0x03, 0x05, 0x05, 0x05, 0x05, 0x09, 0x09, 0x0B, 0x0B, 0x05, 0x01, 0x03, 0x02, 0x03, 0x03, 0x02, 0x03, 0x02, 0x05, 0x05, 0x05, 0x0B, 0x09,
    0x0B, 0x0B, 0x0B, 0x05, 0x03, 0x03, 0x05, 0x03, 0x02, 0x02, 0x01, 0x05, 0x0E, 0x05, 0x05, 0x01, 0x04, 0x05, 0x09, 0x0D, 0x0D, 0x0C, 0x05, 0x09,
    0x05, 0x05, 0x09, 0x0C, 0x0D, 0x0D, 0x0C, 0x0D, 0x05, 0x05, 0x09, 0x05, 0x05, 0x03, 0x03, 0x05, 0x03, 0x02, 0x03, 0x02, 0x01, 0x04, 0x02, 0x05,
    0x03, 0x01, 0x06, 0x02, 0x09, 0x0E, 0x0D, 0x03, 0x03, 0x03, 0x05, 0x03, 0x03, 0x03, 0x02, 0x02, 0x05, 0x05, 0x02, 0x05, 0x05, 0x05, 0x05, 0x05,
    0x05, 0x02, 0x01, 0x02, 0x03, 0x01, 0x02, 0x02, 0x01, 0x02, 0x01, 0x01, 0x01, 0x05, 0x09, 0x03, 0x05, 0x01, 0x01, 0x01, 0x01, 0x01, 0x01, 0x01,
    0x03, 0x01, 0x01, 0x01, 0x01, 0x02, 0x01, 0x02, 0x03, 0x05, 0x03, 0x05, 0x03, 0x09, 0x0B, 0x09, 0x09, 0x03, 0x03, 0x01, 0x01, 0x03, 0x02, 0x01,
    0x04, 0x04, 0x01, 0x01, 0x01, 0x09, 0x05, 0x05, 0x03, 0x01, 0x04, 0x03, 0x05, 0x04, 0x04, 0x05, 0x05, 0x03, 0x05, 0x0B, 0x0B, 0x0B, 0x0C, 0x0D,
    0x0E, 0x0B, 0x0C, 0x0B, 0x05, 0x05, 0x0B, 0x03, 0x02, 0x02, 0x04, 0x02, 0x01, 0x03, 0x03, 0x05, 0x09, 0x05, 0x01, 0x02, 0x02, 0x02, 0x03, 0x03,
    0x01, 0x03, 0x05, 0x02, 0x05, 0x03, 0x03, 0x05, 0x05, 0x05, 0x05, 0x05, 0x05, 0x05, 0x05, 0x05, 0x03, 0x05, 0x01, 0x03, 0x05, 0x05, 0x05, 0x05,
    0x09, 0x05, 0x09, 0x05, 0x05, 0x09, 0x05, 0x09, 0x05, 0x05, 0x05, 0x05, 0x05, 0x02, 0x05, 0x0C, 0x0B, 0x0D, 0x0C, 0x0C, 0x05, 0x09, 0x0C, 0x09,
    0x09, 0x09, 0x05, 0x05, 0x03, 0x03, 0x05, 0x05, 0x0B, 0x0B, 0x0B, 0x05, 0x05, 0x0B, 0x03, 0x05, 0x0C, 0x0B, 0x05, 0x05, 0x01, 0x04, 0x03, 0x09,
    0x05, 0x09, 0x0B, 0x05, 0x05, 0x05, 0x03, 0x03, 0x05, 0x05, 0x05, 0x03, 0x03, 0x05, 0x05, 0x05, 0x03, 0x02, 0x02, 0x05, 0x05, 0x05, 0x03, 0x05,
    0x0B, 0x09, 0x05, 0x03, 0x03, 0x05, 0x03, 0x02, 0x02, 0x01, 0x01, 0x01, 0x04, 0x01, 0x02, 0x02, 0x01, 0x03, 0x05, 0x05, 0x01, 0x01, 0x04, 0x01,
    0x01, 0x03, 0x03, 0x03, 0x03, 0x03, 0x02, 0x01, 0x01, 0x01, 0x01, 0x04, 0x03, 0x05, 0x05, 0x0B, 0x03, 0x03, 0x03, 0x03, 0x03, 0x03, 0x03, 0x01,
    0x01, 0x09, 0x09, 0x05, 0x03, 0x01, 0x05, 0x04, 0x02, 0x04, 0x06, 0x05, 0x09, 0x0D, 0x09, 0x01, 0x01, 0x03, 0x03, 0x01, 0x0B, 0x05, 0x05, 0x0B,
    0x0C, 0x0D, 0x0D, 0x0B, 0x0B, 0x0B, 0x0C, 0x0C, 0x05, 0x05, 0x0B, 0x0C, 0x05, 0x05, 0x03, 0x05, 0x09, 0x0B, 0x0B, 0x0C, 0x0C, 0x0B, 0x05, 0x03,
    0x03, 0x02, 0x05, 0x05, 0x0B, 0x0C, 0x05, 0x03, 0x01, 0x03, 0x0B, 0x05, 0x05, 0x05, 0x09, 0x05, 0x05, 0x0B, 0x0B, 0x0B, 0x05, 0x03, 0x05, 0x05,
    0x05, 0x05, 0x05, 0x05, 0x05, 0x05, 0x0B, 0x05, 0x09, 0x05, 0x05, 0x05, 0x0B, 0x0B, 0x0C, 0x0B, 0x09, 0x05, 0x05, 0x0B, 0x05, 0x05, 0x0B, 0x0A,
    0x0F, 0x0D, 0x0C, 0x0C, 0x0B, 0x0B, 0x0B, 0x05, 0x05, 0x03, 0x01, 0x04, 0x03, 0x03, 0x09, 0x05, 0x05, 0x03, 0x03, 0x03, 0x09, 0x09, 0x05, 0x05,
    0x09, 0x05, 0x03, 0x03, 0x03, 0x0B, 0x0B, 0x05, 0x03, 0x05, 0x0C, 0x0B, 0x05, 0x01, 0x01, 0x05, 0x05, 0x05, 0x05, 0x05, 0x05, 0x09, 0x0B, 0x0B,
    0x0B, 0x0B, 0x05, 0x05, 0x09, 0x03, 0x05, 0x02, 0x03, 0x03, 0x03, 0x01, 0x01, 0x01, 0x01, 0x03, 0x03, 0x03, 0x02, 0x01, 0x01, 0x01, 0x03, 0x01,
    0x01, 0x03, 0x02, 0x01, 0x05, 0x01, 0x02, 0x04, 0x04, 0x01, 0x02, 0x01, 0x01, 0x02, 0x04, 0x02, 0x01, 0x03, 0x0C, 0x03, 0x03, 0x02, 0x01, 0x01,
    0x09, 0x05, 0x05, 0x09, 0x05, 0x03, 0x05, 0x05, 0x05, 0x05, 0x09, 0x05, 0x05, 0x05, 0x05, 0x03, 0x05, 0x0B, 0x0C, 0x05, 0x02, 0x05, 0x05, 0x01,
    0x09, 0x0B, 0x0B, 0x0B, 0x0D, 0x0C, 0x0C, 0x0B, 0x05, 0x0C, 0x0B, 0x05, 0x02, 0x09, 0x05, 0x05, 0x09, 0x03, 0x05, 0x0C, 0x09, 0x0B, 0x0B, 0x0B,
    0x09, 0x05, 0x05, 0x03, 0x09, 0x05, 0x05, 0x05, 0x0C, 0x0B, 0x05, 0x03, 0x05, 0x05, 0x09, 0x09, 0x05, 0x0B, 0x09, 0x0B, 0x05, 0x0B, 0x09, 0x09,
    0x09, 0x05, 0x05, 0x09, 0x05, 0x05, 0x05, 0x05, 0x0C, 0x09, 0x05, 0x03, 0x03, 0x01, 0x05, 0x09, 0x09, 0x0B, 0x09, 0x09, 0x05, 0x05, 0x05, 0x02,
    0x09, 0x05, 0x09, 0x0D, 0x0D, 0x09, 0x09, 0x0B, 0x0B, 0x0B, 0x09, 0x05, 0x03, 0x02, 0x02, 0x05, 0x09, 0x05, 0x05, 0x05, 0x0C, 0x0B, 0x0C, 0x09,
    0x02, 0x05, 0x05, 0x05, 0x0B, 0x09, 0x03, 0x03, 0x09, 0x05, 0x02, 0x05, 0x03, 0x05, 0x05, 0x09, 0x05, 0x05, 0x05, 0x0B, 0x0B, 0x09, 0x03, 0x03,
    0x05, 0x0C, 0x0D, 0x05, 0x03, 0x02, 0x03, 0x05, 0x03, 0x01, 0x03, 0x03, 0x02, 0x04, 0x01, 0x03, 0x03, 0x03, 0x01, 0x03, 0x05, 0x03, 0x05, 0x05,
    0x01, 0x01, 0x01, 0x01, 0x02, 0x01, 0x03, 0x03, 0x01, 0x03, 0x02, 0x04, 0x04, 0x01, 0x01, 0x03, 0x02, 0x03, 0x03, 0x02, 0x05, 0x05, 0x03, 0x03,
    0x02, 0x03, 0x02, 0x01, 0x03, 0x09, 0x03, 0x03, 0x05, 0x05, 0x03, 0x03, 0x01, 0x03, 0x05, 0x05, 0x05, 0x0B, 0x0B, 0x0D, 0x05, 0x05, 0x03, 0x05,
    0x01, 0x01, 0x09, 0x05, 0x05, 0x0B, 0x0B, 0x0C, 0x0C, 0x0B, 0x0B, 0x05, 0x02, 0x05, 0x0C, 0x0F, 0x0D, 0x0B, 0x05, 0x05, 0x09, 0x06, 0x05, 0x0B,
    0x09, 0x0B, 0x09, 0x05, 0x05, 0x05, 0x05, 0x05, 0x05, 0x05, 0x05, 0x03, 0x03, 0x05, 0x02, 0x02, 0x0B, 0x0B, 0x0B, 0x09, 0x05, 0x05, 0x09, 0x09,
    0x05, 0x05, 0x05, 0x05, 0x09, 0x05, 0x05, 0x0B, 0x05, 0x03, 0x03, 0x05, 0x0B, 0x0B, 0x09, 0x05, 0x0C, 0x05, 0x03, 0x09, 0x0B, 0x05, 0x03, 0x03,
    0x05, 0x05, 0x09, 0x05, 0x0B, 0x0B, 0x09, 0x05, 0x05, 0x03, 0x05, 0x0B, 0x0B, 0x09, 0x05, 0x03, 0x03, 0x05, 0x09, 0x0D, 0x0B, 0x0B, 0x09, 0x0B,
    0x0B, 0x05, 0x0B, 0x0B, 0x09, 0x05, 0x05, 0x05, 0x02, 0x02, 0x05, 0x09, 0x09, 0x05, 0x05, 0x09, 0x0C, 0x05, 0x03, 0x02, 0x02, 0x03, 0x03, 0x03,
    0x03, 0x05, 0x05, 0x03, 0x05, 0x0B, 0x0B, 0x05, 0x03, 0x04, 0x01, 0x02, 0x02, 0x05, 0x03, 0x03, 0x02, 0x06, 0x04, 0x01, 0x01, 0x02, 0x03, 0x05,
    0x03, 0x03, 0x02, 0x03, 0x03, 0x01, 0x05, 0x03, 0x03, 0x03, 0x01, 0x03, 0x03, 0x03, 0x03, 0x02, 0x04, 0x04, 0x02, 0x01, 0x03, 0x05, 0x05, 0x09,
    0x03, 0x01, 0x02, 0x01, 0x03, 0x03, 0x03, 0x01, 0x04, 0x01, 0x01, 0x01, 0x02, 0x03, 0x03, 0x03, 0x03, 0x03, 0x03, 0x03, 0x03, 0x03, 0x02, 0x05,
    0x09, 0x05, 0x05, 0x05, 0x05, 0x03, 0x05, 0x09, 0x05, 0x02, 0x03, 0x02, 0x05, 0x03, 0x05, 0x03, 0x03, 0x05, 0x05, 0x0B, 0x0D, 0x0C, 0x09, 0x03,
    0x06, 0x01, 0x0C, 0x0B, 0x09, 0x05, 0x05, 0x03, 0x03, 0x03, 0x05, 0x05, 0x02, 0x03, 0x05, 0x05, 0x05, 0x03, 0x01, 0x03, 0x09, 0x0D, 0x0B, 0x09,
    0x05, 0x03, 0x05, 0x03, 0x05, 0x05, 0x03, 0x03, 0x0B, 0x0D, 0x0B, 0x05, 0x03, 0x02, 0x03, 0x03, 0x0B, 0x0B, 0x05, 0x05, 0x0C, 0x0E, 0x0F, 0x0D,
    0x09, 0x0B, 0x0D, 0x0B, 0x05, 0x05, 0x05, 0x09, 0x0B, 0x0D, 0x09, 0x05, 0x03, 0x09, 0x09, 0x05, 0x09, 0x09, 0x09, 0x05, 0x05, 0x09, 0x0F, 0x0A,
    0x0C, 0x02, 0x04, 0x02, 0x05, 0x03, 0x01, 0x03, 0x05, 0x05, 0x05, 0x03, 0x03, 0x03, 0x03, 0x09, 0x0B, 0x05, 0x05, 0x05, 0x05, 0x03, 0x03, 0x02,
    0x03, 0x04, 0x04, 0x01, 0x01, 0x03, 0x03, 0x05, 0x05, 0x0B, 0x09, 0x05, 0x05, 0x03, 0x03, 0x05, 0x02, 0x01, 0x02, 0x01, 0x03, 0x01, 0x02, 0x02,
    0x01, 0x01, 0x03, 0x05, 0x03, 0x02, 0x03, 0x02, 0x03, 0x05, 0x02, 0x03, 0x03, 0x05, 0x02, 0x05, 0x03, 0x03, 0x03, 0x02, 0x02, 0x05, 0x03, 0x03,
    0x03, 0x05, 0x0B, 0x0C, 0x09, 0x03, 0x01, 0x01, 0x02, 0x02, 0x03, 0x02, 0x01, 0x04, 0x03, 0x03, 0x01, 0x01, 0x03, 0x03, 0x03, 0x03, 0x05, 0x09,
    0x0B, 0x03, 0x01, 0x03, 0x02, 0x05, 0x0B, 0x0D, 0x09, 0x09, 0x09, 0x05, 0x09, 0x0B, 0x05, 0x01, 0x02, 0x03, 0x05, 0x0B, 0x0D, 0x03, 0x03, 0x05,
    0x05, 0x0C, 0x05, 0x05, 0x03, 0x0D, 0x0F, 0x0C, 0x03, 0x03, 0x05, 0x03, 0x03, 0x03, 0x05, 0x09, 0x05, 0x05, 0x05, 0x05, 0x03, 0x03, 0x0D, 0x0F,
    0x0C, 0x0C, 0x0B, 0x09, 0x05, 0x01, 0x02, 0x03, 0x03, 0x05, 0x05, 0x09, 0x09, 0x0B, 0x0C, 0x09, 0x0B, 0x0B, 0x05, 0x05, 0x05, 0x05, 0x05, 0x09,
    0x0B, 0x0D, 0x0D, 0x0D, 0x0D, 0x0D, 0x0C, 0x0B, 0x09, 0x05, 0x05, 0x0B, 0x0B, 0x05, 0x03, 0x05, 0x09, 0x05, 0x05, 0x0B, 0x09, 0x05, 0x09, 0x0B,
    0x05, 0x03, 0x05, 0x0D, 0x0B, 0x0B, 0x0D, 0x09, 0x01, 0x03, 0x03, 0x02, 0x03, 0x05, 0x05, 0x03, 0x02, 0x01, 0x05, 0x05, 0x09, 0x09, 0x05, 0x05,
    0x03, 0x05, 0x05, 0x05, 0x05, 0x05, 0x03, 0x02, 0x01, 0x01, 0x03, 0x03, 0x02, 0x02, 0x01, 0x04, 0x02, 0x05, 0x05, 0x05, 0x02, 0x02, 0x01, 0x01,
    0x02, 0x09, 0x05, 0x03, 0x03, 0x03, 0x03, 0x03, 0x02, 0x01, 0x02, 0x03, 0x03, 0x03, 0x01, 0x02, 0x03, 0x03, 0x03, 0x02, 0x01, 0x03, 0x03, 0x01,
    0x02, 0x01, 0x03, 0x03, 0x05, 0x03, 0x03, 0x03, 0x02, 0x01, 0x06, 0x04, 0x04, 0x06, 0x01, 0x03, 0x05, 0x05, 0x03, 0x05, 0x01, 0x01, 0x04, 0x03,
    0x05, 0x05, 0x05, 0x05, 0x05, 0x09, 0x0B, 0x09, 0x03, 0x05, 0x05, 0x05, 0x05, 0x03, 0x09, 0x05, 0x0B, 0x0B, 0x0C, 0x0B, 0x05, 0x05, 0x0C, 0x0F,
    0x0C, 0x03, 0x03, 0x02, 0x05, 0x0C, 0x0D, 0x0E, 0x10, 0x0A, 0x0B, 0x09, 0x05, 0x03, 0x05, 0x05, 0x05, 0x03, 0x03, 0x05, 0x03, 0x05, 0x05, 0x09,
    0x02, 0x01, 0x02, 0x03, 0x03, 0x05, 0x05, 0x0B, 0x0E, 0x0C, 0x05, 0x05, 0x05, 0x05, 0x09, 0x0B, 0x09, 0x05, 0x0B, 0x05, 0x09, 0x0B, 0x05, 0x01,
    0x02, 0x05, 0x0C, 0x0B, 0x0B, 0x05, 0x05, 0x0B, 0x09, 0x05, 0x05, 0x05, 0x05, 0x05, 0x03, 0x05, 0x0B, 0x05, 0x06, 0x03, 0x05, 0x03, 0x05, 0x05,
    0x05, 0x05, 0x05, 0x09, 0x09, 0x05, 0x0B, 0x0C, 0x0D, 0x0F, 0x05, 0x03, 0x02, 0x05, 0x03, 0x0B, 0x0C, 0x05, 0x03, 0x02, 0x02, 0x02, 0x03, 0x05,
    0x05, 0x0B, 0x05, 0x05, 0x03, 0x05, 0x0B, 0x0D, 0x09, 0x01, 0x01, 0x03, 0x02, 0x04, 0x02, 0x01, 0x04, 0x06, 0x04, 0x02, 0x05, 0x03, 0x01, 0x05,
    0x02, 0x01, 0x01, 0x01, 0x02, 0x09, 0x0D, 0x0E, 0x09, 0x03, 0x01, 0x01, 0x01, 0x02, 0x03, 0x05, 0x03, 0x05, 0x02, 0x01, 0x05, 0x05, 0x01, 0x02,
    0x02, 0x01, 0x05, 0x09, 0x03, 0x03, 0x05, 0x05, 0x05, 0x05, 0x05, 0x09, 0x03, 0x01, 0x06, 0x06, 0x06, 0x06, 0x06, 0x02, 0x01, 0x03, 0x01, 0x03,
    0x03, 0x05, 0x05, 0x0B, 0x05, 0x09, 0x0B, 0x03, 0x03, 0x05, 0x03, 0x05, 0x01, 0x06, 0x01, 0x02, 0x02, 0x02, 0x03, 0x05, 0x05, 0x0C, 0x0C, 0x0C,
    0x05, 0x09, 0x0C, 0x0D, 0x0F, 0x0D, 0x09, 0x0C, 0x05, 0x03, 0x05, 0x05, 0x05, 0x05, 0x05, 0x05, 0x05, 0x02, 0x03, 0x05, 0x05, 0x03, 0x03, 0x03,
    0x03, 0x02, 0x03, 0x02, 0x01, 0x05, 0x05, 0x01, 0x01, 0x03, 0x03, 0x05, 0x0B, 0x05, 0x05, 0x05, 0x05, 0x0B, 0x05, 0x09, 0x05, 0x05, 0x01, 0x05,
    0x05, 0x09, 0x05, 0x05, 0x02, 0x05, 0x05, 0x05, 0x05, 0x05, 0x03, 0x05, 0x05, 0x05, 0x05, 0x09, 0x03, 0x06, 0x05, 0x04, 0x0B, 0x09, 0x05, 0x05,
    0x02, 0x04, 0x02, 0x03, 0x02, 0x02, 0x03, 0x03, 0x0B, 0x0B, 0x03, 0x05, 0x09, 0x05, 0x05, 0x05, 0x02, 0x03, 0x02, 0x03, 0x0B, 0x0B, 0x03, 0x01,
    0x02, 0x03, 0x05, 0x05, 0x0B, 0x05, 0x05, 0x03, 0x0B, 0x0C, 0x0B, 0x0B, 0x09, 0x03, 0x02, 0x02, 0x02, 0x02, 0x01, 0x05, 0x02, 0x01, 0x03, 0x09,
    0x01, 0x04, 0x06, 0x01, 0x01, 0x03, 0x01, 0x01, 0x01, 0x01, 0x01, 0x01, 0x01, 0x02, 0x01, 0x02, 0x01, 0x03, 0x03, 0x03, 0x05, 0x03, 0x01, 0x03,
    0x03, 0x05, 0x03, 0x03, 0x02, 0x01, 0x03, 0x05, 0x05, 0x05, 0x02, 0x05, 0x05, 0x09, 0x0B, 0x0B, 0x05, 0x01, 0x02, 0x03, 0x05, 0x05, 0x01, 0x06,
    0x02, 0x09, 0x05, 0x02, 0x03, 0x03, 0x03, 0x02, 0x02, 0x03, 0x05, 0x09, 0x05, 0x0C, 0x03, 0x05, 0x0B, 0x05, 0x03, 0x0B, 0x09, 0x01, 0x01, 0x05,
    0x0B, 0x0C, 0x0B, 0x0D, 0x0D, 0x0A, 0x0D, 0x05, 0x0B, 0x0D, 0x0C, 0x0B, 0x03, 0x06, 0x06, 0x03, 0x05, 0x03, 0x03, 0x03, 0x03, 0x05, 0x03, 0x01,
    0x03, 0x03, 0x09, 0x09, 0x01, 0x01, 0x02, 0x01, 0x05, 0x0D, 0x0C, 0x01, 0x05, 0x03, 0x01, 0x05, 0x09, 0x0B, 0x05, 0x05, 0x05, 0x0B, 0x0C, 0x0B,
    0x05, 0x02, 0x02, 0x03, 0x05, 0x0C, 0x0D, 0x0B, 0x0D, 0x09, 0x0D, 0x0B, 0x09, 0x0B, 0x09, 0x05, 0x05, 0x03, 0x02, 0x02, 0x03, 0x05, 0x05, 0x05,
    0x01, 0x09, 0x0E, 0x0B, 0x0D, 0x05, 0x03, 0x03, 0x03, 0x02, 0x05, 0x05, 0x09, 0x0C, 0x0C, 0x05, 0x05, 0x05, 0x05, 0x05, 0x0B, 0x05, 0x05, 0x03,
    0x03, 0x03, 0x0C, 0x0B, 0x03, 0x03, 0x0B, 0x0B, 0x05, 0x05, 0x0B, 0x0B, 0x0B, 0x0D, 0x0D, 0x09, 0x0B, 0x05, 0x01, 0x09, 0x09, 0x0B, 0x05, 0x05,
    0x0B, 0x0B, 0x05, 0x03, 0x01, 0x03, 0x03, 0x01, 0x01, 0x01, 0x09, 0x05, 0x03, 0x04, 0x04, 0x01, 0x03, 0x01, 0x02, 0x01, 0x01, 0x02, 0x03, 0x03,
    0x03, 0x03, 0x03, 0x05, 0x03, 0x0B, 0x03, 0x03, 0x02, 0x03, 0x03, 0x03, 0x05, 0x0B, 0x0B, 0x09, 0x03, 0x05, 0x05, 0x03, 0x03, 0x03, 0x09, 0x0C,
    0x0E, 0x03, 0x09, 0x03, 0x01, 0x02, 0x03, 0x03, 0x02, 0x02, 0x03, 0x09, 0x05, 0x01, 0x01, 0x01, 0x03, 0x02, 0x06, 0x01, 0x05, 0x0C, 0x05, 0x05,
    0x05, 0x05, 0x03, 0x01, 0x0B, 0x05, 0x05, 0x05, 0x05, 0x05, 0x09, 0x09, 0x0B, 0x0B, 0x05, 0x05, 0x05, 0x05, 0x02, 0x06, 0x03, 0x04, 0x03, 0x03,
    0x04, 0x01, 0x02, 0x02, 0x01, 0x04, 0x02, 0x02, 0x02, 0x01, 0x03, 0x05, 0x0D, 0x05, 0x05, 0x05, 0x05, 0x05, 0x0B, 0x0B, 0x09, 0x09, 0x05, 0x0B,
    0x09, 0x0B, 0x09, 0x09, 0x09, 0x05, 0x03, 0x03, 0x03, 0x03, 0x05, 0x0D, 0x05, 0x05, 0x05, 0x05, 0x0B, 0x05, 0x05, 0x05, 0x05, 0x0B, 0x0C, 0x05,
    0x02, 0x05, 0x05, 0x05, 0x02, 0x09, 0x0E, 0x0A, 0x0D, 0x09, 0x05, 0x02, 0x02, 0x02, 0x01, 0x02, 0x05, 0x05, 0x0B, 0x0D, 0x05, 0x03, 0x05, 0x05,
    0x03, 0x05, 0x0D, 0x03, 0x05, 0x0B, 0x05, 0x05, 0x03, 0x03, 0x03, 0x05, 0x05, 0x05, 0x05, 0x05, 0x05, 0x05, 0x05, 0x05, 0x05, 0x05, 0x02, 0x02,
    0x01, 0x02, 0x01, 0x03, 0x05, 0x0B, 0x09, 0x01, 0x03, 0x05, 0x05, 0x01, 0x01, 0x04, 0x01, 0x01, 0x09, 0x03, 0x01, 0x01, 0x01, 0x02, 0x01, 0x02,
    0x01, 0x02, 0x03, 0x03, 0x03, 0x03, 0x05, 0x0B, 0x05, 0x03, 0x03, 0x05, 0x02, 0x01, 0x04, 0x01, 0x02, 0x05, 0x0B, 0x0B, 0x0B, 0x0B, 0x05, 0x09,
    0x0C, 0x0E, 0x0B, 0x0B, 0x09, 0x05, 0x03, 0x0B, 0x02, 0x06, 0x04, 0x01, 0x05, 0x09, 0x09, 0x0B, 0x0D, 0x0D, 0x0B, 0x02, 0x03, 0x03, 0x06, 0x03,
    0x02, 0x05, 0x0B, 0x05, 0x05, 0x05, 0x0B, 0x0C, 0x05, 0x05, 0x05, 0x01, 0x01, 0x01, 0x01, 0x05, 0x05, 0x0B, 0x05, 0x03, 0x0B, 0x0D, 0x0D, 0x11,
    0x0B, 0x05, 0x03, 0x01, 0x03, 0x05, 0x03, 0x03, 0x03, 0x03, 0x03, 0x03, 0x01, 0x03, 0x02, 0x03, 0x05, 0x03, 0x0B, 0x05, 0x05, 0x05, 0x05, 0x05,
    0x09, 0x0B, 0x0B, 0x0D, 0x09, 0x05, 0x05, 0x05, 0x05, 0x09, 0x0C, 0x05, 0x05, 0x05, 0x05, 0x0B, 0x09, 0x0B, 0x05, 0x05, 0x05, 0x05, 0x0B, 0x0B,
    0x05, 0x05, 0x05, 0x05, 0x03, 0x05, 0x05, 0x0C, 0x0B, 0x05, 0x09, 0x09, 0x05, 0x05, 0x02, 0x02, 0x05, 0x02, 0x02, 0x03, 0x02, 0x05, 0x0B, 0x0B,
    0x05, 0x09, 0x05, 0x05, 0x03, 0x05, 0x05, 0x09, 0x05, 0x05, 0x05, 0x03, 0x03, 0x09, 0x0B, 0x02, 0x01, 0x02, 0x05, 0x0B, 0x0B, 0x05, 0x04, 0x04,
    0x04, 0x05, 0x05, 0x05, 0x03, 0x02, 0x03, 0x01, 0x03, 0x03, 0x03, 0x02, 0x01, 0x03, 0x05, 0x05, 0x01, 0x01, 0x01, 0x01, 0x01, 0x02, 0x01, 0x04,
    0x04, 0x04, 0x01, 0x01, 0x01, 0x03, 0x09, 0x05, 0x01, 0x05, 0x05, 0x05, 0x05, 0x05, 0x03, 0x05, 0x01, 0x03, 0x05, 0x03, 0x03, 0x05, 0x0B, 0x05,
    0x03, 0x03, 0x03, 0x03, 0x01, 0x03, 0x01, 0x03, 0x02, 0x03, 0x03, 0x03, 0x02, 0x01, 0x02, 0x01, 0x01, 0x03, 0x05, 0x05, 0x05, 0x09, 0x0B, 0x0B,
    0x05, 0x0C, 0x0F, 0x0B, 0x05, 0x03, 0x0B, 0x0C, 0x0B, 0x05, 0x05, 0x05, 0x03, 0x03, 0x03, 0x03, 0x03, 0x02, 0x04, 0x01, 0x02, 0x03, 0x03, 0x01,
    0x05, 0x09, 0x05, 0x0B, 0x01, 0x03, 0x03, 0x05, 0x05, 0x03, 0x03, 0x05, 0x03, 0x03, 0x03, 0x03, 0x05, 0x01, 0x03, 0x05, 0x05, 0x03, 0x03, 0x03,
    0x05, 0x0C, 0x0B, 0x09, 0x05, 0x0B, 0x05, 0x09, 0x09, 0x05, 0x09, 0x03, 0x03, 0x03, 0x05, 0x05, 0x02, 0x02, 0x03, 0x03, 0x05, 0x05, 0x05, 0x05,
    0x05, 0x09, 0x02, 0x02, 0x02, 0x01, 0x01, 0x06, 0x02, 0x05, 0x05, 0x05, 0x05, 0x02, 0x05, 0x03, 0x05, 0x02, 0x02, 0x05, 0x05, 0x03, 0x03, 0x02,
    0x01, 0x01, 0x01, 0x03, 0x03, 0x03, 0x01, 0x05, 0x05, 0x05, 0x05, 0x0B, 0x09, 0x05, 0x02, 0x02, 0x05, 0x05, 0x03, 0x05, 0x05, 0x03, 0x05, 0x05,
    0x09, 0x05, 0x05, 0x01, 0x06, 0x03, 0x03, 0x03, 0x03, 0x05, 0x05, 0x03, 0x03, 0x01, 0x09, 0x03, 0x04, 0x04, 0x03, 0x05, 0x0C, 0x09, 0x01, 0x05,
    0x03, 0x03, 0x02, 0x01, 0x02, 0x03, 0x02, 0x01, 0x01, 0x03, 0x05, 0x05, 0x03, 0x01, 0x05, 0x05, 0x03, 0x03, 0x03, 0x02, 0x03, 0x05, 0x03, 0x01,
    0x04, 0x01, 0x03, 0x02, 0x02, 0x03, 0x03, 0x03, 0x03, 0x02, 0x02, 0x01, 0x02, 0x01, 0x02, 0x01, 0x02, 0x01, 0x01, 0x01, 0x02, 0x04, 0x04, 0x04,
    0x02, 0x0B, 0x0C, 0x0D, 0x0E, 0x0D, 0x0D, 0x0A, 0x0D, 0x0B, 0x0B, 0x0B, 0x0B, 0x05, 0x05, 0x05, 0x03, 0x02, 0x03, 0x09, 0x05, 0x05, 0x05, 0x02,
    0x01, 0x02, 0x03, 0x03, 0x03, 0x05, 0x01, 0x01, 0x03, 0x03, 0x03, 0x01, 0x03, 0x03, 0x03, 0x05, 0x05, 0x05, 0x03, 0x01, 0x02, 0x03, 0x02, 0x05,
    0x0B, 0x05, 0x03, 0x02, 0x03, 0x05, 0x0B, 0x0B, 0x05, 0x03, 0x05, 0x05, 0x09, 0x0B, 0x09, 0x0D, 0x05, 0x03, 0x05, 0x09, 0x05, 0x02, 0x05, 0x02,
    0x05, 0x03, 0x05, 0x05, 0x01, 0x02, 0x03, 0x02, 0x03, 0x05, 0x05, 0x09, 0x02, 0x05, 0x02, 0x02, 0x02, 0x09, 0x02, 0x03, 0x0B, 0x0C, 0x0D, 0x0B,
    0x09, 0x09, 0x05, 0x05, 0x09, 0x05, 0x03, 0x05, 0x0B, 0x05, 0x02, 0x01, 0x03, 0x05, 0x0D, 0x0C, 0x05, 0x09, 0x03, 0x02, 0x01, 0x03, 0x09, 0x05,
    0x0B, 0x0D, 0x05, 0x03, 0x05, 0x02, 0x05, 0x09, 0x01, 0x04, 0x02, 0x09, 0x09, 0x03, 0x01, 0x01, 0x02, 0x03, 0x02, 0x03, 0x09, 0x03, 0x02, 0x01,
    0x03, 0x05, 0x03, 0x05, 0x05, 0x03, 0x01, 0x04, 0x01, 0x05, 0x03, 0x03, 0x03, 0x02, 0x02, 0x03, 0x03, 0x05, 0x05, 0x03, 0x05, 0x03, 0x05, 0x05,
    0x03, 0x03, 0x02, 0x02, 0x02, 0x02, 0x03, 0x02, 0x02, 0x02, 0x02, 0x02, 0x03, 0x03, 0x01, 0x02, 0x01, 0x03, 0x02, 0x01, 0x03, 0x01, 0x02, 0x05,
    0x09, 0x09, 0x09, 0x05, 0x09, 0x0B, 0x0D, 0x0B, 0x09, 0x0B, 0x0B, 0x09, 0x0D, 0x0E, 0x0B, 0x0B, 0x05, 0x0B, 0x0B, 0x0B, 0x03, 0x03, 0x05, 0x05,
    0x0B, 0x0B, 0x05, 0x09, 0x03, 0x09, 0x05, 0x09, 0x05, 0x05, 0x05, 0x03, 0x02, 0x05, 0x05, 0x03, 0x03, 0x03, 0x03, 0x02, 0x03, 0x03, 0x05, 0x03,
    0x02, 0x01, 0x06, 0x04, 0x05, 0x05, 0x02, 0x03, 0x03, 0x03, 0x03, 0x02, 0x03, 0x03, 0x05, 0x05, 0x03, 0x05, 0x05, 0x09, 0x09, 0x05, 0x05, 0x05,
    0x05, 0x0B, 0x03, 0x05, 0x03, 0x03, 0x03, 0x03, 0x05, 0x05, 0x03, 0x03, 0x05, 0x03, 0x03, 0x03, 0x02, 0x03, 0x03, 0x0B, 0x03, 0x03, 0x05, 0x03,
    0x05, 0x05, 0x05, 0x05, 0x0B, 0x0C, 0x09, 0x0B, 0x0B, 0x05, 0x03, 0x05, 0x03, 0x05, 0x03, 0x03, 0x05, 0x05, 0x03, 0x03, 0x05, 0x05, 0x05, 0x04,
    0x06, 0x03, 0x05, 0x05, 0x05, 0x09, 0x0C, 0x0C, 0x05, 0x02, 0x03, 0x05, 0x0B, 0x09, 0x05, 0x03, 0x03, 0x01, 0x04, 0x01, 0x01, 0x01, 0x01, 0x01,
    0x01, 0x03, 0x01, 0x04, 0x02, 0x05, 0x03, 0x01, 0x03, 0x05, 0x03, 0x02, 0x02, 0x03, 0x01, 0x02, 0x02, 0x09, 0x0B, 0x03, 0x01, 0x03, 0x01, 0x02,
    0x02, 0x02, 0x05, 0x05, 0x05, 0x03, 0x05, 0x03, 0x03, 0x01, 0x04, 0x04, 0x03, 0x03, 0x02, 0x03, 0x02, 0x02, 0x01, 0x01, 0x02, 0x01, 0x01, 0x01,
    0x02, 0x02, 0x01, 0x03, 0x05, 0x05, 0x09, 0x09, 0x0B, 0x05, 0x03, 0x05, 0x03, 0x03, 0x02, 0x03, 0x05, 0x05, 0x05, 0x05, 0x05, 0x05, 0x05, 0x05,
    0x03, 0x03, 0x05, 0x05, 0x05, 0x09, 0x05, 0x05, 0x05, 0x05, 0x05, 0x05, 0x05, 0x05, 0x05, 0x05, 0x03, 0x05, 0x03, 0x01, 0x02, 0x01, 0x03, 0x02,
    0x02, 0x02, 0x03, 0x03, 0x05, 0x05, 0x05, 0x09, 0x03, 0x02, 0x05, 0x05, 0x05, 0x05, 0x05, 0x05, 0x03, 0x03, 0x03, 0x03, 0x05, 0x05, 0x02, 0x03,
    0x09, 0x05, 0x03, 0x05, 0x02, 0x02, 0x03, 0x03, 0x05, 0x03, 0x03, 0x03, 0x03, 0x03, 0x05, 0x05, 0x05, 0x02, 0x03, 0x05, 0x03, 0x01, 0x03, 0x09,
    0x05, 0x05, 0x03, 0x02, 0x06, 0x02, 0x03, 0x05, 0x05, 0x05, 0x05, 0x03, 0x05, 0x05, 0x03, 0x02, 0x02, 0x05, 0x0B, 0x01, 0x06, 0x03, 0x02, 0x04,
    0x06, 0x06, 0x06, 0x02, 0x03, 0x03, 0x01, 0x05, 0x03, 0x05, 0x05, 0x03, 0x05, 0x06, 0x03, 0x02, 0x05, 0x09, 0x05, 0x01, 0x04, 0x06, 0x02, 0x01,
    0x01, 0x01, 0x01, 0x04, 0x01, 0x02, 0x01, 0x05, 0x03, 0x0B, 0x05, 0x01, 0x02, 0x05, 0x03, 0x02, 0x02, 0x03, 0x03, 0x05, 0x05, 0x05, 0x0B, 0x0C,
    0x0B, 0x0B, 0x05, 0x01, 0x03, 0x05, 0x05, 0x05, 0x05, 0x03, 0x03, 0x03, 0x02, 0x02, 0x02, 0x01, 0x02, 0x03, 0x05, 0x03, 0x05, 0x03, 0x02, 0x02,
    0x01, 0x02, 0x01, 0x01, 0x03, 0x02, 0x01, 0x02, 0x03, 0x03, 0x03, 0x03, 0x03, 0x05, 0x05, 0x03, 0x05, 0x03, 0x03, 0x02, 0x02, 0x05, 0x03, 0x03,
    0x05, 0x05, 0x03, 0x03, 0x05, 0x03, 0x05, 0x05, 0x05, 0x05, 0x02, 0x01, 0x05, 0x05, 0x05, 0x02, 0x05, 0x02, 0x05, 0x0B, 0x09, 0x05, 0x03, 0x03,
    0x03, 0x02, 0x01, 0x03, 0x05, 0x03, 0x01, 0x02, 0x02, 0x03, 0x05, 0x01, 0x04, 0x01, 0x05, 0x0B, 0x05, 0x05, 0x05, 0x0B, 0x09, 0x05, 0x05, 0x05,
    0x02, 0x03, 0x03, 0x02, 0x09, 0x0B, 0x0B, 0x03, 0x05, 0x05, 0x05, 0x05, 0x05, 0x03, 0x03, 0x05, 0x05, 0x05, 0x05, 0x0B, 0x0B, 0x02, 0x01, 0x05,
    0x0B, 0x05, 0x0D, 0x09, 0x0C, 0x0C, 0x0C, 0x0B, 0x0B, 0x03, 0x02, 0x02, 0x02, 0x05, 0x0B, 0x03, 0x01, 0x05, 0x05, 0x03, 0x0B, 0x09, 0x0B, 0x0C,
    0x03, 0x05, 0x03, 0x05, 0x02, 0x06, 0x06, 0x01, 0x05, 0x02, 0x02, 0x02, 0x01, 0x01, 0x05, 0x02, 0x05, 0x05, 0x05, 0x01, 0x01, 0x05, 0x05, 0x03,
    0x02, 0x01, 0x01, 0x01, 0x02, 0x01, 0x01, 0x02, 0x02, 0x01, 0x03, 0x02, 0x01, 0x03, 0x01, 0x02, 0x03, 0x01, 0x01, 0x01, 0x03, 0x05, 0x05, 0x05,
    0x05, 0x02, 0x02, 0x03, 0x05, 0x05, 0x03, 0x03, 0x02, 0x03, 0x03, 0x05, 0x03, 0x05, 0x02, 0x02, 0x05, 0x03, 0x03, 0x02, 0x01, 0x02, 0x05, 0x05,
    0x05, 0x03, 0x03, 0x01, 0x01, 0x01, 0x01, 0x03, 0x01, 0x04, 0x04, 0x01, 0x02, 0x03, 0x03, 0x05, 0x05, 0x03, 0x03, 0x02, 0x02, 0x02, 0x0B, 0x03,
    0x03, 0x03, 0x05, 0x05, 0x03, 0x03, 0x05, 0x05, 0x05, 0x09, 0x05, 0x0C, 0x0C, 0x09, 0x05, 0x05, 0x05, 0x0B, 0x05, 0x02, 0x06, 0x03, 0x05, 0x01,
    0x05, 0x03, 0x03, 0x03, 0x03, 0x03, 0x05, 0x05, 0x05, 0x02, 0x01, 0x02, 0x05, 0x05, 0x03, 0x03, 0x02, 0x05, 0x05, 0x05, 0x05, 0x03, 0x03, 0x03,
    0x05, 0x05, 0x05, 0x05, 0x05, 0x09, 0x0B, 0x09, 0x05, 0x03, 0x05, 0x03, 0x05, 0x0B, 0x05, 0x05, 0x09, 0x05, 0x05, 0x05, 0x03, 0x03, 0x03, 0x03,
    0x05, 0x09, 0x03, 0x03, 0x05, 0x05, 0x03, 0x09, 0x0B, 0x03, 0x05, 0x05, 0x05, 0x09, 0x0B, 0x0B, 0x09, 0x05, 0x0C, 0x0C, 0x05, 0x05, 0x09, 0x09,
    0x05, 0x05, 0x03, 0x03, 0x03, 0x02, 0x03, 0x02, 0x02, 0x02, 0x01, 0x09, 0x03, 0x01, 0x04, 0x02, 0x05, 0x03, 0x01, 0x01, 0x01, 0x0B, 0x03, 0x05,
    0x0B, 0x05, 0x05, 0x03, 0x05, 0x03, 0x01, 0x01, 0x02, 0x01, 0x06, 0x04, 0x01, 0x02, 0x03, 0x03, 0x02, 0x01, 0x06, 0x02, 0x09, 0x02, 0x03, 0x09,
    0x05, 0x03, 0x05, 0x05, 0x05, 0x05, 0x05, 0x0B, 0x05, 0x09, 0x02, 0x05, 0x09, 0x05, 0x02, 0x03, 0x01, 0x01, 0x02, 0x03, 0x03, 0x03, 0x03, 0x02,
    0x02, 0x02, 0x01, 0x03, 0x05, 0x03, 0x03, 0x03, 0x02, 0x01, 0x01, 0x01, 0x01, 0x01, 0x02, 0x01, 0x02, 0x03, 0x03, 0x03, 0x03, 0x03, 0x02, 0x02,
    0x02, 0x05, 0x01, 0x03, 0x05, 0x05, 0x05, 0x03, 0x05, 0x03, 0x03, 0x03, 0x05, 0x05, 0x05, 0x05, 0x05, 0x09, 0x05, 0x05, 0x02, 0x01, 0x03, 0x09,
    0x09, 0x02, 0x01, 0x02, 0x05, 0x05, 0x01, 0x09, 0x05, 0x05, 0x05, 0x03, 0x02, 0x06, 0x06, 0x01, 0x03, 0x03, 0x03, 0x03, 0x05, 0x09, 0x05, 0x05,
    0x05, 0x05, 0x03, 0x01, 0x03, 0x05, 0x05, 0x05, 0x03, 0x05, 0x05, 0x05, 0x03, 0x05, 0x05, 0x05, 0x0D, 0x0B, 0x0B, 0x01, 0x02, 0x03, 0x01, 0x02,
    0x03, 0x05, 0x03, 0x03, 0x05, 0x05, 0x05, 0x05, 0x05, 0x03, 0x06, 0x03, 0x05, 0x05, 0x03, 0x05, 0x05, 0x05, 0x0B, 0x0C, 0x0B, 0x05, 0x0B, 0x0B,
    0x0B, 0x03, 0x05, 0x09, 0x05, 0x02, 0x03, 0x04, 0x06, 0x02, 0x02, 0x01, 0x03, 0x09, 0x0D, 0x0B, 0x02, 0x04, 0x06, 0x06, 0x05, 0x05, 0x01, 0x04,
    0x02, 0x03, 0x05, 0x05, 0x03, 0x05, 0x03, 0x01, 0x02, 0x01, 0x01, 0x02, 0x01, 0x03, 0x03, 0x03, 0x03, 0x01, 0x01, 0x03, 0x03, 0x01, 0x06, 0x01,
    0x03, 0x05, 0x01, 0x03, 0x02, 0x02, 0x03, 0x03, 0x05, 0x05, 0x05, 0x05, 0x05, 0x05, 0x03, 0x05, 0x05, 0x05, 0x03, 0x03, 0x03, 0x02, 0x02, 0x02,
    0x01, 0x01, 0x01, 0x03, 0x01, 0x02, 0x02, 0x03, 0x03, 0x03, 0x03, 0x01, 0x01, 0x01, 0x01, 0x01, 0x02, 0x02, 0x02, 0x01, 0x02, 0x03, 0x02, 0x03,
    0x05, 0x05, 0x05, 0x02, 0x03, 0x03, 0x04, 0x03, 0x03, 0x05, 0x05, 0x03, 0x03, 0x02, 0x01, 0x01, 0x0E, 0x0D, 0x05, 0x06, 0x06, 0x02, 0x0B, 0x0B,
    0x09, 0x05, 0x05, 0x09, 0x0B, 0x02, 0x05, 0x05, 0x05, 0x01, 0x03, 0x03, 0x03, 0x03, 0x03, 0x03, 0x03, 0x03, 0x05, 0x01, 0x04, 0x01, 0x01, 0x01,
    0x03, 0x05, 0x05, 0x05, 0x02, 0x02, 0x01, 0x05, 0x05, 0x03, 0x03, 0x05, 0x05, 0x02, 0x02, 0x03, 0x05, 0x03, 0x02, 0x0B, 0x0B, 0x0B, 0x0B, 0x05,
    0x05, 0x0C, 0x0B, 0x0B, 0x05, 0x05, 0x05, 0x02, 0x02, 0x05, 0x0B, 0x05, 0x03, 0x05, 0x0B, 0x03, 0x05, 0x03, 0x03, 0x03, 0x05, 0x05, 0x0B, 0x05,
    0x05, 0x05, 0x03, 0x05, 0x05, 0x02, 0x05, 0x0B, 0x09, 0x05, 0x04, 0x04, 0x03, 0x05, 0x03, 0x02, 0x03, 0x05, 0x09, 0x0B, 0x05, 0x01, 0x06, 0x06,
    0x06, 0x03, 0x03, 0x02, 0x03, 0x03, 0x03, 0x02, 0x03, 0x02, 0x01, 0x01, 0x02, 0x03, 0x03, 0x05, 0x05, 0x0B, 0x05, 0x02, 0x03, 0x02, 0x01, 0x06,
    0x01, 0x03, 0x02, 0x06, 0x02, 0x03, 0x02, 0x01, 0x02, 0x01, 0x02, 0x05, 0x09, 0x05, 0x05, 0x05, 0x05, 0x03, 0x03, 0x03, 0x05, 0x05, 0x05, 0x05,
    0x03, 0x03, 0x04, 0x02, 0x05, 0x05, 0x03, 0x03, 0x02, 0x03, 0x05, 0x03, 0x05, 0x01, 0x01, 0x01, 0x04, 0x01, 0x03, 0x05, 0x03, 0x01, 0x02, 0x02,
    0x02, 0x03, 0x03, 0x04, 0x06, 0x05, 0x05, 0x05, 0x02, 0x03, 0x05, 0x02, 0x01, 0x02, 0x02, 0x01, 0x01, 0x02, 0x03, 0x05, 0x0E, 0x0F, 0x0B, 0x03,
    0x09, 0x05, 0x05, 0x0B, 0x0B, 0x0C, 0x0D, 0x0C, 0x05, 0x05, 0x05, 0x01, 0x01, 0x04, 0x03, 0x01, 0x03, 0x05, 0x05, 0x05, 0x05, 0x05, 0x05, 0x05,
    0x05, 0x05, 0x03, 0x03, 0x03, 0x01, 0x02, 0x06, 0x01, 0x02, 0x05, 0x03, 0x05, 0x05, 0x03, 0x03, 0x03, 0x03, 0x02, 0x05, 0x05, 0x04, 0x01, 0x01,
    0x0B, 0x05, 0x01, 0x03, 0x01, 0x03, 0x05, 0x05, 0x0B, 0x0B, 0x05, 0x05, 0x05, 0x02, 0x02, 0x05, 0x09, 0x05, 0x0B, 0x0B, 0x09, 0x0D, 0x05, 0x03,
    0x02, 0x05, 0x0B, 0x03, 0x02, 0x05, 0x0B, 0x0B, 0x03, 0x03, 0x02, 0x05, 0x03, 0x05, 0x05, 0x03, 0x0B, 0x02, 0x02, 0x01, 0x03, 0x01, 0x03, 0x05,
    0x0B, 0x05, 0x04, 0x06, 0x01, 0x05, 0x09, 0x0B, 0x05, 0x06, 0x04, 0x03, 0x02, 0x01, 0x02, 0x01, 0x01, 0x01, 0x01, 0x03, 0x05, 0x05, 0x05, 0x03,
    0x03, 0x03, 0x03, 0x02, 0x03, 0x02, 0x01, 0x03, 0x02, 0x03, 0x05, 0x05, 0x03, 0x03, 0x05, 0x05, 0x09, 0x03, 0x03, 0x03, 0x05, 0x05, 0x05, 0x02,
    0x01, 0x01, 0x04, 0x01, 0x01, 0x02, 0x05, 0x05, 0x05, 0x05, 0x03, 0x03, 0x03, 0x03, 0x03, 0x03, 0x05, 0x05, 0x03, 0x01, 0x02, 0x01, 0x01, 0x01,
    0x01, 0x01, 0x03, 0x01, 0x02, 0x01, 0x01, 0x03, 0x05, 0x05, 0x05, 0x03, 0x05, 0x05, 0x05, 0x03, 0x09, 0x02, 0x02, 0x02, 0x03, 0x03, 0x03, 0x03,
    0x05, 0x05, 0x0C, 0x0B, 0x09, 0x0B, 0x09, 0x05, 0x05, 0x09, 0x09, 0x05, 0x05, 0x0C, 0x0B, 0x03, 0x02, 0x06, 0x02, 0x02, 0x03, 0x05, 0x05, 0x05,
    0x0B, 0x0B, 0x0C, 0x05, 0x09, 0x05, 0x02, 0x01, 0x02, 0x01, 0x06, 0x06, 0x03, 0x03, 0x02, 0x01, 0x03, 0x05, 0x03, 0x01, 0x05, 0x0B, 0x0B, 0x05,
    0x03, 0x05, 0x03, 0x05, 0x03, 0x0B, 0x05, 0x05, 0x02, 0x03, 0x03, 0x05, 0x05, 0x05, 0x05, 0x02, 0x05, 0x05, 0x0B, 0x05, 0x02, 0x02, 0x05, 0x09,
    0x05, 0x03, 0x02, 0x01, 0x06, 0x05, 0x0B, 0x03, 0x03, 0x03, 0x02, 0x02, 0x03, 0x05, 0x03, 0x03, 0x05, 0x05, 0x03, 0x05, 0x05, 0x05, 0x04, 0x01,
    0x04, 0x03, 0x03, 0x03, 0x03, 0x0B, 0x0B, 0x02, 0x09, 0x03, 0x09, 0x05, 0x03, 0x03, 0x05, 0x03, 0x05, 0x05, 0x05, 0x01, 0x04, 0x02, 0x05, 0x03,
    0x03, 0x05, 0x05, 0x05, 0x03, 0x03, 0x03, 0x02, 0x02, 0x05, 0x03, 0x02, 0x06, 0x04, 0x03, 0x03, 0x03, 0x03, 0x05, 0x05, 0x05, 0x0B, 0x05, 0x05,
    0x03, 0x02, 0x02, 0x02, 0x03, 0x03, 0x02, 0x05, 0x03, 0x05, 0x05, 0x05, 0x03, 0x03, 0x03, 0x03, 0x03, 0x03, 0x03, 0x03, 0x03, 0x03, 0x03, 0x03,
    0x05, 0x01, 0x03, 0x01, 0x02, 0x03, 0x01, 0x03, 0x01, 0x01, 0x03, 0x03, 0x03, 0x03, 0x03, 0x03, 0x03, 0x03, 0x05, 0x05, 0x03, 0x03, 0x03, 0x03,
    0x02, 0x01, 0x03, 0x03,
};

static const uint8_t px_wm_select_main_h11_04417e5e[] __attribute__((aligned(8))) = {
    0x05, 0x03, 0x05, 0x03, 0x03, 0x05, 0x05, 0x05, 0x03, 0x03, 0x05, 0x05, 0x05, 0x0B, 0x0C, 0x0C, 0x05, 0x05, 0x01, 0x01, 0x04, 0x03, 0x05, 0x05,
    0x05, 0x05, 0x05, 0x05, 0x03, 0x03, 0x03, 0x02, 0x01, 0x01, 0x01, 0x03, 0x02, 0x01, 0x05, 0x03, 0x03, 0x03, 0x05, 0x01, 0x01, 0x03, 0x05, 0x03,
    0x05, 0x05, 0x09, 0x03, 0x05, 0x05, 0x09, 0x05, 0x04, 0x09, 0x05, 0x02, 0x06, 0x02, 0x03, 0x04, 0x01, 0x09, 0x09, 0x0C, 0x09, 0x05, 0x05, 0x01,
    0x03, 0x05, 0x03, 0x01, 0x04, 0x04, 0x01, 0x02, 0x05, 0x05, 0x05, 0x02, 0x01, 0x03, 0x05, 0x05, 0x0B, 0x0B, 0x09, 0x05, 0x05, 0x03, 0x09, 0x03,
    0x01, 0x04, 0x02, 0x05, 0x03, 0x05, 0x0B, 0x09, 0x03, 0x09, 0x05, 0x03, 0x05, 0x05, 0x05, 0x03, 0x03, 0x05, 0x03, 0x03, 0x05, 0x05, 0x03, 0x05,
    0x03, 0x03, 0x05, 0x03, 0x03, 0x02, 0x04, 0x02, 0x02, 0x03, 0x03, 0x05, 0x0B, 0x0B, 0x02, 0x06, 0x01, 0x05, 0x03, 0x05, 0x05, 0x05, 0x05, 0x05,
    0x09, 0x0B, 0x02, 0x01, 0x05, 0x05, 0x09, 0x05, 0x03, 0x06, 0x01, 0x05, 0x03, 0x03, 0x03, 0x03, 0x02, 0x02, 0x02, 0x03, 0x03, 0x03, 0x03, 0x04,
    0x01, 0x03, 0x01, 0x01, 0x02, 0x01, 0x02, 0x03, 0x05, 0x09, 0x05, 0x05, 0x05, 0x03, 0x03, 0x02, 0x04, 0x01, 0x02, 0x05, 0x05, 0x03, 0x03, 0x03,
    0x03, 0x03, 0x05, 0x03, 0x0B, 0x05, 0x05, 0x0B, 0x0B, 0x0B, 0x0D, 0x0C, 0x05, 0x03, 0x02, 0x03, 0x05, 0x03, 0x05, 0x05, 0x0D, 0x0C, 0x01, 0x06,
    0x03, 0x03, 0x03, 0x02, 0x01, 0x02, 0x01, 0x03, 0x05, 0x03, 0x03, 0x01, 0x03, 0x02, 0x01, 0x03, 0x03, 0x03, 0x05, 0x03, 0x02, 0x02, 0x03, 0x09,
    0x05, 0x02, 0x03, 0x02, 0x03, 0x05, 0x05, 0x05, 0x01, 0x03, 0x01, 0x05, 0x0C, 0x09, 0x05, 0x03, 0x05, 0x05, 0x03, 0x09, 0x05, 0x05, 0x05, 0x0B,
    0x0B, 0x0D, 0x03, 0x02, 0x03, 0x05, 0x03, 0x02, 0x02, 0x01, 0x05, 0x09, 0x0D, 0x0D, 0x05, 0x05, 0x05, 0x03, 0x05, 0x05, 0x05, 0x03, 0x05, 0x05,
    0x05, 0x02, 0x03, 0x05, 0x04, 0x01, 0x09, 0x05, 0x03, 0x03, 0x03, 0x03, 0x03, 0x02, 0x01, 0x03, 0x03, 0x04, 0x03, 0x03, 0x04, 0x01, 0x02, 0x03,
    0x03, 0x09, 0x05, 0x05, 0x05, 0x03, 0x02, 0x03, 0x02, 0x02, 0x01, 0x01, 0x01, 0x03, 0x0B, 0x02, 0x02, 0x05, 0x05, 0x03, 0x03, 0x03, 0x05, 0x02,
    0x04, 0x04, 0x01, 0x06, 0x05, 0x03, 0x01, 0x04, 0x02, 0x03, 0x09, 0x05, 0x0B, 0x0C, 0x0B, 0x03, 0x03, 0x03, 0x03, 0x03, 0x03, 0x02, 0x03, 0x03,
    0x02, 0x01, 0x03, 0x03, 0x01, 0x05, 0x01, 0x03, 0x01, 0x02, 0x03, 0x03, 0x05, 0x09, 0x05, 0x03, 0x03, 0x03, 0x03, 0x05, 0x09, 0x09, 0x03, 0x01,
    0x02, 0x02, 0x03, 0x03, 0x02, 0x02, 0x03, 0x05, 0x0B, 0x05, 0x05, 0x09, 0x0B, 0x0B, 0x0C, 0x05, 0x02, 0x03, 0x03, 0x02, 0x01, 0x03, 0x04, 0x05,
    0x0B, 0x0D, 0x09, 0x02, 0x06, 0x04, 0x04, 0x04, 0x04, 0x06, 0x06, 0x01, 0x04, 0x02, 0x03, 0x05, 0x05, 0x05, 0x03, 0x01, 0x03, 0x03, 0x05, 0x03,
    0x01, 0x04, 0x02, 0x05, 0x05, 0x03, 0x05, 0x02, 0x02, 0x05, 0x05, 0x0B, 0x02, 0x0B, 0x05, 0x05, 0x03, 0x02, 0x02, 0x03, 0x03, 0x02, 0x05, 0x09,
    0x05, 0x05, 0x03, 0x05, 0x05, 0x03, 0x02, 0x03, 0x05, 0x05, 0x05, 0x05, 0x0C, 0x05, 0x0C, 0x05, 0x05, 0x05, 0x0B, 0x05, 0x01, 0x01, 0x03, 0x03,
    0x02, 0x02, 0x04, 0x01, 0x03, 0x03, 0x02, 0x03, 0x09, 0x03, 0x01, 0x02, 0x05, 0x05, 0x03, 0x02, 0x03, 0x05, 0x0B, 0x0B, 0x03, 0x06, 0x04, 0x01,
    0x02, 0x02, 0x02, 0x01, 0x02, 0x03, 0x09, 0x05, 0x03, 0x03, 0x03, 0x02, 0x03, 0x02, 0x02, 0x01, 0x01, 0x03, 0x02, 0x02, 0x01, 0x03, 0x05, 0x05,
    0x02, 0x03, 0x05, 0x05, 0x03, 0x03, 0x05, 0x05, 0x05, 0x02, 0x04, 0x01, 0x01, 0x02, 0x02, 0x09, 0x05, 0x09, 0x05, 0x02, 0x01, 0x01, 0x02, 0x02,
    0x01, 0x01, 0x05, 0x05, 0x04, 0x02, 0x01, 0x02, 0x03, 0x03, 0x05, 0x03, 0x03, 0x01, 0x02, 0x01, 0x02, 0x02, 0x03, 0x03, 0x03, 0x03, 0x03, 0x03,
    0x05, 0x05, 0x02, 0x06, 0x02, 0x03, 0x02, 0x02, 0x02, 0x01, 0x01, 0x03, 0x09, 0x0B, 0x05, 0x0B, 0x0B, 0x05, 0x05, 0x02, 0x06, 0x04, 0x03, 0x03,
    0x05, 0x05, 0x02, 0x01, 0x05, 0x0C, 0x0B, 0x05, 0x06, 0x06, 0x06, 0x06, 0x06, 0x04, 0x01, 0x02, 0x01, 0x04, 0x03, 0x05, 0x05, 0x03, 0x03, 0x03,
    0x03, 0x03, 0x05, 0x03, 0x05, 0x05, 0x05, 0x03, 0x05, 0x03, 0x02, 0x02, 0x02, 0x05, 0x05, 0x05, 0x0C, 0x05, 0x05, 0x05, 0x09, 0x05, 0x03, 0x02,
    0x05, 0x05, 0x05, 0x05, 0x03, 0x03, 0x03, 0x05, 0x05, 0x03, 0x03, 0x03, 0x05, 0x09, 0x09, 0x05, 0x0B, 0x0D, 0x05, 0x03, 0x01, 0x05, 0x09, 0x05,
    0x03, 0x04, 0x02, 0x03, 0x04, 0x02, 0x02, 0x06, 0x04, 0x03, 0x03, 0x02, 0x03, 0x03, 0x02, 0x03, 0x03, 0x03, 0x02, 0x02, 0x03, 0x05, 0x09, 0x09,
    0x03, 0x03, 0x05, 0x05, 0x03, 0x02, 0x03, 0x01, 0x01, 0x02, 0x03, 0x05, 0x03, 0x02, 0x02, 0x02, 0x03, 0x03, 0x02, 0x02, 0x06, 0x02, 0x02, 0x02,
    0x02, 0x03, 0x05, 0x09, 0x05, 0x02, 0x05, 0x0B, 0x05, 0x0B, 0x03, 0x01, 0x03, 0x05, 0x03, 0x03, 0x02, 0x01, 0x06, 0x04, 0x01, 0x01, 0x02, 0x04,
    0x02, 0x03, 0x03, 0x01, 0x04, 0x02, 0x03, 0x03, 0x03, 0x05, 0x05, 0x01, 0x01, 0x01, 0x01, 0x01, 0x02, 0x01, 0x01, 0x02, 0x02, 0x03, 0x02, 0x01,
    0x02, 0x03, 0x03, 0x02, 0x01, 0x01, 0x04, 0x02, 0x05, 0x05, 0x05, 0x0B, 0x05, 0x09, 0x01, 0x02, 0x05, 0x0B, 0x05, 0x05, 0x02, 0x01, 0x01, 0x03,
    0x02, 0x04, 0x01, 0x01, 0x01, 0x0B, 0x0B, 0x0C, 0x09, 0x0B, 0x0C, 0x0E, 0x0E, 0x0D, 0x0B, 0x09, 0x03, 0x02, 0x03, 0x02, 0x05, 0x03, 0x03, 0x05,
    0x03, 0x03, 0x03, 0x01, 0x01, 0x01, 0x05, 0x05, 0x05, 0x0B, 0x0B, 0x05, 0x03, 0x02, 0x04, 0x04, 0x06, 0x03, 0x05, 0x05, 0x0C, 0x0B, 0x05, 0x05,
    0x05, 0x0B, 0x09, 0x05, 0x05, 0x05, 0x05, 0x03, 0x03, 0x03, 0x03, 0x03, 0x03, 0x02, 0x03, 0x05, 0x09, 0x0B, 0x0B, 0x0B, 0x0E, 0x0C, 0x05, 0x03,
    0x06, 0x02, 0x05, 0x05, 0x05, 0x05, 0x05, 0x0B, 0x03, 0x02, 0x09, 0x09, 0x04, 0x01, 0x01, 0x03, 0x03, 0x03, 0x02, 0x02, 0x02, 0x05, 0x05, 0x02,
    0x02, 0x02, 0x03, 0x03, 0x05, 0x09, 0x03, 0x03, 0x05, 0x0B, 0x05, 0x01, 0x06, 0x04, 0x02, 0x02, 0x02, 0x03, 0x03, 0x03, 0x05, 0x03, 0x03, 0x02,
    0x02, 0x04, 0x04, 0x03, 0x03, 0x03, 0x09, 0x05, 0x05, 0x05, 0x05, 0x09, 0x0B, 0x09, 0x05, 0x05, 0x02, 0x02, 0x02, 0x05, 0x0C, 0x0D, 0x0B, 0x01,
    0x01, 0x06, 0x03, 0x03, 0x01, 0x01, 0x03, 0x01, 0x02, 0x01, 0x01, 0x02, 0x05, 0x05, 0x01, 0x03, 0x04, 0x06, 0x01, 0x02, 0x01, 0x01, 0x01, 0x02,
    0x02, 0x02, 0x02, 0x03, 0x03, 0x02, 0x03, 0x02, 0x01, 0x01, 0x04, 0x02, 0x09, 0x05, 0x0B, 0x0C, 0x05, 0x09, 0x05, 0x02, 0x0B, 0x05, 0x05, 0x05,
    0x04, 0x04, 0x01, 0x0B, 0x0E, 0x0B, 0x06, 0x05, 0x05, 0x05, 0x09, 0x0D, 0x0B, 0x05, 0x03, 0x0B, 0x0D, 0x0C, 0x0B, 0x0B, 0x0C, 0x0B, 0x03, 0x02,
    0x04, 0x04, 0x02, 0x02, 0x05, 0x02, 0x02, 0x06, 0x06, 0x04, 0x04, 0x03, 0x05, 0x05, 0x05, 0x05, 0x05, 0x0B, 0x0B, 0x05, 0x03, 0x01, 0x03, 0x05,
    0x05, 0x03, 0x05, 0x05, 0x03, 0x05, 0x05, 0x05, 0x09, 0x09, 0x05, 0x05, 0x03, 0x03, 0x03, 0x03, 0x03, 0x02, 0x03, 0x05, 0x0B, 0x0B, 0x05, 0x05,
    0x03, 0x03, 0x05, 0x0B, 0x05, 0x09, 0x03, 0x03, 0x0B, 0x0D, 0x09, 0x03, 0x05, 0x03, 0x01, 0x03, 0x01, 0x04, 0x05, 0x05, 0x02, 0x02, 0x03, 0x03,
    0x03, 0x01, 0x04, 0x06, 0x06, 0x01, 0x03, 0x02, 0x02, 0x05, 0x03, 0x05, 0x0B, 0x09, 0x05, 0x02, 0x01, 0x04, 0x01, 0x02, 0x05, 0x0B, 0x0B, 0x05,
    0x02, 0x05, 0x0C, 0x03, 0x01, 0x01, 0x02, 0x05, 0x03, 0x03, 0x03, 0x02, 0x09, 0x09, 0x05, 0x09, 0x0B, 0x0C, 0x0B, 0x09, 0x02, 0x01, 0x02, 0x03,
    0x0D, 0x09, 0x0B, 0x0D, 0x0C, 0x01, 0x06, 0x06, 0x01, 0x05, 0x05, 0x03, 0x02, 0x01, 0x01, 0x02, 0x05, 0x03, 0x03, 0x02, 0x04, 0x01, 0x03, 0x01,
    0x02, 0x01, 0x02, 0x01, 0x03, 0x02, 0x01, 0x06, 0x06, 0x06, 0x06, 0x02, 0x02, 0x03, 0x05, 0x03, 0x01, 0x05, 0x05, 0x05, 0x03, 0x03, 0x02, 0x01,
    0x05, 0x05, 0x05, 0x05, 0x09, 0x0F, 0x0F, 0x0E, 0x0F, 0x0A, 0x0F, 0x11, 0x11, 0x0B, 0x05, 0x02, 0x05, 0x05, 0x05, 0x05, 0x05, 0x05, 0x03, 0x05,
    0x05, 0x09, 0x05, 0x05, 0x03, 0x06, 0x06, 0x01, 0x01, 0x01, 0x02, 0x02, 0x02, 0x04, 0x04, 0x04, 0x03, 0x09, 0x05, 0x05, 0x05, 0x02, 0x05, 0x0C,
    0x0D, 0x05, 0x0B, 0x05, 0x03, 0x09, 0x05, 0x05, 0x0B, 0x05, 0x0B, 0x0B, 0x09, 0x05, 0x03, 0x03, 0x05, 0x05, 0x05, 0x03, 0x02, 0x02, 0x03, 0x0D,
    0x05, 0x03, 0x05, 0x05, 0x02, 0x03, 0x05, 0x0B, 0x0B, 0x03, 0x01, 0x05, 0x05, 0x09, 0x05, 0x05, 0x05, 0x05, 0x05, 0x03, 0x05, 0x01, 0x03, 0x02,
    0x02, 0x01, 0x05, 0x03, 0x03, 0x03, 0x05, 0x01, 0x05, 0x05, 0x03, 0x03, 0x01, 0x03, 0x03, 0x05, 0x01, 0x02, 0x03, 0x03, 0x05, 0x05, 0x03, 0x05,
    0x0C, 0x0B, 0x0B, 0x05, 0x03, 0x02, 0x02, 0x02, 0x05, 0x03, 0x0D, 0x09, 0x05, 0x02, 0x01, 0x01, 0x03, 0x05, 0x05, 0x05, 0x09, 0x09, 0x0B, 0x09,
    0x05, 0x01, 0x05, 0x05, 0x03, 0x05, 0x05, 0x03, 0x05, 0x0C, 0x0B, 0x09, 0x0D, 0x09, 0x03, 0x01, 0x02, 0x03, 0x03, 0x05, 0x02, 0x01, 0x01, 0x04,
    0x03, 0x03, 0x03, 0x05, 0x03, 0x01, 0x01, 0x02, 0x02, 0x04, 0x06, 0x06, 0x06, 0x01, 0x01, 0x06, 0x03, 0x02, 0x03, 0x03, 0x02, 0x01, 0x02, 0x04,
    0x02, 0x01, 0x04, 0x01, 0x0B, 0x05, 0x05, 0x09, 0x0C, 0x0D, 0x0B, 0x05, 0x0B, 0x0D, 0x0E, 0x0C, 0x0D, 0x05, 0x04, 0x04, 0x04, 0x01, 0x03, 0x05,
    0x05, 0x05, 0x03, 0x02, 0x09, 0x0C, 0x0D, 0x0B, 0x09, 0x0C, 0x0C, 0x0B, 0x05, 0x05, 0x02, 0x02, 0x01, 0x06, 0x06, 0x06, 0x04, 0x03, 0x05, 0x09,
    0x03, 0x02, 0x02, 0x03, 0x03, 0x05, 0x03, 0x05, 0x05, 0x05, 0x05, 0x05, 0x03, 0x05, 0x03, 0x05, 0x05, 0x03, 0x05, 0x03, 0x05, 0x05, 0x05, 0x03,
    0x02, 0x05, 0x0C, 0x05, 0x03, 0x03, 0x03, 0x05, 0x05, 0x05, 0x02, 0x02, 0x02, 0x03, 0x02, 0x03, 0x03, 0x05, 0x05, 0x0B, 0x05, 0x03, 0x03, 0x03,
    0x01, 0x03, 0x01, 0x04, 0x01, 0x01, 0x02, 0x02, 0x03, 0x0B, 0x0D, 0x0F, 0x0A, 0x0C, 0x03, 0x03, 0x03, 0x02, 0x01, 0x0B, 0x05, 0x02, 0x01, 0x05,
    0x09, 0x0C, 0x09, 0x02, 0x02, 0x03, 0x05, 0x05, 0x05, 0x0C, 0x05, 0x0B, 0x05, 0x09, 0x03, 0x02, 0x04, 0x02, 0x03, 0x03, 0x03, 0x05, 0x03, 0x03,
    0x03, 0x03, 0x02, 0x02, 0x01, 0x05, 0x0C, 0x0F, 0x0B, 0x09, 0x01, 0x02, 0x03, 0x03, 0x09, 0x05, 0x03, 0x03, 0x03, 0x02, 0x05, 0x0C, 0x09, 0x03,
    0x02, 0x04, 0x03, 0x05, 0x01, 0x03, 0x03, 0x03, 0x02, 0x01, 0x01, 0x01, 0x01, 0x01, 0x06, 0x02, 0x0B, 0x09, 0x03, 0x02, 0x02, 0x03, 0x03, 0x05,
    0x09, 0x05, 0x0B, 0x05, 0x05, 0x05, 0x02, 0x01, 0x0D, 0x0F, 0x0B, 0x05, 0x05, 0x05, 0x09, 0x05, 0x05, 0x0B, 0x0E, 0x0B, 0x0F, 0x0D, 0x09, 0x03,
    0x01, 0x03, 0x05, 0x05, 0x05, 0x05, 0x05, 0x03, 0x05, 0x05, 0x03, 0x05, 0x0B, 0x0D, 0x0F, 0x09, 0x0B, 0x05, 0x01, 0x06, 0x02, 0x01, 0x06, 0x06,
    0x04, 0x04, 0x03, 0x05, 0x05, 0x03, 0x05, 0x05, 0x0C, 0x09, 0x02, 0x01, 0x03, 0x03, 0x01, 0x03, 0x03, 0x05, 0x01, 0x03, 0x05, 0x0B, 0x09, 0x0D,
    0x0B, 0x03, 0x05, 0x02, 0x03, 0x0B, 0x05, 0x05, 0x05, 0x01, 0x04, 0x02, 0x05, 0x05, 0x02, 0x05, 0x05, 0x02, 0x01, 0x01, 0x05, 0x03, 0x05, 0x03,
    0x04, 0x02, 0x03, 0x02, 0x02, 0x03, 0x01, 0x01, 0x01, 0x03, 0x05, 0x03, 0x03, 0x03, 0x05, 0x05, 0x09, 0x09, 0x05, 0x03, 0x03, 0x04, 0x02, 0x03,
    0x0C, 0x03, 0x01, 0x01, 0x03, 0x05, 0x05, 0x05, 0x04, 0x06, 0x03, 0x05, 0x05, 0x09, 0x03, 0x03, 0x03, 0x09, 0x05, 0x09, 0x03, 0x03, 0x02, 0x03,
    0x03, 0x03, 0x05, 0x03, 0x02, 0x02, 0x01, 0x01, 0x01, 0x03, 0x03, 0x02, 0x05, 0x09, 0x0C, 0x05, 0x01, 0x03, 0x03, 0x03, 0x03, 0x03, 0x05, 0x02,
    0x02, 0x05, 0x0B, 0x03, 0x02, 0x03, 0x03, 0x05, 0x03, 0x02, 0x01, 0x02, 0x05, 0x01, 0x04, 0x01, 0x05, 0x03, 0x05, 0x0B, 0x0B, 0x05, 0x03, 0x03,
    0x02, 0x02, 0x03, 0x03, 0x0B, 0x05, 0x05, 0x03, 0x02, 0x01, 0x02, 0x01, 0x0C, 0x0C, 0x0E, 0x0D, 0x0C, 0x03, 0x03, 0x05, 0x05, 0x05, 0x0B, 0x03,
    0x03, 0x09, 0x0C, 0x0D, 0x0D, 0x0B, 0x02, 0x02, 0x03, 0x03, 0x03, 0x03, 0x02, 0x02, 0x01, 0x03, 0x05, 0x0B, 0x0B, 0x05, 0x05, 0x05, 0x0B, 0x03,
    0x01, 0x09, 0x09, 0x03, 0x06, 0x06, 0x06, 0x03, 0x09, 0x0B, 0x0B, 0x0B, 0x03, 0x05, 0x0B, 0x05, 0x02, 0x06, 0x04, 0x03, 0x03, 0x02, 0x03, 0x0B,
    0x05, 0x05, 0x05, 0x03, 0x03, 0x05, 0x03, 0x02, 0x09, 0x0B, 0x0D, 0x09, 0x03, 0x03, 0x04, 0x03, 0x05, 0x03, 0x09, 0x0B, 0x05, 0x03, 0x02, 0x01,
    0x02, 0x02, 0x01, 0x01, 0x03, 0x03, 0x02, 0x06, 0x03, 0x05, 0x02, 0x06, 0x01, 0x05, 0x03, 0x05, 0x03, 0x03, 0x05, 0x09, 0x09, 0x05, 0x03, 0x05,
    0x0B, 0x0C, 0x09, 0x03, 0x02, 0x02, 0x01, 0x01, 0x01, 0x01, 0x05, 0x03, 0x01, 0x02, 0x05, 0x03, 0x03, 0x05, 0x03, 0x03, 0x0B, 0x05, 0x03, 0x03,
    0x03, 0x03, 0x05, 0x05, 0x01, 0x06, 0x02, 0x03, 0x03, 0x09, 0x05, 0x03, 0x09, 0x0B, 0x05, 0x02, 0x02, 0x03, 0x03, 0x05, 0x02, 0x02, 0x01, 0x01,
    0x02, 0x02, 0x01, 0x03, 0x03, 0x03, 0x05, 0x05, 0x0B, 0x0B, 0x03, 0x05, 0x09, 0x03, 0x03, 0x02, 0x01, 0x03, 0x01, 0x01, 0x01, 0x02, 0x02, 0x03,
    0x03, 0x02, 0x01, 0x01, 0x01, 0x05, 0x03, 0x03, 0x03, 0x05, 0x05, 0x05, 0x05, 0x03, 0x02, 0x01, 0x05, 0x05, 0x0B, 0x0B, 0x05, 0x05, 0x09, 0x0D,
    0x0B, 0x03, 0x05, 0x05, 0x05, 0x05, 0x05, 0x05, 0x05, 0x05, 0x05, 0x02, 0x01, 0x02, 0x03, 0x05, 0x03, 0x06, 0x06, 0x02, 0x05, 0x03, 0x03, 0x03,
    0x05, 0x05, 0x05, 0x0B, 0x0B, 0x0C, 0x0E, 0x0F, 0x0D, 0x05, 0x06, 0x06, 0x02, 0x09, 0x05, 0x03, 0x03, 0x01, 0x01, 0x01, 0x01, 0x06, 0x06, 0x02,
    0x03, 0x05, 0x05, 0x05, 0x03, 0x05, 0x05, 0x03, 0x05, 0x03, 0x03, 0x03, 0x05, 0x05, 0x05, 0x05, 0x05, 0x05, 0x02, 0x05, 0x05, 0x05, 0x03, 0x01,
    0x03, 0x0B, 0x09, 0x05, 0x03, 0x05, 0x02, 0x01, 0x05, 0x05, 0x03, 0x03, 0x05, 0x01, 0x02, 0x02, 0x02, 0x05, 0x09, 0x03, 0x02, 0x03, 0x03, 0x05,
    0x03, 0x03, 0x03, 0x03, 0x02, 0x03, 0x05, 0x01, 0x01, 0x02, 0x01, 0x03, 0x05, 0x02, 0x01, 0x02, 0x03, 0x03, 0x05, 0x03, 0x03, 0x02, 0x0B, 0x05,
    0x0B, 0x03, 0x02, 0x01, 0x03, 0x05, 0x05, 0x05, 0x03, 0x01, 0x01, 0x03, 0x03, 0x02, 0x03, 0x03, 0x03, 0x03, 0x05, 0x03, 0x02, 0x01, 0x01, 0x06,
    0x01, 0x03, 0x03, 0x02, 0x01, 0x02, 0x02, 0x05, 0x09, 0x03, 0x03, 0x03, 0x03, 0x03, 0x03, 0x02, 0x03, 0x03, 0x01, 0x02, 0x01, 0x01, 0x01, 0x01,
    0x02, 0x01, 0x02, 0x02, 0x01, 0x03, 0x01, 0x06, 0x04, 0x05, 0x05, 0x03, 0x03, 0x05, 0x03, 0x03, 0x02, 0x02, 0x03, 0x05, 0x02, 0x02, 0x02, 0x03,
    0x03, 0x05, 0x05, 0x05, 0x09, 0x05, 0x0B, 0x05, 0x05, 0x05, 0x02, 0x04, 0x03, 0x05, 0x0B, 0x05, 0x02, 0x02, 0x05, 0x0C, 0x05, 0x04, 0x04, 0x06,
    0x01, 0x01, 0x05, 0x05, 0x05, 0x05, 0x0B, 0x0F, 0x09, 0x05, 0x05, 0x0B, 0x0D, 0x09, 0x01, 0x06, 0x06, 0x01, 0x02, 0x01, 0x01, 0x01, 0x06, 0x04,
    0x01, 0x01, 0x02, 0x03, 0x05, 0x02, 0x01, 0x03, 0x03, 0x02, 0x02, 0x05, 0x03, 0x02, 0x01, 0x02, 0x01, 0x02, 0x0B, 0x09, 0x05, 0x03, 0x02, 0x05,
    0x0C, 0x05, 0x04, 0x01, 0x02, 0x05, 0x0B, 0x09, 0x05, 0x02, 0x03, 0x02, 0x01, 0x01, 0x02, 0x05, 0x03, 0x02, 0x05, 0x05, 0x0B, 0x05, 0x05, 0x03,
    0x02, 0x03, 0x05, 0x09, 0x0B, 0x05, 0x03, 0x01, 0x01, 0x05, 0x05, 0x05, 0x03, 0x02, 0x02, 0x03, 0x03, 0x02, 0x03, 0x03, 0x05, 0x05, 0x05, 0x0B,
    0x05, 0x05, 0x03, 0x03, 0x03, 0x03, 0x05, 0x05, 0x03, 0x01, 0x03, 0x03, 0x03, 0x06, 0x06, 0x02, 0x05, 0x01, 0x02, 0x05, 0x03, 0x05, 0x03, 0x03,
    0x03, 0x01, 0x02, 0x06, 0x06, 0x02, 0x01, 0x02, 0x03, 0x05, 0x05, 0x0B, 0x09, 0x05, 0x03, 0x03, 0x03, 0x02, 0x02, 0x01, 0x02, 0x02, 0x01, 0x01,
    0x01, 0x01, 0x01, 0x01, 0x02, 0x03, 0x03, 0x02, 0x01, 0x01, 0x02, 0x03, 0x05, 0x03, 0x05, 0x05, 0x03, 0x01, 0x02, 0x03, 0x05, 0x03, 0x05, 0x05,
    0x05, 0x05, 0x09, 0x02, 0x02, 0x05, 0x05, 0x0B, 0x0D, 0x0C, 0x05, 0x09, 0x05, 0x02, 0x03, 0x05, 0x05, 0x03, 0x05, 0x05, 0x05, 0x09, 0x0B, 0x05,
    0x0C, 0x0D, 0x0E, 0x05, 0x01, 0x01, 0x06, 0x02, 0x03, 0x0B, 0x09, 0x0B, 0x05, 0x03, 0x05, 0x05, 0x05, 0x0B, 0x01, 0x04, 0x01, 0x02, 0x01, 0x02,
    0x01, 0x02, 0x03, 0x05, 0x02, 0x03, 0x09, 0x01, 0x01, 0x03, 0x01, 0x02, 0x03, 0x03, 0x03, 0x03, 0x03, 0x05, 0x05, 0x0C, 0x0C, 0x03, 0x01, 0x05,
    0x09, 0x05, 0x0B, 0x0B, 0x05, 0x03, 0x05, 0x03, 0x02, 0x03, 0x03, 0x03, 0x03, 0x03, 0x02, 0x02, 0x03, 0x02, 0x03, 0x01, 0x03, 0x02, 0x02, 0x05,
    0x09, 0x05, 0x02, 0x06, 0x06, 0x01, 0x05, 0x03, 0x01, 0x02, 0x02, 0x01, 0x02, 0x03, 0x02, 0x05, 0x05, 0x01, 0x02, 0x02, 0x01, 0x02, 0x02, 0x03,
    0x09, 0x0B, 0x09, 0x09, 0x05, 0x0B, 0x02, 0x02, 0x05, 0x05, 0x09, 0x05, 0x0B, 0x09, 0x05, 0x05, 0x09, 0x05, 0x01, 0x06, 0x06, 0x01, 0x05, 0x05,
    0x03, 0x03, 0x01, 0x02, 0x03, 0x02, 0x01, 0x06, 0x06, 0x01, 0x03, 0x03, 0x03, 0x03, 0x03, 0x05, 0x09, 0x0B, 0x03, 0x02, 0x03, 0x03, 0x02, 0x02,
    0x01, 0x02, 0x01, 0x01, 0x01, 0x01, 0x04, 0x01, 0x01, 0x02, 0x02, 0x01, 0x04, 0x04, 0x01, 0x05, 0x03, 0x02, 0x03, 0x09, 0x03, 0x02, 0x03, 0x02,
    0x01, 0x03, 0x03, 0x03, 0x05, 0x09, 0x05, 0x03, 0x01, 0x02, 0x05, 0x03, 0x05, 0x05, 0x05, 0x02, 0x01, 0x03, 0x0B, 0x05, 0x02, 0x02, 0x02, 0x03,
    0x0B, 0x0B, 0x05, 0x05, 0x03, 0x05, 0x0B, 0x0B, 0x05, 0x03, 0x03, 0x06, 0x03, 0x05, 0x03, 0x05, 0x09, 0x03, 0x05, 0x05, 0x05, 0x05, 0x05, 0x03,
    0x09, 0x05, 0x05, 0x02, 0x03, 0x03, 0x03, 0x03, 0x02, 0x03, 0x02, 0x03, 0x01, 0x01, 0x01, 0x01, 0x03, 0x05, 0x03, 0x03, 0x02, 0x05, 0x09, 0x05,
    0x03, 0x05, 0x03, 0x03, 0x05, 0x09, 0x05, 0x05, 0x05, 0x03, 0x03, 0x03, 0x02, 0x01, 0x01, 0x03, 0x05, 0x05, 0x05, 0x0B, 0x05, 0x05, 0x03, 0x01,
    0x04, 0x02, 0x03, 0x03, 0x05, 0x05, 0x0B, 0x0C, 0x0C, 0x01, 0x02, 0x02, 0x01, 0x04, 0x04, 0x03, 0x02, 0x06, 0x06, 0x01, 0x01, 0x03, 0x03, 0x03,
    0x03, 0x03, 0x05, 0x05, 0x03, 0x05, 0x05, 0x05, 0x03, 0x02, 0x05, 0x02, 0x09, 0x05, 0x05, 0x03, 0x03, 0x05, 0x05, 0x05, 0x03, 0x0B, 0x0C, 0x03,
    0x05, 0x02, 0x02, 0x02, 0x03, 0x01, 0x05, 0x02, 0x02, 0x06, 0x06, 0x01, 0x02, 0x01, 0x03, 0x02, 0x02, 0x01, 0x03, 0x03, 0x02, 0x03, 0x05, 0x05,
    0x05, 0x03, 0x03, 0x01, 0x06, 0x06, 0x01, 0x01, 0x06, 0x04, 0x01, 0x02, 0x04, 0x06, 0x06, 0x06, 0x06, 0x04, 0x02, 0x03, 0x03, 0x03, 0x02, 0x03,
    0x02, 0x02, 0x03, 0x02, 0x02, 0x02, 0x02, 0x03, 0x03, 0x03, 0x01, 0x02, 0x04, 0x06, 0x04, 0x05, 0x05, 0x05, 0x03, 0x05, 0x05, 0x0B, 0x0B, 0x05,
    0x04, 0x02, 0x03, 0x05, 0x05, 0x05, 0x05, 0x09, 0x0B, 0x05, 0x05, 0x05, 0x05, 0x03, 0x05, 0x03, 0x04, 0x02, 0x03, 0x03, 0x05, 0x0B, 0x03, 0x05,
    0x03, 0x03, 0x05, 0x0C, 0x0B, 0x03, 0x05, 0x0B, 0x05, 0x02, 0x02, 0x03, 0x02, 0x01, 0x05, 0x05, 0x03, 0x03, 0x05, 0x03, 0x02, 0x01, 0x03, 0x03,
    0x03, 0x05, 0x09, 0x05, 0x03, 0x03, 0x03, 0x05, 0x05, 0x03, 0x05, 0x05, 0x03, 0x03, 0x04, 0x02, 0x03, 0x05, 0x05, 0x05, 0x0B, 0x0B, 0x05, 0x03,
    0x03, 0x09, 0x0B, 0x05, 0x04, 0x01, 0x01, 0x03, 0x03, 0x03, 0x02, 0x03, 0x09, 0x0C, 0x0B, 0x0B, 0x03, 0x05, 0x05, 0x05, 0x05, 0x05, 0x03, 0x06,
    0x06, 0x06, 0x06, 0x06, 0x02, 0x05, 0x03, 0x05, 0x09, 0x09, 0x05, 0x02, 0x02, 0x03, 0x03, 0x03, 0x05, 0x05, 0x05, 0x05, 0x05, 0x05, 0x03, 0x03,
    0x03, 0x03, 0x05, 0x09, 0x05, 0x05, 0x03, 0x02, 0x03, 0x03, 0x05, 0x03, 0x06, 0x06, 0x06, 0x03, 0x05, 0x02, 0x03, 0x05, 0x03, 0x01, 0x01, 0x03,
    0x03, 0x05, 0x05, 0x05, 0x09, 0x05, 0x03, 0x03, 0x01, 0x06, 0x04, 0x01, 0x03, 0x02, 0x01, 0x03, 0x01, 0x01, 0x01, 0x01, 0x02, 0x02, 0x01, 0x05,
    0x05, 0x05, 0x02, 0x02, 0x02, 0x05, 0x03, 0x05, 0x03, 0x02, 0x03, 0x05, 0x05, 0x05, 0x05, 0x05, 0x09, 0x01, 0x06, 0x06, 0x01, 0x06, 0x06, 0x01,
    0x05, 0x05, 0x05, 0x0C, 0x0B, 0x0D, 0x0D, 0x05, 0x04, 0x02, 0x03, 0x05, 0x03, 0x05, 0x05, 0x05, 0x03, 0x03, 0x03, 0x04, 0x02, 0x02, 0x03, 0x02,
    0x03, 0x03, 0x03, 0x03, 0x05, 0x05, 0x03, 0x02, 0x02, 0x02, 0x03, 0x03, 0x03, 0x05, 0x05, 0x06, 0x03, 0x0B, 0x02, 0x05, 0x05, 0x09, 0x05, 0x09,
    0x03, 0x03, 0x01, 0x01, 0x02, 0x01, 0x03, 0x03, 0x03, 0x01, 0x03, 0x01, 0x02, 0x06, 0x06, 0x06, 0x04, 0x02, 0x01, 0x01, 0x03, 0x09, 0x09, 0x0B,
    0x03, 0x03, 0x05, 0x01, 0x06, 0x01, 0x05, 0x01, 0x04, 0x06, 0x06, 0x06, 0x01, 0x06, 0x06, 0x04, 0x05, 0x09, 0x05, 0x03, 0x03, 0x03, 0x05, 0x05,
    0x0C, 0x05, 0x0D, 0x0B, 0x03, 0x05, 0x06, 0x06, 0x06, 0x01, 0x02, 0x03, 0x03, 0x03, 0x02, 0x02, 0x02, 0x03, 0x02, 0x02, 0x03, 0x05, 0x03, 0x02,
    0x03, 0x03, 0x02, 0x03, 0x03, 0x05, 0x03, 0x03, 0x05, 0x03, 0x01, 0x01, 0x03, 0x05, 0x01, 0x02, 0x03, 0x03, 0x09, 0x05, 0x09, 0x03, 0x02, 0x01,
    0x03, 0x03, 0x04, 0x01, 0x05, 0x03, 0x03, 0x03, 0x02, 0x03, 0x03, 0x05, 0x03, 0x04, 0x02, 0x01, 0x02, 0x02, 0x01, 0x06, 0x04, 0x01, 0x01, 0x03,
    0x03, 0x01, 0x03, 0x03, 0x03, 0x09, 0x03, 0x02, 0x03, 0x02, 0x02, 0x03, 0x02, 0x03, 0x05, 0x05, 0x05, 0x05, 0x09, 0x0B, 0x09, 0x0B, 0x09, 0x03,
    0x01, 0x03, 0x06, 0x06, 0x01, 0x06, 0x01, 0x02, 0x03, 0x0B, 0x0B, 0x0D, 0x0B, 0x02, 0x03, 0x05, 0x03, 0x03, 0x05, 0x09, 0x05, 0x0D, 0x05, 0x05,
    0x01, 0x04, 0x05, 0x04, 0x01, 0x01, 0x03, 0x02, 0x03, 0x05, 0x05, 0x03, 0x01, 0x06, 0x06, 0x03, 0x02, 0x05, 0x0C, 0x0D, 0x0C, 0x0F, 0x0B, 0x05,
    0x03, 0x02, 0x03, 0x03, 0x03, 0x03, 0x03, 0x03, 0x03, 0x02, 0x02, 0x02, 0x06, 0x01, 0x02, 0x01, 0x05, 0x09, 0x09, 0x05, 0x01, 0x01, 0x05, 0x05,
    0x05, 0x05, 0x02, 0x01, 0x01, 0x02, 0x01, 0x03, 0x01, 0x01, 0x01, 0x03, 0x02, 0x04, 0x06, 0x02, 0x06, 0x06, 0x04, 0x01, 0x03, 0x05, 0x03, 0x03,
    0x03, 0x03, 0x05, 0x0B, 0x03, 0x05, 0x05, 0x05, 0x0C, 0x0D, 0x0D, 0x0B, 0x01, 0x06, 0x06, 0x03, 0x05, 0x03, 0x02, 0x02, 0x01, 0x04, 0x04, 0x02,
    0x06, 0x03, 0x02, 0x01, 0x01, 0x01, 0x04, 0x04, 0x01, 0x03, 0x03, 0x03, 0x02, 0x02, 0x05, 0x05, 0x01, 0x01, 0x03, 0x0B, 0x09, 0x0B, 0x01, 0x01,
    0x02, 0x01, 0x02, 0x03, 0x05, 0x03, 0x02, 0x02, 0x02, 0x05, 0x03, 0x02, 0x03, 0x02, 0x02, 0x02, 0x02, 0x02, 0x04, 0x05, 0x03, 0x02, 0x01, 0x06,
    0x06, 0x04, 0x01, 0x01, 0x03, 0x05, 0x02, 0x02, 0x01, 0x01, 0x01, 0x01, 0x02, 0x02, 0x02, 0x02, 0x03, 0x03, 0x09, 0x05, 0x03, 0x06, 0x01, 0x09,
    0x05, 0x05, 0x05, 0x03, 0x05, 0x0B, 0x09, 0x09, 0x02, 0x01, 0x04, 0x04, 0x06, 0x01, 0x01, 0x01, 0x02, 0x05, 0x05, 0x05, 0x02, 0x02, 0x05, 0x05,
    0x05, 0x09, 0x0D, 0x05, 0x05, 0x02, 0x03, 0x02, 0x01, 0x03, 0x03, 0x02, 0x01, 0x03, 0x05, 0x0B, 0x05, 0x02, 0x05, 0x01, 0x04, 0x05, 0x03, 0x03,
    0x03, 0x09, 0x03, 0x03, 0x02, 0x02, 0x04, 0x04, 0x02, 0x01, 0x01, 0x05, 0x05, 0x01, 0x02, 0x02, 0x03, 0x09, 0x05, 0x03, 0x01, 0x01, 0x01, 0x01,
    0x03, 0x03, 0x05, 0x05, 0x05, 0x03, 0x02, 0x02, 0x01, 0x01, 0x03, 0x05, 0x01, 0x06, 0x03, 0x05, 0x09, 0x04, 0x01, 0x09, 0x01, 0x02, 0x03, 0x05,
    0x05, 0x03, 0x05, 0x05, 0x02, 0x01, 0x03, 0x03, 0x01, 0x01, 0x03, 0x05, 0x05, 0x05, 0x0B, 0x0B, 0x0C, 0x0D, 0x05, 0x04, 0x06, 0x01, 0x01, 0x01,
    0x02, 0x03, 0x02, 0x03, 0x05, 0x0B, 0x02, 0x05, 0x05, 0x02, 0x02, 0x01, 0x03, 0x02, 0x02, 0x03, 0x03, 0x05, 0x05, 0x09, 0x0B, 0x02, 0x03, 0x02,
    0x02, 0x03, 0x03, 0x05, 0x01, 0x03, 0x05, 0x05, 0x02, 0x03, 0x05, 0x05, 0x02, 0x03, 0x03, 0x03, 0x02, 0x03, 0x02, 0x04, 0x02, 0x03, 0x01, 0x01,
    0x0B, 0x09, 0x01, 0x04, 0x06, 0x04, 0x01, 0x02, 0x03, 0x02, 0x02, 0x01, 0x01, 0x01, 0x03, 0x01, 0x01, 0x01, 0x02, 0x03, 0x03, 0x03, 0x02, 0x02,
    0x02, 0x05, 0x0B, 0x0B, 0x05, 0x01, 0x05, 0x03, 0x05, 0x03, 0x05, 0x0C, 0x0B, 0x09, 0x05, 0x03, 0x0D, 0x01, 0x04, 0x05, 0x0B, 0x0B, 0x09, 0x05,
    0x05, 0x03, 0x04, 0x01, 0x03, 0x05, 0x0B, 0x0C, 0x0D, 0x05, 0x06, 0x06, 0x02, 0x03, 0x03, 0x05, 0x03, 0x05, 0x09, 0x0B, 0x0C, 0x0B, 0x05, 0x02,
    0x02, 0x03, 0x06, 0x01, 0x06, 0x01, 0x03, 0x05, 0x04, 0x06, 0x06, 0x01, 0x03, 0x05, 0x05, 0x02, 0x03, 0x05, 0x05, 0x02, 0x05, 0x09, 0x09, 0x03,
    0x04, 0x04, 0x06, 0x01, 0x02, 0x03, 0x01, 0x03, 0x03, 0x05, 0x03, 0x03, 0x05, 0x09, 0x03, 0x05, 0x05, 0x03, 0x03, 0x03, 0x05, 0x03, 0x05, 0x03,
    0x05, 0x05, 0x05, 0x03, 0x05, 0x03, 0x03, 0x02, 0x04, 0x01, 0x02, 0x01, 0x01, 0x04, 0x05, 0x09, 0x03, 0x03, 0x0B, 0x09, 0x0B, 0x0D, 0x0D, 0x09,
    0x01, 0x01, 0x02, 0x04, 0x02, 0x02, 0x05, 0x05, 0x03, 0x03, 0x01, 0x03, 0x03, 0x03, 0x02, 0x02, 0x02, 0x02, 0x02, 0x02, 0x02, 0x01, 0x03, 0x03,
    0x03, 0x03, 0x03, 0x05, 0x03, 0x03, 0x02, 0x02, 0x03, 0x03, 0x05, 0x03, 0x03, 0x05, 0x03, 0x01, 0x02, 0x03, 0x02, 0x03, 0x03, 0x02, 0x02, 0x02,
    0x03, 0x03, 0x02, 0x01, 0x01, 0x01, 0x01, 0x06, 0x06, 0x04, 0x01, 0x03, 0x02, 0x02, 0x04, 0x06, 0x06, 0x04, 0x01, 0x04, 0x01, 0x04, 0x01, 0x02,
    0x09, 0x05, 0x02, 0x04, 0x0B, 0x05, 0x03, 0x05, 0x05, 0x02, 0x02, 0x02, 0x01, 0x03, 0x09, 0x0D, 0x0B, 0x05, 0x0D, 0x05, 0x05, 0x05, 0x05, 0x01,
    0x05, 0x05, 0x05, 0x03, 0x05, 0x02, 0x02, 0x05, 0x03, 0x05, 0x05, 0x05, 0x0B, 0x0B, 0x03, 0x05, 0x05, 0x05, 0x03, 0x05, 0x03, 0x05, 0x05, 0x0C,
    0x0B, 0x0B, 0x09, 0x01, 0x01, 0x03, 0x05, 0x03, 0x05, 0x03, 0x05, 0x05, 0x03, 0x01, 0x02, 0x01, 0x01, 0x02, 0x03, 0x02, 0x02, 0x05, 0x05, 0x01,
    0x05, 0x03, 0x03, 0x03, 0x06, 0x02, 0x04, 0x02, 0x02, 0x01, 0x01, 0x02, 0x02, 0x02, 0x02, 0x03, 0x01, 0x02, 0x05, 0x03, 0x05, 0x09, 0x02, 0x01,
    0x03, 0x01, 0x03, 0x03, 0x05, 0x03, 0x01, 0x06, 0x06, 0x03, 0x05, 0x02, 0x01, 0x01, 0x01, 0x03, 0x03, 0x06, 0x02, 0x03, 0x02, 0x02, 0x03, 0x03,
    0x03, 0x03, 0x05, 0x09, 0x09, 0x02, 0x02, 0x03, 0x03, 0x05, 0x05, 0x09, 0x05, 0x01, 0x02, 0x02, 0x03, 0x05, 0x01, 0x02, 0x02, 0x01, 0x01, 0x01,
    0x01, 0x04, 0x04, 0x01, 0x01, 0x02, 0x03, 0x05, 0x03, 0x03, 0x01, 0x02, 0x01, 0x03, 0x05, 0x05, 0x05, 0x02, 0x01, 0x02, 0x01, 0x02, 0x03, 0x03,
    0x03, 0x02, 0x02, 0x09, 0x03, 0x03, 0x03, 0x01, 0x01, 0x04, 0x06, 0x04, 0x04, 0x01, 0x02, 0x02, 0x01, 0x01, 0x04, 0x06, 0x06, 0x06, 0x04, 0x01,
    0x04, 0x01, 0x01, 0x02, 0x03, 0x03, 0x01, 0x01, 0x02, 0x05, 0x05, 0x05, 0x05, 0x02, 0x04, 0x02, 0x03, 0x05, 0x01, 0x03, 0x05, 0x09, 0x0B, 0x0A,
    0x0C, 0x05, 0x05, 0x05, 0x03, 0x05, 0x01, 0x04, 0x03, 0x05, 0x03, 0x05, 0x0B, 0x05, 0x03, 0x05, 0x05, 0x0B, 0x0B, 0x0B, 0x09, 0x05, 0x03, 0x03,
    0x03, 0x05, 0x05, 0x05, 0x05, 0x05, 0x05, 0x03, 0x03, 0x03, 0x05, 0x0B, 0x0B, 0x0B, 0x05, 0x0B, 0x0D, 0x05, 0x03, 0x03, 0x03, 0x02, 0x01, 0x01,
    0x06, 0x06, 0x04, 0x02, 0x01, 0x03, 0x03, 0x0D, 0x0D, 0x05, 0x02, 0x02, 0x02, 0x02, 0x03, 0x02, 0x02, 0x02, 0x02, 0x02, 0x01, 0x01, 0x04, 0x01,
    0x01, 0x03, 0x01, 0x01, 0x03, 0x03, 0x02, 0x02, 0x01, 0x04, 0x02, 0x03, 0x06, 0x06, 0x05, 0x03, 0x01, 0x06, 0x01, 0x03, 0x02, 0x05, 0x06, 0x05,
    0x05, 0x01, 0x06, 0x06, 0x02, 0x05, 0x05, 0x05, 0x0B, 0x03, 0x01, 0x05, 0x03, 0x05, 0x05, 0x05, 0x05, 0x03, 0x01, 0x03, 0x05, 0x03, 0x03, 0x04,
    0x04, 0x01, 0x01, 0x04, 0x04, 0x01, 0x01, 0x01, 0x03, 0x03, 0x02, 0x04, 0x03, 0x03, 0x02, 0x05, 0x03, 0x03, 0x05, 0x03, 0x02, 0x04, 0x01, 0x02,
    0x02, 0x01, 0x04, 0x06, 0x03, 0x03, 0x03, 0x03, 0x03, 0x03, 0x05, 0x02, 0x01, 0x02, 0x01, 0x02, 0x05, 0x01, 0x02, 0x02, 0x01, 0x01, 0x02, 0x02,
    0x04, 0x01, 0x01, 0x02, 0x02, 0x02, 0x02, 0x01, 0x01, 0x02, 0x02, 0x02, 0x09, 0x0B, 0x05, 0x02, 0x03, 0x0B, 0x05, 0x09, 0x05, 0x0B, 0x03, 0x02,
    0x05, 0x05, 0x09, 0x0B, 0x05, 0x03, 0x03, 0x0B, 0x05, 0x05, 0x0B, 0x0B, 0x05, 0x05, 0x03, 0x05, 0x0B, 0x0B, 0x02, 0x02, 0x03, 0x05, 0x05, 0x05,
    0x05, 0x03, 0x03, 0x02, 0x03, 0x03, 0x03, 0x02, 0x03, 0x03, 0x03, 0x03, 0x05, 0x02, 0x03, 0x05, 0x05, 0x05, 0x05, 0x05, 0x0B, 0x0E, 0x0E, 0x0B,
    0x05, 0x05, 0x0B, 0x03, 0x01, 0x02, 0x01, 0x02, 0x01, 0x01, 0x02, 0x03, 0x03, 0x03, 0x05, 0x02, 0x02, 0x05, 0x03, 0x02, 0x02, 0x02, 0x02, 0x02,
    0x02, 0x01, 0x01, 0x06, 0x06, 0x01, 0x03, 0x01, 0x01, 0x02, 0x01, 0x02, 0x05, 0x0B, 0x02, 0x02, 0x02, 0x03, 0x02, 0x02, 0x05, 0x06, 0x06, 0x01,
    0x01, 0x03, 0x06, 0x01, 0x09, 0x03, 0x02, 0x02, 0x03, 0x05, 0x05, 0x05, 0x03, 0x03, 0x01, 0x02, 0x02, 0x01, 0x09, 0x09, 0x03, 0x03, 0x03, 0x01,
    0x02, 0x01, 0x02, 0x01, 0x01, 0x06, 0x06, 0x01, 0x01, 0x01, 0x01, 0x02, 0x03, 0x03, 0x03, 0x05, 0x03, 0x02, 0x02, 0x03, 0x05, 0x03, 0x02, 0x02,
    0x02, 0x01, 0x02, 0x02, 0x02, 0x02, 0x01, 0x05, 0x05, 0x03, 0x03, 0x03, 0x03, 0x02, 0x05, 0x03, 0x01, 0x03, 0x01, 0x03, 0x03, 0x02, 0x01, 0x04,
    0x04, 0x02, 0x03, 0x03, 0x05, 0x03, 0x03, 0x02, 0x03, 0x02, 0x01, 0x02, 0x01, 0x01, 0x01, 0x04, 0x05, 0x05, 0x05, 0x05, 0x09, 0x0C, 0x0C, 0x0B,
    0x05, 0x09, 0x05, 0x05, 0x05, 0x0C, 0x0D, 0x09, 0x04, 0x02, 0x05, 0x09, 0x05, 0x02, 0x03, 0x09, 0x05, 0x03, 0x03, 0x05, 0x05, 0x09, 0x05, 0x05,
    0x03, 0x03, 0x05, 0x05, 0x03, 0x03, 0x03, 0x03, 0x03, 0x02, 0x03, 0x03, 0x03, 0x03, 0x05, 0x09, 0x0D, 0x0D, 0x0B, 0x05, 0x09, 0x05, 0x05, 0x03,
    0x05, 0x0B, 0x0C, 0x0F, 0x0A, 0x0C, 0x0B, 0x0D, 0x0D, 0x0B, 0x02, 0x02, 0x01, 0x02, 0x01, 0x02, 0x02, 0x05, 0x05, 0x01, 0x03, 0x03, 0x03, 0x02,
    0x01, 0x06, 0x06, 0x06, 0x06, 0x06, 0x06, 0x06, 0x01, 0x01, 0x04, 0x01, 0x03, 0x02, 0x04, 0x02, 0x02, 0x01, 0x02, 0x04, 0x01, 0x02, 0x03, 0x03,
    0x05, 0x0B, 0x0D, 0x02, 0x06, 0x04, 0x01, 0x06, 0x02, 0x05, 0x09, 0x05, 0x03, 0x03, 0x03, 0x03, 0x02, 0x01, 0x01, 0x02, 0x02, 0x02, 0x01, 0x03,
    0x03, 0x09, 0x03, 0x01, 0x04, 0x04, 0x01, 0x02, 0x01, 0x02, 0x01, 0x01, 0x03, 0x01, 0x01, 0x01, 0x02, 0x03, 0x03, 0x03, 0x03, 0x02, 0x02, 0x05,
    0x03, 0x05, 0x02, 0x02, 0x03, 0x03, 0x02, 0x02, 0x03, 0x02, 0x01, 0x04, 0x04, 0x06, 0x01, 0x01, 0x01, 0x01, 0x01, 0x01, 0x01, 0x03, 0x02, 0x01,
    0x02, 0x02, 0x01, 0x06, 0x04, 0x02, 0x05, 0x02, 0x05, 0x05, 0x02, 0x02, 0x03, 0x02, 0x02, 0x02, 0x02, 0x02, 0x03, 0x02, 0x02, 0x03, 0x05, 0x09,
    0x0B, 0x0B, 0x09, 0x02, 0x04, 0x05, 0x05, 0x03, 0x05, 0x0B, 0x05, 0x01, 0x05, 0x05, 0x0C, 0x05, 0x05, 0x03, 0x02, 0x02, 0x05, 0x09, 0x05, 0x05,
    0x05, 0x0B, 0x05, 0x0B, 0x05, 0x03, 0x03, 0x0B, 0x09, 0x03, 0x05, 0x03, 0x02, 0x03, 0x0B, 0x05, 0x05, 0x05, 0x05, 0x03, 0x01, 0x03, 0x05, 0x03,
    0x05, 0x05, 0x02, 0x05, 0x03, 0x03, 0x03, 0x05, 0x09, 0x09, 0x0B, 0x05, 0x0B, 0x0B, 0x09, 0x02, 0x06, 0x06, 0x06, 0x03, 0x01, 0x01, 0x05, 0x05,
    0x03, 0x03, 0x03, 0x05, 0x02, 0x06, 0x06, 0x06, 0x06, 0x06, 0x06, 0x01, 0x03, 0x05, 0x03, 0x05, 0x02, 0x01, 0x01, 0x02, 0x04, 0x04, 0x01, 0x05,
    0x03, 0x01, 0x04, 0x02, 0x03, 0x03, 0x03, 0x02, 0x01, 0x04, 0x01, 0x01, 0x06, 0x04, 0x05, 0x03, 0x02, 0x02, 0x02, 0x02, 0x01, 0x06, 0x06, 0x06,
    0x02, 0x03, 0x03, 0x02, 0x05, 0x03, 0x05, 0x09, 0x05, 0x02, 0x02, 0x03, 0x03, 0x05, 0x09, 0x03, 0x01, 0x01, 0x01, 0x02, 0x02, 0x03, 0x02, 0x03,
    0x05, 0x03, 0x02, 0x03, 0x02, 0x03, 0x03, 0x02, 0x03, 0x03, 0x05, 0x03, 0x05, 0x09, 0x09, 0x05, 0x05, 0x02, 0x02, 0x02, 0x02, 0x04, 0x06, 0x04,
    0x01, 0x01, 0x01, 0x04, 0x01, 0x01, 0x02, 0x02, 0x02, 0x02, 0x01, 0x01, 0x02, 0x03, 0x03, 0x05, 0x05, 0x03, 0x01, 0x05, 0x05, 0x01, 0x02, 0x02,
    0x04, 0x02, 0x03, 0x05, 0x05, 0x05, 0x09, 0x0B, 0x0D, 0x03, 0x05, 0x05, 0x03, 0x02, 0x09, 0x02, 0x09, 0x0D, 0x09, 0x05, 0x05, 0x03, 0x01, 0x02,
    0x03, 0x0D, 0x0E, 0x0B, 0x0E, 0x09, 0x05, 0x0B, 0x0E, 0x0C, 0x0B, 0x0B, 0x0D, 0x0B, 0x09, 0x0B, 0x05, 0x05, 0x05, 0x05, 0x03, 0x05, 0x0B, 0x05,
    0x05, 0x01, 0x01, 0x02, 0x02, 0x03, 0x05, 0x02, 0x05, 0x03, 0x03, 0x03, 0x03, 0x05, 0x05, 0x03, 0x03, 0x05, 0x0B, 0x03, 0x03, 0x06, 0x06, 0x03,
    0x02, 0x01, 0x02, 0x09, 0x05, 0x05, 0x05, 0x05, 0x05, 0x01, 0x01, 0x06, 0x04, 0x03, 0x05, 0x03, 0x03, 0x05, 0x05, 0x03, 0x01, 0x02, 0x01, 0x01,
    0x06, 0x06, 0x04, 0x03, 0x01, 0x02, 0x02, 0x02, 0x03, 0x03, 0x03, 0x03, 0x09, 0x0C, 0x0D, 0x0D, 0x09, 0x05, 0x05, 0x02, 0x01, 0x04, 0x01, 0x01,
    0x01, 0x01, 0x02, 0x01, 0x03, 0x02, 0x01, 0x02, 0x02, 0x01, 0x03, 0x05, 0x05, 0x01, 0x01, 0x03, 0x03, 0x02, 0x01, 0x01, 0x01, 0x04, 0x02, 0x02,
    0x02, 0x02, 0x02, 0x02, 0x02, 0x01, 0x02, 0x02, 0x03, 0x03, 0x03, 0x02, 0x02, 0x02, 0x03, 0x03, 0x03, 0x03, 0x03, 0x05, 0x05, 0x03, 0x02, 0x01,
    0x02, 0x02, 0x03, 0x05, 0x01, 0x01, 0x01, 0x04, 0x01, 0x01, 0x02, 0x03, 0x03, 0x02, 0x02, 0x02, 0x01, 0x01, 0x03, 0x02, 0x02, 0x05, 0x02, 0x03,
    0x05, 0x03, 0x02, 0x02, 0x01, 0x01, 0x02, 0x03, 0x03, 0x03, 0x0B, 0x0C, 0x0B, 0x0B, 0x0D, 0x09, 0x05, 0x01, 0x0B, 0x03, 0x01, 0x02, 0x05, 0x05,
    0x05, 0x05, 0x02, 0x02, 0x02, 0x0C, 0x0A, 0x10, 0x0B, 0x09, 0x05, 0x05, 0x05, 0x0B, 0x09, 0x05, 0x0B, 0x0E, 0x0E, 0x0D, 0x0C, 0x05, 0x03, 0x02,
    0x02, 0x01, 0x03, 0x0B, 0x09, 0x0C, 0x03, 0x03, 0x06, 0x01, 0x03, 0x02, 0x03, 0x03, 0x03, 0x03, 0x03, 0x03, 0x05, 0x03, 0x03, 0x03, 0x05, 0x0B,
    0x0D, 0x0D, 0x0B, 0x03, 0x02, 0x02, 0x02, 0x01, 0x03, 0x0B, 0x05, 0x03, 0x0B, 0x0F, 0x0A, 0x03, 0x0C, 0x03, 0x06, 0x01, 0x01, 0x02, 0x03, 0x01,
    0x03, 0x01, 0x02, 0x02, 0x01, 0x02, 0x05, 0x03, 0x02, 0x01, 0x02, 0x01, 0x01, 0x04, 0x06, 0x02, 0x05, 0x03, 0x02, 0x02, 0x01, 0x04, 0x04, 0x02,
    0x01, 0x01, 0x04, 0x01, 0x01, 0x0B, 0x0D, 0x05, 0x01, 0x02, 0x03, 0x01, 0x02, 0x02, 0x02, 0x03, 0x02, 0x02, 0x02, 0x02, 0x02, 0x03, 0x01, 0x01,
    0x02, 0x01, 0x02, 0x03, 0x02, 0x02, 0x02, 0x02, 0x03, 0x04, 0x01, 0x04, 0x01, 0x02, 0x02, 0x02, 0x01, 0x01, 0x02, 0x03, 0x03, 0x05, 0x05, 0x02,
    0x02, 0x05, 0x09, 0x0B, 0x0B, 0x03, 0x03, 0x02, 0x02, 0x01, 0x03, 0x02, 0x01, 0x02, 0x02, 0x03, 0x05, 0x02, 0x01, 0x02, 0x01, 0x02, 0x02, 0x01,
    0x02, 0x02, 0x03, 0x03, 0x03, 0x01, 0x02, 0x01, 0x01, 0x03, 0x01, 0x01, 0x01, 0x03, 0x03, 0x05, 0x02, 0x01, 0x05, 0x09, 0x09, 0x0B, 0x03, 0x09,
    0x03, 0x06, 0x02, 0x05, 0x05, 0x0B, 0x05, 0x02, 0x05, 0x05, 0x03, 0x05, 0x05, 0x05, 0x03, 0x05, 0x09, 0x05, 0x05, 0x05, 0x03, 0x05, 0x05, 0x05,
    0x03, 0x01, 0x04, 0x01, 0x04, 0x03, 0x03, 0x02, 0x05, 0x09, 0x02, 0x02, 0x01, 0x06, 0x02, 0x05, 0x02, 0x02, 0x03, 0x05, 0x03, 0x03, 0x02, 0x06,
    0x06, 0x06, 0x01, 0x03, 0x01, 0x02, 0x0B, 0x03, 0x03, 0x01, 0x03, 0x03, 0x01, 0x04, 0x02, 0x02, 0x02, 0x05, 0x0D, 0x10, 0x0D, 0x03, 0x06, 0x06,
    0x01, 0x02, 0x01, 0x01, 0x01, 0x01, 0x06, 0x06, 0x01, 0x01, 0x01, 0x02, 0x01, 0x02, 0x02, 0x01, 0x01, 0x01, 0x06, 0x06, 0x04, 0x02, 0x04, 0x04,
    0x01, 0x06, 0x06, 0x02, 0x03, 0x02, 0x01, 0x04, 0x04, 0x01, 0x02, 0x01, 0x01, 0x04, 0x01, 0x01, 0x04, 0x02, 0x03, 0x02, 0x01, 0x05, 0x02, 0x02,
    0x01, 0x02, 0x03, 0x01, 0x02, 0x01, 0x04, 0x01, 0x03, 0x03, 0x01, 0x02, 0x01, 0x01, 0x04, 0x06, 0x06, 0x06, 0x04, 0x01, 0x02, 0x01, 0x01, 0x03,
    0x05, 0x03, 0x02, 0x01, 0x01, 0x02, 0x02, 0x01, 0x02, 0x03, 0x02, 0x04, 0x01, 0x01, 0x03, 0x05, 0x05, 0x05, 0x02, 0x02, 0x02, 0x03, 0x02, 0x02,
    0x02, 0x02, 0x01, 0x01, 0x04, 0x02, 0x03, 0x03, 0x03, 0x02, 0x02, 0x03, 0x02, 0x03, 0x09, 0x09, 0x09, 0x09, 0x03, 0x05, 0x03, 0x02, 0x03, 0x05,
    0x0B, 0x0C, 0x03, 0x03, 0x0C, 0x0B, 0x04, 0x01, 0x05, 0x05, 0x02, 0x02, 0x02, 0x03, 0x02, 0x02, 0x03, 0x05, 0x05, 0x03, 0x04, 0x04, 0x05, 0x05,
    0x03, 0x05, 0x05, 0x05, 0x03, 0x06, 0x06, 0x02, 0x03, 0x05, 0x0B, 0x0B, 0x05, 0x03, 0x01, 0x02, 0x09, 0x02, 0x06, 0x06, 0x02, 0x05, 0x03, 0x03,
    0x03, 0x02, 0x06, 0x06, 0x06, 0x06, 0x01, 0x03, 0x02, 0x02, 0x05, 0x03, 0x06, 0x01, 0x02, 0x02, 0x02, 0x02, 0x01, 0x05, 0x01, 0x03, 0x03, 0x03,
    0x09, 0x05, 0x01, 0x02, 0x06, 0x01, 0x01, 0x01, 0x01, 0x03, 0x09, 0x01, 0x06, 0x02, 0x01, 0x01, 0x02, 0x02, 0x03, 0x05, 0x03, 0x01, 0x04, 0x06,
    0x06, 0x06, 0x01, 0x01, 0x01, 0x01, 0x06, 0x04, 0x01, 0x01, 0x02, 0x01, 0x01, 0x01, 0x01, 0x01, 0x01, 0x01, 0x04, 0x04, 0x02, 0x09, 0x01, 0x04,
    0x01, 0x04, 0x01, 0x02, 0x02, 0x04, 0x04, 0x01, 0x01, 0x02, 0x02, 0x01, 0x02, 0x03, 0x01, 0x01, 0x04, 0x04, 0x04, 0x04, 0x04, 0x01, 0x03, 0x0B,
    0x03, 0x04, 0x01, 0x03, 0x02, 0x02, 0x01, 0x02, 0x03, 0x02, 0x01, 0x02, 0x01, 0x01, 0x01, 0x01, 0x01, 0x01, 0x02, 0x03, 0x03, 0x03, 0x03, 0x03,
    0x03, 0x03, 0x03, 0x01, 0x04, 0x05, 0x09, 0x05, 0x03, 0x04, 0x02, 0x03, 0x03, 0x03, 0x03, 0x02, 0x0C, 0x09, 0x03, 0x02, 0x02, 0x03, 0x09, 0x0B,
    0x05, 0x03, 0x03, 0x03, 0x02, 0x02, 0x03, 0x03, 0x03, 0x0B, 0x03, 0x06, 0x06, 0x01, 0x04, 0x01, 0x01, 0x01, 0x02, 0x04, 0x06, 0x02, 0x03, 0x01,
    0x06, 0x03, 0x05, 0x02, 0x05, 0x05, 0x03, 0x05, 0x0D, 0x0E, 0x0D, 0x05, 0x0B, 0x0C, 0x05, 0x05, 0x05, 0x05, 0x01, 0x01, 0x01, 0x02, 0x03, 0x02,
    0x02, 0x03, 0x05, 0x03, 0x05, 0x06, 0x06, 0x06, 0x03, 0x03, 0x09, 0x03, 0x05, 0x05, 0x03, 0x05, 0x03, 0x04, 0x02, 0x02, 0x01, 0x01, 0x02, 0x05,
    0x03, 0x03, 0x03, 0x05, 0x05, 0x09, 0x01, 0x01, 0x06, 0x01, 0x01, 0x01, 0x01, 0x01, 0x0B, 0x0C, 0x05, 0x06, 0x06, 0x02, 0x03, 0x02, 0x01, 0x03,
    0x05, 0x03, 0x05, 0x01, 0x06, 0x06, 0x03, 0x02, 0x02, 0x02, 0x02, 0x01, 0x02, 0x02, 0x02, 0x02, 0x02, 0x02, 0x02, 0x01, 0x02, 0x01, 0x04, 0x04,
    0x01, 0x02, 0x03, 0x01, 0x02, 0x02, 0x04, 0x01, 0x03, 0x05, 0x03, 0x04, 0x06, 0x01, 0x01, 0x04, 0x06, 0x01, 0x01, 0x04, 0x06, 0x06, 0x04, 0x04,
    0x01, 0x02, 0x03, 0x03, 0x02, 0x03, 0x02, 0x03, 0x02, 0x02, 0x01, 0x06, 0x02, 0x03, 0x03, 0x01, 0x03, 0x04, 0x01, 0x02, 0x01, 0x06, 0x06, 0x06,
    0x06, 0x01, 0x02, 0x02, 0x02, 0x02, 0x03, 0x05, 0x05, 0x02, 0x03, 0x03, 0x03, 0x05, 0x03, 0x01, 0x01, 0x01, 0x02, 0x03, 0x03, 0x05, 0x0B, 0x09,
    0x05, 0x05, 0x03, 0x05, 0x0B, 0x09, 0x03, 0x09, 0x03, 0x06, 0x04, 0x03, 0x03, 0x05, 0x0C, 0x0C, 0x02, 0x06, 0x04, 0x06, 0x06, 0x01, 0x01, 0x02,
    0x03, 0x03, 0x03, 0x05, 0x05, 0x03, 0x05, 0x0B, 0x0B, 0x04, 0x06, 0x01, 0x03, 0x05, 0x0B, 0x0D, 0x0C, 0x05, 0x03, 0x02, 0x01, 0x06, 0x06, 0x06,
    0x01, 0x03, 0x05, 0x09, 0x09, 0x03, 0x03, 0x02, 0x01, 0x03, 0x01, 0x02, 0x03, 0x05, 0x05, 0x01, 0x01, 0x01, 0x01, 0x01, 0x01, 0x04, 0x03, 0x05,
    0x05, 0x05, 0x03, 0x03, 0x05, 0x03, 0x03, 0x03, 0x03, 0x05, 0x05, 0x03, 0x01, 0x04, 0x06, 0x06, 0x06, 0x01, 0x03, 0x05, 0x09, 0x0C, 0x05, 0x06,
    0x03, 0x03, 0x01, 0x02, 0x03, 0x05, 0x0B, 0x03, 0x06, 0x06, 0x01, 0x02, 0x06, 0x04, 0x03, 0x03, 0x02, 0x04, 0x06, 0x06, 0x06, 0x06, 0x06, 0x06,
    0x06, 0x06, 0x06, 0x06, 0x06, 0x06, 0x01, 0x03, 0x02, 0x02, 0x03, 0x03, 0x05, 0x05, 0x01, 0x04, 0x06, 0x04, 0x01, 0x01, 0x06, 0x06, 0x02, 0x06,
    0x06, 0x06, 0x06, 0x04, 0x01, 0x03, 0x0C, 0x03, 0x03, 0x02, 0x06, 0x06, 0x02, 0x02, 0x06, 0x06, 0x02, 0x03, 0x02, 0x04, 0x06, 0x01, 0x01, 0x05,
    0x09, 0x03, 0x02, 0x01, 0x01, 0x04, 0x04, 0x04, 0x01, 0x05, 0x05, 0x09, 0x05, 0x04, 0x06, 0x06, 0x01, 0x06, 0x02, 0x05, 0x09, 0x05, 0x05, 0x03,
    0x05, 0x05, 0x05, 0x05, 0x05, 0x05, 0x03, 0x02, 0x03, 0x0C, 0x02, 0x01, 0x03, 0x05, 0x05, 0x03, 0x03, 0x02, 0x02, 0x02, 0x02, 0x01, 0x01, 0x01,
    0x06, 0x06, 0x04, 0x03, 0x01, 0x04, 0x01, 0x02, 0x05, 0x03, 0x05, 0x05, 0x05, 0x0B, 0x0B, 0x05, 0x0B, 0x09, 0x0B, 0x05, 0x05, 0x03, 0x01, 0x01,
    0x01, 0x01, 0x02, 0x01, 0x04, 0x09, 0x02, 0x02, 0x05, 0x02, 0x01, 0x01, 0x02, 0x03, 0x0B, 0x0B, 0x01, 0x03, 0x02, 0x01, 0x01, 0x02, 0x03, 0x03,
    0x03, 0x09, 0x0B, 0x05, 0x05, 0x0B, 0x0B, 0x05, 0x03, 0x05, 0x03, 0x03, 0x03, 0x0B, 0x0E, 0x0B, 0x0E, 0x0F, 0x0C, 0x05, 0x01, 0x01, 0x02, 0x02,
    0x01, 0x01, 0x06, 0x06, 0x06, 0x02, 0x01, 0x01, 0x02, 0x01, 0x01, 0x06, 0x06, 0x01, 0x02, 0x05, 0x0B, 0x0B, 0x03, 0x0B, 0x0B, 0x05, 0x03, 0x02,
    0x01, 0x01, 0x01, 0x01, 0x06, 0x06, 0x06, 0x06, 0x06, 0x06, 0x06, 0x01, 0x03, 0x02, 0x04, 0x03, 0x02, 0x02, 0x03, 0x05, 0x09, 0x09, 0x05, 0x05,
    0x09, 0x05, 0x03, 0x05, 0x03, 0x01, 0x06, 0x06, 0x06, 0x05, 0x0C, 0x05, 0x03, 0x02, 0x01, 0x06, 0x06, 0x01, 0x05, 0x05, 0x01, 0x02, 0x01, 0x06,
    0x06, 0x01, 0x02, 0x02, 0x03, 0x05, 0x03, 0x09, 0x05, 0x05, 0x01, 0x05, 0x03, 0x03, 0x02, 0x03, 0x02, 0x03, 0x03, 0x05, 0x0C, 0x05, 0x0B, 0x0D,
    0x0E, 0x0B, 0x05, 0x03, 0x05, 0x03, 0x05, 0x05, 0x03, 0x04, 0x06, 0x06, 0x04, 0x02, 0x03, 0x05, 0x02, 0x09, 0x05, 0x01, 0x03, 0x03, 0x02, 0x01,
    0x02, 0x01, 0x02, 0x03, 0x01, 0x04, 0x04, 0x01, 0x01, 0x06, 0x06, 0x06, 0x04, 0x04, 0x01, 0x04, 0x01, 0x05, 0x05, 0x05, 0x05, 0x03, 0x03, 0x03,
    0x01, 0x06, 0x06, 0x04, 0x01, 0x02, 0x02, 0x03, 0x03, 0x03, 0x05, 0x05, 0x02, 0x03, 0x02, 0x03, 0x02, 0x05, 0x0D, 0x0E, 0x0E, 0x05, 0x01, 0x02,
    0x03, 0x02, 0x03, 0x01, 0x03, 0x03, 0x03, 0x03, 0x02, 0x03, 0x03, 0x03, 0x05, 0x03, 0x02, 0x03, 0x03, 0x03, 0x05, 0x05, 0x05, 0x03, 0x03, 0x02,
    0x01, 0x01, 0x01, 0x06, 0x06, 0x06, 0x06, 0x04, 0x01, 0x01, 0x01, 0x04, 0x06, 0x06, 0x04, 0x05, 0x03, 0x06, 0x02, 0x05, 0x02, 0x05, 0x05, 0x03,
    0x05, 0x09, 0x05, 0x02, 0x05, 0x0C, 0x0D, 0x0C, 0x0B, 0x04, 0x01, 0x01, 0x02, 0x04, 0x04, 0x03, 0x02, 0x09, 0x01, 0x01, 0x04, 0x04, 0x01, 0x03,
    0x01, 0x01, 0x02, 0x05, 0x05, 0x01, 0x02, 0x02, 0x04, 0x01, 0x06, 0x01, 0x05, 0x05, 0x09, 0x0B, 0x0B, 0x09, 0x02, 0x02, 0x02, 0x06, 0x04, 0x04,
    0x01, 0x01, 0x03, 0x02, 0x01, 0x01, 0x02, 0x01, 0x04, 0x01, 0x02, 0x02, 0x03, 0x05, 0x05, 0x05, 0x05, 0x05, 0x04, 0x04, 0x01, 0x05, 0x05, 0x05,
    0x02, 0x05, 0x09, 0x05, 0x05, 0x03, 0x03, 0x03, 0x02, 0x02, 0x03, 0x05, 0x03, 0x05, 0x03, 0x01, 0x01, 0x04, 0x02, 0x02, 0x03, 0x01, 0x09, 0x09,
    0x02, 0x02, 0x01, 0x02, 0x01, 0x02, 0x03, 0x03, 0x03, 0x02, 0x02, 0x03, 0x05, 0x03, 0x04, 0x06, 0x04, 0x06, 0x06, 0x06, 0x06, 0x01, 0x01, 0x01,
    0x01, 0x04, 0x06, 0x04, 0x04, 0x04, 0x01, 0x01, 0x01, 0x02, 0x02, 0x03, 0x03, 0x03, 0x03, 0x02, 0x03, 0x02, 0x03, 0x02, 0x02, 0x02, 0x05, 0x0B,
    0x0D, 0x0C, 0x04, 0x01, 0x03, 0x02, 0x02, 0x03, 0x03, 0x03, 0x01, 0x04, 0x01, 0x06, 0x01, 0x01, 0x02, 0x03, 0x03, 0x02, 0x03, 0x02, 0x03, 0x05,
    0x02, 0x01, 0x01, 0x01, 0x01, 0x01, 0x02, 0x02, 0x01, 0x03, 0x03, 0x01, 0x06, 0x06, 0x06, 0x06, 0x06, 0x06, 0x06, 0x02, 0x05, 0x01, 0x04, 0x05,
    0x03, 0x01, 0x03, 0x09, 0x03, 0x03, 0x03, 0x02, 0x02, 0x05, 0x05, 0x09, 0x0B, 0x05, 0x01, 0x03, 0x03, 0x02, 0x01, 0x09, 0x03, 0x03, 0x05, 0x02,
    0x04, 0x04, 0x04, 0x02, 0x01, 0x01, 0x01, 0x01, 0x02, 0x01, 0x09, 0x09, 0x04, 0x06, 0x01, 0x01, 0x05, 0x03, 0x03, 0x03, 0x03, 0x09, 0x0B, 0x0C,
    0x05, 0x03, 0x01, 0x03, 0x05, 0x01, 0x02, 0x01, 0x02, 0x01, 0x01, 0x01, 0x06, 0x04, 0x02, 0x02, 0x02, 0x03, 0x05, 0x03, 0x02, 0x02, 0x03, 0x01,
    0x01, 0x05, 0x0B, 0x05, 0x05, 0x05, 0x03, 0x05, 0x02, 0x03, 0x05, 0x05, 0x05, 0x03, 0x03, 0x02, 0x02, 0x03, 0x03, 0x02, 0x01, 0x01, 0x01, 0x03,
    0x09, 0x09, 0x05, 0x03, 0x03, 0x01, 0x02, 0x02, 0x03, 0x05, 0x05, 0x02, 0x01, 0x02, 0x02, 0x02, 0x05, 0x05, 0x03, 0x02, 0x02, 0x02, 0x01, 0x02,
    0x02, 0x01, 0x01, 0x01, 0x04, 0x06, 0x01, 0x02, 0x02, 0x03, 0x03, 0x01, 0x06, 0x06, 0x04, 0x03, 0x01, 0x03, 0x01, 0x04, 0x01, 0x02, 0x02, 0x03,
    0x03, 0x02, 0x02, 0x03, 0x05, 0x0B, 0x02, 0x06, 0x02, 0x03, 0x05, 0x03, 0x02, 0x02, 0x03, 0x03, 0x02, 0x03, 0x03, 0x03, 0x03, 0x03, 0x02, 0x03,
    0x03, 0x02, 0x01, 0x01, 0x01, 0x01, 0x02, 0x01, 0x06, 0x06, 0x01, 0x01, 0x04, 0x01, 0x01, 0x01, 0x06, 0x06, 0x06, 0x04, 0x01, 0x02, 0x02, 0x02,
    0x02, 0x02, 0x06, 0x04, 0x04, 0x04, 0x02, 0x05, 0x05, 0x05, 0x03, 0x02, 0x02, 0x05, 0x05, 0x03, 0x0B, 0x0E, 0x0D, 0x0F, 0x0E, 0x0D, 0x0C, 0x09,
    0x03, 0x02, 0x01, 0x03, 0x02, 0x02, 0x02, 0x01, 0x04, 0x04, 0x04, 0x01, 0x01, 0x02, 0x02, 0x02, 0x03, 0x06, 0x06, 0x02, 0x03, 0x02, 0x02, 0x05,
    0x05, 0x03, 0x05, 0x05, 0x0B, 0x09, 0x09, 0x09, 0x05, 0x03, 0x02, 0x03, 0x01, 0x03, 0x01, 0x01, 0x03, 0x01, 0x03, 0x02, 0x03, 0x05, 0x05, 0x03,
    0x01, 0x03, 0x09, 0x0B, 0x05, 0x05, 0x05, 0x03, 0x03, 0x03, 0x02, 0x01, 0x03, 0x05, 0x05, 0x03, 0x02, 0x03, 0x01, 0x02, 0x02, 0x05, 0x03, 0x02,
    0x01, 0x01, 0x02, 0x02, 0x02, 0x03, 0x03, 0x05, 0x0C, 0x05, 0x04, 0x06, 0x04, 0x06, 0x04, 0x01, 0x01, 0x04, 0x06, 0x06, 0x03, 0x05, 0x05, 0x05,
    0x03, 0x01, 0x02, 0x03, 0x03, 0x02, 0x02, 0x06, 0x04, 0x04, 0x01, 0x04, 0x01, 0x03, 0x02, 0x03, 0x03, 0x06, 0x01, 0x03, 0x03, 0x03, 0x02, 0x02,
    0x01, 0x02, 0x01, 0x01, 0x06, 0x06, 0x04, 0x04, 0x02, 0x02, 0x05, 0x02, 0x06, 0x02, 0x01, 0x01, 0x02, 0x01, 0x06, 0x04, 0x02, 0x03, 0x02, 0x02,
    0x02, 0x02, 0x02, 0x03, 0x02, 0x01, 0x04, 0x06, 0x06, 0x01, 0x01, 0x01, 0x01, 0x04, 0x06, 0x06, 0x04, 0x02, 0x01, 0x04, 0x01, 0x06, 0x06, 0x06,
    0x06, 0x03, 0x03, 0x02, 0x02, 0x0B, 0x02, 0x04, 0x03, 0x03, 0x03, 0x05, 0x03, 0x02, 0x09, 0x05, 0x01, 0x06, 0x03, 0x02, 0x02, 0x05, 0x0D, 0x0B,
    0x09, 0x09, 0x0B, 0x02, 0x01, 0x02, 0x02, 0x02, 0x02, 0x02, 0x01, 0x02, 0x05, 0x05, 0x03, 0x01, 0x03, 0x02, 0x02, 0x03, 0x01, 0x02, 0x03, 0x05,
    0x05, 0x05, 0x04, 0x02, 0x05, 0x03, 0x03, 0x03, 0x05, 0x09, 0x03, 0x03, 0x05, 0x05, 0x03, 0x03, 0x09, 0x03, 0x01, 0x01, 0x03, 0x05, 0x03, 0x05,
    0x05, 0x05, 0x03, 0x05, 0x0B, 0x03, 0x05, 0x05, 0x0B, 0x05, 0x03, 0x03, 0x03, 0x05, 0x05, 0x05, 0x05, 0x05, 0x05, 0x03, 0x03, 0x02, 0x02, 0x01,
    0x02, 0x01, 0x02, 0x03, 0x02, 0x02, 0x01, 0x06, 0x04, 0x03, 0x03, 0x05, 0x02, 0x03, 0x02, 0x06, 0x06, 0x06, 0x06, 0x06, 0x04, 0x03, 0x03, 0x04,
    0x06, 0x02, 0x05, 0x02, 0x01, 0x06, 0x01, 0x02, 0x03, 0x05, 0x03, 0x03, 0x03, 0x03, 0x02, 0x06, 0x04, 0x02, 0x01, 0x04, 0x03, 0x05, 0x05, 0x01,
    0x01, 0x01, 0x02, 0x02, 0x02, 0x06, 0x04, 0x04, 0x01, 0x02, 0x02, 0x01, 0x04, 0x04, 0x05, 0x05, 0x03, 0x06, 0x01, 0x09, 0x03, 0x05, 0x03, 0x02,
    0x02, 0x02, 0x02, 0x03, 0x02, 0x01, 0x02, 0x01, 0x01, 0x01, 0x01, 0x04, 0x06, 0x06, 0x06, 0x06, 0x01, 0x01, 0x06, 0x04, 0x06, 0x01, 0x01, 0x01,
    0x03, 0x05, 0x02, 0x04, 0x06, 0x06, 0x02, 0x01, 0x01, 0x05, 0x03, 0x02, 0x05, 0x05, 0x03, 0x05, 0x03, 0x03, 0x03, 0x03, 0x06, 0x06, 0x01, 0x03,
    0x03, 0x05, 0x03, 0x01, 0x01, 0x04, 0x02, 0x06, 0x06, 0x01, 0x02, 0x03, 0x03, 0x02, 0x03, 0x01, 0x02, 0x02, 0x02, 0x02, 0x02, 0x02, 0x01, 0x01,
    0x03, 0x03, 0x09, 0x09, 0x09, 0x09, 0x09, 0x03, 0x01, 0x03, 0x02, 0x02, 0x02, 0x02, 0x01, 0x03, 0x03, 0x03, 0x03, 0x05, 0x05, 0x02, 0x05, 0x03,
    0x03, 0x05, 0x03, 0x03, 0x03, 0x02, 0x01, 0x01, 0x03, 0x03, 0x03, 0x03, 0x03, 0x05, 0x01, 0x05, 0x05, 0x05, 0x05, 0x03, 0x03, 0x05, 0x05, 0x02,
    0x03, 0x05, 0x05, 0x02, 0x06, 0x06, 0x06, 0x06, 0x03, 0x03, 0x05, 0x02, 0x02, 0x03, 0x06, 0x02, 0x01, 0x02, 0x01, 0x02, 0x01, 0x01, 0x06, 0x04,
    0x01, 0x02, 0x02, 0x06, 0x06, 0x03, 0x05, 0x05, 0x05, 0x0B, 0x05, 0x02, 0x01, 0x03, 0x05, 0x05, 0x05, 0x05, 0x09, 0x05, 0x05, 0x03, 0x03, 0x02,
    0x01, 0x02, 0x01, 0x03, 0x02, 0x04, 0x06, 0x04, 0x02, 0x03, 0x02, 0x02, 0x04, 0x02, 0x02, 0x01, 0x04, 0x02, 0x03, 0x03, 0x05, 0x04, 0x06, 0x05,
    0x02, 0x02, 0x05, 0x03, 0x03, 0x02, 0x03, 0x02, 0x03, 0x01, 0x06, 0x06, 0x06, 0x06, 0x06, 0x06, 0x01, 0x06, 0x06, 0x06, 0x06, 0x04, 0x02, 0x02,
    0x05, 0x03, 0x02, 0x01, 0x03, 0x09, 0x05, 0x01, 0x01, 0x06, 0x06, 0x06, 0x02, 0x02, 0x06, 0x06, 0x05, 0x03, 0x03, 0x01, 0x03, 0x03, 0x03, 0x02,
    0x05, 0x01, 0x06, 0x06, 0x06, 0x06, 0x06, 0x06, 0x02, 0x06, 0x06, 0x02, 0x06, 0x06, 0x06, 0x04, 0x01, 0x01, 0x04, 0x04, 0x01, 0x01, 0x06, 0x06,
    0x04, 0x02, 0x01, 0x01, 0x06, 0x04, 0x02, 0x02, 0x02, 0x03, 0x01, 0x02, 0x02, 0x03, 0x02, 0x02, 0x02, 0x02, 0x02, 0x01, 0x02, 0x02, 0x02, 0x03,
    0x02, 0x01, 0x03, 0x02, 0x03, 0x02, 0x05, 0x05, 0x03, 0x02, 0x02, 0x03, 0x02, 0x02, 0x01, 0x03, 0x01, 0x05, 0x05, 0x05, 0x0B, 0x05, 0x05, 0x03,
    0x01, 0x01, 0x06, 0x04, 0x09, 0x03, 0x05, 0x05, 0x01, 0x02, 0x06, 0x06, 0x01, 0x05, 0x02, 0x01, 0x01, 0x01, 0x01, 0x04, 0x01, 0x02, 0x03, 0x03,
    0x02, 0x04, 0x06, 0x01, 0x04, 0x01, 0x01, 0x03, 0x06, 0x06, 0x03, 0x05, 0x03, 0x03, 0x05, 0x05, 0x06, 0x02, 0x03, 0x05, 0x05, 0x05, 0x03, 0x02,
    0x03, 0x03, 0x03, 0x03, 0x01, 0x04, 0x04, 0x06, 0x03, 0x02, 0x03, 0x06, 0x06, 0x06, 0x02, 0x09, 0x05, 0x02, 0x01, 0x01, 0x01, 0x03, 0x02, 0x02,
    0x02, 0x01, 0x02, 0x01, 0x02, 0x02, 0x02, 0x02, 0x02, 0x02, 0x02, 0x01, 0x01, 0x06, 0x06, 0x06, 0x06, 0x01, 0x01, 0x01, 0x02, 0x01, 0x04, 0x01,
    0x01, 0x01, 0x01, 0x02, 0x01, 0x09, 0x05, 0x02, 0x02, 0x03, 0x03, 0x01, 0x01, 0x05, 0x05, 0x05, 0x01, 0x03, 0x05, 0x01, 0x06, 0x02, 0x02, 0x02,
    0x04, 0x01, 0x06, 0x06, 0x06, 0x06, 0x02, 0x03, 0x09, 0x02, 0x02, 0x02, 0x04, 0x05, 0x01, 0x03, 0x05, 0x03, 0x06, 0x06, 0x06, 0x01, 0x01, 0x02,
    0x01, 0x01, 0x02, 0x02, 0x02, 0x02, 0x02, 0x01, 0x04, 0x06, 0x01, 0x03, 0x03, 0x02, 0x02, 0x03, 0x01, 0x02, 0x01, 0x06, 0x06, 0x06, 0x06, 0x01,
    0x06, 0x06, 0x01, 0x01, 0x03, 0x03, 0x01, 0x01, 0x02, 0x02, 0x01, 0x02, 0x02, 0x03, 0x02, 0x03, 0x05, 0x05, 0x03, 0x02, 0x01, 0x03, 0x05, 0x05,
    0x03, 0x02, 0x02, 0x02, 0x02, 0x03, 0x02, 0x02, 0x05, 0x03, 0x03, 0x09, 0x09, 0x05, 0x05, 0x05, 0x03, 0x01, 0x01, 0x01, 0x04, 0x01, 0x01, 0x01,
    0x01, 0x02, 0x03, 0x03, 0x01, 0x01, 0x02, 0x01, 0x01, 0x04, 0x04, 0x01, 0x01, 0x06, 0x06, 0x02, 0x03, 0x03, 0x05, 0x05, 0x0B, 0x03, 0x03, 0x05,
    0x05, 0x03, 0x01, 0x06, 0x01, 0x04, 0x03, 0x03, 0x02, 0x04, 0x02, 0x05, 0x03, 0x05, 0x03, 0x03, 0x05, 0x09, 0x03, 0x03, 0x03, 0x03, 0x03, 0x05,
    0x05, 0x01, 0x02, 0x01, 0x06, 0x01, 0x03, 0x02, 0x02, 0x01, 0x02, 0x03, 0x03, 0x01, 0x01, 0x06, 0x04, 0x04, 0x01, 0x01, 0x04, 0x06, 0x06, 0x06,
    0x03, 0x02, 0x02, 0x03, 0x02, 0x01, 0x02, 0x01, 0x02, 0x01, 0x01, 0x01, 0x01, 0x01, 0x01, 0x01, 0x01, 0x03, 0x09, 0x0B, 0x03, 0x02, 0x05, 0x01,
    0x06, 0x06, 0x06, 0x01, 0x03, 0x03, 0x02, 0x01, 0x01, 0x04, 0x03, 0x0C, 0x05, 0x03, 0x02, 0x03, 0x05, 0x01, 0x03, 0x0B, 0x05, 0x03, 0x05, 0x05,
    0x01, 0x02, 0x01, 0x01, 0x01, 0x01, 0x03, 0x01, 0x02, 0x04, 0x04, 0x01, 0x06, 0x06, 0x06, 0x03, 0x02, 0x03, 0x03, 0x03, 0x02, 0x02, 0x01, 0x06,
    0x06, 0x01, 0x04, 0x04, 0x01, 0x04, 0x02, 0x01, 0x01, 0x01, 0x01, 0x03, 0x05, 0x09, 0x0B, 0x03, 0x02, 0x01, 0x02, 0x03, 0x05, 0x03, 0x02, 0x02,
    0x02, 0x03, 0x05, 0x05, 0x03, 0x01, 0x01, 0x02, 0x03, 0x03, 0x02, 0x02, 0x05, 0x01, 0x02, 0x03, 0x02, 0x05, 0x03, 0x03, 0x03, 0x03, 0x02, 0x04,
    0x04, 0x01, 0x01, 0x01, 0x01, 0x03, 0x01, 0x01, 0x04, 0x04, 0x04, 0x01, 0x01, 0x06, 0x06, 0x06, 0x01, 0x04, 0x01, 0x05, 0x03, 0x03, 0x03, 0x03,
    0x03, 0x03, 0x02, 0x03, 0x02, 0x02, 0x02, 0x01, 0x01, 0x04, 0x04, 0x03, 0x03, 0x05, 0x03, 0x02, 0x02, 0x02, 0x05, 0x05, 0x05, 0x05, 0x03, 0x02,
    0x02, 0x03, 0x02, 0x05, 0x09, 0x05, 0x02, 0x06, 0x01, 0x04, 0x06, 0x04, 0x03, 0x03, 0x03, 0x02, 0x01, 0x04, 0x06, 0x06, 0x04, 0x01, 0x01, 0x03,
    0x05, 0x02, 0x02, 0x06, 0x04, 0x03, 0x03, 0x05, 0x05, 0x02, 0x03, 0x02, 0x06, 0x06, 0x06, 0x01, 0x04, 0x06, 0x01, 0x01, 0x01, 0x01, 0x03, 0x03,
    0x05, 0x02, 0x03, 0x01, 0x01, 0x06, 0x06, 0x06, 0x01, 0x02, 0x02, 0x03, 0x05, 0x05, 0x05, 0x03, 0x03, 0x03, 0x02, 0x05, 0x01, 0x02, 0x02, 0x01,
    0x02, 0x02, 0x06, 0x06, 0x04, 0x04, 0x06, 0x04, 0x02, 0x02, 0x02, 0x02, 0x03, 0x01, 0x01, 0x02, 0x06, 0x01, 0x01, 0x09, 0x05, 0x02, 0x03, 0x01,
    0x04, 0x01, 0x01, 0x01, 0x04, 0x06, 0x01, 0x03, 0x03, 0x01, 0x01, 0x06, 0x01, 0x01, 0x01, 0x02, 0x03, 0x03, 0x03, 0x05, 0x03, 0x03, 0x03, 0x05,
    0x01, 0x02, 0x01, 0x01, 0x02, 0x03, 0x05, 0x05, 0x03, 0x01, 0x04, 0x01, 0x03, 0x02, 0x01, 0x02, 0x0C, 0x09, 0x05, 0x02, 0x01, 0x01, 0x05, 0x05,
    0x03, 0x04, 0x06, 0x06, 0x06, 0x06, 0x01, 0x02, 0x01, 0x01, 0x04, 0x04, 0x01, 0x06, 0x06, 0x06, 0x01, 0x01, 0x01, 0x01, 0x01, 0x01, 0x01, 0x02,
    0x03, 0x03, 0x01, 0x03, 0x02, 0x02, 0x01, 0x06, 0x04, 0x02, 0x02, 0x02, 0x03, 0x03, 0x03, 0x01, 0x03, 0x02, 0x02, 0x02, 0x02, 0x01, 0x05, 0x05,
    0x05, 0x03, 0x03, 0x02, 0x02, 0x03, 0x05, 0x05, 0x03, 0x01, 0x03, 0x05, 0x01, 0x03, 0x04, 0x06, 0x04, 0x01, 0x01, 0x02, 0x01, 0x06, 0x06, 0x04,
    0x04, 0x04, 0x04, 0x01, 0x01, 0x03, 0x02, 0x04, 0x02, 0x03, 0x05, 0x05, 0x03, 0x03, 0x05, 0x02, 0x03, 0x01, 0x03, 0x01, 0x06, 0x04, 0x03, 0x03,
    0x01, 0x02, 0x03, 0x02, 0x01, 0x05, 0x03, 0x04, 0x05, 0x03, 0x02, 0x06, 0x06, 0x01, 0x02, 0x01, 0x02, 0x03, 0x03, 0x02, 0x03, 0x09, 0x02, 0x03,
    0x01, 0x02, 0x04, 0x06, 0x04, 0x03, 0x03, 0x06, 0x06, 0x06, 0x04, 0x03, 0x05, 0x02, 0x02, 0x01, 0x06, 0x03, 0x0C, 0x03, 0x0A, 0x0E, 0x0C, 0x05,
    0x01, 0x06, 0x06, 0x01, 0x01, 0x02, 0x01, 0x01, 0x01, 0x01, 0x04, 0x02, 0x05, 0x01, 0x01, 0x01, 0x05, 0x02, 0x02, 0x03, 0x03, 0x03, 0x05, 0x05,
    0x0B, 0x05, 0x02, 0x02, 0x02, 0x03, 0x03, 0x02, 0x01, 0x01, 0x05, 0x02, 0x03, 0x03, 0x03, 0x03, 0x03, 0x02, 0x03, 0x03, 0x02, 0x03, 0x05, 0x05,
    0x05, 0x01, 0x06, 0x02, 0x04, 0x01, 0x01, 0x01, 0x06, 0x06, 0x06, 0x04, 0x06, 0x06, 0x06, 0x01, 0x01, 0x04, 0x06, 0x06, 0x06, 0x01, 0x01, 0x01,
    0x04, 0x01, 0x04, 0x06, 0x06, 0x01, 0x02, 0x01, 0x02, 0x01, 0x02, 0x01, 0x01, 0x01, 0x02, 0x03, 0x05, 0x03, 0x02, 0x03, 0x03, 0x01, 0x01, 0x04,
    0x02, 0x03, 0x05, 0x05, 0x05, 0x03, 0x02, 0x03, 0x03, 0x03, 0x02, 0x01, 0x01, 0x01, 0x01, 0x02, 0x02, 0x03, 0x05, 0x06, 0x06, 0x04, 0x01, 0x01,
    0x04, 0x06, 0x04, 0x01, 0x01, 0x06, 0x06, 0x06, 0x06, 0x06, 0x06, 0x06, 0x03, 0x05, 0x03, 0x02, 0x03, 0x02, 0x03, 0x03, 0x05, 0x01, 0x01, 0x03,
    0x05, 0x01, 0x01, 0x03, 0x03, 0x05, 0x01, 0x02, 0x02, 0x05, 0x0C, 0x02, 0x05, 0x03, 0x02, 0x01, 0x06, 0x04, 0x01, 0x01, 0x01, 0x03, 0x05, 0x02,
    0x02, 0x05, 0x03, 0x04, 0x03, 0x02, 0x02, 0x05, 0x0B, 0x09, 0x0B, 0x0B, 0x02, 0x01, 0x01, 0x02, 0x03, 0x03, 0x02, 0x06, 0x06, 0x01, 0x03, 0x03,
    0x05, 0x09, 0x05, 0x05, 0x02, 0x03, 0x03, 0x03, 0x02, 0x01, 0x05, 0x03, 0x02, 0x01, 0x01, 0x06, 0x03, 0x05, 0x01, 0x09, 0x02, 0x01, 0x03, 0x05,
    0x03, 0x03, 0x02, 0x03, 0x03, 0x03, 0x05, 0x05, 0x03, 0x05, 0x03, 0x03, 0x02, 0x03, 0x01, 0x04, 0x03, 0x03, 0x05, 0x05, 0x02, 0x01, 0x04, 0x02,
    0x05, 0x03, 0x03, 0x05, 0x09, 0x05, 0x04, 0x06, 0x04, 0x04, 0x01, 0x01, 0x01, 0x04, 0x01, 0x04, 0x06, 0x06, 0x06, 0x06, 0x06, 0x02, 0x02, 0x04,
    0x06, 0x06, 0x06, 0x01, 0x01, 0x03, 0x05, 0x02, 0x02, 0x04, 0x01, 0x06, 0x01, 0x01, 0x01, 0x02, 0x03, 0x01, 0x02, 0x03, 0x05, 0x03, 0x03, 0x02,
    0x05, 0x05, 0x03, 0x03, 0x01, 0x03, 0x03, 0x05, 0x03, 0x02, 0x02, 0x01, 0x02, 0x03, 0x02, 0x06, 0x06, 0x01, 0x01, 0x04, 0x02, 0x03, 0x05, 0x03,
    0x06, 0x06, 0x04, 0x06, 0x04, 0x06, 0x06, 0x01, 0x02, 0x02, 0x04, 0x06, 0x06, 0x01, 0x04, 0x05, 0x03, 0x06, 0x06, 0x06, 0x02, 0x04, 0x04, 0x02,
    0x02, 0x01, 0x06, 0x04, 0x03, 0x03, 0x01, 0x02, 0x03, 0x01, 0x01, 0x01, 0x03, 0x02, 0x03, 0x03, 0x01, 0x01, 0x03, 0x01, 0x04, 0x06, 0x06, 0x06,
    0x06, 0x06, 0x04, 0x01, 0x02, 0x03, 0x03, 0x02, 0x05, 0x05, 0x0D, 0x09, 0x05, 0x05, 0x0C, 0x0D, 0x09, 0x05, 0x05, 0x03, 0x02, 0x02, 0x05, 0x0B,
    0x03, 0x01, 0x02, 0x01, 0x03, 0x02, 0x03, 0x09, 0x05, 0x05, 0x03, 0x02, 0x02, 0x01, 0x05, 0x09, 0x09, 0x09, 0x0C, 0x09, 0x03, 0x03, 0x09, 0x09,
    0x05, 0x03, 0x03, 0x03, 0x02, 0x03, 0x02, 0x02, 0x03, 0x02, 0x02, 0x02, 0x01, 0x02, 0x02, 0x03, 0x03, 0x02, 0x04, 0x02, 0x09, 0x01, 0x04, 0x03,
    0x05, 0x03, 0x02, 0x02, 0x02, 0x03, 0x01, 0x03, 0x01, 0x0B, 0x0E, 0x01, 0x01, 0x01, 0x06, 0x06, 0x01, 0x06, 0x04, 0x04, 0x06, 0x06, 0x06, 0x06,
    0x04, 0x03, 0x05, 0x02, 0x04, 0x02, 0x01, 0x03, 0x03, 0x09, 0x05, 0x05, 0x05, 0x02, 0x01, 0x03, 0x03, 0x01, 0x02, 0x02, 0x01, 0x03, 0x05, 0x03,
    0x02, 0x02, 0x03, 0x03, 0x02, 0x03, 0x05, 0x05, 0x02, 0x03, 0x03, 0x02, 0x02, 0x02, 0x05, 0x02, 0x01, 0x01, 0x04, 0x03, 0x03, 0x02, 0x02, 0x05,
    0x03, 0x03, 0x02, 0x03, 0x02, 0x06, 0x02, 0x04, 0x04, 0x06, 0x04, 0x01, 0x04, 0x03, 0x05, 0x04, 0x06, 0x02, 0x02, 0x0D, 0x03, 0x04, 0x04, 0x01,
    0x05, 0x02, 0x01, 0x02, 0x02, 0x03, 0x03, 0x02, 0x01, 0x02, 0x01, 0x04, 0x02, 0x02, 0x02, 0x01, 0x01, 0x01, 0x02, 0x04, 0x01, 0x04, 0x04, 0x02,
    0x01, 0x04, 0x06, 0x04, 0x04, 0x06, 0x06, 0x06, 0x05, 0x02, 0x04, 0x02, 0x05, 0x05, 0x02, 0x01, 0x01, 0x01, 0x02, 0x0B, 0x0C, 0x09, 0x05, 0x02,
    0x04, 0x02, 0x01, 0x05, 0x0C, 0x0A, 0x0B, 0x01, 0x01, 0x01, 0x01, 0x01, 0x02, 0x03, 0x02, 0x05, 0x05, 0x05, 0x05, 0x05, 0x03, 0x02, 0x01, 0x01,
    0x06, 0x01, 0x01, 0x03, 0x01, 0x02, 0x02, 0x02, 0x02, 0x02, 0x02, 0x03, 0x03, 0x01, 0x06, 0x02, 0x03, 0x02, 0x03, 0x03, 0x02, 0x05, 0x05, 0x05,
    0x03, 0x05, 0x06, 0x03, 0x05, 0x05, 0x03, 0x03, 0x01, 0x02, 0x02, 0x01, 0x01, 0x01, 0x01, 0x02, 0x01, 0x03, 0x01, 0x06, 0x04, 0x04, 0x06, 0x06,
    0x06, 0x06, 0x06, 0x06, 0x01, 0x09, 0x09, 0x03, 0x06, 0x01, 0x05, 0x03, 0x05, 0x09, 0x0B, 0x03, 0x02, 0x02, 0x02, 0x05, 0x0B, 0x09, 0x03, 0x02,
    0x03, 0x03, 0x05, 0x05, 0x02, 0x02, 0x03, 0x03, 0x03, 0x03, 0x05, 0x05, 0x02, 0x03, 0x03, 0x01, 0x02, 0x04, 0x04, 0x02, 0x01, 0x04, 0x01, 0x02,
    0x03, 0x02, 0x03, 0x03, 0x03, 0x02, 0x02, 0x02, 0x05, 0x02, 0x06, 0x01, 0x02, 0x04, 0x06, 0x04, 0x03, 0x03, 0x0B, 0x0C, 0x02, 0x0C, 0x11, 0x0D,
    0x05, 0x05, 0x05, 0x02, 0x06, 0x03, 0x02, 0x01, 0x02, 0x03, 0x03, 0x03, 0x01, 0x06, 0x06, 0x06, 0x01, 0x03, 0x03, 0x03, 0x01, 0x02, 0x01, 0x02,
    0x01, 0x04, 0x01, 0x04, 0x01, 0x01, 0x02, 0x01, 0x01, 0x02, 0x01, 0x04, 0x02, 0x03, 0x01, 0x04, 0x03, 0x01, 0x04, 0x04, 0x06, 0x06, 0x01, 0x03,
    0x05, 0x05, 0x03, 0x01, 0x06, 0x06, 0x06, 0x02, 0x05, 0x05, 0x03, 0x02, 0x01, 0x04, 0x01, 0x01, 0x03, 0x05, 0x05, 0x03, 0x05, 0x03, 0x03, 0x02,
    0x03, 0x02, 0x01, 0x01, 0x06, 0x04, 0x01, 0x02, 0x01, 0x03, 0x03, 0x03, 0x03, 0x03, 0x03, 0x02, 0x03, 0x05, 0x05, 0x03, 0x02, 0x02, 0x03, 0x03,
    0x02, 0x05, 0x0B, 0x0D, 0x05, 0x05, 0x05, 0x03, 0x02, 0x05, 0x05, 0x03, 0x01, 0x01, 0x01, 0x01, 0x02, 0x02, 0x02, 0x03, 0x05, 0x03, 0x02, 0x01,
    0x01, 0x03, 0x05, 0x01, 0x01, 0x02, 0x06, 0x04, 0x03, 0x03, 0x05, 0x03, 0x01, 0x06, 0x01, 0x06, 0x04, 0x01, 0x03, 0x03, 0x01, 0x02, 0x03, 0x05,
    0x03, 0x03, 0x02, 0x02, 0x03, 0x02, 0x02, 0x02, 0x01, 0x02, 0x03, 0x03, 0x02, 0x02, 0x02, 0x01, 0x04, 0x01, 0x05, 0x09, 0x03, 0x02, 0x01, 0x03,
    0x05, 0x02, 0x02, 0x02, 0x03, 0x03, 0x03, 0x05, 0x03, 0x02, 0x02, 0x03, 0x05, 0x05, 0x05, 0x03, 0x05, 0x05, 0x04, 0x04, 0x02, 0x03, 0x03, 0x09,
    0x0F, 0x0C, 0x0C, 0x09, 0x0B, 0x0B, 0x0B, 0x0C, 0x05, 0x02, 0x03, 0x02, 0x02, 0x03, 0x02, 0x01, 0x06, 0x01, 0x02, 0x01, 0x05, 0x05, 0x03, 0x02,
    0x01, 0x01, 0x01, 0x03, 0x03, 0x04, 0x01, 0x01, 0x01, 0x02, 0x03, 0x09, 0x0C, 0x02, 0x06, 0x01, 0x04, 0x06, 0x06, 0x01, 0x06, 0x01, 0x03, 0x02,
    0x02, 0x01, 0x01, 0x02, 0x03, 0x02, 0x06, 0x01, 0x03, 0x09, 0x01, 0x01, 0x06, 0x01, 0x06, 0x03, 0x02, 0x02, 0x02, 0x05, 0x03, 0x02, 0x03, 0x05,
    0x03, 0x03, 0x03, 0x03, 0x02, 0x02, 0x01, 0x01, 0x01, 0x01, 0x02, 0x02, 0x02, 0x03, 0x02, 0x03, 0x02, 0x03, 0x02, 0x03, 0x02, 0x02, 0x02, 0x03,
    0x03, 0x03, 0x02, 0x03, 0x05, 0x05, 0x03, 0x05, 0x03, 0x05, 0x01, 0x03, 0x03, 0x03, 0x03, 0x02, 0x04, 0x01, 0x02, 0x02, 0x01, 0x02, 0x05, 0x03,
    0x04, 0x04, 0x03, 0x09, 0x0D, 0x11, 0x11, 0x0E, 0x0C, 0x09, 0x05, 0x03, 0x04, 0x02, 0x05, 0x09, 0x0B, 0x01, 0x06, 0x06, 0x01, 0x03, 0x05, 0x05,
    0x03, 0x05, 0x01, 0x05, 0x03, 0x02, 0x01, 0x02, 0x02, 0x03, 0x01, 0x06, 0x01, 0x01, 0x02, 0x02, 0x03, 0x02, 0x01, 0x05, 0x06, 0x06, 0x01, 0x05,
    0x03, 0x03, 0x05, 0x09, 0x03, 0x05, 0x03, 0x02, 0x02, 0x03, 0x03, 0x02, 0x03, 0x02, 0x02, 0x02, 0x02, 0x02, 0x03, 0x03, 0x03, 0x0B, 0x0E, 0x0D,
    0x03, 0x04, 0x01, 0x03, 0x02, 0x03, 0x02, 0x03, 0x03, 0x09, 0x05, 0x05, 0x05, 0x02, 0x03, 0x05, 0x03, 0x02, 0x02, 0x01, 0x01, 0x03, 0x03, 0x05,
    0x09, 0x09, 0x02, 0x03, 0x02, 0x01, 0x03, 0x02, 0x02, 0x01, 0x06, 0x06, 0x04, 0x01, 0x02, 0x03, 0x09, 0x0B, 0x0E, 0x0E, 0x0C, 0x09, 0x02, 0x01,
    0x06, 0x06, 0x03, 0x05, 0x09, 0x0D, 0x0B, 0x03, 0x02, 0x04, 0x04, 0x06, 0x01, 0x0B, 0x0A, 0x0C, 0x02, 0x02, 0x01, 0x06, 0x01, 0x05, 0x05, 0x02,
    0x02, 0x03, 0x05, 0x05, 0x03, 0x03, 0x03, 0x03, 0x02, 0x02, 0x02, 0x02, 0x02, 0x01, 0x02, 0x02, 0x02, 0x02, 0x02, 0x02, 0x02, 0x02, 0x03, 0x02,
    0x03, 0x03, 0x03, 0x02, 0x03, 0x02, 0x03, 0x02, 0x03, 0x04, 0x04, 0x01, 0x02, 0x05, 0x05, 0x03, 0x01, 0x04, 0x04, 0x01, 0x02, 0x01, 0x01, 0x03,
    0x05, 0x03, 0x03, 0x01, 0x04, 0x01, 0x09, 0x0D, 0x0D, 0x09, 0x05, 0x05, 0x05, 0x05, 0x02, 0x01, 0x03, 0x02, 0x02, 0x0B, 0x0F, 0x10, 0x0E, 0x05,
    0x05, 0x05, 0x0C, 0x0D, 0x0D, 0x05, 0x06, 0x06, 0x02, 0x03, 0x03, 0x02, 0x01, 0x03, 0x02, 0x04, 0x04, 0x01, 0x02, 0x02, 0x02, 0x02, 0x03, 0x03,
    0x05, 0x06, 0x06, 0x06, 0x06, 0x02, 0x03, 0x03, 0x02, 0x02, 0x02, 0x02, 0x0C, 0x0C, 0x09, 0x03, 0x05, 0x0C, 0x03, 0x03, 0x02, 0x03, 0x02, 0x02,
    0x02, 0x03, 0x05, 0x03, 0x09, 0x05, 0x05, 0x02, 0x04, 0x06, 0x04, 0x03, 0x03, 0x05, 0x02, 0x03, 0x0B, 0x0B, 0x05, 0x03, 0x02, 0x01, 0x01, 0x02,
    0x03, 0x05, 0x05, 0x02, 0x02, 0x03, 0x05, 0x01, 0x01, 0x01, 0x01, 0x06, 0x01, 0x01, 0x01, 0x06, 0x06, 0x06, 0x02, 0x04, 0x06, 0x06, 0x01, 0x01,
    0x01, 0x03, 0x05, 0x05, 0x05, 0x06, 0x06, 0x01, 0x05, 0x05, 0x05, 0x09, 0x09, 0x0C, 0x0E, 0x0D, 0x0C, 0x0B, 0x05, 0x09, 0x0B, 0x05, 0x02, 0x04,
    0x06, 0x02, 0x09, 0x03, 0x02, 0x02, 0x01, 0x03, 0x03, 0x01, 0x02, 0x02, 0x03, 0x02, 0x02, 0x02, 0x01, 0x02, 0x02, 0x02, 0x02, 0x02, 0x03, 0x02,
    0x03, 0x02, 0x02, 0x02, 0x02, 0x02, 0x02, 0x02, 0x02, 0x01, 0x04, 0x01, 0x06, 0x01, 0x06, 0x02, 0x04, 0x01, 0x03, 0x03, 0x02, 0x06, 0x06, 0x06,
    0x01, 0x02, 0x03, 0x05, 0x03, 0x03, 0x05, 0x05, 0x05, 0x03, 0x03, 0x05, 0x05, 0x02, 0x01, 0x03, 0x02, 0x05, 0x0B, 0x0B, 0x05, 0x03, 0x02, 0x01,
    0x02, 0x0B, 0x0E, 0x0D, 0x0D, 0x0B, 0x09, 0x05, 0x0D, 0x0F, 0x0D, 0x01, 0x06, 0x06, 0x01, 0x06, 0x06, 0x06, 0x01, 0x03, 0x01, 0x06, 0x06, 0x06,
    0x06, 0x01, 0x03, 0x03, 0x0B, 0x0B, 0x05, 0x03, 0x06, 0x02, 0x04, 0x06, 0x06, 0x01, 0x05, 0x0C, 0x0C, 0x0D, 0x0D, 0x0B, 0x02, 0x03, 0x03, 0x04,
    0x02, 0x01, 0x02, 0x0B, 0x02, 0x01, 0x02, 0x02, 0x02, 0x02, 0x05, 0x0C, 0x0E, 0x03, 0x02, 0x03, 0x05, 0x0B, 0x02, 0x02, 0x03, 0x01, 0x01, 0x05,
    0x03, 0x01, 0x06, 0x06, 0x01, 0x0B, 0x0C, 0x0B, 0x01, 0x01, 0x05, 0x01, 0x01, 0x01, 0x06, 0x04, 0x01, 0x01, 0x01, 0x06, 0x06, 0x04, 0x01, 0x03,
    0x01, 0x06, 0x06, 0x06, 0x06, 0x03, 0x05, 0x0B, 0x0C, 0x05, 0x06, 0x06, 0x01, 0x05, 0x05, 0x03, 0x05, 0x03, 0x02, 0x05, 0x09, 0x03, 0x03, 0x02,
    0x02, 0x01, 0x05, 0x05, 0x06, 0x06, 0x01, 0x03, 0x01, 0x02, 0x03, 0x02, 0x02, 0x06, 0x06, 0x01, 0x09, 0x03, 0x01, 0x01, 0x01, 0x01, 0x01, 0x02,
    0x01, 0x02, 0x02, 0x02, 0x02, 0x02, 0x02, 0x02, 0x02, 0x02, 0x02, 0x02, 0x04, 0x01, 0x06, 0x06, 0x06, 0x04, 0x01, 0x05, 0x06, 0x06, 0x01, 0x03,
    0x02, 0x04, 0x01, 0x06, 0x01, 0x02, 0x03, 0x05, 0x03, 0x02, 0x03, 0x03, 0x03, 0x03, 0x03, 0x03, 0x03, 0x03, 0x02, 0x02, 0x06, 0x03, 0x03, 0x05,
    0x03, 0x02, 0x01, 0x02, 0x02, 0x03, 0x03, 0x03, 0x03, 0x05, 0x03, 0x02, 0x01, 0x05, 0x0D, 0x0B, 0x02, 0x02, 0x06, 0x04, 0x06, 0x01, 0x06, 0x02,
    0x02, 0x04, 0x06, 0x01, 0x02, 0x02, 0x03, 0x03, 0x05, 0x0D, 0x05, 0x03, 0x05, 0x03, 0x04, 0x03, 0x09, 0x05, 0x0B, 0x05, 0x05, 0x05, 0x05, 0x02,
    0x04, 0x02, 0x01, 0x06, 0x01, 0x02, 0x03, 0x03, 0x03, 0x02, 0x04, 0x01, 0x03, 0x03, 0x09, 0x05, 0x05, 0x01, 0x02, 0x02, 0x03, 0x02, 0x01, 0x01,
    0x01, 0x01, 0x02, 0x05, 0x03, 0x01, 0x03, 0x02, 0x04, 0x01, 0x03, 0x01, 0x02, 0x01, 0x03, 0x02, 0x03, 0x02, 0x02, 0x01, 0x03, 0x02, 0x01, 0x06,
    0x06, 0x02, 0x0C, 0x0E, 0x0E, 0x0F, 0x0B, 0x01, 0x02, 0x02, 0x04, 0x02, 0x09, 0x0E, 0x05, 0x03, 0x06, 0x05, 0x05, 0x05, 0x01, 0x03, 0x03, 0x02,
    0x03, 0x02, 0x02, 0x02, 0x02, 0x03, 0x03, 0x02, 0x05, 0x04, 0x06, 0x01, 0x01, 0x02, 0x03, 0x02, 0x02, 0x04, 0x01, 0x01, 0x02, 0x02, 0x03, 0x03,
    0x03, 0x01, 0x02, 0x01, 0x01, 0x02, 0x01, 0x02, 0x02, 0x02, 0x02, 0x02, 0x02, 0x03, 0x03, 0x05, 0x05, 0x01, 0x06, 0x06, 0x01, 0x06, 0x04, 0x02,
    0x06, 0x06, 0x06, 0x06, 0x01, 0x02, 0x01, 0x02, 0x02, 0x02, 0x03, 0x03, 0x02, 0x03, 0x02, 0x03, 0x03, 0x03, 0x02, 0x01, 0x02, 0x04, 0x02, 0x01,
    0x05, 0x04, 0x02, 0x02, 0x03, 0x02, 0x01, 0x02, 0x05, 0x09, 0x03, 0x05, 0x09, 0x01, 0x02, 0x05, 0x03, 0x03, 0x05, 0x0D, 0x05, 0x0B, 0x0B, 0x0B,
    0x0B, 0x09, 0x01, 0x06, 0x04, 0x04, 0x06, 0x06, 0x06, 0x02, 0x05, 0x09, 0x05, 0x05, 0x05, 0x0B, 0x03, 0x06, 0x01, 0x03, 0x03, 0x03, 0x05, 0x05,
    0x05, 0x01, 0x06, 0x06, 0x01, 0x02, 0x05, 0x03, 0x01, 0x03, 0x04, 0x03, 0x03, 0x02, 0x03, 0x02, 0x03, 0x0B, 0x03, 0x05, 0x0C, 0x0C, 0x03, 0x02,
    0x06, 0x06, 0x03, 0x03, 0x03, 0x02, 0x05, 0x09, 0x03, 0x04, 0x01, 0x09, 0x0C, 0x0B, 0x04, 0x04, 0x02, 0x02, 0x02, 0x01, 0x06, 0x06, 0x03, 0x03,
    0x05, 0x05, 0x05, 0x01, 0x01, 0x01, 0x09, 0x09, 0x0B, 0x0B, 0x0D, 0x0A, 0x09, 0x04, 0x04, 0x06, 0x04, 0x02, 0x05, 0x03, 0x03, 0x05, 0x03, 0x06,
    0x04, 0x01, 0x01, 0x02, 0x03, 0x03, 0x02, 0x05, 0x05, 0x05, 0x02, 0x02, 0x0C, 0x0D, 0x03, 0x06, 0x04, 0x06, 0x01, 0x04, 0x01, 0x03, 0x05, 0x05,
    0x02, 0x05, 0x03, 0x01, 0x01, 0x01, 0x01, 0x01, 0x01, 0x01, 0x02, 0x02, 0x04, 0x01, 0x02, 0x02, 0x02, 0x03, 0x03, 0x02, 0x05, 0x0B, 0x0B, 0x0B,
    0x05, 0x05, 0x05, 0x0B, 0x03, 0x01, 0x02, 0x01, 0x04, 0x01, 0x02, 0x01, 0x03, 0x03, 0x03, 0x03, 0x02, 0x02, 0x02, 0x02, 0x02, 0x01, 0x01, 0x06,
    0x06, 0x01, 0x02, 0x04, 0x03, 0x05, 0x09, 0x05, 0x01, 0x02, 0x01, 0x02, 0x03, 0x05, 0x09, 0x0A, 0x0D, 0x03, 0x01, 0x01, 0x03, 0x03, 0x01, 0x09,
    0x0B, 0x09, 0x0E, 0x0E, 0x0E, 0x0E, 0x0F, 0x0B, 0x09, 0x0C, 0x0C, 0x0B, 0x09, 0x02, 0x0B, 0x0E, 0x0D, 0x05, 0x0B, 0x0C, 0x0B, 0x02, 0x02, 0x04,
    0x06, 0x06, 0x02, 0x05, 0x03, 0x04, 0x03, 0x05, 0x01, 0x06, 0x06, 0x03, 0x01, 0x06, 0x03, 0x05, 0x05, 0x0B, 0x03, 0x01, 0x02, 0x02, 0x03, 0x02,
    0x03, 0x0B, 0x0C, 0x0B, 0x05, 0x05, 0x05, 0x09, 0x01, 0x02, 0x03, 0x03, 0x03, 0x02, 0x03, 0x05, 0x05, 0x05, 0x05, 0x0D, 0x0B, 0x05, 0x01, 0x02,
    0x02, 0x02, 0x02, 0x03, 0x05, 0x0B, 0x0C, 0x0B, 0x09, 0x02, 0x02, 0x02, 0x02, 0x02, 0x02, 0x09, 0x0D, 0x05, 0x05, 0x02, 0x04, 0x06, 0x01, 0x01,
    0x03, 0x05, 0x03, 0x03, 0x05, 0x05, 0x03, 0x03, 0x03, 0x02, 0x02, 0x02, 0x02, 0x01, 0x06, 0x06, 0x02, 0x05, 0x01, 0x02, 0x06, 0x06, 0x01, 0x02,
    0x02, 0x02, 0x02, 0x02, 0x03, 0x05, 0x02, 0x02, 0x02, 0x01, 0x01, 0x01, 0x01, 0x04, 0x01, 0x01, 0x01, 0x02, 0x02, 0x02, 0x02, 0x02, 0x02, 0x02,
    0x03, 0x05, 0x05, 0x09, 0x0B, 0x05, 0x02, 0x02, 0x02, 0x05, 0x03, 0x01, 0x02, 0x02, 0x02, 0x01, 0x05, 0x05, 0x05, 0x05, 0x03, 0x01, 0x01, 0x01,
    0x01, 0x04, 0x01, 0x05, 0x05, 0x0B, 0x09, 0x0B, 0x05, 0x05, 0x02, 0x01, 0x01, 0x02, 0x02, 0x02, 0x03, 0x05, 0x09, 0x0C, 0x05, 0x09, 0x05, 0x04,
    0x06, 0x05, 0x09, 0x05, 0x02, 0x05, 0x09, 0x0B, 0x05, 0x05, 0x05, 0x0B, 0x0C, 0x0C, 0x0B, 0x0B, 0x09, 0x05, 0x03, 0x05, 0x03, 0x05, 0x05, 0x0B,
    0x0D, 0x05, 0x04, 0x06, 0x04, 0x01, 0x02, 0x03, 0x02, 0x01, 0x01, 0x05, 0x0B, 0x0F, 0x05, 0x05, 0x03, 0x0C, 0x09, 0x03, 0x05, 0x05, 0x09, 0x02,
    0x06, 0x06, 0x02, 0x03, 0x02, 0x02, 0x03, 0x03, 0x03, 0x05, 0x02, 0x02, 0x04, 0x01, 0x02, 0x03, 0x02, 0x02, 0x02, 0x01, 0x01, 0x01, 0x03, 0x09,
    0x09, 0x01, 0x02, 0x05, 0x03, 0x02, 0x04, 0x03, 0x01, 0x05, 0x09, 0x0B, 0x0C, 0x0B, 0x05, 0x02, 0x01, 0x01, 0x04, 0x04, 0x03, 0x05, 0x09, 0x0C,
    0x0C, 0x01, 0x06, 0x04, 0x02, 0x05, 0x03, 0x02, 0x02, 0x02, 0x03, 0x03, 0x03, 0x02, 0x01, 0x02, 0x01, 0x01, 0x02, 0x04, 0x01, 0x03, 0x02, 0x01,
    0x01, 0x01, 0x04, 0x06, 0x01, 0x02, 0x02, 0x03, 0x02, 0x03, 0x03, 0x02, 0x02, 0x02, 0x01, 0x01, 0x01, 0x01, 0x01, 0x04, 0x01, 0x01, 0x02, 0x02,
    0x02, 0x02, 0x02, 0x03, 0x02, 0x02, 0x02, 0x03, 0x09, 0x05, 0x09, 0x04, 0x02, 0x03, 0x02, 0x02, 0x02, 0x02, 0x02, 0x02, 0x03, 0x02, 0x04, 0x04,
    0x01, 0x04, 0x06, 0x01, 0x02, 0x05, 0x0B, 0x0B, 0x0B, 0x09, 0x05, 0x09, 0x03, 0x02, 0x02, 0x02, 0x01, 0x02, 0x01, 0x04, 0x04, 0x02, 0x03, 0x03,
    0x05, 0x05, 0x05, 0x05, 0x02, 0x05, 0x03, 0x05, 0x01, 0x09, 0x09, 0x05, 0x03, 0x02, 0x03, 0x05, 0x03, 0x03, 0x02, 0x02, 0x05, 0x0C, 0x05, 0x03,
    0x03, 0x03, 0x09, 0x05, 0x09, 0x0D, 0x0B, 0x01, 0x05, 0x02, 0x06, 0x06, 0x06, 0x06, 0x06, 0x06, 0x01, 0x03, 0x05, 0x01, 0x05, 0x03, 0x01, 0x02,
    0x02, 0x03, 0x03, 0x05, 0x03, 0x04, 0x06, 0x01, 0x02, 0x02, 0x02, 0x02, 0x02, 0x02, 0x03, 0x09, 0x0B, 0x0B, 0x01, 0x06, 0x06, 0x06, 0x04, 0x06,
    0x01, 0x01, 0x02, 0x03, 0x02, 0x03, 0x02, 0x02, 0x03, 0x0B, 0x02, 0x02, 0x03, 0x03, 0x03, 0x03, 0x05, 0x01, 0x05, 0x05, 0x03, 0x02, 0x01, 0x01,
    0x04, 0x01, 0x03, 0x05, 0x0B, 0x0B, 0x01, 0x02, 0x02, 0x05, 0x03, 0x04, 0x01, 0x02, 0x02, 0x02, 0x02, 0x04, 0x06, 0x06, 0x01, 0x01, 0x03, 0x01,
    0x04, 0x06, 0x06, 0x04, 0x09, 0x05, 0x02, 0x02, 0x03, 0x03, 0x03, 0x06, 0x06, 0x06, 0x02, 0x03, 0x02, 0x03, 0x02, 0x04, 0x01, 0x01, 0x02, 0x01,
    0x01, 0x02, 0x02, 0x02, 0x02, 0x02, 0x03, 0x02, 0x03, 0x02, 0x03, 0x03, 0x03, 0x03, 0x05, 0x01, 0x04, 0x03, 0x03, 0x02, 0x02, 0x02, 0x01, 0x01,
    0x05, 0x01, 0x01, 0x02, 0x01, 0x06, 0x01, 0x05, 0x05, 0x03, 0x05, 0x0B, 0x05, 0x02, 0x03, 0x02, 0x03, 0x02, 0x03, 0x05, 0x03, 0x03, 0x03, 0x03,
    0x06, 0x06, 0x02, 0x03, 0x02, 0x06, 0x06, 0x05, 0x03, 0x01, 0x03, 0x05, 0x05, 0x03, 0x02, 0x05, 0x0B, 0x05, 0x02, 0x03, 0x02, 0x04, 0x06, 0x05,
    0x0C, 0x05, 0x05, 0x05, 0x05, 0x03, 0x03, 0x03, 0x02, 0x05, 0x0D, 0x0F, 0x0A, 0x0D, 0x0B, 0x02, 0x03, 0x01, 0x06, 0x06, 0x03, 0x02, 0x03, 0x02,
    0x01, 0x02, 0x02, 0x03, 0x03, 0x03, 0x03, 0x05, 0x05, 0x0D, 0x09, 0x0B, 0x05, 0x02, 0x03, 0x05, 0x03, 0x02, 0x03, 0x01, 0x03, 0x05, 0x09, 0x06,
    0x06, 0x01, 0x02, 0x02, 0x05, 0x02, 0x06, 0x04, 0x02, 0x03, 0x02, 0x01, 0x03, 0x02, 0x09, 0x01, 0x02, 0x01, 0x02, 0x03, 0x02, 0x02, 0x04, 0x01,
    0x02, 0x01, 0x04, 0x01, 0x06, 0x06, 0x06, 0x05, 0x02, 0x05, 0x09, 0x03, 0x05, 0x03, 0x02, 0x01, 0x01, 0x06, 0x06, 0x04, 0x06, 0x06, 0x06, 0x06,
    0x06, 0x04, 0x05, 0x0B, 0x01, 0x06, 0x06, 0x06, 0x03, 0x0C, 0x05, 0x05, 0x03, 0x02, 0x02, 0x01, 0x01, 0x06, 0x01, 0x03, 0x03, 0x02, 0x01, 0x01,
    0x01, 0x02, 0x02, 0x02, 0x02, 0x01, 0x06, 0x04, 0x04, 0x02, 0x02, 0x02, 0x02, 0x02, 0x02, 0x02, 0x02, 0x02, 0x05, 0x05, 0x03, 0x02, 0x02, 0x02,
    0x02, 0x02, 0x01, 0x04, 0x03, 0x09, 0x0B, 0x03, 0x02, 0x05, 0x02, 0x04, 0x02, 0x09, 0x03, 0x05, 0x04, 0x06, 0x01, 0x03, 0x05, 0x03, 0x09, 0x05,
    0x03, 0x03, 0x01, 0x05, 0x09, 0x02, 0x01, 0x01, 0x01, 0x05, 0x0B, 0x05, 0x09, 0x01, 0x06, 0x03, 0x05, 0x06, 0x06, 0x02, 0x02, 0x09, 0x05, 0x03,
    0x05, 0x05, 0x05, 0x0B, 0x03, 0x05, 0x05, 0x02, 0x02, 0x02, 0x02, 0x01, 0x01, 0x03, 0x0B, 0x0C, 0x0D, 0x09, 0x09, 0x0B, 0x0C, 0x0C, 0x0B, 0x02,
    0x04, 0x03, 0x03, 0x02, 0x06, 0x03, 0x05, 0x05, 0x03, 0x03, 0x03, 0x03, 0x03, 0x05, 0x02, 0x01, 0x02, 0x03, 0x05, 0x03, 0x05, 0x02, 0x03, 0x01,
    0x02, 0x05, 0x02, 0x01, 0x03, 0x05, 0x03, 0x02, 0x02, 0x01, 0x04, 0x01, 0x03, 0x03, 0x02, 0x02, 0x01, 0x02, 0x05, 0x05, 0x02, 0x02, 0x04, 0x04,
    0x01, 0x01, 0x01, 0x06, 0x04, 0x02, 0x03, 0x02, 0x06, 0x06, 0x06, 0x06, 0x03, 0x02, 0x05, 0x05, 0x03, 0x01, 0x06, 0x04, 0x01, 0x06, 0x06, 0x06,
    0x06, 0x06, 0x06, 0x04, 0x02, 0x03, 0x0C, 0x0D, 0x0B, 0x05, 0x06, 0x04, 0x05, 0x03, 0x03, 0x03, 0x02, 0x02, 0x01, 0x04, 0x01, 0x02, 0x09, 0x03,
    0x02, 0x02, 0x01, 0x01, 0x02, 0x02, 0x02, 0x02, 0x02, 0x01, 0x04, 0x01, 0x04, 0x02, 0x02, 0x02, 0x02, 0x03, 0x02, 0x06, 0x06, 0x03, 0x09, 0x05,
    0x05, 0x0B, 0x0B, 0x05, 0x02, 0x02, 0x02, 0x02, 0x05, 0x05, 0x09, 0x0C, 0x0B, 0x0B, 0x05, 0x03, 0x01, 0x03, 0x05, 0x05, 0x05, 0x02, 0x05, 0x02,
    0x03, 0x05, 0x02, 0x03, 0x02, 0x06, 0x01, 0x03, 0x02, 0x02, 0x02, 0x01, 0x05, 0x03, 0x05, 0x09, 0x09, 0x0B, 0x05, 0x03, 0x03, 0x09, 0x03, 0x01,
    0x02, 0x02, 0x02, 0x05, 0x05, 0x05, 0x05, 0x05, 0x03, 0x03, 0x02, 0x02, 0x03, 0x02, 0x03, 0x01, 0x02, 0x03, 0x03, 0x03, 0x03, 0x02, 0x03, 0x02,
    0x05, 0x0B, 0x0D, 0x0B, 0x06, 0x06, 0x02, 0x05, 0x01, 0x05, 0x03, 0x03, 0x03, 0x03, 0x05, 0x03, 0x03, 0x03, 0x02, 0x02, 0x05, 0x05, 0x02, 0x05,
    0x02, 0x03, 0x02, 0x04, 0x02, 0x03, 0x05, 0x01, 0x02, 0x03, 0x02, 0x01, 0x01, 0x02, 0x05, 0x04, 0x06, 0x05, 0x02, 0x04, 0x02, 0x01, 0x03, 0x03,
    0x0B, 0x09, 0x03, 0x04, 0x04, 0x01, 0x01, 0x06, 0x06, 0x02, 0x02, 0x01, 0x02, 0x01, 0x06, 0x03, 0x04, 0x09, 0x05, 0x05, 0x02, 0x01, 0x03, 0x04,
    0x06, 0x06, 0x06, 0x01, 0x01, 0x06, 0x04, 0x03, 0x03, 0x05, 0x02, 0x05, 0x03, 0x0B, 0x0B, 0x09, 0x02, 0x05, 0x03, 0x02, 0x02, 0x02, 0x02, 0x03,
    0x05, 0x05, 0x05, 0x02, 0x02, 0x02, 0x02, 0x02, 0x02, 0x02, 0x02, 0x02, 0x01, 0x06, 0x01, 0x04, 0x01, 0x01, 0x01, 0x02, 0x02, 0x02, 0x01, 0x01,
    0x02, 0x01, 0x05, 0x03, 0x02, 0x03, 0x01, 0x05, 0x03, 0x02, 0x01, 0x01, 0x03, 0x02, 0x03, 0x02, 0x02, 0x05, 0x0B, 0x05, 0x05, 0x02, 0x04, 0x05,
    0x05, 0x0C, 0x03, 0x05, 0x03, 0x03, 0x05, 0x02, 0x02, 0x05, 0x05, 0x02, 0x01, 0x02, 0x03, 0x03, 0x05, 0x03, 0x03, 0x02, 0x03, 0x0B, 0x05, 0x0B,
    0x09, 0x03, 0x02, 0x01, 0x01, 0x01, 0x03, 0x03, 0x09, 0x0B, 0x05, 0x05, 0x03, 0x02, 0x03, 0x02, 0x03, 0x01, 0x02, 0x05, 0x03, 0x03, 0x02, 0x01,
    0x01, 0x01, 0x02, 0x02, 0x02, 0x01, 0x02, 0x02, 0x02, 0x02, 0x01, 0x03, 0x0D, 0x03, 0x05, 0x03, 0x05, 0x05, 0x05, 0x05, 0x05, 0x05, 0x02, 0x01,
    0x05, 0x05, 0x03, 0x02, 0x04, 0x06, 0x05, 0x06, 0x06, 0x06, 0x02, 0x02, 0x01, 0x04, 0x06, 0x04, 0x01, 0x03, 0x09, 0x05, 0x02, 0x04, 0x01, 0x01,
    0x04, 0x01, 0x02, 0x02, 0x02, 0x03, 0x02, 0x02, 0x01, 0x01, 0x01, 0x02, 0x01, 0x06, 0x06, 0x06, 0x04, 0x01, 0x01, 0x02, 0x05, 0x05, 0x02, 0x05,
    0x01, 0x01, 0x01, 0x04, 0x01, 0x03, 0x01, 0x02, 0x05, 0x02, 0x01, 0x01, 0x01, 0x01, 0x06, 0x01, 0x02, 0x05, 0x03, 0x01, 0x02, 0x02, 0x02, 0x04,
    0x01, 0x02, 0x02, 0x03, 0x05, 0x05, 0x05, 0x03, 0x02, 0x02, 0x02, 0x02, 0x03, 0x03, 0x03, 0x01, 0x04, 0x06, 0x06, 0x06, 0x06, 0x06, 0x01, 0x01,
    0x01, 0x01, 0x06, 0x01, 0x02, 0x04, 0x04, 0x06, 0x04, 0x02, 0x03, 0x02, 0x03, 0x01, 0x03, 0x03, 0x01, 0x02, 0x03, 0x05, 0x03, 0x05, 0x0B, 0x0B,
    0x0B, 0x02, 0x06, 0x06, 0x09, 0x05, 0x09, 0x05, 0x03, 0x01, 0x02, 0x02, 0x02, 0x05, 0x03, 0x05, 0x05, 0x05, 0x02, 0x02, 0x03, 0x03, 0x05, 0x03,
    0x03, 0x03, 0x05, 0x02, 0x03, 0x05, 0x03, 0x02, 0x02, 0x01, 0x03, 0x05, 0x09, 0x05, 0x03, 0x03, 0x03, 0x03, 0x03, 0x03, 0x03, 0x02, 0x03, 0x02,
    0x01, 0x04, 0x04, 0x01, 0x03, 0x04, 0x04, 0x02, 0x01, 0x04, 0x06, 0x06, 0x01, 0x02, 0x02, 0x03, 0x03, 0x05, 0x03, 0x05, 0x05, 0x05, 0x03, 0x03,
    0x01, 0x06, 0x06, 0x06, 0x01, 0x06, 0x06, 0x02, 0x05, 0x03, 0x01, 0x05, 0x03, 0x06, 0x06, 0x04, 0x02, 0x01, 0x01, 0x01, 0x03, 0x02, 0x02, 0x03,
    0x02, 0x04, 0x02, 0x01, 0x01, 0x06, 0x01, 0x03, 0x02, 0x02, 0x02, 0x01, 0x04, 0x01, 0x01, 0x01, 0x01, 0x06, 0x04, 0x02, 0x01, 0x02, 0x02, 0x01,
    0x01, 0x04, 0x02, 0x06, 0x01, 0x01, 0x02, 0x02, 0x02, 0x03, 0x0B, 0x05, 0x02, 0x03, 0x01, 0x06, 0x06, 0x03, 0x02, 0x03, 0x01, 0x01, 0x01, 0x02,
    0x06, 0x06, 0x01, 0x03, 0x01, 0x01, 0x03, 0x0C, 0x09, 0x03, 0x03, 0x02, 0x02, 0x02, 0x02, 0x03, 0x03, 0x02, 0x02, 0x02, 0x04, 0x06, 0x06, 0x06,
    0x06, 0x06, 0x04, 0x01, 0x01, 0x01, 0x02, 0x02, 0x01, 0x04, 0x02, 0x03, 0x01, 0x02, 0x02, 0x05, 0x03, 0x02, 0x03, 0x03, 0x04, 0x06, 0x02, 0x05,
    0x05, 0x05, 0x05, 0x05, 0x05, 0x05, 0x01, 0x06, 0x05, 0x05, 0x03, 0x03, 0x03, 0x02, 0x01, 0x01, 0x01, 0x04, 0x02, 0x03, 0x03, 0x03, 0x05, 0x03,
    0x03, 0x03, 0x03, 0x02, 0x03, 0x02, 0x03, 0x03, 0x01, 0x03, 0x03, 0x02, 0x02, 0x01, 0x05, 0x05, 0x02, 0x02, 0x01, 0x06, 0x02, 0x02, 0x03, 0x02,
    0x02, 0x03, 0x02, 0x01, 0x01, 0x02, 0x02, 0x02, 0x03, 0x03, 0x01, 0x02, 0x02, 0x02, 0x01, 0x02, 0x05, 0x0B, 0x05, 0x03, 0x05, 0x03, 0x03, 0x03,
    0x06, 0x01, 0x06, 0x06, 0x06, 0x02, 0x06, 0x06, 0x06, 0x06, 0x01, 0x05, 0x03, 0x03, 0x05, 0x05, 0x02, 0x06, 0x02, 0x05, 0x05, 0x06, 0x06, 0x06,
    0x06, 0x06, 0x05, 0x03, 0x05, 0x05, 0x05, 0x02, 0x02, 0x03, 0x04, 0x01, 0x02, 0x02, 0x01, 0x01, 0x01, 0x01, 0x04, 0x01, 0x01, 0x03, 0x03, 0x02,
    0x02, 0x02, 0x03, 0x04, 0x04, 0x06, 0x02, 0x01, 0x04, 0x02, 0x01, 0x02, 0x02, 0x02, 0x05, 0x03, 0x02, 0x02, 0x01, 0x01, 0x02, 0x02, 0x02, 0x02,
    0x06, 0x06, 0x01, 0x05, 0x03, 0x02, 0x01, 0x02, 0x03, 0x03, 0x03, 0x03, 0x03, 0x04, 0x06, 0x06, 0x06, 0x02, 0x02, 0x02, 0x02, 0x02, 0x06, 0x06,
    0x06, 0x06, 0x06, 0x06, 0x01, 0x04, 0x04, 0x02, 0x01, 0x04, 0x01, 0x01, 0x01, 0x01, 0x06, 0x06, 0x04, 0x04, 0x01, 0x02, 0x03, 0x05, 0x0B, 0x05,
    0x04, 0x03, 0x03, 0x05, 0x03, 0x03, 0x03, 0x03, 0x02, 0x01, 0x05, 0x01, 0x01, 0x06, 0x01, 0x05, 0x03, 0x03, 0x02, 0x01, 0x04, 0x01, 0x01, 0x02,
    0x01, 0x03, 0x03, 0x05, 0x03, 0x02, 0x05, 0x03, 0x01, 0x01, 0x01, 0x01, 0x02, 0x01, 0x02, 0x02, 0x01, 0x02, 0x03, 0x05, 0x05, 0x03, 0x02, 0x03,
    0x02, 0x02, 0x03, 0x03, 0x02, 0x02, 0x03, 0x02, 0x02, 0x03, 0x02, 0x02, 0x03, 0x02, 0x01, 0x04, 0x04, 0x01, 0x02, 0x02, 0x05, 0x03, 0x02, 0x01,
    0x06, 0x01, 0x06, 0x01, 0x06, 0x01, 0x06, 0x06, 0x06, 0x04, 0x0B, 0x0F, 0x0F, 0x03, 0x09, 0x05, 0x05, 0x03, 0x03, 0x02, 0x03, 0x03, 0x03, 0x03,
    0x05, 0x03, 0x03, 0x06, 0x06, 0x06, 0x04, 0x02, 0x05, 0x03, 0x02, 0x02, 0x01, 0x01, 0x04, 0x01, 0x02, 0x02, 0x04, 0x04, 0x01, 0x01, 0x06, 0x06,
    0x06, 0x02, 0x04, 0x06, 0x04, 0x01, 0x05, 0x04, 0x06, 0x01, 0x06, 0x04, 0x04, 0x01, 0x02, 0x04, 0x01, 0x03, 0x05, 0x03, 0x03, 0x02, 0x03, 0x03,
    0x03, 0x02, 0x02, 0x04, 0x01, 0x04, 0x02, 0x01, 0x01, 0x01, 0x02, 0x02, 0x03, 0x05, 0x05, 0x03, 0x03, 0x01, 0x04, 0x01, 0x05, 0x03, 0x03, 0x03,
    0x04, 0x06, 0x06, 0x06, 0x04, 0x06, 0x06, 0x06, 0x06, 0x04, 0x01, 0x02, 0x04, 0x04, 0x02, 0x01, 0x01, 0x01, 0x06, 0x06, 0x06, 0x02, 0x02, 0x01,
    0x03, 0x02, 0x01, 0x02, 0x03, 0x05, 0x05, 0x05, 0x05, 0x03, 0x03, 0x02, 0x03, 0x09, 0x05, 0x03, 0x06, 0x01, 0x06, 0x02, 0x01, 0x06, 0x04, 0x01,
    0x02, 0x01, 0x01, 0x03, 0x05, 0x05, 0x02, 0x03, 0x03, 0x02, 0x03, 0x03, 0x06, 0x06, 0x03, 0x01, 0x01, 0x02, 0x03, 0x03, 0x01, 0x01, 0x01, 0x03,
    0x03, 0x03, 0x03, 0x02, 0x03, 0x05, 0x03, 0x03, 0x03, 0x03, 0x02, 0x02, 0x03, 0x02, 0x02, 0x01, 0x01, 0x03, 0x02, 0x01, 0x01, 0x02, 0x02, 0x03,
    0x02, 0x02, 0x03, 0x01, 0x03, 0x02, 0x03, 0x01, 0x01, 0x05, 0x0B, 0x05, 0x04, 0x04, 0x02, 0x05, 0x0B, 0x0B, 0x0D, 0x03, 0x02, 0x03, 0x03, 0x06,
    0x04, 0x03, 0x03, 0x05, 0x03, 0x0B, 0x05, 0x04, 0x06, 0x01, 0x02, 0x05, 0x03, 0x02, 0x01, 0x02, 0x02, 0x01, 0x01, 0x06, 0x01, 0x06, 0x04, 0x04,
    0x04, 0x01, 0x02, 0x03, 0x02, 0x04, 0x06, 0x06, 0x06, 0x02, 0x03, 0x01, 0x02, 0x01, 0x01, 0x02, 0x02, 0x01, 0x03, 0x01, 0x06, 0x04, 0x05, 0x05,
    0x03, 0x02, 0x02, 0x02, 0x01, 0x06, 0x02, 0x03, 0x01, 0x01, 0x06, 0x01, 0x01, 0x01, 0x02, 0x05, 0x03, 0x05, 0x05, 0x03, 0x03, 0x02, 0x02, 0x03,
    0x02, 0x02, 0x02, 0x01, 0x01, 0x06, 0x06, 0x06, 0x01, 0x04, 0x01, 0x04, 0x06, 0x01, 0x01, 0x01, 0x01, 0x01, 0x02, 0x03, 0x02, 0x05, 0x01, 0x04,
    0x04, 0x02, 0x02, 0x02, 0x02, 0x02, 0x02, 0x01, 0x05, 0x05, 0x03, 0x05, 0x03, 0x02, 0x04, 0x01, 0x03, 0x03, 0x05, 0x0B, 0x05, 0x03, 0x0B, 0x03,
    0x04, 0x02, 0x02, 0x03, 0x02, 0x01, 0x01, 0x02, 0x05, 0x03, 0x02, 0x03, 0x03, 0x03, 0x04, 0x02, 0x05, 0x0C, 0x03, 0x04, 0x01, 0x01, 0x03, 0x02,
    0x02, 0x01, 0x01, 0x01, 0x05, 0x03, 0x01, 0x05, 0x05, 0x05, 0x03, 0x03, 0x03, 0x03, 0x03, 0x03, 0x02, 0x02, 0x02, 0x01, 0x02, 0x02, 0x02, 0x01,
    0x02, 0x02, 0x02, 0x01, 0x02, 0x03, 0x05, 0x0B, 0x05, 0x09, 0x05, 0x09, 0x0B, 0x09, 0x0B, 0x0C, 0x05, 0x01, 0x06, 0x04, 0x02, 0x09, 0x0B, 0x03,
    0x03, 0x05, 0x05, 0x05, 0x03, 0x05, 0x05, 0x0B, 0x03, 0x02, 0x03, 0x05, 0x01, 0x05, 0x05, 0x05, 0x02, 0x01, 0x02, 0x02, 0x02, 0x04, 0x01, 0x04,
    0x06, 0x06, 0x06, 0x04, 0x04, 0x01, 0x04, 0x04, 0x04, 0x04, 0x06, 0x06, 0x06, 0x01, 0x02, 0x04, 0x01, 0x02, 0x02, 0x05, 0x05, 0x01, 0x01, 0x01,
    0x02, 0x04, 0x02, 0x03, 0x02, 0x03, 0x02, 0x01, 0x06, 0x04, 0x06, 0x06, 0x06, 0x06, 0x06, 0x06, 0x01, 0x02, 0x02, 0x02, 0x02, 0x02, 0x05, 0x02,
    0x02, 0x02, 0x05, 0x01, 0x05, 0x05, 0x03, 0x04, 0x06, 0x01, 0x03, 0x02, 0x01, 0x01, 0x05, 0x05, 0x01, 0x09, 0x02, 0x03, 0x02, 0x02, 0x01, 0x05,
    0x03, 0x02, 0x02, 0x01, 0x02, 0x02, 0x04, 0x01, 0x03, 0x02, 0x02, 0x01, 0x05, 0x01, 0x01, 0x04, 0x04, 0x04, 0x01, 0x01, 0x03, 0x03, 0x03, 0x02,
    0x03, 0x03, 0x03, 0x03, 0x05, 0x0B, 0x05, 0x02, 0x02, 0x02, 0x06, 0x04, 0x01, 0x01, 0x03, 0x03, 0x05, 0x02, 0x01, 0x06, 0x01, 0x03, 0x05, 0x02,
    0x02, 0x01, 0x02, 0x02, 0x03, 0x05, 0x02, 0x01, 0x02, 0x05, 0x05, 0x05, 0x05, 0x03, 0x03, 0x05, 0x03, 0x03, 0x03, 0x03, 0x02, 0x02, 0x02, 0x01,
    0x02, 0x01, 0x01, 0x02, 0x05, 0x03, 0x01, 0x01, 0x03, 0x05, 0x05, 0x05, 0x03, 0x05, 0x05, 0x05, 0x03, 0x02, 0x05, 0x02, 0x05, 0x09, 0x03, 0x03,
    0x02, 0x05, 0x05, 0x03, 0x03, 0x03, 0x03, 0x0B, 0x0C, 0x03, 0x03, 0x0B, 0x03, 0x01, 0x02, 0x05, 0x0C, 0x0B, 0x03, 0x03, 0x02, 0x04, 0x04, 0x01,
    0x01, 0x01, 0x04, 0x06, 0x06, 0x06, 0x06, 0x01, 0x04, 0x04, 0x04, 0x06, 0x06, 0x04, 0x04, 0x01, 0x04, 0x02, 0x02, 0x04, 0x01, 0x01, 0x03, 0x05,
    0x02, 0x02, 0x01, 0x04, 0x05, 0x05, 0x05, 0x02, 0x02, 0x02, 0x03, 0x01, 0x04, 0x01, 0x06, 0x06, 0x06, 0x06, 0x06, 0x06, 0x06, 0x06, 0x06, 0x01,
    0x03, 0x02, 0x06, 0x04, 0x02, 0x05, 0x05, 0x03, 0x02, 0x03, 0x02, 0x06, 0x06, 0x01, 0x02, 0x03, 0x02, 0x02, 0x03, 0x02, 0x01, 0x01, 0x03, 0x02,
    0x03, 0x03, 0x01, 0x01, 0x05, 0x05, 0x02, 0x02, 0x01, 0x01, 0x02, 0x01, 0x04, 0x01, 0x02, 0x02, 0x0D, 0x0B, 0x02, 0x02, 0x02, 0x03, 0x03, 0x03,
    0x05, 0x05, 0x02, 0x01, 0x01, 0x01, 0x01, 0x03, 0x02, 0x05, 0x05, 0x05, 0x03, 0x02, 0x03, 0x01, 0x01, 0x02, 0x05, 0x02, 0x02, 0x02, 0x05, 0x03,
    0x05, 0x03, 0x02, 0x05, 0x03, 0x03, 0x02, 0x05, 0x05, 0x09, 0x05, 0x03, 0x02, 0x05, 0x05, 0x03, 0x03, 0x03, 0x03, 0x03, 0x03, 0x03, 0x03, 0x03,
    0x02, 0x06, 0x06, 0x04, 0x06, 0x06, 0x04, 0x02, 0x09, 0x09, 0x03, 0x01, 0x05, 0x05, 0x03, 0x05, 0x05, 0x05, 0x09, 0x05, 0x05, 0x09, 0x05, 0x05,
    0x0B, 0x05, 0x02, 0x04, 0x01, 0x03, 0x02, 0x03, 0x03, 0x02, 0x03, 0x03, 0x05, 0x02, 0x03, 0x09, 0x03, 0x04, 0x01, 0x02, 0x02, 0x02, 0x01, 0x01,
    0x02, 0x04, 0x04, 0x04, 0x02, 0x02, 0x01, 0x06, 0x01, 0x01, 0x06, 0x06, 0x04, 0x01, 0x01, 0x04, 0x04, 0x04, 0x01, 0x03, 0x02, 0x06, 0x04, 0x04,
    0x01, 0x02, 0x02, 0x04, 0x01, 0x01, 0x04, 0x01, 0x02, 0x05, 0x03, 0x02, 0x03, 0x09, 0x05, 0x05, 0x09, 0x03, 0x05, 0x02, 0x02, 0x01, 0x04, 0x02,
    0x03, 0x01, 0x06, 0x01, 0x04, 0x06, 0x06, 0x02, 0x02, 0x02, 0x05, 0x05, 0x03, 0x01, 0x01, 0x01, 0x05, 0x05, 0x03, 0x03, 0x02, 0x01, 0x01, 0x04,
    0x04, 0x06, 0x06, 0x04, 0x01, 0x02, 0x01, 0x04, 0x01, 0x05, 0x09, 0x03, 0x01, 0x06, 0x04, 0x03, 0x01, 0x06, 0x06, 0x04, 0x05, 0x05, 0x05, 0x09,
    0x05, 0x03, 0x05, 0x03, 0x02, 0x04, 0x02, 0x02, 0x02, 0x04, 0x01, 0x03, 0x09, 0x03, 0x05, 0x05, 0x05, 0x0B, 0x09, 0x03, 0x02, 0x03, 0x03, 0x03,
    0x03, 0x01, 0x03, 0x05, 0x02, 0x05, 0x03, 0x03, 0x01, 0x05, 0x03, 0x09, 0x0D, 0x0F, 0x13, 0x10, 0x0C, 0x02, 0x05, 0x05, 0x03, 0x03, 0x03, 0x03,
    0x05, 0x03, 0x03, 0x02, 0x02, 0x01, 0x01, 0x06, 0x06, 0x04, 0x03, 0x0B, 0x03, 0x05, 0x0C, 0x0D, 0x05, 0x01, 0x05, 0x05, 0x05, 0x05, 0x05, 0x05,
    0x09, 0x05, 0x03, 0x09, 0x0B, 0x05, 0x01, 0x06, 0x06, 0x06, 0x02, 0x03, 0x03, 0x02, 0x02, 0x01, 0x02, 0x01, 0x06, 0x04, 0x06, 0x06, 0x06, 0x06,
    0x06, 0x06, 0x06, 0x06, 0x02, 0x02, 0x03, 0x03, 0x05, 0x01, 0x01, 0x06, 0x06, 0x06, 0x06, 0x06, 0x06, 0x04, 0x02, 0x01, 0x04, 0x04, 0x01, 0x02,
    0x01, 0x04, 0x06, 0x01, 0x02, 0x02, 0x06, 0x04, 0x02, 0x01, 0x02, 0x03, 0x0B, 0x05, 0x02, 0x02, 0x03, 0x05, 0x02, 0x02, 0x01, 0x03, 0x05, 0x0C,
    0x0A, 0x10, 0x0E, 0x0C, 0x0E, 0x0A, 0x0C, 0x05, 0x03, 0x06, 0x04, 0x03, 0x03, 0x02, 0x03, 0x02, 0x01, 0x01, 0x01, 0x02, 0x02, 0x02, 0x03, 0x03,
    0x05, 0x02, 0x06, 0x06, 0x04, 0x01, 0x04, 0x01, 0x01, 0x06, 0x06, 0x04, 0x02, 0x03, 0x02, 0x03, 0x02, 0x05, 0x01, 0x05, 0x03, 0x02, 0x01, 0x01,
    0x02, 0x03, 0x03, 0x02, 0x03, 0x05, 0x0B, 0x05, 0x02, 0x01, 0x03, 0x05, 0x05, 0x03, 0x01, 0x03, 0x01, 0x02, 0x03, 0x03, 0x02, 0x02, 0x03, 0x05,
    0x03, 0x02, 0x02, 0x05, 0x05, 0x05, 0x05, 0x0C, 0x0D, 0x0B, 0x03, 0x05, 0x03, 0x03, 0x09, 0x09, 0x0B, 0x05, 0x03, 0x05, 0x09, 0x05, 0x03, 0x03,
    0x03, 0x03, 0x02, 0x03, 0x02, 0x02, 0x03, 0x02, 0x02, 0x01, 0x04, 0x04, 0x01, 0x02, 0x02, 0x05, 0x03, 0x02, 0x02, 0x02, 0x01, 0x02, 0x05, 0x03,
    0x05, 0x03, 0x02, 0x03, 0x05, 0x09, 0x05, 0x0B, 0x05, 0x0B, 0x05, 0x06, 0x01, 0x06, 0x03, 0x03, 0x03, 0x02, 0x01, 0x02, 0x06, 0x06, 0x06, 0x06,
    0x06, 0x06, 0x06, 0x06, 0x06, 0x06, 0x06, 0x06, 0x06, 0x05, 0x01, 0x01, 0x04, 0x01, 0x01, 0x04, 0x06, 0x06, 0x06, 0x06, 0x06, 0x04, 0x04, 0x04,
    0x04, 0x04, 0x04, 0x06, 0x06, 0x06, 0x01, 0x01, 0x01, 0x01, 0x01, 0x01, 0x01, 0x01, 0x02, 0x05, 0x03, 0x03, 0x03, 0x02, 0x02, 0x02, 0x01, 0x01,
    0x01, 0x01, 0x02, 0x03, 0x05, 0x0B, 0x0D, 0x0B, 0x05, 0x0D, 0x0A, 0x0F, 0x0B, 0x0D, 0x0F, 0x0D, 0x03, 0x02, 0x01, 0x03, 0x01, 0x04, 0x01, 0x02,
    0x01, 0x03, 0x03, 0x0B, 0x05, 0x01, 0x01, 0x04, 0x01, 0x01, 0x04, 0x04, 0x01, 0x01, 0x04, 0x06, 0x06, 0x01, 0x04, 0x05, 0x03, 0x02, 0x02, 0x01,
    0x02, 0x0B, 0x05, 0x05, 0x02, 0x02, 0x02, 0x04, 0x01, 0x01, 0x04, 0x04, 0x01, 0x02, 0x03, 0x02, 0x02, 0x09, 0x05, 0x03, 0x05, 0x01, 0x02, 0x03,
    0x02, 0x03, 0x05, 0x0D, 0x0E, 0x0C, 0x09, 0x05, 0x05, 0x02, 0x02, 0x09, 0x05, 0x0B, 0x05, 0x05, 0x03, 0x03, 0x03, 0x05, 0x05, 0x05, 0x05, 0x05,
    0x03, 0x02, 0x01, 0x01, 0x02, 0x02, 0x02, 0x02, 0x03, 0x03, 0x03, 0x02, 0x04, 0x01, 0x02, 0x05, 0x03, 0x01, 0x01, 0x05, 0x03, 0x02, 0x06, 0x06,
    0x06, 0x01, 0x03, 0x05, 0x09, 0x02, 0x02, 0x02, 0x02, 0x05, 0x0C, 0x0D, 0x0B, 0x09, 0x0D, 0x0F, 0x0D, 0x0B, 0x02, 0x05, 0x02, 0x02, 0x04, 0x06,
    0x01, 0x02, 0x06, 0x01, 0x05, 0x09, 0x05, 0x03, 0x01, 0x03, 0x02, 0x01, 0x06, 0x02, 0x05, 0x04, 0x06, 0x04, 0x05, 0x03, 0x04, 0x01, 0x01, 0x04,
    0x06, 0x06, 0x04, 0x04, 0x04, 0x06, 0x06, 0x08, 0x06, 0x04, 0x04, 0x01, 0x04, 0x04, 0x01, 0x02, 0x01, 0x02, 0x02, 0x05, 0x05, 0x03, 0x02, 0x01,
    0x01, 0x01, 0x01, 0x02, 0x01, 0x04, 0x04, 0x04, 0x03, 0x02, 0x05, 0x05, 0x03, 0x03, 0x05, 0x05, 0x0C, 0x09, 0x05, 0x01, 0x03, 0x09, 0x05, 0x03,
    0x02, 0x04, 0x01, 0x01, 0x01, 0x01, 0x04, 0x01, 0x01, 0x01, 0x01, 0x01, 0x02, 0x01, 0x04, 0x01, 0x04, 0x01, 0x02, 0x01, 0x02, 0x06, 0x06, 0x06,
    0x06, 0x05, 0x05, 0x01, 0x03, 0x03, 0x03, 0x02, 0x03, 0x05, 0x03, 0x02, 0x01, 0x03, 0x03, 0x01, 0x02, 0x01, 0x06, 0x02, 0x02, 0x02, 0x02, 0x03,
    0x02, 0x05, 0x01, 0x02, 0x04, 0x02, 0x03, 0x03, 0x05, 0x09, 0x0C, 0x0E, 0x0B, 0x03, 0x01, 0x03, 0x05, 0x03, 0x03, 0x03, 0x05, 0x03, 0x03, 0x03,
    0x09, 0x05, 0x0B, 0x0B, 0x03, 0x03, 0x03, 0x04, 0x01, 0x02, 0x02, 0x02, 0x03, 0x03, 0x03, 0x02, 0x04, 0x03, 0x09, 0x09, 0x05, 0x05, 0x0C, 0x02,
    0x02, 0x02, 0x02, 0x02, 0x05, 0x0B, 0x03, 0x02, 0x02, 0x03, 0x05, 0x03, 0x01, 0x06, 0x01, 0x03, 0x03, 0x05, 0x05, 0x05, 0x05, 0x02, 0x01, 0x06,
    0x01, 0x04, 0x02, 0x06, 0x01, 0x09, 0x0C, 0x0D, 0x0D, 0x0B, 0x01, 0x06, 0x01, 0x03, 0x05, 0x0C, 0x01, 0x06, 0x03, 0x01, 0x03, 0x09, 0x05, 0x03,
    0x01, 0x02, 0x02, 0x06, 0x04, 0x01, 0x01, 0x01, 0x06, 0x06, 0x06, 0x06, 0x06, 0x01, 0x01, 0x06, 0x06, 0x04, 0x06, 0x02, 0x02, 0x03, 0x02, 0x02,
    0x05, 0x02, 0x02, 0x02, 0x01, 0x01, 0x01, 0x02, 0x03, 0x02, 0x02, 0x01, 0x05, 0x04, 0x04, 0x06, 0x04, 0x02, 0x01, 0x01, 0x01, 0x02, 0x01, 0x01,
    0x02, 0x01, 0x02, 0x02, 0x03, 0x02, 0x03, 0x02, 0x01, 0x01, 0x04, 0x01, 0x06, 0x06, 0x06, 0x01, 0x01, 0x01, 0x04, 0x01, 0x01, 0x01, 0x01, 0x02,
    0x03, 0x02, 0x05, 0x06, 0x03, 0x05, 0x03, 0x01, 0x06, 0x06, 0x04, 0x02, 0x03, 0x05, 0x02, 0x02, 0x02, 0x03, 0x05, 0x0B, 0x05, 0x0D, 0x05, 0x03,
    0x04, 0x04, 0x02, 0x01, 0x05, 0x03, 0x03, 0x03, 0x09, 0x03, 0x02, 0x02, 0x05, 0x03, 0x03, 0x02, 0x03, 0x0B, 0x05, 0x01, 0x02, 0x02, 0x02, 0x05,
    0x0B, 0x03, 0x03, 0x03, 0x03, 0x05, 0x03, 0x02, 0x03, 0x02, 0x05, 0x0B, 0x01, 0x06, 0x01, 0x02, 0x02, 0x03, 0x02, 0x01, 0x02, 0x03, 0x02, 0x02,
    0x02, 0x01, 0x02, 0x02, 0x03, 0x02, 0x03, 0x0B, 0x09, 0x02, 0x01, 0x01, 0x04, 0x09, 0x05, 0x0B, 0x05, 0x01, 0x03, 0x0B, 0x05, 0x03, 0x03, 0x05,
    0x05, 0x03, 0x02, 0x05, 0x01, 0x01, 0x06, 0x06, 0x06, 0x01, 0x02, 0x04, 0x01, 0x02, 0x01, 0x01, 0x05, 0x0D, 0x0E, 0x0F, 0x11, 0x0A, 0x09, 0x0C,
    0x03, 0x02, 0x04, 0x02, 0x06, 0x02, 0x03, 0x01, 0x01, 0x01, 0x02, 0x01, 0x01, 0x04, 0x02, 0x03, 0x01, 0x01, 0x06, 0x06, 0x06, 0x01, 0x06, 0x02,
    0x02, 0x02, 0x05, 0x05, 0x05, 0x05, 0x02, 0x01, 0x01, 0x01, 0x04, 0x01, 0x01, 0x02, 0x05, 0x09, 0x05, 0x03, 0x04, 0x03, 0x01, 0x01, 0x01, 0x06,
    0x06, 0x04, 0x01, 0x01, 0x01, 0x06, 0x03, 0x01, 0x02, 0x03, 0x05, 0x03, 0x02, 0x03, 0x09, 0x09, 0x0B, 0x05, 0x02, 0x01, 0x04, 0x04, 0x01, 0x01,
    0x01, 0x01, 0x03, 0x04, 0x04, 0x01, 0x03, 0x03, 0x02, 0x03, 0x03, 0x01, 0x04, 0x06, 0x06, 0x02, 0x02, 0x01, 0x02, 0x01, 0x02, 0x03, 0x05, 0x0B,
    0x05, 0x05, 0x05, 0x05, 0x01, 0x05, 0x05, 0x03, 0x02, 0x02, 0x05, 0x05, 0x05, 0x03, 0x06, 0x06, 0x06, 0x04, 0x06, 0x01, 0x03, 0x03, 0x02, 0x06,
    0x02, 0x02, 0x01, 0x01, 0x01, 0x02, 0x05, 0x09, 0x0B, 0x0B, 0x05, 0x0B, 0x02, 0x05, 0x03, 0x02, 0x03, 0x02, 0x06, 0x04, 0x01, 0x03, 0x03, 0x02,
    0x02, 0x03, 0x02, 0x05, 0x03, 0x01, 0x01, 0x01, 0x04, 0x03, 0x0B, 0x0B, 0x0B, 0x0B, 0x05, 0x03, 0x02, 0x03, 0x03, 0x03, 0x0C, 0x0D, 0x0B, 0x02,
    0x02, 0x02, 0x02, 0x01, 0x02, 0x05, 0x05, 0x05, 0x01, 0x02, 0x04, 0x03, 0x06, 0x06, 0x06, 0x06, 0x06, 0x06, 0x04, 0x03, 0x05, 0x0C, 0x0C, 0x03,
    0x02, 0x02, 0x01, 0x01, 0x02, 0x03, 0x01, 0x06, 0x06, 0x02, 0x0B, 0x0C, 0x0C, 0x05, 0x01, 0x04, 0x04, 0x01, 0x04, 0x01, 0x01, 0x01, 0x04, 0x04,
    0x01, 0x04, 0x06, 0x02, 0x02, 0x01, 0x03, 0x02, 0x02, 0x01, 0x01, 0x04, 0x01, 0x01, 0x01, 0x04, 0x02, 0x0B, 0x05, 0x0D, 0x05, 0x01, 0x02, 0x03,
    0x01, 0x06, 0x06, 0x04, 0x04, 0x02, 0x02, 0x01, 0x04, 0x01, 0x01, 0x01, 0x01, 0x03, 0x02, 0x02, 0x02, 0x01, 0x03, 0x03, 0x05, 0x0C, 0x09, 0x02,
    0x04, 0x01, 0x02, 0x02, 0x01, 0x02, 0x02, 0x02, 0x02, 0x04, 0x05, 0x03, 0x03, 0x01, 0x03, 0x02, 0x02, 0x03, 0x09, 0x05, 0x03, 0x05, 0x05, 0x05,
    0x05, 0x03, 0x03, 0x05, 0x09, 0x05, 0x0B, 0x05, 0x03, 0x0B, 0x09, 0x03, 0x03, 0x03, 0x05, 0x01, 0x04, 0x01, 0x06, 0x06, 0x06, 0x06, 0x01, 0x06,
    0x04, 0x05, 0x0B, 0x02, 0x02, 0x06, 0x06, 0x04, 0x04, 0x01, 0x02, 0x05, 0x05, 0x09, 0x05, 0x0B, 0x0B, 0x01, 0x04, 0x01, 0x02, 0x05, 0x05, 0x04,
    0x06, 0x01, 0x06, 0x01, 0x03, 0x03, 0x03, 0x03, 0x03, 0x04, 0x06, 0x01, 0x02, 0x03, 0x03, 0x03, 0x05, 0x05, 0x03, 0x03, 0x01, 0x01, 0x01, 0x02,
    0x03, 0x02, 0x02, 0x01, 0x02, 0x02, 0x02, 0x02, 0x03, 0x0C, 0x0D, 0x0C, 0x05, 0x02, 0x05, 0x03, 0x01, 0x01, 0x04, 0x06, 0x01, 0x04, 0x02, 0x02,
    0x01, 0x01, 0x03, 0x06, 0x06, 0x01, 0x04, 0x04, 0x02, 0x02, 0x04, 0x06, 0x05, 0x0B, 0x03, 0x05, 0x03, 0x01, 0x04, 0x04, 0x04, 0x01, 0x01, 0x01,
    0x01, 0x02, 0x01, 0x01, 0x05, 0x01, 0x01, 0x06, 0x01, 0x01, 0x03, 0x01, 0x06, 0x06, 0x06, 0x06, 0x02, 0x02, 0x02, 0x05, 0x0B, 0x09, 0x03, 0x02,
    0x03, 0x09, 0x05, 0x05, 0x05, 0x03, 0x04, 0x01, 0x06, 0x01, 0x01, 0x02, 0x06, 0x04, 0x04, 0x01, 0x05, 0x05, 0x03, 0x02, 0x05, 0x06, 0x02, 0x02,
    0x02, 0x02, 0x01, 0x01, 0x02, 0x02, 0x01, 0x02, 0x01, 0x02, 0x05, 0x03, 0x02, 0x02, 0x01, 0x02, 0x01, 0x04, 0x04, 0x02, 0x02, 0x03, 0x03, 0x02,
    0x05, 0x05, 0x05, 0x05, 0x03, 0x03, 0x05, 0x03, 0x09, 0x05, 0x05, 0x05, 0x05, 0x05, 0x05, 0x05, 0x02, 0x0B, 0x03, 0x09, 0x05, 0x02, 0x02, 0x04,
    0x03, 0x10, 0x0D, 0x09, 0x06, 0x01, 0x05, 0x0C, 0x03, 0x04, 0x01, 0x01, 0x02, 0x02, 0x03, 0x03, 0x03, 0x03, 0x05, 0x05, 0x05, 0x09, 0x05, 0x03,
    0x01, 0x03, 0x03, 0x0B, 0x05, 0x01, 0x01, 0x01, 0x03, 0x03, 0x05, 0x03, 0x03, 0x01, 0x04, 0x01, 0x02, 0x03, 0x05, 0x05, 0x03, 0x03, 0x03, 0x02,
    0x02, 0x01, 0x02, 0x02, 0x05, 0x06, 0x01, 0x06, 0x01, 0x02, 0x02, 0x02, 0x03, 0x03, 0x03, 0x03, 0x05, 0x03, 0x05, 0x0C, 0x0B, 0x03, 0x01, 0x01,
    0x01, 0x04, 0x03, 0x0B, 0x05, 0x03, 0x02, 0x04, 0x04, 0x01, 0x04, 0x01, 0x01, 0x06, 0x01, 0x03, 0x05, 0x03, 0x01, 0x04, 0x06, 0x04, 0x04, 0x06,
    0x04, 0x01, 0x01, 0x01, 0x01, 0x01, 0x01, 0x04, 0x01, 0x01, 0x01, 0x06, 0x06, 0x06, 0x02, 0x02, 0x01, 0x04, 0x02, 0x03, 0x02, 0x02, 0x02, 0x04,
    0x03, 0x03, 0x02, 0x01, 0x03, 0x05, 0x0B, 0x03, 0x02, 0x02, 0x02, 0x03, 0x03, 0x01, 0x06, 0x04, 0x01, 0x03, 0x05, 0x03, 0x05, 0x03, 0x03, 0x02,
    0x05, 0x05, 0x04, 0x02, 0x02, 0x02, 0x02, 0x02, 0x02, 0x03, 0x03, 0x05, 0x05, 0x03, 0x01, 0x04, 0x02, 0x06, 0x06, 0x01, 0x01, 0x03, 0x01, 0x06,
    0x01, 0x06, 0x06, 0x03, 0x01, 0x03, 0x05, 0x05, 0x05, 0x05, 0x03, 0x03, 0x03, 0x05, 0x05, 0x03, 0x05, 0x03, 0x03, 0x0B, 0x0C, 0x03, 0x09, 0x05,
    0x03, 0x02, 0x02, 0x05, 0x05, 0x0B, 0x0C, 0x09, 0x03, 0x06, 0x03, 0x03, 0x03, 0x03, 0x02, 0x06, 0x04, 0x04, 0x02, 0x01, 0x03, 0x05, 0x05, 0x03,
    0x05, 0x05, 0x03, 0x02, 0x01, 0x02, 0x05, 0x05, 0x05, 0x05, 0x05, 0x0B, 0x02, 0x01, 0x03, 0x03, 0x03, 0x03, 0x01, 0x01, 0x02, 0x02, 0x05, 0x02,
    0x03, 0x02, 0x03, 0x03, 0x02, 0x02, 0x01, 0x02, 0x01, 0x02, 0x04, 0x02, 0x02, 0x01, 0x02, 0x02, 0x01, 0x01, 0x01, 0x04, 0x04, 0x02, 0x02, 0x05,
    0x0B, 0x09, 0x03, 0x01, 0x01, 0x02, 0x02, 0x03, 0x05, 0x02, 0x01, 0x03, 0x03, 0x02, 0x01, 0x02, 0x04, 0x04, 0x03, 0x01, 0x01, 0x01, 0x01, 0x01,
    0x01, 0x04, 0x01, 0x04, 0x04, 0x04, 0x01, 0x01, 0x02, 0x03, 0x05, 0x03, 0x05, 0x01, 0x04, 0x02, 0x06, 0x03, 0x0B, 0x05, 0x02, 0x03, 0x05, 0x03,
    0x03, 0x03, 0x05, 0x05, 0x01, 0x06, 0x06, 0x03, 0x03, 0x03, 0x03, 0x03, 0x02, 0x02, 0x05, 0x05, 0x03, 0x03, 0x03, 0x03, 0x05, 0x09, 0x05, 0x0B,
    0x05, 0x03, 0x03, 0x03, 0x05, 0x05, 0x02, 0x02, 0x02, 0x02, 0x01, 0x04, 0x01, 0x01, 0x02, 0x03, 0x03, 0x03, 0x03, 0x02, 0x02, 0x06, 0x01, 0x02,
    0x03, 0x05, 0x02, 0x05, 0x03, 0x02, 0x04, 0x06, 0x03, 0x05, 0x05, 0x05, 0x05, 0x0B, 0x03, 0x05, 0x03, 0x02, 0x03, 0x03, 0x03, 0x04, 0x06, 0x05,
    0x0B, 0x09, 0x05, 0x05, 0x05, 0x0B, 0x0F, 0x0A, 0x05, 0x02, 0x03, 0x02, 0x05, 0x05, 0x06, 0x04, 0x04, 0x02, 0x01, 0x05, 0x01, 0x03, 0x02, 0x03,
    0x03, 0x03, 0x03, 0x05, 0x03, 0x03, 0x03, 0x01, 0x03, 0x03, 0x03, 0x05, 0x03, 0x06, 0x02, 0x05, 0x06, 0x04, 0x02, 0x03, 0x05, 0x05, 0x02, 0x04,
    0x04, 0x01, 0x03, 0x02, 0x01, 0x03, 0x05, 0x02, 0x01, 0x06, 0x06, 0x01, 0x04, 0x02, 0x02, 0x02, 0x01, 0x02, 0x03, 0x03, 0x03, 0x02, 0x02, 0x02,
    0x02, 0x04, 0x02, 0x02, 0x05, 0x0C, 0x05, 0x05, 0x02, 0x01, 0x01, 0x01, 0x01, 0x04, 0x04, 0x01, 0x01, 0x04, 0x01, 0x03, 0x05, 0x05, 0x03, 0x02,
    0x01, 0x06, 0x06, 0x04, 0x01, 0x04, 0x04, 0x06, 0x04, 0x01, 0x04, 0x01, 0x01, 0x02, 0x03, 0x02, 0x01, 0x04, 0x06, 0x01, 0x09, 0x0C, 0x03, 0x02,
    0x01, 0x05, 0x05, 0x05, 0x05, 0x05, 0x03, 0x01, 0x01, 0x01, 0x03, 0x03, 0x03, 0x05, 0x02, 0x03, 0x02, 0x05, 0x09, 0x03, 0x02, 0x02, 0x05, 0x05,
    0x09, 0x0B, 0x0B, 0x09, 0x03, 0x02, 0x03, 0x02, 0x06, 0x02, 0x01, 0x01, 0x02, 0x01, 0x01, 0x04, 0x04, 0x02, 0x02, 0x02, 0x05, 0x0B, 0x05, 0x05,
    0x01, 0x01, 0x04, 0x03, 0x02, 0x01, 0x02, 0x02, 0x02, 0x05, 0x05, 0x03, 0x05, 0x03, 0x05, 0x0B, 0x0C, 0x0C, 0x0B, 0x05, 0x02, 0x01, 0x02, 0x03,
    0x03, 0x01, 0x03, 0x02, 0x02, 0x05, 0x03, 0x02, 0x05, 0x0B, 0x0B, 0x0D, 0x05, 0x01, 0x01, 0x04, 0x02, 0x05, 0x05, 0x01, 0x02, 0x02, 0x02, 0x02,
    0x03, 0x03, 0x03, 0x03, 0x03, 0x05, 0x03, 0x03, 0x03, 0x03, 0x03, 0x05, 0x03, 0x02, 0x03, 0x03, 0x01, 0x06, 0x01, 0x03, 0x03, 0x06, 0x01, 0x03,
    0x05, 0x05, 0x05, 0x05, 0x02, 0x06, 0x06, 0x01, 0x01, 0x03, 0x06, 0x02, 0x01, 0x05, 0x03, 0x02, 0x06, 0x01, 0x05, 0x03, 0x02, 0x02, 0x03, 0x03,
    0x03, 0x02, 0x02, 0x02, 0x01, 0x04, 0x06, 0x04, 0x02, 0x03, 0x01, 0x06, 0x01, 0x01, 0x04, 0x06, 0x06, 0x01, 0x01, 0x06, 0x04, 0x01, 0x02, 0x02,
    0x01, 0x01, 0x02, 0x06, 0x06, 0x04, 0x06, 0x06, 0x04, 0x06, 0x06, 0x01, 0x06, 0x01, 0x04, 0x04, 0x01, 0x04, 0x01, 0x02, 0x01, 0x01, 0x03, 0x05,
    0x01, 0x03, 0x01, 0x01, 0x02, 0x02, 0x02, 0x03, 0x02, 0x03, 0x03, 0x02, 0x01, 0x01, 0x03, 0x02, 0x03, 0x03, 0x03, 0x03, 0x02, 0x02, 0x01, 0x02,
    0x02, 0x02, 0x02, 0x05, 0x03, 0x03, 0x05, 0x03, 0x09, 0x05, 0x02, 0x02, 0x01, 0x01, 0x01, 0x04, 0x06, 0x04, 0x01, 0x06, 0x01, 0x03, 0x03, 0x03,
    0x02, 0x01, 0x06, 0x06, 0x01, 0x03, 0x05, 0x02, 0x01, 0x06, 0x04, 0x06, 0x01, 0x02, 0x02, 0x02, 0x03, 0x02, 0x03, 0x03, 0x03, 0x03, 0x03, 0x05,
    0x09, 0x05, 0x03, 0x02, 0x05, 0x0B, 0x05, 0x06, 0x02, 0x01, 0x03, 0x03, 0x03, 0x02, 0x03, 0x05, 0x02, 0x04, 0x04, 0x06, 0x06, 0x01, 0x01, 0x01,
    0x01, 0x03, 0x03, 0x02, 0x01, 0x01, 0x04, 0x01, 0x06, 0x03, 0x03, 0x01, 0x01, 0x02, 0x01, 0x03, 0x03, 0x02, 0x01, 0x06, 0x04, 0x01, 0x06, 0x06,
    0x03, 0x05, 0x03, 0x03, 0x05, 0x05, 0x0B, 0x09, 0x05, 0x05, 0x02, 0x03, 0x05, 0x03, 0x05, 0x03, 0x05, 0x05, 0x0B, 0x05, 0x03, 0x03, 0x01, 0x02,
    0x05, 0x05, 0x03, 0x05, 0x03, 0x02, 0x02, 0x01, 0x04, 0x06, 0x06, 0x06, 0x06, 0x06, 0x02, 0x06, 0x01, 0x04, 0x06, 0x06, 0x06, 0x04, 0x01, 0x04,
    0x04, 0x01, 0x04, 0x01, 0x01, 0x01, 0x04, 0x06, 0x06, 0x04, 0x04, 0x06, 0x06, 0x01, 0x01, 0x01, 0x06, 0x06, 0x06, 0x01, 0x04, 0x02, 0x04, 0x06,
    0x01, 0x01, 0x01, 0x01, 0x05, 0x04, 0x06, 0x06, 0x06, 0x01, 0x03, 0x02, 0x02, 0x01, 0x02, 0x02, 0x02, 0x03, 0x04, 0x01, 0x03, 0x05, 0x03, 0x05,
    0x03, 0x06, 0x06, 0x06, 0x03, 0x05, 0x05, 0x02, 0x02, 0x02, 0x02, 0x02, 0x02, 0x02, 0x01, 0x01, 0x01, 0x01, 0x06, 0x01, 0x01, 0x01, 0x03, 0x02,
    0x01, 0x01, 0x01, 0x03, 0x01, 0x02, 0x02, 0x02, 0x03, 0x01, 0x05, 0x01, 0x02, 0x03, 0x01, 0x01, 0x01, 0x01, 0x02, 0x01, 0x03, 0x03, 0x03, 0x02,
    0x02, 0x02, 0x03, 0x03, 0x03, 0x03, 0x02, 0x02, 0x02, 0x03, 0x0B, 0x05, 0x02, 0x01, 0x04, 0x04, 0x04, 0x02, 0x03, 0x02, 0x04, 0x04, 0x03, 0x05,
    0x02, 0x02, 0x05, 0x02, 0x03, 0x03, 0x03, 0x02, 0x02, 0x02, 0x03, 0x02, 0x01, 0x02, 0x02, 0x01, 0x04, 0x01, 0x06, 0x06, 0x06, 0x01, 0x04, 0x06,
    0x06, 0x06, 0x04, 0x01, 0x03, 0x03, 0x03, 0x03, 0x02, 0x09, 0x09, 0x05, 0x03, 0x09, 0x05, 0x02, 0x02, 0x02, 0x05, 0x09, 0x03, 0x03, 0x02, 0x02,
    0x05, 0x03, 0x02, 0x02, 0x03, 0x02, 0x03, 0x02, 0x01, 0x03, 0x02, 0x02, 0x01, 0x04, 0x02, 0x06, 0x06, 0x06, 0x06, 0x01, 0x02, 0x02, 0x01, 0x02,
    0x04, 0x06, 0x06, 0x06, 0x06, 0x04, 0x03, 0x06, 0x04, 0x01, 0x05, 0x03, 0x01, 0x06, 0x06, 0x01, 0x01, 0x06, 0x01, 0x01, 0x01, 0x01, 0x01, 0x01,
    0x01, 0x01, 0x01, 0x01, 0x01, 0x01, 0x01, 0x01, 0x01, 0x02, 0x06, 0x06, 0x01, 0x01, 0x01, 0x03, 0x03, 0x05, 0x02, 0x03, 0x03, 0x05, 0x01, 0x04,
    0x03, 0x05, 0x02, 0x03, 0x05, 0x09, 0x02, 0x02, 0x03, 0x05, 0x02, 0x02, 0x02, 0x02, 0x01, 0x02, 0x01, 0x06, 0x06, 0x06, 0x02, 0x03, 0x05, 0x02,
    0x02, 0x02, 0x02, 0x02, 0x02, 0x03, 0x03, 0x05, 0x03, 0x03, 0x02, 0x02, 0x02, 0x02, 0x09, 0x02, 0x02, 0x01, 0x02, 0x04, 0x01, 0x02, 0x01, 0x01,
    0x0B, 0x0C, 0x0B, 0x03, 0x04, 0x04, 0x02, 0x05, 0x05, 0x02, 0x01, 0x01, 0x02, 0x02, 0x05, 0x0B, 0x03, 0x03, 0x03, 0x0B, 0x0C, 0x05, 0x04, 0x06,
    0x05, 0x0B, 0x0B, 0x0D, 0x0D, 0x0B, 0x05, 0x01, 0x04, 0x01, 0x01, 0x03, 0x03, 0x03, 0x03, 0x02, 0x06, 0x04, 0x01, 0x04, 0x01, 0x04, 0x03, 0x01,
    0x03, 0x01, 0x01, 0x05, 0x06, 0x06, 0x06, 0x06, 0x06, 0x06, 0x06, 0x06, 0x06, 0x04, 0x01, 0x04, 0x01, 0x01, 0x02, 0x02, 0x02, 0x02, 0x03, 0x02,
    0x02, 0x02, 0x03, 0x03, 0x01, 0x04, 0x01, 0x02, 0x01, 0x01, 0x05, 0x05, 0x03, 0x03, 0x02, 0x02, 0x01, 0x04, 0x04, 0x02, 0x06, 0x01, 0x05, 0x01,
    0x04, 0x04, 0x01, 0x01, 0x04, 0x06, 0x06, 0x04, 0x04, 0x06, 0x03, 0x01, 0x04, 0x02, 0x01, 0x01, 0x01, 0x06, 0x01, 0x01, 0x05, 0x03, 0x02, 0x01,
    0x01, 0x04, 0x01, 0x01, 0x01, 0x01, 0x01, 0x01, 0x01, 0x04, 0x01, 0x06, 0x06, 0x04, 0x01, 0x02, 0x01, 0x02, 0x01, 0x03, 0x09, 0x05, 0x05, 0x02,
    0x04, 0x02, 0x03, 0x01, 0x04, 0x05, 0x05, 0x03, 0x03, 0x05, 0x05, 0x05, 0x03, 0x03, 0x05, 0x03, 0x02, 0x01, 0x02, 0x05, 0x05, 0x05, 0x05, 0x0B,
    0x0B, 0x05, 0x05, 0x03, 0x01, 0x02, 0x02, 0x03, 0x03, 0x03, 0x09, 0x09, 0x05, 0x01, 0x01, 0x02, 0x02, 0x01, 0x01, 0x01, 0x01, 0x01, 0x01, 0x02,
    0x05, 0x03, 0x02, 0x02, 0x03, 0x02, 0x02, 0x02, 0x02, 0x06, 0x06, 0x06, 0x06, 0x01, 0x02, 0x03, 0x06, 0x03, 0x03, 0x03, 0x0B, 0x05, 0x05, 0x06,
    0x01, 0x02, 0x02, 0x02, 0x01, 0x02, 0x03, 0x02, 0x04, 0x02, 0x02, 0x01, 0x03, 0x01, 0x02, 0x01, 0x01, 0x06, 0x01, 0x05, 0x03, 0x02, 0x06, 0x06,
    0x06, 0x04, 0x02, 0x02, 0x03, 0x03, 0x03, 0x05, 0x02, 0x05, 0x04, 0x06, 0x01, 0x01, 0x02, 0x06, 0x06, 0x04, 0x04, 0x01, 0x02, 0x03, 0x03, 0x02,
    0x02, 0x06, 0x06, 0x01, 0x04, 0x03, 0x01, 0x06, 0x01, 0x05, 0x05, 0x01, 0x06, 0x01, 0x03, 0x02, 0x02, 0x02, 0x02, 0x02, 0x02, 0x01, 0x06, 0x03,
    0x01, 0x04, 0x01, 0x04, 0x04, 0x01, 0x01, 0x01, 0x01, 0x01, 0x04, 0x04, 0x06, 0x06, 0x06, 0x06, 0x06, 0x06, 0x06, 0x01, 0x02, 0x01, 0x02, 0x03,
    0x01, 0x03, 0x01, 0x01, 0x01, 0x01, 0x04, 0x06, 0x04, 0x06, 0x01, 0x02, 0x02, 0x01, 0x01, 0x06, 0x06, 0x06, 0x06, 0x01, 0x02, 0x02, 0x03, 0x03,
    0x03, 0x03, 0x02, 0x03, 0x05, 0x02, 0x02, 0x03, 0x02, 0x05, 0x02, 0x02, 0x02, 0x02, 0x01, 0x02, 0x02, 0x02, 0x02, 0x02, 0x02, 0x02, 0x03, 0x02,
    0x03, 0x09, 0x03, 0x03, 0x01, 0x03, 0x02, 0x05, 0x0B, 0x03, 0x01, 0x04, 0x01, 0x05, 0x03, 0x03, 0x02, 0x02, 0x01, 0x02, 0x03, 0x03, 0x05, 0x06,
    0x06, 0x06, 0x06, 0x01, 0x02, 0x01, 0x01, 0x01, 0x06, 0x02, 0x03, 0x02, 0x01, 0x02, 0x01, 0x06, 0x06, 0x02, 0x0B, 0x05, 0x03, 0x02, 0x01, 0x01,
    0x03, 0x05, 0x03, 0x05, 0x02, 0x01, 0x01, 0x02, 0x02, 0x01, 0x01, 0x03, 0x03, 0x04, 0x06, 0x02, 0x01, 0x01, 0x02, 0x01, 0x04, 0x06, 0x01, 0x05,
    0x01, 0x01, 0x03, 0x01, 0x03, 0x03, 0x03, 0x02, 0x06, 0x06, 0x06, 0x03, 0x05, 0x02, 0x03, 0x02, 0x03, 0x05, 0x03, 0x02, 0x05, 0x03, 0x02, 0x01,
    0x01, 0x02, 0x02, 0x02, 0x02, 0x02, 0x03, 0x06, 0x03, 0x03, 0x09, 0x02, 0x01, 0x03, 0x02, 0x04, 0x04, 0x04, 0x01, 0x02, 0x03, 0x02, 0x03, 0x03,
    0x0B, 0x0D, 0x0A, 0x0A, 0x0F, 0x0F, 0x0B, 0x02, 0x01, 0x06, 0x04, 0x04, 0x01, 0x01, 0x04, 0x04, 0x02, 0x01, 0x04, 0x06, 0x06, 0x06, 0x03, 0x04,
    0x01, 0x01, 0x01, 0x01, 0x06, 0x06, 0x06, 0x01, 0x01, 0x01, 0x01, 0x06, 0x04, 0x06, 0x06, 0x03, 0x01, 0x01, 0x01, 0x01, 0x06, 0x04, 0x02, 0x01,
    0x02, 0x02, 0x02, 0x03, 0x05, 0x03, 0x02, 0x03, 0x05, 0x0B, 0x01, 0x02, 0x02, 0x02, 0x05, 0x01, 0x02, 0x01, 0x01, 0x02, 0x02, 0x02, 0x02, 0x02,
    0x03, 0x02, 0x02, 0x02, 0x03, 0x02, 0x02, 0x02, 0x02, 0x01, 0x02, 0x02, 0x03, 0x03, 0x01, 0x02, 0x03, 0x02, 0x02, 0x02, 0x01, 0x02, 0x02, 0x01,
    0x02, 0x04, 0x03, 0x03, 0x05, 0x05, 0x05, 0x04, 0x01, 0x04, 0x05, 0x05, 0x06, 0x06, 0x04, 0x01, 0x02, 0x02, 0x03, 0x02, 0x03, 0x02, 0x02, 0x02,
    0x02, 0x04, 0x06, 0x06, 0x04, 0x02, 0x03, 0x02, 0x02, 0x03, 0x02, 0x02, 0x04, 0x06, 0x01, 0x02, 0x01, 0x03, 0x01, 0x04, 0x04, 0x04, 0x06, 0x01,
    0x06, 0x04, 0x06, 0x01, 0x04, 0x01, 0x03, 0x03, 0x05, 0x05, 0x03, 0x01, 0x01, 0x01, 0x03, 0x04, 0x02, 0x03, 0x03, 0x03, 0x03, 0x05, 0x05, 0x09,
    0x02, 0x01, 0x04, 0x04, 0x02, 0x02, 0x02, 0x02, 0x03, 0x03, 0x03, 0x09, 0x03, 0x03, 0x05, 0x09, 0x05, 0x01, 0x06, 0x01, 0x06, 0x06, 0x01, 0x02,
    0x04, 0x01, 0x01, 0x02, 0x05, 0x05, 0x05, 0x0B, 0x0C, 0x0D, 0x09, 0x01, 0x02, 0x02, 0x01, 0x04, 0x06, 0x06, 0x04, 0x01, 0x04, 0x04, 0x01, 0x06,
    0x06, 0x04, 0x06, 0x01, 0x06, 0x01, 0x02, 0x01, 0x03, 0x01, 0x06, 0x06, 0x06, 0x01, 0x01, 0x04, 0x04, 0x06, 0x06, 0x01, 0x01, 0x01, 0x01, 0x04,
    0x04, 0x06, 0x01, 0x03, 0x03, 0x02, 0x02, 0x01, 0x01, 0x01, 0x01, 0x02, 0x03, 0x03, 0x01, 0x03, 0x01, 0x04, 0x06, 0x06, 0x06, 0x06, 0x04, 0x01,
    0x01, 0x02, 0x02, 0x03, 0x02, 0x02, 0x04, 0x03, 0x01, 0x06, 0x01, 0x02, 0x02, 0x0B, 0x09, 0x02, 0x02, 0x03, 0x03, 0x02, 0x01, 0x06, 0x01, 0x01,
    0x02, 0x01, 0x04, 0x03, 0x02, 0x01, 0x01, 0x01, 0x01, 0x05, 0x05, 0x03, 0x01, 0x01, 0x04, 0x04, 0x02, 0x04, 0x06, 0x01, 0x02, 0x03, 0x05, 0x0B,
    0x05, 0x01, 0x06, 0x06, 0x04, 0x01, 0x02, 0x03, 0x02, 0x02, 0x03, 0x02, 0x01, 0x02, 0x01, 0x02, 0x02, 0x02, 0x04, 0x06, 0x02, 0x03, 0x03, 0x05,
    0x05, 0x01, 0x03, 0x01, 0x02, 0x01, 0x01, 0x01, 0x01, 0x04, 0x04, 0x01, 0x02, 0x02, 0x01, 0x01, 0x01, 0x03, 0x0C, 0x0D, 0x03, 0x02, 0x03, 0x03,
    0x03, 0x05, 0x05, 0x05, 0x05, 0x05, 0x01, 0x01, 0x02, 0x02, 0x02, 0x03, 0x02, 0x02, 0x03, 0x03, 0x02, 0x02, 0x02, 0x03, 0x03, 0x05, 0x0B, 0x05,
    0x03, 0x02, 0x06, 0x06, 0x04, 0x06, 0x01, 0x05, 0x03, 0x03, 0x02, 0x01, 0x03, 0x01, 0x03, 0x09, 0x0B, 0x05, 0x02, 0x01, 0x04, 0x04, 0x06, 0x04,
    0x04, 0x01, 0x03, 0x01, 0x02, 0x01, 0x06, 0x06, 0x04, 0x05, 0x01, 0x01, 0x02, 0x01, 0x06, 0x01, 0x01, 0x06, 0x04, 0x04, 0x06, 0x06, 0x01, 0x06,
    0x04, 0x06, 0x06, 0x02, 0x01, 0x03, 0x02, 0x05, 0x03, 0x03, 0x05, 0x05, 0x02, 0x02, 0x01, 0x02, 0x01, 0x01, 0x03, 0x09, 0x05, 0x04, 0x06, 0x06,
    0x06, 0x01, 0x06, 0x06, 0x01, 0x03, 0x03, 0x03, 0x02, 0x01, 0x01, 0x03, 0x03, 0x05, 0x03, 0x02, 0x03, 0x05, 0x02, 0x02, 0x01, 0x05, 0x0B, 0x05,
    0x03, 0x01, 0x06, 0x06, 0x02, 0x05, 0x03, 0x02, 0x04, 0x02, 0x03, 0x02, 0x01, 0x02, 0x02, 0x02, 0x06, 0x06, 0x06, 0x06, 0x0D, 0x02, 0x03, 0x05,
    0x03, 0x03, 0x05, 0x05, 0x05, 0x01, 0x06, 0x01, 0x03, 0x03, 0x09, 0x05, 0x03, 0x02, 0x02, 0x02, 0x01, 0x06, 0x01, 0x02, 0x03, 0x03, 0x02, 0x02,
    0x02, 0x03, 0x05, 0x03, 0x05, 0x0B, 0x05, 0x02, 0x09, 0x05, 0x02, 0x06, 0x06, 0x06, 0x06, 0x06, 0x01, 0x06, 0x06, 0x06, 0x06, 0x04, 0x05, 0x05,
    0x05, 0x01, 0x02, 0x02, 0x02, 0x06, 0x01, 0x03, 0x01, 0x02, 0x02, 0x01, 0x06, 0x06, 0x02, 0x01, 0x01, 0x02, 0x02, 0x02, 0x06, 0x02, 0x03, 0x06,
    0x01, 0x01, 0x02, 0x05, 0x05, 0x01, 0x04, 0x04, 0x02, 0x02, 0x02, 0x02, 0x01, 0x01, 0x01, 0x04, 0x06, 0x06, 0x01, 0x03, 0x0D, 0x09, 0x03, 0x01,
    0x04, 0x04, 0x04, 0x04, 0x04, 0x04, 0x05, 0x0B, 0x01, 0x04, 0x06, 0x06, 0x01, 0x03, 0x01, 0x01, 0x06, 0x01, 0x01, 0x06, 0x06, 0x01, 0x04, 0x01,
    0x06, 0x04, 0x01, 0x04, 0x06, 0x06, 0x04, 0x05, 0x02, 0x02, 0x03, 0x02, 0x03, 0x03, 0x05, 0x05, 0x03, 0x01, 0x01, 0x05, 0x05, 0x05, 0x09, 0x05,
    0x02, 0x02, 0x04, 0x04, 0x04, 0x06, 0x06, 0x06, 0x06, 0x06, 0x02, 0x04, 0x01, 0x02, 0x02, 0x03, 0x02, 0x03, 0x02, 0x02, 0x02, 0x06, 0x01, 0x04,
    0x01, 0x04, 0x01, 0x02, 0x02, 0x0B, 0x0D, 0x02, 0x02, 0x02, 0x02, 0x02, 0x02, 0x01, 0x02, 0x02, 0x01, 0x01, 0x02, 0x01, 0x01, 0x01, 0x04, 0x01,
    0x03, 0x03, 0x03, 0x03, 0x02, 0x03, 0x03, 0x05, 0x05, 0x05, 0x02, 0x02, 0x03, 0x05, 0x03, 0x03, 0x03, 0x03, 0x01, 0x02, 0x01, 0x05, 0x03, 0x02,
    0x04, 0x01, 0x02, 0x02, 0x03, 0x05, 0x05, 0x03, 0x03, 0x03, 0x03, 0x03, 0x03, 0x02, 0x03, 0x01, 0x01, 0x01, 0x01, 0x05, 0x01, 0x06, 0x06, 0x06,
    0x06, 0x06, 0x04, 0x01, 0x02, 0x01, 0x03, 0x0B, 0x02, 0x03, 0x06, 0x04, 0x06, 0x06, 0x01, 0x04, 0x06, 0x06, 0x04, 0x02, 0x01, 0x01, 0x01, 0x04,
    0x02, 0x02, 0x02, 0x03, 0x05, 0x03, 0x06, 0x04, 0x03, 0x05, 0x03, 0x03, 0x02, 0x02, 0x02, 0x01, 0x06, 0x06, 0x01, 0x06, 0x04, 0x01, 0x01, 0x02,
    0x05, 0x09, 0x0B, 0x02, 0x04, 0x04, 0x01, 0x04, 0x04, 0x06, 0x02, 0x0C, 0x03, 0x06, 0x01, 0x06, 0x06, 0x01, 0x01, 0x04, 0x01, 0x06, 0x01, 0x06,
    0x06, 0x06, 0x06, 0x06, 0x06, 0x04, 0x01, 0x01, 0x04, 0x06, 0x03, 0x03, 0x02, 0x01, 0x01, 0x06, 0x01, 0x02, 0x03, 0x02, 0x02, 0x02, 0x03, 0x03,
    0x03, 0x05, 0x02, 0x02, 0x02, 0x05, 0x03, 0x01, 0x01, 0x04, 0x06, 0x06, 0x04, 0x03, 0x05, 0x03, 0x03, 0x03, 0x03, 0x03, 0x03, 0x03, 0x05, 0x02,
    0x01, 0x02, 0x04, 0x01, 0x06, 0x06, 0x01, 0x01, 0x01, 0x01, 0x02, 0x03, 0x02, 0x03, 0x03, 0x01, 0x03, 0x01, 0x02, 0x02, 0x01, 0x01, 0x04, 0x03,
    0x01, 0x01, 0x01, 0x01, 0x03, 0x03, 0x05, 0x03, 0x02, 0x03, 0x02, 0x03, 0x03, 0x02, 0x03, 0x02, 0x01, 0x04, 0x06, 0x04, 0x01, 0x01, 0x01, 0x02,
    0x02, 0x01, 0x03, 0x02, 0x01, 0x03, 0x0B, 0x05, 0x01, 0x06, 0x01, 0x03, 0x03, 0x03, 0x02, 0x01, 0x01, 0x01, 0x06, 0x01, 0x06, 0x02, 0x0C, 0x0D,
    0x0C, 0x09, 0x04, 0x01, 0x02, 0x01, 0x06, 0x06, 0x02, 0x01, 0x05, 0x05, 0x0B, 0x05, 0x03, 0x02, 0x01, 0x04, 0x06, 0x06, 0x06, 0x06, 0x06, 0x04,
    0x04, 0x04, 0x01, 0x01, 0x02, 0x03, 0x02, 0x05, 0x03, 0x03, 0x04, 0x06, 0x02, 0x05, 0x03, 0x01, 0x01, 0x01, 0x01, 0x01, 0x04, 0x06, 0x01, 0x01,
    0x04, 0x01, 0x02, 0x05, 0x03, 0x05, 0x09, 0x0C, 0x05, 0x01, 0x01, 0x01, 0x01, 0x04, 0x06, 0x01, 0x01, 0x03, 0x09, 0x03, 0x01, 0x06, 0x06, 0x01,
    0x01, 0x04, 0x06, 0x01, 0x06, 0x01, 0x01, 0x01, 0x01, 0x02, 0x01, 0x02, 0x02, 0x02, 0x01, 0x06, 0x01, 0x01, 0x04, 0x03, 0x03, 0x03, 0x01, 0x04,
    0x01, 0x02, 0x03, 0x02, 0x02, 0x03, 0x03, 0x05, 0x02, 0x03, 0x03, 0x05, 0x02, 0x02, 0x01, 0x02, 0x02, 0x03, 0x05, 0x09, 0x03, 0x02, 0x02, 0x01,
    0x01, 0x02, 0x02, 0x03, 0x02, 0x03, 0x01, 0x01, 0x06, 0x06, 0x06, 0x04, 0x01, 0x02, 0x02, 0x02, 0x02, 0x03, 0x02, 0x02, 0x02, 0x02, 0x02, 0x03,
    0x05, 0x03, 0x02, 0x04, 0x06, 0x04, 0x01, 0x01, 0x0B, 0x05, 0x02, 0x02, 0x02, 0x03, 0x02, 0x02, 0x01, 0x02, 0x03, 0x09, 0x02, 0x01, 0x05, 0x02,
    0x01, 0x03, 0x01, 0x06, 0x06, 0x02, 0x01, 0x01, 0x02, 0x02, 0x03, 0x03, 0x05, 0x05, 0x04, 0x06, 0x06, 0x06, 0x01, 0x06, 0x06, 0x02, 0x01, 0x06,
    0x06, 0x01, 0x04, 0x06, 0x01, 0x02, 0x02, 0x03, 0x0C, 0x05, 0x01, 0x06, 0x06, 0x02, 0x03, 0x02, 0x05, 0x03, 0x05, 0x05, 0x05, 0x02, 0x06, 0x06,
    0x06, 0x01, 0x04, 0x06, 0x06, 0x06, 0x06, 0x03, 0x03, 0x03, 0x03, 0x01, 0x01, 0x02, 0x03, 0x01, 0x02, 0x01, 0x01, 0x04, 0x04, 0x01, 0x02, 0x02,
    0x01, 0x04, 0x04, 0x04, 0x01, 0x02, 0x09, 0x05, 0x03, 0x02, 0x02, 0x03, 0x03, 0x02, 0x01, 0x02, 0x02, 0x04, 0x06, 0x06, 0x06, 0x02, 0x05, 0x01,
    0x05, 0x0B, 0x03, 0x01, 0x01, 0x01, 0x01, 0x04, 0x01, 0x01, 0x01, 0x03, 0x01, 0x01, 0x04, 0x06, 0x05, 0x01, 0x01, 0x06, 0x04, 0x04, 0x01, 0x09,
    0x0C, 0x05, 0x01, 0x06, 0x04, 0x03, 0x03, 0x01, 0x06, 0x04, 0x05, 0x05, 0x02, 0x02, 0x03, 0x02, 0x03, 0x05, 0x03, 0x03, 0x03, 0x01, 0x02, 0x05,
    0x0B, 0x0B, 0x03, 0x04, 0x01, 0x01, 0x02, 0x02, 0x02, 0x03, 0x03, 0x05, 0x05, 0x02, 0x04, 0x01, 0x04, 0x01, 0x01, 0x04, 0x04, 0x01, 0x01, 0x02,
    0x03, 0x02, 0x04, 0x02, 0x01, 0x05, 0x03, 0x02, 0x03, 0x01, 0x01, 0x02, 0x03, 0x02, 0x02, 0x02, 0x02, 0x02, 0x02, 0x01, 0x04, 0x01, 0x04, 0x04,
    0x01, 0x02, 0x02, 0x02, 0x03, 0x04, 0x01, 0x04, 0x01, 0x02, 0x01, 0x01, 0x04, 0x01, 0x02, 0x02, 0x05, 0x0D, 0x05, 0x02, 0x01, 0x06, 0x01, 0x05,
    0x05, 0x0B, 0x01, 0x05, 0x05, 0x05, 0x01, 0x01, 0x06, 0x01, 0x03, 0x05, 0x0F, 0x11, 0x0D, 0x03, 0x05, 0x02, 0x06, 0x02, 0x05, 0x05, 0x03, 0x05,
    0x05, 0x03, 0x04, 0x06, 0x02, 0x09, 0x01, 0x06, 0x06, 0x06, 0x04, 0x04, 0x04, 0x01, 0x01, 0x04, 0x04, 0x01, 0x05, 0x05, 0x01, 0x02, 0x01, 0x04,
    0x04, 0x01, 0x02, 0x03, 0x03, 0x02, 0x04, 0x03, 0x02, 0x02, 0x01, 0x01, 0x01, 0x01, 0x01, 0x02, 0x09, 0x09, 0x02, 0x04, 0x02, 0x01, 0x02, 0x06,
    0x06, 0x06, 0x03, 0x02, 0x01, 0x01, 0x01, 0x01, 0x01, 0x03, 0x01, 0x02, 0x01, 0x02, 0x03, 0x01, 0x03, 0x01, 0x01, 0x06, 0x04, 0x02, 0x01, 0x06,
    0x06, 0x01, 0x01, 0x04, 0x01, 0x02, 0x01, 0x06, 0x06, 0x01, 0x05, 0x04, 0x06, 0x02, 0x02, 0x02, 0x04, 0x01, 0x03, 0x05, 0x05, 0x03, 0x03, 0x03,
    0x03, 0x02, 0x01, 0x02, 0x05, 0x05, 0x03, 0x01, 0x06, 0x01, 0x03, 0x01, 0x01, 0x01, 0x04, 0x02, 0x05, 0x01, 0x01, 0x01, 0x01, 0x03, 0x05, 0x02,
    0x04, 0x04, 0x01, 0x04, 0x06, 0x03, 0x02, 0x02, 0x01, 0x01, 0x03, 0x03, 0x03, 0x03, 0x06, 0x06, 0x02, 0x05, 0x05, 0x03, 0x02, 0x02, 0x02, 0x01,
    0x04, 0x01, 0x04, 0x04, 0x04, 0x01, 0x02, 0x03, 0x03, 0x03, 0x05, 0x0B, 0x0D, 0x05, 0x05, 0x02, 0x04, 0x01, 0x02, 0x03, 0x03, 0x03, 0x03, 0x02,
    0x02, 0x02, 0x05, 0x0C, 0x0D, 0x0D, 0x05, 0x05, 0x05, 0x03, 0x03, 0x03, 0x03, 0x02, 0x01, 0x02, 0x05, 0x05, 0x03, 0x03, 0x03, 0x02, 0x03, 0x06,
    0x03, 0x03, 0x02, 0x02, 0x01, 0x03, 0x02, 0x01, 0x01, 0x04, 0x01, 0x06, 0x06, 0x06, 0x06, 0x01, 0x06, 0x01, 0x02, 0x01, 0x01, 0x02, 0x02, 0x03,
    0x03, 0x02, 0x01, 0x01, 0x04, 0x01, 0x01, 0x03, 0x05, 0x05, 0x05, 0x03, 0x02, 0x02, 0x05, 0x04, 0x06, 0x04, 0x01, 0x03, 0x05, 0x0C, 0x0B, 0x03,
    0x01, 0x02, 0x01, 0x04, 0x06, 0x01, 0x04, 0x01, 0x01, 0x01, 0x02, 0x01, 0x02, 0x01, 0x03, 0x03, 0x02, 0x03, 0x09, 0x01, 0x01, 0x04, 0x01, 0x02,
    0x01, 0x01, 0x04, 0x01, 0x06, 0x06, 0x06, 0x04, 0x04, 0x01, 0x01, 0x02, 0x05, 0x05, 0x01, 0x01, 0x04, 0x02, 0x04, 0x04, 0x02, 0x01, 0x01, 0x05,
    0x09, 0x05, 0x05, 0x03, 0x05, 0x05, 0x0B, 0x05, 0x02, 0x02, 0x04, 0x06, 0x06, 0x01, 0x05, 0x03, 0x03, 0x02, 0x04, 0x01, 0x05, 0x03, 0x04, 0x02,
    0x02, 0x02, 0x03, 0x09, 0x03, 0x03, 0x03, 0x03, 0x02, 0x02, 0x03, 0x03, 0x09, 0x05, 0x03, 0x05, 0x03, 0x02, 0x01, 0x01, 0x03, 0x03, 0x03, 0x02,
    0x02, 0x02, 0x01, 0x02, 0x02, 0x05, 0x03, 0x03, 0x01, 0x04, 0x01, 0x02, 0x09, 0x05, 0x0B, 0x05, 0x05, 0x05, 0x03, 0x01, 0x02, 0x03, 0x02, 0x01,
    0x01, 0x03, 0x05, 0x0B, 0x0D, 0x0D, 0x0D, 0x03, 0x05, 0x01, 0x01, 0x02, 0x02, 0x02, 0x02, 0x03, 0x02, 0x02, 0x06, 0x06, 0x06, 0x06, 0x03, 0x03,
    0x02, 0x05, 0x03, 0x06, 0x01, 0x02, 0x03, 0x01, 0x04, 0x01, 0x05, 0x05, 0x03, 0x03, 0x02, 0x06, 0x04, 0x03, 0x05, 0x05, 0x02, 0x02, 0x01, 0x03,
    0x02, 0x03, 0x01, 0x05, 0x03, 0x05, 0x05, 0x01, 0x05, 0x05, 0x06, 0x01, 0x05, 0x02, 0x02, 0x02, 0x03, 0x05, 0x03, 0x01, 0x04, 0x01, 0x06, 0x03,
    0x05, 0x05, 0x0B, 0x0A, 0x0D, 0x05, 0x06, 0x06, 0x01, 0x05, 0x01, 0x04, 0x01, 0x01, 0x03, 0x06, 0x04, 0x02, 0x01, 0x02, 0x03, 0x03, 0x01, 0x02,
    0x02, 0x03, 0x05, 0x01, 0x01, 0x02, 0x06, 0x06, 0x06, 0x04, 0x04, 0x06, 0x06, 0x06, 0x04, 0x03, 0x05, 0x05, 0x01, 0x03, 0x03, 0x02, 0x06, 0x03,
    0x05, 0x02, 0x02, 0x01, 0x01, 0x02, 0x02, 0x02, 0x03, 0x03, 0x01, 0x01, 0x04, 0x06, 0x06, 0x01, 0x05, 0x03, 0x03, 0x0B, 0x05, 0x01, 0x01, 0x01,
    0x02, 0x0B, 0x03, 0x05, 0x05, 0x03, 0x02, 0x05, 0x05, 0x05, 0x03, 0x03, 0x02, 0x02, 0x02, 0x02, 0x03, 0x02, 0x02, 0x01, 0x02, 0x05, 0x05, 0x05,
    0x05, 0x04, 0x06, 0x01, 0x02, 0x02, 0x02, 0x02, 0x02, 0x02, 0x02, 0x01, 0x06, 0x04, 0x01, 0x01, 0x05, 0x03, 0x03, 0x05, 0x05, 0x02, 0x06, 0x06,
    0x01, 0x01, 0x06, 0x01, 0x02, 0x03, 0x05, 0x03, 0x05, 0x05, 0x09, 0x03, 0x01, 0x06, 0x04, 0x01, 0x01, 0x01, 0x01, 0x01, 0x02, 0x01, 0x06, 0x06,
    0x06, 0x01, 0x02, 0x02, 0x02, 0x02, 0x02, 0x02, 0x06, 0x01, 0x02, 0x02, 0x02, 0x02, 0x03, 0x03, 0x02, 0x02, 0x03, 0x0C, 0x05, 0x03, 0x05, 0x0C,
    0x0B, 0x02, 0x02, 0x03, 0x02, 0x03, 0x05, 0x03, 0x02, 0x02, 0x01, 0x05, 0x0B, 0x0C, 0x01, 0x06, 0x04, 0x03, 0x02, 0x02, 0x03, 0x02, 0x02, 0x01,
    0x04, 0x04, 0x02, 0x03, 0x03, 0x01, 0x03, 0x05, 0x0B, 0x0D, 0x0C, 0x0C, 0x0A, 0x11, 0x09, 0x01, 0x01, 0x01, 0x01, 0x01, 0x06, 0x04, 0x02, 0x02,
    0x03, 0x03, 0x01, 0x01, 0x01, 0x03, 0x05, 0x03, 0x06, 0x06, 0x06, 0x06, 0x04, 0x01, 0x01, 0x01, 0x04, 0x01, 0x02, 0x02, 0x03, 0x05, 0x03, 0x09,
    0x05, 0x02, 0x01, 0x02, 0x02, 0x01, 0x03, 0x02, 0x02, 0x03, 0x02, 0x01, 0x01, 0x01, 0x02, 0x02, 0x03, 0x03, 0x02, 0x03, 0x03, 0x05, 0x01, 0x01,
    0x04, 0x01, 0x02, 0x04, 0x06, 0x06, 0x04, 0x01, 0x02, 0x02, 0x01, 0x02, 0x03, 0x05, 0x05, 0x09, 0x02, 0x01, 0x04, 0x04, 0x06, 0x02, 0x03, 0x02,
    0x02, 0x02, 0x02, 0x01, 0x04, 0x02, 0x02, 0x01, 0x01, 0x06, 0x06, 0x06, 0x02, 0x01, 0x04, 0x03, 0x05, 0x02, 0x02, 0x01, 0x02, 0x02, 0x02, 0x03,
    0x02, 0x02, 0x05, 0x03, 0x06, 0x04, 0x0C, 0x05, 0x05, 0x0B, 0x03, 0x05, 0x05, 0x05, 0x05, 0x05, 0x03, 0x03, 0x02, 0x04, 0x01, 0x01, 0x02, 0x02,
    0x01, 0x01, 0x04, 0x01, 0x03, 0x04, 0x03, 0x03, 0x02, 0x04, 0x04, 0x04, 0x06, 0x06, 0x06, 0x02, 0x02, 0x01, 0x02, 0x05, 0x03, 0x01, 0x09, 0x0D,
    0x0D, 0x01, 0x06, 0x01, 0x05, 0x06, 0x02, 0x04, 0x06, 0x02, 0x03, 0x02, 0x01, 0x04, 0x01, 0x01, 0x01, 0x05, 0x03, 0x06, 0x06, 0x04, 0x01, 0x03,
    0x02, 0x02, 0x04, 0x02, 0x05, 0x02, 0x06, 0x04, 0x02, 0x02, 0x01, 0x02, 0x02, 0x05, 0x0B, 0x0C, 0x0F, 0x09, 0x02, 0x04, 0x06, 0x06, 0x01, 0x02,
    0x01, 0x01, 0x05, 0x03, 0x01, 0x06, 0x06, 0x06, 0x01, 0x04, 0x01, 0x01, 0x04, 0x06, 0x01, 0x01, 0x01, 0x01, 0x01, 0x01, 0x04, 0x02, 0x03, 0x05,
    0x05, 0x01, 0x01, 0x01, 0x02, 0x03, 0x02, 0x02, 0x06, 0x02, 0x01, 0x01, 0x02, 0x01, 0x02, 0x02, 0x06, 0x01, 0x03, 0x05, 0x03, 0x01, 0x01, 0x01,
    0x05, 0x05, 0x01, 0x04, 0x01, 0x02, 0x02, 0x01, 0x03, 0x01, 0x03, 0x05, 0x05, 0x03, 0x01, 0x01, 0x02, 0x03, 0x02, 0x02, 0x02, 0x02, 0x01, 0x01,
    0x02, 0x04, 0x06, 0x06, 0x06, 0x01, 0x01, 0x01, 0x03, 0x05, 0x02, 0x02, 0x01, 0x02, 0x01, 0x01, 0x01, 0x02, 0x02, 0x01, 0x02, 0x03, 0x01, 0x01,
    0x01, 0x06, 0x01, 0x06, 0x04, 0x03, 0x05, 0x09, 0x09, 0x05, 0x05, 0x05, 0x05, 0x05, 0x09, 0x05, 0x05, 0x02, 0x03, 0x03, 0x05, 0x02, 0x01, 0x02,
    0x03, 0x02, 0x01, 0x02, 0x02, 0x02, 0x03, 0x02, 0x02, 0x04, 0x01, 0x01, 0x03, 0x01, 0x01, 0x01, 0x03, 0x06, 0x06, 0x01, 0x03, 0x0B, 0x0B, 0x0B,
    0x02, 0x02, 0x02, 0x02, 0x03, 0x0B, 0x0B, 0x06, 0x06, 0x06, 0x06, 0x06, 0x06, 0x06, 0x01, 0x04, 0x06, 0x06, 0x01, 0x02, 0x02, 0x05, 0x05, 0x03,
    0x06, 0x06, 0x06, 0x04, 0x06, 0x06, 0x06, 0x01, 0x01, 0x04, 0x01, 0x04, 0x04, 0x04, 0x01, 0x04, 0x01, 0x01, 0x02, 0x03, 0x02, 0x02, 0x06, 0x04,
    0x03, 0x02, 0x02, 0x01, 0x02, 0x05, 0x01, 0x01, 0x01, 0x01, 0x01, 0x06, 0x06, 0x01, 0x04, 0x01, 0x06, 0x06, 0x01, 0x02, 0x04, 0x04, 0x01, 0x01,
    0x01, 0x02, 0x02, 0x01, 0x01, 0x06, 0x06, 0x06, 0x06, 0x01, 0x01, 0x01, 0x04, 0x02, 0x02, 0x02, 0x02, 0x02, 0x02, 0x01, 0x01, 0x02, 0x03, 0x02,
    0x02, 0x02, 0x01, 0x01, 0x03, 0x03, 0x01, 0x01, 0x01, 0x04, 0x04, 0x01, 0x04, 0x01, 0x02, 0x05, 0x05, 0x01, 0x01, 0x04, 0x01, 0x06, 0x06, 0x01,
    0x04, 0x03, 0x05, 0x02, 0x02, 0x01, 0x04, 0x01, 0x04, 0x01, 0x01, 0x01, 0x02, 0x03, 0x03, 0x02, 0x03, 0x02, 0x03, 0x05, 0x02, 0x02, 0x03, 0x02,
    0x01, 0x01, 0x04, 0x04, 0x04, 0x01, 0x01, 0x04, 0x06, 0x06, 0x01, 0x03, 0x0B, 0x0B, 0x04, 0x01, 0x03, 0x02, 0x03, 0x03, 0x03, 0x03, 0x02, 0x02,
    0x02, 0x03, 0x01, 0x01, 0x02, 0x02, 0x01, 0x01, 0x01, 0x02, 0x03, 0x02, 0x01, 0x01, 0x02, 0x05, 0x02, 0x0B, 0x0C, 0x05, 0x02, 0x02, 0x04, 0x06,
    0x04, 0x02, 0x03, 0x03, 0x03, 0x03, 0x03, 0x06, 0x06, 0x01, 0x02, 0x03, 0x06, 0x03, 0x02, 0x01, 0x06, 0x06, 0x06, 0x06, 0x06, 0x06, 0x04, 0x02,
    0x02, 0x02, 0x05, 0x0B, 0x0C, 0x04, 0x06, 0x06, 0x06, 0x01, 0x02, 0x04, 0x04, 0x02, 0x02, 0x01, 0x04, 0x01, 0x04, 0x06, 0x01, 0x01, 0x06, 0x06,
    0x04, 0x01, 0x03, 0x02, 0x04, 0x02, 0x01, 0x02, 0x02, 0x01, 0x04, 0x04, 0x04, 0x01, 0x01, 0x01, 0x02, 0x01, 0x01, 0x03, 0x01, 0x03, 0x01, 0x06,
    0x06, 0x04, 0x06, 0x04, 0x04, 0x01, 0x01, 0x06, 0x06, 0x01, 0x01, 0x02, 0x02, 0x02, 0x01, 0x01, 0x01, 0x04, 0x03, 0x02, 0x02, 0x02, 0x03, 0x01,
    0x01, 0x03, 0x02, 0x03, 0x03, 0x03, 0x05, 0x05, 0x02, 0x01, 0x01, 0x04, 0x06, 0x04, 0x01, 0x02, 0x04, 0x06, 0x04, 0x01, 0x04, 0x02, 0x03, 0x03,
    0x01, 0x03, 0x03, 0x01, 0x06, 0x01, 0x03, 0x02, 0x01, 0x02, 0x03, 0x02, 0x01, 0x02, 0x03, 0x02, 0x02, 0x03, 0x03, 0x02, 0x01, 0x02, 0x01, 0x02,
    0x03, 0x03, 0x01, 0x03, 0x04, 0x04, 0x04, 0x04, 0x01, 0x01, 0x06, 0x04, 0x06, 0x06, 0x06, 0x02, 0x0C, 0x05, 0x05, 0x09, 0x02, 0x01, 0x01, 0x03,
    0x03, 0x03, 0x02, 0x01, 0x02, 0x03, 0x02, 0x04, 0x01, 0x02, 0x02, 0x01, 0x01, 0x02, 0x05, 0x05, 0x02, 0x03, 0x05, 0x0F, 0x0E, 0x0F, 0x0B, 0x0D,
    0x09, 0x05, 0x01, 0x01, 0x01, 0x03, 0x02, 0x01, 0x02, 0x02, 0x03, 0x05, 0x05, 0x04, 0x04, 0x02, 0x09, 0x0B, 0x0E, 0x0C, 0x03, 0x03, 0x02, 0x01,
    0x01, 0x01, 0x01, 0x01, 0x03, 0x02, 0x02, 0x03, 0x05, 0x01, 0x02, 0x06, 0x06, 0x06, 0x02, 0x05, 0x02, 0x05, 0x03, 0x02, 0x02, 0x03, 0x02, 0x04,
    0x01, 0x01, 0x02, 0x03, 0x01, 0x01, 0x06, 0x02, 0x06, 0x04, 0x01, 0x04, 0x06, 0x01, 0x04, 0x04, 0x04, 0x04, 0x01, 0x01, 0x02, 0x02, 0x01, 0x04,
    0x02, 0x06, 0x04, 0x06, 0x06, 0x06, 0x06, 0x01, 0x04, 0x01, 0x02, 0x04, 0x04, 0x01, 0x02, 0x03, 0x03, 0x01, 0x02, 0x04, 0x04, 0x01, 0x03, 0x03,
    0x05, 0x02, 0x06, 0x06, 0x06, 0x01, 0x03, 0x02, 0x02, 0x03, 0x05, 0x02, 0x02, 0x02, 0x01, 0x04, 0x06, 0x02, 0x02, 0x02, 0x03, 0x09, 0x03, 0x06,
    0x04, 0x01, 0x01, 0x04, 0x03, 0x05, 0x02, 0x02, 0x01, 0x01, 0x04, 0x02, 0x02, 0x02, 0x02, 0x01, 0x01, 0x06, 0x01, 0x02, 0x02, 0x01, 0x06, 0x06,
    0x01, 0x03, 0x02, 0x01, 0x04, 0x01, 0x03, 0x04, 0x04, 0x04, 0x04, 0x06, 0x04, 0x01, 0x04, 0x04, 0x01, 0x02, 0x03, 0x09, 0x05, 0x03, 0x03, 0x03,
    0x03, 0x03, 0x02, 0x02, 0x01, 0x02, 0x03, 0x02, 0x02, 0x05, 0x02, 0x04, 0x04, 0x01, 0x01, 0x01, 0x01, 0x03, 0x05, 0x02, 0x05, 0x0D, 0x0A, 0x0D,
    0x0B, 0x05, 0x0C, 0x0F, 0x0D, 0x0D, 0x05, 0x01, 0x02, 0x01, 0x06, 0x01, 0x03, 0x03, 0x02, 0x01, 0x02, 0x05, 0x0B, 0x03, 0x04, 0x02, 0x05, 0x0B,
    0x03, 0x02, 0x01, 0x01, 0x02, 0x03, 0x03, 0x03, 0x02, 0x02, 0x02, 0x03, 0x02, 0x05, 0x02, 0x06, 0x06, 0x04, 0x06, 0x01, 0x02, 0x02, 0x03, 0x03,
    0x02, 0x02, 0x02, 0x01, 0x06, 0x04, 0x01, 0x03, 0x01, 0x02, 0x03, 0x03, 0x03, 0x01, 0x06, 0x02, 0x03, 0x06, 0x04, 0x03, 0x02, 0x06, 0x06, 0x06,
    0x06, 0x06, 0x04, 0x04, 0x01, 0x02, 0x04, 0x03, 0x01, 0x06, 0x06, 0x06, 0x04, 0x04, 0x04, 0x01, 0x02, 0x02, 0x01, 0x01, 0x02, 0x01, 0x06, 0x06,
    0x01, 0x02, 0x05, 0x02, 0x01, 0x01, 0x02, 0x05, 0x03, 0x02, 0x03, 0x02, 0x01, 0x02, 0x01, 0x01, 0x04, 0x04, 0x04, 0x01, 0x03, 0x03, 0x03, 0x04,
    0x01, 0x04, 0x01, 0x01, 0x01, 0x02, 0x04, 0x04, 0x04, 0x01, 0x03, 0x02, 0x03, 0x02, 0x02, 0x02, 0x02, 0x02, 0x02, 0x02, 0x02, 0x03, 0x02, 0x04,
    0x0B, 0x05, 0x03, 0x03, 0x03, 0x03, 0x02, 0x03, 0x01, 0x01, 0x01, 0x01, 0x06, 0x04, 0x01, 0x05, 0x02, 0x04, 0x04, 0x04, 0x03, 0x05, 0x0C, 0x05,
    0x02, 0x03, 0x03, 0x03, 0x03, 0x03, 0x05, 0x02, 0x02, 0x02, 0x02, 0x01, 0x02, 0x01, 0x01, 0x04, 0x01, 0x01, 0x01, 0x02, 0x02, 0x05, 0x05, 0x03,
    0x02, 0x0B, 0x0B, 0x09, 0x02, 0x02, 0x03, 0x0B, 0x0F, 0x0D, 0x05, 0x01, 0x01, 0x06, 0x01, 0x06, 0x06, 0x06, 0x04, 0x06, 0x04, 0x09, 0x02, 0x01,
    0x06, 0x06, 0x01, 0x05, 0x01, 0x02, 0x02, 0x01, 0x04, 0x06, 0x06, 0x06, 0x04, 0x02, 0x05, 0x03, 0x02, 0x05, 0x01, 0x02, 0x03, 0x04, 0x06, 0x06,
    0x01, 0x01, 0x01, 0x06, 0x06, 0x06, 0x01, 0x01, 0x04, 0x04, 0x01, 0x01, 0x02, 0x01, 0x04, 0x05, 0x05, 0x02, 0x06, 0x01, 0x05, 0x05, 0x05, 0x03,
    0x01, 0x06, 0x06, 0x02, 0x03, 0x02, 0x01, 0x01, 0x01, 0x01, 0x01, 0x02, 0x05, 0x04, 0x06, 0x06, 0x06, 0x06, 0x06, 0x06, 0x04, 0x01, 0x01, 0x01,
    0x04, 0x06, 0x01, 0x04, 0x04, 0x02, 0x02, 0x01, 0x01, 0x03, 0x05, 0x03, 0x05, 0x03, 0x01, 0x02, 0x01, 0x04, 0x06, 0x06, 0x06, 0x06, 0x06, 0x01,
    0x01, 0x02, 0x01, 0x01, 0x06, 0x04, 0x02, 0x05, 0x0B, 0x05, 0x03, 0x02, 0x06, 0x06, 0x01, 0x02, 0x03, 0x03, 0x03, 0x03, 0x03, 0x05, 0x02, 0x01,
    0x02, 0x02, 0x04, 0x01, 0x03, 0x02, 0x01, 0x01, 0x06, 0x04, 0x04, 0x04, 0x04, 0x04, 0x06, 0x04, 0x06, 0x04, 0x02, 0x01, 0x01, 0x02, 0x04, 0x02,
    0x01, 0x02, 0x01, 0x02, 0x03, 0x03, 0x03, 0x03, 0x05, 0x05, 0x05, 0x05, 0x05, 0x05, 0x03, 0x03, 0x01, 0x01, 0x02, 0x01, 0x02, 0x02, 0x03, 0x02,
    0x05, 0x0D, 0x0B, 0x02, 0x06, 0x06, 0x02, 0x03, 0x03, 0x02, 0x02, 0x02, 0x0B, 0x0B, 0x0C, 0x05, 0x01, 0x01, 0x06, 0x06, 0x06, 0x06, 0x06, 0x06,
    0x06, 0x06, 0x06, 0x06, 0x06, 0x06, 0x02, 0x03, 0x02, 0x06, 0x06, 0x06, 0x01, 0x01, 0x01, 0x01, 0x01, 0x06, 0x02, 0x02, 0x02, 0x02, 0x02, 0x06,
    0x04, 0x06, 0x06, 0x06, 0x06, 0x06, 0x06, 0x06, 0x06, 0x01, 0x06, 0x06, 0x01, 0x01, 0x04, 0x01, 0x06, 0x01, 0x03, 0x02, 0x02, 0x01, 0x01, 0x02,
    0x02, 0x02, 0x01, 0x01, 0x03, 0x03, 0x02, 0x01, 0x01, 0x02, 0x02, 0x01, 0x04, 0x04, 0x01, 0x02, 0x02, 0x01, 0x02, 0x03, 0x01, 0x03, 0x04, 0x06,
    0x06, 0x06, 0x04, 0x01, 0x01, 0x01, 0x01, 0x02, 0x01, 0x06, 0x04, 0x04, 0x01, 0x01, 0x03, 0x05, 0x02, 0x01, 0x01, 0x04, 0x06, 0x06, 0x06, 0x06,
    0x06, 0x06, 0x04, 0x04, 0x04, 0x04, 0x01, 0x05, 0x02, 0x04, 0x02, 0x02, 0x03, 0x02, 0x01, 0x01, 0x05, 0x01, 0x04, 0x04, 0x02, 0x05, 0x02, 0x02,
    0x0B, 0x09, 0x03, 0x01, 0x02, 0x02, 0x01, 0x02, 0x03, 0x04, 0x06, 0x04, 0x01, 0x01, 0x06, 0x06, 0x06, 0x06, 0x06, 0x04, 0x02, 0x01, 0x03, 0x05,
    0x01, 0x02, 0x01, 0x02, 0x02, 0x01, 0x03, 0x03, 0x03, 0x03, 0x03, 0x05, 0x05, 0x05, 0x03, 0x0B, 0x0B, 0x03, 0x03, 0x0B, 0x0B, 0x05, 0x05, 0x05,
    0x02, 0x02, 0x03, 0x03, 0x05, 0x0D, 0x02, 0x05, 0x03, 0x06, 0x06, 0x06, 0x06, 0x06, 0x01, 0x02, 0x02, 0x0B, 0x0E, 0x0D, 0x0B, 0x0C, 0x0D, 0x0A,
    0x03, 0x06, 0x01, 0x06, 0x06, 0x06, 0x06, 0x06, 0x06, 0x01, 0x03, 0x05, 0x05, 0x01, 0x06, 0x06, 0x06, 0x06, 0x01, 0x01, 0x02, 0x02, 0x04, 0x02,
    0x03, 0x02, 0x02, 0x04, 0x04, 0x02, 0x01, 0x06, 0x04, 0x03, 0x0B, 0x03, 0x06, 0x06, 0x04, 0x01, 0x01, 0x02, 0x04, 0x01, 0x06, 0x06, 0x01, 0x02,
    0x04, 0x03, 0x02, 0x01, 0x06, 0x01, 0x04, 0x01, 0x01, 0x01, 0x02, 0x04, 0x01, 0x01, 0x02, 0x01, 0x06, 0x06, 0x01, 0x04, 0x02, 0x02, 0x02, 0x02,
    0x01, 0x01, 0x02, 0x02, 0x02, 0x01, 0x02, 0x03, 0x01, 0x01, 0x04, 0x01, 0x06, 0x06, 0x06, 0x01, 0x01, 0x01, 0x01, 0x01, 0x01, 0x04, 0x01, 0x04,
    0x06, 0x01, 0x04, 0x06, 0x04, 0x06, 0x06, 0x06, 0x01, 0x04, 0x01, 0x01, 0x03, 0x02, 0x02, 0x03, 0x01, 0x04, 0x04, 0x02, 0x05, 0x05, 0x03, 0x01,
    0x04, 0x02, 0x03, 0x03, 0x04, 0x01, 0x02, 0x03, 0x03, 0x02, 0x03, 0x05, 0x01, 0x02, 0x03, 0x03, 0x02, 0x01, 0x03, 0x01, 0x04, 0x01, 0x06, 0x06,
    0x02, 0x02, 0x01, 0x02, 0x02, 0x02, 0x03, 0x02, 0x06, 0x01, 0x02, 0x02, 0x02, 0x03, 0x03, 0x03, 0x03, 0x03, 0x05, 0x03, 0x05, 0x03, 0x03, 0x05,
    0x0B, 0x0B, 0x0D, 0x0A, 0x0D, 0x0B, 0x0B, 0x05, 0x06, 0x04, 0x06, 0x02, 0x02, 0x03, 0x02, 0x06, 0x06, 0x07, 0x06, 0x06, 0x06, 0x01, 0x05, 0x05,
    0x0B, 0x0B, 0x05, 0x0F, 0x09, 0x0B, 0x02, 0x05, 0x09, 0x03, 0x01, 0x03, 0x0D, 0x05, 0x03, 0x01, 0x05, 0x11, 0x0E, 0x01, 0x05, 0x01, 0x06, 0x04,
    0x01, 0x02, 0x01, 0x02, 0x03, 0x09, 0x0C, 0x05, 0x06, 0x01, 0x02, 0x01, 0x06, 0x02, 0x03, 0x02, 0x06, 0x06, 0x01, 0x06, 0x06, 0x06, 0x01, 0x06,
    0x01, 0x01, 0x02, 0x03, 0x05, 0x03, 0x05, 0x04, 0x01, 0x02, 0x01, 0x06, 0x06, 0x01, 0x02, 0x04, 0x06, 0x01, 0x01, 0x06, 0x01, 0x06, 0x06, 0x01,
    0x05, 0x03, 0x01, 0x01, 0x06, 0x01, 0x01, 0x04, 0x01, 0x04, 0x01, 0x02, 0x01, 0x01, 0x04, 0x06, 0x01, 0x06, 0x06, 0x01, 0x01, 0x06, 0x06, 0x06,
    0x04, 0x01, 0x04, 0x04, 0x01, 0x04, 0x06, 0x06, 0x06, 0x06, 0x06, 0x06, 0x06, 0x01, 0x06, 0x06, 0x04, 0x01, 0x01, 0x02, 0x02, 0x02, 0x02, 0x01,
    0x03, 0x03, 0x02, 0x03, 0x05, 0x05, 0x05, 0x02, 0x01, 0x01, 0x03, 0x03, 0x02, 0x03, 0x05, 0x05, 0x02, 0x01, 0x04, 0x01, 0x01, 0x04, 0x01, 0x01,
    0x01, 0x02, 0x03, 0x02, 0x01, 0x02, 0x02, 0x02, 0x02, 0x06, 0x02, 0x02, 0x03, 0x02, 0x02, 0x01, 0x02, 0x03, 0x03, 0x05, 0x05, 0x05, 0x09, 0x03,
    0x02, 0x03, 0x09, 0x05, 0x05, 0x03, 0x05, 0x0D, 0x0F, 0x0B, 0x05, 0x03, 0x06, 0x04, 0x09, 0x09, 0x02, 0x05, 0x03, 0x01, 0x01, 0x06, 0x04, 0x04,
    0x01, 0x06, 0x06, 0x02, 0x02, 0x01, 0x01, 0x01, 0x03, 0x09, 0x09, 0x09, 0x09, 0x0A, 0x11, 0x0F, 0x0D, 0x03, 0x01, 0x01, 0x05, 0x0D, 0x0F, 0x12,
    0x13, 0x0D, 0x05, 0x06, 0x01, 0x03, 0x01, 0x02, 0x02, 0x01, 0x03, 0x0B, 0x01, 0x06, 0x02, 0x02, 0x06, 0x04, 0x02, 0x05, 0x09, 0x03, 0x03, 0x03,
    0x05, 0x01, 0x06, 0x01, 0x01, 0x01, 0x03, 0x03, 0x02, 0x02, 0x0B, 0x09, 0x03, 0x02, 0x02, 0x04, 0x04, 0x01, 0x01, 0x04, 0x04, 0x01, 0x01, 0x02,
    0x06, 0x06, 0x06, 0x01, 0x05, 0x01, 0x02, 0x04, 0x02, 0x02, 0x01, 0x04, 0x01, 0x02, 0x01, 0x04, 0x04, 0x04, 0x04, 0x01, 0x01, 0x03, 0x06, 0x01,
    0x04, 0x06, 0x01, 0x01, 0x04, 0x04, 0x06, 0x01, 0x01, 0x04, 0x01, 0x06, 0x06, 0x06, 0x04, 0x06, 0x06, 0x06, 0x06, 0x06, 0x01, 0x03, 0x05, 0x02,
    0x03, 0x05, 0x02, 0x01, 0x02, 0x01, 0x02, 0x06, 0x01, 0x02, 0x03, 0x02, 0x01, 0x02, 0x02, 0x02, 0x02, 0x05, 0x05, 0x0B, 0x06, 0x06, 0x01, 0x01,
    0x03, 0x03, 0x02, 0x02, 0x01, 0x03, 0x05, 0x02, 0x02, 0x01, 0x02, 0x04, 0x02, 0x02, 0x01, 0x05, 0x05, 0x05, 0x05, 0x01, 0x01, 0x02, 0x03, 0x03,
    0x05, 0x05, 0x03, 0x02, 0x02, 0x03, 0x02, 0x02, 0x03, 0x02, 0x02, 0x03, 0x0B, 0x0B, 0x03, 0x01, 0x05, 0x05, 0x09, 0x05, 0x09, 0x02, 0x01, 0x03,
    0x03, 0x0B, 0x05, 0x05, 0x01, 0x02, 0x01, 0x06, 0x04, 0x02, 0x04, 0x01, 0x06, 0x04, 0x01, 0x05, 0x0B, 0x0B, 0x0B, 0x0B, 0x01, 0x02, 0x02, 0x01,
    0x06, 0x01, 0x02, 0x05, 0x0D, 0x0C, 0x05, 0x05, 0x02, 0x06, 0x03, 0x01, 0x04, 0x01, 0x02, 0x05, 0x0F, 0x0D, 0x0B, 0x0B, 0x0D, 0x0C, 0x02, 0x05,
    0x0C, 0x0A, 0x11, 0x0C, 0x05, 0x01, 0x01, 0x06, 0x01, 0x06, 0x09, 0x05, 0x03, 0x03, 0x05, 0x05, 0x03, 0x05, 0x03, 0x03, 0x03, 0x02, 0x04, 0x01,
    0x02, 0x04, 0x01, 0x01, 0x06, 0x06, 0x06, 0x01, 0x03, 0x02, 0x01, 0x01, 0x02, 0x03, 0x02, 0x06, 0x01, 0x03, 0x02, 0x01, 0x04, 0x01, 0x01, 0x05,
    0x02, 0x04, 0x03, 0x03, 0x02, 0x02, 0x06, 0x06, 0x06, 0x06, 0x06, 0x04, 0x01, 0x01, 0x06, 0x04, 0x06, 0x06, 0x06, 0x01, 0x06, 0x04, 0x04, 0x01,
    0x06, 0x06, 0x01, 0x02, 0x01, 0x01, 0x02, 0x03, 0x03, 0x02, 0x04, 0x01, 0x02, 0x04, 0x01, 0x04, 0x02, 0x04, 0x06, 0x06, 0x04, 0x05, 0x05, 0x05,
    0x06, 0x04, 0x02, 0x02, 0x03, 0x03, 0x02, 0x01, 0x01, 0x01, 0x02, 0x01, 0x06, 0x02, 0x02, 0x01, 0x01, 0x02, 0x02, 0x02, 0x02, 0x05, 0x09, 0x05,
    0x05, 0x02, 0x02, 0x05, 0x03, 0x03, 0x03, 0x02, 0x01, 0x01, 0x02, 0x02, 0x01, 0x03, 0x03, 0x03, 0x05, 0x09, 0x0D, 0x0A, 0x0A, 0x0D, 0x05, 0x01,
    0x03, 0x03, 0x03, 0x01, 0x02, 0x09, 0x05, 0x05, 0x02, 0x04, 0x03, 0x03, 0x02, 0x02, 0x02, 0x02, 0x02, 0x02, 0x05, 0x02, 0x03, 0x03, 0x02, 0x04,
    0x02, 0x01, 0x06, 0x01, 0x06, 0x06, 0x06, 0x06, 0x01, 0x05, 0x0B, 0x0B, 0x0B, 0x01, 0x01, 0x01, 0x01, 0x02, 0x02, 0x03, 0x05, 0x0C, 0x0C, 0x0D,
    0x09, 0x05, 0x01, 0x03, 0x03, 0x05, 0x05, 0x03, 0x02, 0x01, 0x01, 0x02, 0x02, 0x04, 0x02, 0x05, 0x05, 0x03, 0x02, 0x02, 0x01, 0x02, 0x02, 0x02,
    0x04, 0x06, 0x06, 0x01, 0x01, 0x02, 0x04, 0x01, 0x02, 0x06, 0x06, 0x06, 0x02, 0x01, 0x01, 0x02, 0x02, 0x02, 0x02, 0x03, 0x03, 0x01, 0x02, 0x01,
    0x01, 0x02, 0x06, 0x06, 0x02, 0x04, 0x02, 0x04, 0x02, 0x03, 0x05, 0x01, 0x04, 0x01, 0x06, 0x01, 0x06, 0x04, 0x04, 0x06, 0x06, 0x06, 0x01, 0x02,
    0x04, 0x04, 0x04, 0x01, 0x02, 0x01, 0x06, 0x06, 0x06, 0x06, 0x02, 0x02, 0x03, 0x03, 0x01, 0x01, 0x06, 0x05, 0x02, 0x09, 0x02, 0x01, 0x01, 0x02,
    0x05, 0x05, 0x02, 0x01, 0x01, 0x01, 0x01, 0x01, 0x01, 0x01, 0x01, 0x01, 0x02, 0x01, 0x04, 0x04, 0x02, 0x01, 0x04, 0x04, 0x01, 0x02, 0x02, 0x02,
    0x03, 0x03, 0x03, 0x02, 0x01, 0x03, 0x02, 0x03, 0x02, 0x04, 0x06, 0x06, 0x06, 0x01, 0x01, 0x02, 0x02, 0x05, 0x05, 0x03, 0x03, 0x05, 0x0C, 0x0C,
    0x0B, 0x03, 0x01, 0x02, 0x01, 0x02, 0x01, 0x02, 0x03, 0x02, 0x02, 0x01, 0x01, 0x01, 0x02, 0x02, 0x03, 0x03, 0x03, 0x02, 0x02, 0x05, 0x01, 0x02,
    0x02, 0x02, 0x02, 0x02, 0x05, 0x02, 0x04, 0x02, 0x05, 0x05, 0x01, 0x06, 0x04, 0x03, 0x05, 0x03, 0x05, 0x09, 0x02, 0x04, 0x01, 0x01, 0x02, 0x03,
    0x03, 0x03, 0x05, 0x0B, 0x05, 0x03, 0x01, 0x02, 0x03, 0x02, 0x02, 0x02, 0x02, 0x01, 0x04, 0x01, 0x01, 0x01, 0x04, 0x05, 0x05, 0x02, 0x01, 0x01,
    0x04, 0x04, 0x01, 0x01, 0x01, 0x01, 0x04, 0x01, 0x01, 0x01, 0x04, 0x01, 0x09, 0x03, 0x06, 0x06, 0x06, 0x01, 0x01, 0x02, 0x05, 0x03, 0x01, 0x01,
    0x02, 0x02, 0x02, 0x02, 0x01, 0x01, 0x04, 0x04, 0x02, 0x01, 0x04, 0x03, 0x02, 0x01, 0x02, 0x03, 0x05, 0x03, 0x02, 0x01, 0x01, 0x04, 0x06, 0x06,
    0x06, 0x06, 0x06, 0x01, 0x02, 0x01, 0x04, 0x04, 0x02, 0x05, 0x03, 0x03, 0x02, 0x03, 0x04, 0x04, 0x01, 0x02, 0x01, 0x02, 0x03, 0x05, 0x03, 0x03,
    0x03, 0x02, 0x01, 0x02, 0x02, 0x03, 0x03, 0x02, 0x01, 0x04, 0x04, 0x06, 0x06, 0x04, 0x02, 0x02, 0x09, 0x09, 0x04, 0x06, 0x01, 0x02, 0x01, 0x04,
    0x01, 0x02, 0x02, 0x04, 0x01, 0x02, 0x03, 0x05, 0x05, 0x03, 0x03, 0x01, 0x06, 0x01, 0x06, 0x03, 0x01, 0x01, 0x03, 0x02, 0x02, 0x03, 0x03, 0x03,
    0x01, 0x02, 0x02, 0x05, 0x03, 0x02, 0x01, 0x02, 0x01, 0x06, 0x01, 0x02, 0x02, 0x02, 0x01, 0x02, 0x04, 0x06, 0x06, 0x03, 0x05, 0x05, 0x05, 0x01,
    0x04, 0x02, 0x01, 0x01, 0x04, 0x02, 0x02, 0x05, 0x02, 0x05, 0x05, 0x05, 0x02, 0x02, 0x02, 0x03, 0x02, 0x03, 0x05, 0x03, 0x01, 0x01, 0x01, 0x04,
    0x01, 0x01, 0x04, 0x02, 0x02, 0x02, 0x03, 0x02, 0x01, 0x04, 0x01, 0x01, 0x02, 0x02, 0x02, 0x01, 0x01, 0x06, 0x06, 0x04, 0x01, 0x04, 0x01, 0x04,
    0x03, 0x04, 0x04, 0x04, 0x06, 0x06, 0x06, 0x01, 0x01, 0x03, 0x02, 0x01, 0x01, 0x01, 0x01, 0x02, 0x05, 0x03, 0x01, 0x04, 0x06, 0x03, 0x05, 0x01,
    0x06, 0x06, 0x04, 0x06, 0x04, 0x02, 0x03, 0x01, 0x04, 0x06, 0x04, 0x04, 0x01, 0x01, 0x01, 0x03, 0x02, 0x02, 0x02, 0x02, 0x03, 0x01, 0x02, 0x04,
    0x04, 0x01, 0x06, 0x04, 0x01, 0x06, 0x06, 0x06, 0x02, 0x03, 0x01, 0x01, 0x04, 0x04, 0x01, 0x02, 0x03, 0x01, 0x02, 0x02, 0x01, 0x02, 0x05, 0x03,
    0x06, 0x01, 0x06, 0x01, 0x05, 0x03, 0x03, 0x03, 0x01, 0x06, 0x04, 0x02, 0x01, 0x01, 0x01, 0x01, 0x06, 0x06, 0x06, 0x01, 0x02, 0x03, 0x03, 0x09,
    0x03, 0x04, 0x04, 0x01, 0x01, 0x04, 0x02, 0x02, 0x02, 0x01, 0x02, 0x03, 0x03, 0x03, 0x02, 0x02, 0x03, 0x03, 0x03, 0x02, 0x01, 0x02, 0x01, 0x02,
    0x02, 0x02, 0x02, 0x02, 0x04, 0x06, 0x06, 0x04, 0x02, 0x02, 0x01, 0x01, 0x04, 0x04, 0x01, 0x06, 0x06, 0x06, 0x04, 0x01, 0x06, 0x06, 0x06, 0x06,
    0x01, 0x01, 0x06, 0x01, 0x04, 0x06, 0x06, 0x04, 0x04, 0x04, 0x02, 0x02, 0x03, 0x02, 0x05, 0x05, 0x03, 0x02, 0x01, 0x05, 0x0C, 0x05, 0x01, 0x02,
    0x03, 0x01, 0x04, 0x01, 0x01, 0x02, 0x01, 0x04, 0x01, 0x04, 0x06, 0x04, 0x04, 0x01, 0x04, 0x02, 0x02, 0x02, 0x02, 0x01, 0x04, 0x01, 0x06, 0x01,
    0x01, 0x01, 0x06, 0x01, 0x05, 0x02, 0x03, 0x01, 0x01, 0x06, 0x06, 0x06, 0x01, 0x03, 0x03, 0x02, 0x01, 0x04, 0x06, 0x06, 0x01, 0x04, 0x05, 0x03,
    0x02, 0x03, 0x02, 0x01, 0x05, 0x01, 0x06, 0x06, 0x06, 0x04, 0x04, 0x01, 0x04, 0x04, 0x06, 0x06, 0x02, 0x04, 0x01, 0x01, 0x02, 0x02, 0x01, 0x01,
    0x04, 0x04, 0x01, 0x01, 0x04, 0x01, 0x01, 0x01, 0x03, 0x05, 0x02, 0x01, 0x06, 0x01, 0x03, 0x02, 0x01, 0x04, 0x06, 0x06, 0x01, 0x01, 0x02, 0x01,
    0x01, 0x01, 0x02, 0x02, 0x05, 0x01, 0x01, 0x01, 0x01, 0x02, 0x05, 0x09, 0x03, 0x02, 0x02, 0x01, 0x04, 0x01, 0x03, 0x04, 0x04, 0x04, 0x04, 0x02,
    0x02, 0x02, 0x05, 0x05, 0x03, 0x04, 0x06, 0x01, 0x01, 0x03, 0x03, 0x0B, 0x05, 0x03, 0x04, 0x04, 0x02, 0x03, 0x03, 0x03, 0x05, 0x03, 0x02, 0x02,
    0x01, 0x01, 0x04, 0x01, 0x02, 0x01, 0x01, 0x01, 0x01, 0x04, 0x04, 0x06, 0x06, 0x04, 0x02, 0x02, 0x01, 0x06, 0x01, 0x02, 0x01, 0x06, 0x06, 0x04,
    0x04, 0x01, 0x06, 0x06, 0x06, 0x06, 0x02, 0x01, 0x04, 0x04, 0x06, 0x06, 0x02, 0x06, 0x04, 0x04, 0x03, 0x05, 0x05, 0x05, 0x02, 0x01, 0x04, 0x01,
    0x02, 0x02, 0x01, 0x02, 0x03, 0x01, 0x02, 0x01, 0x02, 0x01, 0x01, 0x02, 0x01, 0x01, 0x03, 0x01, 0x01, 0x01, 0x05, 0x05, 0x02, 0x01, 0x02, 0x01,
    0x01, 0x01, 0x06, 0x02, 0x06, 0x03, 0x0B, 0x05, 0x02, 0x02, 0x04, 0x04, 0x01, 0x01, 0x01, 0x02, 0x02, 0x05, 0x05, 0x05, 0x02, 0x02, 0x04, 0x06,
    0x06, 0x06, 0x02, 0x09, 0x02, 0x06, 0x04, 0x02, 0x02, 0x04, 0x01, 0x06, 0x06, 0x04, 0x04, 0x01, 0x01, 0x02, 0x02, 0x01, 0x06, 0x01, 0x02, 0x01,
    0x06, 0x04, 0x01, 0x04, 0x04, 0x01, 0x01, 0x01, 0x02, 0x01, 0x02, 0x01, 0x02, 0x03, 0x03, 0x06, 0x04, 0x04, 0x04, 0x06, 0x01, 0x04, 0x01, 0x06,
    0x04, 0x02, 0x01, 0x01, 0x04, 0x04, 0x04, 0x01, 0x03, 0x05, 0x03, 0x01, 0x02, 0x02, 0x02, 0x05, 0x05, 0x03, 0x02, 0x03, 0x06, 0x04, 0x04, 0x01,
    0x01, 0x02, 0x02, 0x03, 0x03, 0x02, 0x03, 0x03, 0x01, 0x06, 0x04, 0x04, 0x02, 0x02, 0x01, 0x01, 0x01, 0x05, 0x05, 0x0C, 0x0B, 0x05, 0x03, 0x03,
    0x05, 0x0B, 0x03, 0x01, 0x02, 0x02, 0x04, 0x01, 0x01, 0x04, 0x06, 0x04, 0x06, 0x06, 0x04, 0x01, 0x04, 0x06, 0x02, 0x02, 0x01, 0x06, 0x01, 0x02,
    0x02, 0x02, 0x02, 0x06, 0x03, 0x05, 0x05, 0x09, 0x04, 0x06, 0x01, 0x05, 0x09, 0x04, 0x02, 0x02, 0x05, 0x05, 0x01, 0x04, 0x03, 0x02, 0x03, 0x05,
    0x05, 0x02, 0x06, 0x06, 0x06, 0x06, 0x06, 0x04, 0x04, 0x01, 0x02, 0x01, 0x02, 0x01, 0x01, 0x01, 0x01, 0x05, 0x05, 0x02, 0x02, 0x02, 0x01, 0x02,
    0x02, 0x02, 0x02, 0x01, 0x01, 0x01, 0x04, 0x05, 0x05, 0x0C, 0x0F, 0x0B, 0x02, 0x05, 0x03, 0x02, 0x04, 0x04, 0x05, 0x09, 0x05, 0x02, 0x01, 0x02,
    0x02, 0x03, 0x03, 0x01, 0x06, 0x06, 0x04, 0x04, 0x01, 0x01, 0x01, 0x01, 0x04, 0x06, 0x06, 0x01, 0x04, 0x01, 0x01, 0x02, 0x03, 0x03, 0x05, 0x05,
    0x05, 0x01, 0x06, 0x06, 0x04, 0x04, 0x01, 0x01, 0x01, 0x01, 0x01, 0x02, 0x02, 0x01, 0x02, 0x04, 0x01, 0x01, 0x05, 0x03, 0x03, 0x03, 0x03, 0x01,
    0x02, 0x02, 0x02, 0x01, 0x01, 0x04, 0x01, 0x04, 0x01, 0x01, 0x04, 0x01, 0x06, 0x02, 0x05, 0x01, 0x02, 0x03, 0x03, 0x09, 0x05, 0x09, 0x03, 0x02,
    0x06, 0x04, 0x04, 0x04, 0x04, 0x01, 0x01, 0x02, 0x02, 0x03, 0x05, 0x05, 0x02, 0x04, 0x04, 0x02, 0x02, 0x02, 0x04, 0x06, 0x06, 0x01, 0x05, 0x0B,
    0x03, 0x02, 0x03, 0x05, 0x03, 0x03, 0x09, 0x03, 0x01, 0x01, 0x02, 0x04, 0x01, 0x04, 0x06, 0x04, 0x03, 0x03, 0x02, 0x03, 0x03, 0x05, 0x05, 0x05,
    0x05, 0x0B, 0x03, 0x02, 0x03, 0x03, 0x05, 0x04, 0x03, 0x0E, 0x0E, 0x0D, 0x0B, 0x02, 0x04, 0x01, 0x03, 0x09, 0x05, 0x05, 0x03, 0x01, 0x04, 0x06,
    0x04, 0x02, 0x06, 0x04, 0x02, 0x02, 0x01, 0x02, 0x06, 0x06, 0x04, 0x01, 0x03, 0x04, 0x04, 0x02, 0x02, 0x02, 0x01, 0x01, 0x04, 0x01, 0x01, 0x04,
    0x04, 0x01, 0x01, 0x04, 0x04, 0x01, 0x02, 0x05, 0x09, 0x05, 0x0C, 0x0C, 0x0A, 0x10, 0x0D, 0x01, 0x06, 0x04, 0x04, 0x04, 0x06, 0x01, 0x05, 0x0B,
    0x0B, 0x0D, 0x0B, 0x05, 0x05, 0x03, 0x0B, 0x09, 0x02, 0x01, 0x06, 0x04, 0x01, 0x02, 0x02, 0x02, 0x06, 0x06, 0x06, 0x02, 0x03, 0x01, 0x03, 0x02,
    0x03, 0x03, 0x03, 0x05, 0x02, 0x01, 0x04, 0x06, 0x06, 0x06, 0x06, 0x01, 0x02, 0x02, 0x04, 0x01, 0x02, 0x05, 0x01, 0x04, 0x01, 0x02, 0x05, 0x0C,
    0x0B, 0x03, 0x02, 0x05, 0x03, 0x02, 0x05, 0x03, 0x01, 0x01, 0x03, 0x05, 0x01, 0x01, 0x01, 0x06, 0x01, 0x03, 0x06, 0x03, 0x09, 0x05, 0x02, 0x05,
    0x03, 0x01, 0x02, 0x02, 0x03, 0x02, 0x01, 0x01, 0x04, 0x06, 0x06, 0x01, 0x02, 0x02, 0x02, 0x02, 0x02, 0x01, 0x02, 0x01, 0x02, 0x02, 0x02, 0x03,
    0x01, 0x02, 0x03, 0x03, 0x03, 0x03, 0x05, 0x05, 0x03, 0x05, 0x05, 0x05, 0x01, 0x01, 0x01, 0x01, 0x01, 0x01, 0x01, 0x04, 0x04, 0x01, 0x09, 0x0B,
    0x0B, 0x05, 0x04, 0x02, 0x05, 0x03, 0x02, 0x02, 0x01, 0x01, 0x02, 0x02, 0x02, 0x03, 0x05, 0x05, 0x05, 0x03, 0x04, 0x04, 0x01, 0x03, 0x05, 0x01,
    0x01, 0x02, 0x02, 0x03, 0x06, 0x02, 0x02, 0x06, 0x06, 0x01, 0x02, 0x03, 0x01, 0x01, 0x05, 0x09, 0x02, 0x04, 0x01, 0x06, 0x06, 0x06, 0x06, 0x06,
    0x01, 0x05, 0x01, 0x04, 0x01, 0x04, 0x04, 0x01, 0x01, 0x01, 0x01, 0x02, 0x03, 0x05, 0x05, 0x05, 0x02, 0x02, 0x01, 0x03, 0x03, 0x01, 0x06, 0x01,
    0x0B, 0x0F, 0x0D, 0x0B, 0x03, 0x02, 0x01, 0x01, 0x01, 0x06, 0x06, 0x02, 0x03, 0x02, 0x03, 0x05, 0x02, 0x01, 0x02, 0x01, 0x01, 0x02, 0x05, 0x09,
    0x03, 0x05, 0x05, 0x05, 0x05, 0x05, 0x03, 0x03, 0x01, 0x01, 0x01, 0x01, 0x06, 0x06, 0x01, 0x03, 0x03, 0x02, 0x02, 0x01, 0x02, 0x02, 0x01, 0x03,
    0x03, 0x03, 0x01, 0x01, 0x05, 0x02, 0x03, 0x03, 0x05, 0x03, 0x02, 0x03, 0x02, 0x01, 0x06, 0x06, 0x01, 0x03, 0x05, 0x03, 0x02, 0x05, 0x02, 0x02,
    0x01, 0x02, 0x02, 0x01, 0x02, 0x02, 0x03, 0x03, 0x06, 0x04, 0x01, 0x09, 0x09, 0x09, 0x05, 0x01, 0x06, 0x01, 0x06, 0x01, 0x01, 0x02, 0x01, 0x03,
    0x01, 0x02, 0x03, 0x03, 0x05, 0x02, 0x02, 0x02, 0x03, 0x02, 0x03, 0x05, 0x05, 0x03, 0x03, 0x02, 0x01, 0x01, 0x02, 0x01, 0x02, 0x04, 0x04, 0x06,
    0x04, 0x01, 0x02, 0x02, 0x02, 0x02, 0x03, 0x02, 0x02, 0x03, 0x01, 0x01, 0x01, 0x06, 0x02, 0x02, 0x02, 0x06, 0x02, 0x0B, 0x0E, 0x03, 0x01, 0x01,
    0x01, 0x04, 0x01, 0x02, 0x01, 0x01, 0x03, 0x02, 0x02, 0x01, 0x01, 0x01, 0x01, 0x02, 0x01, 0x01, 0x01, 0x03, 0x03, 0x02, 0x05, 0x0D, 0x0B, 0x03,
    0x05, 0x0C, 0x05, 0x03, 0x03, 0x04, 0x02, 0x01, 0x02, 0x01, 0x01, 0x02, 0x01, 0x06, 0x06, 0x06, 0x04, 0x01, 0x01, 0x04, 0x01, 0x06, 0x06, 0x04,
    0x01, 0x05, 0x05, 0x03, 0x05, 0x0B, 0x0B, 0x03, 0x01, 0x02, 0x01, 0x01, 0x04, 0x06, 0x06, 0x06, 0x01, 0x02, 0x01, 0x01, 0x01, 0x03, 0x02, 0x04,
    0x04, 0x06, 0x01, 0x01, 0x05, 0x05, 0x01, 0x04, 0x06, 0x01, 0x04, 0x04, 0x01, 0x06, 0x02, 0x03, 0x01, 0x01, 0x03, 0x05, 0x05, 0x05, 0x01, 0x04,
    0x01, 0x01, 0x02, 0x01, 0x01, 0x01, 0x02, 0x01, 0x01, 0x02, 0x05, 0x02, 0x01, 0x01, 0x02, 0x01, 0x01, 0x04, 0x04, 0x01, 0x02, 0x02, 0x02, 0x02,
    0x03, 0x03, 0x02, 0x02, 0x01, 0x01, 0x04, 0x02, 0x01, 0x02, 0x06, 0x04, 0x02, 0x04, 0x01, 0x02, 0x02, 0x05, 0x0C, 0x0B, 0x03, 0x04, 0x04, 0x04,
    0x06, 0x06, 0x06, 0x06, 0x02, 0x03, 0x01, 0x01, 0x02, 0x02, 0x02, 0x02, 0x0B, 0x0B, 0x03, 0x03, 0x02, 0x02, 0x02, 0x02, 0x02, 0x01, 0x01, 0x01,
    0x04, 0x04, 0x01, 0x02, 0x03, 0x01, 0x04, 0x06, 0x01, 0x05, 0x09, 0x01, 0x02, 0x02, 0x02, 0x04, 0x06, 0x05, 0x01, 0x01, 0x06, 0x06, 0x03, 0x03,
    0x03, 0x02, 0x02, 0x02, 0x01, 0x02, 0x01, 0x01, 0x01, 0x01, 0x02, 0x02, 0x05, 0x01, 0x01, 0x03, 0x02, 0x01, 0x01, 0x02, 0x01, 0x01, 0x02, 0x02,
    0x03, 0x03, 0x05, 0x03, 0x05, 0x05, 0x0B, 0x02, 0x03, 0x02, 0x02, 0x01, 0x01, 0x02, 0x01, 0x01, 0x01, 0x01, 0x04, 0x06, 0x04, 0x04, 0x01, 0x02,
    0x06, 0x06, 0x01, 0x04, 0x06, 0x01, 0x04, 0x01, 0x01, 0x02, 0x01, 0x01, 0x01, 0x01, 0x01, 0x01, 0x04, 0x06, 0x04, 0x01, 0x01, 0x01, 0x01, 0x02,
    0x01, 0x01, 0x02, 0x03, 0x05, 0x09, 0x02, 0x01, 0x01, 0x04, 0x06, 0x04, 0x06, 0x06, 0x06, 0x06, 0x04, 0x02, 0x04, 0x01, 0x01, 0x03, 0x03, 0x05,
    0x02, 0x02, 0x02, 0x03, 0x03, 0x02, 0x02, 0x04, 0x06, 0x04, 0x01, 0x01, 0x01, 0x01, 0x01, 0x01, 0x01, 0x02, 0x01, 0x01, 0x06, 0x06, 0x01, 0x02,
    0x01, 0x02, 0x03, 0x03, 0x02, 0x02, 0x01, 0x02, 0x02, 0x04, 0x02, 0x01, 0x01, 0x01, 0x02, 0x05, 0x02, 0x02, 0x04, 0x01, 0x02, 0x02, 0x02, 0x03,
    0x03, 0x05, 0x05, 0x03, 0x03, 0x03, 0x05, 0x02, 0x01, 0x03, 0x04, 0x02, 0x01, 0x04, 0x04, 0x02, 0x02, 0x02, 0x02, 0x04, 0x01, 0x02, 0x02, 0x01,
    0x01, 0x02, 0x01, 0x06, 0x04, 0x04, 0x01, 0x01, 0x01, 0x01, 0x02, 0x04, 0x06, 0x06, 0x02, 0x01, 0x01, 0x01, 0x03, 0x05, 0x03, 0x02, 0x01, 0x04,
    0x05, 0x0A, 0x0A, 0x0B, 0x02, 0x03, 0x02, 0x03, 0x03, 0x02, 0x01, 0x06, 0x04, 0x04, 0x05, 0x01, 0x06, 0x03, 0x03, 0x03, 0x05, 0x05, 0x05, 0x02,
    0x02, 0x02, 0x02, 0x04, 0x04, 0x04, 0x02, 0x03, 0x02, 0x04, 0x01, 0x01, 0x06, 0x06, 0x04, 0x04, 0x02, 0x02, 0x02, 0x01, 0x01, 0x04, 0x06, 0x06,
    0x01, 0x01, 0x02, 0x01, 0x04, 0x06, 0x04, 0x01, 0x06, 0x01, 0x04, 0x04, 0x01, 0x01, 0x04, 0x04, 0x06, 0x06, 0x06, 0x06, 0x01, 0x02, 0x03, 0x02,
    0x06, 0x06, 0x04, 0x01, 0x01, 0x01, 0x02, 0x01, 0x04, 0x01, 0x01, 0x04, 0x01, 0x06, 0x06, 0x06, 0x06, 0x06, 0x06, 0x06, 0x01, 0x03, 0x01, 0x04,
    0x02, 0x05, 0x03, 0x02, 0x01, 0x02, 0x03, 0x03, 0x02, 0x01, 0x01, 0x02, 0x04, 0x04, 0x06, 0x01, 0x01, 0x01, 0x01, 0x01, 0x01, 0x02, 0x02, 0x01,
    0x06, 0x01, 0x04, 0x02, 0x03, 0x05, 0x02, 0x02, 0x01, 0x02, 0x01, 0x02, 0x01, 0x01, 0x01, 0x01, 0x02, 0x01, 0x01, 0x01, 0x04, 0x06, 0x06, 0x04,
    0x01, 0x02, 0x02, 0x02, 0x03, 0x03, 0x05, 0x05, 0x05, 0x0D, 0x03, 0x03, 0x01, 0x02, 0x02, 0x02, 0x01, 0x04, 0x01, 0x01, 0x02, 0x01, 0x06, 0x06,
    0x01, 0x03, 0x02, 0x02, 0x02, 0x01, 0x01, 0x04, 0x04, 0x06, 0x06, 0x06, 0x06, 0x04, 0x04, 0x04, 0x04, 0x01, 0x01, 0x04, 0x01, 0x02, 0x03, 0x05,
    0x0B, 0x03, 0x01, 0x02, 0x02, 0x03, 0x02, 0x03, 0x03, 0x05, 0x05, 0x03, 0x03, 0x05, 0x02, 0x01, 0x06, 0x01, 0x04, 0x03, 0x02, 0x02, 0x03, 0x02,
    0x01, 0x01, 0x01, 0x03, 0x05, 0x03, 0x01, 0x04, 0x04, 0x01, 0x02, 0x01, 0x01, 0x06, 0x01, 0x05, 0x02, 0x06, 0x06, 0x04, 0x04, 0x04, 0x01, 0x06,
    0x06, 0x04, 0x01, 0x02, 0x02, 0x03, 0x01, 0x01, 0x04, 0x06, 0x06, 0x06, 0x06, 0x01, 0x02, 0x02, 0x01, 0x04, 0x01, 0x04, 0x04, 0x06, 0x06, 0x04,
    0x04, 0x01, 0x01, 0x02, 0x06, 0x06, 0x04, 0x01, 0x01, 0x01, 0x02, 0x01, 0x04, 0x01, 0x01, 0x04, 0x01, 0x06, 0x06, 0x04, 0x06, 0x06, 0x04, 0x01,
    0x01, 0x01, 0x01, 0x01, 0x02, 0x01, 0x02, 0x02, 0x01, 0x01, 0x01, 0x01, 0x01, 0x01, 0x01, 0x04, 0x01, 0x01, 0x02, 0x01, 0x01, 0x02, 0x01, 0x01,
    0x01, 0x02, 0x03, 0x02, 0x05, 0x05, 0x05, 0x03, 0x03, 0x02, 0x01, 0x02, 0x01, 0x01, 0x01, 0x01, 0x01, 0x01, 0x06, 0x06, 0x01, 0x01, 0x02, 0x02,
    0x02, 0x01, 0x03, 0x05, 0x02, 0x01, 0x02, 0x03, 0x03, 0x02, 0x02, 0x02, 0x02, 0x03, 0x03, 0x02, 0x02, 0x03, 0x05, 0x05, 0x09, 0x02, 0x02, 0x01,
    0x04, 0x02, 0x03, 0x02, 0x01, 0x02, 0x02, 0x02, 0x05, 0x05, 0x03, 0x05, 0x02, 0x03, 0x01, 0x01, 0x04, 0x04, 0x01, 0x01, 0x04, 0x01, 0x04, 0x04,
    0x02, 0x02, 0x03, 0x03, 0x01, 0x03, 0x03, 0x05, 0x05, 0x01, 0x04, 0x02, 0x05, 0x05, 0x03, 0x02, 0x02, 0x02, 0x01, 0x01, 0x02, 0x01, 0x02, 0x02,
    0x05, 0x03, 0x02, 0x01, 0x06, 0x06, 0x01, 0x02, 0x01, 0x04, 0x01, 0x01, 0x01, 0x01, 0x02, 0x02, 0x03, 0x02, 0x02, 0x02, 0x09, 0x0B, 0x02, 0x02,
    0x01, 0x02, 0x02, 0x01, 0x04, 0x04, 0x02, 0x01, 0x02, 0x01, 0x04, 0x01, 0x04, 0x06, 0x01, 0x02, 0x02, 0x02, 0x02, 0x01, 0x04, 0x06, 0x04, 0x04,
    0x04, 0x04, 0x02, 0x01, 0x01, 0x02, 0x01, 0x06, 0x04, 0x01, 0x01, 0x02, 0x01, 0x01, 0x01, 0x01, 0x01, 0x04, 0x04, 0x04, 0x06, 0x06, 0x06, 0x01,
    0x04, 0x04, 0x01, 0x01, 0x04, 0x04, 0x01, 0x01, 0x03, 0x02, 0x01, 0x06, 0x06, 0x06, 0x06, 0x01, 0x01, 0x02, 0x02, 0x01, 0x01, 0x01, 0x02, 0x01,
    0x01, 0x02, 0x04, 0x01, 0x02, 0x03, 0x01, 0x02, 0x02, 0x01, 0x02, 0x02, 0x02, 0x02, 0x01, 0x01, 0x06, 0x01, 0x01, 0x01, 0x02, 0x01, 0x03, 0x04,
    0x02, 0x02, 0x01, 0x01, 0x05, 0x02, 0x03, 0x03, 0x03, 0x03, 0x02, 0x03, 0x05, 0x05, 0x02, 0x04, 0x04, 0x01, 0x01, 0x01, 0x02, 0x02, 0x05, 0x02,
    0x02, 0x01, 0x04, 0x01, 0x01, 0x01, 0x01, 0x02, 0x01, 0x01, 0x02, 0x03, 0x02, 0x02, 0x01, 0x01, 0x05, 0x03, 0x05, 0x02, 0x01, 0x04, 0x06, 0x04,
    0x02, 0x01, 0x01, 0x04, 0x04, 0x01, 0x01, 0x04, 0x01, 0x01, 0x03, 0x02, 0x04, 0x04, 0x02, 0x01, 0x01, 0x02, 0x02, 0x02, 0x03, 0x02, 0x01, 0x04,
    0x01, 0x04, 0x04, 0x02, 0x05, 0x01, 0x01, 0x01, 0x01, 0x01, 0x02, 0x04, 0x01, 0x01, 0x02, 0x02, 0x03, 0x03, 0x06, 0x04, 0x02, 0x05, 0x02, 0x02,
    0x01, 0x03, 0x02, 0x01, 0x02, 0x01, 0x01, 0x04, 0x04, 0x01, 0x02, 0x01, 0x06, 0x04, 0x04, 0x01, 0x01, 0x03, 0x02, 0x01, 0x01, 0x04, 0x04, 0x06,
    0x04, 0x06, 0x04, 0x04, 0x06, 0x04, 0x02, 0x01, 0x01, 0x01, 0x02, 0x01, 0x02, 0x01, 0x06, 0x04, 0x04, 0x04, 0x01, 0x02, 0x01, 0x01, 0x01, 0x02,
    0x06, 0x06, 0x01, 0x04, 0x01, 0x01, 0x01, 0x01, 0x01, 0x01, 0x03, 0x02, 0x01, 0x01, 0x04, 0x04, 0x04, 0x01, 0x06, 0x06, 0x01, 0x02, 0x01, 0x02,
    0x01, 0x01, 0x04, 0x02, 0x01, 0x01, 0x01, 0x01, 0x04, 0x01, 0x04, 0x04, 0x01, 0x01, 0x02, 0x02, 0x03, 0x02, 0x01, 0x01, 0x01, 0x06, 0x06, 0x04,
    0x02, 0x01, 0x01, 0x02, 0x01, 0x02, 0x01, 0x01, 0x05, 0x03, 0x05, 0x03, 0x05, 0x05, 0x03, 0x03, 0x03, 0x03, 0x02, 0x02, 0x02, 0x01, 0x02, 0x02,
    0x05, 0x03, 0x02, 0x01, 0x01, 0x04, 0x04, 0x06, 0x06, 0x06, 0x01, 0x01, 0x01, 0x01, 0x01, 0x02, 0x02, 0x02, 0x01, 0x02, 0x02, 0x01, 0x02, 0x02,
    0x02, 0x02, 0x01, 0x01, 0x03, 0x02, 0x04, 0x02, 0x01, 0x06, 0x04, 0x04, 0x04, 0x04, 0x02, 0x01, 0x01, 0x01, 0x02, 0x04, 0x06, 0x01, 0x02, 0x02,
    0x01, 0x02, 0x03, 0x03, 0x04, 0x01, 0x02, 0x03, 0x02, 0x04, 0x06, 0x04, 0x02, 0x05, 0x02, 0x02, 0x03, 0x02, 0x02, 0x02, 0x02, 0x02, 0x01, 0x01,
    0x01, 0x02, 0x02, 0x01, 0x02, 0x01, 0x01, 0x01, 0x02, 0x04, 0x06, 0x04, 0x01, 0x02, 0x01, 0x04, 0x06, 0x06, 0x04, 0x04, 0x04, 0x02, 0x04, 0x04,
    0x01, 0x04, 0x01, 0x06, 0x06, 0x04, 0x06, 0x06, 0x06, 0x06, 0x06, 0x06, 0x01, 0x01, 0x06, 0x04, 0x04, 0x01, 0x02, 0x02, 0x05, 0x01, 0x01, 0x03,
    0x02, 0x04, 0x01, 0x01, 0x02, 0x01, 0x04, 0x04, 0x01, 0x02, 0x01, 0x04, 0x04, 0x01, 0x03, 0x02, 0x01, 0x06, 0x01, 0x06, 0x01, 0x03, 0x02, 0x01,
    0x04, 0x04, 0x04, 0x01, 0x01, 0x04, 0x01, 0x01, 0x01, 0x01, 0x04, 0x01, 0x04, 0x04, 0x06, 0x06, 0x04, 0x02, 0x05, 0x05, 0x03, 0x02, 0x01, 0x01,
    0x02, 0x03, 0x01, 0x01, 0x04, 0x01, 0x02, 0x02, 0x03, 0x02, 0x03, 0x02, 0x03, 0x03, 0x03, 0x02, 0x01, 0x02, 0x01, 0x04, 0x01, 0x02, 0x02, 0x03,
    0x02, 0x01, 0x02, 0x02, 0x03, 0x01, 0x01, 0x01, 0x01, 0x04, 0x06, 0x06, 0x06, 0x06, 0x06, 0x01, 0x02, 0x01, 0x02, 0x02, 0x03, 0x02, 0x01, 0x02,
    0x02, 0x01, 0x01, 0x02, 0x02, 0x03, 0x03, 0x05, 0x03, 0x02, 0x01, 0x02, 0x03, 0x02, 0x01, 0x01, 0x02, 0x03, 0x05, 0x03, 0x01, 0x02, 0x02, 0x01,
    0x06, 0x04, 0x02, 0x02, 0x01, 0x04, 0x01, 0x01, 0x04, 0x03, 0x05, 0x03, 0x02, 0x01, 0x02, 0x01, 0x02, 0x02, 0x02, 0x02, 0x03, 0x05, 0x0B, 0x0B,
    0x03, 0x02, 0x01, 0x01, 0x01, 0x06, 0x01, 0x02, 0x01, 0x01, 0x04, 0x01, 0x01, 0x02, 0x04, 0x01, 0x01, 0x01, 0x04, 0x06, 0x06, 0x06, 0x06, 0x06,
    0x04, 0x04, 0x04, 0x04, 0x04, 0x04, 0x06, 0x01, 0x01, 0x01, 0x01, 0x04, 0x01, 0x01, 0x01, 0x04, 0x04, 0x06, 0x06, 0x06, 0x04, 0x01, 0x01, 0x04,
    0x03, 0x05, 0x01, 0x06, 0x02, 0x02, 0x01, 0x04, 0x01, 0x01, 0x05, 0x01, 0x02, 0x01, 0x01, 0x01, 0x06, 0x01, 0x01, 0x01, 0x03, 0x05, 0x05, 0x04,
    0x06, 0x01, 0x03, 0x02, 0x04, 0x01, 0x06, 0x04, 0x01, 0x04, 0x01, 0x02, 0x01, 0x01, 0x04, 0x04, 0x04, 0x01, 0x01, 0x01, 0x04, 0x03, 0x03, 0x01,
    0x01, 0x02, 0x01, 0x02, 0x01, 0x01, 0x02, 0x03, 0x04, 0x02, 0x02, 0x02, 0x02, 0x01, 0x01, 0x01, 0x04, 0x05, 0x05, 0x01, 0x01, 0x04, 0x01, 0x01,
    0x04, 0x02, 0x01, 0x04, 0x06, 0x01, 0x01, 0x02, 0x04, 0x04, 0x04, 0x04, 0x01, 0x01, 0x01, 0x04, 0x04, 0x04, 0x06, 0x04, 0x01, 0x01, 0x01, 0x01,
    0x02, 0x02, 0x02, 0x02, 0x02, 0x02, 0x02, 0x02, 0x02, 0x01, 0x02, 0x02, 0x02, 0x01, 0x02, 0x01, 0x02, 0x03, 0x01, 0x02, 0x03, 0x04, 0x01, 0x05,
    0x01, 0x04, 0x06, 0x06, 0x04, 0x06, 0x06, 0x06, 0x06, 0x06, 0x06, 0x04, 0x02, 0x01, 0x01, 0x01, 0x04, 0x02, 0x01, 0x01, 0x02, 0x01, 0x01, 0x01,
    0x01, 0x01, 0x01, 0x01, 0x01, 0x06, 0x06, 0x06, 0x04, 0x04, 0x04, 0x01, 0x01, 0x01, 0x03, 0x03, 0x02, 0x02, 0x01, 0x04, 0x01, 0x04, 0x04, 0x04,
    0x04, 0x06, 0x06, 0x04, 0x06, 0x04, 0x06, 0x06, 0x04, 0x06, 0x04, 0x04, 0x04, 0x02, 0x04, 0x06, 0x06, 0x04, 0x01, 0x01, 0x01, 0x06, 0x06, 0x06,
    0x04, 0x04, 0x01, 0x06, 0x06, 0x04, 0x06, 0x04, 0x04, 0x02, 0x04, 0x06, 0x06, 0x01, 0x01, 0x01, 0x01, 0x06, 0x01, 0x06, 0x06, 0x06, 0x06, 0x01,
    0x04, 0x04, 0x01, 0x04, 0x04, 0x01, 0x01, 0x02, 0x02, 0x06, 0x04, 0x01, 0x06, 0x06, 0x06, 0x06, 0x04, 0x01, 0x01, 0x04, 0x04, 0x06, 0x04, 0x06,
    0x04, 0x04, 0x06, 0x06, 0x06, 0x06, 0x02, 0x03, 0x01, 0x04, 0x04, 0x01, 0x01, 0x04, 0x01, 0x01, 0x04, 0x06, 0x06, 0x01,
};

static const uint8_t px_wm_select_main_h12_044355da[] __attribute__((aligned(8))) = {
    0x04, 0x05, 0x05, 0x01, 0x01, 0x04, 0x01, 0x01, 0x04, 0x02, 0x01, 0x04, 0x06, 0x01, 0x01, 0x02, 0x04, 0x04, 0x04, 0x04, 0x01, 0x01, 0x01, 0x04,
    0x04, 0x04, 0x06, 0x04, 0x01, 0x01, 0x01, 0x01, 0x02, 0x02, 0x02, 0x02, 0x02, 0x02, 0x02, 0x02, 0x02, 0x01, 0x02, 0x02, 0x02, 0x01, 0x02, 0x01,
    0x02, 0x03, 0x01, 0x02, 0x03, 0x04, 0x01, 0x05, 0x01, 0x04, 0x06, 0x06, 0x04, 0x06, 0x06, 0x06, 0x06, 0x06, 0x06, 0x04, 0x02, 0x01, 0x01, 0x01,
    0x04, 0x02, 0x01, 0x01, 0x02, 0x01, 0x01, 0x01, 0x01, 0x01, 0x01, 0x01, 0x01, 0x06, 0x06, 0x06, 0x04, 0x04, 0x04, 0x01, 0x01, 0x01, 0x03, 0x03,
    0x02, 0x02, 0x01, 0x04, 0x01, 0x04, 0x04, 0x04, 0x04, 0x06, 0x06, 0x04, 0x06, 0x04, 0x06, 0x06, 0x04, 0x06, 0x04, 0x04, 0x04, 0x02, 0x04, 0x06,
    0x06, 0x04, 0x01, 0x01, 0x01, 0x06, 0x06, 0x06, 0x04, 0x04, 0x01, 0x06, 0x06, 0x04, 0x06, 0x04, 0x04, 0x02, 0x04, 0x06, 0x06, 0x01, 0x01, 0x01,
    0x01, 0x06, 0x01, 0x06, 0x06, 0x06, 0x06, 0x01, 0x04, 0x04, 0x01, 0x04, 0x04, 0x01, 0x01, 0x02, 0x02, 0x06, 0x04, 0x01, 0x06, 0x06, 0x06, 0x06,
    0x04, 0x01, 0x01, 0x04, 0x04, 0x06, 0x04, 0x06, 0x04, 0x04, 0x06, 0x06, 0x06, 0x06, 0x02, 0x03, 0x01, 0x04, 0x04, 0x01, 0x01, 0x04, 0x01, 0x01,
    0x04, 0x06, 0x06, 0x01, 0x03, 0x03, 0x03, 0x02, 0x01, 0x02, 0x01, 0x04, 0x01, 0x02, 0x02, 0x03, 0x02, 0x01, 0x02, 0x02, 0x03, 0x01, 0x01, 0x01,
    0x01, 0x04, 0x06, 0x06, 0x06, 0x06, 0x06, 0x01, 0x02, 0x01, 0x02, 0x02, 0x03, 0x02, 0x01, 0x02, 0x02, 0x01, 0x01, 0x02, 0x02, 0x03, 0x03, 0x05,
    0x03, 0x02, 0x01, 0x02, 0x03, 0x02, 0x01, 0x01, 0x02, 0x03, 0x05, 0x03, 0x01, 0x02, 0x02, 0x01, 0x06, 0x04, 0x02, 0x02, 0x01, 0x04, 0x01, 0x01,
    0x04, 0x03, 0x05, 0x03, 0x02, 0x01, 0x02, 0x01, 0x02, 0x02, 0x02, 0x02, 0x03, 0x05, 0x0B, 0x0B, 0x03, 0x02, 0x01, 0x01, 0x01, 0x06, 0x01, 0x02,
    0x01, 0x01, 0x04, 0x01, 0x01, 0x02, 0x04, 0x01, 0x01, 0x01, 0x04, 0x06, 0x06, 0x06, 0x06, 0x06, 0x04, 0x04, 0x04, 0x04, 0x04, 0x04, 0x06, 0x01,
    0x01, 0x01, 0x01, 0x04, 0x01, 0x01, 0x01, 0x04, 0x04, 0x06, 0x06, 0x06, 0x04, 0x01, 0x01, 0x04, 0x03, 0x05, 0x01, 0x06, 0x02, 0x02, 0x01, 0x04,
    0x01, 0x01, 0x05, 0x01, 0x02, 0x01, 0x01, 0x01, 0x06, 0x01, 0x01, 0x01, 0x03, 0x05, 0x05, 0x04, 0x06, 0x01, 0x03, 0x02, 0x04, 0x01, 0x06, 0x04,
    0x01, 0x04, 0x01, 0x02, 0x01, 0x01, 0x04, 0x04, 0x04, 0x01, 0x01, 0x01, 0x04, 0x03, 0x03, 0x01, 0x01, 0x02, 0x01, 0x02, 0x01, 0x01, 0x02, 0x03,
    0x04, 0x02, 0x02, 0x02, 0x02, 0x01, 0x01, 0x01, 0x05, 0x03, 0x05, 0x03, 0x05, 0x05, 0x03, 0x03, 0x03, 0x03, 0x02, 0x02, 0x02, 0x01, 0x02, 0x02,
    0x05, 0x03, 0x02, 0x01, 0x01, 0x04, 0x04, 0x06, 0x06, 0x06, 0x01, 0x01, 0x01, 0x01, 0x01, 0x02, 0x02, 0x02, 0x01, 0x02, 0x02, 0x01, 0x02, 0x02,
    0x02, 0x02, 0x01, 0x01, 0x03, 0x02, 0x04, 0x02, 0x01, 0x06, 0x04, 0x04, 0x04, 0x04, 0x02, 0x01, 0x01, 0x01, 0x02, 0x04, 0x06, 0x01, 0x02, 0x02,
    0x01, 0x02, 0x03, 0x03, 0x04, 0x01, 0x02, 0x03, 0x02, 0x04, 0x06, 0x04, 0x02, 0x05, 0x02, 0x02, 0x03, 0x02, 0x02, 0x02, 0x02, 0x02, 0x01, 0x01,
    0x01, 0x02, 0x02, 0x01, 0x02, 0x01, 0x01, 0x01, 0x02, 0x04, 0x06, 0x04, 0x01, 0x02, 0x01, 0x04, 0x06, 0x06, 0x04, 0x04, 0x04, 0x02, 0x04, 0x04,
    0x01, 0x04, 0x01, 0x06, 0x06, 0x04, 0x06, 0x06, 0x06, 0x06, 0x06, 0x06, 0x01, 0x01, 0x06, 0x04, 0x04, 0x01, 0x02, 0x02, 0x05, 0x01, 0x01, 0x03,
    0x02, 0x04, 0x01, 0x01, 0x02, 0x01, 0x04, 0x04, 0x01, 0x02, 0x01, 0x04, 0x04, 0x01, 0x03, 0x02, 0x01, 0x06, 0x01, 0x06, 0x01, 0x03, 0x02, 0x01,
    0x04, 0x04, 0x04, 0x01, 0x01, 0x04, 0x01, 0x01, 0x01, 0x01, 0x04, 0x01, 0x04, 0x04, 0x06, 0x06, 0x04, 0x02, 0x05, 0x05, 0x03, 0x02, 0x01, 0x01,
    0x02, 0x03, 0x01, 0x01, 0x04, 0x01, 0x02, 0x02, 0x03, 0x02, 0x03, 0x02, 0x05, 0x02, 0x03, 0x03, 0x03, 0x03, 0x02, 0x03, 0x05, 0x05, 0x02, 0x04,
    0x04, 0x01, 0x01, 0x01, 0x02, 0x02, 0x05, 0x02, 0x02, 0x01, 0x04, 0x01, 0x01, 0x01, 0x01, 0x02, 0x01, 0x01, 0x02, 0x03, 0x02, 0x02, 0x01, 0x01,
    0x05, 0x03, 0x05, 0x02, 0x01, 0x04, 0x06, 0x04, 0x02, 0x01, 0x01, 0x04, 0x04, 0x01, 0x01, 0x04, 0x01, 0x01, 0x03, 0x02, 0x04, 0x04, 0x02, 0x01,
    0x01, 0x02, 0x02, 0x02, 0x03, 0x02, 0x01, 0x04, 0x01, 0x04, 0x04, 0x02, 0x05, 0x01, 0x01, 0x01, 0x01, 0x01, 0x02, 0x04, 0x01, 0x01, 0x02, 0x02,
    0x03, 0x03, 0x06, 0x04, 0x02, 0x05, 0x02, 0x02, 0x01, 0x03, 0x02, 0x01, 0x02, 0x01, 0x01, 0x04, 0x04, 0x01, 0x02, 0x01, 0x06, 0x04, 0x04, 0x01,
    0x01, 0x03, 0x02, 0x01, 0x01, 0x04, 0x04, 0x06, 0x04, 0x06, 0x04, 0x04, 0x06, 0x04, 0x02, 0x01, 0x01, 0x01, 0x02, 0x01, 0x02, 0x01, 0x06, 0x04,
    0x04, 0x04, 0x01, 0x02, 0x01, 0x01, 0x01, 0x02, 0x06, 0x06, 0x01, 0x04, 0x01, 0x01, 0x01, 0x01, 0x01, 0x01, 0x03, 0x02, 0x01, 0x01, 0x04, 0x04,
    0x04, 0x01, 0x06, 0x06, 0x01, 0x02, 0x01, 0x02, 0x01, 0x01, 0x04, 0x02, 0x01, 0x01, 0x01, 0x01, 0x04, 0x01, 0x04, 0x04, 0x01, 0x01, 0x02, 0x02,
    0x03, 0x02, 0x01, 0x01, 0x01, 0x06, 0x06, 0x04, 0x02, 0x01, 0x01, 0x02, 0x01, 0x02, 0x01, 0x01, 0x02, 0x01, 0x03, 0x05, 0x02, 0x01, 0x02, 0x03,
    0x03, 0x02, 0x02, 0x02, 0x02, 0x03, 0x03, 0x02, 0x02, 0x03, 0x05, 0x05, 0x09, 0x02, 0x02, 0x01, 0x04, 0x02, 0x03, 0x02, 0x01, 0x02, 0x02, 0x02,
    0x05, 0x05, 0x03, 0x05, 0x02, 0x03, 0x01, 0x01, 0x04, 0x04, 0x01, 0x01, 0x04, 0x01, 0x04, 0x04, 0x02, 0x02, 0x03, 0x03, 0x01, 0x03, 0x03, 0x05,
    0x05, 0x01, 0x04, 0x02, 0x05, 0x05, 0x03, 0x02, 0x02, 0x02, 0x01, 0x01, 0x02, 0x01, 0x02, 0x02, 0x05, 0x03, 0x02, 0x01, 0x06, 0x06, 0x01, 0x02,
    0x01, 0x04, 0x01, 0x01, 0x01, 0x01, 0x02, 0x02, 0x03, 0x02, 0x02, 0x02, 0x09, 0x0B, 0x02, 0x02, 0x01, 0x02, 0x02, 0x01, 0x04, 0x04, 0x02, 0x01,
    0x02, 0x01, 0x04, 0x01, 0x04, 0x06, 0x01, 0x02, 0x02, 0x02, 0x02, 0x01, 0x04, 0x06, 0x04, 0x04, 0x04, 0x04, 0x02, 0x01, 0x01, 0x02, 0x01, 0x06,
    0x04, 0x01, 0x01, 0x02, 0x01, 0x01, 0x01, 0x01, 0x01, 0x04, 0x04, 0x04, 0x06, 0x06, 0x06, 0x01, 0x04, 0x04, 0x01, 0x01, 0x04, 0x04, 0x01, 0x01,
    0x03, 0x02, 0x01, 0x06, 0x06, 0x06, 0x06, 0x01, 0x01, 0x02, 0x02, 0x01, 0x01, 0x01, 0x02, 0x01, 0x01, 0x02, 0x04, 0x01, 0x02, 0x03, 0x01, 0x02,
    0x02, 0x01, 0x02, 0x02, 0x02, 0x02, 0x01, 0x01, 0x06, 0x01, 0x01, 0x01, 0x02, 0x01, 0x03, 0x04, 0x02, 0x02, 0x01, 0x01,
};

static uint16_t pal_wm_select_main_p0_CSELBK2P_opaque[] __attribute__((aligned(8))) = {
    0x0801, 0x0887, 0x1889, 0x18CB, 0x0845, 0x190D, 0x0803, 0x0801, 0x0801, 0x294F, 0x3A5B, 0x2951,
    0x2993, 0x29D5, 0x3A17, 0x3A19, 0x4ADF, 0x4A9D, 0x5B23, 0x4AE1, 0x5B65, 0x5BA7,
};

static uint16_t pal_wm_select_main_p0_CSELBK2P_keyed[] __attribute__((aligned(8))) = {
    0x0800, 0x0887, 0x1889, 0x18CB, 0x0845, 0x190D, 0x0803, 0x0801, 0x0801, 0x294F, 0x3A5B, 0x2951,
    0x2993, 0x29D5, 0x3A17, 0x3A19, 0x4ADF, 0x4A9D, 0x5B23, 0x4AE1, 0x5B65, 0x5BA7,
};

static uint16_t pal_wm_select_main_p1_MGP_B_P_opaque[] __attribute__((aligned(8))) = {
    0x0001, 0xF7BF, 0xE73F, 0xD6FF, 0xCE7F, 0xBE3D, 0xADBD, 0xA57D, 0x953B, 0x84BB, 0x7C7B, 0x6C39,
    0x63B9, 0x5377, 0x4B37, 0x42F7, 0x3AB3, 0x326F, 0x2A2B, 0x21E9, 0x19A5, 0x1961, 0x111F, 0x111B,
    0x10D9, 0x08D5, 0x0893, 0x008F, 0x004D, 0x0009, 0x0007,
};

static uint16_t pal_wm_select_main_p1_MGP_B_P_keyed[] __attribute__((aligned(8))) = {
    0x0000, 0xF7BF, 0xE73F, 0xD6FF, 0xCE7F, 0xBE3D, 0xADBD, 0xA57D, 0x953B, 0x84BB, 0x7C7B, 0x6C39,
    0x63B9, 0x5377, 0x4B37, 0x42F7, 0x3AB3, 0x326F, 0x2A2B, 0x21E9, 0x19A5, 0x1961, 0x111F, 0x111B,
    0x10D9, 0x08D5, 0x0893, 0x008F, 0x004D, 0x0009, 0x0007,
};

static uint16_t pal_wm_select_main_p2_MGP_R_P_opaque[] __attribute__((aligned(8))) = {
    0x0001, 0xFFBD, 0xFF39, 0xFEB5, 0xF631, 0xF5AD, 0xED29, 0xE4A5, 0xE421, 0xDB9D, 0xDB5B, 0xD2D7,
    0xCA53, 0xCA11, 0xC18D, 0xC14B, 0xB14B, 0xA909, 0x9909, 0x9109, 0x88C7, 0x78C7, 0x7085, 0x6085,
    0x5885, 0x5043, 0x4043, 0x3843, 0x2801, 0x2001, 0x1801,
};

static uint16_t pal_wm_select_main_p2_MGP_R_P_keyed[] __attribute__((aligned(8))) = {
    0x0000, 0xFFBD, 0xFF39, 0xFEB5, 0xF631, 0xF5AD, 0xED29, 0xE4A5, 0xE421, 0xDB9D, 0xDB5B, 0xD2D7,
    0xCA53, 0xCA11, 0xC18D, 0xC14B, 0xB14B, 0xA909, 0x9909, 0x9109, 0x88C7, 0x78C7, 0x7085, 0x6085,
    0x5885, 0x5043, 0x4043, 0x3843, 0x2801, 0x2001, 0x1801,
};

static uint16_t pal_wm_select_main_p3_CSELBK_P_opaque[] __attribute__((aligned(8))) = {
    0x0001, 0x190B, 0x290D, 0x294F, 0x18C9, 0x2991, 0x1887, 0x0843, 0x0845, 0x39D3, 0x4ADF, 0x39D5,
    0x3A17, 0x3A59, 0x4A9B, 0x4A9D, 0x5B63, 0x5B21, 0x6BA7, 0x5B65, 0x6BE9, 0x6C2B,
};

static uint16_t pal_wm_select_main_p3_CSELBK_P_keyed[] __attribute__((aligned(8))) = {
    0x0000, 0x190B, 0x290D, 0x294F, 0x18C9, 0x2991, 0x1887, 0x0843, 0x0845, 0x39D3, 0x4ADF, 0x39D5,
    0x3A17, 0x3A59, 0x4A9B, 0x4A9D, 0x5B63, 0x5B21, 0x6BA7, 0x5B65, 0x6BE9, 0x6C2B,
};

static uint16_t pal_wm_select_main_p4_CRPL_G_P_opaque[] __attribute__((aligned(8))) = {
    0x0001, 0xD6B5, 0xCE73, 0xBDEF, 0xB5AD, 0xAD6B, 0xA529, 0x9CE7, 0x94A5, 0x8C63, 0x8421, 0x7BDF,
    0x739D, 0x6B5B, 0x6319, 0x5AD7, 0x5295, 0x4A53, 0x4211, 0x39CF, 0x318D, 0x294B, 0x0003,
};

static uint16_t pal_wm_select_main_p4_CRPL_G_P_keyed[] __attribute__((aligned(8))) = {
    0x0000, 0xD6B5, 0xCE73, 0xBDEF, 0xB5AD, 0xAD6B, 0xA529, 0x9CE7, 0x94A5, 0x8C63, 0x8421, 0x7BDF,
    0x739D, 0x6B5B, 0x6319, 0x5AD7, 0x5295, 0x4A53, 0x4211, 0x39CF, 0x318D, 0x294B, 0x0003,
};

static uint16_t pal_wm_select_main_p5_LLOGOL_P_opaque[] __attribute__((aligned(8))) = {
    0x0001, 0xAD2F, 0x9CED, 0x9CAB, 0x8C69, 0x8C27, 0x7BE5, 0x39D1, 0x298F, 0x294D, 0x190B, 0x0845,
    0x0003, 0x0001, 0xCDF7,
};

static uint16_t pal_wm_select_main_p5_LLOGOL_P_keyed[] __attribute__((aligned(8))) = {
    0x0000, 0xAD2F, 0x9CED, 0x9CAB, 0x8C69, 0x8C27, 0x7BE5, 0x39D1, 0x298F, 0x294D, 0x190B, 0x0845,
    0x0003, 0x0001, 0xCDF7,
};

static uint16_t pal_wm_select_main_p6_LLOGOD_P_opaque[] __attribute__((aligned(8))) = {
    0x0001, 0x7BA3, 0x6B61, 0x6B1F, 0x5ADD, 0x5A9B, 0x4A59, 0x0845, 0x0003, 0x0001, 0x0001, 0x0001,
    0x0001, 0x0001, 0x9C6B,
};

static uint16_t pal_wm_select_main_p6_LLOGOD_P_keyed[] __attribute__((aligned(8))) = {
    0x0000, 0x7BA3, 0x6B61, 0x6B1F, 0x5ADD, 0x5A9B, 0x4A59, 0x0845, 0x0003, 0x0001, 0x0001, 0x0001,
    0x0001, 0x0001, 0x9C6B,
};

static const wm_select_background_image bg_images[15] = {
    [0] = {0, 76, 62, 0x80, px_wm_select_main_h0_049d5c4c},
    [1] = {1, 76, 62, 0x80, px_wm_select_main_h0_049d5c4c},
    [2] = {2, 204, 133, 0x00, px_wm_select_main_h2_043b952a},
    [3] = {3, 204, 119, 0x00, px_wm_select_main_h3_043fa43a},
    [4] = {4, 204, 5, 0x00, px_wm_select_main_h4_044345ea},
    [5] = {5, 128, 9, 0x80, px_wm_select_main_h5_049d8ac4},
    [6] = {6, 8, 135, 0x00, px_wm_select_main_h6_049d9cbc},
    [7] = {7, 124, 61, 0x00, px_wm_select_main_h7_049dad9c},
    [8] = {8, 124, 145, 0x00, px_wm_select_main_h8_049e4158},
    [9] = {9, 40, 44, 0x80, px_wm_select_main_h9_049fa084},
    [10] = {10, 196, 133, 0x00, px_wm_select_main_h10_043da716},
    [11] = {11, 196, 119, 0x00, px_wm_select_main_h11_04417e5e},
    [12] = {12, 196, 5, 0x00, px_wm_select_main_h12_044355da},
    [13] = {13, 124, 145, 0x00, px_wm_select_main_h8_049e4158},
    [14] = {14, 124, 61, 0x00, px_wm_select_main_h7_049dad9c},
};

static wm_select_background_palette bg_palettes[7] = {
    [0] = {"CSELBK2P", pal_wm_select_main_p0_CSELBK2P_opaque, pal_wm_select_main_p0_CSELBK2P_keyed, 22},
    [1] = {"MGP_B_P", pal_wm_select_main_p1_MGP_B_P_opaque, pal_wm_select_main_p1_MGP_B_P_keyed, 31},
    [2] = {"MGP_R_P", pal_wm_select_main_p2_MGP_R_P_opaque, pal_wm_select_main_p2_MGP_R_P_keyed, 31},
    [3] = {"CSELBK_P", pal_wm_select_main_p3_CSELBK_P_opaque, pal_wm_select_main_p3_CSELBK_P_keyed, 22},
    [4] = {"CRPL_G_P", pal_wm_select_main_p4_CRPL_G_P_opaque, pal_wm_select_main_p4_CRPL_G_P_keyed, 23},
    [5] = {"LLOGOL_P", pal_wm_select_main_p5_LLOGOL_P_opaque, pal_wm_select_main_p5_LLOGOL_P_keyed, 15},
    [6] = {"LLOGOD_P", pal_wm_select_main_p6_LLOGOD_P_opaque, pal_wm_select_main_p6_LLOGOD_P_keyed, 15},
};

size_t wm_select_main_image_count(void) { return sizeof(bg_images)/sizeof(bg_images[0]); }
const wm_select_background_image *wm_select_main_image_at(size_t i) {
    if (i >= sizeof(bg_images)/sizeof(bg_images[0]) || !bg_images[i].pixels_ci8) return 0;
    return &bg_images[i];
}
size_t wm_select_main_palette_count(void) { return sizeof(bg_palettes)/sizeof(bg_palettes[0]); }
const wm_select_background_palette *wm_select_main_palette_at(size_t i) {
    if (i >= sizeof(bg_palettes)/sizeof(bg_palettes[0]) || !bg_palettes[i].rgba5551_opaque) return 0;
    return &bg_palettes[i];
}
const char *wm_select_main_source_name(void) { return "WWF_PACKED_GFX"; }
uint16_t wm_select_main_source_origin_x(void) { return 0; }
uint16_t wm_select_main_source_origin_y(void) { return 0; }
