/*
 * Be a Man Production replacement for Midway SPORTLO8.IMG.
 *
 * IMPORTANT: presentation behavior is NOT replaced here.
 * The existing WM_ATTRACT_SHOW_SPORTS_LOGO renderer still owns:
 *   - the original visible-delay timing
 *   - SPORTBKBMOD moving background
 *   - common logo anchor (200,118 in 400x256 source coordinates)
 *   - SPRTLG01..SPRTLG17 object order
 *   - source hotspot placement
 *   - source motto rendering
 *
 * This file substitutes only the 17 artwork payloads/palettes.
 * Dimensions, xani/yani, palette counts, frame names and WIMP tails
 * were verified directly against original IMG/SPORTLO8.IMG.
 */
#include "wm/sports_logo.h"
#include <string.h>

static uint16_t pal_sprtlg01[] __attribute__((aligned(8))) = {
    0x0000, 0xD6F9, 0xADB3, 0x7BE5, 0x739F, 0x6B9F, 0x6B5F, 0x631B, 0x5B19, 0x5AD9, 0x5297, 0x71CF,
    0x4211, 0x09AF, 0x005F, 0x00B3, 0x0005, 0x0001,
};

static const uint8_t px_sprtlg01[] __attribute__((aligned(8))) = {
    0x00, 0x00, 0x00, 0x00, 0x00, 0x00, 0x00, 0x00, 0x00, 0x00, 0x00, 0x00, 0x0C, 0x0C, 0x0C, 0x0C, 0x0C, 0x0C, 0x0C, 0x0C, 0x0C, 0x0C, 0x0C, 0x0C,
    0x0A, 0x0A, 0x0A, 0x0A, 0x0A, 0x09, 0x09, 0x09, 0x09, 0x09, 0x09, 0x09, 0x09, 0x08, 0x08, 0x08, 0x08, 0x08, 0x00, 0x00, 0x00, 0x00, 0x00, 0x00,
    0x00, 0x00, 0x00, 0x00, 0x00, 0x00, 0x0C, 0x0C, 0x0C, 0x0C, 0x0C, 0x0C, 0x0C, 0x0C, 0x0C, 0x0C, 0x0A, 0x0A, 0x0A, 0x0A, 0x09, 0x09, 0x09, 0x09,
    0x09, 0x09, 0x09, 0x08, 0x08, 0x08, 0x08, 0x08, 0x08, 0x08, 0x07, 0x07, 0x00, 0x00, 0x00, 0x00, 0x00, 0x00, 0x00, 0x00, 0x00, 0x00, 0x00, 0x00,
    0x0C, 0x0C, 0x0C, 0x0C, 0x0C, 0x0C, 0x0C, 0x0C, 0x0A, 0x0A, 0x0A, 0x09, 0x09, 0x09, 0x09, 0x08, 0x08, 0x08, 0x08, 0x08, 0x08, 0x08, 0x08, 0x07,
    0x08, 0x08, 0x07, 0x07, 0x07, 0x06, 0x00, 0x00, 0x00, 0x00, 0x00, 0x00, 0x00, 0x00, 0x00, 0x00, 0x00, 0x00, 0x0C, 0x0C, 0x0C, 0x0C, 0x0C, 0x0C,
    0x0A, 0x0A, 0x09, 0x09, 0x09, 0x09, 0x09, 0x08, 0x08, 0x08, 0x08, 0x08, 0x07, 0x07, 0x07, 0x07, 0x07, 0x07, 0x07, 0x07, 0x06, 0x06, 0x06, 0x05,
    0x00, 0x00, 0x00, 0x00, 0x00, 0x00, 0x00, 0x00, 0x00, 0x00, 0x00, 0x00, 0x0C, 0x0C, 0x0C, 0x0C, 0x0A, 0x0A, 0x0A, 0x09, 0x09, 0x08, 0x08, 0x07,
    0x07, 0x07, 0x07, 0x07, 0x07, 0x07, 0x07, 0x06, 0x06, 0x06, 0x06, 0x05, 0x05, 0x05, 0x06, 0x06, 0x06, 0x06, 0x00, 0x00, 0x00, 0x00, 0x00, 0x00,
    0x00, 0x00, 0x00, 0x00, 0x00, 0x00, 0x0C, 0x0C, 0x0C, 0x0A, 0x0A, 0x09, 0x09, 0x08, 0x08, 0x07, 0x04, 0x04, 0x04, 0x04, 0x04, 0x06, 0x07, 0x07,
    0x07, 0x08, 0x08, 0x08, 0x07, 0x06, 0x05, 0x04, 0x03, 0x03, 0x03, 0x03, 0x00, 0x00, 0x00, 0x00, 0x00, 0x00, 0x00, 0x00, 0x00, 0x00, 0x00, 0x00,
    0x0C, 0x0C, 0x0C, 0x0A, 0x0A, 0x09, 0x08, 0x08, 0x07, 0x04, 0x07, 0x04, 0x04, 0x04, 0x04, 0x03, 0x03, 0x03, 0x02, 0x02, 0x02, 0x02, 0x01, 0x01,
    0x01, 0x01, 0x02, 0x02, 0x02, 0x03, 0x00, 0x00, 0x00, 0x00, 0x00, 0x00, 0x00, 0x00, 0x00, 0x00, 0x00, 0x00, 0x0C, 0x0C, 0x0C, 0x0A, 0x09, 0x09,
    0x08, 0x07, 0x07, 0x03, 0x02, 0x02, 0x01, 0x01, 0x02, 0x02, 0x02, 0x03, 0x03, 0x04, 0x07, 0x0C, 0x0C, 0x0C, 0x10, 0x10, 0x11, 0x11, 0x10, 0x10,
    0x00, 0x00, 0x00, 0x00, 0x00, 0x00, 0x00, 0x00, 0x00, 0x00, 0x00, 0x00, 0x0C, 0x0C, 0x0A, 0x0A, 0x09, 0x09, 0x08, 0x07, 0x04, 0x04, 0x01, 0x01,
    0x0C, 0x10, 0x10, 0x10, 0x11, 0x10, 0x10, 0x10, 0x0C, 0x0A, 0x07, 0x04, 0x03, 0x02, 0x02, 0x01, 0x01, 0x01, 0x00, 0x00, 0x00, 0x00, 0x00, 0x00,
    0x00, 0x00, 0x00, 0x00, 0x00, 0x00, 0x0C, 0x0C, 0x0A, 0x0A, 0x09, 0x09, 0x07, 0x07, 0x04, 0x04, 0x04, 0x02, 0x02, 0x0C, 0x11, 0x0C, 0x02, 0x01,
    0x01, 0x01, 0x01, 0x01, 0x01, 0x02, 0x02, 0x02, 0x02, 0x0D, 0x0D, 0x0D, 0x00, 0x00, 0x00, 0x00, 0x00, 0x00, 0x00, 0x00, 0x00, 0x00, 0x00, 0x00,
    0x0A, 0x0A, 0x0A, 0x0A, 0x09, 0x08, 0x07, 0x07, 0x04, 0x04, 0x04, 0x04, 0x02, 0x01, 0x08, 0x11, 0x0C, 0x02, 0x02, 0x0D, 0x0F, 0x0F, 0x0F, 0x0F,
    0x0F, 0x0F, 0x0F, 0x0F, 0x0F, 0x0F, 0x00, 0x00, 0x00, 0x00, 0x00, 0x00, 0x00, 0x00, 0x00, 0x00, 0x00, 0x00, 0x0A, 0x0A, 0x0A, 0x0A, 0x09, 0x09,
    0x08, 0x07, 0x05, 0x04, 0x04, 0x04, 0x04, 0x03, 0x01, 0x03, 0x11, 0x10, 0x0D, 0x0F, 0x0F, 0x0F, 0x0F, 0x0F, 0x0F, 0x0F, 0x0F, 0x0F, 0x0F, 0x0F,
    0x00, 0x00, 0x00, 0x00, 0x00, 0x00, 0x00, 0x00, 0x00, 0x00, 0x00, 0x00, 0x0C, 0x0A, 0x0A, 0x0A, 0x09, 0x09, 0x08, 0x07, 0x07, 0x05, 0x04, 0x04,
    0x04, 0x05, 0x06, 0x02, 0x02, 0x10, 0x10, 0x0D, 0x0F, 0x0F, 0x0F, 0x0F, 0x0F, 0x0F, 0x0F, 0x0F, 0x0F, 0x0F, 0x00, 0x00, 0x00, 0x00, 0x00, 0x00,
    0x00, 0x00, 0x00, 0x00, 0x00, 0x00, 0x0C, 0x0A, 0x0A, 0x0A, 0x09, 0x09, 0x08, 0x08, 0x07, 0x07, 0x05, 0x04, 0x04, 0x04, 0x04, 0x07, 0x02, 0x01,
    0x0C, 0x11, 0x0E, 0x0F, 0x0F, 0x0F, 0x0F, 0x0F, 0x0F, 0x0F, 0x0F, 0x0F, 0x00, 0x00, 0x00, 0x00, 0x00, 0x00, 0x00, 0x00, 0x00, 0x00, 0x00, 0x00,
    0x0A, 0x0A, 0x0A, 0x0A, 0x09, 0x09, 0x09, 0x08, 0x08, 0x07, 0x07, 0x06, 0x04, 0x05, 0x04, 0x04, 0x06, 0x03, 0x01, 0x04, 0x11, 0x0E, 0x0D, 0x0F,
    0x0F, 0x0F, 0x0F, 0x0F, 0x0F, 0x0F, 0x00, 0x00, 0x00, 0x00, 0x00, 0x00, 0x00, 0x00, 0x00, 0x00, 0x00, 0x00, 0x0A, 0x0A, 0x0A, 0x0A, 0x0A, 0x09,
    0x09, 0x08, 0x08, 0x07, 0x07, 0x07, 0x06, 0x05, 0x05, 0x04, 0x03, 0x06, 0x06, 0x01, 0x02, 0x11, 0x10, 0x0D, 0x0F, 0x0F, 0x0F, 0x0F, 0x0F, 0x0F,
    0x00, 0x00, 0x00, 0x00, 0x00, 0x00, 0x00, 0x00, 0x00, 0x00, 0x00, 0x00, 0x0A, 0x0A, 0x0A, 0x0A, 0x0A, 0x09, 0x09, 0x09, 0x08, 0x08, 0x08, 0x07,
    0x06, 0x06, 0x05, 0x05, 0x04, 0x04, 0x05, 0x06, 0x02, 0x01, 0x0C, 0x11, 0x0E, 0x0F, 0x0F, 0x0F, 0x0F, 0x0F, 0x00, 0x00, 0x00, 0x00, 0x00, 0x00,
    0x00, 0x00, 0x00, 0x00, 0x00, 0x00, 0x0C, 0x0A, 0x0A, 0x0A, 0x0A, 0x0A, 0x09, 0x09, 0x09, 0x08, 0x08, 0x07, 0x07, 0x06, 0x06, 0x05, 0x05, 0x05,
    0x05, 0x03, 0x06, 0x03, 0x01, 0x07, 0x11, 0x0E, 0x0F, 0x0F, 0x0F, 0x0F, 0x00, 0x00, 0x00, 0x00, 0x00, 0x00, 0x00, 0x00, 0x00, 0x00, 0x00, 0x00,
    0x0C, 0x0A, 0x0A, 0x0A, 0x0A, 0x0A, 0x0A, 0x09, 0x09, 0x08, 0x08, 0x07, 0x06, 0x06, 0x06, 0x06, 0x05, 0x05, 0x05, 0x05, 0x03, 0x06, 0x03, 0x01,
    0x03, 0x11, 0x10, 0x0D, 0x0F, 0x0F, 0x00, 0x00, 0x00, 0x00, 0x00, 0x00, 0x00, 0x00, 0x00, 0x00, 0x00, 0x00, 0x0C, 0x0A, 0x0A, 0x0A, 0x0A, 0x0A,
    0x0A, 0x09, 0x09, 0x08, 0x08, 0x07, 0x06, 0x06, 0x06, 0x06, 0x05, 0x05, 0x05, 0x05, 0x05, 0x05, 0x05, 0x06, 0x02, 0x02, 0x10, 0x10, 0x0D, 0x0F,
    0x00, 0x00, 0x00, 0x00, 0x00, 0x00, 0x00, 0x00, 0x00, 0x00, 0x00, 0x00, 0x0C, 0x0A, 0x0A, 0x0A, 0x0A, 0x0A, 0x09, 0x09, 0x09, 0x08, 0x08, 0x07,
    0x06, 0x06, 0x06, 0x06, 0x05, 0x05, 0x05, 0x05, 0x05, 0x05, 0x03, 0x03, 0x06, 0x02, 0x01, 0x10, 0x11, 0x0D, 0x00, 0x00, 0x00, 0x00, 0x00, 0x00,
    0x00, 0x00, 0x00, 0x00, 0x00, 0x00, 0x0C, 0x0C, 0x0A, 0x0A, 0x0A, 0x0A, 0x09, 0x09, 0x09, 0x08, 0x08, 0x07, 0x07, 0x06, 0x06, 0x06, 0x05, 0x05,
    0x05, 0x05, 0x05, 0x04, 0x03, 0x06, 0x03, 0x01, 0x07, 0x11, 0x06, 0x02, 0x00, 0x00, 0x00, 0x00, 0x00, 0x00, 0x00, 0x00, 0x00, 0x00, 0x00, 0x00,
    0x0C, 0x0C, 0x0A, 0x0A, 0x0A, 0x0A, 0x09, 0x09, 0x09, 0x08, 0x08, 0x07, 0x07, 0x06, 0x06, 0x06, 0x05, 0x05, 0x05, 0x05, 0x05, 0x03, 0x06, 0x03,
    0x01, 0x09, 0x11, 0x03, 0x02, 0x0D, 0x00, 0x00, 0x00, 0x00, 0x00, 0x00, 0x00, 0x00, 0x00, 0x00, 0x00, 0x00, 0x0C, 0x0A, 0x0A, 0x0A, 0x09, 0x09,
    0x09, 0x09, 0x09, 0x08, 0x08, 0x07, 0x07, 0x06, 0x06, 0x06, 0x05, 0x05, 0x05, 0x04, 0x03, 0x06, 0x03, 0x01, 0x0C, 0x11, 0x03, 0x02, 0x0F, 0x0F,
    0x00, 0x00, 0x00, 0x00, 0x00, 0x00, 0x00, 0x00, 0x00, 0x00, 0x00, 0x00, 0x0A, 0x0A, 0x0A, 0x09, 0x09, 0x09, 0x09, 0x09, 0x09, 0x08, 0x08, 0x07,
    0x07, 0x06, 0x06, 0x05, 0x05, 0x05, 0x05, 0x03, 0x06, 0x03, 0x01, 0x0C, 0x10, 0x02, 0x02, 0x0F, 0x0F, 0x0F, 0x00, 0x00, 0x00, 0x00, 0x00, 0x00,
    0x00, 0x00, 0x00, 0x00, 0x00, 0x00, 0x0A, 0x0A, 0x0A, 0x0A, 0x09, 0x09, 0x09, 0x09, 0x08, 0x08, 0x07, 0x06, 0x06, 0x06, 0x06, 0x05, 0x04, 0x04,
    0x03, 0x06, 0x02, 0x01, 0x0C, 0x10, 0x02, 0x02, 0x0F, 0x0F, 0x0F, 0x0F, 0x00, 0x00, 0x00, 0x00, 0x00, 0x00, 0x00, 0x00, 0x00, 0x00, 0x00, 0x00,
    0x0A, 0x0A, 0x0A, 0x09, 0x09, 0x09, 0x08, 0x08, 0x08, 0x07, 0x07, 0x06, 0x06, 0x05, 0x05, 0x05, 0x04, 0x04, 0x06, 0x02, 0x01, 0x10, 0x10, 0x02,
    0x02, 0x0F, 0x0F, 0x0F, 0x0F, 0x0F, 0x00, 0x00, 0x00, 0x00, 0x00, 0x00, 0x00, 0x00, 0x00, 0x00, 0x00, 0x00, 0x0A, 0x09, 0x09, 0x09, 0x09, 0x08,
    0x08, 0x07, 0x07, 0x07, 0x06, 0x06, 0x05, 0x05, 0x05, 0x04, 0x05, 0x07, 0x02, 0x02, 0x11, 0x0C, 0x02, 0x03, 0x0F, 0x0F, 0x0E, 0x0E, 0x10, 0x11,
    0x00, 0x00, 0x00, 0x00, 0x00, 0x00, 0x00, 0x00, 0x00, 0x00, 0x00, 0x00, 0x0A, 0x09, 0x09, 0x08, 0x08, 0x08, 0x07, 0x07, 0x07, 0x07, 0x06, 0x05,
    0x05, 0x05, 0x04, 0x05, 0x06, 0x02, 0x02, 0x11, 0x0C, 0x03, 0x0C, 0x10, 0x11, 0x11, 0x10, 0x10, 0x0E, 0x0E, 0x00, 0x00, 0x00, 0x00, 0x00, 0x00,
    0x00, 0x00, 0x00, 0x00, 0x00, 0x00, 0x09, 0x09, 0x09, 0x08, 0x08, 0x07, 0x07, 0x07, 0x06, 0x06, 0x05, 0x05, 0x05, 0x04, 0x05, 0x06, 0x01, 0x03,
    0x11, 0x0C, 0x02, 0x11, 0x10, 0x0E, 0x0E, 0x0F, 0x0F, 0x0F, 0x0F, 0x0D, 0x00, 0x00, 0x00, 0x00, 0x00, 0x00, 0x00, 0x00, 0x00, 0x00, 0x00, 0x00,
    0x09, 0x08, 0x08, 0x08, 0x08, 0x07, 0x07, 0x06, 0x05, 0x05, 0x04, 0x04, 0x04, 0x05, 0x06, 0x01, 0x03, 0x11, 0x0A, 0x01, 0x0A, 0x10, 0x0F, 0x0D,
    0x03, 0x02, 0x02, 0x01, 0x01, 0x01, 0x00, 0x00, 0x00, 0x00, 0x00, 0x00, 0x00, 0x00, 0x00, 0x00, 0x00, 0x00, 0x08, 0x08, 0x07, 0x07, 0x07, 0x07,
    0x06, 0x04, 0x04, 0x04, 0x04, 0x04, 0x05, 0x05, 0x01, 0x04, 0x11, 0x06, 0x01, 0x0D, 0x0E, 0x10, 0x0D, 0x01, 0x01, 0x01, 0x01, 0x02, 0x04, 0x0B,
    0x00, 0x00, 0x00, 0x00, 0x00, 0x00, 0x00, 0x00, 0x00, 0x00, 0x00, 0x00, 0x08, 0x07, 0x07, 0x07, 0x07, 0x07, 0x05, 0x04, 0x04, 0x04, 0x04, 0x04,
    0x04, 0x01, 0x07, 0x11, 0x03, 0x01, 0x0D, 0x0F, 0x10, 0x0E, 0x02, 0x01, 0x0B, 0x0B, 0x0B, 0x0B, 0x0B, 0x0B, 0x00, 0x00, 0x00, 0x00, 0x00, 0x00,
    0x00, 0x00, 0x00, 0x00, 0x00, 0x00, 0x07, 0x07, 0x07, 0x07, 0x06, 0x04, 0x04, 0x04, 0x04, 0x04, 0x05, 0x03, 0x01, 0x09, 0x11, 0x03, 0x01, 0x0D,
    0x0F, 0x0F, 0x10, 0x0E, 0x02, 0x02, 0x0B, 0x0B, 0x0B, 0x0B, 0x0B, 0x0B, 0x00, 0x00, 0x00, 0x00, 0x00, 0x00, 0x00, 0x00, 0x00, 0x00, 0x00, 0x00,
    0x07, 0x07, 0x07, 0x05, 0x04, 0x04, 0x04, 0x04, 0x04, 0x04, 0x03, 0x01, 0x0C, 0x11, 0x03, 0x02, 0x0F, 0x0F, 0x0D, 0x0D, 0x10, 0x0F, 0x01, 0x04,
    0x0B, 0x0B, 0x0B, 0x0B, 0x0B, 0x0B,
};

static uint16_t pal_sprtlg02[] __attribute__((aligned(8))) = {
    0x0000, 0xFFFF, 0xFFFF, 0xFFFF, 0xF7BD, 0xEFBD, 0xEF7B, 0xE739, 0xDEF7, 0xD6B7, 0xCE75, 0xCE73,
    0xBE33, 0xB5AF, 0xAD6D, 0x9D31, 0x94EB, 0x8427, 0x7BE3, 0x73EB, 0x73E3, 0x73A1, 0x739F, 0x6BA5,
    0x73A1, 0x6B9F, 0x5B67, 0x52E1, 0x3223, 0x00B1, 0x0031, 0x18CB, 0x0007, 0x003D, 0x003F, 0x0039,
    0x002D, 0x002B, 0x0027, 0x0013, 0x0003, 0x0001,
};

static const uint8_t px_sprtlg02[] __attribute__((aligned(8))) = {
    0x1B, 0x1B, 0x1B, 0x1B, 0x1B, 0x1B, 0x1B, 0x1B, 0x1B, 0x19, 0x19, 0x19, 0x19, 0x19, 0x19, 0x19, 0x19, 0x19, 0x19, 0x19, 0x19, 0x16, 0x16, 0x16,
    0x16, 0x16, 0x16, 0x16, 0x16, 0x16, 0x18, 0x18, 0x18, 0x18, 0x15, 0x16, 0x18, 0x15, 0x15, 0x15, 0x18, 0x18, 0x18, 0x18, 0x18, 0x18, 0x18, 0x18,
    0x18, 0x18, 0x18, 0x18, 0x18, 0x18, 0x15, 0x18, 0x15, 0x15, 0x18, 0x18, 0x18, 0x18, 0x18, 0x18, 0x18, 0x18, 0x18, 0x18, 0x15, 0x15, 0x15, 0x14,
    0x14, 0x14, 0x14, 0x14, 0x14, 0x14, 0x14, 0x14, 0x14, 0x14, 0x14, 0x14, 0x15, 0x15, 0x15, 0x14, 0x14, 0x12, 0x12, 0x14, 0x15, 0x15, 0x14, 0x15,
    0x14, 0x14, 0x14, 0x14, 0x14, 0x14, 0x14, 0x14, 0x14, 0x14, 0x14, 0x14, 0x14, 0x14, 0x14, 0x15, 0x15, 0x14, 0x14, 0x14, 0x14, 0x15, 0x15, 0x18,
    0x18, 0x18, 0x18, 0x18, 0x18, 0x15, 0x15, 0x18, 0x18, 0x18, 0x18, 0x18, 0x18, 0x18, 0x18, 0x18, 0x18, 0x18, 0x19, 0x18, 0x18, 0x18, 0x18, 0x18,
    0x18, 0x18, 0x18, 0x18, 0x18, 0x18, 0x18, 0x19, 0x19, 0x19, 0x18, 0x19, 0x19, 0x19, 0x19, 0x19, 0x18, 0x18, 0x18, 0x19, 0x19, 0x16, 0x16, 0x16,
    0x16, 0x16, 0x19, 0x19, 0x19, 0x19, 0x19, 0x19, 0x19, 0x19, 0x19, 0x19, 0x19, 0x19, 0x19, 0x19, 0x19, 0x1B, 0x1B, 0x1B, 0x1B, 0x1B, 0x1B, 0x1B,
    0x1B, 0x1B, 0x1B, 0x19, 0x19, 0x19, 0x19, 0x19, 0x19, 0x19, 0x19, 0x19, 0x19, 0x19, 0x19, 0x19, 0x16, 0x16, 0x16, 0x16, 0x16, 0x16, 0x16, 0x16,
    0x16, 0x15, 0x15, 0x15, 0x16, 0x16, 0x16, 0x15, 0x15, 0x15, 0x18, 0x18, 0x18, 0x18, 0x18, 0x18, 0x18, 0x15, 0x15, 0x18, 0x18, 0x18, 0x18, 0x18,
    0x18, 0x15, 0x15, 0x15, 0x15, 0x15, 0x18, 0x18, 0x18, 0x18, 0x18, 0x18, 0x18, 0x18, 0x18, 0x14, 0x14, 0x14, 0x15, 0x14, 0x14, 0x14, 0x14, 0x14,
    0x14, 0x14, 0x14, 0x14, 0x14, 0x14, 0x14, 0x14, 0x14, 0x14, 0x12, 0x14, 0x12, 0x12, 0x14, 0x14, 0x14, 0x14, 0x14, 0x14, 0x14, 0x14, 0x14, 0x14,
    0x14, 0x14, 0x12, 0x12, 0x12, 0x14, 0x12, 0x12, 0x14, 0x14, 0x14, 0x14, 0x14, 0x14, 0x15, 0x14, 0x14, 0x15, 0x15, 0x15, 0x15, 0x15, 0x15, 0x15,
    0x15, 0x15, 0x18, 0x18, 0x18, 0x18, 0x18, 0x18, 0x18, 0x18, 0x18, 0x18, 0x18, 0x18, 0x18, 0x18, 0x15, 0x15, 0x15, 0x15, 0x18, 0x18, 0x18, 0x18,
    0x18, 0x18, 0x18, 0x18, 0x19, 0x18, 0x18, 0x18, 0x18, 0x19, 0x19, 0x19, 0x18, 0x18, 0x18, 0x19, 0x19, 0x19, 0x16, 0x16, 0x16, 0x16, 0x19, 0x19,
    0x19, 0x19, 0x19, 0x19, 0x19, 0x19, 0x19, 0x19, 0x19, 0x19, 0x19, 0x19, 0x19, 0x1B, 0x1B, 0x1B, 0x1B, 0x1B, 0x1B, 0x1B, 0x1B, 0x1B, 0x19, 0x19,
    0x19, 0x19, 0x19, 0x19, 0x19, 0x19, 0x19, 0x19, 0x19, 0x19, 0x16, 0x16, 0x16, 0x16, 0x16, 0x16, 0x16, 0x16, 0x16, 0x16, 0x15, 0x15, 0x15, 0x15,
    0x16, 0x16, 0x15, 0x15, 0x15, 0x18, 0x18, 0x18, 0x18, 0x18, 0x18, 0x18, 0x18, 0x15, 0x18, 0x18, 0x18, 0x18, 0x18, 0x18, 0x15, 0x15, 0x15, 0x15,
    0x15, 0x15, 0x15, 0x15, 0x15, 0x15, 0x15, 0x15, 0x15, 0x15, 0x14, 0x14, 0x15, 0x14, 0x14, 0x14, 0x12, 0x12, 0x14, 0x14, 0x12, 0x14, 0x14, 0x12,
    0x12, 0x12, 0x14, 0x14, 0x14, 0x12, 0x14, 0x14, 0x14, 0x14, 0x12, 0x12, 0x12, 0x14, 0x14, 0x14, 0x12, 0x14, 0x14, 0x12, 0x12, 0x12, 0x12, 0x12,
    0x12, 0x12, 0x12, 0x12, 0x12, 0x14, 0x14, 0x14, 0x14, 0x14, 0x14, 0x12, 0x14, 0x14, 0x14, 0x14, 0x14, 0x15, 0x15, 0x15, 0x18, 0x18, 0x18, 0x18,
    0x18, 0x18, 0x18, 0x18, 0x18, 0x15, 0x18, 0x18, 0x18, 0x18, 0x15, 0x15, 0x15, 0x15, 0x15, 0x15, 0x18, 0x18, 0x18, 0x18, 0x18, 0x18, 0x18, 0x18,
    0x18, 0x18, 0x18, 0x18, 0x18, 0x19, 0x18, 0x18, 0x18, 0x18, 0x18, 0x19, 0x19, 0x16, 0x16, 0x16, 0x16, 0x16, 0x16, 0x19, 0x19, 0x19, 0x19, 0x19,
    0x19, 0x19, 0x19, 0x19, 0x19, 0x19, 0x19, 0x1B, 0x1B, 0x1B, 0x1B, 0x1B, 0x1B, 0x1B, 0x1B, 0x1B, 0x1B, 0x1B, 0x19, 0x19, 0x19, 0x19, 0x19, 0x19,
    0x19, 0x19, 0x19, 0x19, 0x19, 0x16, 0x16, 0x16, 0x16, 0x16, 0x16, 0x16, 0x15, 0x15, 0x15, 0x15, 0x15, 0x15, 0x15, 0x15, 0x15, 0x15, 0x15, 0x15,
    0x15, 0x18, 0x18, 0x18, 0x18, 0x18, 0x18, 0x15, 0x15, 0x15, 0x15, 0x15, 0x15, 0x15, 0x15, 0x15, 0x14, 0x14, 0x14, 0x14, 0x15, 0x14, 0x14, 0x14,
    0x14, 0x14, 0x15, 0x15, 0x14, 0x14, 0x14, 0x14, 0x14, 0x12, 0x12, 0x12, 0x12, 0x12, 0x12, 0x12, 0x12, 0x12, 0x12, 0x12, 0x12, 0x14, 0x14, 0x12,
    0x12, 0x12, 0x14, 0x12, 0x12, 0x12, 0x12, 0x12, 0x12, 0x12, 0x12, 0x12, 0x12, 0x12, 0x12, 0x12, 0x12, 0x12, 0x12, 0x12, 0x12, 0x12, 0x12, 0x12,
    0x12, 0x12, 0x12, 0x12, 0x12, 0x12, 0x12, 0x12, 0x12, 0x14, 0x14, 0x14, 0x15, 0x14, 0x15, 0x15, 0x15, 0x15, 0x15, 0x15, 0x15, 0x15, 0x15, 0x15,
    0x15, 0x15, 0x15, 0x15, 0x15, 0x15, 0x15, 0x15, 0x15, 0x15, 0x15, 0x15, 0x18, 0x18, 0x15, 0x15, 0x15, 0x15, 0x18, 0x18, 0x18, 0x18, 0x18, 0x18,
    0x18, 0x18, 0x18, 0x18, 0x18, 0x18, 0x16, 0x16, 0x16, 0x16, 0x16, 0x16, 0x16, 0x16, 0x16, 0x19, 0x19, 0x19, 0x19, 0x19, 0x19, 0x19, 0x19, 0x19,
    0x19, 0x19, 0x1B, 0x1B, 0x1B, 0x1B, 0x1B, 0x1B, 0x1B, 0x1B, 0x1B, 0x19, 0x19, 0x19, 0x19, 0x19, 0x19, 0x19, 0x19, 0x19, 0x19, 0x19, 0x19, 0x16,
    0x16, 0x16, 0x16, 0x16, 0x16, 0x12, 0x15, 0x12, 0x12, 0x12, 0x12, 0x14, 0x15, 0x15, 0x15, 0x15, 0x15, 0x15, 0x15, 0x15, 0x15, 0x15, 0x15, 0x15,
    0x15, 0x15, 0x14, 0x14, 0x15, 0x15, 0x14, 0x14, 0x12, 0x12, 0x12, 0x12, 0x12, 0x12, 0x12, 0x12, 0x12, 0x12, 0x14, 0x14, 0x14, 0x14, 0x14, 0x14,
    0x12, 0x12, 0x12, 0x12, 0x12, 0x11, 0x11, 0x11, 0x11, 0x11, 0x11, 0x12, 0x11, 0x11, 0x12, 0x12, 0x12, 0x12, 0x12, 0x12, 0x12, 0x12, 0x12, 0x12,
    0x11, 0x11, 0x12, 0x12, 0x12, 0x12, 0x12, 0x12, 0x11, 0x11, 0x12, 0x12, 0x12, 0x12, 0x11, 0x11, 0x12, 0x12, 0x12, 0x12, 0x12, 0x12, 0x12, 0x12,
    0x11, 0x12, 0x12, 0x12, 0x12, 0x12, 0x12, 0x14, 0x12, 0x14, 0x14, 0x14, 0x14, 0x14, 0x14, 0x14, 0x14, 0x14, 0x14, 0x14, 0x14, 0x14, 0x14, 0x14,
    0x14, 0x14, 0x14, 0x14, 0x14, 0x14, 0x15, 0x15, 0x15, 0x15, 0x14, 0x15, 0x15, 0x15, 0x15, 0x15, 0x15, 0x18, 0x18, 0x18, 0x18, 0x18, 0x15, 0x15,
    0x15, 0x15, 0x16, 0x16, 0x16, 0x16, 0x16, 0x16, 0x16, 0x16, 0x19, 0x19, 0x19, 0x19, 0x19, 0x19, 0x19, 0x19, 0x19, 0x19, 0x19, 0x19, 0x19, 0x1B,
    0x1B, 0x1B, 0x1B, 0x1B, 0x1B, 0x19, 0x19, 0x19, 0x19, 0x19, 0x19, 0x19, 0x19, 0x19, 0x19, 0x19, 0x16, 0x16, 0x16, 0x12, 0x12, 0x12, 0x12, 0x12,
    0x12, 0x12, 0x12, 0x12, 0x12, 0x12, 0x12, 0x14, 0x14, 0x14, 0x15, 0x15, 0x18, 0x15, 0x15, 0x15, 0x15, 0x15, 0x18, 0x18, 0x15, 0x15, 0x14, 0x15,
    0x15, 0x15, 0x14, 0x14, 0x14, 0x14, 0x14, 0x14, 0x14, 0x14, 0x15, 0x15, 0x15, 0x15, 0x15, 0x15, 0x15, 0x18, 0x15, 0x15, 0x14, 0x14, 0x14, 0x14,
    0x14, 0x14, 0x14, 0x14, 0x14, 0x14, 0x12, 0x12, 0x12, 0x14, 0x14, 0x14, 0x14, 0x14, 0x14, 0x14, 0x14, 0x17, 0x17, 0x17, 0x14, 0x14, 0x14, 0x14,
    0x17, 0x17, 0x17, 0x17, 0x14, 0x14, 0x14, 0x14, 0x14, 0x14, 0x14, 0x14, 0x14, 0x14, 0x14, 0x17, 0x17, 0x14, 0x14, 0x14, 0x14, 0x14, 0x14, 0x15,
    0x14, 0x14, 0x15, 0x14, 0x14, 0x15, 0x15, 0x15, 0x18, 0x15, 0x18, 0x15, 0x18, 0x18, 0x15, 0x15, 0x18, 0x18, 0x15, 0x15, 0x15, 0x15, 0x15, 0x15,
    0x15, 0x18, 0x18, 0x18, 0x18, 0x15, 0x14, 0x14, 0x14, 0x15, 0x15, 0x15, 0x18, 0x18, 0x15, 0x15, 0x15, 0x15, 0x14, 0x12, 0x12, 0x12, 0x12, 0x15,
    0x15, 0x16, 0x16, 0x16, 0x16, 0x16, 0x16, 0x19, 0x19, 0x19, 0x19, 0x19, 0x19, 0x19, 0x19, 0x19, 0x19, 0x19, 0x1B, 0x1B, 0x1B, 0x1B, 0x1B, 0x19,
    0x19, 0x19, 0x19, 0x19, 0x19, 0x19, 0x19, 0x19, 0x19, 0x19, 0x19, 0x16, 0x16, 0x16, 0x16, 0x16, 0x16, 0x16, 0x15, 0x18, 0x18, 0x18, 0x15, 0x15,
    0x14, 0x12, 0x14, 0x14, 0x14, 0x14, 0x14, 0x14, 0x12, 0x12, 0x12, 0x12, 0x12, 0x12, 0x11, 0x11, 0x11, 0x11, 0x11, 0x11, 0x11, 0x11, 0x11, 0x10,
    0x10, 0x10, 0x10, 0x10, 0x10, 0x10, 0x10, 0x10, 0x10, 0x10, 0x10, 0x10, 0x10, 0x10, 0x10, 0x10, 0x0E, 0x0E, 0x0E, 0x0E, 0x0E, 0x0E, 0x0E, 0x0E,
    0x0E, 0x0E, 0x0E, 0x0E, 0x0E, 0x0E, 0x0E, 0x0E, 0x0E, 0x0E, 0x0E, 0x0E, 0x0E, 0x0E, 0x0E, 0x0E, 0x0E, 0x0E, 0x0E, 0x0E, 0x0E, 0x0E, 0x0E, 0x0E,
    0x0E, 0x0E, 0x0E, 0x0E, 0x0E, 0x0E, 0x0E, 0x0E, 0x0E, 0x0E, 0x0E, 0x0E, 0x0E, 0x0E, 0x0E, 0x0E, 0x0E, 0x0E, 0x0E, 0x0E, 0x0E, 0x0E, 0x0E, 0x0E,
    0x10, 0x10, 0x10, 0x10, 0x10, 0x10, 0x10, 0x10, 0x10, 0x10, 0x10, 0x10, 0x10, 0x10, 0x10, 0x10, 0x10, 0x11, 0x11, 0x11, 0x11, 0x11, 0x11, 0x11,
    0x11, 0x11, 0x11, 0x11, 0x11, 0x12, 0x12, 0x14, 0x14, 0x12, 0x12, 0x12, 0x12, 0x12, 0x12, 0x12, 0x12, 0x12, 0x15, 0x15, 0x16, 0x16, 0x16, 0x16,
    0x16, 0x16, 0x16, 0x19, 0x19, 0x19, 0x19, 0x19, 0x19, 0x19, 0x19, 0x19, 0x19, 0x1B, 0x1B, 0x1B, 0x19, 0x19, 0x19, 0x19, 0x19, 0x19, 0x19, 0x19,
    0x19, 0x19, 0x19, 0x19, 0x19, 0x16, 0x16, 0x16, 0x0D, 0x0A, 0x0B, 0x0B, 0x0B, 0x0B, 0x0B, 0x0B, 0x0B, 0x0B, 0x0B, 0x0A, 0x0A, 0x0B, 0x0A, 0x0A,
    0x0B, 0x0A, 0x0B, 0x0B, 0x0B, 0x0B, 0x0B, 0x0B, 0x0B, 0x0B, 0x0B, 0x0C, 0x0D, 0x0C, 0x0C, 0x0D, 0x0D, 0x0D, 0x0D, 0x0D, 0x0D, 0x0D, 0x0D, 0x0D,
    0x0E, 0x0E, 0x0E, 0x0E, 0x0E, 0x0E, 0x0E, 0x0E, 0x0E, 0x0E, 0x0E, 0x0E, 0x0E, 0x10, 0x10, 0x10, 0x10, 0x10, 0x10, 0x10, 0x10, 0x10, 0x10, 0x10,
    0x10, 0x10, 0x10, 0x10, 0x11, 0x11, 0x10, 0x10, 0x10, 0x10, 0x11, 0x11, 0x11, 0x11, 0x11, 0x11, 0x10, 0x10, 0x11, 0x10, 0x10, 0x11, 0x10, 0x10,
    0x10, 0x10, 0x10, 0x10, 0x10, 0x10, 0x10, 0x10, 0x10, 0x10, 0x10, 0x10, 0x10, 0x10, 0x10, 0x10, 0x10, 0x10, 0x10, 0x10, 0x0E, 0x0E, 0x0E, 0x0E,
    0x0E, 0x0E, 0x0E, 0x0E, 0x0E, 0x0E, 0x0E, 0x0E, 0x0D, 0x0D, 0x0D, 0x0E, 0x0D, 0x0D, 0x0D, 0x0D, 0x0D, 0x0D, 0x0D, 0x0C, 0x0C, 0x0C, 0x0C, 0x0B,
    0x0C, 0x0C, 0x0C, 0x0B, 0x0B, 0x0B, 0x0B, 0x0B, 0x0A, 0x0B, 0x0B, 0x0A, 0x0A, 0x0A, 0x0B, 0x0B, 0x09, 0x0E, 0x16, 0x12, 0x16, 0x16, 0x19, 0x19,
    0x19, 0x19, 0x19, 0x19, 0x19, 0x19, 0x19, 0x19, 0x1B, 0x1B, 0x19, 0x19, 0x19, 0x19, 0x19, 0x19, 0x19, 0x19, 0x19, 0x19, 0x19, 0x19, 0x16, 0x16,
    0x16, 0x19, 0x0E, 0x0A, 0x1F, 0x1F, 0x1F, 0x1F, 0x1F, 0x1F, 0x1F, 0x20, 0x20, 0x20, 0x20, 0x20, 0x20, 0x20, 0x20, 0x20, 0x28, 0x28, 0x28, 0x28,
    0x28, 0x28, 0x28, 0x28, 0x29, 0x29, 0x29, 0x29, 0x29, 0x28, 0x28, 0x28, 0x28, 0x28, 0x28, 0x28, 0x28, 0x29, 0x28, 0x28, 0x28, 0x28, 0x28, 0x28,
    0x28, 0x28, 0x28, 0x28, 0x28, 0x28, 0x28, 0x28, 0x28, 0x28, 0x28, 0x28, 0x28, 0x28, 0x28, 0x28, 0x28, 0x28, 0x28, 0x28, 0x28, 0x28, 0x28, 0x28,
    0x28, 0x28, 0x28, 0x28, 0x28, 0x28, 0x28, 0x20, 0x20, 0x20, 0x20, 0x20, 0x20, 0x20, 0x20, 0x20, 0x20, 0x20, 0x20, 0x20, 0x28, 0x28, 0x28, 0x28,
    0x28, 0x20, 0x28, 0x28, 0x28, 0x28, 0x28, 0x28, 0x28, 0x28, 0x28, 0x28, 0x28, 0x28, 0x28, 0x28, 0x28, 0x28, 0x28, 0x28, 0x28, 0x28, 0x28, 0x28,
    0x28, 0x28, 0x28, 0x28, 0x28, 0x28, 0x28, 0x28, 0x28, 0x28, 0x28, 0x28, 0x28, 0x28, 0x28, 0x28, 0x28, 0x28, 0x28, 0x28, 0x28, 0x28, 0x28, 0x28,
    0x28, 0x28, 0x20, 0x20, 0x20, 0x20, 0x20, 0x20, 0x20, 0x1F, 0x20, 0x1F, 0x06, 0x11, 0x16, 0x16, 0x16, 0x16, 0x19, 0x19, 0x19, 0x19, 0x19, 0x19,
    0x19, 0x19, 0x19, 0x19, 0x19, 0x19, 0x19, 0x19, 0x19, 0x19, 0x19, 0x19, 0x19, 0x19, 0x19, 0x19, 0x19, 0x16, 0x16, 0x16, 0x16, 0x06, 0x1F, 0x20,
    0x12, 0x12, 0x12, 0x11, 0x11, 0x11, 0x10, 0x10, 0x10, 0x0E, 0x0E, 0x0E, 0x0E, 0x0E, 0x0D, 0x0D, 0x0D, 0x0D, 0x0B, 0x0B, 0x0B, 0x0B, 0x0B, 0x0B,
    0x0B, 0x0A, 0x0A, 0x09, 0x08, 0x08, 0x07, 0x07, 0x08, 0x07, 0x07, 0x07, 0x07, 0x07, 0x06, 0x06, 0x06, 0x06, 0x06, 0x06, 0x06, 0x06, 0x05, 0x05,
    0x05, 0x05, 0x04, 0x04, 0x04, 0x04, 0x04, 0x04, 0x04, 0x04, 0x04, 0x04, 0x04, 0x04, 0x04, 0x04, 0x04, 0x03, 0x03, 0x04, 0x04, 0x04, 0x04, 0x03,
    0x03, 0x03, 0x03, 0x03, 0x03, 0x03, 0x03, 0x03, 0x03, 0x03, 0x03, 0x03, 0x03, 0x03, 0x03, 0x03, 0x03, 0x03, 0x03, 0x03, 0x03, 0x03, 0x03, 0x04,
    0x04, 0x04, 0x04, 0x04, 0x04, 0x04, 0x04, 0x04, 0x04, 0x04, 0x04, 0x04, 0x04, 0x04, 0x05, 0x05, 0x05, 0x05, 0x06, 0x06, 0x06, 0x06, 0x06, 0x07,
    0x07, 0x07, 0x07, 0x08, 0x08, 0x08, 0x08, 0x09, 0x09, 0x0A, 0x0A, 0x0A, 0x0B, 0x0B, 0x0B, 0x0B, 0x0D, 0x0D, 0x0D, 0x0D, 0x0D, 0x0D, 0x0D, 0x0D,
    0x0E, 0x0E, 0x0E, 0x0E, 0x0E, 0x10, 0x29, 0x16, 0x09, 0x19, 0x12, 0x16, 0x16, 0x16, 0x16, 0x16, 0x16, 0x19, 0x19, 0x19, 0x19, 0x19, 0x19, 0x19,
    0x19, 0x19, 0x19, 0x19, 0x19, 0x19, 0x19, 0x19, 0x19, 0x19, 0x19, 0x16, 0x16, 0x12, 0x19, 0x0D, 0x0E, 0x29, 0x0E, 0x01, 0x09, 0x09, 0x09, 0x09,
    0x09, 0x09, 0x09, 0x09, 0x09, 0x09, 0x09, 0x0C, 0x0C, 0x0C, 0x0C, 0x0C, 0x0C, 0x0C, 0x0F, 0x0F, 0x0F, 0x0F, 0x0F, 0x0F, 0x0F, 0x0F, 0x0F, 0x0F,
    0x0F, 0x0F, 0x0F, 0x0F, 0x0F, 0x0F, 0x0F, 0x0F, 0x0F, 0x0F, 0x0F, 0x0F, 0x0F, 0x0F, 0x13, 0x13, 0x13, 0x13, 0x13, 0x13, 0x13, 0x13, 0x13, 0x13,
    0x13, 0x13, 0x13, 0x13, 0x13, 0x13, 0x13, 0x13, 0x13, 0x13, 0x13, 0x13, 0x13, 0x13, 0x13, 0x1A, 0x13, 0x13, 0x13, 0x13, 0x13, 0x13, 0x13, 0x13,
    0x13, 0x1A, 0x13, 0x13, 0x13, 0x13, 0x1A, 0x1A, 0x1A, 0x1A, 0x13, 0x13, 0x13, 0x13, 0x13, 0x13, 0x13, 0x13, 0x13, 0x13, 0x13, 0x13, 0x13, 0x13,
    0x13, 0x13, 0x13, 0x13, 0x13, 0x13, 0x13, 0x13, 0x13, 0x13, 0x13, 0x13, 0x13, 0x13, 0x13, 0x13, 0x13, 0x0F, 0x0F, 0x0F, 0x0F, 0x0F, 0x0F, 0x0F,
    0x0F, 0x0F, 0x0F, 0x0F, 0x0F, 0x0F, 0x0F, 0x0F, 0x0F, 0x0F, 0x0F, 0x0F, 0x0F, 0x0F, 0x0F, 0x0F, 0x0F, 0x0F, 0x0F, 0x0F, 0x0F, 0x0F, 0x0F, 0x0C,
    0x02, 0x12, 0x29, 0x09, 0x10, 0x19, 0x12, 0x16, 0x16, 0x16, 0x16, 0x16, 0x16, 0x19, 0x19, 0x19, 0x19, 0x19, 0x19, 0x19, 0x19, 0x19, 0x19, 0x19,
    0x19, 0x19, 0x19, 0x19, 0x16, 0x16, 0x16, 0x16, 0x16, 0x11, 0x07, 0x20, 0x1B, 0x01, 0x13, 0x23, 0x23, 0x23, 0x23, 0x1D, 0x1D, 0x23, 0x23, 0x1D,
    0x23, 0x23, 0x23, 0x23, 0x23, 0x23, 0x23, 0x23, 0x23, 0x23, 0x23, 0x23, 0x23, 0x23, 0x23, 0x23, 0x23, 0x23, 0x23, 0x23, 0x23, 0x23, 0x23, 0x23,
    0x21, 0x21, 0x21, 0x21, 0x21, 0x21, 0x22, 0x22, 0x22, 0x22, 0x21, 0x22, 0x21, 0x21, 0x22, 0x21, 0x21, 0x21, 0x21, 0x21, 0x22, 0x22, 0x22, 0x22,
    0x22, 0x22, 0x22, 0x22, 0x22, 0x22, 0x22, 0x22, 0x22, 0x22, 0x22, 0x22, 0x22, 0x22, 0x22, 0x22, 0x22, 0x22, 0x22, 0x22, 0x22, 0x22, 0x22, 0x22,
    0x22, 0x22, 0x22, 0x22, 0x22, 0x22, 0x22, 0x22, 0x22, 0x21, 0x21, 0x21, 0x22, 0x22, 0x22, 0x22, 0x22, 0x22, 0x22, 0x21, 0x21, 0x23, 0x23, 0x23,
    0x23, 0x23, 0x23, 0x23, 0x23, 0x23, 0x23, 0x23, 0x23, 0x23, 0x23, 0x23, 0x23, 0x23, 0x23, 0x23, 0x23, 0x23, 0x23, 0x1E, 0x1E, 0x1E, 0x1E, 0x1E,
    0x1E, 0x1E, 0x1E, 0x1E, 0x1E, 0x1D, 0x1D, 0x1D, 0x1E, 0x1D, 0x1E, 0x1D, 0x1D, 0x1D, 0x1D, 0x1D, 0x1D, 0x1D, 0x23, 0x0C, 0x04, 0x1F, 0x1F, 0x06,
    0x19, 0x15, 0x12, 0x15, 0x16, 0x16, 0x16, 0x16, 0x19, 0x19, 0x19, 0x19, 0x19, 0x19, 0x19, 0x19, 0x19, 0x19, 0x19, 0x16, 0x16, 0x16, 0x15, 0x12,
    0x12, 0x12, 0x12, 0x16, 0x09, 0x19, 0x28, 0x08, 0x0C, 0x23, 0x24, 0x24, 0x24, 0x25, 0x24, 0x1E, 0x1E, 0x1E, 0x1E, 0x1E, 0x1E, 0x1E, 0x1E, 0x1E,
    0x1E, 0x1E, 0x1E, 0x1E, 0x1E, 0x1E, 0x1E, 0x1E, 0x1E, 0x23, 0x1E, 0x1E, 0x23, 0x1E, 0x1E, 0x1E, 0x1E, 0x1E, 0x1E, 0x1E, 0x1E, 0x1E, 0x1E, 0x23,
    0x23, 0x1E, 0x1E, 0x1E, 0x1E, 0x1E, 0x1E, 0x23, 0x21, 0x21, 0x21, 0x21, 0x21, 0x21, 0x21, 0x21, 0x21, 0x21, 0x23, 0x1E, 0x1E, 0x1E, 0x1E, 0x1E,
    0x24, 0x24, 0x24, 0x24, 0x23, 0x21, 0x21, 0x21, 0x21, 0x21, 0x21, 0x21, 0x21, 0x21, 0x21, 0x24, 0x24, 0x24, 0x24, 0x24, 0x24, 0x24, 0x24, 0x24,
    0x23, 0x21, 0x21, 0x21, 0x21, 0x21, 0x23, 0x24, 0x24, 0x24, 0x24, 0x24, 0x24, 0x24, 0x25, 0x25, 0x1E, 0x21, 0x23, 0x23, 0x23, 0x1E, 0x25, 0x24,
    0x24, 0x24, 0x24, 0x24, 0x25, 0x24, 0x1E, 0x23, 0x1E, 0x1E, 0x1E, 0x24, 0x25, 0x25, 0x25, 0x25, 0x25, 0x26, 0x26, 0x25, 0x25, 0x25, 0x25, 0x24,
    0x24, 0x25, 0x25, 0x25, 0x25, 0x25, 0x25, 0x26, 0x25, 0x25, 0x25, 0x25, 0x26, 0x1D, 0x1A, 0x06, 0x0E, 0x29, 0x0E, 0x0D, 0x19, 0x11, 0x12, 0x12,
    0x12, 0x12, 0x15, 0x16, 0x18, 0x18, 0x19, 0x19, 0x19, 0x18, 0x18, 0x18, 0x18, 0x18, 0x16, 0x16, 0x18, 0x18, 0x19, 0x19, 0x19, 0x19, 0x0E, 0x0B,
    0x29, 0x15, 0x04, 0x1A, 0x1D, 0x25, 0x24, 0x25, 0x24, 0x26, 0x27, 0x27, 0x27, 0x27, 0x27, 0x27, 0x27, 0x27, 0x27, 0x27, 0x20, 0x20, 0x20, 0x20,
    0x20, 0x20, 0x20, 0x20, 0x27, 0x1E, 0x23, 0x23, 0x27, 0x20, 0x20, 0x1F, 0x1F, 0x1F, 0x1F, 0x1F, 0x1F, 0x1F, 0x1F, 0x1F, 0x1F, 0x1F, 0x1F, 0x1F,
    0x1F, 0x20, 0x27, 0x23, 0x21, 0x21, 0x21, 0x21, 0x21, 0x21, 0x21, 0x22, 0x23, 0x20, 0x1F, 0x1F, 0x1F, 0x1F, 0x1F, 0x1F, 0x1F, 0x1F, 0x20, 0x20,
    0x1D, 0x21, 0x22, 0x22, 0x21, 0x21, 0x21, 0x21, 0x21, 0x21, 0x27, 0x1F, 0x1F, 0x1F, 0x1F, 0x1F, 0x1F, 0x1F, 0x20, 0x20, 0x23, 0x22, 0x21, 0x21,
    0x21, 0x27, 0x20, 0x1F, 0x1F, 0x1F, 0x1F, 0x1F, 0x1F, 0x1F, 0x28, 0x20, 0x25, 0x23, 0x23, 0x1D, 0x20, 0x1F, 0x1F, 0x1F, 0x1F, 0x1F, 0x1F, 0x1F,
    0x1F, 0x20, 0x27, 0x1E, 0x1E, 0x1E, 0x27, 0x20, 0x1F, 0x1F, 0x1F, 0x1F, 0x20, 0x1F, 0x20, 0x20, 0x26, 0x24, 0x1E, 0x26, 0x20, 0x20, 0x20, 0x20,
    0x20, 0x20, 0x20, 0x20, 0x20, 0x27, 0x26, 0x25, 0x25, 0x23, 0x0F, 0x03, 0x1B, 0x20, 0x07, 0x11, 0x18, 0x19, 0x19, 0x19, 0x18, 0x15, 0x16, 0x15,
    0x18, 0x18, 0x19, 0x19, 0x19, 0x19, 0x19, 0x19, 0x15, 0x12, 0x11, 0x10, 0x10, 0x0E, 0x0D, 0x0D, 0x0C, 0x05, 0x1F, 0x1F, 0x06, 0x0F, 0x23, 0x24,
    0x24, 0x24, 0x25, 0x24, 0x25, 0x20, 0x1F, 0x10, 0x10, 0x0E, 0x0E, 0x0E, 0x0E, 0x0E, 0x0E, 0x0E, 0x0E, 0x0D, 0x0D, 0x0D, 0x0D, 0x0C, 0x0E, 0x20,
    0x27, 0x23, 0x21, 0x27, 0x16, 0x09, 0x0B, 0x0B, 0x0A, 0x0B, 0x0A, 0x0A, 0x0A, 0x0A, 0x0A, 0x0A, 0x09, 0x0A, 0x06, 0x11, 0x29, 0x20, 0x23, 0x21,
    0x23, 0x21, 0x21, 0x21, 0x21, 0x21, 0x21, 0x27, 0x1B, 0x05, 0x08, 0x08, 0x08, 0x09, 0x08, 0x09, 0x05, 0x17, 0x29, 0x26, 0x21, 0x21, 0x21, 0x21,
    0x21, 0x21, 0x21, 0x21, 0x21, 0x27, 0x11, 0x06, 0x09, 0x07, 0x07, 0x09, 0x06, 0x1B, 0x29, 0x26, 0x22, 0x21, 0x21, 0x25, 0x1F, 0x0A, 0x08, 0x08,
    0x08, 0x08, 0x0A, 0x06, 0x17, 0x28, 0x28, 0x26, 0x23, 0x21, 0x27, 0x1B, 0x06, 0x09, 0x09, 0x09, 0x0A, 0x0A, 0x09, 0x0A, 0x1F, 0x28, 0x1E, 0x1E,
    0x23, 0x26, 0x1F, 0x09, 0x0A, 0x0B, 0x0B, 0x0B, 0x0B, 0x0C, 0x1F, 0x20, 0x24, 0x1E, 0x27, 0x18, 0x0A, 0x0D, 0x0D, 0x0D, 0x0B, 0x10, 0x20, 0x29,
    0x28, 0x26, 0x25, 0x26, 0x25, 0x21, 0x09, 0x09, 0x28, 0x19, 0x05, 0x0D, 0x0D, 0x0E, 0x10, 0x10, 0x10, 0x11, 0x12, 0x18, 0x19, 0x0E, 0x0D, 0x0C,
    0x0C, 0x0B, 0x0B, 0x0B, 0x0B, 0x0D, 0x0E, 0x10, 0x12, 0x16, 0x19, 0x1B, 0x1F, 0x29, 0x0E, 0x07, 0x1D, 0x1E, 0x24, 0x24, 0x24, 0x24, 0x24, 0x1E,
    0x26, 0x1F, 0x04, 0x09, 0x09, 0x09, 0x0A, 0x09, 0x0A, 0x09, 0x09, 0x09, 0x0A, 0x0A, 0x0A, 0x0A, 0x0B, 0x08, 0x0C, 0x1F, 0x27, 0x1E, 0x20, 0x0C,
    0x0A, 0x0C, 0x0B, 0x0B, 0x0B, 0x0B, 0x0B, 0x0B, 0x0A, 0x0A, 0x0B, 0x0B, 0x0C, 0x08, 0x1F, 0x29, 0x26, 0x21, 0x23, 0x21, 0x21, 0x21, 0x21, 0x21,
    0x21, 0x24, 0x1F, 0x08, 0x0A, 0x0B, 0x0B, 0x0B, 0x0B, 0x0A, 0x0B, 0x06, 0x11, 0x29, 0x27, 0x21, 0x21, 0x21, 0x21, 0x21, 0x21, 0x21, 0x21, 0x23,
    0x27, 0x0D, 0x0A, 0x0C, 0x0B, 0x0B, 0x0D, 0x09, 0x10, 0x29, 0x27, 0x21, 0x21, 0x1D, 0x20, 0x0D, 0x07, 0x0C, 0x0C, 0x0D, 0x0D, 0x0D, 0x09, 0x1F,
    0x29, 0x26, 0x21, 0x21, 0x24, 0x20, 0x0A, 0x0B, 0x0D, 0x0B, 0x0B, 0x0C, 0x0C, 0x0B, 0x08, 0x1F, 0x29, 0x25, 0x1E, 0x23, 0x26, 0x1B, 0x06, 0x0D,
    0x0D, 0x0C, 0x0B, 0x0D, 0x07, 0x13, 0x29, 0x27, 0x24, 0x20, 0x0D, 0x0A, 0x0D, 0x0C, 0x0D, 0x06, 0x1B, 0x29, 0x20, 0x26, 0x24, 0x25, 0x26, 0x26,
    0x1D, 0x1A, 0x05, 0x11, 0x29, 0x1B, 0x1B, 0x19, 0x12, 0x11, 0x10, 0x0D, 0x0C, 0x0C, 0x0C, 0x0B, 0x12, 0x19, 0x1B, 0x1F, 0x1F, 0x20, 0x28, 0x28,
    0x28, 0x28, 0x28, 0x20, 0x1F, 0x1F, 0x1F, 0x29, 0x1B, 0x03, 0x13, 0x23, 0x24, 0x24, 0x24, 0x24, 0x24, 0x24, 0x1E, 0x27, 0x12, 0x06, 0x0D, 0x0B,
    0x0B, 0x0B, 0x0B, 0x0B, 0x0B, 0x0B, 0x0B, 0x0B, 0x0B, 0x0B, 0x0A, 0x0A, 0x0B, 0x06, 0x0D, 0x28, 0x20, 0x1F, 0x07, 0x0B, 0x0A, 0x0A, 0x0A, 0x0A,
    0x0A, 0x0A, 0x0A, 0x09, 0x09, 0x09, 0x0A, 0x07, 0x0C, 0x20, 0x29, 0x24, 0x21, 0x21, 0x21, 0x21, 0x21, 0x21, 0x21, 0x21, 0x20, 0x10, 0x05, 0x0A,
    0x09, 0x0A, 0x08, 0x08, 0x09, 0x0A, 0x06, 0x10, 0x29, 0x27, 0x22, 0x21, 0x21, 0x21, 0x21, 0x21, 0x21, 0x21, 0x1E, 0x1F, 0x07, 0x09, 0x0A, 0x0A,
    0x0A, 0x0A, 0x08, 0x0C, 0x28, 0x27, 0x21, 0x21, 0x20, 0x16, 0x06, 0x0B, 0x09, 0x0A, 0x0A, 0x0B, 0x0A, 0x0C, 0x20, 0x28, 0x1E, 0x23, 0x23, 0x27,
    0x12, 0x06, 0x0B, 0x0A, 0x0A, 0x09, 0x0B, 0x0B, 0x0B, 0x07, 0x1F, 0x29, 0x25, 0x1E, 0x23, 0x27, 0x12, 0x06, 0x0C, 0x0B, 0x0A, 0x0A, 0x0B, 0x0B,
    0x08, 0x1F, 0x28, 0x26, 0x1F, 0x09, 0x0A, 0x0B, 0x0C, 0x0D, 0x09, 0x1F, 0x29, 0x26, 0x24, 0x25, 0x25, 0x26, 0x26, 0x25, 0x23, 0x0F, 0x04, 0x1F,
    0x29, 0x1F, 0x1F, 0x1F, 0x20, 0x20, 0x28, 0x28, 0x28, 0x28, 0x20, 0x1F, 0x1F, 0x1B, 0x19, 0x16, 0x11, 0x0E, 0x0C, 0x0A, 0x08, 0x06, 0x06, 0x06,
    0x05, 0x19, 0x20, 0x08, 0x0C, 0x21, 0x24, 0x24, 0x24, 0x24, 0x24, 0x24, 0x24, 0x25, 0x20, 0x0A, 0x08, 0x09, 0x09, 0x09, 0x08, 0x06, 0x05, 0x06,
    0x07, 0x06, 0x08, 0x09, 0x09, 0x09, 0x08, 0x08, 0x06, 0x0E, 0x28, 0x29, 0x12, 0x06, 0x09, 0x08, 0x08, 0x08, 0x05, 0x04, 0x04, 0x04, 0x05, 0x04,
    0x04, 0x05, 0x01, 0x13, 0x29, 0x27, 0x23, 0x21, 0x21, 0x21, 0x21, 0x21, 0x21, 0x21, 0x27, 0x1F, 0x04, 0x08, 0x07, 0x07, 0x07, 0x07, 0x08, 0x08,
    0x09, 0x06, 0x0D, 0x29, 0x27, 0x22, 0x21, 0x21, 0x21, 0x21, 0x21, 0x21, 0x21, 0x26, 0x1B, 0x04, 0x09, 0x08, 0x08, 0x08, 0x08, 0x08, 0x07, 0x1F,
    0x28, 0x23, 0x26, 0x1F, 0x05, 0x0A, 0x09, 0x08, 0x08, 0x08, 0x09, 0x06, 0x10, 0x29, 0x27, 0x23, 0x21, 0x26, 0x1F, 0x06, 0x09, 0x09, 0x0A, 0x08,
    0x06, 0x09, 0x09, 0x0A, 0x06, 0x1B, 0x29, 0x26, 0x23, 0x1E, 0x20, 0x0D, 0x07, 0x0A, 0x09, 0x08, 0x08, 0x09, 0x0A, 0x04, 0x17, 0x29, 0x20, 0x1F,
    0x06, 0x0A, 0x0A, 0x0A, 0x09, 0x0C, 0x28, 0x28, 0x25, 0x25, 0x25, 0x25, 0x26, 0x26, 0x26, 0x24, 0x21, 0x06, 0x0E, 0x28, 0x0E, 0x04, 0x05, 0x05,
    0x06, 0x08, 0x0A, 0x0D, 0x10, 0x11, 0x07, 0x07, 0x09, 0x0C, 0x0F, 0x0F, 0x0F, 0x0F, 0x13, 0x13, 0x1A, 0x1D, 0x21, 0x1D, 0x29, 0x11, 0x05, 0x1A,
    0x1E, 0x25, 0x24, 0x24, 0x24, 0x24, 0x24, 0x1E, 0x27, 0x1B, 0x04, 0x08, 0x07, 0x08, 0x08, 0x06, 0x10, 0x10, 0x11, 0x14, 0x11, 0x0A, 0x06, 0x07,
    0x08, 0x07, 0x08, 0x03, 0x1B, 0x29, 0x28, 0x0C, 0x06, 0x07, 0x07, 0x07, 0x05, 0x10, 0x1B, 0x1B, 0x1B, 0x1B, 0x1B, 0x1B, 0x1B, 0x1B, 0x1F, 0x29,
    0x26, 0x22, 0x23, 0x21, 0x21, 0x21, 0x23, 0x21, 0x1E, 0x20, 0x0B, 0x04, 0x07, 0x07, 0x03, 0x10, 0x0D, 0x05, 0x07, 0x07, 0x04, 0x0C, 0x28, 0x20,
    0x21, 0x21, 0x21, 0x21, 0x21, 0x21, 0x21, 0x21, 0x27, 0x10, 0x03, 0x07, 0x07, 0x07, 0x07, 0x06, 0x07, 0x04, 0x1C, 0x29, 0x27, 0x1F, 0x09, 0x06,
    0x07, 0x07, 0x07, 0x07, 0x07, 0x08, 0x04, 0x1B, 0x29, 0x27, 0x22, 0x23, 0x20, 0x0E, 0x04, 0x08, 0x07, 0x07, 0x0C, 0x09, 0x07, 0x08, 0x08, 0x04,
    0x1B, 0x29, 0x26, 0x23, 0x25, 0x1F, 0x08, 0x07, 0x08, 0x07, 0x07, 0x06, 0x07, 0x08, 0x07, 0x09, 0x20, 0x29, 0x1B, 0x05, 0x09, 0x08, 0x08, 0x05,
    0x10, 0x29, 0x20, 0x24, 0x25, 0x25, 0x25, 0x26, 0x26, 0x26, 0x26, 0x1D, 0x13, 0x03, 0x1B, 0x20, 0x1D, 0x21, 0x21, 0x1A, 0x13, 0x0F, 0x0F, 0x0F,
    0x0F, 0x21, 0x21, 0x21, 0x21, 0x23, 0x23, 0x23, 0x23, 0x1D, 0x1D, 0x1D, 0x1E, 0x24, 0x20, 0x1F, 0x05, 0x0F, 0x23, 0x25, 0x24, 0x25, 0x25, 0x24,
    0x24, 0x24, 0x24, 0x20, 0x10, 0x02, 0x07, 0x06, 0x06, 0x04, 0x0A, 0x20, 0x29, 0x29, 0x29, 0x29, 0x10, 0x02, 0x07, 0x06, 0x07, 0x06, 0x06, 0x1F,
    0x29, 0x1F, 0x04, 0x06, 0x06, 0x06, 0x04, 0x06, 0x20, 0x29, 0x29, 0x29, 0x29, 0x29, 0x29, 0x29, 0x29, 0x20, 0x20, 0x1E, 0x21, 0x23, 0x21, 0x21,
    0x21, 0x21, 0x21, 0x27, 0x18, 0x01, 0x06, 0x05, 0x05, 0x07, 0x27, 0x0C, 0x03, 0x06, 0x05, 0x03, 0x09, 0x20, 0x28, 0x23, 0x22, 0x21, 0x22, 0x21,
    0x21, 0x21, 0x23, 0x27, 0x0A, 0x03, 0x05, 0x05, 0x06, 0x06, 0x05, 0x05, 0x01, 0x17, 0x29, 0x29, 0x0E, 0x03, 0x07, 0x06, 0x06, 0x05, 0x06, 0x06,
    0x05, 0x04, 0x1F, 0x29, 0x26, 0x21, 0x27, 0x1B, 0x02, 0x07, 0x06, 0x06, 0x06, 0x1C, 0x08, 0x05, 0x06, 0x07, 0x02, 0x17, 0x29, 0x26, 0x23, 0x26,
    0x1F, 0x04, 0x07, 0x06, 0x06, 0x05, 0x05, 0x05, 0x06, 0x07, 0x02, 0x1B, 0x29, 0x11, 0x02, 0x07, 0x06, 0x07, 0x02, 0x17, 0x29, 0x27, 0x24, 0x25,
    0x25, 0x25, 0x26, 0x26, 0x26, 0x26, 0x25, 0x21, 0x09, 0x08, 0x28, 0x27, 0x1D, 0x1E, 0x1D, 0x1D, 0x1D, 0x23, 0x23, 0x23, 0x23, 0x1D, 0x1D, 0x1E,
    0x1E, 0x24, 0x24, 0x25, 0x25, 0x25, 0x26, 0x25, 0x27, 0x29, 0x0D, 0x09, 0x21, 0x1E, 0x25, 0x25, 0x25, 0x25, 0x25, 0x24, 0x1E, 0x26, 0x1F, 0x06,
    0x04, 0x05, 0x05, 0x05, 0x01, 0x17, 0x29, 0x29, 0x20, 0x20, 0x20, 0x07, 0x03, 0x05, 0x05, 0x06, 0x01, 0x0F, 0x28, 0x29, 0x14, 0x01, 0x05, 0x04,
    0x05, 0x01, 0x0C, 0x1F, 0x1F, 0x1F, 0x1F, 0x1F, 0x1F, 0x1F, 0x20, 0x28, 0x27, 0x23, 0x23, 0x23, 0x21, 0x21, 0x21, 0x23, 0x21, 0x26, 0x1F, 0x05,
    0x03, 0x04, 0x04, 0x01, 0x1B, 0x20, 0x09, 0x01, 0x04, 0x04, 0x02, 0x07, 0x1F, 0x28, 0x1E, 0x22, 0x21, 0x22, 0x21, 0x21, 0x21, 0x25, 0x1F, 0x03,
    0x03, 0x04, 0x04, 0x04, 0x04, 0x04, 0x05, 0x01, 0x10, 0x29, 0x18, 0x01, 0x05, 0x04, 0x04, 0x05, 0x04, 0x04, 0x04, 0x02, 0x09, 0x20, 0x28, 0x23,
    0x1E, 0x20, 0x0A, 0x02, 0x05, 0x05, 0x01, 0x11, 0x20, 0x05, 0x04, 0x05, 0x06, 0x01, 0x13, 0x29, 0x27, 0x21, 0x27, 0x19, 0x01, 0x05, 0x05, 0x04,
    0x04, 0x04, 0x04, 0x04, 0x05, 0x02, 0x0C, 0x28, 0x0D, 0x01, 0x05, 0x04, 0x05, 0x02, 0x1C, 0x29, 0x27, 0x24, 0x25, 0x25, 0x25, 0x26, 0x26, 0x26,
    0x26, 0x26, 0x1E, 0x1A, 0x04, 0x14, 0x29, 0x26, 0x25, 0x25, 0x25, 0x25, 0x25, 0x24, 0x1E, 0x1E, 0x1E, 0x1E, 0x1E, 0x1E, 0x24, 0x24, 0x25, 0x25,
    0x25, 0x25, 0x26, 0x28, 0x1B, 0x04, 0x13, 0x1D, 0x25, 0x25, 0x25, 0x24, 0x24, 0x25, 0x25, 0x1E, 0x27, 0x19, 0x01, 0x04, 0x03, 0x03, 0x03, 0x02,
    0x1B, 0x1F, 0x1B, 0x1B, 0x19, 0x0B, 0x01, 0x03, 0x03, 0x01, 0x01, 0x10, 0x20, 0x29, 0x28, 0x0C, 0x01, 0x03, 0x02, 0x02, 0x02, 0x04, 0x05, 0x05,
    0x05, 0x05, 0x04, 0x02, 0x06, 0x1F, 0x29, 0x27, 0x21, 0x23, 0x23, 0x21, 0x21, 0x23, 0x21, 0x23, 0x20, 0x0D, 0x01, 0x03, 0x03, 0x01, 0x0C, 0x20,
    0x20, 0x0A, 0x01, 0x03, 0x02, 0x02, 0x03, 0x1F, 0x29, 0x24, 0x22, 0x21, 0x21, 0x21, 0x21, 0x21, 0x27, 0x18, 0x01, 0x03, 0x02, 0x02, 0x02, 0x02,
    0x02, 0x03, 0x01, 0x0C, 0x1C, 0x04, 0x02, 0x02, 0x02, 0x02, 0x02, 0x03, 0x02, 0x03, 0x01, 0x0F, 0x29, 0x27, 0x21, 0x27, 0x19, 0x01, 0x04, 0x03,
    0x02, 0x06, 0x1F, 0x1F, 0x06, 0x03, 0x03, 0x04, 0x01, 0x10, 0x29, 0x27, 0x23, 0x27, 0x10, 0x01, 0x04, 0x03, 0x03, 0x02, 0x02, 0x03, 0x03, 0x03,
    0x03, 0x01, 0x1B, 0x0B, 0x01, 0x03, 0x03, 0x02, 0x06, 0x1F, 0x29, 0x26, 0x24, 0x25, 0x25, 0x25, 0x25, 0x26, 0x26, 0x26, 0x26, 0x26, 0x23, 0x0F,
    0x06, 0x1F, 0x20, 0x25, 0x25, 0x25, 0x25, 0x25, 0x24, 0x24, 0x1E, 0x1E, 0x1E, 0x1E, 0x24, 0x24, 0x25, 0x25, 0x25, 0x26, 0x25, 0x27, 0x20, 0x09,
    0x0C, 0x23, 0x24, 0x25, 0x25, 0x25, 0x24, 0x24, 0x24, 0x24, 0x25, 0x20, 0x0C, 0x01, 0x03, 0x02, 0x02, 0x02, 0x02, 0x01, 0x01, 0x01, 0x01, 0x01,
    0x01, 0x02, 0x02, 0x02, 0x0B, 0x1B, 0x28, 0x29, 0x20, 0x1F, 0x03, 0x01, 0x02, 0x02, 0x01, 0x02, 0x01, 0x01, 0x01, 0x01, 0x01, 0x03, 0x01, 0x0F,
    0x28, 0x20, 0x23, 0x23, 0x23, 0x23, 0x21, 0x23, 0x23, 0x21, 0x27, 0x1B, 0x01, 0x02, 0x02, 0x02, 0x04, 0x1F, 0x29, 0x29, 0x0C, 0x01, 0x02, 0x02,
    0x03, 0x01, 0x1C, 0x29, 0x25, 0x22, 0x21, 0x21, 0x21, 0x21, 0x21, 0x27, 0x0D, 0x01, 0x03, 0x02, 0x02, 0x02, 0x02, 0x02, 0x02, 0x01, 0x05, 0x07,
    0x01, 0x02, 0x02, 0x01, 0x01, 0x01, 0x02, 0x02, 0x03, 0x01, 0x17, 0x29, 0x26, 0x24, 0x1F, 0x06, 0x02, 0x02, 0x02, 0x01, 0x1B, 0x29, 0x1F, 0x06,
    0x01, 0x03, 0x03, 0x01, 0x0F, 0x29, 0x27, 0x1E, 0x20, 0x0A, 0x01, 0x02, 0x02, 0x01, 0x05, 0x07, 0x02, 0x02, 0x02, 0x02, 0x01, 0x08, 0x05, 0x01,
    0x02, 0x03, 0x01, 0x0C, 0x28, 0x28, 0x26, 0x25, 0x25, 0x25, 0x25, 0x25, 0x26, 0x26, 0x26, 0x26, 0x26, 0x24, 0x1D, 0x07, 0x0D, 0x29, 0x27, 0x24,
    0x25, 0x25, 0x25, 0x25, 0x24, 0x1E, 0x1E, 0x1E, 0x1E, 0x24, 0x24, 0x25, 0x25, 0x25, 0x25, 0x26, 0x29, 0x11, 0x05, 0x1D, 0x1D, 0x25, 0x25, 0x25,
    0x25, 0x24, 0x24, 0x24, 0x1E, 0x26, 0x1F, 0x03, 0x02, 0x02, 0x02, 0x02, 0x02, 0x03, 0x03, 0x03, 0x03, 0x04, 0x03, 0x02, 0x01, 0x02, 0x01, 0x0D,
    0x1F, 0x29, 0x26, 0x26, 0x19, 0x01, 0x03, 0x02, 0x02, 0x02, 0x02, 0x02, 0x02, 0x02, 0x01, 0x01, 0x02, 0x01, 0x1B, 0x29, 0x27, 0x21, 0x23, 0x21,
    0x21, 0x21, 0x23, 0x21, 0x25, 0x1F, 0x07, 0x02, 0x02, 0x02, 0x01, 0x0C, 0x1F, 0x1C, 0x1C, 0x09, 0x01, 0x03, 0x02, 0x03, 0x01, 0x1B, 0x29, 0x26,
    0x22, 0x21, 0x21, 0x21, 0x22, 0x1E, 0x1F, 0x06, 0x01, 0x02, 0x01, 0x05, 0x0C, 0x01, 0x02, 0x02, 0x01, 0x01, 0x01, 0x02, 0x02, 0x01, 0x06, 0x0C,
    0x01, 0x02, 0x02, 0x02, 0x02, 0x1F, 0x29, 0x25, 0x27, 0x11, 0x01, 0x03, 0x02, 0x01, 0x0A, 0x1F, 0x28, 0x1F, 0x06, 0x01, 0x02, 0x03, 0x01, 0x0D,
    0x29, 0x27, 0x25, 0x1F, 0x03, 0x01, 0x02, 0x02, 0x01, 0x0A, 0x1A, 0x01, 0x02, 0x02, 0x01, 0x02, 0x01, 0x01, 0x01, 0x01, 0x03, 0x01, 0x0F, 0x29,
    0x20, 0x25, 0x25, 0x25, 0x25, 0x25, 0x25, 0x26, 0x26, 0x26, 0x26, 0x26, 0x26, 0x1D, 0x13, 0x02, 0x1B, 0x28, 0x26, 0x25, 0x25, 0x25, 0x25, 0x24,
    0x1E, 0x1E, 0x1E, 0x1E, 0x24, 0x24, 0x25, 0x25, 0x25, 0x25, 0x20, 0x1F, 0x05, 0x0F, 0x23, 0x24, 0x25, 0x25, 0x25, 0x25, 0x24, 0x24, 0x24, 0x1E,
    0x27, 0x12, 0x01, 0x03, 0x02, 0x02, 0x02, 0x01, 0x01, 0x01, 0x01, 0x01, 0x01, 0x01, 0x02, 0x02, 0x02, 0x02, 0x01, 0x09, 0x1F, 0x27, 0x20, 0x0D,
    0x01, 0x03, 0x02, 0x02, 0x02, 0x01, 0x02, 0x02, 0x02, 0x04, 0x05, 0x05, 0x07, 0x1F, 0x29, 0x26, 0x22, 0x23, 0x21, 0x21, 0x21, 0x21, 0x21, 0x20,
    0x10, 0x01, 0x03, 0x02, 0x03, 0x03, 0x03, 0x01, 0x01, 0x01, 0x02, 0x03, 0x03, 0x03, 0x03, 0x01, 0x17, 0x29, 0x26, 0x22, 0x21, 0x21, 0x21, 0x21,
    0x26, 0x1B, 0x01, 0x03, 0x03, 0x02, 0x09, 0x13, 0x01, 0x03, 0x02, 0x02, 0x03, 0x03, 0x02, 0x03, 0x01, 0x1A, 0x0C, 0x01, 0x03, 0x03, 0x01, 0x07,
    0x20, 0x20, 0x27, 0x1F, 0x03, 0x02, 0x02, 0x02, 0x03, 0x06, 0x08, 0x08, 0x09, 0x04, 0x02, 0x02, 0x03, 0x01, 0x0C, 0x28, 0x27, 0x26, 0x1B, 0x01,
    0x03, 0x03, 0x03, 0x01, 0x0D, 0x27, 0x07, 0x01, 0x03, 0x02, 0x02, 0x03, 0x03, 0x02, 0x03, 0x04, 0x01, 0x17, 0x29, 0x27, 0x24, 0x25, 0x25, 0x25,
    0x25, 0x25, 0x26, 0x26, 0x26, 0x26, 0x26, 0x26, 0x25, 0x21, 0x09, 0x09, 0x20, 0x27, 0x25, 0x25, 0x25, 0x25, 0x24, 0x1E, 0x1E, 0x1E, 0x1E, 0x24,
    0x24, 0x25, 0x25, 0x25, 0x27, 0x29, 0x0D, 0x09, 0x21, 0x1E, 0x25, 0x25, 0x25, 0x25, 0x25, 0x24, 0x24, 0x24, 0x26, 0x20, 0x09, 0x02, 0x03, 0x03,
    0x03, 0x02, 0x06, 0x0C, 0x0C, 0x0F, 0x10, 0x10, 0x07, 0x01, 0x03, 0x04, 0x03, 0x04, 0x01, 0x1B, 0x29, 0x1F, 0x04, 0x03, 0x04, 0x04, 0x03, 0x04,
    0x1B, 0x1F, 0x1F, 0x1F, 0x1F, 0x1F, 0x1F, 0x1F, 0x20, 0x20, 0x23, 0x21, 0x21, 0x21, 0x21, 0x21, 0x21, 0x26, 0x1C, 0x01, 0x05, 0x05, 0x05, 0x05,
    0x05, 0x05, 0x05, 0x05, 0x06, 0x04, 0x04, 0x04, 0x05, 0x05, 0x01, 0x11, 0x29, 0x27, 0x22, 0x21, 0x21, 0x21, 0x21, 0x27, 0x11, 0x02, 0x06, 0x06,
    0x02, 0x0E, 0x1C, 0x02, 0x04, 0x04, 0x04, 0x05, 0x04, 0x05, 0x01, 0x0F, 0x1F, 0x04, 0x03, 0x04, 0x05, 0x01, 0x0E, 0x29, 0x20, 0x20, 0x0D, 0x01,
    0x03, 0x03, 0x03, 0x03, 0x03, 0x02, 0x02, 0x02, 0x03, 0x04, 0x04, 0x04, 0x03, 0x09, 0x20, 0x20, 0x27, 0x11, 0x01, 0x05, 0x05, 0x06, 0x01, 0x11,
    0x29, 0x11, 0x01, 0x05, 0x03, 0x04, 0x04, 0x04, 0x04, 0x04, 0x05, 0x01, 0x1B, 0x29, 0x27, 0x24, 0x25, 0x25, 0x25, 0x25, 0x25, 0x25, 0x26, 0x26,
    0x26, 0x26, 0x26, 0x26, 0x1D, 0x1A, 0x03, 0x11, 0x29, 0x26, 0x25, 0x25, 0x25, 0x24, 0x1E, 0x1E, 0x1E, 0x1E, 0x24, 0x24, 0x25, 0x25, 0x26, 0x28,
    0x1B, 0x05, 0x13, 0x23, 0x25, 0x24, 0x25, 0x25, 0x25, 0x24, 0x24, 0x24, 0x1E, 0x27, 0x1B, 0x01, 0x06, 0x05, 0x05, 0x06, 0x01, 0x17, 0x28, 0x28,
    0x28, 0x28, 0x29, 0x10, 0x01, 0x06, 0x05, 0x05, 0x05, 0x05, 0x1F, 0x29, 0x14, 0x01, 0x06, 0x06, 0x06, 0x03, 0x0C, 0x28, 0x29, 0x29, 0x29, 0x29,
    0x29, 0x29, 0x29, 0x29, 0x20, 0x1E, 0x21, 0x23, 0x23, 0x23, 0x21, 0x1E, 0x20, 0x09, 0x05, 0x07, 0x06, 0x07, 0x06, 0x05, 0x05, 0x06, 0x06, 0x06,
    0x06, 0x07, 0x06, 0x06, 0x07, 0x02, 0x10, 0x29, 0x27, 0x22, 0x21, 0x21, 0x22, 0x23, 0x27, 0x0B, 0x07, 0x08, 0x07, 0x02, 0x17, 0x20, 0x06, 0x05,
    0x06, 0x06, 0x06, 0x07, 0x06, 0x07, 0x20, 0x1B, 0x01, 0x06, 0x06, 0x07, 0x01, 0x18, 0x29, 0x29, 0x1B, 0x01, 0x06, 0x06, 0x06, 0x06, 0x06, 0x06,
    0x07, 0x07, 0x06, 0x05, 0x06, 0x06, 0x06, 0x05, 0x07, 0x1F, 0x28, 0x20, 0x0D, 0x04, 0x07, 0x07, 0x07, 0x02, 0x1B, 0x29, 0x1F, 0x05, 0x05, 0x06,
    0x06, 0x06, 0x06, 0x06, 0x06, 0x06, 0x05, 0x1F, 0x29, 0x26, 0x24, 0x25, 0x25, 0x25, 0x25, 0x25, 0x25, 0x26, 0x26, 0x26, 0x26, 0x26, 0x26, 0x26,
    0x23, 0x0F, 0x05, 0x1F, 0x20, 0x25, 0x25, 0x25, 0x24, 0x1E, 0x1E, 0x1E, 0x24, 0x24, 0x24, 0x25, 0x25, 0x27, 0x20, 0x09, 0x0C, 0x21, 0x24, 0x25,
    0x25, 0x25, 0x25, 0x24, 0x24, 0x24, 0x24, 0x24, 0x20, 0x0E, 0x04, 0x08, 0x07, 0x07, 0x07, 0x06, 0x1F, 0x29, 0x28, 0x27, 0x27, 0x28, 0x0C, 0x05,
    0x07, 0x07, 0x07, 0x04, 0x0C, 0x28, 0x29, 0x0D, 0x06, 0x08, 0x07, 0x08, 0x04, 0x0F, 0x1F, 0x1B, 0x1B, 0x1B, 0x1B, 0x19, 0x15, 0x12, 0x1B, 0x29,
    0x20, 0x23, 0x21, 0x21, 0x21, 0x21, 0x27, 0x12, 0x04, 0x09, 0x08, 0x09, 0x07, 0x08, 0x0C, 0x0C, 0x0C, 0x0C, 0x0D, 0x09, 0x09, 0x08, 0x08, 0x08,
    0x06, 0x0D, 0x29, 0x27, 0x22, 0x22, 0x21, 0x21, 0x24, 0x1F, 0x06, 0x09, 0x09, 0x0A, 0x06, 0x1B, 0x28, 0x0C, 0x06, 0x08, 0x08, 0x08, 0x08, 0x04,
    0x1B, 0x29, 0x10, 0x04, 0x08, 0x08, 0x08, 0x05, 0x1C, 0x29, 0x20, 0x09, 0x06, 0x08, 0x08, 0x08, 0x05, 0x05, 0x05, 0x05, 0x04, 0x05, 0x08, 0x08,
    0x08, 0x08, 0x07, 0x07, 0x1F, 0x29, 0x20, 0x08, 0x08, 0x08, 0x08, 0x08, 0x06, 0x1F, 0x29, 0x28, 0x0E, 0x03, 0x08, 0x08, 0x08, 0x08, 0x08, 0x08,
    0x07, 0x09, 0x20, 0x29, 0x26, 0x24, 0x25, 0x25, 0x25, 0x26, 0x26, 0x26, 0x26, 0x26, 0x26, 0x26, 0x26, 0x26, 0x26, 0x24, 0x1D, 0x07, 0x0D, 0x29,
    0x26, 0x24, 0x25, 0x24, 0x23, 0x1E, 0x1E, 0x24, 0x24, 0x25, 0x25, 0x26, 0x29, 0x11, 0x05, 0x1A, 0x1D, 0x25, 0x25, 0x25, 0x25, 0x25, 0x25, 0x24,
    0x25, 0x24, 0x26, 0x1F, 0x07, 0x09, 0x09, 0x09, 0x09, 0x07, 0x0D, 0x20, 0x20, 0x1F, 0x1F, 0x1F, 0x11, 0x06, 0x08, 0x08, 0x09, 0x0A, 0x06, 0x17,
    0x29, 0x1F, 0x07, 0x09, 0x09, 0x08, 0x09, 0x07, 0x06, 0x06, 0x05, 0x05, 0x05, 0x05, 0x05, 0x05, 0x01, 0x17, 0x29, 0x27, 0x23, 0x23, 0x23, 0x21,
    0x26, 0x1F, 0x07, 0x0B, 0x0B, 0x0B, 0x0A, 0x07, 0x1F, 0x28, 0x28, 0x28, 0x28, 0x28, 0x0F, 0x07, 0x0A, 0x0A, 0x0A, 0x08, 0x0C, 0x28, 0x20, 0x21,
    0x21, 0x21, 0x21, 0x26, 0x19, 0x07, 0x0B, 0x0B, 0x0B, 0x09, 0x1F, 0x29, 0x10, 0x08, 0x0B, 0x0A, 0x0B, 0x06, 0x10, 0x29, 0x20, 0x09, 0x08, 0x0A,
    0x09, 0x08, 0x08, 0x1F, 0x29, 0x12, 0x06, 0x0B, 0x09, 0x0A, 0x06, 0x13, 0x1C, 0x1B, 0x1B, 0x1B, 0x1B, 0x09, 0x09, 0x09, 0x09, 0x0A, 0x08, 0x1F,
    0x29, 0x1F, 0x07, 0x0B, 0x0A, 0x0A, 0x0A, 0x0A, 0x20, 0x28, 0x27, 0x1C, 0x06, 0x0A, 0x09, 0x0A, 0x0A, 0x0A, 0x0B, 0x08, 0x0D, 0x28, 0x20, 0x25,
    0x24, 0x25, 0x25, 0x25, 0x25, 0x26, 0x26, 0x26, 0x26, 0x26, 0x26, 0x26, 0x26, 0x26, 0x26, 0x23, 0x13, 0x03, 0x1B, 0x28, 0x25, 0x25, 0x24, 0x21,
    0x23, 0x1E, 0x24, 0x24, 0x25, 0x25, 0x20, 0x1F, 0x05, 0x0F, 0x23, 0x25, 0x25, 0x25, 0x25, 0x25, 0x25, 0x25, 0x25, 0x25, 0x24, 0x27, 0x19, 0x07,
    0x0D, 0x0B, 0x0B, 0x0B, 0x09, 0x08, 0x0C, 0x0A, 0x09, 0x08, 0x08, 0x08, 0x0B, 0x0A, 0x0A, 0x0B, 0x0A, 0x06, 0x1F, 0x29, 0x19, 0x06, 0x0C, 0x0B,
    0x0A, 0x09, 0x09, 0x09, 0x0A, 0x0B, 0x0B, 0x0A, 0x0A, 0x0A, 0x0B, 0x08, 0x1F, 0x29, 0x26, 0x21, 0x23, 0x23, 0x23, 0x20, 0x0E, 0x0C, 0x0D, 0x0D,
    0x0E, 0x09, 0x11, 0x29, 0x28, 0x27, 0x27, 0x27, 0x20, 0x10, 0x0B, 0x0D, 0x0D, 0x0D, 0x0D, 0x0C, 0x20, 0x20, 0x21, 0x22, 0x21, 0x21, 0x27, 0x0E,
    0x0C, 0x0E, 0x0E, 0x0B, 0x0C, 0x20, 0x29, 0x17, 0x07, 0x0D, 0x0D, 0x0B, 0x0C, 0x20, 0x29, 0x1F, 0x09, 0x0D, 0x0C, 0x0B, 0x08, 0x0D, 0x29, 0x1F,
    0x09, 0x0D, 0x0C, 0x0B, 0x0A, 0x0C, 0x20, 0x29, 0x29, 0x29, 0x29, 0x20, 0x09, 0x09, 0x0B, 0x0B, 0x0B, 0x07, 0x1F, 0x29, 0x19, 0x08, 0x0D, 0x0B,
    0x0B, 0x09, 0x0D, 0x29, 0x20, 0x25, 0x20, 0x0D, 0x09, 0x0B, 0x0B, 0x0B, 0x0B, 0x0D, 0x08, 0x10, 0x29, 0x27, 0x1E, 0x1E, 0x1E, 0x24, 0x25, 0x25,
    0x26, 0x26, 0x26, 0x26, 0x26, 0x26, 0x26, 0x26, 0x26, 0x26, 0x25, 0x21, 0x0C, 0x09, 0x20, 0x27, 0x24, 0x25, 0x21, 0x21, 0x23, 0x24, 0x24, 0x24,
    0x27, 0x29, 0x0E, 0x07, 0x21, 0x24, 0x26, 0x25, 0x25, 0x25, 0x25, 0x25, 0x25, 0x25, 0x24, 0x25, 0x20, 0x0D, 0x0B, 0x0D, 0x0D, 0x0D, 0x0D, 0x0D,
    0x0C, 0x0A, 0x0B, 0x0B, 0x0C, 0x0D, 0x0D, 0x0D, 0x0D, 0x0D, 0x08, 0x07, 0x1B, 0x28, 0x29, 0x10, 0x0D, 0x0E, 0x0D, 0x0D, 0x0D, 0x0C, 0x0B, 0x0B,
    0x0C, 0x0C, 0x0B, 0x0B, 0x0A, 0x07, 0x0C, 0x28, 0x28, 0x1E, 0x21, 0x23, 0x21, 0x27, 0x19, 0x05, 0x0C, 0x0A, 0x09, 0x08, 0x09, 0x1F, 0x29, 0x26,
    0x21, 0x22, 0x21, 0x27, 0x10, 0x06, 0x08, 0x07, 0x07, 0x08, 0x06, 0x1F, 0x28, 0x23, 0x22, 0x22, 0x23, 0x1F, 0x07, 0x07, 0x09, 0x09, 0x05, 0x11,
    0x29, 0x28, 0x1C, 0x03, 0x07, 0x08, 0x08, 0x1F, 0x29, 0x29, 0x17, 0x04, 0x08, 0x06, 0x07, 0x01, 0x11, 0x28, 0x0D, 0x07, 0x0B, 0x0A, 0x0A, 0x05,
    0x1B, 0x29, 0x27, 0x1D, 0x1E, 0x25, 0x27, 0x0A, 0x0A, 0x0C, 0x0D, 0x0D, 0x06, 0x1B, 0x29, 0x10, 0x0A, 0x0E, 0x0E, 0x0E, 0x0B, 0x11, 0x29, 0x27,
    0x23, 0x27, 0x1B, 0x08, 0x0E, 0x0D, 0x0D, 0x0D, 0x0E, 0x08, 0x1A, 0x29, 0x27, 0x26, 0x26, 0x26, 0x26, 0x26, 0x26, 0x26, 0x26, 0x26, 0x26, 0x26,
    0x26, 0x26, 0x26, 0x26, 0x26, 0x26, 0x1D, 0x1A, 0x05, 0x11, 0x29, 0x26, 0x25, 0x21, 0x23, 0x1E, 0x24, 0x24, 0x25, 0x28, 0x1B, 0x04, 0x13, 0x1D,
    0x26, 0x25, 0x25, 0x25, 0x25, 0x25, 0x25, 0x25, 0x25, 0x24, 0x27, 0x1F, 0x09, 0x0E, 0x0E, 0x0E, 0x0E, 0x0E, 0x0E, 0x0E, 0x0E, 0x0E, 0x0E, 0x0E,
    0x0D, 0x0D, 0x0D, 0x0D, 0x09, 0x0F, 0x1F, 0x29, 0x29, 0x1F, 0x06, 0x0A, 0x0A, 0x0A, 0x0A, 0x09, 0x08, 0x07, 0x09, 0x09, 0x09, 0x0A, 0x0C, 0x0D,
    0x0C, 0x1B, 0x29, 0x27, 0x21, 0x23, 0x21, 0x1E, 0x20, 0x11, 0x0F, 0x10, 0x10, 0x10, 0x10, 0x1C, 0x29, 0x20, 0x23, 0x21, 0x21, 0x21, 0x27, 0x1F,
    0x1B, 0x1B, 0x1B, 0x1B, 0x1B, 0x1B, 0x1F, 0x29, 0x24, 0x21, 0x21, 0x25, 0x20, 0x1C, 0x1C, 0x1C, 0x1C, 0x1C, 0x1F, 0x29, 0x27, 0x20, 0x1C, 0x1B,
    0x1B, 0x1C, 0x29, 0x20, 0x27, 0x1C, 0x18, 0x19, 0x18, 0x17, 0x17, 0x1F, 0x1F, 0x10, 0x10, 0x10, 0x10, 0x0F, 0x13, 0x20, 0x28, 0x1E, 0x21, 0x21,
    0x23, 0x27, 0x0D, 0x0A, 0x0C, 0x0A, 0x0B, 0x06, 0x1B, 0x28, 0x0A, 0x06, 0x0A, 0x0A, 0x0B, 0x06, 0x1B, 0x29, 0x26, 0x23, 0x25, 0x20, 0x0A, 0x0D,
    0x0E, 0x0E, 0x0E, 0x10, 0x0A, 0x1C, 0x29, 0x20, 0x19, 0x19, 0x1B, 0x1B, 0x1F, 0x26, 0x26, 0x26, 0x26, 0x26, 0x26, 0x26, 0x26, 0x26, 0x26, 0x26,
    0x26, 0x26, 0x23, 0x0F, 0x06, 0x1F, 0x20, 0x25, 0x23, 0x1E, 0x1E, 0x25, 0x24, 0x27, 0x20, 0x09, 0x0C, 0x21, 0x25, 0x26, 0x25, 0x25, 0x25, 0x25,
    0x25, 0x25, 0x25, 0x25, 0x24, 0x20, 0x11, 0x0A, 0x0E, 0x0E, 0x0D, 0x0D, 0x0C, 0x0B, 0x0B, 0x0B, 0x0B, 0x0B, 0x09, 0x09, 0x0A, 0x0C, 0x0C, 0x1A,
    0x28, 0x29, 0x27, 0x27, 0x1F, 0x10, 0x17, 0x17, 0x1B, 0x1B, 0x1B, 0x1C, 0x1C, 0x1F, 0x1F, 0x1F, 0x1F, 0x20, 0x28, 0x29, 0x29, 0x29, 0x26, 0x21,
    0x23, 0x21, 0x27, 0x29, 0x29, 0x29, 0x29, 0x29, 0x29, 0x29, 0x29, 0x29, 0x26, 0x22, 0x21, 0x21, 0x22, 0x26, 0x29, 0x29, 0x29, 0x29, 0x29, 0x29,
    0x29, 0x29, 0x29, 0x25, 0x22, 0x22, 0x1E, 0x28, 0x29, 0x29, 0x29, 0x29, 0x29, 0x29, 0x28, 0x1E, 0x27, 0x29, 0x29, 0x29, 0x29, 0x28, 0x1E, 0x26,
    0x29, 0x29, 0x29, 0x29, 0x29, 0x29, 0x29, 0x29, 0x29, 0x29, 0x29, 0x29, 0x29, 0x29, 0x29, 0x27, 0x21, 0x23, 0x23, 0x23, 0x27, 0x28, 0x20, 0x1F,
    0x1F, 0x1F, 0x1F, 0x1F, 0x28, 0x1C, 0x1B, 0x1B, 0x1B, 0x19, 0x17, 0x1F, 0x29, 0x26, 0x1E, 0x1E, 0x27, 0x18, 0x0A, 0x0C, 0x0A, 0x09, 0x09, 0x09,
    0x1F, 0x28, 0x27, 0x19, 0x19, 0x0C, 0x0A, 0x1C, 0x26, 0x26, 0x26, 0x26, 0x26, 0x26, 0x26, 0x26, 0x26, 0x26, 0x26, 0x26, 0x26, 0x1E, 0x1D, 0x07,
    0x0F, 0x29, 0x26, 0x1E, 0x1E, 0x24, 0x24, 0x26, 0x29, 0x11, 0x05, 0x1A, 0x1E, 0x26, 0x25, 0x25, 0x25, 0x24, 0x24, 0x25, 0x25, 0x25, 0x25, 0x26,
    0x20, 0x0C, 0x09, 0x0C, 0x0C, 0x0D, 0x0F, 0x10, 0x11, 0x17, 0x1A, 0x1B, 0x1B, 0x1C, 0x1F, 0x1F, 0x20, 0x20, 0x29, 0x29, 0x27, 0x23, 0x27, 0x29,
    0x29, 0x29, 0x29, 0x29, 0x29, 0x29, 0x29, 0x29, 0x28, 0x28, 0x20, 0x20, 0x20, 0x27, 0x27, 0x27, 0x27, 0x23, 0x21, 0x23, 0x23, 0x23, 0x26, 0x27,
    0x26, 0x26, 0x26, 0x26, 0x1C, 0x1C, 0x1D, 0x21, 0x21, 0x21, 0x21, 0x21, 0x21, 0x1D, 0x1A, 0x1A, 0x1A, 0x1A, 0x1A, 0x1A, 0x1A, 0x1A, 0x1A, 0x21,
    0x21, 0x21, 0x1D, 0x1D, 0x1D, 0x1D, 0x1D, 0x1D, 0x1D, 0x1D, 0x21, 0x1D, 0x1D, 0x1D, 0x1C, 0x1A, 0x1D, 0x21, 0x21, 0x1D, 0x1D, 0x1D, 0x1D, 0x1D,
    0x1D, 0x25, 0x25, 0x26, 0x26, 0x26, 0x26, 0x26, 0x26, 0x26, 0x23, 0x23, 0x23, 0x23, 0x23, 0x24, 0x27, 0x27, 0x20, 0x20, 0x20, 0x20, 0x28, 0x28,
    0x29, 0x29, 0x29, 0x29, 0x29, 0x29, 0x29, 0x28, 0x25, 0x1E, 0x1E, 0x26, 0x28, 0x20, 0x20, 0x1F, 0x1F, 0x1F, 0x1F, 0x28, 0x20, 0x26, 0x1B, 0x1F,
    0x11, 0x10, 0x1F, 0x26, 0x26, 0x26, 0x27, 0x20, 0x27, 0x27, 0x27, 0x27, 0x26, 0x26, 0x26, 0x26, 0x26, 0x23, 0x13, 0x04, 0x1B, 0x28, 0x1E, 0x24,
    0x24, 0x1E, 0x20, 0x1F, 0x02, 0x0F, 0x23, 0x26, 0x26, 0x26, 0x27, 0x27, 0x27, 0x20, 0x28, 0x27, 0x26, 0x26, 0x27, 0x28, 0x1F, 0x1F, 0x20, 0x28,
    0x28, 0x29, 0x29, 0x29, 0x29, 0x29, 0x29, 0x29, 0x29, 0x29, 0x28, 0x20, 0x20, 0x27, 0x26, 0x24, 0x1E, 0x1E, 0x26, 0x26, 0x26, 0x25, 0x24, 0x1D,
    0x1D, 0x1D, 0x1D, 0x1D, 0x1D, 0x21, 0x21, 0x21, 0x21, 0x1A, 0x1A, 0x13, 0x1A, 0x1A, 0x13, 0x13, 0x13, 0x13, 0x13, 0x13, 0x13, 0x13, 0x13, 0x13,
    0x13, 0x13, 0x13, 0x13, 0x13, 0x1A, 0x1A, 0x1A, 0x1A, 0x1A, 0x1B, 0x1B, 0x1A, 0x1C, 0x1C, 0x1C, 0x1C, 0x1B, 0x1C, 0x1C, 0x1C, 0x1C, 0x1C, 0x1C,
    0x1C, 0x1C, 0x1C, 0x1B, 0x1C, 0x1C, 0x1A, 0x1A, 0x1C, 0x1A, 0x1A, 0x1A, 0x1A, 0x1C, 0x1A, 0x1A, 0x1A, 0x1A, 0x1A, 0x13, 0x13, 0x13, 0x21, 0x1A,
    0x13, 0x13, 0x13, 0x13, 0x13, 0x13, 0x13, 0x1A, 0x21, 0x21, 0x21, 0x1A, 0x1A, 0x1A, 0x21, 0x21, 0x21, 0x1D, 0x1D, 0x1D, 0x1D, 0x1D, 0x1D, 0x1D,
    0x25, 0x26, 0x25, 0x1D, 0x1E, 0x24, 0x24, 0x27, 0x20, 0x20, 0x28, 0x28, 0x29, 0x29, 0x29, 0x27, 0x24, 0x26, 0x26, 0x27, 0x26, 0x26, 0x26, 0x26,
    0x27, 0x29, 0x27, 0x20, 0x20, 0x28, 0x29, 0x28, 0x28, 0x20, 0x27, 0x27, 0x26, 0x1D, 0x0C, 0x09, 0x1F,
};

static uint16_t pal_sprtlg03[] __attribute__((aligned(8))) = {
    0x0000, 0xCE77, 0x8425, 0x6B5D, 0x6B5D, 0x635D, 0x631B, 0x5B1B, 0x5AD9, 0x5297, 0x4A99, 0x814B,
    0x3193, 0x00EF, 0x0027, 0x00AF, 0x0013, 0x0001,
};

static const uint8_t px_sprtlg03[] __attribute__((aligned(8))) = {
    0x04, 0x04, 0x05, 0x05, 0x07, 0x07, 0x07, 0x07, 0x07, 0x08, 0x08, 0x08, 0x08, 0x08, 0x09, 0x09, 0x09, 0x09, 0x09, 0x09, 0x09, 0x09, 0x09, 0x09,
    0x09, 0x0C, 0x0C, 0x0C, 0x0C, 0x0C, 0x0C, 0x0C, 0x0C, 0x0C, 0x0C, 0x00, 0x00, 0x00, 0x00, 0x00, 0x00, 0x00, 0x00, 0x00, 0x00, 0x00, 0x00, 0x03,
    0x04, 0x04, 0x05, 0x05, 0x05, 0x07, 0x07, 0x07, 0x07, 0x07, 0x07, 0x07, 0x08, 0x08, 0x08, 0x08, 0x08, 0x09, 0x09, 0x09, 0x09, 0x09, 0x09, 0x09,
    0x09, 0x09, 0x0C, 0x0C, 0x0C, 0x0C, 0x0C, 0x0C, 0x0C, 0x0C, 0x00, 0x00, 0x00, 0x00, 0x00, 0x00, 0x00, 0x00, 0x00, 0x00, 0x00, 0x00, 0x03, 0x04,
    0x04, 0x04, 0x04, 0x05, 0x05, 0x05, 0x07, 0x07, 0x07, 0x07, 0x07, 0x07, 0x06, 0x06, 0x06, 0x08, 0x08, 0x08, 0x08, 0x08, 0x09, 0x09, 0x09, 0x09,
    0x09, 0x09, 0x09, 0x0C, 0x0C, 0x0C, 0x0C, 0x0C, 0x0C, 0x00, 0x00, 0x00, 0x00, 0x00, 0x00, 0x00, 0x00, 0x00, 0x00, 0x00, 0x00, 0x03, 0x03, 0x03,
    0x03, 0x04, 0x03, 0x04, 0x04, 0x04, 0x04, 0x04, 0x05, 0x05, 0x05, 0x05, 0x05, 0x06, 0x06, 0x06, 0x06, 0x06, 0x08, 0x08, 0x08, 0x09, 0x09, 0x09,
    0x09, 0x09, 0x09, 0x0C, 0x0C, 0x0C, 0x0C, 0x0C, 0x00, 0x00, 0x00, 0x00, 0x00, 0x00, 0x00, 0x00, 0x00, 0x00, 0x00, 0x00, 0x05, 0x05, 0x05, 0x07,
    0x05, 0x04, 0x04, 0x04, 0x04, 0x04, 0x04, 0x04, 0x04, 0x03, 0x03, 0x03, 0x03, 0x03, 0x03, 0x06, 0x06, 0x06, 0x06, 0x06, 0x08, 0x08, 0x09, 0x09,
    0x09, 0x09, 0x09, 0x0C, 0x0C, 0x0C, 0x0C, 0x00, 0x00, 0x00, 0x00, 0x00, 0x00, 0x00, 0x00, 0x00, 0x00, 0x00, 0x00, 0x01, 0x01, 0x01, 0x01, 0x02,
    0x02, 0x02, 0x02, 0x02, 0x04, 0x05, 0x07, 0x07, 0x07, 0x07, 0x07, 0x07, 0x05, 0x03, 0x03, 0x03, 0x03, 0x03, 0x03, 0x06, 0x06, 0x08, 0x09, 0x09,
    0x09, 0x09, 0x0C, 0x0C, 0x0C, 0x0C, 0x00, 0x00, 0x00, 0x00, 0x00, 0x00, 0x00, 0x00, 0x00, 0x00, 0x00, 0x00, 0x0C, 0x0C, 0x09, 0x03, 0x02, 0x02,
    0x02, 0x01, 0x01, 0x01, 0x01, 0x01, 0x01, 0x01, 0x01, 0x02, 0x02, 0x02, 0x02, 0x02, 0x03, 0x03, 0x03, 0x03, 0x06, 0x06, 0x06, 0x08, 0x09, 0x09,
    0x09, 0x09, 0x0C, 0x0C, 0x0C, 0x00, 0x00, 0x00, 0x00, 0x00, 0x00, 0x00, 0x00, 0x00, 0x00, 0x00, 0x00, 0x03, 0x08, 0x09, 0x0C, 0x11, 0x11, 0x11,
    0x11, 0x11, 0x11, 0x11, 0x0C, 0x0C, 0x09, 0x03, 0x03, 0x02, 0x02, 0x01, 0x01, 0x01, 0x01, 0x01, 0x01, 0x02, 0x03, 0x06, 0x08, 0x09, 0x09, 0x09,
    0x09, 0x09, 0x0C, 0x0C, 0x00, 0x00, 0x00, 0x00, 0x00, 0x00, 0x00, 0x00, 0x00, 0x00, 0x00, 0x00, 0x01, 0x01, 0x01, 0x01, 0x01, 0x01, 0x01, 0x01,
    0x01, 0x01, 0x02, 0x02, 0x03, 0x09, 0x0C, 0x0C, 0x11, 0x11, 0x11, 0x11, 0x11, 0x11, 0x09, 0x01, 0x01, 0x03, 0x03, 0x06, 0x08, 0x09, 0x09, 0x09,
    0x09, 0x09, 0x0C, 0x00, 0x00, 0x00, 0x00, 0x00, 0x00, 0x00, 0x00, 0x00, 0x00, 0x00, 0x00, 0x0D, 0x0D, 0x0D, 0x0D, 0x0D, 0x0D, 0x0D, 0x02, 0x02,
    0x02, 0x01, 0x01, 0x01, 0x01, 0x01, 0x01, 0x01, 0x01, 0x02, 0x0C, 0x11, 0x09, 0x01, 0x02, 0x03, 0x03, 0x03, 0x06, 0x08, 0x09, 0x09, 0x09, 0x09,
    0x09, 0x09, 0x00, 0x00, 0x00, 0x00, 0x00, 0x00, 0x00, 0x00, 0x00, 0x00, 0x00, 0x00, 0x0F, 0x0F, 0x0F, 0x0F, 0x0D, 0x0D, 0x0D, 0x0D, 0x0D, 0x0D,
    0x0D, 0x0D, 0x0D, 0x0D, 0x0D, 0x0D, 0x01, 0x0D, 0x10, 0x11, 0x02, 0x01, 0x02, 0x03, 0x03, 0x03, 0x06, 0x08, 0x09, 0x09, 0x09, 0x09, 0x09, 0x09,
    0x09, 0x00, 0x00, 0x00, 0x00, 0x00, 0x00, 0x00, 0x00, 0x00, 0x00, 0x00, 0x00, 0x0F, 0x0F, 0x0F, 0x0F, 0x0F, 0x0F, 0x0F, 0x0F, 0x0F, 0x0F, 0x0F,
    0x0F, 0x0F, 0x0D, 0x0D, 0x0D, 0x0D, 0x11, 0x11, 0x01, 0x01, 0x05, 0x03, 0x03, 0x03, 0x06, 0x06, 0x08, 0x09, 0x09, 0x09, 0x09, 0x09, 0x09, 0x09,
    0x00, 0x00, 0x00, 0x00, 0x00, 0x00, 0x00, 0x00, 0x00, 0x00, 0x00, 0x00, 0x0F, 0x0F, 0x0F, 0x0F, 0x0F, 0x0F, 0x0F, 0x0F, 0x0F, 0x0F, 0x0F, 0x0F,
    0x0D, 0x0D, 0x0D, 0x10, 0x11, 0x09, 0x01, 0x02, 0x08, 0x04, 0x03, 0x03, 0x06, 0x06, 0x06, 0x08, 0x09, 0x09, 0x09, 0x09, 0x09, 0x09, 0x09, 0x00,
    0x00, 0x00, 0x00, 0x00, 0x00, 0x00, 0x00, 0x00, 0x00, 0x00, 0x00, 0x0F, 0x0F, 0x0F, 0x0F, 0x0F, 0x0F, 0x0F, 0x0F, 0x0F, 0x0F, 0x0D, 0x0D, 0x0D,
    0x0D, 0x10, 0x11, 0x02, 0x01, 0x02, 0x07, 0x04, 0x04, 0x03, 0x05, 0x06, 0x06, 0x08, 0x08, 0x09, 0x09, 0x09, 0x09, 0x09, 0x09, 0x0C, 0x00, 0x00,
    0x00, 0x00, 0x00, 0x00, 0x00, 0x00, 0x00, 0x00, 0x00, 0x00, 0x0F, 0x0F, 0x0F, 0x0F, 0x0F, 0x0F, 0x0F, 0x0F, 0x0F, 0x0D, 0x0D, 0x0D, 0x0D, 0x11,
    0x11, 0x01, 0x01, 0x07, 0x05, 0x04, 0x05, 0x04, 0x05, 0x06, 0x06, 0x08, 0x08, 0x09, 0x09, 0x09, 0x09, 0x09, 0x09, 0x09, 0x09, 0x00, 0x00, 0x00,
    0x00, 0x00, 0x00, 0x00, 0x00, 0x00, 0x00, 0x00, 0x00, 0x0F, 0x0F, 0x0F, 0x0F, 0x0F, 0x0F, 0x0F, 0x0F, 0x0D, 0x0D, 0x0D, 0x0E, 0x11, 0x0C, 0x01,
    0x02, 0x0A, 0x05, 0x04, 0x05, 0x05, 0x05, 0x07, 0x07, 0x06, 0x08, 0x08, 0x09, 0x09, 0x09, 0x09, 0x09, 0x09, 0x09, 0x09, 0x00, 0x00, 0x00, 0x00,
    0x00, 0x00, 0x00, 0x00, 0x00, 0x00, 0x00, 0x00, 0x0F, 0x0F, 0x0F, 0x0F, 0x0F, 0x0F, 0x0F, 0x0D, 0x0D, 0x0D, 0x10, 0x11, 0x06, 0x01, 0x02, 0x07,
    0x05, 0x05, 0x05, 0x05, 0x07, 0x07, 0x07, 0x08, 0x08, 0x08, 0x08, 0x09, 0x09, 0x09, 0x09, 0x09, 0x09, 0x09, 0x09, 0x00, 0x00, 0x00, 0x00, 0x00,
    0x00, 0x00, 0x00, 0x00, 0x00, 0x00, 0x00, 0x0F, 0x0F, 0x0F, 0x0F, 0x0F, 0x0D, 0x0D, 0x0D, 0x0D, 0x11, 0x11, 0x02, 0x01, 0x04, 0x05, 0x04, 0x04,
    0x05, 0x05, 0x05, 0x07, 0x07, 0x07, 0x08, 0x08, 0x08, 0x09, 0x09, 0x09, 0x09, 0x09, 0x09, 0x09, 0x09, 0x09, 0x00, 0x00, 0x00, 0x00, 0x00, 0x00,
    0x00, 0x00, 0x00, 0x00, 0x00, 0x00, 0x0F, 0x0F, 0x0F, 0x0F, 0x0D, 0x0D, 0x0D, 0x0E, 0x11, 0x0C, 0x01, 0x01, 0x05, 0x05, 0x04, 0x04, 0x04, 0x05,
    0x05, 0x05, 0x07, 0x07, 0x07, 0x08, 0x08, 0x09, 0x09, 0x09, 0x09, 0x09, 0x09, 0x09, 0x09, 0x09, 0x09, 0x00, 0x00, 0x00, 0x00, 0x00, 0x00, 0x00,
    0x00, 0x00, 0x00, 0x00, 0x00, 0x0F, 0x0F, 0x0F, 0x0D, 0x0D, 0x0D, 0x10, 0x11, 0x09, 0x01, 0x02, 0x07, 0x04, 0x04, 0x04, 0x04, 0x04, 0x05, 0x05,
    0x05, 0x07, 0x07, 0x07, 0x08, 0x08, 0x09, 0x09, 0x09, 0x09, 0x09, 0x09, 0x09, 0x09, 0x09, 0x09, 0x00, 0x00, 0x00, 0x00, 0x00, 0x00, 0x00, 0x00,
    0x00, 0x00, 0x00, 0x00, 0x0E, 0x0F, 0x0D, 0x0D, 0x0D, 0x0E, 0x11, 0x08, 0x01, 0x05, 0x07, 0x03, 0x04, 0x04, 0x04, 0x04, 0x04, 0x05, 0x05, 0x05,
    0x07, 0x07, 0x07, 0x08, 0x09, 0x09, 0x09, 0x09, 0x09, 0x09, 0x09, 0x09, 0x09, 0x09, 0x09, 0x00, 0x00, 0x00, 0x00, 0x00, 0x00, 0x00, 0x00, 0x00,
    0x00, 0x00, 0x00, 0x0E, 0x0F, 0x0F, 0x0D, 0x0D, 0x01, 0x0C, 0x11, 0x02, 0x01, 0x04, 0x04, 0x03, 0x03, 0x04, 0x04, 0x04, 0x04, 0x05, 0x05, 0x07,
    0x07, 0x07, 0x08, 0x08, 0x09, 0x09, 0x09, 0x09, 0x09, 0x09, 0x09, 0x09, 0x09, 0x09, 0x00, 0x00, 0x00, 0x00, 0x00, 0x00, 0x00, 0x00, 0x00, 0x00,
    0x00, 0x00, 0x0F, 0x0F, 0x0F, 0x0F, 0x0D, 0x0D, 0x01, 0x0A, 0x11, 0x02, 0x01, 0x04, 0x04, 0x03, 0x04, 0x04, 0x04, 0x04, 0x05, 0x05, 0x07, 0x07,
    0x07, 0x06, 0x08, 0x08, 0x09, 0x09, 0x09, 0x09, 0x09, 0x09, 0x09, 0x09, 0x09, 0x00, 0x00, 0x00, 0x00, 0x00, 0x00, 0x00, 0x00, 0x00, 0x00, 0x00,
    0x00, 0x0E, 0x0E, 0x0F, 0x0F, 0x0F, 0x0D, 0x0D, 0x01, 0x05, 0x11, 0x03, 0x01, 0x03, 0x07, 0x03, 0x04, 0x04, 0x04, 0x05, 0x05, 0x07, 0x06, 0x07,
    0x08, 0x08, 0x08, 0x09, 0x09, 0x09, 0x09, 0x09, 0x09, 0x09, 0x09, 0x09, 0x00, 0x00, 0x00, 0x00, 0x00, 0x00, 0x00, 0x00, 0x00, 0x00, 0x00, 0x00,
    0x10, 0x0F, 0x0F, 0x0F, 0x0F, 0x0F, 0x0D, 0x0D, 0x01, 0x02, 0x11, 0x06, 0x01, 0x03, 0x07, 0x04, 0x04, 0x04, 0x05, 0x05, 0x05, 0x06, 0x07, 0x08,
    0x08, 0x08, 0x09, 0x09, 0x09, 0x09, 0x09, 0x09, 0x09, 0x09, 0x09, 0x00, 0x00, 0x00, 0x00, 0x00, 0x00, 0x00, 0x00, 0x00, 0x00, 0x00, 0x00, 0x11,
    0x10, 0x0E, 0x0F, 0x0F, 0x0F, 0x0F, 0x0D, 0x0D, 0x01, 0x02, 0x11, 0x09, 0x01, 0x02, 0x07, 0x04, 0x05, 0x04, 0x04, 0x05, 0x06, 0x06, 0x06, 0x08,
    0x08, 0x09, 0x09, 0x09, 0x09, 0x09, 0x09, 0x09, 0x09, 0x09, 0x00, 0x00, 0x00, 0x00, 0x00, 0x00, 0x00, 0x00, 0x00, 0x00, 0x00, 0x00, 0x11, 0x11,
    0x11, 0x11, 0x10, 0x0E, 0x0E, 0x0F, 0x0D, 0x0D, 0x01, 0x02, 0x11, 0x0C, 0x01, 0x02, 0x0A, 0x04, 0x04, 0x03, 0x04, 0x06, 0x06, 0x06, 0x08, 0x08,
    0x08, 0x08, 0x09, 0x09, 0x09, 0x09, 0x09, 0x09, 0x09, 0x00, 0x00, 0x00, 0x00, 0x00, 0x00, 0x00, 0x00, 0x00, 0x00, 0x00, 0x00, 0x0D, 0x0F, 0x0E,
    0x10, 0x10, 0x11, 0x11, 0x11, 0x10, 0x10, 0x0E, 0x02, 0x02, 0x11, 0x0C, 0x01, 0x02, 0x0A, 0x03, 0x03, 0x04, 0x04, 0x05, 0x06, 0x06, 0x06, 0x08,
    0x08, 0x08, 0x08, 0x09, 0x09, 0x09, 0x09, 0x09, 0x00, 0x00, 0x00, 0x00, 0x00, 0x00, 0x00, 0x00, 0x00, 0x00, 0x00, 0x00, 0x0D, 0x02, 0x02, 0x0D,
    0x0D, 0x0D, 0x0F, 0x0E, 0x10, 0x10, 0x11, 0x11, 0x0C, 0x0C, 0x11, 0x0C, 0x01, 0x02, 0x08, 0x03, 0x04, 0x04, 0x04, 0x06, 0x06, 0x06, 0x06, 0x08,
    0x08, 0x08, 0x08, 0x09, 0x09, 0x09, 0x09, 0x00, 0x00, 0x00, 0x00, 0x00, 0x00, 0x00, 0x00, 0x00, 0x00, 0x00, 0x00, 0x0D, 0x01, 0x01, 0x01, 0x01,
    0x01, 0x01, 0x02, 0x0D, 0x0D, 0x0D, 0x0F, 0x10, 0x10, 0x11, 0x11, 0x11, 0x01, 0x01, 0x07, 0x04, 0x03, 0x04, 0x06, 0x06, 0x06, 0x06, 0x06, 0x06,
    0x08, 0x08, 0x08, 0x08, 0x08, 0x09, 0x00, 0x00, 0x00, 0x00, 0x00, 0x00, 0x00, 0x00, 0x00, 0x00, 0x00, 0x00, 0x0F, 0x01, 0x02, 0x0B, 0x02, 0x01,
    0x01, 0x01, 0x01, 0x01, 0x01, 0x01, 0x02, 0x0D, 0x11, 0x03, 0x0C, 0x11, 0x01, 0x01, 0x07, 0x04, 0x03, 0x03, 0x06, 0x06, 0x06, 0x06, 0x06, 0x06,
    0x06, 0x06, 0x08, 0x08, 0x08, 0x00, 0x00, 0x00, 0x00, 0x00, 0x00, 0x00, 0x00, 0x00, 0x00, 0x00, 0x00, 0x0E, 0x01, 0x02, 0x0B, 0x0B, 0x0B, 0x0B,
    0x0B, 0x0B, 0x02, 0x01, 0x01, 0x01, 0x02, 0x10, 0x0A, 0x01, 0x0C, 0x11, 0x02, 0x01, 0x07, 0x04, 0x03, 0x04, 0x03, 0x06, 0x06, 0x06, 0x06, 0x06,
    0x06, 0x06, 0x06, 0x08, 0x00, 0x00, 0x00, 0x00, 0x00, 0x00, 0x00, 0x00, 0x00, 0x00, 0x00, 0x00, 0x0E, 0x01, 0x01, 0x0B, 0x0B, 0x0B, 0x0B, 0x0B,
    0x0B, 0x0B, 0x0B, 0x0B, 0x01, 0x02, 0x10, 0x10, 0x0D, 0x01, 0x0A, 0x11, 0x02, 0x01, 0x07, 0x07, 0x03, 0x03, 0x03, 0x06, 0x06, 0x03, 0x03, 0x06,
    0x06, 0x06, 0x06, 0x00, 0x00, 0x00, 0x00, 0x00, 0x00, 0x00, 0x00, 0x00, 0x00, 0x00, 0x00, 0x0E, 0x01, 0x01, 0x0B, 0x0B, 0x0B, 0x0B, 0x0B, 0x0B,
    0x0B, 0x0B, 0x0B, 0x01, 0x01, 0x0E, 0x11, 0x0D, 0x0D, 0x01, 0x04, 0x11, 0x02, 0x01, 0x05, 0x03, 0x03, 0x03, 0x03, 0x03, 0x03, 0x03, 0x03, 0x06,
    0x06, 0x06, 0x00, 0x00, 0x00, 0x00, 0x00, 0x00, 0x00, 0x00, 0x00, 0x00, 0x00, 0x00, 0x10, 0x02, 0x01, 0x0B, 0x0B, 0x0B, 0x0B, 0x0B, 0x0B, 0x0B,
    0x0B, 0x0B, 0x02, 0x01, 0x0E, 0x11, 0x0D, 0x0D, 0x0D, 0x01, 0x04, 0x11, 0x03, 0x01, 0x03, 0x03, 0x03, 0x03, 0x03, 0x03, 0x03, 0x03, 0x06, 0x06,
    0x06, 0x00, 0x00, 0x00, 0x00, 0x00, 0x00, 0x00, 0x00, 0x00, 0x00, 0x00, 0x00,
};

static uint16_t pal_sprtlg04[] __attribute__((aligned(8))) = {
    0x0000, 0xFFBD, 0xEF7F, 0xEEF7, 0xCEFB, 0xDE75, 0xE5ED, 0xB5F7, 0xA573, 0xBCE9, 0xDBDF, 0x8469,
    0x83DF, 0x742F, 0x73A1, 0x6367, 0x6B5B, 0xEA0F, 0xE043, 0xE001, 0xD801, 0x629B, 0x3229, 0xC843,
    0x50CF, 0x09FB, 0x0135, 0x00B5, 0x0891, 0x0035, 0x002F, 0x001D, 0x0005, 0xE801, 0xE801, 0xE001,
    0xE001, 0xE001, 0xD801, 0xD801, 0xD801, 0xD001, 0xD001, 0xC801, 0xC801, 0xC001, 0x9001, 0x0025,
    0x0001, 0x0033, 0x002F, 0x002D, 0x002D, 0x002B, 0x002B, 0x0027, 0x0023, 0x0019, 0x0009, 0x0001,
    0x0001, 0x0001, 0x0001, 0x0001,
};

static const uint8_t px_sprtlg04[] __attribute__((aligned(8))) = {
    0x3B, 0x20, 0x20, 0x1C, 0x18, 0x15, 0x10, 0x0C, 0x0B, 0x09, 0x07, 0x05, 0x04, 0x04, 0x04, 0x04, 0x04, 0x07, 0x07, 0x07, 0x08, 0x0D, 0x0D, 0x19,
    0x19, 0x19, 0x19, 0x1A, 0x3F, 0x0B, 0x02, 0x19, 0x31, 0x36, 0x33, 0x33, 0x34, 0x33, 0x34, 0x1E, 0x39, 0x18, 0x01, 0x07, 0x01, 0x02, 0x04, 0x04,
    0x04, 0x04, 0x07, 0x07, 0x0D, 0x0D, 0x0D, 0x19, 0x19, 0x19, 0x19, 0x19, 0x1A, 0x1A, 0x1B, 0x1B, 0x1B, 0x1B, 0x31, 0x31, 0x1E, 0x33, 0x3A, 0x18,
    0x02, 0x0D, 0x1A, 0x36, 0x33, 0x35, 0x35, 0x33, 0x34, 0x34, 0x1E, 0x3A, 0x09, 0x01, 0x1C, 0x08, 0x07, 0x19, 0x19, 0x19, 0x19, 0x19, 0x1A, 0x1A,
    0x1A, 0x1B, 0x1D, 0x1D, 0x1D, 0x1D, 0x31, 0x32, 0x32, 0x33, 0x33, 0x35, 0x35, 0x37, 0x37, 0x35, 0x39, 0x3C, 0x08, 0x04, 0x19, 0x1E, 0x36, 0x35,
    0x36, 0x35, 0x35, 0x34, 0x32, 0x2F, 0x1C, 0x02, 0x01, 0x3F, 0x3A, 0x1A, 0x19, 0x19, 0x1A, 0x1D, 0x1D, 0x1D, 0x1D, 0x1D, 0x1D, 0x1D, 0x31, 0x31,
    0x31, 0x32, 0x32, 0x32, 0x33, 0x33, 0x35, 0x35, 0x35, 0x35, 0x2F, 0x3B, 0x15, 0x02, 0x0D, 0x1B, 0x37, 0x35, 0x36, 0x34, 0x33, 0x33, 0x36, 0x32,
    0x39, 0x10, 0x01, 0x01, 0x07, 0x20, 0x3B, 0x1A, 0x19, 0x19, 0x1A, 0x1D, 0x1D, 0x1D, 0x1D, 0x1D, 0x1D, 0x31, 0x31, 0x31, 0x32, 0x32, 0x1E, 0x33,
    0x35, 0x35, 0x35, 0x37, 0x35, 0x1C, 0x20, 0x04, 0x07, 0x1A, 0x33, 0x36, 0x36, 0x36, 0x33, 0x34, 0x33, 0x33, 0x35, 0x3A, 0x07, 0x01, 0x01, 0x09,
    0x05, 0x15, 0x3F, 0x1F, 0x19, 0x19, 0x19, 0x1D, 0x1D, 0x1D, 0x1D, 0x1D, 0x31, 0x31, 0x31, 0x32, 0x32, 0x1E, 0x33, 0x35, 0x35, 0x37, 0x35, 0x38,
    0x3F, 0x0B, 0x02, 0x19, 0x1B, 0x35, 0x35, 0x36, 0x35, 0x33, 0x33, 0x33, 0x1E, 0x1F, 0x1C, 0x01, 0x01, 0x01, 0x10, 0x0E, 0x04, 0x0C, 0x3F, 0x1C,
    0x19, 0x19, 0x19, 0x1D, 0x1D, 0x1D, 0x1D, 0x31, 0x31, 0x31, 0x32, 0x32, 0x1E, 0x33, 0x35, 0x35, 0x35, 0x37, 0x3A, 0x18, 0x02, 0x0D, 0x1A, 0x33,
    0x35, 0x35, 0x35, 0x35, 0x33, 0x33, 0x33, 0x1E, 0x3A, 0x0C, 0x01, 0x01, 0x01, 0x0E, 0x0E, 0x0E, 0x05, 0x09, 0x30, 0x20, 0x1A, 0x19, 0x19, 0x1A,
    0x1D, 0x31, 0x31, 0x31, 0x31, 0x32, 0x32, 0x1E, 0x33, 0x35, 0x35, 0x35, 0x39, 0x3C, 0x08, 0x04, 0x19, 0x1E, 0x36, 0x35, 0x35, 0x35, 0x35, 0x33,
    0x33, 0x33, 0x37, 0x3A, 0x05, 0x01, 0x01, 0x01, 0x0E, 0x0E, 0x0E, 0x10, 0x08, 0x05, 0x18, 0x3F, 0x2F, 0x19, 0x19, 0x19, 0x1D, 0x31, 0x31, 0x31,
    0x32, 0x32, 0x1E, 0x33, 0x35, 0x36, 0x2F, 0x3B, 0x15, 0x02, 0x0D, 0x1B, 0x36, 0x33, 0x35, 0x35, 0x35, 0x33, 0x33, 0x33, 0x32, 0x39, 0x15, 0x01,
    0x02, 0x02, 0x02, 0x0E, 0x0E, 0x0E, 0x0E, 0x10, 0x0B, 0x04, 0x10, 0x3F, 0x39, 0x19, 0x19, 0x19, 0x1B, 0x31, 0x31, 0x32, 0x1E, 0x33, 0x33, 0x37,
    0x35, 0x1C, 0x20, 0x04, 0x07, 0x19, 0x33, 0x35, 0x35, 0x35, 0x35, 0x33, 0x34, 0x33, 0x34, 0x33, 0x3A, 0x09, 0x02, 0x03, 0x03, 0x03, 0x0E, 0x0E,
    0x0E, 0x0E, 0x0E, 0x10, 0x0E, 0x04, 0x0B, 0x3C, 0x3A, 0x1A, 0x19, 0x19, 0x1B, 0x32, 0x32, 0x1E, 0x33, 0x35, 0x35, 0x38, 0x3F, 0x0B, 0x02, 0x19,
    0x1B, 0x36, 0x35, 0x35, 0x35, 0x35, 0x35, 0x33, 0x35, 0x33, 0x38, 0x1C, 0x03, 0x05, 0x05, 0x05, 0x05, 0x0E, 0x0E, 0x0E, 0x0E, 0x0E, 0x0E, 0x0E,
    0x0E, 0x07, 0x07, 0x20, 0x20, 0x37, 0x19, 0x19, 0x1A, 0x32, 0x1E, 0x33, 0x35, 0x35, 0x3A, 0x1C, 0x02, 0x08, 0x1A, 0x35, 0x35, 0x35, 0x35, 0x36,
    0x35, 0x35, 0x35, 0x35, 0x1E, 0x1C, 0x10, 0x03, 0x08, 0x05, 0x05, 0x05, 0x0E, 0x0E, 0x0E, 0x0E, 0x0E, 0x0E, 0x0E, 0x0E, 0x10, 0x08, 0x03, 0x20,
    0x3F, 0x16, 0x19, 0x19, 0x1A, 0x34, 0x33, 0x33, 0x39, 0x3D, 0x08, 0x04, 0x19, 0x33, 0x37, 0x35, 0x35, 0x35, 0x35, 0x35, 0x35, 0x35, 0x33, 0x35,
    0x3A, 0x08, 0x05, 0x08, 0x08, 0x08, 0x08, 0x0E, 0x0E, 0x0E, 0x0E, 0x0E, 0x0E, 0x0E, 0x0E, 0x0E, 0x05, 0x10, 0x3C, 0x10, 0x07, 0x19, 0x1A, 0x32,
    0x1E, 0x33, 0x37, 0x3B, 0x15, 0x02, 0x0D, 0x1B, 0x37, 0x37, 0x35, 0x35, 0x35, 0x35, 0x35, 0x35, 0x35, 0x1E, 0x1F, 0x18, 0x04, 0x09, 0x09, 0x09,
    0x09, 0x09, 0x0E, 0x0E, 0x0E, 0x0E, 0x0E, 0x0E, 0x0E, 0x0E, 0x04, 0x15, 0x3F, 0x0B, 0x07, 0x19, 0x1A, 0x31, 0x32, 0x35, 0x33, 0x1C, 0x20, 0x04,
    0x07, 0x19, 0x35, 0x37, 0x37, 0x36, 0x35, 0x35, 0x35, 0x36, 0x36, 0x36, 0x33, 0x3A, 0x0C, 0x05, 0x09, 0x09, 0x08, 0x08, 0x05, 0x0E, 0x0E, 0x0E,
    0x0E, 0x0E, 0x0E, 0x0B, 0x03, 0x15, 0x3F, 0x0B, 0x07, 0x19, 0x1A, 0x31, 0x32, 0x1E, 0x34, 0x2F, 0x3F, 0x0B, 0x02, 0x19, 0x32, 0x37, 0x35, 0x36,
    0x36, 0x33, 0x33, 0x37, 0x37, 0x35, 0x33, 0x2F, 0x3A, 0x07, 0x04, 0x07, 0x07, 0x08, 0x08, 0x0B, 0x0E, 0x0E, 0x0E, 0x0E, 0x10, 0x0B, 0x03, 0x18,
    0x20, 0x08, 0x07, 0x19, 0x1A, 0x31, 0x32, 0x1E, 0x34, 0x1E, 0x3A, 0x18, 0x01, 0x07, 0x1A, 0x38, 0x38, 0x1F, 0x39, 0x39, 0x3A, 0x3A, 0x20, 0x3A,
    0x38, 0x2F, 0x1C, 0x20, 0x1C, 0x3A, 0x20, 0x20, 0x3B, 0x3F, 0x3F, 0x0E, 0x0E, 0x0E, 0x10, 0x08, 0x05, 0x1C, 0x20, 0x08, 0x08, 0x19, 0x1A, 0x1D,
    0x1D, 0x31, 0x32, 0x31, 0x1F, 0x3C, 0x0E, 0x0B, 0x1F, 0x3A, 0x30, 0x3D, 0x3C, 0x3C, 0x20, 0x3A, 0x1C, 0x1C, 0x3E, 0x3A, 0x1F, 0x39, 0x20, 0x3B,
    0x20, 0x20, 0x3A, 0x3A, 0x1C, 0x39, 0x0E, 0x0E, 0x10, 0x08, 0x05, 0x20, 0x20, 0x07, 0x0D, 0x19, 0x1D, 0x1D, 0x1D, 0x1E, 0x38, 0x39, 0x3A, 0x3E,
    0x3C, 0x3E, 0x3F, 0x20, 0x1C, 0x39, 0x38, 0x37, 0x31, 0x1A, 0x1A, 0x19, 0x19, 0x1F, 0x3E, 0x3A, 0x35, 0x1A, 0x1A, 0x1A, 0x1A, 0x19, 0x19, 0x19,
    0x19, 0x0E, 0x10, 0x08, 0x07, 0x30, 0x1C, 0x07, 0x0D, 0x1A, 0x35, 0x1F, 0x1C, 0x3A, 0x30, 0x3C, 0x20, 0x3A, 0x39, 0x2F, 0x33, 0x1B, 0x1D, 0x1A,
    0x19, 0x19, 0x0D, 0x07, 0x07, 0x04, 0x04, 0x19, 0x19, 0x1C, 0x3F, 0x3A, 0x1E, 0x1A, 0x35, 0x37, 0x37, 0x1F, 0x39, 0x39, 0x10, 0x07, 0x09, 0x3F,
    0x1C, 0x0E, 0x15, 0x3A, 0x30, 0x3C, 0x20, 0x3A, 0x39, 0x2F, 0x1E, 0x1B, 0x19, 0x19, 0x19, 0x0D, 0x07, 0x07, 0x04, 0x01, 0x01, 0x01, 0x03, 0x06,
    0x0A, 0x03, 0x02, 0x19, 0x1A, 0x3A, 0x3E, 0x3E, 0x3E, 0x3E, 0x3E, 0x3E, 0x3E, 0x3E, 0x3E, 0x05, 0x09, 0x3F, 0x15, 0x08, 0x3C, 0x3A, 0x39, 0x37,
    0x1E, 0x1B, 0x19, 0x19, 0x19, 0x0D, 0x07, 0x04, 0x02, 0x01, 0x01, 0x03, 0x06, 0x0A, 0x0A, 0x11, 0x17, 0x2D, 0x2A, 0x27, 0x12, 0x03, 0x07, 0x1B,
    0x1A, 0x20, 0x3D, 0x3D, 0x3C, 0x3C, 0x3C, 0x20, 0x3A, 0x1C, 0x0C, 0x3F, 0x15, 0x04, 0x16, 0x3A, 0x1D, 0x19, 0x0D, 0x0D, 0x07, 0x04, 0x02, 0x01,
    0x03, 0x06, 0x0A, 0x0A, 0x11, 0x17, 0x2D, 0x2D, 0x2D, 0x2D, 0x2C, 0x2A, 0x28, 0x14, 0x14, 0x26, 0x11, 0x01, 0x08, 0x1D, 0x37, 0x20, 0x1C, 0x39,
    0x2F, 0x33, 0x1B, 0x1A, 0x19, 0x3F, 0x0F, 0x04, 0x19, 0x39, 0x1C, 0x19, 0x01, 0x01, 0x03, 0x06, 0x0A, 0x11, 0x11, 0x17, 0x2D, 0x2D, 0x2D, 0x2C,
    0x2A, 0x2A, 0x29, 0x29, 0x14, 0x26, 0x14, 0x28, 0x2C, 0x2C, 0x29, 0x28, 0x11, 0x01, 0x0F, 0x33, 0x1A, 0x19, 0x19, 0x0D, 0x08, 0x07, 0x04, 0x02,
    0x0B, 0x04, 0x19, 0x1D, 0x20, 0x1F, 0x0D, 0x03, 0x17, 0x2D, 0x2D, 0x2A, 0x2B, 0x2A, 0x28, 0x26, 0x14, 0x29, 0x29, 0x14, 0x26, 0x26, 0x23, 0x22,
    0x26, 0x28, 0x28, 0x2A, 0x2B, 0x29, 0x13, 0x2A, 0x0A, 0x04, 0x16, 0x04, 0x02, 0x03, 0x03, 0x06, 0x0A, 0x11, 0x11, 0x04, 0x19, 0x1A, 0x1B, 0x20,
    0x35, 0x07, 0x06, 0x2D, 0x29, 0x14, 0x23, 0x29, 0x29, 0x29, 0x28, 0x28, 0x29, 0x27, 0x24, 0x25, 0x23, 0x22, 0x25, 0x26, 0x26, 0x27, 0x23, 0x26,
    0x2B, 0x29, 0x29, 0x11, 0x04, 0x0F, 0x03, 0x11, 0x17, 0x28, 0x2C, 0x2D, 0x2D, 0x2C, 0x19, 0x19, 0x19, 0x1A, 0x20, 0x1A, 0x04, 0x0A, 0x2C, 0x13,
    0x23, 0x25, 0x2A, 0x29, 0x29, 0x29, 0x29, 0x28, 0x22, 0x21, 0x26, 0x26, 0x23, 0x25, 0x25, 0x23, 0x22, 0x22, 0x23, 0x2B, 0x2B, 0x28, 0x0A, 0x08,
    0x0D, 0x0A, 0x2C, 0x2C, 0x28, 0x25, 0x14, 0x29, 0x29, 0x1A, 0x1A, 0x35, 0x1C, 0x3A, 0x19, 0x02, 0x11, 0x2B, 0x14, 0x26, 0x25, 0x28, 0x29, 0x29,
    0x28, 0x25, 0x25, 0x23, 0x25, 0x28, 0x14, 0x25, 0x23, 0x25, 0x25, 0x22, 0x23, 0x24, 0x26, 0x14, 0x27, 0x0A, 0x0D, 0x0B, 0x0A, 0x2B, 0x29, 0x29,
    0x28, 0x29, 0x2A, 0x29, 0x3F, 0x3F, 0x30, 0x3C, 0x39, 0x19, 0x03, 0x17, 0x2B, 0x29, 0x26, 0x25, 0x25, 0x28, 0x29, 0x29, 0x14, 0x25, 0x13, 0x23,
    0x27, 0x27, 0x24, 0x23, 0x28, 0x26, 0x23, 0x28, 0x26, 0x23, 0x13, 0x28, 0x06, 0x0F, 0x08, 0x11, 0x2A, 0x14, 0x28, 0x29, 0x2A, 0x29, 0x2A, 0x0B,
    0x08, 0x05, 0x20, 0x1F, 0x0D, 0x06, 0x2C, 0x14, 0x26, 0x26, 0x28, 0x28, 0x26, 0x26, 0x29, 0x2C, 0x2B, 0x26, 0x22, 0x12, 0x11, 0x11, 0x27, 0x25,
    0x26, 0x25, 0x26, 0x23, 0x13, 0x23, 0x25, 0x03, 0x0F, 0x05, 0x11, 0x28, 0x29, 0x26, 0x29, 0x2B, 0x2A, 0x17, 0x0B, 0x0B, 0x07, 0x3C, 0x35, 0x07,
    0x0A, 0x28, 0x25, 0x25, 0x26, 0x29, 0x26, 0x23, 0x25, 0x29, 0x12, 0x0A, 0x06, 0x03, 0x01, 0x02, 0x06, 0x12, 0x23, 0x14, 0x23, 0x22, 0x22, 0x23,
    0x24, 0x12, 0x03, 0x16, 0x06, 0x12, 0x14, 0x25, 0x23, 0x25, 0x29, 0x27, 0x0A, 0x15, 0x0B, 0x0B, 0x3B, 0x19, 0x04, 0x11, 0x23, 0x12, 0x26, 0x26,
    0x28, 0x25, 0x25, 0x23, 0x28, 0x11, 0x01, 0x07, 0x0B, 0x16, 0x16, 0x02, 0x11, 0x27, 0x14, 0x23, 0x22, 0x13, 0x26, 0x27, 0x11, 0x03, 0x0F, 0x01,
    0x06, 0x11, 0x22, 0x23, 0x26, 0x29, 0x24, 0x06, 0x10, 0x08, 0x10, 0x3A, 0x19, 0x01, 0x06, 0x06, 0x12, 0x28, 0x23, 0x22, 0x28, 0x29, 0x13, 0x27,
    0x0A, 0x04, 0x39, 0x38, 0x36, 0x19, 0x03, 0x12, 0x24, 0x26, 0x22, 0x22, 0x25, 0x14, 0x24, 0x11, 0x04, 0x1F, 0x0B, 0x02, 0x12, 0x24, 0x23, 0x25,
    0x29, 0x24, 0x03, 0x10, 0x05, 0x18, 0x39, 0x19, 0x05, 0x04, 0x03, 0x23, 0x22, 0x22, 0x22, 0x25, 0x26, 0x23, 0x27, 0x06, 0x08, 0x39, 0x1C, 0x1E,
    0x0D, 0x06, 0x22, 0x22, 0x23, 0x22, 0x21, 0x25, 0x25, 0x22, 0x0A, 0x07, 0x39, 0x16, 0x03, 0x12, 0x24, 0x25, 0x25, 0x2A, 0x12, 0x03, 0x0E, 0x05,
    0x20, 0x2F, 0x19, 0x39, 0x0B, 0x06, 0x2B, 0x13, 0x22, 0x24, 0x25, 0x26, 0x29, 0x28, 0x03, 0x0F, 0x38, 0x20, 0x37, 0x07, 0x06, 0x2A, 0x25, 0x23,
    0x21, 0x22, 0x22, 0x13, 0x22, 0x0A, 0x08, 0x38, 0x0D, 0x06, 0x22, 0x22, 0x25, 0x23, 0x27, 0x12, 0x03, 0x0B, 0x08, 0x3F, 0x3A, 0x1F, 0x1D, 0x04,
    0x0A, 0x28, 0x23, 0x22, 0x21, 0x22, 0x23, 0x24, 0x12, 0x03, 0x16, 0x37, 0x20, 0x33, 0x07, 0x0A, 0x2A, 0x13, 0x21, 0x21, 0x22, 0x22, 0x21, 0x22,
    0x06, 0x0B, 0x38, 0x0D, 0x06, 0x24, 0x13, 0x22, 0x13, 0x22, 0x11, 0x05, 0x0E, 0x05, 0x10, 0x3F, 0x3E, 0x35, 0x02, 0x11, 0x22, 0x25, 0x25, 0x21,
    0x21, 0x13, 0x21, 0x11, 0x01, 0x16, 0x1F, 0x20, 0x1B, 0x04, 0x11, 0x2A, 0x21, 0x21, 0x22, 0x22, 0x21, 0x21, 0x21, 0x03, 0x0F, 0x2F, 0x08, 0x0A,
    0x2A, 0x25, 0x23, 0x14, 0x27, 0x11, 0x01, 0x10, 0x10, 0x05, 0x15, 0x3B, 0x16, 0x03, 0x12, 0x26, 0x13, 0x22, 0x22, 0x21, 0x21, 0x21, 0x11, 0x04,
    0x1F, 0x1C, 0x3A, 0x19, 0x02, 0x11, 0x27, 0x29, 0x29, 0x23, 0x23, 0x25, 0x24, 0x12, 0x03, 0x16, 0x2F, 0x04, 0x11, 0x24, 0x13, 0x22, 0x23, 0x26,
    0x12, 0x11, 0x0C, 0x10, 0x09, 0x09, 0x20, 0x0D, 0x03, 0x29, 0x25, 0x22, 0x23, 0x21, 0x22, 0x21, 0x22, 0x0A, 0x07, 0x2F, 0x38, 0x38, 0x19, 0x01,
    0x12, 0x22, 0x29, 0x2B, 0x26, 0x23, 0x23, 0x24, 0x11, 0x03, 0x1F, 0x37, 0x04, 0x11, 0x21, 0x21, 0x22, 0x24, 0x25, 0x24, 0x22, 0x0C, 0x10, 0x07,
    0x10, 0x3A, 0x07, 0x06, 0x22, 0x13, 0x25, 0x26, 0x22, 0x21, 0x21, 0x21, 0x06, 0x0B, 0x37, 0x19, 0x0D, 0x02, 0x0A, 0x2D, 0x29, 0x25, 0x25, 0x29,
    0x2A, 0x13, 0x22, 0x11, 0x02, 0x1F, 0x1A, 0x03, 0x12, 0x24, 0x13, 0x24, 0x25, 0x24, 0x22, 0x13, 0x0E, 0x10, 0x05, 0x18, 0x39, 0x07, 0x0A, 0x22,
    0x13, 0x25, 0x27, 0x24, 0x22, 0x21, 0x21, 0x06, 0x08, 0x07, 0x02, 0x03, 0x0A, 0x14, 0x26, 0x29, 0x29, 0x28, 0x28, 0x2B, 0x26, 0x12, 0x03, 0x08,
    0x39, 0x16, 0x03, 0x13, 0x23, 0x22, 0x22, 0x22, 0x24, 0x22, 0x22, 0x0E, 0x0E, 0x05, 0x20, 0x2F, 0x04, 0x11, 0x28, 0x13, 0x21, 0x21, 0x22, 0x25,
    0x22, 0x12, 0x01, 0x03, 0x06, 0x11, 0x26, 0x27, 0x22, 0x21, 0x28, 0x2B, 0x29, 0x14, 0x28, 0x12, 0x03, 0x07, 0x39, 0x2F, 0x0D, 0x06, 0x22, 0x13,
    0x23, 0x22, 0x22, 0x25, 0x25, 0x13, 0x10, 0x0B, 0x08, 0x3F, 0x16, 0x03, 0x17, 0x24, 0x13, 0x22, 0x22, 0x22, 0x23, 0x22, 0x12, 0x11, 0x12, 0x21,
    0x21, 0x21, 0x13, 0x26, 0x23, 0x26, 0x25, 0x14, 0x2A, 0x17, 0x03, 0x07, 0x39, 0x35, 0x31, 0x0D, 0x0A, 0x28, 0x23, 0x25, 0x27, 0x29, 0x27, 0x22,
    0x24, 0x10, 0x09, 0x09, 0x20, 0x0D, 0x06, 0x28, 0x22, 0x22, 0x23, 0x25, 0x22, 0x22, 0x21, 0x21, 0x24, 0x24, 0x13, 0x21, 0x21, 0x21, 0x25, 0x25,
    0x23, 0x13, 0x28, 0x17, 0x03, 0x04, 0x39, 0x38, 0x38, 0x37, 0x07, 0x0A, 0x2A, 0x14, 0x22, 0x22, 0x2A, 0x17, 0x0A, 0x06, 0x15, 0x08, 0x10, 0x3A,
    0x08, 0x0A, 0x22, 0x12, 0x21, 0x26, 0x25, 0x22, 0x21, 0x21, 0x23, 0x13, 0x13, 0x22, 0x22, 0x22, 0x21, 0x25, 0x26, 0x25, 0x29, 0x14, 0x06, 0x04,
    0x39, 0x2F, 0x33, 0x3A, 0x2F, 0x04, 0x11, 0x28, 0x25, 0x25, 0x21, 0x24, 0x0A, 0x02, 0x0B, 0x10, 0x05, 0x18, 0x39, 0x07, 0x0A, 0x27, 0x25, 0x25,
    0x27, 0x25, 0x25, 0x23, 0x25, 0x26, 0x22, 0x22, 0x13, 0x23, 0x23, 0x25, 0x14, 0x25, 0x2A, 0x2D, 0x06, 0x02, 0x1C, 0x1F, 0x37, 0x1C, 0x3B, 0x1A,
    0x04, 0x11, 0x24, 0x25, 0x26, 0x14, 0x27, 0x0A, 0x08, 0x39, 0x0E, 0x05, 0x20, 0x38, 0x04, 0x11, 0x28, 0x25, 0x24, 0x21, 0x23, 0x25, 0x26, 0x29,
    0x25, 0x22, 0x22, 0x21, 0x21, 0x13, 0x27, 0x2C, 0x2B, 0x12, 0x06, 0x02, 0x1F, 0x37, 0x1E, 0x39, 0x3D, 0x3A, 0x19, 0x03, 0x12, 0x22, 0x13, 0x26,
    0x29, 0x2B, 0x0A, 0x0B, 0x37, 0x0B, 0x05, 0x3D, 0x16, 0x03, 0x12, 0x21, 0x21, 0x23, 0x22, 0x23, 0x28, 0x29, 0x26, 0x26, 0x2B, 0x29, 0x24, 0x22,
    0x24, 0x12, 0x0A, 0x03, 0x01, 0x04, 0x1F, 0x38, 0x1D, 0x38, 0x3B, 0x3C, 0x3A, 0x19, 0x03, 0x13, 0x22, 0x26, 0x23, 0x13, 0x28, 0x06, 0x0D, 0x34,
    0x0B, 0x09, 0x3F, 0x0D, 0x03, 0x21, 0x22, 0x23, 0x26, 0x26, 0x25, 0x28, 0x2B, 0x14, 0x2A, 0x2D, 0x2D, 0x17, 0x0A, 0x06, 0x01, 0x02, 0x08, 0x15,
    0x1F, 0x2F, 0x33, 0x2F, 0x20, 0x3D, 0x3D, 0x39, 0x0D, 0x06, 0x27, 0x26, 0x26, 0x26, 0x29, 0x2C, 0x06, 0x16, 0x32, 0x08, 0x0C, 0x3A, 0x0D, 0x06,
    0x2B, 0x2B, 0x26, 0x23, 0x13, 0x22, 0x25, 0x2A, 0x2C, 0x12, 0x11, 0x06, 0x01, 0x02, 0x07, 0x0F, 0x1F, 0x39, 0x38, 0x32, 0x31, 0x35, 0x3A, 0x3D,
    0x3B, 0x3C, 0x1F, 0x0D, 0x0A, 0x2A, 0x14, 0x23, 0x28, 0x2D, 0x2D, 0x03, 0x07, 0x0F, 0x05, 0x18, 0x39, 0x07, 0x0A, 0x2B, 0x14, 0x23, 0x23, 0x26,
    0x29, 0x29, 0x29, 0x0A, 0x01, 0x01, 0x07, 0x0F, 0x1F, 0x38, 0x2F, 0x34, 0x1E, 0x33, 0x33, 0x32, 0x1C, 0x3D, 0x3C, 0x3D, 0x3C, 0x2F, 0x07, 0x0A,
    0x2C, 0x14, 0x25, 0x28, 0x2C, 0x17, 0x0A, 0x01, 0x0B, 0x05, 0x20, 0x38, 0x04, 0x11, 0x27, 0x14, 0x2A, 0x29, 0x2B, 0x2D, 0x29, 0x24, 0x06, 0x08,
    0x1C, 0x39, 0x37, 0x32, 0x31, 0x31, 0x32, 0x32, 0x32, 0x35, 0x39, 0x3D, 0x3C, 0x3C, 0x1C, 0x38, 0x1D, 0x04, 0x11, 0x2C, 0x2B, 0x29, 0x2C, 0x2C,
    0x29, 0x28, 0x06, 0x0F, 0x08, 0x3E, 0x16, 0x02, 0x12, 0x2A, 0x14, 0x25, 0x28, 0x2B, 0x2B, 0x2A, 0x12, 0x03, 0x16, 0x38, 0x1E, 0x1E, 0x1E, 0x32,
    0x32, 0x33, 0x38, 0x39, 0x20, 0x3D, 0x30, 0x3D, 0x3A, 0x19, 0x0D, 0x07, 0x01, 0x11, 0x28, 0x2C, 0x2B, 0x28, 0x2C, 0x2D, 0x2D, 0x03, 0x16, 0x0B,
    0x3F, 0x19, 0x03, 0x14, 0x28, 0x28, 0x28, 0x2C, 0x2D, 0x2B, 0x2D, 0x11, 0x02, 0x1F, 0x1F, 0x35, 0x32, 0x33, 0x38, 0x39, 0x3A, 0x3D, 0x3D, 0x3D,
    0x3C, 0x3C, 0x3D, 0x39, 0x19, 0x01, 0x06, 0x11, 0x2C, 0x29, 0x2A, 0x29, 0x29, 0x2D, 0x2D, 0x17, 0x03, 0x16, 0x10, 0x3A, 0x0D, 0x06, 0x28, 0x29,
    0x2B, 0x2D, 0x2D, 0x2B, 0x14, 0x2D, 0x11, 0x04, 0x1F, 0x1C, 0x3A, 0x1F, 0x3A, 0x3C, 0x3D, 0x3D, 0x3C, 0x30, 0x3C, 0x3D, 0x30, 0x3E, 0x1F, 0x19,
    0x03, 0x17, 0x2A, 0x28, 0x29, 0x29, 0x2B, 0x2D, 0x2D, 0x2C, 0x11, 0x03, 0x1F, 0x18, 0x39, 0x07, 0x0A, 0x2A, 0x2B, 0x2D, 0x2B, 0x2C, 0x2C, 0x14,
    0x2C, 0x0A, 0x08, 0x38, 0x1C, 0x3C, 0x3C, 0x3D, 0x3C, 0x3C, 0x3C, 0x3C, 0x3C, 0x3C, 0x3C, 0x30, 0x3C, 0x38, 0x0D, 0x03, 0x17, 0x29, 0x29, 0x29,
    0x29, 0x2B, 0x2C, 0x17, 0x29, 0x11, 0x04, 0x39, 0x20, 0x38, 0x04, 0x11, 0x2D, 0x2B, 0x2C, 0x29, 0x2B, 0x2D, 0x2D, 0x2C, 0x06, 0x0B, 0x38, 0x37,
    0x35, 0x20, 0x3C, 0x3C, 0x3D, 0x3D, 0x3D, 0x3D, 0x3C, 0x3C, 0x3C, 0x3C, 0x37, 0x0D, 0x06, 0x2D, 0x2C, 0x2C, 0x2C, 0x2B, 0x2B, 0x2D, 0x2D, 0x2D,
    0x0A, 0x04, 0x1F, 0x3F, 0x1A, 0x04, 0x17, 0x2D, 0x2C, 0x2C, 0x29, 0x2C, 0x2D, 0x2D, 0x2D, 0x03, 0x0F, 0x16, 0x0D, 0x35, 0x3A, 0x3C, 0x3C, 0x3C,
    0x3C, 0x3D, 0x3D, 0x3D, 0x3C, 0x3C, 0x30, 0x34, 0x0D, 0x06, 0x2B, 0x14, 0x2B, 0x2C, 0x2C, 0x2D, 0x2D, 0x11, 0x06, 0x01, 0x08, 0x38, 0x3B, 0x19,
    0x05, 0x2B, 0x2D, 0x2D, 0x2D, 0x2B, 0x2B, 0x2C, 0x2D, 0x17, 0x01, 0x03, 0x01, 0x03, 0x38, 0x39, 0x3E, 0x3C, 0x3C, 0x3C, 0x3D, 0x3C, 0x3C, 0x3C,
    0x3D, 0x20, 0x31, 0x07, 0x0A, 0x2D, 0x2D, 0x2D, 0x2D, 0x11, 0x0A, 0x03, 0x01, 0x07, 0x0E, 0x1F, 0x2F, 0x20, 0x0D, 0x06, 0x28, 0x2B, 0x2D, 0x2D,
    0x2D, 0x2B, 0x2B, 0x2B, 0x17, 0x0A, 0x17, 0x06, 0x07, 0x1F, 0x37, 0x3A, 0x3D, 0x3C, 0x3C, 0x3C, 0x3C, 0x3C, 0x3C, 0x3D, 0x20, 0x31, 0x04, 0x0A,
    0x2D, 0x17, 0x0A, 0x03, 0x01, 0x04, 0x0D, 0x16, 0x1F, 0x1F, 0x36, 0x2F, 0x1C, 0x07, 0x0A, 0x2A, 0x2B, 0x2C, 0x2D, 0x2D, 0x2C, 0x2A, 0x29, 0x2C,
    0x2D, 0x2E, 0x03, 0x0B, 0x1F, 0x37, 0x38, 0x20, 0x3D, 0x3C, 0x3D, 0x3D, 0x3C, 0x3C, 0x3D, 0x3A, 0x1A, 0x04, 0x0A, 0x06, 0x01, 0x02, 0x08, 0x16,
    0x39, 0x38, 0x36, 0x33, 0x33, 0x33, 0x2F, 0x1A, 0x04, 0x11, 0x28, 0x29, 0x2C, 0x29, 0x2B, 0x2D, 0x2C, 0x2B, 0x2D, 0x2D, 0x17, 0x01, 0x0F, 0x2F,
    0x33, 0x37, 0x20, 0x3D, 0x3C, 0x3C, 0x3C, 0x3C, 0x3C, 0x3D, 0x39, 0x19, 0x01, 0x01, 0x04, 0x0F, 0x1F, 0x1F, 0x2F, 0x1E, 0x32, 0x32, 0x34, 0x36,
    0x35, 0x36, 0x04, 0x03, 0x12, 0x28, 0x14, 0x2B, 0x26, 0x28, 0x2D, 0x29, 0x2B, 0x2D, 0x2C, 0x11, 0x01, 0x16, 0x37, 0x35, 0x38, 0x3B, 0x3D, 0x3C,
    0x3D, 0x3D, 0x3C, 0x3C, 0x3C, 0x39, 0x19, 0x08, 0x16, 0x1F, 0x38, 0x32, 0x31, 0x32, 0x32, 0x34, 0x34, 0x1E, 0x1E, 0x37, 0x39, 0x0A, 0x12, 0x24,
    0x28, 0x2B, 0x2C, 0x2B, 0x2D, 0x2D, 0x2D, 0x2D, 0x2D, 0x2A, 0x11, 0x01, 0x2F, 0x37, 0x37, 0x1F, 0x3D, 0x3D, 0x3C, 0x3C, 0x3D, 0x3D, 0x3C, 0x3E,
    0x38, 0x1D, 0x32, 0x37, 0x32, 0x31, 0x31, 0x1E, 0x33, 0x1E, 0x32, 0x34, 0x2F, 0x39, 0x20, 0x3C, 0x24, 0x28, 0x26, 0x29, 0x2C, 0x2C, 0x2D, 0x2D,
    0x28, 0x2D, 0x2D, 0x2D, 0x2D, 0x0A, 0x04, 0x38, 0x36, 0x35, 0x39, 0x3D, 0x3C, 0x3C, 0x3C, 0x3D, 0x3D, 0x3C, 0x3E, 0x3A, 0x3A, 0x2F, 0x1D, 0x32,
    0x32, 0x1E, 0x34, 0x32, 0x32, 0x37, 0x1C, 0x3B, 0x3D, 0x3C, 0x3C, 0x2D, 0x2D, 0x2C, 0x2B, 0x29, 0x2D, 0x2D, 0x2C, 0x29, 0x2C, 0x2D, 0x2D, 0x2D,
    0x06, 0x07, 0x38, 0x33, 0x33, 0x39, 0x3D, 0x3C, 0x3C, 0x3D, 0x3D, 0x3D, 0x3D, 0x3C, 0x3D, 0x3F, 0x20, 0x38, 0x31, 0x32, 0x32, 0x34, 0x38, 0x1C,
    0x3B, 0x3D, 0x3D, 0x3C, 0x3C, 0x30, 0x2D, 0x2C, 0x2B, 0x2C, 0x2C, 0x2D, 0x2B, 0x2C, 0x2C, 0x2C, 0x2D, 0x2D, 0x11, 0x03, 0x0B, 0x1F, 0x35, 0x37,
    0x1C, 0x3D, 0x3C, 0x3C, 0x3C, 0x3C, 0x3C, 0x3C, 0x3D, 0x30, 0x20, 0x3F, 0x20, 0x2F, 0x1E, 0x1F, 0x3A, 0x3C, 0x3D, 0x30, 0x3C, 0x3E, 0x3C, 0x18,
    0x2B, 0x2A, 0x26, 0x25, 0x29, 0x2B, 0x29, 0x29, 0x2D, 0x2D, 0x12, 0x0A, 0x03, 0x01, 0x02, 0x15, 0x38, 0x37, 0x37, 0x3A, 0x3F, 0x3C, 0x3C, 0x3C,
    0x3C, 0x3C, 0x3C, 0x3D, 0x20, 0x08, 0x18, 0x3F, 0x20, 0x3A, 0x3E, 0x3C, 0x30, 0x3F, 0x3F, 0x3C, 0x30, 0x3C, 0x2D, 0x21, 0x2B, 0x2B, 0x2C, 0x2C,
    0x2B, 0x28, 0x2A, 0x11, 0x06, 0x01, 0x01, 0x07, 0x0F, 0x1F, 0x38, 0x35, 0x37, 0x37, 0x3A, 0x3D, 0x3C, 0x3C, 0x3C, 0x3C, 0x3C, 0x30, 0x3F, 0x20,
    0x05, 0x05, 0x1C, 0x3F, 0x3C, 0x30, 0x3F, 0x3F, 0x20, 0x0C, 0x09, 0x30, 0x18, 0x21, 0x21, 0x17, 0x2D, 0x2D, 0x2D, 0x17, 0x0A, 0x03, 0x01, 0x02,
    0x0B, 0x16, 0x38, 0x36, 0x31, 0x1D, 0x1D, 0x1E, 0x38, 0x20, 0x3D, 0x3C, 0x3D, 0x3C, 0x30, 0x3F, 0x3F, 0x30, 0x0C, 0x09, 0x0C, 0x05, 0x20, 0x3F,
    0x3F, 0x18, 0x0B, 0x09, 0x05, 0x0B, 0x3F, 0x2E, 0x21, 0x21, 0x2D, 0x2A, 0x11, 0x06, 0x01, 0x01, 0x07, 0x0F, 0x1F, 0x1F, 0x36, 0x31, 0x1D, 0x31,
    0x31, 0x31, 0x1D, 0x37, 0x3C, 0x3D, 0x3C, 0x3C, 0x3F, 0x3F, 0x20, 0x10, 0x08, 0x09, 0x10, 0x15, 0x0B, 0x08, 0x15, 0x09, 0x05, 0x09, 0x15, 0x06,
    0x18, 0x3E, 0x11, 0x21, 0x21, 0x0A, 0x03, 0x01, 0x02, 0x0B, 0x16, 0x1F, 0x37, 0x32, 0x1D, 0x31, 0x31, 0x31, 0x31, 0x1D, 0x32, 0x1F, 0x3A, 0x30,
    0x3C, 0x3F, 0x3F, 0x1C, 0x0C, 0x07, 0x09, 0x0C, 0x10, 0x10, 0x0C, 0x10, 0x0B, 0x05, 0x0B, 0x15, 0x15, 0x0C, 0x05, 0x20, 0x20, 0x11, 0x21, 0x21,
    0x01, 0x07, 0x0F, 0x1F, 0x38, 0x34, 0x1D, 0x1D, 0x31, 0x31, 0x32, 0x31, 0x1D, 0x1E, 0x1F, 0x3A, 0x3C, 0x3D, 0x3F, 0x3F, 0x18, 0x0B, 0x05, 0x09,
    0x10, 0x15, 0x10, 0x0C, 0x0C, 0x0C, 0x0C, 0x10, 0x10, 0x10, 0x0C, 0x10, 0x0C, 0x08, 0x3F, 0x18, 0x11, 0x21, 0x13, 0x1C, 0x39, 0x37, 0x1D, 0x1D,
    0x1D, 0x31, 0x32, 0x31, 0x31, 0x31, 0x35, 0x39, 0x20, 0x3C, 0x3E, 0x3F, 0x3F, 0x18, 0x09, 0x05, 0x09, 0x10, 0x10, 0x10, 0x0C, 0x0C, 0x0C, 0x0C,
    0x0C, 0x0C, 0x0C, 0x0C, 0x0C, 0x0C, 0x10, 0x09, 0x09, 0x3F, 0x18, 0x11, 0x21, 0x2D, 0x34, 0x1D, 0x1D, 0x1D, 0x31, 0x31, 0x31, 0x31, 0x31, 0x37,
    0x39, 0x20, 0x3C, 0x3F, 0x3F, 0x30, 0x15, 0x09, 0x05, 0x0B, 0x10, 0x10, 0x0C, 0x0C, 0x0C, 0x0C, 0x0C, 0x0C, 0x0C, 0x0C, 0x0C, 0x0C, 0x0C, 0x0C,
    0x0C, 0x10, 0x09, 0x0C, 0x3F, 0x17, 0x12, 0x21, 0x2E, 0x1D, 0x31, 0x31, 0x31, 0x31, 0x1D, 0x31, 0x37, 0x1C, 0x30, 0x3C, 0x3F, 0x3F, 0x20, 0x10,
    0x08, 0x07, 0x0B, 0x10, 0x10, 0x0C, 0x0C, 0x0C, 0x0C, 0x0C, 0x0C, 0x0C, 0x0C, 0x0C, 0x0C, 0x0C, 0x0C, 0x0C, 0x0C, 0x0C, 0x10, 0x06, 0x0C, 0x3C,
    0x11, 0x12, 0x21, 0x2E, 0x31, 0x31, 0x31, 0x31, 0x31, 0x2F, 0x1C, 0x3C, 0x3C, 0x3F, 0x3F, 0x20, 0x0C, 0x05, 0x08, 0x0C, 0x10, 0x10, 0x0C, 0x0C,
    0x0C, 0x0C, 0x0C, 0x0C, 0x0C, 0x0C, 0x0C, 0x0C, 0x0C, 0x0C, 0x0C, 0x0C, 0x0C, 0x0C, 0x0C, 0x15, 0x06, 0x15, 0x3F, 0x2E, 0x12, 0x22, 0x2E, 0x1D,
    0x1D, 0x31, 0x38, 0x3A, 0x3C, 0x3C, 0x3F, 0x3F, 0x18, 0x0C, 0x05, 0x08, 0x0C, 0x15, 0x10, 0x0C, 0x0C, 0x0C, 0x0C, 0x0C, 0x0C, 0x03, 0x05, 0x0B,
    0x0C, 0x0C, 0x0C, 0x0C, 0x0C, 0x0C, 0x0C, 0x0C, 0x0C, 0x0C, 0x09, 0x03, 0x09, 0x0C, 0x0A, 0x11, 0x11, 0x18, 0x39, 0x38, 0x3A, 0x3C, 0x3D, 0x3F,
    0x3F, 0x18, 0x09, 0x05, 0x09, 0x10, 0x10, 0x10, 0x0C, 0x0C, 0x0C, 0x0C, 0x0C, 0x0C, 0x0C, 0x0B, 0x09, 0x10, 0x03, 0x09, 0x0C, 0x0C, 0x0C, 0x0C,
    0x0C, 0x0C, 0x0C, 0x0B, 0x05, 0x0C, 0x15, 0x15, 0x10, 0x10, 0x10, 0x0C, 0x09,
};

static uint16_t pal_sprtlg05[] __attribute__((aligned(8))) = {
    0x0000, 0xEF7D, 0xE6F9, 0xEEB5, 0xCE79, 0xD633, 0xF569, 0xB5F7, 0xA573, 0xFC61, 0x8C6F, 0xF293,
    0xC295, 0x5377, 0x42AF, 0x29EB, 0x09FB, 0xE0C5, 0xD801, 0xE001, 0xD801, 0xC843, 0xC801, 0x48D5,
    0x1099, 0x00AD, 0x0025, 0x0027, 0x005B, 0x001B, 0x0019, 0x000F, 0x0007, 0xE001, 0xE001, 0xD801,
    0xD801, 0xD801, 0xD801, 0xD801, 0xD001, 0xD001, 0xC801, 0xC801, 0xC001, 0xA001, 0x0031, 0x002D,
    0x0029, 0x0023, 0x001F, 0x0019, 0x000D, 0x0007, 0x0003, 0x0001, 0x0001, 0x0001, 0x0001, 0x0001,
    0x0001,
};

static const uint8_t px_sprtlg05[] __attribute__((aligned(8))) = {
    0x07, 0x05, 0x05, 0x05, 0x05, 0x05, 0x07, 0x07, 0x07, 0x07, 0x07, 0x02, 0x02, 0x17, 0x37, 0x3C, 0x0A, 0x07, 0x08, 0x08, 0x07, 0x07, 0x05, 0x05,
    0x05, 0x05, 0x05, 0x05, 0x05, 0x05, 0x08, 0x08, 0x08, 0x08, 0x08, 0x08, 0x08, 0x08, 0x08, 0x07, 0x04, 0x08, 0x1F, 0x3C, 0x38, 0x1F, 0x01, 0x05,
    0x05, 0x04, 0x04, 0x04, 0x02, 0x02, 0x04, 0x04, 0x04, 0x04, 0x07, 0x07, 0x05, 0x05, 0x05, 0x05, 0x05, 0x04, 0x04, 0x04, 0x05, 0x07, 0x0E, 0x36,
    0x3C, 0x1F, 0x33, 0x17, 0x0A, 0x0A, 0x0E, 0x0E, 0x0E, 0x17, 0x17, 0x17, 0x17, 0x1F, 0x1F, 0x20, 0x20, 0x36, 0x0A, 0x0A, 0x0E, 0x0E, 0x17, 0x17,
    0x17, 0x1F, 0x20, 0x20, 0x3C, 0x39, 0x33, 0x2E, 0x33, 0x3C, 0x3C, 0x3C, 0x3C, 0x3C, 0x3C, 0x3C, 0x3C, 0x3C, 0x36, 0x36, 0x35, 0x35, 0x34, 0x34,
    0x3C, 0x3C, 0x3C, 0x3C, 0x3C, 0x3C, 0x3C, 0x36, 0x35, 0x34, 0x34, 0x32, 0x2F, 0x2E, 0x2E, 0x32, 0x1A, 0x1A, 0x19, 0x19, 0x19, 0x19, 0x10, 0x10,
    0x10, 0x10, 0x10, 0x10, 0x10, 0x0D, 0x1D, 0x1A, 0x1A, 0x19, 0x19, 0x19, 0x10, 0x10, 0x10, 0x10, 0x10, 0x10, 0x10, 0x10, 0x10, 0x10, 0x10, 0x0D,
    0x0D, 0x0D, 0x0D, 0x0D, 0x0D, 0x0D, 0x0D, 0x0E, 0x0E, 0x0E, 0x0E, 0x0E, 0x10, 0x10, 0x10, 0x10, 0x10, 0x10, 0x10, 0x10, 0x19, 0x19, 0x19, 0x0F,
    0x0F, 0x18, 0x18, 0x18, 0x18, 0x1F, 0x20, 0x20, 0x20, 0x37, 0x37, 0x37, 0x39, 0x37, 0x36, 0x35, 0x3C, 0x3C, 0x1F, 0x1F, 0x34, 0x20, 0x20, 0x37,
    0x3B, 0x3B, 0x3B, 0x3C, 0x3C, 0x3C, 0x3C, 0x3C, 0x3C, 0x3C, 0x3C, 0x34, 0x1F, 0x33, 0x1D, 0x31, 0x1B, 0x19, 0x19, 0x19, 0x10, 0x10, 0x31, 0x38,
    0x3B, 0x3B, 0x3B, 0x3B, 0x37, 0x35, 0x34, 0x34, 0x3B, 0x37, 0x37, 0x37, 0x37, 0x37, 0x37, 0x3B, 0x1C, 0x10, 0x0D, 0x0D, 0x0D, 0x08, 0x07, 0x07,
    0x04, 0x04, 0x01, 0x01, 0x0D, 0x31, 0x33, 0x32, 0x1B, 0x19, 0x19, 0x10, 0x10, 0x10, 0x1C, 0x39, 0x38, 0x37, 0x37, 0x37, 0x39, 0x18, 0x10, 0x04,
    0x03, 0x03, 0x06, 0x06, 0x09, 0x09, 0x0B, 0x0B, 0x11, 0x0C, 0x01, 0x0D, 0x0D, 0x0D, 0x0D, 0x08, 0x04, 0x02, 0x01, 0x04, 0x10, 0x31, 0x37, 0x39,
    0x37, 0x3B, 0x1F, 0x10, 0x04, 0x06, 0x15, 0x2B, 0x2C, 0x2C, 0x2C, 0x29, 0x29, 0x2B, 0x2C, 0x2C, 0x0B, 0x01, 0x01, 0x03, 0x06, 0x06, 0x09, 0x0B,
    0x0C, 0x06, 0x04, 0x10, 0x19, 0x20, 0x3B, 0x20, 0x10, 0x07, 0x03, 0x15, 0x2A, 0x28, 0x28, 0x28, 0x16, 0x16, 0x28, 0x16, 0x14, 0x12, 0x24, 0x0B,
    0x15, 0x2C, 0x2C, 0x2A, 0x2B, 0x2C, 0x2B, 0x2C, 0x09, 0x02, 0x10, 0x19, 0x34, 0x19, 0x08, 0x03, 0x15, 0x29, 0x14, 0x25, 0x23, 0x25, 0x2A, 0x16,
    0x2A, 0x25, 0x21, 0x22, 0x14, 0x2B, 0x27, 0x26, 0x28, 0x16, 0x2B, 0x28, 0x14, 0x16, 0x2C, 0x09, 0x02, 0x0F, 0x10, 0x0D, 0x03, 0x15, 0x2B, 0x28,
    0x23, 0x22, 0x23, 0x23, 0x29, 0x29, 0x22, 0x21, 0x22, 0x26, 0x28, 0x28, 0x25, 0x25, 0x26, 0x26, 0x28, 0x28, 0x25, 0x28, 0x16, 0x2C, 0x09, 0x07,
    0x30, 0x08, 0x09, 0x2A, 0x12, 0x26, 0x26, 0x26, 0x27, 0x27, 0x11, 0x11, 0x13, 0x22, 0x25, 0x26, 0x28, 0x29, 0x28, 0x28, 0x14, 0x13, 0x26, 0x28,
    0x28, 0x25, 0x14, 0x28, 0x0B, 0x08, 0x32, 0x07, 0x09, 0x23, 0x13, 0x23, 0x23, 0x29, 0x11, 0x06, 0x03, 0x01, 0x09, 0x27, 0x12, 0x13, 0x14, 0x27,
    0x2A, 0x29, 0x27, 0x27, 0x23, 0x23, 0x25, 0x2A, 0x28, 0x27, 0x09, 0x0A, 0x31, 0x07, 0x0B, 0x27, 0x13, 0x23, 0x14, 0x29, 0x09, 0x07, 0x18, 0x0A,
    0x06, 0x29, 0x13, 0x25, 0x14, 0x24, 0x11, 0x0B, 0x09, 0x11, 0x29, 0x22, 0x22, 0x26, 0x14, 0x27, 0x06, 0x0A, 0x30, 0x04, 0x0B, 0x22, 0x13, 0x23,
    0x12, 0x27, 0x09, 0x0A, 0x31, 0x0A, 0x09, 0x24, 0x23, 0x28, 0x12, 0x24, 0x01, 0x07, 0x04, 0x06, 0x24, 0x13, 0x21, 0x22, 0x14, 0x24, 0x06, 0x0E,
    0x30, 0x02, 0x11, 0x22, 0x13, 0x22, 0x13, 0x24, 0x06, 0x0A, 0x31, 0x08, 0x09, 0x21, 0x13, 0x23, 0x14, 0x27, 0x0E, 0x32, 0x0D, 0x06, 0x27, 0x13,
    0x21, 0x22, 0x13, 0x21, 0x06, 0x0E, 0x30, 0x02, 0x11, 0x24, 0x22, 0x22, 0x13, 0x24, 0x06, 0x0E, 0x30, 0x07, 0x0B, 0x21, 0x13, 0x22, 0x14, 0x27,
    0x0F, 0x2E, 0x08, 0x09, 0x2A, 0x12, 0x26, 0x28, 0x23, 0x13, 0x03, 0x0F, 0x19, 0x01, 0x11, 0x22, 0x13, 0x13, 0x21, 0x21, 0x06, 0x0E, 0x2F, 0x04,
    0x0B, 0x24, 0x14, 0x23, 0x12, 0x27, 0x0F, 0x2E, 0x07, 0x0B, 0x29, 0x14, 0x25, 0x28, 0x29, 0x11, 0x03, 0x18, 0x0F, 0x03, 0x13, 0x24, 0x13, 0x21,
    0x21, 0x21, 0x03, 0x0F, 0x2F, 0x04, 0x0B, 0x27, 0x25, 0x23, 0x12, 0x27, 0x18, 0x2E, 0x04, 0x0B, 0x27, 0x12, 0x22, 0x14, 0x28, 0x11, 0x03, 0x1D,
    0x0E, 0x03, 0x21, 0x24, 0x13, 0x13, 0x27, 0x12, 0x03, 0x0F, 0x2F, 0x04, 0x0B, 0x24, 0x13, 0x21, 0x13, 0x24, 0x0F, 0x0D, 0x03, 0x11, 0x23, 0x25,
    0x25, 0x14, 0x27, 0x0B, 0x02, 0x32, 0x0D, 0x06, 0x24, 0x25, 0x26, 0x25, 0x29, 0x11, 0x03, 0x0F, 0x2E, 0x04, 0x11, 0x21, 0x13, 0x23, 0x14, 0x21,
    0x03, 0x06, 0x11, 0x24, 0x14, 0x23, 0x13, 0x21, 0x11, 0x03, 0x0A, 0x32, 0x0D, 0x06, 0x21, 0x13, 0x26, 0x14, 0x24, 0x11, 0x03, 0x1A, 0x2E, 0x02,
    0x11, 0x21, 0x13, 0x22, 0x12, 0x24, 0x11, 0x21, 0x21, 0x23, 0x28, 0x28, 0x21, 0x11, 0x03, 0x0A, 0x33, 0x30, 0x0D, 0x06, 0x24, 0x12, 0x28, 0x28,
    0x22, 0x11, 0x03, 0x1A, 0x10, 0x03, 0x11, 0x27, 0x21, 0x21, 0x14, 0x2C, 0x21, 0x12, 0x25, 0x23, 0x13, 0x26, 0x11, 0x06, 0x08, 0x33, 0x30, 0x32,
    0x0D, 0x09, 0x27, 0x28, 0x28, 0x12, 0x21, 0x0B, 0x04, 0x32, 0x0F, 0x03, 0x12, 0x27, 0x25, 0x23, 0x14, 0x29, 0x13, 0x26, 0x29, 0x25, 0x14, 0x21,
    0x0B, 0x01, 0x18, 0x30, 0x1F, 0x33, 0x08, 0x09, 0x29, 0x14, 0x23, 0x13, 0x24, 0x0B, 0x07, 0x32, 0x0E, 0x03, 0x13, 0x27, 0x2A, 0x28, 0x23, 0x21,
    0x22, 0x26, 0x23, 0x23, 0x25, 0x28, 0x29, 0x09, 0x04, 0x1A, 0x36, 0x1E, 0x07, 0x09, 0x24, 0x14, 0x26, 0x28, 0x27, 0x0B, 0x07, 0x31, 0x0D, 0x03,
    0x2A, 0x26, 0x23, 0x28, 0x2A, 0x27, 0x21, 0x22, 0x21, 0x21, 0x28, 0x2C, 0x2C, 0x2C, 0x06, 0x07, 0x1C, 0x31, 0x04, 0x0B, 0x24, 0x14, 0x28, 0x16,
    0x27, 0x09, 0x08, 0x1A, 0x0D, 0x06, 0x2B, 0x16, 0x26, 0x23, 0x2A, 0x2C, 0x12, 0x13, 0x23, 0x23, 0x25, 0x2A, 0x2C, 0x2C, 0x28, 0x03, 0x0F, 0x2E,
    0x04, 0x0B, 0x29, 0x13, 0x25, 0x28, 0x24, 0x09, 0x0A, 0x31, 0x0D, 0x06, 0x29, 0x16, 0x2C, 0x25, 0x24, 0x15, 0x01, 0x06, 0x2C, 0x2B, 0x28, 0x25,
    0x26, 0x22, 0x21, 0x03, 0x0F, 0x2E, 0x04, 0x11, 0x2C, 0x16, 0x2A, 0x16, 0x27, 0x09, 0x04, 0x07, 0x02, 0x0C, 0x2C, 0x16, 0x28, 0x28, 0x2A, 0x11,
    0x0F, 0x02, 0x09, 0x2C, 0x16, 0x2A, 0x2A, 0x2B, 0x11, 0x03, 0x32, 0x2E, 0x04, 0x11, 0x2C, 0x2C, 0x2A, 0x14, 0x23, 0x0B, 0x09, 0x0C, 0x15, 0x2C,
    0x2B, 0x28, 0x14, 0x16, 0x2C, 0x0C, 0x31, 0x0E, 0x03, 0x14, 0x25, 0x28, 0x16, 0x2C, 0x15, 0x03, 0x0F, 0x19, 0x02, 0x15, 0x2A, 0x16, 0x28, 0x2B,
    0x2B, 0x2B, 0x2C, 0x2C, 0x2A, 0x28, 0x2A, 0x2B, 0x16, 0x2A, 0x0C, 0x01, 0x2F, 0x0E, 0x03, 0x12, 0x23, 0x26, 0x28, 0x2B, 0x15, 0x03, 0x01, 0x0E,
    0x03, 0x11, 0x27, 0x2B, 0x2C, 0x2C, 0x2C, 0x28, 0x14, 0x28, 0x16, 0x28, 0x26, 0x16, 0x2B, 0x11, 0x01, 0x0E, 0x2E, 0x0D, 0x06, 0x2A, 0x2B, 0x2A,
    0x25, 0x2A, 0x2C, 0x11, 0x03, 0x0E, 0x05, 0x29, 0x21, 0x28, 0x2C, 0x2A, 0x2A, 0x2B, 0x16, 0x16, 0x2C, 0x2C, 0x16, 0x27, 0x11, 0x01, 0x0A, 0x1D,
    0x2E, 0x0D, 0x06, 0x2C, 0x2C, 0x2B, 0x2A, 0x16, 0x29, 0x11, 0x02, 0x0F, 0x01, 0x0B, 0x27, 0x12, 0x2C, 0x2B, 0x16, 0x2C, 0x2C, 0x2C, 0x2C, 0x2C,
    0x2C, 0x0B, 0x01, 0x0A, 0x33, 0x30, 0x2F, 0x0D, 0x09, 0x2C, 0x2B, 0x2B, 0x2B, 0x16, 0x2C, 0x0C, 0x04, 0x32, 0x0F, 0x01, 0x09, 0x2C, 0x2C, 0x2B,
    0x2C, 0x2D, 0x2D, 0x11, 0x09, 0x06, 0x03, 0x01, 0x0A, 0x32, 0x2E, 0x32, 0x32, 0x08, 0x09, 0x2A, 0x28, 0x2A, 0x2C, 0x2C, 0x2C, 0x0B, 0x07, 0x32,
    0x2E, 0x1A, 0x04, 0x06, 0x15, 0x11, 0x0C, 0x09, 0x03, 0x02, 0x04, 0x0A, 0x0E, 0x18, 0x32, 0x2E, 0x2F, 0x35, 0x32, 0x07, 0x0B, 0x2A, 0x28, 0x28,
    0x16, 0x2C, 0x27, 0x0B, 0x07, 0x1E, 0x2E, 0x2E, 0x1C, 0x07, 0x01, 0x03, 0x04, 0x0A, 0x0E, 0x18, 0x31, 0x2F, 0x2F, 0x2F, 0x2E, 0x2E, 0x34, 0x39,
    0x2F, 0x04, 0x0C, 0x2C, 0x2C, 0x2C, 0x2B, 0x2D, 0x2C, 0x09, 0x08, 0x33, 0x20, 0x31, 0x2F, 0x30, 0x0E, 0x18, 0x32, 0x1B, 0x2F, 0x2F, 0x2E, 0x2E,
    0x2E, 0x2E, 0x2F, 0x1F, 0x39, 0x37, 0x2E, 0x02, 0x0C, 0x2D, 0x2C, 0x15, 0x0B, 0x06, 0x03, 0x01, 0x0E, 0x33, 0x38, 0x36, 0x2F, 0x2E, 0x2F, 0x2F,
    0x2E, 0x2E, 0x2E, 0x2E, 0x2E, 0x2F, 0x1B, 0x1D, 0x1F, 0x39, 0x38, 0x38, 0x19, 0x02, 0x11, 0x0C, 0x06, 0x01, 0x01, 0x07, 0x0E, 0x18, 0x32, 0x33,
    0x37, 0x38, 0x34, 0x30, 0x2F, 0x2E, 0x2E, 0x2E, 0x2F, 0x31, 0x33, 0x35, 0x37, 0x3A, 0x39, 0x37, 0x39, 0x3C, 0x0F, 0x01, 0x01, 0x01, 0x07, 0x0E,
    0x18, 0x32, 0x31, 0x30, 0x2F, 0x32, 0x38, 0x37, 0x39, 0x35, 0x1B, 0x2F, 0x31, 0x1F, 0x35, 0x39, 0x39, 0x39, 0x38, 0x39, 0x39, 0x3B, 0x37, 0x34,
    0x0F, 0x07, 0x0E, 0x1A, 0x31, 0x31, 0x30, 0x2F, 0x2F, 0x30, 0x2F, 0x1D, 0x3C, 0x3C, 0x37, 0x39, 0x35, 0x35, 0x39, 0x39, 0x39, 0x39, 0x39, 0x3B,
    0x37, 0x35, 0x34, 0x1F, 0x1D, 0x31, 0x2E, 0x30, 0x32, 0x2F, 0x2F, 0x2E, 0x2F, 0x2F, 0x2F, 0x2F, 0x2F, 0x1D, 0x39, 0x38, 0x38, 0x37, 0x39, 0x39,
    0x38, 0x39, 0x39, 0x37, 0x35, 0x34, 0x33, 0x32, 0x32, 0x31, 0x32, 0x32, 0x32, 0x2F, 0x2E, 0x30, 0x30, 0x30, 0x2F, 0x2F, 0x2F, 0x31, 0x1F, 0x36,
    0x39, 0x38, 0x38, 0x3A, 0x39, 0x38, 0x36, 0x35, 0x1F, 0x1E, 0x1D, 0x1D, 0x32, 0x1D, 0x32, 0x32, 0x31, 0x32, 0x3B, 0x1E, 0x2F, 0x2F, 0x2F, 0x30,
    0x31, 0x33, 0x35, 0x38, 0x39, 0x39, 0x39, 0x39, 0x3A, 0x36, 0x35, 0x34, 0x33, 0x1E, 0x33, 0x33, 0x1D, 0x32, 0x32, 0x32, 0x32, 0x32, 0x31, 0x31,
    0x36, 0x36, 0x1A, 0x1B, 0x1D, 0x34, 0x37, 0x39, 0x39, 0x38, 0x38, 0x38, 0x39, 0x35, 0x34, 0x1F, 0x1F, 0x33, 0x33, 0x1F, 0x33, 0x1D, 0x1D, 0x32,
    0x32, 0x32, 0x32, 0x32, 0x32, 0x31, 0x35, 0x39, 0x34, 0x35, 0x39, 0x3C, 0x38, 0x37, 0x37, 0x38, 0x38, 0x20, 0x34, 0x1F, 0x1F, 0x1F, 0x1F, 0x1F,
    0x33, 0x1E, 0x33, 0x1D, 0x31, 0x1D, 0x1D, 0x31, 0x32, 0x32, 0x1A, 0x1A, 0x36, 0x38, 0x39, 0x39, 0x37, 0x37, 0x38, 0x38, 0x39, 0x36, 0x35, 0x20,
    0x34, 0x34, 0x34, 0x34, 0x1F, 0x1F, 0x1D, 0x32, 0x1D, 0x32, 0x32, 0x32, 0x32, 0x32, 0x32, 0x31, 0x31, 0x1A, 0x38, 0x38, 0x37, 0x37, 0x39, 0x39,
    0x38, 0x3B, 0x36, 0x35, 0x35, 0x35, 0x35, 0x34, 0x34, 0x34, 0x1F, 0x33, 0x32, 0x32, 0x32, 0x31, 0x32, 0x32, 0x31, 0x31, 0x31, 0x1A, 0x31, 0x31,
    0x3A, 0x38, 0x37, 0x38, 0x38, 0x38, 0x3A, 0x36, 0x20, 0x36, 0x35, 0x34, 0x34, 0x34, 0x1F, 0x1F, 0x1F, 0x33, 0x1D, 0x32, 0x1D, 0x32, 0x32, 0x32,
    0x31, 0x1B, 0x1A, 0x1A, 0x31, 0x31, 0x2D, 0x2D, 0x37, 0x38, 0x38, 0x39, 0x37, 0x20, 0x35, 0x35, 0x35, 0x20, 0x34, 0x1F, 0x1F, 0x1F, 0x33, 0x33,
    0x1D, 0x1D, 0x1D, 0x31, 0x31, 0x1A, 0x31, 0x31, 0x31, 0x1B, 0x1B, 0x31,
};

static uint16_t pal_sprtlg06[] __attribute__((aligned(8))) = {
    0x0000, 0xEF3B, 0xE6B7, 0xEE75, 0xCE79, 0xFDED, 0xCDF3, 0xB5F7, 0xADB5, 0xFD27, 0xBD2F, 0xEC21,
    0x8CF1, 0x8473, 0x6BED, 0xF359, 0xEA93, 0xE18B, 0x6B65, 0x532F, 0x7217, 0x3277, 0x3A1D, 0x29A1,
    0x1129, 0x2111, 0xE841, 0xE001, 0xE801, 0xE001, 0xD801, 0xD801, 0xD001, 0xD001, 0xE001, 0xE001,
    0xD801, 0xD001, 0xC801, 0xC801, 0xC801, 0xC001, 0xB801, 0x6047, 0x0859, 0x002B, 0x002B, 0x0023,
    0x001B, 0x001D, 0x0009,
};

static const uint8_t px_sprtlg06[] __attribute__((aligned(8))) = {
    0x2D, 0x32, 0x15, 0x02, 0x2A, 0x2A, 0x25, 0x24, 0x25, 0x29, 0x28, 0x28, 0x29, 0x29, 0x25, 0x24, 0x25, 0x28, 0x29, 0x0F, 0x01, 0x15, 0x2F, 0x13,
    0x09, 0x2A, 0x26, 0x15, 0x2E, 0x15, 0x03, 0x26, 0x27, 0x20, 0x20, 0x20, 0x20, 0x1D, 0x1E, 0x20, 0x20, 0x20, 0x21, 0x28, 0x21, 0x1D, 0x22, 0x10,
    0x01, 0x13, 0x13, 0x09, 0x28, 0x1D, 0x01, 0x13, 0x15, 0x03, 0x26, 0x28, 0x27, 0x21, 0x1F, 0x1F, 0x1D, 0x1E, 0x21, 0x24, 0x25, 0x27, 0x24, 0x1D,
    0x1C, 0x1A, 0x24, 0x0B, 0x0C, 0x13, 0x09, 0x1C, 0x1A, 0x10, 0x02, 0x15, 0x03, 0x24, 0x1C, 0x1E, 0x1F, 0x1D, 0x1F, 0x1F, 0x23, 0x1D, 0x1A, 0x1E,
    0x24, 0x1D, 0x1C, 0x1F, 0x20, 0x29, 0x0F, 0x0D, 0x12, 0x01, 0x0F, 0x28, 0x11, 0x06, 0x13, 0x01, 0x0F, 0x1A, 0x24, 0x21, 0x24, 0x25, 0x1A, 0x09,
    0x05, 0x06, 0x05, 0x1A, 0x1C, 0x1F, 0x28, 0x27, 0x28, 0x0B, 0x0C, 0x2F, 0x08, 0x0B, 0x28, 0x11, 0x06, 0x17, 0x08, 0x01, 0x26, 0x25, 0x21, 0x1E,
    0x24, 0x1A, 0x02, 0x17, 0x18, 0x04, 0x11, 0x22, 0x1D, 0x1F, 0x1B, 0x22, 0x0B, 0x0C, 0x2F, 0x0D, 0x0F, 0x23, 0x11, 0x06, 0x2F, 0x18, 0x03, 0x26,
    0x24, 0x1B, 0x1D, 0x25, 0x11, 0x06, 0x2F, 0x2D, 0x04, 0x11, 0x23, 0x1D, 0x1D, 0x1B, 0x23, 0x0B, 0x0D, 0x2E, 0x08, 0x0F, 0x22, 0x10, 0x06, 0x31,
    0x15, 0x03, 0x20, 0x1F, 0x1D, 0x1E, 0x24, 0x11, 0x04, 0x2F, 0x2D, 0x02, 0x1A, 0x24, 0x21, 0x24, 0x20, 0x24, 0x09, 0x0D, 0x2E, 0x07, 0x0F, 0x24,
    0x10, 0x07, 0x31, 0x15, 0x03, 0x1B, 0x1C, 0x1D, 0x1E, 0x22, 0x11, 0x04, 0x2F, 0x15, 0x02, 0x1A, 0x24, 0x21, 0x21, 0x1E, 0x23, 0x09, 0x0E, 0x2E,
    0x07, 0x10, 0x23, 0x0F, 0x07, 0x2F, 0x15, 0x05, 0x22, 0x22, 0x1F, 0x1E, 0x22, 0x11, 0x06, 0x31, 0x15, 0x01, 0x1A, 0x23, 0x1D, 0x1F, 0x1B, 0x22,
    0x09, 0x0E, 0x2E, 0x04, 0x10, 0x22, 0x0F, 0x08, 0x2E, 0x15, 0x05, 0x23, 0x1D, 0x1F, 0x1E, 0x23, 0x10, 0x07, 0x2F, 0x15, 0x02, 0x1A, 0x22, 0x1D,
    0x1D, 0x1B, 0x22, 0x09, 0x0E, 0x2D, 0x04, 0x11, 0x26, 0x0B, 0x08, 0x2E, 0x15, 0x05, 0x23, 0x1E, 0x1D, 0x1C, 0x22, 0x10, 0x07, 0x2F, 0x15, 0x03,
    0x1C, 0x22, 0x1C, 0x1C, 0x1B, 0x1F, 0x05, 0x16, 0x2E, 0x04, 0x05, 0x0A, 0x0B, 0x0C, 0x2F, 0x0D, 0x09, 0x23, 0x1B, 0x1C, 0x1C, 0x22, 0x0F, 0x08,
    0x2F, 0x15, 0x03, 0x22, 0x22, 0x1B, 0x1D, 0x1E, 0x25, 0x0B, 0x0C, 0x0A, 0x12, 0x19, 0x19, 0x09, 0x0C, 0x2F, 0x0D, 0x09, 0x1F, 0x1C, 0x1C, 0x1A,
    0x23, 0x0F, 0x08, 0x2F, 0x15, 0x05, 0x22, 0x1C, 0x1C, 0x1B, 0x29, 0x10, 0x03, 0x12, 0x19, 0x19, 0x12, 0x0A, 0x09, 0x0E, 0x2F, 0x0D, 0x09, 0x23,
    0x1A, 0x1C, 0x1B, 0x22, 0x0F, 0x0C, 0x2F, 0x15, 0x05, 0x22, 0x1C, 0x1A, 0x28, 0x0F, 0x06, 0x19, 0x19, 0x0E, 0x13, 0x17, 0x2B, 0x09, 0x0E, 0x2F,
    0x0D, 0x0B, 0x23, 0x1B, 0x1D, 0x1E, 0x22, 0x0B, 0x0C, 0x2F, 0x13, 0x09, 0x24, 0x1D, 0x25, 0x0B, 0x07, 0x32, 0x16, 0x0D, 0x17, 0x30, 0x17, 0x03,
    0x05, 0x13, 0x2E, 0x0D, 0x0F, 0x24, 0x20, 0x1F, 0x1B, 0x22, 0x0B, 0x0C, 0x2F, 0x0D, 0x09, 0x28, 0x25, 0x0F, 0x04, 0x32, 0x16, 0x13, 0x2C, 0x2C,
    0x18, 0x0A, 0x10, 0x05, 0x13, 0x2E, 0x08, 0x0F, 0x28, 0x20, 0x1D, 0x20, 0x29, 0x0B, 0x0E, 0x2E, 0x0D, 0x09, 0x29, 0x26, 0x02, 0x19, 0x16, 0x17,
    0x32, 0x18, 0x15, 0x15, 0x19, 0x2B, 0x05, 0x13, 0x2D, 0x08, 0x0F, 0x25, 0x1B, 0x1D, 0x26, 0x2A, 0x09, 0x04, 0x08, 0x02, 0x10, 0x2A, 0x0B, 0x12,
    0x32, 0x13, 0x32, 0x13, 0x15, 0x18, 0x2C, 0x31, 0x19, 0x03, 0x17, 0x2D, 0x04, 0x10, 0x25, 0x1E, 0x21, 0x1E, 0x1F, 0x10, 0x0F, 0x10, 0x26, 0x2A,
    0x26, 0x03, 0x32, 0x12, 0x2C, 0x13, 0x08, 0x2C, 0x32, 0x18, 0x18, 0x0A, 0x03, 0x17, 0x08, 0x03, 0x11, 0x29, 0x29, 0x28, 0x1D, 0x21, 0x29, 0x2A,
    0x29, 0x25, 0x2A, 0x10, 0x0A, 0x32, 0x0E, 0x17, 0x18, 0x32, 0x32, 0x0E, 0x0D, 0x18, 0x17, 0x03, 0x18, 0x04, 0x11, 0x24, 0x1D, 0x25, 0x29, 0x29,
    0x27, 0x20, 0x20, 0x20, 0x20, 0x2A, 0x10, 0x0C, 0x32, 0x08, 0x0D, 0x32, 0x19, 0x0C, 0x0E, 0x17, 0x32, 0x2B, 0x03, 0x17, 0x04, 0x11, 0x27, 0x1E,
    0x1D, 0x27, 0x29, 0x20, 0x1D, 0x1E, 0x27, 0x29, 0x2A, 0x0B, 0x0C, 0x32, 0x07, 0x17, 0x19, 0x07, 0x0C, 0x32, 0x32, 0x2B, 0x2A, 0x01, 0x18, 0x04,
    0x11, 0x2A, 0x26, 0x26, 0x28, 0x28, 0x29, 0x28, 0x29, 0x2A, 0x2A, 0x0B, 0x01, 0x19, 0x12, 0x13, 0x32, 0x17, 0x08, 0x16, 0x31, 0x17, 0x2B, 0x14,
    0x16, 0x2F, 0x02, 0x11, 0x2A, 0x28, 0x2A, 0x2A, 0x11, 0x10, 0x0B, 0x09, 0x05, 0x03, 0x0C, 0x0C, 0x14, 0x19, 0x16, 0x2C, 0x2F, 0x18, 0x18, 0x18,
    0x17, 0x0A, 0x06, 0x2F, 0x18, 0x02, 0x11, 0x10, 0x0B, 0x05, 0x03, 0x02, 0x07, 0x0C, 0x0E, 0x17, 0x17, 0x30, 0x07, 0x19, 0x16, 0x13, 0x16, 0x0D,
    0x18, 0x2F, 0x17, 0x14, 0x14, 0x14, 0x2D, 0x15, 0x01, 0x02, 0x07, 0x0C, 0x13, 0x17, 0x31, 0x31, 0x2F, 0x2F, 0x2E, 0x2E, 0x18, 0x06, 0x19, 0x0E,
    0x2C, 0x07, 0x0E, 0x30, 0x32, 0x19, 0x14, 0x14, 0x14, 0x30, 0x2D, 0x15, 0x18, 0x2F, 0x2F, 0x2F, 0x2E, 0x2D, 0x2D, 0x2D, 0x2D, 0x2D, 0x2F, 0x17,
    0x06, 0x32, 0x19, 0x30, 0x30, 0x32, 0x16, 0x12, 0x12, 0x14, 0x19, 0x14, 0x32, 0x2F, 0x2D, 0x2D, 0x2D, 0x2D, 0x2D, 0x2D, 0x2E, 0x31, 0x30, 0x2C,
    0x32, 0x32, 0x19, 0x06, 0x19, 0x17, 0x19, 0x14, 0x12, 0x14, 0x19, 0x32, 0x19, 0x14, 0x0A, 0x32, 0x2C, 0x2D, 0x2D, 0x2D, 0x2F, 0x30, 0x32, 0x32,
    0x32, 0x32, 0x19, 0x32, 0x32, 0x14, 0x0A, 0x32, 0x19, 0x16, 0x0A, 0x12, 0x32, 0x32, 0x32, 0x32, 0x16, 0x04,
};

static uint16_t pal_sprtlg07[] __attribute__((aligned(8))) = {
    0x0000, 0xFFFD, 0xF739, 0xF6B5, 0xDEB9, 0xF673, 0xF631, 0xD675, 0xBE39, 0xFDA9, 0xBDB1, 0xF4E3,
    0xD4A3, 0x9D71, 0x84AF, 0x8C65, 0x6437, 0xEB17, 0xBB15, 0x73A1, 0x6B17, 0xE9CD, 0xE907, 0xC18D,
    0x79C9, 0x5367, 0x42A5, 0x4213, 0x2A2D, 0x2955, 0x4903, 0x116F, 0x1917, 0xE043, 0xE001, 0xE001,
    0xD801, 0xE801, 0xE001, 0xD801, 0xD041, 0xD001, 0xD001, 0xD001, 0xC801, 0xC801, 0xB801, 0x9801,
    0x3881, 0x2043, 0x10A5, 0x1045, 0x006D, 0x0017, 0x0003, 0x0001, 0x0067, 0x0025, 0x0013, 0x0009,
    0x0001, 0x0001, 0x0001, 0x0001,
};

static const uint8_t px_sprtlg07[] __attribute__((aligned(8))) = {
    0x10, 0x10, 0x10, 0x10, 0x10, 0x10, 0x1F, 0x10, 0x10, 0x10, 0x10, 0x10, 0x10, 0x10, 0x10, 0x10, 0x1F, 0x3A, 0x37, 0x3E, 0x38, 0x10, 0x10, 0x10,
    0x10, 0x10, 0x10, 0x10, 0x10, 0x1C, 0x1C, 0x1C, 0x38, 0x36, 0x37, 0x3F, 0x32, 0x1F, 0x1F, 0x09, 0x09, 0x09, 0x0B, 0x06, 0x0A, 0x1F, 0x01, 0x09,
    0x0B, 0x0B, 0x0B, 0x0B, 0x0B, 0x09, 0x02, 0x1F, 0x3B, 0x36, 0x38, 0x10, 0x02, 0x09, 0x09, 0x09, 0x09, 0x06, 0x05, 0x05, 0x03, 0x03, 0x02, 0x10,
    0x34, 0x3B, 0x3F, 0x1F, 0x08, 0x04, 0x2E, 0x2A, 0x2A, 0x2A, 0x15, 0x0A, 0x1F, 0x03, 0x2D, 0x2E, 0x2D, 0x2B, 0x2B, 0x2E, 0x2C, 0x03, 0x32, 0x3A,
    0x1F, 0x08, 0x05, 0x28, 0x2E, 0x2E, 0x2B, 0x26, 0x26, 0x2B, 0x2D, 0x2D, 0x2C, 0x17, 0x03, 0x08, 0x1F, 0x3A, 0x38, 0x04, 0x11, 0x29, 0x22, 0x22,
    0x23, 0x11, 0x0A, 0x1F, 0x05, 0x28, 0x22, 0x22, 0x24, 0x28, 0x2C, 0x16, 0x03, 0x32, 0x34, 0x08, 0x09, 0x2C, 0x2A, 0x28, 0x29, 0x24, 0x22, 0x2A,
    0x2D, 0x2D, 0x2B, 0x29, 0x2A, 0x28, 0x06, 0x08, 0x34, 0x38, 0x04, 0x16, 0x23, 0x24, 0x29, 0x2B, 0x11, 0x0D, 0x1C, 0x05, 0x2A, 0x2A, 0x29, 0x29,
    0x24, 0x2B, 0x28, 0x05, 0x32, 0x08, 0x09, 0x2E, 0x2D, 0x24, 0x23, 0x23, 0x24, 0x29, 0x2C, 0x2C, 0x24, 0x26, 0x24, 0x24, 0x2A, 0x2D, 0x09, 0x08,
    0x1F, 0x04, 0x15, 0x25, 0x27, 0x29, 0x2D, 0x11, 0x0D, 0x1C, 0x03, 0x28, 0x29, 0x29, 0x2B, 0x2A, 0x27, 0x21, 0x07, 0x1C, 0x02, 0x28, 0x2B, 0x2A,
    0x27, 0x26, 0x23, 0x26, 0x2B, 0x2B, 0x27, 0x26, 0x23, 0x27, 0x2A, 0x24, 0x27, 0x28, 0x03, 0x1C, 0x08, 0x15, 0x24, 0x22, 0x2B, 0x16, 0x02, 0x0D,
    0x32, 0x01, 0x0B, 0x27, 0x29, 0x2B, 0x27, 0x26, 0x06, 0x07, 0x1C, 0x04, 0x21, 0x26, 0x23, 0x27, 0x2A, 0x2A, 0x15, 0x11, 0x11, 0x11, 0x16, 0x27,
    0x2A, 0x2A, 0x2A, 0x23, 0x23, 0x06, 0x1C, 0x04, 0x15, 0x29, 0x22, 0x26, 0x15, 0x04, 0x32, 0x34, 0x10, 0x09, 0x27, 0x29, 0x24, 0x25, 0x25, 0x03,
    0x1A, 0x1F, 0x03, 0x21, 0x25, 0x25, 0x2A, 0x2B, 0x28, 0x03, 0x08, 0x0D, 0x0A, 0x06, 0x21, 0x2B, 0x24, 0x24, 0x23, 0x22, 0x06, 0x1C, 0x08, 0x16,
    0x22, 0x23, 0x26, 0x15, 0x08, 0x35, 0x39, 0x10, 0x09, 0x2A, 0x24, 0x23, 0x25, 0x22, 0x06, 0x32, 0x1F, 0x03, 0x21, 0x25, 0x23, 0x24, 0x2A, 0x16,
    0x03, 0x32, 0x39, 0x39, 0x08, 0x15, 0x23, 0x23, 0x22, 0x29, 0x29, 0x05, 0x1C, 0x08, 0x06, 0x25, 0x23, 0x2D, 0x15, 0x08, 0x35, 0x3A, 0x10, 0x09,
    0x27, 0x22, 0x24, 0x2A, 0x22, 0x05, 0x32, 0x1C, 0x03, 0x28, 0x27, 0x23, 0x23, 0x25, 0x16, 0x03, 0x32, 0x34, 0x38, 0x07, 0x16, 0x27, 0x27, 0x2B,
    0x2D, 0x2B, 0x06, 0x1C, 0x32, 0x1A, 0x22, 0x23, 0x27, 0x15, 0x08, 0x35, 0x35, 0x10, 0x0B, 0x27, 0x22, 0x24, 0x27, 0x21, 0x05, 0x32, 0x1C, 0x05,
    0x29, 0x23, 0x23, 0x23, 0x25, 0x16, 0x04, 0x32, 0x3B, 0x38, 0x04, 0x06, 0x0B, 0x0B, 0x0B, 0x11, 0x11, 0x02, 0x1C, 0x34, 0x34, 0x22, 0x22, 0x26,
    0x11, 0x08, 0x3A, 0x3A, 0x10, 0x0B, 0x25, 0x22, 0x24, 0x27, 0x21, 0x05, 0x32, 0x1C, 0x05, 0x22, 0x25, 0x25, 0x25, 0x26, 0x16, 0x04, 0x32, 0x3B,
    0x34, 0x1C, 0x19, 0x19, 0x0E, 0x0E, 0x0E, 0x0D, 0x08, 0x20, 0x35, 0x38, 0x27, 0x27, 0x2D, 0x17, 0x0E, 0x3A, 0x3A, 0x10, 0x0B, 0x25, 0x21, 0x22,
    0x27, 0x21, 0x05, 0x32, 0x1C, 0x05, 0x25, 0x26, 0x26, 0x24, 0x2A, 0x16, 0x04, 0x32, 0x3B, 0x38, 0x34, 0x34, 0x34, 0x34, 0x39, 0x39, 0x34, 0x39,
    0x35, 0x3F, 0x3D, 0x11, 0x0C, 0x0C, 0x0C, 0x0A, 0x0E, 0x0F, 0x08, 0x0C, 0x28, 0x27, 0x25, 0x24, 0x21, 0x05, 0x32, 0x1C, 0x06, 0x26, 0x26, 0x24,
    0x2A, 0x27, 0x16, 0x04, 0x32, 0x3E, 0x3A, 0x34, 0x34, 0x34, 0x34, 0x34, 0x34, 0x34, 0x34, 0x35, 0x3F, 0x3C, 0x0F, 0x14, 0x1B, 0x1D, 0x1D, 0x1B,
    0x1B, 0x14, 0x0F, 0x0A, 0x0B, 0x17, 0x2E, 0x2C, 0x05, 0x32, 0x1C, 0x06, 0x2A, 0x26, 0x23, 0x23, 0x25, 0x16, 0x04, 0x32, 0x36, 0x3D, 0x37, 0x37,
    0x36, 0x3B, 0x3B, 0x3B, 0x3A, 0x3A, 0x3B, 0x3D, 0x3D, 0x1B, 0x14, 0x14, 0x12, 0x18, 0x18, 0x18, 0x1E, 0x31, 0x33, 0x1B, 0x0A, 0x0B, 0x17, 0x06,
    0x32, 0x1C, 0x09, 0x2D, 0x24, 0x23, 0x23, 0x26, 0x16, 0x04, 0x32, 0x36, 0x3B, 0x3B, 0x3B, 0x3B, 0x36, 0x3D, 0x3F, 0x3F, 0x37, 0x3F, 0x3F, 0x3F,
    0x12, 0x11, 0x0B, 0x03, 0x02, 0x01, 0x02, 0x02, 0x02, 0x0A, 0x1B, 0x33, 0x13, 0x02, 0x02, 0x35, 0x1C, 0x09, 0x2B, 0x23, 0x25, 0x23, 0x25, 0x16,
    0x04, 0x32, 0x3B, 0x34, 0x1C, 0x1C, 0x1C, 0x1F, 0x1F, 0x34, 0x34, 0x39, 0x38, 0x3B, 0x3D, 0x0C, 0x02, 0x02, 0x09, 0x0B, 0x15, 0x16, 0x28, 0x16,
    0x15, 0x11, 0x12, 0x30, 0x33, 0x0A, 0x0E, 0x1A, 0x09, 0x25, 0x23, 0x23, 0x22, 0x26, 0x16, 0x04, 0x32, 0x3B, 0x1F, 0x02, 0x03, 0x03, 0x04, 0x04,
    0x04, 0x08, 0x08, 0x1F, 0x3A, 0x37, 0x03, 0x11, 0x21, 0x27, 0x26, 0x23, 0x15, 0x0C, 0x09, 0x06, 0x03, 0x02, 0x02, 0x14, 0x3F, 0x0F, 0x01, 0x0C,
    0x26, 0x22, 0x24, 0x22, 0x25, 0x16, 0x04, 0x32, 0x3B, 0x1F, 0x04, 0x16, 0x2C, 0x21, 0x16, 0x17, 0x15, 0x03, 0x1C, 0x3B, 0x37, 0x2E, 0x2D, 0x26,
    0x16, 0x11, 0x05, 0x01, 0x01, 0x01, 0x01, 0x02, 0x03, 0x07, 0x01, 0x0D, 0x36, 0x13, 0x03, 0x21, 0x24, 0x24, 0x22, 0x25, 0x16, 0x04, 0x32, 0x38,
    0x1F, 0x02, 0x16, 0x27, 0x27, 0x2D, 0x2E, 0x2B, 0x06, 0x1C, 0x3B, 0x37, 0x2F, 0x28, 0x12, 0x03, 0x01, 0x01, 0x03, 0x09, 0x11, 0x15, 0x21, 0x23,
    0x21, 0x16, 0x11, 0x12, 0x3F, 0x0D, 0x09, 0x2E, 0x2C, 0x29, 0x2D, 0x2C, 0x06, 0x04, 0x08, 0x08, 0x05, 0x21, 0x24, 0x24, 0x29, 0x2D, 0x22, 0x05,
    0x1C, 0x3B, 0x37, 0x11, 0x0C, 0x0D, 0x0A, 0x0C, 0x15, 0x28, 0x2A, 0x26, 0x15, 0x11, 0x11, 0x17, 0x17, 0x2C, 0x16, 0x2F, 0x33, 0x02, 0x17, 0x2D,
    0x29, 0x2D, 0x2A, 0x21, 0x16, 0x15, 0x15, 0x16, 0x26, 0x24, 0x27, 0x24, 0x2A, 0x22, 0x06, 0x1C, 0x3B, 0x37, 0x01, 0x04, 0x0C, 0x18, 0x2F, 0x2F,
    0x2F, 0x15, 0x15, 0x16, 0x11, 0x06, 0x02, 0x07, 0x1B, 0x14, 0x06, 0x31, 0x0F, 0x09, 0x2E, 0x22, 0x23, 0x23, 0x27, 0x2A, 0x2B, 0x2D, 0x2B, 0x2A,
    0x2A, 0x29, 0x29, 0x29, 0x24, 0x06, 0x1C, 0x3B, 0x3D, 0x14, 0x16, 0x22, 0x16, 0x11, 0x0B, 0x06, 0x01, 0x01, 0x09, 0x15, 0x2A, 0x17, 0x09, 0x02,
    0x1B, 0x0F, 0x14, 0x1B, 0x06, 0x2D, 0x22, 0x29, 0x2B, 0x29, 0x24, 0x24, 0x29, 0x29, 0x2D, 0x2D, 0x2D, 0x2C, 0x2E, 0x28, 0x02, 0x1C, 0x3B, 0x37,
    0x22, 0x2D, 0x2D, 0x22, 0x22, 0x27, 0x28, 0x17, 0x12, 0x0C, 0x02, 0x06, 0x17, 0x2F, 0x17, 0x06, 0x0D, 0x31, 0x1B, 0x01, 0x17, 0x2F, 0x2E, 0x2E,
    0x2E, 0x2A, 0x24, 0x22, 0x28, 0x2C, 0x2E, 0x2E, 0x2E, 0x17, 0x02, 0x0E, 0x32, 0x3B, 0x37, 0x2F, 0x17, 0x17, 0x11, 0x0B, 0x0B, 0x0B, 0x11, 0x11,
    0x15, 0x12, 0x0C, 0x0F, 0x17, 0x2F, 0x2F, 0x09, 0x13, 0x31, 0x01, 0x03, 0x17, 0x17, 0x16, 0x2C, 0x27, 0x2B, 0x2E, 0x2E, 0x2E, 0x2D, 0x2D, 0x11,
    0x02, 0x1A, 0x35, 0x39, 0x3B, 0x37, 0x0C, 0x0A, 0x0A, 0x0C, 0x12, 0x12, 0x12, 0x12, 0x06, 0x01, 0x01, 0x05, 0x07, 0x07, 0x12, 0x2E, 0x2F, 0x12,
    0x30, 0x0F, 0x07, 0x0A, 0x04, 0x02, 0x03, 0x06, 0x09, 0x0B, 0x11, 0x11, 0x15, 0x09, 0x04, 0x20, 0x35, 0x34, 0x35, 0x3D, 0x37, 0x0F, 0x30, 0x37,
    0x31, 0x31, 0x30, 0x30, 0x18, 0x14, 0x14, 0x0F, 0x0A, 0x0C, 0x0C, 0x0C, 0x17, 0x2F, 0x1E, 0x37, 0x0F, 0x0E, 0x35, 0x32, 0x32, 0x1A, 0x1A, 0x19,
    0x0E, 0x0D, 0x08, 0x04, 0x0D, 0x35, 0x39, 0x34, 0x39, 0x3B, 0x3D, 0x3D, 0x30, 0x31, 0x30, 0x1B, 0x14, 0x14, 0x14, 0x14, 0x14, 0x1B, 0x1E, 0x31,
    0x1E, 0x1E, 0x30, 0x2F, 0x2F, 0x2F, 0x30, 0x0F, 0x0E, 0x39, 0x34, 0x1F, 0x34, 0x39, 0x39, 0x39, 0x39, 0x39, 0x35, 0x35, 0x39, 0x34, 0x39, 0x36,
    0x3F, 0x3C, 0x37, 0x13, 0x0F, 0x0F, 0x0D, 0x0F, 0x13, 0x13, 0x14, 0x13, 0x13, 0x13, 0x0F, 0x0F, 0x13, 0x14, 0x1B, 0x18, 0x17, 0x2F, 0x1B, 0x07,
    0x13, 0x0F, 0x0E, 0x39, 0x1F, 0x10, 0x34, 0x34, 0x34, 0x34, 0x38, 0x34, 0x35, 0x3F, 0x3D, 0x3C, 0x37, 0x37, 0x07, 0x07, 0x31, 0x07, 0x0D, 0x3D,
    0x3F, 0x3F, 0x3F, 0x3F, 0x31, 0x0F, 0x07, 0x0A, 0x0F, 0x14, 0x0F, 0x14, 0x30, 0x31, 0x13, 0x1B, 0x0F, 0x0E, 0x13, 0x0D, 0x0D, 0x3B, 0x3A, 0x35,
    0x39, 0x39, 0x3A, 0x3F, 0x3D, 0x3D, 0x3D, 0x3D, 0x3F, 0x01, 0x07, 0x31, 0x0F, 0x0D, 0x33, 0x3C, 0x36, 0x36, 0x33, 0x14, 0x02, 0x04, 0x01, 0x0D,
    0x3F, 0x33, 0x13, 0x3F, 0x37, 0x37, 0x1B, 0x0F, 0x14, 0x1B, 0x0F, 0x1B, 0x31, 0x1B, 0x14, 0x1D, 0x37, 0x37, 0x3C, 0x3D, 0x3D, 0x3D, 0x3D, 0x3D,
    0x01, 0x0F, 0x33, 0x1D, 0x0E, 0x33, 0x3F, 0x36, 0x36, 0x3F, 0x31, 0x0D, 0x14, 0x01, 0x0D, 0x3C, 0x33, 0x14, 0x37, 0x31, 0x30, 0x30, 0x30, 0x31,
    0x14, 0x0A, 0x0F, 0x13, 0x0F, 0x0A, 0x33, 0x3F, 0x3C, 0x37, 0x3D, 0x3D, 0x3D, 0x3D, 0x3D, 0x10, 0x1D, 0x36, 0x14, 0x0F, 0x14, 0x3F, 0x3C, 0x3C,
    0x3F, 0x14, 0x13, 0x31, 0x01, 0x0E, 0x3D, 0x36, 0x14, 0x3C, 0x31, 0x1E, 0x1E, 0x1E, 0x1E, 0x30, 0x31, 0x31, 0x1D, 0x0F, 0x0F, 0x13, 0x1B, 0x33,
    0x3F, 0x3F, 0x3F, 0x3F, 0x3D, 0x3D, 0x1C, 0x36, 0x1D, 0x14, 0x18, 0x13, 0x1B, 0x3F, 0x36, 0x3D, 0x13, 0x33, 0x31, 0x04, 0x19, 0x36, 0x36, 0x1B,
    0x3C, 0x31, 0x30, 0x1E, 0x1E, 0x1E, 0x1E, 0x31, 0x36, 0x36, 0x33, 0x14, 0x13, 0x0F, 0x0A, 0x14, 0x3B, 0x3B, 0x36, 0x3F, 0x3F, 0x32, 0x36, 0x1B,
    0x18, 0x0B, 0x18, 0x13, 0x33, 0x36, 0x33, 0x13, 0x3D, 0x33, 0x19, 0x1F, 0x36, 0x36, 0x14, 0x3F, 0x36, 0x31, 0x30, 0x30, 0x1E, 0x18, 0x18, 0x18,
    0x1E, 0x1E, 0x1B, 0x0A, 0x04, 0x0E, 0x0E, 0x32, 0x35, 0x35, 0x3A, 0x3B, 0x3A, 0x1D, 0x1B, 0x18, 0x0B, 0x12, 0x1B, 0x14, 0x3F, 0x3A, 0x3A, 0x3F,
    0x3F, 0x35, 0x32, 0x1D, 0x13, 0x1B, 0x30, 0x37, 0x31, 0x30, 0x1E, 0x18, 0x1E, 0x31, 0x1E, 0x1E, 0x30, 0x30, 0x31, 0x13, 0x08, 0x32, 0x35, 0x39,
    0x35, 0x35, 0x3A, 0x3B, 0x1B, 0x1E, 0x0B, 0x02, 0x09, 0x18, 0x14, 0x1B, 0x20, 0x33, 0x31, 0x1D, 0x1A, 0x13, 0x14, 0x31, 0x3F, 0x18, 0x31, 0x31,
    0x1E, 0x30, 0x1E, 0x18, 0x1E, 0x3D, 0x3D, 0x33, 0x31, 0x30, 0x31, 0x1B, 0x04, 0x1A, 0x39, 0x35, 0x35, 0x35, 0x1B, 0x14, 0x12, 0x0B, 0x05, 0x09,
    0x12, 0x12, 0x1B, 0x14, 0x13, 0x13, 0x14, 0x14, 0x18, 0x18, 0x31, 0x31, 0x18, 0x1E, 0x3D, 0x1E, 0x18, 0x30, 0x37, 0x30, 0x1E, 0x31, 0x3E, 0x37,
    0x37, 0x30, 0x30, 0x14, 0x04, 0x32, 0x3A, 0x39, 0x39,
};

static uint16_t pal_sprtlg08[] __attribute__((aligned(8))) = {
    0x0000, 0xEF3B, 0xE6B9, 0xE675, 0xBE7F, 0xFDED, 0xFCE5, 0xBDFB, 0x8D39, 0xF3DD, 0xF20F, 0x7C33,
    0xB2DD, 0x4BBD, 0x42F5, 0x4AA7, 0x2A77, 0xE909, 0xE001, 0xE001, 0xE001, 0xD043, 0xD001, 0x60D1,
    0x1919, 0x00F1, 0x0899, 0x0025, 0x0011, 0x002B, 0x0007, 0xE801, 0xE001, 0xD801, 0xD801, 0xD801,
    0xD801, 0xD001, 0xD001, 0xD001, 0xC801, 0xC801, 0xC001, 0xA801, 0x0007, 0x0015, 0x0001, 0x002F,
    0x0027, 0x001B, 0x000F, 0x0007, 0x0005, 0x0001, 0x0001, 0x0001, 0x0001, 0x0001,
};

static const uint8_t px_sprtlg08[] __attribute__((aligned(8))) = {
    0x0B, 0x2C, 0x37, 0x2F, 0x19, 0x19, 0x2F, 0x32, 0x07, 0x07, 0x07, 0x07, 0x07, 0x01, 0x0F, 0x34, 0x07, 0x01, 0x03, 0x03, 0x03, 0x01, 0x0F, 0x39,
    0x31, 0x39, 0x39, 0x31, 0x2F, 0x2F, 0x2F, 0x2F, 0x32, 0x34, 0x1E, 0x1E, 0x1C, 0x1C, 0x1C, 0x1E, 0x34, 0x18, 0x0F, 0x0F, 0x0F, 0x0F, 0x0F, 0x1C,
    0x36, 0x1B, 0x1B, 0x1B, 0x19, 0x19, 0x19, 0x2F, 0x2F, 0x1D, 0x32, 0x32, 0x32, 0x33, 0x33, 0x34, 0x34, 0x34, 0x39, 0x39, 0x39, 0x39, 0x39, 0x39,
    0x39, 0x34, 0x1D, 0x0D, 0x0D, 0x0D, 0x0D, 0x0D, 0x10, 0x10, 0x10, 0x0D, 0x0D, 0x0D, 0x0D, 0x10, 0x10, 0x10, 0x10, 0x19, 0x19, 0x19, 0x19, 0x19,
    0x1D, 0x30, 0x1D, 0x2F, 0x1E, 0x1E, 0x1C, 0x1C, 0x18, 0x18, 0x18, 0x18, 0x18, 0x0F, 0x0F, 0x0F, 0x0F, 0x0F, 0x0E, 0x0E, 0x0E, 0x0E, 0x0D, 0x0D,
    0x0D, 0x0D, 0x0D, 0x0D, 0x0D, 0x1D, 0x1B, 0x1B, 0x1B, 0x31, 0x31, 0x31, 0x2D, 0x2D, 0x1C, 0x32, 0x33, 0x33, 0x34, 0x34, 0x37, 0x37, 0x36, 0x2E,
    0x2E, 0x1E, 0x1E, 0x1E, 0x1C, 0x18, 0x04, 0x04, 0x04, 0x04, 0x08, 0x08, 0x08, 0x0D, 0x0D, 0x0D, 0x10, 0x10, 0x10, 0x10, 0x19, 0x19, 0x19, 0x1D,
    0x1B, 0x1B, 0x31, 0x2D, 0x1C, 0x32, 0x33, 0x0A, 0x0A, 0x09, 0x09, 0x06, 0x06, 0x05, 0x05, 0x05, 0x03, 0x02, 0x01, 0x01, 0x01, 0x04, 0x04, 0x0E,
    0x0E, 0x08, 0x08, 0x0D, 0x0D, 0x10, 0x10, 0x19, 0x2A, 0x27, 0x24, 0x24, 0x24, 0x26, 0x29, 0x29, 0x29, 0x28, 0x15, 0x11, 0x11, 0x0A, 0x11, 0x05,
    0x0B, 0x0B, 0x02, 0x06, 0x05, 0x03, 0x01, 0x01, 0x01, 0x21, 0x13, 0x12, 0x13, 0x25, 0x16, 0x16, 0x23, 0x21, 0x20, 0x24, 0x26, 0x27, 0x29, 0x2A,
    0x06, 0x0B, 0x0B, 0x09, 0x2B, 0x2A, 0x29, 0x15, 0x11, 0x0A, 0x20, 0x13, 0x13, 0x23, 0x25, 0x23, 0x1F, 0x1F, 0x1F, 0x21, 0x27, 0x28, 0x29, 0x16,
    0x27, 0x06, 0x0B, 0x0B, 0x09, 0x2A, 0x25, 0x23, 0x27, 0x28, 0x29, 0x14, 0x22, 0x24, 0x24, 0x22, 0x21, 0x1F, 0x1F, 0x20, 0x21, 0x27, 0x23, 0x23,
    0x12, 0x20, 0x06, 0x0B, 0x0B, 0x06, 0x27, 0x23, 0x23, 0x25, 0x29, 0x16, 0x27, 0x09, 0x06, 0x09, 0x11, 0x25, 0x25, 0x23, 0x21, 0x14, 0x21, 0x20,
    0x1F, 0x12, 0x27, 0x09, 0x0B, 0x0B, 0x06, 0x24, 0x23, 0x24, 0x25, 0x27, 0x16, 0x06, 0x01, 0x0B, 0x01, 0x0A, 0x24, 0x25, 0x27, 0x25, 0x12, 0x06,
    0x05, 0x09, 0x16, 0x2A, 0x09, 0x0B, 0x0B, 0x05, 0x11, 0x21, 0x21, 0x21, 0x20, 0x23, 0x0F, 0x0F, 0x1D, 0x07, 0x0A, 0x24, 0x13, 0x21, 0x1F, 0x1F,
    0x02, 0x0B, 0x04, 0x09, 0x11, 0x06, 0x08, 0x0F, 0x04, 0x05, 0x22, 0x14, 0x21, 0x14, 0x1F, 0x1D, 0x2F, 0x2F, 0x04, 0x0A, 0x28, 0x13, 0x1F, 0x1F,
    0x1F, 0x05, 0x18, 0x0F, 0x03, 0x03, 0x01, 0x08, 0x1D, 0x0F, 0x05, 0x20, 0x22, 0x23, 0x23, 0x1F, 0x1D, 0x31, 0x31, 0x04, 0x0A, 0x26, 0x14, 0x1F,
    0x20, 0x24, 0x05, 0x0F, 0x1D, 0x1B, 0x1B, 0x18, 0x1B, 0x30, 0x10, 0x03, 0x1F, 0x1F, 0x23, 0x25, 0x24, 0x37, 0x39, 0x1B, 0x04, 0x0A, 0x22, 0x13,
    0x21, 0x23, 0x22, 0x05, 0x0F, 0x2F, 0x2F, 0x2F, 0x2F, 0x2F, 0x31, 0x10, 0x02, 0x12, 0x22, 0x23, 0x23, 0x24, 0x35, 0x39, 0x30, 0x04, 0x0A, 0x22,
    0x23, 0x23, 0x21, 0x20, 0x05, 0x0F, 0x2D, 0x2D, 0x31, 0x1D, 0x1B, 0x32, 0x10, 0x02, 0x12, 0x26, 0x23, 0x12, 0x22, 0x35, 0x39, 0x30, 0x04, 0x0A,
    0x26, 0x25, 0x25, 0x12, 0x20, 0x05, 0x0B, 0x32, 0x2E, 0x38, 0x37, 0x2E, 0x33, 0x19, 0x02, 0x12, 0x26, 0x14, 0x12, 0x22, 0x36, 0x38, 0x30, 0x04,
    0x0A, 0x29, 0x23, 0x20, 0x12, 0x26, 0x06, 0x0B, 0x32, 0x2E, 0x37, 0x35, 0x2E, 0x33, 0x19, 0x02, 0x11, 0x24, 0x14, 0x21, 0x22, 0x35, 0x2E, 0x30,
    0x04, 0x0A, 0x27, 0x14, 0x1F, 0x13, 0x24, 0x06, 0x0B, 0x32, 0x2E, 0x36, 0x35, 0x2E, 0x33, 0x19, 0x02, 0x11, 0x20, 0x21, 0x23, 0x20, 0x35, 0x38,
    0x30, 0x04, 0x0A, 0x20, 0x12, 0x25, 0x16, 0x26, 0x06, 0x0B, 0x32, 0x2E, 0x36, 0x36, 0x2E, 0x34, 0x1D, 0x02, 0x11, 0x20, 0x21, 0x23, 0x20, 0x37,
    0x39, 0x30, 0x04, 0x0A, 0x24, 0x14, 0x20, 0x13, 0x27, 0x06, 0x08, 0x32, 0x2E, 0x36, 0x36, 0x2E, 0x34, 0x1D, 0x04, 0x11, 0x26, 0x14, 0x1F, 0x1F,
    0x37, 0x36, 0x30, 0x04, 0x0A, 0x26, 0x23, 0x20, 0x12, 0x26, 0x09, 0x08, 0x32, 0x2E, 0x38, 0x36, 0x38, 0x37, 0x1D, 0x04, 0x0A, 0x20, 0x1F, 0x1F,
    0x20, 0x39, 0x2E, 0x1B, 0x04, 0x0A, 0x22, 0x12, 0x23, 0x23, 0x26, 0x09, 0x08, 0x32, 0x2E, 0x35, 0x2E, 0x38, 0x37, 0x2F, 0x04, 0x0A, 0x1F, 0x13,
    0x22, 0x14, 0x1A, 0x31, 0x2F, 0x04, 0x0A, 0x20, 0x12, 0x23, 0x23, 0x29, 0x09, 0x08, 0x2D, 0x2E, 0x38, 0x35, 0x35, 0x37, 0x30, 0x04, 0x0A, 0x1F,
    0x12, 0x20, 0x14, 0x1D, 0x0D, 0x0D, 0x04, 0x0A, 0x28, 0x23, 0x21, 0x13, 0x2A, 0x09, 0x07, 0x2D, 0x2E, 0x36, 0x2E, 0x2E, 0x35, 0x31, 0x07, 0x0A,
    0x20, 0x12, 0x21, 0x16, 0x31, 0x07, 0x05, 0x05, 0x11, 0x2A, 0x29, 0x28, 0x25, 0x24, 0x09, 0x08, 0x31, 0x33, 0x35, 0x36, 0x38, 0x2E, 0x1B, 0x07,
    0x0A, 0x29, 0x16, 0x26, 0x23, 0x30, 0x04, 0x0A, 0x22, 0x13, 0x28, 0x25, 0x21, 0x29, 0x28, 0x0A, 0x01, 0x0E, 0x1D, 0x33, 0x39, 0x2C, 0x34, 0x30,
    0x07, 0x09, 0x29, 0x16, 0x27, 0x25, 0x1D, 0x04, 0x0A, 0x29, 0x16, 0x28, 0x25, 0x23, 0x25, 0x2A, 0x15, 0x09, 0x01, 0x0F, 0x33, 0x2E, 0x31, 0x19,
    0x2F, 0x08, 0x09, 0x24, 0x23, 0x14, 0x23, 0x30, 0x04, 0x0A, 0x27, 0x25, 0x25, 0x29, 0x29, 0x23, 0x23, 0x2A, 0x2A, 0x05, 0x0E, 0x32, 0x2E, 0x2D,
    0x0D, 0x08, 0x04, 0x09, 0x22, 0x25, 0x14, 0x12, 0x1B, 0x04, 0x0A, 0x2A, 0x16, 0x2A, 0x2A, 0x29, 0x25, 0x28, 0x2A, 0x2B, 0x05, 0x0E, 0x1C, 0x2E,
    0x32, 0x0E, 0x01, 0x05, 0x09, 0x26, 0x16, 0x25, 0x13, 0x30, 0x04, 0x09, 0x2B, 0x2A, 0x29, 0x2A, 0x2A, 0x2A, 0x16, 0x15, 0x29, 0x05, 0x0E, 0x32,
    0x2E, 0x1C, 0x0D, 0x05, 0x28, 0x16, 0x29, 0x29, 0x27, 0x25, 0x30, 0x0B, 0x03, 0x02, 0x05, 0x06, 0x0A, 0x11, 0x2B, 0x2B, 0x28, 0x1F, 0x05, 0x0F,
    0x33, 0x2E, 0x1C, 0x0D, 0x05, 0x25, 0x27, 0x25, 0x28, 0x29, 0x16, 0x31, 0x30, 0x31, 0x18, 0x0F, 0x08, 0x07, 0x01, 0x05, 0x06, 0x09, 0x11, 0x05,
    0x0F, 0x33, 0x2E, 0x32, 0x0D, 0x05, 0x27, 0x28, 0x23, 0x23, 0x28, 0x29, 0x1B, 0x2F, 0x2F, 0x1D, 0x1D, 0x1B, 0x31, 0x1B, 0x0F, 0x0B, 0x07, 0x02,
    0x01, 0x0F, 0x32, 0x2E, 0x32, 0x10, 0x02, 0x16, 0x16, 0x25, 0x28, 0x2A, 0x2A, 0x2D, 0x1B, 0x1D, 0x2F, 0x2F, 0x2F, 0x2F, 0x1D, 0x30, 0x1B, 0x1B,
    0x1B, 0x0F, 0x0F, 0x32, 0x2E, 0x33, 0x10, 0x02, 0x16, 0x2A, 0x26, 0x29, 0x2A, 0x2A, 0x38, 0x36, 0x2C, 0x32, 0x31, 0x1B, 0x1D, 0x2F, 0x2F, 0x2F,
    0x2F, 0x2F, 0x30, 0x1D, 0x32, 0x2E, 0x33, 0x19, 0x01, 0x02, 0x06, 0x0A, 0x15, 0x2A, 0x24, 0x38, 0x2E, 0x38, 0x38, 0x38, 0x36, 0x2C, 0x1C, 0x31,
    0x30, 0x1D, 0x1D, 0x2F, 0x1D, 0x2C, 0x38, 0x2C, 0x30, 0x1B, 0x0F, 0x08, 0x02, 0x01, 0x05, 0x09, 0x33, 0x34, 0x36, 0x38, 0x38, 0x38, 0x38, 0x38,
    0x38, 0x34, 0x33, 0x2D, 0x30, 0x1B, 0x36, 0x38, 0x2C, 0x1D, 0x2F, 0x30, 0x31, 0x31, 0x0F, 0x08, 0x01, 0x31, 0x31, 0x2D, 0x32, 0x33, 0x34, 0x2E,
    0x2E, 0x35, 0x38, 0x39, 0x38, 0x34, 0x2C, 0x36, 0x2E, 0x1E, 0x2F, 0x2F, 0x2F, 0x2F, 0x2F, 0x1D, 0x1B, 0x30, 0x31, 0x31, 0x31, 0x31, 0x31, 0x31,
    0x1C, 0x2C, 0x2E, 0x2E, 0x2E, 0x35, 0x39, 0x38, 0x35, 0x2E, 0x37, 0x1C, 0x31, 0x1D, 0x2F, 0x2F, 0x2F, 0x1D, 0x1D, 0x31, 0x31, 0x31, 0x31, 0x31,
    0x31, 0x31, 0x2D, 0x1C, 0x1C, 0x1E, 0x2C, 0x2E, 0x2E, 0x38, 0x37, 0x36, 0x38, 0x2E, 0x2C, 0x2D, 0x31, 0x1D, 0x1D, 0x1D, 0x1B, 0x31, 0x1B, 0x31,
    0x31, 0x31, 0x31, 0x31, 0x31, 0x2D, 0x1C, 0x1C, 0x1C, 0x1E, 0x2E, 0x2E, 0x39, 0x37, 0x35, 0x2E, 0x39, 0x38, 0x33, 0x2D, 0x1B,
};

static uint16_t pal_sprtlg09[] __attribute__((aligned(8))) = {
    0x0000, 0xFFFF, 0xF7FF, 0xF779, 0xDF3B, 0xEEB7, 0xEE71, 0xCE79, 0xBE35, 0xF567, 0xB5B1, 0xECA3,
    0xEBDB, 0x9D77, 0x8CAD, 0x7BE3, 0x63A5, 0xEAD5, 0xE18D, 0x62DD, 0x6A13, 0xE043, 0xE001, 0xD043,
    0xA043, 0x2273, 0x11B1, 0x092F, 0x1917, 0x00AD, 0x002D, 0x104B, 0x0051, 0xE801, 0xE001, 0xD801,
    0xD801, 0xD001, 0xD001, 0xC801, 0xC801, 0xC001, 0x5003, 0x0023, 0x0001, 0x0029, 0x0011, 0x0001,
    0x0001, 0x002F, 0x002B, 0x0029, 0x0029, 0x0027, 0x0025, 0x0027, 0x0023, 0x001D, 0x0011, 0x0003,
    0x0001, 0x0001, 0x0001,
};

static const uint8_t px_sprtlg09[] __attribute__((aligned(8))) = {
    0x02, 0x02, 0x02, 0x02, 0x01, 0x13, 0x08, 0x01, 0x02, 0x02, 0x01, 0x04, 0x1F, 0x3E, 0x38, 0x32, 0x34, 0x34, 0x33, 0x33, 0x35, 0x35, 0x36, 0x2B,
    0x36, 0x01, 0x01, 0x01, 0x01, 0x01, 0x04, 0x02, 0x01, 0x01, 0x02, 0x01, 0x08, 0x3B, 0x3B, 0x35, 0x32, 0x34, 0x34, 0x33, 0x2D, 0x35, 0x35, 0x37,
    0x36, 0x2B, 0x01, 0x01, 0x01, 0x01, 0x01, 0x01, 0x01, 0x01, 0x01, 0x02, 0x01, 0x0E, 0x3E, 0x1F, 0x32, 0x32, 0x32, 0x34, 0x33, 0x2D, 0x35, 0x35,
    0x37, 0x36, 0x36, 0x04, 0x01, 0x02, 0x01, 0x01, 0x02, 0x02, 0x01, 0x02, 0x02, 0x01, 0x10, 0x3E, 0x2E, 0x32, 0x32, 0x34, 0x34, 0x33, 0x33, 0x2D,
    0x35, 0x35, 0x37, 0x36, 0x0E, 0x01, 0x03, 0x02, 0x02, 0x02, 0x02, 0x02, 0x02, 0x03, 0x01, 0x13, 0x3E, 0x39, 0x1E, 0x32, 0x32, 0x33, 0x33, 0x33,
    0x33, 0x35, 0x35, 0x36, 0x36, 0x1C, 0x02, 0x03, 0x03, 0x03, 0x04, 0x04, 0x04, 0x04, 0x03, 0x02, 0x1C, 0x3E, 0x39, 0x1E, 0x32, 0x34, 0x33, 0x33,
    0x2D, 0x2D, 0x35, 0x35, 0x35, 0x37, 0x2F, 0x0E, 0x02, 0x04, 0x04, 0x05, 0x05, 0x05, 0x05, 0x04, 0x07, 0x1F, 0x2F, 0x36, 0x1E, 0x32, 0x33, 0x2D,
    0x2D, 0x2D, 0x2D, 0x35, 0x35, 0x37, 0x36, 0x3A, 0x1C, 0x03, 0x07, 0x07, 0x07, 0x07, 0x07, 0x08, 0x05, 0x0A, 0x2F, 0x3B, 0x34, 0x32, 0x32, 0x34,
    0x33, 0x33, 0x2D, 0x35, 0x35, 0x37, 0x36, 0x36, 0x2D, 0x1F, 0x0A, 0x05, 0x08, 0x08, 0x08, 0x08, 0x0A, 0x05, 0x0E, 0x3E, 0x20, 0x31, 0x31, 0x31,
    0x1E, 0x34, 0x33, 0x35, 0x35, 0x35, 0x37, 0x36, 0x36, 0x31, 0x39, 0x13, 0x04, 0x0A, 0x0A, 0x0A, 0x0A, 0x0A, 0x05, 0x10, 0x3E, 0x2E, 0x36, 0x38,
    0x38, 0x39, 0x38, 0x2D, 0x35, 0x35, 0x35, 0x37, 0x36, 0x36, 0x31, 0x2D, 0x1F, 0x07, 0x0A, 0x0A, 0x0A, 0x0A, 0x0E, 0x07, 0x1C, 0x3E, 0x1F, 0x13,
    0x13, 0x14, 0x14, 0x1C, 0x37, 0x35, 0x35, 0x37, 0x36, 0x36, 0x36, 0x31, 0x31, 0x3A, 0x10, 0x07, 0x08, 0x07, 0x07, 0x07, 0x07, 0x1F, 0x2F, 0x3A,
    0x13, 0x13, 0x08, 0x05, 0x1C, 0x2B, 0x35, 0x35, 0x35, 0x35, 0x35, 0x35, 0x31, 0x31, 0x35, 0x3B, 0x3B, 0x1F, 0x1F, 0x1C, 0x1C, 0x1C, 0x3B, 0x3B,
    0x36, 0x13, 0x14, 0x0F, 0x0E, 0x1C, 0x36, 0x36, 0x36, 0x2E, 0x1F, 0x2E, 0x2E, 0x31, 0x31, 0x1E, 0x2E, 0x1F, 0x3B, 0x3B, 0x2F, 0x3E, 0x3E, 0x3E,
    0x20, 0x32, 0x38, 0x39, 0x39, 0x39, 0x39, 0x36, 0x35, 0x2E, 0x3D, 0x20, 0x20, 0x3B, 0x19, 0x19, 0x19, 0x19, 0x19, 0x19, 0x1A, 0x1B, 0x1B, 0x1B,
    0x1B, 0x1D, 0x1B, 0x1B, 0x1B, 0x31, 0x31, 0x1E, 0x34, 0x2B, 0x3B, 0x3B, 0x1E, 0x1B, 0x1B, 0x1C, 0x1C, 0x1C, 0x2B, 0x2B, 0x1B, 0x1B, 0x1B, 0x1B,
    0x1A, 0x1A, 0x1A, 0x1A, 0x19, 0x19, 0x1A, 0x1B, 0x1A, 0x1B, 0x20, 0x30, 0x1F, 0x1D, 0x08, 0x07, 0x3B, 0x3C, 0x3E, 0x3E, 0x3E, 0x3E, 0x30, 0x3E,
    0x30, 0x3C, 0x3B, 0x3B, 0x1F, 0x1F, 0x20, 0x20, 0x20, 0x2B, 0x1C, 0x30, 0x30, 0x1F, 0x1E, 0x04, 0x09, 0x1B, 0x31, 0x1B, 0x39, 0x3C, 0x2F, 0x2F,
    0x3D, 0x2C, 0x3C, 0x30, 0x30, 0x30, 0x30, 0x30, 0x30, 0x30, 0x30, 0x3E, 0x3C, 0x30, 0x1F, 0x38, 0x07, 0x11, 0x07, 0x07, 0x19, 0x39, 0x30, 0x2F,
    0x30, 0x1F, 0x1B, 0x1D, 0x33, 0x2B, 0x39, 0x2E, 0x1F, 0x3B, 0x2C, 0x30, 0x30, 0x3C, 0x3C, 0x1F, 0x38, 0x08, 0x11, 0x12, 0x09, 0x0D, 0x39, 0x2C,
    0x30, 0x1F, 0x1B, 0x0D, 0x0D, 0x0D, 0x19, 0x19, 0x19, 0x1A, 0x1B, 0x1D, 0x36, 0x39, 0x3B, 0x3D, 0x1F, 0x2B, 0x08, 0x0C, 0x28, 0x0C, 0x0D, 0x39,
    0x30, 0x1F, 0x1B, 0x0D, 0x03, 0x09, 0x06, 0x06, 0x03, 0x02, 0x04, 0x07, 0x0D, 0x0D, 0x19, 0x1D, 0x2F, 0x1F, 0x36, 0x0A, 0x0C, 0x27, 0x0C, 0x0D,
    0x39, 0x20, 0x1B, 0x0D, 0x03, 0x12, 0x28, 0x26, 0x23, 0x17, 0x12, 0x11, 0x0C, 0x09, 0x06, 0x02, 0x19, 0x35, 0x1F, 0x33, 0x0D, 0x0B, 0x27, 0x0C,
    0x08, 0x32, 0x1B, 0x0D, 0x03, 0x12, 0x22, 0x16, 0x25, 0x26, 0x27, 0x26, 0x26, 0x26, 0x27, 0x29, 0x0C, 0x02, 0x19, 0x1E, 0x34, 0x0E, 0x0B, 0x27,
    0x11, 0x08, 0x1E, 0x0D, 0x03, 0x17, 0x28, 0x25, 0x22, 0x25, 0x25, 0x25, 0x16, 0x16, 0x25, 0x27, 0x27, 0x28, 0x0B, 0x02, 0x1A, 0x36, 0x0F, 0x03,
    0x15, 0x0B, 0x07, 0x2B, 0x03, 0x12, 0x21, 0x16, 0x26, 0x26, 0x26, 0x25, 0x22, 0x21, 0x24, 0x27, 0x26, 0x25, 0x23, 0x28, 0x0B, 0x04, 0x2B, 0x38,
    0x13, 0x0C, 0x02, 0x0A, 0x2B, 0x05, 0x15, 0x23, 0x21, 0x21, 0x25, 0x25, 0x22, 0x21, 0x16, 0x16, 0x25, 0x26, 0x26, 0x25, 0x25, 0x26, 0x09, 0x07,
    0x1B, 0x1D, 0x11, 0x0A, 0x39, 0x2B, 0x05, 0x12, 0x24, 0x22, 0x22, 0x25, 0x27, 0x24, 0x22, 0x22, 0x26, 0x27, 0x22, 0x23, 0x27, 0x25, 0x16, 0x16,
    0x06, 0x0E, 0x38, 0x11, 0x08, 0x37, 0x2B, 0x05, 0x12, 0x24, 0x23, 0x25, 0x23, 0x24, 0x12, 0x09, 0x0B, 0x11, 0x15, 0x21, 0x23, 0x29, 0x27, 0x23,
    0x22, 0x0B, 0x0E, 0x39, 0x11, 0x08, 0x36, 0x36, 0x07, 0x11, 0x26, 0x23, 0x22, 0x23, 0x24, 0x0C, 0x07, 0x0E, 0x08, 0x06, 0x15, 0x25, 0x25, 0x22,
    0x16, 0x24, 0x0B, 0x0D, 0x39, 0x12, 0x07, 0x2B, 0x36, 0x07, 0x11, 0x24, 0x16, 0x21, 0x16, 0x22, 0x11, 0x08, 0x39, 0x39, 0x04, 0x12, 0x24, 0x16,
    0x21, 0x16, 0x27, 0x11, 0x0A, 0x39, 0x12, 0x05, 0x2B, 0x36, 0x08, 0x0C, 0x22, 0x16, 0x22, 0x23, 0x26, 0x11, 0x07, 0x2B, 0x2D, 0x04, 0x12, 0x27,
    0x25, 0x25, 0x23, 0x26, 0x11, 0x07, 0x39, 0x15, 0x05, 0x2B, 0x38, 0x0D, 0x0C, 0x22, 0x16, 0x22, 0x23, 0x24, 0x12, 0x07, 0x38, 0x35, 0x04, 0x12,
    0x26, 0x23, 0x22, 0x16, 0x22, 0x12, 0x07, 0x38, 0x15, 0x05, 0x1A, 0x38, 0x0D, 0x0B, 0x22, 0x21, 0x22, 0x23, 0x22, 0x12, 0x05, 0x2B, 0x37, 0x07,
    0x11, 0x22, 0x21, 0x16, 0x22, 0x24, 0x12, 0x05, 0x2B, 0x16, 0x06, 0x13, 0x39, 0x0E, 0x09, 0x21, 0x21, 0x21, 0x23, 0x24, 0x15, 0x05, 0x1A, 0x37,
    0x08, 0x0C, 0x22, 0x16, 0x22, 0x16, 0x21, 0x15, 0x03, 0x2B, 0x24, 0x06, 0x10, 0x39, 0x0E, 0x09, 0x22, 0x16, 0x22, 0x22, 0x24, 0x15, 0x05, 0x1A,
    0x37, 0x0D, 0x0C, 0x26, 0x16, 0x16, 0x23, 0x22, 0x22, 0x06, 0x19, 0x24, 0x06, 0x10, 0x38, 0x10, 0x06, 0x21, 0x22, 0x22, 0x21, 0x21, 0x21, 0x06,
    0x19, 0x37, 0x0D, 0x0B, 0x24, 0x16, 0x22, 0x21, 0x21, 0x22, 0x06, 0x19, 0x24, 0x06, 0x10, 0x39, 0x10, 0x06, 0x21, 0x21, 0x21, 0x21, 0x21, 0x21,
    0x06, 0x10, 0x37, 0x0E, 0x09, 0x24, 0x23, 0x23, 0x16, 0x21, 0x21, 0x09, 0x0E, 0x27, 0x09, 0x0E, 0x39, 0x19, 0x06, 0x16, 0x21, 0x21, 0x23, 0x23,
    0x22, 0x09, 0x10, 0x37, 0x10, 0x09, 0x22, 0x16, 0x21, 0x16, 0x16, 0x22, 0x0B, 0x0D, 0x26, 0x0B, 0x0E, 0x39, 0x1A, 0x03, 0x15, 0x24, 0x23, 0x25,
    0x23, 0x22, 0x0B, 0x0E, 0x37, 0x19, 0x06, 0x25, 0x23, 0x21, 0x21, 0x16, 0x21, 0x0C, 0x0D, 0x26, 0x0B, 0x0D, 0x36, 0x1A, 0x05, 0x15, 0x26, 0x25,
    0x27, 0x23, 0x21, 0x0C, 0x0D, 0x38, 0x19, 0x05, 0x15, 0x26, 0x23, 0x16, 0x16, 0x21, 0x11, 0x08, 0x27, 0x0C, 0x08, 0x37, 0x2B, 0x05, 0x12, 0x27,
    0x23, 0x25, 0x23, 0x21, 0x0C, 0x0D, 0x38, 0x1C, 0x05, 0x15, 0x26, 0x23, 0x24, 0x23, 0x24, 0x11, 0x07, 0x24, 0x11, 0x08, 0x2B, 0x2B, 0x07, 0x12,
    0x27, 0x23, 0x23, 0x16, 0x24, 0x11, 0x08, 0x38, 0x2B, 0x05, 0x12, 0x27, 0x25, 0x25, 0x25, 0x22, 0x12, 0x04, 0x24, 0x11, 0x07, 0x36, 0x1D, 0x07,
    0x12, 0x26, 0x23, 0x25, 0x25, 0x27, 0x12, 0x07, 0x38, 0x2B, 0x04, 0x12, 0x28, 0x25, 0x25, 0x25, 0x27, 0x12, 0x05, 0x29, 0x12, 0x04, 0x1D, 0x35,
    0x07, 0x11, 0x26, 0x27, 0x29, 0x25, 0x22, 0x12, 0x05, 0x2D, 0x39, 0x07, 0x11, 0x27, 0x25, 0x23, 0x23, 0x26, 0x15, 0x05, 0x29, 0x17, 0x06, 0x03,
    0x1A, 0x0D, 0x11, 0x28, 0x27, 0x28, 0x25, 0x26, 0x15, 0x05, 0x1A, 0x2B, 0x08, 0x11, 0x26, 0x27, 0x27, 0x23, 0x24, 0x16, 0x06, 0x27, 0x24, 0x22,
    0x06, 0x10, 0x0D, 0x0C, 0x28, 0x25, 0x25, 0x27, 0x28, 0x17, 0x05, 0x19, 0x38, 0x0D, 0x0C, 0x29, 0x28, 0x27, 0x27, 0x27, 0x26, 0x06, 0x27, 0x15,
    0x24, 0x09, 0x10, 0x0E, 0x0C, 0x27, 0x25, 0x28, 0x29, 0x25, 0x21, 0x09, 0x04, 0x0E, 0x08, 0x0B, 0x29, 0x25, 0x27, 0x27, 0x27, 0x27, 0x09, 0x28,
    0x23, 0x29, 0x09, 0x10, 0x0E, 0x06, 0x28, 0x27, 0x29, 0x29, 0x27, 0x23, 0x17, 0x11, 0x0B, 0x05, 0x11, 0x27, 0x23, 0x25, 0x28, 0x29, 0x28, 0x09,
    0x27, 0x29, 0x29, 0x09, 0x0E, 0x39, 0x04, 0x0B, 0x18, 0x29, 0x29, 0x28, 0x29, 0x28, 0x29, 0x29, 0x28, 0x29, 0x29, 0x27, 0x27, 0x29, 0x29, 0x29,
    0x0B, 0x17, 0x18, 0x18, 0x0B, 0x0D, 0x39, 0x1C, 0x02, 0x0C, 0x29, 0x25, 0x25, 0x28, 0x27, 0x27, 0x28, 0x29, 0x29, 0x29, 0x28, 0x28, 0x29, 0x29,
    0x29, 0x0C, 0x03, 0x06, 0x0C, 0x09, 0x0E, 0x2B, 0x38, 0x10, 0x01, 0x11, 0x27, 0x29, 0x29, 0x27, 0x27, 0x28, 0x29, 0x29, 0x28, 0x28, 0x29, 0x29,
    0x29, 0x29, 0x11, 0x1A, 0x0E, 0x04, 0x01, 0x0A, 0x2D, 0x31, 0x37, 0x0E, 0x02, 0x17, 0x18, 0x29, 0x28, 0x28, 0x28, 0x28, 0x28, 0x29, 0x29, 0x28,
    0x29, 0x28, 0x29, 0x12, 0x34, 0x2B, 0x39, 0x1C, 0x19, 0x32, 0x36, 0x1E, 0x3A, 0x0A, 0x06, 0x18, 0x27, 0x24, 0x29, 0x29, 0x28, 0x28, 0x28, 0x28,
    0x27, 0x28, 0x29, 0x17, 0x06, 0x1E, 0x1E, 0x34, 0x37, 0x32, 0x39, 0x3B, 0x38, 0x38, 0x39, 0x07, 0x02, 0x09, 0x12, 0x29, 0x29, 0x29, 0x28, 0x27,
    0x27, 0x27, 0x29, 0x12, 0x03, 0x0A, 0x32, 0x32, 0x32, 0x32, 0x1E, 0x1F, 0x3E, 0x2E, 0x31, 0x34, 0x39, 0x13, 0x0A, 0x02, 0x03, 0x09, 0x12, 0x28,
    0x29, 0x27, 0x28, 0x0C, 0x01, 0x0E, 0x3A, 0x1F, 0x2E, 0x2B, 0x1E, 0x32, 0x3B, 0x2C, 0x2C, 0x39, 0x1E, 0x35, 0x39, 0x39, 0x1C, 0x10, 0x07, 0x01,
    0x03, 0x0B, 0x12, 0x0B, 0x01, 0x13, 0x39, 0x35, 0x3D, 0x30, 0x3B, 0x2E, 0x39, 0x2C, 0x2C, 0x3D, 0x3B, 0x2B, 0x32, 0x1E, 0x31, 0x31, 0x38, 0x39,
    0x1C, 0x0E, 0x07, 0x01, 0x02, 0x13, 0x39, 0x2D, 0x35, 0x2C, 0x2C, 0x30, 0x30, 0x3D, 0x3D, 0x3E, 0x3C, 0x3D, 0x20, 0x1E, 0x31, 0x1E, 0x1E, 0x31,
    0x31, 0x34, 0x38, 0x39, 0x1C, 0x1C, 0x37, 0x31, 0x2E, 0x39, 0x3C, 0x3D, 0x3C, 0x2C, 0x3D, 0x3D, 0x3D, 0x3D, 0x3C, 0x3E, 0x2E, 0x36, 0x1E, 0x31,
    0x32, 0x32, 0x1E, 0x31, 0x31, 0x35, 0x32, 0x33, 0x20, 0x30, 0x39, 0x2A, 0x2A, 0x3D, 0x3C, 0x30, 0x3D, 0x3C, 0x3C, 0x30, 0x2C, 0x3D, 0x2F, 0x20,
    0x39, 0x35, 0x31, 0x32, 0x32, 0x32, 0x31, 0x36, 0x3B, 0x30, 0x2C, 0x3A, 0x29, 0x18, 0x2A, 0x2C, 0x3C, 0x30, 0x3C, 0x3C, 0x30, 0x3D, 0x3D, 0x2C,
    0x3D, 0x3D, 0x3B, 0x2E, 0x38, 0x34, 0x1E, 0x38, 0x3B, 0x30, 0x2F, 0x30, 0x39, 0x2A, 0x18, 0x29, 0x29, 0x2A, 0x3C, 0x3D, 0x30, 0x3D, 0x3B, 0x3B,
    0x3D, 0x30, 0x2C, 0x3D, 0x3D, 0x2F, 0x3A, 0x39, 0x3B, 0x30, 0x2C, 0x3D, 0x39, 0x31, 0x1C, 0x0C, 0x0B, 0x0B, 0x12, 0x2A, 0x3C, 0x3C, 0x30, 0x2E,
    0x1E, 0x39, 0x3B, 0x3C, 0x3C, 0x3C, 0x30, 0x3D, 0x30, 0x30, 0x2C, 0x3D, 0x2E, 0x31, 0x31, 0x0A, 0x13, 0x13, 0x13, 0x0A, 0x11, 0x2A, 0x2C, 0x30,
    0x3B, 0x36, 0x31, 0x2D, 0x3B, 0x30, 0x3D, 0x3D, 0x3C, 0x3C, 0x3C, 0x2C, 0x3E, 0x39, 0x31, 0x1E, 0x14, 0x0F, 0x09, 0x0B, 0x13, 0x09, 0x29, 0x2A,
    0x3C, 0x30, 0x2E, 0x31, 0x1B, 0x39, 0x30, 0x3C, 0x2C, 0x2C, 0x3C, 0x3C, 0x3C, 0x3D, 0x39, 0x31, 0x1E, 0x0F, 0x09, 0x0C, 0x09, 0x13, 0x0B, 0x18,
    0x18, 0x2C, 0x3E, 0x20, 0x31, 0x1B, 0x1B, 0x2C, 0x3C, 0x3E, 0x3E, 0x3E, 0x2C, 0x2C, 0x30, 0x3B, 0x39, 0x2D, 0x0C, 0x0B, 0x0B, 0x11, 0x13, 0x0C,
    0x18, 0x18, 0x2A, 0x3C, 0x3B, 0x1E, 0x1B, 0x1A, 0x1F, 0x3E, 0x14, 0x0F, 0x1F, 0x3E, 0x3E, 0x2C, 0x30, 0x30, 0x3B, 0x11, 0x0C, 0x0C, 0x2A, 0x0A,
    0x18, 0x18, 0x29, 0x2A, 0x3C, 0x30, 0x38, 0x31, 0x1A, 0x1C, 0x30, 0x08, 0x0A, 0x0A, 0x0E, 0x1C, 0x3E, 0x3E, 0x2C, 0x2C, 0x12, 0x12, 0x18, 0x14,
    0x0A, 0x18, 0x18, 0x18, 0x18, 0x2C, 0x3E, 0x39, 0x31, 0x19, 0x1A, 0x3E, 0x0E, 0x0F, 0x13, 0x0E, 0x08, 0x0A, 0x14, 0x3E, 0x3E, 0x18, 0x12, 0x2A,
    0x0F, 0x0F, 0x2A, 0x17, 0x18, 0x18, 0x2C, 0x3C, 0x2E, 0x31, 0x19, 0x19, 0x3E, 0x13, 0x0A, 0x13, 0x13, 0x13, 0x0F, 0x08, 0x0A, 0x14, 0x18, 0x18,
    0x2C, 0x0E, 0x13, 0x3B, 0x2A, 0x18, 0x18, 0x2C, 0x3E, 0x20, 0x31, 0x1B, 0x19, 0x2F, 0x14, 0x08, 0x13, 0x0F, 0x13, 0x13, 0x13, 0x0F, 0x08, 0x1F,
    0x1F, 0x2A, 0x0A, 0x0F, 0x0F, 0x0E, 0x0F, 0x0A, 0x0E, 0x1F, 0x1F, 0x31, 0x1B, 0x19, 0x1F, 0x1F, 0x07, 0x13, 0x0F, 0x13, 0x0F, 0x13, 0x13, 0x13,
    0x3A, 0x1F, 0x2A, 0x13, 0x13, 0x13, 0x14, 0x13, 0x13, 0x0F, 0x07, 0x1C, 0x34, 0x1B, 0x19, 0x20, 0x2C, 0x08, 0x10, 0x13, 0x0F, 0x0F, 0x0F, 0x0F,
    0x0F, 0x20, 0x1F, 0x2A, 0x1F, 0x14, 0x0B, 0x0B, 0x09, 0x06, 0x0F, 0x13, 0x0A, 0x35, 0x1B, 0x19, 0x20, 0x2C, 0x08, 0x0F, 0x13, 0x0F, 0x0F, 0x0F,
    0x0F, 0x0F,
};

static uint16_t pal_sprtlg10[] __attribute__((aligned(8))) = {
    0x0000, 0xFFFF, 0xEF7D, 0xF739, 0xD6FB, 0xE675, 0xEDEF, 0xB5F7, 0xD529, 0x94F3, 0xC3E1, 0x6C2F,
    0x6BA5, 0x6B5D, 0x5329, 0xE98D, 0xE841, 0xE801, 0xE001, 0xD085, 0x49D9, 0x09FD, 0x0931, 0x08A5,
    0x0033, 0x0013, 0xF001, 0xE801, 0xE801, 0xE001, 0xE001, 0xE001, 0xD801, 0xD001, 0xD001, 0xC801,
    0x9803, 0x0023, 0x0003, 0x002F, 0x0011, 0x002F, 0x0029, 0x0017, 0x0001,
};

static const uint8_t px_sprtlg10[] __attribute__((aligned(8))) = {
    0x2C, 0x14, 0x14, 0x0D, 0x0C, 0x0C, 0x09, 0x07, 0x07, 0x07, 0x07, 0x07, 0x07, 0x07, 0x07, 0x07, 0x09, 0x09, 0x09, 0x0C, 0x0C, 0x0D, 0x0D, 0x0D,
    0x0D, 0x0D, 0x14, 0x2C, 0x14, 0x14, 0x26, 0x26, 0x26, 0x26, 0x26, 0x26, 0x26, 0x26, 0x19, 0x14, 0x14, 0x0D, 0x0C, 0x0C, 0x09, 0x07, 0x07, 0x07,
    0x05, 0x07, 0x07, 0x07, 0x07, 0x2C, 0x09, 0x02, 0x02, 0x02, 0x02, 0x04, 0x05, 0x07, 0x09, 0x0C, 0x0D, 0x0D, 0x14, 0x14, 0x26, 0x26, 0x26, 0x26,
    0x26, 0x26, 0x26, 0x19, 0x14, 0x14, 0x01, 0x14, 0x26, 0x15, 0x15, 0x15, 0x15, 0x0B, 0x0B, 0x09, 0x09, 0x07, 0x07, 0x04, 0x04, 0x04, 0x04, 0x02,
    0x04, 0x04, 0x07, 0x07, 0x09, 0x0C, 0x0D, 0x14, 0x07, 0x04, 0x26, 0x2B, 0x18, 0x18, 0x18, 0x18, 0x18, 0x18, 0x18, 0x16, 0x15, 0x15, 0x15, 0x15,
    0x15, 0x15, 0x15, 0x0B, 0x0B, 0x09, 0x09, 0x07, 0x07, 0x04, 0x15, 0x02, 0x0C, 0x2C, 0x25, 0x2A, 0x2A, 0x2A, 0x2A, 0x2A, 0x27, 0x27, 0x18, 0x18,
    0x18, 0x18, 0x18, 0x18, 0x18, 0x18, 0x18, 0x18, 0x15, 0x15, 0x15, 0x15, 0x16, 0x09, 0x02, 0x19, 0x28, 0x2A, 0x2A, 0x2A, 0x2A, 0x2A, 0x27, 0x27,
    0x27, 0x27, 0x29, 0x29, 0x29, 0x18, 0x18, 0x18, 0x18, 0x18, 0x18, 0x18, 0x18, 0x15, 0x27, 0x15, 0x04, 0x07, 0x2C, 0x2B, 0x27, 0x2A, 0x2A, 0x2A,
    0x2A, 0x27, 0x27, 0x27, 0x29, 0x29, 0x18, 0x18, 0x18, 0x18, 0x18, 0x18, 0x18, 0x18, 0x15, 0x15, 0x25, 0x18, 0x0B, 0x01, 0x14, 0x26, 0x2A, 0x2A,
    0x2A, 0x2A, 0x2A, 0x27, 0x27, 0x27, 0x29, 0x29, 0x18, 0x18, 0x18, 0x18, 0x18, 0x18, 0x18, 0x15, 0x15, 0x15, 0x25, 0x2A, 0x15, 0x07, 0x04, 0x26,
    0x28, 0x2A, 0x2A, 0x2A, 0x2A, 0x27, 0x27, 0x27, 0x27, 0x29, 0x18, 0x18, 0x18, 0x18, 0x18, 0x16, 0x15, 0x15, 0x16, 0x26, 0x25, 0x25, 0x18, 0x15,
    0x01, 0x0C, 0x2C, 0x25, 0x2A, 0x2A, 0x2A, 0x27, 0x27, 0x27, 0x27, 0x29, 0x29, 0x18, 0x18, 0x18, 0x15, 0x15, 0x15, 0x17, 0x2C, 0x14, 0x25, 0x25,
    0x25, 0x16, 0x09, 0x02, 0x14, 0x26, 0x2A, 0x2A, 0x2A, 0x27, 0x27, 0x27, 0x27, 0x29, 0x29, 0x18, 0x18, 0x15, 0x15, 0x15, 0x19, 0x2C, 0x0D, 0x04,
    0x25, 0x25, 0x25, 0x27, 0x15, 0x04, 0x07, 0x2C, 0x2B, 0x27, 0x2A, 0x27, 0x27, 0x27, 0x27, 0x29, 0x29, 0x18, 0x15, 0x15, 0x16, 0x26, 0x2C, 0x09,
    0x05, 0x0C, 0x25, 0x25, 0x25, 0x25, 0x18, 0x0B, 0x01, 0x14, 0x26, 0x2A, 0x2A, 0x27, 0x27, 0x27, 0x27, 0x27, 0x16, 0x15, 0x15, 0x17, 0x2C, 0x14,
    0x05, 0x07, 0x0D, 0x0D, 0x25, 0x25, 0x25, 0x25, 0x2A, 0x15, 0x07, 0x04, 0x26, 0x19, 0x27, 0x2A, 0x27, 0x27, 0x29, 0x15, 0x15, 0x15, 0x2B, 0x2C,
    0x14, 0x05, 0x0C, 0x0D, 0x0C, 0x0C, 0x25, 0x25, 0x25, 0x25, 0x25, 0x18, 0x15, 0x02, 0x0C, 0x2C, 0x25, 0x2A, 0x2A, 0x27, 0x15, 0x15, 0x15, 0x17,
    0x2C, 0x0D, 0x01, 0x0D, 0x0D, 0x0C, 0x0C, 0x0C, 0x25, 0x25, 0x25, 0x25, 0x25, 0x2A, 0x15, 0x07, 0x02, 0x14, 0x26, 0x2A, 0x2A, 0x27, 0x18, 0x15,
    0x15, 0x09, 0x14, 0x2C, 0x0C, 0x05, 0x0D, 0x0D, 0x0C, 0x0D, 0x25, 0x25, 0x25, 0x25, 0x25, 0x25, 0x27, 0x15, 0x04, 0x09, 0x2C, 0x2B, 0x27, 0x2A,
    0x27, 0x18, 0x15, 0x15, 0x07, 0x14, 0x2C, 0x0C, 0x04, 0x0D, 0x0D, 0x0D, 0x2B, 0x2B, 0x25, 0x25, 0x25, 0x2A, 0x2A, 0x18, 0x0B, 0x01, 0x0D, 0x26,
    0x2A, 0x2A, 0x27, 0x27, 0x18, 0x15, 0x15, 0x07, 0x0E, 0x2C, 0x0D, 0x04, 0x0C, 0x0D, 0x26, 0x2C, 0x2C, 0x26, 0x26, 0x28, 0x28, 0x2B, 0x16, 0x07,
    0x04, 0x26, 0x28, 0x27, 0x27, 0x29, 0x18, 0x18, 0x15, 0x15, 0x07, 0x0C, 0x2C, 0x0D, 0x04, 0x0C, 0x18, 0x27, 0x25, 0x2B, 0x19, 0x26, 0x26, 0x2C,
    0x2C, 0x26, 0x14, 0x19, 0x2C, 0x2B, 0x2A, 0x29, 0x18, 0x18, 0x18, 0x15, 0x15, 0x07, 0x0B, 0x2C, 0x14, 0x04, 0x07, 0x09, 0x0B, 0x0B, 0x15, 0x16,
    0x18, 0x27, 0x2A, 0x2B, 0x2C, 0x2C, 0x26, 0x2C, 0x2C, 0x26, 0x28, 0x2B, 0x2A, 0x18, 0x15, 0x15, 0x07, 0x0B, 0x2C, 0x14, 0x08, 0x06, 0x03, 0x01,
    0x01, 0x02, 0x04, 0x07, 0x0B, 0x15, 0x26, 0x28, 0x16, 0x18, 0x17, 0x2B, 0x19, 0x26, 0x26, 0x26, 0x28, 0x2B, 0x17, 0x09, 0x09, 0x26, 0x24, 0x22,
    0x13, 0x13, 0x0F, 0x0A, 0x08, 0x03, 0x02, 0x15, 0x28, 0x28, 0x15, 0x09, 0x0B, 0x15, 0x15, 0x15, 0x18, 0x17, 0x2B, 0x26, 0x2C, 0x2C, 0x14, 0x19,
    0x23, 0x12, 0x1E, 0x21, 0x23, 0x22, 0x20, 0x13, 0x01, 0x0B, 0x2B, 0x17, 0x15, 0x02, 0x01, 0x01, 0x02, 0x04, 0x07, 0x09, 0x15, 0x15, 0x16, 0x2A,
    0x2B, 0x26, 0x20, 0x12, 0x20, 0x20, 0x12, 0x20, 0x21, 0x23, 0x08, 0x04, 0x18, 0x18, 0x27, 0x04, 0x0A, 0x13, 0x0A, 0x08, 0x06, 0x01, 0x01, 0x02,
    0x04, 0x09, 0x0B, 0x15, 0x1F, 0x22, 0x22, 0x1F, 0x1E, 0x20, 0x22, 0x22, 0x0F, 0x01, 0x0E, 0x18, 0x25, 0x07, 0x0A, 0x23, 0x22, 0x1F, 0x22, 0x13,
    0x0F, 0x0A, 0x06, 0x03, 0x01, 0x0B, 0x23, 0x22, 0x21, 0x1F, 0x1E, 0x1F, 0x21, 0x1F, 0x21, 0x06, 0x09, 0x25, 0x25, 0x07, 0x06, 0x20, 0x10, 0x12,
    0x21, 0x22, 0x22, 0x23, 0x23, 0x13, 0x03, 0x09, 0x23, 0x11, 0x1B, 0x20, 0x20, 0x20, 0x20, 0x12, 0x20, 0x0A, 0x02, 0x17, 0x25, 0x09, 0x06, 0x20,
    0x12, 0x20, 0x21, 0x20, 0x21, 0x22, 0x22, 0x23, 0x06, 0x07, 0x06, 0x0F, 0x1C, 0x21, 0x21, 0x1F, 0x1D, 0x12, 0x20, 0x13, 0x01, 0x0C, 0x2B, 0x0B,
    0x03, 0x12, 0x12, 0x21, 0x1F, 0x1F, 0x1F, 0x20, 0x22, 0x23, 0x08, 0x07, 0x02, 0x0F, 0x22, 0x22, 0x20, 0x1D, 0x1D, 0x20, 0x21, 0x23, 0x08, 0x04,
    0x2B, 0x0E, 0x03, 0x22, 0x21, 0x20, 0x1E, 0x1F, 0x1F, 0x1F, 0x20, 0x23, 0x0A, 0x04, 0x04, 0x0F, 0x22, 0x21, 0x1E, 0x1E, 0x1E, 0x20, 0x23, 0x22,
    0x0F, 0x01, 0x14, 0x0E, 0x01, 0x08, 0x13, 0x1F, 0x1B, 0x1D, 0x1E, 0x1D, 0x1C, 0x20, 0x0F, 0x02, 0x04, 0x0F, 0x22, 0x20, 0x20, 0x1F, 0x1E, 0x21,
    0x22, 0x21, 0x20, 0x06, 0x07, 0x25, 0x0C, 0x02, 0x0F, 0x1D, 0x11, 0x1D, 0x1C, 0x1B, 0x1C, 0x1F, 0x13, 0x02, 0x07, 0x0A, 0x1E, 0x12, 0x1D, 0x1F,
    0x12, 0x1D, 0x1E, 0x12, 0x1C, 0x0F, 0x02, 0x17, 0x2B, 0x07, 0x0A, 0x1C, 0x11, 0x1E, 0x1C, 0x1A, 0x1D, 0x12, 0x12, 0x03, 0x07, 0x0A, 0x1F, 0x12,
    0x1D, 0x1F, 0x20, 0x1F, 0x1E, 0x1D, 0x1D, 0x21, 0x03, 0x0B, 0x25, 0x09, 0x08, 0x1D, 0x12, 0x1C, 0x1A, 0x11, 0x1A, 0x0F, 0x05, 0x01, 0x09, 0x08,
    0x22, 0x21, 0x20, 0x20, 0x1F, 0x1F, 0x1F, 0x1E, 0x12, 0x21, 0x0A, 0x04, 0x2B, 0x09, 0x06, 0x1E, 0x12, 0x1C, 0x1D, 0x11, 0x1A, 0x0F, 0x02, 0x09,
    0x09, 0x06, 0x20, 0x20, 0x20, 0x1D, 0x1B, 0x1C, 0x1E, 0x1F, 0x1F, 0x1F, 0x13, 0x01, 0x0E, 0x0E, 0x06, 0x20, 0x12, 0x1E, 0x1F, 0x1D, 0x1B, 0x0F,
    0x05, 0x2B, 0x0B, 0x06, 0x1F, 0x12, 0x1E, 0x1C, 0x1B, 0x1B, 0x1E, 0x1D, 0x1D, 0x10, 0x1D, 0x06, 0x07, 0x0E, 0x03, 0x1D, 0x1C, 0x1C, 0x1D, 0x1C,
    0x1C, 0x10, 0x03, 0x15, 0x0E, 0x03, 0x1D, 0x1E, 0x1D, 0x1C, 0x1C, 0x1B, 0x1D, 0x1C, 0x1B, 0x1A, 0x1A, 0x0F, 0x02, 0x0E, 0x05, 0x10, 0x1B, 0x11,
    0x1C, 0x1C, 0x1B, 0x1A, 0x06, 0x0B, 0x0E, 0x03, 0x10, 0x1D, 0x1A, 0x1A, 0x1B, 0x1B, 0x1A, 0x1B, 0x1B, 0x1B, 0x11, 0x1A, 0x06, 0x07, 0x05, 0x0F,
    0x1A, 0x1B, 0x1B, 0x1A, 0x11, 0x1A, 0x06, 0x09, 0x17, 0x03, 0x13, 0x1F, 0x11, 0x1A, 0x1A, 0x1B, 0x1C, 0x1C, 0x1C, 0x1E, 0x11, 0x1A, 0x0F, 0x02,
    0x02, 0x0F, 0x1B, 0x11, 0x1B, 0x1B, 0x1D, 0x1F, 0x0A, 0x07, 0x25, 0x02, 0x0F, 0x1C, 0x11, 0x1A, 0x1A, 0x1B, 0x1D, 0x1C, 0x1C, 0x1B, 0x1A, 0x1A,
    0x10, 0x05, 0x01, 0x0F, 0x1A, 0x11, 0x1D, 0x1F, 0x12, 0x1E, 0x0F, 0x04, 0x2B, 0x04, 0x0F, 0x1A, 0x11, 0x1B, 0x1A, 0x1A, 0x1C, 0x1D, 0x1C, 0x1C,
    0x1A, 0x11, 0x1A, 0x0A, 0x01, 0x0A, 0x1A, 0x11, 0x1E, 0x1F, 0x1D, 0x1A, 0x0F, 0x02, 0x25, 0x04, 0x0F, 0x1E, 0x11, 0x1A, 0x1D, 0x1A, 0x1B, 0x1D,
    0x1D, 0x1F, 0x1C, 0x1A, 0x1A, 0x10, 0x03, 0x08, 0x1E, 0x10, 0x1C, 0x1B, 0x1A, 0x1C, 0x10, 0x03, 0x2B, 0x07, 0x0A, 0x1D, 0x11, 0x1B, 0x1F, 0x1D,
    0x1A, 0x1A, 0x1C, 0x1C, 0x1D, 0x1C, 0x11, 0x1C, 0x08, 0x06, 0x1E, 0x11, 0x1A, 0x1A, 0x1C, 0x1E, 0x1D, 0x06, 0x2B, 0x09, 0x0A, 0x20, 0x1D, 0x1D,
    0x1D, 0x1D, 0x1D, 0x1C, 0x1D, 0x1C, 0x1C, 0x1D, 0x1D, 0x1D, 0x0F, 0x06, 0x11, 0x1B, 0x1B, 0x1C, 0x1D, 0x1D, 0x1C, 0x08, 0x2B, 0x09, 0x08, 0x22,
    0x12, 0x1C, 0x1A, 0x1A, 0x1C, 0x1C, 0x1D, 0x1D, 0x1D, 0x1B, 0x1B, 0x1D, 0x1D, 0x0A, 0x0F, 0x1A, 0x1D, 0x1E, 0x1C, 0x11, 0x1B, 0x0A, 0x25, 0x0B,
    0x06, 0x20, 0x12, 0x1E, 0x1E, 0x1B, 0x11, 0x0F, 0x1C, 0x1E, 0x1F, 0x1D, 0x1B, 0x1A, 0x1B, 0x10, 0x10, 0x1A, 0x1D, 0x1D, 0x1B, 0x11, 0x1A, 0x0F,
    0x2B, 0x0E, 0x06, 0x20, 0x1D, 0x1E, 0x1F, 0x1C, 0x1A, 0x0A, 0x10, 0x1E, 0x1E, 0x1F, 0x1E, 0x1B, 0x1B, 0x1A, 0x1A, 0x1C, 0x1C, 0x1D, 0x1D, 0x1D,
    0x1C, 0x0F, 0x17, 0x0E, 0x03, 0x21, 0x1F, 0x1D, 0x1C, 0x11, 0x1C, 0x08, 0x0F, 0x1E, 0x11, 0x1C, 0x1E, 0x1E, 0x1C, 0x11, 0x1B, 0x1C, 0x1C, 0x1B,
    0x11, 0x1C, 0x1D, 0x10, 0x17, 0x17, 0x03, 0x13, 0x1F, 0x1C, 0x1B, 0x11, 0x1F, 0x08, 0x06, 0x21, 0x1D, 0x1E, 0x1F, 0x1D, 0x1C, 0x1C, 0x1D, 0x1A,
    0x1B, 0x1A, 0x1A, 0x1A, 0x1A, 0x1A, 0x0E, 0x17, 0x03, 0x13, 0x1F, 0x1C, 0x1D, 0x21, 0x1E, 0x0A, 0x01, 0x13, 0x1E, 0x12, 0x1F, 0x1C, 0x1E, 0x1E,
    0x1B, 0x1A, 0x1C, 0x1B, 0x1C, 0x1D, 0x12, 0x1D, 0x0E, 0x2B, 0x02, 0x0F, 0x1F, 0x1D, 0x1F, 0x21, 0x1F, 0x0F, 0x01, 0x0A, 0x21, 0x10, 0x1D, 0x1C,
    0x1C, 0x1D, 0x1C, 0x1A, 0x1A, 0x1A, 0x1C, 0x1D, 0x12, 0x20, 0x0B, 0x2B, 0x04, 0x0F, 0x23, 0x21, 0x21, 0x12, 0x1F, 0x0F, 0x01, 0x03, 0x13, 0x1F,
    0x1D, 0x1D, 0x1D, 0x1D, 0x1E, 0x1D, 0x1C, 0x1D, 0x1E, 0x1E, 0x12, 0x1E, 0x09, 0x25, 0x04, 0x0A, 0x23, 0x21, 0x1F, 0x1D, 0x1F, 0x0F, 0x04, 0x02,
    0x0A, 0x22, 0x12, 0x20, 0x20, 0x1F, 0x1E, 0x1F, 0x1F, 0x1C, 0x1E, 0x21, 0x21, 0x21, 0x07, 0x25, 0x07, 0x0A, 0x23, 0x22, 0x21, 0x20, 0x21, 0x0F,
    0x05, 0x09, 0x03, 0x23, 0x20, 0x20, 0x1E, 0x1F, 0x20, 0x21, 0x21, 0x1E, 0x1F, 0x22, 0x23, 0x23, 0x04, 0x25, 0x09, 0x08, 0x23, 0x12, 0x21, 0x23,
    0x23, 0x13, 0x03, 0x0E, 0x02, 0x0F, 0x23, 0x12, 0x21, 0x22, 0x21, 0x22, 0x21, 0x20, 0x20, 0x23, 0x23, 0x20, 0x04, 0x25, 0x0B, 0x06, 0x1F, 0x1E,
    0x20, 0x22, 0x23, 0x13, 0x03, 0x14, 0x09, 0x06, 0x22, 0x12, 0x21, 0x20, 0x21, 0x22, 0x21, 0x20, 0x20, 0x22, 0x22, 0x12, 0x07, 0x2A, 0x0B, 0x06,
    0x21, 0x22, 0x22, 0x20, 0x23, 0x22, 0x03, 0x14, 0x14, 0x01, 0x0F, 0x23, 0x22, 0x21, 0x22, 0x23, 0x23, 0x21, 0x20, 0x20, 0x22, 0x23, 0x0E, 0x04,
    0x02, 0x06, 0x21, 0x22, 0x22, 0x20, 0x22, 0x23, 0x06, 0x0E, 0x2B, 0x04, 0x08, 0x23, 0x23, 0x23, 0x23, 0x23, 0x22, 0x20, 0x20, 0x1E, 0x21, 0x23,
    0x0B, 0x03, 0x0A, 0x08, 0x10, 0x1E, 0x20, 0x23, 0x23, 0x23, 0x06, 0x0B, 0x25, 0x0C, 0x01, 0x13, 0x23, 0x23, 0x23, 0x22, 0x21, 0x20, 0x21, 0x23,
    0x22, 0x21, 0x0B, 0x06, 0x21, 0x1F, 0x10, 0x1F, 0x23, 0x23, 0x23, 0x22, 0x06, 0x09, 0x29, 0x17, 0x02, 0x0A, 0x23, 0x23, 0x23, 0x23, 0x21, 0x22,
    0x23, 0x23, 0x23, 0x20, 0x09, 0x06, 0x21, 0x22, 0x23, 0x23, 0x23, 0x21, 0x22, 0x23, 0x0A, 0x01, 0x04, 0x17, 0x0B, 0x03, 0x23, 0x23, 0x23, 0x21,
    0x22, 0x23, 0x23, 0x22, 0x22, 0x21, 0x0B, 0x03, 0x23, 0x23, 0x22, 0x23, 0x23, 0x21, 0x22, 0x23, 0x22, 0x0F, 0x03, 0x0E, 0x2B, 0x01, 0x0F, 0x23,
    0x21, 0x21, 0x23, 0x23, 0x22, 0x21, 0x23, 0x23, 0x0B, 0x03, 0x23, 0x23, 0x21, 0x20, 0x21, 0x23, 0x23, 0x23, 0x22, 0x23, 0x06, 0x0B, 0x2B, 0x07,
    0x06, 0x22, 0x21, 0x23, 0x22, 0x23, 0x23, 0x21, 0x23, 0x23, 0x0E, 0x03, 0x12, 0x1F, 0x12, 0x12, 0x22, 0x23, 0x23, 0x23, 0x23, 0x22, 0x06, 0x0B,
    0x25, 0x0E, 0x01, 0x0F, 0x20, 0x21, 0x21, 0x20, 0x20, 0x22, 0x22, 0x23, 0x0E, 0x01, 0x0F, 0x1F, 0x23, 0x23, 0x23, 0x23, 0x23, 0x22, 0x23, 0x23,
    0x06, 0x09, 0x29, 0x2B, 0x04, 0x08, 0x23, 0x21, 0x21, 0x22, 0x20, 0x20, 0x23, 0x23, 0x0E, 0x04, 0x01, 0x03, 0x0A, 0x13, 0x23, 0x22, 0x1D, 0x12,
    0x22, 0x23, 0x08, 0x09, 0x27, 0x25, 0x0B, 0x01, 0x13, 0x23, 0x21, 0x23, 0x21, 0x20, 0x23, 0x22, 0x2A, 0x25, 0x14, 0x09, 0x02, 0x01, 0x06, 0x0A,
    0x13, 0x22, 0x23, 0x23, 0x08, 0x07, 0x25, 0x25, 0x17, 0x02, 0x0A, 0x22, 0x22, 0x21, 0x20, 0x21, 0x22, 0x22, 0x29, 0x27, 0x25, 0x2B, 0x17, 0x0C,
    0x07, 0x01, 0x01, 0x06, 0x0F, 0x23, 0x0A, 0x07, 0x2A, 0x19, 0x2B, 0x0B, 0x03, 0x13, 0x22, 0x22, 0x22, 0x22, 0x22, 0x23, 0x27, 0x27, 0x27, 0x18,
    0x29, 0x2A, 0x25, 0x17, 0x0C, 0x04, 0x01, 0x03, 0x06, 0x07, 0x2A, 0x26, 0x2B, 0x14, 0x01, 0x0A, 0x21, 0x21, 0x21, 0x22, 0x20, 0x20, 0x27, 0x27,
    0x27, 0x27, 0x27, 0x18, 0x18, 0x27, 0x25, 0x25, 0x14, 0x09, 0x02, 0x04, 0x25, 0x2C, 0x2B, 0x25, 0x07, 0x03, 0x21, 0x22, 0x21, 0x1F, 0x20, 0x20,
    0x19, 0x25, 0x27, 0x29, 0x27, 0x27, 0x27, 0x29, 0x18, 0x29, 0x2A, 0x2B, 0x2B, 0x0E, 0x27, 0x26, 0x26, 0x2A, 0x0E, 0x01, 0x0F, 0x23, 0x21, 0x11,
    0x20, 0x21, 0x2C, 0x26, 0x28, 0x25, 0x27, 0x27, 0x27, 0x27, 0x27, 0x27, 0x18, 0x18, 0x2A, 0x29, 0x2A, 0x26, 0x2C, 0x27, 0x25, 0x04, 0x03, 0x0F,
    0x13, 0x1B, 0x1F, 0x20, 0x2C, 0x2C, 0x2C, 0x2C, 0x26, 0x2B, 0x2A, 0x27, 0x29, 0x27, 0x27, 0x27, 0x18, 0x25, 0x26, 0x2C, 0x2C, 0x19, 0x2A, 0x14,
    0x04, 0x01, 0x03, 0x08, 0x0F, 0x22, 0x2C, 0x2C, 0x2C, 0x2C, 0x2C, 0x2C, 0x26, 0x19, 0x25, 0x27, 0x29, 0x29, 0x2B, 0x2C, 0x2C, 0x2C, 0x2C, 0x26,
    0x27, 0x2A, 0x2B, 0x0E, 0x07, 0x01, 0x01, 0x06, 0x07, 0x0D, 0x26, 0x2C, 0x2C, 0x26, 0x2C, 0x2C, 0x2C, 0x26, 0x2B, 0x19, 0x2C, 0x2C, 0x2C, 0x2C,
    0x26, 0x2A, 0x18, 0x18, 0x18, 0x27, 0x25, 0x2B, 0x0B, 0x02, 0x0C, 0x07, 0x07, 0x0D, 0x26, 0x2C, 0x2C, 0x26, 0x2C, 0x2C, 0x2C, 0x2C, 0x2C, 0x2C,
    0x2C, 0x28, 0x2A, 0x29, 0x29, 0x18, 0x18, 0x18, 0x18, 0x27, 0x25, 0x2B, 0x0D, 0x0D, 0x0D, 0x07, 0x05, 0x0C, 0x26, 0x2C, 0x2C, 0x2C, 0x2C, 0x2C,
    0x2C, 0x2C, 0x2C, 0x2B, 0x29, 0x18, 0x29, 0x29, 0x18, 0x18, 0x18, 0x18, 0x18, 0x18, 0x0D, 0x0D, 0x0D, 0x0D, 0x0D, 0x09, 0x07, 0x09, 0x14, 0x2C,
    0x2C, 0x2C, 0x2C, 0x2C, 0x2C, 0x2C, 0x28, 0x25, 0x2A, 0x29, 0x18, 0x29, 0x18, 0x18, 0x18, 0x18, 0x0D, 0x0D, 0x0D, 0x0D, 0x0D, 0x08, 0x07, 0x0C,
    0x07, 0x08, 0x14, 0x2C, 0x2C, 0x2C, 0x2C, 0x2C, 0x2C, 0x2C, 0x26, 0x2B, 0x2A, 0x18, 0x18, 0x18, 0x18, 0x18, 0x0D, 0x0D, 0x0D, 0x0D, 0x05, 0x09,
    0x07, 0x0D, 0x0D, 0x09, 0x07, 0x07, 0x0D, 0x26, 0x2C, 0x2C, 0x26, 0x2C, 0x2C, 0x2C, 0x26, 0x19, 0x2A, 0x18, 0x18, 0x18, 0x0D, 0x0D, 0x09, 0x04,
    0x0D, 0x2C, 0x09, 0x09, 0x0D, 0x0D, 0x0D, 0x0C, 0x07, 0x07, 0x0D, 0x26, 0x2C, 0x2C, 0x2C, 0x26, 0x2C, 0x2C, 0x2C, 0x28, 0x25, 0x18, 0x0D, 0x07,
    0x05, 0x14, 0x2C, 0x2C, 0x0D, 0x07, 0x0D, 0x0D, 0x0D, 0x0D, 0x0D, 0x0C, 0x07, 0x07, 0x0C, 0x26, 0x2C, 0x2C, 0x2C, 0x26, 0x2C, 0x2C, 0x2C, 0x28,
    0x05, 0x0C, 0x2C, 0x2C, 0x0C, 0x19, 0x14, 0x07, 0x0D, 0x0C, 0x0C, 0x0D, 0x0D, 0x0D, 0x14, 0x0D, 0x07, 0x02, 0x0C, 0x0C, 0x07, 0x0D, 0x0D, 0x0D,
    0x0D, 0x0D,
};

static uint16_t pal_sprtlg11[] __attribute__((aligned(8))) = {
    0x0000, 0xFFFD, 0xF77B, 0xE737, 0xE671, 0xBE33, 0xFD59, 0xBDAB, 0xE457, 0x9D2D, 0x8425, 0xDAD1,
    0x8AD5, 0x5ADD, 0xC14B, 0x6949, 0x4261, 0x31DB, 0x215D, 0x08E7, 0x20CB, 0xD801, 0xC801, 0xD001,
    0xC001, 0x9043, 0x4849, 0x2843, 0x0063, 0x0021, 0x0053, 0x1843, 0x0843, 0x0803, 0x002D, 0x0023,
    0x0029, 0x005B, 0x001B, 0x001B, 0x0011, 0x0007, 0x0001, 0x0001, 0x0001,
};

static const uint8_t px_sprtlg11[] __attribute__((aligned(8))) = {
    0x1D, 0x09, 0x06, 0x17, 0x17, 0x17, 0x15, 0x15, 0x0B, 0x05, 0x1D, 0x13, 0x03, 0x15, 0x15, 0x15, 0x15, 0x15, 0x17, 0x04, 0x10, 0x24, 0x05, 0x08,
    0x16, 0x15, 0x15, 0x15, 0x18, 0x06, 0x0A, 0x24, 0x09, 0x04, 0x18, 0x0E, 0x03, 0x1E, 0x09, 0x08, 0x17, 0x15, 0x15, 0x15, 0x15, 0x0B, 0x05, 0x1D,
    0x13, 0x04, 0x15, 0x15, 0x17, 0x17, 0x15, 0x15, 0x04, 0x10, 0x22, 0x05, 0x0B, 0x17, 0x15, 0x15, 0x16, 0x18, 0x06, 0x03, 0x05, 0x03, 0x0B, 0x18,
    0x07, 0x0A, 0x26, 0x05, 0x08, 0x15, 0x15, 0x17, 0x16, 0x17, 0x0B, 0x05, 0x1C, 0x10, 0x04, 0x16, 0x17, 0x15, 0x17, 0x16, 0x17, 0x04, 0x10, 0x22,
    0x05, 0x0B, 0x17, 0x15, 0x17, 0x15, 0x15, 0x0B, 0x08, 0x0B, 0x0E, 0x18, 0x16, 0x04, 0x20, 0x23, 0x05, 0x0B, 0x15, 0x15, 0x17, 0x16, 0x15, 0x08,
    0x09, 0x1C, 0x0A, 0x04, 0x18, 0x16, 0x15, 0x15, 0x16, 0x18, 0x04, 0x13, 0x05, 0x03, 0x0E, 0x18, 0x18, 0x16, 0x15, 0x17, 0x18, 0x18, 0x18, 0x17,
    0x18, 0x0B, 0x07, 0x20, 0x22, 0x05, 0x0B, 0x17, 0x15, 0x15, 0x16, 0x15, 0x08, 0x0A, 0x23, 0x09, 0x04, 0x17, 0x16, 0x18, 0x15, 0x15, 0x16, 0x04,
    0x13, 0x05, 0x0B, 0x17, 0x15, 0x17, 0x18, 0x18, 0x16, 0x15, 0x15, 0x17, 0x16, 0x18, 0x0B, 0x0A, 0x29, 0x22, 0x03, 0x0E, 0x18, 0x16, 0x16, 0x16,
    0x17, 0x06, 0x03, 0x05, 0x03, 0x0B, 0x18, 0x16, 0x17, 0x17, 0x16, 0x15, 0x03, 0x12, 0x05, 0x0E, 0x16, 0x15, 0x15, 0x16, 0x18, 0x15, 0x15, 0x15,
    0x16, 0x18, 0x18, 0x07, 0x0A, 0x20, 0x22, 0x03, 0x0E, 0x18, 0x18, 0x16, 0x15, 0x15, 0x0B, 0x08, 0x0B, 0x16, 0x18, 0x16, 0x17, 0x15, 0x16, 0x18,
    0x0B, 0x03, 0x13, 0x05, 0x0E, 0x18, 0x16, 0x16, 0x16, 0x16, 0x18, 0x16, 0x18, 0x18, 0x18, 0x08, 0x01, 0x0F, 0x0D, 0x13, 0x03, 0x16, 0x16, 0x16,
    0x17, 0x16, 0x16, 0x16, 0x18, 0x18, 0x17, 0x17, 0x16, 0x16, 0x16, 0x17, 0x0E, 0x02, 0x0D, 0x1C, 0x03, 0x0E, 0x18, 0x16, 0x18, 0x18, 0x0E, 0x0B,
    0x08, 0x04, 0x04, 0x04, 0x09, 0x09, 0x0D, 0x14, 0x10, 0x03, 0x15, 0x17, 0x16, 0x18, 0x18, 0x18, 0x17, 0x15, 0x16, 0x16, 0x17, 0x15, 0x16, 0x16,
    0x0E, 0x01, 0x0A, 0x1D, 0x22, 0x03, 0x0E, 0x0B, 0x06, 0x04, 0x04, 0x03, 0x05, 0x09, 0x0A, 0x10, 0x12, 0x26, 0x05, 0x14, 0x11, 0x10, 0x04, 0x17,
    0x15, 0x17, 0x18, 0x16, 0x16, 0x16, 0x16, 0x16, 0x18, 0x18, 0x16, 0x15, 0x0E, 0x02, 0x0A, 0x27, 0x22, 0x22, 0x02, 0x03, 0x05, 0x09, 0x0D, 0x10,
    0x1D, 0x1D, 0x23, 0x23, 0x24, 0x24, 0x13, 0x05, 0x14, 0x0A, 0x12, 0x02, 0x08, 0x15, 0x15, 0x18, 0x16, 0x16, 0x18, 0x18, 0x18, 0x18, 0x18, 0x18,
    0x0E, 0x02, 0x0A, 0x1E, 0x22, 0x26, 0x22, 0x13, 0x1C, 0x23, 0x1C, 0x24, 0x24, 0x22, 0x22, 0x22, 0x22, 0x22, 0x1C, 0x12, 0x07, 0x20, 0x14, 0x1D,
    0x10, 0x02, 0x06, 0x18, 0x18, 0x16, 0x18, 0x18, 0x18, 0x0E, 0x08, 0x04, 0x04, 0x02, 0x09, 0x27, 0x22, 0x1D, 0x2A, 0x1D, 0x22, 0x22, 0x22, 0x22,
    0x22, 0x22, 0x24, 0x1D, 0x26, 0x28, 0x29, 0x2A, 0x14, 0x05, 0x14, 0x11, 0x1D, 0x22, 0x12, 0x03, 0x04, 0x18, 0x15, 0x0B, 0x08, 0x04, 0x03, 0x05,
    0x09, 0x10, 0x12, 0x27, 0x22, 0x22, 0x29, 0x2C, 0x28, 0x22, 0x22, 0x22, 0x1C, 0x26, 0x28, 0x29, 0x2C, 0x14, 0x14, 0x1F, 0x2C, 0x0D, 0x07, 0x1F,
    0x11, 0x27, 0x22, 0x22, 0x25, 0x05, 0x02, 0x03, 0x05, 0x09, 0x10, 0x12, 0x23, 0x22, 0x22, 0x22, 0x22, 0x22, 0x28, 0x2A, 0x2A, 0x29, 0x25, 0x28,
    0x29, 0x2A, 0x2B, 0x2B, 0x2A, 0x2A, 0x14, 0x07, 0x0A, 0x0A, 0x07, 0x07, 0x1F, 0x14, 0x26, 0x29, 0x1C, 0x22, 0x24, 0x10, 0x12, 0x27, 0x24, 0x22,
    0x22, 0x22, 0x22, 0x22, 0x22, 0x22, 0x28, 0x2A, 0x2A, 0x2A, 0x2A, 0x2B, 0x2B, 0x2B, 0x2A, 0x2A, 0x2C, 0x2C, 0x2C, 0x2C, 0x11, 0x07, 0x0D, 0x14,
    0x1B, 0x21, 0x14, 0x26, 0x2A, 0x29, 0x22, 0x22, 0x22, 0x22, 0x22, 0x22, 0x22, 0x22, 0x22, 0x22, 0x24, 0x27, 0x28, 0x2B, 0x2B, 0x2A, 0x2A, 0x2A,
    0x2B, 0x2B, 0x2B, 0x2C, 0x2A, 0x29, 0x12, 0x11, 0x0A, 0x09, 0x07, 0x0D, 0x1B, 0x1B, 0x21, 0x20, 0x26, 0x2A, 0x2A, 0x29, 0x24, 0x22, 0x22, 0x22,
    0x22, 0x22, 0x23, 0x26, 0x29, 0x2A, 0x2B, 0x2A, 0x2A, 0x2B, 0x2C, 0x2B, 0x2A, 0x29, 0x28, 0x1E, 0x12, 0x09, 0x09, 0x0A, 0x0D, 0x0D, 0x0F, 0x1B,
    0x1B, 0x1B, 0x21, 0x2A, 0x2A, 0x25, 0x2A, 0x2A, 0x2B, 0x29, 0x1C, 0x22, 0x1D, 0x28, 0x29, 0x2C, 0x2B, 0x2B, 0x2A, 0x2B, 0x2B, 0x2C, 0x2A, 0x28,
    0x1E, 0x1E, 0x26, 0x1C, 0x1C, 0x1C, 0x0A, 0x09, 0x0A, 0x0D, 0x14, 0x1F, 0x0F, 0x0F, 0x1B, 0x1F, 0x2A, 0x2C, 0x27, 0x2C, 0x2C, 0x2A, 0x2B, 0x29,
    0x29, 0x2B, 0x2B, 0x2B, 0x2B, 0x2B, 0x2C, 0x2A, 0x29, 0x29, 0x28, 0x26, 0x1D, 0x1D, 0x27, 0x26, 0x1D, 0x1D, 0x1D, 0x27, 0x10, 0x03, 0x0D, 0x0F,
    0x0F, 0x1B, 0x1F, 0x1B, 0x1F, 0x2B, 0x21, 0x27, 0x2B, 0x2A, 0x2A, 0x2A, 0x2B, 0x2B, 0x2B, 0x2B, 0x2B, 0x2A, 0x29, 0x28, 0x1E, 0x25, 0x1D, 0x1D,
    0x25, 0x25, 0x25, 0x1D, 0x23, 0x23, 0x1D, 0x1D, 0x0A, 0x07, 0x14, 0x1B, 0x0F, 0x2A, 0x21, 0x1A, 0x1B, 0x2A, 0x2C, 0x1B, 0x29, 0x2B, 0x2C, 0x2B,
    0x2B, 0x2B, 0x2B, 0x2A, 0x29, 0x28, 0x26, 0x25, 0x25, 0x25, 0x27, 0x1D, 0x1D, 0x23, 0x1D, 0x1D, 0x24, 0x24, 0x1C, 0x27, 0x10, 0x05, 0x0F, 0x0F,
    0x1A, 0x2C, 0x1B, 0x0F, 0x1B, 0x21, 0x1F, 0x2A, 0x0F, 0x2B, 0x2B, 0x2B, 0x2B, 0x2A, 0x29, 0x29, 0x26, 0x26, 0x1E, 0x26, 0x25, 0x25, 0x1D, 0x25,
    0x25, 0x25, 0x23, 0x23, 0x1C, 0x24, 0x24, 0x1C, 0x13, 0x05, 0x0D, 0x1A, 0x1F, 0x21, 0x1F, 0x0F, 0x0F, 0x1F, 0x1B, 0x1F, 0x2C, 0x0F, 0x2B, 0x2B,
    0x29, 0x28, 0x28, 0x28, 0x1E, 0x1E, 0x28, 0x1E, 0x25, 0x25, 0x25, 0x1D, 0x1D, 0x1D, 0x1D, 0x1D, 0x23, 0x24, 0x24, 0x24, 0x1D, 0x0A, 0x0A, 0x14,
    0x14, 0x14, 0x1F, 0x0F, 0x0E, 0x1B, 0x1B, 0x1B, 0x1F, 0x2C, 0x0F, 0x29, 0x29, 0x28, 0x28, 0x28, 0x28, 0x28, 0x1E, 0x26, 0x26, 0x25, 0x1D, 0x25,
    0x25, 0x1D, 0x25, 0x1D, 0x1C, 0x1C, 0x24, 0x24, 0x23, 0x13, 0x05, 0x1B, 0x0D, 0x0D, 0x1F, 0x1F, 0x0C, 0x0F, 0x1B, 0x1B, 0x1B, 0x2A, 0x2A, 0x21,
    0x29, 0x28, 0x29, 0x28, 0x29, 0x28, 0x28, 0x25, 0x1D, 0x25, 0x1D, 0x1D, 0x25, 0x1D, 0x1D, 0x25, 0x23, 0x23, 0x1C, 0x22, 0x24, 0x23, 0x10, 0x07,
    0x0F, 0x07, 0x1F, 0x2C, 0x1A, 0x0F, 0x1F, 0x1B, 0x1B, 0x21, 0x2A, 0x1F, 0x2C, 0x29, 0x29, 0x29, 0x28, 0x28, 0x28, 0x26, 0x1D, 0x25, 0x25, 0x1D,
    0x1D, 0x25, 0x23, 0x23, 0x1D, 0x1C, 0x23, 0x23, 0x1C, 0x1C, 0x24, 0x0A, 0x07, 0x05, 0x0C, 0x21, 0x2A, 0x0F, 0x1B, 0x1F, 0x1F, 0x1F, 0x2B, 0x1F,
    0x1F, 0x2C, 0x29, 0x28, 0x28, 0x28, 0x28, 0x28, 0x26, 0x25, 0x1D, 0x26, 0x1D, 0x1D, 0x1D, 0x1D, 0x1C, 0x1C, 0x1C, 0x23, 0x1D, 0x1C, 0x23, 0x1D,
    0x13, 0x03, 0x05, 0x1B, 0x21, 0x1F, 0x0F, 0x21, 0x1F, 0x1F, 0x2B, 0x2A, 0x1A, 0x21, 0x2B, 0x29, 0x28, 0x28, 0x28, 0x28, 0x1E, 0x26, 0x26, 0x26,
    0x25, 0x1D, 0x1C, 0x1C, 0x23, 0x23, 0x23, 0x1C, 0x1C, 0x23, 0x23, 0x1C, 0x0A, 0x09, 0x07, 0x0D, 0x21, 0x2A, 0x1B, 0x1B, 0x2C, 0x21, 0x2A, 0x2C,
    0x1B, 0x1B, 0x2A, 0x2A, 0x29, 0x29, 0x28, 0x28, 0x28, 0x1E, 0x1E, 0x26, 0x25, 0x1D, 0x23, 0x1C, 0x24, 0x1C, 0x1D, 0x1D, 0x1D, 0x1D, 0x13, 0x09,
    0x05, 0x0A, 0x14, 0x14, 0x14, 0x1B, 0x1A, 0x1F, 0x21, 0x2A, 0x2C, 0x29, 0x14, 0x0F, 0x21, 0x2B, 0x2B, 0x29, 0x28, 0x1E, 0x1E, 0x28, 0x1E, 0x26,
    0x26, 0x1D, 0x1D, 0x23, 0x23, 0x1D, 0x1C, 0x1D, 0x1D, 0x10, 0x09, 0x07, 0x0D, 0x14, 0x11, 0x09, 0x03, 0x0B, 0x1B, 0x1B, 0x1F, 0x21, 0x2A, 0x29,
    0x11, 0x0F, 0x1B, 0x2A, 0x2B, 0x2A, 0x28, 0x26, 0x26, 0x1E, 0x1E, 0x26, 0x25, 0x26, 0x25, 0x25, 0x23, 0x1D, 0x27, 0x27, 0x10, 0x05, 0x09, 0x11,
    0x14, 0x0D, 0x07, 0x04, 0x04, 0x0B, 0x1A, 0x28, 0x29, 0x1F, 0x1B, 0x2C, 0x11, 0x14, 0x1B, 0x1F, 0x2A, 0x2A, 0x28, 0x28, 0x28, 0x1E, 0x1E, 0x26,
    0x26, 0x25, 0x25, 0x25, 0x27, 0x26, 0x12, 0x0A, 0x05, 0x0A, 0x14, 0x11, 0x0A, 0x04, 0x06, 0x0E, 0x0E, 0x11, 0x13, 0x25, 0x1F, 0x1A, 0x14, 0x0D,
    0x20, 0x0A, 0x0F, 0x1F, 0x2A, 0x1F, 0x29, 0x26, 0x29, 0x28, 0x1E, 0x28, 0x1E, 0x26, 0x25, 0x26, 0x25, 0x1D, 0x09, 0x07, 0x0A, 0x14, 0x11, 0x09,
    0x06, 0x0B, 0x0E, 0x0F, 0x13, 0x22, 0x22, 0x13, 0x14, 0x19, 0x1A, 0x0A, 0x0D, 0x11, 0x0A, 0x14, 0x2C, 0x20, 0x14, 0x25, 0x1E, 0x28, 0x28, 0x28,
    0x1E, 0x28, 0x26, 0x25, 0x26, 0x26, 0x05, 0x0A, 0x14, 0x0F, 0x08, 0x08, 0x0E, 0x0E, 0x10, 0x22, 0x22, 0x13, 0x13, 0x13, 0x14, 0x0E, 0x0F, 0x05,
    0x07, 0x11, 0x0D, 0x07, 0x1F, 0x2A, 0x1F, 0x26, 0x13, 0x29, 0x28, 0x28, 0x1E, 0x28, 0x1E, 0x1E, 0x1E, 0x28, 0x0A, 0x07, 0x1B, 0x0C, 0x11, 0x19,
    0x11, 0x13, 0x13, 0x05, 0x09, 0x10, 0x22, 0x13, 0x14, 0x0E, 0x0F, 0x05, 0x02, 0x03, 0x0D, 0x0A, 0x09, 0x2C, 0x14, 0x1E, 0x13, 0x1E, 0x11, 0x29,
    0x1E, 0x26, 0x28, 0x28, 0x26, 0x1E, 0x1E, 0x05, 0x14, 0x1B, 0x1E, 0x1E, 0x28, 0x22, 0x09, 0x03, 0x01, 0x05, 0x13, 0x13, 0x1E, 0x0E, 0x0F, 0x05,
    0x01, 0x01, 0x01, 0x0D, 0x03, 0x0D, 0x2A, 0x14, 0x10, 0x13, 0x28, 0x0A, 0x20, 0x29, 0x28, 0x1E, 0x26, 0x25, 0x25, 0x26, 0x09, 0x0D, 0x2C, 0x1E,
    0x1A, 0x14, 0x13, 0x10, 0x01, 0x02, 0x09, 0x22, 0x1E, 0x0C, 0x0E, 0x05, 0x09, 0x10, 0x09, 0x05, 0x07, 0x01, 0x0D, 0x20, 0x0D, 0x0A, 0x26, 0x0D,
    0x0A, 0x14, 0x29, 0x28, 0x28, 0x1E, 0x26, 0x26, 0x1E, 0x25, 0x02, 0x14, 0x29, 0x0E, 0x1A, 0x13, 0x13, 0x09, 0x13, 0x10, 0x25, 0x0C, 0x19, 0x07,
    0x0A, 0x13, 0x13, 0x13, 0x05, 0x02, 0x01, 0x0D, 0x14, 0x09, 0x10, 0x1E, 0x07, 0x14, 0x0D, 0x29, 0x29, 0x28, 0x28, 0x1E, 0x26, 0x1E, 0x0A, 0x09,
    0x2A, 0x20, 0x0B, 0x1A, 0x25, 0x13, 0x13, 0x13, 0x25, 0x0F, 0x0E, 0x09, 0x01, 0x12, 0x27, 0x1E, 0x09, 0x01, 0x02, 0x01, 0x0D, 0x0D, 0x05, 0x25,
    0x0D, 0x04, 0x20, 0x09, 0x2A, 0x28, 0x1E, 0x1E, 0x1E, 0x1E, 0x11, 0x05, 0x21, 0x0D, 0x0D, 0x0E, 0x12, 0x28, 0x13, 0x13, 0x13, 0x14, 0x0B, 0x19,
    0x0C, 0x07, 0x07, 0x0A, 0x07, 0x03, 0x02, 0x02, 0x01, 0x0A, 0x07, 0x05, 0x1E, 0x04, 0x0A, 0x2C, 0x05, 0x14, 0x28, 0x1E, 0x1E, 0x26, 0x1E, 0x05,
    0x11, 0x14, 0x01, 0x0F, 0x19, 0x12, 0x29, 0x13, 0x13, 0x13, 0x1E, 0x1F, 0x19, 0x0E, 0x0E, 0x0C, 0x09, 0x03, 0x01, 0x01, 0x03, 0x01, 0x07, 0x03,
    0x0A, 0x0D, 0x02, 0x0D, 0x2C, 0x0A, 0x07, 0x29, 0x28, 0x28, 0x28, 0x0D, 0x07, 0x2C, 0x05, 0x04, 0x1A, 0x1A, 0x12, 0x28, 0x25, 0x13, 0x13, 0x13,
    0x28, 0x2C, 0x21, 0x1A, 0x19, 0x0E, 0x0C, 0x0C, 0x05, 0x01, 0x02, 0x03, 0x03, 0x0D, 0x09, 0x03, 0x14, 0x21, 0x14, 0x05, 0x0D, 0x29, 0x28, 0x28,
    0x07, 0x0D, 0x14, 0x01, 0x08, 0x0F, 0x1A, 0x12, 0x1E, 0x26, 0x13, 0x13, 0x13, 0x13, 0x25, 0x29, 0x29, 0x2C, 0x1B, 0x19, 0x0E, 0x0E, 0x0C, 0x05,
    0x01, 0x02, 0x0A, 0x03, 0x04, 0x21, 0x28, 0x08, 0x14, 0x05, 0x14, 0x29, 0x1E, 0x05, 0x21, 0x09, 0x04, 0x0B, 0x0C, 0x14, 0x14, 0x1A, 0x1E, 0x1C,
    0x13, 0x13, 0x13, 0x13, 0x1C, 0x25, 0x28, 0x2A, 0x2C, 0x1F, 0x19, 0x18, 0x19, 0x0C, 0x05, 0x09, 0x03, 0x0A, 0x2A, 0x14, 0x06, 0x14, 0x0A, 0x0A,
    0x2A, 0x11, 0x09, 0x2C, 0x04, 0x06, 0x08, 0x0C, 0x29, 0x20, 0x1A, 0x1A, 0x25, 0x13, 0x1C, 0x13, 0x13, 0x1C, 0x13, 0x1C, 0x26, 0x28, 0x29, 0x2C,
    0x1F, 0x19, 0x19, 0x1A, 0x07, 0x02, 0x0D, 0x14, 0x0A, 0x06, 0x0C, 0x0D, 0x09, 0x2A, 0x0D, 0x0A, 0x20, 0x04, 0x08, 0x08, 0x0B, 0x2A, 0x1B, 0x1A,
    0x19, 0x28, 0x13, 0x25, 0x13, 0x13, 0x1C, 0x25, 0x13, 0x1C, 0x1E, 0x29, 0x1A, 0x18, 0x19, 0x0C, 0x03, 0x03, 0x01, 0x14, 0x11, 0x04, 0x06, 0x0B,
    0x14, 0x09, 0x2A, 0x0D, 0x0A, 0x14, 0x04, 0x0B, 0x08, 0x08, 0x0C, 0x0F, 0x1A, 0x0E, 0x1A, 0x13, 0x25, 0x13, 0x13, 0x1C, 0x28, 0x25, 0x28, 0x0F,
    0x0E, 0x18, 0x0C, 0x07, 0x02, 0x01, 0x04, 0x03, 0x1F, 0x0D, 0x03, 0x06, 0x0B, 0x14, 0x09, 0x2A, 0x0D, 0x0A, 0x14, 0x04, 0x0B, 0x08, 0x06, 0x06,
    0x0F, 0x1B, 0x0E, 0x1A, 0x23, 0x25, 0x1D, 0x13, 0x1E, 0x29, 0x0F, 0x0E, 0x19, 0x0F, 0x09, 0x03, 0x01, 0x02, 0x03, 0x03, 0x05, 0x2A, 0x09, 0x03,
    0x0B, 0x0B, 0x14, 0x09, 0x2C, 0x14, 0x07, 0x20, 0x07, 0x0B, 0x08, 0x06, 0x06, 0x0F, 0x1F, 0x0E, 0x1A, 0x1A, 0x26, 0x29, 0x28, 0x0F, 0x0E, 0x19,
    0x0F, 0x0A, 0x03, 0x02, 0x02, 0x02, 0x01, 0x03, 0x03, 0x07, 0x2C, 0x0D, 0x02, 0x14, 0x1A, 0x0D, 0x0A, 0x14, 0x05, 0x09, 0x2C, 0x0C, 0x0E, 0x0B,
    0x08, 0x0B, 0x0F, 0x1F, 0x0C, 0x14, 0x1A, 0x20, 0x0F, 0x0E, 0x19, 0x0F, 0x0A, 0x02, 0x09, 0x09, 0x01, 0x01, 0x01, 0x01, 0x04, 0x03, 0x0A, 0x29,
    0x29, 0x05, 0x07, 0x21, 0x0D, 0x05, 0x05, 0x0D, 0x2C, 0x14, 0x0C, 0x08, 0x0C, 0x0F, 0x1B, 0x1F, 0x20, 0x0C, 0x14, 0x20, 0x08, 0x0E, 0x0F, 0x0A,
    0x07, 0x03, 0x01, 0x10, 0x10, 0x05, 0x09, 0x05, 0x01, 0x04, 0x02, 0x0D, 0x28, 0x26, 0x11, 0x06, 0x1F, 0x0A, 0x05, 0x20, 0x20, 0x09, 0x02, 0x04,
    0x04, 0x06, 0x06, 0x08, 0x0F, 0x1F, 0x0C, 0x14, 0x21, 0x19, 0x0E, 0x0C, 0x03, 0x02, 0x05, 0x09, 0x13, 0x13, 0x13, 0x10, 0x02, 0x01, 0x04, 0x02,
    0x0F, 0x29, 0x1D, 0x1E, 0x0F, 0x29, 0x0D, 0x21, 0x14, 0x03, 0x01, 0x02, 0x06, 0x08, 0x08, 0x06, 0x06, 0x0B, 0x0F, 0x0C, 0x1A, 0x1B, 0x2A, 0x0E,
    0x0E, 0x09, 0x03, 0x0A, 0x13, 0x13, 0x1C, 0x13, 0x02, 0x01, 0x02, 0x04, 0x03, 0x14, 0x28, 0x13, 0x13, 0x20, 0x28, 0x2A, 0x14, 0x03, 0x01, 0x04,
    0x06, 0x06, 0x06, 0x06, 0x06, 0x06, 0x0B, 0x0F, 0x0C, 0x19, 0x1A, 0x21, 0x1B, 0x0E, 0x0F, 0x05, 0x01, 0x05, 0x23, 0x13, 0x1C, 0x05, 0x01, 0x03,
    0x07, 0x04, 0x1F, 0x26, 0x13, 0x13, 0x0F, 0x20, 0x2C, 0x0A, 0x01, 0x04, 0x06, 0x06, 0x06, 0x06, 0x06, 0x06, 0x06, 0x06, 0x0F, 0x0C, 0x1A, 0x0F,
    0x1B, 0x2C, 0x0F, 0x0E, 0x0C, 0x01, 0x09, 0x13, 0x05, 0x09, 0x0A, 0x02, 0x03, 0x04, 0x05, 0x2A, 0x25, 0x13, 0x13, 0x1F, 0x11, 0x14, 0x20, 0x0F,
    0x08, 0x06, 0x06, 0x06, 0x06, 0x06, 0x06, 0x06, 0x06, 0x0F, 0x19, 0x19, 0x0F, 0x1A, 0x1B, 0x2C, 0x16, 0x19, 0x09, 0x05, 0x05, 0x01, 0x02, 0x03,
    0x03, 0x03, 0x03, 0x07, 0x2C, 0x25, 0x13, 0x13, 0x29, 0x13, 0x10, 0x0F, 0x0D, 0x21, 0x08, 0x06, 0x06, 0x06, 0x06, 0x06, 0x06, 0x06, 0x0F, 0x19,
    0x1A, 0x0F, 0x1A, 0x1B, 0x2B, 0x1B, 0x15, 0x0F, 0x03, 0x02, 0x03, 0x03, 0x03, 0x03, 0x03, 0x03, 0x09, 0x2C, 0x25, 0x13, 0x13, 0x11, 0x10, 0x10,
    0x14, 0x04, 0x09, 0x20, 0x08, 0x06, 0x06, 0x06, 0x06, 0x06, 0x06, 0x0F, 0x1B, 0x1F, 0x0F, 0x1A, 0x1B, 0x20, 0x2A, 0x0F, 0x0E, 0x0C, 0x02, 0x03,
    0x03, 0x03, 0x03, 0x04, 0x03, 0x0A, 0x2C, 0x25, 0x13, 0x13, 0x0A, 0x13, 0x13, 0x11, 0x0B, 0x04, 0x0A, 0x1F, 0x06, 0x06, 0x06, 0x06, 0x06, 0x08,
    0x0F, 0x1B, 0x14, 0x1B, 0x0F, 0x1A, 0x14, 0x11, 0x2A, 0x0E, 0x19, 0x09, 0x02, 0x03, 0x03, 0x03, 0x04, 0x03, 0x0A, 0x21, 0x25, 0x13, 0x13, 0x0A,
    0x10, 0x13, 0x12, 0x0C, 0x06, 0x06, 0x14, 0x0F, 0x06, 0x06, 0x06, 0x08, 0x0E, 0x0F, 0x14, 0x09, 0x14, 0x19, 0x1A, 0x11, 0x0A, 0x2A, 0x1B, 0x15,
    0x0F, 0x03, 0x03, 0x03, 0x03, 0x05, 0x03, 0x0A, 0x14, 0x0A, 0x1D, 0x13, 0x10, 0x01, 0x09, 0x12, 0x0C, 0x06, 0x08, 0x08, 0x2A, 0x0E, 0x0B, 0x0B,
    0x0B, 0x0B, 0x0F, 0x0F, 0x05, 0x11, 0x19, 0x1A, 0x0D, 0x0A, 0x21, 0x2C, 0x19, 0x0E, 0x0A, 0x02, 0x03, 0x03, 0x05, 0x03, 0x0D, 0x1F, 0x07, 0x10,
    0x1C, 0x0A, 0x05, 0x0A, 0x11, 0x0C, 0x06, 0x08, 0x0B, 0x0F, 0x0F, 0x0B, 0x0B, 0x0E, 0x0B, 0x0F, 0x0D, 0x07, 0x14, 0x19, 0x1A, 0x0A, 0x0A, 0x1B,
    0x21, 0x1F, 0x0E, 0x0F, 0x05, 0x02, 0x03, 0x07, 0x02, 0x0D, 0x14, 0x07, 0x03, 0x10,
};

static uint16_t pal_sprtlg12[] __attribute__((aligned(8))) = {
    0x0000, 0xFFFF, 0xF7BB, 0xF77B, 0xEF39, 0xE6F5, 0xF629, 0xCE73, 0xBDF1, 0xF519, 0xC525, 0xDC13,
    0xBBD5, 0x9D2F, 0x8CA9, 0x83E1, 0x6BE9, 0xCB11, 0xA2CD, 0xD1CD, 0x9249, 0x6B5D, 0x7A4D, 0x79C5,
    0x7183, 0x4B2B, 0x5AD7, 0x4A11, 0x2A23, 0x5945, 0x398D, 0x19AD, 0x215B, 0xD883, 0xD001, 0x9043,
    0x5903, 0x4107, 0x48C1, 0x38C3, 0x3843, 0x191B, 0x20C9, 0x2883, 0x1883, 0x2041, 0x2001, 0x1001,
    0x0929, 0x00E7, 0x00E3, 0x009F, 0x0063, 0x005B, 0x0051, 0x0003, 0x0013, 0x0003, 0x0001, 0x0001,
    0x0001, 0x0001, 0x0001, 0x0001,
};

static const uint8_t px_sprtlg12[] __attribute__((aligned(8))) = {
    0x07, 0x3A, 0x1A, 0x19, 0x38, 0x35, 0x1F, 0x0A, 0x11, 0x23, 0x22, 0x22, 0x21, 0x0B, 0x05, 0x01, 0x01, 0x01, 0x01, 0x04, 0x05, 0x07, 0x02, 0x0D,
    0x39, 0x0F, 0x04, 0x21, 0x22, 0x22, 0x22, 0x22, 0x13, 0x04, 0x31, 0x2A, 0x20, 0x1C, 0x36, 0x30, 0x1F, 0x1F, 0x1E, 0x28, 0x23, 0x21, 0x11, 0x05,
    0x01, 0x02, 0x05, 0x06, 0x0B, 0x13, 0x21, 0x22, 0x21, 0x21, 0x13, 0x12, 0x3F, 0x0D, 0x06, 0x22, 0x22, 0x22, 0x22, 0x21, 0x06, 0x05, 0x2C, 0x19,
    0x36, 0x19, 0x1F, 0x30, 0x35, 0x33, 0x20, 0x11, 0x0A, 0x0D, 0x08, 0x0A, 0x13, 0x21, 0x22, 0x22, 0x13, 0x09, 0x0B, 0x14, 0x14, 0x21, 0x21, 0x23,
    0x2C, 0x03, 0x13, 0x22, 0x22, 0x22, 0x22, 0x21, 0x13, 0x19, 0x29, 0x19, 0x0D, 0x35, 0x36, 0x32, 0x1F, 0x0A, 0x01, 0x05, 0x0A, 0x17, 0x23, 0x23,
    0x23, 0x13, 0x13, 0x13, 0x0B, 0x06, 0x03, 0x07, 0x1A, 0x1A, 0x06, 0x2C, 0x0E, 0x06, 0x22, 0x21, 0x22, 0x22, 0x22, 0x22, 0x10, 0x1F, 0x1F, 0x36,
    0x39, 0x10, 0x0D, 0x30, 0x1C, 0x15, 0x21, 0x21, 0x13, 0x11, 0x09, 0x05, 0x01, 0x01, 0x06, 0x13, 0x22, 0x21, 0x06, 0x04, 0x1A, 0x0E, 0x15, 0x1B,
    0x06, 0x22, 0x21, 0x22, 0x22, 0x22, 0x22, 0x0D, 0x10, 0x36, 0x20, 0x0D, 0x10, 0x20, 0x36, 0x24, 0x21, 0x22, 0x22, 0x21, 0x22, 0x22, 0x21, 0x13,
    0x11, 0x0A, 0x03, 0x06, 0x13, 0x23, 0x14, 0x06, 0x0E, 0x2A, 0x1E, 0x02, 0x13, 0x23, 0x22, 0x22, 0x22, 0x22, 0x08, 0x1C, 0x29, 0x07, 0x0D, 0x36,
    0x36, 0x23, 0x22, 0x23, 0x23, 0x13, 0x0B, 0x09, 0x06, 0x09, 0x0B, 0x11, 0x13, 0x11, 0x0A, 0x0A, 0x13, 0x23, 0x23, 0x06, 0x0F, 0x2A, 0x02, 0x05,
    0x13, 0x13, 0x21, 0x22, 0x22, 0x19, 0x36, 0x20, 0x0D, 0x1C, 0x33, 0x29, 0x23, 0x12, 0x0A, 0x07, 0x08, 0x0A, 0x0C, 0x0C, 0x0C, 0x0B, 0x06, 0x01,
    0x02, 0x05, 0x07, 0x07, 0x11, 0x22, 0x23, 0x0C, 0x2B, 0x0F, 0x07, 0x08, 0x05, 0x04, 0x05, 0x06, 0x20, 0x36, 0x31, 0x1F, 0x30, 0x31, 0x1C, 0x0A,
    0x07, 0x0F, 0x27, 0x2F, 0x2E, 0x2E, 0x2E, 0x26, 0x17, 0x15, 0x15, 0x0E, 0x0A, 0x0A, 0x0B, 0x0A, 0x13, 0x23, 0x24, 0x2F, 0x0E, 0x10, 0x35, 0x31,
    0x32, 0x1C, 0x19, 0x19, 0x19, 0x10, 0x32, 0x34, 0x20, 0x12, 0x16, 0x1B, 0x28, 0x2D, 0x2A, 0x1B, 0x16, 0x16, 0x15, 0x15, 0x16, 0x1B, 0x1E, 0x2A,
    0x25, 0x25, 0x28, 0x23, 0x23, 0x23, 0x28, 0x0F, 0x0E, 0x34, 0x30, 0x1F, 0x31, 0x34, 0x29, 0x07, 0x10, 0x35, 0x36, 0x1E, 0x1B, 0x1A, 0x15, 0x0F,
    0x0E, 0x0E, 0x0E, 0x0E, 0x0F, 0x15, 0x15, 0x15, 0x15, 0x0F, 0x0F, 0x0F, 0x15, 0x15, 0x1B, 0x14, 0x23, 0x23, 0x1E, 0x07, 0x15, 0x0F, 0x0E, 0x34,
    0x1F, 0x35, 0x35, 0x36, 0x1B, 0x15, 0x0F, 0x15, 0x1B, 0x1A, 0x07, 0x07, 0x2A, 0x07, 0x0D, 0x3B, 0x3F, 0x3F, 0x3F, 0x3F, 0x2A, 0x0F, 0x05, 0x08,
    0x0F, 0x1A, 0x0E, 0x15, 0x28, 0x2A, 0x15, 0x1B, 0x0F, 0x0D, 0x10, 0x0D, 0x36, 0x1A, 0x0F, 0x1A, 0x1E, 0x2F, 0x1E, 0x1A, 0x0D, 0x01, 0x07, 0x2A,
    0x0E, 0x0D, 0x2A, 0x3A, 0x39, 0x37, 0x2C, 0x1A, 0x04, 0x05, 0x01, 0x0D, 0x3F, 0x2C, 0x15, 0x3F, 0x3A, 0x2F, 0x1E, 0x0F, 0x15, 0x1B, 0x0E, 0x1A,
    0x0D, 0x0F, 0x3F, 0x3F, 0x3B, 0x2C, 0x1B, 0x05, 0x01, 0x0F, 0x2A, 0x20, 0x0E, 0x2C, 0x3F, 0x39, 0x39, 0x3E, 0x2A, 0x0D, 0x1A, 0x01, 0x0D, 0x3B,
    0x2C, 0x15, 0x3A, 0x2D, 0x2B, 0x27, 0x2B, 0x2D, 0x15, 0x0A, 0x2A, 0x0F, 0x08, 0x3B, 0x37, 0x39, 0x3E, 0x2A, 0x10, 0x0D, 0x1E, 0x39, 0x15, 0x0E,
    0x1A, 0x3F, 0x3A, 0x3A, 0x3F, 0x15, 0x15, 0x2A, 0x01, 0x0E, 0x3E, 0x37, 0x1A, 0x3A, 0x2B, 0x26, 0x18, 0x1D, 0x25, 0x2B, 0x2D, 0x1E, 0x0F, 0x07,
    0x3F, 0x3B, 0x39, 0x3F, 0x20, 0x1F, 0x1F, 0x39, 0x1E, 0x1A, 0x16, 0x0F, 0x1E, 0x3F, 0x37, 0x3E, 0x15, 0x2A, 0x2A, 0x07, 0x19, 0x39, 0x37, 0x1A,
    0x3B, 0x2D, 0x27, 0x24, 0x24, 0x24, 0x26, 0x2D, 0x1E, 0x15, 0x04, 0x3A, 0x3B, 0x39, 0x39, 0x32, 0x1F, 0x31, 0x39, 0x1A, 0x18, 0x09, 0x16, 0x15,
    0x2C, 0x39, 0x2A, 0x15, 0x3E, 0x2C, 0x10, 0x1F, 0x39, 0x37, 0x1A, 0x3F, 0x37, 0x2D, 0x2B, 0x27, 0x26, 0x18, 0x14, 0x1E, 0x1E, 0x05, 0x2A, 0x3B,
    0x39, 0x39, 0x32, 0x30, 0x36, 0x1E, 0x1B, 0x12, 0x09, 0x11, 0x1B, 0x1A, 0x3F, 0x36, 0x36, 0x3F, 0x3F, 0x33, 0x33, 0x1E, 0x15, 0x1B, 0x27, 0x3A,
    0x2D, 0x28, 0x24, 0x17, 0x26, 0x2D, 0x1E, 0x1E, 0x08, 0x1B, 0x3F, 0x3F, 0x39, 0x35, 0x35, 0x39, 0x1B, 0x1D, 0x09, 0x03, 0x06, 0x14, 0x1A, 0x1B,
    0x2A, 0x2A, 0x2A, 0x1E, 0x15, 0x15, 0x15, 0x2A, 0x3F, 0x17, 0x2D, 0x2D, 0x24, 0x27, 0x26, 0x17, 0x24, 0x2A, 0x15, 0x0E, 0x15, 0x1E, 0x2A, 0x2A,
    0x29, 0x20, 0x1B, 0x16, 0x11, 0x09, 0x06, 0x06, 0x0B, 0x0C, 0x1E, 0x15, 0x15, 0x15, 0x15, 0x16, 0x16, 0x14, 0x2E, 0x2C, 0x16, 0x27, 0x3E, 0x26,
    0x18, 0x27, 0x3C, 0x2B, 0x27, 0x3F, 0x2A, 0x1B, 0x1A, 0x1A, 0x1A, 0x1A, 0x1A, 0x25, 0x17, 0x1D, 0x1D, 0x14, 0x18, 0x27, 0x14, 0x12, 0x24, 0x17,
    0x12, 0x11, 0x0B, 0x09, 0x11, 0x2F, 0x16, 0x0B, 0x25, 0x3F, 0x3B, 0x2B, 0x17, 0x2B, 0x3F, 0x1D, 0x2F, 0x2E, 0x14, 0x12, 0x12, 0x0B, 0x12, 0x24,
    0x0B, 0x14, 0x26, 0x27, 0x2D, 0x2B, 0x17, 0x12, 0x06, 0x0B, 0x17, 0x0B, 0x06, 0x09, 0x12, 0x14, 0x2E, 0x16, 0x09, 0x2B, 0x3F, 0x3C, 0x3E, 0x2B,
    0x17, 0x2D, 0x12, 0x2B, 0x2F, 0x17, 0x11, 0x0B, 0x06, 0x16, 0x11, 0x0C, 0x18, 0x24, 0x2B, 0x26, 0x24, 0x17, 0x24, 0x24, 0x14, 0x14, 0x18, 0x09,
    0x0B, 0x18, 0x18, 0x2E, 0x12, 0x0C, 0x3D, 0x3D, 0x3C, 0x3A, 0x3F, 0x27, 0x18, 0x09, 0x17, 0x2D, 0x24, 0x27, 0x11, 0x12, 0x27, 0x24, 0x2B, 0x24,
    0x18, 0x26, 0x12, 0x17, 0x17, 0x24, 0x26, 0x27, 0x27, 0x2D, 0x0C, 0x0B, 0x24, 0x24, 0x2D, 0x2B, 0x2F, 0x3C, 0x3A, 0x3D, 0x37, 0x2A, 0x2F, 0x27,
    0x0C, 0x14, 0x3A, 0x26, 0x2B, 0x11, 0x16, 0x3F, 0x27, 0x25, 0x1D, 0x16, 0x12, 0x16, 0x15, 0x0C, 0x0F, 0x15, 0x1D, 0x2B, 0x3F, 0x16, 0x09, 0x24,
    0x27, 0x3A, 0x2C, 0x3F, 0x3A, 0x2D, 0x2F, 0x3F, 0x2A, 0x0F, 0x1E, 0x3A, 0x2C, 0x3E, 0x2D, 0x2B, 0x12, 0x1D, 0x2F, 0x3A, 0x1A, 0x04, 0x03, 0x01,
    0x01, 0x01, 0x01, 0x04, 0x08, 0x1E, 0x3C, 0x2F, 0x16, 0x0C, 0x26, 0x2D, 0x37, 0x1D, 0x3D, 0x3D, 0x3A, 0x28, 0x2F, 0x3F, 0x1E, 0x0A, 0x3E, 0x3A,
    0x2F, 0x2F, 0x2E, 0x17, 0x17, 0x24, 0x2C, 0x37, 0x1B, 0x2A, 0x1B, 0x1A, 0x1E, 0x2A, 0x37, 0x2F, 0x3F, 0x27, 0x28, 0x16, 0x16, 0x2F, 0x2F, 0x2D,
    0x17, 0x3F, 0x39, 0x39, 0x2F, 0x1E, 0x39, 0x3F, 0x0F, 0x3D, 0x2F, 0x2B, 0x3A, 0x2F, 0x1D, 0x1D, 0x18, 0x1D, 0x3A, 0x3F, 0x3C, 0x2F, 0x3F, 0x3F,
    0x2E, 0x2E, 0x37, 0x3A, 0x14, 0x26, 0x25, 0x1D, 0x3F, 0x3D, 0x25, 0x12, 0x3F, 0x39, 0x35, 0x39, 0x2B, 0x1E, 0x3F, 0x2A, 0x3B, 0x3C, 0x2B, 0x3E,
    0x3A, 0x27, 0x2B, 0x24, 0x11, 0x2F, 0x2E, 0x23, 0x21, 0x23, 0x23, 0x21, 0x21, 0x2E, 0x2C, 0x11, 0x26, 0x2B, 0x2B, 0x3E, 0x3F, 0x25, 0x11, 0x2F,
    0x39, 0x35, 0x35, 0x37, 0x1D, 0x2A, 0x3B, 0x39, 0x39, 0x26, 0x3A, 0x3F, 0x2F, 0x2D, 0x26, 0x0B, 0x25, 0x28, 0x21, 0x13, 0x13, 0x13, 0x13, 0x21,
    0x25, 0x16, 0x12, 0x28, 0x2C, 0x2D, 0x3A, 0x3D, 0x16, 0x0B, 0x2E, 0x3B, 0x35, 0x30, 0x35, 0x25, 0x1B, 0x39, 0x36, 0x39, 0x1D, 0x2B, 0x3F, 0x2F,
    0x2D, 0x27, 0x14, 0x14, 0x1A, 0x0F, 0x12, 0x11, 0x11, 0x11, 0x0A, 0x0F, 0x0C, 0x14, 0x28, 0x37, 0x1B, 0x2F, 0x3F, 0x11, 0x0B, 0x26, 0x3C, 0x36,
    0x30, 0x30, 0x36, 0x16, 0x36, 0x36, 0x3F, 0x1D, 0x17, 0x3F, 0x2D, 0x3A, 0x28, 0x17, 0x14, 0x14, 0x0F, 0x0D, 0x0D, 0x0D, 0x08, 0x0A, 0x0C, 0x0B,
    0x17, 0x26, 0x3C, 0x2A, 0x1A, 0x2B, 0x0B, 0x09, 0x1D, 0x3A, 0x36, 0x1F, 0x1F, 0x1C, 0x1D, 0x20, 0x39, 0x3F, 0x2B, 0x12, 0x3A, 0x2F, 0x3C, 0x2D,
    0x18, 0x14, 0x12, 0x09, 0x0C, 0x0C, 0x0B, 0x0B, 0x09, 0x0C, 0x14, 0x17, 0x18, 0x2D, 0x3F, 0x2A, 0x16, 0x09, 0x09, 0x14, 0x2B, 0x36, 0x30, 0x19,
    0x19, 0x1B, 0x20, 0x37, 0x37, 0x2F, 0x0B, 0x24, 0x3E, 0x3A, 0x2F, 0x24, 0x14, 0x18, 0x16, 0x12, 0x12, 0x12, 0x12, 0x1D, 0x18, 0x14, 0x18, 0x26,
    0x2F, 0x3B, 0x3C, 0x11, 0x06, 0x09, 0x11, 0x2B, 0x36, 0x34, 0x0D, 0x0D, 0x1C, 0x20, 0x1E, 0x3A, 0x3A, 0x0B, 0x12, 0x3F, 0x3B, 0x2F, 0x24, 0x18,
    0x18, 0x26, 0x2E, 0x3F, 0x3F, 0x2B, 0x24, 0x17, 0x18, 0x24, 0x2D, 0x3C, 0x3E, 0x24, 0x0B, 0x09, 0x09, 0x12, 0x2D, 0x20, 0x34, 0x0D, 0x04, 0x10,
    0x20, 0x1E, 0x3F, 0x3F, 0x0C, 0x0B, 0x2B, 0x3B, 0x2D, 0x27, 0x26, 0x1D, 0x17, 0x26, 0x27, 0x26, 0x24, 0x17, 0x17, 0x24, 0x2B, 0x2F, 0x3F, 0x2D,
    0x14, 0x09, 0x0B, 0x0B, 0x14, 0x3C, 0x15, 0x35, 0x0D, 0x01, 0x0D, 0x1A, 0x2C, 0x2F, 0x2F, 0x16, 0x09, 0x17, 0x2B, 0x3C, 0x2F, 0x27, 0x24, 0x18,
    0x18, 0x24, 0x26, 0x18, 0x18, 0x24, 0x26, 0x2D, 0x3E, 0x3A, 0x1D, 0x12, 0x09, 0x09, 0x12, 0x2B, 0x3B, 0x0A, 0x20, 0x0E, 0x01, 0x08, 0x0E, 0x3F,
    0x2C, 0x2D, 0x25, 0x06, 0x14, 0x26, 0x2D, 0x3D, 0x2F, 0x2B, 0x26, 0x24, 0x26, 0x2F, 0x27, 0x26, 0x2B, 0x2D, 0x2F, 0x3A, 0x26, 0x12, 0x12, 0x0B,
    0x09, 0x17, 0x36, 0x39, 0x08, 0x19, 0x10, 0x01, 0x08, 0x08, 0x39, 0x37, 0x24, 0x26, 0x06, 0x11, 0x26, 0x24, 0x2F, 0x3D, 0x3A, 0x2D, 0x2D, 0x2F,
    0x3A, 0x3A, 0x2D, 0x2F, 0x3D, 0x3E, 0x27, 0x17, 0x0B, 0x12, 0x0B, 0x12, 0x36, 0x35, 0x39, 0x07, 0x0E, 0x10, 0x02, 0x05, 0x04, 0x38, 0x2C, 0x17,
    0x28, 0x0C, 0x09, 0x26, 0x17, 0x18, 0x2D, 0x3C, 0x3B, 0x3D, 0x3E, 0x3E, 0x3C, 0x3C, 0x3E, 0x3B, 0x2F, 0x18, 0x14, 0x09, 0x0B, 0x18, 0x36, 0x32,
    0x36, 0x3B, 0x07, 0x0D, 0x0E, 0x02, 0x04, 0x02, 0x33, 0x36, 0x2D, 0x26, 0x18, 0x09, 0x14, 0x18, 0x12, 0x1D, 0x2B, 0x3C, 0x3D, 0x3B, 0x3D, 0x3B,
    0x3E, 0x3A, 0x37, 0x26, 0x14, 0x11, 0x09, 0x1D, 0x35, 0x30, 0x38, 0x39, 0x2F, 0x05, 0x08, 0x0D, 0x01, 0x03, 0x0F, 0x32, 0x1F, 0x2F, 0x17, 0x24,
    0x11, 0x0B, 0x26, 0x12, 0x17, 0x26, 0x2F, 0x2D, 0x3A, 0x3A, 0x3B, 0x2F, 0x2B, 0x2D, 0x0B, 0x11, 0x18, 0x2A, 0x32, 0x1F, 0x33, 0x36, 0x2A, 0x2A,
    0x05, 0x08, 0x08, 0x08, 0x16, 0x23, 0x35, 0x1F, 0x19, 0x2D, 0x18, 0x24, 0x12, 0x26, 0x17, 0x12, 0x18, 0x2B, 0x2B, 0x2B, 0x3C, 0x2D, 0x27, 0x2D,
    0x14, 0x0B, 0x25, 0x36, 0x1F, 0x1F, 0x33, 0x36, 0x15, 0x1A, 0x1E, 0x03, 0x07, 0x08, 0x1E, 0x23, 0x22, 0x36, 0x32, 0x19, 0x19, 0x2C, 0x27, 0x24,
    0x24, 0x2B, 0x09, 0x11, 0x24, 0x27, 0x28, 0x2D, 0x24, 0x28, 0x2E, 0x25, 0x36, 0x31, 0x1F, 0x32, 0x35, 0x38, 0x15, 0x08, 0x1E, 0x1B, 0x02, 0x07,
    0x04, 0x05, 0x0E, 0x16, 0x38, 0x35, 0x1F, 0x19, 0x19, 0x29, 0x2C, 0x2D, 0x3F, 0x12, 0x09, 0x14, 0x2B, 0x27, 0x26, 0x27, 0x2C, 0x36, 0x30, 0x1F,
    0x30, 0x33, 0x33, 0x35, 0x10, 0x07, 0x08, 0x1E, 0x1A, 0x03, 0x05, 0x02, 0x02, 0x02, 0x03, 0x38, 0x30, 0x29, 0x32, 0x1F, 0x1F, 0x1F, 0x20, 0x36,
    0x2C, 0x1D, 0x25, 0x37, 0x2A, 0x36, 0x32, 0x30, 0x1F, 0x30, 0x33, 0x35, 0x33, 0x34, 0x10, 0x03, 0x05, 0x07, 0x37, 0x0F, 0x04, 0x05, 0x02, 0x03,
    0x02, 0x03, 0x20, 0x35, 0x1F, 0x1C, 0x33, 0x30, 0x1F, 0x1F, 0x1F, 0x31, 0x33, 0x35, 0x35, 0x32, 0x30, 0x30, 0x31, 0x33, 0x33, 0x32, 0x31, 0x34,
    0x10, 0x02, 0x03, 0x04, 0x1A, 0x3F, 0x0E, 0x05, 0x05, 0x02, 0x02, 0x01, 0x01, 0x0D, 0x31, 0x1F, 0x1F, 0x1F, 0x35, 0x35, 0x35, 0x35, 0x34, 0x31,
    0x32, 0x32, 0x34, 0x34, 0x35, 0x36, 0x35, 0x32, 0x31, 0x34, 0x10, 0x02, 0x02, 0x04, 0x1B, 0x39, 0x3B, 0x08, 0x05, 0x04, 0x02, 0x01, 0x08, 0x0D,
    0x02, 0x19, 0x1F, 0x30, 0x30, 0x32, 0x35, 0x35, 0x33, 0x33, 0x34, 0x31, 0x32, 0x34, 0x35, 0x35, 0x32, 0x31, 0x31, 0x34, 0x10, 0x03, 0x02, 0x05,
    0x1B, 0x38, 0x36, 0x3A, 0x07, 0x05, 0x03, 0x02, 0x01, 0x07, 0x30, 0x01, 0x08, 0x31, 0x30, 0x31, 0x31, 0x31, 0x32, 0x32, 0x31, 0x19, 0x31, 0x33,
    0x33, 0x33, 0x31, 0x31, 0x31, 0x34, 0x10, 0x03, 0x02, 0x08, 0x29, 0x35, 0x1F, 0x36, 0x2C, 0x05, 0x07, 0x03, 0x02, 0x03, 0x01, 0x0D, 0x01, 0x01,
    0x19, 0x34, 0x30, 0x30, 0x31, 0x30, 0x32, 0x30, 0x07, 0x32, 0x35, 0x33, 0x31, 0x31, 0x31, 0x34, 0x10, 0x02, 0x03, 0x10, 0x35, 0x34, 0x1F, 0x1F,
    0x36, 0x1E, 0x04, 0x07, 0x03, 0x03, 0x02, 0x02, 0x19, 0x02, 0x02, 0x05, 0x1F, 0x30, 0x31, 0x31, 0x31, 0x34, 0x10, 0x02, 0x1C, 0x34, 0x31, 0x31,
    0x31, 0x34, 0x0E, 0x01, 0x08, 0x1C, 0x34, 0x31, 0x1F, 0x1F, 0x31, 0x39, 0x1B, 0x03, 0x07, 0x03, 0x03, 0x02, 0x0D, 0x1C, 0x10, 0x01, 0x01, 0x08,
    0x34, 0x32, 0x32, 0x34, 0x32, 0x04, 0x01, 0x19, 0x34, 0x31, 0x34, 0x34, 0x0D, 0x02, 0x10, 0x32, 0x34, 0x31, 0x30, 0x1F, 0x30, 0x32, 0x39, 0x1A,
    0x03, 0x07, 0x03, 0x03, 0x04, 0x07, 0x03, 0x1F, 0x0D, 0x03, 0x02, 0x0E, 0x34, 0x31, 0x34, 0x10, 0x01, 0x03, 0x10, 0x34, 0x31, 0x1F, 0x0D, 0x0D,
    0x1C, 0x34, 0x31, 0x31, 0x31, 0x31, 0x30, 0x30, 0x32, 0x3B, 0x15, 0x04, 0x05, 0x03, 0x03, 0x04, 0x04, 0x04, 0x30, 0x30, 0x1C, 0x10, 0x08, 0x19,
    0x34, 0x33, 0x07, 0x02, 0x02, 0x0D, 0x34, 0x34, 0x1F, 0x1F, 0x34, 0x34, 0x32, 0x31, 0x31, 0x30, 0x31, 0x31, 0x31, 0x35, 0x3F, 0x0F, 0x05, 0x07,
    0x03, 0x04, 0x04, 0x05, 0x05,
};

static uint16_t pal_sprtlg13[] __attribute__((aligned(8))) = {
    0x0000, 0xFFFD, 0xF77B, 0xF6F5, 0xD6F7, 0xFE25, 0xFD9F, 0xC635, 0xB5B1, 0xFD17, 0xCD25, 0xE49B,
    0xD3D5, 0x9D2D, 0x8C67, 0x7BE3, 0xDACF, 0x9A8D, 0xD14B, 0x9989, 0x52EB, 0x5AD7, 0x69CD, 0x5907,
    0x4265, 0x31E3, 0x2957, 0x096F, 0x08E7, 0x00E7, 0x28CD, 0xD001, 0xC801, 0xB003, 0x8845, 0x5005,
    0x3047, 0x184B, 0x1801, 0x0067, 0x0029, 0x005B, 0x001B, 0x0013, 0x0007, 0x0001, 0x0001, 0x0027,
    0x0025, 0x0017, 0x0015, 0x0009, 0x0001, 0x0001, 0x0001,
};

static const uint8_t px_sprtlg13[] __attribute__((aligned(8))) = {
    0x0F, 0x0D, 0x08, 0x07, 0x04, 0x0D, 0x31, 0x30, 0x28, 0x30, 0x33, 0x35, 0x35, 0x30, 0x07, 0x10, 0x20, 0x20, 0x20, 0x20, 0x20, 0x1F, 0x20, 0x20,
    0x21, 0x05, 0x14, 0x2B, 0x2D, 0x33, 0x14, 0x03, 0x05, 0x0C, 0x1F, 0x1F, 0x1F, 0x1F, 0x1F, 0x10, 0x07, 0x30, 0x28, 0x04, 0x10, 0x1F, 0x30, 0x30,
    0x30, 0x30, 0x29, 0x32, 0x30, 0x1B, 0x2A, 0x34, 0x35, 0x34, 0x2E, 0x30, 0x04, 0x0B, 0x21, 0x20, 0x20, 0x20, 0x20, 0x20, 0x20, 0x1F, 0x20, 0x05,
    0x14, 0x33, 0x2D, 0x2B, 0x14, 0x05, 0x20, 0x1F, 0x20, 0x20, 0x1F, 0x1F, 0x20, 0x10, 0x02, 0x1C, 0x2F, 0x04, 0x10, 0x1F, 0x14, 0x1B, 0x1B, 0x1B,
    0x28, 0x28, 0x28, 0x2A, 0x35, 0x35, 0x34, 0x34, 0x2E, 0x30, 0x0D, 0x04, 0x03, 0x05, 0x0B, 0x10, 0x12, 0x21, 0x21, 0x1F, 0x1F, 0x03, 0x14, 0x33,
    0x2E, 0x2B, 0x14, 0x03, 0x1F, 0x1F, 0x1F, 0x1F, 0x20, 0x1F, 0x20, 0x12, 0x03, 0x02, 0x19, 0x08, 0x10, 0x20, 0x0D, 0x33, 0x32, 0x2A, 0x2A, 0x30,
    0x2B, 0x35, 0x34, 0x34, 0x35, 0x34, 0x36, 0x2A, 0x2F, 0x2A, 0x19, 0x14, 0x0D, 0x07, 0x02, 0x03, 0x0A, 0x10, 0x12, 0x05, 0x14, 0x33, 0x2D, 0x2B,
    0x14, 0x03, 0x1F, 0x20, 0x1F, 0x1F, 0x20, 0x20, 0x1F, 0x1F, 0x1F, 0x03, 0x18, 0x0D, 0x0B, 0x20, 0x15, 0x1E, 0x1E, 0x15, 0x1E, 0x34, 0x35, 0x34,
    0x34, 0x35, 0x34, 0x34, 0x35, 0x30, 0x28, 0x28, 0x28, 0x28, 0x30, 0x2A, 0x1C, 0x18, 0x0E, 0x07, 0x04, 0x01, 0x14, 0x2B, 0x2D, 0x2B, 0x14, 0x03,
    0x20, 0x20, 0x1F, 0x20, 0x20, 0x20, 0x1F, 0x1F, 0x1F, 0x05, 0x14, 0x0D, 0x0B, 0x1F, 0x0E, 0x0F, 0x0D, 0x07, 0x2C, 0x36, 0x34, 0x2D, 0x34, 0x34,
    0x35, 0x35, 0x35, 0x31, 0x30, 0x28, 0x28, 0x28, 0x28, 0x28, 0x28, 0x2F, 0x30, 0x30, 0x1C, 0x14, 0x19, 0x2B, 0x2D, 0x33, 0x1B, 0x03, 0x20, 0x20,
    0x1F, 0x20, 0x20, 0x20, 0x20, 0x1F, 0x20, 0x05, 0x14, 0x14, 0x03, 0x20, 0x26, 0x1E, 0x0E, 0x0D, 0x0F, 0x15, 0x2D, 0x36, 0x36, 0x35, 0x35, 0x34,
    0x34, 0x35, 0x34, 0x2C, 0x2B, 0x2A, 0x30, 0x28, 0x28, 0x28, 0x28, 0x28, 0x28, 0x30, 0x28, 0x2B, 0x35, 0x33, 0x1B, 0x04, 0x03, 0x06, 0x10, 0x20,
    0x20, 0x1F, 0x1F, 0x20, 0x21, 0x05, 0x0D, 0x29, 0x04, 0x0A, 0x2D, 0x2D, 0x25, 0x15, 0x0F, 0x0E, 0x08, 0x15, 0x33, 0x2C, 0x2D, 0x35, 0x35, 0x35,
    0x35, 0x35, 0x35, 0x35, 0x34, 0x2C, 0x2B, 0x2A, 0x28, 0x28, 0x28, 0x28, 0x28, 0x2C, 0x35, 0x2C, 0x2F, 0x1C, 0x18, 0x0D, 0x04, 0x02, 0x05, 0x0C,
    0x12, 0x21, 0x21, 0x0B, 0x0D, 0x2A, 0x19, 0x01, 0x13, 0x17, 0x17, 0x15, 0x08, 0x04, 0x0E, 0x0E, 0x1C, 0x2A, 0x29, 0x2B, 0x33, 0x2C, 0x2C, 0x34,
    0x35, 0x35, 0x35, 0x35, 0x35, 0x35, 0x2C, 0x33, 0x32, 0x28, 0x30, 0x34, 0x35, 0x2C, 0x28, 0x28, 0x2F, 0x2A, 0x2A, 0x18, 0x0D, 0x04, 0x02, 0x03,
    0x0C, 0x0A, 0x0D, 0x30, 0x30, 0x18, 0x24, 0x17, 0x23, 0x24, 0x26, 0x0F, 0x07, 0x19, 0x2A, 0x2A, 0x2A, 0x29, 0x2B, 0x29, 0x2A, 0x2B, 0x2B, 0x2C,
    0x2C, 0x2E, 0x2E, 0x34, 0x35, 0x36, 0x35, 0x2D, 0x2C, 0x34, 0x2E, 0x2C, 0x28, 0x28, 0x28, 0x28, 0x28, 0x28, 0x30, 0x30, 0x19, 0x0D, 0x04, 0x01,
    0x08, 0x28, 0x1B, 0x30, 0x34, 0x34, 0x26, 0x26, 0x24, 0x26, 0x15, 0x04, 0x18, 0x2A, 0x2A, 0x2A, 0x2A, 0x29, 0x29, 0x29, 0x31, 0x2A, 0x2A, 0x25,
    0x2C, 0x26, 0x2D, 0x2D, 0x34, 0x36, 0x35, 0x2E, 0x2E, 0x34, 0x2B, 0x2A, 0x28, 0x28, 0x28, 0x28, 0x28, 0x28, 0x28, 0x30, 0x2A, 0x19, 0x14, 0x28,
    0x30, 0x28, 0x17, 0x26, 0x34, 0x2D, 0x2E, 0x24, 0x24, 0x15, 0x04, 0x19, 0x32, 0x30, 0x30, 0x2A, 0x2A, 0x2A, 0x2A, 0x2A, 0x29, 0x29, 0x31, 0x2B,
    0x25, 0x24, 0x24, 0x26, 0x2E, 0x35, 0x34, 0x34, 0x35, 0x35, 0x2C, 0x2B, 0x2A, 0x28, 0x28, 0x28, 0x28, 0x28, 0x28, 0x30, 0x28, 0x2A, 0x2C, 0x30,
    0x26, 0x17, 0x26, 0x2D, 0x36, 0x2D, 0x26, 0x1E, 0x08, 0x08, 0x2A, 0x27, 0x27, 0x30, 0x2A, 0x30, 0x2A, 0x29, 0x2A, 0x29, 0x2A, 0x29, 0x32, 0x2B,
    0x25, 0x1E, 0x24, 0x24, 0x26, 0x36, 0x34, 0x34, 0x35, 0x35, 0x35, 0x33, 0x2B, 0x30, 0x28, 0x28, 0x28, 0x28, 0x28, 0x33, 0x36, 0x2B, 0x26, 0x2E,
    0x2D, 0x26, 0x24, 0x2C, 0x1A, 0x2E, 0x15, 0x01, 0x14, 0x2F, 0x27, 0x27, 0x30, 0x2A, 0x2A, 0x30, 0x30, 0x2A, 0x2A, 0x2A, 0x2A, 0x31, 0x31, 0x2B,
    0x2B, 0x25, 0x23, 0x23, 0x23, 0x26, 0x34, 0x34, 0x34, 0x35, 0x35, 0x34, 0x33, 0x31, 0x30, 0x28, 0x28, 0x2C, 0x2D, 0x2D, 0x2E, 0x34, 0x35, 0x36,
    0x17, 0x17, 0x1E, 0x15, 0x2D, 0x07, 0x0D, 0x30, 0x30, 0x30, 0x2A, 0x30, 0x30, 0x27, 0x27, 0x27, 0x2A, 0x2A, 0x2A, 0x2A, 0x31, 0x2B, 0x32, 0x31,
    0x32, 0x25, 0x23, 0x22, 0x22, 0x26, 0x2E, 0x34, 0x34, 0x2E, 0x35, 0x35, 0x2D, 0x2B, 0x2A, 0x2D, 0x34, 0x35, 0x24, 0x36, 0x35, 0x2D, 0x2E, 0x24,
    0x26, 0x15, 0x0F, 0x0D, 0x08, 0x14, 0x18, 0x19, 0x1C, 0x27, 0x30, 0x30, 0x2A, 0x2A, 0x2A, 0x2A, 0x2A, 0x29, 0x2A, 0x2A, 0x2A, 0x31, 0x32, 0x2B,
    0x2B, 0x25, 0x23, 0x21, 0x22, 0x26, 0x2E, 0x35, 0x2D, 0x2D, 0x35, 0x35, 0x35, 0x34, 0x36, 0x34, 0x26, 0x25, 0x2C, 0x2E, 0x2D, 0x2D, 0x34, 0x36,
    0x25, 0x1A, 0x15, 0x0F, 0x0D, 0x08, 0x07, 0x04, 0x07, 0x08, 0x0E, 0x18, 0x1A, 0x29, 0x2A, 0x31, 0x2A, 0x2A, 0x30, 0x2A, 0x31, 0x2B, 0x2B, 0x2B,
    0x2B, 0x25, 0x22, 0x21, 0x21, 0x23, 0x34, 0x34, 0x2E, 0x34, 0x34, 0x35, 0x35, 0x35, 0x15, 0x26, 0x23, 0x2C, 0x34, 0x1A, 0x1A, 0x0F, 0x0F, 0x15,
    0x15, 0x1E, 0x1E, 0x25, 0x1E, 0x1E, 0x1E, 0x15, 0x0F, 0x0D, 0x08, 0x08, 0x08, 0x0D, 0x14, 0x31, 0x32, 0x2A, 0x31, 0x2B, 0x31, 0x2B, 0x2B, 0x2B,
    0x33, 0x24, 0x21, 0x21, 0x22, 0x24, 0x34, 0x35, 0x2E, 0x35, 0x34, 0x34, 0x03, 0x15, 0x24, 0x23, 0x2C, 0x24, 0x12, 0x12, 0x10, 0x0B, 0x0B, 0x05,
    0x0B, 0x0B, 0x0A, 0x0E, 0x0F, 0x15, 0x1A, 0x25, 0x1E, 0x1E, 0x15, 0x15, 0x08, 0x04, 0x1A, 0x32, 0x2A, 0x2A, 0x2A, 0x2A, 0x2B, 0x2B, 0x33, 0x33,
    0x2C, 0x22, 0x21, 0x21, 0x22, 0x26, 0x34, 0x2E, 0x2E, 0x34, 0x04, 0x04, 0x15, 0x17, 0x21, 0x23, 0x24, 0x19, 0x1A, 0x17, 0x13, 0x13, 0x21, 0x1F,
    0x1F, 0x12, 0x10, 0x06, 0x03, 0x05, 0x0A, 0x0F, 0x15, 0x16, 0x26, 0x0F, 0x02, 0x19, 0x2A, 0x27, 0x30, 0x2A, 0x31, 0x2B, 0x33, 0x33, 0x33, 0x2C,
    0x23, 0x21, 0x20, 0x21, 0x23, 0x34, 0x34, 0x35, 0x0D, 0x01, 0x08, 0x07, 0x13, 0x12, 0x24, 0x29, 0x1B, 0x1B, 0x1B, 0x1B, 0x1D, 0x1D, 0x19, 0x19,
    0x1A, 0x16, 0x13, 0x16, 0x25, 0x1E, 0x24, 0x24, 0x17, 0x26, 0x0F, 0x01, 0x29, 0x2A, 0x2A, 0x2A, 0x2A, 0x32, 0x2B, 0x2B, 0x25, 0x33, 0x1E, 0x0B,
    0x0A, 0x0A, 0x12, 0x23, 0x34, 0x34, 0x15, 0x01, 0x07, 0x02, 0x04, 0x16, 0x12, 0x23, 0x29, 0x1B, 0x1B, 0x1B, 0x14, 0x14, 0x04, 0x14, 0x1B, 0x1B,
    0x1D, 0x2C, 0x2D, 0x1A, 0x2D, 0x36, 0x2C, 0x1E, 0x36, 0x0E, 0x07, 0x32, 0x2A, 0x2A, 0x2A, 0x31, 0x31, 0x2B, 0x33, 0x1A, 0x08, 0x15, 0x15, 0x15,
    0x08, 0x10, 0x22, 0x26, 0x1A, 0x02, 0x02, 0x04, 0x01, 0x04, 0x16, 0x10, 0x17, 0x1D, 0x1B, 0x1B, 0x14, 0x01, 0x01, 0x04, 0x14, 0x1B, 0x33, 0x24,
    0x1E, 0x25, 0x1E, 0x1E, 0x35, 0x2C, 0x2C, 0x2D, 0x07, 0x18, 0x2A, 0x30, 0x2A, 0x2A, 0x29, 0x2B, 0x1A, 0x07, 0x1A, 0x0C, 0x05, 0x0B, 0x15, 0x0A,
    0x20, 0x23, 0x15, 0x02, 0x01, 0x01, 0x01, 0x04, 0x07, 0x11, 0x10, 0x17, 0x1D, 0x1B, 0x14, 0x07, 0x02, 0x14, 0x1B, 0x29, 0x26, 0x22, 0x25, 0x24,
    0x0A, 0x02, 0x0F, 0x2D, 0x2D, 0x2D, 0x08, 0x18, 0x2A, 0x27, 0x2A, 0x2A, 0x31, 0x33, 0x08, 0x15, 0x0C, 0x06, 0x09, 0x06, 0x15, 0x0A, 0x21, 0x22,
    0x0F, 0x03, 0x02, 0x0D, 0x14, 0x14, 0x14, 0x08, 0x16, 0x10, 0x23, 0x29, 0x14, 0x1B, 0x14, 0x14, 0x1D, 0x33, 0x24, 0x13, 0x25, 0x16, 0x0C, 0x05,
    0x01, 0x08, 0x26, 0x2D, 0x04, 0x0D, 0x2A, 0x27, 0x2A, 0x29, 0x2B, 0x18, 0x0D, 0x16, 0x09, 0x09, 0x09, 0x11, 0x0F, 0x0C, 0x21, 0x21, 0x08, 0x04,
    0x01, 0x0F, 0x27, 0x1B, 0x1D, 0x0F, 0x04, 0x16, 0x10, 0x17, 0x1D, 0x1B, 0x1B, 0x1B, 0x1D, 0x2B, 0x22, 0x13, 0x2C, 0x11, 0x09, 0x09, 0x06, 0x01,
    0x07, 0x26, 0x1E, 0x01, 0x14, 0x32, 0x2A, 0x2A, 0x2B, 0x08, 0x15, 0x11, 0x10, 0x0C, 0x0C, 0x17, 0x08, 0x13, 0x21, 0x21, 0x02, 0x02, 0x01, 0x01,
    0x1A, 0x2A, 0x2A, 0x08, 0x01, 0x0F, 0x13, 0x10, 0x24, 0x1B, 0x1B, 0x1B, 0x29, 0x2B, 0x12, 0x16, 0x24, 0x0C, 0x09, 0x09, 0x09, 0x06, 0x01, 0x07,
    0x35, 0x15, 0x01, 0x19, 0x2A, 0x2A, 0x19, 0x0D, 0x1A, 0x11, 0x10, 0x11, 0x13, 0x15, 0x08, 0x22, 0x21, 0x21, 0x01, 0x02, 0x01, 0x04, 0x0F, 0x0D,
    0x0E, 0x0E, 0x11, 0x12, 0x12, 0x23, 0x2D, 0x1B, 0x1B, 0x1B, 0x31, 0x1E, 0x10, 0x1E, 0x13, 0x05, 0x05, 0x09, 0x09, 0x09, 0x06, 0x01, 0x0E, 0x36,
    0x0E, 0x07, 0x29, 0x31, 0x0D, 0x15, 0x15, 0x11, 0x13, 0x10, 0x17, 0x0F, 0x0F, 0x23, 0x20, 0x22, 0x01, 0x02, 0x02, 0x02, 0x01, 0x07, 0x0F, 0x13,
    0x12, 0x17, 0x2D, 0x33, 0x29, 0x1B, 0x1B, 0x1C, 0x2B, 0x22, 0x10, 0x24, 0x11, 0x09, 0x05, 0x05, 0x06, 0x09, 0x09, 0x06, 0x01, 0x1A, 0x2D, 0x02,
    0x18, 0x2B, 0x08, 0x15, 0x0F, 0x16, 0x13, 0x11, 0x26, 0x0E, 0x15, 0x34, 0x22, 0x22, 0x01, 0x02, 0x01, 0x07, 0x15, 0x11, 0x10, 0x17, 0x2E, 0x34,
    0x2B, 0x1B, 0x1B, 0x1B, 0x1B, 0x1D, 0x33, 0x12, 0x10, 0x24, 0x0C, 0x09, 0x09, 0x06, 0x05, 0x09, 0x09, 0x09, 0x03, 0x08, 0x36, 0x0E, 0x08, 0x1A,
    0x0D, 0x1A, 0x14, 0x1D, 0x25, 0x25, 0x24, 0x08, 0x0F, 0x0E, 0x0D, 0x0E, 0x01, 0x02, 0x0E, 0x13, 0x12, 0x13, 0x26, 0x34, 0x33, 0x29, 0x1D, 0x1B,
    0x1B, 0x1B, 0x1C, 0x29, 0x33, 0x13, 0x11, 0x17, 0x05, 0x05, 0x06, 0x09, 0x09, 0x06, 0x09, 0x09, 0x09, 0x03, 0x1E, 0x1E, 0x01, 0x04, 0x1E, 0x14,
    0x1B, 0x27, 0x2B, 0x24, 0x23, 0x15, 0x15, 0x15, 0x15, 0x15, 0x08, 0x16, 0x20, 0x21, 0x24, 0x36, 0x2C, 0x2B, 0x1D, 0x1D, 0x1D, 0x1B, 0x1B, 0x1D,
    0x1D, 0x29, 0x26, 0x12, 0x16, 0x17, 0x05, 0x03, 0x03, 0x05, 0x06, 0x09, 0x09, 0x09, 0x09, 0x05, 0x15, 0x34, 0x08, 0x1E, 0x15, 0x14, 0x29, 0x29,
    0x2B, 0x24, 0x24, 0x1E, 0x16, 0x0A, 0x0A, 0x06, 0x22, 0x20, 0x23, 0x36, 0x34, 0x33, 0x31, 0x29, 0x1D, 0x1D, 0x1D, 0x1C, 0x1D, 0x1D, 0x1C, 0x17,
    0x24, 0x12, 0x17, 0x16, 0x09, 0x05, 0x03, 0x03, 0x03, 0x05, 0x09, 0x09, 0x09, 0x06, 0x0E, 0x36, 0x2D, 0x15, 0x14, 0x1B, 0x1C, 0x33, 0x33, 0x33,
    0x1D, 0x15, 0x09, 0x09, 0x11, 0x09, 0x22, 0x2E, 0x36, 0x2C, 0x31, 0x1D, 0x1D, 0x29, 0x1D, 0x1D, 0x1D, 0x1D, 0x27, 0x1D, 0x1A, 0x22, 0x26, 0x1F,
    0x22, 0x11, 0x09, 0x09, 0x06, 0x05, 0x03, 0x0A, 0x16, 0x11, 0x11, 0x16, 0x1E, 0x16, 0x0D, 0x0D, 0x2A, 0x1B, 0x1B, 0x1C, 0x2B, 0x2B, 0x1C, 0x17,
    0x0C, 0x0C, 0x17, 0x10, 0x22, 0x17, 0x24, 0x2C, 0x33, 0x29, 0x27, 0x2B, 0x1D, 0x1D, 0x1D, 0x27, 0x29, 0x29, 0x13, 0x13, 0x25, 0x21, 0x22, 0x11,
    0x09, 0x09, 0x09, 0x09, 0x11, 0x1A, 0x0D, 0x0D, 0x0D, 0x1A, 0x14, 0x08, 0x14, 0x29, 0x2B, 0x1C, 0x1B, 0x1B, 0x2B, 0x2B, 0x29, 0x17, 0x13, 0x10,
    0x11, 0x24, 0x13, 0x20, 0x20, 0x12, 0x13, 0x17, 0x24, 0x2D, 0x33, 0x29, 0x1D, 0x29, 0x29, 0x29, 0x21, 0x22, 0x15, 0x24, 0x24, 0x11, 0x09, 0x09,
    0x0C, 0x16, 0x1E, 0x07, 0x02, 0x0A, 0x06, 0x0A, 0x1C, 0x1B, 0x14, 0x31, 0x33, 0x27, 0x1B, 0x1D, 0x2B, 0x2C, 0x33, 0x24, 0x23, 0x24, 0x24, 0x26,
    0x07, 0x0E, 0x15, 0x13, 0x13, 0x12, 0x10, 0x12, 0x13, 0x16, 0x1E, 0x2C, 0x33, 0x1E, 0x22, 0x22, 0x0F, 0x0E, 0x1E, 0x13, 0x09, 0x11, 0x15, 0x0A,
    0x05, 0x09, 0x06, 0x11, 0x11, 0x09, 0x1A, 0x1B, 0x1B, 0x31, 0x33, 0x29, 0x27, 0x32, 0x33, 0x2D, 0x15, 0x18, 0x25, 0x33, 0x34, 0x13, 0x01, 0x01,
    0x02, 0x02, 0x08, 0x0F, 0x15, 0x13, 0x13, 0x12, 0x10, 0x10, 0x11, 0x26, 0x23, 0x22, 0x0E, 0x07, 0x0F, 0x17, 0x09, 0x17, 0x0C, 0x09, 0x09, 0x09,
    0x09, 0x16, 0x16, 0x0C, 0x2B, 0x1D, 0x31, 0x2B, 0x33, 0x2B, 0x2B, 0x1A, 0x0E, 0x0A, 0x0F, 0x1B, 0x1C, 0x31, 0x23, 0x22, 0x01, 0x07, 0x14, 0x01,
    0x01, 0x02, 0x07, 0x0D, 0x08, 0x0E, 0x24, 0x12, 0x10, 0x2E, 0x23, 0x22, 0x0E, 0x08, 0x0D, 0x24, 0x10, 0x17, 0x13, 0x10, 0x10, 0x10, 0x11, 0x24,
    0x13, 0x17, 0x31, 0x31, 0x33, 0x2B, 0x2C, 0x1E, 0x0E, 0x05, 0x05, 0x06, 0x09, 0x1A, 0x1B, 0x1A, 0x21, 0x21, 0x04, 0x1B, 0x1B, 0x01, 0x01, 0x02,
    0x02, 0x08, 0x04, 0x0E, 0x12, 0x12, 0x2E, 0x2D, 0x24, 0x23, 0x0E, 0x07, 0x04, 0x1E, 0x23, 0x24, 0x26, 0x17, 0x17, 0x16, 0x24, 0x2D, 0x26, 0x33,
    0x2B, 0x2C, 0x34, 0x2C, 0x15, 0x05, 0x06, 0x09, 0x09, 0x09, 0x09, 0x16, 0x27, 0x17, 0x22, 0x23, 0x1B, 0x1B, 0x1B, 0x14, 0x0D, 0x04, 0x04, 0x08,
    0x0F, 0x13, 0x10, 0x26, 0x2C, 0x1E, 0x23, 0x23, 0x0F, 0x08, 0x04, 0x15, 0x2E, 0x17, 0x11, 0x11, 0x16, 0x11, 0x0C, 0x16, 0x2C, 0x33, 0x2D, 0x34,
    0x1E, 0x0B, 0x06, 0x0C, 0x0B, 0x0B, 0x09, 0x09, 0x11, 0x24, 0x33, 0x23, 0x23, 0x21, 0x1B, 0x1B, 0x1D, 0x27, 0x14, 0x07, 0x02, 0x0F, 0x13, 0x10,
    0x26, 0x36, 0x15, 0x15, 0x23, 0x22, 0x0F, 0x07, 0x0D, 0x0D, 0x26, 0x10, 0x09, 0x09, 0x09, 0x09, 0x0C, 0x0C, 0x17, 0x33, 0x34, 0x26, 0x11, 0x0C,
    0x09, 0x0B, 0x0C, 0x0C, 0x13, 0x17, 0x17, 0x24, 0x29, 0x1A, 0x1F, 0x1F,
};

static uint16_t pal_sprtlg14[] __attribute__((aligned(8))) = {
    0x0000, 0xFFFD, 0xF7BD, 0xF77B, 0xEF7B, 0xEF79, 0xEF37, 0xE739, 0xE737, 0xE6F7, 0xE6F5, 0xDEF7,
    0xD6B7, 0xD6B5, 0xD671, 0xCE73, 0xBE33, 0xC5EF, 0xC56B, 0xA575, 0x9CEF, 0x94A7, 0xB41F, 0x742F,
    0x6BA5, 0xC211, 0x72D7, 0x5B21, 0x5299, 0x3A5F, 0x31DF, 0x21A7, 0x318F, 0xB883, 0xB043, 0xB001,
    0xA801, 0x8843, 0x8801, 0x9801, 0x7001, 0x4845, 0x5001, 0x20CB, 0x2003, 0x0927, 0x0895, 0x081D,
    0x0803, 0x00EB, 0x00E5, 0x00A9, 0x00A3, 0x002D, 0x0029, 0x0063, 0x0023, 0x0059, 0x0017, 0x0017,
    0x000F, 0x0005, 0x0009, 0x0001,
};

static const uint8_t px_sprtlg14[] __attribute__((aligned(8))) = {
    0x18, 0x11, 0x0A, 0x01, 0x17, 0x1F, 0x0C, 0x17, 0x10, 0x01, 0x0E, 0x05, 0x1A, 0x3C, 0x39, 0x20, 0x03, 0x02, 0x0C, 0x1F, 0x2D, 0x2D, 0x32, 0x32,
    0x37, 0x17, 0x03, 0x1F, 0x34, 0x32, 0x32, 0x32, 0x37, 0x17, 0x01, 0x10, 0x1F, 0x37, 0x32, 0x1F, 0x0C, 0x05, 0x10, 0x17, 0x1F, 0x31, 0x32, 0x1F,
    0x04, 0x02, 0x0E, 0x05, 0x20, 0x3E, 0x34, 0x3A, 0x18, 0x01, 0x01, 0x13, 0x34, 0x32, 0x32, 0x34, 0x2D, 0x07, 0x01, 0x17, 0x34, 0x2D, 0x34, 0x34,
    0x13, 0x02, 0x17, 0x32, 0x37, 0x32, 0x2D, 0x1F, 0x15, 0x09, 0x17, 0x32, 0x32, 0x32, 0x1F, 0x04, 0x01, 0x03, 0x0E, 0x0A, 0x2B, 0x3C, 0x32, 0x2D,
    0x1F, 0x17, 0x04, 0x03, 0x17, 0x34, 0x32, 0x34, 0x17, 0x01, 0x03, 0x17, 0x37, 0x2D, 0x1F, 0x14, 0x13, 0x1F, 0x37, 0x32, 0x2D, 0x32, 0x2D, 0x2D,
    0x25, 0x0F, 0x01, 0x13, 0x34, 0x34, 0x34, 0x10, 0x01, 0x06, 0x11, 0x0E, 0x30, 0x3A, 0x31, 0x32, 0x2D, 0x2D, 0x1F, 0x17, 0x13, 0x17, 0x37, 0x34,
    0x10, 0x01, 0x03, 0x13, 0x37, 0x37, 0x1F, 0x1F, 0x38, 0x38, 0x32, 0x32, 0x32, 0x2D, 0x2D, 0x32, 0x21, 0x1A, 0x01, 0x13, 0x1F, 0x0C, 0x14, 0x17,
    0x02, 0x09, 0x0E, 0x0E, 0x30, 0x39, 0x31, 0x32, 0x32, 0x1F, 0x1F, 0x1F, 0x1F, 0x1E, 0x1F, 0x18, 0x01, 0x03, 0x05, 0x0F, 0x18, 0x18, 0x18, 0x17,
    0x17, 0x14, 0x1F, 0x34, 0x32, 0x2D, 0x2D, 0x2D, 0x21, 0x24, 0x15, 0x13, 0x10, 0x01, 0x03, 0x06, 0x07, 0x0A, 0x0A, 0x11, 0x3F, 0x39, 0x33, 0x32,
    0x32, 0x1F, 0x0B, 0x05, 0x0B, 0x08, 0x05, 0x05, 0x05, 0x03, 0x0A, 0x06, 0x01, 0x01, 0x01, 0x01, 0x08, 0x17, 0x2D, 0x2D, 0x32, 0x32, 0x32, 0x34,
    0x2C, 0x21, 0x25, 0x0B, 0x03, 0x09, 0x08, 0x06, 0x06, 0x0A, 0x0A, 0x15, 0x3F, 0x39, 0x2D, 0x32, 0x2D, 0x32, 0x1F, 0x0F, 0x01, 0x06, 0x03, 0x03,
    0x05, 0x05, 0x05, 0x03, 0x06, 0x08, 0x03, 0x13, 0x1F, 0x37, 0x32, 0x2D, 0x2D, 0x33, 0x32, 0x14, 0x3F, 0x25, 0x19, 0x1A, 0x04, 0x09, 0x08, 0x06,
    0x08, 0x0E, 0x0A, 0x15, 0x3F, 0x39, 0x2D, 0x2D, 0x32, 0x2D, 0x32, 0x2D, 0x13, 0x03, 0x09, 0x08, 0x05, 0x05, 0x06, 0x08, 0x08, 0x09, 0x17, 0x32,
    0x32, 0x2D, 0x32, 0x32, 0x32, 0x2D, 0x10, 0x01, 0x20, 0x3F, 0x19, 0x25, 0x15, 0x05, 0x0A, 0x08, 0x08, 0x0E, 0x09, 0x15, 0x30, 0x39, 0x32, 0x2D,
    0x2D, 0x2D, 0x2D, 0x34, 0x2F, 0x17, 0x05, 0x05, 0x06, 0x0A, 0x06, 0x06, 0x0B, 0x1D, 0x37, 0x32, 0x2D, 0x2D, 0x2D, 0x34, 0x1F, 0x0F, 0x03, 0x04,
    0x18, 0x3F, 0x2C, 0x21, 0x29, 0x0B, 0x06, 0x08, 0x09, 0x0E, 0x06, 0x18, 0x2B, 0x18, 0x37, 0x2D, 0x2D, 0x2D, 0x32, 0x2D, 0x37, 0x18, 0x01, 0x03,
    0x09, 0x0C, 0x03, 0x01, 0x0F, 0x34, 0x32, 0x32, 0x32, 0x32, 0x34, 0x1F, 0x0C, 0x05, 0x04, 0x12, 0x15, 0x30, 0x3F, 0x25, 0x21, 0x18, 0x02, 0x09,
    0x09, 0x11, 0x06, 0x1A, 0x2C, 0x11, 0x1B, 0x32, 0x2D, 0x32, 0x32, 0x32, 0x32, 0x10, 0x03, 0x09, 0x06, 0x06, 0x08, 0x02, 0x03, 0x1F, 0x32, 0x32,
    0x32, 0x37, 0x1F, 0x0C, 0x06, 0x04, 0x12, 0x22, 0x15, 0x2C, 0x30, 0x30, 0x19, 0x25, 0x10, 0x05, 0x0A, 0x11, 0x05, 0x1C, 0x2B, 0x12, 0x0A, 0x1D,
    0x32, 0x2D, 0x2D, 0x32, 0x1E, 0x04, 0x06, 0x03, 0x14, 0x14, 0x03, 0x08, 0x01, 0x18, 0x37, 0x2D, 0x34, 0x1F, 0x08, 0x06, 0x05, 0x12, 0x22, 0x24,
    0x15, 0x29, 0x2A, 0x3F, 0x28, 0x21, 0x1A, 0x03, 0x0D, 0x11, 0x06, 0x1C, 0x2C, 0x12, 0x0A, 0x09, 0x1F, 0x37, 0x32, 0x37, 0x17, 0x01, 0x05, 0x17,
    0x3A, 0x39, 0x14, 0x03, 0x03, 0x14, 0x37, 0x37, 0x1F, 0x0D, 0x0A, 0x09, 0x16, 0x26, 0x26, 0x26, 0x15, 0x29, 0x2A, 0x30, 0x3F, 0x21, 0x25, 0x11,
    0x0A, 0x12, 0x0E, 0x1C, 0x3F, 0x1A, 0x11, 0x0E, 0x11, 0x34, 0x2F, 0x34, 0x0B, 0x09, 0x1B, 0x2F, 0x39, 0x2F, 0x37, 0x17, 0x03, 0x10, 0x39, 0x1E,
    0x10, 0x0E, 0x0F, 0x16, 0x28, 0x28, 0x28, 0x1A, 0x15, 0x28, 0x28, 0x30, 0x30, 0x2A, 0x21, 0x1A, 0x0A, 0x15, 0x0E, 0x1C, 0x30, 0x28, 0x1A, 0x0D,
    0x0E, 0x11, 0x2F, 0x18, 0x10, 0x1F, 0x2F, 0x2F, 0x39, 0x34, 0x34, 0x37, 0x18, 0x0D, 0x1D, 0x11, 0x11, 0x0F, 0x16, 0x27, 0x24, 0x27, 0x19, 0x11,
    0x1A, 0x28, 0x28, 0x2B, 0x20, 0x3F, 0x21, 0x25, 0x11, 0x12, 0x0E, 0x1C, 0x30, 0x28, 0x2A, 0x16, 0x04, 0x03, 0x14, 0x1E, 0x34, 0x37, 0x34, 0x34,
    0x2F, 0x34, 0x34, 0x32, 0x37, 0x1B, 0x14, 0x0A, 0x08, 0x16, 0x24, 0x21, 0x23, 0x19, 0x0E, 0x11, 0x20, 0x27, 0x28, 0x20, 0x1A, 0x30, 0x2A, 0x23,
    0x1A, 0x15, 0x12, 0x20, 0x2C, 0x28, 0x28, 0x26, 0x12, 0x07, 0x0A, 0x18, 0x2F, 0x32, 0x32, 0x34, 0x2F, 0x34, 0x34, 0x37, 0x1F, 0x0F, 0x10, 0x04,
    0x16, 0x24, 0x22, 0x24, 0x19, 0x06, 0x0B, 0x16, 0x2B, 0x21, 0x2A, 0x20, 0x1A, 0x30, 0x3F, 0x23, 0x25, 0x15, 0x12, 0x20, 0x2C, 0x1A, 0x28, 0x28,
    0x25, 0x12, 0x08, 0x03, 0x17, 0x37, 0x32, 0x34, 0x2F, 0x34, 0x34, 0x1F, 0x0F, 0x06, 0x04, 0x16, 0x24, 0x21, 0x23, 0x19, 0x06, 0x07, 0x12, 0x25,
    0x2C, 0x21, 0x2C, 0x1A, 0x16, 0x2C, 0x30, 0x2A, 0x23, 0x1C, 0x12, 0x20, 0x30, 0x1A, 0x1A, 0x28, 0x26, 0x22, 0x0A, 0x04, 0x03, 0x1B, 0x2F, 0x34,
    0x34, 0x34, 0x34, 0x10, 0x06, 0x07, 0x16, 0x23, 0x22, 0x23, 0x19, 0x06, 0x04, 0x12, 0x22, 0x26, 0x2C, 0x21, 0x2C, 0x15, 0x15, 0x2C, 0x2C, 0x30,
    0x28, 0x29, 0x15, 0x20, 0x30, 0x28, 0x16, 0x19, 0x24, 0x24, 0x19, 0x09, 0x09, 0x0C, 0x1E, 0x37, 0x34, 0x34, 0x14, 0x05, 0x07, 0x12, 0x24, 0x22,
    0x23, 0x19, 0x09, 0x04, 0x0E, 0x21, 0x23, 0x28, 0x2A, 0x21, 0x30, 0x14, 0x15, 0x2C, 0x2A, 0x3F, 0x29, 0x28, 0x15, 0x20, 0x3F, 0x2A, 0x25, 0x0E,
    0x19, 0x24, 0x27, 0x19, 0x07, 0x05, 0x0C, 0x1F, 0x2F, 0x17, 0x06, 0x07, 0x12, 0x22, 0x23, 0x23, 0x19, 0x0A, 0x07, 0x0A, 0x19, 0x23, 0x24, 0x2A,
    0x26, 0x27, 0x30, 0x11, 0x18, 0x2A, 0x26, 0x30, 0x3E, 0x29, 0x16, 0x20, 0x3F, 0x2A, 0x27, 0x19, 0x0E, 0x22, 0x24, 0x24, 0x16, 0x02, 0x03, 0x14,
    0x1B, 0x09, 0x09, 0x0E, 0x22, 0x23, 0x23, 0x21, 0x0A, 0x04, 0x06, 0x19, 0x23, 0x21, 0x28, 0x2C, 0x25, 0x28, 0x2B, 0x09, 0x18, 0x2A, 0x27, 0x30,
    0x3E, 0x2B, 0x16, 0x20, 0x3F, 0x2C, 0x26, 0x24, 0x0E, 0x12, 0x23, 0x21, 0x23, 0x12, 0x08, 0x0A, 0x09, 0x08, 0x0A, 0x19, 0x23, 0x23, 0x22, 0x0E,
    0x07, 0x04, 0x16, 0x24, 0x24, 0x26, 0x2C, 0x28, 0x27, 0x29, 0x20, 0x01, 0x1B, 0x28, 0x26, 0x3D, 0x3D, 0x3C, 0x1A, 0x2B, 0x2C, 0x2C, 0x28, 0x23,
    0x19, 0x04, 0x16, 0x24, 0x24, 0x22, 0x0E, 0x07, 0x09, 0x05, 0x19, 0x24, 0x22, 0x23, 0x12, 0x07, 0x07, 0x16, 0x24, 0x23, 0x27, 0x2A, 0x26, 0x27,
    0x25, 0x2C, 0x1B, 0x03, 0x20, 0x26, 0x26, 0x3C, 0x3E, 0x3C, 0x1A, 0x2B, 0x2C, 0x2A, 0x2C, 0x27, 0x23, 0x16, 0x02, 0x19, 0x24, 0x23, 0x19, 0x06,
    0x04, 0x16, 0x24, 0x22, 0x24, 0x16, 0x07, 0x05, 0x12, 0x23, 0x23, 0x24, 0x28, 0x27, 0x23, 0x28, 0x29, 0x3D, 0x15, 0x0D, 0x20, 0x27, 0x28, 0x3C,
    0x3C, 0x3C, 0x20, 0x30, 0x2C, 0x28, 0x2A, 0x28, 0x21, 0x21, 0x0E, 0x0E, 0x22, 0x23, 0x24, 0x16, 0x0E, 0x22, 0x24, 0x24, 0x19, 0x07, 0x08, 0x0E,
    0x22, 0x23, 0x22, 0x26, 0x24, 0x21, 0x26, 0x2A, 0x2C, 0x3E, 0x11, 0x11, 0x2B, 0x24, 0x28, 0x3A, 0x3C, 0x3E, 0x2E, 0x30, 0x30, 0x28, 0x28, 0x2A,
    0x27, 0x23, 0x19, 0x02, 0x12, 0x24, 0x23, 0x24, 0x22, 0x24, 0x24, 0x22, 0x0A, 0x08, 0x0A, 0x19, 0x23, 0x22, 0x27, 0x24, 0x23, 0x26, 0x28, 0x2A,
    0x3D, 0x20, 0x0A, 0x14, 0x2C, 0x24, 0x28, 0x39, 0x3A, 0x3E, 0x2E, 0x30, 0x3E, 0x2B, 0x28, 0x26, 0x28, 0x23, 0x23, 0x12, 0x04, 0x16, 0x27, 0x22,
    0x24, 0x24, 0x27, 0x12, 0x08, 0x08, 0x19, 0x24, 0x23, 0x24, 0x23, 0x21, 0x27, 0x2A, 0x28, 0x29, 0x3E, 0x1C, 0x0D, 0x18, 0x2C, 0x25, 0x2A, 0x37,
    0x39, 0x3E, 0x2E, 0x30, 0x3D, 0x3A, 0x29, 0x27, 0x27, 0x26, 0x23, 0x19, 0x0A, 0x08, 0x19, 0x24, 0x22, 0x27, 0x16, 0x07, 0x07, 0x12, 0x23, 0x22,
    0x23, 0x23, 0x21, 0x24, 0x28, 0x28, 0x29, 0x3A, 0x2C, 0x30, 0x2B, 0x20, 0x2A, 0x28, 0x29, 0x37, 0x39, 0x3E, 0x2E, 0x3F, 0x3F, 0x3A, 0x2E, 0x28,
    0x23, 0x26, 0x27, 0x24, 0x16, 0x04, 0x0E, 0x22, 0x27, 0x19, 0x0A, 0x0C, 0x0E, 0x22, 0x23, 0x23, 0x27, 0x24, 0x24, 0x26, 0x28, 0x29, 0x3A, 0x3A,
    0x10, 0x15, 0x1C, 0x30, 0x3F, 0x2C, 0x2C, 0x34, 0x39, 0x3C, 0x1E, 0x3F, 0x3D, 0x3A, 0x39, 0x2B, 0x28, 0x24, 0x28, 0x27, 0x21, 0x0E, 0x04, 0x16,
    0x25, 0x0E, 0x0B, 0x0A, 0x19, 0x24, 0x24, 0x27, 0x24, 0x24, 0x28, 0x26, 0x29, 0x3B, 0x3A, 0x3C, 0x31, 0x17, 0x13, 0x10, 0x14, 0x1A, 0x20, 0x30,
    0x3F, 0x3F, 0x3C, 0x3F, 0x3F, 0x3C, 0x3A, 0x39, 0x29, 0x27, 0x23, 0x26, 0x26, 0x19, 0x0C, 0x0E, 0x12, 0x0E, 0x09, 0x16, 0x24, 0x26, 0x28, 0x24,
    0x21, 0x27, 0x28, 0x29, 0x3A, 0x3A, 0x3A, 0x3A, 0x31, 0x31, 0x31, 0x31, 0x17, 0x13, 0x13, 0x11, 0x15, 0x1A, 0x20, 0x30, 0x3F, 0x3F, 0x3F, 0x3E,
    0x3C, 0x2A, 0x26, 0x26, 0x2A, 0x28, 0x12, 0x02, 0x05, 0x06, 0x12, 0x25, 0x27, 0x27, 0x22, 0x24, 0x26, 0x28, 0x29, 0x2F, 0x2F, 0x39, 0x3A, 0x3C,
    0x35, 0x35, 0x36, 0x35, 0x35, 0x35, 0x31, 0x31, 0x17, 0x13, 0x13, 0x10, 0x14, 0x15, 0x1A, 0x20, 0x20, 0x2B, 0x30, 0x30, 0x30, 0x30, 0x2C, 0x1C,
    0x1C, 0x1C, 0x29, 0x2C, 0x2A, 0x28, 0x28, 0x2A, 0x2C, 0x2C, 0x3E, 0x3E, 0x3E, 0x3D, 0x3F, 0x3F, 0x2F, 0x36, 0x36, 0x38, 0x38, 0x38, 0x36, 0x35,
    0x35, 0x35, 0x31, 0x31, 0x1F, 0x17, 0x13, 0x13, 0x13, 0x10, 0x11, 0x14, 0x15, 0x18, 0x18, 0x1C, 0x1C, 0x20, 0x1C, 0x1C, 0x20, 0x20, 0x20, 0x20,
    0x1C, 0x1C, 0x1C, 0x1A, 0x1A, 0x15, 0x15, 0x11, 0x39, 0x36, 0x3B, 0x3E, 0x3E, 0x3E, 0x3C, 0x3C, 0x3A, 0x3B, 0x2F, 0x38, 0x35, 0x35, 0x35, 0x31,
    0x31, 0x31, 0x31, 0x17, 0x17, 0x17, 0x17, 0x13, 0x13, 0x13, 0x13, 0x13, 0x13, 0x13, 0x13, 0x13, 0x13, 0x13, 0x13, 0x13, 0x17, 0x17, 0x17, 0x1F,
    0x2F, 0x3E, 0x2B, 0x15, 0x11, 0x15, 0x18, 0x1C, 0x20, 0x2B, 0x3D, 0x3E, 0x37, 0x36, 0x2F, 0x3C, 0x3C, 0x3A, 0x3B, 0x2F, 0x38, 0x36, 0x35, 0x35,
    0x31, 0x31, 0x31, 0x31, 0x31, 0x31, 0x31, 0x31, 0x31, 0x31, 0x35, 0x35, 0x35, 0x35, 0x36, 0x38, 0x3E, 0x1C, 0x0B, 0x0B, 0x0D, 0x09, 0x09, 0x0C,
    0x0D, 0x0F, 0x0F, 0x1B, 0x3D, 0x37, 0x3B, 0x30, 0x1C, 0x1C, 0x20, 0x2B, 0x2B, 0x30, 0x3C, 0x36, 0x36, 0x36, 0x35, 0x2F, 0x3E, 0x3E, 0x3E, 0x3E,
    0x3E, 0x3E, 0x3E, 0x3C, 0x3D, 0x3D, 0x3D, 0x2B, 0x3E, 0x0C, 0x04, 0x0B, 0x08, 0x0C, 0x0F, 0x0C, 0x0B, 0x0D, 0x0D, 0x04, 0x1C, 0x3D, 0x3A, 0x20,
    0x04, 0x0C, 0x0D, 0x0F, 0x0B, 0x18, 0x3E, 0x36, 0x36, 0x36, 0x35, 0x3A, 0x1C, 0x15, 0x15, 0x15, 0x15, 0x14, 0x20, 0x3F, 0x20, 0x11, 0x11, 0x11,
    0x2B, 0x0C, 0x04, 0x03, 0x09, 0x20, 0x2B, 0x20, 0x18, 0x0B, 0x0C, 0x0D, 0x08, 0x2B, 0x3C, 0x3D, 0x18, 0x0D, 0x0F, 0x0D, 0x0F, 0x20, 0x3E, 0x36,
    0x36, 0x36, 0x35, 0x3A, 0x1C, 0x04, 0x0D, 0x0C, 0x0C, 0x0B, 0x20, 0x3F, 0x20, 0x0D, 0x0D, 0x0F, 0x2B, 0x02, 0x02, 0x01, 0x11, 0x3F, 0x3C, 0x3C,
    0x3F, 0x10, 0x01, 0x02, 0x02, 0x20, 0x3B, 0x3C, 0x1C, 0x04, 0x0C, 0x02, 0x18, 0x3F, 0x2F, 0x36, 0x36, 0x36, 0x36, 0x37, 0x3F, 0x18, 0x05, 0x0D,
    0x07, 0x1B, 0x3F, 0x3A, 0x3D, 0x1B, 0x05, 0x0D, 0x20, 0x01, 0x02, 0x01, 0x14, 0x3F, 0x38, 0x36, 0x3D, 0x1C, 0x18, 0x15, 0x14, 0x2B, 0x3B, 0x3C,
    0x1C, 0x01, 0x08, 0x02, 0x18, 0x3E, 0x36, 0x36, 0x36, 0x36, 0x36, 0x35, 0x3C, 0x1C, 0x02, 0x09, 0x02, 0x1B, 0x3E, 0x35, 0x3A, 0x1C, 0x02, 0x09,
    0x1C, 0x04, 0x0D, 0x02, 0x15, 0x3F, 0x38, 0x38, 0x3B, 0x3C, 0x3E, 0x3D, 0x3D, 0x3F, 0x3A, 0x3C, 0x1C, 0x01, 0x04, 0x01, 0x18, 0x3D, 0x36, 0x36,
    0x36, 0x36, 0x36, 0x35, 0x3A, 0x1C, 0x01, 0x07, 0x01, 0x18, 0x3D, 0x36, 0x3A, 0x1C, 0x01, 0x07, 0x18, 0x02, 0x0B, 0x02, 0x1B, 0x3D, 0x38, 0x38,
    0x3B, 0x3B, 0x2F, 0x2F, 0x2F, 0x3B, 0x2F, 0x3E, 0x1C, 0x01, 0x05, 0x01, 0x1B, 0x3E, 0x36, 0x36, 0x36, 0x36, 0x36, 0x35, 0x3A, 0x1C, 0x01, 0x05,
    0x01, 0x18, 0x3D, 0x36, 0x3B, 0x20, 0x02, 0x05, 0x15, 0x02, 0x08, 0x02, 0x1C, 0x3E, 0x35, 0x39, 0x30, 0x20, 0x2B, 0x3D, 0x3D, 0x3E, 0x38, 0x3C,
    0x1B, 0x07, 0x0F, 0x07, 0x1B, 0x3E, 0x35, 0x36, 0x36, 0x36, 0x36, 0x36, 0x3A, 0x1C, 0x04, 0x0C, 0x04, 0x18, 0x3D, 0x36, 0x3B, 0x20, 0x09, 0x0F,
    0x14, 0x03, 0x0B, 0x02, 0x1B, 0x3F, 0x3C, 0x3D, 0x20, 0x02, 0x0B, 0x0B, 0x15, 0x3D, 0x36, 0x3C, 0x1B, 0x04, 0x0D, 0x05, 0x1C, 0x3E, 0x35, 0x35,
    0x35, 0x36, 0x38, 0x36, 0x3C, 0x20, 0x07, 0x0D, 0x07, 0x15, 0x3D, 0x36, 0x2F, 0x20, 0x0B, 0x0F, 0x20, 0x0B, 0x0B, 0x0D, 0x0B, 0x11, 0x15, 0x18,
    0x11, 0x0B, 0x0D, 0x05, 0x15, 0x3D, 0x36, 0x3C, 0x1B, 0x04, 0x0C, 0x02, 0x1C, 0x3D, 0x2F, 0x3A, 0x3E, 0x3C, 0x3D, 0x3A, 0x3A, 0x20, 0x04, 0x08,
    0x02, 0x15, 0x3F, 0x2F, 0x3B, 0x2B, 0x07, 0x08, 0x3E, 0x20, 0x07, 0x0B, 0x0C, 0x0C, 0x0C, 0x0C, 0x0D, 0x0F, 0x0D, 0x04, 0x1B, 0x3D, 0x38, 0x3D,
    0x1B, 0x05, 0x0D, 0x04, 0x15, 0x20, 0x20, 0x2B, 0x18, 0x11, 0x1C, 0x3C, 0x3B, 0x20, 0x07, 0x0B, 0x03, 0x11, 0x2B, 0x3D, 0x2B, 0x1C, 0x05, 0x09,
    0x38, 0x3D, 0x20, 0x18, 0x15, 0x13, 0x10, 0x10, 0x0F, 0x0C, 0x0C, 0x1B, 0x3F, 0x3A, 0x3C, 0x20, 0x0F, 0x0F, 0x0F, 0x0F, 0x0D, 0x0C, 0x0B, 0x08,
    0x0B, 0x04, 0x1C, 0x3C, 0x3A, 0x2B, 0x0B, 0x0B, 0x0D, 0x0B, 0x0F, 0x11, 0x11, 0x0D, 0x0F, 0x0F, 0x35, 0x37, 0x3C, 0x3D, 0x3F, 0x3D, 0x3D, 0x2B,
    0x20, 0x1C, 0x2B, 0x3F, 0x39, 0x35, 0x3C, 0x15, 0x04, 0x0C, 0x0C, 0x0C, 0x0D, 0x0D, 0x0C, 0x0C, 0x0D, 0x07, 0x1C, 0x3E, 0x37, 0x3E, 0x20, 0x0F,
    0x0B, 0x0F, 0x0D, 0x0F, 0x0F, 0x0F, 0x10, 0x0B, 0x31, 0x31, 0x31, 0x31, 0x31, 0x33, 0x37, 0x3B, 0x3A, 0x3E, 0x3E, 0x2F, 0x38, 0x38, 0x3E, 0x30,
    0x2B, 0x20, 0x20, 0x1C, 0x1B, 0x18, 0x18, 0x18, 0x15, 0x14, 0x20, 0x3C, 0x35, 0x36, 0x3C, 0x2B, 0x15, 0x14, 0x15, 0x15, 0x15, 0x15, 0x15, 0x1C,
};

static uint16_t pal_sprtlg15[] __attribute__((aligned(8))) = {
    0x0000, 0xFFFD, 0xF7BB, 0xEF79, 0xE737, 0xE6F5, 0xDEF5, 0xD6B5, 0xDE6F, 0xCE31, 0xF59D, 0xFD15,
    0xBE33, 0xB5AF, 0xAD6B, 0xC499, 0x94A5, 0x8465, 0x7BDF, 0xC2CB, 0x7B17, 0xC9CD, 0x91CB, 0x6363,
    0x5B1D, 0x4A9B, 0x4A11, 0x5989, 0x398D, 0x195F, 0xD843, 0xB843, 0x9885, 0x9801, 0x7085, 0x4885,
    0x7001, 0x5001, 0x30C7, 0x2887, 0x108B, 0x1043, 0x3801, 0x2801, 0x1801, 0x0803, 0x00EB, 0x00A9,
    0x005D, 0x0055, 0x0029, 0x0015, 0x000D, 0x0005, 0x0005, 0x0003, 0x0003, 0x0001, 0x0001,
};

static const uint8_t px_sprtlg15[] __attribute__((aligned(8))) = {
    0x30, 0x2E, 0x31, 0x35, 0x29, 0x07, 0x0D, 0x0E, 0x01, 0x03, 0x12, 0x21, 0x1F, 0x24, 0x3A, 0x37, 0x34, 0x31, 0x30, 0x2E, 0x2E, 0x2E, 0x2E, 0x2E,
    0x2E, 0x2F, 0x1B, 0x2A, 0x1E, 0x22, 0x16, 0x0B, 0x0A, 0x05, 0x05, 0x05, 0x0A, 0x0B, 0x0B, 0x2E, 0x30, 0x34, 0x26, 0x26, 0x04, 0x09, 0x09, 0x09,
    0x16, 0x21, 0x24, 0x39, 0x3A, 0x35, 0x31, 0x30, 0x2E, 0x30, 0x2E, 0x2E, 0x2E, 0x2E, 0x30, 0x2F, 0x1D, 0x20, 0x2C, 0x1E, 0x24, 0x16, 0x0B, 0x0B,
    0x0A, 0x0A, 0x05, 0x10, 0x1B, 0x16, 0x30, 0x34, 0x12, 0x1A, 0x1C, 0x02, 0x08, 0x0D, 0x1B, 0x21, 0x1F, 0x20, 0x22, 0x2B, 0x35, 0x34, 0x30, 0x30,
    0x31, 0x2E, 0x2E, 0x2E, 0x30, 0x30, 0x30, 0x20, 0x20, 0x28, 0x20, 0x22, 0x16, 0x0B, 0x0B, 0x0B, 0x0B, 0x16, 0x1A, 0x0E, 0x0E, 0x33, 0x17, 0x0D,
    0x1C, 0x1A, 0x02, 0x07, 0x04, 0x04, 0x10, 0x16, 0x20, 0x1F, 0x1E, 0x15, 0x16, 0x1B, 0x26, 0x2D, 0x34, 0x30, 0x2E, 0x30, 0x30, 0x31, 0x1F, 0x20,
    0x1A, 0x27, 0x2A, 0x16, 0x0B, 0x0B, 0x0F, 0x14, 0x1C, 0x08, 0x02, 0x0A, 0x17, 0x07, 0x0D, 0x1C, 0x18, 0x03, 0x06, 0x02, 0x02, 0x01, 0x02, 0x07,
    0x10, 0x14, 0x16, 0x16, 0x15, 0x15, 0x15, 0x16, 0x16, 0x26, 0x35, 0x35, 0x26, 0x24, 0x21, 0x12, 0x10, 0x1C, 0x16, 0x0B, 0x13, 0x1A, 0x0F, 0x0A,
    0x0A, 0x0A, 0x13, 0x02, 0x07, 0x09, 0x29, 0x12, 0x04, 0x06, 0x02, 0x02, 0x02, 0x02, 0x01, 0x01, 0x02, 0x02, 0x0D, 0x12, 0x14, 0x16, 0x16, 0x15,
    0x15, 0x13, 0x16, 0x2B, 0x25, 0x24, 0x11, 0x09, 0x12, 0x22, 0x0B, 0x1B, 0x0F, 0x0B, 0x0B, 0x0B, 0x0B, 0x16, 0x03, 0x04, 0x1A, 0x3A, 0x10, 0x04,
    0x06, 0x01, 0x02, 0x01, 0x01, 0x01, 0x0C, 0x17, 0x01, 0x01, 0x03, 0x09, 0x0E, 0x0D, 0x10, 0x2A, 0x15, 0x15, 0x2D, 0x2A, 0x24, 0x10, 0x09, 0x0E,
    0x23, 0x13, 0x23, 0x16, 0x13, 0x13, 0x13, 0x13, 0x27, 0x04, 0x1A, 0x35, 0x3A, 0x0D, 0x04, 0x03, 0x01, 0x01, 0x0C, 0x0C, 0x06, 0x2E, 0x2E, 0x01,
    0x01, 0x02, 0x02, 0x0D, 0x07, 0x10, 0x15, 0x15, 0x39, 0x2D, 0x2A, 0x25, 0x10, 0x09, 0x06, 0x26, 0x23, 0x26, 0x2B, 0x23, 0x1B, 0x1B, 0x26, 0x39,
    0x1C, 0x33, 0x31, 0x39, 0x09, 0x06, 0x02, 0x02, 0x01, 0x0C, 0x2E, 0x2E, 0x2E, 0x2E, 0x11, 0x0E, 0x06, 0x07, 0x0D, 0x12, 0x20, 0x15, 0x2C, 0x29,
    0x1C, 0x25, 0x24, 0x11, 0x0D, 0x06, 0x18, 0x39, 0x1B, 0x13, 0x13, 0x16, 0x16, 0x0F, 0x16, 0x30, 0x2E, 0x31, 0x29, 0x07, 0x08, 0x03, 0x02, 0x02,
    0x01, 0x0C, 0x2E, 0x2E, 0x2F, 0x30, 0x17, 0x09, 0x02, 0x12, 0x16, 0x15, 0x2C, 0x3A, 0x1A, 0x1A, 0x25, 0x21, 0x12, 0x09, 0x0E, 0x0E, 0x2B, 0x13,
    0x0B, 0x0B, 0x0B, 0x0B, 0x0F, 0x0F, 0x2E, 0x2E, 0x34, 0x1C, 0x04, 0x08, 0x03, 0x02, 0x02, 0x01, 0x17, 0x2F, 0x2F, 0x1D, 0x0C, 0x01, 0x01, 0x12,
    0x16, 0x15, 0x2B, 0x37, 0x2B, 0x14, 0x12, 0x2A, 0x21, 0x14, 0x03, 0x18, 0x04, 0x26, 0x16, 0x0B, 0x0B, 0x0B, 0x0B, 0x0B, 0x0B, 0x2E, 0x2E, 0x35,
    0x1A, 0x03, 0x08, 0x03, 0x02, 0x01, 0x0C, 0x1D, 0x0E, 0x17, 0x2E, 0x04, 0x01, 0x10, 0x20, 0x15, 0x2A, 0x3A, 0x2A, 0x2A, 0x18, 0x0E, 0x2A, 0x1F,
    0x1A, 0x03, 0x1A, 0x0D, 0x10, 0x23, 0x0B, 0x0B, 0x0A, 0x0A, 0x0A, 0x0B, 0x2E, 0x30, 0x38, 0x18, 0x03, 0x09, 0x03, 0x03, 0x03, 0x07, 0x02, 0x02,
    0x02, 0x17, 0x06, 0x10, 0x22, 0x15, 0x2A, 0x3A, 0x2C, 0x25, 0x25, 0x18, 0x0D, 0x2A, 0x1E, 0x1A, 0x07, 0x18, 0x1A, 0x01, 0x1C, 0x16, 0x0B, 0x0B,
    0x08, 0x05, 0x05, 0x2E, 0x1D, 0x3A, 0x12, 0x03, 0x07, 0x03, 0x03, 0x04, 0x03, 0x04, 0x04, 0x04, 0x01, 0x0E, 0x22, 0x15, 0x25, 0x3A, 0x2B, 0x2A,
    0x25, 0x24, 0x18, 0x06, 0x27, 0x1E, 0x23, 0x0D, 0x0E, 0x3A, 0x0D, 0x0E, 0x2B, 0x0B, 0x0B, 0x0B, 0x0A, 0x08, 0x2E, 0x30, 0x3A, 0x10, 0x04, 0x07,
    0x03, 0x03, 0x04, 0x04, 0x04, 0x04, 0x03, 0x09, 0x1B, 0x15, 0x22, 0x3A, 0x39, 0x2A, 0x25, 0x24, 0x21, 0x18, 0x03, 0x1C, 0x1E, 0x22, 0x11, 0x05,
    0x29, 0x26, 0x04, 0x18, 0x1B, 0x0B, 0x0B, 0x0B, 0x0A, 0x2F, 0x19, 0x39, 0x0E, 0x06, 0x07, 0x04, 0x04, 0x04, 0x04, 0x04, 0x04, 0x09, 0x1B, 0x15,
    0x20, 0x3A, 0x29, 0x2D, 0x24, 0x20, 0x21, 0x1F, 0x1A, 0x02, 0x1A, 0x21, 0x21, 0x1A, 0x04, 0x18, 0x3A, 0x18, 0x02, 0x1C, 0x13, 0x0B, 0x0B, 0x0B,
    0x0E, 0x10, 0x39, 0x0D, 0x08, 0x07, 0x04, 0x04, 0x04, 0x04, 0x04, 0x03, 0x1A, 0x15, 0x20, 0x3A, 0x2C, 0x1A, 0x2D, 0x21, 0x20, 0x21, 0x1F, 0x1A,
    0x02, 0x18, 0x24, 0x21, 0x29, 0x0D, 0x0E, 0x2C, 0x2C, 0x18, 0x07, 0x1C, 0x13, 0x0B, 0x0B, 0x03, 0x12, 0x2D, 0x09, 0x08, 0x07, 0x04, 0x04, 0x04,
    0x05, 0x02, 0x14, 0x16, 0x15, 0x2D, 0x29, 0x26, 0x14, 0x39, 0x24, 0x21, 0x24, 0x1E, 0x1A, 0x02, 0x12, 0x2A, 0x20, 0x2B, 0x11, 0x04, 0x26, 0x2A,
    0x39, 0x18, 0x09, 0x1C, 0x0F, 0x0B, 0x06, 0x18, 0x29, 0x07, 0x09, 0x07, 0x04, 0x04, 0x04, 0x02, 0x10, 0x22, 0x15, 0x2A, 0x2D, 0x12, 0x1A, 0x12,
    0x2D, 0x24, 0x1F, 0x24, 0x1E, 0x1B, 0x06, 0x0D, 0x2B, 0x1F, 0x25, 0x1C, 0x04, 0x12, 0x2D, 0x23, 0x2B, 0x1C, 0x26, 0x26, 0x0F, 0x08, 0x26, 0x28,
    0x07, 0x0E, 0x06, 0x04, 0x06, 0x03, 0x09, 0x1B, 0x15, 0x24, 0x3A, 0x29, 0x10, 0x1A, 0x10, 0x29, 0x21, 0x1F, 0x25, 0x1E, 0x25, 0x0D, 0x04, 0x26,
    0x21, 0x24, 0x3A, 0x10, 0x09, 0x29, 0x2A, 0x23, 0x23, 0x16, 0x13, 0x0B, 0x20, 0x2B, 0x1C, 0x06, 0x10, 0x04, 0x04, 0x06, 0x03, 0x1A, 0x15, 0x20,
    0x3A, 0x2D, 0x26, 0x0D, 0x18, 0x09, 0x26, 0x21, 0x1F, 0x27, 0x1E, 0x24, 0x12, 0x01, 0x1A, 0x2A, 0x20, 0x39, 0x1C, 0x04, 0x12, 0x3A, 0x23, 0x16,
    0x13, 0x13, 0x13, 0x24, 0x2C, 0x1A, 0x04, 0x10, 0x05, 0x07, 0x02, 0x12, 0x16, 0x15, 0x39, 0x2C, 0x25, 0x26, 0x07, 0x12, 0x09, 0x1C, 0x24, 0x1F,
    0x2B, 0x1F, 0x21, 0x1A, 0x01, 0x10, 0x2C, 0x24, 0x2B, 0x3A, 0x0E, 0x0D, 0x26, 0x39, 0x1B, 0x16, 0x13, 0x13, 0x24, 0x39, 0x18, 0x06, 0x10, 0x07,
    0x07, 0x0D, 0x1B, 0x15, 0x2A, 0x39, 0x2B, 0x25, 0x29, 0x07, 0x10, 0x06, 0x1A, 0x25, 0x1F, 0x2B, 0x21, 0x1F, 0x1B, 0x07, 0x09, 0x29, 0x25, 0x25,
    0x35, 0x26, 0x28, 0x29, 0x29, 0x39, 0x23, 0x13, 0x13, 0x22, 0x29, 0x18, 0x09, 0x12, 0x08, 0x06, 0x1A, 0x15, 0x22, 0x3A, 0x2C, 0x2A, 0x24, 0x29,
    0x07, 0x0D, 0x06, 0x18, 0x2A, 0x1E, 0x2B, 0x24, 0x1E, 0x25, 0x0E, 0x03, 0x1A, 0x2A, 0x2A, 0x34, 0x37, 0x3A, 0x3A, 0x29, 0x2B, 0x39, 0x23, 0x16,
    0x10, 0x29, 0x12, 0x0E, 0x10, 0x07, 0x10, 0x16, 0x15, 0x2D, 0x1C, 0x29, 0x24, 0x21, 0x29, 0x07, 0x09, 0x06, 0x12, 0x2C, 0x1E, 0x2B, 0x2B, 0x1E,
    0x24, 0x18, 0x02, 0x0E, 0x3A, 0x36, 0x34, 0x35, 0x3A, 0x3A, 0x3A, 0x2B, 0x1B, 0x29, 0x29, 0x10, 0x2D, 0x12, 0x0E, 0x11, 0x09, 0x1B, 0x15, 0x25,
    0x2D, 0x18, 0x27, 0x21, 0x1F, 0x39, 0x09, 0x09, 0x06, 0x0E, 0x2C, 0x1E, 0x25, 0x2D, 0x1F, 0x1F, 0x1A, 0x0D, 0x0E, 0x1C, 0x3A, 0x35, 0x34, 0x39,
    0x39, 0x39, 0x3A, 0x2B, 0x1B, 0x23, 0x14, 0x39, 0x11, 0x10, 0x12, 0x12, 0x16, 0x20, 0x3A, 0x1C, 0x12, 0x26, 0x21, 0x1F, 0x2C, 0x0D, 0x07, 0x09,
    0x09, 0x2C, 0x1E, 0x21, 0x3A, 0x21, 0x1E, 0x23, 0x1C, 0x29, 0x28, 0x37, 0x36, 0x34, 0x35, 0x37, 0x35, 0x37, 0x3A, 0x29, 0x23, 0x25, 0x3A, 0x10,
    0x10, 0x12, 0x1B, 0x1E, 0x2A, 0x3A, 0x1C, 0x10, 0x1C, 0x21, 0x1F, 0x2C, 0x10, 0x04, 0x0D, 0x02, 0x1C, 0x1F, 0x1F, 0x37, 0x2A, 0x1E, 0x20, 0x37,
    0x35, 0x37, 0x35, 0x37, 0x36, 0x34, 0x35, 0x34, 0x36, 0x39, 0x3A, 0x2D, 0x25, 0x3A, 0x10, 0x10, 0x18, 0x20, 0x21, 0x37, 0x39, 0x1C, 0x09, 0x1A,
    0x21, 0x1E, 0x2B, 0x12, 0x07, 0x10, 0x01, 0x19, 0x24, 0x1F, 0x29, 0x35, 0x24, 0x22, 0x29, 0x35, 0x35, 0x34, 0x37, 0x3A, 0x36, 0x35, 0x35, 0x36,
    0x29, 0x18, 0x39, 0x25, 0x3A, 0x10, 0x12, 0x1A, 0x1E, 0x2B, 0x26, 0x29, 0x1C, 0x06, 0x18, 0x24, 0x1E, 0x2B, 0x1A, 0x07, 0x12, 0x02, 0x11, 0x25,
    0x1E, 0x2A, 0x33, 0x35, 0x34, 0x2D, 0x35, 0x33, 0x34, 0x3A, 0x3A, 0x35, 0x35, 0x35, 0x34, 0x2D, 0x0C, 0x0D, 0x2A, 0x3A, 0x10, 0x18, 0x22, 0x20,
    0x37, 0x18, 0x26, 0x26, 0x0D, 0x18, 0x25, 0x1E, 0x2A, 0x1C, 0x07, 0x18, 0x06, 0x09, 0x2A, 0x21, 0x2A, 0x34, 0x30, 0x33, 0x34, 0x34, 0x33, 0x36,
    0x3A, 0x37, 0x35, 0x35, 0x34, 0x33, 0x2D, 0x12, 0x1A, 0x2D, 0x3A, 0x11, 0x14, 0x1F, 0x25, 0x36, 0x10, 0x1A, 0x29, 0x0D, 0x18, 0x25, 0x1E, 0x24,
    0x28, 0x0D, 0x18, 0x10, 0x04, 0x26, 0x34, 0x34, 0x30, 0x30, 0x34, 0x35, 0x33, 0x34, 0x3A, 0x3A, 0x35, 0x34, 0x34, 0x33, 0x31, 0x3A, 0x0E, 0x1C,
    0x2A, 0x39, 0x11, 0x14, 0x21, 0x2D, 0x37, 0x0E, 0x14, 0x2C, 0x09, 0x10, 0x2B, 0x1E, 0x24, 0x3A, 0x11, 0x11, 0x12, 0x01, 0x18, 0x33, 0x30, 0x2F,
    0x30, 0x34, 0x34, 0x31, 0x34, 0x3A, 0x37, 0x34, 0x34, 0x34, 0x30, 0x31, 0x39, 0x10, 0x1A, 0x21, 0x39, 0x11, 0x16, 0x24, 0x3A, 0x39, 0x0D, 0x12,
    0x2C, 0x0E, 0x0E, 0x29, 0x21, 0x20, 0x3A, 0x1A, 0x0D, 0x1C, 0x0E, 0x10, 0x35, 0x33, 0x2F, 0x30, 0x34, 0x31, 0x30, 0x38, 0x3A, 0x38, 0x34, 0x34,
    0x33, 0x30, 0x33, 0x3A, 0x3A, 0x26, 0x25, 0x3A, 0x12, 0x16, 0x2C, 0x37, 0x37, 0x09, 0x0E, 0x39, 0x11, 0x09, 0x26, 0x24, 0x1F, 0x29, 0x35, 0x0E,
    0x1C, 0x35, 0x1C, 0x35, 0x34, 0x30, 0x33, 0x33, 0x30, 0x31, 0x39, 0x3A, 0x35, 0x34, 0x36, 0x35, 0x36, 0x29, 0x1A, 0x0E, 0x0C, 0x2A, 0x3A, 0x18,
    0x16, 0x37, 0x35, 0x38, 0x0D, 0x09, 0x3A, 0x18, 0x04, 0x1A, 0x25, 0x1E, 0x27, 0x35, 0x1A, 0x1A, 0x33, 0x30, 0x31, 0x35, 0x34, 0x34, 0x31, 0x30,
    0x35, 0x39, 0x35, 0x34, 0x3A, 0x3A, 0x26, 0x12, 0x0C, 0x0C, 0x17, 0x2E, 0x25, 0x39, 0x1C, 0x1B, 0x39, 0x28, 0x38, 0x10, 0x07, 0x3A, 0x1A, 0x01,
    0x11, 0x2B, 0x1E, 0x24, 0x33, 0x34, 0x28, 0x33, 0x30, 0x31, 0x37, 0x34, 0x33, 0x30, 0x31, 0x3A, 0x3A, 0x3A, 0x29, 0x18, 0x0E, 0x0C, 0x0C, 0x2E,
    0x2E, 0x2F, 0x32, 0x27, 0x37, 0x28, 0x1C, 0x39, 0x28, 0x35, 0x14, 0x07, 0x29, 0x26, 0x04, 0x09, 0x2C, 0x1F, 0x1F, 0x34, 0x30, 0x33, 0x30, 0x2F,
    0x30, 0x36, 0x34, 0x31, 0x34, 0x3A, 0x3A, 0x1C, 0x10, 0x0C, 0x0C, 0x17, 0x2E, 0x2F, 0x32, 0x32, 0x32, 0x32, 0x33, 0x37, 0x35, 0x1C, 0x2C, 0x31,
    0x28, 0x1A, 0x04, 0x1A, 0x36, 0x0D, 0x04, 0x1C, 0x2A, 0x25, 0x2C, 0x33, 0x33, 0x2F, 0x30, 0x33, 0x3A, 0x37, 0x37, 0x26, 0x12, 0x0D, 0x0C, 0x0E,
    0x2E, 0x2E, 0x2F, 0x32, 0x32, 0x32, 0x32, 0x32, 0x2F, 0x34, 0x3A, 0x35, 0x1C, 0x2B, 0x30, 0x27, 0x26, 0x07, 0x12, 0x36, 0x10, 0x02, 0x12, 0x35,
    0x30, 0x31, 0x30, 0x34, 0x33, 0x35, 0x3A, 0x26, 0x14, 0x0E, 0x0C, 0x0C, 0x2E, 0x2E, 0x2F, 0x32, 0x32, 0x32, 0x32, 0x32, 0x2F, 0x2E, 0x2E, 0x2E,
    0x35, 0x37, 0x36, 0x1C, 0x2A, 0x30, 0x27, 0x27, 0x0D, 0x10, 0x37, 0x18, 0x03, 0x14, 0x35, 0x34, 0x34, 0x38, 0x39, 0x26, 0x14, 0x0E, 0x0C, 0x0C,
    0x17, 0x2E, 0x2F, 0x32, 0x32, 0x32, 0x32, 0x32, 0x2E, 0x2E, 0x2E, 0x2E, 0x2E, 0x2F, 0x32, 0x34, 0x36, 0x37, 0x1D, 0x2A, 0x31, 0x1D, 0x2A, 0x0D,
    0x07, 0x35, 0x26, 0x1A, 0x3A, 0x3A, 0x29, 0x1A, 0x12, 0x0D, 0x0C, 0x0C, 0x17, 0x2E, 0x2F, 0x32, 0x32, 0x32, 0x32, 0x2F, 0x2E, 0x2E, 0x2E, 0x2E,
    0x2E, 0x2F, 0x30, 0x33, 0x34, 0x35,
};

static uint16_t pal_sprtlg16[] __attribute__((aligned(8))) = {
    0x0000, 0xF7BB, 0xE737, 0xDEB3, 0xC633, 0xCDA9, 0xD4DB, 0x94ED, 0x7C23, 0xB28B, 0x7319, 0x5B1F,
    0x5299, 0x42A1, 0x3A1B, 0x21E9, 0x39D1, 0xA883, 0x60C5, 0x294F, 0x3087, 0x1919, 0x18C7, 0x1049,
    0x1041, 0x00F1, 0x009D, 0x0027, 0x0009, 0x0027, 0x0017, 0x0003,
};

static const uint8_t px_sprtlg16[] __attribute__((aligned(8))) = {
    0x1B, 0x1F, 0x1F, 0x1F, 0x1F, 0x1F, 0x1F, 0x17, 0x0A, 0x04, 0x05, 0x0A, 0x0C, 0x07, 0x04, 0x0C, 0x07, 0x04, 0x07, 0x0A, 0x04, 0x10, 0x1F, 0x09,
    0x11, 0x11, 0x12, 0x16, 0x04, 0x10, 0x05, 0x05, 0x0C, 0x0C, 0x04, 0x17, 0x1C, 0x1C, 0x1C, 0x1E, 0x1E, 0x1E, 0x1E, 0x1A, 0x1E, 0x1A, 0x1A, 0x07,
    0x04, 0x08, 0x10, 0x10, 0x06, 0x06, 0x09, 0x11, 0x0C, 0x0F, 0x19, 0x19, 0x1B, 0x16, 0x12, 0x14, 0x08, 0x0C, 0x10, 0x08, 0x10, 0x1F, 0x18, 0x16,
    0x1A, 0x1E, 0x18, 0x1F, 0x18, 0x06, 0x12, 0x1F, 0x1F, 0x18, 0x12, 0x09, 0x12, 0x12, 0x09, 0x1C, 0x1F, 0x1F, 0x1F, 0x1F, 0x16, 0x08, 0x04, 0x05,
    0x08, 0x0A, 0x0A, 0x0A, 0x0A, 0x07, 0x04, 0x08, 0x0A, 0x0A, 0x0A, 0x03, 0x17, 0x18, 0x09, 0x11, 0x11, 0x14, 0x16, 0x07, 0x10, 0x06, 0x06, 0x05,
    0x10, 0x08, 0x07, 0x1C, 0x1C, 0x1C, 0x1C, 0x1E, 0x1E, 0x1E, 0x1E, 0x1E, 0x1E, 0x04, 0x08, 0x13, 0x10, 0x06, 0x06, 0x11, 0x11, 0x0D, 0x19, 0x19,
    0x19, 0x19, 0x19, 0x13, 0x09, 0x12, 0x04, 0x05, 0x0C, 0x0C, 0x05, 0x18, 0x1F, 0x16, 0x1E, 0x1B, 0x1C, 0x13, 0x1F, 0x1F, 0x06, 0x09, 0x1F, 0x1F,
    0x18, 0x12, 0x12, 0x12, 0x12, 0x18, 0x1F, 0x1F, 0x1F, 0x13, 0x08, 0x04, 0x07, 0x0A, 0x0C, 0x0A, 0x08, 0x08, 0x08, 0x08, 0x0A, 0x0A, 0x0A, 0x0A,
    0x0A, 0x08, 0x04, 0x1F, 0x12, 0x09, 0x11, 0x11, 0x18, 0x1F, 0x05, 0x10, 0x06, 0x06, 0x06, 0x06, 0x16, 0x04, 0x0E, 0x1C, 0x1C, 0x1E, 0x1E, 0x1E,
    0x1E, 0x1E, 0x1E, 0x08, 0x05, 0x14, 0x0A, 0x0E, 0x11, 0x0C, 0x1B, 0x0F, 0x04, 0x07, 0x0F, 0x19, 0x19, 0x13, 0x09, 0x12, 0x03, 0x01, 0x02, 0x0C,
    0x08, 0x07, 0x1F, 0x16, 0x1E, 0x1B, 0x1E, 0x10, 0x10, 0x1F, 0x1F, 0x09, 0x06, 0x14, 0x1F, 0x18, 0x14, 0x14, 0x12, 0x12, 0x12, 0x1F, 0x10, 0x07,
    0x04, 0x07, 0x0A, 0x0A, 0x0A, 0x08, 0x08, 0x08, 0x08, 0x08, 0x08, 0x08, 0x08, 0x08, 0x0A, 0x0A, 0x05, 0x07, 0x1F, 0x11, 0x09, 0x11, 0x11, 0x1F,
    0x1F, 0x08, 0x0A, 0x09, 0x06, 0x06, 0x06, 0x0A, 0x0A, 0x07, 0x1F, 0x1E, 0x1E, 0x1C, 0x1E, 0x1E, 0x1E, 0x1E, 0x04, 0x13, 0x14, 0x1E, 0x1E, 0x1C,
    0x19, 0x07, 0x02, 0x01, 0x04, 0x19, 0x19, 0x15, 0x09, 0x11, 0x04, 0x01, 0x01, 0x01, 0x0A, 0x03, 0x0A, 0x18, 0x13, 0x0F, 0x1A, 0x17, 0x08, 0x17,
    0x18, 0x18, 0x10, 0x06, 0x12, 0x14, 0x1F, 0x18, 0x14, 0x12, 0x12, 0x12, 0x05, 0x04, 0x07, 0x0A, 0x0A, 0x08, 0x08, 0x08, 0x08, 0x08, 0x08, 0x08,
    0x08, 0x08, 0x08, 0x08, 0x0A, 0x0A, 0x0A, 0x05, 0x08, 0x1F, 0x09, 0x11, 0x11, 0x11, 0x1F, 0x1F, 0x13, 0x07, 0x12, 0x06, 0x06, 0x06, 0x06, 0x13,
    0x04, 0x17, 0x1C, 0x1C, 0x1E, 0x1E, 0x1A, 0x1E, 0x1E, 0x07, 0x0A, 0x1F, 0x1E, 0x10, 0x13, 0x19, 0x0F, 0x01, 0x01, 0x07, 0x19, 0x1E, 0x09, 0x09,
    0x04, 0x07, 0x0F, 0x07, 0x04, 0x05, 0x01, 0x0C, 0x17, 0x0D, 0x07, 0x1E, 0x0A, 0x0A, 0x1F, 0x18, 0x18, 0x14, 0x05, 0x09, 0x14, 0x18, 0x1F, 0x18,
    0x14, 0x12, 0x12, 0x08, 0x0B, 0x0A, 0x08, 0x08, 0x08, 0x08, 0x08, 0x08, 0x08, 0x08, 0x08, 0x08, 0x08, 0x08, 0x08, 0x08, 0x08, 0x0A, 0x05, 0x0A,
    0x1F, 0x09, 0x11, 0x11, 0x11, 0x1F, 0x1F, 0x1F, 0x04, 0x10, 0x09, 0x06, 0x09, 0x09, 0x16, 0x04, 0x13, 0x1C, 0x1C, 0x1C, 0x1E, 0x1E, 0x1E, 0x1E,
    0x1A, 0x01, 0x13, 0x1C, 0x09, 0x13, 0x1B, 0x0F, 0x07, 0x0F, 0x0F, 0x1A, 0x09, 0x11, 0x05, 0x08, 0x19, 0x1B, 0x1A, 0x04, 0x01, 0x01, 0x0C, 0x13,
    0x07, 0x0F, 0x1E, 0x05, 0x10, 0x1F, 0x1F, 0x12, 0x12, 0x05, 0x09, 0x14, 0x12, 0x18, 0x1F, 0x18, 0x18, 0x18, 0x0A, 0x08, 0x08, 0x08, 0x08, 0x08,
    0x0A, 0x08, 0x08, 0x08, 0x08, 0x08, 0x08, 0x08, 0x08, 0x08, 0x08, 0x08, 0x0A, 0x05, 0x0C, 0x1F, 0x11, 0x11, 0x11, 0x12, 0x1F, 0x18, 0x1F, 0x0A,
    0x07, 0x14, 0x09, 0x12, 0x09, 0x0A, 0x07, 0x0B, 0x1F, 0x1C, 0x1C, 0x1E, 0x1E, 0x1E, 0x1E, 0x0B, 0x07, 0x18, 0x16, 0x09, 0x12, 0x1A, 0x19, 0x19,
    0x19, 0x1A, 0x0A, 0x11, 0x07, 0x01, 0x15, 0x1E, 0x1E, 0x07, 0x01, 0x01, 0x01, 0x0C, 0x0B, 0x04, 0x1A, 0x0B, 0x03, 0x18, 0x1E, 0x17, 0x12, 0x14,
    0x09, 0x06, 0x12, 0x12, 0x12, 0x18, 0x1F, 0x1F, 0x1F, 0x08, 0x08, 0x08, 0x08, 0x08, 0x02, 0x03, 0x08, 0x0A, 0x08, 0x08, 0x08, 0x08, 0x08, 0x08,
    0x08, 0x08, 0x08, 0x05, 0x02, 0x07, 0x08, 0x06, 0x09, 0x09, 0x12, 0x1F, 0x1F, 0x1F, 0x1F, 0x07, 0x13, 0x12, 0x09, 0x06, 0x06, 0x0A, 0x07, 0x1F,
    0x1C, 0x1E, 0x1E, 0x1E, 0x1E, 0x0E, 0x03, 0x18, 0x0C, 0x0C, 0x09, 0x15, 0x1C, 0x19, 0x19, 0x1B, 0x16, 0x09, 0x11, 0x0A, 0x05, 0x04, 0x08, 0x04,
    0x02, 0x01, 0x01, 0x01, 0x08, 0x05, 0x04, 0x1E, 0x03, 0x08, 0x1F, 0x1A, 0x1E, 0x18, 0x14, 0x12, 0x06, 0x09, 0x12, 0x09, 0x12, 0x14, 0x1F, 0x1F,
    0x08, 0x08, 0x08, 0x08, 0x07, 0x05, 0x0A, 0x02, 0x05, 0x08, 0x08, 0x08, 0x08, 0x08, 0x08, 0x08, 0x08, 0x02, 0x08, 0x0C, 0x0C, 0x0B, 0x0B, 0x0A,
    0x08, 0x07, 0x07, 0x08, 0x10, 0x16, 0x07, 0x0A, 0x09, 0x06, 0x06, 0x06, 0x13, 0x04, 0x16, 0x1C, 0x1E, 0x1E, 0x1E, 0x1E, 0x04, 0x10, 0x16, 0x01,
    0x10, 0x11, 0x15, 0x1C, 0x1B, 0x19, 0x19, 0x1E, 0x18, 0x11, 0x11, 0x11, 0x09, 0x07, 0x02, 0x01, 0x01, 0x02, 0x01, 0x05, 0x02, 0x07, 0x0D, 0x01,
    0x0C, 0x1F, 0x1A, 0x0F, 0x18, 0x12, 0x12, 0x09, 0x06, 0x14, 0x09, 0x12, 0x14, 0x18, 0x18, 0x08, 0x08, 0x08, 0x08, 0x07, 0x07, 0x1F, 0x16, 0x04,
    0x02, 0x08, 0x0A, 0x08, 0x08, 0x08, 0x08, 0x03, 0x0A, 0x0A, 0x05, 0x05, 0x05, 0x06, 0x08, 0x0A, 0x10, 0x10, 0x0C, 0x08, 0x08, 0x07, 0x16, 0x12,
    0x09, 0x06, 0x06, 0x0A, 0x08, 0x04, 0x1F, 0x1C, 0x1C, 0x1C, 0x0D, 0x05, 0x1F, 0x04, 0x03, 0x12, 0x12, 0x15, 0x1C, 0x1A, 0x19, 0x19, 0x1B, 0x1C,
    0x1F, 0x18, 0x12, 0x11, 0x11, 0x09, 0x0A, 0x04, 0x01, 0x01, 0x02, 0x02, 0x0B, 0x07, 0x02, 0x16, 0x1F, 0x1E, 0x0F, 0x0F, 0x18, 0x12, 0x12, 0x09,
    0x14, 0x12, 0x09, 0x12, 0x14, 0x14, 0x08, 0x08, 0x08, 0x08, 0x05, 0x07, 0x1F, 0x1F, 0x1F, 0x0A, 0x02, 0x04, 0x08, 0x08, 0x08, 0x07, 0x04, 0x10,
    0x06, 0x06, 0x06, 0x06, 0x06, 0x06, 0x05, 0x05, 0x0D, 0x0D, 0x15, 0x0C, 0x10, 0x18, 0x14, 0x09, 0x06, 0x06, 0x06, 0x16, 0x04, 0x0B, 0x1F, 0x1C,
    0x1C, 0x04, 0x0C, 0x10, 0x01, 0x06, 0x12, 0x12, 0x15, 0x17, 0x1E, 0x1B, 0x19, 0x19, 0x19, 0x1A, 0x1C, 0x1F, 0x1F, 0x14, 0x11, 0x11, 0x11, 0x0A,
    0x04, 0x01, 0x01, 0x08, 0x03, 0x03, 0x18, 0x1C, 0x1C, 0x1A, 0x07, 0x0D, 0x18, 0x14, 0x12, 0x12, 0x14, 0x06, 0x09, 0x12, 0x14, 0x08, 0x08, 0x08,
    0x08, 0x04, 0x08, 0x1F, 0x04, 0x0B, 0x1F, 0x18, 0x07, 0x02, 0x05, 0x08, 0x08, 0x02, 0x0C, 0x12, 0x09, 0x06, 0x06, 0x06, 0x09, 0x06, 0x06, 0x13,
    0x19, 0x0F, 0x07, 0x07, 0x1E, 0x1A, 0x15, 0x09, 0x06, 0x06, 0x06, 0x16, 0x04, 0x16, 0x1C, 0x15, 0x04, 0x18, 0x07, 0x03, 0x09, 0x09, 0x17, 0x13,
    0x12, 0x15, 0x1A, 0x19, 0x19, 0x19, 0x19, 0x1A, 0x1A, 0x1C, 0x1F, 0x1F, 0x18, 0x12, 0x11, 0x11, 0x0A, 0x04, 0x05, 0x02, 0x08, 0x18, 0x16, 0x1E,
    0x1E, 0x19, 0x07, 0x0F, 0x15, 0x18, 0x18, 0x1F, 0x09, 0x06, 0x09, 0x14, 0x08, 0x08, 0x08, 0x0B, 0x04, 0x08, 0x1F, 0x04, 0x01, 0x07, 0x17, 0x1F,
    0x0C, 0x03, 0x02, 0x08, 0x08, 0x02, 0x08, 0x10, 0x14, 0x14, 0x12, 0x09, 0x09, 0x09, 0x15, 0x1D, 0x1A, 0x1B, 0x0F, 0x0F, 0x19, 0x19, 0x0E, 0x09,
    0x06, 0x06, 0x10, 0x08, 0x08, 0x1F, 0x0E, 0x07, 0x1F, 0x03, 0x06, 0x06, 0x09, 0x1C, 0x17, 0x12, 0x12, 0x1A, 0x19, 0x1B, 0x19, 0x19, 0x1A, 0x1B,
    0x1B, 0x1E, 0x1C, 0x1F, 0x1F, 0x18, 0x11, 0x12, 0x14, 0x05, 0x01, 0x0C, 0x13, 0x08, 0x1E, 0x0F, 0x15, 0x1B, 0x19, 0x0F, 0x0F, 0x15, 0x17, 0x16,
    0x10, 0x14, 0x1F, 0x03, 0x02, 0x04, 0x07, 0x02, 0x0A, 0x1F, 0x04, 0x19, 0x07, 0x02, 0x08, 0x1F, 0x1F, 0x08, 0x02, 0x05, 0x08, 0x05, 0x03, 0x04,
    0x08, 0x10, 0x18, 0x14, 0x14, 0x1E, 0x1E, 0x1C, 0x1B, 0x1B, 0x0F, 0x1B, 0x1B, 0x10, 0x06, 0x06, 0x06, 0x0A, 0x0C, 0x07, 0x1F, 0x0C, 0x08, 0x18,
    0x03, 0x06, 0x06, 0x09, 0x1F, 0x14, 0x12, 0x11, 0x1C, 0x1B, 0x1A, 0x0F, 0x19, 0x1A, 0x1A, 0x19, 0x1B, 0x1E, 0x1C, 0x12, 0x11, 0x12, 0x0A, 0x03,
    0x02, 0x01, 0x10, 0x10, 0x03, 0x15, 0x1A, 0x0F, 0x0F, 0x1A, 0x19, 0x19, 0x19, 0x0F, 0x1B, 0x1A, 0x1E, 0x1E, 0x1F, 0x16, 0x0C, 0x0A, 0x05, 0x10,
    0x1C, 0x04, 0x19, 0x19, 0x0F, 0x02, 0x04, 0x15, 0x1F, 0x13, 0x04, 0x02, 0x08, 0x08, 0x07, 0x10, 0x04, 0x1C, 0x1C, 0x1F, 0x13, 0x16, 0x17, 0x1C,
    0x1E, 0x1E, 0x1E, 0x1E, 0x13, 0x06, 0x06, 0x06, 0x09, 0x10, 0x07, 0x1F, 0x0B, 0x08, 0x16, 0x03, 0x06, 0x06, 0x06, 0x09, 0x12, 0x12, 0x11, 0x14,
    0x1B, 0x1A, 0x1A, 0x19, 0x1A, 0x1E, 0x1A, 0x1C, 0x12, 0x11, 0x11, 0x09, 0x05, 0x01, 0x01, 0x03, 0x02, 0x16, 0x0A, 0x03, 0x07, 0x1B, 0x19, 0x0F,
    0x0F, 0x1E, 0x1A, 0x1A, 0x1A, 0x1A, 0x1B, 0x1B, 0x1A, 0x08, 0x10, 0x16, 0x1F, 0x1F, 0x1F, 0x17, 0x04, 0x19, 0x19, 0x19, 0x19, 0x07, 0x02, 0x08,
    0x1F, 0x1F, 0x0A, 0x02, 0x04, 0x05, 0x07, 0x10, 0x0B, 0x0F, 0x19, 0x0D, 0x06, 0x03, 0x05, 0x05, 0x08, 0x10, 0x1F, 0x1C, 0x09, 0x06, 0x06, 0x09,
    0x10, 0x07, 0x1F, 0x0C, 0x08, 0x16, 0x03, 0x09, 0x06, 0x06, 0x06, 0x12, 0x14, 0x11, 0x12, 0x1A, 0x1A, 0x1A, 0x19, 0x1E, 0x1C, 0x12, 0x11, 0x11,
    0x12, 0x07, 0x02, 0x01, 0x01, 0x02, 0x03, 0x04, 0x1F, 0x07, 0x02, 0x01, 0x0F, 0x0F, 0x19, 0x1B, 0x1A, 0x1A, 0x1A, 0x1A, 0x1A, 0x1B, 0x1B, 0x1A,
    0x04, 0x04, 0x04, 0x04, 0x04, 0x07, 0x07, 0x04, 0x19, 0x19, 0x1D, 0x19, 0x19, 0x0F, 0x02, 0x04, 0x15, 0x1F, 0x16, 0x07, 0x01, 0x07, 0x13, 0x07,
    0x19, 0x19, 0x13, 0x06, 0x06, 0x06, 0x06, 0x05, 0x03, 0x05, 0x0A, 0x10, 0x09, 0x09, 0x09, 0x10, 0x07, 0x1F, 0x13, 0x05, 0x17, 0x05, 0x09, 0x06,
    0x06, 0x06, 0x12, 0x16, 0x09, 0x14, 0x13, 0x1E, 0x1C, 0x17, 0x10, 0x09, 0x11, 0x12, 0x08, 0x02, 0x01, 0x01, 0x01, 0x01, 0x02, 0x02, 0x05, 0x1F,
    0x0A, 0x01, 0x01, 0x04, 0x1B, 0x0F, 0x1B, 0x1B, 0x1B, 0x1B, 0x1B, 0x1B, 0x0F, 0x1B, 0x1A, 0x19, 0x19, 0x19, 0x19, 0x07, 0x07, 0x04, 0x07, 0x19,
    0x1D, 0x1D, 0x1D, 0x1D, 0x19, 0x19, 0x07, 0x02, 0x08, 0x1C, 0x1F, 0x0A, 0x08, 0x1C, 0x1B, 0x19, 0x19, 0x10, 0x06, 0x06, 0x06, 0x06, 0x09, 0x06,
    0x06, 0x06, 0x05, 0x08, 0x10, 0x14, 0x0C, 0x08, 0x13, 0x04, 0x07, 0x1F, 0x0A, 0x09, 0x09, 0x06, 0x09, 0x12, 0x16, 0x09, 0x17, 0x14, 0x17, 0x0C,
    0x09, 0x11, 0x12, 0x07, 0x01, 0x07, 0x07, 0x01, 0x01, 0x01, 0x01, 0x03, 0x02, 0x08, 0x1F, 0x17, 0x04, 0x01, 0x01, 0x0B, 0x1B, 0x1B, 0x1B, 0x1B,
    0x1B, 0x1B, 0x0F, 0x04, 0x15, 0x1A, 0x1D, 0x1D, 0x19, 0x19, 0x19, 0x19, 0x19, 0x19, 0x19, 0x1D, 0x1D, 0x1D, 0x1D, 0x1D, 0x19, 0x19, 0x0F, 0x04,
    0x04, 0x0E, 0x17, 0x05, 0x17, 0x1A, 0x1E, 0x1E, 0x17, 0x09, 0x09, 0x06, 0x06, 0x09, 0x06, 0x06, 0x06, 0x06, 0x06, 0x05, 0x18, 0x0C, 0x03, 0x04,
    0x0C, 0x1F, 0x13, 0x08, 0x06, 0x09, 0x12, 0x14, 0x18, 0x18, 0x0A, 0x17, 0x1F, 0x06, 0x09, 0x10, 0x08, 0x04, 0x02, 0x01, 0x0D, 0x0F, 0x04, 0x07,
    0x04, 0x01, 0x03, 0x01, 0x0A, 0x1C, 0x1E, 0x10, 0x01, 0x01, 0x03, 0x0F, 0x1B, 0x1B, 0x1B, 0x1B, 0x1B, 0x07, 0x01, 0x0F, 0x1B, 0x1D, 0x1D, 0x1D,
    0x1D, 0x1D, 0x1D, 0x1D, 0x19, 0x19, 0x1D, 0x1D, 0x1D, 0x1D, 0x1D, 0x1D, 0x1D, 0x19, 0x19, 0x07, 0x02, 0x0D, 0x08, 0x0C, 0x0F, 0x19, 0x1E, 0x1E,
    0x18, 0x14, 0x12, 0x12, 0x12, 0x12, 0x09, 0x06, 0x09, 0x09, 0x06, 0x18, 0x08, 0x04, 0x18, 0x18, 0x07, 0x01, 0x03, 0x03, 0x06, 0x06, 0x06, 0x09,
    0x18, 0x0A, 0x14, 0x18, 0x11, 0x11, 0x0A, 0x03, 0x02, 0x04, 0x07, 0x0F, 0x19, 0x1B, 0x0F, 0x02, 0x01, 0x03, 0x02, 0x10, 0x1C, 0x1A, 0x1E, 0x0B,
    0x01, 0x01, 0x04, 0x1B, 0x1B, 0x1B, 0x1B, 0x0F, 0x02, 0x01, 0x08, 0x1B, 0x19, 0x1D, 0x1D, 0x1D, 0x1D, 0x1D, 0x1D, 0x1D, 0x1D, 0x1D, 0x1D, 0x1B,
    0x1B, 0x1D, 0x1D, 0x1B, 0x1D, 0x19, 0x19, 0x0F, 0x07, 0x07, 0x10, 0x0B, 0x19, 0x19, 0x0F, 0x06, 0x06, 0x06, 0x06, 0x0A, 0x12, 0x12, 0x14, 0x12,
    0x12, 0x12, 0x1F, 0x0A, 0x1F, 0x16, 0x02, 0x01, 0x01, 0x05, 0x06, 0x06, 0x06, 0x06, 0x09, 0x12, 0x0A, 0x12, 0x14, 0x1F, 0x09, 0x11, 0x07, 0x02,
    0x08, 0x1B, 0x1B, 0x1B, 0x0F, 0x01, 0x01, 0x01, 0x03, 0x03, 0x16, 0x1C, 0x1B, 0x1B, 0x0F, 0x07, 0x01, 0x01, 0x07, 0x1B, 0x1B, 0x1B, 0x07, 0x01,
    0x01, 0x07, 0x1B, 0x19, 0x1D, 0x1D, 0x1D, 0x1D, 0x1D, 0x1D, 0x1D, 0x1D, 0x1D, 0x1D, 0x1D, 0x1D, 0x1D, 0x1E, 0x1C, 0x1D, 0x1D, 0x1D, 0x19, 0x0F,
    0x04, 0x13, 0x0F, 0x19, 0x19, 0x15, 0x06, 0x06, 0x06, 0x06, 0x06, 0x06, 0x06, 0x06, 0x09, 0x12, 0x17, 0x1C, 0x18, 0x13, 0x02, 0x01, 0x03, 0x06,
    0x06, 0x06, 0x06, 0x06, 0x06, 0x09, 0x12, 0x09, 0x12, 0x12, 0x18, 0x18, 0x09, 0x12, 0x04, 0x01, 0x04, 0x1A, 0x1A, 0x1A, 0x04, 0x01, 0x02, 0x05,
    0x03, 0x16, 0x1E, 0x19, 0x1B, 0x0F, 0x1B, 0x0F, 0x08, 0x04, 0x0B, 0x1B, 0x1A, 0x04, 0x01, 0x01, 0x04, 0x1A, 0x19, 0x19, 0x1D, 0x1D, 0x1D, 0x1D,
    0x1D, 0x1B, 0x1A, 0x1B, 0x1D, 0x1D, 0x1D, 0x1E, 0x0A, 0x10, 0x1B, 0x1D, 0x1D, 0x1D, 0x19, 0x04, 0x16, 0x1E, 0x1A, 0x1B, 0x15, 0x09, 0x06, 0x06,
    0x06, 0x09, 0x06, 0x06, 0x06, 0x06, 0x09, 0x12, 0x1F, 0x1F, 0x07, 0x01, 0x03, 0x06, 0x06, 0x06, 0x06, 0x06, 0x06, 0x06, 0x06, 0x12, 0x09, 0x12,
    0x12, 0x14, 0x1F, 0x12, 0x11, 0x0A, 0x01, 0x07, 0x0F, 0x02, 0x07, 0x07, 0x01, 0x02, 0x03, 0x04, 0x1F, 0x1A, 0x19, 0x1B, 0x1B, 0x0F, 0x0F, 0x0F,
    0x0F, 0x0F, 0x0F, 0x0B, 0x01, 0x01, 0x02, 0x04, 0x0B, 0x0F, 0x19, 0x1D, 0x1D, 0x1D, 0x1D, 0x1D, 0x1E, 0x16, 0x13, 0x1E, 0x1A, 0x1E, 0x0C, 0x01,
    0x10, 0x1B, 0x1D, 0x1D, 0x1D, 0x1D, 0x07, 0x08, 0x1E, 0x0F, 0x1E, 0x1C, 0x14, 0x12, 0x12, 0x12, 0x12, 0x09, 0x09, 0x09, 0x09, 0x09, 0x18, 0x0E,
    0x13, 0x18, 0x10, 0x06, 0x06, 0x06, 0x06, 0x06, 0x06, 0x06, 0x05, 0x06, 0x12, 0x11, 0x12, 0x12, 0x12, 0x14, 0x1F, 0x11, 0x11, 0x07, 0x04, 0x04,
    0x01, 0x01, 0x02, 0x02, 0x02, 0x03, 0x05, 0x1F, 0x1A, 0x1B, 0x1B, 0x1B, 0x0F, 0x02, 0x02, 0x02, 0x02, 0x02, 0x01, 0x02, 0x01, 0x02, 0x02, 0x01,
    0x0D, 0x19, 0x19, 0x1D, 0x1D, 0x1D, 0x1D, 0x1B, 0x13, 0x04, 0x04, 0x0A, 0x0C, 0x01, 0x01, 0x10, 0x1B, 0x19, 0x1D, 0x1D, 0x1B, 0x0F, 0x04, 0x13,
    0x0F, 0x1B, 0x1A, 0x13, 0x09, 0x09, 0x0A, 0x12, 0x12, 0x12, 0x14, 0x14, 0x18, 0x1F, 0x0F, 0x0D, 0x10, 0x0A, 0x18, 0x06, 0x06, 0x06, 0x06, 0x06,
    0x05, 0x06, 0x06, 0x12, 0x11, 0x12, 0x12, 0x14, 0x14, 0x1F, 0x18, 0x11, 0x12, 0x02, 0x01, 0x02, 0x02, 0x02, 0x02, 0x03, 0x02, 0x07, 0x1F, 0x1A,
    0x1B, 0x1B, 0x1B, 0x1B, 0x0F, 0x04, 0x01, 0x02, 0x01, 0x01, 0x02, 0x01, 0x02, 0x01, 0x02, 0x17, 0x07, 0x19, 0x19, 0x1D, 0x1D, 0x1D, 0x1D, 0x1E,
    0x0C, 0x01, 0x01, 0x01, 0x01, 0x02, 0x0C, 0x1C, 0x1A, 0x1B, 0x1D, 0x1B, 0x0F, 0x05, 0x13, 0x0F, 0x19, 0x19, 0x0C, 0x06, 0x06, 0x06, 0x06, 0x06,
    0x06, 0x09, 0x09, 0x1F, 0x10, 0x0F, 0x0F, 0x10, 0x03, 0x07, 0x18, 0x06, 0x06, 0x06, 0x06, 0x06, 0x06, 0x06, 0x12, 0x14, 0x18, 0x12, 0x12, 0x14,
    0x18, 0x1F, 0x12, 0x09, 0x0A, 0x01, 0x02, 0x02, 0x02, 0x02, 0x03, 0x02, 0x08, 0x1F, 0x1A, 0x1B, 0x1B, 0x1B, 0x1B, 0x1B, 0x1B, 0x04, 0x01, 0x02,
    0x02, 0x02, 0x02, 0x02, 0x02, 0x02, 0x1F, 0x0E, 0x07, 0x19, 0x19, 0x1D, 0x1D, 0x1D, 0x1D, 0x1C, 0x08, 0x03, 0x01, 0x02, 0x01, 0x02, 0x08, 0x0C,
    0x17, 0x1E, 0x1B, 0x0F, 0x04, 0x1F, 0x1A, 0x1B, 0x1B, 0x13, 0x06, 0x06, 0x06, 0x09, 0x09, 0x09, 0x09, 0x14, 0x1F, 0x08, 0x1B, 0x0F, 0x0E, 0x09,
    0x03, 0x08, 0x18, 0x06, 0x06, 0x06, 0x06, 0x06, 0x06, 0x09, 0x14, 0x13, 0x14, 0x12, 0x12, 0x13, 0x10, 0x1F, 0x09, 0x11, 0x07, 0x01, 0x02, 0x02,
    0x02, 0x03, 0x02, 0x08, 0x1F, 0x1A, 0x1B, 0x1B, 0x1B, 0x1B, 0x1B, 0x1B, 0x1A, 0x07, 0x02, 0x02, 0x02, 0x02, 0x02, 0x02, 0x02, 0x08, 0x1F, 0x0B,
    0x19, 0x19, 0x1D, 0x1D, 0x1D, 0x1D, 0x1E, 0x08, 0x01, 0x04, 0x03, 0x03, 0x02, 0x02, 0x05, 0x10, 0x1F, 0x1A, 0x0F, 0x08, 0x1F, 0x1E, 0x1A, 0x1E,
    0x1C, 0x14, 0x12, 0x12, 0x14, 0x14, 0x18, 0x1C, 0x1F, 0x10, 0x07, 0x0D, 0x0F, 0x15, 0x09, 0x06, 0x05, 0x10, 0x12, 0x06, 0x06, 0x06, 0x06, 0x09,
    0x12, 0x14, 0x07, 0x13, 0x12, 0x12, 0x10, 0x08, 0x1F, 0x14, 0x11, 0x12, 0x02, 0x02, 0x02, 0x02, 0x03, 0x02, 0x08, 0x16, 0x08, 0x1A, 0x1B, 0x1B,
    0x1B, 0x1B, 0x1B, 0x1B, 0x0D, 0x01, 0x01, 0x02, 0x03, 0x01, 0x01, 0x04, 0x01, 0x13, 0x17, 0x07, 0x19, 0x19, 0x1D, 0x1D, 0x1A, 0x10, 0x02, 0x03,
    0x04, 0x04, 0x02, 0x08, 0x13, 0x1C, 0x1E, 0x1B, 0x1B, 0x07, 0x0C, 0x15, 0x0B, 0x1C, 0x1E, 0x1E, 0x1C, 0x1C, 0x1C, 0x1F, 0x1F, 0x1C, 0x1C, 0x13,
    0x0B, 0x0D, 0x01, 0x07, 0x15, 0x09, 0x06, 0x06, 0x06, 0x18, 0x09, 0x09, 0x09, 0x09, 0x09, 0x12, 0x10, 0x04, 0x10, 0x11, 0x12, 0x0A, 0x08, 0x18,
    0x1F, 0x11, 0x11, 0x0A, 0x01, 0x02, 0x02, 0x04, 0x02, 0x0A, 0x16, 0x05, 0x0D, 0x1B, 0x1B, 0x1B, 0x1B, 0x1B, 0x1B, 0x04, 0x01, 0x02, 0x02, 0x02,
    0x02, 0x01, 0x01, 0x07, 0x04, 0x18, 0x15, 0x0F, 0x19, 0x19, 0x1D, 0x13, 0x02, 0x03, 0x07, 0x07, 0x03, 0x02, 0x10, 0x1A, 0x1D, 0x1D, 0x1B, 0x1B,
    0x04, 0x16, 0x13, 0x0F, 0x08, 0x16, 0x1E, 0x1E, 0x1C, 0x1F, 0x1F, 0x1F, 0x1F, 0x10, 0x08, 0x17, 0x08, 0x04, 0x07, 0x0E, 0x09, 0x06, 0x06, 0x09,
    0x12, 0x12, 0x09, 0x09, 0x09, 0x09, 0x12, 0x0A, 0x05, 0x14, 0x12, 0x14, 0x08, 0x07, 0x14, 0x18, 0x18, 0x09, 0x12, 0x04, 0x01, 0x03, 0x05, 0x02,
    0x0A, 0x16, 0x05, 0x03, 0x0F, 0x1B, 0x1B, 0x1B, 0x1B, 0x0F, 0x01, 0x02, 0x01, 0x07, 0x07, 0x01, 0x02, 0x01, 0x0B, 0x02, 0x16, 0x17, 0x0F, 0x19,
    0x19, 0x1C, 0x0C, 0x0A, 0x13, 0x1C, 0x17, 0x07, 0x02, 0x10, 0x1A, 0x1D, 0x1B, 0x1B, 0x0F, 0x04, 0x14, 0x13, 0x07, 0x07, 0x0B, 0x0A, 0x13, 0x16,
    0x16, 0x16, 0x10, 0x0A, 0x0B, 0x1E, 0x1E, 0x15, 0x0D, 0x0B, 0x13, 0x09, 0x06, 0x06, 0x09, 0x12, 0x18, 0x09, 0x09, 0x09, 0x09, 0x14, 0x04, 0x08,
    0x18, 0x12, 0x14, 0x07, 0x07, 0x14, 0x14, 0x1F, 0x12, 0x11, 0x0A, 0x01, 0x03, 0x05, 0x02, 0x0C, 0x18, 0x05, 0x02, 0x02, 0x0F, 0x1A, 0x1B, 0x1A,
    0x07, 0x01, 0x02, 0x07, 0x1E, 0x1E, 0x07, 0x01, 0x01, 0x08, 0x04, 0x1F, 0x0D, 0x0F, 0x19, 0x1D, 0x1E, 0x1E, 0x1A, 0x1D, 0x1D, 0x1A, 0x16, 0x03,
    0x10, 0x1A, 0x1D, 0x1B, 0x1B, 0x07, 0x08, 0x12, 0x16, 0x04, 0x01, 0x0F, 0x0E, 0x0B, 0x0B, 0x08, 0x08, 0x0D, 0x15, 0x1E, 0x1E, 0x1E, 0x1E, 0x15,
    0x07, 0x14, 0x06, 0x06, 0x06, 0x06, 0x09, 0x18, 0x09, 0x09, 0x09, 0x12, 0x0A, 0x01, 0x10, 0x18, 0x12, 0x14, 0x04, 0x07, 0x12, 0x12, 0x18, 0x1F,
    0x11, 0x11, 0x04, 0x03, 0x05, 0x03, 0x0C, 0x1F, 0x12, 0x04, 0x03, 0x04, 0x15, 0x1A, 0x1A, 0x02, 0x02, 0x0D, 0x1A, 0x1E, 0x1A, 0x1A, 0x08, 0x01,
    0x04, 0x08, 0x1F, 0x07, 0x19, 0x19, 0x1D, 0x1D, 0x1D, 0x1D, 0x1D, 0x1D, 0x1D, 0x1E, 0x10, 0x10, 0x1A, 0x1D, 0x1B, 0x1B, 0x04, 0x10, 0x12, 0x18,
    0x0B, 0x04, 0x0F, 0x1E, 0x1E, 0x1E, 0x0B, 0x0D, 0x15, 0x15, 0x1E, 0x1E, 0x1E, 0x1E, 0x08, 0x0E, 0x12, 0x09, 0x06, 0x06, 0x06, 0x09, 0x18, 0x14,
    0x12, 0x12, 0x14, 0x05, 0x07, 0x18, 0x17, 0x10, 0x14, 0x01, 0x08, 0x12, 0x12, 0x18, 0x1F, 0x12, 0x11, 0x0A, 0x03, 0x05, 0x03, 0x0C, 0x18, 0x12,
    0x0A, 0x03, 0x03, 0x04, 0x1A, 0x08, 0x04, 0x0F, 0x1A, 0x1A, 0x1A, 0x1A, 0x1B, 0x1A, 0x0B, 0x02, 0x16, 0x13, 0x04, 0x19, 0x1D, 0x1D, 0x1D, 0x1D,
    0x1D, 0x1D, 0x1D, 0x1D, 0x1D, 0x1E, 0x1F, 0x1B, 0x1D, 0x1B, 0x0F, 0x07, 0x13, 0x12, 0x18, 0x16, 0x07, 0x19, 0x1E, 0x15, 0x08, 0x04, 0x03, 0x08,
    0x15, 0x1E, 0x1E, 0x1E, 0x08, 0x0A, 0x18, 0x09, 0x09, 0x09, 0x06, 0x06, 0x09, 0x18, 0x14, 0x12, 0x18, 0x16, 0x13, 0x13, 0x1F, 0x14, 0x12, 0x10,
    0x01, 0x0A, 0x12, 0x12, 0x16, 0x10, 0x1F, 0x11, 0x11, 0x04, 0x05, 0x03, 0x10, 0x18, 0x12, 0x12, 0x06, 0x01, 0x01, 0x07, 0x0D, 0x1A, 0x1A, 0x1A,
    0x1A, 0x1A, 0x1A, 0x1A, 0x1B, 0x1A, 0x05, 0x1F, 0x0D, 0x0F, 0x19, 0x1D, 0x1D, 0x1D, 0x1D, 0x1D, 0x1D, 0x1D, 0x1D, 0x1D, 0x1D, 0x1B, 0x1D, 0x1D,
    0x1B, 0x07, 0x08, 0x12, 0x12, 0x12, 0x18, 0x13, 0x07, 0x0E, 0x1E, 0x15, 0x07, 0x05, 0x0B, 0x1E, 0x1E, 0x15, 0x08, 0x0A, 0x1F, 0x09, 0x09, 0x09,
    0x09, 0x06, 0x06, 0x09, 0x18, 0x18, 0x14, 0x14, 0x12, 0x18, 0x1F, 0x1F, 0x12, 0x12, 0x0C, 0x02, 0x10, 0x11, 0x12, 0x13, 0x0A, 0x18, 0x14, 0x11,
    0x0A, 0x07, 0x05, 0x10, 0x18, 0x12, 0x12, 0x12, 0x05, 0x02, 0x03, 0x08, 0x1A, 0x1B, 0x1B, 0x1A, 0x1A, 0x1A, 0x1A, 0x1A, 0x0F, 0x03, 0x16, 0x1F,
    0x19, 0x19, 0x19, 0x1D, 0x1D, 0x1D, 0x1D, 0x1D, 0x1D, 0x1D, 0x1D, 0x1D, 0x1D, 0x1B, 0x1D, 0x1B, 0x04, 0x10, 0x11, 0x12, 0x0A, 0x18, 0x18, 0x13,
    0x08, 0x08, 0x0B, 0x0E, 0x15, 0x0B, 0x0B, 0x08, 0x07, 0x10, 0x18, 0x12, 0x09, 0x06, 0x09, 0x09, 0x09, 0x09, 0x09, 0x14, 0x14, 0x12, 0x09, 0x12,
    0x18, 0x1F, 0x18, 0x12, 0x14, 0x08, 0x03, 0x14, 0x11, 0x12, 0x10, 0x0A, 0x18, 0x1F, 0x11, 0x11, 0x08, 0x05, 0x10, 0x18, 0x0A, 0x12, 0x12, 0x12,
    0x05, 0x02, 0x01, 0x07, 0x1B, 0x1B, 0x1A, 0x1A, 0x1B, 0x1B, 0x0F, 0x04, 0x07, 0x03, 0x16, 0x1F, 0x19, 0x19, 0x19, 0x1D, 0x1D, 0x1D, 0x1D, 0x1D,
    0x1D, 0x1D, 0x1D, 0x1B, 0x1B, 0x1B, 0x0F, 0x07, 0x12, 0x11, 0x14, 0x0A, 0x18, 0x16, 0x09, 0x14, 0x13, 0x0C, 0x08, 0x08, 0x08, 0x0B, 0x10, 0x1F,
    0x14, 0x09, 0x09, 0x09, 0x09, 0x09, 0x09, 0x09, 0x09, 0x09, 0x18, 0x09, 0x09, 0x09, 0x14, 0x18, 0x12, 0x14, 0x12, 0x1F, 0x07, 0x07, 0x14, 0x11,
    0x18, 0x0A, 0x08, 0x18, 0x18, 0x12, 0x11, 0x0C, 0x05, 0x10, 0x18, 0x12, 0x0A, 0x12, 0x11, 0x11, 0x02, 0x01, 0x01, 0x0D, 0x1A, 0x1A, 0x1A, 0x1B,
    0x1A, 0x04, 0x02, 0x0C, 0x07, 0x03, 0x16, 0x1F, 0x19, 0x19, 0x19, 0x19, 0x1D, 0x1D, 0x1D, 0x1D, 0x1D, 0x1D, 0x1D, 0x1B, 0x1B, 0x04, 0x0C, 0x09,
    0x12, 0x18, 0x09, 0x12, 0x1F, 0x0A, 0x09, 0x14, 0x18, 0x1F, 0x1F, 0x18, 0x18, 0x12, 0x12, 0x12, 0x09, 0x09, 0x09, 0x09, 0x09, 0x09, 0x09, 0x09,
    0x12, 0x14, 0x09, 0x12, 0x14, 0x14, 0x09, 0x09, 0x18, 0x14, 0x1F, 0x07, 0x0A, 0x14, 0x11, 0x18, 0x08, 0x07, 0x14, 0x14, 0x1F, 0x12, 0x12, 0x07,
    0x10, 0x18, 0x12, 0x08, 0x09, 0x11, 0x11, 0x09, 0x02, 0x02, 0x03, 0x0F, 0x1A, 0x1A, 0x1A, 0x07, 0x02, 0x02, 0x0B, 0x0C, 0x07, 0x02, 0x16, 0x1F,
    0x19, 0x19, 0x19, 0x19, 0x1D, 0x1D, 0x1D, 0x1D, 0x1D, 0x1D, 0x1B, 0x0F, 0x07, 0x12, 0x11, 0x14, 0x16, 0x09, 0x12, 0x18, 0x18, 0x09, 0x09, 0x12,
    0x18, 0x1F, 0x12, 0x09, 0x09, 0x09, 0x12, 0x09, 0x09, 0x09, 0x09, 0x09, 0x09, 0x09, 0x12, 0x18, 0x12, 0x09, 0x12, 0x12, 0x12, 0x09, 0x18, 0x1F,
    0x1C, 0x18, 0x04, 0x10, 0x12, 0x11, 0x18, 0x07, 0x08, 0x14, 0x12, 0x1F, 0x14, 0x12, 0x08, 0x10, 0x1F, 0x12, 0x11, 0x03, 0x09, 0x11, 0x11, 0x09,
    0x02, 0x01, 0x02, 0x0F, 0x1A, 0x07, 0x02, 0x02, 0x05, 0x0B, 0x0B, 0x0C, 0x07, 0x02, 0x13, 0x1F, 0x0F, 0x19, 0x19, 0x19, 0x1D, 0x1B, 0x1D, 0x1D,
    0x1B, 0x1B, 0x04, 0x10, 0x11, 0x12, 0x10, 0x10, 0x11, 0x11, 0x14, 0x18, 0x16, 0x09, 0x12, 0x14, 0x18, 0x18, 0x09, 0x09, 0x09, 0x09, 0x12, 0x09,
    0x09, 0x09, 0x09, 0x09, 0x12, 0x18, 0x14, 0x12, 0x12, 0x09, 0x12, 0x14, 0x1F, 0x1F, 0x17, 0x1F, 0x13, 0x04, 0x17, 0x11, 0x11, 0x1F, 0x04, 0x08,
    0x14, 0x11, 0x18, 0x17, 0x12, 0x08, 0x10, 0x1F, 0x12, 0x11, 0x09, 0x03, 0x11, 0x11, 0x11, 0x06, 0x01, 0x01, 0x07, 0x0D, 0x02, 0x02, 0x03, 0x11,
    0x0C, 0x0B, 0x0B, 0x0C, 0x07, 0x02, 0x10, 0x1F, 0x1A, 0x19, 0x19, 0x19, 0x1D, 0x1D, 0x1D, 0x1B, 0x0F, 0x04, 0x12, 0x11, 0x14, 0x04, 0x10, 0x11,
    0x11, 0x18, 0x12, 0x1F, 0x16, 0x12, 0x09, 0x12, 0x1F, 0x14, 0x09, 0x09, 0x09, 0x12, 0x12, 0x09, 0x09, 0x09, 0x12, 0x18, 0x1F, 0x12, 0x12, 0x09,
    0x18, 0x1F, 0x16, 0x10, 0x14, 0x18, 0x1F, 0x0A, 0x07, 0x1F, 0x11, 0x12, 0x16, 0x02, 0x08, 0x12, 0x11, 0x18, 0x1C, 0x13, 0x0A, 0x13, 0x1F, 0x18,
    0x11, 0x11, 0x03, 0x05, 0x11, 0x11, 0x11, 0x05, 0x02, 0x03, 0x02, 0x02, 0x03, 0x09, 0x11, 0x0C, 0x0C, 0x0B, 0x0B, 0x0C, 0x08, 0x01, 0x0A, 0x1F,
    0x1A, 0x19, 0x19, 0x19, 0x1D, 0x1B, 0x1B, 0x1B, 0x04, 0x14, 0x14, 0x04, 0x04, 0x14, 0x11, 0x12, 0x10, 0x12, 0x10, 0x04, 0x08, 0x0C, 0x12, 0x14,
    0x1F, 0x14, 0x09, 0x09, 0x12, 0x18, 0x14, 0x14, 0x14, 0x18, 0x18, 0x12, 0x09, 0x09, 0x14, 0x1F, 0x0A, 0x07, 0x14, 0x1F, 0x1F, 0x18, 0x10, 0x10,
    0x17, 0x11, 0x14, 0x0E, 0x01, 0x0A, 0x12, 0x12, 0x1C, 0x1F, 0x1E, 0x0A, 0x13, 0x18, 0x14, 0x12, 0x11, 0x09, 0x01, 0x06, 0x11, 0x11, 0x11, 0x03,
    0x02, 0x02, 0x02, 0x09, 0x11, 0x11, 0x0C, 0x0C, 0x0C, 0x0B, 0x0B, 0x0C, 0x0B, 0x02, 0x08, 0x1F, 0x1C, 0x19, 0x19, 0x19, 0x1D, 0x1D, 0x1D, 0x04,
    0x0A, 0x04, 0x07, 0x07, 0x12, 0x11, 0x12, 0x08, 0x14, 0x04, 0x0F, 0x0F, 0x07, 0x07, 0x0B, 0x13, 0x1F, 0x1F, 0x14, 0x14, 0x18, 0x14, 0x14, 0x18,
    0x14, 0x12, 0x09, 0x09, 0x18, 0x1F, 0x07, 0x08, 0x17, 0x1C, 0x1C, 0x14, 0x12, 0x1F, 0x1C, 0x14, 0x11, 0x18, 0x0B, 0x01, 0x10, 0x11, 0x11, 0x1C,
    0x1C, 0x1C, 0x0A, 0x16, 0x18, 0x12, 0x14, 0x11, 0x11, 0x06, 0x01, 0x09, 0x11, 0x11, 0x09, 0x02, 0x01, 0x06, 0x11, 0x11, 0x11, 0x0C, 0x0C, 0x0C,
    0x0C, 0x0C, 0x0B, 0x0B, 0x0B, 0x02, 0x04, 0x18, 0x1F, 0x19, 0x19, 0x19, 0x19, 0x1D, 0x07, 0x07, 0x15, 0x08, 0x08, 0x12, 0x11, 0x10, 0x07, 0x07,
    0x07, 0x19, 0x1B, 0x1D, 0x19, 0x0F, 0x07, 0x07, 0x0B, 0x0C, 0x10, 0x13, 0x18, 0x1F, 0x18, 0x12, 0x09, 0x12, 0x1F, 0x13, 0x03, 0x0A, 0x1F, 0x1F,
    0x17, 0x18, 0x11, 0x18, 0x1F, 0x1C, 0x18, 0x12, 0x1C, 0x07, 0x03, 0x13, 0x11, 0x12, 0x1C, 0x1C, 0x1C, 0x10, 0x18, 0x18, 0x12, 0x12, 0x12, 0x11,
    0x11, 0x03, 0x03, 0x11, 0x11, 0x11, 0x06, 0x03, 0x11, 0x11, 0x11, 0x09, 0x0C, 0x0C, 0x0C, 0x0C, 0x0C, 0x0B, 0x0B, 0x0B, 0x0C, 0x04, 0x02, 0x10,
    0x1F, 0x1A, 0x19, 0x19, 0x19, 0x1D, 0x1A, 0x1B, 0x0F, 0x04, 0x12, 0x11, 0x15, 0x07, 0x07, 0x19, 0x1B, 0x1A, 0x1A, 0x1A, 0x1E, 0x1E, 0x19, 0x19,
    0x0F, 0x07, 0x07, 0x07, 0x08, 0x10, 0x16, 0x14, 0x16, 0x08, 0x07, 0x07, 0x04, 0x08, 0x13, 0x1F, 0x18, 0x11, 0x18, 0x1F, 0x1E, 0x1C, 0x18, 0x17,
    0x04, 0x04, 0x14, 0x11, 0x12, 0x1E, 0x1E, 0x1C, 0x15, 0x18, 0x18, 0x12, 0x12, 0x12, 0x11, 0x11, 0x09, 0x01, 0x05, 0x11, 0x11, 0x11, 0x11, 0x11,
    0x11, 0x11, 0x03, 0x0E, 0x0C, 0x0C, 0x0C, 0x0C, 0x0C, 0x0B, 0x0B, 0x0B, 0x0C, 0x07, 0x02, 0x0A, 0x1F, 0x1E, 0x19, 0x19, 0x19, 0x19, 0x1B, 0x1B,
    0x04, 0x10, 0x18, 0x0F, 0x04, 0x19, 0x1D, 0x1B, 0x1B, 0x1B, 0x1A, 0x18, 0x17, 0x1C, 0x1E, 0x1B, 0x1D, 0x19, 0x19, 0x0F, 0x07, 0x04, 0x08, 0x0B,
    0x0F, 0x1D, 0x19, 0x19, 0x07, 0x04, 0x07, 0x0C, 0x1F, 0x1F, 0x1F, 0x1E, 0x1A, 0x1F, 0x13, 0x03, 0x07, 0x18, 0x11, 0x12, 0x1A, 0x1E, 0x1C, 0x15,
    0x18, 0x1C, 0x14, 0x12, 0x11, 0x12, 0x11, 0x11, 0x05, 0x01, 0x06, 0x11, 0x11, 0x11, 0x11, 0x11, 0x05, 0x02, 0x10, 0x0E, 0x0E, 0x0C, 0x0C, 0x0C,
    0x0C, 0x0C, 0x0B, 0x0B, 0x0C, 0x0B, 0x02, 0x07, 0x18, 0x1F, 0x19, 0x19, 0x19, 0x1B, 0x1B, 0x07, 0x08, 0x1E, 0x04, 0x19, 0x19, 0x1A, 0x1B, 0x1B,
    0x1B, 0x1C, 0x0A, 0x03, 0x0A, 0x16, 0x1F, 0x1C, 0x1E, 0x1B, 0x1D, 0x19, 0x19, 0x19, 0x1B, 0x1B, 0x1B, 0x1A, 0x1B, 0x19, 0x19, 0x07, 0x04, 0x04,
    0x0A, 0x16, 0x1F, 0x1C, 0x1C, 0x0C, 0x03, 0x08, 0x18, 0x11, 0x12, 0x1A, 0x1E, 0x1C, 0x15, 0x1F, 0x1C, 0x1E, 0x12, 0x11, 0x11, 0x11, 0x11, 0x11,
    0x03, 0x02, 0x09, 0x11, 0x11, 0x11, 0x06, 0x02, 0x02, 0x10, 0x10, 0x0E, 0x0E, 0x0C, 0x0C, 0x0C, 0x0C, 0x0B, 0x0B, 0x0B, 0x0B, 0x0C, 0x04, 0x03,
    0x10, 0x1F, 0x1A, 0x19, 0x19, 0x19, 0x0F, 0x0B, 0x07, 0x07, 0x19, 0x1A, 0x1B, 0x1B, 0x1B, 0x1B, 0x1C, 0x08, 0x01, 0x02, 0x02, 0x07, 0x0C, 0x17,
    0x1C, 0x1C, 0x1A, 0x1D, 0x19, 0x19, 0x19, 0x19, 0x19, 0x1B, 0x1B, 0x1B, 0x1D, 0x19, 0x0F, 0x07, 0x04, 0x07, 0x0C, 0x16, 0x1F, 0x16, 0x10, 0x14,
    0x12, 0x14, 0x1B, 0x1E, 0x1C, 0x15, 0x1F, 0x1F, 0x1E, 0x1E, 0x12, 0x11, 0x11, 0x11, 0x11, 0x06, 0x01, 0x03, 0x11, 0x11, 0x09, 0x03, 0x03, 0x03,
    0x10, 0x10, 0x10, 0x0E, 0x0E, 0x0C, 0x0C, 0x0C, 0x0C, 0x0B, 0x0B, 0x0B, 0x0B, 0x0C, 0x08, 0x02, 0x08, 0x1F, 0x1C, 0x1B, 0x19, 0x1B, 0x0D, 0x07,
    0x19, 0x1B, 0x1B, 0x1B, 0x1B, 0x1B, 0x1B, 0x1E, 0x10, 0x01, 0x03, 0x02, 0x02, 0x01, 0x03, 0x08, 0x0C, 0x17, 0x1C, 0x1C, 0x1E, 0x1B, 0x19, 0x19,
    0x19, 0x19, 0x19, 0x1B, 0x1B, 0x1B, 0x19, 0x19, 0x07, 0x04, 0x04, 0x08, 0x10, 0x18, 0x1F, 0x18, 0x18, 0x1A, 0x1A, 0x1C, 0x15, 0x1F, 0x1F, 0x1E,
    0x1A, 0x17, 0x12, 0x11, 0x12, 0x11, 0x11, 0x03, 0x01, 0x06, 0x11, 0x03, 0x02, 0x02, 0x09, 0x10, 0x10, 0x10, 0x10, 0x0E, 0x0C, 0x0C, 0x0C, 0x0C,
    0x0C, 0x0C, 0x0B, 0x0B, 0x0B, 0x0B, 0x0B, 0x04, 0x04, 0x13, 0x1F, 0x1E, 0x0F, 0x07, 0x19, 0x1D, 0x1A, 0x1B, 0x1B, 0x1B, 0x1B, 0x1B, 0x1C, 0x08,
    0x01, 0x02, 0x01, 0x02, 0x01, 0x02, 0x01, 0x01, 0x04, 0x16, 0x17, 0x13, 0x1F, 0x1C, 0x1E, 0x1A, 0x1B, 0x19, 0x19, 0x19, 0x19, 0x19, 0x19, 0x19,
    0x19, 0x19, 0x07, 0x04, 0x04, 0x07, 0x0A, 0x13, 0x1F, 0x1F, 0x1F, 0x1C, 0x1F, 0x1F, 0x1C, 0x1E, 0x1E, 0x14, 0x11, 0x11, 0x12, 0x12, 0x09, 0x03,
    0x04, 0x05, 0x03, 0x02, 0x06, 0x11, 0x10, 0x10, 0x10, 0x10, 0x10, 0x0E, 0x0E, 0x0C, 0x0C, 0x0C, 0x0C, 0x0C, 0x0C, 0x0B, 0x0B, 0x0B, 0x0C, 0x07,
    0x01, 0x13, 0x1F, 0x07, 0x0F, 0x19, 0x1B, 0x1B, 0x1A, 0x1B, 0x1B, 0x1B, 0x1A, 0x17, 0x02, 0x01, 0x01, 0x04, 0x10, 0x08, 0x04, 0x02, 0x02, 0x04,
    0x1F, 0x0B, 0x01, 0x05, 0x08, 0x10, 0x16, 0x1C, 0x1E, 0x1E, 0x1A, 0x1D, 0x19, 0x19, 0x19, 0x19, 0x19, 0x19, 0x19, 0x19, 0x0F, 0x07, 0x04, 0x04,
    0x08, 0x0A, 0x13, 0x18, 0x1F, 0x1F, 0x1F, 0x1C, 0x1C, 0x14, 0x11, 0x12, 0x12, 0x12, 0x05, 0x01, 0x01, 0x02, 0x05, 0x11, 0x11, 0x13, 0x10, 0x10,
    0x10, 0x10, 0x10, 0x10, 0x0E, 0x0C, 0x0C, 0x0C, 0x0C, 0x0C, 0x0C, 0x0B, 0x0B, 0x0C, 0x04, 0x07, 0x1F, 0x08, 0x07, 0x19, 0x1D, 0x1D, 0x1B, 0x1B,
    0x1B, 0x1B, 0x1B, 0x1E, 0x0C, 0x01, 0x01, 0x01, 0x0C, 0x1F, 0x1F, 0x1F, 0x07, 0x01, 0x08, 0x1F, 0x13, 0x04, 0x02, 0x02, 0x02, 0x02, 0x13, 0x1F,
    0x16, 0x17, 0x1C, 0x1C, 0x1E, 0x1E, 0x1B, 0x1D, 0x1D, 0x1D, 0x1D, 0x19, 0x19, 0x19, 0x19, 0x07, 0x07, 0x04, 0x04, 0x07, 0x08, 0x0A, 0x10, 0x13,
    0x16, 0x18, 0x18, 0x18, 0x18, 0x14, 0x0C, 0x0C, 0x0C, 0x14, 0x14, 0x14, 0x13, 0x13, 0x13, 0x10, 0x10, 0x10, 0x10, 0x10, 0x0E, 0x0C, 0x0C, 0x0C,
    0x0C, 0x0C, 0x0B, 0x0C, 0x08, 0x03, 0x1F, 0x0E, 0x07, 0x19, 0x1D, 0x1B, 0x1D, 0x1D, 0x1B, 0x1B, 0x1B, 0x1B, 0x1C, 0x07, 0x01, 0x02, 0x01, 0x04,
    0x08, 0x10, 0x17, 0x1F, 0x0B, 0x13, 0x1C, 0x1C, 0x10, 0x01, 0x03, 0x02, 0x04, 0x17, 0x1F, 0x07, 0x03, 0x07, 0x0A, 0x10, 0x16, 0x1C, 0x1E, 0x1D,
    0x1D, 0x1B, 0x1A, 0x1B, 0x1B, 0x1D, 0x19, 0x19, 0x19, 0x19, 0x0F, 0x07, 0x07, 0x04, 0x04, 0x04, 0x04, 0x07, 0x07, 0x08, 0x0A, 0x0C, 0x0C, 0x10,
    0x10, 0x10, 0x10, 0x13, 0x13, 0x13, 0x13, 0x10, 0x10, 0x10, 0x10, 0x10, 0x0E, 0x0C, 0x0C, 0x0C, 0x0C, 0x0C, 0x0B, 0x02, 0x13, 0x13, 0x07, 0x19,
    0x19, 0x1B, 0x1B, 0x1D, 0x1D, 0x1D, 0x1B, 0x1B, 0x1A, 0x16, 0x04, 0x03, 0x03, 0x02, 0x01, 0x01, 0x02, 0x02, 0x0C, 0x1F, 0x1F, 0x1A, 0x1B, 0x1F,
    0x04, 0x01, 0x01, 0x07, 0x1F, 0x1F, 0x07, 0x02, 0x03, 0x02, 0x01, 0x02, 0x18, 0x1E, 0x1D, 0x1E, 0x1C, 0x1C, 0x1C, 0x1C, 0x1E, 0x1E, 0x1E, 0x1A,
    0x1B, 0x1D, 0x19, 0x19, 0x19, 0x19, 0x19, 0x19, 0x0F, 0x0F, 0x07, 0x07, 0x07, 0x04, 0x04, 0x04, 0x04, 0x04, 0x13, 0x13, 0x13, 0x13, 0x13, 0x10,
    0x10, 0x10, 0x10, 0x10, 0x0E, 0x0C, 0x0C, 0x0C, 0x0C, 0x03, 0x0C, 0x1F, 0x0F, 0x19, 0x19, 0x19, 0x1D, 0x1D, 0x1D, 0x1D, 0x1D, 0x1D, 0x1B, 0x1C,
    0x0C, 0x02, 0x04, 0x02, 0x04, 0x04, 0x02, 0x03, 0x01, 0x10, 0x1E, 0x1A, 0x1B, 0x1B, 0x1C, 0x10, 0x01, 0x01, 0x01, 0x13, 0x0C, 0x02, 0x02, 0x03,
    0x02, 0x04, 0x0C, 0x1F, 0x1E, 0x1C, 0x16, 0x07, 0x04, 0x07, 0x08, 0x0C, 0x10, 0x16, 0x17, 0x1C, 0x1A, 0x1D, 0x1A, 0x1C, 0x1C, 0x1E, 0x1E, 0x1A,
    0x1B, 0x1D, 0x1D, 0x19, 0x19, 0x19, 0x19, 0x19, 0x19, 0x16, 0x13, 0x13, 0x13, 0x13, 0x13, 0x10, 0x10, 0x10, 0x10, 0x10, 0x0E, 0x0C, 0x0E, 0x0C,
    0x02, 0x08, 0x18, 0x1C, 0x19, 0x19, 0x19, 0x19, 0x19, 0x1D, 0x1D, 0x1D, 0x1D, 0x1C, 0x17, 0x07, 0x04, 0x04, 0x03, 0x17, 0x1F, 0x0C, 0x04, 0x04,
    0x1F, 0x1A, 0x1D, 0x1B, 0x1B, 0x1A, 0x1F, 0x04, 0x01, 0x01, 0x03, 0x01, 0x01, 0x02, 0x01, 0x07, 0x1F, 0x1F, 0x1C, 0x1C, 0x0A, 0x02, 0x02, 0x03,
    0x02, 0x02, 0x03, 0x03, 0x04, 0x04, 0x0B, 0x1F, 0x1A, 0x1E, 0x18, 0x0C, 0x0C, 0x10, 0x13, 0x16, 0x18, 0x1C, 0x1D, 0x1D, 0x1D, 0x1D, 0x1A, 0x1C,
    0x16, 0x16, 0x13, 0x13, 0x13, 0x13, 0x13, 0x10, 0x10, 0x10, 0x10, 0x10, 0x10, 0x0E, 0x0E, 0x0C, 0x04, 0x03, 0x0C, 0x1F, 0x1E, 0x19, 0x19, 0x19,
    0x19, 0x1D, 0x1D, 0x1A, 0x13, 0x03, 0x04, 0x05, 0x04, 0x04, 0x13, 0x1F, 0x1F, 0x1F, 0x17, 0x1F, 0x1E, 0x1B, 0x1B, 0x1B, 0x1D, 0x1C, 0x10, 0x01,
    0x01, 0x01, 0x01, 0x01, 0x01, 0x0B, 0x1F, 0x1E, 0x1B, 0x1A, 0x1C, 0x03, 0x01, 0x02, 0x02, 0x03, 0x04, 0x03, 0x02, 0x03, 0x03, 0x01, 0x0C, 0x1C,
    0x1E, 0x13, 0x01, 0x03, 0x03, 0x04, 0x02, 0x08, 0x1C, 0x1D, 0x1D, 0x1D, 0x1D, 0x1E, 0x10, 0x16, 0x16, 0x16, 0x13, 0x13, 0x13, 0x13, 0x13, 0x13,
    0x10, 0x10, 0x10, 0x10, 0x10, 0x0E, 0x0E, 0x10, 0x0B, 0x04, 0x04, 0x13, 0x1F, 0x1E, 0x19, 0x19, 0x19, 0x19, 0x1C, 0x13, 0x07, 0x04, 0x04, 0x05,
    0x04, 0x04, 0x07, 0x0C, 0x0C, 0x0B, 0x13, 0x1F, 0x1A, 0x1D, 0x1B, 0x1E, 0x1F, 0x08, 0x02, 0x02, 0x02, 0x02, 0x02, 0x0E, 0x1F, 0x1E, 0x1B, 0x1B,
    0x1A, 0x17, 0x02, 0x01, 0x01, 0x02, 0x13, 0x16, 0x10, 0x08, 0x02, 0x03, 0x03, 0x02, 0x13, 0x1C, 0x1C, 0x08, 0x03, 0x04, 0x03, 0x04, 0x10, 0x1C,
    0x1D, 0x1D, 0x1D, 0x1D, 0x1E, 0x0C, 0x16, 0x16, 0x16, 0x16, 0x13, 0x13, 0x13, 0x13, 0x13, 0x10, 0x10, 0x10, 0x10, 0x10, 0x10, 0x0E, 0x0E, 0x10,
    0x10, 0x08, 0x02, 0x07, 0x16, 0x1F, 0x1E, 0x19, 0x19, 0x19, 0x1E, 0x1F, 0x13, 0x0A, 0x05, 0x04, 0x04, 0x04, 0x03, 0x03, 0x01, 0x08, 0x1C, 0x1D,
    0x1B, 0x1C, 0x16, 0x07, 0x01, 0x02, 0x02, 0x03, 0x02, 0x08, 0x1F, 0x1A, 0x1B, 0x1B, 0x1B, 0x1E, 0x13, 0x01, 0x01, 0x01, 0x04, 0x1F, 0x1C, 0x1C,
    0x1F, 0x04, 0x01, 0x01, 0x01, 0x13, 0x1E, 0x1C, 0x10, 0x01, 0x03, 0x01, 0x08, 0x1F, 0x1A, 0x1D, 0x1D, 0x1D, 0x1D, 0x1A, 0x1F, 0x16, 0x16, 0x16,
    0x16, 0x16, 0x16, 0x13, 0x13, 0x13, 0x13, 0x10, 0x10, 0x10, 0x10, 0x10, 0x10, 0x10, 0x0E, 0x0E, 0x10, 0x0E, 0x07, 0x03, 0x08, 0x16, 0x1F, 0x1E,
    0x19, 0x19, 0x19, 0x1A, 0x1C, 0x18, 0x10, 0x08, 0x04, 0x04, 0x04, 0x04, 0x13, 0x1C, 0x1E, 0x1C, 0x10, 0x04, 0x02, 0x04, 0x02, 0x02, 0x02, 0x02,
    0x03, 0x16, 0x1E, 0x1B, 0x1B, 0x1B, 0x1E, 0x10, 0x01, 0x01, 0x01, 0x07, 0x1F, 0x1B, 0x1B, 0x1F, 0x10, 0x08, 0x07, 0x07, 0x17, 0x1E, 0x1E, 0x0C,
    0x01, 0x02, 0x01, 0x08, 0x1C, 0x1D, 0x1D, 0x1D, 0x1D, 0x1D, 0x1D, 0x1E, 0x16, 0x16, 0x16, 0x16, 0x16, 0x16, 0x16, 0x13, 0x13, 0x13, 0x13, 0x13,
    0x13, 0x10, 0x10, 0x10, 0x10, 0x10, 0x10, 0x0C, 0x0E, 0x10, 0x0C, 0x07, 0x03, 0x08, 0x16, 0x1F, 0x1E, 0x19, 0x19, 0x19, 0x19, 0x1E, 0x1F, 0x17,
    0x0C, 0x07, 0x07, 0x1C, 0x1C, 0x13, 0x08, 0x04, 0x03, 0x04, 0x02, 0x04, 0x10, 0x02, 0x02, 0x01, 0x08, 0x1F, 0x1B, 0x1B, 0x1B, 0x1C, 0x0C, 0x01,
    0x03, 0x01, 0x08, 0x1F, 0x1B, 0x1B, 0x1E, 0x1C, 0x1C, 0x1F, 0x1F, 0x1F, 0x1E, 0x1C, 0x0C, 0x01, 0x01, 0x01, 0x0B, 0x1F, 0x1B, 0x1D, 0x1D, 0x1D,
    0x1D, 0x1D, 0x1E, 0x17, 0x16, 0x16, 0x16, 0x16, 0x16, 0x16, 0x16, 0x13, 0x13, 0x13, 0x13, 0x13, 0x13, 0x10, 0x10, 0x10, 0x10, 0x10, 0x10, 0x0E,
    0x0C, 0x0E, 0x10, 0x0C, 0x07, 0x03, 0x07, 0x13, 0x1F, 0x1C, 0x1B, 0x19, 0x19, 0x19, 0x1B, 0x1E, 0x1F, 0x1F, 0x1F, 0x1C, 0x07, 0x01, 0x04, 0x04,
    0x04, 0x04, 0x17, 0x1F, 0x08, 0x02, 0x03, 0x02, 0x16, 0x1E, 0x1B, 0x1B, 0x1C, 0x0B, 0x01, 0x02, 0x01, 0x0B, 0x1F, 0x1B, 0x1A, 0x1E, 0x1E, 0x1E,
    0x1A, 0x1E, 0x1E, 0x1A, 0x1C, 0x0C, 0x01, 0x02, 0x01, 0x0B, 0x1C, 0x1D, 0x1D, 0x1D, 0x1D, 0x1D, 0x1D, 0x1E, 0x17, 0x16, 0x16, 0x16, 0x16, 0x16,
    0x16, 0x16, 0x16, 0x13, 0x13, 0x13, 0x13, 0x13, 0x13, 0x10, 0x10, 0x10, 0x10, 0x10, 0x10, 0x10, 0x0E, 0x0C, 0x0E, 0x10, 0x0C, 0x07, 0x03, 0x05,
    0x0C, 0x18, 0x1F, 0x1E, 0x19, 0x19, 0x19, 0x19, 0x1B, 0x1E, 0x1C, 0x16, 0x10, 0x08, 0x04, 0x04, 0x04, 0x17, 0x1F, 0x0B, 0x02, 0x04, 0x03, 0x08,
    0x1F, 0x1A, 0x1D, 0x1C, 0x08, 0x01, 0x02, 0x01, 0x0C, 0x1C, 0x1D, 0x1E, 0x18, 0x10, 0x13, 0x17, 0x1C, 0x1C, 0x1B, 0x1C, 0x0B, 0x02, 0x04, 0x02,
    0x0B, 0x1C, 0x1D, 0x1D, 0x1D, 0x1D, 0x1D, 0x1D, 0x1E, 0x17, 0x17, 0x17, 0x16, 0x16, 0x16, 0x16, 0x16, 0x16, 0x16, 0x16, 0x13, 0x13, 0x13, 0x13,
    0x13, 0x10, 0x10, 0x10, 0x10, 0x10, 0x10, 0x10, 0x0E, 0x0C, 0x0C, 0x0E, 0x10, 0x0E, 0x08, 0x04, 0x04, 0x08, 0x14, 0x1F, 0x1C, 0x1A, 0x19, 0x19,
    0x19, 0x19, 0x1B, 0x1E, 0x1F, 0x1F, 0x13, 0x0E, 0x1F, 0x17, 0x04, 0x03, 0x04, 0x04, 0x04, 0x0C, 0x1C, 0x1A, 0x1C, 0x07, 0x01, 0x02, 0x01, 0x0B,
    0x1F, 0x1C, 0x1F, 0x10, 0x01, 0x02, 0x02, 0x08, 0x1F, 0x1B, 0x1C, 0x0B, 0x01, 0x03, 0x02, 0x0C, 0x1C, 0x1D, 0x1D, 0x1D, 0x1D, 0x1B, 0x1B, 0x1E,
    0x18, 0x17, 0x17, 0x17, 0x16, 0x16, 0x16, 0x16, 0x16, 0x16, 0x16, 0x16, 0x13, 0x13, 0x13, 0x13, 0x13, 0x13, 0x10, 0x10, 0x10, 0x10, 0x10, 0x10,
    0x10, 0x10, 0x0E, 0x0C, 0x0C, 0x10, 0x10, 0x0B, 0x07, 0x03, 0x05, 0x0A, 0x18, 0x1F, 0x1C, 0x1B, 0x19, 0x19, 0x19, 0x19, 0x19, 0x1A, 0x1C, 0x1F,
    0x1F, 0x13, 0x0C, 0x08, 0x07, 0x04, 0x02, 0x17, 0x1E, 0x1C, 0x13, 0x02, 0x03, 0x03, 0x02, 0x04, 0x07, 0x08, 0x04, 0x02, 0x03, 0x02, 0x07, 0x1F,
    0x1D, 0x1C, 0x0B, 0x01, 0x03, 0x01, 0x0C, 0x1F, 0x1A, 0x1E, 0x1C, 0x1C, 0x1C, 0x1E, 0x1E, 0x18, 0x18, 0x17, 0x17, 0x17, 0x16, 0x16, 0x16, 0x16,
    0x16, 0x16, 0x16, 0x16, 0x13, 0x13, 0x13, 0x13, 0x13, 0x13, 0x10, 0x10, 0x10, 0x10, 0x10, 0x10, 0x10, 0x10, 0x0E, 0x0C, 0x0C, 0x0C, 0x0E, 0x10,
    0x0E, 0x08, 0x04, 0x04, 0x07, 0x0C, 0x18, 0x1F, 0x1C, 0x1A, 0x19, 0x19, 0x19, 0x19, 0x19, 0x19, 0x1E, 0x1C, 0x1F, 0x1F, 0x16, 0x10, 0x1F, 0x1A,
    0x1B, 0x1C, 0x10, 0x02, 0x02, 0x03, 0x03, 0x03, 0x03, 0x03, 0x04, 0x03, 0x01, 0x0B, 0x1F, 0x1B, 0x1F, 0x0B, 0x02, 0x03, 0x01, 0x08, 0x13, 0x13,
    0x13, 0x08, 0x05, 0x0E, 0x1C, 0x1E, 0x18, 0x18, 0x18, 0x17, 0x17, 0x16, 0x16, 0x16, 0x16, 0x16, 0x16, 0x16, 0x16, 0x16, 0x16, 0x13, 0x13, 0x13,
    0x13, 0x13, 0x13, 0x10, 0x10, 0x10, 0x10, 0x10, 0x10, 0x10, 0x10, 0x0E, 0x0C, 0x0C, 0x0C, 0x0C, 0x10, 0x10, 0x0C, 0x08, 0x04, 0x04, 0x07, 0x0A,
    0x16, 0x1F, 0x1F, 0x1E, 0x19, 0x19, 0x19, 0x19, 0x19, 0x19, 0x19, 0x1A, 0x1C, 0x1C, 0x1A, 0x1D, 0x1B, 0x1F, 0x10, 0x08, 0x07, 0x04, 0x04, 0x04,
    0x04, 0x03, 0x04, 0x0B, 0x1F, 0x1E, 0x1C, 0x10, 0x04, 0x04, 0x04, 0x04, 0x03, 0x02, 0x02, 0x02, 0x02, 0x01, 0x0C, 0x1C, 0x1E, 0x18, 0x18, 0x18,
    0x18, 0x17, 0x17, 0x17, 0x17, 0x16, 0x16, 0x16, 0x16, 0x16, 0x16, 0x16, 0x16, 0x16, 0x13, 0x13, 0x13, 0x13, 0x13, 0x13, 0x10, 0x10, 0x10, 0x10,
    0x10, 0x10, 0x10, 0x10, 0x0E, 0x0E, 0x0E, 0x0C, 0x0C, 0x0E, 0x0E, 0x0E, 0x0C, 0x08, 0x04, 0x04, 0x05, 0x08, 0x10, 0x18, 0x1F, 0x1C, 0x1A, 0x19,
    0x19, 0x19, 0x19, 0x19, 0x19, 0x19, 0x19, 0x1D, 0x1B, 0x1C, 0x1F, 0x1F, 0x1F, 0x17, 0x16, 0x10, 0x0C, 0x16, 0x1F, 0x1E, 0x1D, 0x1C, 0x08, 0x01,
    0x03, 0x02, 0x03, 0x03, 0x03, 0x03, 0x03, 0x03, 0x02, 0x0C, 0x1C, 0x1A, 0x18, 0x18, 0x18, 0x18, 0x18, 0x18, 0x17, 0x17, 0x17, 0x16, 0x16, 0x16,
    0x16, 0x16, 0x16, 0x16, 0x16, 0x16, 0x13, 0x13, 0x13, 0x13, 0x13, 0x13, 0x10, 0x10, 0x10, 0x10, 0x10, 0x10, 0x10, 0x10, 0x10, 0x0E, 0x0E, 0x0E,
    0x0E, 0x0C, 0x0C, 0x0C, 0x0E, 0x0E, 0x0C, 0x08, 0x07, 0x04, 0x04, 0x07, 0x0A, 0x13, 0x18, 0x1F, 0x1C, 0x1E, 0x1B, 0x19, 0x19, 0x19, 0x19, 0x19,
    0x19, 0x19, 0x19, 0x1B, 0x1A, 0x1E, 0x1E, 0x1C, 0x1C, 0x1A, 0x1B, 0x1B, 0x1C, 0x18, 0x13, 0x10, 0x10, 0x0C, 0x0B, 0x0B, 0x08, 0x08, 0x08, 0x07,
    0x13, 0x1C, 0x1D, 0x1F, 0x18, 0x18, 0x18, 0x18, 0x18, 0x18, 0x17, 0x17, 0x17, 0x16, 0x16, 0x16, 0x16, 0x16, 0x16, 0x16, 0x16, 0x16, 0x16, 0x13,
    0x13, 0x13, 0x13, 0x13, 0x13, 0x13, 0x13, 0x10, 0x10, 0x10, 0x10, 0x10, 0x10, 0x10, 0x10, 0x0E, 0x0E, 0x0E, 0x0C, 0x0C, 0x0C, 0x0C, 0x0E, 0x0E,
    0x0E, 0x0B, 0x07, 0x04, 0x04, 0x04, 0x07, 0x0A, 0x10, 0x18, 0x1F, 0x1F, 0x1C, 0x1A, 0x1B, 0x19, 0x19, 0x19, 0x19, 0x19, 0x19, 0x19, 0x19, 0x19,
    0x19, 0x19, 0x19, 0x1B, 0x1E, 0x1E, 0x1E, 0x1E, 0x1C, 0x1C, 0x1C, 0x1F, 0x1F, 0x1F, 0x1F, 0x1F, 0x1E, 0x1D, 0x1F, 0x18, 0x18, 0x18, 0x18, 0x18,
    0x18, 0x18, 0x18, 0x17, 0x17, 0x17, 0x16, 0x16, 0x16, 0x16, 0x16, 0x16, 0x16, 0x16, 0x16, 0x16, 0x13, 0x13, 0x13, 0x13, 0x13, 0x13, 0x13, 0x10,
    0x10, 0x10, 0x10, 0x10, 0x10, 0x10, 0x10, 0x0E, 0x0E, 0x0E, 0x0E, 0x0C, 0x0C, 0x0C, 0x0C, 0x0C, 0x0C, 0x0E, 0x0E, 0x0E, 0x0B, 0x08, 0x07, 0x04,
    0x04, 0x05, 0x08, 0x0A, 0x10, 0x16, 0x1F, 0x1F, 0x1C, 0x1C, 0x1E, 0x1B, 0x19, 0x19, 0x19, 0x19, 0x19, 0x19, 0x19, 0x19, 0x19, 0x19, 0x19, 0x19,
    0x19, 0x19, 0x19, 0x19, 0x19, 0x19, 0x19, 0x19, 0x19, 0x1F, 0x1F, 0x18, 0x18, 0x18, 0x18, 0x18, 0x18, 0x18, 0x17, 0x17, 0x17, 0x17, 0x16, 0x16,
    0x16, 0x16, 0x16, 0x16, 0x16, 0x16, 0x16, 0x16, 0x13, 0x13, 0x13, 0x13, 0x13, 0x13, 0x13, 0x10, 0x10, 0x10, 0x10, 0x10, 0x10, 0x10, 0x10, 0x10,
    0x0E, 0x0E, 0x0E, 0x0E, 0x0E, 0x0E, 0x0C, 0x0C, 0x0C, 0x0C, 0x0C, 0x0C, 0x0E, 0x0E, 0x0E, 0x0B, 0x08, 0x07, 0x04, 0x04, 0x04, 0x04, 0x07, 0x08,
    0x0A, 0x10, 0x16, 0x18, 0x1F, 0x1F, 0x1F, 0x1C, 0x1C, 0x1E, 0x1A, 0x1A, 0x19, 0x19, 0x19, 0x19, 0x19, 0x19, 0x19, 0x19, 0x19, 0x19, 0x19, 0x19,
    0x1F, 0x1F, 0x1F, 0x1F, 0x18, 0x18, 0x18, 0x18, 0x18, 0x18, 0x18, 0x17, 0x17, 0x17, 0x17, 0x17, 0x16, 0x16, 0x16, 0x16, 0x16, 0x16, 0x16, 0x16,
    0x13, 0x13, 0x13, 0x13, 0x13, 0x13, 0x13, 0x13, 0x10, 0x10, 0x10, 0x10, 0x10, 0x10, 0x10, 0x10, 0x10, 0x0E, 0x0E, 0x0E, 0x0E, 0x0E, 0x0C, 0x0C,
    0x0C, 0x0C, 0x0C, 0x0C, 0x0C, 0x0C, 0x0C, 0x0C, 0x0E, 0x0E, 0x0C, 0x0B, 0x08, 0x07, 0x07, 0x04, 0x04, 0x04, 0x04, 0x05, 0x07, 0x08, 0x0A, 0x0C,
    0x10, 0x14, 0x18, 0x18, 0x1F, 0x1F, 0x1F, 0x1F, 0x1F, 0x1C, 0x1C, 0x1C, 0x1C, 0x1C, 0x1E, 0x1F, 0x1F, 0x1F, 0x1F, 0x1F, 0x18, 0x18, 0x18, 0x18,
    0x18, 0x18, 0x18, 0x17, 0x17, 0x17, 0x17, 0x16, 0x17, 0x16, 0x16, 0x16, 0x16, 0x16, 0x16, 0x16, 0x16, 0x13, 0x13, 0x13, 0x13, 0x13, 0x13, 0x13,
    0x13, 0x13, 0x10, 0x10, 0x10, 0x10, 0x10, 0x10, 0x0E, 0x0E, 0x0E, 0x0E, 0x0E, 0x0E, 0x0E, 0x0E, 0x0E, 0x0C, 0x0C, 0x0C, 0x0C, 0x0C, 0x0C, 0x0C,
    0x0B, 0x0B, 0x0C, 0x0C, 0x0C, 0x0C, 0x0E, 0x0C, 0x0B, 0x0B, 0x08, 0x07, 0x07, 0x07, 0x04, 0x04, 0x04, 0x04, 0x04, 0x04, 0x04, 0x05, 0x07, 0x08,
    0x08, 0x08, 0x0A, 0x0A, 0x0A, 0x0C, 0x1F, 0x1F, 0x1F, 0x1F, 0x1F, 0x1F, 0x18, 0x18, 0x18, 0x18, 0x18, 0x18, 0x18, 0x17, 0x17, 0x17, 0x17, 0x17,
    0x17, 0x16, 0x16, 0x16, 0x16, 0x16, 0x16, 0x16, 0x13, 0x13, 0x13, 0x13, 0x13, 0x13, 0x13, 0x13, 0x13, 0x13, 0x13, 0x10, 0x10, 0x10, 0x10, 0x10,
    0x0E, 0x0E, 0x0E, 0x0E, 0x0E, 0x0E, 0x0E, 0x0E, 0x0E, 0x0C, 0x0C, 0x0C, 0x0C, 0x0C, 0x0C, 0x0C, 0x0C, 0x0C, 0x0B, 0x0B, 0x0B, 0x0B, 0x0B, 0x0B,
    0x0C, 0x0C, 0x0C, 0x0E, 0x0E, 0x0E, 0x0D, 0x0D, 0x0B, 0x0B, 0x08, 0x08, 0x08, 0x07, 0x07, 0x07, 0x04, 0x04, 0x04, 0x04, 0x04, 0x1F, 0x1F, 0x1F,
    0x1F, 0x1F, 0x1F, 0x1F, 0x18, 0x1F, 0x18, 0x18, 0x18, 0x18, 0x18, 0x17, 0x17, 0x17, 0x17, 0x17, 0x16, 0x16, 0x16, 0x16, 0x16, 0x16, 0x16, 0x16,
    0x13, 0x13, 0x13, 0x13, 0x13, 0x13, 0x13, 0x13, 0x13, 0x13, 0x13, 0x10, 0x10, 0x10, 0x10, 0x10, 0x10, 0x10, 0x0E, 0x0E, 0x0E, 0x0E, 0x0E, 0x0E,
    0x0E, 0x0C, 0x0C, 0x0C, 0x0C, 0x0C, 0x0C, 0x0C, 0x0C, 0x0C, 0x0C, 0x0C, 0x0C, 0x0B, 0x0B, 0x0B, 0x0B, 0x0B, 0x0B, 0x0B, 0x0B, 0x0B, 0x0B, 0x0B,
    0x0B, 0x0B, 0x0B, 0x0B, 0x0D, 0x0D, 0x0D, 0x0D, 0x0D, 0x0D, 0x0D, 0x0D, 0x1F, 0x1F, 0x1F, 0x1F, 0x1F, 0x1F, 0x1F, 0x1F, 0x1F, 0x1F, 0x18, 0x18,
    0x18, 0x18, 0x18, 0x18, 0x17, 0x17, 0x17, 0x17, 0x17, 0x17, 0x16, 0x16, 0x16, 0x16, 0x16, 0x16, 0x16, 0x16, 0x13, 0x13, 0x13, 0x13, 0x13, 0x13,
    0x13, 0x13, 0x13, 0x10, 0x10, 0x10, 0x10, 0x10, 0x10, 0x10, 0x10, 0x0E, 0x0E, 0x0E, 0x0E, 0x0E, 0x0E, 0x0E, 0x0C, 0x0C, 0x0C, 0x0C, 0x0C, 0x0C,
    0x0C, 0x0C, 0x0C, 0x0C, 0x0C, 0x0C, 0x0B, 0x0B, 0x0B, 0x0B, 0x0B, 0x0B, 0x0B, 0x0B, 0x0B, 0x0B, 0x0B, 0x0B, 0x0B, 0x0B, 0x0B, 0x0B, 0x0B, 0x0B,
    0x0B, 0x0B, 0x0B, 0x1F, 0x1F, 0x1F, 0x1F, 0x1F, 0x1F, 0x1F, 0x1F, 0x1F, 0x1F, 0x1F, 0x1F, 0x18, 0x18, 0x18, 0x18, 0x18, 0x17, 0x17, 0x17, 0x17,
    0x17, 0x17, 0x16, 0x16, 0x16, 0x16, 0x16, 0x16, 0x16, 0x16, 0x13, 0x13, 0x13, 0x13, 0x13, 0x13, 0x13, 0x13, 0x13, 0x10, 0x10, 0x10, 0x10, 0x10,
    0x10, 0x10, 0x10, 0x0E, 0x0E, 0x0E, 0x0E, 0x0E, 0x0E, 0x0E, 0x0E, 0x0C, 0x0C, 0x0C, 0x0C, 0x0C, 0x0C, 0x0C, 0x0C, 0x0C, 0x0C, 0x0C, 0x0C, 0x0C,
    0x0C, 0x0C, 0x0B, 0x0C, 0x0B, 0x0B, 0x0B, 0x0B, 0x0B, 0x0B, 0x0B, 0x0B, 0x0B, 0x0B, 0x0B, 0x0B, 0x0B, 0x0B, 0x1F, 0x1F, 0x1F, 0x1F, 0x1F, 0x1F,
    0x1F, 0x1F, 0x1F, 0x1F, 0x1F, 0x1F, 0x1F, 0x18, 0x18, 0x18, 0x18, 0x18, 0x17, 0x17, 0x17, 0x17, 0x17, 0x17, 0x16, 0x16, 0x16, 0x16, 0x16, 0x16,
    0x16, 0x16, 0x13, 0x13, 0x13, 0x13, 0x13, 0x13, 0x13, 0x13, 0x13, 0x13, 0x10, 0x10, 0x10, 0x10, 0x10, 0x10, 0x0E, 0x0E, 0x0E, 0x0E, 0x0E, 0x0E,
    0x0E, 0x0E, 0x0C, 0x0C, 0x0C, 0x0C, 0x0C, 0x0C, 0x0C, 0x0C, 0x0C, 0x0C, 0x0C, 0x0C, 0x0C, 0x0C, 0x0C, 0x0C, 0x0C, 0x0B, 0x0B, 0x0B, 0x0B, 0x0B,
    0x0B, 0x0B, 0x0B, 0x0B, 0x0B, 0x0B, 0x0B, 0x0B, 0x0B, 0x1F, 0x1F, 0x1F, 0x1F, 0x1F, 0x1F, 0x1F, 0x1F, 0x1F, 0x1F, 0x1F, 0x1F, 0x1F, 0x18, 0x18,
    0x18, 0x18, 0x18, 0x18, 0x17, 0x17, 0x17, 0x17, 0x17, 0x16, 0x16, 0x16, 0x16, 0x16, 0x16, 0x16, 0x16, 0x13, 0x13, 0x13, 0x13, 0x13, 0x13, 0x13,
    0x13, 0x13, 0x13, 0x13, 0x10, 0x10, 0x10, 0x10, 0x10, 0x10, 0x0E, 0x0E, 0x0E, 0x0E, 0x0E, 0x0E, 0x0E, 0x0E, 0x0C, 0x0C, 0x0C, 0x0C, 0x0C, 0x0C,
    0x0C, 0x0C, 0x0C, 0x0C, 0x0C, 0x0C, 0x0C, 0x0C, 0x0C, 0x0C, 0x0C, 0x0C, 0x0C, 0x0C, 0x0C, 0x0B, 0x0B, 0x0B, 0x0B, 0x0B, 0x0B, 0x0B, 0x0B, 0x0B,
};

static uint16_t pal_sprtlg17[] __attribute__((aligned(8))) = {
    0x0000, 0xF7BB, 0xE6F7, 0xDEB3, 0xC633, 0xC5AB, 0xD4DB, 0x94AB, 0x7BE3, 0xB289, 0x6AD7, 0x5B1F,
    0x5299, 0x4A9D, 0x4259, 0x19EF, 0x39CF, 0xB043, 0x6083, 0x294D, 0x3085, 0x0923, 0x18C7, 0x084F,
    0x0801, 0x00F3, 0x002B, 0x009D, 0x000B, 0x002B, 0x0015, 0x0003,
};

static const uint8_t px_sprtlg17[] __attribute__((aligned(8))) = {
    0x12, 0x14, 0x12, 0x12, 0x12, 0x14, 0x18, 0x1F, 0x1F, 0x12, 0x09, 0x06, 0x06, 0x09, 0x14, 0x1F, 0x07, 0x15, 0x07, 0x01, 0x04, 0x08, 0x01, 0x01,
    0x01, 0x01, 0x01, 0x03, 0x08, 0x09, 0x09, 0x12, 0x18, 0x1C, 0x1B, 0x0F, 0x0F, 0x15, 0x17, 0x12, 0x09, 0x14, 0x09, 0x06, 0x06, 0x03, 0x06, 0x06,
    0x06, 0x06, 0x01, 0x10, 0x18, 0x01, 0x0D, 0x1E, 0x04, 0x10, 0x08, 0x12, 0x09, 0x09, 0x14, 0x07, 0x0E, 0x1F, 0x12, 0x11, 0x11, 0x18, 0x1F, 0x17,
    0x19, 0x19, 0x0F, 0x1F, 0x10, 0x04, 0x0B, 0x08, 0x0B, 0x0C, 0x0C, 0x08, 0x04, 0x04, 0x0A, 0x18, 0x1F, 0x1F, 0x1F, 0x1F, 0x1F, 0x1F, 0x1C, 0x1B,
    0x1E, 0x1F, 0x14, 0x18, 0x14, 0x14, 0x14, 0x18, 0x18, 0x1F, 0x14, 0x09, 0x09, 0x06, 0x06, 0x12, 0x17, 0x1C, 0x05, 0x0B, 0x07, 0x01, 0x04, 0x04,
    0x01, 0x01, 0x01, 0x04, 0x0A, 0x09, 0x09, 0x12, 0x18, 0x1F, 0x1E, 0x0F, 0x0F, 0x0F, 0x0F, 0x15, 0x1C, 0x11, 0x09, 0x14, 0x06, 0x06, 0x06, 0x06,
    0x05, 0x06, 0x06, 0x06, 0x03, 0x05, 0x1F, 0x07, 0x05, 0x0E, 0x07, 0x0E, 0x0F, 0x15, 0x17, 0x16, 0x14, 0x05, 0x08, 0x08, 0x07, 0x08, 0x05, 0x07,
    0x16, 0x1C, 0x1A, 0x19, 0x0F, 0x1C, 0x13, 0x04, 0x0B, 0x0B, 0x0B, 0x0B, 0x0B, 0x0B, 0x0A, 0x08, 0x05, 0x04, 0x08, 0x16, 0x1F, 0x1F, 0x1F, 0x1F,
    0x1F, 0x1F, 0x1F, 0x1F, 0x18, 0x1F, 0x18, 0x14, 0x18, 0x1F, 0x1F, 0x14, 0x12, 0x06, 0x09, 0x06, 0x09, 0x17, 0x1B, 0x1F, 0x03, 0x08, 0x08, 0x01,
    0x03, 0x02, 0x01, 0x01, 0x08, 0x09, 0x09, 0x09, 0x18, 0x1F, 0x1C, 0x1B, 0x15, 0x0F, 0x0F, 0x0F, 0x15, 0x1B, 0x1C, 0x11, 0x09, 0x14, 0x03, 0x03,
    0x06, 0x06, 0x06, 0x06, 0x06, 0x06, 0x06, 0x02, 0x16, 0x13, 0x01, 0x02, 0x13, 0x08, 0x0F, 0x15, 0x1E, 0x14, 0x12, 0x0B, 0x0A, 0x0C, 0x0C, 0x0A,
    0x0A, 0x0B, 0x03, 0x13, 0x1D, 0x19, 0x0F, 0x17, 0x18, 0x04, 0x08, 0x0B, 0x08, 0x08, 0x08, 0x08, 0x08, 0x0A, 0x0C, 0x08, 0x05, 0x04, 0x08, 0x13,
    0x1F, 0x1F, 0x1F, 0x1F, 0x1F, 0x1F, 0x1F, 0x1F, 0x1F, 0x1F, 0x1F, 0x1F, 0x18, 0x12, 0x09, 0x06, 0x06, 0x12, 0x17, 0x15, 0x17, 0x1F, 0x03, 0x07,
    0x07, 0x01, 0x02, 0x01, 0x04, 0x0A, 0x11, 0x11, 0x14, 0x1F, 0x1F, 0x1E, 0x15, 0x1A, 0x15, 0x0F, 0x0F, 0x15, 0x15, 0x1B, 0x14, 0x11, 0x0A, 0x12,
    0x05, 0x02, 0x02, 0x03, 0x06, 0x06, 0x06, 0x06, 0x06, 0x03, 0x0A, 0x1F, 0x04, 0x13, 0x0C, 0x0F, 0x1B, 0x1B, 0x17, 0x14, 0x14, 0x16, 0x0C, 0x06,
    0x06, 0x06, 0x03, 0x08, 0x0A, 0x07, 0x1D, 0x19, 0x19, 0x17, 0x18, 0x04, 0x08, 0x0B, 0x08, 0x08, 0x08, 0x08, 0x08, 0x08, 0x08, 0x0B, 0x0A, 0x08,
    0x07, 0x04, 0x07, 0x10, 0x1F, 0x1F, 0x1F, 0x1F, 0x1F, 0x1F, 0x1F, 0x1F, 0x18, 0x18, 0x14, 0x09, 0x09, 0x06, 0x12, 0x1B, 0x15, 0x1E, 0x1F, 0x18,
    0x03, 0x05, 0x05, 0x01, 0x01, 0x08, 0x11, 0x11, 0x12, 0x1F, 0x1F, 0x1C, 0x1B, 0x1B, 0x15, 0x15, 0x15, 0x15, 0x15, 0x15, 0x15, 0x12, 0x14, 0x11,
    0x12, 0x09, 0x06, 0x06, 0x03, 0x02, 0x02, 0x05, 0x06, 0x06, 0x06, 0x06, 0x08, 0x1F, 0x18, 0x0B, 0x0F, 0x0F, 0x15, 0x1C, 0x1C, 0x1C, 0x15, 0x0B,
    0x06, 0x06, 0x09, 0x06, 0x06, 0x06, 0x0C, 0x07, 0x19, 0x19, 0x19, 0x1E, 0x1F, 0x04, 0x08, 0x0B, 0x08, 0x08, 0x08, 0x08, 0x08, 0x08, 0x08, 0x08,
    0x08, 0x0A, 0x05, 0x04, 0x08, 0x04, 0x05, 0x0E, 0x1F, 0x1F, 0x18, 0x1F, 0x1F, 0x18, 0x14, 0x18, 0x06, 0x09, 0x12, 0x13, 0x15, 0x0F, 0x1B, 0x1C,
    0x16, 0x16, 0x02, 0x04, 0x04, 0x04, 0x09, 0x11, 0x12, 0x1F, 0x1F, 0x1C, 0x1E, 0x15, 0x15, 0x1B, 0x15, 0x15, 0x15, 0x15, 0x15, 0x15, 0x0E, 0x11,
    0x18, 0x11, 0x12, 0x09, 0x06, 0x06, 0x06, 0x05, 0x03, 0x06, 0x10, 0x09, 0x09, 0x12, 0x14, 0x10, 0x07, 0x07, 0x1B, 0x0F, 0x0F, 0x15, 0x1E, 0x1E,
    0x15, 0x14, 0x06, 0x09, 0x12, 0x09, 0x09, 0x09, 0x10, 0x04, 0x19, 0x19, 0x19, 0x1E, 0x1F, 0x04, 0x08, 0x0B, 0x08, 0x08, 0x08, 0x08, 0x08, 0x08,
    0x08, 0x0B, 0x08, 0x03, 0x07, 0x04, 0x0B, 0x0C, 0x07, 0x04, 0x04, 0x0C, 0x14, 0x1F, 0x18, 0x14, 0x14, 0x09, 0x06, 0x14, 0x17, 0x0F, 0x0F, 0x1B,
    0x1C, 0x0B, 0x0C, 0x13, 0x01, 0x03, 0x04, 0x10, 0x11, 0x11, 0x11, 0x12, 0x14, 0x1C, 0x1C, 0x1B, 0x1B, 0x1E, 0x15, 0x15, 0x15, 0x15, 0x1B, 0x1B,
    0x11, 0x11, 0x16, 0x11, 0x12, 0x09, 0x06, 0x06, 0x06, 0x06, 0x09, 0x10, 0x07, 0x07, 0x07, 0x0E, 0x0B, 0x04, 0x07, 0x1B, 0x17, 0x15, 0x0F, 0x0F,
    0x17, 0x17, 0x1B, 0x12, 0x12, 0x09, 0x09, 0x14, 0x12, 0x13, 0x05, 0x08, 0x1D, 0x19, 0x19, 0x1E, 0x1F, 0x04, 0x08, 0x0B, 0x08, 0x08, 0x08, 0x08,
    0x08, 0x08, 0x0B, 0x07, 0x02, 0x0B, 0x1F, 0x07, 0x07, 0x0B, 0x0A, 0x0A, 0x08, 0x04, 0x14, 0x18, 0x12, 0x14, 0x18, 0x12, 0x17, 0x15, 0x0F, 0x15,
    0x1B, 0x1E, 0x0B, 0x05, 0x13, 0x10, 0x01, 0x03, 0x02, 0x02, 0x07, 0x0A, 0x11, 0x11, 0x11, 0x09, 0x09, 0x12, 0x14, 0x18, 0x1C, 0x1B, 0x15, 0x1B,
    0x1B, 0x1B, 0x11, 0x11, 0x0E, 0x14, 0x14, 0x09, 0x06, 0x06, 0x06, 0x0A, 0x13, 0x03, 0x01, 0x06, 0x06, 0x06, 0x15, 0x0F, 0x0F, 0x1E, 0x1C, 0x15,
    0x19, 0x15, 0x1E, 0x1F, 0x1C, 0x14, 0x12, 0x14, 0x14, 0x16, 0x16, 0x03, 0x08, 0x1F, 0x1A, 0x19, 0x19, 0x17, 0x18, 0x04, 0x08, 0x08, 0x08, 0x08,
    0x08, 0x08, 0x08, 0x0B, 0x04, 0x04, 0x13, 0x1F, 0x1F, 0x08, 0x05, 0x0B, 0x08, 0x08, 0x0A, 0x0A, 0x14, 0x14, 0x14, 0x16, 0x17, 0x15, 0x0F, 0x0F,
    0x1B, 0x1B, 0x1B, 0x08, 0x03, 0x05, 0x13, 0x0C, 0x01, 0x02, 0x01, 0x01, 0x01, 0x01, 0x03, 0x07, 0x0A, 0x09, 0x09, 0x09, 0x09, 0x09, 0x09, 0x12,
    0x13, 0x1C, 0x1C, 0x14, 0x12, 0x12, 0x08, 0x07, 0x13, 0x09, 0x06, 0x09, 0x0C, 0x05, 0x06, 0x06, 0x06, 0x09, 0x09, 0x06, 0x1B, 0x0F, 0x0F, 0x1E,
    0x1C, 0x1B, 0x15, 0x1E, 0x1C, 0x18, 0x0E, 0x0D, 0x17, 0x1C, 0x1F, 0x12, 0x0A, 0x10, 0x05, 0x13, 0x1A, 0x19, 0x19, 0x17, 0x16, 0x04, 0x08, 0x08,
    0x08, 0x08, 0x08, 0x0B, 0x08, 0x03, 0x07, 0x1F, 0x1F, 0x08, 0x17, 0x0C, 0x04, 0x0B, 0x08, 0x08, 0x08, 0x0A, 0x16, 0x17, 0x15, 0x0F, 0x0F, 0x15,
    0x1B, 0x1B, 0x1B, 0x1B, 0x07, 0x01, 0x03, 0x03, 0x18, 0x08, 0x02, 0x02, 0x01, 0x01, 0x01, 0x01, 0x01, 0x01, 0x01, 0x01, 0x04, 0x08, 0x0A, 0x09,
    0x11, 0x09, 0x09, 0x09, 0x09, 0x18, 0x12, 0x12, 0x07, 0x04, 0x08, 0x12, 0x06, 0x12, 0x06, 0x06, 0x06, 0x06, 0x06, 0x12, 0x09, 0x09, 0x17, 0x15,
    0x1B, 0x1E, 0x1C, 0x1E, 0x1C, 0x10, 0x07, 0x05, 0x08, 0x0F, 0x15, 0x1E, 0x12, 0x11, 0x09, 0x10, 0x08, 0x07, 0x1A, 0x19, 0x19, 0x1C, 0x10, 0x04,
    0x08, 0x08, 0x08, 0x08, 0x08, 0x07, 0x03, 0x0C, 0x1F, 0x17, 0x04, 0x04, 0x1E, 0x13, 0x04, 0x0B, 0x0B, 0x08, 0x08, 0x07, 0x15, 0x15, 0x1A, 0x15,
    0x1B, 0x1B, 0x15, 0x15, 0x1B, 0x08, 0x01, 0x01, 0x02, 0x0C, 0x1F, 0x07, 0x02, 0x02, 0x01, 0x01, 0x01, 0x01, 0x01, 0x04, 0x08, 0x01, 0x01, 0x02,
    0x04, 0x07, 0x05, 0x07, 0x14, 0x09, 0x09, 0x18, 0x14, 0x12, 0x07, 0x04, 0x07, 0x14, 0x09, 0x12, 0x09, 0x09, 0x09, 0x09, 0x09, 0x14, 0x09, 0x14,
    0x1E, 0x1E, 0x1C, 0x17, 0x1F, 0x13, 0x07, 0x03, 0x05, 0x06, 0x06, 0x13, 0x19, 0x1B, 0x11, 0x11, 0x11, 0x11, 0x0C, 0x04, 0x1A, 0x19, 0x0F, 0x1F,
    0x0B, 0x04, 0x08, 0x08, 0x08, 0x08, 0x03, 0x04, 0x16, 0x1F, 0x0B, 0x01, 0x04, 0x19, 0x15, 0x16, 0x02, 0x07, 0x04, 0x04, 0x04, 0x05, 0x15, 0x15,
    0x1E, 0x17, 0x1B, 0x15, 0x15, 0x15, 0x07, 0x01, 0x01, 0x02, 0x0E, 0x1C, 0x1F, 0x05, 0x02, 0x02, 0x01, 0x01, 0x04, 0x04, 0x02, 0x0F, 0x0F, 0x01,
    0x01, 0x01, 0x01, 0x05, 0x03, 0x08, 0x09, 0x09, 0x18, 0x18, 0x14, 0x12, 0x07, 0x04, 0x02, 0x13, 0x12, 0x14, 0x14, 0x12, 0x12, 0x12, 0x14, 0x18,
    0x16, 0x1C, 0x17, 0x1C, 0x1F, 0x18, 0x0A, 0x05, 0x06, 0x06, 0x06, 0x06, 0x06, 0x10, 0x15, 0x12, 0x12, 0x12, 0x11, 0x12, 0x0A, 0x04, 0x1D, 0x19,
    0x0F, 0x1F, 0x08, 0x04, 0x0B, 0x08, 0x07, 0x02, 0x08, 0x1F, 0x1F, 0x07, 0x01, 0x07, 0x19, 0x19, 0x0F, 0x18, 0x07, 0x07, 0x0C, 0x16, 0x1F, 0x1F,
    0x15, 0x1B, 0x1B, 0x15, 0x15, 0x15, 0x1B, 0x08, 0x01, 0x01, 0x03, 0x10, 0x1E, 0x17, 0x1F, 0x03, 0x03, 0x01, 0x01, 0x01, 0x04, 0x15, 0x0F, 0x0F,
    0x0F, 0x07, 0x07, 0x02, 0x03, 0x05, 0x08, 0x11, 0x09, 0x18, 0x16, 0x10, 0x14, 0x12, 0x08, 0x04, 0x02, 0x0C, 0x1F, 0x12, 0x09, 0x09, 0x0A, 0x09,
    0x06, 0x0A, 0x1F, 0x1C, 0x1F, 0x1F, 0x16, 0x06, 0x06, 0x06, 0x06, 0x06, 0x06, 0x06, 0x09, 0x14, 0x1C, 0x12, 0x12, 0x11, 0x11, 0x10, 0x0A, 0x04,
    0x1D, 0x19, 0x15, 0x1F, 0x07, 0x07, 0x0B, 0x04, 0x03, 0x10, 0x1F, 0x13, 0x04, 0x02, 0x0F, 0x19, 0x1A, 0x19, 0x19, 0x1F, 0x1F, 0x1F, 0x16, 0x0E,
    0x08, 0x04, 0x1B, 0x1B, 0x15, 0x15, 0x15, 0x15, 0x07, 0x01, 0x01, 0x04, 0x1B, 0x1B, 0x0F, 0x17, 0x16, 0x03, 0x03, 0x01, 0x01, 0x01, 0x01, 0x04,
    0x19, 0x0F, 0x15, 0x1B, 0x0B, 0x04, 0x01, 0x08, 0x09, 0x09, 0x18, 0x1F, 0x0C, 0x10, 0x14, 0x11, 0x08, 0x04, 0x05, 0x07, 0x14, 0x09, 0x06, 0x06,
    0x06, 0x06, 0x06, 0x06, 0x14, 0x1C, 0x1F, 0x14, 0x09, 0x09, 0x06, 0x06, 0x09, 0x09, 0x09, 0x12, 0x12, 0x14, 0x1B, 0x10, 0x11, 0x11, 0x11, 0x09,
    0x10, 0x03, 0x15, 0x19, 0x1B, 0x18, 0x07, 0x08, 0x03, 0x07, 0x18, 0x1F, 0x08, 0x01, 0x07, 0x19, 0x19, 0x1D, 0x1D, 0x19, 0x19, 0x0D, 0x07, 0x04,
    0x01, 0x01, 0x04, 0x07, 0x1B, 0x15, 0x15, 0x15, 0x15, 0x08, 0x01, 0x01, 0x07, 0x1B, 0x1B, 0x0F, 0x0F, 0x1C, 0x13, 0x02, 0x03, 0x01, 0x01, 0x01,
    0x01, 0x0F, 0x15, 0x15, 0x15, 0x04, 0x01, 0x01, 0x08, 0x11, 0x09, 0x14, 0x1F, 0x18, 0x0A, 0x08, 0x14, 0x11, 0x0A, 0x02, 0x0A, 0x02, 0x13, 0x09,
    0x06, 0x06, 0x06, 0x06, 0x06, 0x06, 0x06, 0x17, 0x1C, 0x12, 0x09, 0x12, 0x09, 0x09, 0x12, 0x14, 0x10, 0x0A, 0x06, 0x06, 0x15, 0x1A, 0x11, 0x11,
    0x11, 0x11, 0x14, 0x03, 0x0F, 0x19, 0x1C, 0x16, 0x01, 0x04, 0x10, 0x1F, 0x16, 0x04, 0x02, 0x0F, 0x19, 0x19, 0x1A, 0x1A, 0x1D, 0x19, 0x0F, 0x04,
    0x04, 0x0F, 0x0F, 0x19, 0x19, 0x19, 0x15, 0x15, 0x15, 0x15, 0x07, 0x01, 0x04, 0x0D, 0x1B, 0x15, 0x0F, 0x0F, 0x15, 0x1C, 0x10, 0x01, 0x03, 0x01,
    0x01, 0x01, 0x04, 0x0F, 0x07, 0x08, 0x15, 0x02, 0x01, 0x07, 0x12, 0x09, 0x14, 0x1F, 0x14, 0x14, 0x0A, 0x07, 0x14, 0x11, 0x0A, 0x02, 0x10, 0x05,
    0x07, 0x12, 0x06, 0x06, 0x06, 0x05, 0x05, 0x06, 0x06, 0x10, 0x1E, 0x16, 0x09, 0x12, 0x12, 0x14, 0x12, 0x06, 0x03, 0x06, 0x06, 0x06, 0x10, 0x1B,
    0x11, 0x11, 0x11, 0x11, 0x1F, 0x0A, 0x01, 0x0F, 0x1F, 0x0C, 0x07, 0x18, 0x1F, 0x0B, 0x01, 0x04, 0x19, 0x19, 0x1A, 0x1A, 0x1A, 0x1A, 0x1A, 0x19,
    0x19, 0x19, 0x19, 0x19, 0x19, 0x1A, 0x1D, 0x1D, 0x15, 0x15, 0x1B, 0x07, 0x01, 0x07, 0x15, 0x15, 0x15, 0x15, 0x0F, 0x15, 0x15, 0x1F, 0x0C, 0x01,
    0x03, 0x01, 0x01, 0x02, 0x03, 0x01, 0x01, 0x01, 0x08, 0x02, 0x07, 0x12, 0x09, 0x14, 0x1F, 0x18, 0x12, 0x12, 0x0A, 0x04, 0x14, 0x11, 0x10, 0x03,
    0x0A, 0x0E, 0x01, 0x13, 0x09, 0x06, 0x06, 0x03, 0x02, 0x03, 0x06, 0x06, 0x10, 0x17, 0x1C, 0x18, 0x12, 0x09, 0x06, 0x09, 0x06, 0x06, 0x06, 0x06,
    0x13, 0x1C, 0x12, 0x12, 0x11, 0x12, 0x17, 0x1F, 0x08, 0x01, 0x1E, 0x18, 0x1F, 0x17, 0x04, 0x02, 0x0F, 0x19, 0x19, 0x1A, 0x1A, 0x1A, 0x1D, 0x1A,
    0x1A, 0x19, 0x19, 0x1A, 0x1A, 0x1D, 0x1D, 0x1A, 0x1A, 0x1D, 0x15, 0x15, 0x07, 0x04, 0x15, 0x15, 0x15, 0x15, 0x15, 0x15, 0x15, 0x15, 0x15, 0x1F,
    0x0A, 0x02, 0x03, 0x01, 0x01, 0x02, 0x02, 0x02, 0x02, 0x02, 0x01, 0x05, 0x12, 0x09, 0x12, 0x1F, 0x14, 0x14, 0x12, 0x12, 0x0A, 0x02, 0x14, 0x11,
    0x12, 0x04, 0x05, 0x1F, 0x05, 0x05, 0x14, 0x06, 0x06, 0x06, 0x05, 0x03, 0x03, 0x05, 0x06, 0x0A, 0x1C, 0x18, 0x09, 0x09, 0x09, 0x09, 0x09, 0x09,
    0x12, 0x14, 0x1F, 0x18, 0x14, 0x11, 0x11, 0x09, 0x1B, 0x0B, 0x1F, 0x03, 0x07, 0x1C, 0x1B, 0x07, 0x0F, 0x19, 0x19, 0x19, 0x1D, 0x1A, 0x1A, 0x1A,
    0x1A, 0x1A, 0x1A, 0x1A, 0x1A, 0x1A, 0x1A, 0x1A, 0x1A, 0x1A, 0x1D, 0x19, 0x1B, 0x0F, 0x0F, 0x1B, 0x1B, 0x15, 0x15, 0x15, 0x15, 0x15, 0x15, 0x15,
    0x1B, 0x1F, 0x07, 0x02, 0x03, 0x01, 0x02, 0x02, 0x02, 0x02, 0x02, 0x01, 0x04, 0x12, 0x09, 0x12, 0x1F, 0x1F, 0x14, 0x12, 0x12, 0x11, 0x0C, 0x01,
    0x13, 0x11, 0x12, 0x08, 0x02, 0x16, 0x16, 0x02, 0x0A, 0x12, 0x06, 0x06, 0x06, 0x06, 0x06, 0x06, 0x06, 0x06, 0x09, 0x1F, 0x16, 0x12, 0x12, 0x12,
    0x14, 0x12, 0x09, 0x09, 0x1B, 0x15, 0x11, 0x11, 0x11, 0x09, 0x15, 0x0F, 0x16, 0x16, 0x01, 0x0D, 0x19, 0x0F, 0x19, 0x19, 0x1D, 0x1A, 0x17, 0x1C,
    0x1A, 0x1A, 0x1A, 0x1A, 0x1A, 0x1A, 0x1A, 0x1A, 0x1A, 0x1A, 0x1A, 0x1A, 0x1A, 0x19, 0x08, 0x08, 0x08, 0x07, 0x07, 0x0F, 0x15, 0x15, 0x15, 0x15,
    0x15, 0x15, 0x0D, 0x18, 0x05, 0x03, 0x03, 0x02, 0x02, 0x02, 0x02, 0x02, 0x02, 0x03, 0x13, 0x09, 0x11, 0x1F, 0x14, 0x18, 0x12, 0x12, 0x11, 0x11,
    0x10, 0x01, 0x0C, 0x11, 0x11, 0x10, 0x02, 0x0C, 0x1F, 0x0A, 0x01, 0x10, 0x09, 0x06, 0x06, 0x06, 0x06, 0x06, 0x06, 0x06, 0x09, 0x16, 0x1C, 0x1F,
    0x14, 0x09, 0x09, 0x09, 0x06, 0x06, 0x1B, 0x17, 0x11, 0x12, 0x11, 0x12, 0x15, 0x0F, 0x10, 0x1F, 0x08, 0x01, 0x1B, 0x19, 0x19, 0x1A, 0x1A, 0x1A,
    0x17, 0x0A, 0x17, 0x1A, 0x1A, 0x1A, 0x1A, 0x1D, 0x1D, 0x1A, 0x1A, 0x1A, 0x1A, 0x1A, 0x19, 0x19, 0x01, 0x01, 0x01, 0x02, 0x07, 0x15, 0x15, 0x15,
    0x15, 0x15, 0x15, 0x07, 0x07, 0x1F, 0x05, 0x03, 0x03, 0x02, 0x02, 0x02, 0x02, 0x02, 0x02, 0x10, 0x09, 0x11, 0x1F, 0x18, 0x10, 0x18, 0x12, 0x11,
    0x12, 0x11, 0x10, 0x01, 0x0C, 0x12, 0x11, 0x14, 0x04, 0x07, 0x18, 0x18, 0x0A, 0x03, 0x13, 0x09, 0x06, 0x06, 0x06, 0x06, 0x06, 0x06, 0x12, 0x0E,
    0x0E, 0x1C, 0x16, 0x12, 0x12, 0x12, 0x12, 0x18, 0x1C, 0x12, 0x12, 0x11, 0x12, 0x10, 0x0F, 0x0F, 0x0E, 0x0A, 0x1F, 0x04, 0x07, 0x1B, 0x19, 0x1A,
    0x1A, 0x1D, 0x17, 0x02, 0x08, 0x1E, 0x1A, 0x1B, 0x1E, 0x13, 0x1C, 0x1A, 0x1A, 0x1A, 0x1D, 0x1A, 0x19, 0x19, 0x02, 0x01, 0x04, 0x15, 0x1B, 0x15,
    0x15, 0x15, 0x15, 0x15, 0x07, 0x01, 0x0A, 0x18, 0x03, 0x03, 0x03, 0x02, 0x02, 0x02, 0x02, 0x01, 0x0A, 0x09, 0x09, 0x18, 0x18, 0x14, 0x0A, 0x18,
    0x12, 0x11, 0x12, 0x11, 0x10, 0x01, 0x08, 0x14, 0x11, 0x14, 0x08, 0x02, 0x13, 0x14, 0x1F, 0x0A, 0x04, 0x13, 0x06, 0x06, 0x06, 0x06, 0x06, 0x06,
    0x12, 0x0E, 0x0D, 0x10, 0x1C, 0x1F, 0x1F, 0x1F, 0x1F, 0x18, 0x18, 0x12, 0x11, 0x11, 0x13, 0x07, 0x0F, 0x0F, 0x10, 0x05, 0x0A, 0x16, 0x01, 0x0E,
    0x1B, 0x1A, 0x1A, 0x19, 0x1E, 0x03, 0x01, 0x0A, 0x13, 0x08, 0x03, 0x0A, 0x1B, 0x1A, 0x1A, 0x1A, 0x1A, 0x19, 0x19, 0x1B, 0x02, 0x07, 0x15, 0x15,
    0x15, 0x15, 0x15, 0x15, 0x15, 0x04, 0x01, 0x03, 0x0C, 0x18, 0x03, 0x04, 0x03, 0x02, 0x02, 0x02, 0x01, 0x07, 0x12, 0x09, 0x14, 0x18, 0x08, 0x10,
    0x08, 0x18, 0x12, 0x11, 0x12, 0x11, 0x13, 0x02, 0x05, 0x14, 0x11, 0x12, 0x13, 0x02, 0x08, 0x18, 0x12, 0x14, 0x13, 0x16, 0x14, 0x06, 0x06, 0x06,
    0x06, 0x09, 0x12, 0x0E, 0x0F, 0x0D, 0x0C, 0x1C, 0x1F, 0x1F, 0x18, 0x14, 0x14, 0x18, 0x18, 0x13, 0x08, 0x08, 0x01, 0x07, 0x17, 0x06, 0x03, 0x16,
    0x07, 0x04, 0x1E, 0x1A, 0x1A, 0x1B, 0x17, 0x03, 0x01, 0x01, 0x01, 0x01, 0x05, 0x1C, 0x1A, 0x1A, 0x1A, 0x1D, 0x19, 0x19, 0x0F, 0x1F, 0x0D, 0x1B,
    0x15, 0x15, 0x15, 0x15, 0x15, 0x15, 0x04, 0x01, 0x01, 0x05, 0x14, 0x16, 0x03, 0x05, 0x02, 0x02, 0x02, 0x02, 0x04, 0x12, 0x09, 0x12, 0x1F, 0x16,
    0x07, 0x10, 0x07, 0x18, 0x11, 0x11, 0x12, 0x11, 0x12, 0x05, 0x02, 0x14, 0x11, 0x12, 0x1F, 0x07, 0x03, 0x18, 0x14, 0x14, 0x12, 0x09, 0x09, 0x06,
    0x06, 0x06, 0x09, 0x09, 0x14, 0x17, 0x0F, 0x07, 0x0B, 0x0A, 0x10, 0x16, 0x18, 0x18, 0x14, 0x13, 0x0C, 0x0B, 0x1B, 0x07, 0x02, 0x07, 0x16, 0x03,
    0x01, 0x08, 0x16, 0x01, 0x0E, 0x1E, 0x17, 0x0A, 0x03, 0x01, 0x01, 0x01, 0x02, 0x04, 0x10, 0x1B, 0x1A, 0x1A, 0x1A, 0x1A, 0x19, 0x19, 0x1C, 0x13,
    0x15, 0x15, 0x15, 0x15, 0x15, 0x15, 0x0F, 0x02, 0x01, 0x01, 0x05, 0x11, 0x14, 0x10, 0x03, 0x07, 0x02, 0x02, 0x03, 0x02, 0x10, 0x09, 0x11, 0x1F,
    0x18, 0x16, 0x05, 0x0A, 0x04, 0x16, 0x11, 0x11, 0x14, 0x11, 0x12, 0x08, 0x01, 0x0C, 0x14, 0x12, 0x18, 0x10, 0x02, 0x08, 0x1F, 0x14, 0x09, 0x09,
    0x09, 0x09, 0x06, 0x09, 0x09, 0x09, 0x18, 0x16, 0x0B, 0x01, 0x08, 0x1E, 0x0D, 0x08, 0x08, 0x08, 0x08, 0x0D, 0x1B, 0x1E, 0x1E, 0x15, 0x0F, 0x0D,
    0x14, 0x06, 0x01, 0x02, 0x1F, 0x04, 0x08, 0x16, 0x05, 0x01, 0x01, 0x03, 0x03, 0x03, 0x03, 0x05, 0x1C, 0x1A, 0x1A, 0x1A, 0x1A, 0x19, 0x19, 0x1B,
    0x1F, 0x04, 0x0F, 0x15, 0x15, 0x15, 0x1B, 0x0F, 0x02, 0x02, 0x01, 0x05, 0x11, 0x12, 0x18, 0x0E, 0x02, 0x07, 0x02, 0x03, 0x01, 0x08, 0x11, 0x09,
    0x1F, 0x18, 0x14, 0x16, 0x03, 0x08, 0x03, 0x13, 0x12, 0x11, 0x14, 0x11, 0x11, 0x0C, 0x01, 0x07, 0x18, 0x12, 0x14, 0x1F, 0x07, 0x04, 0x16, 0x18,
    0x12, 0x09, 0x09, 0x09, 0x09, 0x09, 0x09, 0x12, 0x0A, 0x0A, 0x0E, 0x07, 0x0F, 0x1E, 0x17, 0x1E, 0x17, 0x0E, 0x0B, 0x1B, 0x1B, 0x1E, 0x1E, 0x1B,
    0x07, 0x10, 0x09, 0x06, 0x06, 0x01, 0x13, 0x08, 0x04, 0x17, 0x17, 0x10, 0x08, 0x03, 0x03, 0x03, 0x02, 0x02, 0x0A, 0x1E, 0x1A, 0x1A, 0x19, 0x19,
    0x19, 0x1F, 0x0A, 0x04, 0x08, 0x15, 0x15, 0x15, 0x0F, 0x02, 0x02, 0x01, 0x05, 0x11, 0x11, 0x12, 0x1F, 0x0C, 0x03, 0x07, 0x03, 0x03, 0x05, 0x12,
    0x09, 0x14, 0x1F, 0x14, 0x12, 0x16, 0x03, 0x07, 0x02, 0x10, 0x12, 0x11, 0x18, 0x11, 0x11, 0x13, 0x03, 0x04, 0x16, 0x12, 0x12, 0x1F, 0x13, 0x16,
    0x16, 0x18, 0x18, 0x12, 0x09, 0x09, 0x09, 0x09, 0x09, 0x18, 0x08, 0x06, 0x18, 0x08, 0x15, 0x1B, 0x1E, 0x1E, 0x0D, 0x05, 0x03, 0x07, 0x17, 0x1E,
    0x1E, 0x0B, 0x08, 0x14, 0x06, 0x06, 0x06, 0x02, 0x10, 0x08, 0x04, 0x1E, 0x1A, 0x1D, 0x17, 0x03, 0x02, 0x04, 0x05, 0x02, 0x01, 0x0C, 0x1B, 0x19,
    0x19, 0x19, 0x1C, 0x13, 0x02, 0x0B, 0x07, 0x1B, 0x1B, 0x15, 0x03, 0x02, 0x02, 0x06, 0x12, 0x11, 0x12, 0x12, 0x18, 0x0A, 0x04, 0x08, 0x03, 0x02,
    0x0A, 0x09, 0x12, 0x1F, 0x18, 0x14, 0x12, 0x18, 0x03, 0x05, 0x02, 0x0C, 0x14, 0x11, 0x18, 0x12, 0x11, 0x12, 0x07, 0x01, 0x0C, 0x14, 0x14, 0x1C,
    0x1F, 0x1F, 0x1F, 0x18, 0x14, 0x1F, 0x14, 0x09, 0x09, 0x09, 0x12, 0x18, 0x06, 0x06, 0x09, 0x16, 0x07, 0x0D, 0x1E, 0x1E, 0x1E, 0x07, 0x07, 0x08,
    0x1E, 0x1B, 0x08, 0x08, 0x18, 0x09, 0x06, 0x06, 0x06, 0x03, 0x10, 0x08, 0x04, 0x1B, 0x1A, 0x1A, 0x17, 0x03, 0x03, 0x0C, 0x17, 0x10, 0x0A, 0x08,
    0x16, 0x1D, 0x19, 0x15, 0x1F, 0x05, 0x07, 0x0D, 0x04, 0x1B, 0x15, 0x04, 0x04, 0x04, 0x06, 0x12, 0x12, 0x12, 0x09, 0x07, 0x18, 0x0A, 0x05, 0x08,
    0x03, 0x07, 0x12, 0x09, 0x18, 0x13, 0x18, 0x12, 0x11, 0x18, 0x03, 0x04, 0x02, 0x08, 0x18, 0x11, 0x14, 0x14, 0x11, 0x12, 0x0B, 0x01, 0x07, 0x1F,
    0x1F, 0x1C, 0x1F, 0x1F, 0x1F, 0x1F, 0x14, 0x12, 0x18, 0x18, 0x12, 0x12, 0x12, 0x18, 0x06, 0x06, 0x09, 0x12, 0x16, 0x08, 0x08, 0x0D, 0x0E, 0x0B,
    0x0E, 0x0B, 0x08, 0x07, 0x0C, 0x18, 0x09, 0x09, 0x09, 0x06, 0x06, 0x03, 0x13, 0x07, 0x07, 0x1B, 0x1A, 0x1D, 0x17, 0x03, 0x0A, 0x1E, 0x1A, 0x1D,
    0x1B, 0x1E, 0x17, 0x1D, 0x19, 0x0F, 0x1F, 0x07, 0x07, 0x0D, 0x03, 0x0D, 0x05, 0x05, 0x04, 0x06, 0x11, 0x11, 0x11, 0x09, 0x05, 0x07, 0x18, 0x08,
    0x05, 0x08, 0x04, 0x0A, 0x09, 0x14, 0x18, 0x0A, 0x14, 0x11, 0x11, 0x1F, 0x04, 0x03, 0x02, 0x07, 0x18, 0x11, 0x12, 0x18, 0x11, 0x11, 0x10, 0x04,
    0x05, 0x13, 0x1F, 0x1C, 0x1C, 0x1F, 0x1F, 0x1F, 0x1F, 0x14, 0x12, 0x12, 0x12, 0x12, 0x12, 0x18, 0x09, 0x06, 0x09, 0x09, 0x12, 0x18, 0x13, 0x0C,
    0x08, 0x08, 0x08, 0x0B, 0x10, 0x16, 0x14, 0x12, 0x09, 0x09, 0x09, 0x06, 0x06, 0x06, 0x16, 0x04, 0x08, 0x1B, 0x1A, 0x1A, 0x17, 0x0A, 0x1E, 0x1A,
    0x1A, 0x1A, 0x1A, 0x1A, 0x1A, 0x1A, 0x19, 0x19, 0x1C, 0x10, 0x04, 0x0D, 0x0D, 0x07, 0x02, 0x02, 0x06, 0x11, 0x11, 0x11, 0x09, 0x03, 0x05, 0x0A,
    0x1F, 0x08, 0x07, 0x08, 0x08, 0x09, 0x11, 0x1F, 0x13, 0x08, 0x14, 0x11, 0x11, 0x18, 0x05, 0x03, 0x04, 0x03, 0x18, 0x11, 0x11, 0x1F, 0x11, 0x11,
    0x14, 0x13, 0x18, 0x16, 0x1F, 0x1F, 0x17, 0x1C, 0x1F, 0x1F, 0x1F, 0x1F, 0x18, 0x14, 0x12, 0x09, 0x09, 0x14, 0x0A, 0x06, 0x09, 0x09, 0x09, 0x12,
    0x12, 0x14, 0x14, 0x18, 0x1F, 0x18, 0x12, 0x09, 0x09, 0x09, 0x09, 0x09, 0x09, 0x09, 0x06, 0x06, 0x16, 0x02, 0x15, 0x1D, 0x1A, 0x1A, 0x17, 0x1C,
    0x1A, 0x1A, 0x1A, 0x1A, 0x1D, 0x1D, 0x1D, 0x1D, 0x1A, 0x19, 0x15, 0x18, 0x04, 0x08, 0x04, 0x04, 0x01, 0x06, 0x11, 0x11, 0x11, 0x09, 0x02, 0x02,
    0x06, 0x12, 0x1F, 0x07, 0x08, 0x08, 0x10, 0x11, 0x14, 0x1F, 0x13, 0x07, 0x13, 0x11, 0x11, 0x18, 0x07, 0x02, 0x05, 0x01, 0x13, 0x11, 0x11, 0x1F,
    0x14, 0x11, 0x12, 0x1F, 0x1C, 0x1F, 0x1C, 0x1F, 0x1F, 0x17, 0x1F, 0x1C, 0x1F, 0x1F, 0x1F, 0x18, 0x14, 0x12, 0x09, 0x12, 0x14, 0x09, 0x09, 0x09,
    0x09, 0x09, 0x09, 0x09, 0x09, 0x12, 0x18, 0x12, 0x09, 0x09, 0x09, 0x09, 0x09, 0x09, 0x09, 0x09, 0x06, 0x0A, 0x10, 0x02, 0x1E, 0x1A, 0x1A, 0x1A,
    0x1D, 0x1D, 0x1A, 0x1A, 0x1A, 0x1A, 0x1D, 0x1D, 0x1D, 0x1D, 0x1A, 0x19, 0x19, 0x1F, 0x08, 0x07, 0x02, 0x01, 0x06, 0x11, 0x11, 0x11, 0x09, 0x02,
    0x02, 0x05, 0x11, 0x12, 0x1F, 0x07, 0x07, 0x0A, 0x11, 0x11, 0x1F, 0x18, 0x13, 0x04, 0x10, 0x11, 0x11, 0x14, 0x0A, 0x03, 0x07, 0x01, 0x0C, 0x12,
    0x11, 0x18, 0x16, 0x12, 0x12, 0x16, 0x1C, 0x1C, 0x17, 0x1F, 0x1F, 0x1F, 0x1C, 0x1C, 0x1F, 0x16, 0x0A, 0x1F, 0x1F, 0x18, 0x12, 0x09, 0x18, 0x09,
    0x09, 0x09, 0x09, 0x09, 0x09, 0x09, 0x09, 0x09, 0x12, 0x12, 0x09, 0x09, 0x09, 0x09, 0x09, 0x09, 0x06, 0x09, 0x09, 0x18, 0x07, 0x07, 0x1B, 0x1A,
    0x1A, 0x1A, 0x1A, 0x1A, 0x1A, 0x1A, 0x1A, 0x1A, 0x1D, 0x1D, 0x1D, 0x1A, 0x19, 0x19, 0x19, 0x1F, 0x13, 0x03, 0x02, 0x06, 0x11, 0x11, 0x11, 0x09,
    0x02, 0x01, 0x05, 0x11, 0x11, 0x12, 0x1F, 0x07, 0x08, 0x10, 0x11, 0x18, 0x13, 0x16, 0x13, 0x02, 0x0C, 0x12, 0x11, 0x14, 0x0E, 0x03, 0x08, 0x01,
    0x08, 0x12, 0x11, 0x14, 0x1E, 0x1C, 0x1C, 0x18, 0x1C, 0x1E, 0x1C, 0x1F, 0x1F, 0x1F, 0x1C, 0x1C, 0x1C, 0x18, 0x04, 0x05, 0x10, 0x1F, 0x18, 0x09,
    0x12, 0x14, 0x09, 0x09, 0x09, 0x12, 0x09, 0x09, 0x09, 0x09, 0x09, 0x12, 0x09, 0x09, 0x09, 0x09, 0x09, 0x09, 0x06, 0x09, 0x14, 0x18, 0x02, 0x0E,
    0x1D, 0x1A, 0x1A, 0x1A, 0x1A, 0x1A, 0x1A, 0x1A, 0x1A, 0x1A, 0x1D, 0x1D, 0x1A, 0x19, 0x19, 0x19, 0x17, 0x1F, 0x07, 0x04, 0x05, 0x11, 0x11, 0x11,
    0x09, 0x02, 0x01, 0x03, 0x11, 0x11, 0x12, 0x14, 0x1F, 0x08, 0x0B, 0x12, 0x11, 0x1F, 0x0A, 0x13, 0x16, 0x04, 0x0C, 0x12, 0x11, 0x14, 0x13, 0x03,
    0x0A, 0x02, 0x04, 0x14, 0x11, 0x14, 0x17, 0x1B, 0x1E, 0x1C, 0x1C, 0x1E, 0x1F, 0x1F, 0x1F, 0x1C, 0x1C, 0x1C, 0x1E, 0x1F, 0x08, 0x0E, 0x04, 0x07,
    0x16, 0x1F, 0x12, 0x14, 0x12, 0x09, 0x09, 0x12, 0x09, 0x09, 0x09, 0x09, 0x09, 0x09, 0x09, 0x09, 0x09, 0x09, 0x09, 0x09, 0x06, 0x06, 0x1F, 0x08,
    0x04, 0x1E, 0x1A, 0x1A, 0x1A, 0x1A, 0x1A, 0x1A, 0x1A, 0x1A, 0x1A, 0x1A, 0x1D, 0x1A, 0x19, 0x19, 0x19, 0x1C, 0x1F, 0x07, 0x04, 0x0D, 0x11, 0x11,
    0x11, 0x09, 0x02, 0x02, 0x02, 0x09, 0x11, 0x11, 0x12, 0x18, 0x1F, 0x08, 0x0A, 0x11, 0x12, 0x18, 0x07, 0x0C, 0x16, 0x05, 0x0B, 0x12, 0x11, 0x12,
    0x16, 0x05, 0x0A, 0x07, 0x02, 0x13, 0x1C, 0x17, 0x1B, 0x15, 0x17, 0x1C, 0x1E, 0x17, 0x1F, 0x1F, 0x1C, 0x1C, 0x1C, 0x1E, 0x1E, 0x1F, 0x05, 0x10,
    0x1C, 0x08, 0x04, 0x0C, 0x1F, 0x18, 0x14, 0x09, 0x12, 0x12, 0x09, 0x09, 0x09, 0x09, 0x09, 0x09, 0x09, 0x09, 0x09, 0x09, 0x09, 0x09, 0x06, 0x06,
    0x16, 0x03, 0x0D, 0x1D, 0x1A, 0x1A, 0x1A, 0x1A, 0x1A, 0x1A, 0x1A, 0x1A, 0x1A, 0x1A, 0x1A, 0x19, 0x19, 0x19, 0x1C, 0x18, 0x05, 0x04, 0x0E, 0x0B,
    0x11, 0x11, 0x11, 0x03, 0x01, 0x02, 0x09, 0x11, 0x11, 0x12, 0x18, 0x14, 0x1F, 0x08, 0x0A, 0x11, 0x18, 0x1F, 0x07, 0x0A, 0x18, 0x04, 0x07, 0x14,
    0x11, 0x12, 0x1F, 0x08, 0x08, 0x08, 0x01, 0x0A, 0x1E, 0x1B, 0x15, 0x1B, 0x1C, 0x1C, 0x1B, 0x1C, 0x1F, 0x1F, 0x1C, 0x1C, 0x17, 0x1B, 0x1E, 0x1F,
    0x07, 0x0E, 0x1F, 0x1F, 0x07, 0x01, 0x07, 0x18, 0x1F, 0x12, 0x09, 0x14, 0x14, 0x12, 0x09, 0x09, 0x09, 0x09, 0x12, 0x09, 0x09, 0x12, 0x09, 0x09,
    0x06, 0x06, 0x16, 0x02, 0x1B, 0x1A, 0x1A, 0x1A, 0x1A, 0x1A, 0x1A, 0x1A, 0x1A, 0x1A, 0x1D, 0x1A, 0x19, 0x19, 0x0F, 0x1F, 0x16, 0x04, 0x07, 0x0E,
    0x0B, 0x0B, 0x11, 0x11, 0x05, 0x02, 0x01, 0x06, 0x11, 0x11, 0x12, 0x14, 0x12, 0x12, 0x1F, 0x08, 0x09, 0x12, 0x1F, 0x1F, 0x05, 0x08, 0x18, 0x05,
    0x05, 0x16, 0x11, 0x11, 0x1F, 0x0E, 0x05, 0x10, 0x07, 0x07, 0x1C, 0x1E, 0x15, 0x1B, 0x17, 0x1E, 0x1B, 0x1F, 0x1F, 0x1F, 0x1C, 0x1C, 0x1E, 0x1B,
    0x1E, 0x1F, 0x1F, 0x16, 0x08, 0x04, 0x07, 0x0F, 0x07, 0x02, 0x10, 0x1F, 0x12, 0x09, 0x14, 0x14, 0x12, 0x12, 0x09, 0x09, 0x12, 0x09, 0x12, 0x14,
    0x09, 0x09, 0x06, 0x10, 0x0C, 0x04, 0x1B, 0x1A, 0x1A, 0x1A, 0x1A, 0x1A, 0x1A, 0x1A, 0x1A, 0x1A, 0x19, 0x19, 0x19, 0x15, 0x1F, 0x13, 0x03, 0x07,
    0x0E, 0x0B, 0x0B, 0x0C, 0x11, 0x05, 0x02, 0x02, 0x06, 0x11, 0x11, 0x11, 0x12, 0x12, 0x11, 0x12, 0x1F, 0x08, 0x09, 0x18, 0x1F, 0x1F, 0x04, 0x07,
    0x1F, 0x08, 0x04, 0x13, 0x12, 0x11, 0x16, 0x18, 0x05, 0x10, 0x1C, 0x13, 0x1C, 0x17, 0x1B, 0x1E, 0x1E, 0x1B, 0x1E, 0x1F, 0x1F, 0x1C, 0x1C, 0x1F,
    0x1C, 0x1F, 0x18, 0x0C, 0x05, 0x04, 0x07, 0x0F, 0x19, 0x19, 0x1D, 0x0F, 0x01, 0x08, 0x1F, 0x18, 0x09, 0x09, 0x12, 0x09, 0x09, 0x12, 0x12, 0x12,
    0x18, 0x12, 0x09, 0x09, 0x09, 0x1F, 0x02, 0x0D, 0x1D, 0x1A, 0x1A, 0x1A, 0x1A, 0x1A, 0x1A, 0x1A, 0x1A, 0x19, 0x19, 0x19, 0x15, 0x1F, 0x10, 0x02,
    0x08, 0x0E, 0x0B, 0x0C, 0x0C, 0x0C, 0x06, 0x02, 0x01, 0x05, 0x11, 0x11, 0x11, 0x12, 0x11, 0x11, 0x12, 0x14, 0x1F, 0x0C, 0x09, 0x1F, 0x1C, 0x1F,
    0x05, 0x04, 0x1F, 0x0A, 0x02, 0x10, 0x12, 0x11, 0x14, 0x1C, 0x10, 0x0C, 0x1E, 0x1B, 0x1E, 0x1C, 0x17, 0x17, 0x1E, 0x1B, 0x1C, 0x1F, 0x1F, 0x1C,
    0x1F, 0x1F, 0x13, 0x08, 0x04, 0x04, 0x07, 0x19, 0x19, 0x1A, 0x1A, 0x1A, 0x1A, 0x1A, 0x1A, 0x04, 0x04, 0x13, 0x1F, 0x14, 0x12, 0x12, 0x12, 0x12,
    0x14, 0x18, 0x12, 0x09, 0x09, 0x12, 0x1F, 0x05, 0x04, 0x1E, 0x1A, 0x1A, 0x1A, 0x1A, 0x1A, 0x1A, 0x1D, 0x1A, 0x19, 0x19, 0x19, 0x1B, 0x1F, 0x0A,
    0x02, 0x08, 0x0D, 0x0B, 0x0B, 0x0C, 0x0C, 0x0C, 0x02, 0x02, 0x03, 0x11, 0x11, 0x11, 0x12, 0x11, 0x11, 0x12, 0x12, 0x14, 0x18, 0x13, 0x12, 0x1F,
    0x17, 0x1F, 0x07, 0x03, 0x1F, 0x0C, 0x01, 0x08, 0x14, 0x11, 0x12, 0x1E, 0x17, 0x16, 0x1E, 0x15, 0x1B, 0x1F, 0x1C, 0x1E, 0x1B, 0x1E, 0x1F, 0x1F,
    0x1F, 0x16, 0x0A, 0x05, 0x04, 0x07, 0x0F, 0x19, 0x19, 0x1A, 0x1A, 0x1A, 0x1A, 0x1D, 0x1D, 0x1A, 0x1A, 0x1D, 0x08, 0x02, 0x05, 0x0A, 0x13, 0x18,
    0x1F, 0x18, 0x1F, 0x1F, 0x14, 0x14, 0x18, 0x16, 0x05, 0x04, 0x1E, 0x1D, 0x1A, 0x1A, 0x1D, 0x1A, 0x1D, 0x1D, 0x19, 0x19, 0x19, 0x19, 0x1C, 0x1F,
    0x07, 0x02, 0x0B, 0x0D, 0x0B, 0x0C, 0x0C, 0x0C, 0x0C, 0x0E, 0x02, 0x02, 0x09, 0x11, 0x11, 0x11, 0x11, 0x11, 0x12, 0x12, 0x12, 0x14, 0x1F, 0x16,
    0x13, 0x1F, 0x17, 0x1F, 0x0A, 0x03, 0x16, 0x13, 0x02, 0x04, 0x18, 0x11, 0x11, 0x17, 0x1B, 0x1E, 0x15, 0x15, 0x1B, 0x1F, 0x17, 0x1E, 0x17, 0x1F,
    0x1F, 0x10, 0x08, 0x04, 0x04, 0x0F, 0x19, 0x19, 0x1A, 0x1D, 0x1D, 0x1D, 0x1D, 0x1A, 0x1A, 0x19, 0x19, 0x19, 0x19, 0x1A, 0x1B, 0x1C, 0x0C, 0x05,
    0x04, 0x03, 0x04, 0x04, 0x04, 0x05, 0x07, 0x08, 0x07, 0x03, 0x07, 0x1E, 0x1D, 0x1A, 0x1A, 0x1A, 0x1D, 0x1D, 0x1A, 0x19, 0x19, 0x19, 0x15, 0x1F,
    0x16, 0x05, 0x04, 0x0D, 0x0B, 0x0B, 0x0B, 0x0C, 0x0C, 0x0C, 0x0E, 0x0E, 0x02, 0x09, 0x11, 0x11, 0x11, 0x11, 0x11, 0x11, 0x12, 0x12, 0x14, 0x1E,
    0x1F, 0x1C, 0x13, 0x18, 0x17, 0x16, 0x10, 0x02, 0x0E, 0x1F, 0x05, 0x02, 0x13, 0x14, 0x12, 0x16, 0x1E, 0x1E, 0x15, 0x1B, 0x1E, 0x1F, 0x1F, 0x1F,
    0x13, 0x0A, 0x04, 0x04, 0x07, 0x0F, 0x19, 0x19, 0x1A, 0x1D, 0x1D, 0x1D, 0x1D, 0x1A, 0x19, 0x19, 0x19, 0x19, 0x1A, 0x1D, 0x1E, 0x1C, 0x16, 0x0C,
    0x0A, 0x1F, 0x1B, 0x15, 0x0E, 0x0E, 0x0D, 0x0B, 0x08, 0x07, 0x08, 0x1B, 0x1E, 0x1A, 0x1A, 0x1D, 0x1A, 0x1A, 0x1D, 0x1A, 0x19, 0x19, 0x19, 0x1B,
    0x1F, 0x10, 0x02, 0x07, 0x0D, 0x0B, 0x0B, 0x0B, 0x0C, 0x0C, 0x0E, 0x0E, 0x0E, 0x0E, 0x05, 0x11, 0x11, 0x11, 0x11, 0x11, 0x11, 0x12, 0x12, 0x12,
    0x1E, 0x17, 0x1F, 0x1C, 0x10, 0x14, 0x1B, 0x17, 0x14, 0x03, 0x08, 0x1F, 0x07, 0x01, 0x0A, 0x1F, 0x1B, 0x1E, 0x1B, 0x17, 0x1E, 0x1C, 0x1F, 0x16,
    0x0A, 0x05, 0x04, 0x07, 0x0F, 0x19, 0x19, 0x1A, 0x1D, 0x1D, 0x1D, 0x1A, 0x19, 0x19, 0x19, 0x19, 0x19, 0x19, 0x1D, 0x1B, 0x1C, 0x1F, 0x10, 0x08,
    0x03, 0x01, 0x01, 0x13, 0x1E, 0x1A, 0x1D, 0x1D, 0x1D, 0x1B, 0x1B, 0x1B, 0x1B, 0x1D, 0x1A, 0x1A, 0x1D, 0x1A, 0x1A, 0x1A, 0x19, 0x19, 0x19, 0x19,
    0x1C, 0x1F, 0x08, 0x02, 0x08, 0x0D, 0x0B, 0x0B, 0x0B, 0x0C, 0x0C, 0x0E, 0x0E, 0x0E, 0x0E, 0x10, 0x11, 0x11, 0x11, 0x11, 0x11, 0x11, 0x12, 0x12,
    0x14, 0x1E, 0x1E, 0x1C, 0x1F, 0x1F, 0x0E, 0x14, 0x1B, 0x13, 0x14, 0x04, 0x07, 0x1F, 0x0A, 0x02, 0x0A, 0x1C, 0x17, 0x1C, 0x1F, 0x1F, 0x13, 0x0A,
    0x07, 0x04, 0x04, 0x0F, 0x19, 0x19, 0x1A, 0x1D, 0x1D, 0x1D, 0x1D, 0x19, 0x19, 0x19, 0x19, 0x19, 0x19, 0x1D, 0x1B, 0x1C, 0x1F, 0x13, 0x08, 0x04,
    0x02, 0x01, 0x02, 0x02, 0x01, 0x07, 0x1C, 0x1A, 0x1A, 0x1A, 0x1D, 0x1A, 0x1A, 0x1A, 0x1A, 0x1D, 0x1D, 0x1A, 0x1D, 0x1D, 0x1A, 0x19, 0x19, 0x19,
    0x15, 0x1F, 0x16, 0x04, 0x04, 0x0B, 0x0D, 0x0B, 0x0B, 0x0C, 0x0C, 0x0C, 0x0C, 0x0E, 0x0E, 0x0E, 0x10, 0x10, 0x11, 0x11, 0x11, 0x11, 0x11, 0x12,
    0x12, 0x12, 0x1E, 0x1E, 0x17, 0x1C, 0x1F, 0x1F, 0x1B, 0x14, 0x1B, 0x13, 0x14, 0x05, 0x03, 0x16, 0x16, 0x10, 0x1F, 0x1F, 0x16, 0x10, 0x08, 0x05,
    0x04, 0x04, 0x0F, 0x19, 0x19, 0x1A, 0x1D, 0x1D, 0x1D, 0x1A, 0x19, 0x19, 0x19, 0x19, 0x19, 0x1A, 0x1B, 0x1E, 0x1C, 0x1F, 0x1F, 0x0C, 0x05, 0x02,
    0x01, 0x02, 0x02, 0x01, 0x03, 0x04, 0x02, 0x07, 0x1F, 0x1B, 0x1D, 0x1D, 0x1D, 0x1D, 0x1D, 0x1D, 0x1D, 0x1D, 0x1D, 0x1D, 0x1A, 0x19, 0x19, 0x19,
    0x19, 0x1C, 0x1F, 0x0A, 0x02, 0x07, 0x0D, 0x0B, 0x0B, 0x0B, 0x0C, 0x0C, 0x0C, 0x0E, 0x0E, 0x0E, 0x0E, 0x10, 0x10, 0x10, 0x11, 0x12, 0x11, 0x11,
    0x11, 0x12, 0x14, 0x1E, 0x1E, 0x1E, 0x1E, 0x17, 0x1F, 0x1F, 0x1B, 0x14, 0x1E, 0x1B, 0x18, 0x13, 0x13, 0x1F, 0x16, 0x10, 0x08, 0x05, 0x04, 0x04,
    0x07, 0x0F, 0x19, 0x19, 0x1D, 0x1D, 0x1A, 0x1A, 0x19, 0x19, 0x19, 0x19, 0x19, 0x19, 0x1D, 0x1D, 0x1E, 0x1C, 0x16, 0x10, 0x08, 0x04, 0x10, 0x08,
    0x01, 0x02, 0x02, 0x02, 0x04, 0x0B, 0x16, 0x1F, 0x18, 0x1F, 0x1F, 0x1B, 0x1D, 0x1D, 0x1D, 0x1D, 0x1D, 0x1D, 0x1D, 0x1D, 0x1D, 0x19, 0x19, 0x19,
    0x19, 0x1B, 0x1F, 0x16, 0x05, 0x04, 0x0B, 0x0D, 0x0B, 0x0B, 0x0B, 0x0C, 0x0C, 0x0C, 0x0E, 0x0E, 0x0E, 0x0E, 0x10, 0x10, 0x10, 0x13, 0x11, 0x11,
    0x11, 0x12, 0x12, 0x14, 0x1B, 0x1B, 0x1B, 0x1E, 0x1C, 0x1C, 0x1F, 0x1F, 0x1C, 0x18, 0x1F, 0x18, 0x13, 0x0C, 0x08, 0x05, 0x04, 0x04, 0x07, 0x0F,
    0x19, 0x19, 0x19, 0x1A, 0x1A, 0x19, 0x19, 0x19, 0x19, 0x19, 0x19, 0x19, 0x1D, 0x1B, 0x1E, 0x1C, 0x1C, 0x1E, 0x18, 0x07, 0x03, 0x02, 0x02, 0x01,
    0x0C, 0x1F, 0x08, 0x01, 0x02, 0x01, 0x0B, 0x1F, 0x1F, 0x16, 0x05, 0x10, 0x1E, 0x1A, 0x1D, 0x1D, 0x1D, 0x1D, 0x1D, 0x1D, 0x1D, 0x1D, 0x1D, 0x1A,
    0x19, 0x19, 0x1B, 0x1F, 0x0A, 0x02, 0x07, 0x0D, 0x0B, 0x0B, 0x0B, 0x0B, 0x0C, 0x0C, 0x0C, 0x0E, 0x0E, 0x0E, 0x10, 0x10, 0x10, 0x10, 0x13, 0x13,
    0x12, 0x12, 0x14, 0x14, 0x18, 0x1C, 0x1C, 0x1C, 0x1F, 0x1F, 0x1F, 0x18, 0x16, 0x10, 0x0A, 0x08, 0x07, 0x04, 0x04, 0x04, 0x07, 0x0F, 0x19, 0x19,
    0x19, 0x19, 0x19, 0x19, 0x19, 0x19, 0x19, 0x19, 0x19, 0x1D, 0x1B, 0x1B, 0x1E, 0x1C, 0x1C, 0x13, 0x0A, 0x08, 0x16, 0x1E, 0x1C, 0x04, 0x01, 0x03,
    0x02, 0x07, 0x1F, 0x17, 0x1C, 0x02, 0x01, 0x01, 0x04, 0x10, 0x07, 0x02, 0x01, 0x07, 0x1C, 0x1D, 0x1D, 0x1D, 0x1D, 0x1D, 0x1D, 0x1D, 0x1D, 0x1D,
    0x1A, 0x1D, 0x1A, 0x19, 0x19, 0x1C, 0x13, 0x02, 0x08, 0x0D, 0x0B, 0x0B, 0x0C, 0x0C, 0x0C, 0x0C, 0x0E, 0x0E, 0x0E, 0x0E, 0x10, 0x10, 0x10, 0x10,
    0x13, 0x13, 0x10, 0x10, 0x10, 0x10, 0x0C, 0x0C, 0x0A, 0x0A, 0x08, 0x07, 0x05, 0x04, 0x04, 0x04, 0x04, 0x07, 0x0F, 0x19, 0x19, 0x19, 0x19, 0x19,
    0x19, 0x19, 0x19, 0x1A, 0x1A, 0x1A, 0x1D, 0x1B, 0x1E, 0x1C, 0x1C, 0x1C, 0x16, 0x1F, 0x13, 0x07, 0x05, 0x03, 0x03, 0x02, 0x13, 0x1E, 0x1E, 0x16,
    0x02, 0x02, 0x01, 0x08, 0x1F, 0x1A, 0x1C, 0x08, 0x01, 0x01, 0x01, 0x01, 0x01, 0x02, 0x02, 0x02, 0x13, 0x1C, 0x17, 0x1D, 0x1D, 0x1D, 0x1D, 0x1D,
    0x1D, 0x1D, 0x1A, 0x1A, 0x1D, 0x19, 0x19, 0x19, 0x1F, 0x10, 0x01, 0x0B, 0x0C, 0x0B, 0x0C, 0x0C, 0x0E, 0x0E, 0x0E, 0x0E, 0x10, 0x10, 0x10, 0x10,
    0x10, 0x13, 0x13, 0x13, 0x04, 0x04, 0x04, 0x04, 0x04, 0x04, 0x07, 0x07, 0x07, 0x0F, 0x0F, 0x19, 0x19, 0x19, 0x19, 0x1A, 0x1A, 0x1A, 0x1A, 0x1D,
    0x1D, 0x1B, 0x1B, 0x1E, 0x1E, 0x1D, 0x1A, 0x1D, 0x1C, 0x16, 0x10, 0x0A, 0x07, 0x05, 0x04, 0x16, 0x13, 0x02, 0x02, 0x04, 0x03, 0x04, 0x16, 0x1E,
    0x1D, 0x16, 0x02, 0x01, 0x01, 0x08, 0x1F, 0x1D, 0x1E, 0x10, 0x01, 0x01, 0x02, 0x03, 0x03, 0x04, 0x07, 0x08, 0x18, 0x16, 0x16, 0x1E, 0x1A, 0x1D,
    0x1D, 0x1D, 0x1D, 0x1D, 0x1A, 0x1A, 0x1D, 0x1D, 0x19, 0x19, 0x0F, 0x1F, 0x0A, 0x04, 0x0C, 0x0C, 0x0C, 0x0E, 0x0E, 0x0E, 0x0E, 0x10, 0x10, 0x10,
    0x10, 0x10, 0x13, 0x13, 0x13, 0x13, 0x19, 0x19, 0x19, 0x19, 0x19, 0x19, 0x19, 0x1A, 0x1A, 0x1D, 0x1D, 0x1B, 0x1B, 0x1B, 0x1B, 0x1D, 0x1D, 0x1E,
    0x1C, 0x1C, 0x1C, 0x16, 0x16, 0x10, 0x0E, 0x1F, 0x1E, 0x1D, 0x1C, 0x08, 0x01, 0x02, 0x02, 0x02, 0x04, 0x16, 0x1F, 0x16, 0x07, 0x02, 0x03, 0x01,
    0x08, 0x1F, 0x1B, 0x13, 0x02, 0x01, 0x01, 0x0B, 0x1C, 0x1D, 0x1D, 0x1C, 0x04, 0x03, 0x04, 0x03, 0x0B, 0x16, 0x1F, 0x1F, 0x10, 0x03, 0x0B, 0x1C,
    0x1A, 0x1D, 0x1A, 0x1D, 0x1D, 0x1D, 0x1D, 0x1D, 0x19, 0x19, 0x19, 0x19, 0x0F, 0x1F, 0x1F, 0x04, 0x05, 0x0E, 0x0E, 0x0E, 0x0E, 0x0E, 0x10, 0x10,
    0x10, 0x10, 0x10, 0x13, 0x13, 0x13, 0x13, 0x13, 0x1C, 0x1C, 0x1C, 0x1C, 0x1C, 0x1C, 0x17, 0x1C, 0x1F, 0x16, 0x16, 0x16, 0x16, 0x18, 0x1E, 0x1D,
    0x1E, 0x16, 0x08, 0x07, 0x07, 0x05, 0x04, 0x03, 0x02, 0x07, 0x16, 0x17, 0x1E, 0x13, 0x04, 0x02, 0x04, 0x01, 0x0B, 0x1F, 0x1D, 0x1E, 0x16, 0x03,
    0x02, 0x02, 0x01, 0x10, 0x1F, 0x13, 0x02, 0x01, 0x01, 0x0C, 0x1C, 0x1D, 0x1D, 0x1C, 0x0B, 0x02, 0x04, 0x02, 0x0E, 0x1F, 0x16, 0x0C, 0x04, 0x04,
    0x07, 0x1F, 0x1D, 0x1A, 0x1A, 0x1A, 0x1D, 0x1D, 0x19, 0x19, 0x19, 0x19, 0x0F, 0x1C, 0x1F, 0x10, 0x04, 0x05, 0x0B, 0x0E, 0x0E, 0x0E, 0x10, 0x10,
    0x10, 0x10, 0x10, 0x10, 0x13, 0x13, 0x13, 0x13, 0x13, 0x16, 0x07, 0x07, 0x07, 0x07, 0x07, 0x13, 0x1F, 0x10, 0x04, 0x05, 0x04, 0x04, 0x02, 0x0E,
    0x1E, 0x1E, 0x18, 0x04, 0x02, 0x04, 0x03, 0x03, 0x03, 0x04, 0x04, 0x02, 0x04, 0x18, 0x1B, 0x1C, 0x10, 0x01, 0x02, 0x01, 0x08, 0x1F, 0x1D, 0x1D,
    0x1C, 0x0C, 0x01, 0x02, 0x01, 0x04, 0x1F, 0x13, 0x01, 0x02, 0x02, 0x0E, 0x1C, 0x1D, 0x1D, 0x1E, 0x13, 0x02, 0x03, 0x03, 0x05, 0x08, 0x05, 0x03,
    0x05, 0x04, 0x02, 0x10, 0x1E, 0x1A, 0x1D, 0x1D, 0x19, 0x19, 0x19, 0x19, 0x0F, 0x17, 0x1F, 0x10, 0x05, 0x04, 0x08, 0x10, 0x0E, 0x0E, 0x0E, 0x10,
    0x10, 0x10, 0x10, 0x10, 0x13, 0x13, 0x13, 0x13, 0x13, 0x13, 0x16, 0x16, 0x01, 0x03, 0x03, 0x02, 0x02, 0x13, 0x1F, 0x10, 0x03, 0x03, 0x04, 0x03,
    0x04, 0x16, 0x1C, 0x18, 0x07, 0x02, 0x04, 0x03, 0x04, 0x07, 0x07, 0x03, 0x01, 0x01, 0x01, 0x13, 0x1E, 0x1B, 0x16, 0x02, 0x01, 0x01, 0x05, 0x1F,
    0x1B, 0x1D, 0x1D, 0x1F, 0x07, 0x01, 0x02, 0x01, 0x0B, 0x13, 0x02, 0x03, 0x02, 0x0E, 0x1C, 0x1D, 0x1D, 0x1D, 0x1F, 0x07, 0x03, 0x04, 0x04, 0x04,
    0x04, 0x04, 0x04, 0x07, 0x0B, 0x16, 0x1C, 0x1A, 0x19, 0x19, 0x19, 0x19, 0x0F, 0x17, 0x1F, 0x13, 0x07, 0x04, 0x08, 0x10, 0x10, 0x0E, 0x0E, 0x0E,
    0x10, 0x10, 0x10, 0x10, 0x13, 0x13, 0x13, 0x13, 0x13, 0x13, 0x16, 0x16, 0x16, 0x16, 0x08, 0x02, 0x03, 0x02, 0x0B, 0x1F, 0x1E, 0x1F, 0x0B, 0x01,
    0x03, 0x01, 0x0C, 0x1F, 0x1B, 0x16, 0x03, 0x03, 0x02, 0x05, 0x18, 0x1F, 0x1F, 0x0B, 0x07, 0x08, 0x0B, 0x16, 0x1E, 0x1D, 0x1C, 0x04, 0x01, 0x01,
    0x03, 0x18, 0x1B, 0x1D, 0x1A, 0x1E, 0x16, 0x04, 0x03, 0x03, 0x03, 0x08, 0x03, 0x04, 0x02, 0x10, 0x17, 0x1D, 0x1D, 0x1D, 0x1C, 0x08, 0x04, 0x05,
    0x05, 0x04, 0x04, 0x08, 0x10, 0x1F, 0x1F, 0x1E, 0x1A, 0x19, 0x19, 0x19, 0x0F, 0x1C, 0x1F, 0x13, 0x07, 0x04, 0x08, 0x0E, 0x10, 0x0E, 0x0E, 0x0E,
    0x10, 0x10, 0x10, 0x10, 0x10, 0x13, 0x13, 0x13, 0x13, 0x13, 0x16, 0x16, 0x16, 0x16, 0x16, 0x16, 0x0C, 0x01, 0x02, 0x01, 0x0B, 0x1C, 0x1A, 0x1E,
    0x0C, 0x01, 0x02, 0x01, 0x0B, 0x1C, 0x1D, 0x1C, 0x04, 0x02, 0x01, 0x05, 0x1F, 0x18, 0x16, 0x13, 0x0E, 0x13, 0x1F, 0x1F, 0x1B, 0x1D, 0x1C, 0x07,
    0x01, 0x02, 0x02, 0x16, 0x1E, 0x1A, 0x1D, 0x1D, 0x1F, 0x0B, 0x02, 0x04, 0x03, 0x02, 0x03, 0x04, 0x03, 0x13, 0x1E, 0x1D, 0x1D, 0x1B, 0x16, 0x04,
    0x03, 0x04, 0x07, 0x10, 0x18, 0x1F, 0x1C, 0x1B, 0x19, 0x19, 0x19, 0x19, 0x15, 0x1C, 0x1F, 0x10, 0x07, 0x04, 0x08, 0x0E, 0x10, 0x0E, 0x0E, 0x0E,
    0x10, 0x10, 0x10, 0x10, 0x10, 0x10, 0x13, 0x13, 0x13, 0x13, 0x13, 0x13, 0x16, 0x16, 0x16, 0x16, 0x16, 0x16, 0x0C, 0x01, 0x02, 0x01, 0x08, 0x1F,
    0x1D, 0x1E, 0x0E, 0x01, 0x02, 0x01, 0x08, 0x1C, 0x1D, 0x1C, 0x04, 0x01, 0x02, 0x01, 0x04, 0x04, 0x03, 0x02, 0x02, 0x02, 0x08, 0x16, 0x1E, 0x1D,
    0x1C, 0x08, 0x02, 0x04, 0x02, 0x10, 0x17, 0x1A, 0x1D, 0x1D, 0x1B, 0x1F, 0x04, 0x02, 0x03, 0x03, 0x03, 0x04, 0x04, 0x13, 0x1E, 0x1D, 0x1D, 0x1D,
    0x1C, 0x0B, 0x0C, 0x16, 0x1F, 0x1C, 0x1E, 0x15, 0x19, 0x19, 0x19, 0x19, 0x1B, 0x1F, 0x1F, 0x0C, 0x05, 0x04, 0x08, 0x0E, 0x10, 0x0E, 0x0E, 0x0E,
    0x0E, 0x10, 0x10, 0x10, 0x10, 0x10, 0x10, 0x10, 0x13, 0x13, 0x13, 0x13, 0x13, 0x16, 0x16, 0x16, 0x16, 0x16, 0x16, 0x16, 0x0C, 0x01, 0x01, 0x01,
    0x08, 0x1F, 0x1D, 0x1E, 0x10, 0x01, 0x01, 0x01, 0x08, 0x1F, 0x1D, 0x1F, 0x0B, 0x02, 0x02, 0x03, 0x02, 0x02, 0x02, 0x03, 0x04, 0x04, 0x01, 0x07,
    0x1F, 0x15, 0x1C, 0x0B, 0x01, 0x03, 0x02, 0x0B, 0x1C, 0x1A, 0x1D, 0x1D, 0x1A, 0x1E, 0x13, 0x02, 0x04, 0x04, 0x04, 0x05, 0x04, 0x16, 0x1E, 0x1D,
    0x1D, 0x1D, 0x1E, 0x1F, 0x1C, 0x1E, 0x15, 0x19, 0x19, 0x19, 0x19, 0x19, 0x1E, 0x1F, 0x18, 0x0A, 0x04, 0x04, 0x08, 0x0E, 0x0E, 0x0E, 0x0E, 0x0E,
    0x0E, 0x0E, 0x10, 0x10, 0x10, 0x10, 0x10, 0x10, 0x10, 0x13, 0x13, 0x13, 0x13, 0x13, 0x16, 0x16, 0x16, 0x16, 0x16, 0x16, 0x16, 0x16, 0x0E, 0x01,
    0x03, 0x01, 0x08, 0x1F, 0x1D, 0x1E, 0x10, 0x02, 0x03, 0x02, 0x07, 0x1F, 0x1D, 0x1B, 0x1F, 0x10, 0x05, 0x05, 0x07, 0x07, 0x08, 0x07, 0x02, 0x03,
    0x02, 0x04, 0x1F, 0x1B, 0x1E, 0x0E, 0x02, 0x04, 0x02, 0x07, 0x1F, 0x1D, 0x1D, 0x1D, 0x1D, 0x1D, 0x1F, 0x08, 0x02, 0x03, 0x03, 0x04, 0x07, 0x18,
    0x1B, 0x1D, 0x1D, 0x1D, 0x1B, 0x1D, 0x19, 0x19, 0x19, 0x19, 0x19, 0x1B, 0x1F, 0x1F, 0x10, 0x07, 0x04, 0x05, 0x08, 0x0E, 0x0E, 0x0C, 0x0C, 0x0E,
    0x0E, 0x0E, 0x10, 0x10, 0x10, 0x10, 0x10, 0x10, 0x10, 0x13, 0x13, 0x13, 0x13, 0x13, 0x13, 0x16, 0x16, 0x16, 0x16, 0x16, 0x16, 0x16, 0x16, 0x16,
    0x10, 0x02, 0x03, 0x02, 0x07, 0x1F, 0x1D, 0x1B, 0x13, 0x02, 0x04, 0x02, 0x07, 0x1F, 0x1D, 0x1E, 0x1F, 0x1F, 0x16, 0x13, 0x1F, 0x1F, 0x1F, 0x1F,
    0x04, 0x02, 0x02, 0x04, 0x16, 0x1B, 0x1B, 0x16, 0x02, 0x04, 0x04, 0x04, 0x13, 0x1C, 0x1D, 0x1A, 0x1D, 0x1D, 0x1B, 0x1F, 0x08, 0x08, 0x10, 0x16,
    0x1F, 0x1C, 0x1B, 0x1A, 0x1A, 0x19, 0x19, 0x19, 0x19, 0x19, 0x15, 0x1C, 0x1F, 0x16, 0x0A, 0x04, 0x04, 0x07, 0x0B, 0x0E, 0x0C, 0x0C, 0x0C, 0x0C,
    0x0C, 0x0E, 0x0E, 0x0E, 0x10, 0x10, 0x10, 0x10, 0x10, 0x13, 0x13, 0x13, 0x13, 0x13, 0x13, 0x16, 0x16, 0x16, 0x16, 0x16, 0x16, 0x16, 0x16, 0x16,
    0x16, 0x16, 0x10, 0x01, 0x02, 0x01, 0x07, 0x1F, 0x1B, 0x1E, 0x13, 0x02, 0x02, 0x01, 0x07, 0x1F, 0x1B, 0x1C, 0x0B, 0x04, 0x04, 0x02, 0x0C, 0x18,
    0x13, 0x0E, 0x03, 0x02, 0x03, 0x02, 0x16, 0x1E, 0x17, 0x10, 0x04, 0x05, 0x05, 0x04, 0x02, 0x16, 0x1B, 0x1D, 0x1D, 0x1D, 0x1D, 0x17, 0x1F, 0x1F,
    0x1C, 0x1E, 0x15, 0x19, 0x19, 0x19, 0x19, 0x19, 0x19, 0x15, 0x1C, 0x1F, 0x16, 0x0C, 0x07, 0x04, 0x05, 0x08, 0x0C, 0x0C, 0x0C, 0x0C, 0x0C, 0x0C,
    0x0C, 0x0C, 0x0E, 0x0E, 0x10, 0x10, 0x10, 0x10, 0x10, 0x10, 0x13, 0x13, 0x13, 0x13, 0x13, 0x13, 0x16, 0x16, 0x16, 0x16, 0x16, 0x16, 0x16, 0x16,
    0x16, 0x16, 0x18, 0x18, 0x10, 0x02, 0x02, 0x01, 0x04, 0x16, 0x16, 0x16, 0x0C, 0x01, 0x02, 0x02, 0x04, 0x1F, 0x1D, 0x1C, 0x08, 0x01, 0x04, 0x03,
    0x04, 0x04, 0x04, 0x03, 0x04, 0x04, 0x02, 0x0B, 0x1F, 0x1B, 0x1C, 0x05, 0x04, 0x05, 0x07, 0x08, 0x0C, 0x18, 0x1E, 0x1D, 0x1D, 0x1D, 0x1D, 0x1D,
    0x15, 0x19, 0x19, 0x19, 0x19, 0x19, 0x19, 0x19, 0x1B, 0x1C, 0x1F, 0x16, 0x0A, 0x07, 0x04, 0x04, 0x08, 0x0C, 0x0C, 0x0C, 0x0A, 0x0A, 0x0C, 0x0C,
    0x0C, 0x0C, 0x0E, 0x0E, 0x0E, 0x10, 0x10, 0x10, 0x10, 0x10, 0x13, 0x13, 0x13, 0x13, 0x13, 0x13, 0x13, 0x16, 0x16, 0x16, 0x16, 0x16, 0x16, 0x16,
    0x16, 0x16, 0x16, 0x18, 0x18, 0x18, 0x13, 0x02, 0x02, 0x03, 0x02, 0x04, 0x04, 0x04, 0x03, 0x04, 0x04, 0x02, 0x08, 0x1F, 0x1D, 0x1E, 0x16, 0x04,
    0x03, 0x04, 0x04, 0x04, 0x04, 0x04, 0x04, 0x02, 0x08, 0x1F, 0x1E, 0x1A, 0x1C, 0x13, 0x13, 0x18, 0x1F, 0x1F, 0x1C, 0x17, 0x1B, 0x1A, 0x1A, 0x19,
    0x19, 0x19, 0x19, 0x19, 0x19, 0x19, 0x15, 0x1E, 0x1F, 0x1F, 0x16, 0x0A, 0x05, 0x04, 0x04, 0x07, 0x0C, 0x0C, 0x0C, 0x0C, 0x0A, 0x0A, 0x0C, 0x0C,
    0x0C, 0x0C, 0x0C, 0x0E, 0x0E, 0x10, 0x10, 0x10, 0x10, 0x10, 0x10, 0x13, 0x13, 0x13, 0x13, 0x13, 0x13, 0x16, 0x16, 0x16, 0x16, 0x16, 0x16, 0x16,
    0x16, 0x16, 0x16, 0x16, 0x18, 0x18, 0x18, 0x18, 0x1C, 0x10, 0x04, 0x02, 0x04, 0x03, 0x04, 0x04, 0x04, 0x04, 0x02, 0x08, 0x1F, 0x1E, 0x1D, 0x1D,
    0x1E, 0x18, 0x08, 0x04, 0x07, 0x07, 0x08, 0x0B, 0x0C, 0x10, 0x1F, 0x1E, 0x1D, 0x1D, 0x1E, 0x1C, 0x1E, 0x1B, 0x1D, 0x1A, 0x19, 0x19, 0x19, 0x19,
    0x19, 0x19, 0x19, 0x19, 0x1B, 0x17, 0x1F, 0x1F, 0x16, 0x10, 0x08, 0x04, 0x04, 0x05, 0x08, 0x0B, 0x0C, 0x0C, 0x0C, 0x0A, 0x0A, 0x0A, 0x0C, 0x0C,
    0x0C, 0x0C, 0x0C, 0x0E, 0x0E, 0x0E, 0x10, 0x10, 0x10, 0x10, 0x10, 0x10, 0x13, 0x13, 0x13, 0x13, 0x13, 0x13, 0x16, 0x16, 0x16, 0x16, 0x16, 0x16,
    0x16, 0x16, 0x16, 0x16, 0x18, 0x18, 0x18, 0x18, 0x18, 0x18, 0x1D, 0x1C, 0x16, 0x07, 0x07, 0x07, 0x07, 0x07, 0x07, 0x08, 0x0C, 0x1F, 0x1E, 0x1A,
    0x1D, 0x1D, 0x1D, 0x1E, 0x1F, 0x18, 0x1F, 0x1F, 0x1F, 0x1F, 0x1C, 0x1C, 0x1E, 0x1D, 0x1A, 0x19, 0x19, 0x19, 0x19, 0x19, 0x19, 0x19, 0x19, 0x19,
    0x19, 0x15, 0x1B, 0x1C, 0x1F, 0x1F, 0x16, 0x0C, 0x08, 0x05, 0x04, 0x04, 0x07, 0x08, 0x0C, 0x0C, 0x0C, 0x0A, 0x0A, 0x0A, 0x0A, 0x0A, 0x0C, 0x0C,
    0x0C, 0x0C, 0x0C, 0x0C, 0x0E, 0x0E, 0x10, 0x10, 0x10, 0x10, 0x10, 0x10, 0x10, 0x13, 0x13, 0x13, 0x13, 0x13, 0x13, 0x16, 0x16, 0x16, 0x16, 0x16,
    0x16, 0x16, 0x16, 0x16, 0x18, 0x18, 0x18, 0x18, 0x18, 0x18, 0x18, 0x18, 0x1D, 0x1D, 0x1C, 0x1F, 0x1F, 0x1F, 0x1F, 0x1F, 0x1F, 0x1F, 0x1F, 0x1E,
    0x1D, 0x1D, 0x1D, 0x1D, 0x1D, 0x1D, 0x1B, 0x1B, 0x1B, 0x15, 0x1A, 0x19, 0x19, 0x19, 0x19, 0x19, 0x19, 0x19, 0x19, 0x19, 0x19, 0x19, 0x15, 0x1B,
    0x1C, 0x1F, 0x1F, 0x18, 0x13, 0x0A, 0x07, 0x04, 0x04, 0x04, 0x07, 0x08, 0x0B, 0x0C, 0x0C, 0x0C, 0x0C, 0x0C, 0x0A, 0x0C, 0x0C, 0x0C, 0x0C, 0x0C,
    0x0C, 0x0C, 0x0C, 0x0C, 0x0C, 0x0C, 0x0E, 0x10, 0x10, 0x10, 0x10, 0x10, 0x10, 0x10, 0x13, 0x13, 0x13, 0x13, 0x13, 0x13, 0x16, 0x16, 0x16, 0x16,
    0x16, 0x16, 0x16, 0x16, 0x16, 0x16, 0x18, 0x18, 0x18, 0x18, 0x18, 0x18, 0x18, 0x18, 0x19, 0x1A, 0x1A, 0x1D, 0x1D, 0x1A, 0x1A, 0x1A, 0x19, 0x19,
    0x19, 0x19, 0x19, 0x19, 0x19, 0x19, 0x19, 0x19, 0x19, 0x19, 0x19, 0x19, 0x19, 0x19, 0x19, 0x19, 0x19, 0x1A, 0x1B, 0x1E, 0x1C, 0x1F, 0x1F, 0x1F,
    0x16, 0x10, 0x0A, 0x08, 0x05, 0x04, 0x04, 0x04, 0x07, 0x08, 0x0B, 0x0E, 0x0E, 0x0C, 0x0B, 0x0B, 0x0C, 0x0C, 0x0C, 0x0C, 0x0C, 0x0C, 0x0C, 0x0C,
    0x0C, 0x0C, 0x0C, 0x0C, 0x0C, 0x0C, 0x0E, 0x0E, 0x10, 0x10, 0x10, 0x10, 0x10, 0x10, 0x13, 0x13, 0x13, 0x13, 0x13, 0x13, 0x13, 0x16, 0x16, 0x16,
    0x16, 0x16, 0x16, 0x16, 0x16, 0x16, 0x16, 0x18, 0x18, 0x18, 0x18, 0x18, 0x18, 0x18, 0x18, 0x18, 0x19, 0x19, 0x19, 0x19, 0x19, 0x19, 0x19, 0x19,
    0x19, 0x19, 0x19, 0x19, 0x19, 0x19, 0x19, 0x19, 0x19, 0x19, 0x19, 0x15, 0x1B, 0x1E, 0x17, 0x1C, 0x1F, 0x1F, 0x1F, 0x18, 0x16, 0x10, 0x0A, 0x08,
    0x05, 0x04, 0x04, 0x04, 0x04, 0x07, 0x08, 0x0B, 0x0D, 0x0E, 0x0E, 0x0C, 0x0C, 0x0B, 0x0B, 0x0C, 0x0C, 0x0C, 0x0C, 0x0C, 0x0C, 0x0C, 0x0C, 0x0C,
    0x0C, 0x0C, 0x0C, 0x0C, 0x0C, 0x0C, 0x0E, 0x0E, 0x10, 0x10, 0x10, 0x10, 0x10, 0x10, 0x10, 0x13, 0x13, 0x13, 0x13, 0x13, 0x13, 0x16, 0x16, 0x16,
    0x16, 0x16, 0x16, 0x16, 0x16, 0x16, 0x16, 0x16, 0x18, 0x18, 0x18, 0x18, 0x18, 0x18, 0x18, 0x18, 0x1F, 0x1F, 0x1E, 0x1E, 0x1E, 0x1E, 0x1E, 0x1E,
    0x1E, 0x17, 0x1C, 0x1C, 0x1C, 0x1C, 0x1F, 0x1F, 0x1F, 0x1F, 0x1F, 0x18, 0x18, 0x16, 0x13, 0x10, 0x0C, 0x0A, 0x08, 0x07, 0x05, 0x04, 0x04, 0x04,
    0x04, 0x07, 0x07, 0x08, 0x0B, 0x0D, 0x0D, 0x0D, 0x0D, 0x0B, 0x0B, 0x0B, 0x0B, 0x0C, 0x0C, 0x0C, 0x0C, 0x0C, 0x0C, 0x0C, 0x0C, 0x0C, 0x0C, 0x0C,
    0x0C, 0x0C, 0x0C, 0x0C, 0x0C, 0x0E, 0x0E, 0x0E, 0x10, 0x10, 0x10, 0x10, 0x10, 0x10, 0x10, 0x13, 0x13, 0x13, 0x13, 0x13, 0x13, 0x13, 0x16, 0x16,
    0x16, 0x16, 0x16, 0x16, 0x16, 0x16, 0x16, 0x16, 0x16, 0x18, 0x18, 0x18, 0x18, 0x18, 0x18, 0x18, 0x1F, 0x1F, 0x1F, 0x1F, 0x0C, 0x0C, 0x0C, 0x0C,
    0x0C, 0x0C, 0x0C, 0x0A, 0x0A, 0x0A, 0x0A, 0x08, 0x08, 0x07, 0x07, 0x05, 0x05, 0x04, 0x04, 0x04, 0x04, 0x04, 0x04, 0x04, 0x07, 0x07, 0x08, 0x0B,
    0x0D, 0x0D, 0x0D, 0x0D, 0x0D, 0x0B, 0x0B, 0x0B, 0x0B, 0x0B, 0x0B, 0x0B, 0x0C, 0x0C, 0x0C, 0x0C, 0x0C, 0x0C, 0x0C, 0x0C, 0x0C, 0x0C, 0x0C, 0x0C,
    0x0C, 0x0C, 0x0C, 0x0C, 0x0C, 0x0E, 0x0E, 0x0E, 0x10, 0x10, 0x10, 0x10, 0x10, 0x10, 0x10, 0x10, 0x13, 0x13, 0x13, 0x13, 0x13, 0x13, 0x13, 0x13,
    0x16, 0x16, 0x16, 0x16, 0x16, 0x16, 0x16, 0x16, 0x16, 0x18, 0x18, 0x18, 0x18, 0x18, 0x18, 0x18, 0x18, 0x1F, 0x1F, 0x1F, 0x1F, 0x1F, 0x04, 0x04,
    0x04, 0x04, 0x04, 0x04, 0x04, 0x04, 0x04, 0x04, 0x04, 0x07, 0x07, 0x07, 0x07, 0x07, 0x08, 0x08, 0x0B, 0x0B, 0x0B, 0x0D, 0x0D, 0x0D, 0x0D, 0x0B,
    0x0B, 0x0B, 0x0B, 0x0B, 0x0B, 0x0B, 0x0B, 0x0B, 0x0B, 0x0B, 0x0B, 0x0B, 0x0B, 0x0C, 0x0C, 0x0C, 0x0C, 0x0C, 0x0C, 0x0C, 0x0C, 0x0C, 0x0C, 0x0C,
    0x0C, 0x0C, 0x0C, 0x0E, 0x0E, 0x0E, 0x0E, 0x0E, 0x0E, 0x10, 0x10, 0x10, 0x10, 0x10, 0x10, 0x10, 0x10, 0x13, 0x13, 0x13, 0x13, 0x13, 0x13, 0x13,
    0x16, 0x16, 0x16, 0x16, 0x16, 0x16, 0x16, 0x16, 0x16, 0x16, 0x16, 0x18, 0x18, 0x18, 0x18, 0x18, 0x18, 0x18, 0x18, 0x1F, 0x1F, 0x1F, 0x1F, 0x1F,
    0x0D, 0x0D, 0x0D, 0x0D, 0x0D, 0x0D, 0x0D, 0x0D, 0x0D, 0x0D, 0x0D, 0x0D, 0x0D, 0x0D, 0x0D, 0x0D, 0x0B, 0x0B, 0x0B, 0x0B, 0x0B, 0x0B, 0x0B, 0x0B,
    0x0B, 0x0B, 0x0B, 0x0B, 0x0B, 0x0B, 0x0B, 0x0B, 0x0B, 0x0B, 0x0B, 0x0B, 0x0B, 0x0B, 0x0C, 0x0C, 0x0C, 0x0C, 0x0C, 0x0C, 0x0C, 0x0C, 0x0C, 0x0C,
    0x0E, 0x0E, 0x0E, 0x0E, 0x0E, 0x0E, 0x0E, 0x0E, 0x0E, 0x10, 0x10, 0x10, 0x10, 0x10, 0x10, 0x10, 0x10, 0x10, 0x13, 0x13, 0x13, 0x13, 0x13, 0x13,
    0x13, 0x16, 0x16, 0x16, 0x16, 0x16, 0x16, 0x16, 0x16, 0x16, 0x16, 0x16, 0x18, 0x18, 0x18, 0x18, 0x18, 0x18, 0x1F, 0x1F, 0x1F, 0x1F, 0x1F, 0x1F,
    0x1F, 0x1F, 0x0B, 0x0B, 0x0B, 0x0B, 0x0B, 0x0B, 0x0B, 0x0B, 0x0B, 0x0B, 0x0B, 0x0B, 0x0B, 0x0B, 0x0B, 0x0B, 0x0B, 0x0B, 0x0B, 0x0B, 0x0B, 0x0B,
    0x0B, 0x0B, 0x0B, 0x0B, 0x0B, 0x0B, 0x0B, 0x0B, 0x0B, 0x0B, 0x0B, 0x0B, 0x0D, 0x0C, 0x0C, 0x0C, 0x0C, 0x0C, 0x0C, 0x0C, 0x0C, 0x0C, 0x0E, 0x0E,
    0x0E, 0x0E, 0x0E, 0x0E, 0x0E, 0x0E, 0x0E, 0x0E, 0x0E, 0x0E, 0x10, 0x10, 0x10, 0x10, 0x10, 0x10, 0x10, 0x10, 0x10, 0x10, 0x13, 0x13, 0x13, 0x13,
    0x13, 0x13, 0x16, 0x16, 0x16, 0x16, 0x16, 0x16, 0x16, 0x16, 0x16, 0x16, 0x16, 0x16, 0x18, 0x18, 0x18, 0x18, 0x18, 0x18, 0x18, 0x1F, 0x1F, 0x1F,
    0x1F, 0x1F, 0x1F, 0x1F, 0x0B, 0x0B, 0x0B, 0x0B, 0x0B, 0x0B, 0x0B, 0x0B, 0x0B, 0x0B, 0x0B, 0x0B, 0x0B, 0x0B, 0x0B, 0x0B, 0x0B, 0x0B, 0x0B, 0x0B,
    0x0B, 0x0B, 0x0B, 0x0B, 0x0B, 0x0B, 0x0B, 0x0B, 0x0B, 0x0B, 0x0B, 0x0B, 0x0B, 0x0B, 0x0C, 0x0C, 0x0C, 0x0C, 0x0C, 0x0C, 0x0E, 0x0E, 0x0E, 0x0E,
    0x0E, 0x0E, 0x0E, 0x0E, 0x0E, 0x0E, 0x10, 0x10, 0x0E, 0x0E, 0x0E, 0x10, 0x10, 0x10, 0x10, 0x10, 0x10, 0x10, 0x10, 0x10, 0x10, 0x13, 0x13, 0x13,
    0x13, 0x13, 0x13, 0x13, 0x16, 0x16, 0x16, 0x16, 0x16, 0x16, 0x16, 0x16, 0x16, 0x18, 0x18, 0x18, 0x18, 0x18, 0x18, 0x18, 0x18, 0x1F, 0x18, 0x1F,
    0x1F, 0x1F, 0x1F, 0x1F, 0x1F, 0x1F, 0x0B, 0x0B, 0x0B, 0x0B, 0x0B, 0x0B, 0x0B, 0x0B, 0x0B, 0x0B, 0x0B, 0x0B, 0x0B, 0x0B, 0x0B, 0x0B, 0x0B, 0x0B,
    0x0B, 0x0B, 0x0B, 0x0B, 0x0B, 0x0B, 0x0B, 0x0B, 0x0B, 0x0B, 0x0B, 0x0B, 0x0B, 0x0B, 0x0C, 0x0C, 0x0C, 0x0C, 0x0C, 0x0C, 0x0C, 0x0E, 0x0E, 0x0E,
    0x0E, 0x0E, 0x0E, 0x0E, 0x0E, 0x0E, 0x10, 0x10, 0x10, 0x10, 0x10, 0x10, 0x10, 0x10, 0x10, 0x10, 0x10, 0x10, 0x10, 0x10, 0x10, 0x10, 0x13, 0x13,
    0x13, 0x13, 0x13, 0x13, 0x13, 0x13, 0x16, 0x16, 0x16, 0x16, 0x16, 0x16, 0x16, 0x16, 0x16, 0x18, 0x18, 0x18, 0x18, 0x18, 0x18, 0x18, 0x1F, 0x1F,
    0x1F, 0x1F, 0x1F, 0x1F, 0x1F, 0x1F, 0x1F, 0x1F, 0x0B, 0x0B, 0x0B, 0x0B, 0x0B, 0x0B, 0x0B, 0x0B, 0x0B, 0x0B, 0x0B, 0x0B, 0x0B, 0x0B, 0x0B, 0x0B,
    0x0B, 0x0B, 0x0B, 0x0B, 0x0B, 0x0B, 0x0B, 0x0B, 0x0B, 0x0B, 0x0B, 0x0B, 0x0B, 0x0B, 0x0B, 0x0C, 0x0C, 0x0C, 0x0C, 0x0C, 0x0E, 0x0E, 0x0E, 0x0E,
    0x0E, 0x0E, 0x0E, 0x0E, 0x0E, 0x0E, 0x0E, 0x0E, 0x10, 0x10, 0x10, 0x10, 0x10, 0x10, 0x10, 0x10, 0x10, 0x10, 0x10, 0x10, 0x10, 0x10, 0x10, 0x13,
    0x13, 0x13, 0x13, 0x13, 0x13, 0x13, 0x13, 0x13, 0x16, 0x16, 0x16, 0x16, 0x16, 0x16, 0x16, 0x16, 0x16, 0x18, 0x18, 0x18, 0x18, 0x18, 0x18, 0x18,
    0x1F, 0x1F, 0x1F, 0x1F, 0x1F, 0x1F, 0x1F, 0x1F, 0x1F, 0x1F,
};

static const wm_source_sprite sprites[] = {
    {"SPRTLG01", "SPORTLO8.IMG", 42, 35, 137, 73, {0, 0, 0, -1, -1, -1, 0, -1, -1}, px_sprtlg01, pal_sprtlg01, 18},
    {"SPRTLG02", "SPORTLO8.IMG", 187, 35, 95, 83, {0, 0, 0, -1, -1, -1, 0, -1, -1}, px_sprtlg02, pal_sprtlg02, 42},
    {"SPRTLG03", "SPORTLO8.IMG", 47, 35, -92, 73, {0, 0, 0, -1, -1, -1, 0, -1, -1}, px_sprtlg03, pal_sprtlg03, 18},
    {"SPRTLG04", "SPORTLO8.IMG", 43, 79, 109, 65, {0, 0, 0, -1, -1, -1, 0, -1, -1}, px_sprtlg04, pal_sprtlg04, 64},
    {"SPRTLG05", "SPORTLO8.IMG", 30, 54, 66, 53, {0, 0, 0, -1, -1, -1, 0, -1, -1}, px_sprtlg05, pal_sprtlg05, 61},
    {"SPRTLG06", "SPORTLO8.IMG", 27, 30, 36, 44, {0, 0, 0, -1, -1, -1, 0, -1, -1}, px_sprtlg06, pal_sprtlg06, 51},
    {"SPRTLG07", "SPORTLO8.IMG", 39, 39, 9, 47, {0, 0, 0, -1, -1, -1, 0, -1, -1}, px_sprtlg07, pal_sprtlg07, 64},
    {"SPRTLG08", "SPORTLO8.IMG", 25, 45, -30, 52, {0, 0, 0, -1, -1, -1, 0, -1, -1}, px_sprtlg08, pal_sprtlg08, 58},
    {"SPRTLG09", "SPORTLO8.IMG", 25, 74, -55, 62, {0, 0, 0, -1, -1, -1, 0, -1, -1}, px_sprtlg09, pal_sprtlg09, 63},
    {"SPRTLG10", "SPORTLO8.IMG", 26, 85, -80, 68, {0, 0, 0, -1, -1, -1, 0, -1, -1}, px_sprtlg10, pal_sprtlg10, 45},
    {"SPRTLG11", "SPORTLO8.IMG", 37, 62, 55, 27, {0, 0, 0, -1, -1, -1, 0, -1, -1}, px_sprtlg11, pal_sprtlg11, 45},
    {"SPRTLG12", "SPORTLO8.IMG", 35, 55, 18, 28, {0, 0, 0, -1, -1, -1, 0, -1, -1}, px_sprtlg12, pal_sprtlg12, 64},
    {"SPRTLG13", "SPORTLO8.IMG", 46, 42, -17, 20, {0, 0, 0, -1, -1, -1, 0, -1, -1}, px_sprtlg13, pal_sprtlg13, 55},
    {"SPRTLG14", "SPORTLO8.IMG", 40, 51, 34, -23, {0, 0, 0, -1, -1, -1, 0, -1, -1}, px_sprtlg14, pal_sprtlg14, 64},
    {"SPRTLG15", "SPORTLO8.IMG", 39, 42, -6, -12, {0, 0, 0, -1, -1, -1, 0, -1, -1}, px_sprtlg15, pal_sprtlg15, 59},
    {"SPRTLG16", "SPORTLO8.IMG", 87, 80, 92, -5, {0, 0, 0, -1, -1, -1, 0, -1, -1}, px_sprtlg16, pal_sprtlg16, 32},
    {"SPRTLG17", "SPORTLO8.IMG", 98, 77, 5, -8, {0, 0, 0, -1, -1, -1, 0, -1, -1}, px_sprtlg17, pal_sprtlg17, 32},
};

_Static_assert(sizeof(sprites)/sizeof(sprites[0]) == WM_SPORTS_LOGO_PIECES,
               "replacement must remain a 17-piece SPORTLO8 package");

const wm_source_sprite *wm_sports_logo_sprite_find(const char *source_frame) {
    if (!source_frame) return 0;
    for (size_t i = 0; i < sizeof(sprites)/sizeof(sprites[0]); ++i)
        if (strcmp(sprites[i].source_frame, source_frame) == 0) return &sprites[i];
    return 0;
}

const wm_source_sprite *wm_sports_logo_sprite_at(size_t index) {
    if (index >= sizeof(sprites)/sizeof(sprites[0])) return 0;
    return &sprites[index];
}

size_t wm_sports_logo_sprite_count(void) {
    return sizeof(sprites)/sizeof(sprites[0]);
}
