/* Auto-generated from original IMG/SPORTBK.IMG.
   BGNDTBL.ASM::BKHDRS = 100x100,100x109.
   MIDWAY is logically 98x109 in WIMP but has a real 100-byte padded CI8 row.
   The two original padding bytes per row are preserved verbatim. */
#include "wm/sports_background.h"

static uint16_t sportbk_opaque[] __attribute__((aligned(8))) = {
    0x2211, 0x0803, 0x1809, 0x1007, 0x200D, 0x2811, 0x180B, 0x200F, 0x2813, 0x0805, 0x1009, 0x180D,
    0x2011, 0x180F, 0x100B, 0x0807, 0x0809, 0x0003, 0x0005, 0x519B, 0x4959, 0x4157, 0x3915, 0x30D3,
    0x28D1, 0x208F, 0x188D, 0x184B, 0x1049,
};

static uint16_t sportbk_keyed[] __attribute__((aligned(8))) = {
    0x0000, 0x0803, 0x1809, 0x1007, 0x200D, 0x2811, 0x180B, 0x200F, 0x2813, 0x0805, 0x1009, 0x180D,
    0x2011, 0x180F, 0x100B, 0x0807, 0x0809, 0x0003, 0x0005, 0x519B, 0x4959, 0x4157, 0x3915, 0x30D3,
    0x28D1, 0x208F, 0x188D, 0x184B, 0x1049,
};

static uint16_t sportbk_p_opaque[] __attribute__((aligned(8))) = {
    0x0001, 0x0803, 0x1809, 0x1007, 0x200D, 0x2811, 0x180B, 0x200F, 0x2813, 0x0805, 0x1009, 0x180D,
    0x2011, 0x180F, 0x100B, 0x0807, 0x0809, 0x0003, 0x0005,
};

static uint16_t sportbk_p_keyed[] __attribute__((aligned(8))) = {
    0x0000, 0x0803, 0x1809, 0x1007, 0x200D, 0x2811, 0x180B, 0x200F, 0x2813, 0x0805, 0x1009, 0x180D,
    0x2011, 0x180F, 0x100B, 0x0807, 0x0809, 0x0003, 0x0005,
};

static const uint8_t sportbk_px_0[] __attribute__((aligned(8))) = {
    0x0A, 0x0B, 0x06, 0x07, 0x0B, 0x06, 0x0F, 0x07, 0x06, 0x03, 0x06, 0x07, 0x06, 0x06, 0x05, 0x0B, 0x07, 0x0C, 0x07, 0x06, 0x0B, 0x0D, 0x07, 0x0B,
    0x07, 0x07, 0x05, 0x07, 0x0B, 0x0B, 0x06, 0x0C, 0x07, 0x04, 0x07, 0x07, 0x0B, 0x0B, 0x0B, 0x06, 0x06, 0x0B, 0x07, 0x07, 0x06, 0x0B, 0x0B, 0x07,
    0x07, 0x0C, 0x0B, 0x0A, 0x0B, 0x04, 0x07, 0x04, 0x0B, 0x0B, 0x0B, 0x0B, 0x06, 0x0F, 0x06, 0x0C, 0x0A, 0x06, 0x06, 0x0B, 0x0B, 0x05, 0x0B, 0x0F,
    0x0E, 0x06, 0x06, 0x06, 0x0C, 0x07, 0x0A, 0x06, 0x0B, 0x06, 0x0B, 0x05, 0x0C, 0x0D, 0x05, 0x0E, 0x03, 0x0C, 0x04, 0x0A, 0x06, 0x06, 0x0F, 0x06,
    0x09, 0x03, 0x0C, 0x0B, 0x0B, 0x06, 0x0B, 0x06, 0x07, 0x0B, 0x06, 0x0F, 0x07, 0x0B, 0x03, 0x06, 0x0C, 0x06, 0x0B, 0x05, 0x0D, 0x0C, 0x0C, 0x07,
    0x06, 0x07, 0x0B, 0x07, 0x0D, 0x07, 0x0C, 0x05, 0x07, 0x0B, 0x0B, 0x06, 0x05, 0x0D, 0x07, 0x0C, 0x07, 0x0B, 0x04, 0x0B, 0x06, 0x06, 0x0B, 0x07,
    0x07, 0x06, 0x0B, 0x0B, 0x07, 0x07, 0x07, 0x07, 0x0A, 0x0B, 0x07, 0x07, 0x04, 0x0B, 0x0B, 0x04, 0x0B, 0x06, 0x0F, 0x06, 0x07, 0x0A, 0x06, 0x06,
    0x04, 0x0B, 0x05, 0x0B, 0x03, 0x0A, 0x0B, 0x06, 0x0B, 0x07, 0x0C, 0x0A, 0x06, 0x0D, 0x06, 0x04, 0x05, 0x07, 0x07, 0x05, 0x0E, 0x0A, 0x0C, 0x04,
    0x0A, 0x06, 0x06, 0x0F, 0x06, 0x0A, 0x06, 0x07, 0x07, 0x0B, 0x0E, 0x0D, 0x06, 0x07, 0x0D, 0x06, 0x0F, 0x07, 0x0B, 0x03, 0x06, 0x0C, 0x06, 0x06,
    0x05, 0x04, 0x0C, 0x0C, 0x07, 0x06, 0x0D, 0x0B, 0x0D, 0x0B, 0x07, 0x0C, 0x05, 0x07, 0x0B, 0x0B, 0x06, 0x05, 0x0B, 0x07, 0x07, 0x07, 0x0B, 0x04,
    0x04, 0x06, 0x06, 0x0B, 0x07, 0x07, 0x06, 0x06, 0x0B, 0x07, 0x07, 0x0C, 0x07, 0x0A, 0x0B, 0x07, 0x05, 0x04, 0x0B, 0x0D, 0x07, 0x0B, 0x06, 0x0F,
    0x06, 0x07, 0x0A, 0x06, 0x06, 0x04, 0x0B, 0x05, 0x0D, 0x03, 0x02, 0x06, 0x06, 0x04, 0x07, 0x0C, 0x0A, 0x06, 0x0B, 0x06, 0x07, 0x05, 0x0C, 0x0B,
    0x05, 0x06, 0x0A, 0x0C, 0x04, 0x0A, 0x06, 0x06, 0x0F, 0x06, 0x0E, 0x06, 0x06, 0x07, 0x07, 0x02, 0x0D, 0x06, 0x07, 0x0B, 0x06, 0x0F, 0x07, 0x0B,
    0x03, 0x06, 0x05, 0x06, 0x0E, 0x05, 0x07, 0x0C, 0x05, 0x07, 0x0B, 0x04, 0x0D, 0x04, 0x0D, 0x07, 0x07, 0x05, 0x07, 0x0B, 0x06, 0x0E, 0x05, 0x0B,
    0x07, 0x0C, 0x07, 0x06, 0x0B, 0x07, 0x06, 0x06, 0x0B, 0x07, 0x07, 0x06, 0x04, 0x0B, 0x07, 0x07, 0x0C, 0x0B, 0x02, 0x0B, 0x04, 0x08, 0x04, 0x0B,
    0x0B, 0x07, 0x0B, 0x06, 0x0F, 0x0E, 0x07, 0x0A, 0x06, 0x06, 0x04, 0x0B, 0x05, 0x0B, 0x0F, 0x06, 0x06, 0x06, 0x04, 0x0C, 0x07, 0x0A, 0x06, 0x0D,
    0x06, 0x0B, 0x05, 0x07, 0x04, 0x0C, 0x06, 0x0A, 0x04, 0x04, 0x0A, 0x06, 0x06, 0x0F, 0x06, 0x0E, 0x06, 0x06, 0x07, 0x07, 0x0E, 0x04, 0x06, 0x07,
    0x0D, 0x06, 0x0F, 0x07, 0x0B, 0x03, 0x0E, 0x07, 0x09, 0x06, 0x0C, 0x07, 0x05, 0x05, 0x07, 0x0B, 0x0B, 0x0D, 0x06, 0x07, 0x07, 0x05, 0x05, 0x07,
    0x0B, 0x06, 0x0A, 0x05, 0x0B, 0x04, 0x07, 0x04, 0x06, 0x0B, 0x04, 0x06, 0x06, 0x0B, 0x07, 0x07, 0x06, 0x0B, 0x0B, 0x07, 0x07, 0x0C, 0x0D, 0x0A,
    0x0B, 0x04, 0x05, 0x07, 0x0B, 0x07, 0x07, 0x0B, 0x06, 0x0F, 0x02, 0x07, 0x0A, 0x0B, 0x06, 0x04, 0x0B, 0x05, 0x0D, 0x0F, 0x06, 0x06, 0x06, 0x0B,
    0x0C, 0x07, 0x0A, 0x06, 0x06, 0x06, 0x07, 0x05, 0x0C, 0x07, 0x0C, 0x06, 0x0A, 0x07, 0x04, 0x0A, 0x06, 0x06, 0x0F, 0x06, 0x0A, 0x06, 0x06, 0x07,
    0x07, 0x0E, 0x0D, 0x04, 0x07, 0x0D, 0x06, 0x0F, 0x07, 0x06, 0x03, 0x06, 0x0C, 0x09, 0x06, 0x08, 0x07, 0x0C, 0x05, 0x07, 0x0B, 0x04, 0x0D, 0x06,
    0x06, 0x07, 0x0C, 0x05, 0x07, 0x06, 0x0A, 0x06, 0x05, 0x0B, 0x07, 0x07, 0x0B, 0x06, 0x07, 0x04, 0x06, 0x06, 0x0B, 0x07, 0x07, 0x06, 0x0B, 0x0B,
    0x05, 0x07, 0x05, 0x0B, 0x02, 0x0B, 0x07, 0x05, 0x04, 0x0B, 0x07, 0x07, 0x0B, 0x0B, 0x0F, 0x06, 0x07, 0x0A, 0x06, 0x06, 0x04, 0x0B, 0x05, 0x0B,
    0x0F, 0x0A, 0x06, 0x06, 0x04, 0x0C, 0x0B, 0x0A, 0x06, 0x06, 0x06, 0x0B, 0x05, 0x07, 0x07, 0x0C, 0x06, 0x03, 0x07, 0x04, 0x0A, 0x06, 0x06, 0x0F,
    0x0F, 0x0A, 0x0B, 0x0B, 0x07, 0x07, 0x02, 0x0D, 0x0B, 0x07, 0x0B, 0x0B, 0x0F, 0x07, 0x07, 0x0F, 0x02, 0x0C, 0x09, 0x06, 0x08, 0x07, 0x0C, 0x05,
    0x07, 0x06, 0x07, 0x0B, 0x0E, 0x06, 0x07, 0x0C, 0x05, 0x07, 0x06, 0x0A, 0x02, 0x0C, 0x04, 0x07, 0x07, 0x07, 0x0A, 0x07, 0x04, 0x06, 0x06, 0x0B,
    0x07, 0x07, 0x06, 0x06, 0x0B, 0x05, 0x07, 0x05, 0x0D, 0x06, 0x06, 0x07, 0x08, 0x04, 0x0B, 0x07, 0x07, 0x06, 0x0B, 0x0F, 0x06, 0x07, 0x0A, 0x0B,
    0x06, 0x04, 0x0B, 0x05, 0x0B, 0x03, 0x0A, 0x06, 0x06, 0x0B, 0x05, 0x0B, 0x0A, 0x0B, 0x06, 0x06, 0x07, 0x07, 0x07, 0x07, 0x05, 0x06, 0x0E, 0x07,
    0x0B, 0x0A, 0x06, 0x06, 0x0A, 0x0F, 0x0A, 0x06, 0x06, 0x07, 0x07, 0x0A, 0x07, 0x0B, 0x07, 0x07, 0x0A, 0x0F, 0x07, 0x07, 0x0F, 0x02, 0x0C, 0x09,
    0x06, 0x08, 0x07, 0x05, 0x08, 0x0C, 0x06, 0x0D, 0x04, 0x0A, 0x06, 0x07, 0x05, 0x05, 0x04, 0x0B, 0x0A, 0x0A, 0x05, 0x0B, 0x07, 0x07, 0x07, 0x0A,
    0x07, 0x0B, 0x06, 0x06, 0x0B, 0x07, 0x07, 0x06, 0x0B, 0x0B, 0x05, 0x07, 0x0C, 0x07, 0x0B, 0x0B, 0x04, 0x05, 0x04, 0x0B, 0x07, 0x07, 0x06, 0x07,
    0x0F, 0x06, 0x07, 0x0A, 0x0A, 0x06, 0x0B, 0x06, 0x07, 0x0B, 0x0F, 0x0A, 0x04, 0x06, 0x07, 0x05, 0x0B, 0x0A, 0x06, 0x06, 0x06, 0x0B, 0x07, 0x07,
    0x07, 0x0C, 0x06, 0x06, 0x0C, 0x06, 0x0A, 0x06, 0x06, 0x0E, 0x09, 0x0A, 0x06, 0x0B, 0x07, 0x07, 0x0E, 0x04, 0x0D, 0x07, 0x0B, 0x0A, 0x0F, 0x07,
    0x0B, 0x03, 0x06, 0x07, 0x0F, 0x06, 0x08, 0x07, 0x05, 0x05, 0x0C, 0x06, 0x0B, 0x0D, 0x03, 0x06, 0x07, 0x0C, 0x08, 0x0B, 0x0B, 0x0A, 0x0A, 0x05,
    0x0D, 0x07, 0x07, 0x07, 0x10, 0x04, 0x0B, 0x06, 0x06, 0x0B, 0x07, 0x07, 0x06, 0x0B, 0x0B, 0x05, 0x07, 0x0C, 0x04, 0x0B, 0x0B, 0x07, 0x05, 0x07,
    0x0A, 0x07, 0x07, 0x06, 0x0B, 0x0F, 0x06, 0x07, 0x06, 0x0A, 0x07, 0x0B, 0x06, 0x07, 0x07, 0x0A, 0x06, 0x0B, 0x0B, 0x0C, 0x07, 0x04, 0x0A, 0x0B,
    0x06, 0x06, 0x07, 0x07, 0x07, 0x0D, 0x05, 0x06, 0x0B, 0x07, 0x06, 0x03, 0x03, 0x06, 0x0E, 0x09, 0x0A, 0x06, 0x0B, 0x06, 0x07, 0x0E, 0x04, 0x07,
    0x07, 0x0B, 0x0A, 0x0F, 0x07, 0x0D, 0x03, 0x06, 0x07, 0x0F, 0x06, 0x05, 0x07, 0x05, 0x08, 0x0C, 0x06, 0x0B, 0x07, 0x0F, 0x06, 0x07, 0x05, 0x05,
    0x04, 0x0B, 0x03, 0x0A, 0x05, 0x0D, 0x07, 0x07, 0x07, 0x0A, 0x04, 0x0B, 0x06, 0x06, 0x0B, 0x07, 0x07, 0x06, 0x0B, 0x0B, 0x05, 0x07, 0x0C, 0x07,
    0x06, 0x0B, 0x07, 0x05, 0x07, 0x0E, 0x07, 0x07, 0x06, 0x0B, 0x0F, 0x02, 0x07, 0x06, 0x0A, 0x07, 0x0B, 0x06, 0x07, 0x07, 0x06, 0x06, 0x07, 0x05,
    0x05, 0x0C, 0x0B, 0x0A, 0x0B, 0x02, 0x06, 0x0D, 0x07, 0x07, 0x0B, 0x0C, 0x06, 0x0B, 0x07, 0x06, 0x06, 0x03, 0x0E, 0x06, 0x0F, 0x06, 0x06, 0x06,
    0x06, 0x07, 0x0A, 0x0B, 0x07, 0x07, 0x0B, 0x0A, 0x0F, 0x07, 0x0D, 0x0F, 0x06, 0x0C, 0x09, 0x0E, 0x08, 0x0C, 0x05, 0x05, 0x05, 0x06, 0x0B, 0x07,
    0x0A, 0x06, 0x0C, 0x0C, 0x05, 0x06, 0x0B, 0x03, 0x0A, 0x05, 0x0B, 0x07, 0x07, 0x04, 0x0A, 0x06, 0x04, 0x06, 0x06, 0x0B, 0x07, 0x07, 0x06, 0x06,
    0x0B, 0x05, 0x07, 0x0C, 0x07, 0x06, 0x06, 0x07, 0x05, 0x04, 0x0E, 0x07, 0x07, 0x06, 0x0B, 0x06, 0x0E, 0x07, 0x06, 0x0A, 0x07, 0x07, 0x06, 0x07,
    0x07, 0x0B, 0x06, 0x07, 0x0C, 0x05, 0x05, 0x06, 0x0A, 0x0B, 0x02, 0x06, 0x0B, 0x07, 0x07, 0x04, 0x0D, 0x06, 0x0B, 0x0B, 0x0D, 0x06, 0x0A, 0x0E,
    0x06, 0x0F, 0x0A, 0x06, 0x0B, 0x06, 0x07, 0x0A, 0x06, 0x07, 0x07, 0x0B, 0x0A, 0x0A, 0x07, 0x04, 0x0F, 0x0A, 0x05, 0x0F, 0x02, 0x08, 0x0C, 0x05,
    0x08, 0x05, 0x06, 0x04, 0x0B, 0x03, 0x02, 0x07, 0x0C, 0x05, 0x0B, 0x06, 0x09, 0x0A, 0x05, 0x06, 0x07, 0x07, 0x07, 0x0F, 0x0B, 0x0B, 0x06, 0x06,
    0x0B, 0x07, 0x07, 0x06, 0x0B, 0x0B, 0x05, 0x07, 0x07, 0x07, 0x0B, 0x0B, 0x07, 0x05, 0x07, 0x0A, 0x07, 0x07, 0x06, 0x0B, 0x06, 0x02, 0x07, 0x06,
    0x06, 0x07, 0x0C, 0x06, 0x07, 0x07, 0x06, 0x06, 0x07, 0x07, 0x0C, 0x05, 0x06, 0x0B, 0x07, 0x0A, 0x04, 0x0C, 0x07, 0x0C, 0x04, 0x0D, 0x06, 0x0B,
    0x04, 0x0D, 0x06, 0x02, 0x0E, 0x06, 0x0F, 0x02, 0x06, 0x0D, 0x06, 0x07, 0x0A, 0x0B, 0x0D, 0x0B, 0x0B, 0x0A, 0x0A, 0x07, 0x0B, 0x03, 0x0E, 0x07,
    0x0F, 0x06, 0x05, 0x0C, 0x05, 0x08, 0x05, 0x06, 0x0D, 0x07, 0x0A, 0x06, 0x04, 0x05, 0x0C, 0x06, 0x03, 0x12, 0x0A, 0x05, 0x0B, 0x07, 0x0D, 0x04,
    0x0F, 0x06, 0x04, 0x03, 0x06, 0x07, 0x07, 0x07, 0x06, 0x0B, 0x0B, 0x05, 0x07, 0x0C, 0x04, 0x04, 0x07, 0x0C, 0x05, 0x04, 0x0A, 0x07, 0x07, 0x06,
    0x0D, 0x06, 0x0A, 0x07, 0x0B, 0x06, 0x07, 0x07, 0x06, 0x07, 0x07, 0x06, 0x06, 0x07, 0x05, 0x05, 0x0C, 0x06, 0x0B, 0x0D, 0x0A, 0x0B, 0x07, 0x07,
    0x07, 0x0D, 0x0B, 0x0B, 0x0B, 0x07, 0x04, 0x06, 0x0A, 0x06, 0x0E, 0x0F, 0x02, 0x0B, 0x0B, 0x06, 0x07, 0x0A, 0x06, 0x07, 0x0B, 0x0B, 0x0A, 0x0F,
    0x07, 0x04, 0x0F, 0x06, 0x05, 0x0F, 0x02, 0x05, 0x05, 0x05, 0x08, 0x05, 0x06, 0x0B, 0x0B, 0x0A, 0x06, 0x04, 0x05, 0x0C, 0x06, 0x03, 0x09, 0x0A,
    0x05, 0x06, 0x0B, 0x04, 0x06, 0x03, 0x0B, 0x07, 0x0F, 0x0A, 0x07, 0x07, 0x07, 0x0B, 0x06, 0x0B, 0x05, 0x07, 0x0C, 0x07, 0x07, 0x04, 0x07, 0x08,
    0x07, 0x0A, 0x07, 0x07, 0x06, 0x07, 0x06, 0x0A, 0x07, 0x0B, 0x06, 0x07, 0x07, 0x06, 0x07, 0x07, 0x0B, 0x06, 0x07, 0x0C, 0x05, 0x07, 0x06, 0x04,
    0x0D, 0x0A, 0x0B, 0x0C, 0x07, 0x07, 0x07, 0x0B, 0x07, 0x04, 0x0D, 0x07, 0x02, 0x0A, 0x0E, 0x06, 0x06, 0x06, 0x0B, 0x0B, 0x06, 0x07, 0x0A, 0x06,
    0x07, 0x0B, 0x0B, 0x0A, 0x0F, 0x07, 0x0B, 0x09, 0x0A, 0x05, 0x0F, 0x0E, 0x05, 0x05, 0x05, 0x08, 0x05, 0x0B, 0x04, 0x0D, 0x0F, 0x06, 0x07, 0x05,
    0x05, 0x06, 0x0F, 0x01, 0x0A, 0x05, 0x06, 0x0D, 0x06, 0x02, 0x0F, 0x0B, 0x07, 0x03, 0x02, 0x0B, 0x07, 0x07, 0x0B, 0x0B, 0x07, 0x05, 0x07, 0x07,
    0x07, 0x07, 0x07, 0x07, 0x05, 0x0B, 0x0A, 0x07, 0x07, 0x06, 0x07, 0x06, 0x0A, 0x07, 0x0B, 0x06, 0x07, 0x07, 0x06, 0x02, 0x07, 0x06, 0x02, 0x07,
    0x07, 0x0C, 0x07, 0x06, 0x0D, 0x04, 0x0A, 0x06, 0x0C, 0x07, 0x07, 0x0B, 0x04, 0x0D, 0x04, 0x0D, 0x04, 0x06, 0x0A, 0x06, 0x0B, 0x0B, 0x06, 0x07,
    0x0B, 0x06, 0x07, 0x0A, 0x0B, 0x07, 0x06, 0x04, 0x0A, 0x0F, 0x07, 0x06, 0x0F, 0x02, 0x0C, 0x03, 0x0E, 0x05, 0x05, 0x05, 0x08, 0x05, 0x06, 0x0B,
    0x07, 0x0F, 0x06, 0x07, 0x0C, 0x05, 0x06, 0x0F, 0x01, 0x0A, 0x05, 0x0B, 0x06, 0x0B, 0x02, 0x0F, 0x06, 0x07, 0x03, 0x0E, 0x07, 0x07, 0x07, 0x0B,
    0x0B, 0x0C, 0x05, 0x07, 0x07, 0x07, 0x08, 0x07, 0x07, 0x05, 0x04, 0x0A, 0x07, 0x0B, 0x06, 0x07, 0x06, 0x0A, 0x07, 0x0B, 0x06, 0x07, 0x07, 0x06,
    0x0A, 0x05, 0x06, 0x06, 0x07, 0x07, 0x0C, 0x07, 0x02, 0x0D, 0x0B, 0x0A, 0x06, 0x0C, 0x07, 0x0C, 0x0B, 0x07, 0x0D, 0x04, 0x0D, 0x0B, 0x02, 0x0A,
    0x0A, 0x0A, 0x0B, 0x06, 0x0B, 0x07, 0x06, 0x07, 0x0A, 0x06, 0x07, 0x0A, 0x0B, 0x0A, 0x03, 0x07, 0x06, 0x0F, 0x02, 0x0C, 0x0F, 0x02, 0x0C, 0x05,
    0x05, 0x08, 0x07, 0x04, 0x0B, 0x04, 0x10, 0x06, 0x07, 0x05, 0x05, 0x06, 0x03, 0x09, 0x0A, 0x05, 0x06, 0x06, 0x06, 0x06, 0x0F, 0x06, 0x07, 0x03,
    0x0A, 0x07, 0x07, 0x07, 0x0B, 0x04, 0x0C, 0x05, 0x0D, 0x0B, 0x07, 0x05, 0x07, 0x07, 0x05, 0x0B, 0x0A, 0x07, 0x07, 0x06, 0x07, 0x06, 0x0A, 0x07,
    0x0B, 0x06, 0x0C, 0x0C, 0x06, 0x0A, 0x05, 0x06, 0x06, 0x07, 0x07, 0x07, 0x07, 0x02, 0x0D, 0x06, 0x0A, 0x06, 0x05, 0x07, 0x07, 0x0B, 0x07, 0x07,
    0x04, 0x0E, 0x0B, 0x02, 0x02, 0x0A, 0x0A, 0x0B, 0x06, 0x0B, 0x07, 0x06, 0x07, 0x0A, 0x0B, 0x07, 0x0A, 0x0B, 0x0A, 0x0F, 0x07, 0x06, 0x0F, 0x02,
    0x05, 0x0F, 0x06, 0x0C, 0x05, 0x08, 0x05, 0x05, 0x06, 0x0B, 0x04, 0x03, 0x06, 0x07, 0x0C, 0x05, 0x06, 0x0F, 0x11, 0x0A, 0x05, 0x0B, 0x06, 0x06,
    0x06, 0x0F, 0x06, 0x07, 0x0F, 0x0E, 0x07, 0x07, 0x07, 0x0D, 0x04, 0x05, 0x05, 0x07, 0x0B, 0x07, 0x05, 0x07, 0x0D, 0x05, 0x0B, 0x0A, 0x07, 0x0B,
    0x06, 0x07, 0x06, 0x0A, 0x06, 0x0B, 0x06, 0x07, 0x05, 0x06, 0x0A, 0x08, 0x06, 0x06, 0x07, 0x07, 0x07, 0x07, 0x02, 0x0D, 0x06, 0x03, 0x06, 0x05,
    0x07, 0x07, 0x06, 0x0D, 0x07, 0x0B, 0x0A, 0x0B, 0x0E, 0x02, 0x02, 0x0A, 0x0B, 0x06, 0x0B, 0x07, 0x06, 0x07, 0x03, 0x0B, 0x07, 0x0A, 0x0B, 0x0A,
    0x0F, 0x07, 0x06, 0x09, 0x0A, 0x05, 0x0F, 0x06, 0x05, 0x05, 0x05, 0x08, 0x05, 0x06, 0x0B, 0x0B, 0x0F, 0x06, 0x07, 0x0C, 0x05, 0x06, 0x0A, 0x01,
    0x0A, 0x05, 0x06, 0x06, 0x06, 0x02, 0x0F, 0x06, 0x07, 0x0F, 0x02, 0x0D, 0x04, 0x07, 0x0B, 0x0D, 0x05, 0x05, 0x0B, 0x0B, 0x0D, 0x05, 0x07, 0x07,
    0x05, 0x04, 0x0A, 0x07, 0x0D, 0x06, 0x07, 0x06, 0x03, 0x06, 0x04, 0x06, 0x07, 0x05, 0x06, 0x0A, 0x05, 0x06, 0x0A, 0x07, 0x07, 0x07, 0x0B, 0x02,
    0x0D, 0x0B, 0x03, 0x0E, 0x0E, 0x07, 0x07, 0x06, 0x07, 0x07, 0x06, 0x03, 0x04, 0x0A, 0x0A, 0x0A, 0x0A, 0x0B, 0x06, 0x07, 0x07, 0x06, 0x07, 0x03,
    0x0B, 0x07, 0x02, 0x0B, 0x0A, 0x09, 0x07, 0x06, 0x09, 0x0A, 0x05, 0x0F, 0x06, 0x0C, 0x05, 0x05, 0x08, 0x05, 0x06, 0x0B, 0x0B, 0x03, 0x06, 0x07,
    0x0C, 0x05, 0x06, 0x0F, 0x01, 0x0A, 0x05, 0x06, 0x06, 0x06, 0x02, 0x0F, 0x06, 0x07, 0x0F, 0x06, 0x07, 0x07, 0x07, 0x07, 0x0B, 0x07, 0x08, 0x06,
    0x0B, 0x04, 0x0C, 0x07, 0x07, 0x05, 0x0B, 0x06, 0x07, 0x0B, 0x06, 0x0D, 0x06, 0x0A, 0x0A, 0x07, 0x06, 0x07, 0x0C, 0x02, 0x0A, 0x08, 0x06, 0x0A,
    0x07, 0x07, 0x07, 0x07, 0x06, 0x0B, 0x06, 0x0F, 0x09, 0x0E, 0x07, 0x06, 0x0A, 0x07, 0x07, 0x0B, 0x09, 0x0B, 0x0A, 0x02, 0x0A, 0x02, 0x0B, 0x06,
    0x07, 0x07, 0x06, 0x07, 0x03, 0x0B, 0x07, 0x0A, 0x0B, 0x0A, 0x0F, 0x07, 0x06, 0x09, 0x0A, 0x05, 0x0F, 0x02, 0x05, 0x08, 0x05, 0x08, 0x05, 0x02,
    0x0B, 0x0B, 0x03, 0x06, 0x07, 0x07, 0x0C, 0x06, 0x03, 0x11, 0x02, 0x08, 0x06, 0x06, 0x06, 0x02, 0x0F, 0x06, 0x07, 0x0F, 0x0A, 0x07, 0x0B, 0x04,
    0x0D, 0x07, 0x07, 0x05, 0x06, 0x0A, 0x07, 0x0C, 0x04, 0x07, 0x05, 0x04, 0x0E, 0x07, 0x0D, 0x06, 0x07, 0x02, 0x0F, 0x0A, 0x04, 0x0C, 0x07, 0x0C,
    0x06, 0x0A, 0x0C, 0x06, 0x0A, 0x07, 0x07, 0x07, 0x0B, 0x0A, 0x07, 0x06, 0x06, 0x09, 0x06, 0x07, 0x0B, 0x0F, 0x07, 0x07, 0x0B, 0x09, 0x06, 0x0A,
    0x0A, 0x0A, 0x02, 0x0B, 0x0B, 0x09, 0x07, 0x06, 0x07, 0x03, 0x0B, 0x07, 0x0A, 0x0B, 0x0A, 0x0A, 0x07, 0x06, 0x09, 0x0A, 0x05, 0x0F, 0x06, 0x05,
    0x05, 0x05, 0x08, 0x05, 0x02, 0x0B, 0x0B, 0x03, 0x06, 0x07, 0x0B, 0x05, 0x06, 0x03, 0x11, 0x0A, 0x05, 0x06, 0x06, 0x0E, 0x02, 0x09, 0x06, 0x07,
    0x09, 0x0A, 0x07, 0x07, 0x07, 0x0B, 0x04, 0x0C, 0x05, 0x0D, 0x0A, 0x04, 0x0C, 0x04, 0x07, 0x05, 0x0B, 0x02, 0x07, 0x0B, 0x06, 0x07, 0x06, 0x03,
    0x0A, 0x04, 0x0C, 0x07, 0x05, 0x02, 0x03, 0x05, 0x06, 0x0A, 0x07, 0x07, 0x07, 0x0B, 0x0A, 0x06, 0x06, 0x0B, 0x09, 0x0E, 0x07, 0x06, 0x0A, 0x07,
    0x07, 0x0B, 0x09, 0x06, 0x0A, 0x0A, 0x0A, 0x0A, 0x04, 0x0B, 0x09, 0x04, 0x06, 0x0D, 0x03, 0x0B, 0x07, 0x0A, 0x0B, 0x0A, 0x0F, 0x07, 0x06, 0x09,
    0x0A, 0x05, 0x03, 0x0E, 0x05, 0x08, 0x05, 0x05, 0x0C, 0x02, 0x0B, 0x0B, 0x0F, 0x06, 0x07, 0x0B, 0x0C, 0x06, 0x03, 0x11, 0x0A, 0x05, 0x06, 0x02,
    0x0E, 0x06, 0x09, 0x06, 0x07, 0x03, 0x0A, 0x07, 0x04, 0x07, 0x0B, 0x06, 0x05, 0x05, 0x06, 0x0A, 0x04, 0x0C, 0x07, 0x07, 0x05, 0x0D, 0x06, 0x07,
    0x0D, 0x06, 0x07, 0x06, 0x03, 0x0A, 0x04, 0x0C, 0x07, 0x05, 0x0E, 0x03, 0x07, 0x06, 0x0A, 0x07, 0x07, 0x07, 0x06, 0x0A, 0x0A, 0x06, 0x06, 0x09,
    0x06, 0x07, 0x0E, 0x03, 0x07, 0x07, 0x0B, 0x09, 0x06, 0x0A, 0x0A, 0x03, 0x0A, 0x04, 0x0B, 0x09, 0x04, 0x0B, 0x07, 0x03, 0x0B, 0x07, 0x0A, 0x0B,
    0x0A, 0x0F, 0x07, 0x0B, 0x09, 0x0A, 0x0C, 0x03, 0x0E, 0x05, 0x05, 0x08, 0x08, 0x05, 0x0A, 0x0B, 0x04, 0x0F, 0x06, 0x07, 0x0B, 0x0C, 0x06, 0x03,
    0x09, 0x0A, 0x05, 0x06, 0x06, 0x0A, 0x06, 0x09, 0x06, 0x07, 0x0F, 0x06, 0x07, 0x0D, 0x07, 0x0D, 0x06, 0x07, 0x05, 0x0D, 0x0A, 0x07, 0x07, 0x07,
    0x07, 0x05, 0x04, 0x06, 0x07, 0x0B, 0x06, 0x0D, 0x06, 0x0F, 0x0A, 0x0B, 0x0C, 0x07, 0x07, 0x06, 0x0F, 0x04, 0x0A, 0x0A, 0x07, 0x07, 0x07, 0x06,
    0x04, 0x10, 0x0A, 0x06, 0x0F, 0x0E, 0x07, 0x03, 0x0A, 0x07, 0x07, 0x0B, 0x09, 0x06, 0x0A, 0x06, 0x03, 0x0A, 0x0B, 0x0B, 0x09, 0x04, 0x07, 0x0B,
    0x0A, 0x06, 0x07, 0x0A, 0x04, 0x0F, 0x0F, 0x07, 0x07, 0x09, 0x0A, 0x07, 0x03, 0x06, 0x05, 0x05, 0x05, 0x05, 0x05, 0x0A, 0x0B, 0x0B, 0x03, 0x06,
    0x07, 0x07, 0x0C, 0x0B, 0x03, 0x11, 0x02, 0x08, 0x06, 0x02, 0x06, 0x06, 0x09, 0x06, 0x04, 0x0F, 0x06, 0x07, 0x04, 0x07, 0x07, 0x0B, 0x07, 0x05,
    0x04, 0x0A, 0x0B, 0x05, 0x0D, 0x07, 0x05, 0x0D, 0x02, 0x07, 0x0D, 0x06, 0x07, 0x02, 0x0F, 0x0A, 0x04, 0x0C, 0x07, 0x0C, 0x0A, 0x03, 0x0D, 0x02,
    0x0A, 0x07, 0x07, 0x07, 0x07, 0x04, 0x0A, 0x0A, 0x06, 0x09, 0x0E, 0x07, 0x0F, 0x0A, 0x07, 0x07, 0x06, 0x09, 0x06, 0x0A, 0x06, 0x03, 0x03, 0x04,
    0x0B, 0x09, 0x04, 0x0B, 0x07, 0x03, 0x0B, 0x07, 0x0B, 0x07, 0x0F, 0x0F, 0x07, 0x07, 0x09, 0x0A, 0x05, 0x0F, 0x06, 0x05, 0x08, 0x05, 0x05, 0x05,
    0x0A, 0x0B, 0x0B, 0x03, 0x06, 0x07, 0x04, 0x0C, 0x06, 0x03, 0x11, 0x0A, 0x08, 0x06, 0x0A, 0x06, 0x06, 0x09, 0x06, 0x04, 0x09, 0x06, 0x07, 0x07,
    0x07, 0x04, 0x0B, 0x07, 0x08, 0x04, 0x0A, 0x0B, 0x05, 0x07, 0x07, 0x05, 0x07, 0x06, 0x07, 0x0B, 0x06, 0x07, 0x02, 0x0F, 0x0A, 0x0B, 0x0C, 0x07,
    0x05, 0x0A, 0x03, 0x07, 0x0A, 0x0A, 0x07, 0x07, 0x07, 0x07, 0x04, 0x0A, 0x0A, 0x06, 0x0F, 0x0E, 0x07, 0x03, 0x0A, 0x07, 0x07, 0x06, 0x09, 0x0A,
    0x09, 0x0E, 0x0A, 0x0F, 0x04, 0x0B, 0x09, 0x0B, 0x0B, 0x07, 0x03, 0x0B, 0x07, 0x0B, 0x07, 0x0F, 0x0F, 0x05, 0x07, 0x09, 0x0A, 0x05, 0x0F, 0x06,
    0x05, 0x08, 0x05, 0x08, 0x07, 0x02, 0x0B, 0x0B, 0x0F, 0x06, 0x0C, 0x04, 0x0C, 0x06, 0x03, 0x11, 0x02, 0x05, 0x06, 0x0A, 0x06, 0x06, 0x09, 0x06,
    0x07, 0x09, 0x0E, 0x07, 0x0D, 0x07, 0x07, 0x06, 0x07, 0x05, 0x07, 0x0A, 0x0B, 0x0C, 0x07, 0x07, 0x07, 0x04, 0x06, 0x07, 0x0D, 0x06, 0x07, 0x0A,
    0x09, 0x0A, 0x0D, 0x07, 0x0B, 0x07, 0x0A, 0x0F, 0x0B, 0x0A, 0x03, 0x0B, 0x07, 0x07, 0x0B, 0x07, 0x0A, 0x06, 0x06, 0x09, 0x06, 0x0C, 0x03, 0x0A,
    0x0D, 0x07, 0x0E, 0x01, 0x0F, 0x09, 0x0A, 0x0A, 0x0A, 0x04, 0x0B, 0x09, 0x0B, 0x0B, 0x07, 0x0A, 0x06, 0x07, 0x06, 0x07, 0x0F, 0x0F, 0x07, 0x07,
    0x09, 0x0A, 0x05, 0x0F, 0x06, 0x05, 0x08, 0x05, 0x08, 0x07, 0x0A, 0x0B, 0x04, 0x0F, 0x06, 0x07, 0x0D, 0x07, 0x06, 0x03, 0x11, 0x0A, 0x08, 0x06,
    0x0A, 0x06, 0x06, 0x09, 0x06, 0x0B, 0x09, 0x02, 0x05, 0x04, 0x07, 0x04, 0x0B, 0x07, 0x05, 0x04, 0x0A, 0x04, 0x0C, 0x07, 0x07, 0x07, 0x0B, 0x06,
    0x07, 0x0B, 0x06, 0x07, 0x0A, 0x09, 0x03, 0x0B, 0x05, 0x0D, 0x05, 0x0A, 0x03, 0x06, 0x0A, 0x03, 0x0F, 0x07, 0x07, 0x07, 0x0B, 0x03, 0x0A, 0x06,
    0x0F, 0x02, 0x07, 0x0A, 0x0A, 0x07, 0x07, 0x06, 0x11, 0x03, 0x09, 0x06, 0x03, 0x0A, 0x0B, 0x04, 0x09, 0x06, 0x07, 0x07, 0x0A, 0x0B, 0x07, 0x0B,
    0x07, 0x0F, 0x03, 0x0C, 0x07, 0x09, 0x0A, 0x07, 0x03, 0x0E, 0x05, 0x08, 0x05, 0x08, 0x07, 0x02, 0x0B, 0x0B, 0x03, 0x02, 0x05, 0x0B, 0x0C, 0x06,
    0x03, 0x11, 0x06, 0x08, 0x06, 0x0A, 0x06, 0x06, 0x09, 0x06, 0x0B, 0x09, 0x0E, 0x07, 0x07, 0x07, 0x07, 0x06, 0x07, 0x05, 0x0D, 0x03, 0x07, 0x0C,
    0x07, 0x07, 0x07, 0x07, 0x0A, 0x07, 0x0B, 0x06, 0x07, 0x0A, 0x0F, 0x0A, 0x0B, 0x07, 0x0B, 0x07, 0x0A, 0x0F, 0x06, 0x0A, 0x06, 0x03, 0x07, 0x07,
    0x06, 0x06, 0x0A, 0x03, 0x0F, 0x0F, 0x0E, 0x07, 0x0A, 0x0E, 0x07, 0x07, 0x06, 0x11, 0x0F, 0x09, 0x06, 0x03, 0x0A, 0x0B, 0x0B, 0x09, 0x06, 0x07,
    0x0B, 0x0A, 0x06, 0x07, 0x0B, 0x07, 0x0F, 0x0F, 0x07, 0x07, 0x09, 0x0A, 0x07, 0x03, 0x02, 0x05, 0x08, 0x05, 0x08, 0x07, 0x0A, 0x0B, 0x0B, 0x0F,
    0x06, 0x07, 0x04, 0x0C, 0x06, 0x03, 0x11, 0x02, 0x08, 0x06, 0x0A, 0x06, 0x06, 0x09, 0x06, 0x0B, 0x09, 0x06, 0x07, 0x07, 0x07, 0x07, 0x0B, 0x07,
    0x05, 0x06, 0x03, 0x04, 0x0C, 0x07, 0x07, 0x07, 0x07, 0x0A, 0x07, 0x0B, 0x06, 0x07, 0x0A, 0x09, 0x0A, 0x04, 0x07, 0x07, 0x07, 0x0A, 0x09, 0x06,
    0x0D, 0x0A, 0x0F, 0x07, 0x07, 0x0A, 0x06, 0x0F, 0x09, 0x09, 0x09, 0x06, 0x07, 0x0A, 0x0E, 0x07, 0x07, 0x06, 0x09, 0x0F, 0x09, 0x06, 0x0A, 0x03,
    0x04, 0x0B, 0x09, 0x06, 0x07, 0x04, 0x0A, 0x06, 0x07, 0x06, 0x07, 0x0F, 0x0F, 0x0C, 0x07, 0x09, 0x0A, 0x07, 0x03, 0x0A, 0x05, 0x08, 0x08, 0x05,
    0x07, 0x02, 0x0B, 0x0B, 0x0F, 0x06, 0x07, 0x0B, 0x07, 0x06, 0x03, 0x12, 0x02, 0x05, 0x06, 0x0A, 0x06, 0x06, 0x09, 0x06, 0x0B, 0x09, 0x02, 0x0C,
    0x07, 0x07, 0x07, 0x06, 0x07, 0x05, 0x0B, 0x0A, 0x04, 0x0C, 0x07, 0x07, 0x07, 0x07, 0x0A, 0x07, 0x0B, 0x04, 0x07, 0x0A, 0x09, 0x0A, 0x04, 0x07,
    0x06, 0x07, 0x0A, 0x09, 0x03, 0x04, 0x0A, 0x0F, 0x06, 0x07, 0x03, 0x06, 0x03, 0x09, 0x0F, 0x0F, 0x06, 0x07, 0x0A, 0x0E, 0x07, 0x07, 0x06, 0x01,
    0x0F, 0x09, 0x02, 0x0A, 0x0A, 0x0B, 0x06, 0x09, 0x0B, 0x0B, 0x07, 0x03, 0x07, 0x04, 0x06, 0x04, 0x0F, 0x03, 0x07, 0x07, 0x09, 0x0A, 0x07, 0x03,
    0x0A, 0x05, 0x08, 0x05, 0x05, 0x07, 0x0A, 0x0B, 0x04, 0x09, 0x06, 0x07, 0x0B, 0x0C, 0x0E, 0x03, 0x11, 0x06, 0x05, 0x06, 0x02, 0x0A, 0x06, 0x09,
    0x02, 0x07, 0x09, 0x02, 0x07, 0x07, 0x07, 0x07, 0x06, 0x07, 0x05, 0x06, 0x03, 0x04, 0x05, 0x07, 0x07, 0x07, 0x06, 0x0A, 0x04, 0x0B, 0x0B, 0x07,
    0x03, 0x09, 0x0A, 0x07, 0x07, 0x06, 0x0B, 0x0A, 0x0F, 0x03, 0x0D, 0x03, 0x0F, 0x06, 0x07, 0x0A, 0x06, 0x0F, 0x09, 0x09, 0x0F, 0x06, 0x07, 0x02,
    0x06, 0x07, 0x07, 0x0F, 0x09, 0x0F, 0x09, 0x06, 0x0A, 0x03, 0x04, 0x06, 0x09, 0x0A, 0x07, 0x0B, 0x0A, 0x04, 0x0D, 0x06, 0x04, 0x0F, 0x0F, 0x0C,
    0x07, 0x09, 0x0A, 0x07, 0x03, 0x0A, 0x05, 0x08, 0x05, 0x08, 0x07, 0x02, 0x0B, 0x0B, 0x03, 0x06, 0x05, 0x06, 0x07, 0x06, 0x0F, 0x11, 0x06, 0x05,
    0x06, 0x02, 0x0E, 0x02, 0x09, 0x06, 0x0B, 0x09, 0x02, 0x0C, 0x07, 0x07, 0x07, 0x06, 0x07, 0x05, 0x0B, 0x03, 0x0D, 0x0C, 0x07, 0x07, 0x07, 0x0B,
    0x0A, 0x06, 0x0B, 0x07, 0x07, 0x0A, 0x12, 0x03, 0x07, 0x07, 0x06, 0x0B, 0x06, 0x0A, 0x03, 0x0D, 0x03, 0x0F, 0x0B, 0x07, 0x03, 0x06, 0x0A, 0x09,
    0x09, 0x03, 0x06, 0x07, 0x0E, 0x06, 0x07, 0x06, 0x09, 0x09, 0x0F, 0x09, 0x06, 0x0A, 0x0A, 0x0B, 0x0B, 0x09, 0x06, 0x04, 0x0B, 0x0A, 0x04, 0x07,
    0x06, 0x04, 0x0F, 0x03, 0x07, 0x07, 0x09, 0x0A, 0x07, 0x0F, 0x02, 0x05, 0x08, 0x05, 0x05, 0x07, 0x0A, 0x04, 0x0B, 0x09, 0x06, 0x05, 0x06, 0x0C,
    0x06, 0x0F, 0x11, 0x06, 0x08, 0x06, 0x0A, 0x06, 0x0A, 0x09, 0x06, 0x06, 0x09, 0x0A, 0x05, 0x07, 0x07, 0x07, 0x06, 0x04, 0x0C, 0x06, 0x03, 0x06,
    0x05, 0x07, 0x07, 0x07, 0x06, 0x0A, 0x06, 0x0D, 0x0B, 0x07, 0x0A, 0x11, 0x03, 0x0D, 0x04, 0x06, 0x0B, 0x06, 0x0A, 0x03, 0x0D, 0x03, 0x09, 0x0B,
    0x07, 0x0A, 0x06, 0x03, 0x09, 0x0F, 0x0F, 0x06, 0x07, 0x0A, 0x06, 0x07, 0x06, 0x09, 0x09, 0x03, 0x09, 0x02, 0x0A, 0x03, 0x04, 0x06, 0x09, 0x0E,
    0x07, 0x04, 0x03, 0x07, 0x0B, 0x06, 0x04, 0x0F, 0x0F, 0x07, 0x07, 0x09, 0x0A, 0x07, 0x0F, 0x0A, 0x07, 0x08, 0x05, 0x05, 0x07, 0x0A, 0x0B, 0x04,
    0x09, 0x06, 0x07, 0x06, 0x07, 0x06, 0x03, 0x11, 0x02, 0x08, 0x06, 0x0A, 0x06, 0x0A, 0x09, 0x06, 0x06, 0x09, 0x0A, 0x0C, 0x07, 0x07, 0x04, 0x0B,
    0x0B, 0x05, 0x06, 0x0F, 0x0B, 0x07, 0x07, 0x07, 0x07, 0x06, 0x0A, 0x06, 0x0B, 0x0B, 0x07, 0x0A, 0x09, 0x03, 0x0B, 0x0B, 0x07, 0x0B, 0x06, 0x0E,
    0x03, 0x04, 0x0F, 0x0F, 0x0A, 0x07, 0x03, 0x0B, 0x0A, 0x09, 0x03, 0x03, 0x06, 0x0C, 0x06, 0x06, 0x07, 0x06, 0x0F, 0x12, 0x03, 0x09, 0x06, 0x0A,
    0x10, 0x04, 0x06, 0x09, 0x02, 0x07, 0x0B, 0x0A, 0x04, 0x07, 0x06, 0x04, 0x0F, 0x0F, 0x07, 0x07, 0x09, 0x0A, 0x07, 0x03, 0x0A, 0x05, 0x08, 0x05,
    0x05, 0x07, 0x02, 0x0B, 0x0B, 0x09, 0x06, 0x07, 0x0B, 0x07, 0x0E, 0x03, 0x11, 0x02, 0x08, 0x06, 0x0A, 0x0A, 0x0A, 0x09, 0x02, 0x06, 0x01, 0x0A,
    0x05, 0x07, 0x07, 0x07, 0x06, 0x0B, 0x05, 0x06, 0x03, 0x06, 0x0C, 0x0B, 0x0C, 0x07, 0x06, 0x0A, 0x06, 0x0B, 0x07, 0x07, 0x03, 0x12, 0x03, 0x06,
    0x06, 0x07, 0x0B, 0x06, 0x0A, 0x06, 0x06, 0x09, 0x0F, 0x0A, 0x07, 0x0A, 0x06, 0x0A, 0x01, 0x0F, 0x0A, 0x06, 0x07, 0x06, 0x06, 0x05, 0x02, 0x03,
    0x12, 0x03, 0x09, 0x02, 0x0A, 0x0A, 0x0B, 0x0B, 0x09, 0x0A, 0x04, 0x04, 0x0A, 0x04, 0x0B, 0x06, 0x04, 0x0F, 0x0F, 0x0C, 0x07, 0x09, 0x0A, 0x07,
    0x03, 0x0A, 0x07, 0x08, 0x05, 0x0C, 0x07, 0x0A, 0x04, 0x0B, 0x09, 0x06, 0x07, 0x0B, 0x07, 0x06, 0x0F, 0x01, 0x06, 0x05, 0x0B, 0x02, 0x0A, 0x0A,
    0x09, 0x06, 0x06, 0x09, 0x0A, 0x05, 0x07, 0x07, 0x07, 0x06, 0x0D, 0x05, 0x06, 0x0F, 0x06, 0x05, 0x0B, 0x07, 0x07, 0x06, 0x03, 0x06, 0x0B, 0x07,
    0x07, 0x03, 0x12, 0x0F, 0x0F, 0x0B, 0x07, 0x0B, 0x06, 0x0A, 0x04, 0x06, 0x03, 0x0F, 0x06, 0x07, 0x0A, 0x04, 0x0A, 0x09, 0x0F, 0x0A, 0x06, 0x0C,
    0x06, 0x06, 0x05, 0x06, 0x09, 0x11, 0x03, 0x09, 0x02, 0x0A, 0x03, 0x04, 0x0B, 0x09, 0x0A, 0x04, 0x0B, 0x0A, 0x07, 0x0B, 0x07, 0x04, 0x0F, 0x0F,
    0x07, 0x07, 0x09, 0x0A, 0x07, 0x0F, 0x02, 0x05, 0x08, 0x05, 0x05, 0x07, 0x0A, 0x0B, 0x0B, 0x09, 0x06, 0x07, 0x06, 0x07, 0x06, 0x0F, 0x11, 0x06,
    0x05, 0x07, 0x0A, 0x02, 0x0A, 0x09, 0x0A, 0x06, 0x09, 0x0A, 0x0C, 0x07, 0x07, 0x04, 0x06, 0x07, 0x05, 0x06, 0x0F, 0x06, 0x05, 0x0B, 0x07, 0x07,
    0x06, 0x03, 0x06, 0x04, 0x0D, 0x07, 0x03, 0x09, 0x03, 0x0A, 0x0B, 0x07, 0x0B, 0x0B, 0x0B, 0x07, 0x06, 0x0F, 0x0F, 0x0A, 0x07, 0x0A, 0x07, 0x0A,
    0x09, 0x03, 0x0A, 0x06, 0x0C, 0x06, 0x06, 0x05, 0x06, 0x03, 0x11, 0x03, 0x09, 0x06, 0x10, 0x03, 0x04, 0x0B, 0x09, 0x0E, 0x07, 0x07, 0x03, 0x07,
    0x0B, 0x04, 0x06, 0x0F, 0x0F, 0x0C, 0x07, 0x09, 0x03, 0x07, 0x0F, 0x0A, 0x07, 0x08, 0x05, 0x0C, 0x07, 0x02, 0x0B, 0x04, 0x09, 0x06, 0x07, 0x06,
    0x07, 0x0B, 0x0F, 0x01, 0x0A, 0x05, 0x07, 0x0A, 0x0A, 0x0A, 0x09, 0x0A, 0x06, 0x01, 0x0A, 0x07, 0x07, 0x07, 0x07, 0x06, 0x0B, 0x05, 0x06, 0x09,
    0x06, 0x07, 0x0B, 0x07, 0x07, 0x06, 0x03, 0x0E, 0x04, 0x0B, 0x07, 0x0F, 0x03, 0x03, 0x0A, 0x06, 0x07, 0x06, 0x0B, 0x0B, 0x05, 0x02, 0x09, 0x09,
    0x0F, 0x07, 0x0A, 0x04, 0x0A, 0x01, 0x0A, 0x0A, 0x06, 0x07, 0x0B, 0x0B, 0x05, 0x06, 0x0F, 0x09, 0x0A, 0x09, 0x02, 0x0A, 0x10, 0x04, 0x0B, 0x01,
    0x0E, 0x04, 0x07, 0x03, 0x07, 0x04, 0x04, 0x06, 0x0F, 0x0F, 0x07, 0x07, 0x09, 0x0A, 0x07, 0x09, 0x0A, 0x07, 0x08, 0x05, 0x0C, 0x07, 0x0A, 0x0B,
    0x0B, 0x09, 0x06, 0x07, 0x06, 0x07, 0x0B, 0x0F, 0x01, 0x0A, 0x05, 0x04, 0x02, 0x0A, 0x0A, 0x09, 0x0A, 0x06, 0x09, 0x0A, 0x0C, 0x04, 0x07, 0x07,
    0x06, 0x07, 0x05, 0x06, 0x0F, 0x06, 0x07, 0x06, 0x07, 0x07, 0x06, 0x0F, 0x02, 0x0D, 0x0D, 0x07, 0x0B, 0x0F, 0x03, 0x0E, 0x06, 0x07, 0x06, 0x06,
    0x0B, 0x08, 0x03, 0x09, 0x09, 0x0A, 0x07, 0x0A, 0x0B, 0x06, 0x11, 0x0A, 0x0A, 0x0B, 0x07, 0x07, 0x04, 0x0C, 0x06, 0x03, 0x11, 0x0A, 0x09, 0x0A,
    0x03, 0x0A, 0x04, 0x0B, 0x09, 0x02, 0x07, 0x0D, 0x03, 0x07, 0x0B, 0x04, 0x06, 0x0F, 0x0F, 0x05, 0x07, 0x09, 0x0A, 0x07, 0x03, 0x0A, 0x07, 0x08,
    0x05, 0x05, 0x04, 0x0A, 0x0B, 0x07, 0x09, 0x06, 0x07, 0x06, 0x07, 0x06, 0x0F, 0x01, 0x0E, 0x08, 0x07, 0x0A, 0x02, 0x0A, 0x0A, 0x02, 0x06, 0x09,
    0x0A, 0x07, 0x07, 0x07, 0x0B, 0x07, 0x07, 0x05, 0x06, 0x09, 0x0B, 0x07, 0x06, 0x07, 0x07, 0x06, 0x0F, 0x02, 0x0B, 0x04, 0x07, 0x0D, 0x03, 0x03,
    0x0E, 0x0A, 0x07, 0x06, 0x0B, 0x0B, 0x08, 0x0A, 0x09, 0x09, 0x0A, 0x07, 0x0A, 0x07, 0x06, 0x11, 0x0A, 0x02, 0x03, 0x07, 0x04, 0x0D, 0x05, 0x04,
    0x0F, 0x11, 0x0A, 0x09, 0x06, 0x0F, 0x0A, 0x0B, 0x06, 0x09, 0x03, 0x07, 0x0B, 0x0A, 0x04, 0x04, 0x07, 0x06, 0x0F, 0x0F, 0x07, 0x07, 0x09, 0x0A,
    0x07, 0x09, 0x0A, 0x07, 0x05, 0x05, 0x0C, 0x04, 0x0A, 0x0B, 0x04, 0x09, 0x06, 0x07, 0x06, 0x07, 0x0B, 0x0F, 0x01, 0x0A, 0x08, 0x04, 0x0A, 0x02,
    0x0B, 0x0A, 0x0A, 0x06, 0x09, 0x0A, 0x05, 0x0B, 0x07, 0x0B, 0x04, 0x07, 0x05, 0x06, 0x09, 0x06, 0x0D, 0x06, 0x07, 0x07, 0x0E, 0x0F, 0x06, 0x0B,
    0x0B, 0x07, 0x0B, 0x0F, 0x03, 0x06, 0x06, 0x07, 0x06, 0x06, 0x0B, 0x08, 0x0A, 0x0F, 0x09, 0x06, 0x04, 0x0A, 0x04, 0x06, 0x01, 0x0A, 0x0A, 0x0F,
    0x07, 0x04, 0x0B, 0x0C, 0x04, 0x03, 0x01, 0x0A, 0x09, 0x0A, 0x03, 0x0A, 0x04, 0x0B, 0x01, 0x06, 0x07, 0x04, 0x0A, 0x07, 0x0D, 0x04, 0x0B, 0x03,
    0x0F, 0x07, 0x07, 0x01, 0x0A, 0x07, 0x09, 0x0A, 0x05, 0x05, 0x05, 0x0C, 0x04, 0x0A, 0x07, 0x07, 0x09, 0x06, 0x07, 0x06, 0x07, 0x06, 0x0F, 0x11,
    0x02, 0x08, 0x07, 0x0A, 0x02, 0x06, 0x0A, 0x06, 0x06, 0x09, 0x0A, 0x07, 0x07, 0x07, 0x0D, 0x07, 0x07, 0x05, 0x06, 0x09, 0x06, 0x0B, 0x0E, 0x07,
    0x07, 0x02, 0x09, 0x0E, 0x02, 0x0B, 0x07, 0x07, 0x0F, 0x03, 0x06, 0x06, 0x07, 0x0B, 0x06, 0x0B, 0x08, 0x0A, 0x09, 0x09, 0x0E, 0x04, 0x0A, 0x07,
    0x0E, 0x0F, 0x03, 0x06, 0x03, 0x0B, 0x0D, 0x07, 0x07, 0x0D, 0x0A, 0x09, 0x0A, 0x09, 0x0A, 0x03, 0x03, 0x0B, 0x0B, 0x01, 0x06, 0x07, 0x0D, 0x03,
    0x04, 0x0D, 0x04, 0x0B, 0x03, 0x0F, 0x07, 0x07, 0x09, 0x0A, 0x07, 0x09, 0x03, 0x0C, 0x05, 0x05, 0x07, 0x04, 0x0A, 0x06, 0x07, 0x09, 0x02, 0x07,
    0x06, 0x07, 0x0B, 0x03, 0x11, 0x0A, 0x08, 0x04, 0x0A, 0x0A, 0x06, 0x0A, 0x02, 0x06, 0x09, 0x0A, 0x05, 0x06, 0x07, 0x04, 0x0B, 0x07, 0x05, 0x06,
    0x09, 0x06, 0x04, 0x0A, 0x07, 0x07, 0x06, 0x09, 0x0F, 0x06, 0x07, 0x07, 0x0B, 0x03, 0x10, 0x06, 0x06, 0x07, 0x0B, 0x06, 0x0B, 0x08, 0x03, 0x0F,
    0x09, 0x0E, 0x04, 0x0A, 0x0C, 0x05, 0x03, 0x03, 0x06, 0x03, 0x04, 0x0B, 0x07, 0x07, 0x07, 0x03, 0x11, 0x02, 0x0F, 0x0A, 0x03, 0x0A, 0x0B, 0x0B,
    0x01, 0x0E, 0x07, 0x07, 0x03, 0x07, 0x0B, 0x04, 0x04, 0x0A, 0x0F, 0x0C, 0x07, 0x09, 0x0A, 0x07, 0x09, 0x0A, 0x05, 0x08, 0x05, 0x05, 0x0B, 0x0A,
    0x06, 0x07, 0x09, 0x06, 0x0B, 0x06, 0x07, 0x06, 0x0F, 0x0A, 0x04, 0x08, 0x0B, 0x02, 0x0A, 0x0B, 0x0A, 0x0A, 0x06, 0x01, 0x0A, 0x07, 0x06, 0x07,
    0x07, 0x0D, 0x07, 0x05, 0x0E, 0x01, 0x06, 0x0B, 0x0A, 0x07, 0x07, 0x0A, 0x0F, 0x0F, 0x06, 0x0D, 0x07, 0x0B, 0x03, 0x0F, 0x0E, 0x06, 0x07, 0x06,
    0x06, 0x04, 0x08, 0x0A, 0x01, 0x09, 0x0E, 0x04, 0x0A, 0x0C, 0x0C, 0x03, 0x0A, 0x0E, 0x0A, 0x04, 0x07, 0x07, 0x07, 0x07, 0x0A, 0x09, 0x06, 0x09,
    0x0A, 0x03, 0x0A, 0x04, 0x0B, 0x01, 0x06, 0x07, 0x0B, 0x0A, 0x07, 0x07, 0x04, 0x0B, 0x03, 0x0F, 0x07, 0x07, 0x09, 0x0A, 0x07, 0x09, 0x03, 0x05,
    0x08, 0x05, 0x05, 0x04, 0x10, 0x06, 0x07, 0x09, 0x06, 0x0B, 0x06, 0x07, 0x06, 0x0A, 0x0A, 0x07, 0x08, 0x0B, 0x02, 0x0A, 0x06, 0x03, 0x0A, 0x06,
    0x09, 0x06, 0x07, 0x06, 0x0D, 0x07, 0x0B, 0x07, 0x05, 0x0E, 0x09, 0x02, 0x06, 0x0A, 0x07, 0x07, 0x04, 0x0A, 0x0F, 0x06, 0x07, 0x07, 0x0B, 0x03,
    0x03, 0x0E, 0x06, 0x07, 0x06, 0x06, 0x04, 0x08, 0x0A, 0x01, 0x09, 0x0A, 0x07, 0x0A, 0x0C, 0x0C, 0x03, 0x03, 0x0E, 0x0A, 0x0D, 0x07, 0x07, 0x05,
    0x07, 0x0A, 0x09, 0x06, 0x0F, 0x0A, 0x03, 0x10, 0x04, 0x0B, 0x11, 0x06, 0x07, 0x0B, 0x03, 0x07, 0x04, 0x04, 0x04, 0x03, 0x0F, 0x07, 0x07, 0x01,
    0x0A, 0x07, 0x09, 0x0A, 0x0C, 0x05, 0x05, 0x0C, 0x04, 0x0A, 0x06, 0x07, 0x09, 0x06, 0x07, 0x06, 0x07, 0x06, 0x03, 0x0A, 0x07, 0x08, 0x0B, 0x0A,
    0x02, 0x0B, 0x0A, 0x03, 0x06, 0x01, 0x0E, 0x04, 0x06, 0x07, 0x07, 0x0D, 0x07, 0x05, 0x0E, 0x09, 0x06, 0x06, 0x0A, 0x0D, 0x07, 0x04, 0x0A, 0x0F,
    0x06, 0x0D, 0x07, 0x07, 0x0F, 0x03, 0x06, 0x0E, 0x0B, 0x06, 0x0A, 0x04, 0x08, 0x0A, 0x11, 0x09, 0x0E, 0x04, 0x0A, 0x05, 0x0C, 0x03, 0x02, 0x06,
    0x03, 0x0B, 0x0C, 0x07, 0x05, 0x05, 0x0A, 0x09, 0x06, 0x0F, 0x0A, 0x03, 0x03, 0x0B, 0x0B, 0x09, 0x02, 0x07, 0x0B, 0x0A, 0x04, 0x0D, 0x04, 0x0B,
    0x0A, 0x0F, 0x07, 0x07, 0x12, 0x03, 0x07, 0x09, 0x0A, 0x05, 0x0C, 0x05, 0x07, 0x04, 0x0A, 0x06, 0x07, 0x09, 0x0A, 0x07, 0x06, 0x07, 0x0B, 0x03,
    0x0A, 0x07, 0x08, 0x04, 0x0A, 0x02, 0x06, 0x0A, 0x0A, 0x0E, 0x01, 0x06, 0x04, 0x0E, 0x07, 0x07, 0x0B, 0x0D, 0x05, 0x0A, 0x11, 0x06, 0x02, 0x0A,
    0x0E, 0x07, 0x04, 0x06, 0x0F, 0x0B, 0x07, 0x07, 0x0B, 0x03, 0x06, 0x0B, 0x06, 0x06, 0x0A, 0x0A, 0x07, 0x08, 0x0A, 0x01, 0x09, 0x0E, 0x03, 0x0A,
    0x0C, 0x05, 0x0F, 0x02, 0x06, 0x0A, 0x04, 0x07, 0x05, 0x07, 0x07, 0x0A, 0x09, 0x06, 0x03, 0x0A, 0x0F, 0x03, 0x04, 0x06, 0x09, 0x0A, 0x07, 0x0A,
    0x03, 0x07, 0x04, 0x07, 0x04, 0x03, 0x0F, 0x0C, 0x07, 0x09, 0x0F, 0x04, 0x09, 0x0A, 0x07, 0x05, 0x0C, 0x07, 0x07, 0x03, 0x06, 0x0B, 0x09, 0x06,
    0x07, 0x06, 0x07, 0x06, 0x03, 0x0A, 0x07, 0x05, 0x0B, 0x0A, 0x02, 0x0B, 0x03, 0x0A, 0x0B, 0x01, 0x0E, 0x04, 0x0A, 0x07, 0x07, 0x0D, 0x0B, 0x05,
    0x0E, 0x01, 0x0E, 0x06, 0x0A, 0x02, 0x0C, 0x04, 0x06, 0x0F, 0x0B, 0x07, 0x07, 0x0D, 0x03, 0x06, 0x0B, 0x06, 0x0A, 0x0A, 0x02, 0x0B, 0x08, 0x0A,
    0x11, 0x09, 0x03, 0x0F, 0x0A, 0x0C, 0x05, 0x0F, 0x02, 0x06, 0x0A, 0x04, 0x0C, 0x05, 0x07, 0x05, 0x03, 0x09, 0x06, 0x03, 0x0A, 0x0F, 0x03, 0x0B,
    0x0B, 0x09, 0x0A, 0x07, 0x03, 0x0A, 0x04, 0x06, 0x07, 0x0B, 0x03, 0x0F, 0x07, 0x07, 0x01, 0x0F, 0x0B, 0x09, 0x0A, 0x07, 0x05, 0x05, 0x07, 0x07,
    0x03, 0x06, 0x0B, 0x09, 0x06, 0x07, 0x0E, 0x07, 0x0B, 0x03, 0x0A, 0x07, 0x08, 0x0B, 0x0A, 0x0A, 0x0B, 0x03, 0x0A, 0x0B, 0x01, 0x06, 0x07, 0x0A,
    0x07, 0x07, 0x0B, 0x0B, 0x05, 0x0E, 0x01, 0x0A, 0x06, 0x0A, 0x0E, 0x0C, 0x0B, 0x06, 0x0F, 0x0B, 0x07, 0x07, 0x07, 0x03, 0x0B, 0x06, 0x06, 0x0A,
    0x0A, 0x02, 0x04, 0x08, 0x0A, 0x11, 0x09, 0x03, 0x03, 0x0A, 0x0C, 0x0C, 0x03, 0x0A, 0x06, 0x0A, 0x04, 0x07, 0x05, 0x07, 0x05, 0x0A, 0x09, 0x0B,
    0x03, 0x0A, 0x0F, 0x03, 0x04, 0x0B, 0x01, 0x0A, 0x07, 0x0F, 0x03, 0x07, 0x02, 0x07, 0x04, 0x03, 0x0F, 0x07, 0x07, 0x09, 0x0F, 0x06, 0x09, 0x0A,
    0x07, 0x07, 0x05, 0x07, 0x07, 0x0A, 0x06, 0x06, 0x09, 0x06, 0x07, 0x0E, 0x07, 0x06, 0x03, 0x0A, 0x07, 0x08, 0x0B, 0x02, 0x02, 0x0B, 0x03, 0x0A,
    0x0B, 0x03, 0x0A, 0x07, 0x0A, 0x04, 0x07, 0x0B, 0x04, 0x05, 0x0A, 0x09, 0x03, 0x06, 0x02, 0x0E, 0x05, 0x0B, 0x0B, 0x0F, 0x0B, 0x0D, 0x07, 0x0B,
    0x0A, 0x0B, 0x06, 0x06, 0x0A, 0x0A, 0x0A, 0x04, 0x08, 0x0A, 0x11, 0x09, 0x0F, 0x03, 0x0A, 0x05, 0x0C, 0x03, 0x06, 0x06, 0x03, 0x07, 0x07, 0x0C,
    0x05, 0x0C, 0x0A, 0x09, 0x04, 0x03, 0x0A, 0x0F, 0x03, 0x0B, 0x0B, 0x09, 0x0A, 0x07, 0x0F, 0x0A, 0x04, 0x06, 0x07, 0x04, 0x03, 0x0F, 0x07, 0x07,
    0x09, 0x09, 0x06, 0x09, 0x0A, 0x05, 0x07, 0x05, 0x07, 0x0B, 0x0A, 0x0B, 0x06, 0x09, 0x02, 0x07, 0x0E, 0x07, 0x0B, 0x03, 0x0A, 0x07, 0x08, 0x0B,
    0x0A, 0x0A, 0x07, 0x0A, 0x03, 0x0B, 0x03, 0x02, 0x07, 0x0A, 0x0D, 0x07, 0x0B, 0x06, 0x07, 0x0A, 0x0A, 0x09, 0x06, 0x03, 0x06, 0x05, 0x07, 0x06,
    0x0F, 0x0B, 0x07, 0x07, 0x04, 0x0A, 0x0B, 0x06, 0x06, 0x0A, 0x0A, 0x0A, 0x04, 0x08, 0x02, 0x11, 0x0F, 0x03, 0x0A, 0x0A, 0x0C, 0x0C, 0x03, 0x06,
    0x06, 0x0A, 0x04, 0x07, 0x05, 0x05, 0x05, 0x0A, 0x09, 0x07, 0x03, 0x0A, 0x0F, 0x03, 0x04, 0x06, 0x09, 0x0A, 0x07, 0x03, 0x0A, 0x04, 0x06, 0x07,
    0x0B, 0x03, 0x0F, 0x0C, 0x07, 0x0F, 0x09, 0x06, 0x09, 0x0A, 0x05, 0x07, 0x05, 0x07, 0x0B, 0x03, 0x0B, 0x06, 0x09, 0x06, 0x07, 0x06, 0x07, 0x06,
    0x03, 0x0A, 0x07, 0x08, 0x04, 0x0A, 0x02, 0x04, 0x0A, 0x0A, 0x0B, 0x03, 0x0A, 0x07, 0x0A, 0x0B, 0x0C, 0x0B, 0x06, 0x0C, 0x07, 0x0A, 0x0A, 0x06,
    0x03, 0x0E, 0x05, 0x07, 0x0B, 0x0B, 0x07, 0x07, 0x07, 0x0B, 0x0A, 0x04, 0x0B, 0x06, 0x0A, 0x0A, 0x0A, 0x04, 0x08, 0x02, 0x11, 0x0F, 0x03, 0x03,
    0x0A, 0x05, 0x0C, 0x03, 0x06, 0x06, 0x0A, 0x07, 0x07, 0x05, 0x05, 0x0C, 0x0A, 0x09, 0x07, 0x0A, 0x0A, 0x0F, 0x03, 0x0B, 0x06, 0x09, 0x03, 0x07,
    0x0F, 0x0A, 0x04, 0x06, 0x07, 0x04, 0x03, 0x0F, 0x07, 0x07, 0x09, 0x09, 0x06, 0x09, 0x0A, 0x05, 0x07, 0x0C, 0x07, 0x0D, 0x03, 0x0B, 0x06, 0x09,
    0x06, 0x07, 0x0E, 0x07, 0x06, 0x03, 0x0A, 0x07, 0x05, 0x04, 0x0A, 0x0A, 0x07, 0x03, 0x0A, 0x0B, 0x0F, 0x02, 0x07, 0x0A, 0x04, 0x07, 0x07, 0x06,
    0x07, 0x07, 0x03, 0x0E, 0x06, 0x03, 0x0E, 0x05, 0x07, 0x0B, 0x07, 0x0D, 0x07, 0x07, 0x0B, 0x0A, 0x0B, 0x06, 0x02, 0x0A, 0x0A, 0x0A, 0x07, 0x08,
    0x02, 0x11, 0x0F, 0x03, 0x0A, 0x0A, 0x05, 0x0C, 0x03, 0x06, 0x06, 0x0A, 0x04, 0x0C, 0x05, 0x05, 0x05, 0x0A, 0x09, 0x07, 0x03, 0x0A, 0x0F, 0x03,
    0x04, 0x0B, 0x09, 0x03, 0x07, 0x03, 0x10, 0x04, 0x06, 0x07, 0x04, 0x03, 0x0F, 0x07, 0x07, 0x03, 0x09, 0x0E, 0x09, 0x0A, 0x07, 0x07, 0x07, 0x07,
    0x0B, 0x0A, 0x06, 0x06, 0x09, 0x06, 0x07, 0x0E, 0x07, 0x06, 0x03, 0x0A, 0x07, 0x08, 0x07, 0x02, 0x0A, 0x07, 0x03, 0x0A, 0x06, 0x0F, 0x0A, 0x07,
    0x0A, 0x0B, 0x07, 0x04, 0x0B, 0x07, 0x07, 0x03, 0x06, 0x06, 0x09, 0x06, 0x05, 0x07, 0x0D, 0x07, 0x07, 0x07, 0x07, 0x0B, 0x0A, 0x0B, 0x06, 0x09,
    0x03, 0x0A, 0x0A, 0x04, 0x08, 0x0A, 0x01, 0x0F, 0x0A, 0x03, 0x02, 0x0C, 0x0C, 0x03, 0x06, 0x06, 0x0A, 0x07, 0x07, 0x08, 0x05, 0x0C, 0x0A, 0x09,
    0x07, 0x0A, 0x0A, 0x0A, 0x09, 0x0B, 0x06, 0x12, 0x0A, 0x07, 0x03, 0x03, 0x04, 0x06, 0x07, 0x04, 0x0A, 0x03, 0x07, 0x07, 0x0A, 0x0F, 0x04, 0x09,
    0x0A, 0x07, 0x07, 0x07, 0x07, 0x0B, 0x0A, 0x06, 0x06, 0x09, 0x02, 0x07, 0x0A, 0x07, 0x06, 0x03, 0x0A, 0x04, 0x08, 0x0B, 0x0A, 0x02, 0x07, 0x0A,
    0x0A, 0x06, 0x03, 0x0A, 0x04, 0x0A, 0x0B, 0x07, 0x04, 0x0B, 0x07, 0x07, 0x0A, 0x0A, 0x06, 0x09, 0x06, 0x05, 0x07, 0x0B, 0x04, 0x07, 0x07, 0x07,
    0x0B, 0x03, 0x06, 0x06, 0x09, 0x03, 0x0A, 0x0A, 0x07, 0x08, 0x0A, 0x11, 0x09, 0x0A, 0x0A, 0x0A, 0x05, 0x0C, 0x03, 0x06, 0x06, 0x0A, 0x04, 0x07,
    0x05, 0x05, 0x05, 0x0A, 0x09, 0x07, 0x03, 0x0A, 0x0A, 0x09, 0x04, 0x06, 0x09, 0x03, 0x07, 0x10, 0x03, 0x04, 0x06, 0x07, 0x04, 0x0F, 0x03, 0x0C,
    0x07, 0x02, 0x0F, 0x04, 0x0F, 0x03, 0x07, 0x07, 0x0B, 0x07, 0x0B, 0x0A, 0x06, 0x06, 0x12, 0x06, 0x07, 0x0E, 0x07, 0x06, 0x03, 0x0E, 0x07, 0x05,
    0x07, 0x0A, 0x0A, 0x07, 0x03, 0x0A, 0x06, 0x0F, 0x0A, 0x07, 0x03, 0x0B, 0x07, 0x07, 0x0B, 0x07, 0x07, 0x03, 0x06, 0x06, 0x0F, 0x06, 0x05, 0x07,
    0x0D, 0x0B, 0x07, 0x07, 0x07, 0x0B, 0x03, 0x06, 0x06, 0x12, 0x03, 0x0A, 0x0A, 0x04, 0x08, 0x02, 0x11, 0x09, 0x0A, 0x03, 0x0A, 0x0C, 0x05, 0x03,
    0x06, 0x04, 0x0A, 0x07, 0x0C, 0x05, 0x05, 0x05, 0x0A, 0x09, 0x07, 0x0A, 0x01, 0x0A, 0x09, 0x0B, 0x06, 0x09, 0x0A, 0x07, 0x03, 0x0A, 0x04, 0x06,
    0x07, 0x04, 0x0A, 0x0F, 0x07, 0x07, 0x02, 0x0F, 0x04, 0x0F, 0x03, 0x0B, 0x05, 0x04, 0x0B, 0x04, 0x0A, 0x06, 0x06, 0x12, 0x02, 0x04, 0x0B, 0x07,
    0x06, 0x03, 0x0A, 0x07, 0x05, 0x0D, 0x02, 0x0A, 0x07, 0x03, 0x0A, 0x06, 0x0F, 0x0A, 0x07, 0x03, 0x03, 0x0D, 0x04, 0x0B, 0x04, 0x07, 0x0F, 0x06,
    0x06, 0x09, 0x06, 0x05, 0x07, 0x04, 0x0D, 0x07, 0x07, 0x07, 0x0B, 0x03, 0x06, 0x02, 0x09, 0x03, 0x0A, 0x0A, 0x07, 0x08, 0x02, 0x11, 0x0F, 0x0A,
    0x0A, 0x0A, 0x0C, 0x0C, 0x03, 0x06, 0x06, 0x0A, 0x04, 0x0C, 0x05, 0x05, 0x07, 0x0A, 0x09, 0x07, 0x0A, 0x09, 0x0A, 0x03, 0x0B, 0x06, 0x01, 0x0A,
    0x07, 0x0F, 0x03, 0x07, 0x06, 0x07, 0x04, 0x03, 0x03, 0x07, 0x07, 0x06, 0x0F, 0x04, 0x09, 0x03, 0x04, 0x0C, 0x07, 0x0D, 0x0B, 0x0A, 0x06, 0x06,
    0x11, 0x0E, 0x04, 0x0B, 0x0A, 0x06, 0x03, 0x0A, 0x07, 0x05, 0x07, 0x0A, 0x0A, 0x07, 0x03, 0x0A, 0x06, 0x0F, 0x0A, 0x04, 0x07, 0x0A, 0x04, 0x07,
    0x06, 0x07, 0x07, 0x0A, 0x0B, 0x0B, 0x09, 0x06, 0x05, 0x07, 0x07, 0x0B, 0x07, 0x07, 0x07, 0x0B, 0x0F, 0x06, 0x06, 0x09, 0x0A, 0x02, 0x0A, 0x04,
    0x08, 0x0A, 0x01, 0x09, 0x0A, 0x0A, 0x0A, 0x05, 0x0C, 0x03, 0x06, 0x0B, 0x0A, 0x04, 0x0C, 0x05, 0x08, 0x07, 0x0A, 0x0F, 0x07, 0x0A, 0x09, 0x0A,
    0x0F, 0x0B, 0x06, 0x09, 0x0A, 0x07, 0x0F, 0x0A, 0x04, 0x06, 0x07, 0x04, 0x10, 0x03, 0x0C, 0x07, 0x06, 0x0F, 0x04, 0x0F, 0x0F, 0x06, 0x0C, 0x04,
    0x0B, 0x07, 0x03, 0x06, 0x06, 0x11, 0x06, 0x0B, 0x0B, 0x0A, 0x06, 0x0A, 0x0A, 0x07, 0x08, 0x0B, 0x0A, 0x0A, 0x07, 0x03, 0x0A, 0x06, 0x0F, 0x0A,
    0x0A, 0x04, 0x0A, 0x07, 0x04, 0x06, 0x07, 0x07, 0x06, 0x0B, 0x06, 0x09, 0x06, 0x05, 0x07, 0x06, 0x07, 0x07, 0x07, 0x07, 0x0B, 0x0F, 0x06, 0x0A,
    0x09, 0x0A, 0x0A, 0x02, 0x07, 0x05, 0x0A, 0x01, 0x0F, 0x0A, 0x02, 0x0A, 0x0C, 0x05, 0x03, 0x06, 0x0B, 0x0A, 0x07, 0x05, 0x05, 0x08, 0x07, 0x0A,
    0x09, 0x07, 0x0A, 0x09, 0x02, 0x09, 0x04, 0x06, 0x09, 0x0A, 0x07, 0x0F, 0x03, 0x07, 0x06, 0x07, 0x07, 0x03, 0x0F, 0x07, 0x07, 0x06, 0x0F, 0x04,
    0x0F, 0x03, 0x06, 0x05, 0x04, 0x0D, 0x06, 0x0A, 0x06, 0x06, 0x11, 0x02, 0x0B, 0x07, 0x0A, 0x02, 0x0A, 0x0A, 0x07, 0x05, 0x0B, 0x0A, 0x0A, 0x07,
    0x03, 0x0A, 0x06, 0x0F, 0x0A, 0x0A, 0x07, 0x0A, 0x07, 0x04, 0x06, 0x04, 0x07, 0x06, 0x04, 0x0B, 0x09, 0x06, 0x05, 0x04, 0x06, 0x07, 0x07, 0x07,
    0x07, 0x0B, 0x0F, 0x06, 0x02, 0x09, 0x0A, 0x0A, 0x0A, 0x07, 0x08, 0x0A, 0x01, 0x0F, 0x0A, 0x0A, 0x0A, 0x0C, 0x0C, 0x03, 0x0A, 0x0B, 0x0A, 0x07,
    0x05, 0x05, 0x08, 0x07, 0x02, 0x0F, 0x07, 0x0A, 0x09, 0x0A, 0x0F, 0x0B, 0x06, 0x09, 0x03, 0x07, 0x0F, 0x03, 0x05, 0x06, 0x07, 0x04, 0x0A, 0x03,
    0x07, 0x07, 0x06, 0x0F, 0x04, 0x09, 0x0F, 0x0B, 0x05, 0x0B, 0x0D, 0x06, 0x03, 0x06, 0x06, 0x12, 0x02, 0x04, 0x07, 0x0A, 0x06, 0x0A, 0x0A, 0x07,
    0x05, 0x04, 0x0A, 0x0A, 0x07, 0x03, 0x0A, 0x06, 0x0B, 0x03, 0x0A, 0x04, 0x0A, 0x0D, 0x07, 0x0B, 0x04, 0x07, 0x06, 0x07, 0x0B, 0x09, 0x06, 0x0C,
    0x07, 0x06, 0x04, 0x07, 0x07, 0x07, 0x04, 0x0F, 0x06, 0x0A, 0x09, 0x0A, 0x02, 0x0A, 0x04, 0x05, 0x0E, 0x01, 0x09, 0x0A, 0x0A, 0x06, 0x05, 0x0C,
    0x03, 0x0E, 0x0B, 0x0A, 0x07, 0x05, 0x05, 0x08, 0x07, 0x02, 0x0F, 0x07, 0x0A, 0x09, 0x02, 0x09, 0x0B, 0x06, 0x09, 0x0A, 0x07, 0x0F, 0x03, 0x05,
    0x06, 0x0C, 0x04, 0x10, 0x03, 0x07, 0x07, 0x06, 0x0F, 0x07, 0x09, 0x0F, 0x06, 0x05, 0x06, 0x0D, 0x06, 0x0F, 0x06, 0x06, 0x09, 0x0A, 0x0B, 0x04,
    0x0A, 0x06, 0x0A, 0x0A, 0x07, 0x05, 0x0B, 0x0A, 0x0A, 0x07, 0x0A, 0x03, 0x0A, 0x0B, 0x03, 0x0A, 0x07, 0x0A, 0x04, 0x04, 0x06, 0x07, 0x07, 0x0B,
    0x0C, 0x06, 0x0F, 0x06, 0x05, 0x0D, 0x06, 0x07, 0x07, 0x07, 0x07, 0x0A, 0x0F, 0x06, 0x02, 0x09, 0x0A, 0x02, 0x0A, 0x0B, 0x05, 0x0E, 0x01, 0x09,
    0x0A, 0x0A, 0x06, 0x0C, 0x0C, 0x03, 0x02, 0x0B, 0x0A, 0x07, 0x05, 0x05, 0x08, 0x07, 0x02, 0x0F, 0x07, 0x0A, 0x09, 0x0A, 0x03, 0x0B, 0x06, 0x01,
    0x0A, 0x07, 0x0F, 0x03, 0x07, 0x07, 0x07, 0x07, 0x0F, 0x03, 0x07, 0x07, 0x06, 0x0F, 0x04, 0x03, 0x09, 0x04, 0x05, 0x06, 0x0B, 0x06, 0x03, 0x06,
    0x0A, 0x09, 0x0A, 0x0B, 0x04, 0x0A, 0x06, 0x0A, 0x0A, 0x07, 0x05, 0x0B, 0x03, 0x0A, 0x04, 0x0A, 0x01, 0x0A, 0x0B, 0x03, 0x0A, 0x04, 0x0A, 0x07,
    0x07, 0x06, 0x07, 0x07, 0x0D, 0x05, 0x06, 0x0F, 0x06, 0x05, 0x0B, 0x06, 0x07, 0x07, 0x07, 0x05, 0x0A, 0x09, 0x06, 0x06, 0x09, 0x0A, 0x02, 0x0A,
    0x06, 0x08, 0x02, 0x12, 0x09, 0x02, 0x0A, 0x06, 0x05, 0x0C, 0x03, 0x06, 0x0B, 0x0A, 0x07, 0x05, 0x05, 0x08, 0x05, 0x0A, 0x03, 0x04, 0x0A, 0x09,
    0x0A, 0x09, 0x04, 0x0B, 0x01, 0x0A, 0x07, 0x0F, 0x0A, 0x07, 0x04, 0x0C, 0x07, 0x0A, 0x03, 0x07, 0x07, 0x06, 0x03, 0x0B, 0x0F, 0x0F, 0x0B, 0x05,
    0x0B, 0x0D, 0x06, 0x0F, 0x06, 0x06, 0x09, 0x03, 0x06, 0x07, 0x0A, 0x02, 0x0A, 0x0A, 0x07, 0x05, 0x07, 0x03, 0x0A, 0x07, 0x07, 0x09, 0x0A, 0x0B,
    0x03, 0x0A, 0x07, 0x0A, 0x04, 0x07, 0x06, 0x07, 0x07, 0x07, 0x05, 0x06, 0x0F, 0x06, 0x05, 0x0D, 0x06, 0x07, 0x07, 0x07, 0x05, 0x02, 0x09, 0x06,
    0x0A, 0x09, 0x0A, 0x06, 0x02, 0x06, 0x08, 0x02, 0x11, 0x0F, 0x0A, 0x02, 0x06, 0x0C, 0x0C, 0x03, 0x02, 0x0B, 0x0A, 0x07, 0x05, 0x05, 0x08, 0x07,
    0x0A, 0x03, 0x07, 0x0A, 0x09, 0x06, 0x09, 0x0B, 0x0B, 0x01, 0x0A, 0x07, 0x03, 0x0A, 0x07, 0x04, 0x05, 0x07, 0x0A, 0x03, 0x07, 0x07, 0x06, 0x03,
    0x04, 0x0F, 0x09, 0x06, 0x05, 0x06, 0x0D, 0x02, 0x0F, 0x06, 0x0A, 0x09, 0x0A, 0x06, 0x04, 0x0A, 0x06, 0x0A, 0x0A, 0x07, 0x05, 0x07, 0x0F, 0x0A,
    0x03, 0x04, 0x09, 0x0A, 0x0B, 0x03, 0x0A, 0x07, 0x0E, 0x04, 0x07, 0x06, 0x07, 0x07, 0x07, 0x05, 0x0B, 0x03, 0x06, 0x05, 0x07, 0x06, 0x07, 0x07,
    0x07, 0x05, 0x0A, 0x09, 0x0B, 0x06, 0x09, 0x0A, 0x0E, 0x02, 0x06, 0x08, 0x06, 0x01, 0x09, 0x0A, 0x0A, 0x06, 0x05, 0x0C, 0x03, 0x06, 0x0B, 0x0A,
    0x07, 0x05, 0x05, 0x08, 0x05, 0x0A, 0x0F, 0x07, 0x0A, 0x09, 0x02, 0x09, 0x0B, 0x0B, 0x01, 0x0A, 0x07, 0x0F, 0x0A, 0x07, 0x0B, 0x05, 0x07, 0x0A,
    0x03, 0x07, 0x07, 0x06, 0x0F, 0x04, 0x0F, 0x09, 0x06, 0x05, 0x06, 0x0D, 0x02, 0x0F, 0x06, 0x0E, 0x11, 0x0A, 0x06, 0x04, 0x0A, 0x06, 0x0A, 0x0A,
    0x04, 0x05, 0x07, 0x03, 0x10, 0x03, 0x07, 0x09, 0x0A, 0x0B, 0x03, 0x0A, 0x04, 0x0B, 0x0B, 0x07, 0x06, 0x07, 0x07, 0x07, 0x07, 0x0D, 0x03, 0x06,
    0x0C, 0x07, 0x06, 0x07, 0x07, 0x07, 0x05, 0x0A, 0x09, 0x04, 0x06, 0x09, 0x02, 0x06, 0x0A, 0x06, 0x05, 0x02, 0x11, 0x0F, 0x02, 0x0A, 0x06, 0x05,
    0x0C, 0x03, 0x02, 0x0B, 0x0A, 0x07, 0x08, 0x05, 0x08, 0x05, 0x02, 0x0F, 0x04, 0x0A, 0x09, 0x06, 0x09, 0x0B, 0x0B, 0x09, 0x0E, 0x07, 0x0A, 0x0A,
    0x07, 0x0B, 0x05, 0x07, 0x0A, 0x0F, 0x07, 0x07, 0x06, 0x0F, 0x04, 0x0F, 0x09, 0x06, 0x05, 0x06, 0x0B, 0x0A, 0x0F, 0x02, 0x0E, 0x09, 0x03, 0x06,
    0x04, 0x0A, 0x06, 0x0A, 0x0A, 0x07, 0x0C, 0x06, 0x0B, 0x03, 0x03, 0x07, 0x09, 0x0A, 0x0B, 0x03, 0x0A, 0x07, 0x0B, 0x04, 0x07, 0x06, 0x07, 0x07,
    0x07, 0x05, 0x04, 0x0A, 0x06, 0x05, 0x07, 0x06, 0x07, 0x07, 0x07, 0x07, 0x02, 0x09, 0x0D, 0x06, 0x09, 0x0E, 0x06, 0x02, 0x06, 0x08, 0x02, 0x11,
    0x03, 0x0A, 0x0A, 0x06, 0x0C, 0x0C, 0x03, 0x06, 0x0B, 0x0A, 0x07, 0x05, 0x05, 0x08, 0x05, 0x0A, 0x03, 0x07, 0x0A, 0x09, 0x02, 0x09, 0x04, 0x06,
    0x09, 0x06, 0x07, 0x06, 0x0A, 0x07, 0x0D, 0x05, 0x07, 0x0A, 0x0F, 0x07, 0x07, 0x06, 0x03, 0x0B, 0x0F, 0x09, 0x06, 0x05, 0x06, 0x0D, 0x02, 0x0F,
    0x06, 0x0A, 0x09, 0x0F, 0x06, 0x04, 0x0A, 0x06, 0x0A, 0x0A, 0x07, 0x0C, 0x05, 0x0B, 0x03, 0x03, 0x07, 0x01, 0x0A, 0x0B, 0x03, 0x0A, 0x07, 0x0B,
    0x04, 0x07, 0x0D, 0x07, 0x07, 0x07, 0x0C, 0x04, 0x0A, 0x06, 0x05, 0x07, 0x06, 0x07, 0x07, 0x07, 0x0C, 0x02, 0x09, 0x0B, 0x06, 0x09, 0x06, 0x06,
    0x0A, 0x06, 0x05, 0x06, 0x11, 0x03, 0x0A, 0x0A, 0x06, 0x05, 0x0C, 0x03, 0x0A, 0x0B, 0x0A, 0x07, 0x05, 0x08, 0x08, 0x05, 0x0A, 0x03, 0x07, 0x0A,
    0x09, 0x06, 0x09, 0x0B, 0x0B, 0x09, 0x06, 0x07, 0x06, 0x03, 0x07, 0x07, 0x05, 0x05, 0x0A, 0x0F, 0x07, 0x07, 0x06, 0x03, 0x04, 0x0F, 0x09, 0x06,
    0x05, 0x0E, 0x0D, 0x0A, 0x0F, 0x0E, 0x02, 0x09, 0x0F, 0x0E, 0x04, 0x0A, 0x06, 0x0A, 0x0A, 0x07, 0x07, 0x08, 0x04, 0x10, 0x03, 0x07, 0x09, 0x0A,
    0x0B, 0x03, 0x0A, 0x07, 0x0B, 0x04, 0x04, 0x0D, 0x07, 0x07, 0x07, 0x0C, 0x04, 0x0A, 0x06, 0x05, 0x07, 0x06, 0x07, 0x07, 0x07, 0x07, 0x06, 0x09,
    0x0B, 0x06, 0x09, 0x02, 0x06, 0x0A, 0x06, 0x08, 0x02, 0x11, 0x03, 0x02, 0x0A, 0x06, 0x05, 0x0C, 0x03, 0x0E, 0x04, 0x0A, 0x07, 0x08, 0x05, 0x08,
    0x05, 0x0E, 0x03, 0x07, 0x0A, 0x09, 0x06, 0x09, 0x0B, 0x0B, 0x01, 0x06, 0x07, 0x06, 0x0F, 0x07, 0x07, 0x0C, 0x05, 0x0A, 0x0F, 0x07, 0x07, 0x06,
    0x0F, 0x04, 0x09, 0x09, 0x06, 0x05, 0x0E, 0x04, 0x0A, 0x09, 0x0E, 0x0E, 0x09, 0x03, 0x0E, 0x07, 0x0A, 0x02, 0x0A, 0x0A, 0x0A, 0x07, 0x0C, 0x04,
    0x0A, 0x03, 0x07, 0x09, 0x0A, 0x0B, 0x03, 0x0A, 0x07, 0x0B, 0x04, 0x07, 0x04, 0x07, 0x07, 0x07, 0x05, 0x0D, 0x03, 0x0D, 0x05, 0x07, 0x06, 0x04,
    0x07, 0x07, 0x07, 0x06, 0x09, 0x0B, 0x06, 0x09, 0x06, 0x06, 0x0A, 0x06, 0x05, 0x06, 0x11, 0x03, 0x0A, 0x0A, 0x0B, 0x05, 0x0C, 0x03, 0x02, 0x0B,
    0x02, 0x07, 0x08, 0x05, 0x08, 0x05, 0x0E, 0x03, 0x07, 0x0A, 0x09, 0x06, 0x09, 0x0B, 0x06, 0x09, 0x02, 0x07, 0x06, 0x0F, 0x07, 0x07, 0x07, 0x05,
    0x02, 0x0F, 0x07, 0x07, 0x06, 0x0F, 0x04, 0x09, 0x09, 0x06, 0x05, 0x0E, 0x07, 0x0A, 0x09, 0x06, 0x0A, 0x09, 0x0F, 0x0A, 0x04, 0x0A, 0x06, 0x0A,
    0x0A, 0x0A, 0x07, 0x05, 0x0B, 0x0A, 0x03, 0x07, 0x09, 0x0A, 0x0B, 0x03, 0x0A, 0x04, 0x0B, 0x0D, 0x04, 0x07, 0x07, 0x07, 0x07, 0x07, 0x04, 0x0A,
    0x04, 0x08, 0x07, 0x0B, 0x04, 0x07, 0x07, 0x07, 0x06, 0x09, 0x0B, 0x06, 0x09, 0x06, 0x06, 0x06, 0x06, 0x08, 0x0A, 0x11, 0x03, 0x0A, 0x02, 0x0B,
    0x0C, 0x0C, 0x03, 0x0E, 0x0B, 0x0A, 0x07, 0x08, 0x05, 0x08, 0x05, 0x02, 0x03, 0x05, 0x0A, 0x09, 0x06, 0x09, 0x0B, 0x06, 0x09, 0x0E, 0x07, 0x06,
    0x03, 0x07, 0x0B, 0x05, 0x07, 0x02, 0x0F, 0x07, 0x07, 0x06, 0x0F, 0x04, 0x09, 0x09, 0x02, 0x05, 0x0E, 0x0B, 0x0A, 0x09, 0x06, 0x0A, 0x09, 0x0F,
    0x02, 0x07, 0x0A, 0x02, 0x02, 0x0A, 0x0A, 0x07, 0x05, 0x0B, 0x0E, 0x03, 0x07, 0x01, 0x0A, 0x0B, 0x03, 0x0A, 0x07, 0x0B, 0x0D, 0x04, 0x07, 0x07,
    0x07, 0x07, 0x0C, 0x0B, 0x0A, 0x04, 0x05, 0x07, 0x0B, 0x04, 0x07, 0x07, 0x07, 0x06, 0x09, 0x07, 0x06, 0x09, 0x02, 0x06, 0x0A, 0x06, 0x05, 0x06,
    0x11, 0x03, 0x0A, 0x0A, 0x0B, 0x0C, 0x05, 0x03, 0x02, 0x04, 0x02, 0x07, 0x08, 0x05, 0x08, 0x05, 0x0E, 0x03, 0x0C, 0x0A, 0x09, 0x06, 0x09, 0x06,
    0x06, 0x09, 0x06, 0x07, 0x06, 0x0F, 0x07, 0x0B, 0x05, 0x0C, 0x02, 0x0F, 0x07, 0x07, 0x06, 0x0F, 0x04, 0x09, 0x09, 0x02, 0x05, 0x0E, 0x07, 0x0A,
    0x09, 0x06, 0x0A, 0x09, 0x09, 0x0A, 0x07, 0x0A, 0x06, 0x02, 0x0A, 0x0A, 0x07, 0x05, 0x07, 0x06, 0x03, 0x07, 0x0F, 0x06, 0x06, 0x03, 0x0A, 0x07,
    0x0B, 0x0B, 0x04, 0x0D, 0x07, 0x07, 0x07, 0x05, 0x0D, 0x0A, 0x0D, 0x05, 0x07, 0x0B, 0x0B, 0x07, 0x07, 0x07, 0x0E, 0x09, 0x04, 0x06, 0x0F, 0x02,
    0x06, 0x02, 0x06, 0x08, 0x0A, 0x11, 0x03, 0x0A, 0x02, 0x0B, 0x0C, 0x0C, 0x03, 0x0E, 0x0B, 0x02, 0x07, 0x05, 0x08, 0x08, 0x05, 0x06, 0x03, 0x05,
    0x0A, 0x09, 0x0A, 0x09, 0x06, 0x06, 0x09, 0x02, 0x07, 0x06, 0x03, 0x07, 0x04, 0x05, 0x05, 0x02, 0x0F, 0x07, 0x07, 0x06, 0x03, 0x0D, 0x09, 0x01,
    0x06, 0x05, 0x0E, 0x0B, 0x0A, 0x09, 0x02, 0x0E, 0x09, 0x09, 0x0A, 0x04, 0x04, 0x0E, 0x06, 0x0A, 0x0A, 0x07, 0x05, 0x0B, 0x0B, 0x03, 0x07, 0x03,
    0x0E, 0x06, 0x03, 0x0A, 0x04, 0x0D, 0x04, 0x07, 0x0B, 0x07, 0x07, 0x07, 0x05, 0x0B, 0x0A, 0x07, 0x05, 0x05, 0x06, 0x0B, 0x07, 0x07, 0x07, 0x06,
    0x0F, 0x04, 0x06, 0x0F, 0x02, 0x0E, 0x06, 0x06, 0x05, 0x02, 0x11, 0x03, 0x0A, 0x02, 0x0B, 0x05, 0x0C, 0x03, 0x02, 0x0B, 0x0A, 0x07, 0x08, 0x05,
    0x05, 0x05, 0x0E, 0x03, 0x07, 0x0A, 0x09, 0x06, 0x09, 0x06, 0x0E, 0x09, 0x06, 0x07, 0x0E, 0x03, 0x0D, 0x04, 0x0C, 0x05, 0x0A, 0x0F, 0x07, 0x07,
    0x06, 0x0F, 0x04, 0x0F, 0x01, 0x02, 0x05, 0x0E, 0x0B, 0x0A, 0x09, 0x06, 0x0A, 0x09, 0x0F, 0x0A, 0x0A, 0x07, 0x02, 0x06, 0x0A, 0x0A, 0x07, 0x05,
    0x0B, 0x0B, 0x03, 0x07, 0x03, 0x0E, 0x06, 0x03, 0x0A, 0x07, 0x0B, 0x04, 0x07, 0x04, 0x07, 0x07, 0x07, 0x07, 0x07, 0x0A, 0x04, 0x0C, 0x07, 0x04,
    0x0B, 0x07, 0x04, 0x07, 0x06, 0x0F, 0x07, 0x06, 0x09, 0x06, 0x02, 0x02, 0x06, 0x08, 0x0A, 0x11, 0x03, 0x0A, 0x0A, 0x06, 0x0C, 0x05, 0x03, 0x0E,
    0x0B, 0x02, 0x07, 0x08, 0x08, 0x05, 0x05, 0x06, 0x03, 0x05, 0x0A, 0x09, 0x06, 0x09, 0x06, 0x06, 0x09, 0x0E, 0x07, 0x0E, 0x03, 0x07, 0x04, 0x05,
    0x0C, 0x0A, 0x03, 0x07, 0x07, 0x0A, 0x03, 0x0B, 0x09, 0x0A, 0x06, 0x05, 0x0E, 0x0B, 0x03, 0x09, 0x0A, 0x06, 0x09, 0x09, 0x0F, 0x0A, 0x07, 0x02,
    0x06, 0x0A, 0x0A, 0x07, 0x05, 0x04, 0x0B, 0x03, 0x07, 0x03, 0x0E, 0x06, 0x03, 0x0A, 0x07, 0x0B, 0x0B, 0x06, 0x0D, 0x07, 0x07, 0x04, 0x0C, 0x04,
    0x0A, 0x06, 0x08, 0x07, 0x0B, 0x0B, 0x07, 0x07, 0x07, 0x0A, 0x0F, 0x07, 0x06, 0x09, 0x0E, 0x06, 0x0A, 0x06, 0x05, 0x0A, 0x11, 0x03, 0x0A, 0x02,
    0x06, 0x0C, 0x0C, 0x03, 0x02, 0x0B, 0x02, 0x07, 0x08, 0x05, 0x05, 0x05, 0x0E, 0x03, 0x05, 0x0A, 0x09, 0x06, 0x09, 0x06, 0x06, 0x01, 0x0E, 0x07,
    0x0A, 0x03, 0x0D, 0x06, 0x05, 0x05, 0x0A, 0x0F, 0x07, 0x07, 0x0A, 0x03, 0x07, 0x09, 0x0A, 0x06, 0x05, 0x0E, 0x0D, 0x03, 0x09, 0x0A, 0x0A, 0x09,
    0x09, 0x0F, 0x0A, 0x07, 0x06, 0x02, 0x0A, 0x0A, 0x07, 0x0C, 0x04, 0x0B, 0x0F, 0x07, 0x03, 0x06, 0x06, 0x03, 0x0A, 0x07, 0x0B, 0x0D, 0x02, 0x06,
    0x07, 0x07, 0x04, 0x0C, 0x07, 0x02, 0x0B, 0x05, 0x05, 0x0B, 0x0B, 0x0D, 0x07, 0x07, 0x0A, 0x09, 0x07, 0x06, 0x09, 0x0A, 0x06, 0x06, 0x06, 0x08,
    0x0A, 0x11, 0x03, 0x0A, 0x0A, 0x06, 0x05, 0x0C, 0x03, 0x06, 0x0B, 0x06, 0x07, 0x08, 0x08, 0x08, 0x05, 0x0E, 0x03, 0x05, 0x0A, 0x09, 0x06, 0x09,
    0x06, 0x06, 0x01, 0x06, 0x07, 0x06, 0x03, 0x07, 0x06, 0x0C, 0x05, 0x02, 0x0F, 0x07, 0x07, 0x0A, 0x0F, 0x07, 0x09, 0x0A, 0x02, 0x05, 0x0A, 0x0D,
    0x03, 0x09, 0x02, 0x0A, 0x06, 0x09, 0x03, 0x0A, 0x04, 0x0E, 0x06, 0x0A, 0x0A, 0x07, 0x08, 0x0B, 0x0B, 0x03, 0x07, 0x0A, 0x06, 0x0A, 0x03, 0x0A,
    0x07, 0x0B, 0x0B, 0x06, 0x0D, 0x07, 0x07, 0x07, 0x07, 0x07, 0x0A, 0x0B, 0x05, 0x07, 0x0B, 0x07, 0x0B, 0x04, 0x07, 0x06, 0x0F, 0x07, 0x06, 0x0F,
    0x02, 0x06, 0x06, 0x06, 0x05, 0x06, 0x11, 0x03, 0x02, 0x0A, 0x06, 0x0C, 0x0C, 0x03, 0x0A, 0x0B, 0x02, 0x07, 0x08, 0x05, 0x05, 0x05, 0x02, 0x0F,
    0x05, 0x0E, 0x09, 0x06, 0x09, 0x06, 0x06, 0x12, 0x02, 0x07, 0x06, 0x0F, 0x07, 0x06, 0x07, 0x0C, 0x02, 0x0F, 0x04, 0x07, 0x02, 0x0F, 0x04, 0x09,
    0x0E, 0x02, 0x05, 0x0A, 0x0D, 0x03, 0x09, 0x0A, 0x0E, 0x0E, 0x09, 0x03, 0x0A, 0x07, 0x02, 0x06, 0x0A, 0x0A, 0x07, 0x08, 0x04, 0x0B, 0x0A, 0x07,
    0x03, 0x0A, 0x0A, 0x0A, 0x0B, 0x07, 0x0D, 0x0B, 0x02, 0x0B, 0x07, 0x07, 0x07, 0x05, 0x04, 0x0A, 0x06, 0x08, 0x07, 0x07, 0x0B, 0x07, 0x0D, 0x07,
    0x0A, 0x0F, 0x07, 0x06, 0x0F, 0x06, 0x06, 0x06, 0x06, 0x05, 0x0A, 0x12, 0x03, 0x0A, 0x0A, 0x06, 0x05, 0x0C, 0x03, 0x06, 0x0B, 0x06, 0x07, 0x08,
    0x05, 0x05, 0x0C, 0x06, 0x0F, 0x05, 0x0A, 0x09, 0x06, 0x09, 0x06, 0x06, 0x09, 0x06, 0x07, 0x06, 0x03, 0x07, 0x06, 0x05, 0x05, 0x0A, 0x0F, 0x04,
    0x0C, 0x0A, 0x03, 0x07, 0x09, 0x0A, 0x0A, 0x05, 0x0A, 0x0D, 0x03, 0x09, 0x09, 0x06, 0x0E, 0x03, 0x0F, 0x0A, 0x07, 0x02, 0x06, 0x0A, 0x0A, 0x04,
    0x08, 0x0B, 0x05, 0x06, 0x07, 0x06, 0x0A, 0x0A, 0x02, 0x07, 0x07, 0x0D, 0x04, 0x0A, 0x0B, 0x07, 0x07, 0x0D, 0x05, 0x07, 0x03, 0x0B, 0x05, 0x05,
    0x07, 0x0B, 0x07, 0x04, 0x07, 0x02, 0x0F, 0x07, 0x06, 0x09, 0x0A, 0x06, 0x06, 0x06, 0x05, 0x0A, 0x12, 0x03, 0x02, 0x0A, 0x06, 0x05, 0x0C, 0x03,
    0x0A, 0x0B, 0x06, 0x07, 0x08, 0x08, 0x05, 0x05, 0x02, 0x0F, 0x05, 0x0A, 0x09, 0x06, 0x09, 0x06, 0x06, 0x09, 0x0E, 0x07, 0x06, 0x0A, 0x07, 0x06,
    0x07, 0x05, 0x0A, 0x0F, 0x04, 0x07, 0x0A, 0x03, 0x0B, 0x03, 0x0A, 0x02, 0x05, 0x0A, 0x0D, 0x03, 0x0A, 0x09, 0x06, 0x0E, 0x03, 0x03, 0x0A, 0x07,
    0x06, 0x02, 0x0A, 0x0A, 0x07, 0x08, 0x0B, 0x0C, 0x07, 0x04, 0x06, 0x0A, 0x0A, 0x06, 0x07, 0x07, 0x0D, 0x04, 0x0A, 0x06, 0x07, 0x07, 0x07, 0x05,
    0x07, 0x0A, 0x06, 0x05, 0x05, 0x07, 0x0B, 0x07, 0x0D, 0x07, 0x02, 0x0F, 0x07, 0x06, 0x0F, 0x06, 0x06, 0x06, 0x06, 0x05, 0x02, 0x12, 0x0F, 0x02,
    0x0A, 0x06, 0x0C, 0x0C, 0x03, 0x06, 0x0B, 0x06, 0x07, 0x05, 0x08, 0x05, 0x05, 0x02, 0x0F, 0x05, 0x0E, 0x0F, 0x06, 0x09, 0x06, 0x06, 0x09, 0x06,
    0x07, 0x0E, 0x03, 0x07, 0x06, 0x05, 0x0C, 0x02, 0x0F, 0x04, 0x07, 0x0A, 0x03, 0x04, 0x0F, 0x0A, 0x02, 0x05, 0x0A, 0x0B, 0x07, 0x0A, 0x09, 0x06,
    0x0E, 0x03, 0x0F, 0x0A, 0x04, 0x06, 0x06, 0x0A, 0x0A, 0x07, 0x08, 0x04, 0x0C, 0x0C, 0x07, 0x06, 0x02, 0x0A, 0x0A, 0x07, 0x07, 0x04, 0x0D, 0x0A,
    0x06, 0x04, 0x0D, 0x07, 0x05, 0x07, 0x0A, 0x06, 0x0C, 0x0C, 0x04, 0x0D, 0x07, 0x07, 0x0D, 0x06, 0x03, 0x07, 0x06, 0x0F, 0x02, 0x06, 0x06, 0x0B,
    0x05, 0x0A, 0x09, 0x0F, 0x02, 0x0A, 0x06, 0x05, 0x0C, 0x03, 0x06, 0x0B, 0x06, 0x07, 0x08, 0x05, 0x0C, 0x0C, 0x06, 0x0F, 0x05, 0x02, 0x0F, 0x0B,
    0x09, 0x06, 0x06, 0x01, 0x0E, 0x07, 0x0E, 0x0A, 0x07, 0x06, 0x07, 0x07, 0x0A, 0x0F, 0x04, 0x07, 0x0A, 0x0F, 0x04, 0x0F, 0x0A, 0x0A, 0x05, 0x0A,
    0x0A, 0x07, 0x0A, 0x0F, 0x06, 0x0E, 0x03, 0x0A, 0x06, 0x04, 0x0E, 0x06, 0x0A, 0x02, 0x07, 0x08, 0x06, 0x07, 0x07, 0x07, 0x06, 0x0A, 0x02, 0x06,
    0x07, 0x04, 0x0D, 0x04, 0x0A, 0x0B, 0x04, 0x07, 0x07, 0x05, 0x07, 0x0A, 0x06, 0x05, 0x05, 0x0B, 0x0B, 0x07, 0x07, 0x07, 0x0A, 0x03, 0x07, 0x0B,
    0x0F, 0x06, 0x06, 0x06, 0x0B, 0x05, 0x0A, 0x01, 0x03, 0x0E, 0x02, 0x06, 0x0C, 0x05, 0x03, 0x06, 0x07, 0x06, 0x07, 0x08, 0x08, 0x05, 0x05, 0x02,
    0x0F, 0x0C, 0x02, 0x0F, 0x06, 0x0F, 0x06, 0x06, 0x09, 0x0E, 0x07, 0x06, 0x0A, 0x0D, 0x06, 0x05, 0x05, 0x0A, 0x03, 0x04, 0x07, 0x0A, 0x03, 0x04,
    0x0F, 0x0A, 0x02, 0x0C, 0x07, 0x06, 0x07, 0x0A, 0x0F, 0x06, 0x0E, 0x03, 0x0E, 0x06, 0x04, 0x06, 0x06, 0x0A, 0x0A, 0x04, 0x08, 0x06, 0x05, 0x0C,
    0x07, 0x06, 0x0A, 0x0A, 0x06, 0x07, 0x07, 0x07, 0x0B, 0x0A, 0x06, 0x07, 0x0D, 0x07, 0x05, 0x04, 0x0A, 0x06, 0x05, 0x05, 0x0B, 0x0B, 0x07, 0x0B,
    0x07, 0x0E, 0x03, 0x07, 0x06, 0x0F, 0x06, 0x06, 0x0B, 0x0B, 0x05, 0x0A, 0x01, 0x03, 0x0A, 0x06, 0x02, 0x0C, 0x0C, 0x03, 0x0E, 0x04, 0x06, 0x07,
    0x08, 0x05, 0x0C, 0x05, 0x02, 0x0F, 0x05, 0x0A, 0x0F, 0x06, 0x0F, 0x06, 0x06, 0x09, 0x06, 0x07, 0x06, 0x0A, 0x07, 0x06, 0x07, 0x0C, 0x0A, 0x0F,
    0x07, 0x07, 0x0A, 0x03, 0x04, 0x0F, 0x0A, 0x0A, 0x0B, 0x07, 0x0E, 0x0C, 0x0E, 0x03, 0x06, 0x0E, 0x03, 0x0E, 0x06, 0x07, 0x02, 0x06, 0x0A, 0x0A,
    0x04, 0x08, 0x06, 0x05, 0x07, 0x0C, 0x06, 0x02, 0x0A, 0x06, 0x0B, 0x07, 0x07, 0x07, 0x0A, 0x06, 0x04, 0x07, 0x07, 0x08, 0x04, 0x0A, 0x06, 0x05,
    0x05, 0x0B, 0x0B, 0x07, 0x07, 0x04, 0x0E, 0x03, 0x07, 0x06, 0x0F, 0x02, 0x06, 0x0B, 0x06, 0x05, 0x0A, 0x12, 0x03, 0x0A, 0x06, 0x02, 0x05, 0x0C,
    0x03, 0x0E, 0x0D, 0x06, 0x07, 0x08, 0x08, 0x0C, 0x05, 0x06, 0x0F, 0x05, 0x06, 0x0F, 0x07, 0x0F, 0x06, 0x06, 0x09, 0x06, 0x07, 0x0E, 0x03, 0x07,
    0x06, 0x07, 0x07, 0x0A, 0x0F, 0x04, 0x07, 0x0A, 0x03, 0x04, 0x0F, 0x0A, 0x06, 0x0B, 0x07, 0x0E, 0x07, 0x0A, 0x0A, 0x06, 0x0E, 0x03, 0x06, 0x0B,
    0x07, 0x06, 0x06, 0x0A, 0x0A, 0x0B, 0x08, 0x06, 0x0C, 0x05, 0x07, 0x0E, 0x06, 0x0A, 0x06, 0x0D, 0x04, 0x07, 0x04, 0x0E, 0x06, 0x0D, 0x07, 0x07,
    0x05, 0x04, 0x0A, 0x06, 0x05, 0x0C, 0x04, 0x0B, 0x0B, 0x0D, 0x04, 0x0E, 0x03, 0x07, 0x06, 0x0F, 0x02, 0x0B, 0x0B, 0x0B, 0x05, 0x0A, 0x09, 0x03,
    0x0A, 0x02, 0x06, 0x0C, 0x05, 0x03, 0x06, 0x0B, 0x06, 0x07, 0x08, 0x05, 0x0C, 0x08, 0x02, 0x0F, 0x0C, 0x0A, 0x03, 0x0B, 0x0F, 0x06, 0x0A, 0x09,
    0x06, 0x07, 0x06, 0x10, 0x07, 0x06, 0x05, 0x07, 0x0A, 0x0F, 0x07, 0x07, 0x0A, 0x0F, 0x04, 0x09, 0x09, 0x06, 0x0B, 0x07, 0x06, 0x0C, 0x0E, 0x0A,
    0x06, 0x0E, 0x03, 0x06, 0x0B, 0x07, 0x02, 0x06, 0x0A, 0x0A, 0x04, 0x08, 0x06, 0x07, 0x05, 0x07, 0x06, 0x02, 0x06, 0x06, 0x0B, 0x07, 0x0D, 0x07,
    0x02, 0x06, 0x07, 0x07, 0x07, 0x08, 0x0B, 0x0A, 0x06, 0x05, 0x0C, 0x07, 0x04, 0x0B, 0x07, 0x0B, 0x06, 0x0F, 0x07, 0x0B, 0x0F, 0x02, 0x07, 0x0B,
    0x06, 0x05, 0x0A, 0x12, 0x03, 0x0E, 0x06, 0x02, 0x0C, 0x0C, 0x03, 0x06, 0x04, 0x06, 0x07, 0x08, 0x05, 0x07, 0x08, 0x06, 0x09, 0x05, 0x0E, 0x03,
    0x0B, 0x03, 0x0F, 0x0A, 0x09, 0x02, 0x07, 0x07, 0x03, 0x07, 0x06, 0x07, 0x07, 0x02, 0x0F, 0x04, 0x07, 0x0A, 0x03, 0x07, 0x0B, 0x0F, 0x06, 0x0B,
    0x07, 0x0E, 0x07, 0x06, 0x0A, 0x0B, 0x0E, 0x03, 0x06, 0x0B, 0x07, 0x06, 0x06, 0x0A, 0x0A, 0x0B, 0x08, 0x06, 0x0C, 0x07, 0x07, 0x0B, 0x06, 0x06,
    0x06, 0x0B, 0x04, 0x07, 0x07, 0x0A, 0x06, 0x0D, 0x07, 0x07, 0x08, 0x07, 0x0A, 0x06, 0x05, 0x0C, 0x07, 0x0B, 0x0D, 0x04, 0x0D, 0x06, 0x03, 0x07,
    0x0B, 0x0F, 0x0A, 0x07, 0x0B, 0x06, 0x05, 0x0A, 0x09, 0x03, 0x0E, 0x06, 0x02, 0x05, 0x0C, 0x03, 0x02, 0x0B, 0x06, 0x07, 0x08, 0x05, 0x0C, 0x05,
    0x06, 0x09, 0x0C, 0x06, 0x03, 0x0D, 0x03, 0x0F, 0x0A, 0x09, 0x0E, 0x07, 0x07, 0x0A, 0x07, 0x06, 0x0C, 0x07, 0x0A, 0x0F, 0x04, 0x07, 0x0A, 0x0F,
    0x0A, 0x04, 0x09, 0x06, 0x06, 0x05, 0x0E, 0x07, 0x06, 0x0B, 0x06, 0x0E, 0x03, 0x0B, 0x0B, 0x07, 0x06, 0x06, 0x0A, 0x0A, 0x0B, 0x08, 0x06, 0x05,
    0x07, 0x07, 0x07, 0x06, 0x06, 0x06, 0x0B, 0x04, 0x07, 0x07, 0x02, 0x0B, 0x0B, 0x07, 0x05, 0x08, 0x07, 0x0A, 0x06, 0x07, 0x05, 0x07, 0x04, 0x0B,
    0x04, 0x0B, 0x0E, 0x03, 0x07, 0x0B, 0x03, 0x0A, 0x06, 0x0D, 0x0D, 0x05, 0x0A, 0x09, 0x0A, 0x0A, 0x0E, 0x02, 0x05, 0x0C, 0x03, 0x06, 0x0B, 0x06,
    0x07, 0x08, 0x05, 0x0C, 0x05, 0x06, 0x09, 0x0C, 0x06, 0x03, 0x0D, 0x0F, 0x03, 0x0A, 0x01, 0x06, 0x07, 0x07, 0x0A, 0x07, 0x06, 0x05, 0x07, 0x0A,
    0x0F, 0x04, 0x07, 0x0A, 0x0E, 0x0A, 0x0B, 0x0F, 0x06, 0x0B, 0x07, 0x0B, 0x07, 0x0B, 0x06, 0x0B, 0x06, 0x09, 0x0B, 0x0B, 0x07, 0x02, 0x06, 0x0A,
    0x02, 0x0B, 0x08, 0x06, 0x0C, 0x0C, 0x0C, 0x07, 0x06, 0x06, 0x06, 0x0D, 0x07, 0x07, 0x07, 0x06, 0x06, 0x0B, 0x0D, 0x05, 0x0C, 0x07, 0x0A, 0x06,
    0x05, 0x0C, 0x07, 0x0B, 0x0B, 0x0B, 0x07, 0x0A, 0x03, 0x07, 0x0D, 0x03, 0x02, 0x06, 0x04, 0x0B, 0x05, 0x0A, 0x09, 0x0A, 0x02, 0x06, 0x0B, 0x0C,
    0x0C, 0x03, 0x06, 0x0B, 0x06, 0x07, 0x05, 0x05, 0x07, 0x08, 0x06, 0x0F, 0x07, 0x06, 0x0F, 0x04, 0x0F, 0x0F, 0x06, 0x12, 0x02, 0x07, 0x07, 0x0A,
    0x07, 0x06, 0x07, 0x07, 0x0A, 0x03, 0x04, 0x07, 0x04, 0x06, 0x06, 0x04, 0x0F, 0x06, 0x07, 0x07, 0x04, 0x0C, 0x06, 0x0B, 0x06, 0x06, 0x0F, 0x0B,
    0x0B, 0x07, 0x0B, 0x06, 0x0A, 0x0B, 0x04, 0x08, 0x06, 0x07, 0x07, 0x07, 0x07, 0x06, 0x06, 0x06, 0x0B, 0x06, 0x07, 0x07, 0x06, 0x06, 0x04, 0x0B,
    0x05, 0x0C, 0x07, 0x0A, 0x06, 0x05, 0x0C, 0x07, 0x04, 0x0B, 0x0B, 0x07, 0x0E, 0x03, 0x07, 0x0D, 0x03, 0x0A, 0x0B, 0x0B, 0x0B, 0x05, 0x0A, 0x09,
    0x0A, 0x0A, 0x06, 0x06, 0x05, 0x0C, 0x03, 0x06, 0x0B, 0x06, 0x07, 0x05, 0x0C, 0x07, 0x08, 0x06, 0x09, 0x0C, 0x02, 0x0F, 0x07, 0x0A, 0x0F, 0x02,
    0x09, 0x06, 0x07, 0x07, 0x0A, 0x07, 0x06, 0x07, 0x07, 0x0A, 0x03, 0x04, 0x0E, 0x07, 0x0E, 0x06, 0x04, 0x10, 0x06, 0x07, 0x05, 0x06, 0x0C, 0x07,
    0x0B, 0x0B, 0x06, 0x03, 0x0B, 0x0B, 0x07, 0x07, 0x0B, 0x06, 0x06, 0x07, 0x08, 0x07, 0x0C, 0x07, 0x0C, 0x07, 0x06, 0x06, 0x06, 0x0D, 0x06, 0x07,
    0x07, 0x06, 0x0B, 0x0B, 0x07, 0x0C, 0x0C, 0x07, 0x0A, 0x06, 0x07, 0x05, 0x07, 0x0D, 0x0B, 0x0B, 0x04, 0x0E, 0x03, 0x07, 0x0B, 0x03, 0x0A, 0x06,
    0x06, 0x07, 0x05, 0x0A, 0x09, 0x0A, 0x06, 0x02, 0x06, 0x0C, 0x05, 0x03, 0x06, 0x0B, 0x06, 0x07, 0x05, 0x05, 0x07, 0x08, 0x06, 0x09, 0x0C, 0x0B,
    0x0F, 0x04, 0x0A, 0x0F, 0x0A, 0x09, 0x06, 0x0C, 0x0C, 0x0A, 0x07, 0x06, 0x07, 0x07, 0x0A, 0x0F, 0x03, 0x06, 0x07, 0x0E, 0x06, 0x04, 0x03, 0x06,
    0x04, 0x05, 0x0B, 0x07, 0x07, 0x06, 0x0B, 0x06, 0x06, 0x0B, 0x04, 0x07, 0x07, 0x07, 0x0B, 0x0B, 0x04, 0x08, 0x04, 0x07, 0x0C, 0x0C, 0x07, 0x0B,
    0x06, 0x06, 0x0D, 0x06, 0x07, 0x07, 0x06, 0x06, 0x0B, 0x04, 0x0C, 0x05, 0x07, 0x0A, 0x06, 0x0C, 0x05, 0x07, 0x04, 0x0B, 0x0B, 0x04, 0x0E, 0x03,
    0x07, 0x0B, 0x03, 0x02, 0x06, 0x06, 0x0B, 0x05, 0x02, 0x09, 0x0A, 0x06, 0x06, 0x06, 0x0C, 0x0C, 0x03, 0x02, 0x0D, 0x06, 0x07, 0x05, 0x0C, 0x07,
    0x08, 0x06, 0x0F, 0x05, 0x0B, 0x03, 0x0B, 0x0A, 0x0F, 0x0A, 0x09, 0x02, 0x0C, 0x07, 0x0A, 0x07, 0x0B, 0x07, 0x07, 0x0A, 0x0A, 0x03, 0x0B, 0x07,
    0x06, 0x0B, 0x0D, 0x0F, 0x06, 0x07, 0x05, 0x07, 0x0C, 0x07, 0x0B, 0x06, 0x0B, 0x0B, 0x07, 0x0B, 0x07, 0x05, 0x07, 0x0B, 0x0D, 0x0B, 0x08, 0x07,
    0x07, 0x05, 0x07, 0x07, 0x04, 0x06, 0x06, 0x06, 0x06, 0x07, 0x07, 0x06, 0x06, 0x0B, 0x0B, 0x0C, 0x0C, 0x07, 0x0A, 0x06, 0x07, 0x05, 0x0C, 0x0B,
    0x0B, 0x0B, 0x0B, 0x0E, 0x03, 0x07, 0x0D, 0x03, 0x0A, 0x06, 0x0B, 0x0B, 0x0C, 0x06, 0x09, 0x0A, 0x06, 0x02, 0x0B, 0x05, 0x0C, 0x03, 0x06, 0x04,
    0x0E, 0x07, 0x05, 0x05, 0x07, 0x05, 0x02, 0x0F, 0x05, 0x0B, 0x03, 0x06, 0x02, 0x0F, 0x0A, 0x09, 0x06, 0x0C, 0x0C, 0x0A, 0x07, 0x06, 0x07, 0x07,
    0x07, 0x0A, 0x03, 0x07, 0x07, 0x0E, 0x06, 0x0C, 0x0F, 0x06, 0x05, 0x05, 0x07, 0x0C, 0x04, 0x0B, 0x0B, 0x0B, 0x04, 0x07, 0x0B, 0x07, 0x05, 0x07,
    0x0B, 0x04, 0x0D, 0x08, 0x04, 0x0C, 0x07, 0x07, 0x07, 0x0B, 0x0B, 0x06, 0x0B, 0x06, 0x07, 0x07, 0x06, 0x06, 0x07, 0x0B, 0x05, 0x0C, 0x07, 0x02,
    0x06, 0x07, 0x05, 0x07, 0x07, 0x0B, 0x04, 0x0B, 0x06, 0x0F, 0x07, 0x0D, 0x03, 0x06, 0x02, 0x06, 0x0D, 0x05, 0x0A, 0x09, 0x0A, 0x06, 0x06, 0x06,
    0x0C, 0x0C, 0x03, 0x06, 0x04, 0x06, 0x07, 0x0C, 0x0C, 0x07, 0x0C, 0x06, 0x0F, 0x0C, 0x04, 0x0F, 0x0B, 0x0A, 0x03, 0x0E, 0x01, 0x06, 0x07, 0x0C,
    0x0A, 0x07, 0x06, 0x07, 0x07, 0x07, 0x02, 0x03, 0x07, 0x07, 0x0E, 0x0B, 0x0C, 0x0F, 0x0B, 0x05, 0x07, 0x07, 0x0C, 0x04, 0x0B, 0x0B, 0x0B, 0x07,
    0x07, 0x0B, 0x07, 0x05, 0x07, 0x0B, 0x04, 0x0D, 0x08, 0x04, 0x0C, 0x0C, 0x07, 0x07, 0x0B, 0x04, 0x06, 0x0B, 0x06, 0x07, 0x07, 0x06, 0x06, 0x0D,
    0x0B, 0x05, 0x0C, 0x07, 0x0A, 0x06, 0x0C, 0x05, 0x07, 0x07, 0x0D, 0x0B, 0x0B, 0x06, 0x03, 0x07, 0x0D, 0x03, 0x0A, 0x06, 0x06, 0x0D, 0x05, 0x06,
    0x09, 0x0A, 0x06, 0x06, 0x06, 0x0C, 0x05, 0x03, 0x0E, 0x0D, 0x06, 0x07, 0x05, 0x0C, 0x0B, 0x05, 0x02, 0x0F, 0x0C, 0x07, 0x03, 0x06, 0x0A, 0x0F,
    0x0E, 0x01, 0x06, 0x0C, 0x07, 0x0A, 0x0D, 0x06, 0x06, 0x07, 0x07, 0x0A, 0x03, 0x07, 0x07, 0x0E, 0x0B, 0x0C, 0x06, 0x06, 0x05, 0x0B, 0x07, 0x0C,
    0x04, 0x0B, 0x0B, 0x0D, 0x07, 0x0C, 0x06, 0x07, 0x05, 0x07, 0x0B, 0x0B, 0x04, 0x08, 0x04, 0x07, 0x05, 0x07, 0x07, 0x0B, 0x07, 0x06, 0x06, 0x0B,
    0x07, 0x07, 0x06, 0x06, 0x06, 0x0B, 0x0C, 0x0C, 0x07, 0x0A, 0x06, 0x0C, 0x05, 0x07, 0x07, 0x0B, 0x0B, 0x0B, 0x0E, 0x0A, 0x07, 0x0B, 0x03, 0x0A,
    0x06, 0x06, 0x0D, 0x0C, 0x06, 0x09, 0x0A, 0x06, 0x06, 0x06, 0x0C, 0x0C, 0x03, 0x06, 0x0B, 0x0E, 0x07, 0x07, 0x05, 0x0D, 0x0C, 0x06, 0x03, 0x0C,
    0x07, 0x0A, 0x06, 0x0A, 0x03, 0x0E, 0x09, 0x02, 0x0C, 0x07, 0x0A, 0x0B, 0x06, 0x0B, 0x07, 0x07, 0x03, 0x03, 0x07, 0x07, 0x0E, 0x07, 0x0C, 0x0B,
    0x0B, 0x05, 0x0B, 0x07, 0x0C, 0x07, 0x0B, 0x04, 0x0B, 0x07, 0x07, 0x06, 0x07, 0x05, 0x07, 0x04, 0x0B, 0x0D, 0x08, 0x0B, 0x07, 0x0C, 0x07, 0x07,
    0x0B, 0x0B, 0x06, 0x0B, 0x06, 0x07, 0x07, 0x06, 0x06, 0x06, 0x0B, 0x05, 0x0C, 0x07, 0x0A, 0x06, 0x07, 0x05, 0x0C, 0x07, 0x0B, 0x07, 0x0B, 0x06,
    0x03, 0x07, 0x0D, 0x0A, 0x02, 0x06, 0x06, 0x07, 0x05, 0x06, 0x09, 0x0A, 0x06, 0x06, 0x06, 0x05, 0x07, 0x03, 0x06, 0x07, 0x06, 0x07, 0x0C, 0x07,
    0x0B, 0x05, 0x0A, 0x03, 0x0C, 0x07, 0x03, 0x06, 0x0A, 0x0F, 0x0A, 0x09, 0x06, 0x0C, 0x07, 0x0A,
};

static const uint8_t sportbk_px_1[] __attribute__((aligned(8))) = {
    0x00, 0x00, 0x00, 0x00, 0x00, 0x00, 0x00, 0x00, 0x00, 0x00, 0x00, 0x00, 0x00, 0x00, 0x00, 0x00, 0x00, 0x00, 0x00, 0x00, 0x00, 0x00, 0x00, 0x00,
    0x00, 0x00, 0x00, 0x00, 0x00, 0x00, 0x00, 0x00, 0x00, 0x00, 0x00, 0x00, 0x00, 0x00, 0x00, 0x00, 0x00, 0x00, 0x00, 0x00, 0x00, 0x00, 0x00, 0x00,
    0x00, 0x00, 0x00, 0x00, 0x00, 0x00, 0x00, 0x00, 0x00, 0x00, 0x00, 0x00, 0x00, 0x00, 0x00, 0x00, 0x00, 0x00, 0x00, 0x00, 0x00, 0x00, 0x00, 0x00,
    0x00, 0x00, 0x00, 0x00, 0x00, 0x00, 0x00, 0x00, 0x00, 0x00, 0x00, 0x00, 0x00, 0x00, 0x00, 0x00, 0x00, 0x00, 0x00, 0x13, 0x00, 0x00, 0x00, 0x00,
    0x00, 0x00, 0x00, 0x00, 0x00, 0x00, 0x00, 0x00, 0x00, 0x00, 0x00, 0x00, 0x00, 0x00, 0x00, 0x00, 0x00, 0x00, 0x00, 0x00, 0x00, 0x00, 0x00, 0x00,
    0x00, 0x00, 0x00, 0x00, 0x00, 0x00, 0x00, 0x00, 0x00, 0x00, 0x00, 0x00, 0x00, 0x00, 0x00, 0x00, 0x00, 0x00, 0x00, 0x00, 0x00, 0x00, 0x00, 0x00,
    0x00, 0x00, 0x00, 0x00, 0x00, 0x00, 0x00, 0x00, 0x00, 0x00, 0x00, 0x00, 0x00, 0x00, 0x00, 0x00, 0x00, 0x00, 0x00, 0x00, 0x00, 0x00, 0x00, 0x00,
    0x00, 0x00, 0x00, 0x00, 0x00, 0x00, 0x00, 0x00, 0x00, 0x00, 0x00, 0x00, 0x00, 0x00, 0x00, 0x00, 0x00, 0x00, 0x00, 0x00, 0x00, 0x00, 0x13, 0x13,
    0x00, 0x00, 0x00, 0x00, 0x00, 0x00, 0x00, 0x00, 0x00, 0x00, 0x00, 0x00, 0x00, 0x00, 0x00, 0x00, 0x00, 0x00, 0x00, 0x00, 0x00, 0x00, 0x00, 0x00,
    0x00, 0x00, 0x00, 0x00, 0x00, 0x00, 0x00, 0x00, 0x00, 0x00, 0x00, 0x00, 0x00, 0x00, 0x00, 0x00, 0x00, 0x00, 0x00, 0x00, 0x00, 0x00, 0x00, 0x00,
    0x00, 0x00, 0x00, 0x00, 0x00, 0x00, 0x00, 0x00, 0x00, 0x00, 0x00, 0x00, 0x00, 0x00, 0x00, 0x00, 0x00, 0x00, 0x00, 0x00, 0x00, 0x00, 0x00, 0x00,
    0x00, 0x00, 0x00, 0x00, 0x00, 0x00, 0x00, 0x00, 0x00, 0x00, 0x00, 0x00, 0x00, 0x00, 0x00, 0x00, 0x00, 0x00, 0x00, 0x00, 0x00, 0x00, 0x00, 0x00,
    0x00, 0x13, 0x13, 0x16, 0x00, 0x00, 0x00, 0x00, 0x00, 0x00, 0x00, 0x00, 0x00, 0x00, 0x00, 0x00, 0x00, 0x00, 0x00, 0x00, 0x00, 0x00, 0x00, 0x00,
    0x00, 0x00, 0x00, 0x00, 0x00, 0x00, 0x00, 0x00, 0x00, 0x00, 0x00, 0x00, 0x00, 0x00, 0x00, 0x00, 0x00, 0x00, 0x00, 0x00, 0x00, 0x00, 0x00, 0x00,
    0x00, 0x00, 0x00, 0x00, 0x00, 0x00, 0x00, 0x00, 0x00, 0x00, 0x00, 0x00, 0x00, 0x00, 0x00, 0x00, 0x00, 0x00, 0x00, 0x00, 0x00, 0x00, 0x00, 0x00,
    0x00, 0x00, 0x00, 0x00, 0x00, 0x00, 0x00, 0x00, 0x00, 0x00, 0x00, 0x00, 0x00, 0x00, 0x00, 0x00, 0x00, 0x00, 0x00, 0x00, 0x00, 0x00, 0x00, 0x00,
    0x00, 0x00, 0x00, 0x00, 0x14, 0x13, 0x00, 0x18, 0x00, 0x00, 0x00, 0x00, 0x00, 0x00, 0x00, 0x00, 0x00, 0x00, 0x00, 0x00, 0x00, 0x00, 0x00, 0x00,
    0x00, 0x00, 0x00, 0x00, 0x00, 0x00, 0x00, 0x00, 0x00, 0x00, 0x00, 0x00, 0x00, 0x00, 0x00, 0x00, 0x00, 0x00, 0x00, 0x00, 0x00, 0x00, 0x00, 0x00,
    0x00, 0x00, 0x00, 0x00, 0x00, 0x00, 0x00, 0x00, 0x00, 0x00, 0x00, 0x00, 0x00, 0x00, 0x00, 0x00, 0x00, 0x00, 0x00, 0x00, 0x00, 0x00, 0x00, 0x00,
    0x00, 0x00, 0x00, 0x00, 0x00, 0x00, 0x00, 0x00, 0x00, 0x00, 0x00, 0x00, 0x00, 0x00, 0x00, 0x00, 0x00, 0x00, 0x00, 0x00, 0x00, 0x00, 0x00, 0x00,
    0x00, 0x00, 0x00, 0x00, 0x00, 0x00, 0x00, 0x14, 0x13, 0x00, 0x00, 0x18, 0x18, 0x00, 0x00, 0x00, 0x00, 0x00, 0x00, 0x00, 0x00, 0x00, 0x00, 0x00,
    0x00, 0x00, 0x00, 0x00, 0x00, 0x00, 0x00, 0x00, 0x00, 0x00, 0x00, 0x00, 0x00, 0x00, 0x00, 0x00, 0x00, 0x00, 0x00, 0x00, 0x00, 0x00, 0x00, 0x00,
    0x00, 0x00, 0x00, 0x00, 0x00, 0x00, 0x00, 0x00, 0x00, 0x00, 0x00, 0x00, 0x00, 0x00, 0x00, 0x00, 0x00, 0x00, 0x00, 0x00, 0x00, 0x00, 0x00, 0x00,
    0x00, 0x00, 0x00, 0x00, 0x00, 0x00, 0x00, 0x00, 0x00, 0x00, 0x00, 0x00, 0x00, 0x00, 0x00, 0x00, 0x00, 0x00, 0x00, 0x00, 0x00, 0x00, 0x00, 0x00,
    0x00, 0x00, 0x00, 0x00, 0x00, 0x00, 0x00, 0x00, 0x00, 0x00, 0x00, 0x1B, 0x1B, 0x00, 0x00, 0x18, 0x18, 0x00, 0x00, 0x00, 0x00, 0x00, 0x00, 0x00,
    0x00, 0x00, 0x00, 0x00, 0x00, 0x00, 0x00, 0x00, 0x00, 0x00, 0x00, 0x00, 0x00, 0x00, 0x00, 0x00, 0x00, 0x00, 0x00, 0x00, 0x00, 0x00, 0x00, 0x00,
    0x00, 0x00, 0x00, 0x00, 0x00, 0x00, 0x00, 0x00, 0x00, 0x00, 0x00, 0x00, 0x00, 0x00, 0x00, 0x00, 0x00, 0x00, 0x00, 0x00, 0x00, 0x00, 0x00, 0x00,
    0x00, 0x00, 0x00, 0x00, 0x00, 0x00, 0x00, 0x00, 0x00, 0x00, 0x00, 0x00, 0x00, 0x00, 0x00, 0x00, 0x00, 0x00, 0x00, 0x00, 0x00, 0x00, 0x00, 0x00,
    0x00, 0x00, 0x00, 0x00, 0x00, 0x00, 0x00, 0x00, 0x00, 0x00, 0x00, 0x00, 0x00, 0x00, 0x00, 0x09, 0x09, 0x00, 0x00, 0x18, 0x18, 0x00, 0x00, 0x00,
    0x00, 0x00, 0x00, 0x00, 0x00, 0x00, 0x00, 0x00, 0x00, 0x00, 0x00, 0x00, 0x00, 0x00, 0x00, 0x00, 0x00, 0x00, 0x00, 0x00, 0x00, 0x00, 0x00, 0x00,
    0x00, 0x00, 0x00, 0x00, 0x00, 0x00, 0x00, 0x00, 0x00, 0x00, 0x00, 0x00, 0x00, 0x00, 0x00, 0x00, 0x00, 0x00, 0x00, 0x00, 0x00, 0x00, 0x00, 0x00,
    0x00, 0x00, 0x00, 0x00, 0x00, 0x00, 0x00, 0x00, 0x00, 0x00, 0x00, 0x00, 0x00, 0x00, 0x00, 0x00, 0x00, 0x00, 0x00, 0x00, 0x00, 0x00, 0x00, 0x00,
    0x00, 0x00, 0x00, 0x00, 0x00, 0x00, 0x00, 0x00, 0x00, 0x00, 0x00, 0x00, 0x00, 0x00, 0x00, 0x00, 0x00, 0x00, 0x00, 0x09, 0x09, 0x00, 0x00, 0x18,
    0x18, 0x00, 0x00, 0x00, 0x00, 0x00, 0x00, 0x00, 0x00, 0x00, 0x00, 0x00, 0x00, 0x00, 0x00, 0x00, 0x00, 0x00, 0x00, 0x00, 0x00, 0x00, 0x00, 0x00,
    0x00, 0x00, 0x00, 0x00, 0x00, 0x00, 0x00, 0x00, 0x00, 0x00, 0x00, 0x00, 0x00, 0x00, 0x00, 0x00, 0x00, 0x00, 0x00, 0x00, 0x00, 0x00, 0x00, 0x00,
    0x00, 0x00, 0x00, 0x00, 0x00, 0x00, 0x00, 0x00, 0x00, 0x00, 0x00, 0x00, 0x00, 0x00, 0x00, 0x00, 0x00, 0x00, 0x00, 0x00, 0x00, 0x00, 0x00, 0x00,
    0x00, 0x00, 0x00, 0x00, 0x00, 0x00, 0x00, 0x00, 0x00, 0x00, 0x00, 0x00, 0x00, 0x00, 0x00, 0x00, 0x00, 0x00, 0x00, 0x00, 0x00, 0x00, 0x00, 0x09,
    0x09, 0x00, 0x00, 0x18, 0x18, 0x00, 0x00, 0x00, 0x00, 0x00, 0x00, 0x00, 0x00, 0x00, 0x00, 0x00, 0x00, 0x00, 0x00, 0x00, 0x00, 0x00, 0x00, 0x00,
    0x00, 0x00, 0x00, 0x00, 0x00, 0x00, 0x00, 0x00, 0x00, 0x00, 0x00, 0x00, 0x00, 0x00, 0x00, 0x00, 0x00, 0x00, 0x00, 0x00, 0x00, 0x00, 0x00, 0x00,
    0x00, 0x00, 0x00, 0x00, 0x00, 0x00, 0x00, 0x00, 0x00, 0x00, 0x00, 0x00, 0x00, 0x00, 0x00, 0x00, 0x00, 0x00, 0x00, 0x00, 0x00, 0x00, 0x00, 0x00,
    0x00, 0x00, 0x00, 0x00, 0x00, 0x00, 0x00, 0x00, 0x00, 0x00, 0x00, 0x00, 0x00, 0x00, 0x00, 0x00, 0x00, 0x00, 0x00, 0x00, 0x00, 0x00, 0x00, 0x00,
    0x00, 0x00, 0x00, 0x00, 0x09, 0x09, 0x00, 0x00, 0x18, 0x18, 0x00, 0x00, 0x00, 0x00, 0x00, 0x00, 0x00, 0x00, 0x00, 0x00, 0x00, 0x00, 0x00, 0x00,
    0x00, 0x00, 0x00, 0x00, 0x00, 0x00, 0x00, 0x00, 0x00, 0x00, 0x00, 0x00, 0x00, 0x00, 0x00, 0x00, 0x00, 0x00, 0x00, 0x00, 0x00, 0x00, 0x00, 0x00,
    0x00, 0x00, 0x00, 0x00, 0x00, 0x00, 0x00, 0x00, 0x00, 0x00, 0x00, 0x00, 0x00, 0x00, 0x00, 0x00, 0x00, 0x00, 0x00, 0x00, 0x00, 0x00, 0x00, 0x00,
    0x00, 0x00, 0x00, 0x00, 0x00, 0x00, 0x00, 0x00, 0x00, 0x00, 0x00, 0x00, 0x00, 0x00, 0x00, 0x00, 0x00, 0x00, 0x00, 0x00, 0x00, 0x00, 0x00, 0x00,
    0x00, 0x00, 0x00, 0x00, 0x00, 0x00, 0x00, 0x00, 0x09, 0x09, 0x00, 0x00, 0x18, 0x18, 0x00, 0x00, 0x00, 0x00, 0x00, 0x00, 0x00, 0x00, 0x00, 0x00,
    0x00, 0x00, 0x00, 0x00, 0x00, 0x00, 0x00, 0x00, 0x00, 0x00, 0x00, 0x00, 0x00, 0x00, 0x00, 0x00, 0x00, 0x00, 0x00, 0x00, 0x00, 0x00, 0x00, 0x00,
    0x00, 0x00, 0x00, 0x00, 0x00, 0x00, 0x00, 0x00, 0x00, 0x00, 0x00, 0x00, 0x00, 0x00, 0x00, 0x00, 0x00, 0x00, 0x00, 0x00, 0x00, 0x00, 0x00, 0x00,
    0x00, 0x00, 0x00, 0x00, 0x00, 0x00, 0x00, 0x00, 0x00, 0x00, 0x00, 0x00, 0x00, 0x00, 0x00, 0x00, 0x00, 0x00, 0x00, 0x00, 0x00, 0x00, 0x00, 0x00,
    0x00, 0x00, 0x00, 0x00, 0x13, 0x13, 0x16, 0x00, 0x00, 0x00, 0x00, 0x00, 0x09, 0x09, 0x00, 0x00, 0x18, 0x18, 0x00, 0x00, 0x00, 0x00, 0x00, 0x00,
    0x00, 0x00, 0x00, 0x00, 0x00, 0x00, 0x00, 0x00, 0x00, 0x00, 0x00, 0x00, 0x00, 0x00, 0x00, 0x00, 0x00, 0x00, 0x00, 0x00, 0x00, 0x00, 0x00, 0x00,
    0x00, 0x00, 0x00, 0x00, 0x00, 0x00, 0x00, 0x00, 0x00, 0x00, 0x00, 0x00, 0x00, 0x00, 0x00, 0x00, 0x00, 0x00, 0x00, 0x00, 0x00, 0x00, 0x00, 0x00,
    0x00, 0x00, 0x00, 0x00, 0x00, 0x00, 0x00, 0x00, 0x00, 0x00, 0x00, 0x00, 0x00, 0x00, 0x00, 0x00, 0x00, 0x00, 0x00, 0x00, 0x00, 0x00, 0x00, 0x00,
    0x00, 0x00, 0x00, 0x00, 0x00, 0x00, 0x00, 0x13, 0x13, 0x13, 0x14, 0x16, 0x16, 0x00, 0x00, 0x00, 0x09, 0x09, 0x00, 0x00, 0x18, 0x18, 0x00, 0x00,
    0x00, 0x00, 0x00, 0x00, 0x00, 0x00, 0x00, 0x00, 0x00, 0x00, 0x00, 0x00, 0x00, 0x00, 0x00, 0x00, 0x00, 0x00, 0x00, 0x00, 0x00, 0x00, 0x00, 0x00,
    0x00, 0x00, 0x00, 0x00, 0x00, 0x00, 0x00, 0x00, 0x00, 0x00, 0x00, 0x00, 0x00, 0x00, 0x00, 0x00, 0x00, 0x00, 0x00, 0x00, 0x00, 0x00, 0x00, 0x00,
    0x00, 0x00, 0x00, 0x00, 0x00, 0x00, 0x00, 0x00, 0x00, 0x00, 0x00, 0x00, 0x00, 0x00, 0x00, 0x00, 0x00, 0x00, 0x00, 0x00, 0x00, 0x00, 0x00, 0x00,
    0x00, 0x00, 0x00, 0x00, 0x00, 0x00, 0x00, 0x00, 0x00, 0x00, 0x14, 0x13, 0x00, 0x00, 0x00, 0x14, 0x14, 0x16, 0x16, 0x00, 0x09, 0x09, 0x00, 0x00,
    0x18, 0x18, 0x00, 0x00, 0x00, 0x00, 0x00, 0x00, 0x00, 0x00, 0x00, 0x00, 0x00, 0x00, 0x00, 0x00, 0x00, 0x00, 0x00, 0x00, 0x00, 0x00, 0x00, 0x00,
    0x00, 0x00, 0x00, 0x00, 0x00, 0x00, 0x00, 0x00, 0x00, 0x00, 0x00, 0x00, 0x00, 0x00, 0x00, 0x00, 0x00, 0x00, 0x00, 0x00, 0x00, 0x00, 0x00, 0x00,
    0x00, 0x00, 0x00, 0x00, 0x00, 0x00, 0x00, 0x00, 0x00, 0x00, 0x00, 0x00, 0x00, 0x00, 0x00, 0x00, 0x00, 0x00, 0x00, 0x00, 0x00, 0x00, 0x00, 0x00,
    0x00, 0x00, 0x00, 0x00, 0x00, 0x00, 0x00, 0x00, 0x00, 0x00, 0x00, 0x00, 0x00, 0x14, 0x13, 0x00, 0x00, 0x00, 0x00, 0x00, 0x00, 0x14, 0x14, 0x14,
    0x18, 0x18, 0x00, 0x00, 0x18, 0x18, 0x00, 0x00, 0x00, 0x00, 0x00, 0x00, 0x00, 0x00, 0x00, 0x00, 0x00, 0x00, 0x00, 0x00, 0x00, 0x00, 0x00, 0x00,
    0x00, 0x00, 0x00, 0x00, 0x00, 0x00, 0x00, 0x00, 0x00, 0x00, 0x00, 0x00, 0x00, 0x00, 0x00, 0x00, 0x00, 0x00, 0x00, 0x00, 0x00, 0x00, 0x00, 0x00,
    0x00, 0x00, 0x00, 0x00, 0x00, 0x00, 0x00, 0x00, 0x00, 0x00, 0x00, 0x00, 0x00, 0x00, 0x00, 0x00, 0x00, 0x00, 0x00, 0x00, 0x00, 0x00, 0x00, 0x00,
    0x00, 0x00, 0x00, 0x00, 0x00, 0x00, 0x00, 0x00, 0x00, 0x00, 0x00, 0x00, 0x00, 0x00, 0x00, 0x00, 0x00, 0x1B, 0x09, 0x09, 0x09, 0x09, 0x00, 0x00,
    0x00, 0x00, 0x00, 0x14, 0x13, 0x13, 0x00, 0x00, 0x18, 0x18, 0x00, 0x00, 0x00, 0x00, 0x00, 0x00, 0x00, 0x00, 0x00, 0x00, 0x00, 0x00, 0x00, 0x00,
    0x00, 0x00, 0x00, 0x00, 0x00, 0x00, 0x00, 0x00, 0x00, 0x00, 0x00, 0x00, 0x00, 0x00, 0x00, 0x00, 0x00, 0x00, 0x00, 0x00, 0x00, 0x00, 0x00, 0x00,
    0x00, 0x00, 0x00, 0x00, 0x00, 0x00, 0x00, 0x00, 0x00, 0x00, 0x00, 0x00, 0x00, 0x00, 0x00, 0x00, 0x00, 0x00, 0x00, 0x00, 0x00, 0x00, 0x00, 0x00,
    0x00, 0x00, 0x00, 0x00, 0x00, 0x00, 0x00, 0x00, 0x00, 0x00, 0x00, 0x00, 0x00, 0x00, 0x00, 0x00, 0x00, 0x00, 0x00, 0x00, 0x00, 0x00, 0x00, 0x09,
    0x09, 0x09, 0x09, 0x09, 0x00, 0x00, 0x00, 0x00, 0x00, 0x00, 0x00, 0x00, 0x18, 0x18, 0x00, 0x00, 0x00, 0x00, 0x00, 0x00, 0x00, 0x00, 0x00, 0x00,
    0x00, 0x00, 0x00, 0x00, 0x00, 0x00, 0x00, 0x00, 0x00, 0x00, 0x00, 0x00, 0x00, 0x00, 0x00, 0x00, 0x00, 0x00, 0x00, 0x00, 0x00, 0x00, 0x00, 0x00,
    0x00, 0x00, 0x00, 0x00, 0x00, 0x00, 0x00, 0x00, 0x00, 0x00, 0x00, 0x00, 0x00, 0x00, 0x00, 0x00, 0x00, 0x00, 0x00, 0x00, 0x00, 0x00, 0x00, 0x00,
    0x00, 0x00, 0x00, 0x00, 0x00, 0x00, 0x00, 0x00, 0x00, 0x00, 0x00, 0x00, 0x00, 0x00, 0x00, 0x00, 0x00, 0x00, 0x00, 0x00, 0x00, 0x00, 0x00, 0x00,
    0x00, 0x00, 0x00, 0x00, 0x00, 0x00, 0x09, 0x09, 0x09, 0x09, 0x00, 0x00, 0x00, 0x00, 0x00, 0x00, 0x16, 0x18, 0x00, 0x00, 0x00, 0x00, 0x00, 0x00,
    0x00, 0x00, 0x00, 0x00, 0x00, 0x00, 0x00, 0x00, 0x00, 0x00, 0x00, 0x00, 0x00, 0x00, 0x00, 0x00, 0x00, 0x00, 0x00, 0x00, 0x00, 0x00, 0x00, 0x00,
    0x00, 0x00, 0x00, 0x00, 0x00, 0x00, 0x00, 0x00, 0x00, 0x00, 0x00, 0x00, 0x00, 0x00, 0x00, 0x00, 0x00, 0x00, 0x00, 0x00, 0x00, 0x00, 0x00, 0x00,
    0x00, 0x00, 0x00, 0x00, 0x00, 0x00, 0x00, 0x00, 0x00, 0x00, 0x00, 0x00, 0x00, 0x00, 0x00, 0x00, 0x00, 0x00, 0x00, 0x00, 0x00, 0x00, 0x00, 0x00,
    0x00, 0x13, 0x00, 0x00, 0x00, 0x00, 0x00, 0x00, 0x00, 0x00, 0x00, 0x00, 0x09, 0x09, 0x09, 0x09, 0x00, 0x00, 0x00, 0x00, 0x00, 0x16, 0x18, 0x00,
    0x00, 0x00, 0x00, 0x00, 0x00, 0x00, 0x00, 0x00, 0x00, 0x00, 0x00, 0x00, 0x00, 0x00, 0x00, 0x00, 0x00, 0x00, 0x00, 0x00, 0x00, 0x00, 0x00, 0x00,
    0x00, 0x00, 0x00, 0x00, 0x00, 0x00, 0x00, 0x00, 0x00, 0x00, 0x00, 0x00, 0x00, 0x00, 0x00, 0x00, 0x00, 0x00, 0x00, 0x00, 0x00, 0x00, 0x00, 0x00,
    0x00, 0x00, 0x00, 0x00, 0x00, 0x00, 0x00, 0x00, 0x00, 0x00, 0x00, 0x00, 0x00, 0x00, 0x00, 0x00, 0x00, 0x00, 0x00, 0x00, 0x00, 0x00, 0x00, 0x00,
    0x00, 0x00, 0x00, 0x00, 0x13, 0x13, 0x14, 0x00, 0x00, 0x00, 0x00, 0x00, 0x00, 0x00, 0x00, 0x00, 0x00, 0x00, 0x09, 0x09, 0x09, 0x00, 0x00, 0x00,
    0x00, 0x14, 0x16, 0x00, 0x00, 0x00, 0x00, 0x00, 0x00, 0x00, 0x00, 0x00, 0x00, 0x00, 0x00, 0x00, 0x00, 0x00, 0x00, 0x00, 0x00, 0x00, 0x00, 0x00,
    0x00, 0x00, 0x00, 0x00, 0x00, 0x00, 0x00, 0x00, 0x00, 0x00, 0x00, 0x00, 0x00, 0x00, 0x00, 0x00, 0x00, 0x00, 0x00, 0x00, 0x00, 0x00, 0x00, 0x00,
    0x00, 0x00, 0x00, 0x00, 0x00, 0x00, 0x00, 0x00, 0x00, 0x00, 0x00, 0x00, 0x00, 0x00, 0x00, 0x00, 0x00, 0x00, 0x00, 0x00, 0x00, 0x00, 0x00, 0x00,
    0x00, 0x00, 0x00, 0x00, 0x00, 0x00, 0x00, 0x13, 0x13, 0x00, 0x14, 0x16, 0x16, 0x00, 0x00, 0x00, 0x00, 0x00, 0x00, 0x00, 0x00, 0x00, 0x00, 0x00,
    0x09, 0x09, 0x00, 0x00, 0x00, 0x00, 0x14, 0x16, 0x00, 0x00, 0x00, 0x00, 0x00, 0x00, 0x00, 0x00, 0x00, 0x00, 0x00, 0x00, 0x00, 0x00, 0x00, 0x00,
    0x00, 0x00, 0x00, 0x00, 0x00, 0x00, 0x00, 0x00, 0x00, 0x00, 0x00, 0x00, 0x00, 0x00, 0x00, 0x00, 0x00, 0x00, 0x00, 0x00, 0x00, 0x00, 0x00, 0x00,
    0x00, 0x00, 0x00, 0x00, 0x00, 0x00, 0x00, 0x00, 0x00, 0x00, 0x00, 0x00, 0x00, 0x00, 0x00, 0x00, 0x00, 0x00, 0x00, 0x00, 0x00, 0x00, 0x00, 0x00,
    0x00, 0x00, 0x00, 0x00, 0x00, 0x00, 0x00, 0x00, 0x00, 0x00, 0x14, 0x13, 0x00, 0x00, 0x00, 0x14, 0x14, 0x16, 0x00, 0x00, 0x00, 0x00, 0x00, 0x00,
    0x00, 0x00, 0x00, 0x00, 0x00, 0x09, 0x09, 0x00, 0x00, 0x00, 0x00, 0x14, 0x16, 0x00, 0x00, 0x00, 0x00, 0x00, 0x00, 0x00, 0x00, 0x00, 0x00, 0x00,
    0x00, 0x00, 0x00, 0x00, 0x00, 0x00, 0x00, 0x00, 0x00, 0x00, 0x00, 0x00, 0x00, 0x00, 0x00, 0x00, 0x00, 0x00, 0x00, 0x00, 0x00, 0x00, 0x00, 0x00,
    0x00, 0x00, 0x00, 0x00, 0x00, 0x00, 0x00, 0x00, 0x00, 0x00, 0x00, 0x00, 0x00, 0x00, 0x00, 0x00, 0x00, 0x00, 0x00, 0x00, 0x00, 0x00, 0x00, 0x00,
    0x00, 0x00, 0x00, 0x00, 0x00, 0x00, 0x00, 0x00, 0x00, 0x00, 0x00, 0x00, 0x00, 0x14, 0x13, 0x00, 0x00, 0x00, 0x00, 0x00, 0x00, 0x14, 0x16, 0x18,
    0x00, 0x00, 0x00, 0x00, 0x00, 0x00, 0x00, 0x00, 0x00, 0x00, 0x09, 0x09, 0x00, 0x00, 0x00, 0x00, 0x14, 0x16, 0x00, 0x00, 0x00, 0x00, 0x00, 0x00,
    0x00, 0x00, 0x00, 0x00, 0x00, 0x00, 0x00, 0x00, 0x00, 0x00, 0x00, 0x00, 0x00, 0x00, 0x00, 0x00, 0x00, 0x00, 0x00, 0x00, 0x00, 0x00, 0x00, 0x00,
    0x00, 0x00, 0x00, 0x00, 0x00, 0x00, 0x00, 0x00, 0x00, 0x00, 0x00, 0x00, 0x00, 0x00, 0x00, 0x00, 0x00, 0x00, 0x00, 0x00, 0x00, 0x00, 0x00, 0x00,
    0x00, 0x00, 0x00, 0x00, 0x00, 0x00, 0x00, 0x00, 0x00, 0x00, 0x00, 0x00, 0x00, 0x00, 0x00, 0x00, 0x00, 0x13, 0x1B, 0x00, 0x00, 0x00, 0x00, 0x00,
    0x00, 0x00, 0x14, 0x16, 0x18, 0x00, 0x00, 0x00, 0x00, 0x00, 0x00, 0x00, 0x00, 0x00, 0x00, 0x09, 0x09, 0x00, 0x00, 0x00, 0x09, 0x16, 0x00, 0x00,
    0x00, 0x00, 0x00, 0x00, 0x00, 0x00, 0x00, 0x00, 0x00, 0x00, 0x00, 0x00, 0x00, 0x00, 0x00, 0x00, 0x00, 0x00, 0x00, 0x00, 0x00, 0x00, 0x00, 0x00,
    0x00, 0x00, 0x00, 0x00, 0x00, 0x00, 0x00, 0x00, 0x00, 0x00, 0x00, 0x00, 0x00, 0x00, 0x00, 0x00, 0x00, 0x00, 0x00, 0x00, 0x00, 0x00, 0x00, 0x00,
    0x00, 0x00, 0x00, 0x00, 0x00, 0x00, 0x00, 0x00, 0x00, 0x00, 0x00, 0x00, 0x00, 0x00, 0x00, 0x00, 0x00, 0x00, 0x00, 0x00, 0x00, 0x1B, 0x09, 0x00,
    0x00, 0x00, 0x00, 0x00, 0x00, 0x00, 0x00, 0x00, 0x16, 0x18, 0x00, 0x00, 0x00, 0x00, 0x00, 0x00, 0x00, 0x00, 0x00, 0x00, 0x09, 0x09, 0x00, 0x09,
    0x09, 0x00, 0x00, 0x00, 0x00, 0x00, 0x00, 0x00, 0x00, 0x00, 0x00, 0x00, 0x00, 0x00, 0x00, 0x00, 0x00, 0x00, 0x00, 0x00, 0x00, 0x00, 0x00, 0x00,
    0x00, 0x00, 0x00, 0x00, 0x00, 0x00, 0x00, 0x00, 0x00, 0x00, 0x00, 0x00, 0x00, 0x00, 0x00, 0x00, 0x00, 0x00, 0x00, 0x00, 0x00, 0x00, 0x00, 0x00,
    0x00, 0x00, 0x00, 0x00, 0x00, 0x00, 0x00, 0x00, 0x00, 0x00, 0x00, 0x00, 0x00, 0x00, 0x00, 0x00, 0x00, 0x00, 0x00, 0x00, 0x00, 0x00, 0x00, 0x00,
    0x00, 0x00, 0x09, 0x09, 0x00, 0x00, 0x09, 0x09, 0x09, 0x00, 0x00, 0x00, 0x00, 0x16, 0x18, 0x18, 0x00, 0x00, 0x00, 0x00, 0x00, 0x00, 0x00, 0x00,
    0x00, 0x09, 0x09, 0x09, 0x00, 0x00, 0x00, 0x00, 0x00, 0x00, 0x00, 0x00, 0x00, 0x00, 0x00, 0x00, 0x00, 0x00, 0x00, 0x00, 0x00, 0x00, 0x00, 0x00,
    0x00, 0x00, 0x00, 0x00, 0x00, 0x00, 0x00, 0x00, 0x00, 0x00, 0x00, 0x00, 0x00, 0x00, 0x00, 0x00, 0x00, 0x00, 0x00, 0x00, 0x00, 0x00, 0x00, 0x00,
    0x00, 0x00, 0x00, 0x00, 0x00, 0x00, 0x00, 0x00, 0x00, 0x00, 0x00, 0x00, 0x00, 0x00, 0x00, 0x00, 0x00, 0x00, 0x00, 0x00, 0x00, 0x00, 0x00, 0x00,
    0x00, 0x00, 0x00, 0x00, 0x00, 0x00, 0x09, 0x09, 0x00, 0x00, 0x16, 0x09, 0x09, 0x09, 0x00, 0x00, 0x00, 0x00, 0x16, 0x16, 0x18, 0x00, 0x00, 0x00,
    0x00, 0x00, 0x00, 0x00, 0x00, 0x00, 0x09, 0x00, 0x00, 0x00, 0x00, 0x00, 0x00, 0x00, 0x00, 0x00, 0x00, 0x00, 0x00, 0x00, 0x00, 0x00, 0x00, 0x00,
    0x00, 0x00, 0x00, 0x00, 0x00, 0x00, 0x00, 0x00, 0x00, 0x00, 0x00, 0x00, 0x00, 0x00, 0x00, 0x00, 0x00, 0x00, 0x00, 0x00, 0x00, 0x00, 0x00, 0x00,
    0x00, 0x00, 0x00, 0x00, 0x00, 0x00, 0x00, 0x00, 0x00, 0x00, 0x00, 0x00, 0x00, 0x00, 0x00, 0x00, 0x00, 0x00, 0x00, 0x00, 0x00, 0x00, 0x00, 0x00,
    0x00, 0x00, 0x00, 0x00, 0x13, 0x13, 0x00, 0x00, 0x00, 0x00, 0x09, 0x09, 0x00, 0x00, 0x16, 0x18, 0x00, 0x09, 0x09, 0x09, 0x00, 0x00, 0x00, 0x00,
    0x16, 0x18, 0x18, 0x00, 0x00, 0x00, 0x00, 0x00, 0x00, 0x00, 0x00, 0x00, 0x00, 0x00, 0x00, 0x00, 0x00, 0x00, 0x00, 0x00, 0x00, 0x00, 0x00, 0x00,
    0x00, 0x00, 0x00, 0x00, 0x00, 0x00, 0x00, 0x00, 0x00, 0x00, 0x00, 0x00, 0x00, 0x00, 0x00, 0x00, 0x00, 0x00, 0x00, 0x00, 0x00, 0x00, 0x00, 0x00,
    0x00, 0x00, 0x00, 0x00, 0x00, 0x00, 0x00, 0x00, 0x00, 0x00, 0x00, 0x00, 0x00, 0x00, 0x00, 0x00, 0x00, 0x00, 0x00, 0x00, 0x00, 0x00, 0x00, 0x00,
    0x00, 0x00, 0x00, 0x00, 0x00, 0x00, 0x00, 0x13, 0x13, 0x14, 0x00, 0x00, 0x00, 0x00, 0x09, 0x09, 0x00, 0x00, 0x16, 0x18, 0x00, 0x00, 0x09, 0x09,
    0x09, 0x00, 0x00, 0x00, 0x00, 0x16, 0x16, 0x18, 0x00, 0x00, 0x00, 0x00, 0x00, 0x00, 0x00, 0x00, 0x00, 0x00, 0x00, 0x00, 0x00, 0x00, 0x00, 0x00,
    0x00, 0x00, 0x00, 0x00, 0x00, 0x00, 0x00, 0x00, 0x00, 0x00, 0x00, 0x00, 0x00, 0x00, 0x00, 0x00, 0x00, 0x00, 0x00, 0x00, 0x00, 0x00, 0x00, 0x00,
    0x00, 0x00, 0x00, 0x00, 0x00, 0x00, 0x00, 0x00, 0x00, 0x00, 0x00, 0x00, 0x00, 0x00, 0x00, 0x00, 0x00, 0x00, 0x00, 0x00, 0x00, 0x00, 0x00, 0x00,
    0x00, 0x00, 0x00, 0x00, 0x00, 0x00, 0x00, 0x00, 0x00, 0x00, 0x13, 0x13, 0x00, 0x14, 0x16, 0x00, 0x00, 0x00, 0x00, 0x09, 0x09, 0x00, 0x00, 0x16,
    0x18, 0x00, 0x00, 0x00, 0x09, 0x09, 0x09, 0x00, 0x00, 0x00, 0x00, 0x16, 0x18, 0x18, 0x00, 0x00, 0x00, 0x00, 0x00, 0x00, 0x00, 0x00, 0x00, 0x00,
    0x00, 0x00, 0x00, 0x00, 0x00, 0x00, 0x00, 0x00, 0x00, 0x00, 0x00, 0x00, 0x00, 0x00, 0x00, 0x00, 0x00, 0x00, 0x00, 0x00, 0x00, 0x00, 0x00, 0x00,
    0x00, 0x00, 0x00, 0x00, 0x00, 0x00, 0x00, 0x00, 0x00, 0x00, 0x00, 0x00, 0x00, 0x00, 0x00, 0x00, 0x00, 0x00, 0x00, 0x00, 0x00, 0x00, 0x00, 0x00,
    0x00, 0x00, 0x00, 0x00, 0x00, 0x00, 0x00, 0x00, 0x00, 0x00, 0x00, 0x00, 0x00, 0x14, 0x13, 0x00, 0x00, 0x14, 0x16, 0x00, 0x00, 0x00, 0x00, 0x09,
    0x09, 0x00, 0x00, 0x16, 0x18, 0x00, 0x00, 0x00, 0x00, 0x18, 0x18, 0x18, 0x00, 0x00, 0x00, 0x00, 0x16, 0x18, 0x18, 0x00, 0x00, 0x00, 0x00, 0x00,
    0x00, 0x00, 0x00, 0x00, 0x00, 0x00, 0x00, 0x00, 0x00, 0x00, 0x00, 0x00, 0x00, 0x00, 0x00, 0x00, 0x00, 0x00, 0x00, 0x00, 0x00, 0x00, 0x00, 0x00,
    0x00, 0x00, 0x00, 0x00, 0x00, 0x00, 0x00, 0x00, 0x00, 0x00, 0x00, 0x00, 0x00, 0x00, 0x00, 0x00, 0x00, 0x00, 0x00, 0x00, 0x00, 0x00, 0x00, 0x00,
    0x00, 0x00, 0x00, 0x00, 0x00, 0x00, 0x00, 0x00, 0x00, 0x00, 0x00, 0x00, 0x00, 0x00, 0x00, 0x00, 0x14, 0x13, 0x00, 0x00, 0x00, 0x14, 0x16, 0x00,
    0x00, 0x00, 0x00, 0x09, 0x09, 0x00, 0x00, 0x16, 0x18, 0x00, 0x00, 0x00, 0x00, 0x14, 0x13, 0x00, 0x00, 0x00, 0x00, 0x00, 0x09, 0x09, 0x00, 0x00,
    0x00, 0x00, 0x00, 0x00, 0x00, 0x00, 0x00, 0x00, 0x00, 0x00, 0x00, 0x00, 0x00, 0x00, 0x00, 0x00, 0x00, 0x00, 0x00, 0x00, 0x00, 0x00, 0x00, 0x00,
    0x00, 0x00, 0x00, 0x00, 0x00, 0x00, 0x00, 0x00, 0x00, 0x00, 0x00, 0x00, 0x00, 0x00, 0x00, 0x00, 0x00, 0x00, 0x00, 0x00, 0x00, 0x00, 0x00, 0x00,
    0x00, 0x00, 0x00, 0x00, 0x00, 0x00, 0x00, 0x00, 0x00, 0x00, 0x00, 0x00, 0x00, 0x00, 0x00, 0x00, 0x00, 0x00, 0x00, 0x00, 0x13, 0x1B, 0x00, 0x00,
    0x00, 0x00, 0x14, 0x18, 0x00, 0x00, 0x00, 0x00, 0x09, 0x09, 0x00, 0x00, 0x16, 0x18, 0x00, 0x00, 0x14, 0x13, 0x00, 0x00, 0x00, 0x09, 0x09, 0x09,
    0x09, 0x00, 0x00, 0x00, 0x00, 0x00, 0x00, 0x00, 0x00, 0x00, 0x00, 0x00, 0x00, 0x00, 0x00, 0x00, 0x00, 0x00, 0x00, 0x00, 0x00, 0x00, 0x00, 0x00,
    0x00, 0x00, 0x00, 0x00, 0x00, 0x00, 0x00, 0x00, 0x00, 0x00, 0x00, 0x00, 0x00, 0x00, 0x00, 0x00, 0x00, 0x00, 0x00, 0x00, 0x00, 0x00, 0x00, 0x00,
    0x00, 0x00, 0x00, 0x00, 0x00, 0x00, 0x00, 0x00, 0x00, 0x00, 0x00, 0x00, 0x00, 0x00, 0x00, 0x00, 0x00, 0x00, 0x00, 0x00, 0x00, 0x00, 0x00, 0x00,
    0x00, 0x09, 0x09, 0x00, 0x00, 0x00, 0x14, 0x18, 0x00, 0x00, 0x00, 0x00, 0x09, 0x09, 0x00, 0x00, 0x14, 0x18, 0x00, 0x14, 0x13, 0x00, 0x00, 0x00,
    0x09, 0x09, 0x09, 0x09, 0x00, 0x00, 0x00, 0x00, 0x00, 0x00, 0x00, 0x00, 0x00, 0x00, 0x00, 0x00, 0x00, 0x00, 0x00, 0x00, 0x00, 0x00, 0x00, 0x00,
    0x00, 0x00, 0x00, 0x00, 0x00, 0x00, 0x00, 0x00, 0x00, 0x00, 0x00, 0x00, 0x00, 0x00, 0x00, 0x00, 0x00, 0x00, 0x00, 0x00, 0x00, 0x00, 0x00, 0x00,
    0x00, 0x00, 0x00, 0x00, 0x00, 0x00, 0x00, 0x00, 0x00, 0x00, 0x00, 0x00, 0x00, 0x00, 0x00, 0x00, 0x00, 0x00, 0x00, 0x00, 0x00, 0x00, 0x00, 0x00,
    0x00, 0x00, 0x00, 0x00, 0x00, 0x09, 0x09, 0x00, 0x00, 0x00, 0x16, 0x18, 0x00, 0x00, 0x00, 0x00, 0x09, 0x09, 0x00, 0x00, 0x14, 0x16, 0x14, 0x13,
    0x00, 0x00, 0x00, 0x09, 0x09, 0x00, 0x00, 0x00, 0x00, 0x00, 0x00, 0x00, 0x00, 0x00, 0x00, 0x00, 0x00, 0x00, 0x00, 0x00, 0x00, 0x00, 0x00, 0x00,
    0x00, 0x00, 0x00, 0x00, 0x00, 0x00, 0x00, 0x00, 0x00, 0x00, 0x00, 0x00, 0x00, 0x00, 0x00, 0x00, 0x00, 0x00, 0x00, 0x00, 0x00, 0x00, 0x00, 0x00,
    0x00, 0x00, 0x00, 0x00, 0x00, 0x00, 0x00, 0x00, 0x00, 0x00, 0x00, 0x00, 0x00, 0x00, 0x00, 0x00, 0x00, 0x00, 0x00, 0x00, 0x00, 0x00, 0x00, 0x00,
    0x00, 0x00, 0x00, 0x00, 0x13, 0x00, 0x00, 0x00, 0x00, 0x00, 0x09, 0x09, 0x00, 0x00, 0x00, 0x16, 0x18, 0x00, 0x00, 0x00, 0x09, 0x09, 0x00, 0x00,
    0x00, 0x14, 0x13, 0x00, 0x00, 0x00, 0x09, 0x09, 0x00, 0x00, 0x00, 0x00, 0x00, 0x00, 0x00, 0x00, 0x00, 0x00, 0x00, 0x00, 0x00, 0x00, 0x00, 0x00,
    0x00, 0x00, 0x00, 0x00, 0x00, 0x00, 0x00, 0x00, 0x00, 0x00, 0x00, 0x00, 0x00, 0x00, 0x00, 0x00, 0x00, 0x00, 0x00, 0x00, 0x00, 0x00, 0x00, 0x00,
    0x00, 0x00, 0x00, 0x00, 0x00, 0x00, 0x00, 0x00, 0x00, 0x00, 0x00, 0x00, 0x00, 0x00, 0x00, 0x00, 0x00, 0x00, 0x00, 0x00, 0x00, 0x00, 0x00, 0x00,
    0x00, 0x00, 0x00, 0x00, 0x00, 0x00, 0x00, 0x13, 0x13, 0x16, 0x00, 0x00, 0x00, 0x00, 0x09, 0x09, 0x00, 0x00, 0x00, 0x16, 0x18, 0x00, 0x00, 0x00,
    0x00, 0x09, 0x09, 0x00, 0x00, 0x13, 0x00, 0x00, 0x00, 0x09, 0x09, 0x00, 0x00, 0x00, 0x00, 0x00, 0x00, 0x00, 0x00, 0x00, 0x00, 0x00, 0x00, 0x00,
    0x00, 0x00, 0x00, 0x00, 0x00, 0x00, 0x00, 0x00, 0x00, 0x00, 0x00, 0x00, 0x00, 0x00, 0x00, 0x00, 0x00, 0x00, 0x00, 0x00, 0x00, 0x00, 0x00, 0x00,
    0x00, 0x00, 0x00, 0x00, 0x00, 0x00, 0x00, 0x00, 0x00, 0x00, 0x00, 0x00, 0x00, 0x00, 0x00, 0x00, 0x00, 0x00, 0x00, 0x00, 0x00, 0x00, 0x00, 0x00,
    0x00, 0x00, 0x00, 0x00, 0x00, 0x00, 0x00, 0x00, 0x00, 0x00, 0x13, 0x13, 0x00, 0x14, 0x16, 0x00, 0x00, 0x00, 0x09, 0x09, 0x00, 0x00, 0x00, 0x00,
    0x16, 0x18, 0x00, 0x00, 0x00, 0x09, 0x09, 0x00, 0x00, 0x00, 0x00, 0x00, 0x09, 0x09, 0x00, 0x00, 0x00, 0x00, 0x00, 0x00, 0x00, 0x00, 0x00, 0x00,
    0x00, 0x00, 0x00, 0x00, 0x00, 0x00, 0x00, 0x00, 0x00, 0x00, 0x00, 0x00, 0x00, 0x00, 0x00, 0x00, 0x00, 0x00, 0x00, 0x00, 0x00, 0x00, 0x00, 0x00,
    0x00, 0x00, 0x00, 0x00, 0x00, 0x00, 0x00, 0x00, 0x00, 0x00, 0x00, 0x00, 0x00, 0x00, 0x00, 0x00, 0x00, 0x00, 0x00, 0x00, 0x00, 0x00, 0x00, 0x00,
    0x00, 0x00, 0x00, 0x00, 0x00, 0x00, 0x00, 0x00, 0x00, 0x00, 0x00, 0x00, 0x00, 0x14, 0x13, 0x00, 0x00, 0x00, 0x14, 0x16, 0x00, 0x00, 0x00, 0x09,
    0x09, 0x00, 0x00, 0x00, 0x16, 0x18, 0x00, 0x00, 0x00, 0x09, 0x09, 0x00, 0x00, 0x00, 0x00, 0x09, 0x09, 0x00, 0x00, 0x00, 0x00, 0x00, 0x00, 0x00,
    0x00, 0x00, 0x00, 0x00, 0x00, 0x00, 0x00, 0x00, 0x00, 0x00, 0x00, 0x00, 0x00, 0x00, 0x00, 0x00, 0x00, 0x00, 0x00, 0x00, 0x00, 0x00, 0x00, 0x00,
    0x00, 0x00, 0x00, 0x00, 0x00, 0x00, 0x00, 0x00, 0x00, 0x00, 0x00, 0x00, 0x00, 0x00, 0x00, 0x00, 0x00, 0x00, 0x00, 0x00, 0x00, 0x00, 0x00, 0x00,
    0x00, 0x00, 0x00, 0x00, 0x00, 0x00, 0x00, 0x00, 0x00, 0x00, 0x00, 0x00, 0x00, 0x00, 0x00, 0x00, 0x14, 0x13, 0x00, 0x00, 0x00, 0x00, 0x00, 0x14,
    0x16, 0x00, 0x00, 0x09, 0x09, 0x00, 0x00, 0x00, 0x16, 0x18, 0x00, 0x00, 0x00, 0x09, 0x09, 0x00, 0x00, 0x00, 0x09, 0x09, 0x00, 0x00, 0x00, 0x00,
    0x00, 0x00, 0x00, 0x00, 0x00, 0x00, 0x00, 0x00, 0x00, 0x00, 0x00, 0x00, 0x00, 0x00, 0x00, 0x00, 0x00, 0x00, 0x00, 0x00, 0x00, 0x00, 0x00, 0x00,
    0x00, 0x00, 0x00, 0x00, 0x00, 0x00, 0x00, 0x00, 0x00, 0x00, 0x00, 0x00, 0x00, 0x00, 0x00, 0x00, 0x00, 0x00, 0x00, 0x00, 0x00, 0x00, 0x00, 0x00,
    0x00, 0x00, 0x00, 0x00, 0x00, 0x00, 0x00, 0x00, 0x00, 0x00, 0x00, 0x00, 0x00, 0x00, 0x00, 0x00, 0x00, 0x00, 0x00, 0x00, 0x13, 0x16, 0x00, 0x00,
    0x00, 0x00, 0x00, 0x00, 0x14, 0x18, 0x00, 0x00, 0x09, 0x00, 0x00, 0x00, 0x00, 0x16, 0x18, 0x00, 0x00, 0x00, 0x09, 0x09, 0x00, 0x00, 0x09, 0x09,
    0x00, 0x00, 0x00, 0x00, 0x00, 0x00, 0x00, 0x00, 0x00, 0x00, 0x00, 0x00, 0x00, 0x00, 0x00, 0x00, 0x00, 0x00, 0x00, 0x00, 0x00, 0x00, 0x00, 0x00,
    0x00, 0x00, 0x00, 0x00, 0x00, 0x00, 0x00, 0x00, 0x00, 0x00, 0x00, 0x00, 0x00, 0x00, 0x00, 0x00, 0x00, 0x00, 0x00, 0x00, 0x00, 0x00, 0x00, 0x00,
    0x00, 0x00, 0x00, 0x00, 0x00, 0x00, 0x00, 0x00, 0x00, 0x00, 0x00, 0x00, 0x00, 0x00, 0x00, 0x00, 0x00, 0x00, 0x00, 0x00, 0x00, 0x00, 0x00, 0x00,
    0x16, 0x18, 0x00, 0x00, 0x00, 0x00, 0x00, 0x00, 0x00, 0x16, 0x18, 0x00, 0x09, 0x00, 0x00, 0x00, 0x00, 0x16, 0x18, 0x00, 0x00, 0x00, 0x09, 0x09,
    0x00, 0x00, 0x09, 0x09, 0x00, 0x00, 0x00, 0x00, 0x00, 0x00, 0x00, 0x00, 0x00, 0x00, 0x00, 0x00, 0x00, 0x00, 0x00, 0x00, 0x00, 0x00, 0x00, 0x00,
    0x00, 0x00, 0x00, 0x00, 0x00, 0x00, 0x00, 0x00, 0x00, 0x00, 0x00, 0x00, 0x00, 0x00, 0x00, 0x00, 0x00, 0x00, 0x00, 0x00, 0x00, 0x00, 0x00, 0x00,
    0x00, 0x00, 0x00, 0x00, 0x00, 0x00, 0x00, 0x00, 0x00, 0x00, 0x00, 0x00, 0x00, 0x00, 0x00, 0x00, 0x00, 0x00, 0x00, 0x00, 0x00, 0x00, 0x00, 0x00,
    0x00, 0x00, 0x00, 0x00, 0x18, 0x09, 0x00, 0x00, 0x00, 0x00, 0x00, 0x00, 0x00, 0x00, 0x16, 0x14, 0x09, 0x00, 0x00, 0x00, 0x00, 0x16, 0x18, 0x00,
    0x00, 0x00, 0x09, 0x09, 0x00, 0x09, 0x09, 0x00, 0x00, 0x00, 0x00, 0x00, 0x00, 0x00, 0x00, 0x00, 0x00, 0x00, 0x00, 0x00, 0x00, 0x00, 0x00, 0x00,
    0x00, 0x00, 0x00, 0x00, 0x00, 0x00, 0x00, 0x00, 0x00, 0x00, 0x00, 0x00, 0x00, 0x00, 0x00, 0x00, 0x00, 0x00, 0x00, 0x00, 0x00, 0x00, 0x00, 0x00,
    0x00, 0x00, 0x00, 0x00, 0x00, 0x00, 0x00, 0x00, 0x00, 0x00, 0x00, 0x00, 0x00, 0x00, 0x00, 0x00, 0x00, 0x00, 0x00, 0x00, 0x00, 0x00, 0x00, 0x00,
    0x00, 0x00, 0x00, 0x00, 0x00, 0x00, 0x00, 0x00, 0x00, 0x09, 0x09, 0x00, 0x00, 0x00, 0x00, 0x00, 0x00, 0x00, 0x00, 0x14, 0x18, 0x00, 0x00, 0x00,
    0x00, 0x00, 0x16, 0x18, 0x00, 0x00, 0x09, 0x09, 0x09, 0x09, 0x00, 0x00, 0x00, 0x00, 0x00, 0x00, 0x00, 0x00, 0x00, 0x00, 0x00, 0x00, 0x00, 0x00,
    0x00, 0x00, 0x00, 0x00, 0x00, 0x00, 0x00, 0x00, 0x00, 0x00, 0x00, 0x00, 0x00, 0x00, 0x00, 0x00, 0x00, 0x00, 0x00, 0x00, 0x00, 0x00, 0x00, 0x00,
    0x00, 0x00, 0x00, 0x00, 0x00, 0x00, 0x00, 0x00, 0x00, 0x00, 0x00, 0x00, 0x00, 0x00, 0x00, 0x00, 0x00, 0x00, 0x00, 0x00, 0x00, 0x00, 0x00, 0x00,
    0x00, 0x00, 0x00, 0x00, 0x00, 0x00, 0x00, 0x00, 0x00, 0x00, 0x00, 0x00, 0x00, 0x09, 0x09, 0x00, 0x00, 0x00, 0x00, 0x00, 0x00, 0x00, 0x00, 0x00,
    0x00, 0x00, 0x00, 0x00, 0x00, 0x00, 0x16, 0x18, 0x00, 0x00, 0x00, 0x09, 0x09, 0x00, 0x00, 0x00, 0x00, 0x00, 0x00, 0x00, 0x00, 0x00, 0x00, 0x00,
    0x00, 0x00, 0x00, 0x00, 0x00, 0x00, 0x00, 0x00, 0x00, 0x00, 0x00, 0x00, 0x00, 0x00, 0x00, 0x00, 0x00, 0x00, 0x00, 0x00, 0x00, 0x00, 0x00, 0x00,
    0x00, 0x00, 0x00, 0x00, 0x00, 0x00, 0x00, 0x00, 0x00, 0x00, 0x00, 0x00, 0x00, 0x00, 0x00, 0x00, 0x00, 0x00, 0x00, 0x00, 0x00, 0x00, 0x00, 0x00,
    0x00, 0x00, 0x00, 0x00, 0x00, 0x00, 0x00, 0x00, 0x00, 0x00, 0x13, 0x13, 0x00, 0x00, 0x00, 0x00, 0x00, 0x09, 0x09, 0x00, 0x00, 0x00, 0x00, 0x00,
    0x00, 0x00, 0x00, 0x00, 0x00, 0x00, 0x00, 0x00, 0x00, 0x00, 0x16, 0x18, 0x00, 0x00, 0x00, 0x09, 0x00, 0x00, 0x00, 0x00, 0x00, 0x00, 0x00, 0x00,
    0x00, 0x00, 0x00, 0x00, 0x00, 0x00, 0x00, 0x00, 0x00, 0x00, 0x00, 0x00, 0x00, 0x00, 0x00, 0x00, 0x00, 0x00, 0x00, 0x00, 0x00, 0x00, 0x00, 0x00,
    0x00, 0x00, 0x00, 0x00, 0x00, 0x00, 0x00, 0x00, 0x00, 0x00, 0x00, 0x00, 0x00, 0x00, 0x00, 0x00, 0x00, 0x00, 0x00, 0x00, 0x00, 0x00, 0x00, 0x00,
    0x00, 0x00, 0x00, 0x00, 0x00, 0x00, 0x00, 0x00, 0x00, 0x00, 0x00, 0x00, 0x00, 0x13, 0x13, 0x14, 0x16, 0x00, 0x00, 0x00, 0x00, 0x09, 0x09, 0x00,
    0x00, 0x00, 0x00, 0x00, 0x00, 0x00, 0x00, 0x00, 0x00, 0x00, 0x00, 0x00, 0x00, 0x00, 0x00, 0x16, 0x18, 0x00, 0x00, 0x00, 0x00, 0x00, 0x00, 0x00,
    0x00, 0x00, 0x00, 0x00, 0x00, 0x00, 0x00, 0x00, 0x00, 0x00, 0x00, 0x00, 0x00, 0x00, 0x00, 0x00, 0x00, 0x00, 0x00, 0x00, 0x00, 0x00, 0x00, 0x00,
    0x00, 0x00, 0x00, 0x00, 0x00, 0x00, 0x00, 0x00, 0x00, 0x00, 0x00, 0x00, 0x00, 0x00, 0x00, 0x00, 0x00, 0x00, 0x00, 0x00, 0x00, 0x00, 0x00, 0x00,
    0x00, 0x00, 0x00, 0x00, 0x00, 0x00, 0x00, 0x00, 0x00, 0x00, 0x00, 0x00, 0x00, 0x00, 0x00, 0x00, 0x13, 0x13, 0x00, 0x00, 0x14, 0x16, 0x00, 0x00,
    0x00, 0x00, 0x09, 0x09, 0x00, 0x00, 0x00, 0x18, 0x09, 0x09, 0x00, 0x00, 0x00, 0x00, 0x00, 0x00, 0x00, 0x00, 0x00, 0x16, 0x18, 0x00, 0x00, 0x00,
    0x00, 0x00, 0x00, 0x00, 0x00, 0x00, 0x00, 0x00, 0x00, 0x00, 0x00, 0x00, 0x00, 0x00, 0x00, 0x00, 0x00, 0x00, 0x00, 0x00, 0x00, 0x00, 0x00, 0x00,
    0x00, 0x00, 0x00, 0x00, 0x00, 0x00, 0x00, 0x00, 0x00, 0x00, 0x00, 0x00, 0x00, 0x00, 0x00, 0x00, 0x00, 0x00, 0x00, 0x00, 0x00, 0x00, 0x00, 0x00,
    0x00, 0x00, 0x00, 0x00, 0x00, 0x00, 0x00, 0x00, 0x00, 0x00, 0x00, 0x00, 0x00, 0x00, 0x00, 0x00, 0x00, 0x00, 0x00, 0x14, 0x13, 0x00, 0x00, 0x00,
    0x00, 0x14, 0x16, 0x00, 0x00, 0x00, 0x09, 0x09, 0x00, 0x00, 0x00, 0x16, 0x18, 0x09, 0x09, 0x09, 0x00, 0x00, 0x00, 0x00, 0x00, 0x00, 0x00, 0x09,
    0x18, 0x00, 0x00, 0x00, 0x00, 0x00, 0x00, 0x00, 0x00, 0x00, 0x00, 0x00, 0x00, 0x00, 0x00, 0x00, 0x00, 0x00, 0x00, 0x00, 0x00, 0x00, 0x00, 0x00,
    0x00, 0x00, 0x00, 0x00, 0x00, 0x00, 0x00, 0x00, 0x00, 0x00, 0x00, 0x00, 0x00, 0x00, 0x00, 0x00, 0x00, 0x00, 0x00, 0x00, 0x00, 0x00, 0x00, 0x00,
    0x00, 0x00, 0x00, 0x00, 0x00, 0x00, 0x00, 0x00, 0x00, 0x00, 0x00, 0x00, 0x00, 0x00, 0x00, 0x00, 0x00, 0x00, 0x00, 0x00, 0x00, 0x00, 0x14, 0x13,
    0x00, 0x00, 0x00, 0x00, 0x00, 0x00, 0x14, 0x16, 0x00, 0x00, 0x09, 0x09, 0x00, 0x00, 0x00, 0x16, 0x18, 0x00, 0x09, 0x09, 0x09, 0x00, 0x00, 0x00,
    0x00, 0x00, 0x09, 0x09, 0x00, 0x00, 0x00, 0x00, 0x00, 0x00, 0x00, 0x00, 0x00, 0x00, 0x00, 0x00, 0x00, 0x00, 0x00, 0x00, 0x00, 0x00, 0x00, 0x00,
    0x00, 0x00, 0x00, 0x00, 0x00, 0x00, 0x00, 0x00, 0x00, 0x00, 0x00, 0x00, 0x00, 0x00, 0x00, 0x00, 0x00, 0x00, 0x00, 0x00, 0x00, 0x00, 0x00, 0x00,
    0x00, 0x00, 0x00, 0x00, 0x00, 0x00, 0x00, 0x00, 0x00, 0x00, 0x00, 0x00, 0x00, 0x00, 0x00, 0x00, 0x00, 0x00, 0x00, 0x00, 0x00, 0x00, 0x00, 0x00,
    0x00, 0x00, 0x00, 0x09, 0x09, 0x00, 0x00, 0x00, 0x00, 0x00, 0x00, 0x16, 0x18, 0x00, 0x00, 0x09, 0x00, 0x00, 0x00, 0x16, 0x18, 0x00, 0x00, 0x00,
    0x09, 0x09, 0x09, 0x00, 0x00, 0x09, 0x09, 0x00, 0x00, 0x00, 0x00, 0x00, 0x00, 0x00, 0x00, 0x00, 0x00, 0x00, 0x00, 0x00, 0x00, 0x00, 0x00, 0x00,
    0x00, 0x00, 0x00, 0x00, 0x00, 0x00, 0x00, 0x00, 0x00, 0x00, 0x00, 0x00, 0x00, 0x00, 0x00, 0x00, 0x00, 0x00, 0x00, 0x00, 0x00, 0x00, 0x00, 0x00,
    0x00, 0x00, 0x00, 0x00, 0x00, 0x00, 0x00, 0x00, 0x00, 0x00, 0x00, 0x00, 0x00, 0x00, 0x00, 0x00, 0x00, 0x00, 0x00, 0x00, 0x00, 0x00, 0x00, 0x00,
    0x00, 0x00, 0x00, 0x00, 0x00, 0x00, 0x00, 0x00, 0x09, 0x09, 0x00, 0x00, 0x00, 0x00, 0x00, 0x00, 0x16, 0x18, 0x00, 0x09, 0x00, 0x00, 0x00, 0x16,
    0x18, 0x00, 0x00, 0x00, 0x00, 0x09, 0x09, 0x09, 0x09, 0x09, 0x00, 0x00, 0x00, 0x00, 0x00, 0x00, 0x00, 0x00, 0x00, 0x00, 0x00, 0x00, 0x00, 0x00,
    0x00, 0x00, 0x00, 0x00, 0x00, 0x00, 0x00, 0x00, 0x00, 0x00, 0x00, 0x00, 0x00, 0x00, 0x00, 0x00, 0x00, 0x00, 0x00, 0x00, 0x00, 0x00, 0x00, 0x00,
    0x00, 0x00, 0x00, 0x00, 0x00, 0x00, 0x00, 0x00, 0x00, 0x00, 0x00, 0x00, 0x00, 0x00, 0x00, 0x00, 0x00, 0x00, 0x00, 0x00, 0x00, 0x00, 0x00, 0x00,
    0x00, 0x00, 0x00, 0x00, 0x00, 0x00, 0x00, 0x00, 0x00, 0x00, 0x00, 0x00, 0x00, 0x09, 0x09, 0x09, 0x00, 0x00, 0x00, 0x00, 0x00, 0x16, 0x14, 0x09,
    0x00, 0x00, 0x00, 0x00, 0x16, 0x18, 0x00, 0x00, 0x00, 0x00, 0x00, 0x09, 0x09, 0x00, 0x00, 0x00, 0x00, 0x00, 0x00, 0x00, 0x00, 0x00, 0x00, 0x00,
    0x00, 0x00, 0x00, 0x00, 0x00, 0x00, 0x00, 0x00, 0x00, 0x00, 0x00, 0x00, 0x00, 0x00, 0x00, 0x00, 0x00, 0x00, 0x00, 0x00, 0x00, 0x00, 0x00, 0x00,
    0x00, 0x00, 0x00, 0x00, 0x00, 0x00, 0x00, 0x00, 0x00, 0x00, 0x00, 0x00, 0x00, 0x00, 0x00, 0x00, 0x00, 0x00, 0x00, 0x00, 0x00, 0x00, 0x00, 0x00,
    0x00, 0x00, 0x00, 0x00, 0x00, 0x00, 0x00, 0x00, 0x00, 0x00, 0x00, 0x00, 0x00, 0x00, 0x00, 0x00, 0x00, 0x00, 0x00, 0x09, 0x09, 0x00, 0x00, 0x00,
    0x00, 0x00, 0x14, 0x18, 0x00, 0x00, 0x00, 0x00, 0x16, 0x18, 0x00, 0x00, 0x00, 0x00, 0x00, 0x00, 0x00, 0x00, 0x00, 0x00, 0x00, 0x00, 0x00, 0x00,
    0x00, 0x00, 0x00, 0x00, 0x00, 0x00, 0x00, 0x00, 0x00, 0x00, 0x00, 0x00, 0x00, 0x00, 0x00, 0x00, 0x00, 0x00, 0x00, 0x00, 0x00, 0x00, 0x00, 0x00,
    0x00, 0x00, 0x00, 0x00, 0x00, 0x00, 0x00, 0x00, 0x00, 0x00, 0x00, 0x00, 0x00, 0x00, 0x00, 0x00, 0x00, 0x00, 0x00, 0x00, 0x00, 0x00, 0x00, 0x00,
    0x00, 0x00, 0x00, 0x00, 0x00, 0x00, 0x00, 0x00, 0x00, 0x00, 0x00, 0x00, 0x00, 0x00, 0x00, 0x00, 0x13, 0x14, 0x14, 0x00, 0x00, 0x00, 0x00, 0x00,
    0x09, 0x09, 0x00, 0x00, 0x00, 0x00, 0x00, 0x00, 0x00, 0x00, 0x00, 0x00, 0x16, 0x18, 0x00, 0x00, 0x00, 0x00, 0x00, 0x00, 0x00, 0x00, 0x00, 0x00,
    0x00, 0x00, 0x00, 0x00, 0x00, 0x00, 0x00, 0x00, 0x00, 0x00, 0x00, 0x00, 0x00, 0x00, 0x00, 0x00, 0x00, 0x00, 0x00, 0x00, 0x00, 0x00, 0x00, 0x00,
    0x00, 0x00, 0x00, 0x00, 0x00, 0x00, 0x00, 0x00, 0x00, 0x00, 0x00, 0x00, 0x00, 0x00, 0x00, 0x00, 0x00, 0x00, 0x00, 0x00, 0x00, 0x00, 0x00, 0x00,
    0x00, 0x00, 0x00, 0x00, 0x00, 0x00, 0x00, 0x00, 0x00, 0x00, 0x00, 0x00, 0x00, 0x00, 0x00, 0x00, 0x00, 0x13, 0x13, 0x13, 0x13, 0x13, 0x13, 0x14,
    0x14, 0x00, 0x00, 0x00, 0x00, 0x09, 0x09, 0x00, 0x00, 0x00, 0x00, 0x00, 0x00, 0x00, 0x00, 0x00, 0x16, 0x18, 0x00, 0x00, 0x00, 0x00, 0x00, 0x00,
    0x00, 0x00, 0x00, 0x00, 0x00, 0x00, 0x00, 0x00, 0x00, 0x00, 0x00, 0x00, 0x00, 0x00, 0x00, 0x00, 0x00, 0x00, 0x00, 0x00, 0x00, 0x00, 0x00, 0x00,
    0x00, 0x00, 0x00, 0x00, 0x00, 0x00, 0x00, 0x00, 0x00, 0x00, 0x00, 0x00, 0x00, 0x00, 0x00, 0x00, 0x00, 0x00, 0x00, 0x00, 0x00, 0x00, 0x00, 0x00,
    0x00, 0x00, 0x00, 0x00, 0x00, 0x00, 0x00, 0x00, 0x00, 0x00, 0x00, 0x00, 0x00, 0x00, 0x00, 0x00, 0x00, 0x00, 0x00, 0x13, 0x13, 0x13, 0x13, 0x13,
    0x00, 0x00, 0x00, 0x14, 0x14, 0x16, 0x16, 0x00, 0x00, 0x00, 0x09, 0x09, 0x00, 0x00, 0x00, 0x00, 0x00, 0x00, 0x00, 0x00, 0x00, 0x16, 0x18, 0x00,
    0x00, 0x00, 0x00, 0x00, 0x00, 0x00, 0x00, 0x00, 0x00, 0x00, 0x00, 0x00, 0x00, 0x00, 0x00, 0x00, 0x00, 0x00, 0x00, 0x00, 0x00, 0x00, 0x00, 0x00,
    0x00, 0x00, 0x00, 0x00, 0x00, 0x00, 0x00, 0x00, 0x00, 0x00, 0x00, 0x00, 0x00, 0x00, 0x00, 0x00, 0x00, 0x00, 0x00, 0x00, 0x00, 0x00, 0x00, 0x00,
    0x00, 0x00, 0x00, 0x00, 0x00, 0x00, 0x00, 0x00, 0x00, 0x00, 0x00, 0x00, 0x00, 0x00, 0x00, 0x00, 0x00, 0x00, 0x00, 0x00, 0x00, 0x00, 0x13, 0x13,
    0x13, 0x00, 0x00, 0x00, 0x00, 0x00, 0x00, 0x00, 0x00, 0x14, 0x16, 0x18, 0x00, 0x00, 0x00, 0x09, 0x09, 0x00, 0x00, 0x00, 0x00, 0x00, 0x00, 0x00,
    0x00, 0x16, 0x18, 0x00, 0x00, 0x00, 0x00, 0x00, 0x00, 0x00, 0x00, 0x00, 0x00, 0x00, 0x00, 0x00, 0x00, 0x00, 0x00, 0x00, 0x00, 0x00, 0x00, 0x00,
    0x00, 0x00, 0x00, 0x00, 0x00, 0x00, 0x00, 0x00, 0x00, 0x00, 0x00, 0x00, 0x00, 0x00, 0x00, 0x00, 0x00, 0x00, 0x00, 0x00, 0x00, 0x00, 0x00, 0x00,
    0x00, 0x00, 0x00, 0x00, 0x00, 0x00, 0x00, 0x00, 0x00, 0x00, 0x00, 0x00, 0x00, 0x00, 0x00, 0x00, 0x00, 0x00, 0x00, 0x00, 0x00, 0x00, 0x00, 0x00,
    0x00, 0x14, 0x13, 0x00, 0x00, 0x00, 0x00, 0x00, 0x00, 0x00, 0x00, 0x00, 0x00, 0x00, 0x00, 0x16, 0x18, 0x00, 0x00, 0x00, 0x09, 0x09, 0x00, 0x00,
    0x00, 0x00, 0x00, 0x00, 0x00, 0x09, 0x18, 0x00, 0x00, 0x00, 0x00, 0x00, 0x00, 0x00, 0x00, 0x00, 0x00, 0x00, 0x00, 0x00, 0x00, 0x00, 0x00, 0x00,
    0x00, 0x00, 0x00, 0x00, 0x00, 0x00, 0x00, 0x00, 0x00, 0x00, 0x00, 0x00, 0x00, 0x00, 0x00, 0x00, 0x00, 0x00, 0x00, 0x00, 0x00, 0x00, 0x00, 0x00,
    0x00, 0x00, 0x00, 0x00, 0x00, 0x00, 0x00, 0x00, 0x00, 0x00, 0x00, 0x00, 0x00, 0x00, 0x00, 0x00, 0x00, 0x00, 0x00, 0x00, 0x00, 0x00, 0x00, 0x00,
    0x00, 0x00, 0x00, 0x00, 0x14, 0x13, 0x00, 0x00, 0x00, 0x00, 0x00, 0x09, 0x09, 0x09, 0x00, 0x00, 0x00, 0x00, 0x00, 0x00, 0x16, 0x18, 0x00, 0x00,
    0x00, 0x09, 0x09, 0x09, 0x00, 0x00, 0x00, 0x00, 0x09, 0x09, 0x00, 0x00, 0x00, 0x00, 0x00, 0x00, 0x00, 0x00, 0x00, 0x00, 0x00, 0x00, 0x00, 0x00,
    0x00, 0x00, 0x00, 0x00, 0x00, 0x00, 0x00, 0x00, 0x00, 0x00, 0x00, 0x00, 0x00, 0x00, 0x00, 0x00, 0x00, 0x00, 0x00, 0x00, 0x00, 0x00, 0x00, 0x00,
    0x00, 0x00, 0x00, 0x00, 0x00, 0x00, 0x00, 0x00, 0x00, 0x00, 0x00, 0x00, 0x00, 0x00, 0x00, 0x00, 0x00, 0x00, 0x00, 0x00, 0x00, 0x00, 0x00, 0x00,
    0x00, 0x00, 0x00, 0x00, 0x00, 0x00, 0x00, 0x14, 0x13, 0x00, 0x00, 0x00, 0x00, 0x09, 0x09, 0x09, 0x09, 0x09, 0x09, 0x09, 0x00, 0x00, 0x00, 0x00,
    0x16, 0x18, 0x00, 0x00, 0x00, 0x00, 0x00, 0x09, 0x09, 0x00, 0x00, 0x09, 0x09, 0x00, 0x00, 0x00, 0x00, 0x00, 0x00, 0x00, 0x00, 0x00, 0x00, 0x00,
    0x00, 0x00, 0x00, 0x00, 0x00, 0x00, 0x00, 0x00, 0x00, 0x00, 0x00, 0x00, 0x00, 0x00, 0x00, 0x00, 0x00, 0x00, 0x00, 0x00, 0x00, 0x00, 0x00, 0x00,
    0x00, 0x00, 0x00, 0x00, 0x00, 0x00, 0x00, 0x00, 0x00, 0x00, 0x00, 0x00, 0x00, 0x00, 0x00, 0x00, 0x00, 0x00, 0x00, 0x00, 0x00, 0x00, 0x00, 0x00,
    0x00, 0x00, 0x00, 0x00, 0x00, 0x00, 0x00, 0x00, 0x00, 0x00, 0x14, 0x13, 0x00, 0x00, 0x00, 0x00, 0x09, 0x09, 0x00, 0x00, 0x00, 0x00, 0x00, 0x09,
    0x09, 0x00, 0x00, 0x00, 0x00, 0x16, 0x18, 0x00, 0x00, 0x00, 0x00, 0x00, 0x09, 0x09, 0x09, 0x09, 0x00, 0x00, 0x00, 0x00, 0x00, 0x00, 0x00, 0x00,
    0x00, 0x00, 0x00, 0x00, 0x00, 0x00, 0x00, 0x00, 0x00, 0x00, 0x00, 0x00, 0x00, 0x00, 0x00, 0x00, 0x00, 0x00, 0x00, 0x00, 0x00, 0x00, 0x00, 0x00,
    0x00, 0x00, 0x00, 0x00, 0x00, 0x00, 0x00, 0x00, 0x00, 0x00, 0x00, 0x00, 0x00, 0x00, 0x00, 0x00, 0x00, 0x00, 0x00, 0x00, 0x00, 0x00, 0x00, 0x00,
    0x00, 0x00, 0x00, 0x00, 0x00, 0x00, 0x00, 0x00, 0x00, 0x00, 0x00, 0x00, 0x00, 0x14, 0x13, 0x00, 0x00, 0x00, 0x00, 0x09, 0x09, 0x00, 0x00, 0x00,
    0x00, 0x00, 0x00, 0x00, 0x09, 0x09, 0x00, 0x00, 0x00, 0x16, 0x18, 0x00, 0x00, 0x00, 0x00, 0x00, 0x00, 0x09, 0x09, 0x00, 0x00, 0x00, 0x00, 0x00,
    0x00, 0x00, 0x00, 0x00, 0x00, 0x00, 0x00, 0x00, 0x00, 0x00, 0x00, 0x00, 0x00, 0x00, 0x00, 0x00, 0x00, 0x00, 0x00, 0x00, 0x00, 0x00, 0x00, 0x00,
    0x00, 0x00, 0x00, 0x00, 0x00, 0x00, 0x00, 0x00, 0x00, 0x00, 0x00, 0x00, 0x00, 0x00, 0x00, 0x00, 0x00, 0x00, 0x00, 0x00, 0x00, 0x00, 0x00, 0x00,
    0x00, 0x00, 0x00, 0x00, 0x00, 0x00, 0x00, 0x00, 0x00, 0x00, 0x00, 0x00, 0x00, 0x00, 0x00, 0x00, 0x14, 0x13, 0x00, 0x00, 0x00, 0x00, 0x09, 0x09,
    0x00, 0x00, 0x00, 0x00, 0x00, 0x00, 0x00, 0x00, 0x00, 0x09, 0x09, 0x00, 0x00, 0x00, 0x18, 0x18, 0x00, 0x00, 0x00, 0x00, 0x00, 0x00, 0x00, 0x00,
    0x00, 0x00, 0x00, 0x00, 0x00, 0x00, 0x00, 0x00, 0x00, 0x00, 0x00, 0x00, 0x00, 0x00, 0x00, 0x00, 0x00, 0x00, 0x00, 0x00, 0x00, 0x00, 0x00, 0x00,
    0x00, 0x00, 0x00, 0x00, 0x00, 0x00, 0x00, 0x00, 0x00, 0x00, 0x00, 0x00, 0x00, 0x00, 0x00, 0x00, 0x00, 0x00, 0x00, 0x00, 0x00, 0x00, 0x00, 0x00,
    0x00, 0x00, 0x00, 0x00, 0x00, 0x00, 0x00, 0x00, 0x00, 0x00, 0x00, 0x00, 0x00, 0x00, 0x00, 0x00, 0x00, 0x00, 0x00, 0x00, 0x14, 0x09, 0x00, 0x00,
    0x00, 0x00, 0x18, 0x18, 0x00, 0x00, 0x00, 0x00, 0x00, 0x00, 0x00, 0x00, 0x00, 0x09, 0x09, 0x00, 0x00, 0x00, 0x09, 0x18, 0x00, 0x00, 0x00, 0x00,
    0x00, 0x00, 0x00, 0x00, 0x00, 0x00, 0x00, 0x00, 0x00, 0x00, 0x00, 0x00, 0x00, 0x00, 0x00, 0x00, 0x00, 0x00, 0x00, 0x00, 0x00, 0x00, 0x00, 0x00,
    0x00, 0x00, 0x00, 0x00, 0x00, 0x00, 0x00, 0x00, 0x00, 0x00, 0x00, 0x00, 0x00, 0x00, 0x00, 0x00, 0x00, 0x00, 0x00, 0x00, 0x00, 0x00, 0x00, 0x00,
    0x00, 0x00, 0x00, 0x00, 0x00, 0x00, 0x00, 0x00, 0x00, 0x00, 0x00, 0x00, 0x00, 0x00, 0x00, 0x00, 0x00, 0x00, 0x00, 0x00, 0x00, 0x00, 0x00, 0x00,
    0x00, 0x09, 0x09, 0x00, 0x00, 0x00, 0x00, 0x16, 0x18, 0x00, 0x00, 0x00, 0x00, 0x00, 0x00, 0x00, 0x00, 0x00, 0x09, 0x18, 0x00, 0x00, 0x09, 0x18,
    0x00, 0x00, 0x00, 0x00, 0x00, 0x00, 0x00, 0x00, 0x00, 0x00, 0x00, 0x00, 0x00, 0x00, 0x00, 0x00, 0x00, 0x00, 0x00, 0x00, 0x00, 0x00, 0x00, 0x00,
    0x00, 0x00, 0x00, 0x00, 0x00, 0x00, 0x00, 0x00, 0x00, 0x00, 0x00, 0x00, 0x00, 0x00, 0x00, 0x00, 0x00, 0x00, 0x00, 0x00, 0x00, 0x00, 0x00, 0x00,
    0x00, 0x00, 0x00, 0x00, 0x00, 0x00, 0x00, 0x00, 0x00, 0x00, 0x00, 0x00, 0x00, 0x00, 0x00, 0x00, 0x00, 0x00, 0x00, 0x00, 0x00, 0x00, 0x00, 0x00,
    0x00, 0x00, 0x00, 0x00, 0x00, 0x09, 0x09, 0x00, 0x00, 0x00, 0x00, 0x16, 0x18, 0x00, 0x00, 0x00, 0x00, 0x00, 0x00, 0x00, 0x00, 0x00, 0x09, 0x18,
    0x00, 0x00, 0x09, 0x09, 0x00, 0x00, 0x00, 0x00, 0x00, 0x00, 0x00, 0x00, 0x00, 0x00, 0x00, 0x00, 0x00, 0x00, 0x00, 0x00, 0x00, 0x00, 0x00, 0x00,
    0x00, 0x00, 0x00, 0x00, 0x00, 0x00, 0x00, 0x00, 0x00, 0x00, 0x00, 0x00, 0x00, 0x00, 0x00, 0x00, 0x00, 0x00, 0x00, 0x00, 0x00, 0x00, 0x00, 0x00,
    0x00, 0x00, 0x00, 0x00, 0x00, 0x00, 0x00, 0x00, 0x00, 0x00, 0x00, 0x00, 0x00, 0x00, 0x00, 0x00, 0x00, 0x00, 0x00, 0x00, 0x00, 0x00, 0x00, 0x00,
    0x00, 0x00, 0x00, 0x00, 0x13, 0x00, 0x00, 0x00, 0x00, 0x00, 0x09, 0x09, 0x00, 0x00, 0x00, 0x00, 0x16, 0x18, 0x00, 0x00, 0x00, 0x00, 0x00, 0x00,
    0x00, 0x00, 0x18, 0x16, 0x00, 0x00, 0x09, 0x09, 0x00, 0x00, 0x00, 0x00, 0x00, 0x00, 0x00, 0x00, 0x00, 0x00, 0x00, 0x00, 0x00, 0x00, 0x00, 0x00,
    0x00, 0x00, 0x00, 0x00, 0x00, 0x00, 0x00, 0x00, 0x00, 0x00, 0x00, 0x00, 0x00, 0x00, 0x00, 0x00, 0x00, 0x00, 0x00, 0x00, 0x00, 0x00, 0x00, 0x00,
    0x00, 0x00, 0x00, 0x00, 0x00, 0x00, 0x00, 0x00, 0x00, 0x00, 0x00, 0x00, 0x00, 0x00, 0x00, 0x00, 0x00, 0x00, 0x00, 0x00, 0x00, 0x00, 0x00, 0x00,
    0x00, 0x00, 0x00, 0x00, 0x00, 0x00, 0x00, 0x13, 0x13, 0x14, 0x00, 0x00, 0x00, 0x00, 0x09, 0x09, 0x00, 0x00, 0x00, 0x00, 0x16, 0x18, 0x00, 0x00,
    0x00, 0x00, 0x00, 0x00, 0x00, 0x16, 0x14, 0x00, 0x00, 0x09, 0x09, 0x00, 0x00, 0x00, 0x00, 0x00, 0x00, 0x00, 0x00, 0x00, 0x00, 0x00, 0x00, 0x00,
    0x00, 0x00, 0x00, 0x00, 0x00, 0x00, 0x00, 0x00, 0x00, 0x00, 0x00, 0x00, 0x00, 0x00, 0x00, 0x00, 0x00, 0x00, 0x00, 0x00, 0x00, 0x00, 0x00, 0x00,
    0x00, 0x00, 0x00, 0x00, 0x00, 0x00, 0x00, 0x00, 0x00, 0x00, 0x00, 0x00, 0x00, 0x00, 0x00, 0x00, 0x00, 0x00, 0x00, 0x00, 0x00, 0x00, 0x00, 0x00,
    0x00, 0x00, 0x00, 0x00, 0x00, 0x00, 0x00, 0x00, 0x00, 0x00, 0x13, 0x13, 0x00, 0x14, 0x16, 0x00, 0x00, 0x00, 0x00, 0x09, 0x09, 0x00, 0x00, 0x00,
    0x00, 0x16, 0x18, 0x00, 0x00, 0x00, 0x00, 0x00, 0x00, 0x14, 0x13, 0x00, 0x00, 0x09, 0x09, 0x00, 0x00, 0x00, 0x00, 0x00, 0x00, 0x00, 0x00, 0x00,
    0x00, 0x00, 0x00, 0x00, 0x00, 0x00, 0x00, 0x00, 0x00, 0x00, 0x00, 0x00, 0x00, 0x00, 0x00, 0x00, 0x00, 0x00, 0x00, 0x00, 0x00, 0x00, 0x00, 0x00,
    0x00, 0x00, 0x00, 0x00, 0x00, 0x00, 0x00, 0x00, 0x00, 0x00, 0x00, 0x00, 0x00, 0x00, 0x00, 0x00, 0x00, 0x00, 0x00, 0x00, 0x00, 0x00, 0x00, 0x00,
    0x00, 0x00, 0x00, 0x00, 0x00, 0x00, 0x00, 0x00, 0x00, 0x00, 0x00, 0x00, 0x00, 0x14, 0x13, 0x00, 0x00, 0x00, 0x14, 0x16, 0x00, 0x00, 0x00, 0x00,
    0x09, 0x09, 0x00, 0x00, 0x00, 0x16, 0x18, 0x00, 0x00, 0x00, 0x00, 0x00, 0x14, 0x13, 0x00, 0x00, 0x09, 0x09, 0x00, 0x00, 0x00, 0x00, 0x00, 0x00,
    0x00, 0x00, 0x00, 0x00, 0x00, 0x00, 0x00, 0x00, 0x00, 0x00, 0x00, 0x00, 0x00, 0x00, 0x00, 0x00, 0x00, 0x00, 0x00, 0x00, 0x00, 0x00, 0x00, 0x00,
    0x00, 0x00, 0x00, 0x00, 0x00, 0x00, 0x00, 0x00, 0x00, 0x00, 0x00, 0x00, 0x00, 0x00, 0x00, 0x00, 0x00, 0x00, 0x00, 0x00, 0x00, 0x00, 0x00, 0x00,
    0x00, 0x00, 0x00, 0x00, 0x00, 0x00, 0x00, 0x00, 0x00, 0x00, 0x00, 0x00, 0x00, 0x00, 0x00, 0x00, 0x14, 0x13, 0x00, 0x00, 0x00, 0x00, 0x14, 0x16,
    0x00, 0x00, 0x00, 0x00, 0x09, 0x09, 0x00, 0x00, 0x00, 0x00, 0x16, 0x18, 0x00, 0x00, 0x00, 0x14, 0x13, 0x00, 0x00, 0x00, 0x09, 0x09, 0x00, 0x00,
    0x00, 0x00, 0x00, 0x00, 0x00, 0x00, 0x00, 0x00, 0x00, 0x00, 0x00, 0x00, 0x00, 0x00, 0x00, 0x00, 0x00, 0x00, 0x00, 0x00, 0x00, 0x00, 0x00, 0x00,
    0x00, 0x00, 0x00, 0x00, 0x00, 0x00, 0x00, 0x00, 0x00, 0x00, 0x00, 0x00, 0x00, 0x00, 0x00, 0x00, 0x00, 0x00, 0x00, 0x00, 0x00, 0x00, 0x00, 0x00,
    0x00, 0x00, 0x00, 0x00, 0x00, 0x00, 0x00, 0x00, 0x00, 0x00, 0x00, 0x00, 0x00, 0x00, 0x00, 0x00, 0x00, 0x00, 0x00, 0x00, 0x09, 0x09, 0x00, 0x00,
    0x00, 0x00, 0x00, 0x14, 0x18, 0x00, 0x00, 0x00, 0x00, 0x09, 0x09, 0x00, 0x00, 0x00, 0x16, 0x18, 0x00, 0x00, 0x14, 0x13, 0x00, 0x00, 0x00, 0x09,
    0x09, 0x00, 0x00, 0x00, 0x00, 0x00, 0x00, 0x00, 0x00, 0x00, 0x00, 0x00, 0x00, 0x00, 0x00, 0x00, 0x00, 0x00, 0x00, 0x00, 0x00, 0x00, 0x00, 0x00,
    0x00, 0x00, 0x00, 0x00, 0x00, 0x00, 0x00, 0x00, 0x00, 0x00, 0x00, 0x00, 0x00, 0x00, 0x00, 0x00, 0x00, 0x00, 0x00, 0x00, 0x00, 0x00, 0x00, 0x00,
    0x00, 0x00, 0x00, 0x00, 0x00, 0x00, 0x00, 0x00, 0x00, 0x00, 0x00, 0x00, 0x00, 0x00, 0x00, 0x00, 0x00, 0x00, 0x00, 0x00, 0x00, 0x00, 0x00, 0x00,
    0x00, 0x09, 0x09, 0x00, 0x00, 0x00, 0x00, 0x00, 0x16, 0x18, 0x00, 0x00, 0x00, 0x00, 0x09, 0x09, 0x00, 0x00, 0x00, 0x16, 0x14, 0x14, 0x13, 0x00,
    0x00, 0x00, 0x09, 0x09, 0x00, 0x00, 0x00, 0x00, 0x00, 0x00, 0x00, 0x00, 0x00, 0x00, 0x00, 0x00, 0x00, 0x00, 0x00, 0x00, 0x00, 0x00, 0x00, 0x00,
    0x00, 0x00, 0x00, 0x00, 0x00, 0x00, 0x00, 0x00, 0x00, 0x00, 0x00, 0x00, 0x00, 0x00, 0x00, 0x00, 0x00, 0x00, 0x00, 0x00, 0x00, 0x00, 0x00, 0x00,
    0x00, 0x00, 0x00, 0x00, 0x00, 0x00, 0x00, 0x00, 0x00, 0x00, 0x00, 0x00, 0x00, 0x00, 0x00, 0x00, 0x00, 0x00, 0x00, 0x00, 0x00, 0x00, 0x00, 0x00,
    0x00, 0x13, 0x13, 0x00, 0x00, 0x00, 0x09, 0x09, 0x00, 0x00, 0x00, 0x00, 0x00, 0x16, 0x18, 0x00, 0x00, 0x00, 0x09, 0x09, 0x00, 0x00, 0x00, 0x13,
    0x14, 0x13, 0x00, 0x00, 0x00, 0x09, 0x09, 0x00, 0x00, 0x00, 0x00, 0x00, 0x00, 0x00, 0x00, 0x00, 0x00, 0x00, 0x00, 0x00, 0x00, 0x00, 0x00, 0x00,
    0x00, 0x00, 0x00, 0x00, 0x00, 0x00, 0x00, 0x00, 0x00, 0x00, 0x00, 0x00, 0x00, 0x00, 0x00, 0x00, 0x00, 0x00, 0x00, 0x00, 0x00, 0x00, 0x00, 0x00,
    0x00, 0x00, 0x00, 0x00, 0x00, 0x00, 0x00, 0x00, 0x00, 0x00, 0x00, 0x00, 0x00, 0x00, 0x00, 0x00, 0x00, 0x00, 0x00, 0x00, 0x00, 0x00, 0x00, 0x00,
    0x00, 0x00, 0x00, 0x00, 0x13, 0x13, 0x14, 0x16, 0x00, 0x00, 0x09, 0x09, 0x09, 0x00, 0x00, 0x00, 0x00, 0x16, 0x18, 0x00, 0x00, 0x00, 0x00, 0x09,
    0x09, 0x00, 0x00, 0x00, 0x13, 0x00, 0x00, 0x00, 0x09, 0x09, 0x00, 0x00, 0x00, 0x00, 0x00, 0x00, 0x00, 0x00, 0x00, 0x00, 0x00, 0x00, 0x00, 0x00,
    0x00, 0x00, 0x00, 0x00, 0x00, 0x00, 0x00, 0x00, 0x00, 0x00, 0x00, 0x00, 0x00, 0x00, 0x00, 0x00, 0x00, 0x00, 0x00, 0x00, 0x00, 0x00, 0x00, 0x00,
    0x00, 0x00, 0x00, 0x00, 0x00, 0x00, 0x00, 0x00, 0x00, 0x00, 0x00, 0x00, 0x00, 0x00, 0x00, 0x00, 0x00, 0x00, 0x00, 0x00, 0x00, 0x00, 0x00, 0x00,
    0x00, 0x00, 0x00, 0x00, 0x00, 0x00, 0x00, 0x13, 0x13, 0x00, 0x14, 0x16, 0x00, 0x00, 0x00, 0x09, 0x09, 0x00, 0x00, 0x00, 0x00, 0x00, 0x16, 0x18,
    0x00, 0x00, 0x00, 0x09, 0x09, 0x00, 0x00, 0x00, 0x00, 0x00, 0x00, 0x09, 0x09, 0x00, 0x00, 0x00, 0x00, 0x00, 0x00, 0x00, 0x00, 0x00, 0x00, 0x00,
    0x00, 0x00, 0x00, 0x00, 0x00, 0x00, 0x00, 0x00, 0x00, 0x00, 0x00, 0x00, 0x00, 0x00, 0x00, 0x00, 0x00, 0x00, 0x00, 0x00, 0x00, 0x00, 0x00, 0x00,
    0x00, 0x00, 0x00, 0x00, 0x00, 0x00, 0x00, 0x00, 0x00, 0x00, 0x00, 0x00, 0x00, 0x00, 0x00, 0x00, 0x00, 0x00, 0x00, 0x00, 0x00, 0x00, 0x00, 0x00,
    0x00, 0x00, 0x00, 0x00, 0x00, 0x00, 0x00, 0x00, 0x00, 0x00, 0x14, 0x13, 0x00, 0x00, 0x00, 0x14, 0x16, 0x00, 0x00, 0x00, 0x09, 0x09, 0x00, 0x00,
    0x00, 0x00, 0x00, 0x16, 0x18, 0x00, 0x00, 0x00, 0x09, 0x09, 0x00, 0x00, 0x00, 0x00, 0x09, 0x09, 0x00, 0x00, 0x00, 0x00, 0x00, 0x00, 0x00, 0x00,
    0x00, 0x00, 0x00, 0x00, 0x00, 0x00, 0x00, 0x00, 0x00, 0x00, 0x00, 0x00, 0x00, 0x00, 0x00, 0x00, 0x00, 0x00, 0x00, 0x00, 0x00, 0x00, 0x00, 0x00,
    0x00, 0x00, 0x00, 0x00, 0x00, 0x00, 0x00, 0x00, 0x00, 0x00, 0x00, 0x00, 0x00, 0x00, 0x00, 0x00, 0x00, 0x00, 0x00, 0x00, 0x00, 0x00, 0x00, 0x00,
    0x00, 0x00, 0x00, 0x00, 0x00, 0x00, 0x00, 0x00, 0x00, 0x00, 0x00, 0x00, 0x00, 0x14, 0x13, 0x00, 0x00, 0x00, 0x00, 0x00, 0x14, 0x18, 0x00, 0x00,
    0x00, 0x09, 0x09, 0x00, 0x00, 0x00, 0x00, 0x16, 0x18, 0x00, 0x00, 0x00, 0x00, 0x09, 0x09, 0x00, 0x00, 0x09, 0x09, 0x00, 0x00, 0x00, 0x00, 0x00,
    0x00, 0x00, 0x00, 0x00, 0x00, 0x00, 0x00, 0x00, 0x00, 0x00, 0x00, 0x00, 0x00, 0x00, 0x00, 0x00, 0x00, 0x00, 0x00, 0x00, 0x00, 0x00, 0x00, 0x00,
    0x00, 0x00, 0x00, 0x00, 0x00, 0x00, 0x00, 0x00, 0x00, 0x00, 0x00, 0x00, 0x00, 0x00, 0x00, 0x00, 0x00, 0x00, 0x00, 0x00, 0x00, 0x00, 0x00, 0x00,
    0x00, 0x00, 0x00, 0x00, 0x00, 0x00, 0x00, 0x00, 0x00, 0x00, 0x00, 0x00, 0x00, 0x00, 0x00, 0x00, 0x00, 0x09, 0x09, 0x00, 0x00, 0x00, 0x00, 0x00,
    0x16, 0x18, 0x00, 0x00, 0x00, 0x09, 0x09, 0x00, 0x00, 0x00, 0x00, 0x00, 0x16, 0x18, 0x00, 0x00, 0x00, 0x09, 0x09, 0x00, 0x09, 0x09, 0x00, 0x00,
    0x00, 0x00, 0x00, 0x00, 0x00, 0x00, 0x00, 0x00, 0x00, 0x00, 0x00, 0x00, 0x00, 0x00, 0x00, 0x00, 0x00, 0x00, 0x00, 0x00, 0x00, 0x00, 0x00, 0x00,
    0x00, 0x00, 0x00, 0x00, 0x00, 0x00, 0x00, 0x00, 0x00, 0x00, 0x00, 0x00, 0x00, 0x00, 0x00, 0x00, 0x00, 0x00, 0x00, 0x00, 0x00, 0x00, 0x00, 0x00,
    0x00, 0x00, 0x00, 0x00, 0x00, 0x00, 0x00, 0x00, 0x00, 0x00, 0x00, 0x00, 0x00, 0x00, 0x00, 0x00, 0x00, 0x00, 0x00, 0x00, 0x00, 0x09, 0x09, 0x00,
    0x00, 0x00, 0x00, 0x00, 0x00, 0x16, 0x18, 0x00, 0x00, 0x00, 0x09, 0x09, 0x00, 0x00, 0x00, 0x00, 0x00, 0x16, 0x18, 0x00, 0x00, 0x00, 0x09, 0x09,
    0x09, 0x00, 0x00, 0x00, 0x00, 0x00, 0x00, 0x00, 0x00, 0x00, 0x00, 0x00, 0x00, 0x00, 0x00, 0x00, 0x00, 0x00, 0x00, 0x00, 0x00, 0x00, 0x00, 0x00,
    0x00, 0x00, 0x00, 0x00, 0x00, 0x00, 0x00, 0x00, 0x00, 0x00, 0x00, 0x00, 0x00, 0x00, 0x00, 0x00, 0x00, 0x00, 0x00, 0x00, 0x00, 0x00, 0x00, 0x00,
    0x00, 0x00, 0x00, 0x00, 0x00, 0x00, 0x00, 0x00, 0x00, 0x00, 0x00, 0x00, 0x00, 0x00, 0x00, 0x00, 0x00, 0x00, 0x00, 0x00, 0x00, 0x00, 0x00, 0x00,
    0x00, 0x09, 0x09, 0x00, 0x00, 0x00, 0x00, 0x00, 0x00, 0x00, 0x16, 0x18, 0x00, 0x00, 0x00, 0x09, 0x09, 0x00, 0x00, 0x00, 0x00, 0x00, 0x16, 0x18,
    0x00, 0x00, 0x00, 0x09, 0x00, 0x00, 0x00, 0x00, 0x00, 0x00, 0x00, 0x00, 0x00, 0x00, 0x00, 0x00, 0x00, 0x00, 0x00, 0x00, 0x00, 0x00, 0x00, 0x00,
    0x00, 0x00, 0x00, 0x00, 0x00, 0x00, 0x00, 0x00, 0x00, 0x00, 0x00, 0x00, 0x00, 0x00, 0x00, 0x00, 0x00, 0x00, 0x00, 0x00, 0x00, 0x00, 0x00, 0x00,
    0x00, 0x00, 0x00, 0x00, 0x00, 0x00, 0x00, 0x00, 0x00, 0x00, 0x00, 0x00, 0x00, 0x00, 0x00, 0x00, 0x00, 0x00, 0x00, 0x00, 0x00, 0x00, 0x00, 0x00,
    0x00, 0x00, 0x00, 0x00, 0x00, 0x09, 0x09, 0x00, 0x00, 0x00, 0x00, 0x00, 0x00, 0x00, 0x00, 0x16, 0x18, 0x00, 0x00, 0x00, 0x09, 0x09, 0x00, 0x00,
    0x00, 0x00, 0x16, 0x18, 0x00, 0x00, 0x00, 0x00, 0x00, 0x00, 0x00, 0x00, 0x00, 0x00, 0x00, 0x00, 0x00, 0x00, 0x00, 0x00, 0x00, 0x00, 0x00, 0x00,
    0x00, 0x00, 0x00, 0x00, 0x00, 0x00, 0x00, 0x00, 0x00, 0x00, 0x00, 0x00, 0x00, 0x00, 0x00, 0x00, 0x00, 0x00, 0x00, 0x00, 0x00, 0x00, 0x00, 0x00,
    0x00, 0x00, 0x00, 0x00, 0x00, 0x00, 0x00, 0x00, 0x00, 0x00, 0x00, 0x00, 0x00, 0x00, 0x00, 0x00, 0x00, 0x00, 0x00, 0x00, 0x00, 0x00, 0x00, 0x00,
    0x00, 0x00, 0x00, 0x00, 0x00, 0x00, 0x00, 0x00, 0x00, 0x00, 0x09, 0x09, 0x00, 0x00, 0x00, 0x00, 0x00, 0x00, 0x00, 0x16, 0x18, 0x00, 0x00, 0x00,
    0x09, 0x09, 0x00, 0x00, 0x00, 0x00, 0x00, 0x16, 0x18, 0x00, 0x00, 0x00, 0x00, 0x00, 0x00, 0x00, 0x00, 0x00, 0x00, 0x00, 0x00, 0x00, 0x00, 0x00,
    0x00, 0x00, 0x00, 0x00, 0x00, 0x00, 0x00, 0x00, 0x00, 0x00, 0x00, 0x00, 0x00, 0x00, 0x00, 0x00, 0x00, 0x00, 0x00, 0x00, 0x00, 0x00, 0x00, 0x00,
    0x00, 0x00, 0x00, 0x00, 0x00, 0x00, 0x00, 0x00, 0x00, 0x00, 0x00, 0x00, 0x00, 0x00, 0x00, 0x00, 0x00, 0x00, 0x00, 0x00, 0x00, 0x00, 0x00, 0x00,
    0x00, 0x00, 0x00, 0x00, 0x00, 0x00, 0x00, 0x00, 0x00, 0x00, 0x00, 0x00, 0x00, 0x00, 0x09, 0x09, 0x00, 0x00, 0x00, 0x00, 0x00, 0x00, 0x00, 0x00,
    0x16, 0x18, 0x00, 0x00, 0x00, 0x09, 0x09, 0x00, 0x00, 0x00, 0x00, 0x09, 0x18, 0x00, 0x00, 0x00, 0x00, 0x00, 0x00, 0x00, 0x00, 0x00, 0x00, 0x00,
    0x00, 0x00, 0x00, 0x00, 0x00, 0x00, 0x00, 0x00, 0x00, 0x00, 0x00, 0x00, 0x00, 0x00, 0x00, 0x00, 0x00, 0x00, 0x00, 0x00, 0x00, 0x00, 0x00, 0x00,
    0x00, 0x00, 0x00, 0x00, 0x00, 0x00, 0x00, 0x00, 0x00, 0x00, 0x00, 0x00, 0x00, 0x00, 0x00, 0x00, 0x00, 0x00, 0x00, 0x00, 0x00, 0x00, 0x00, 0x00,
    0x00, 0x00, 0x00, 0x00, 0x00, 0x00, 0x00, 0x00, 0x00, 0x00, 0x00, 0x00, 0x00, 0x00, 0x00, 0x00, 0x00, 0x00, 0x09, 0x09, 0x00, 0x00, 0x00, 0x00,
    0x00, 0x00, 0x00, 0x00, 0x00, 0x16, 0x18, 0x00, 0x00, 0x00, 0x09, 0x09, 0x00, 0x00, 0x09, 0x09, 0x00, 0x00, 0x00, 0x00, 0x00, 0x00, 0x00, 0x00,
    0x00, 0x00, 0x00, 0x00, 0x00, 0x00, 0x00, 0x00, 0x00, 0x00, 0x00, 0x00, 0x00, 0x00, 0x00, 0x00, 0x00, 0x00, 0x00, 0x00, 0x00, 0x00, 0x00, 0x00,
    0x00, 0x00, 0x00, 0x00, 0x00, 0x00, 0x00, 0x00, 0x00, 0x00, 0x00, 0x00, 0x00, 0x00, 0x00, 0x00, 0x00, 0x00, 0x00, 0x00, 0x00, 0x00, 0x00, 0x00,
    0x00, 0x00, 0x00, 0x00, 0x00, 0x00, 0x00, 0x00, 0x00, 0x00, 0x00, 0x00, 0x00, 0x13, 0x00, 0x00, 0x00, 0x00, 0x00, 0x00, 0x00, 0x00, 0x09, 0x09,
    0x00, 0x00, 0x00, 0x00, 0x00, 0x00, 0x00, 0x00, 0x00, 0x16, 0x18, 0x00, 0x00, 0x00, 0x09, 0x09, 0x00, 0x09, 0x09, 0x00, 0x00, 0x00, 0x00, 0x00,
    0x00, 0x00, 0x00, 0x00, 0x00, 0x00, 0x00, 0x00, 0x00, 0x00, 0x00, 0x00, 0x00, 0x00, 0x00, 0x00, 0x00, 0x00, 0x00, 0x00, 0x00, 0x00, 0x00, 0x00,
    0x00, 0x00, 0x00, 0x00, 0x00, 0x00, 0x00, 0x00, 0x00, 0x00, 0x00, 0x00, 0x00, 0x00, 0x00, 0x00, 0x00, 0x00, 0x00, 0x00, 0x00, 0x00, 0x00, 0x00,
    0x00, 0x00, 0x00, 0x00, 0x00, 0x00, 0x00, 0x00, 0x00, 0x00, 0x00, 0x00, 0x00, 0x00, 0x00, 0x00, 0x13, 0x13, 0x14, 0x00, 0x00, 0x00, 0x00, 0x00,
    0x00, 0x00, 0x00, 0x09, 0x09, 0x00, 0x00, 0x16, 0x16, 0x00, 0x00, 0x00, 0x00, 0x00, 0x16, 0x18, 0x00, 0x00, 0x00, 0x09, 0x09, 0x09, 0x00, 0x00,
    0x00, 0x00, 0x00, 0x00, 0x00, 0x00, 0x00, 0x00, 0x00, 0x00, 0x00, 0x00, 0x00, 0x00, 0x00, 0x00, 0x00, 0x00, 0x00, 0x00, 0x00, 0x00, 0x00, 0x00,
    0x00, 0x00, 0x00, 0x00, 0x00, 0x00, 0x00, 0x00, 0x00, 0x00, 0x00, 0x00, 0x00, 0x00, 0x00, 0x00, 0x00, 0x00, 0x00, 0x00, 0x00, 0x00, 0x00, 0x00,
    0x00, 0x00, 0x00, 0x00, 0x00, 0x00, 0x00, 0x00, 0x00, 0x00, 0x00, 0x00, 0x00, 0x00, 0x00, 0x00, 0x00, 0x00, 0x00, 0x13, 0x13, 0x00, 0x14, 0x14,
    0x16, 0x00, 0x00, 0x00, 0x00, 0x00, 0x00, 0x09, 0x09, 0x00, 0x00, 0x16, 0x18, 0x09, 0x00, 0x00, 0x00, 0x00, 0x00, 0x16, 0x18, 0x00, 0x00, 0x00,
    0x09, 0x00, 0x00, 0x00, 0x00, 0x00, 0x00, 0x00, 0x00, 0x00, 0x00, 0x00, 0x00, 0x00, 0x00, 0x00, 0x00, 0x00, 0x00, 0x00, 0x00, 0x00, 0x00, 0x00,
    0x00, 0x00, 0x00, 0x00, 0x00, 0x00, 0x00, 0x00, 0x00, 0x00, 0x00, 0x00, 0x00, 0x00, 0x00, 0x00, 0x00, 0x00, 0x00, 0x00, 0x00, 0x00, 0x00, 0x00,
    0x00, 0x00, 0x00, 0x00, 0x00, 0x00, 0x00, 0x00, 0x00, 0x00, 0x00, 0x00, 0x00, 0x00, 0x00, 0x00, 0x00, 0x00, 0x00, 0x00, 0x00, 0x00, 0x14, 0x13,
    0x00, 0x00, 0x00, 0x14, 0x14, 0x16, 0x00, 0x00, 0x00, 0x00, 0x00, 0x09, 0x09, 0x00, 0x00, 0x16, 0x18, 0x09, 0x09, 0x00, 0x00, 0x00, 0x00, 0x16,
    0x18, 0x00, 0x00, 0x00, 0x00, 0x00, 0x00, 0x00, 0x00, 0x00, 0x00, 0x00, 0x00, 0x00, 0x00, 0x00, 0x00, 0x00, 0x00, 0x00, 0x00, 0x00, 0x00, 0x00,
    0x00, 0x00, 0x00, 0x00, 0x00, 0x00, 0x00, 0x00, 0x00, 0x00, 0x00, 0x00, 0x00, 0x00, 0x00, 0x00, 0x00, 0x00, 0x00, 0x00, 0x00, 0x00, 0x00, 0x00,
    0x00, 0x00, 0x00, 0x00, 0x00, 0x00, 0x00, 0x00, 0x00, 0x00, 0x00, 0x00, 0x00, 0x00, 0x00, 0x00, 0x00, 0x00, 0x00, 0x00, 0x00, 0x00, 0x00, 0x00,
    0x00, 0x14, 0x13, 0x00, 0x00, 0x00, 0x00, 0x00, 0x00, 0x14, 0x16, 0x18, 0x00, 0x00, 0x00, 0x09, 0x09, 0x00, 0x00, 0x16, 0x18, 0x00, 0x09, 0x09,
    0x00, 0x00, 0x00, 0x00, 0x16, 0x18, 0x00, 0x00, 0x00, 0x00, 0x00, 0x00, 0x00, 0x00, 0x00, 0x00, 0x00, 0x00, 0x00, 0x00, 0x00, 0x00, 0x00, 0x00,
    0x00, 0x00, 0x00, 0x00, 0x00, 0x00, 0x00, 0x00, 0x00, 0x00, 0x00, 0x00, 0x00, 0x00, 0x00, 0x00, 0x00, 0x00, 0x00, 0x00, 0x00, 0x00, 0x00, 0x00,
    0x00, 0x00, 0x00, 0x00, 0x00, 0x00, 0x00, 0x00, 0x00, 0x00, 0x00, 0x00, 0x00, 0x00, 0x00, 0x00, 0x00, 0x00, 0x00, 0x00, 0x00, 0x00, 0x00, 0x00,
    0x00, 0x00, 0x00, 0x00, 0x14, 0x13, 0x00, 0x00, 0x00, 0x00, 0x00, 0x00, 0x00, 0x00, 0x14, 0x16, 0x18, 0x18, 0x00, 0x00, 0x09, 0x09, 0x00, 0x00,
    0x18, 0x00, 0x00, 0x09, 0x00, 0x00, 0x00, 0x00, 0x09, 0x18, 0x00, 0x00, 0x00, 0x00, 0x00, 0x00, 0x00, 0x00, 0x00, 0x00, 0x00, 0x00, 0x00, 0x00,
    0x00, 0x00, 0x00, 0x00, 0x00, 0x00, 0x00, 0x00, 0x00, 0x00, 0x00, 0x00, 0x00, 0x00, 0x00, 0x00, 0x00, 0x00, 0x00, 0x00, 0x00, 0x00, 0x00, 0x00,
    0x00, 0x00, 0x00, 0x00, 0x00, 0x00, 0x00, 0x00, 0x00, 0x00, 0x00, 0x00, 0x00, 0x00, 0x00, 0x00, 0x00, 0x00, 0x00, 0x00, 0x00, 0x00, 0x00, 0x00,
    0x00, 0x00, 0x00, 0x00, 0x00, 0x00, 0x00, 0x00, 0x09, 0x09, 0x00, 0x00, 0x00, 0x00, 0x00, 0x00, 0x00, 0x00, 0x00, 0x00, 0x16, 0x18, 0x18, 0x00,
    0x09, 0x09, 0x00, 0x00, 0x16, 0x18, 0x00, 0x09, 0x09, 0x00, 0x00, 0x09, 0x09, 0x00, 0x00, 0x00, 0x00, 0x00, 0x00, 0x00, 0x00, 0x00, 0x00, 0x00,
    0x00, 0x00, 0x00, 0x00, 0x00, 0x00, 0x00, 0x00, 0x00, 0x00, 0x00, 0x00, 0x00, 0x00, 0x00, 0x00, 0x00, 0x00, 0x00, 0x00, 0x00, 0x00, 0x00, 0x00,
    0x00, 0x00, 0x00, 0x00, 0x00, 0x00, 0x00, 0x00, 0x00, 0x00, 0x00, 0x00, 0x00, 0x00, 0x00, 0x00, 0x00, 0x00, 0x00, 0x00, 0x00, 0x00, 0x00, 0x00,
    0x00, 0x00, 0x00, 0x00, 0x00, 0x00, 0x00, 0x00, 0x00, 0x00, 0x00, 0x00, 0x00, 0x09, 0x09, 0x00, 0x00, 0x00, 0x00, 0x00, 0x00, 0x00, 0x00, 0x00,
    0x00, 0x16, 0x17, 0x14, 0x09, 0x09, 0x00, 0x00, 0x16, 0x18, 0x00, 0x00, 0x09, 0x09, 0x09, 0x09, 0x00, 0x00, 0x00, 0x00, 0x00, 0x00, 0x00, 0x00,
    0x00, 0x00, 0x00, 0x00, 0x00, 0x00, 0x00, 0x00, 0x00, 0x00, 0x00, 0x00, 0x00, 0x00, 0x00, 0x00, 0x00, 0x00, 0x00, 0x00, 0x00, 0x00, 0x00, 0x00,
    0x00, 0x00, 0x00, 0x00, 0x00, 0x00, 0x00, 0x00, 0x00, 0x00, 0x00, 0x00, 0x00, 0x00, 0x00, 0x00, 0x00, 0x00, 0x00, 0x00, 0x00, 0x00, 0x00, 0x00,
    0x00, 0x00, 0x00, 0x00, 0x00, 0x00, 0x00, 0x00, 0x00, 0x00, 0x00, 0x00, 0x00, 0x00, 0x00, 0x00, 0x00, 0x00, 0x09, 0x09, 0x00, 0x00, 0x00, 0x00,
    0x00, 0x00, 0x00, 0x00, 0x00, 0x00, 0x00, 0x14, 0x18, 0x09, 0x00, 0x00, 0x16, 0x18, 0x00, 0x00, 0x00, 0x09, 0x09, 0x00, 0x00, 0x00, 0x00, 0x00,
    0x00, 0x00, 0x00, 0x00, 0x00, 0x00, 0x00, 0x00, 0x00, 0x00, 0x00, 0x00, 0x00, 0x00, 0x00, 0x00, 0x00, 0x00, 0x00, 0x00, 0x00, 0x00, 0x00, 0x00,
    0x00, 0x00, 0x00, 0x00, 0x00, 0x00, 0x00, 0x00, 0x00, 0x00, 0x00, 0x00, 0x00, 0x00, 0x00, 0x00, 0x00, 0x00, 0x00, 0x00, 0x00, 0x00, 0x00, 0x00,
    0x00, 0x00, 0x00, 0x00, 0x00, 0x00, 0x00, 0x00, 0x00, 0x00, 0x00, 0x00, 0x00, 0x00, 0x00, 0x00, 0x00, 0x00, 0x00, 0x00, 0x00, 0x00, 0x09, 0x09,
    0x00, 0x00, 0x00, 0x00, 0x00, 0x00, 0x00, 0x00, 0x00, 0x00, 0x00, 0x00, 0x00, 0x00, 0x00, 0x00, 0x16, 0x18, 0x00, 0x00, 0x00, 0x00, 0x00, 0x00,
    0x00, 0x00, 0x00, 0x00, 0x00, 0x00, 0x00, 0x00, 0x00, 0x00, 0x00, 0x00, 0x00, 0x00, 0x00, 0x00, 0x00, 0x00, 0x00, 0x00, 0x00, 0x00, 0x00, 0x00,
    0x00, 0x00, 0x00, 0x00, 0x00, 0x00, 0x00, 0x00, 0x00, 0x00, 0x00, 0x00, 0x00, 0x00, 0x00, 0x00, 0x00, 0x00, 0x00, 0x00, 0x00, 0x00, 0x00, 0x00,
    0x00, 0x00, 0x00, 0x00, 0x00, 0x00, 0x00, 0x00, 0x00, 0x00, 0x00, 0x00, 0x00, 0x00, 0x00, 0x00, 0x00, 0x00, 0x00, 0x00, 0x00, 0x00, 0x00, 0x00,
    0x00, 0x00, 0x00, 0x09, 0x09, 0x00, 0x00, 0x00, 0x00, 0x00, 0x00, 0x00, 0x00, 0x00, 0x00, 0x00, 0x00, 0x00, 0x00, 0x00, 0x00, 0x16, 0x18, 0x00,
    0x00, 0x00, 0x00, 0x00, 0x00, 0x00, 0x00, 0x00, 0x00, 0x00, 0x00, 0x00, 0x00, 0x00, 0x00, 0x00, 0x00, 0x00, 0x00, 0x00, 0x00, 0x00, 0x00, 0x00,
    0x00, 0x00, 0x00, 0x00, 0x00, 0x00, 0x00, 0x00, 0x00, 0x00, 0x00, 0x00, 0x00, 0x00, 0x00, 0x00, 0x00, 0x00, 0x00, 0x00, 0x00, 0x00, 0x00, 0x00,
    0x00, 0x00, 0x00, 0x00, 0x00, 0x00, 0x00, 0x00, 0x00, 0x00, 0x00, 0x00, 0x00, 0x00, 0x00, 0x00, 0x00, 0x00, 0x00, 0x00, 0x00, 0x00, 0x00, 0x00,
    0x00, 0x00, 0x00, 0x00, 0x00, 0x00, 0x00, 0x00, 0x09, 0x09, 0x00, 0x00, 0x00, 0x00, 0x00, 0x09, 0x09, 0x00, 0x00, 0x00, 0x00, 0x00, 0x00, 0x00,
    0x00, 0x16, 0x18, 0x00, 0x00, 0x00, 0x00, 0x00, 0x00, 0x00, 0x00, 0x00, 0x00, 0x00, 0x00, 0x00, 0x00, 0x00, 0x00, 0x00, 0x00, 0x00, 0x00, 0x00,
    0x00, 0x00, 0x00, 0x00, 0x00, 0x00, 0x00, 0x00, 0x00, 0x00, 0x00, 0x00, 0x00, 0x00, 0x00, 0x00, 0x00, 0x00, 0x00, 0x00, 0x00, 0x00, 0x00, 0x00,
    0x00, 0x00, 0x00, 0x00, 0x00, 0x00, 0x00, 0x00, 0x00, 0x00, 0x00, 0x00, 0x00, 0x00, 0x00, 0x00, 0x00, 0x00, 0x00, 0x00, 0x00, 0x00, 0x00, 0x00,
    0x00, 0x00, 0x00, 0x00, 0x00, 0x00, 0x00, 0x00, 0x00, 0x00, 0x00, 0x00, 0x00, 0x09, 0x09, 0x00, 0x00, 0x00, 0x00, 0x18, 0x09, 0x09, 0x09, 0x00,
    0x00, 0x00, 0x00, 0x00, 0x00, 0x09, 0x18, 0x00, 0x00, 0x00, 0x00, 0x00, 0x00, 0x00, 0x00, 0x00, 0x00, 0x00, 0x00, 0x00, 0x00, 0x00, 0x00, 0x00,
    0x00, 0x00, 0x00, 0x00, 0x00, 0x00, 0x00, 0x00, 0x00, 0x00, 0x00, 0x00, 0x00, 0x00, 0x00, 0x00, 0x00, 0x00, 0x00, 0x00, 0x00, 0x00, 0x00, 0x00,
    0x00, 0x00, 0x00, 0x00, 0x00, 0x00, 0x00, 0x00, 0x00, 0x00, 0x00, 0x00, 0x00, 0x00, 0x00, 0x00, 0x00, 0x00, 0x00, 0x00, 0x00, 0x00, 0x00, 0x00,
    0x00, 0x00, 0x00, 0x00, 0x00, 0x00, 0x00, 0x00, 0x00, 0x00, 0x00, 0x00, 0x00, 0x00, 0x00, 0x00, 0x00, 0x09, 0x09, 0x00, 0x00, 0x00, 0x00, 0x16,
    0x18, 0x00, 0x09, 0x09, 0x00, 0x00, 0x00, 0x00, 0x09, 0x09, 0x00, 0x00, 0x00, 0x00, 0x00, 0x00, 0x00, 0x00, 0x00, 0x00, 0x00, 0x00, 0x00, 0x00,
    0x00, 0x00, 0x00, 0x00, 0x00, 0x00, 0x00, 0x00, 0x00, 0x00, 0x00, 0x00, 0x00, 0x00, 0x00, 0x00, 0x00, 0x00, 0x00, 0x00, 0x00, 0x00, 0x00, 0x00,
    0x00, 0x00, 0x00, 0x00, 0x00, 0x00, 0x00, 0x00, 0x00, 0x00, 0x00, 0x00, 0x00, 0x00, 0x00, 0x00, 0x00, 0x00, 0x00, 0x00, 0x00, 0x00, 0x00, 0x00,
    0x00, 0x00, 0x00, 0x00, 0x00, 0x00, 0x00, 0x00, 0x00, 0x00, 0x00, 0x00, 0x00, 0x00, 0x00, 0x00, 0x00, 0x00, 0x00, 0x00, 0x00, 0x00, 0x09, 0x09,
    0x00, 0x00, 0x00, 0x00, 0x16, 0x18, 0x00, 0x09, 0x09, 0x09, 0x00, 0x09, 0x09, 0x00, 0x00, 0x00, 0x00, 0x00, 0x00, 0x00, 0x00, 0x00, 0x00, 0x00,
    0x00, 0x00, 0x00, 0x00, 0x00, 0x00, 0x00, 0x00, 0x00, 0x00, 0x00, 0x00, 0x00, 0x00, 0x00, 0x00, 0x00, 0x00, 0x00, 0x00, 0x00, 0x00, 0x00, 0x00,
    0x00, 0x00, 0x00, 0x00, 0x00, 0x00, 0x00, 0x00, 0x00, 0x00, 0x00, 0x00, 0x00, 0x00, 0x00, 0x00, 0x00, 0x00, 0x00, 0x00, 0x00, 0x00, 0x00, 0x00,
    0x00, 0x00, 0x00, 0x00, 0x00, 0x00, 0x00, 0x00, 0x00, 0x00, 0x00, 0x00, 0x00, 0x00, 0x00, 0x00, 0x00, 0x00, 0x00, 0x00, 0x00, 0x00, 0x00, 0x00,
    0x00, 0x00, 0x09, 0x09, 0x00, 0x00, 0x00, 0x00, 0x16, 0x18, 0x00, 0x00, 0x00, 0x09, 0x09, 0x09, 0x00, 0x00, 0x00, 0x00, 0x00, 0x00, 0x00, 0x00,
    0x00, 0x00, 0x00, 0x00, 0x00, 0x00, 0x00, 0x00, 0x00, 0x00, 0x00, 0x00, 0x00, 0x00, 0x00, 0x00, 0x00, 0x00, 0x00, 0x00, 0x00, 0x00, 0x00, 0x00,
    0x00, 0x00, 0x00, 0x00, 0x00, 0x00, 0x00, 0x00, 0x00, 0x00, 0x00, 0x00, 0x00, 0x00, 0x00, 0x00, 0x00, 0x00, 0x00, 0x00, 0x00, 0x00, 0x00, 0x00,
    0x00, 0x00, 0x00, 0x00, 0x00, 0x00, 0x00, 0x00, 0x00, 0x00, 0x00, 0x00, 0x00, 0x00, 0x00, 0x00, 0x00, 0x00, 0x00, 0x00, 0x00, 0x00, 0x00, 0x00,
    0x00, 0x00, 0x00, 0x00, 0x00, 0x00, 0x00, 0x09, 0x09, 0x00, 0x00, 0x00, 0x00, 0x16, 0x18, 0x00, 0x00, 0x00, 0x09, 0x00, 0x00, 0x00, 0x00, 0x00,
    0x00, 0x00, 0x00, 0x00, 0x00, 0x00, 0x00, 0x00, 0x00, 0x00, 0x00, 0x00, 0x00, 0x00, 0x00, 0x00, 0x00, 0x00, 0x00, 0x00, 0x00, 0x00, 0x00, 0x00,
    0x00, 0x00, 0x00, 0x00, 0x00, 0x00, 0x00, 0x00, 0x00, 0x00, 0x00, 0x00, 0x00, 0x00, 0x00, 0x00, 0x00, 0x00, 0x00, 0x00, 0x00, 0x00, 0x00, 0x00,
    0x00, 0x00, 0x00, 0x00, 0x00, 0x00, 0x00, 0x00, 0x00, 0x00, 0x00, 0x00, 0x00, 0x00, 0x00, 0x00, 0x00, 0x00, 0x00, 0x00, 0x00, 0x00, 0x00, 0x00,
    0x00, 0x00, 0x00, 0x00, 0x00, 0x00, 0x00, 0x00, 0x00, 0x00, 0x00, 0x00, 0x09, 0x09, 0x00, 0x00, 0x00, 0x00, 0x16, 0x18, 0x00, 0x00, 0x00, 0x00,
    0x00, 0x00, 0x00, 0x00, 0x00, 0x00, 0x00, 0x00, 0x00, 0x00, 0x00, 0x00, 0x00, 0x00, 0x00, 0x00, 0x00, 0x00, 0x00, 0x00, 0x00, 0x00, 0x00, 0x00,
    0x00, 0x00, 0x00, 0x00, 0x00, 0x00, 0x00, 0x00, 0x00, 0x00, 0x00, 0x00, 0x00, 0x00, 0x00, 0x00, 0x00, 0x00, 0x00, 0x00, 0x00, 0x00, 0x00, 0x00,
    0x00, 0x00, 0x00, 0x00, 0x00, 0x00, 0x00, 0x00, 0x00, 0x00, 0x00, 0x00, 0x00, 0x00, 0x00, 0x00, 0x00, 0x00, 0x00, 0x00, 0x00, 0x00, 0x00, 0x00,
    0x00, 0x00, 0x00, 0x00, 0x00, 0x00, 0x00, 0x00, 0x00, 0x00, 0x00, 0x00, 0x00, 0x00, 0x00, 0x00, 0x09, 0x09, 0x00, 0x00, 0x00, 0x00, 0x00, 0x16,
    0x18, 0x00, 0x00, 0x00, 0x00, 0x00, 0x00, 0x00, 0x00, 0x00, 0x00, 0x00, 0x00, 0x00, 0x00, 0x00, 0x00, 0x00, 0x00, 0x00, 0x00, 0x00, 0x00, 0x00,
    0x00, 0x00, 0x00, 0x00, 0x00, 0x00, 0x00, 0x00, 0x00, 0x00, 0x00, 0x00, 0x00, 0x00, 0x00, 0x00, 0x00, 0x00, 0x00, 0x00, 0x00, 0x00, 0x00, 0x00,
    0x00, 0x00, 0x00, 0x00, 0x00, 0x00, 0x00, 0x00, 0x00, 0x00, 0x00, 0x00, 0x00, 0x00, 0x00, 0x00, 0x00, 0x00, 0x00, 0x00, 0x00, 0x00, 0x00, 0x00,
    0x00, 0x00, 0x00, 0x00, 0x00, 0x00, 0x00, 0x00, 0x00, 0x00, 0x00, 0x00, 0x00, 0x00, 0x00, 0x00, 0x00, 0x00, 0x00, 0x00, 0x00, 0x09, 0x09, 0x00,
    0x00, 0x00, 0x09, 0x09, 0x00, 0x00, 0x00, 0x00, 0x00, 0x00, 0x00, 0x00, 0x00, 0x00, 0x00, 0x00, 0x00, 0x00, 0x00, 0x00, 0x00, 0x00, 0x00, 0x00,
    0x00, 0x00, 0x00, 0x00, 0x00, 0x00, 0x00, 0x00, 0x00, 0x00, 0x00, 0x00, 0x00, 0x00, 0x00, 0x00, 0x00, 0x00, 0x00, 0x00, 0x00, 0x00, 0x00, 0x00,
    0x00, 0x00, 0x00, 0x00, 0x00, 0x00, 0x00, 0x00, 0x00, 0x00, 0x00, 0x00, 0x00, 0x00, 0x00, 0x00, 0x00, 0x00, 0x00, 0x00, 0x00, 0x00, 0x00, 0x00,
    0x00, 0x00, 0x00, 0x00, 0x00, 0x00, 0x00, 0x00, 0x00, 0x00, 0x00, 0x00, 0x00, 0x00, 0x00, 0x00, 0x00, 0x00, 0x00, 0x00, 0x00, 0x00, 0x00, 0x00,
    0x00, 0x00, 0x09, 0x00, 0x00, 0x09, 0x09, 0x00, 0x00, 0x00, 0x00, 0x00, 0x00, 0x00, 0x00, 0x00, 0x00, 0x00, 0x00, 0x00, 0x00, 0x00, 0x00, 0x00,
    0x00, 0x00, 0x00, 0x00, 0x00, 0x00, 0x00, 0x00, 0x00, 0x00, 0x00, 0x00, 0x00, 0x00, 0x00, 0x00, 0x00, 0x00, 0x00, 0x00, 0x00, 0x00, 0x00, 0x00,
    0x00, 0x00, 0x00, 0x00, 0x00, 0x00, 0x00, 0x00, 0x00, 0x00, 0x00, 0x00, 0x00, 0x00, 0x00, 0x00, 0x00, 0x00, 0x00, 0x00, 0x00, 0x00, 0x00, 0x00,
    0x00, 0x00, 0x00, 0x00, 0x00, 0x00, 0x00, 0x00, 0x00, 0x00, 0x00, 0x00, 0x00, 0x00, 0x00, 0x00, 0x00, 0x00, 0x00, 0x00, 0x00, 0x00, 0x00, 0x00,
    0x00, 0x00, 0x00, 0x00, 0x00, 0x00, 0x09, 0x09, 0x09, 0x09, 0x00, 0x00, 0x00, 0x00, 0x00, 0x00, 0x00, 0x00, 0x00, 0x00, 0x00, 0x00, 0x00, 0x00,
    0x00, 0x00, 0x00, 0x00, 0x00, 0x00, 0x00, 0x00, 0x00, 0x00, 0x00, 0x00, 0x00, 0x00, 0x00, 0x00, 0x00, 0x00, 0x00, 0x00, 0x00, 0x00, 0x00, 0x00,
    0x00, 0x00, 0x00, 0x00, 0x00, 0x00, 0x00, 0x00, 0x00, 0x00, 0x00, 0x00, 0x00, 0x00, 0x00, 0x00, 0x00, 0x00, 0x00, 0x00, 0x00, 0x00, 0x00, 0x00,
    0x00, 0x00, 0x00, 0x00, 0x00, 0x00, 0x00, 0x00, 0x00, 0x00, 0x00, 0x00, 0x00, 0x00, 0x00, 0x00, 0x00, 0x00, 0x00, 0x00, 0x00, 0x00, 0x00, 0x00,
    0x00, 0x00, 0x00, 0x00, 0x00, 0x00, 0x00, 0x00, 0x00, 0x00, 0x00, 0x09, 0x09, 0x00, 0x00, 0x00, 0x00, 0x00, 0x00, 0x00, 0x00, 0x00, 0x00, 0x00,
    0x00, 0x00, 0x00, 0x00, 0x00, 0x00, 0x00, 0x00, 0x00, 0x00, 0x00, 0x00, 0x00, 0x00, 0x00, 0x00, 0x00, 0x00, 0x00, 0x00, 0x00, 0x00, 0x00, 0x00,
    0x00, 0x00, 0x00, 0x00, 0x00, 0x00, 0x00, 0x00, 0x00, 0x00, 0x00, 0x00, 0x00, 0x00, 0x00, 0x00, 0x00, 0x00, 0x00, 0x00, 0x00, 0x00, 0x00, 0x00,
    0x00, 0x00, 0x00, 0x00, 0x00, 0x00, 0x00, 0x00, 0x00, 0x00, 0x00, 0x00, 0x00, 0x00, 0x00, 0x00, 0x00, 0x00, 0x00, 0x00, 0x00, 0x00, 0x00, 0x00,
    0x00, 0x00, 0x00, 0x00,
};

static const wm_sports_background_image images[] = {
    {100, 100, sportbk_px_0},
    {100, 109, sportbk_px_1},
};

static const wm_sports_background_palette palettes[] = {
    {"SPORTBK", sportbk_opaque, sportbk_keyed, 29},
    {"SPORTBK_P", sportbk_p_opaque, sportbk_p_keyed, 19},
};

size_t wm_sports_background_image_count(void) { return sizeof(images)/sizeof(images[0]); }
const wm_sports_background_image *wm_sports_background_image_at(size_t index) {
    return index < wm_sports_background_image_count() ? &images[index] : 0;
}
size_t wm_sports_background_palette_count(void) { return sizeof(palettes)/sizeof(palettes[0]); }
const wm_sports_background_palette *wm_sports_background_palette_at(size_t index) {
    return index < wm_sports_background_palette_count() ? &palettes[index] : 0;
}
